Number;DT1;DT2;DT3;DT4;DT5;DT6;DT7;DT8;Time
8;27.2819;26.8085;-256.751;-256.246;-256.715;-256.919;-256.942;-255.964;14:23:33
9;27.2663;26.8007;-256.747;-256.246;-256.7;-256.911;-256.942;-255.956;14:23:33
10;27.2585;26.7929;-256.747;-256.246;-256.7;-256.919;-256.95;-255.964;14:23:34
11;27.2506;26.785;-256.747;-256.25;-256.7;-256.919;-256.942;-255.964;14:23:34
12;27.2428;26.785;-256.743;-256.246;-256.7;-256.919;-256.95;-255.964;14:23:35
13;27.2272;26.7772;-256.747;-256.246;-256.7;-256.911;-256.942;-255.956;14:23:35
14;27.2272;26.7694;-256.747;-256.246;-256.7;-256.919;-256.942;-255.964;14:23:36
15;27.2193;26.7616;-256.747;-256.25;-256.7;-256.919;-256.95;-255.972;14:23:36
16;27.2193;26.7537;-256.747;-256.25;-256.7;-256.919;-256.942;-255.964;14:23:37
17;27.2037;26.7381;-256.747;-256.246;-256.7;-256.919;-256.95;-255.964;14:23:37
18;27.1959;26.7381;-256.743;-256.25;-256.692;-256.919;-256.942;-255.964;14:23:38
19;27.188;26.7303;-256.747;-256.246;-256.7;-256.919;-256.95;-255.964;14:23:38
20;27.1724;26.7224;-256.747;-256.246;-256.7;-256.911;-256.942;-255.964;14:23:39
21;27.1724;26.7068;-256.747;-256.25;-256.708;-256.919;-256.942;-255.964;14:23:39
22;27.1567;26.6911;-256.747;-256.246;-256.7;-256.919;-256.942;-255.956;14:23:40
23;27.1567;26.7068;-256.747;-256.246;-256.7;-256.919;-256.942;-255.964;14:23:40
24;27.1489;26.6911;-256.743;-256.246;-256.7;-256.919;-256.942;-255.956;14:23:41
25;27.145;26.6833;-256.747;-256.25;-256.7;-256.919;-256.95;-255.964;14:23:41
26;27.1411;26.6833;-256.747;-256.246;-256.7;-256.919;-256.935;-255.956;14:23:42
27;27.1372;26.6833;-256.747;-256.25;-256.7;-256.919;-256.942;-255.964;14:23:42
28;27.1333;26.6755;-256.743;-256.246;-256.7;-256.927;-256.942;-255.956;14:23:43
29;27.1333;26.6677;-256.747;-256.246;-256.708;-256.919;-256.942;-255.964;14:23:43
30;27.1293;26.652;-256.747;-256.246;-256.7;-256.911;-256.942;-255.956;14:23:44
31;27.1215;26.652;-256.743;-256.246;-256.7;-256.927;-256.95;-255.956;14:23:44
32;27.1059;26.6442;-256.747;-256.246;-256.708;-256.919;-256.942;-255.964;14:23:45
33;27.098;26.6364;-256.747;-256.246;-256.7;-256.927;-256.942;-255.956;14:23:45
34;27.0902;26.6364;-256.743;-256.25;-256.7;-256.911;-256.935;-255.964;14:23:46
35;27.0902;26.6285;-256.747;-256.242;-256.7;-256.919;-256.942;-255.956;14:23:46
36;27.0902;26.6364;-256.747;-256.246;-256.7;-256.919;-256.95;-255.964;14:23:47
37;27.098;26.6364;-256.747;-256.242;-256.7;-256.919;-256.942;-255.956;14:23:47
38;27.1137;26.652;-256.743;-256.246;-256.7;-256.919;-256.942;-255.964;14:23:48
39;27.1293;26.6677;-256.739;-256.246;-256.7;-256.919;-256.95;-255.956;14:23:48
40;27.145;26.6755;-256.747;-256.246;-256.7;-256.919;-256.95;-255.964;14:23:49
41;27.1646;26.7068;-256.743;-256.246;-256.708;-256.911;-256.942;-255.964;14:23:49
42;27.2037;26.7303;-256.747;-256.25;-256.7;-256.927;-256.942;-255.956;14:23:50
43;27.235;26.7537;-256.743;-256.246;-256.708;-256.911;-256.95;-255.956;14:23:50
44;27.2741;26.7929;-256.747;-256.25;-256.708;-256.919;-256.942;-255.964;14:23:51
45;27.3211;26.8203;-256.743;-256.246;-256.7;-256.919;-256.942;-255.964;14:23:51
46;27.3524;26.832;-256.747;-256.25;-256.7;-256.919;-256.95;-255.964;14:23:52
47;27.3876;26.8594;-256.747;-256.25;-256.7;-256.919;-256.95;-255.956;14:23:52
48;27.4267;26.8985;-256.743;-256.25;-256.692;-256.911;-256.95;-255.972;14:23:53
49;27.4736;26.9298;-256.743;-256.25;-256.708;-256.919;-256.958;-255.964;14:23:53
50;27.5128;26.9611;-256.747;-256.25;-256.7;-256.919;-256.95;-255.964;14:23:54
51;27.5636;27.0002;-256.743;-256.246;-256.692;-256.911;-256.95;-255.964;14:23:54
52;27.5949;27.0354;-256.743;-256.25;-256.7;-256.919;-256.95;-255.964;14:23:55
53;27.6575;27.0628;-256.747;-256.246;-256.7;-256.911;-256.958;-255.972;14:23:55
54;27.7045;27.098;-256.747;-256.25;-256.692;-256.919;-256.942;-255.964;14:23:56
55;27.7514;27.1372;-256.747;-256.25;-256.708;-256.903;-256.958;-255.956;14:23:56
56;27.7866;27.1685;-256.743;-256.25;-256.692;-256.911;-256.95;-255.956;14:23:57
57;27.8258;27.1998;-256.747;-256.246;-256.7;-256.911;-256.95;-255.964;14:23:57
58;27.8649;27.2311;-256.747;-256.25;-256.7;-256.903;-256.95;-255.964;14:23:58
59;27.9275;27.2585;-256.747;-256.246;-256.7;-256.911;-256.958;-255.956;14:23:58
60;27.951;27.2976;-256.747;-256.25;-256.692;-256.911;-256.95;-255.964;14:23:59
61;28.0018;27.3289;-256.747;-256.246;-256.708;-256.895;-256.95;-255.956;14:23:59
62;28.041;27.368;-256.751;-256.25;-256.708;-256.903;-256.942;-255.964;14:24:00
63;28.1036;27.4071;-256.747;-256.246;-256.7;-256.903;-256.958;-255.956;14:24:00
64;28.1505;27.4345;-256.747;-256.25;-256.7;-256.911;-256.942;-255.964;14:24:01
65;28.1896;27.458;-256.743;-256.246;-256.708;-256.903;-256.95;-255.956;14:24:01
66;28.2405;27.5049;-256.747;-256.25;-256.708;-256.911;-256.942;-255.956;14:24:02
67;28.2953;27.5362;-256.747;-256.25;-256.7;-256.911;-256.95;-255.956;14:24:02
68;28.3579;27.5832;-256.747;-256.246;-256.7;-256.911;-256.942;-255.956;14:24:03
69;28.3931;27.6223;-256.727;-256.25;-256.7;-256.919;-256.942;-255.964;14:24:03
70;28.4479;27.6497;-256.735;-256.25;-256.7;-256.911;-256.942;-255.956;14:24:04
71;28.4948;27.681;-256.735;-256.25;-256.708;-256.911;-256.95;-255.964;14:24:04
72;28.5496;27.728;-256.735;-256.254;-256.692;-256.911;-256.942;-255.956;14:24:05
73;28.6044;27.7593;-256.735;-256.25;-256.7;-256.903;-256.95;-255.964;14:24:05
74;28.6474;27.7906;-256.727;-256.25;-256.692;-256.911;-256.942;-255.964;14:24:06
75;28.6943;27.8258;-256.735;-256.246;-256.7;-256.911;-256.942;-255.964;14:24:06
76;28.7413;27.8492;-256.735;-256.25;-256.7;-256.911;-256.942;-255.964;14:24:07
77;28.7882;27.8962;-256.727;-256.246;-256.7;-256.911;-256.942;-255.964;14:24:07
78;28.8274;27.9431;-256.727;-256.25;-256.7;-256.911;-256.942;-255.956;14:24:08
79;28.8782;27.9744;-256.727;-256.25;-256.7;-256.911;-256.942;-255.964;14:24:08
80;28.933;28.0136;-256.735;-256.246;-256.708;-256.911;-256.942;-255.964;14:24:09
81;28.976;28.041;-256.735;-256.25;-256.708;-256.919;-256.942;-255.964;14:24:09
82;29.0191;28.0723;-256.735;-256.246;-256.7;-256.911;-256.942;-255.964;14:24:10
83;29.0621;28.1114;-256.727;-256.25;-256.708;-256.911;-256.95;-255.972;14:24:10
84;29.1169;28.1505;-256.735;-256.246;-256.7;-256.911;-256.95;-255.956;14:24:11
85;29.1717;28.1975;-256.735;-256.246;-256.7;-256.911;-256.942;-255.972;14:24:11
86;29.2147;28.2209;-256.735;-256.254;-256.7;-256.919;-256.958;-255.964;14:24:12
87;29.2695;28.2561;-256.727;-256.246;-256.708;-256.903;-256.958;-255.972;14:24:12
88;29.3086;28.2874;-256.735;-256.25;-256.7;-256.911;-256.95;-255.964;14:24:13
89;29.3634;28.3266;-256.735;-256.246;-256.7;-256.911;-256.958;-255.964;14:24:13
90;29.4025;28.3579;-256.735;-256.25;-256.7;-256.911;-256.942;-255.964;14:24:14
91;29.4338;28.3892;-256.727;-256.246;-256.7;-256.911;-256.958;-255.956;14:24:14
92;29.4769;28.4244;-256.735;-256.25;-256.692;-256.911;-256.95;-255.964;14:24:15
93;29.5238;28.4439;-256.727;-256.25;-256.708;-256.911;-256.95;-255.964;14:24:15
94;29.5629;28.4792;-256.735;-256.25;-256.7;-256.919;-256.95;-255.964;14:24:16
95;29.6177;28.5183;-256.727;-256.25;-256.7;-256.903;-256.95;-255.964;14:24:16
96;29.6568;28.5496;-256.727;-256.254;-256.7;-256.919;-256.942;-255.956;14:24:17
97;29.692;28.5965;-256.735;-256.246;-256.708;-256.911;-256.95;-255.964;14:24:17
98;29.7468;28.6278;-256.727;-256.25;-256.7;-256.911;-256.942;-255.964;14:24:18
99;29.7938;28.6591;-256.727;-256.25;-256.7;-256.911;-256.95;-255.964;14:24:18
100;29.8368;28.6787;-256.727;-256.25;-256.7;-256.911;-256.95;-255.964;14:24:19
101;29.8759;28.7256;-256.727;-256.246;-256.7;-256.911;-256.95;-255.964;14:24:19
102;29.9229;28.7569;-256.727;-256.25;-256.7;-256.911;-256.95;-255.964;14:24:20
103;29.9777;28.7961;-256.727;-256.25;-256.7;-256.911;-256.95;-255.964;14:24:20
104;30.0246;28.8352;-256.735;-256.25;-256.692;-256.919;-256.95;-255.964;14:24:21
105;30.052;28.8626;-256.727;-256.246;-256.7;-256.911;-256.942;-255.964;14:24:21
106;30.0911;28.9017;-256.735;-256.254;-256.7;-256.911;-256.95;-255.964;14:24:22
107;30.1381;28.9252;-256.735;-256.25;-256.692;-256.911;-256.95;-255.964;14:24:22
108;30.1694;28.9565;-256.735;-256.25;-256.7;-256.919;-256.942;-255.964;14:24:23
109;30.2007;28.9721;-256.735;-256.246;-256.7;-256.903;-256.942;-255.956;14:24:23
110;30.2085;28.9878;-256.735;-256.25;-256.7;-256.919;-256.942;-255.964;14:24:24
111;30.2398;28.9956;-256.735;-256.25;-256.708;-256.911;-256.942;-255.956;14:24:24
112;30.2437;29.0191;-256.735;-256.254;-256.7;-256.911;-256.95;-255.964;14:24:25
113;30.2476;29.0269;-256.735;-256.25;-256.708;-256.911;-256.95;-255.956;14:24:25
114;30.2476;29.0308;-256.735;-256.254;-256.7;-256.911;-256.935;-255.964;14:24:26
115;30.2515;29.0308;-256.743;-256.25;-256.7;-256.919;-256.958;-255.956;14:24:26
116;30.2515;29.0308;-256.735;-256.25;-256.7;-256.911;-256.95;-255.956;14:24:27
117;30.2554;29.0308;-256.743;-256.25;-256.7;-256.903;-256.942;-255.964;14:24:27
118;30.2476;29.0269;-256.735;-256.25;-256.7;-256.911;-256.942;-255.964;14:24:28
119;30.2476;29.0269;-256.735;-256.25;-256.7;-256.911;-256.95;-255.956;14:24:28
120;30.2476;29.0191;-256.735;-256.25;-256.692;-256.903;-256.942;-255.964;14:24:29
121;30.2437;29.0191;-256.735;-256.25;-256.7;-256.911;-256.95;-255.956;14:24:29
122;30.232;29.0034;-256.743;-256.254;-256.7;-256.919;-256.942;-255.956;14:24:30
123;30.232;29.0034;-256.735;-256.25;-256.7;-256.903;-256.95;-255.956;14:24:30
124;30.2241;28.9956;-256.735;-256.258;-256.708;-256.911;-256.942;-255.964;14:24:31
125;30.2163;28.9878;-256.735;-256.25;-256.7;-256.903;-256.942;-255.964;14:24:31
126;30.1928;28.9721;-256.735;-256.25;-256.7;-256.911;-256.942;-255.964;14:24:32
127;30.1928;28.9721;-256.743;-256.246;-256.7;-256.903;-256.95;-255.964;14:24:32
128;30.1772;28.9565;-256.735;-256.25;-256.7;-256.919;-256.942;-255.972;14:24:33
129;30.1615;28.9565;-256.735;-256.246;-256.708;-256.911;-256.95;-255.964;14:24:33
130;30.1537;28.9408;-256.743;-256.25;-256.7;-256.911;-256.95;-255.972;14:24:34
131;30.1381;28.933;-256.735;-256.246;-256.708;-256.919;-256.95;-255.964;14:24:34
132;30.1224;28.9095;-256.735;-256.25;-256.7;-256.919;-256.95;-255.972;14:24:35
133;30.0989;28.9095;-256.735;-256.25;-256.7;-256.911;-256.942;-255.964;14:24:35
134;30.0755;28.9017;-256.735;-256.25;-256.708;-256.919;-256.95;-255.972;14:24:36
135;30.052;28.8861;-256.735;-256.25;-256.7;-256.911;-256.958;-255.964;14:24:36
136;30.0481;28.8782;-256.743;-256.25;-256.7;-256.911;-256.95;-255.964;14:24:37
137;30.0285;28.8665;-256.735;-256.25;-256.7;-256.911;-256.95;-255.964;14:24:37
138;30.009;28.8626;-256.735;-256.25;-256.7;-256.919;-256.942;-255.972;14:24:38
139;29.9933;28.8548;-256.735;-256.25;-256.708;-256.911;-256.95;-255.956;14:24:38
140;29.9777;28.8508;-256.747;-256.25;-256.7;-256.919;-256.935;-255.964;14:24:39
141;29.9464;28.843;-256.743;-256.25;-256.7;-256.911;-256.942;-255.956;14:24:39
142;29.9385;28.8274;-256.747;-256.25;-256.7;-256.911;-256.942;-255.964;14:24:40
143;29.8994;28.8195;-256.747;-256.25;-256.7;-256.919;-256.95;-255.956;14:24:40
144;29.8916;28.8195;-256.747;-256.246;-256.7;-256.919;-256.942;-255.964;14:24:41
145;29.8838;28.8195;-256.751;-256.246;-256.7;-256.911;-256.95;-255.964;14:24:41
146;29.8916;28.8274;-256.747;-256.25;-256.7;-256.911;-256.95;-255.964;14:24:42
147;29.8916;28.8352;-256.751;-256.25;-256.7;-256.911;-256.942;-255.964;14:24:42
148;29.8916;28.843;-256.747;-256.25;-256.7;-256.919;-256.942;-255.964;14:24:43
149;29.9072;28.8508;-256.747;-256.25;-256.7;-256.911;-256.942;-255.972;14:24:43
150;29.9151;28.8626;-256.747;-256.25;-256.7;-256.911;-256.942;-255.964;14:24:44
151;29.9464;28.8782;-256.747;-256.25;-256.7;-256.911;-256.95;-255.964;14:24:44
152;29.9698;28.8861;-256.743;-256.25;-256.708;-256.919;-256.95;-255.972;14:24:45
153;30.0011;28.9174;-256.747;-256.25;-256.708;-256.911;-256.95;-255.972;14:24:45
154;30.0285;28.9408;-256.747;-256.25;-256.7;-256.919;-256.95;-255.972;14:24:46
155;30.0403;28.9565;-256.747;-256.25;-256.708;-256.919;-256.95;-255.972;14:24:46
156;30.0598;28.9721;-256.747;-256.25;-256.708;-256.919;-256.942;-255.972;14:24:47
157;30.0676;28.9956;-256.743;-256.254;-256.708;-256.911;-256.95;-255.972;14:24:47
158;30.0755;28.9956;-256.747;-256.25;-256.692;-256.911;-256.942;-255.972;14:24:48
159;30.0833;29.0034;-256.743;-256.25;-256.708;-256.911;-256.95;-255.972;14:24:48
160;30.0755;29.0034;-256.743;-256.254;-256.7;-256.919;-256.935;-255.972;14:24:49
161;30.0755;29.0034;-256.743;-256.254;-256.708;-256.919;-256.942;-255.972;14:24:49
162;30.0833;29.0113;-256.743;-256.25;-256.7;-256.919;-256.942;-255.972;14:24:50
163;30.0755;29.0191;-256.735;-256.25;-256.708;-256.919;-256.95;-255.964;14:24:50
164;30.0676;29.0113;-256.735;-256.254;-256.708;-256.919;-256.942;-255.972;14:24:51
165;30.0598;29.0034;-256.743;-256.25;-256.7;-256.919;-256.95;-255.972;14:24:51
166;30.052;29.0034;-256.735;-256.265;-256.7;-256.919;-256.942;-255.972;14:24:52
167;30.0442;28.9956;-256.747;-256.25;-256.708;-256.919;-256.942;-255.972;14:24:52
168;30.0363;28.9878;-256.747;-256.254;-256.7;-256.911;-256.935;-255.972;14:24:53
169;30.0285;28.98;-256.743;-256.254;-256.708;-256.911;-256.95;-255.98;14:24:53
170;30.0246;28.9721;-256.747;-256.254;-256.7;-256.919;-256.935;-255.964;14:24:54
171;30.009;28.9643;-256.747;-256.25;-256.708;-256.911;-256.942;-255.972;14:24:54
172;29.9855;28.9487;-256.747;-256.25;-256.7;-256.919;-256.95;-255.972;14:24:55
173;29.9777;28.933;-256.735;-256.25;-256.708;-256.919;-256.942;-255.972;14:24:55
174;29.962;28.9174;-256.743;-256.254;-256.708;-256.919;-256.935;-255.972;14:24:56
175;29.9542;28.9095;-256.735;-256.25;-256.708;-256.911;-256.942;-255.972;14:24:56
176;29.9385;28.9017;-256.735;-256.25;-256.7;-256.919;-256.942;-255.964;14:24:57
177;29.9385;28.9095;-256.743;-256.25;-256.708;-256.919;-256.942;-255.972;14:24:57
178;29.9307;28.9017;-256.735;-256.254;-256.7;-256.919;-256.935;-255.972;14:24:58
179;29.9385;28.9174;-256.743;-256.254;-256.7;-256.903;-256.942;-255.972;14:24:58
180;29.9464;28.933;-256.743;-256.25;-256.708;-256.911;-256.935;-255.964;14:24:59
181;29.962;28.9408;-256.735;-256.25;-256.708;-256.911;-256.95;-255.972;14:24:59
182;29.9777;28.9565;-256.743;-256.254;-256.7;-256.911;-256.935;-255.964;14:25:00
183;30.009;28.9721;-256.727;-256.254;-256.7;-256.911;-256.942;-255.972;14:25:00
184;30.0246;28.9956;-256.735;-256.254;-256.7;-256.911;-256.942;-255.972;14:25:01
185;30.0403;29.0113;-256.743;-256.25;-256.7;-256.903;-256.95;-255.972;14:25:01
186;30.052;29.0308;-256.735;-256.262;-256.7;-256.911;-256.95;-255.972;14:25:02
187;30.0676;29.0347;-256.743;-256.254;-256.708;-256.911;-256.958;-255.964;14:25:02
188;30.0833;29.0386;-256.735;-256.254;-256.708;-256.911;-256.95;-255.972;14:25:03
189;30.0833;29.0386;-256.735;-256.254;-256.708;-256.911;-256.95;-255.964;14:25:03
190;30.0911;29.0426;-256.743;-256.254;-256.708;-256.911;-256.942;-255.964;14:25:04
191;30.0911;29.0386;-256.735;-256.262;-256.708;-256.911;-256.942;-255.972;14:25:04
192;30.0911;29.0386;-256.743;-256.254;-256.708;-256.911;-256.942;-255.972;14:25:05
193;30.0989;29.0386;-256.735;-256.25;-256.7;-256.911;-256.95;-255.964;14:25:05
194;30.0833;29.0347;-256.735;-256.254;-256.715;-256.919;-256.942;-255.972;14:25:06
195;30.0755;29.0308;-256.743;-256.25;-256.708;-256.911;-256.95;-255.964;14:25:06
196;30.0676;29.0191;-256.735;-256.254;-256.708;-256.919;-256.942;-255.972;14:25:07
197;30.052;29.0191;-256.735;-256.25;-256.708;-256.919;-256.958;-255.972;14:25:07
198;30.052;29.0113;-256.743;-256.254;-256.708;-256.919;-256.942;-255.964;14:25:08
199;30.0363;29.0034;-256.735;-256.25;-256.708;-256.911;-256.95;-255.972;14:25:08
200;30.0363;28.9956;-256.743;-256.254;-256.708;-256.919;-256.935;-255.964;14:25:09
201;30.0207;28.98;-256.735;-256.254;-256.7;-256.911;-256.942;-255.964;14:25:09
202;30.0168;28.98;-256.735;-256.25;-256.708;-256.919;-256.95;-255.964;14:25:10
203;29.9933;28.98;-256.727;-256.254;-256.708;-256.911;-256.942;-255.964;14:25:10
204;29.9855;28.9565;-256.727;-256.254;-256.708;-256.911;-256.942;-255.964;14:25:11
205;29.962;28.9487;-256.735;-256.254;-256.708;-256.911;-256.942;-255.964;14:25:11
206;29.9464;28.9408;-256.727;-256.25;-256.708;-256.911;-256.95;-255.964;14:25:12
207;29.9229;28.9252;-256.735;-256.25;-256.7;-256.903;-256.942;-255.972;14:25:12
208;29.9307;28.933;-256.727;-256.254;-256.7;-256.911;-256.942;-255.964;14:25:13
209;29.9307;28.9252;-256.735;-256.25;-256.7;-256.911;-256.95;-255.964;14:25:13
210;29.9385;28.933;-256.727;-256.254;-256.708;-256.919;-256.942;-255.964;14:25:14
211;29.9542;28.9487;-256.727;-256.25;-256.7;-256.911;-256.942;-255.964;14:25:14
212;29.962;28.9643;-256.727;-256.254;-256.708;-256.919;-256.942;-255.972;14:25:15
213;29.9933;28.98;-256.727;-256.25;-256.7;-256.919;-256.942;-255.956;14:25:15
214;30.009;29.0034;-256.727;-256.25;-256.7;-256.911;-256.942;-255.964;14:25:16
215;30.0207;29.0191;-256.727;-256.25;-256.7;-256.919;-256.942;-255.972;14:25:16
216;30.0403;29.0308;-256.727;-256.254;-256.708;-256.919;-256.95;-255.964;14:25:17
217;30.0598;29.0426;-256.727;-256.25;-256.7;-256.927;-256.942;-255.972;14:25:17
218;30.0676;29.0465;-256.743;-256.254;-256.708;-256.919;-256.942;-255.956;14:25:18
219;30.0833;29.0543;-256.747;-256.254;-256.708;-256.919;-256.942;-255.972;14:25:18
220;30.0833;29.0543;-256.747;-256.25;-256.708;-256.919;-256.935;-255.964;14:25:19
221;30.0833;29.0621;-256.747;-256.254;-256.7;-256.919;-256.942;-255.972;14:25:19
222;30.0911;29.0621;-256.743;-256.25;-256.708;-256.911;-256.935;-255.964;14:25:20
223;30.0755;29.0543;-256.751;-256.254;-256.708;-256.919;-256.942;-255.972;14:25:20
224;30.0833;29.0621;-256.747;-256.254;-256.692;-256.919;-256.942;-255.964;14:25:21
225;30.0676;29.0465;-256.743;-256.254;-256.7;-256.911;-256.942;-255.972;14:25:21
226;30.0676;29.0426;-256.747;-256.254;-256.7;-256.919;-256.942;-255.964;14:25:22
227;30.0442;29.0386;-256.747;-256.25;-256.7;-256.919;-256.935;-255.972;14:25:22
228;30.0442;29.0347;-256.747;-256.254;-256.7;-256.911;-256.942;-255.972;14:25:23
229;30.0324;29.0269;-256.747;-256.254;-256.708;-256.919;-256.95;-255.964;14:25:23
230;30.0324;29.0269;-256.751;-256.25;-256.7;-256.919;-256.942;-255.972;14:25:24
231;30.0246;29.0113;-256.747;-256.254;-256.7;-256.919;-256.95;-255.972;14:25:24
232;30.0168;29.0034;-256.747;-256.254;-256.708;-256.911;-256.942;-255.964;14:25:25
233;30.0011;28.9956;-256.747;-256.25;-256.7;-256.919;-256.95;-255.964;14:25:25
234;29.9855;28.9878;-256.743;-256.254;-256.7;-256.919;-256.942;-255.964;14:25:26
235;29.962;28.9643;-256.743;-256.246;-256.708;-256.919;-256.942;-255.964;14:25:26
236;29.962;28.9643;-256.739;-256.25;-256.7;-256.919;-256.95;-255.972;14:25:27
237;29.9385;28.9487;-256.743;-256.25;-256.708;-256.911;-256.942;-255.964;14:25:27
238;29.9307;28.933;-256.743;-256.254;-256.7;-256.919;-256.95;-255.964;14:25:28
239;29.9229;28.9252;-256.747;-256.25;-256.7;-256.911;-256.942;-255.972;14:25:28
240;29.9072;28.9252;-256.747;-256.246;-256.7;-256.911;-256.95;-255.964;14:25:29
241;29.8994;28.9252;-256.747;-256.254;-256.7;-256.919;-256.95;-255.972;14:25:29
242;29.9151;28.9252;-256.747;-256.25;-256.708;-256.903;-256.95;-255.972;14:25:30
243;29.9151;28.933;-256.747;-256.25;-256.708;-256.919;-256.942;-255.972;14:25:30
244;29.9385;28.9565;-256.743;-256.25;-256.708;-256.911;-256.942;-255.964;14:25:31
245;29.9542;28.9565;-256.747;-256.246;-256.7;-256.911;-256.95;-255.972;14:25:31
246;29.9777;28.98;-256.743;-256.254;-256.708;-256.911;-256.942;-255.972;14:25:32
247;30.0011;29.0034;-256.743;-256.254;-256.7;-256.919;-256.942;-255.98;14:25:32
248;30.0207;29.0191;-256.751;-256.25;-256.7;-256.919;-256.942;-255.964;14:25:33
249;30.0363;29.0347;-256.743;-256.25;-256.708;-256.919;-256.942;-255.972;14:25:33
250;30.052;29.0465;-256.743;-256.25;-256.7;-256.919;-256.942;-255.964;14:25:34
251;30.0676;29.0621;-256.747;-256.246;-256.708;-256.919;-256.935;-255.98;14:25:34
252;30.0755;29.0621;-256.743;-256.254;-256.7;-256.911;-256.942;-255.964;14:25:35
253;30.0833;29.0699;-256.743;-256.25;-256.708;-256.911;-256.942;-255.972;14:25:35
254;30.0833;29.0778;-256.743;-256.254;-256.708;-256.919;-256.935;-255.972;14:25:36
255;30.0833;29.0778;-256.743;-256.25;-256.708;-256.919;-256.942;-255.964;14:25:36
256;30.0755;29.0778;-256.747;-256.25;-256.708;-256.911;-256.942;-255.972;14:25:37
257;30.0755;29.0699;-256.743;-256.254;-256.708;-256.911;-256.935;-255.972;14:25:37
258;30.0755;29.0699;-256.747;-256.25;-256.7;-256.919;-256.942;-255.98;14:25:38
259;30.0598;29.0543;-256.747;-256.254;-256.708;-256.919;-256.942;-255.972;14:25:38
260;30.0598;29.0543;-256.747;-256.254;-256.708;-256.911;-256.942;-255.964;14:25:39
261;30.052;29.0465;-256.747;-256.25;-256.708;-256.919;-256.942;-255.972;14:25:39
262;30.0442;29.0426;-256.747;-256.25;-256.708;-256.903;-256.958;-255.964;14:25:40
263;30.0403;29.0347;-256.743;-256.258;-256.708;-256.919;-256.942;-255.972;14:25:40
264;30.0324;29.0308;-256.743;-256.254;-256.708;-256.911;-256.95;-255.964;14:25:41
265;30.0246;29.023;-256.747;-256.25;-256.708;-256.919;-256.95;-255.964;14:25:41
266;30.009;29.0269;-256.743;-256.25;-256.708;-256.919;-256.95;-255.972;14:25:42
267;29.9933;29.0034;-256.743;-256.254;-256.708;-256.919;-256.942;-255.964;14:25:42
268;29.9855;29.0034;-256.743;-256.25;-256.708;-256.911;-256.95;-255.972;14:25:43
269;29.9542;28.9878;-256.735;-256.25;-256.7;-256.911;-256.958;-255.964;14:25:43
270;29.9464;28.98;-256.743;-256.25;-256.708;-256.919;-256.942;-255.964;14:25:44
271;29.9229;28.9721;-256.747;-256.25;-256.708;-256.911;-256.942;-255.964;14:25:44
272;29.9229;28.9643;-256.735;-256.246;-256.7;-256.911;-256.958;-255.964;14:25:45
273;29.9229;28.9643;-256.747;-256.254;-256.708;-256.919;-256.942;-255.972;14:25:45
274;29.9229;28.9721;-256.743;-256.246;-256.7;-256.911;-256.942;-255.964;14:25:46
275;29.9385;28.9721;-256.747;-256.25;-256.708;-256.919;-256.942;-255.964;14:25:46
276;29.9542;28.98;-256.735;-256.25;-256.715;-256.911;-256.95;-255.972;14:25:47
277;29.962;29.0034;-256.743;-256.25;-256.708;-256.911;-256.942;-255.964;14:25:47
278;29.9933;29.0191;-256.743;-256.254;-256.708;-256.919;-256.942;-255.964;14:25:48
279;30.0246;29.0347;-256.735;-256.25;-256.7;-256.911;-256.942;-255.956;14:25:48
280;30.0324;29.0426;-256.743;-256.25;-256.708;-256.919;-256.95;-255.964;14:25:49
281;30.0442;29.0543;-256.743;-256.254;-256.7;-256.919;-256.942;-255.964;14:25:49
282;30.0598;29.0621;-256.743;-256.25;-256.7;-256.911;-256.942;-255.964;14:25:50
283;30.0755;29.0778;-256.743;-256.25;-256.7;-256.911;-256.942;-255.972;14:25:50
284;30.0755;29.0778;-256.743;-256.25;-256.708;-256.911;-256.942;-255.964;14:25:51
285;30.0755;29.0699;-256.743;-256.25;-256.708;-256.911;-256.942;-255.964;14:25:51
286;30.0833;29.0856;-256.747;-256.246;-256.708;-256.911;-256.942;-255.956;14:25:52
287;30.0755;29.0778;-256.743;-256.254;-256.708;-256.919;-256.935;-255.964;14:25:52
288;30.0676;29.0778;-256.743;-256.246;-256.708;-256.911;-256.942;-255.972;14:25:53
289;30.0598;29.0699;-256.743;-256.254;-256.708;-256.919;-256.95;-255.964;14:25:53
290;30.052;29.0621;-256.743;-256.246;-256.708;-256.911;-256.942;-255.964;14:25:54
291;30.0403;29.0621;-256.747;-256.254;-256.715;-256.919;-256.942;-255.964;14:25:54
292;30.0403;29.0465;-256.747;-256.25;-256.708;-256.911;-256.942;-255.964;14:25:55
293;30.0324;29.0426;-256.747;-256.25;-256.708;-256.919;-256.935;-255.972;14:25:55
294;30.0324;29.0426;-256.747;-256.25;-256.708;-256.911;-256.942;-255.964;14:25:56
295;30.0246;29.0347;-256.743;-256.25;-256.7;-256.911;-256.95;-255.972;14:25:56
296;30.0168;29.0347;-256.743;-256.25;-256.708;-256.919;-256.942;-255.964;14:25:57
297;30.0011;29.0269;-256.747;-256.25;-256.708;-256.911;-256.95;-255.964;14:25:57
298;29.9855;29.0113;-256.747;-256.25;-256.708;-256.919;-256.95;-255.972;14:25:58
299;29.9698;29.0113;-256.747;-256.25;-256.715;-256.911;-256.942;-255.964;14:25:58
300;29.9464;28.9878;-256.747;-256.25;-256.708;-256.911;-256.942;-255.964;14:25:59
301;29.9385;28.9878;-256.743;-256.25;-256.715;-256.911;-256.935;-255.964;14:25:59
302;29.9229;28.9721;-256.747;-256.246;-256.715;-256.919;-256.942;-255.964;14:26:00
303;29.9072;28.9565;-256.747;-256.25;-256.708;-256.911;-256.95;-255.964;14:26:00
304;29.9072;28.9643;-256.743;-256.246;-256.708;-256.911;-256.942;-255.964;14:26:01
305;29.9072;28.9721;-256.747;-256.25;-256.708;-256.919;-256.942;-255.956;14:26:01
306;29.9307;28.9878;-256.747;-256.246;-256.708;-256.911;-256.942;-255.964;14:26:02
307;29.9385;28.9956;-256.747;-256.25;-256.708;-256.903;-256.942;-255.964;14:26:02
308;29.962;29.0113;-256.747;-256.25;-256.7;-256.911;-256.95;-255.964;14:26:03
309;29.9777;29.023;-256.747;-256.254;-256.708;-256.911;-256.942;-255.972;14:26:03
310;30.009;29.0347;-256.747;-256.25;-256.708;-256.911;-256.942;-255.964;14:26:04
311;30.0285;29.0426;-256.747;-256.254;-256.708;-256.911;-256.942;-255.972;14:26:04
312;30.0442;29.0621;-256.747;-256.254;-256.708;-256.911;-256.942;-255.964;14:26:05
313;30.0481;29.0778;-256.747;-256.25;-256.708;-256.911;-256.942;-255.964;14:26:05
314;30.052;29.0856;-256.747;-256.254;-256.708;-256.911;-256.95;-255.964;14:26:06
315;30.052;29.0934;-256.751;-256.254;-256.708;-256.911;-256.942;-255.972;14:26:06
316;30.0598;29.0934;-256.747;-256.254;-256.715;-256.911;-256.95;-255.964;14:26:07
317;30.0676;29.0856;-256.751;-256.254;-256.708;-256.919;-256.942;-255.964;14:26:07
318;30.0598;29.0856;-256.743;-256.25;-256.708;-256.911;-256.95;-255.964;14:26:08
319;30.0598;29.0934;-256.747;-256.254;-256.7;-256.919;-256.95;-255.964;14:26:08
320;30.052;29.0778;-256.747;-256.25;-256.692;-256.911;-256.958;-255.964;14:26:09
321;30.0442;29.0778;-256.747;-256.25;-256.7;-256.911;-256.942;-255.964;14:26:09
322;30.0442;29.0621;-256.743;-256.25;-256.7;-256.911;-256.942;-255.972;14:26:10
323;30.0324;29.0621;-256.747;-256.25;-256.708;-256.911;-256.942;-255.964;14:26:10
324;30.0363;29.0543;-256.747;-256.25;-256.7;-256.911;-256.95;-255.964;14:26:11
325;30.0246;29.0426;-256.751;-256.254;-256.708;-256.911;-256.942;-255.964;14:26:11
326;30.009;29.0386;-256.747;-256.25;-256.7;-256.911;-256.95;-255.972;14:26:12
327;30.0011;29.0308;-256.747;-256.25;-256.708;-256.919;-256.942;-255.964;14:26:12
328;29.9933;29.0269;-256.751;-256.25;-256.708;-256.911;-256.95;-255.964;14:26:13
329;29.9777;29.0191;-256.747;-256.25;-256.708;-256.911;-256.95;-255.964;14:26:13
330;29.962;29.0113;-256.747;-256.25;-256.715;-256.903;-256.95;-255.964;14:26:14
331;29.9542;28.9956;-256.751;-256.25;-256.7;-256.911;-256.942;-255.964;14:26:14
332;29.9464;28.9956;-256.743;-256.246;-256.708;-256.903;-256.95;-255.956;14:26:15
333;29.9385;28.98;-256.747;-256.25;-256.708;-256.911;-256.95;-255.956;14:26:15
334;29.9385;28.9878;-256.743;-256.246;-256.708;-256.903;-256.942;-255.964;14:26:16
335;29.9385;28.9878;-256.747;-256.25;-256.708;-256.911;-256.95;-255.956;14:26:16
336;29.9542;29.0034;-256.743;-256.25;-256.7;-256.903;-256.95;-255.964;14:26:17
337;29.962;29.0113;-256.747;-256.25;-256.715;-256.911;-256.935;-255.956;14:26:17
338;29.9777;29.0269;-256.743;-256.25;-256.7;-256.895;-256.958;-255.964;14:26:18
339;30.0011;29.0347;-256.751;-256.25;-256.708;-256.911;-256.95;-255.964;14:26:18
340;30.0285;29.0465;-256.751;-256.25;-256.708;-256.903;-256.958;-255.964;14:26:19
341;30.0324;29.0621;-256.747;-256.25;-256.7;-256.903;-256.942;-255.964;14:26:19
342;30.0442;29.0778;-256.747;-256.25;-256.7;-256.911;-256.95;-255.956;14:26:20
343;30.052;29.0778;-256.751;-256.25;-256.708;-256.911;-256.95;-255.964;14:26:20
344;30.0598;29.0934;-256.743;-256.246;-256.7;-256.903;-256.942;-255.956;14:26:21
345;30.0598;29.0934;-256.747;-256.25;-256.708;-256.911;-256.942;-255.964;14:26:21
346;30.0676;29.0934;-256.747;-256.25;-256.708;-256.911;-256.95;-255.964;14:26:22
347;30.0598;29.0934;-256.743;-256.246;-256.708;-256.903;-256.942;-255.964;14:26:22
348;30.0598;29.0856;-256.747;-256.246;-256.7;-256.911;-256.95;-255.964;14:26:23
349;30.052;29.0778;-256.747;-256.246;-256.708;-256.895;-256.942;-255.964;14:26:23
350;30.0442;29.0778;-256.739;-256.25;-256.708;-256.903;-256.95;-255.964;14:26:24
351;30.0403;29.0621;-256.747;-256.246;-256.7;-256.895;-256.95;-255.972;14:26:24
352;30.0403;29.0699;-256.743;-256.246;-256.708;-256.911;-256.95;-255.956;14:26:25
353;30.0324;29.0543;-256.747;-256.246;-256.7;-256.903;-256.95;-255.956;14:26:25
354;30.0285;29.0426;-256.751;-256.25;-256.708;-256.911;-256.942;-255.949;14:26:26
355;30.009;29.0426;-256.747;-256.25;-256.7;-256.911;-256.942;-255.949;14:26:26
356;30.0011;29.0347;-256.751;-256.25;-256.708;-256.919;-256.95;-255.949;14:26:27
357;29.9933;29.0308;-256.747;-256.254;-256.7;-256.911;-256.95;-255.949;14:26:27
358;29.9777;29.0191;-256.751;-256.246;-256.7;-256.903;-256.95;-255.949;14:26:28
359;29.9698;29.0034;-256.747;-256.25;-256.7;-256.911;-256.942;-255.941;14:26:28
360;29.9464;28.9956;-256.747;-256.25;-256.7;-256.911;-256.942;-255.949;14:26:29
361;29.9307;28.9878;-256.747;-256.25;-256.7;-256.903;-256.935;-255.949;14:26:29
362;29.9229;28.9721;-256.747;-256.25;-256.7;-256.911;-256.942;-255.941;14:26:30
363;29.9151;28.98;-256.743;-256.25;-256.7;-256.903;-256.935;-255.941;14:26:30
364;29.9151;28.9721;-256.747;-256.25;-256.7;-256.903;-256.95;-255.949;14:26:31
365;29.9229;28.9878;-256.747;-256.25;-256.7;-256.911;-256.942;-255.941;14:26:31
366;29.9464;28.9956;-256.747;-256.25;-256.708;-256.903;-256.942;-255.949;14:26:32
367;29.9464;29.0113;-256.747;-256.25;-256.708;-256.903;-256.942;-255.941;14:26:32
368;29.9855;29.023;-256.743;-256.246;-256.7;-256.903;-256.942;-255.949;14:26:33
369;29.9855;29.0386;-256.747;-256.25;-256.708;-256.903;-256.942;-255.949;14:26:33
370;30.0168;29.0543;-256.747;-256.25;-256.708;-256.903;-256.942;-255.941;14:26:34
371;30.0285;29.0621;-256.743;-256.246;-256.708;-256.903;-256.942;-255.949;14:26:34
372;30.0363;29.0856;-256.743;-256.25;-256.708;-256.903;-256.942;-255.949;14:26:35
373;30.052;29.0934;-256.747;-256.246;-256.708;-256.911;-256.942;-255.941;14:26:35
374;30.0598;29.1012;-256.747;-256.25;-256.7;-256.903;-256.942;-255.949;14:26:36
375;30.0676;29.1012;-256.747;-256.25;-256.708;-256.911;-256.942;-255.949;14:26:36
376;30.0676;29.1169;-256.743;-256.246;-256.7;-256.903;-256.95;-255.941;14:26:37
377;30.0676;29.1091;-256.747;-256.25;-256.708;-256.903;-256.95;-255.949;14:26:37
378;30.0676;29.1012;-256.743;-256.246;-256.708;-256.903;-256.942;-255.949;14:26:38
379;30.0676;29.1012;-256.743;-256.246;-256.7;-256.903;-256.942;-255.949;14:26:38
380;30.052;29.1012;-256.747;-256.25;-256.708;-256.903;-256.942;-255.949;14:26:39
381;30.0481;29.0856;-256.743;-256.25;-256.708;-256.911;-256.942;-255.956;14:26:39
382;30.0403;29.0856;-256.747;-256.25;-256.715;-256.903;-256.95;-255.956;14:26:40
383;30.0363;29.0699;-256.747;-256.254;-256.7;-256.911;-256.95;-255.949;14:26:40
384;30.0324;29.0621;-256.747;-256.25;-256.708;-256.903;-256.95;-255.941;14:26:41
385;30.0168;29.0465;-256.743;-256.25;-256.708;-256.911;-256.942;-255.949;14:26:41
386;30.009;29.0465;-256.747;-256.254;-256.708;-256.895;-256.95;-255.956;14:26:42
387;30.0011;29.0347;-256.747;-256.254;-256.708;-256.911;-256.95;-255.949;14:26:42
388;29.9855;29.0308;-256.747;-256.254;-256.708;-256.895;-256.942;-255.956;14:26:43
389;29.9698;29.023;-256.743;-256.254;-256.715;-256.911;-256.942;-255.949;14:26:43
390;29.962;29.0191;-256.743;-256.25;-256.708;-256.903;-256.95;-255.949;14:26:44
391;29.9464;28.9956;-256.743;-256.254;-256.708;-256.903;-256.95;-255.949;14:26:44
392;29.9464;28.9956;-256.743;-256.254;-256.7;-256.911;-256.942;-255.949;14:26:45
393;29.9385;28.9878;-256.743;-256.254;-256.708;-256.903;-256.942;-255.949;14:26:45
394;29.9542;28.9956;-256.747;-256.25;-256.7;-256.903;-256.95;-255.941;14:26:46
395;29.9542;29.0113;-256.747;-256.254;-256.7;-256.911;-256.942;-255.949;14:26:46
396;29.9777;29.0269;-256.747;-256.254;-256.7;-256.903;-256.95;-255.949;14:26:47
397;29.9933;29.0269;-256.747;-256.25;-256.7;-256.911;-256.935;-255.949;14:26:47
398;30.009;29.0426;-256.743;-256.254;-256.7;-256.911;-256.95;-255.941;14:26:48
399;30.0168;29.0504;-256.747;-256.25;-256.708;-256.911;-256.942;-255.949;14:26:48
400;30.0363;29.0621;-256.743;-256.254;-256.7;-256.903;-256.95;-255.956;14:26:49
401;30.0403;29.0778;-256.743;-256.254;-256.708;-256.911;-256.942;-255.949;14:26:49
402;30.0442;29.0778;-256.747;-256.254;-256.7;-256.911;-256.95;-255.941;14:26:50
403;30.0403;29.0778;-256.747;-256.254;-256.7;-256.911;-256.942;-255.949;14:26:50
404;30.0442;29.0778;-256.743;-256.262;-256.708;-256.911;-256.95;-255.941;14:26:51
405;30.0442;29.0778;-256.747;-256.254;-256.7;-256.911;-256.942;-255.949;14:26:51
406;30.0442;29.0699;-256.743;-256.254;-256.7;-256.903;-256.95;-255.949;14:26:52
407;30.0442;29.0699;-256.743;-256.254;-256.708;-256.911;-256.95;-255.949;14:26:52
408;30.0363;29.0699;-256.747;-256.254;-256.708;-256.911;-256.95;-255.949;14:26:53
409;30.0363;29.0543;-256.743;-256.254;-256.7;-256.911;-256.95;-255.956;14:26:53
410;30.0285;29.0465;-256.747;-256.254;-256.7;-256.911;-256.95;-255.949;14:26:54
411;30.0285;29.0465;-256.747;-256.254;-256.7;-256.919;-256.95;-255.949;14:26:54
412;30.0168;29.0386;-256.743;-256.25;-256.708;-256.911;-256.95;-255.941;14:26:55
413;29.9933;29.0347;-256.747;-256.254;-256.7;-256.911;-256.95;-255.941;14:26:55
414;29.9933;29.0308;-256.743;-256.258;-256.708;-256.919;-256.95;-255.949;14:26:56
415;29.9855;29.0191;-256.747;-256.254;-256.7;-256.903;-256.95;-255.949;14:26:56
416;29.962;29.0113;-256.743;-256.254;-256.708;-256.911;-256.95;-255.949;14:26:57
417;29.9542;29.0034;-256.747;-256.254;-256.7;-256.911;-256.958;-255.949;14:26:57
418;29.9385;29.0034;-256.743;-256.258;-256.708;-256.911;-256.95;-255.941;14:26:58
419;29.9385;29.0034;-256.743;-256.254;-256.708;-256.911;-256.95;-255.941;14:26:58
420;29.9385;29.0034;-256.743;-256.254;-256.7;-256.911;-256.958;-255.941;14:26:59
421;29.9542;29.0191;-256.743;-256.262;-256.708;-256.903;-256.95;-255.941;14:26:59
422;29.9698;29.0308;-256.747;-256.254;-256.708;-256.911;-256.942;-255.949;14:27:00
423;29.9777;29.0386;-256.743;-256.258;-256.708;-256.911;-256.95;-255.941;14:27:00
424;30.009;29.0426;-256.743;-256.254;-256.708;-256.911;-256.958;-255.941;14:27:01
425;30.0246;29.0621;-256.739;-256.254;-256.708;-256.911;-256.95;-255.949;14:27:01
426;30.0403;29.0778;-256.743;-256.254;-256.708;-256.911;-256.95;-255.941;14:27:02
427;30.0442;29.0934;-256.735;-256.262;-256.708;-256.911;-256.95;-255.949;14:27:02
428;30.0598;29.1012;-256.739;-256.254;-256.708;-256.911;-256.942;-255.945;14:27:03
429;30.0676;29.1091;-256.743;-256.254;-256.708;-256.911;-256.95;-255.949;14:27:03
430;30.0676;29.1091;-256.747;-256.254;-256.708;-256.903;-256.942;-255.937;14:27:04
431;30.0676;29.1169;-256.743;-256.254;-256.708;-256.911;-256.95;-255.941;14:27:04
432;30.0598;29.1091;-256.743;-256.254;-256.715;-256.911;-256.942;-255.937;14:27:05
433;30.052;29.1012;-256.743;-256.25;-256.708;-256.911;-256.95;-255.941;14:27:05
434;30.0442;29.1012;-256.743;-256.254;-256.708;-256.911;-256.95;-255.937;14:27:06
435;30.0481;29.1012;-256.743;-256.25;-256.708;-256.911;-256.95;-255.941;14:27:06
436;30.0442;29.0856;-256.743;-256.254;-256.708;-256.911;-256.95;-255.949;14:27:07
437;30.0363;29.0856;-256.747;-256.25;-256.7;-256.911;-256.95;-255.941;14:27:07
438;30.0324;29.0699;-256.747;-256.25;-256.708;-256.919;-256.95;-255.941;14:27:08
439;30.0285;29.0621;-256.743;-256.254;-256.7;-256.919;-256.95;-255.941;14:27:08
440;30.0246;29.0465;-256.743;-256.25;-256.708;-256.911;-256.942;-255.941;14:27:09
441;30.009;29.0465;-256.743;-256.254;-256.708;-256.911;-256.95;-255.949;14:27:09
442;30.0011;29.0386;-256.735;-256.262;-256.7;-256.911;-256.95;-255.941;14:27:10
443;29.9855;29.0347;-256.735;-256.262;-256.715;-256.911;-256.95;-255.941;14:27:10
444;29.9698;29.0269;-256.735;-256.254;-256.708;-256.911;-256.942;-255.945;14:27:11
445;29.962;29.0269;-256.735;-256.254;-256.708;-256.911;-256.95;-255.949;14:27:11
446;29.9542;29.0113;-256.735;-256.262;-256.7;-256.903;-256.942;-255.941;14:27:12
447;29.9464;29.0034;-256.727;-256.258;-256.708;-256.911;-256.942;-255.941;14:27:12
448;29.9385;29.0113;-256.735;-256.254;-256.7;-256.911;-256.95;-255.937;14:27:13
449;29.9542;29.0113;-256.727;-256.254;-256.7;-256.903;-256.942;-255.949;14:27:13
450;29.962;29.0191;-256.735;-256.254;-256.708;-256.903;-256.942;-255.941;14:27:14
451;29.9777;29.0347;-256.727;-256.254;-256.7;-256.911;-256.95;-255.941;14:27:14
452;30.0011;29.0426;-256.727;-256.254;-256.692;-256.903;-256.942;-255.949;14:27:15
453;30.009;29.0543;-256.743;-256.254;-256.708;-256.903;-256.95;-255.941;14:27:15
454;30.0285;29.0699;-256.727;-256.25;-256.7;-256.903;-256.95;-255.949;14:27:16
455;30.0363;29.0778;-256.735;-256.254;-256.7;-256.911;-256.95;-255.949;14:27:16
456;30.0442;29.0856;-256.727;-256.25;-256.7;-256.911;-256.95;-255.949;14:27:17
457;30.052;29.0934;-256.727;-256.25;-256.7;-256.911;-256.95;-255.949;14:27:17
458;30.052;29.0934;-256.727;-256.254;-256.7;-256.903;-256.958;-255.945;14:27:18
459;30.0442;29.0934;-256.735;-256.25;-256.708;-256.911;-256.942;-255.937;14:27:18
460;30.052;29.0934;-256.735;-256.254;-256.692;-256.903;-256.95;-255.941;14:27:19
461;30.052;29.0934;-256.735;-256.25;-256.7;-256.903;-256.95;-255.941;14:27:19
462;30.0403;29.0778;-256.727;-256.25;-256.7;-256.903;-256.95;-255.941;14:27:20
463;30.0403;29.0856;-256.735;-256.25;-256.692;-256.903;-256.942;-255.945;14:27:20
464;30.0324;29.0699;-256.727;-256.254;-256.7;-256.911;-256.942;-255.941;14:27:21
465;30.0285;29.0621;-256.727;-256.246;-256.7;-256.903;-256.942;-255.941;14:27:21
466;30.0207;29.0621;-256.735;-256.254;-256.7;-256.911;-256.942;-255.941;14:27:22
467;30.0168;29.0543;-256.727;-256.25;-256.7;-256.903;-256.935;-255.945;14:27:22
468;30.009;29.0426;-256.727;-256.25;-256.7;-256.911;-256.942;-255.949;14:27:23
469;29.9933;29.0426;-256.727;-256.25;-256.7;-256.903;-256.942;-255.937;14:27:23
470;29.9855;29.0308;-256.727;-256.25;-256.7;-256.911;-256.95;-255.941;14:27:24
471;29.9777;29.0308;-256.735;-256.25;-256.708;-256.903;-256.95;-255.941;14:27:24
472;29.9698;29.0191;-256.727;-256.25;-256.7;-256.911;-256.95;-255.949;14:27:25
473;29.9464;29.0113;-256.727;-256.25;-256.708;-256.903;-256.958;-255.941;14:27:25
474;29.9307;28.9956;-256.719;-256.25;-256.7;-256.903;-256.958;-255.949;14:27:26
475;29.9229;28.9878;-256.727;-256.25;-256.7;-256.911;-256.942;-255.941;14:27:26
476;29.9151;28.98;-256.727;-256.25;-256.7;-256.911;-256.95;-255.949;14:27:27
477;29.9072;28.9721;-256.719;-256.25;-256.692;-256.911;-256.942;-255.937;14:27:27
478;29.9072;28.9721;-256.727;-256.25;-256.7;-256.903;-256.95;-255.941;14:27:28
479;29.9151;28.98;-256.727;-256.25;-256.692;-256.911;-256.95;-255.941;14:27:28
480;29.9307;28.9878;-256.727;-256.25;-256.7;-256.903;-256.942;-255.949;14:27:29
481;29.9385;29.0034;-256.727;-256.25;-256.7;-256.903;-256.95;-255.941;14:27:29
482;29.9542;29.0191;-256.727;-256.254;-256.7;-256.911;-256.942;-255.941;14:27:30
483;29.9855;29.0347;-256.735;-256.254;-256.7;-256.903;-256.95;-255.941;14:27:30
484;30.009;29.0426;-256.735;-256.25;-256.7;-256.903;-256.95;-255.949;14:27:31
485;30.0324;29.0621;-256.735;-256.254;-256.708;-256.903;-256.942;-255.937;14:27:31
486;30.0481;29.0934;-256.735;-256.25;-256.7;-256.903;-256.95;-255.949;14:27:32
487;30.0755;29.1091;-256.735;-256.254;-256.7;-256.903;-256.95;-255.941;14:27:32
488;30.1068;29.1247;-256.735;-256.254;-256.708;-256.903;-256.95;-255.941;14:27:33
489;30.1224;29.1404;-256.735;-256.25;-256.7;-256.911;-256.942;-255.941;14:27:33
490;30.1302;29.1404;-256.735;-256.254;-256.7;-256.903;-256.95;-255.949;14:27:34
491;30.1459;29.1404;-256.735;-256.254;-256.708;-256.903;-256.942;-255.937;14:27:34
492;30.1381;29.1482;-256.735;-256.25;-256.7;-256.903;-256.942;-255.949;14:27:35
493;30.1537;29.1404;-256.735;-256.254;-256.7;-256.903;-256.95;-255.949;14:27:35
494;30.1459;29.1404;-256.735;-256.254;-256.708;-256.903;-256.95;-255.941;14:27:36
495;30.1459;29.1325;-256.719;-256.254;-256.7;-256.903;-256.942;-255.941;14:27:36
496;30.1302;29.1404;-256.735;-256.254;-256.708;-256.903;-256.95;-255.949;14:27:37
497;30.1224;29.1247;-256.727;-256.25;-256.692;-256.903;-256.942;-255.941;14:27:37
498;30.1146;29.1169;-256.727;-256.254;-256.7;-256.911;-256.95;-255.949;14:27:38
499;30.1068;29.1169;-256.727;-256.254;-256.708;-256.911;-256.95;-255.949;14:27:38
500;30.0989;29.1012;-256.743;-256.25;-256.7;-256.911;-256.942;-255.941;14:27:39
501;30.0833;29.0934;-256.743;-256.25;-256.708;-256.911;-256.942;-255.941;14:27:39
502;30.0755;29.0778;-256.743;-256.25;-256.7;-256.911;-256.942;-255.949;14:27:40
503;30.0598;29.0699;-256.735;-256.246;-256.708;-256.911;-256.95;-255.941;14:27:40
504;30.0442;29.0621;-256.735;-256.25;-256.7;-256.911;-256.942;-255.949;14:27:41
505;30.0442;29.0543;-256.727;-256.25;-256.708;-256.903;-256.942;-255.949;14:27:41
506;30.0324;29.0426;-256.743;-256.25;-256.7;-256.911;-256.95;-255.941;14:27:42
507;30.0246;29.0426;-256.727;-256.25;-256.7;-256.903;-256.95;-255.941;14:27:42
508;30.0168;29.0347;-256.735;-256.246;-256.7;-256.911;-256.942;-255.941;14:27:43
509;30.009;29.0308;-256.735;-256.25;-256.708;-256.911;-256.942;-255.949;14:27:43
510;29.9855;29.0191;-256.735;-256.25;-256.7;-256.903;-256.942;-255.941;14:27:44
511;29.9698;28.9956;-256.735;-256.25;-256.7;-256.903;-256.942;-255.949;14:27:44
512;29.9542;28.9956;-256.743;-256.25;-256.708;-256.911;-256.95;-255.941;14:27:45
513;29.9385;28.9721;-256.727;-256.246;-256.7;-256.903;-256.95;-255.941;14:27:45
514;29.9307;28.9721;-256.735;-256.25;-256.7;-256.903;-256.942;-255.949;14:27:46
515;29.9229;28.9721;-256.735;-256.246;-256.708;-256.903;-256.942;-255.941;14:27:46
516;29.9385;28.9878;-256.743;-256.25;-256.7;-256.919;-256.942;-255.949;14:27:47
517;29.9464;28.9956;-256.747;-256.246;-256.708;-256.911;-256.95;-255.949;14:27:47
518;29.962;29.0034;-256.743;-256.25;-256.7;-256.919;-256.95;-255.941;14:27:48
519;29.9855;29.0191;-256.747;-256.246;-256.708;-256.911;-256.942;-255.949;14:27:48
520;30.0011;29.0347;-256.747;-256.25;-256.7;-256.911;-256.942;-255.949;14:27:49
521;30.0246;29.0386;-256.747;-256.25;-256.708;-256.911;-256.942;-255.941;14:27:49
522;30.0285;29.0543;-256.747;-256.246;-256.7;-256.911;-256.942;-255.941;14:27:50
523;30.0363;29.0621;-256.743;-256.246;-256.708;-256.911;-256.95;-255.941;14:27:50
524;30.0363;29.0621;-256.747;-256.25;-256.708;-256.919;-256.942;-255.941;14:27:51
525;30.0403;29.0699;-256.747;-256.25;-256.708;-256.919;-256.942;-255.941;14:27:51
526;30.0442;29.0699;-256.747;-256.25;-256.708;-256.919;-256.95;-255.937;14:27:52
527;30.052;29.0699;-256.743;-256.25;-256.715;-256.911;-256.942;-255.941;14:27:52
528;30.0403;29.0621;-256.743;-256.25;-256.708;-256.911;-256.95;-255.949;14:27:53
529;30.0442;29.0621;-256.743;-256.25;-256.708;-256.911;-256.95;-255.937;14:27:53
530;30.0363;29.0465;-256.735;-256.25;-256.708;-256.911;-256.942;-255.941;14:27:54
531;30.0363;29.0504;-256.743;-256.246;-256.715;-256.903;-256.95;-255.941;14:27:54
532;30.0285;29.0465;-256.743;-256.25;-256.708;-256.911;-256.942;-255.949;14:27:55
533;30.0246;29.0386;-256.735;-256.25;-256.708;-256.903;-256.942;-255.941;14:27:55
534;30.0246;29.0386;-256.743;-256.25;-256.708;-256.911;-256.942;-255.941;14:27:56
535;30.009;29.0347;-256.743;-256.25;-256.708;-256.911;-256.95;-255.941;14:27:56
536;30.0011;29.0191;-256.735;-256.25;-256.708;-256.911;-256.95;-255.941;14:27:57
537;29.9777;29.0191;-256.743;-256.246;-256.7;-256.903;-256.95;-255.949;14:27:57
538;29.9777;29.0034;-256.743;-256.246;-256.708;-256.911;-256.95;-255.941;14:27:58
539;29.9542;28.9956;-256.731;-256.246;-256.7;-256.903;-256.958;-255.949;14:27:58
540;29.9464;28.98;-256.747;-256.25;-256.708;-256.911;-256.95;-255.945;14:27:59
541;29.9307;28.9721;-256.743;-256.246;-256.715;-256.903;-256.958;-255.949;14:27:59
542;29.9151;28.9721;-256.743;-256.246;-256.708;-256.903;-256.942;-255.941;14:28:00
543;29.9072;28.9643;-256.743;-256.246;-256.708;-256.911;-256.95;-255.949;14:28:00
544;29.9072;28.9721;-256.743;-256.25;-256.708;-256.903;-256.942;-255.941;14:28:01
545;29.9229;28.9721;-256.747;-256.242;-256.708;-256.903;-256.95;-255.949;14:28:01
546;29.9307;29.0034;-256.743;-256.25;-256.708;-256.903;-256.942;-255.949;14:28:02
547;29.9464;29.0113;-256.747;-256.25;-256.708;-256.903;-256.95;-255.941;14:28:02
548;29.962;29.023;-256.747;-256.246;-256.708;-256.903;-256.95;-255.949;14:28:03
549;29.9933;29.0347;-256.743;-256.25;-256.7;-256.911;-256.95;-255.941;14:28:03
550;30.0168;29.0465;-256.747;-256.246;-256.708;-256.911;-256.95;-255.941;14:28:04
551;30.0363;29.0543;-256.743;-256.25;-256.708;-256.903;-256.95;-255.949;14:28:04
552;30.0481;29.0778;-256.743;-256.25;-256.708;-256.911;-256.958;-255.949;14:28:05
553;30.0833;29.0856;-256.743;-256.246;-256.708;-256.895;-256.958;-255.941;14:28:05
554;30.0911;29.0934;-256.743;-256.25;-256.708;-256.903;-256.95;-255.949;14:28:06
555;30.1068;29.1012;-256.735;-256.246;-256.708;-256.911;-256.958;-255.941;14:28:06
556;30.1146;29.1012;-256.743;-256.25;-256.7;-256.903;-256.942;-255.949;14:28:07
557;30.1146;29.1012;-256.735;-256.246;-256.7;-256.903;-256.958;-255.949;14:28:07
558;30.1068;29.0934;-256.743;-256.246;-256.708;-256.911;-256.95;-255.949;14:28:08
559;30.1146;29.1091;-256.735;-256.25;-256.692;-256.903;-256.95;-255.941;14:28:08
560;30.1146;29.0934;-256.743;-256.25;-256.7;-256.903;-256.95;-255.949;14:28:09
561;30.0989;29.0934;-256.735;-256.246;-256.708;-256.911;-256.95;-255.949;14:28:09
562;30.0989;29.0856;-256.743;-256.25;-256.7;-256.903;-256.958;-255.949;14:28:10
563;30.0833;29.0856;-256.743;-256.25;-256.708;-256.903;-256.95;-255.956;14:28:10
564;30.0755;29.0699;-256.743;-256.254;-256.7;-256.903;-256.95;-255.949;14:28:11
565;30.0755;29.0621;-256.735;-256.25;-256.708;-256.903;-256.942;-255.949;14:28:11
566;30.0598;29.0543;-256.743;-256.25;-256.7;-256.911;-256.95;-255.956;14:28:12
567;30.0442;29.0543;-256.735;-256.25;-256.7;-256.895;-256.942;-255.956;14:28:12
568;30.0363;29.0386;-256.743;-256.254;-256.7;-256.911;-256.958;-255.956;14:28:13
569;30.0324;29.0347;-256.743;-256.254;-256.7;-256.895;-256.95;-255.956;14:28:13
570;30.0168;29.0269;-256.743;-256.254;-256.708;-256.911;-256.942;-255.956;14:28:14
571;30.009;29.0191;-256.735;-256.25;-256.708;-256.911;-256.958;-255.956;14:28:14
572;29.9933;29.0034;-256.743;-256.25;-256.7;-256.903;-256.942;-255.956;14:28:15
573;29.9855;28.9956;-256.743;-256.25;-256.708;-256.903;-256.95;-255.949;14:28:15
574;29.962;28.9878;-256.747;-256.25;-256.7;-256.903;-256.95;-255.964;14:28:16
575;29.9542;28.9721;-256.743;-256.25;-256.708;-256.903;-256.95;-255.956;14:28:16
576;29.9307;28.9565;-256.747;-256.25;-256.7;-256.911;-256.942;-255.956;14:28:17
577;29.9307;28.9565;-256.747;-256.25;-256.708;-256.911;-256.958;-255.956;14:28:17
578;29.9229;28.9487;-256.743;-256.246;-256.7;-256.903;-256.942;-255.956;14:28:18
579;29.9229;28.9565;-256.743;-256.25;-256.708;-256.911;-256.95;-255.956;14:28:18
580;29.9307;28.9721;-256.743;-256.254;-256.708;-256.911;-256.95;-255.956;14:28:19
581;29.9464;28.98;-256.735;-256.246;-256.7;-256.903;-256.942;-255.956;14:28:19
582;29.962;28.9878;-256.743;-256.25;-256.708;-256.911;-256.942;-255.949;14:28:20
583;29.9777;29.0034;-256.735;-256.25;-256.7;-256.903;-256.95;-255.956;14:28:20
584;30.0011;29.0308;-256.743;-256.254;-256.708;-256.911;-256.95;-255.949;14:28:21
585;30.0168;29.0347;-256.743;-256.25;-256.708;-256.911;-256.942;-255.956;14:28:21
586;30.0363;29.0465;-256.743;-256.25;-256.708;-256.911;-256.95;-255.949;14:28:22
587;30.052;29.0621;-256.735;-256.25;-256.708;-256.911;-256.95;-255.949;14:28:22
588;30.0676;29.0856;-256.747;-256.25;-256.715;-256.903;-256.95;-255.956;14:28:23
589;30.0676;29.0856;-256.743;-256.25;-256.708;-256.911;-256.95;-255.949;14:28:23
590;30.0833;29.0856;-256.735;-256.25;-256.7;-256.911;-256.942;-255.949;14:28:24
591;30.0833;29.0934;-256.743;-256.254;-256.7;-256.903;-256.95;-255.941;14:28:24
592;30.0911;29.0934;-256.735;-256.254;-256.7;-256.903;-256.95;-255.949;14:28:25
593;30.0911;29.0934;-256.743;-256.25;-256.708;-256.911;-256.95;-255.956;14:28:25
594;30.0833;29.0856;-256.743;-256.25;-256.7;-256.903;-256.942;-255.949;14:28:26
595;30.0833;29.0778;-256.743;-256.25;-256.7;-256.911;-256.942;-255.956;14:28:26
596;30.0676;29.0778;-256.743;-256.254;-256.7;-256.903;-256.942;-255.956;14:28:27
597;30.0676;29.0699;-256.743;-256.254;-256.708;-256.911;-256.942;-255.956;14:28:27
598;30.0598;29.0621;-256.743;-256.254;-256.692;-256.903;-256.942;-255.949;14:28:28
599;30.0442;29.0543;-256.743;-256.25;-256.708;-256.903;-256.942;-255.956;14:28:28
600;30.0403;29.0426;-256.739;-256.254;-256.7;-256.919;-256.942;-255.949;14:28:29
601;30.0324;29.0426;-256.743;-256.254;-256.7;-256.903;-256.942;-255.956;14:28:29
602;30.0324;29.0386;-256.743;-256.254;-256.7;-256.911;-256.942;-255.956;14:28:30
603;30.0246;29.0308;-256.747;-256.25;-256.708;-256.903;-256.942;-255.949;14:28:30
604;30.009;29.0269;-256.743;-256.25;-256.7;-256.911;-256.95;-255.956;14:28:31
605;30.0011;29.0113;-256.743;-256.254;-256.708;-256.903;-256.95;-255.949;14:28:31
606;29.9777;29.0113;-256.743;-256.254;-256.7;-256.911;-256.942;-255.956;14:28:32
607;29.962;28.9956;-256.743;-256.25;-256.7;-256.903;-256.958;-255.941;14:28:32
608;29.9542;28.9878;-256.743;-256.254;-256.7;-256.903;-256.942;-255.956;14:28:33
609;29.9385;28.98;-256.743;-256.25;-256.692;-256.903;-256.958;-255.941;14:28:33
610;29.9229;28.9721;-256.743;-256.254;-256.7;-256.903;-256.942;-255.956;14:28:34
611;29.9151;28.9643;-256.743;-256.25;-256.692;-256.903;-256.95;-255.949;14:28:34
612;29.9151;28.9643;-256.743;-256.254;-256.692;-256.903;-256.942;-255.956;14:28:35
613;29.9151;28.9721;-256.743;-256.25;-256.692;-256.903;-256.958;-255.956;14:28:35
614;29.9307;28.98;-256.747;-256.262;-256.7;-256.911;-256.95;-255.949;14:28:36
615;29.9385;28.9878;-256.747;-256.254;-256.7;-256.903;-256.958;-255.956;14:28:36
616;29.9542;29.0113;-256.747;-256.258;-256.7;-256.911;-256.942;-255.949;14:28:37
617;29.9777;29.0269;-256.743;-256.25;-256.7;-256.911;-256.958;-255.949;14:28:37
618;30.0011;29.0347;-256.747;-256.254;-256.7;-256.911;-256.95;-255.949;14:28:38
619;30.0168;29.0465;-256.743;-256.25;-256.7;-256.903;-256.95;-255.956;14:28:38
620;30.0363;29.0621;-256.747;-256.25;-256.7;-256.911;-256.95;-255.949;14:28:39
621;30.0481;29.0699;-256.747;-256.254;-256.7;-256.903;-256.958;-255.956;14:28:39
622;30.052;29.0778;-256.743;-256.25;-256.7;-256.911;-256.942;-255.949;14:28:40
623;30.0676;29.0856;-256.747;-256.254;-256.7;-256.911;-256.958;-255.956;14:28:40
624;30.0755;29.0934;-256.743;-256.254;-256.7;-256.911;-256.95;-255.949;14:28:41
625;30.0755;29.0934;-256.747;-256.25;-256.708;-256.911;-256.95;-255.956;14:28:41
626;30.0833;29.0856;-256.735;-256.25;-256.692;-256.911;-256.95;-255.956;14:28:42
627;30.0755;29.0856;-256.743;-256.25;-256.708;-256.911;-256.95;-255.956;14:28:42
628;30.0598;29.0778;-256.743;-256.25;-256.7;-256.911;-256.942;-255.949;14:28:43
629;30.0676;29.0699;-256.743;-256.254;-256.7;-256.911;-256.95;-255.956;14:28:43
630;30.052;29.0699;-256.743;-256.25;-256.708;-256.919;-256.95;-255.956;14:28:44
631;30.0442;29.0543;-256.747;-256.25;-256.7;-256.903;-256.95;-255.956;14:28:44
632;30.0403;29.0621;-256.743;-256.254;-256.7;-256.911;-256.95;-255.964;14:28:45
633;30.0324;29.0465;-256.743;-256.25;-256.7;-256.911;-256.942;-255.956;14:28:45
634;30.0285;29.0465;-256.743;-256.25;-256.7;-256.911;-256.95;-255.956;14:28:46
635;30.0168;29.0347;-256.735;-256.246;-256.7;-256.911;-256.942;-255.949;14:28:46
636;30.009;29.0308;-256.747;-256.254;-256.708;-256.911;-256.942;-255.956;14:28:47
637;29.9855;29.0269;-256.747;-256.25;-256.7;-256.911;-256.935;-255.949;14:28:47
638;29.9777;29.0034;-256.743;-256.254;-256.7;-256.911;-256.935;-255.956;14:28:48
639;29.9698;28.9956;-256.743;-256.246;-256.7;-256.911;-256.935;-255.956;14:28:48
640;29.9464;28.9878;-256.747;-256.254;-256.692;-256.911;-256.942;-255.956;14:28:49
641;29.9464;28.9878;-256.743;-256.246;-256.7;-256.911;-256.942;-255.949;14:28:49
642;29.9464;28.9878;-256.747;-256.25;-256.692;-256.919;-256.942;-255.949;14:28:50
643;29.9542;28.9878;-256.747;-256.246;-256.708;-256.911;-256.95;-255.949;14:28:50
644;29.9698;28.9956;-256.743;-256.25;-256.692;-256.911;-256.935;-255.956;14:28:51
645;29.9855;29.0113;-256.747;-256.25;-256.7;-256.911;-256.95;-255.949;14:28:51
646;30.0011;29.0269;-256.747;-256.246;-256.708;-256.911;-256.942;-255.949;14:28:52
647;30.0246;29.0347;-256.751;-256.25;-256.7;-256.911;-256.942;-255.956;14:28:52
648;30.0363;29.0426;-256.743;-256.25;-256.7;-256.911;-256.942;-255.956;14:28:53
649;30.0442;29.0426;-256.747;-256.25;-256.7;-256.911;-256.942;-255.956;14:28:53
650;30.0442;29.0504;-256.747;-256.25;-256.7;-256.911;-256.942;-255.949;14:28:54
651;30.052;29.0582;-256.747;-256.246;-256.708;-256.911;-256.942;-255.956;14:28:54
652;30.052;29.0426;-256.743;-256.25;-256.692;-256.911;-256.942;-255.956;14:28:55
653;30.0598;29.0465;-256.747;-256.246;-256.708;-256.903;-256.95;-255.949;14:28:55
654;30.052;29.0465;-256.743;-256.25;-256.692;-256.919;-256.95;-255.956;14:28:56
655;30.0442;29.0426;-256.747;-256.246;-256.7;-256.903;-256.95;-255.949;14:28:56
656;30.0403;29.0386;-256.747;-256.246;-256.692;-256.919;-256.942;-255.956;14:28:57
657;30.0363;29.0347;-256.743;-256.25;-256.7;-256.911;-256.942;-255.949;14:28:57
658;30.0324;29.0347;-256.739;-256.246;-256.692;-256.911;-256.942;-255.949;14:28:58
659;30.0285;29.0308;-256.743;-256.25;-256.7;-256.911;-256.942;-255.949;14:28:58
660;30.0246;29.0269;-256.743;-256.246;-256.692;-256.911;-256.935;-255.956;14:28:59
661;30.0168;29.0113;-256.735;-256.25;-256.7;-256.903;-256.95;-255.949;14:28:59
662;30.0011;29.0113;-256.747;-256.25;-256.692;-256.911;-256.942;-255.949;14:29:00
663;29.9933;28.9956;-256.743;-256.246;-256.7;-256.903;-256.95;-255.949;14:29:00
664;29.9777;28.98;-256.751;-256.25;-256.692;-256.911;-256.942;-255.956;14:29:01
665;29.9698;28.9721;-256.743;-256.25;-256.692;-256.911;-256.942;-255.949;14:29:01
666;29.9542;28.9643;-256.739;-256.25;-256.7;-256.903;-256.942;-255.949;14:29:02
667;29.9385;28.9565;-256.735;-256.25;-256.692;-256.911;-256.95;-255.949;14:29:02
668;29.9385;28.9565;-256.735;-256.25;-256.708;-256.911;-256.942;-255.949;14:29:03
669;29.9464;28.9565;-256.743;-256.246;-256.692;-256.903;-256.95;-255.956;14:29:03
670;29.9464;28.9643;-256.735;-256.254;-256.7;-256.911;-256.942;-255.949;14:29:04
671;29.9698;28.98;-256.743;-256.246;-256.7;-256.903;-256.95;-255.949;14:29:04
672;29.9777;29.0034;-256.743;-256.25;-256.692;-256.911;-256.942;-255.949;14:29:05
673;30.009;29.0191;-256.747;-256.25;-256.692;-256.911;-256.95;-255.949;14:29:05
674;30.0168;29.0269;-256.747;-256.246;-256.692;-256.911;-256.942;-255.949;14:29:06
675;30.0324;29.0347;-256.743;-256.25;-256.7;-256.911;-256.95;-255.949;14:29:06
676;30.0285;29.0347;-256.747;-256.25;-256.692;-256.911;-256.942;-255.949;14:29:07
677;30.0324;29.0386;-256.747;-256.25;-256.684;-256.911;-256.95;-255.949;14:29:07
678;30.0324;29.0386;-256.747;-256.25;-256.692;-256.903;-256.942;-255.949;14:29:08
679;30.0324;29.0347;-256.743;-256.25;-256.692;-256.895;-256.958;-255.949;14:29:08
680;30.0285;29.0308;-256.747;-256.25;-256.692;-256.903;-256.95;-255.949;14:29:09
681;30.0246;29.0308;-256.747;-256.246;-256.692;-256.903;-256.95;-255.949;14:29:09
682;30.0246;29.0269;-256.747;-256.25;-256.692;-256.911;-256.95;-255.949;14:29:10
683;30.0168;29.0269;-256.747;-256.246;-256.7;-256.903;-256.95;-255.949;14:29:10
684;30.0168;29.0113;-256.747;-256.25;-256.684;-256.903;-256.958;-255.941;14:29:11
685;30.0011;29.0034;-256.747;-256.25;-256.692;-256.903;-256.95;-255.956;14:29:11
686;30.0011;28.9956;-256.747;-256.25;-256.692;-256.903;-256.95;-255.941;14:29:12
687;29.9855;28.9956;-256.743;-256.25;-256.7;-256.911;-256.95;-255.949;14:29:12
688;29.9777;28.98;-256.751;-256.25;-256.692;-256.903;-256.95;-255.949;14:29:13
689;29.9698;28.9721;-256.743;-256.246;-256.7;-256.903;-256.95;-255.949;14:29:13
690;29.9542;28.9565;-256.747;-256.25;-256.692;-256.911;-256.95;-255.949;14:29:14
691;29.9385;28.9487;-256.747;-256.25;-256.684;-256.911;-256.95;-255.949;14:29:14
692;29.9229;28.933;-256.747;-256.25;-256.684;-256.911;-256.942;-255.949;14:29:15
693;29.9151;28.9408;-256.743;-256.25;-256.692;-256.911;-256.958;-255.941;14:29:15
694;29.9151;28.9487;-256.747;-256.25;-256.692;-256.911;-256.95;-255.949;14:29:16
695;29.9307;28.9408;-256.743;-256.25;-256.692;-256.911;-256.958;-255.949;14:29:16
696;29.9464;28.9565;-256.747;-256.25;-256.7;-256.903;-256.958;-255.949;14:29:17
697;29.962;28.9721;-256.743;-256.246;-256.7;-256.911;-256.958;-255.949;14:29:17
698;29.9777;28.98;-256.747;-256.25;-256.692;-256.911;-256.958;-255.949;14:29:18
699;30.009;29.0034;-256.747;-256.25;-256.7;-256.911;-256.958;-255.949;14:29:18
700;30.0246;29.0269;-256.747;-256.25;-256.692;-256.911;-256.95;-255.945;14:29:19
701;30.0363;29.0347;-256.735;-256.25;-256.7;-256.911;-256.95;-255.956;14:29:19
702;30.0442;29.0386;-256.747;-256.254;-256.692;-256.911;-256.95;-255.949;14:29:20
703;30.0598;29.0426;-256.743;-256.25;-256.692;-256.911;-256.942;-255.956;14:29:20
704;30.0598;29.0465;-256.747;-256.254;-256.7;-256.919;-256.942;-255.949;14:29:21
705;30.0598;29.0426;-256.743;-256.25;-256.692;-256.903;-256.958;-255.949;14:29:21
706;30.0676;29.0426;-256.735;-256.25;-256.692;-256.911;-256.95;-255.949;14:29:22
707;30.052;29.0426;-256.735;-256.254;-256.7;-256.911;-256.958;-255.949;14:29:22
708;30.052;29.0386;-256.743;-256.246;-256.692;-256.911;-256.95;-255.956;14:29:23
709;30.052;29.0426;-256.735;-256.254;-256.7;-256.911;-256.95;-255.949;14:29:23
710;30.0442;29.0386;-256.743;-256.25;-256.7;-256.919;-256.95;-255.949;14:29:24
711;30.0442;29.0347;-256.743;-256.258;-256.7;-256.911;-256.95;-255.949;14:29:24
712;30.0442;29.0386;-256.735;-256.262;-256.7;-256.911;-256.95;-255.956;14:29:25
713;30.0363;29.0308;-256.743;-256.25;-256.692;-256.911;-256.958;-255.949;14:29:25
714;30.0285;29.0191;-256.747;-256.254;-256.7;-256.911;-256.95;-255.956;14:29:26
715;30.0285;29.0113;-256.743;-256.254;-256.7;-256.911;-256.95;-255.949;14:29:26
716;30.0168;29.0034;-256.735;-256.254;-256.7;-256.911;-256.958;-255.956;14:29:27
717;30.009;28.9878;-256.743;-256.25;-256.7;-256.911;-256.95;-255.956;14:29:27
718;29.9855;28.9878;-256.743;-256.254;-256.692;-256.911;-256.95;-255.956;14:29:28
719;29.9855;28.9721;-256.735;-256.254;-256.7;-256.919;-256.95;-255.949;14:29:28
720;29.962;28.9565;-256.743;-256.25;-256.7;-256.903;-256.95;-255.956;14:29:29
721;29.9542;28.9565;-256.743;-256.254;-256.7;-256.911;-256.95;-255.949;14:29:29
722;29.9464;28.9565;-256.747;-256.254;-256.692;-256.911;-256.95;-255.956;14:29:30
723;29.9464;28.9565;-256.747;-256.254;-256.692;-256.903;-256.958;-255.949;14:29:30
724;29.9464;28.9721;-256.743;-256.25;-256.692;-256.895;-256.95;-255.949;14:29:31
725;29.962;28.98;-256.743;-256.25;-256.692;-256.911;-256.942;-255.949;14:29:31
726;29.9777;28.9878;-256.747;-256.254;-256.692;-256.903;-256.95;-255.949;14:29:32
727;30.0011;29.0113;-256.743;-256.25;-256.692;-256.911;-256.95;-255.949;14:29:32
728;30.0168;29.0269;-256.747;-256.254;-256.692;-256.911;-256.958;-255.956;14:29:33
729;30.0324;29.0386;-256.747;-256.254;-256.7;-256.911;-256.958;-255.949;14:29:33
730;30.0363;29.0426;-256.743;-256.254;-256.692;-256.911;-256.95;-255.956;14:29:34
731;30.0442;29.0465;-256.743;-256.254;-256.7;-256.919;-256.958;-255.956;14:29:34
732;30.052;29.0465;-256.747;-256.254;-256.692;-256.919;-256.958;-255.949;14:29:35
733;30.0598;29.0465;-256.747;-256.254;-256.692;-256.911;-256.958;-255.956;14:29:35
734;30.052;29.0465;-256.743;-256.25;-256.7;-256.919;-256.958;-255.964;14:29:36
735;30.0598;29.0426;-256.747;-256.25;-256.692;-256.911;-256.958;-255.949;14:29:36
736;30.052;29.0426;-256.743;-256.254;-256.692;-256.911;-256.95;-255.956;14:29:37
737;30.0442;29.0386;-256.747;-256.25;-256.7;-256.903;-256.958;-255.949;14:29:37
738;30.0403;29.0347;-256.747;-256.254;-256.7;-256.911;-256.95;-255.956;14:29:38
739;30.0403;29.0308;-256.743;-256.25;-256.692;-256.919;-256.958;-255.949;14:29:38
740;30.0324;29.0308;-256.751;-256.254;-256.692;-256.911;-256.95;-255.956;14:29:39
741;30.0246;29.0269;-256.747;-256.254;-256.692;-256.903;-256.95;-255.956;14:29:39
742;30.0207;29.0034;-256.747;-256.25;-256.692;-256.911;-256.958;-255.949;14:29:40
743;30.0011;28.9956;-256.751;-256.25;-256.692;-256.903;-256.95;-255.949;14:29:40
744;29.9933;28.9878;-256.747;-256.25;-256.692;-256.911;-256.95;-255.956;14:29:41
745;29.9777;28.98;-256.747;-256.254;-256.692;-256.911;-256.95;-255.956;14:29:41
746;29.962;28.9643;-256.735;-256.254;-256.7;-256.911;-256.935;-255.949;14:29:42
747;29.9542;28.9643;-256.743;-256.254;-256.7;-256.919;-256.942;-255.956;14:29:42
748;29.9385;28.9565;-256.743;-256.254;-256.692;-256.919;-256.95;-255.956;14:29:43
749;29.9307;28.9408;-256.735;-256.254;-256.7;-256.903;-256.95;-255.956;14:29:43
750;29.9307;28.9408;-256.743;-256.254;-256.7;-256.911;-256.958;-255.949;14:29:44
751;29.9307;28.9408;-256.735;-256.25;-256.692;-256.911;-256.95;-255.956;14:29:44
752;29.9307;28.9487;-256.743;-256.254;-256.7;-256.911;-256.95;-255.941;14:29:45
753;29.9385;28.9565;-256.735;-256.254;-256.7;-256.911;-256.95;-255.956;14:29:45
754;29.9542;28.9721;-256.743;-256.25;-256.692;-256.911;-256.942;-255.949;14:29:46
755;29.9698;28.98;-256.743;-256.254;-256.7;-256.903;-256.95;-255.956;14:29:46
756;29.9933;28.9956;-256.735;-256.25;-256.7;-256.903;-256.95;-255.949;14:29:47
757;30.0168;29.0191;-256.739;-256.254;-256.692;-256.903;-256.95;-255.949;14:29:47
758;30.0324;29.0347;-256.743;-256.25;-256.708;-256.903;-256.95;-255.956;14:29:48
759;30.0442;29.0426;-256.747;-256.254;-256.7;-256.911;-256.95;-255.956;14:29:48
760;30.0598;29.0543;-256.743;-256.254;-256.7;-256.903;-256.95;-255.949;14:29:49
761;30.0833;29.0699;-256.747;-256.25;-256.7;-256.903;-256.95;-255.956;14:29:49
762;30.0911;29.0778;-256.743;-256.254;-256.7;-256.911;-256.95;-255.949;14:29:50
763;30.0989;29.0778;-256.747;-256.254;-256.7;-256.903;-256.95;-255.956;14:29:50
764;30.0911;29.0934;-256.743;-256.254;-256.692;-256.903;-256.95;-255.949;14:29:51
765;30.0911;29.0856;-256.747;-256.25;-256.7;-256.911;-256.942;-255.949;14:29:51
766;30.0911;29.0778;-256.747;-256.254;-256.7;-256.903;-256.95;-255.956;14:29:52
767;30.0833;29.0856;-256.739;-256.254;-256.7;-256.903;-256.942;-255.956;14:29:52
768;30.0833;29.0778;-256.743;-256.254;-256.7;-256.895;-256.95;-255.949;14:29:53
769;30.0755;29.0621;-256.747;-256.25;-256.7;-256.911;-256.95;-255.949;14:29:53
770;30.0755;29.0699;-256.743;-256.254;-256.7;-256.903;-256.942;-255.949;14:29:54
771;30.0755;29.0543;-256.743;-256.254;-256.692;-256.903;-256.935;-255.956;14:29:54
772;30.052;29.0543;-256.743;-256.254;-256.7;-256.911;-256.95;-255.949;14:29:55
773;30.052;29.0426;-256.743;-256.254;-256.7;-256.903;-256.935;-255.956;14:29:55
774;30.0363;29.0426;-256.743;-256.254;-256.7;-256.911;-256.95;-255.949;14:29:56
775;30.0324;29.0347;-256.743;-256.254;-256.7;-256.903;-256.942;-255.949;14:29:56
776;30.0285;29.0347;-256.747;-256.25;-256.692;-256.903;-256.942;-255.964;14:29:57
777;30.0168;29.0191;-256.747;-256.254;-256.7;-256.903;-256.942;-255.949;14:29:57
778;30.0011;29.0191;-256.743;-256.25;-256.708;-256.911;-256.942;-255.956;14:29:58
779;29.9933;29.0034;-256.747;-256.25;-256.7;-256.903;-256.942;-255.956;14:29:58
780;29.9855;28.9956;-256.747;-256.25;-256.708;-256.903;-256.95;-255.949;14:29:59
781;29.962;28.9878;-256.747;-256.254;-256.692;-256.903;-256.942;-255.956;14:29:59
782;29.9542;28.98;-256.747;-256.246;-256.7;-256.903;-256.942;-255.949;14:30:00
783;29.9464;28.9721;-256.751;-256.254;-256.692;-256.903;-256.942;-255.956;14:30:00
784;29.9307;28.9643;-256.747;-256.25;-256.7;-256.903;-256.95;-255.949;14:30:01
785;29.9307;28.9565;-256.751;-256.25;-256.7;-256.911;-256.942;-255.956;14:30:01
786;29.9385;28.9721;-256.751;-256.246;-256.7;-256.903;-256.95;-255.949;14:30:02
787;29.9464;28.98;-256.747;-256.25;-256.692;-256.903;-256.942;-255.956;14:30:02
788;29.9698;28.9956;-256.747;-256.25;-256.692;-256.911;-256.942;-255.949;14:30:03
789;29.9855;29.0113;-256.747;-256.25;-256.692;-256.911;-256.95;-255.949;14:30:03
790;30.0168;29.0308;-256.747;-256.246;-256.692;-256.911;-256.942;-255.949;14:30:04
791;30.0285;29.0347;-256.747;-256.25;-256.7;-256.911;-256.942;-255.956;14:30:04
792;30.0403;29.0465;-256.747;-256.25;-256.692;-256.911;-256.958;-255.949;14:30:05
793;30.0442;29.0621;-256.747;-256.25;-256.7;-256.911;-256.95;-255.956;14:30:05
794;30.0598;29.0621;-256.747;-256.246;-256.7;-256.903;-256.95;-255.956;14:30:06
795;30.0676;29.0621;-256.743;-256.25;-256.7;-256.911;-256.95;-255.949;14:30:06
796;30.0755;29.0778;-256.747;-256.25;-256.708;-256.911;-256.95;-255.956;14:30:07
797;30.0676;29.0621;-256.747;-256.246;-256.692;-256.911;-256.95;-255.956;14:30:07
798;30.0676;29.0699;-256.743;-256.25;-256.708;-256.911;-256.942;-255.941;14:30:08
799;30.0598;29.0621;-256.747;-256.25;-256.692;-256.903;-256.935;-255.949;14:30:08
800;30.052;29.0621;-256.747;-256.246;-256.7;-256.911;-256.95;-255.949;14:30:09
801;30.0442;29.0621;-256.747;-256.25;-256.692;-256.903;-256.935;-255.949;14:30:09
802;30.0403;29.0543;-256.747;-256.25;-256.7;-256.911;-256.95;-255.949;14:30:10
803;30.0363;29.0426;-256.747;-256.25;-256.692;-256.911;-256.942;-255.949;14:30:10
804;30.0363;29.0426;-256.747;-256.246;-256.7;-256.911;-256.942;-255.949;14:30:11
805;30.0285;29.0347;-256.747;-256.25;-256.7;-256.911;-256.95;-255.949;14:30:11
806;30.0246;29.0347;-256.743;-256.25;-256.7;-256.911;-256.958;-255.949;14:30:12
807;30.009;29.0308;-256.735;-256.25;-256.7;-256.911;-256.95;-255.956;14:30:12
808;29.9933;29.0191;-256.735;-256.246;-256.708;-256.911;-256.95;-255.949;14:30:13
809;29.9855;29.0113;-256.735;-256.25;-256.7;-256.911;-256.958;-255.956;14:30:13
810;29.962;28.9956;-256.727;-256.25;-256.7;-256.911;-256.95;-255.949;14:30:14
811;29.9464;28.9878;-256.735;-256.25;-256.7;-256.911;-256.95;-255.949;14:30:14
812;29.9307;28.98;-256.743;-256.246;-256.7;-256.911;-256.95;-255.956;14:30:15
813;29.9151;28.9643;-256.735;-256.25;-256.7;-256.911;-256.942;-255.949;14:30:15
814;29.9229;28.9721;-256.735;-256.242;-256.692;-256.911;-256.942;-255.956;14:30:16
815;29.9307;28.9643;-256.735;-256.25;-256.7;-256.911;-256.942;-255.956;14:30:16
816;29.9385;28.98;-256.735;-256.246;-256.7;-256.903;-256.942;-255.949;14:30:17
817;29.9542;28.9878;-256.735;-256.246;-256.692;-256.911;-256.942;-255.949;14:30:17
818;29.9698;29.0113;-256.727;-256.246;-256.7;-256.911;-256.942;-255.956;14:30:18
819;29.9933;29.0191;-256.735;-256.25;-256.692;-256.911;-256.942;-255.956;14:30:18
820;30.0168;29.0386;-256.727;-256.246;-256.7;-256.911;-256.95;-255.949;14:30:19
821;30.0285;29.0504;-256.735;-256.25;-256.692;-256.911;-256.942;-255.956;14:30:19
822;30.0403;29.0543;-256.735;-256.246;-256.7;-256.895;-256.95;-255.956;14:30:20
823;30.0598;29.0699;-256.735;-256.25;-256.7;-256.903;-256.935;-255.956;14:30:20
824;30.0598;29.0778;-256.727;-256.242;-256.7;-256.903;-256.95;-255.949;14:30:21
825;30.0676;29.0699;-256.743;-256.25;-256.692;-256.911;-256.942;-255.956;14:30:21
826;30.0755;29.0778;-256.735;-256.246;-256.7;-256.903;-256.95;-255.956;14:30:22
827;30.0598;29.0699;-256.743;-256.25;-256.692;-256.911;-256.942;-255.949;14:30:22
828;30.0598;29.0699;-256.735;-256.246;-256.7;-256.911;-256.95;-255.956;14:30:23
829;30.0598;29.0699;-256.735;-256.25;-256.7;-256.911;-256.95;-255.949;14:30:23
830;30.0598;29.0621;-256.735;-256.246;-256.7;-256.911;-256.95;-255.956;14:30:24
831;30.0442;29.0543;-256.743;-256.254;-256.692;-256.903;-256.95;-255.956;14:30:24
832;30.0481;29.0465;-256.747;-256.254;-256.7;-256.911;-256.95;-255.949;14:30:25
833;30.0403;29.0426;-256.743;-256.25;-256.7;-256.911;-256.942;-255.956;14:30:25
834;30.0285;29.0426;-256.743;-256.25;-256.7;-256.911;-256.942;-255.956;14:30:26
835;30.0246;29.0386;-256.743;-256.25;-256.692;-256.903;-256.95;-255.949;14:30:26
836;30.009;29.0347;-256.747;-256.254;-256.708;-256.911;-256.942;-255.949;14:30:27
837;29.9933;29.0269;-256.743;-256.25;-256.692;-256.903;-256.958;-255.949;14:30:27
838;29.9933;29.0191;-256.747;-256.25;-256.7;-256.903;-256.95;-255.956;14:30:28
839;29.9777;29.0113;-256.747;-256.25;-256.692;-256.911;-256.95;-255.949;14:30:28
840;29.962;29.0034;-256.743;-256.25;-256.7;-256.903;-256.942;-255.941;14:30:29
841;29.9385;28.9878;-256.747;-256.25;-256.7;-256.903;-256.942;-255.949;14:30:29
842;29.9307;28.98;-256.743;-256.25;-256.692;-256.903;-256.958;-255.949;14:30:30
843;29.9229;28.9721;-256.743;-256.25;-256.7;-256.911;-256.95;-255.949;14:30:30
844;29.9229;28.9721;-256.743;-256.254;-256.7;-256.903;-256.958;-255.949;14:30:31
845;29.9151;28.98;-256.747;-256.25;-256.692;-256.911;-256.958;-255.949;14:30:31
846;29.9385;28.9878;-256.747;-256.25;-256.7;-256.911;-256.958;-255.941;14:30:32
847;29.9464;28.9956;-256.743;-256.254;-256.692;-256.911;-256.958;-255.949;14:30:32
848;29.9698;29.0113;-256.747;-256.25;-256.692;-256.911;-256.958;-255.949;14:30:33
849;29.9777;29.0191;-256.747;-256.25;-256.692;-256.919;-256.958;-255.949;14:30:33
850;30.009;29.0386;-256.743;-256.25;-256.692;-256.911;-256.958;-255.956;14:30:34
851;30.0246;29.0386;-256.751;-256.254;-256.7;-256.919;-256.95;-255.949;14:30:34
852;30.0403;29.0543;-256.747;-256.25;-256.7;-256.911;-256.958;-255.949;14:30:35
853;30.0442;29.0543;-256.751;-256.254;-256.7;-256.919;-256.958;-255.956;14:30:35
854;30.0598;29.0699;-256.751;-256.254;-256.7;-256.911;-256.95;-255.949;14:30:36
855;30.0598;29.0621;-256.747;-256.25;-256.692;-256.911;-256.958;-255.949;14:30:36
856;30.0598;29.0699;-256.747;-256.254;-256.7;-256.919;-256.95;-255.949;14:30:37
857;30.0676;29.0699;-256.747;-256.254;-256.7;-256.919;-256.95;-255.956;14:30:37
858;30.0598;29.0621;-256.751;-256.25;-256.7;-256.919;-256.958;-255.956;14:30:38
859;30.052;29.0621;-256.747;-256.25;-256.7;-256.919;-256.95;-255.949;14:30:38
860;30.0442;29.0543;-256.747;-256.246;-256.7;-256.911;-256.95;-255.949;14:30:39
861;30.052;29.0426;-256.751;-256.25;-256.7;-256.911;-256.95;-255.956;14:30:39
862;30.0442;29.0426;-256.751;-256.25;-256.7;-256.911;-256.958;-255.956;14:30:40
863;30.0403;29.0347;-256.751;-256.25;-256.7;-256.903;-256.942;-255.949;14:30:40
864;30.0363;29.0308;-256.747;-256.25;-256.708;-256.911;-256.958;-255.956;14:30:41
865;30.0246;29.0191;-256.751;-256.25;-256.7;-256.911;-256.95;-255.956;14:30:41
866;30.0246;29.0113;-256.747;-256.25;-256.7;-256.903;-256.958;-255.949;14:30:42
867;30.009;29.0034;-256.751;-256.25;-256.7;-256.911;-256.95;-255.949;14:30:42
868;29.9933;28.9878;-256.747;-256.25;-256.7;-256.903;-256.966;-255.949;14:30:43
869;29.9777;28.98;-256.747;-256.25;-256.7;-256.911;-256.958;-255.949;14:30:43
870;29.962;28.9643;-256.747;-256.25;-256.7;-256.903;-256.958;-255.949;14:30:44
871;29.9464;28.9565;-256.747;-256.25;-256.708;-256.911;-256.95;-255.956;14:30:44
872;29.9464;28.9487;-256.747;-256.254;-256.7;-256.903;-256.958;-255.949;14:30:45
873;29.9307;28.9487;-256.747;-256.25;-256.7;-256.911;-256.95;-255.956;14:30:45
874;29.9385;28.9487;-256.747;-256.25;-256.7;-256.903;-256.958;-255.949;14:30:46
875;29.9464;28.9643;-256.747;-256.246;-256.708;-256.911;-256.942;-255.949;14:30:46
876;29.962;28.98;-256.747;-256.254;-256.7;-256.903;-256.958;-255.956;14:30:47
877;29.9698;28.9878;-256.747;-256.25;-256.708;-256.919;-256.95;-255.949;14:30:47
878;30.0011;29.0034;-256.747;-256.246;-256.7;-256.903;-256.958;-255.956;14:30:48
879;30.0207;29.0269;-256.743;-256.25;-256.708;-256.919;-256.966;-255.956;14:30:48
880;30.0363;29.0386;-256.747;-256.25;-256.708;-256.911;-256.958;-255.949;14:30:49
881;30.0481;29.0465;-256.747;-256.25;-256.7;-256.911;-256.966;-255.956;14:30:49
882;30.0598;29.0465;-256.747;-256.246;-256.7;-256.911;-256.958;-255.956;14:30:50
883;30.0833;29.0621;-256.747;-256.246;-256.708;-256.919;-256.958;-255.956;14:30:50
884;30.0755;29.0621;-256.747;-256.246;-256.7;-256.903;-256.958;-255.956;14:30:51
885;30.0833;29.0699;-256.747;-256.25;-256.708;-256.911;-256.958;-255.956;14:30:51
886;30.0755;29.0699;-256.747;-256.25;-256.7;-256.911;-256.95;-255.949;14:30:52
887;30.0755;29.0621;-256.743;-256.25;-256.708;-256.919;-256.95;-255.956;14:30:52
888;30.0755;29.0543;-256.747;-256.254;-256.708;-256.911;-256.966;-255.956;14:30:53
889;30.0598;29.0543;-256.747;-256.254;-256.7;-256.919;-256.95;-255.964;14:30:53
890;30.0598;29.0465;-256.751;-256.254;-256.708;-256.911;-256.95;-255.956;14:30:54
891;30.052;29.0426;-256.747;-256.25;-256.7;-256.919;-256.95;-255.956;14:30:54
892;30.0403;29.0386;-256.751;-256.254;-256.7;-256.911;-256.95;-255.956;14:30:55
893;30.0324;29.0347;-256.747;-256.258;-256.7;-256.911;-256.958;-255.949;14:30:55
894;30.0285;29.0308;-256.747;-256.25;-256.7;-256.919;-256.958;-255.956;14:30:56
895;30.0168;29.0113;-256.747;-256.25;-256.692;-256.911;-256.95;-255.964;14:30:56
896;30.009;29.0113;-256.747;-256.254;-256.7;-256.903;-256.95;-255.956;14:30:57
897;29.9933;28.9956;-256.747;-256.254;-256.7;-256.919;-256.95;-255.949;14:30:57
898;29.9933;28.98;-256.747;-256.254;-256.7;-256.911;-256.95;-255.956;14:30:58
899;29.9698;28.9643;-256.747;-256.25;-256.7;-256.911;-256.958;-255.949;14:30:58
900;29.962;28.9565;-256.747;-256.254;-256.7;-256.903;-256.95;-255.956;14:30:59
901;29.9542;28.9565;-256.743;-256.25;-256.692;-256.911;-256.95;-255.964;14:30:59
902;29.9542;28.9487;-256.747;-256.25;-256.7;-256.911;-256.958;-255.956;14:31:00
903;29.9464;28.9565;-256.747;-256.25;-256.7;-256.911;-256.942;-255.956;14:31:00
904;29.9464;28.9643;-256.747;-256.25;-256.692;-256.903;-256.95;-255.956;14:31:01
905;29.962;28.98;-256.747;-256.254;-256.7;-256.911;-256.942;-255.949;14:31:01
906;29.9855;28.9878;-256.747;-256.25;-256.7;-256.895;-256.958;-255.956;14:31:02
907;30.0011;29.0113;-256.747;-256.254;-256.7;-256.903;-256.95;-255.949;14:31:02
908;30.009;29.023;-256.747;-256.25;-256.7;-256.903;-256.958;-255.956;14:31:03
909;30.0285;29.0347;-256.747;-256.254;-256.692;-256.903;-256.958;-255.956;14:31:03
910;30.0363;29.0386;-256.747;-256.25;-256.7;-256.911;-256.958;-255.949;14:31:04
911;30.0403;29.0426;-256.747;-256.25;-256.7;-256.911;-256.958;-255.956;14:31:04
912;30.0403;29.0465;-256.747;-256.254;-256.7;-256.903;-256.958;-255.956;14:31:05
913;30.0442;29.0465;-256.743;-256.25;-256.692;-256.911;-256.958;-255.949;14:31:05
914;30.0442;29.0465;-256.747;-256.254;-256.692;-256.911;-256.95;-255.949;14:31:06
915;30.0403;29.0426;-256.747;-256.25;-256.7;-256.903;-256.942;-255.956;14:31:06
916;30.0403;29.0543;-256.747;-256.254;-256.7;-256.911;-256.95;-255.949;14:31:07
917;30.0324;29.0426;-256.747;-256.25;-256.692;-256.903;-256.942;-255.949;14:31:07
918;30.0363;29.0386;-256.743;-256.25;-256.692;-256.903;-256.95;-255.956;14:31:08
919;30.0285;29.0308;-256.747;-256.25;-256.7;-256.903;-256.942;-255.949;14:31:08
920;30.0168;29.0308;-256.747;-256.25;-256.7;-256.895;-256.95;-255.956;14:31:09
921;30.009;29.0269;-256.747;-256.254;-256.692;-256.903;-256.95;-255.941;14:31:09
922;30.0011;29.0269;-256.743;-256.25;-256.7;-256.895;-256.95;-255.956;14:31:10
923;29.9855;29.0191;-256.747;-256.254;-256.692;-256.895;-256.958;-255.949;14:31:10
924;29.9855;29.0034;-256.743;-256.25;-256.7;-256.903;-256.95;-255.949;14:31:11
925;29.962;29.0034;-256.747;-256.25;-256.692;-256.895;-256.942;-255.956;14:31:11
926;29.962;28.9956;-256.751;-256.25;-256.7;-256.903;-256.95;-255.949;14:31:12
927;29.9464;28.98;-256.747;-256.25;-256.7;-256.903;-256.95;-255.949;14:31:12
928;29.9542;28.9956;-256.743;-256.246;-256.7;-256.895;-256.942;-255.956;14:31:13
929;29.962;28.9956;-256.747;-256.25;-256.692;-256.903;-256.95;-255.949;14:31:13
930;29.962;29.0034;-256.743;-256.25;-256.708;-256.903;-256.942;-255.949;14:31:14
931;29.9855;29.0191;-256.743;-256.25;-256.7;-256.911;-256.942;-255.949;14:31:14
932;30.009;29.0308;-256.743;-256.25;-256.7;-256.903;-256.942;-255.949;14:31:15
933;30.0168;29.0386;-256.743;-256.246;-256.692;-256.903;-256.942;-255.949;14:31:15
934;30.0324;29.0426;-256.747;-256.25;-256.692;-256.911;-256.958;-255.949;14:31:16
935;30.0442;29.0465;-256.747;-256.246;-256.692;-256.911;-256.95;-255.949;14:31:16
936;30.0442;29.0621;-256.747;-256.25;-256.692;-256.903;-256.942;-255.956;14:31:17
937;30.0598;29.0621;-256.747;-256.25;-256.7;-256.911;-256.95;-255.956;14:31:17
938;30.052;29.0621;-256.743;-256.246;-256.7;-256.911;-256.958;-255.956;14:31:18
939;30.0442;29.0543;-256.751;-256.25;-256.692;-256.903;-256.95;-255.956;14:31:18
940;30.052;29.0543;-256.743;-256.246;-256.692;-256.911;-256.942;-255.956;14:31:19
941;30.0403;29.0543;-256.747;-256.25;-256.7;-256.911;-256.95;-255.956;14:31:19
942;30.0403;29.0426;-256.747;-256.25;-256.692;-256.895;-256.958;-255.956;14:31:20
943;30.0363;29.0386;-256.747;-256.25;-256.7;-256.903;-256.95;-255.956;14:31:20
944;30.0363;29.0386;-256.747;-256.25;-256.7;-256.903;-256.958;-255.956;14:31:21
945;30.0285;29.0347;-256.751;-256.25;-256.7;-256.911;-256.95;-255.956;14:31:21
946;30.0246;29.023;-256.747;-256.246;-256.692;-256.903;-256.95;-255.956;14:31:22
947;30.009;29.0191;-256.747;-256.25;-256.7;-256.895;-256.95;-255.956;14:31:22
948;29.9933;29.0113;-256.743;-256.25;-256.7;-256.903;-256.958;-255.964;14:31:23
949;29.9855;29.0034;-256.747;-256.246;-256.7;-256.911;-256.958;-255.956;14:31:23
950;29.9777;28.9956;-256.743;-256.25;-256.7;-256.903;-256.958;-255.956;14:31:24
951;29.962;28.98;-256.747;-256.25;-256.7;-256.911;-256.95;-255.949;14:31:24
952;29.9464;28.98;-256.747;-256.25;-256.692;-256.903;-256.958;-255.956;14:31:25
953;29.9542;28.9721;-256.743;-256.246;-256.692;-256.911;-256.958;-255.956;14:31:25
954;29.962;28.98;-256.743;-256.25;-256.7;-256.911;-256.958;-255.949;14:31:26
955;29.9698;28.98;-256.747;-256.25;-256.7;-256.911;-256.95;-255.956;14:31:26
956;29.9777;29.0034;-256.747;-256.25;-256.7;-256.903;-256.95;-255.956;14:31:27
957;30.0011;29.0034;-256.743;-256.25;-256.692;-256.911;-256.95;-255.949;14:31:27
958;30.0168;29.0269;-256.747;-256.246;-256.7;-256.911;-256.95;-255.956;14:31:28
959;30.0324;29.0347;-256.747;-256.25;-256.692;-256.919;-256.942;-255.956;14:31:28
960;30.0442;29.0426;-256.743;-256.25;-256.692;-256.911;-256.958;-255.956;14:31:29
961;30.0442;29.0504;-256.747;-256.254;-256.7;-256.919;-256.95;-255.949;14:31:29
962;30.0598;29.0465;-256.743;-256.25;-256.692;-256.911;-256.942;-255.956;14:31:30
963;30.0598;29.0543;-256.743;-256.254;-256.692;-256.911;-256.942;-255.964;14:31:30
964;30.0598;29.0465;-256.735;-256.25;-256.7;-256.919;-256.942;-255.956;14:31:31
965;30.052;29.0465;-256.743;-256.25;-256.684;-256.911;-256.942;-255.956;14:31:31
966;30.052;29.0426;-256.743;-256.25;-256.692;-256.911;-256.95;-255.949;14:31:32
967;30.0442;29.0426;-256.743;-256.25;-256.692;-256.919;-256.942;-255.956;14:31:32
968;30.0442;29.0347;-256.735;-256.25;-256.684;-256.911;-256.942;-255.956;14:31:33
969;30.0363;29.0347;-256.743;-256.25;-256.692;-256.903;-256.935;-255.956;14:31:33
970;30.0324;29.0308;-256.735;-256.25;-256.692;-256.911;-256.95;-255.956;14:31:34
971;30.0285;29.0269;-256.735;-256.25;-256.692;-256.911;-256.95;-255.956;14:31:34
972;30.0246;29.0191;-256.719;-256.25;-256.7;-256.911;-256.95;-255.956;14:31:35
973;30.009;29.0034;-256.727;-256.25;-256.692;-256.911;-256.942;-255.956;14:31:35
974;30.0011;28.9956;-256.743;-256.246;-256.7;-256.911;-256.95;-255.956;14:31:36
975;29.9777;28.9878;-256.735;-256.246;-256.692;-256.903;-256.942;-255.956;14:31:36
976;29.9777;28.9721;-256.735;-256.25;-256.692;-256.911;-256.942;-255.956;14:31:37
977;29.962;28.9721;-256.727;-256.246;-256.692;-256.911;-256.942;-255.956;14:31:37
978;29.9542;28.9643;-256.735;-256.254;-256.7;-256.911;-256.942;-255.956;14:31:38
979;29.9464;28.9565;-256.735;-256.254;-256.692;-256.911;-256.942;-255.956;14:31:38
980;29.9385;28.9565;-256.727;-256.25;-256.692;-256.911;-256.95;-255.956;14:31:39
981;29.9385;28.9565;-256.727;-256.254;-256.692;-256.903;-256.935;-255.956;14:31:39
982;29.9464;28.9643;-256.727;-256.25;-256.692;-256.911;-256.942;-255.956;14:31:40
983;29.9542;28.9643;-256.735;-256.25;-256.7;-256.911;-256.95;-255.956;14:31:40
984;29.9777;28.98;-256.727;-256.25;-256.692;-256.911;-256.942;-255.949;14:31:41
985;29.9855;28.9956;-256.727;-256.25;-256.7;-256.911;-256.95;-255.956;14:31:41
986;30.009;29.0113;-256.735;-256.25;-256.7;-256.911;-256.942;-255.956;14:31:42
987;30.0246;29.023;-256.727;-256.254;-256.692;-256.911;-256.942;-255.956;14:31:42
988;30.0363;29.0347;-256.727;-256.25;-256.7;-256.911;-256.95;-255.956;14:31:43
989;30.0481;29.0465;-256.727;-256.254;-256.7;-256.911;-256.942;-255.956;14:31:43
990;30.0598;29.0543;-256.727;-256.254;-256.692;-256.911;-256.942;-255.956;14:31:44
991;30.0755;29.0621;-256.719;-256.254;-256.7;-256.911;-256.942;-255.949;14:31:44
992;30.0755;29.0621;-256.719;-256.254;-256.7;-256.919;-256.95;-255.956;14:31:45
993;30.0755;29.0543;-256.727;-256.254;-256.692;-256.911;-256.942;-255.949;14:31:45
994;30.0755;29.0621;-256.727;-256.262;-256.692;-256.903;-256.95;-255.956;14:31:46
995;30.0676;29.0621;-256.735;-256.25;-256.7;-256.911;-256.942;-255.949;14:31:46
996;30.0598;29.0465;-256.727;-256.254;-256.7;-256.911;-256.942;-255.956;14:31:47
997;30.052;29.0543;-256.743;-256.254;-256.7;-256.903;-256.942;-255.956;14:31:47
998;30.0442;29.0386;-256.735;-256.254;-256.7;-256.911;-256.942;-255.949;14:31:48
999;30.0403;29.0386;-256.735;-256.254;-256.692;-256.911;-256.95;-255.949;14:31:48
1000;30.0363;29.0308;-256.743;-256.25;-256.7;-256.911;-256.95;-255.949;14:31:49
1001;30.0324;29.0269;-256.735;-256.25;-256.7;-256.911;-256.95;-255.956;14:31:49
1002;30.0285;29.0191;-256.735;-256.25;-256.7;-256.911;-256.95;-255.949;14:31:50
1003;30.0168;29.0113;-256.743;-256.246;-256.692;-256.911;-256.95;-255.964;14:31:50
1004;30.009;28.9956;-256.727;-256.246;-256.7;-256.911;-256.942;-255.949;14:31:51
1005;30.0011;28.98;-256.735;-256.25;-256.692;-256.919;-256.95;-255.956;14:31:51
1006;29.9777;28.98;-256.727;-256.246;-256.7;-256.911;-256.95;-255.956;14:31:52
1007;29.9698;28.9565;-256.743;-256.25;-256.7;-256.911;-256.942;-255.949;14:31:52
1008;29.9542;28.9487;-256.743;-256.246;-256.7;-256.911;-256.942;-255.956;14:31:53
1009;29.9464;28.9408;-256.743;-256.246;-256.692;-256.911;-256.942;-255.949;14:31:53
1010;29.9307;28.933;-256.743;-256.25;-256.7;-256.903;-256.95;-255.956;14:31:54
1011;29.9307;28.933;-256.743;-256.246;-256.692;-256.919;-256.942;-255.956;14:31:54
1012;29.9307;28.9252;-256.747;-256.25;-256.7;-256.911;-256.95;-255.956;14:31:55
1013;29.9307;28.9487;-256.743;-256.246;-256.692;-256.903;-256.942;-255.949;14:31:55
1014;29.9542;28.9565;-256.747;-256.25;-256.7;-256.911;-256.95;-255.956;14:31:56
1015;29.9698;28.9721;-256.747;-256.246;-256.692;-256.919;-256.95;-255.949;14:31:56
1016;29.9933;28.9956;-256.743;-256.246;-256.7;-256.903;-256.95;-255.949;14:31:57
1017;30.0168;29.0113;-256.747;-256.246;-256.692;-256.911;-256.95;-255.956;14:31:57
1018;30.0285;29.0308;-256.743;-256.246;-256.7;-256.919;-256.942;-255.956;14:31:58
1019;30.0403;29.0426;-256.747;-256.25;-256.692;-256.911;-256.942;-255.956;14:31:58
1020;30.052;29.0465;-256.747;-256.246;-256.692;-256.911;-256.958;-255.956;14:31:59
1021;30.0755;29.0543;-256.747;-256.246;-256.7;-256.911;-256.958;-255.956;14:31:59
1022;30.0755;29.0699;-256.735;-256.25;-256.7;-256.911;-256.958;-255.956;14:32:00
1023;30.0755;29.0543;-256.727;-256.246;-256.692;-256.911;-256.95;-255.956;14:32:00
1024;30.0833;29.0699;-256.735;-256.25;-256.692;-256.903;-256.958;-255.956;14:32:01
1025;30.0755;29.0621;-256.727;-256.25;-256.7;-256.911;-256.95;-255.956;14:32:01
1026;30.0755;29.0621;-256.727;-256.25;-256.692;-256.911;-256.95;-255.956;14:32:02
1027;30.0676;29.0621;-256.727;-256.246;-256.692;-256.911;-256.95;-255.949;14:32:02
1028;30.0676;29.0543;-256.727;-256.25;-256.692;-256.911;-256.942;-255.956;14:32:03
1029;30.052;29.0543;-256.735;-256.246;-256.7;-256.903;-256.942;-255.956;14:32:03
1030;30.0442;29.0426;-256.727;-256.254;-256.692;-256.919;-256.95;-255.956;14:32:04
1031;30.0403;29.0347;-256.735;-256.25;-256.692;-256.903;-256.95;-255.949;14:32:04
1032;30.0324;29.0308;-256.743;-256.25;-256.692;-256.911;-256.95;-255.956;14:32:05
1033;30.0285;29.023;-256.739;-256.25;-256.692;-256.903;-256.942;-255.956;14:32:05
1034;30.0285;29.0191;-256.747;-256.25;-256.7;-256.919;-256.95;-255.949;14:32:06
1035;30.009;29.0113;-256.743;-256.25;-256.7;-256.903;-256.95;-255.949;14:32:06
1036;30.009;28.9956;-256.743;-256.246;-256.692;-256.911;-256.942;-255.956;14:32:07
1037;29.9855;28.98;-256.743;-256.25;-256.692;-256.903;-256.942;-255.956;14:32:07
1038;29.9698;28.9721;-256.743;-256.246;-256.692;-256.903;-256.95;-255.949;14:32:08
1039;29.9542;28.9565;-256.739;-256.25;-256.692;-256.903;-256.95;-255.956;14:32:08
1040;29.9385;28.9408;-256.743;-256.246;-256.692;-256.911;-256.95;-255.949;14:32:09
1041;29.9307;28.933;-256.743;-256.246;-256.7;-256.903;-256.95;-255.949;14:32:09
1042;29.9151;28.9095;-256.743;-256.246;-256.7;-256.903;-256.942;-255.956;14:32:10
1043;29.9151;28.9095;-256.735;-256.242;-256.7;-256.903;-256.958;-255.949;14:32:10
1044;29.9072;28.9095;-256.735;-256.25;-256.7;-256.911;-256.95;-255.949;14:32:11
1045;29.9072;28.9174;-256.747;-256.246;-256.692;-256.911;-256.942;-255.956;14:32:11
1046;29.9151;28.9174;-256.743;-256.25;-256.7;-256.903;-256.95;-255.956;14:32:12
1047;29.9229;28.933;-256.735;-256.246;-256.7;-256.903;-256.95;-255.949;14:32:12
1048;29.9464;28.9565;-256.747;-256.246;-256.7;-256.903;-256.958;-255.949;14:32:13
1049;29.9777;28.9643;-256.735;-256.246;-256.7;-256.903;-256.95;-255.949;14:32:13
1050;29.9855;28.98;-256.747;-256.246;-256.7;-256.903;-256.958;-255.956;14:32:14
1051;30.009;29.0113;-256.747;-256.242;-256.7;-256.895;-256.958;-255.956;14:32:14
1052;30.0285;29.0269;-256.743;-256.246;-256.708;-256.895;-256.942;-255.956;14:32:15
1053;30.0403;29.0386;-256.747;-256.242;-256.692;-256.903;-256.95;-255.956;14:32:15
1054;30.0598;29.0465;-256.747;-256.242;-256.7;-256.903;-256.95;-255.956;14:32:16
1055;30.0911;29.0543;-256.743;-256.246;-256.692;-256.895;-256.95;-255.956;14:32:16
1056;30.0989;29.0699;-256.747;-256.246;-256.7;-256.911;-256.95;-255.956;14:32:17
1057;30.1068;29.0699;-256.743;-256.246;-256.7;-256.903;-256.95;-255.949;14:32:17
1058;30.1146;29.0778;-256.743;-256.242;-256.692;-256.911;-256.958;-255.956;14:32:18
1059;30.1224;29.0934;-256.743;-256.246;-256.7;-256.911;-256.958;-255.956;14:32:18
1060;30.1302;29.0778;-256.743;-256.242;-256.692;-256.911;-256.95;-255.956;14:32:19
1061;30.1224;29.0778;-256.747;-256.246;-256.7;-256.903;-256.958;-255.956;14:32:19
1062;30.1224;29.0699;-256.743;-256.246;-256.692;-256.911;-256.95;-255.956;14:32:20
1063;30.1224;29.0699;-256.735;-256.246;-256.692;-256.903;-256.95;-255.949;14:32:20
1064;30.1068;29.0699;-256.743;-256.25;-256.692;-256.911;-256.95;-255.956;14:32:21
1065;30.0989;29.0543;-256.735;-256.246;-256.7;-256.911;-256.942;-255.949;14:32:21
1066;30.0833;29.0465;-256.735;-256.246;-256.7;-256.911;-256.942;-255.949;14:32:22
1067;30.0676;29.0426;-256.727;-256.246;-256.692;-256.911;-256.942;-255.949;14:32:22
1068;30.0598;29.0347;-256.735;-256.25;-256.692;-256.911;-256.942;-255.956;14:32:23
1069;30.052;29.0386;-256.735;-256.246;-256.7;-256.903;-256.942;-255.949;14:32:23
1070;30.0403;29.0308;-256.735;-256.246;-256.7;-256.903;-256.942;-255.949;14:32:24
1071;30.0363;29.023;-256.735;-256.25;-256.7;-256.911;-256.942;-255.956;14:32:24
1072;30.0207;29.0113;-256.735;-256.25;-256.692;-256.911;-256.942;-255.949;14:32:25
1073;30.0246;29.0034;-256.735;-256.246;-256.7;-256.903;-256.935;-255.949;14:32:25
1074;30.0011;28.9878;-256.735;-256.246;-256.7;-256.903;-256.942;-255.949;14:32:26
1075;29.9855;28.98;-256.735;-256.25;-256.7;-256.911;-256.95;-255.956;14:32:26
1076;29.9777;28.9643;-256.735;-256.246;-256.692;-256.911;-256.942;-255.941;14:32:27
1077;29.9698;28.9565;-256.743;-256.246;-256.7;-256.903;-256.95;-255.956;14:32:27
1078;29.9464;28.9408;-256.743;-256.25;-256.7;-256.903;-256.942;-255.949;14:32:28
1079;29.9229;28.933;-256.747;-256.246;-256.7;-256.911;-256.942;-255.949;14:32:28
1080;29.9229;28.9252;-256.743;-256.246;-256.7;-256.903;-256.942;-255.949;14:32:29
1081;29.9151;28.933;-256.747;-256.25;-256.7;-256.911;-256.95;-255.949;14:32:29
1082;29.9229;28.933;-256.743;-256.246;-256.692;-256.903;-256.95;-255.956;14:32:30
1083;29.9307;28.9565;-256.743;-256.25;-256.7;-256.903;-256.95;-255.949;14:32:30
1084;29.9464;28.9565;-256.743;-256.25;-256.7;-256.903;-256.935;-255.949;14:32:31
1085;29.962;28.98;-256.743;-256.25;-256.7;-256.903;-256.95;-255.949;14:32:31
1086;29.9855;28.9878;-256.743;-256.25;-256.7;-256.911;-256.942;-255.956;14:32:32
1087;30.009;29.0113;-256.735;-256.25;-256.7;-256.911;-256.95;-255.949;14:32:32
1088;30.0246;29.023;-256.747;-256.254;-256.7;-256.903;-256.942;-255.949;14:32:33
1089;30.0324;29.0347;-256.747;-256.25;-256.692;-256.903;-256.95;-255.956;14:32:33
1090;30.0403;29.0386;-256.747;-256.254;-256.7;-256.903;-256.95;-255.956;14:32:34
1091;30.052;29.0426;-256.743;-256.254;-256.7;-256.895;-256.942;-255.956;14:32:34
1092;30.0676;29.0465;-256.743;-256.262;-256.7;-256.903;-256.95;-255.949;14:32:35
1093;30.0676;29.0543;-256.743;-256.25;-256.692;-256.903;-256.95;-255.956;14:32:35
1094;30.0676;29.0543;-256.743;-256.254;-256.7;-256.903;-256.942;-255.949;14:32:36
1095;30.0676;29.0543;-256.743;-256.25;-256.692;-256.903;-256.95;-255.956;14:32:36
1096;30.0676;29.0426;-256.743;-256.254;-256.692;-256.903;-256.942;-255.956;14:32:37
1097;30.0755;29.0426;-256.743;-256.254;-256.692;-256.903;-256.95;-255.956;14:32:37
1098;30.0598;29.0386;-256.739;-256.25;-256.692;-256.911;-256.958;-255.949;14:32:38
1099;30.052;29.0347;-256.743;-256.25;-256.692;-256.903;-256.95;-255.949;14:32:38
1100;30.0403;29.0347;-256.743;-256.25;-256.692;-256.903;-256.958;-255.956;14:32:39
1101;30.0363;29.0269;-256.743;-256.254;-256.7;-256.903;-256.942;-255.956;14:32:39
1102;30.0324;29.0191;-256.743;-256.254;-256.692;-256.903;-256.95;-255.949;14:32:40
1103;30.0168;29.0113;-256.743;-256.25;-256.7;-256.903;-256.95;-255.949;14:32:40
1104;30.009;29.0034;-256.743;-256.262;-256.692;-256.911;-256.942;-255.956;14:32:41
1105;29.9855;29.0113;-256.743;-256.25;-256.7;-256.903;-256.942;-255.949;14:32:41
1106;29.9855;28.9878;-256.735;-256.254;-256.7;-256.903;-256.942;-255.956;14:32:42
1107;29.962;28.98;-256.743;-256.25;-256.692;-256.903;-256.95;-255.949;14:32:42
1108;29.9542;28.9721;-256.735;-256.254;-256.7;-256.895;-256.942;-255.949;14:32:43
1109;29.9464;28.9721;-256.743;-256.25;-256.7;-256.903;-256.95;-255.949;14:32:43
1110;29.9385;28.9721;-256.743;-256.254;-256.692;-256.895;-256.942;-255.956;14:32:44
1111;29.9307;28.9643;-256.735;-256.25;-256.7;-256.895;-256.95;-255.956;14:32:44
1112;29.9385;28.9721;-256.743;-256.254;-256.692;-256.903;-256.942;-255.956;14:32:45
1113;29.9542;28.98;-256.743;-256.25;-256.7;-256.895;-256.95;-255.956;14:32:45
1114;29.9698;28.9878;-256.743;-256.25;-256.692;-256.903;-256.942;-255.956;14:32:46
1115;29.9933;29.0113;-256.735;-256.254;-256.7;-256.903;-256.95;-255.956;14:32:46
1116;30.009;29.0191;-256.735;-256.254;-256.708;-256.895;-256.95;-255.956;14:32:47
1117;30.0285;29.0347;-256.743;-256.25;-256.7;-256.903;-256.95;-255.956;14:32:47
1118;30.0403;29.0426;-256.735;-256.254;-256.7;-256.903;-256.942;-255.956;14:32:48
1119;30.0598;29.0543;-256.735;-256.254;-256.708;-256.895;-256.958;-255.949;14:32:48
1120;30.0598;29.0543;-256.735;-256.254;-256.692;-256.903;-256.942;-255.956;14:32:49
1121;30.0755;29.0621;-256.735;-256.25;-256.7;-256.895;-256.95;-255.956;14:32:49
1122;30.0755;29.0543;-256.727;-256.254;-256.7;-256.903;-256.95;-255.949;14:32:50
1123;30.0755;29.0621;-256.743;-256.254;-256.7;-256.895;-256.95;-255.949;14:32:50
1124;30.0676;29.0543;-256.743;-256.254;-256.7;-256.895;-256.95;-255.956;14:32:51
1125;30.0676;29.0465;-256.743;-256.254;-256.7;-256.903;-256.95;-255.949;14:32:51
1126;30.0598;29.0426;-256.743;-256.254;-256.7;-256.903;-256.958;-255.956;14:32:52
1127;30.052;29.0426;-256.743;-256.254;-256.7;-256.903;-256.958;-255.956;14:32:52
1128;30.0442;29.0386;-256.747;-256.262;-256.7;-256.911;-256.95;-255.949;14:32:53
1129;30.0403;29.0347;-256.727;-256.254;-256.7;-256.903;-256.958;-255.949;14:32:53
1130;30.0363;29.0347;-256.727;-256.254;-256.7;-256.903;-256.958;-255.949;14:32:54
1131;30.0324;29.0308;-256.727;-256.254;-256.7;-256.903;-256.958;-255.956;14:32:54
1132;30.0246;29.0269;-256.727;-256.262;-256.708;-256.911;-256.958;-255.949;14:32:55
1133;30.009;29.0113;-256.727;-256.254;-256.7;-256.903;-256.95;-255.956;14:32:55
1134;29.9855;29.0034;-256.735;-256.262;-256.708;-256.903;-256.95;-255.949;14:32:56
1135;29.9855;29.0034;-256.735;-256.254;-256.7;-256.903;-256.958;-255.956;14:32:56
1136;29.9698;28.98;-256.727;-256.254;-256.7;-256.911;-256.95;-255.949;14:32:57
1137;29.9542;28.9721;-256.735;-256.254;-256.708;-256.895;-256.958;-255.949;14:32:57
1138;29.9307;28.9643;-256.727;-256.254;-256.7;-256.903;-256.95;-255.949;14:32:58
1139;29.9229;28.9487;-256.727;-256.254;-256.708;-256.911;-256.958;-255.956;14:32:58
1140;29.9229;28.9487;-256.727;-256.254;-256.7;-256.903;-256.958;-255.949;14:32:59
1141;29.9229;28.9565;-256.735;-256.25;-256.7;-256.903;-256.95;-255.956;14:32:59
1142;29.9229;28.9565;-256.743;-256.258;-256.7;-256.903;-256.958;-255.949;14:33:00
1143;29.9385;28.9643;-256.735;-256.254;-256.7;-256.903;-256.95;-255.949;14:33:00
1144;29.9698;28.9878;-256.743;-256.25;-256.7;-256.911;-256.958;-255.949;14:33:01
1145;29.9777;28.9956;-256.727;-256.262;-256.7;-256.903;-256.958;-255.956;14:33:01
1146;30.009;29.0191;-256.735;-256.25;-256.7;-256.903;-256.95;-255.949;14:33:02
1147;30.0246;29.0308;-256.735;-256.254;-256.7;-256.895;-256.95;-255.956;14:33:02
1148;30.0403;29.0426;-256.735;-256.25;-256.7;-256.911;-256.95;-255.956;14:33:03
1149;30.0481;29.0465;-256.743;-256.25;-256.7;-256.903;-256.942;-255.949;14:33:03
1150;30.052;29.0465;-256.743;-256.254;-256.7;-256.911;-256.95;-255.949;14:33:04
1151;30.0676;29.0621;-256.743;-256.25;-256.7;-256.911;-256.95;-255.949;14:33:04
1152;30.0676;29.0543;-256.743;-256.254;-256.7;-256.903;-256.942;-255.949;14:33:05
1153;30.0755;29.0621;-256.747;-256.254;-256.7;-256.911;-256.95;-255.956;14:33:05
1154;30.0598;29.0543;-256.735;-256.25;-256.708;-256.903;-256.95;-255.956;14:33:06
1155;30.0676;29.0504;-256.743;-256.254;-256.7;-256.903;-256.95;-255.956;14:33:06
1156;30.052;29.0465;-256.743;-256.254;-256.692;-256.911;-256.95;-255.949;14:33:07
1157;30.052;29.0465;-256.743;-256.25;-256.7;-256.911;-256.942;-255.956;14:33:07
1158;30.0403;29.0386;-256.747;-256.254;-256.7;-256.903;-256.95;-255.956;14:33:08
1159;30.0363;29.0386;-256.747;-256.254;-256.708;-256.911;-256.942;-255.956;14:33:08
1160;30.0285;29.0347;-256.743;-256.254;-256.7;-256.911;-256.95;-255.949;14:33:09
1161;30.0168;29.0308;-256.743;-256.25;-256.7;-256.903;-256.942;-255.956;14:33:09
1162;30.009;29.023;-256.747;-256.254;-256.708;-256.903;-256.95;-255.949;14:33:10
1163;29.9933;29.0191;-256.747;-256.254;-256.7;-256.911;-256.95;-255.956;14:33:10
1164;29.9777;29.0113;-256.743;-256.254;-256.7;-256.911;-256.942;-255.956;14:33:11
1165;29.9777;29.0113;-256.743;-256.254;-256.708;-256.903;-256.95;-255.949;14:33:11
1166;29.962;28.9956;-256.743;-256.25;-256.7;-256.903;-256.942;-255.949;14:33:12
1167;29.9542;28.9878;-256.743;-256.254;-256.7;-256.903;-256.95;-255.949;14:33:12
1168;29.9464;28.9956;-256.735;-256.254;-256.7;-256.903;-256.95;-255.949;14:33:13
1169;29.9542;28.9956;-256.735;-256.254;-256.708;-256.903;-256.942;-255.949;14:33:13
1170;29.962;29.0034;-256.731;-256.254;-256.692;-256.903;-256.942;-255.949;14:33:14
1171;29.9777;29.0269;-256.743;-256.254;-256.708;-256.903;-256.95;-255.949;14:33:14
1172;30.009;29.0386;-256.743;-256.262;-256.7;-256.903;-256.942;-255.949;14:33:15
1173;30.0324;29.0543;-256.743;-256.262;-256.708;-256.911;-256.95;-255.949;14:33:15
1174;30.052;29.0778;-256.747;-256.262;-256.7;-256.903;-256.95;-255.956;14:33:16
1175;30.0833;29.0934;-256.743;-256.254;-256.708;-256.903;-256.95;-255.949;14:33:16
1176;30.1146;29.1247;-256.735;-256.262;-256.692;-256.911;-256.95;-255.956;14:33:17
1177;30.1302;29.1482;-256.747;-256.254;-256.7;-256.903;-256.958;-255.949;14:33:17
1178;30.1537;29.156;-256.743;-256.254;-256.7;-256.903;-256.942;-255.956;14:33:18
1179;30.1772;29.1873;-256.747;-256.262;-256.7;-256.903;-256.95;-255.949;14:33:18
1180;30.185;29.1951;-256.743;-256.254;-256.692;-256.903;-256.95;-255.956;14:33:19
1181;30.2007;29.2108;-256.743;-256.254;-256.7;-256.903;-256.95;-255.941;14:33:19
1182;30.2085;29.2264;-256.743;-256.254;-256.7;-256.903;-256.942;-255.949;14:33:20
1183;30.2241;29.2264;-256.743;-256.254;-256.7;-256.903;-256.95;-255.949;14:33:20
1184;30.2241;29.2421;-256.739;-256.254;-256.708;-256.903;-256.942;-255.949;14:33:21
1185;30.232;29.2421;-256.743;-256.262;-256.708;-256.903;-256.95;-255.956;14:33:21
1186;30.2398;29.246;-256.747;-256.254;-256.7;-256.903;-256.942;-255.949;14:33:22
1187;30.2398;29.246;-256.747;-256.25;-256.7;-256.903;-256.958;-255.956;14:33:22
1188;30.2437;29.246;-256.743;-256.254;-256.7;-256.903;-256.95;-255.956;14:33:23
1189;30.2476;29.2421;-256.747;-256.25;-256.708;-256.911;-256.95;-255.956;14:33:23
1190;30.2437;29.2421;-256.743;-256.254;-256.708;-256.903;-256.942;-255.956;14:33:24
1191;30.2437;29.2499;-256.743;-256.25;-256.7;-256.903;-256.95;-255.949;14:33:24
1192;30.2437;29.246;-256.743;-256.254;-256.7;-256.903;-256.942;-255.956;14:33:25
1193;30.2437;29.246;-256.747;-256.254;-256.708;-256.895;-256.95;-255.956;14:33:25
1194;30.2398;29.246;-256.743;-256.254;-256.7;-256.903;-256.95;-255.956;14:33:26
1195;30.2398;29.2421;-256.735;-256.254;-256.7;-256.903;-256.942;-255.949;14:33:26
1196;30.2398;29.246;-256.743;-256.254;-256.7;-256.911;-256.95;-255.956;14:33:27
1197;30.2398;29.2421;-256.727;-256.254;-256.708;-256.903;-256.95;-255.956;14:33:27
1198;30.2241;29.2421;-256.727;-256.254;-256.708;-256.903;-256.942;-255.956;14:33:28
1199;30.2163;29.2264;-256.727;-256.262;-256.7;-256.895;-256.95;-255.956;14:33:28
1200;30.2007;29.2186;-256.727;-256.254;-256.708;-256.895;-256.942;-255.949;14:33:29
1201;30.1928;29.203;-256.735;-256.262;-256.7;-256.903;-256.935;-255.956;14:33:29
1202;30.1772;29.1873;-256.735;-256.262;-256.7;-256.895;-256.942;-255.956;14:33:30
1203;30.1615;29.1717;-256.727;-256.254;-256.708;-256.895;-256.942;-255.956;14:33:30
1204;30.1537;29.156;-256.735;-256.262;-256.7;-256.895;-256.942;-255.949;14:33:31
1205;30.1224;29.1404;-256.727;-256.25;-256.7;-256.895;-256.95;-255.956;14:33:31
1206;30.1146;29.1247;-256.735;-256.254;-256.708;-256.895;-256.942;-255.956;14:33:32
1207;30.0989;29.1169;-256.735;-256.254;-256.7;-256.895;-256.942;-255.956;14:33:32
1208;30.0833;29.1012;-256.727;-256.254;-256.708;-256.903;-256.942;-255.956;14:33:33
1209;30.0598;29.0856;-256.735;-256.25;-256.692;-256.895;-256.95;-255.949;14:33:33
1210;30.052;29.0856;-256.743;-256.254;-256.708;-256.888;-256.935;-255.956;14:33:34
1211;30.0442;29.0778;-256.735;-256.262;-256.7;-256.888;-256.95;-255.956;14:33:34
1212;30.0363;29.0621;-256.735;-256.254;-256.7;-256.895;-256.942;-255.956;14:33:35
1213;30.0324;29.0621;-256.727;-256.254;-256.7;-256.888;-256.942;-255.949;14:33:35
1214;30.0285;29.0621;-256.735;-256.262;-256.7;-256.895;-256.958;-255.956;14:33:36
1215;30.0246;29.0543;-256.735;-256.25;-256.708;-256.903;-256.95;-255.949;14:33:36
1216;30.009;29.0465;-256.727;-256.254;-256.7;-256.895;-256.942;-255.956;14:33:37
1217;30.009;29.0465;-256.727;-256.254;-256.708;-256.903;-256.942;-255.949;14:33:37
1218;29.9933;29.0426;-256.735;-256.254;-256.7;-256.895;-256.942;-255.956;14:33:38
1219;29.9933;29.0426;-256.735;-256.254;-256.7;-256.903;-256.942;-255.956;14:33:38
1220;29.9933;29.0347;-256.735;-256.25;-256.7;-256.903;-256.942;-255.956;14:33:39
1221;29.9855;29.0386;-256.727;-256.25;-256.708;-256.903;-256.95;-255.956;14:33:39
1222;29.9855;29.0347;-256.735;-256.25;-256.7;-256.895;-256.95;-255.949;14:33:40
1223;29.9855;29.0347;-256.727;-256.25;-256.708;-256.903;-256.942;-255.949;14:33:40
1224;29.9777;29.0347;-256.719;-256.25;-256.708;-256.895;-256.95;-255.949;14:33:41
1225;29.9933;29.0386;-256.727;-256.25;-256.708;-256.903;-256.942;-255.956;14:33:41
1226;29.9855;29.0465;-256.719;-256.25;-256.7;-256.895;-256.95;-255.949;14:33:42
1227;29.9933;29.0543;-256.735;-256.25;-256.7;-256.903;-256.942;-255.949;14:33:42
1228;30.0168;29.0778;-256.727;-256.254;-256.7;-256.903;-256.95;-255.956;14:33:43
1229;30.0246;29.0856;-256.735;-256.25;-256.692;-256.895;-256.942;-255.949;14:33:43
1230;30.0324;29.1091;-256.735;-256.25;-256.7;-256.895;-256.942;-255.956;14:33:44
1231;30.0403;29.1169;-256.735;-256.25;-256.7;-256.895;-256.958;-255.949;14:33:44
1232;30.0442;29.1325;-256.727;-256.25;-256.708;-256.903;-256.95;-255.956;14:33:45
1233;30.052;29.1404;-256.743;-256.25;-256.7;-256.895;-256.958;-255.941;14:33:45
1234;30.0598;29.156;-256.743;-256.25;-256.708;-256.903;-256.95;-255.956;14:33:46
1235;30.0598;29.1638;-256.747;-256.25;-256.692;-256.895;-256.95;-255.949;14:33:46
1236;30.0676;29.1638;-256.743;-256.254;-256.708;-256.903;-256.942;-255.949;14:33:47
1237;30.0755;29.1717;-256.743;-256.246;-256.7;-256.903;-256.95;-255.949;14:33:47
1238;30.0755;29.1873;-256.735;-256.254;-256.7;-256.903;-256.95;-255.956;14:33:48
1239;30.0755;29.1873;-256.735;-256.25;-256.7;-256.903;-256.95;-255.956;14:33:48
1240;30.0833;29.1951;-256.727;-256.25;-256.7;-256.903;-256.958;-255.949;14:33:49
1241;30.0833;29.1951;-256.743;-256.254;-256.7;-256.903;-256.95;-255.956;14:33:49
1242;30.0911;29.203;-256.747;-256.25;-256.708;-256.895;-256.95;-255.956;14:33:50
1243;30.0833;29.203;-256.743;-256.25;-256.7;-256.903;-256.942;-255.956;14:33:50
1244;30.0911;29.203;-256.747;-256.254;-256.7;-256.903;-256.95;-255.949;14:33:51
1245;30.0911;29.2186;-256.743;-256.254;-256.7;-256.895;-256.942;-255.956;14:33:51
1246;30.0833;29.203;-256.747;-256.25;-256.7;-256.903;-256.942;-255.949;14:33:52
1247;30.0833;29.2108;-256.747;-256.25;-256.7;-256.903;-256.942;-255.956;14:33:52
1248;30.0833;29.2108;-256.743;-256.254;-256.708;-256.895;-256.958;-255.956;14:33:53
1249;30.0833;29.2108;-256.747;-256.254;-256.692;-256.903;-256.942;-255.956;14:33:53
1250;30.0911;29.2186;-256.747;-256.25;-256.7;-256.895;-256.95;-255.956;14:33:54
1251;30.0755;29.2108;-256.743;-256.254;-256.7;-256.903;-256.942;-255.949;14:33:54
1252;30.0833;29.2264;-256.747;-256.25;-256.7;-256.903;-256.95;-255.956;14:33:55
1253;30.0755;29.2264;-256.747;-256.254;-256.708;-256.895;-256.95;-255.956;14:33:55
1254;30.0755;29.2343;-256.743;-256.25;-256.7;-256.903;-256.958;-255.956;14:33:56
1255;30.0676;29.2264;-256.743;-256.25;-256.7;-256.895;-256.95;-255.964;14:33:56
1256;30.0676;29.2343;-256.747;-256.25;-256.7;-256.903;-256.942;-255.949;14:33:57
1257;30.0676;29.2343;-256.747;-256.25;-256.692;-256.895;-256.958;-255.964;14:33:57
1258;30.0676;29.2421;-256.747;-256.25;-256.708;-256.903;-256.95;-255.949;14:33:58
1259;30.0676;29.2421;-256.747;-256.25;-256.7;-256.903;-256.95;-255.964;14:33:58
1260;30.0598;29.2421;-256.743;-256.254;-256.7;-256.895;-256.942;-255.956;14:33:59
1261;30.052;29.246;-256.743;-256.25;-256.7;-256.903;-256.95;-255.956;14:33:59
1262;30.0442;29.246;-256.743;-256.25;-256.7;-256.903;-256.942;-255.956;14:34:00
1263;30.0403;29.2343;-256.743;-256.254;-256.7;-256.903;-256.95;-255.956;14:34:00
1264;30.0403;29.2382;-256.743;-256.25;-256.7;-256.895;-256.95;-255.956;14:34:01
1265;30.0403;29.2421;-256.747;-256.25;-256.7;-256.903;-256.95;-255.956;14:34:01
1266;30.0403;29.2421;-256.743;-256.25;-256.7;-256.903;-256.95;-255.956;14:34:02
1267;30.0363;29.246;-256.743;-256.254;-256.692;-256.895;-256.95;-255.956;14:34:02
1268;30.0403;29.2421;-256.747;-256.25;-256.692;-256.903;-256.95;-255.949;14:34:03
1269;30.0363;29.2421;-256.747;-256.254;-256.7;-256.903;-256.95;-255.956;14:34:03
1270;30.0363;29.246;-256.735;-256.25;-256.692;-256.895;-256.958;-255.956;14:34:04
1271;30.0285;29.246;-256.743;-256.254;-256.7;-256.903;-256.95;-255.949;14:34:04
1272;30.0285;29.2421;-256.735;-256.25;-256.692;-256.895;-256.958;-255.956;14:34:05
1273;30.0168;29.246;-256.743;-256.25;-256.7;-256.895;-256.95;-255.956;14:34:05
1274;30.0246;29.246;-256.743;-256.262;-256.7;-256.903;-256.95;-255.956;14:34:06
1275;30.0168;29.2421;-256.735;-256.25;-256.7;-256.895;-256.942;-255.941;14:34:06
1276;30.009;29.246;-256.735;-256.254;-256.692;-256.903;-256.95;-255.956;14:34:07
1277;30.0011;29.246;-256.727;-256.254;-256.692;-256.903;-256.942;-255.949;14:34:07
1278;29.9933;29.246;-256.735;-256.25;-256.7;-256.903;-256.95;-255.956;14:34:08
1279;29.9933;29.246;-256.727;-256.25;-256.692;-256.895;-256.942;-255.956;14:34:08
1280;29.9933;29.246;-256.727;-256.25;-256.7;-256.903;-256.95;-255.956;14:34:09
1281;29.9855;29.246;-256.727;-256.25;-256.7;-256.895;-256.942;-255.949;14:34:09
1282;29.9855;29.2499;-256.719;-256.25;-256.7;-256.903;-256.942;-255.956;14:34:10
1283;29.9777;29.2421;-256.727;-256.25;-256.7;-256.903;-256.942;-255.949;14:34:10
1284;29.9855;29.246;-256.727;-256.246;-256.7;-256.903;-256.942;-255.949;14:34:11
1285;29.9777;29.246;-256.727;-256.246;-256.7;-256.911;-256.942;-255.949;14:34:11
1286;29.9933;29.2577;-256.727;-256.25;-256.708;-256.903;-256.95;-255.949;14:34:12
1287;30.009;29.2656;-256.735;-256.254;-256.7;-256.903;-256.935;-255.956;14:34:12
1288;30.0246;29.2773;-256.735;-256.246;-256.692;-256.911;-256.95;-255.941;14:34:13
1289;30.0285;29.293;-256.727;-256.25;-256.7;-256.903;-256.942;-255.956;14:34:13
1290;30.0363;29.3008;-256.727;-256.25;-256.692;-256.911;-256.942;-255.956;14:34:14
1291;30.0442;29.3086;-256.735;-256.254;-256.692;-256.903;-256.95;-255.949;14:34:14
1292;30.052;29.3243;-256.735;-256.254;-256.692;-256.903;-256.95;-255.956;14:34:15
1293;30.0676;29.3321;-256.735;-256.25;-256.7;-256.903;-256.95;-255.956;14:34:15
1294;30.0755;29.3399;-256.735;-256.25;-256.7;-256.903;-256.942;-255.956;14:34:16
1295;30.0755;29.3399;-256.727;-256.254;-256.692;-256.911;-256.95;-255.956;14:34:16
1296;30.0833;29.3477;-256.735;-256.25;-256.7;-256.903;-256.95;-255.949;14:34:17
1297;30.0755;29.3477;-256.735;-256.254;-256.692;-256.903;-256.942;-255.949;14:34:17
1298;30.0911;29.3556;-256.735;-256.254;-256.692;-256.903;-256.942;-255.956;14:34:18
1299;30.0833;29.3556;-256.727;-256.258;-256.692;-256.911;-256.942;-255.956;14:34:18
1300;30.0911;29.3556;-256.735;-256.25;-256.692;-256.911;-256.942;-255.949;14:34:19
1301;30.0911;29.3556;-256.727;-256.254;-256.692;-256.911;-256.942;-255.949;14:34:19
1302;30.1068;29.3634;-256.735;-256.254;-256.7;-256.903;-256.935;-255.956;14:34:20
1303;30.0989;29.3556;-256.727;-256.25;-256.692;-256.903;-256.942;-255.956;14:34:20
1304;30.1068;29.3556;-256.743;-256.254;-256.7;-256.903;-256.95;-255.949;14:34:21
1305;30.1068;29.3634;-256.735;-256.25;-256.692;-256.911;-256.942;-255.949;14:34:21
1306;30.1068;29.3634;-256.747;-256.254;-256.7;-256.911;-256.95;-255.949;14:34:22
1307;30.0989;29.3556;-256.743;-256.25;-256.7;-256.903;-256.935;-255.956;14:34:22
1308;30.1068;29.3634;-256.735;-256.254;-256.692;-256.911;-256.942;-255.949;14:34:23
1309;30.0989;29.3556;-256.735;-256.254;-256.7;-256.903;-256.942;-255.956;14:34:23
1310;30.0989;29.3634;-256.743;-256.25;-256.7;-256.911;-256.95;-255.949;14:34:24
1311;30.0989;29.3556;-256.735;-256.254;-256.7;-256.911;-256.95;-255.949;14:34:24
1312;30.1068;29.3634;-256.735;-256.25;-256.7;-256.903;-256.95;-255.949;14:34:25
1313;30.0911;29.3556;-256.735;-256.254;-256.692;-256.911;-256.942;-255.949;14:34:25
1314;30.0989;29.3477;-256.735;-256.25;-256.7;-256.903;-256.942;-255.949;14:34:26
1315;30.0911;29.3634;-256.743;-256.254;-256.7;-256.919;-256.935;-255.956;14:34:26
1316;30.0911;29.3556;-256.735;-256.25;-256.7;-256.903;-256.935;-255.949;14:34:27
1317;30.0755;29.3477;-256.735;-256.25;-256.692;-256.911;-256.935;-255.956;14:34:27
1318;30.0755;29.3556;-256.743;-256.25;-256.7;-256.911;-256.942;-255.949;14:34:28
1319;30.0676;29.3556;-256.747;-256.25;-256.692;-256.911;-256.935;-255.949;14:34:28
1320;30.0598;29.3556;-256.735;-256.25;-256.692;-256.903;-256.942;-255.949;14:34:29
1321;30.0676;29.3556;-256.743;-256.246;-256.7;-256.911;-256.935;-255.949;14:34:29
1322;30.0598;29.3477;-256.735;-256.25;-256.692;-256.903;-256.942;-255.949;14:34:30
1323;30.0598;29.3556;-256.735;-256.246;-256.7;-256.911;-256.935;-255.956;14:34:30
1324;30.0598;29.3399;-256.735;-256.25;-256.7;-256.911;-256.942;-255.956;14:34:31
1325;30.052;29.3477;-256.739;-256.25;-256.692;-256.911;-256.935;-255.949;14:34:31
1326;30.052;29.3399;-256.735;-256.25;-256.7;-256.911;-256.942;-255.956;14:34:32
1327;30.0442;29.3477;-256.747;-256.25;-256.692;-256.903;-256.927;-255.949;14:34:32
1328;30.0442;29.3321;-256.743;-256.254;-256.692;-256.911;-256.935;-255.949;14:34:33
1329;30.0442;29.3321;-256.743;-256.25;-256.7;-256.911;-256.942;-255.956;14:34:33
1330;30.0403;29.3399;-256.735;-256.25;-256.692;-256.911;-256.942;-255.949;14:34:34
1331;30.0363;29.3321;-256.743;-256.254;-256.684;-256.903;-256.935;-255.949;14:34:34
1332;30.0324;29.3321;-256.747;-256.25;-256.7;-256.911;-256.942;-255.949;14:34:35
1333;30.0363;29.3243;-256.743;-256.25;-256.692;-256.911;-256.935;-255.956;14:34:35
1334;30.0324;29.3321;-256.739;-256.25;-256.692;-256.911;-256.942;-255.956;14:34:36
1335;30.0246;29.3321;-256.747;-256.246;-256.692;-256.911;-256.942;-255.956;14:34:36
1336;30.0246;29.3321;-256.743;-256.254;-256.7;-256.903;-256.942;-255.949;14:34:37
1337;30.0168;29.3243;-256.747;-256.25;-256.7;-256.911;-256.935;-255.956;14:34:37
1338;30.0168;29.3321;-256.743;-256.254;-256.692;-256.903;-256.942;-255.949;14:34:38
1339;30.0168;29.3243;-256.743;-256.25;-256.692;-256.911;-256.942;-255.956;14:34:38
1340;30.009;29.3243;-256.743;-256.25;-256.7;-256.911;-256.95;-255.949;14:34:39
1341;30.009;29.3321;-256.743;-256.25;-256.7;-256.903;-256.95;-255.956;14:34:39
1342;30.0168;29.3243;-256.743;-256.25;-256.7;-256.903;-256.95;-255.949;14:34:40
1343;30.0011;29.3243;-256.735;-256.254;-256.692;-256.903;-256.942;-255.956;14:34:40
1344;29.9933;29.3243;-256.747;-256.25;-256.7;-256.895;-256.95;-255.956;14:34:41
1345;30.0011;29.3243;-256.743;-256.254;-256.7;-256.903;-256.942;-255.956;14:34:41
1346;29.9855;29.3321;-256.735;-256.25;-256.7;-256.903;-256.942;-255.956;14:34:42
1347;29.9777;29.3321;-256.743;-256.254;-256.7;-256.903;-256.942;-255.956;14:34:42
1348;29.9855;29.3243;-256.743;-256.25;-256.692;-256.911;-256.958;-255.949;14:34:43
1349;29.9855;29.3321;-256.747;-256.25;-256.7;-256.903;-256.95;-255.949;14:34:43
1350;29.9777;29.3321;-256.743;-256.254;-256.7;-256.911;-256.95;-255.949;14:34:44
1351;29.9855;29.3477;-256.747;-256.254;-256.692;-256.903;-256.942;-255.956;14:34:44
1352;30.0011;29.3477;-256.743;-256.254;-256.7;-256.911;-256.942;-255.949;14:34:45
1353;30.0011;29.3556;-256.747;-256.254;-256.692;-256.911;-256.942;-255.949;14:34:45
1354;30.0246;29.3712;-256.743;-256.254;-256.708;-256.911;-256.942;-255.949;14:34:46
1355;30.0246;29.3869;-256.747;-256.254;-256.7;-256.911;-256.942;-255.956;14:34:46
1356;30.0324;29.3869;-256.747;-256.254;-256.7;-256.911;-256.935;-255.949;14:34:47
1357;30.0324;29.4025;-256.747;-256.254;-256.692;-256.911;-256.942;-255.956;14:34:47
1358;30.0363;29.4025;-256.751;-256.25;-256.7;-256.911;-256.942;-255.949;14:34:48
1359;30.0403;29.4025;-256.747;-256.254;-256.692;-256.903;-256.935;-255.949;14:34:48
1360;30.0363;29.4182;-256.743;-256.25;-256.7;-256.911;-256.942;-255.949;14:34:49
1361;30.0442;29.4103;-256.747;-256.254;-256.692;-256.903;-256.95;-255.949;14:34:49
1362;30.0403;29.4182;-256.743;-256.25;-256.7;-256.911;-256.942;-255.949;14:34:50
1363;30.0403;29.4103;-256.743;-256.254;-256.692;-256.903;-256.935;-255.956;14:34:50
1364;30.0403;29.426;-256.743;-256.25;-256.7;-256.903;-256.942;-255.941;14:34:51
1365;30.0442;29.426;-256.743;-256.254;-256.708;-256.903;-256.942;-255.949;14:34:51
1366;30.0403;29.426;-256.743;-256.25;-256.708;-256.903;-256.95;-255.949;14:34:52
1367;30.0442;29.4182;-256.747;-256.254;-256.708;-256.911;-256.942;-255.949;14:34:52
1368;30.0403;29.426;-256.747;-256.25;-256.7;-256.911;-256.95;-255.949;14:34:53
1369;30.0403;29.426;-256.743;-256.25;-256.7;-256.911;-256.942;-255.949;14:34:53
1370;30.0403;29.4338;-256.743;-256.254;-256.7;-256.911;-256.95;-255.956;14:34:54
1371;30.0324;29.4338;-256.743;-256.254;-256.7;-256.903;-256.935;-255.949;14:34:54
1372;30.0363;29.4338;-256.743;-256.254;-256.7;-256.911;-256.942;-255.949;14:34:55
1373;30.0285;29.4338;-256.743;-256.262;-256.7;-256.919;-256.942;-255.949;14:34:55
1374;30.0324;29.4338;-256.743;-256.254;-256.708;-256.903;-256.942;-255.941;14:34:56
1375;30.0285;29.426;-256.743;-256.254;-256.7;-256.919;-256.942;-255.949;14:34:56
1376;30.0324;29.426;-256.743;-256.254;-256.7;-256.903;-256.95;-255.949;14:34:57
1377;30.0285;29.4182;-256.747;-256.254;-256.708;-256.911;-256.942;-255.949;14:34:57
1378;30.0285;29.4182;-256.743;-256.254;-256.7;-256.911;-256.95;-255.956;14:34:58
1379;30.0285;29.426;-256.747;-256.254;-256.708;-256.919;-256.942;-255.949;14:34:58
1380;30.0285;29.4182;-256.743;-256.254;-256.708;-256.911;-256.942;-255.956;14:34:59
1381;30.0285;29.4182;-256.743;-256.254;-256.708;-256.911;-256.942;-255.956;14:34:59
1382;30.0285;29.4182;-256.743;-256.254;-256.7;-256.911;-256.95;-255.949;14:35:00
1383;30.0246;29.426;-256.747;-256.25;-256.7;-256.911;-256.942;-255.956;14:35:00
1384;30.0246;29.426;-256.747;-256.254;-256.7;-256.911;-256.95;-255.949;14:35:01
1385;30.0246;29.426;-256.747;-256.254;-256.692;-256.911;-256.942;-255.949;14:35:01
1386;30.0168;29.426;-256.743;-256.25;-256.708;-256.911;-256.95;-255.941;14:35:02
1387;30.009;29.4338;-256.747;-256.25;-256.692;-256.911;-256.942;-255.949;14:35:02
1388;30.009;29.426;-256.743;-256.25;-256.7;-256.911;-256.95;-255.949;14:35:03
1389;30.009;29.426;-256.743;-256.254;-256.7;-256.911;-256.95;-255.956;14:35:03
1390;30.0011;29.4182;-256.743;-256.25;-256.7;-256.911;-256.95;-255.949;14:35:04
1391;30.0011;29.4182;-256.743;-256.254;-256.692;-256.919;-256.935;-255.956;14:35:04
1392;29.9933;29.4182;-256.747;-256.254;-256.7;-256.911;-256.95;-255.956;14:35:05
1393;29.9933;29.4182;-256.743;-256.25;-256.692;-256.911;-256.942;-255.956;14:35:05
1394;29.9933;29.4182;-256.747;-256.254;-256.692;-256.911;-256.942;-255.956;14:35:06
1395;29.9933;29.4103;-256.747;-256.25;-256.7;-256.911;-256.942;-255.956;14:35:06
1396;29.9933;29.4182;-256.743;-256.254;-256.7;-256.919;-256.942;-255.949;14:35:07
1397;29.9933;29.4182;-256.747;-256.254;-256.7;-256.911;-256.942;-255.956;14:35:07
1398;29.9933;29.426;-256.743;-256.254;-256.692;-256.911;-256.935;-255.956;14:35:08
1399;29.9855;29.426;-256.747;-256.25;-256.7;-256.911;-256.935;-255.956;14:35:08
1400;29.9933;29.4338;-256.743;-256.254;-256.708;-256.919;-256.935;-255.949;14:35:09
1401;30.0011;29.426;-256.743;-256.25;-256.7;-256.911;-256.935;-255.956;14:35:09
1402;29.9933;29.4416;-256.743;-256.25;-256.7;-256.919;-256.935;-255.949;14:35:10
1403;30.009;29.4338;-256.743;-256.25;-256.7;-256.919;-256.935;-255.964;14:35:10
1404;30.0168;29.4416;-256.735;-256.25;-256.692;-256.911;-256.95;-255.964;14:35:11
1405;30.0168;29.4416;-256.743;-256.25;-256.7;-256.919;-256.942;-255.964;14:35:11
1406;30.0246;29.4495;-256.743;-256.254;-256.708;-256.919;-256.935;-255.972;14:35:12
1407;30.0168;29.4495;-256.747;-256.25;-256.7;-256.919;-256.935;-255.972;14:35:12
1408;30.0246;29.4534;-256.743;-256.254;-256.7;-256.911;-256.935;-255.972;14:35:13
1409;30.0246;29.4495;-256.735;-256.25;-256.7;-256.919;-256.942;-255.972;14:35:13
1410;30.0168;29.4495;-256.743;-256.254;-256.708;-256.919;-256.95;-255.964;14:35:14
1411;30.0168;29.4495;-256.743;-256.25;-256.708;-256.919;-256.95;-255.964;14:35:14
1412;30.0168;29.4495;-256.743;-256.254;-256.7;-256.919;-256.942;-255.972;14:35:15
1413;30.0246;29.4495;-256.747;-256.254;-256.7;-256.919;-256.95;-255.964;14:35:15
1414;30.0168;29.4495;-256.743;-256.25;-256.708;-256.911;-256.942;-255.964;14:35:16
1415;30.0011;29.4495;-256.747;-256.258;-256.7;-256.919;-256.942;-255.964;14:35:16
1416;30.009;29.4495;-256.743;-256.25;-256.715;-256.919;-256.942;-255.964;14:35:17
1417;30.0011;29.4495;-256.743;-256.254;-256.7;-256.919;-256.942;-255.972;14:35:17
1418;30.0011;29.4495;-256.735;-256.25;-256.708;-256.911;-256.95;-255.964;14:35:18
1419;29.9933;29.4495;-256.743;-256.254;-256.708;-256.919;-256.95;-255.972;14:35:18
1420;30.0011;29.4573;-256.743;-256.254;-256.7;-256.919;-256.95;-255.964;14:35:19
1421;30.0011;29.4495;-256.735;-256.25;-256.708;-256.911;-256.942;-255.964;14:35:19
1422;29.9855;29.4495;-256.735;-256.25;-256.7;-256.919;-256.958;-255.972;14:35:20
1423;29.9855;29.4495;-256.743;-256.254;-256.7;-256.911;-256.95;-255.964;14:35:20
1424;29.9855;29.4573;-256.735;-256.25;-256.708;-256.911;-256.95;-255.964;14:35:21
1425;29.9777;29.4495;-256.735;-256.254;-256.7;-256.911;-256.95;-255.972;14:35:21
1426;29.9698;29.4495;-256.735;-256.254;-256.708;-256.911;-256.95;-255.964;14:35:22
1427;29.9777;29.4495;-256.735;-256.254;-256.708;-256.919;-256.95;-255.964;14:35:22
1428;29.9698;29.4495;-256.735;-256.254;-256.7;-256.911;-256.95;-255.972;14:35:23
1429;29.9777;29.4573;-256.735;-256.25;-256.708;-256.911;-256.942;-255.964;14:35:23
1430;29.9855;29.4612;-256.735;-256.25;-256.7;-256.911;-256.942;-255.964;14:35:24
1431;30.009;29.4651;-256.735;-256.25;-256.708;-256.919;-256.95;-255.964;14:35:24
1432;30.0285;29.4769;-256.735;-256.25;-256.7;-256.911;-256.942;-255.972;14:35:25
1433;30.0363;29.4847;-256.743;-256.25;-256.7;-256.911;-256.95;-255.972;14:35:25
1434;30.052;29.5003;-256.743;-256.25;-256.708;-256.911;-256.95;-255.972;14:35:26
1435;30.0755;29.516;-256.747;-256.254;-256.708;-256.911;-256.942;-255.964;14:35:26
1436;30.0911;29.5238;-256.747;-256.25;-256.7;-256.919;-256.95;-255.972;14:35:27
1437;30.1146;29.5395;-256.747;-256.254;-256.7;-256.911;-256.942;-255.972;14:35:27
1438;30.1224;29.5551;-256.743;-256.254;-256.708;-256.911;-256.942;-255.964;14:35:28
1439;30.1302;29.5629;-256.743;-256.25;-256.708;-256.919;-256.942;-255.972;14:35:28
1440;30.1302;29.5629;-256.747;-256.25;-256.7;-256.911;-256.958;-255.972;14:35:29
1441;30.1459;29.5708;-256.735;-256.254;-256.692;-256.911;-256.95;-255.964;14:35:29
1442;30.1459;29.5786;-256.747;-256.258;-256.692;-256.919;-256.935;-255.972;14:35:30
1443;30.1537;29.5786;-256.747;-256.254;-256.7;-256.911;-256.942;-255.964;14:35:30
1444;30.1537;29.5786;-256.743;-256.258;-256.708;-256.911;-256.942;-255.964;14:35:31
1445;30.1694;29.5864;-256.735;-256.25;-256.7;-256.919;-256.95;-255.964;14:35:31
1446;30.1537;29.5942;-256.735;-256.254;-256.7;-256.911;-256.95;-255.964;14:35:32
1447;30.1694;29.5942;-256.735;-256.25;-256.7;-256.911;-256.935;-255.964;14:35:32
1448;30.1615;29.5864;-256.727;-256.254;-256.708;-256.911;-256.942;-255.972;14:35:33
1449;30.1615;29.5942;-256.735;-256.254;-256.7;-256.919;-256.935;-255.964;14:35:33
1450;30.1694;29.5942;-256.735;-256.254;-256.708;-256.911;-256.942;-255.964;14:35:34
1451;30.1615;29.5942;-256.727;-256.254;-256.7;-256.919;-256.942;-255.972;14:35:34
1452;30.1615;29.5942;-256.727;-256.254;-256.692;-256.911;-256.95;-255.964;14:35:35
1453;30.1694;29.5942;-256.727;-256.25;-256.7;-256.919;-256.942;-255.964;14:35:35
1454;30.1615;29.6021;-256.735;-256.254;-256.7;-256.911;-256.942;-255.972;14:35:36
1455;30.1694;29.5942;-256.727;-256.25;-256.7;-256.911;-256.95;-255.964;14:35:36
1456;30.1694;29.5942;-256.735;-256.254;-256.708;-256.903;-256.935;-255.964;14:35:37
1457;30.1615;29.6021;-256.727;-256.254;-256.7;-256.911;-256.95;-255.964;14:35:37
1458;30.1615;29.6021;-256.735;-256.25;-256.7;-256.911;-256.935;-255.956;14:35:38
1459;30.1537;29.6021;-256.735;-256.254;-256.7;-256.911;-256.935;-255.964;14:35:38
1460;30.1537;29.6021;-256.735;-256.254;-256.7;-256.919;-256.942;-255.964;14:35:39
1461;30.1537;29.5942;-256.743;-256.25;-256.708;-256.911;-256.942;-255.964;14:35:39
1462;30.1459;29.6099;-256.727;-256.254;-256.7;-256.911;-256.935;-255.964;14:35:40
1463;30.1459;29.6021;-256.735;-256.25;-256.7;-256.911;-256.942;-255.972;14:35:40
1464;30.1459;29.6021;-256.727;-256.254;-256.7;-256.911;-256.95;-255.964;14:35:41
1465;30.1459;29.6021;-256.735;-256.25;-256.7;-256.919;-256.942;-255.964;14:35:41
1466;30.1381;29.6021;-256.735;-256.262;-256.7;-256.911;-256.942;-255.964;14:35:42
1467;30.1302;29.6021;-256.727;-256.25;-256.7;-256.911;-256.942;-255.964;14:35:42
1468;30.1302;29.6021;-256.727;-256.254;-256.7;-256.911;-256.935;-255.972;14:35:43
1469;30.1302;29.5942;-256.727;-256.254;-256.708;-256.919;-256.942;-255.964;14:35:43
1470;30.1302;29.6099;-256.727;-256.254;-256.708;-256.911;-256.942;-255.964;14:35:44
1471;30.1302;29.6021;-256.727;-256.254;-256.708;-256.911;-256.935;-255.964;14:35:44
1472;30.1146;29.6021;-256.735;-256.254;-256.708;-256.911;-256.935;-255.972;14:35:45
1473;30.1224;29.6021;-256.735;-256.254;-256.708;-256.911;-256.942;-255.956;14:35:45
1474;30.1146;29.6021;-256.735;-256.258;-256.708;-256.919;-256.942;-255.964;14:35:46
1475;30.1146;29.6021;-256.735;-256.25;-256.708;-256.911;-256.935;-255.964;14:35:46
1476;30.1068;29.5864;-256.727;-256.254;-256.7;-256.911;-256.942;-255.972;14:35:47
1477;30.1068;29.5864;-256.727;-256.25;-256.7;-256.911;-256.942;-255.964;14:35:47
1478;30.1068;29.5942;-256.735;-256.254;-256.7;-256.919;-256.935;-255.972;14:35:48
1479;30.0989;29.5864;-256.735;-256.25;-256.708;-256.911;-256.942;-255.964;14:35:48
1480;30.0989;29.5864;-256.743;-256.25;-256.7;-256.911;-256.942;-255.972;14:35:49
1481;30.0989;29.5942;-256.747;-256.25;-256.708;-256.911;-256.942;-255.964;14:35:49
1482;30.0911;29.5786;-256.747;-256.25;-256.7;-256.919;-256.935;-255.972;14:35:50
1483;30.0833;29.5864;-256.743;-256.25;-256.7;-256.903;-256.942;-255.964;14:35:50
1484;30.0833;29.5864;-256.743;-256.254;-256.7;-256.919;-256.942;-255.964;14:35:51
1485;30.0755;29.5786;-256.743;-256.25;-256.7;-256.911;-256.942;-255.964;14:35:51
1486;30.0755;29.5864;-256.747;-256.254;-256.7;-256.911;-256.935;-255.964;14:35:52
1487;30.0676;29.5786;-256.743;-256.246;-256.7;-256.919;-256.942;-255.964;14:35:52
1488;30.0676;29.5864;-256.743;-256.25;-256.7;-256.911;-256.935;-255.972;14:35:53
1489;30.0598;29.5786;-256.747;-256.254;-256.7;-256.911;-256.95;-255.956;14:35:53
1490;30.0598;29.5786;-256.747;-256.25;-256.708;-256.919;-256.942;-255.972;14:35:54
1491;30.052;29.5786;-256.743;-256.254;-256.7;-256.903;-256.935;-255.964;14:35:54
1492;30.052;29.5708;-256.743;-256.262;-256.7;-256.911;-256.942;-255.964;14:35:55
1493;30.052;29.5708;-256.743;-256.254;-256.7;-256.919;-256.942;-255.964;14:35:55
1494;30.052;29.5629;-256.747;-256.254;-256.7;-256.919;-256.935;-255.964;14:35:56
1495;30.0442;29.5708;-256.747;-256.254;-256.7;-256.911;-256.942;-255.972;14:35:56
1496;30.0403;29.5629;-256.747;-256.254;-256.708;-256.919;-256.942;-255.964;14:35:57
1497;30.0442;29.5629;-256.743;-256.254;-256.7;-256.911;-256.935;-255.972;14:35:57
1498;30.0403;29.5551;-256.747;-256.25;-256.708;-256.919;-256.942;-255.964;14:35:58
1499;30.0363;29.5629;-256.743;-256.254;-256.7;-256.911;-256.935;-255.964;14:35:58
1500;30.0363;29.5551;-256.743;-256.25;-256.7;-256.919;-256.95;-255.964;14:35:59
1501;30.0324;29.5473;-256.747;-256.25;-256.708;-256.911;-256.958;-255.964;14:35:59
1502;30.0285;29.5473;-256.743;-256.254;-256.7;-256.911;-256.95;-255.964;14:36:00
1503;30.0246;29.5473;-256.743;-256.254;-256.7;-256.903;-256.942;-255.964;14:36:00
1504;30.0168;29.5473;-256.743;-256.254;-256.708;-256.919;-256.95;-255.964;14:36:01
1505;30.0168;29.5395;-256.743;-256.254;-256.7;-256.911;-256.95;-255.964;14:36:01
1506;30.009;29.5395;-256.747;-256.254;-256.708;-256.911;-256.935;-255.964;14:36:02
1507;30.0011;29.5395;-256.747;-256.25;-256.692;-256.911;-256.95;-255.964;14:36:02
1508;30.0011;29.5316;-256.747;-256.254;-256.7;-256.911;-256.935;-255.972;14:36:03
1509;29.9933;29.5316;-256.747;-256.254;-256.7;-256.911;-256.942;-255.964;14:36:03
1510;29.9933;29.5316;-256.747;-256.254;-256.7;-256.919;-256.942;-255.964;14:36:04
1511;29.9933;29.5395;-256.747;-256.25;-256.708;-256.911;-256.942;-255.964;14:36:04
1512;29.9933;29.5316;-256.747;-256.254;-256.7;-256.911;-256.935;-255.964;14:36:05
1513;29.9855;29.5395;-256.747;-256.254;-256.708;-256.911;-256.935;-255.964;14:36:05
1514;29.9933;29.5316;-256.747;-256.25;-256.7;-256.919;-256.942;-255.972;14:36:06
1515;29.9933;29.5395;-256.747;-256.25;-256.7;-256.911;-256.935;-255.972;14:36:06
1516;29.9933;29.5395;-256.743;-256.254;-256.7;-256.919;-256.942;-255.964;14:36:07
1517;29.9933;29.5473;-256.743;-256.254;-256.7;-256.911;-256.95;-255.972;14:36:07
1518;30.0011;29.5395;-256.747;-256.25;-256.7;-256.919;-256.935;-255.964;14:36:08
1519;30.0011;29.5551;-256.747;-256.254;-256.7;-256.911;-256.942;-255.972;14:36:08
1520;30.0011;29.5551;-256.743;-256.25;-256.708;-256.919;-256.942;-255.964;14:36:09
1521;30.009;29.5629;-256.747;-256.254;-256.708;-256.911;-256.942;-255.964;14:36:09
1522;30.009;29.5629;-256.747;-256.254;-256.7;-256.911;-256.942;-255.972;14:36:10
1523;30.0011;29.5551;-256.743;-256.25;-256.7;-256.919;-256.942;-255.964;14:36:10
1524;30.009;29.5629;-256.743;-256.25;-256.7;-256.911;-256.942;-255.964;14:36:11
1525;30.009;29.5551;-256.743;-256.25;-256.7;-256.911;-256.942;-255.964;14:36:11
1526;30.0011;29.5629;-256.743;-256.25;-256.7;-256.911;-256.935;-255.964;14:36:12
1527;30.009;29.5473;-256.735;-256.25;-256.7;-256.911;-256.942;-255.964;14:36:12
1528;30.0011;29.5551;-256.743;-256.254;-256.7;-256.911;-256.942;-255.964;14:36:13
1529;30.0011;29.5473;-256.735;-256.25;-256.7;-256.911;-256.942;-255.956;14:36:13
1530;29.9933;29.5551;-256.743;-256.254;-256.7;-256.911;-256.942;-255.972;14:36:14
1531;29.9933;29.5473;-256.743;-256.25;-256.708;-256.911;-256.942;-255.964;14:36:14
1532;30.0011;29.5551;-256.743;-256.25;-256.7;-256.911;-256.935;-255.964;14:36:15
1533;29.9933;29.5473;-256.743;-256.254;-256.708;-256.919;-256.942;-255.972;14:36:15
1534;29.9933;29.5551;-256.743;-256.25;-256.708;-256.911;-256.935;-255.964;14:36:16
1535;29.9933;29.5629;-256.743;-256.25;-256.708;-256.911;-256.942;-255.972;14:36:16
1536;30.0011;29.5629;-256.743;-256.25;-256.7;-256.911;-256.942;-255.964;14:36:17
1537;30.0011;29.5629;-256.735;-256.254;-256.7;-256.911;-256.942;-255.964;14:36:17
1538;30.009;29.5786;-256.735;-256.254;-256.7;-256.911;-256.942;-255.972;14:36:18
1539;30.0168;29.5708;-256.743;-256.25;-256.7;-256.919;-256.95;-255.964;14:36:18
1540;30.0168;29.5786;-256.743;-256.25;-256.7;-256.911;-256.942;-255.964;14:36:19
1541;30.0168;29.5786;-256.743;-256.265;-256.7;-256.919;-256.942;-255.964;14:36:19
1542;30.0246;29.5786;-256.735;-256.25;-256.7;-256.911;-256.935;-255.972;14:36:20
1543;30.0246;29.5786;-256.743;-256.254;-256.7;-256.919;-256.95;-255.972;14:36:20
1544;30.0246;29.5864;-256.739;-256.254;-256.7;-256.911;-256.935;-255.972;14:36:21
1545;30.0168;29.5786;-256.747;-256.25;-256.7;-256.919;-256.935;-255.964;14:36:21
1546;30.0246;29.5786;-256.743;-256.25;-256.7;-256.919;-256.935;-255.964;14:36:22
1547;30.0246;29.5708;-256.735;-256.25;-256.7;-256.919;-256.942;-255.964;14:36:22
1548;30.0168;29.5629;-256.743;-256.254;-256.7;-256.911;-256.935;-255.964;14:36:23
1549;30.0246;29.5708;-256.743;-256.246;-256.7;-256.919;-256.942;-255.972;14:36:23
1550;30.0246;29.5708;-256.743;-256.25;-256.7;-256.919;-256.935;-255.964;14:36:24
1551;30.0246;29.5708;-256.743;-256.254;-256.7;-256.919;-256.935;-255.972;14:36:24
1552;30.0246;29.5708;-256.743;-256.25;-256.7;-256.911;-256.942;-255.964;14:36:25
1553;30.0246;29.5708;-256.743;-256.254;-256.7;-256.919;-256.935;-255.964;14:36:25
1554;30.0168;29.5708;-256.743;-256.254;-256.7;-256.919;-256.935;-255.964;14:36:26
1555;30.0168;29.5708;-256.743;-256.254;-256.7;-256.919;-256.95;-255.972;14:36:26
1556;30.0168;29.5786;-256.735;-256.25;-256.7;-256.911;-256.942;-255.956;14:36:27
1557;30.0168;29.5708;-256.727;-256.246;-256.7;-256.919;-256.935;-255.972;14:36:27
1558;30.0168;29.5708;-256.743;-256.25;-256.7;-256.919;-256.927;-255.964;14:36:28
1559;30.009;29.5708;-256.735;-256.246;-256.708;-256.919;-256.935;-255.964;14:36:28
1560;30.009;29.5786;-256.743;-256.25;-256.692;-256.919;-256.935;-255.964;14:36:29
1561;30.0011;29.5786;-256.727;-256.25;-256.708;-256.919;-256.935;-255.956;14:36:29
1562;29.9933;29.5708;-256.735;-256.25;-256.692;-256.919;-256.935;-255.964;14:36:30
1563;30.0011;29.5786;-256.735;-256.25;-256.708;-256.911;-256.942;-255.964;14:36:30
1564;30.0011;29.5708;-256.747;-256.25;-256.7;-256.919;-256.942;-255.956;14:36:31
1565;29.9933;29.5629;-256.735;-256.254;-256.7;-256.919;-256.935;-255.956;14:36:31
1566;29.9933;29.5708;-256.735;-256.254;-256.692;-256.911;-256.942;-255.964;14:36:32
1567;29.9855;29.5629;-256.735;-256.25;-256.7;-256.919;-256.942;-255.956;14:36:32
1568;29.9933;29.5629;-256.735;-256.25;-256.692;-256.919;-256.942;-255.964;14:36:33
1569;29.9855;29.5629;-256.735;-256.25;-256.7;-256.919;-256.95;-255.956;14:36:33
1570;29.9933;29.5708;-256.735;-256.254;-256.7;-256.919;-256.942;-255.964;14:36:34
1571;30.0011;29.5708;-256.735;-256.25;-256.7;-256.919;-256.942;-255.964;14:36:34
1572;30.0011;29.5864;-256.743;-256.254;-256.7;-256.919;-256.942;-255.964;14:36:35
1573;30.0168;29.5864;-256.743;-256.25;-256.692;-256.927;-256.942;-255.964;14:36:35
1574;30.009;29.5864;-256.747;-256.25;-256.7;-256.919;-256.942;-255.964;14:36:36
1575;30.0246;29.5786;-256.743;-256.25;-256.692;-256.919;-256.95;-255.964;14:36:36
1576;30.0168;29.5864;-256.747;-256.25;-256.7;-256.919;-256.95;-255.964;14:36:37
1577;30.0285;29.5864;-256.747;-256.25;-256.692;-256.911;-256.942;-255.972;14:36:37
1578;30.0246;29.5864;-256.743;-256.25;-256.692;-256.927;-256.927;-255.964;14:36:38
1579;30.0168;29.5942;-256.743;-256.254;-256.7;-256.919;-256.942;-255.964;14:36:38
1580;30.0246;29.5864;-256.735;-256.25;-256.7;-256.927;-256.935;-255.964;14:36:39
1581;30.0246;29.5864;-256.727;-256.25;-256.7;-256.919;-256.935;-255.964;14:36:39
1582;30.0168;29.5864;-256.727;-256.254;-256.7;-256.919;-256.942;-255.964;14:36:40
1583;30.0246;29.5942;-256.719;-256.254;-256.7;-256.919;-256.942;-255.956;14:36:40
1584;30.0168;29.5864;-256.735;-256.254;-256.692;-256.919;-256.935;-255.964;14:36:41
1585;30.0246;29.5942;-256.727;-256.254;-256.7;-256.919;-256.935;-255.964;14:36:41
1586;30.0246;29.5942;-256.727;-256.254;-256.692;-256.919;-256.927;-255.964;14:36:42
1587;30.0168;29.5864;-256.735;-256.25;-256.7;-256.911;-256.942;-255.956;14:36:42
1588;30.0246;29.5864;-256.735;-256.254;-256.7;-256.927;-256.935;-255.964;14:36:43
1589;30.0246;29.5786;-256.735;-256.25;-256.692;-256.919;-256.942;-255.964;14:36:43
1590;30.0168;29.5942;-256.727;-256.254;-256.708;-256.919;-256.935;-255.964;14:36:44
1591;30.0246;29.5942;-256.735;-256.254;-256.692;-256.919;-256.935;-255.964;14:36:44
1592;30.009;29.5864;-256.735;-256.254;-256.7;-256.919;-256.935;-255.964;14:36:45
1593;30.009;29.5942;-256.727;-256.254;-256.7;-256.919;-256.935;-255.964;14:36:45
1594;30.009;29.5864;-256.735;-256.254;-256.692;-256.919;-256.935;-255.964;14:36:46
1595;30.0011;29.5864;-256.743;-256.254;-256.7;-256.919;-256.935;-255.964;14:36:46
1596;30.0011;29.5864;-256.735;-256.254;-256.7;-256.919;-256.942;-255.964;14:36:47
1597;29.9933;29.5864;-256.735;-256.254;-256.7;-256.911;-256.942;-255.972;14:36:47
1598;29.9855;29.5864;-256.735;-256.25;-256.692;-256.911;-256.935;-255.972;14:36:48
1599;29.9933;29.5786;-256.743;-256.254;-256.7;-256.911;-256.942;-255.972;14:36:48
1600;29.9777;29.5786;-256.735;-256.25;-256.7;-256.919;-256.935;-255.98;14:36:49
1601;29.9855;29.5864;-256.735;-256.25;-256.692;-256.919;-256.95;-255.964;14:36:49
1602;29.9777;29.5708;-256.735;-256.25;-256.7;-256.919;-256.935;-255.972;14:36:50
1603;29.9777;29.5786;-256.735;-256.25;-256.7;-256.911;-256.942;-255.972;14:36:50
1604;29.9777;29.5786;-256.735;-256.254;-256.692;-256.919;-256.942;-255.972;14:36:51
1605;29.9933;29.6099;-256.727;-256.246;-256.692;-256.919;-256.942;-255.964;14:36:51
1606;30.009;29.6177;-256.735;-256.25;-256.7;-256.919;-256.942;-255.972;14:36:52
1607;30.0168;29.6255;-256.735;-256.25;-256.692;-256.911;-256.942;-255.972;14:36:52
1608;30.0246;29.6334;-256.735;-256.25;-256.7;-256.919;-256.942;-255.964;14:36:53
1609;30.0363;29.6412;-256.727;-256.254;-256.7;-256.919;-256.95;-255.972;14:36:53
1610;30.0481;29.6412;-256.735;-256.25;-256.7;-256.911;-256.942;-255.972;14:36:54
1611;30.052;29.649;-256.727;-256.254;-256.692;-256.919;-256.95;-255.964;14:36:54
1612;30.0598;29.6529;-256.735;-256.254;-256.708;-256.919;-256.942;-255.972;14:36:55
1613;30.0676;29.6529;-256.743;-256.25;-256.7;-256.919;-256.95;-255.972;14:36:55
1614;30.0755;29.6607;-256.743;-256.254;-256.7;-256.919;-256.942;-255.972;14:36:56
1615;30.0755;29.6607;-256.747;-256.254;-256.7;-256.919;-256.95;-255.972;14:36:56
1616;30.0755;29.6764;-256.743;-256.25;-256.7;-256.919;-256.942;-255.972;14:36:57
1617;30.0911;29.6686;-256.743;-256.254;-256.7;-256.911;-256.942;-255.972;14:36:57
1618;30.0911;29.6842;-256.747;-256.25;-256.7;-256.919;-256.942;-255.972;14:36:58
1619;30.0911;29.6764;-256.743;-256.25;-256.708;-256.919;-256.935;-255.972;14:36:58
1620;30.0911;29.6686;-256.743;-256.254;-256.7;-256.911;-256.95;-255.972;14:36:59
1621;30.0833;29.6842;-256.743;-256.25;-256.7;-256.911;-256.942;-255.972;14:36:59
1622;30.0989;29.6764;-256.743;-256.25;-256.7;-256.919;-256.942;-255.964;14:37:00
1623;30.0911;29.6842;-256.743;-256.254;-256.7;-256.911;-256.942;-255.972;14:37:00
1624;30.0911;29.6842;-256.743;-256.25;-256.7;-256.911;-256.95;-255.964;14:37:01
1625;30.0989;29.6764;-256.743;-256.254;-256.7;-256.911;-256.95;-255.972;14:37:01
1626;30.0989;29.6842;-256.743;-256.25;-256.708;-256.919;-256.942;-255.964;14:37:02
1627;30.0989;29.6764;-256.743;-256.258;-256.708;-256.919;-256.942;-255.972;14:37:02
1628;30.0911;29.6842;-256.743;-256.254;-256.708;-256.911;-256.935;-255.972;14:37:03
1629;30.0911;29.6842;-256.743;-256.254;-256.7;-256.911;-256.942;-255.964;14:37:03
1630;30.0911;29.6764;-256.739;-256.25;-256.7;-256.911;-256.95;-255.972;14:37:04
1631;30.0911;29.6842;-256.743;-256.254;-256.7;-256.911;-256.942;-255.964;14:37:04
1632;30.0911;29.6764;-256.727;-256.25;-256.7;-256.911;-256.942;-255.964;14:37:05
1633;30.0911;29.6764;-256.735;-256.25;-256.7;-256.919;-256.942;-255.964;14:37:05
1634;30.0833;29.6686;-256.727;-256.25;-256.708;-256.903;-256.942;-255.972;14:37:06
1635;30.0755;29.6764;-256.727;-256.25;-256.708;-256.911;-256.935;-255.964;14:37:06
1636;30.0755;29.6764;-256.727;-256.25;-256.708;-256.919;-256.942;-255.972;14:37:07
1637;30.0755;29.6686;-256.727;-256.25;-256.7;-256.911;-256.942;-255.964;14:37:07
1638;30.0676;29.6686;-256.719;-256.246;-256.7;-256.919;-256.935;-255.964;14:37:08
1639;30.0598;29.6764;-256.735;-256.25;-256.708;-256.911;-256.95;-255.972;14:37:08
1640;30.0598;29.6607;-256.727;-256.254;-256.692;-256.911;-256.95;-255.98;14:37:09
1641;30.052;29.6686;-256.727;-256.25;-256.7;-256.919;-256.942;-255.972;14:37:09
1642;30.052;29.6764;-256.727;-256.25;-256.7;-256.911;-256.942;-255.972;14:37:10
1643;30.052;29.6686;-256.727;-256.25;-256.692;-256.911;-256.942;-255.972;14:37:10
1644;30.0598;29.6764;-256.735;-256.254;-256.7;-256.919;-256.942;-255.972;14:37:11
1645;30.052;29.6764;-256.735;-256.25;-256.692;-256.911;-256.935;-255.972;14:37:11
1646;30.052;29.6686;-256.735;-256.25;-256.692;-256.919;-256.935;-255.964;14:37:12
1647;30.052;29.6686;-256.727;-256.25;-256.692;-256.911;-256.942;-255.972;14:37:12
1648;30.0442;29.6686;-256.727;-256.254;-256.7;-256.903;-256.935;-255.972;14:37:13
1649;30.0403;29.6686;-256.735;-256.25;-256.7;-256.911;-256.935;-255.964;14:37:13
1650;30.0403;29.6686;-256.743;-256.254;-256.7;-256.911;-256.942;-255.972;14:37:14
1651;30.0363;29.6607;-256.735;-256.254;-256.692;-256.919;-256.95;-255.972;14:37:14
1652;30.0363;29.6607;-256.735;-256.254;-256.692;-256.911;-256.935;-255.972;14:37:15
1653;30.0363;29.6607;-256.735;-256.254;-256.692;-256.911;-256.942;-255.972;14:37:15
1654;30.0324;29.6607;-256.727;-256.254;-256.692;-256.911;-256.935;-255.972;14:37:16
1655;30.0285;29.6529;-256.727;-256.25;-256.692;-256.911;-256.927;-255.972;14:37:16
1656;30.0285;29.6529;-256.735;-256.254;-256.684;-256.911;-256.942;-255.964;14:37:17
1657;30.0246;29.6529;-256.727;-256.258;-256.692;-256.919;-256.935;-255.964;14:37:17
1658;30.0168;29.649;-256.735;-256.254;-256.7;-256.919;-256.942;-255.972;14:37:18
1659;30.0168;29.6412;-256.735;-256.25;-256.692;-256.911;-256.935;-255.964;14:37:18
1660;30.0011;29.6373;-256.735;-256.254;-256.692;-256.919;-256.942;-255.972;14:37:19
1661;29.9933;29.6334;-256.735;-256.254;-256.692;-256.911;-256.935;-255.964;14:37:19
1662;29.9777;29.6099;-256.727;-256.25;-256.684;-256.911;-256.942;-255.972;14:37:20
1663;29.9698;29.6021;-256.735;-256.254;-256.692;-256.919;-256.935;-255.964;14:37:20
1664;29.9542;29.5864;-256.735;-256.262;-256.692;-256.903;-256.942;-255.964;14:37:21
1665;29.9385;29.5629;-256.727;-256.25;-256.7;-256.919;-256.935;-255.972;14:37:21
1666;29.9307;29.5551;-256.743;-256.254;-256.7;-256.911;-256.935;-255.956;14:37:22
1667;29.9307;29.5551;-256.735;-256.254;-256.692;-256.903;-256.927;-255.964;14:37:22
1668;29.9307;29.5473;-256.727;-256.25;-256.7;-256.911;-256.942;-255.956;14:37:23
1669;29.9385;29.5473;-256.743;-256.254;-256.7;-256.911;-256.927;-255.956;14:37:23
1670;29.9542;29.5551;-256.735;-256.25;-256.692;-256.911;-256.927;-255.956;14:37:24
1671;29.9698;29.5473;-256.743;-256.25;-256.7;-256.911;-256.927;-255.956;14:37:24
1672;30.0011;29.5629;-256.735;-256.25;-256.7;-256.903;-256.935;-255.956;14:37:25
1673;30.009;29.5629;-256.743;-256.25;-256.7;-256.919;-256.942;-255.956;14:37:25
1674;30.0324;29.5786;-256.735;-256.25;-256.692;-256.911;-256.942;-255.956;14:37:26
1675;30.0403;29.5864;-256.735;-256.25;-256.7;-256.919;-256.935;-255.964;14:37:26
1676;30.052;29.5864;-256.735;-256.246;-256.7;-256.919;-256.927;-255.956;14:37:27
1677;30.0676;29.5864;-256.727;-256.25;-256.7;-256.919;-256.935;-255.964;14:37:27
1678;30.0676;29.5864;-256.735;-256.25;-256.7;-256.911;-256.942;-255.956;14:37:28
1679;30.0676;29.5786;-256.735;-256.25;-256.692;-256.919;-256.927;-255.964;14:37:28
1680;30.0755;29.5786;-256.727;-256.25;-256.7;-256.919;-256.935;-255.964;14:37:29
1681;30.0755;29.5708;-256.735;-256.25;-256.692;-256.911;-256.935;-255.956;14:37:29
1682;30.0755;29.5708;-256.735;-256.25;-256.7;-256.911;-256.935;-255.964;14:37:30
1683;30.0598;29.5473;-256.735;-256.25;-256.692;-256.911;-256.935;-255.964;14:37:30
1684;30.0676;29.5395;-256.735;-256.25;-256.7;-256.911;-256.935;-255.956;14:37:31
1685;30.0442;29.5316;-256.743;-256.25;-256.7;-256.919;-256.935;-255.964;14:37:31
1686;30.0442;29.516;-256.735;-256.25;-256.708;-256.911;-256.935;-255.956;14:37:32
1687;30.0324;29.5003;-256.743;-256.25;-256.7;-256.911;-256.935;-255.964;14:37:32
1688;30.0363;29.4847;-256.735;-256.25;-256.7;-256.911;-256.935;-255.972;14:37:33
1689;30.0324;29.4729;-256.743;-256.25;-256.7;-256.911;-256.927;-255.956;14:37:33
1690;30.0246;29.469;-256.735;-256.25;-256.7;-256.911;-256.935;-255.964;14:37:34
1691;30.0011;29.4651;-256.735;-256.25;-256.692;-256.911;-256.927;-255.972;14:37:34
1692;29.9855;29.4495;-256.727;-256.25;-256.7;-256.911;-256.935;-255.956;14:37:35
1693;29.9777;29.4338;-256.727;-256.25;-256.692;-256.911;-256.927;-255.964;14:37:35
1694;29.962;29.4182;-256.735;-256.246;-256.692;-256.903;-256.935;-255.964;14:37:36
1695;29.9542;29.4103;-256.735;-256.25;-256.692;-256.903;-256.935;-255.956;14:37:36
1696;29.9464;29.3947;-256.735;-256.246;-256.7;-256.903;-256.942;-255.949;14:37:37
1697;29.9542;29.4025;-256.735;-256.25;-256.692;-256.911;-256.927;-255.956;14:37:37
1698;29.9542;29.3947;-256.735;-256.246;-256.692;-256.903;-256.935;-255.956;14:37:38
1699;29.962;29.4025;-256.743;-256.246;-256.692;-256.903;-256.919;-255.964;14:37:38
1700;29.9855;29.4103;-256.727;-256.246;-256.692;-256.911;-256.935;-255.956;14:37:39
1701;29.9933;29.4182;-256.719;-256.246;-256.692;-256.911;-256.927;-255.964;14:37:39
1702;30.009;29.4416;-256.727;-256.25;-256.7;-256.903;-256.935;-255.964;14:37:40
1703;30.0246;29.4416;-256.735;-256.25;-256.692;-256.911;-256.935;-255.956;14:37:40
1704;30.0324;29.4495;-256.735;-256.246;-256.692;-256.911;-256.935;-255.964;14:37:41
1705;30.0363;29.4416;-256.743;-256.246;-256.692;-256.911;-256.927;-255.956;14:37:41
1706;30.052;29.4573;-256.727;-256.246;-256.692;-256.903;-256.935;-255.956;14:37:42
1707;30.052;29.4573;-256.743;-256.246;-256.692;-256.911;-256.935;-255.964;14:37:42
1708;30.0442;29.4573;-256.727;-256.25;-256.692;-256.911;-256.927;-255.956;14:37:43
1709;30.0442;29.4416;-256.743;-256.25;-256.692;-256.919;-256.927;-255.964;14:37:43
1710;30.0442;29.4416;-256.747;-256.25;-256.692;-256.911;-256.935;-255.956;14:37:44
1711;30.0403;29.4338;-256.743;-256.25;-256.692;-256.919;-256.927;-255.964;14:37:44
1712;30.0363;29.426;-256.747;-256.25;-256.692;-256.911;-256.942;-255.956;14:37:45
1713;30.0324;29.4103;-256.743;-256.25;-256.7;-256.911;-256.935;-255.964;14:37:45
1714;30.0285;29.4025;-256.747;-256.25;-256.684;-256.911;-256.935;-255.956;14:37:46
1715;30.0246;29.379;-256.743;-256.25;-256.692;-256.919;-256.935;-255.964;14:37:46
1716;30.009;29.3712;-256.743;-256.25;-256.7;-256.911;-256.935;-255.956;14:37:47
1717;30.009;29.3556;-256.743;-256.25;-256.692;-256.911;-256.942;-255.964;14:37:47
1718;29.9855;29.3399;-256.747;-256.254;-256.692;-256.911;-256.942;-255.964;14:37:48
1719;29.9855;29.3321;-256.743;-256.25;-256.7;-256.911;-256.935;-255.956;14:37:48
1720;29.962;29.3243;-256.743;-256.25;-256.692;-256.911;-256.935;-255.956;14:37:49
1721;29.9542;29.3086;-256.743;-256.25;-256.7;-256.911;-256.942;-255.964;14:37:49
1722;29.9542;29.293;-256.747;-256.25;-256.7;-256.903;-256.935;-255.964;14:37:50
1723;29.9385;29.293;-256.747;-256.25;-256.692;-256.903;-256.942;-255.956;14:37:50
1724;29.9385;29.2851;-256.743;-256.25;-256.692;-256.911;-256.935;-255.964;14:37:51
1725;29.9464;29.293;-256.743;-256.246;-256.684;-256.911;-256.942;-255.956;14:37:51
1726;29.9542;29.2851;-256.743;-256.25;-256.692;-256.911;-256.942;-255.956;14:37:52
1727;29.962;29.3008;-256.743;-256.25;-256.692;-256.919;-256.935;-255.956;14:37:52
1728;29.9777;29.3164;-256.735;-256.25;-256.684;-256.911;-256.935;-255.964;14:37:53
1729;30.0011;29.3164;-256.747;-256.25;-256.684;-256.911;-256.935;-255.956;14:37:53
1730;30.0207;29.3321;-256.743;-256.25;-256.692;-256.919;-256.942;-255.964;14:37:54
1731;30.0324;29.3556;-256.747;-256.25;-256.692;-256.911;-256.935;-255.956;14:37:54
1732;30.0442;29.3712;-256.747;-256.25;-256.692;-256.919;-256.942;-255.964;14:37:55
1733;30.0598;29.379;-256.743;-256.25;-256.684;-256.911;-256.935;-255.964;14:37:55
1734;30.0755;29.379;-256.743;-256.25;-256.692;-256.919;-256.935;-255.956;14:37:56
1735;30.0755;29.3869;-256.743;-256.246;-256.684;-256.911;-256.942;-255.964;14:37:56
1736;30.0833;29.379;-256.747;-256.25;-256.692;-256.911;-256.942;-255.964;14:37:57
1737;30.0833;29.379;-256.743;-256.25;-256.692;-256.919;-256.935;-255.956;14:37:57
1738;30.0755;29.379;-256.743;-256.246;-256.692;-256.911;-256.942;-255.964;14:37:58
1739;30.0833;29.3712;-256.747;-256.25;-256.692;-256.919;-256.942;-255.956;14:37:58
1740;30.0755;29.379;-256.747;-256.246;-256.692;-256.911;-256.942;-255.956;14:37:59
1741;30.0755;29.3556;-256.743;-256.25;-256.692;-256.911;-256.935;-255.956;14:37:59
1742;30.0755;29.3634;-256.743;-256.246;-256.7;-256.911;-256.942;-255.956;14:38:00
1743;30.052;29.3477;-256.747;-256.246;-256.692;-256.911;-256.935;-255.956;14:38:00
1744;30.0442;29.3477;-256.743;-256.246;-256.692;-256.911;-256.935;-255.956;14:38:01
1745;30.0363;29.3321;-256.747;-256.246;-256.7;-256.911;-256.935;-255.956;14:38:01
1746;30.0285;29.3164;-256.743;-256.242;-256.692;-256.903;-256.935;-255.956;14:38:02
1747;30.0246;29.293;-256.735;-256.25;-256.692;-256.911;-256.927;-255.964;14:38:02
1748;30.0129;29.2851;-256.743;-256.246;-256.7;-256.903;-256.942;-255.956;14:38:03
1749;30.0011;29.2695;-256.747;-256.25;-256.7;-256.919;-256.935;-255.956;14:38:03
1750;29.9855;29.2577;-256.743;-256.246;-256.684;-256.911;-256.935;-255.964;14:38:04
1751;29.9698;29.2538;-256.743;-256.246;-256.692;-256.911;-256.935;-255.964;14:38:04
1752;29.9542;29.2499;-256.735;-256.246;-256.692;-256.911;-256.942;-255.956;14:38:05
1753;29.9542;29.2421;-256.747;-256.25;-256.692;-256.919;-256.942;-255.964;14:38:05
1754;29.9464;29.246;-256.743;-256.242;-256.692;-256.911;-256.942;-255.956;14:38:06
1755;29.9464;29.246;-256.743;-256.25;-256.692;-256.911;-256.935;-255.964;14:38:06
1756;29.9542;29.2499;-256.743;-256.25;-256.692;-256.903;-256.942;-255.956;14:38:07
1757;29.9777;29.2538;-256.747;-256.25;-256.684;-256.903;-256.935;-255.964;14:38:07
1758;30.0011;29.2577;-256.743;-256.25;-256.692;-256.903;-256.95;-255.956;14:38:08
1759;30.009;29.2656;-256.747;-256.254;-256.692;-256.903;-256.942;-255.964;14:38:08
1760;30.0207;29.2773;-256.743;-256.25;-256.684;-256.903;-256.942;-255.964;14:38:09
1761;30.0363;29.293;-256.747;-256.25;-256.692;-256.903;-256.935;-255.964;14:38:09
1762;30.0363;29.293;-256.747;-256.246;-256.692;-256.903;-256.95;-255.956;14:38:10
1763;30.0442;29.293;-256.747;-256.254;-256.7;-256.911;-256.942;-255.964;14:38:10
1764;30.052;29.3086;-256.743;-256.25;-256.692;-256.903;-256.942;-255.964;14:38:11
1765;30.0442;29.3086;-256.747;-256.25;-256.692;-256.919;-256.935;-255.964;14:38:11
1766;30.052;29.3008;-256.743;-256.25;-256.7;-256.903;-256.942;-255.956;14:38:12
1767;30.0403;29.293;-256.747;-256.254;-256.7;-256.903;-256.935;-255.964;14:38:12
1768;30.0403;29.3008;-256.743;-256.25;-256.692;-256.911;-256.935;-255.964;14:38:13
1769;30.0324;29.2851;-256.743;-256.254;-256.7;-256.911;-256.927;-255.956;14:38:13
1770;30.0324;29.2851;-256.743;-256.25;-256.692;-256.911;-256.935;-255.964;14:38:14
1771;30.0285;29.2695;-256.743;-256.254;-256.7;-256.919;-256.935;-255.956;14:38:14
1772;30.0168;29.2617;-256.735;-256.246;-256.7;-256.911;-256.935;-255.964;14:38:15
1773;30.009;29.2538;-256.735;-256.254;-256.692;-256.919;-256.927;-255.964;14:38:15
1774;30.0011;29.2538;-256.735;-256.25;-256.7;-256.911;-256.942;-255.964;14:38:16
1775;29.9855;29.2421;-256.735;-256.254;-256.7;-256.919;-256.935;-255.964;14:38:16
1776;29.9698;29.2421;-256.743;-256.25;-256.7;-256.903;-256.95;-255.964;14:38:17
1777;29.962;29.2264;-256.743;-256.25;-256.7;-256.911;-256.935;-255.964;14:38:17
1778;29.9542;29.2108;-256.747;-256.246;-256.692;-256.911;-256.935;-255.972;14:38:18
1779;29.9464;29.2186;-256.743;-256.254;-256.7;-256.911;-256.942;-255.964;14:38:18
1780;29.9542;29.2186;-256.743;-256.25;-256.692;-256.911;-256.942;-255.964;14:38:19
1781;29.9698;29.2343;-256.747;-256.25;-256.692;-256.919;-256.935;-255.972;14:38:19
1782;29.9777;29.2343;-256.747;-256.246;-256.7;-256.911;-256.935;-255.964;14:38:20
1783;29.9855;29.246;-256.743;-256.25;-256.692;-256.911;-256.935;-255.972;14:38:20
1784;30.0168;29.2538;-256.743;-256.25;-256.692;-256.911;-256.935;-255.964;14:38:21
1785;30.0207;29.2695;-256.747;-256.254;-256.692;-256.919;-256.942;-255.972;14:38:21
1786;30.0403;29.2695;-256.743;-256.25;-256.7;-256.911;-256.942;-255.972;14:38:22
1787;30.0481;29.2773;-256.743;-256.25;-256.692;-256.911;-256.942;-255.972;14:38:22
1788;30.052;29.293;-256.743;-256.25;-256.7;-256.919;-256.942;-255.972;14:38:23
1789;30.0598;29.2851;-256.743;-256.25;-256.7;-256.919;-256.942;-255.964;14:38:23
1790;30.0598;29.2851;-256.735;-256.254;-256.692;-256.919;-256.935;-255.972;14:38:24
1791;30.0598;29.2773;-256.743;-256.25;-256.7;-256.919;-256.935;-255.972;14:38:24
1792;30.0598;29.2773;-256.727;-256.25;-256.692;-256.919;-256.935;-255.964;14:38:25
1793;30.052;29.2695;-256.743;-256.25;-256.7;-256.919;-256.935;-255.972;14:38:25
1794;30.0442;29.2773;-256.735;-256.25;-256.7;-256.919;-256.942;-255.964;14:38:26
1795;30.0403;29.2617;-256.743;-256.25;-256.692;-256.911;-256.942;-255.964;14:38:26
1796;30.0363;29.2577;-256.743;-256.25;-256.7;-256.919;-256.942;-255.972;14:38:27
1797;30.0324;29.2538;-256.743;-256.25;-256.692;-256.919;-256.942;-255.972;14:38:27
1798;30.0285;29.246;-256.743;-256.25;-256.7;-256.919;-256.942;-255.972;14:38:28
1799;30.0168;29.2421;-256.739;-256.25;-256.692;-256.919;-256.935;-255.964;14:38:28
1800;30.009;29.2343;-256.743;-256.25;-256.7;-256.911;-256.935;-255.972;14:38:29
1801;30.0011;29.2108;-256.747;-256.25;-256.692;-256.919;-256.927;-255.964;14:38:29
1802;29.9855;29.2108;-256.747;-256.25;-256.7;-256.919;-256.95;-255.964;14:38:30
1803;29.962;29.1951;-256.743;-256.25;-256.692;-256.919;-256.942;-255.964;14:38:30
1804;29.962;29.1795;-256.747;-256.246;-256.692;-256.911;-256.935;-255.956;14:38:31
1805;29.9385;29.156;-256.743;-256.254;-256.7;-256.927;-256.935;-255.956;14:38:31
1806;29.9307;29.156;-256.747;-256.246;-256.692;-256.911;-256.935;-255.949;14:38:32
1807;29.9151;29.1404;-256.743;-256.25;-256.692;-256.919;-256.935;-255.956;14:38:32
1808;29.9151;29.1404;-256.747;-256.25;-256.684;-256.919;-256.942;-255.964;14:38:33
1809;29.9072;29.1404;-256.747;-256.25;-256.692;-256.919;-256.942;-255.964;14:38:33
1810;29.9151;29.1482;-256.747;-256.25;-256.692;-256.919;-256.942;-255.964;14:38:34
1811;29.9307;29.156;-256.743;-256.25;-256.692;-256.919;-256.935;-255.964;14:38:34
1812;29.9385;29.1795;-256.747;-256.246;-256.7;-256.919;-256.935;-255.964;14:38:35
1813;29.9542;29.1873;-256.743;-256.25;-256.692;-256.919;-256.942;-255.972;14:38:35
1814;29.9855;29.2108;-256.747;-256.25;-256.692;-256.911;-256.942;-255.964;14:38:36
1815;30.0011;29.2343;-256.743;-256.25;-256.692;-256.927;-256.942;-255.964;14:38:36
1816;30.0207;29.246;-256.747;-256.25;-256.692;-256.919;-256.935;-255.964;14:38:37
1817;30.0403;29.2538;-256.747;-256.254;-256.692;-256.919;-256.942;-255.972;14:38:37
1818;30.052;29.2617;-256.747;-256.254;-256.692;-256.911;-256.935;-255.972;14:38:38
1819;30.0833;29.2773;-256.747;-256.254;-256.7;-256.919;-256.942;-255.964;14:38:38
1820;30.0911;29.2773;-256.747;-256.25;-256.692;-256.919;-256.935;-255.972;14:38:39
1821;30.0989;29.2773;-256.743;-256.25;-256.692;-256.911;-256.942;-255.972;14:38:39
1822;30.1068;29.2773;-256.747;-256.25;-256.692;-256.911;-256.942;-255.964;14:38:40
1823;30.1068;29.2851;-256.743;-256.25;-256.692;-256.919;-256.927;-255.972;14:38:40
1824;30.1068;29.2773;-256.743;-256.246;-256.7;-256.911;-256.942;-255.964;14:38:41
1825;30.1146;29.2773;-256.743;-256.25;-256.692;-256.911;-256.935;-255.964;14:38:41
1826;30.0989;29.2695;-256.747;-256.25;-256.692;-256.919;-256.942;-255.964;14:38:42
1827;30.0989;29.2617;-256.747;-256.25;-256.692;-256.911;-256.942;-255.964;14:38:42
1828;30.0911;29.2577;-256.747;-256.246;-256.692;-256.919;-256.942;-255.964;14:38:43
1829;30.0911;29.2499;-256.743;-256.25;-256.692;-256.911;-256.942;-255.972;14:38:43
1830;30.0833;29.246;-256.751;-256.25;-256.7;-256.919;-256.935;-255.964;14:38:44
1831;30.0676;29.2343;-256.747;-256.246;-256.692;-256.911;-256.942;-255.964;14:38:44
1832;30.0676;29.2264;-256.743;-256.25;-256.692;-256.903;-256.942;-255.956;14:38:45
1833;30.0559;29.2108;-256.747;-256.246;-256.7;-256.919;-256.95;-255.964;14:38:45
1834;30.0403;29.203;-256.747;-256.25;-256.7;-256.911;-256.95;-255.964;14:38:46
1835;30.0324;29.1873;-256.747;-256.25;-256.7;-256.911;-256.95;-255.964;14:38:46
1836;30.0285;29.1717;-256.747;-256.25;-256.7;-256.919;-256.942;-255.964;14:38:47
1837;30.0168;29.1638;-256.743;-256.25;-256.7;-256.919;-256.95;-255.956;14:38:47
1838;29.9933;29.156;-256.743;-256.25;-256.692;-256.911;-256.942;-255.964;14:38:48
1839;29.9855;29.1404;-256.747;-256.254;-256.7;-256.919;-256.942;-255.956;14:38:48
1840;29.962;29.1247;-256.747;-256.25;-256.7;-256.911;-256.942;-255.964;14:38:49
1841;29.9464;29.1169;-256.747;-256.25;-256.708;-256.911;-256.935;-255.956;14:38:49
1842;29.9307;29.1012;-256.747;-256.25;-256.7;-256.919;-256.935;-255.964;14:38:50
1843;29.9151;29.0856;-256.747;-256.25;-256.708;-256.911;-256.942;-255.964;14:38:50
1844;29.8994;29.0778;-256.747;-256.25;-256.7;-256.911;-256.942;-255.956;14:38:51
1845;29.8994;29.0778;-256.743;-256.25;-256.692;-256.911;-256.935;-255.964;14:38:51
1846;29.9072;29.0699;-256.747;-256.25;-256.7;-256.911;-256.935;-255.964;14:38:52
1847;29.9072;29.0856;-256.747;-256.25;-256.7;-256.911;-256.935;-255.956;14:38:52
1848;29.9307;29.0934;-256.747;-256.254;-256.692;-256.919;-256.935;-255.964;14:38:53
1849;29.9385;29.1091;-256.743;-256.258;-256.692;-256.911;-256.935;-255.964;14:38:53
1850;29.962;29.1169;-256.747;-256.25;-256.7;-256.911;-256.935;-255.956;14:38:54
1851;29.9933;29.1404;-256.747;-256.254;-256.692;-256.911;-256.927;-255.964;14:38:54
1852;30.009;29.156;-256.747;-256.25;-256.7;-256.903;-256.935;-255.964;14:38:55
1853;30.0285;29.1795;-256.747;-256.254;-256.692;-256.911;-256.927;-255.972;14:38:55
1854;30.0403;29.1873;-256.743;-256.25;-256.692;-256.903;-256.927;-255.964;14:38:56
1855;30.0598;29.2108;-256.747;-256.25;-256.692;-256.903;-256.942;-255.964;14:38:56
1856;30.0833;29.2186;-256.747;-256.25;-256.692;-256.911;-256.935;-255.972;14:38:57
1857;30.0833;29.2186;-256.747;-256.254;-256.692;-256.903;-256.95;-255.964;14:38:57
1858;30.0989;29.2264;-256.747;-256.25;-256.684;-256.919;-256.942;-255.964;14:38:58
1859;30.1068;29.2264;-256.743;-256.25;-256.7;-256.911;-256.935;-255.964;14:38:58
1860;30.1068;29.2264;-256.743;-256.254;-256.7;-256.911;-256.935;-255.964;14:38:59
1861;30.1068;29.2186;-256.743;-256.254;-256.684;-256.919;-256.95;-255.964;14:38:59
1862;30.0989;29.2186;-256.743;-256.25;-256.692;-256.911;-256.95;-255.964;14:39:00
1863;30.0989;29.2108;-256.735;-256.254;-256.692;-256.911;-256.958;-255.964;14:39:00
1864;30.0911;29.203;-256.735;-256.25;-256.692;-256.911;-256.942;-255.964;14:39:01
1865;30.0833;29.1951;-256.735;-256.25;-256.7;-256.919;-256.95;-255.964;14:39:01
1866;30.0676;29.1873;-256.735;-256.25;-256.692;-256.911;-256.942;-255.964;14:39:02
1867;30.0676;29.1873;-256.735;-256.25;-256.692;-256.919;-256.942;-255.964;14:39:02
1868;30.052;29.1638;-256.735;-256.25;-256.692;-256.911;-256.95;-255.964;14:39:03
1869;30.052;29.1638;-256.735;-256.25;-256.692;-256.911;-256.958;-255.964;14:39:03
1870;30.0363;29.1482;-256.735;-256.25;-256.7;-256.911;-256.942;-255.964;14:39:04
1871;30.0285;29.1404;-256.735;-256.25;-256.692;-256.919;-256.958;-255.964;14:39:04
1872;30.0246;29.1247;-256.743;-256.254;-256.708;-256.911;-256.95;-255.964;14:39:05
1873;30.0168;29.1012;-256.735;-256.25;-256.7;-256.919;-256.95;-255.964;14:39:05
1874;29.9933;29.0934;-256.747;-256.246;-256.692;-256.919;-256.942;-255.956;14:39:06
1875;29.9855;29.0856;-256.743;-256.25;-256.7;-256.911;-256.942;-255.964;14:39:06
1876;29.9777;29.0778;-256.747;-256.254;-256.692;-256.919;-256.95;-255.956;14:39:07
1877;29.9542;29.0621;-256.747;-256.25;-256.7;-256.919;-256.942;-255.964;14:39:07
1878;29.9307;29.0465;-256.743;-256.246;-256.7;-256.911;-256.942;-255.956;14:39:08
1879;29.9229;29.0426;-256.747;-256.25;-256.7;-256.919;-256.942;-255.964;14:39:08
1880;29.9072;29.0386;-256.747;-256.25;-256.692;-256.919;-256.942;-255.956;14:39:09
1881;29.8994;29.0347;-256.747;-256.25;-256.692;-256.911;-256.935;-255.964;14:39:09
1882;29.9072;29.0347;-256.747;-256.246;-256.692;-256.919;-256.935;-255.956;14:39:10
1883;29.9072;29.0386;-256.747;-256.25;-256.692;-256.911;-256.935;-255.964;14:39:10
1884;29.9151;29.0386;-256.743;-256.25;-256.692;-256.911;-256.935;-255.964;14:39:11
1885;29.9229;29.0426;-256.743;-256.246;-256.7;-256.919;-256.935;-255.956;14:39:11
1886;29.9464;29.0621;-256.747;-256.25;-256.7;-256.919;-256.942;-255.964;14:39:12
1887;29.962;29.0856;-256.747;-256.246;-256.7;-256.919;-256.935;-255.956;14:39:12
1888;29.9933;29.1012;-256.747;-256.25;-256.692;-256.911;-256.935;-255.964;14:39:13
1889;30.009;29.1247;-256.743;-256.246;-256.7;-256.919;-256.935;-255.956;14:39:13
1890;30.0324;29.1404;-256.743;-256.246;-256.7;-256.919;-256.935;-255.956;14:39:14
1891;30.0481;29.1717;-256.747;-256.25;-256.692;-256.919;-256.927;-255.964;14:39:14
1892;30.0598;29.1795;-256.747;-256.246;-256.7;-256.911;-256.935;-255.964;14:39:15
1893;30.0833;29.1873;-256.743;-256.246;-256.7;-256.919;-256.942;-255.956;14:39:15
1894;30.0911;29.1951;-256.743;-256.246;-256.7;-256.919;-256.927;-255.964;14:39:16
1895;30.0989;29.1951;-256.735;-256.246;-256.692;-256.919;-256.919;-255.964;14:39:16
1896;30.1068;29.203;-256.743;-256.246;-256.7;-256.911;-256.927;-255.956;14:39:17
1897;30.1068;29.203;-256.735;-256.246;-256.692;-256.919;-256.927;-255.956;14:39:17
1898;30.1146;29.1951;-256.743;-256.25;-256.7;-256.919;-256.927;-255.956;14:39:18
1899;30.1068;29.1873;-256.735;-256.25;-256.7;-256.919;-256.935;-255.956;14:39:18
1900;30.1068;29.1951;-256.743;-256.25;-256.692;-256.919;-256.927;-255.956;14:39:19
1901;30.0989;29.1795;-256.735;-256.246;-256.7;-256.911;-256.935;-255.956;14:39:19
1902;30.0911;29.1795;-256.743;-256.246;-256.7;-256.919;-256.935;-255.956;14:39:20
1903;30.0755;29.1717;-256.743;-256.25;-256.7;-256.919;-256.935;-255.956;14:39:20
1904;30.0676;29.1638;-256.735;-256.246;-256.7;-256.919;-256.927;-255.949;14:39:21
1905;30.0598;29.156;-256.735;-256.246;-256.708;-256.911;-256.942;-255.964;14:39:21
1906;30.052;29.1482;-256.743;-256.246;-256.692;-256.919;-256.935;-255.956;14:39:22
1907;30.0403;29.1404;-256.735;-256.246;-256.7;-256.919;-256.935;-255.956;14:39:22
1908;30.0324;29.1247;-256.735;-256.25;-256.692;-256.919;-256.935;-255.956;14:39:23
1909;30.0285;29.1091;-256.743;-256.246;-256.692;-256.911;-256.927;-255.956;14:39:23
1910;30.0168;29.0934;-256.735;-256.246;-256.7;-256.911;-256.935;-255.964;14:39:24
1911;30.0011;29.0856;-256.735;-256.25;-256.7;-256.919;-256.927;-255.956;14:39:24
1912;29.9933;29.0621;-256.743;-256.246;-256.7;-256.919;-256.935;-255.964;14:39:25
1913;29.9777;29.0621;-256.735;-256.246;-256.7;-256.919;-256.935;-255.956;14:39:25
1914;29.962;29.0426;-256.743;-256.25;-256.692;-256.919;-256.927;-255.964;14:39:26
1915;29.9464;29.0347;-256.743;-256.246;-256.7;-256.911;-256.942;-255.956;14:39:26
1916;29.9307;29.0308;-256.743;-256.25;-256.7;-256.919;-256.935;-255.964;14:39:27
1917;29.9229;29.0269;-256.735;-256.242;-256.7;-256.919;-256.935;-255.956;14:39:27
1918;29.9072;29.0034;-256.743;-256.25;-256.7;-256.919;-256.942;-255.964;14:39:28
1919;29.9072;29.0113;-256.743;-256.246;-256.7;-256.911;-256.935;-255.964;14:39:28
1920;29.9072;29.0113;-256.743;-256.25;-256.692;-256.919;-256.942;-255.956;14:39:29
1921;29.9307;29.0191;-256.743;-256.246;-256.7;-256.911;-256.935;-255.956;14:39:29
1922;29.9307;29.0308;-256.747;-256.246;-256.692;-256.919;-256.935;-255.964;14:39:30
1923;29.9542;29.0386;-256.743;-256.25;-256.692;-256.919;-256.935;-255.956;14:39:30
1924;29.9777;29.0543;-256.743;-256.246;-256.7;-256.911;-256.935;-255.956;14:39:31
1925;29.9933;29.0699;-256.743;-256.246;-256.7;-256.911;-256.942;-255.949;14:39:31
1926;30.0246;29.0856;-256.743;-256.25;-256.692;-256.919;-256.95;-255.964;14:39:32
1927;30.0403;29.1169;-256.735;-256.246;-256.692;-256.919;-256.942;-255.956;14:39:32
1928;30.0598;29.1404;-256.727;-256.25;-256.7;-256.919;-256.95;-255.964;14:39:33
1929;30.0833;29.156;-256.743;-256.246;-256.692;-256.911;-256.942;-255.956;14:39:33
1930;30.1068;29.1717;-256.735;-256.246;-256.692;-256.919;-256.927;-255.956;14:39:34
1931;30.1224;29.1717;-256.735;-256.246;-256.7;-256.919;-256.942;-255.964;14:39:34
1932;30.1302;29.1795;-256.743;-256.25;-256.692;-256.919;-256.927;-255.956;14:39:35
1933;30.1381;29.1873;-256.743;-256.25;-256.692;-256.919;-256.942;-255.964;14:39:35
1934;30.1302;29.1873;-256.735;-256.246;-256.7;-256.919;-256.942;-255.956;14:39:36
1935;30.1381;29.1795;-256.743;-256.25;-256.692;-256.911;-256.942;-255.964;14:39:36
1936;30.1381;29.1795;-256.735;-256.25;-256.7;-256.927;-256.95;-255.956;14:39:37
1937;30.1381;29.1795;-256.735;-256.246;-256.7;-256.919;-256.935;-255.964;14:39:37
1938;30.1302;29.1717;-256.739;-256.25;-256.692;-256.919;-256.935;-255.956;14:39:38
1939;30.1302;29.1717;-256.735;-256.25;-256.7;-256.919;-256.935;-255.964;14:39:38
1940;30.1146;29.156;-256.735;-256.246;-256.692;-256.911;-256.942;-255.964;14:39:39
1941;30.1224;29.1482;-256.727;-256.25;-256.7;-256.919;-256.942;-255.964;14:39:39
1942;30.1068;29.1482;-256.727;-256.25;-256.692;-256.919;-256.935;-255.964;14:39:40
1943;30.0989;29.1404;-256.727;-256.25;-256.7;-256.911;-256.942;-255.964;14:39:40
1944;30.0833;29.1247;-256.727;-256.25;-256.692;-256.911;-256.935;-255.964;14:39:41
1945;30.0833;29.1091;-256.735;-256.25;-256.692;-256.919;-256.942;-255.964;14:39:41
1946;30.052;29.0934;-256.727;-256.25;-256.692;-256.919;-256.942;-255.964;14:39:42
1947;30.0481;29.0934;-256.727;-256.25;-256.7;-256.911;-256.942;-255.956;14:39:42
1948;30.0363;29.0778;-256.735;-256.25;-256.692;-256.919;-256.95;-255.964;14:39:43
1949;30.0285;29.0699;-256.735;-256.254;-256.7;-256.911;-256.942;-255.964;14:39:43
1950;30.0246;29.0543;-256.727;-256.25;-256.7;-256.911;-256.942;-255.964;14:39:44
1951;29.9933;29.0465;-256.735;-256.25;-256.7;-256.919;-256.942;-255.964;14:39:44
1952;29.9855;29.0386;-256.735;-256.258;-256.7;-256.911;-256.95;-255.964;14:39:45
1953;29.9777;29.0386;-256.735;-256.25;-256.7;-256.911;-256.942;-255.964;14:39:45
1954;29.9542;29.0308;-256.727;-256.254;-256.692;-256.911;-256.942;-255.956;14:39:46
1955;29.9464;29.0191;-256.735;-256.246;-256.7;-256.911;-256.958;-255.964;14:39:46
1956;29.9151;29.0113;-256.735;-256.25;-256.7;-256.911;-256.942;-255.956;14:39:47
1957;29.9072;29.0034;-256.735;-256.25;-256.708;-256.911;-256.95;-255.964;14:39:47
1958;29.8994;29.0034;-256.735;-256.246;-256.7;-256.919;-256.942;-255.964;14:39:48
1959;29.8994;29.0034;-256.735;-256.25;-256.708;-256.911;-256.95;-255.956;14:39:48
1960;29.8994;29.0191;-256.735;-256.246;-256.708;-256.911;-256.935;-255.964;14:39:49
1961;29.9229;29.0191;-256.727;-256.246;-256.7;-256.911;-256.935;-255.964;14:39:49
1962;29.9385;29.0308;-256.735;-256.25;-256.7;-256.911;-256.942;-255.964;14:39:50
1963;29.962;29.0426;-256.735;-256.25;-256.7;-256.919;-256.942;-255.964;14:39:50
1964;29.9698;29.0543;-256.735;-256.246;-256.7;-256.919;-256.935;-255.964;14:39:51
1965;30.0011;29.0778;-256.727;-256.25;-256.708;-256.903;-256.95;-255.964;14:39:51
1966;30.0246;29.1012;-256.743;-256.246;-256.7;-256.911;-256.942;-255.972;14:39:52
1967;30.0363;29.1169;-256.735;-256.25;-256.7;-256.919;-256.942;-255.964;14:39:52
1968;30.052;29.1247;-256.735;-256.246;-256.692;-256.911;-256.942;-255.964;14:39:53
1969;30.0598;29.1404;-256.735;-256.246;-256.7;-256.903;-256.95;-255.972;14:39:53
1970;30.0755;29.156;-256.727;-256.246;-256.692;-256.911;-256.95;-255.964;14:39:54
1971;30.0833;29.1404;-256.735;-256.246;-256.692;-256.911;-256.942;-255.964;14:39:54
1972;30.0833;29.1482;-256.735;-256.246;-256.7;-256.911;-256.942;-255.964;14:39:55
1973;30.0833;29.1404;-256.727;-256.246;-256.692;-256.903;-256.942;-255.964;14:39:55
1974;30.0755;29.1404;-256.727;-256.246;-256.692;-256.911;-256.935;-255.964;14:39:56
1975;30.0676;29.1325;-256.727;-256.246;-256.692;-256.911;-256.935;-255.964;14:39:56
1976;30.0598;29.1169;-256.727;-256.246;-256.692;-256.911;-256.942;-255.972;14:39:57
1977;30.0598;29.1169;-256.727;-256.25;-256.708;-256.903;-256.935;-255.964;14:39:57
1978;30.0403;29.1012;-256.719;-256.254;-256.692;-256.911;-256.935;-255.964;14:39:58
1979;30.0363;29.1012;-256.727;-256.25;-256.7;-256.911;-256.942;-255.972;14:39:58
1980;30.0285;29.0934;-256.719;-256.25;-256.692;-256.903;-256.935;-255.964;14:39:59
1981;30.0285;29.0856;-256.727;-256.25;-256.7;-256.911;-256.935;-255.972;14:39:59
1982;30.0168;29.0699;-256.727;-256.25;-256.692;-256.903;-256.942;-255.964;14:40:00
1983;30.009;29.0543;-256.735;-256.25;-256.692;-256.911;-256.95;-255.964;14:40:00
1984;29.9933;29.0543;-256.727;-256.25;-256.692;-256.903;-256.942;-255.972;14:40:01
1985;29.9855;29.0426;-256.735;-256.25;-256.692;-256.911;-256.942;-255.956;14:40:01
1986;29.9698;29.0426;-256.727;-256.25;-256.692;-256.903;-256.942;-255.964;14:40:02
1987;29.962;29.0347;-256.735;-256.25;-256.692;-256.911;-256.942;-255.964;14:40:02
1988;29.9542;29.0308;-256.727;-256.246;-256.692;-256.911;-256.942;-255.972;14:40:03
1989;29.962;29.0308;-256.727;-256.25;-256.692;-256.919;-256.935;-255.964;14:40:03
1990;29.9698;29.0386;-256.735;-256.25;-256.7;-256.911;-256.942;-255.972;14:40:04
1991;29.9855;29.0347;-256.727;-256.25;-256.7;-256.911;-256.935;-255.972;14:40:04
1992;30.0011;29.0504;-256.735;-256.25;-256.692;-256.903;-256.935;-255.964;14:40:05
1993;30.0168;29.0465;-256.727;-256.25;-256.7;-256.911;-256.942;-255.972;14:40:05
1994;30.0246;29.0621;-256.735;-256.25;-256.7;-256.911;-256.935;-255.964;14:40:06
1995;30.0285;29.0699;-256.727;-256.25;-256.692;-256.903;-256.95;-255.972;14:40:06
1996;30.0324;29.0778;-256.727;-256.25;-256.7;-256.911;-256.935;-255.972;14:40:07
1997;30.0324;29.0778;-256.735;-256.25;-256.7;-256.911;-256.942;-255.972;14:40:07
1998;30.0324;29.0778;-256.727;-256.25;-256.7;-256.911;-256.942;-255.964;14:40:08
1999;30.0285;29.0699;-256.735;-256.254;-256.7;-256.903;-256.942;-255.964;14:40:08
2000;30.0285;29.0778;-256.727;-256.25;-256.7;-256.911;-256.942;-255.964;14:40:09
2001;30.0207;29.0621;-256.735;-256.254;-256.708;-256.911;-256.95;-255.964;14:40:09
2002;30.0168;29.0621;-256.727;-256.25;-256.692;-256.911;-256.942;-255.956;14:40:10
2003;30.009;29.0543;-256.735;-256.246;-256.7;-256.911;-256.958;-255.964;14:40:10
2004;29.9933;29.0465;-256.727;-256.25;-256.708;-256.911;-256.942;-255.964;14:40:11
2005;29.9933;29.0465;-256.735;-256.25;-256.692;-256.911;-256.958;-255.956;14:40:11
2006;29.9698;29.0347;-256.727;-256.25;-256.692;-256.911;-256.942;-255.964;14:40:12
2007;29.9698;29.0269;-256.735;-256.25;-256.692;-256.903;-256.95;-255.964;14:40:12
2008;29.9542;29.0191;-256.743;-256.25;-256.692;-256.911;-256.95;-255.964;14:40:13
2009;29.9385;29.0113;-256.727;-256.25;-256.692;-256.903;-256.95;-255.964;14:40:13
2010;29.9229;29.0113;-256.735;-256.25;-256.7;-256.911;-256.942;-255.956;14:40:14
2011;29.9307;29.0113;-256.735;-256.246;-256.7;-256.911;-256.942;-255.964;14:40:14
2012;29.9307;29.0113;-256.735;-256.25;-256.7;-256.911;-256.935;-255.964;14:40:15
2013;29.9385;29.0191;-256.727;-256.25;-256.692;-256.911;-256.927;-255.964;14:40:15
2014;29.9542;29.0269;-256.735;-256.246;-256.7;-256.911;-256.942;-255.964;14:40:16
2015;29.9698;29.0347;-256.735;-256.25;-256.692;-256.911;-256.935;-255.972;14:40:16
2016;29.9933;29.0465;-256.727;-256.25;-256.708;-256.903;-256.942;-255.964;14:40:17
2017;30.009;29.0621;-256.735;-256.25;-256.7;-256.903;-256.935;-255.964;14:40:17
2018;30.0324;29.0778;-256.727;-256.25;-256.692;-256.911;-256.942;-255.964;14:40:18
2019;30.0363;29.1012;-256.727;-256.25;-256.7;-256.911;-256.942;-255.972;14:40:18
2020;30.0403;29.1012;-256.719;-256.25;-256.7;-256.903;-256.935;-255.964;14:40:19
2021;30.052;29.1091;-256.735;-256.25;-256.692;-256.911;-256.942;-255.964;14:40:19
2022;30.0598;29.1169;-256.735;-256.254;-256.7;-256.911;-256.927;-255.972;14:40:20
2023;30.0676;29.1169;-256.727;-256.25;-256.708;-256.903;-256.935;-255.972;14:40:20
2024;30.0598;29.1012;-256.735;-256.25;-256.708;-256.919;-256.942;-255.964;14:40:21
2025;30.0676;29.1012;-256.727;-256.25;-256.708;-256.911;-256.95;-255.964;14:40:21
2026;30.0598;29.1012;-256.735;-256.25;-256.708;-256.911;-256.942;-255.956;14:40:22
2027;30.0676;29.1012;-256.735;-256.25;-256.7;-256.911;-256.942;-255.964;14:40:22
2028;30.0598;29.0934;-256.735;-256.254;-256.708;-256.903;-256.95;-255.964;14:40:23
2029;30.0442;29.0856;-256.727;-256.25;-256.708;-256.911;-256.942;-255.956;14:40:23
2030;30.0403;29.0699;-256.735;-256.25;-256.7;-256.903;-256.95;-255.972;14:40:24
2031;30.0363;29.0699;-256.735;-256.25;-256.7;-256.911;-256.942;-255.964;14:40:24
2032;30.0324;29.0543;-256.727;-256.25;-256.7;-256.903;-256.942;-255.964;14:40:25
2033;30.0246;29.0426;-256.735;-256.262;-256.7;-256.911;-256.942;-255.964;14:40:25
2034;30.009;29.0426;-256.727;-256.262;-256.7;-256.903;-256.942;-255.956;14:40:26
2035;30.0011;29.0308;-256.735;-256.254;-256.7;-256.911;-256.942;-255.964;14:40:26
2036;29.9933;29.0308;-256.727;-256.25;-256.7;-256.911;-256.942;-255.956;14:40:27
2037;29.9698;29.0191;-256.727;-256.25;-256.7;-256.903;-256.942;-255.956;14:40:27
2038;29.962;29.0034;-256.735;-256.254;-256.692;-256.911;-256.942;-255.956;14:40:28
2039;29.9464;28.9956;-256.727;-256.25;-256.7;-256.903;-256.942;-255.964;14:40:28
2040;29.9385;28.98;-256.727;-256.25;-256.7;-256.911;-256.942;-255.956;14:40:29
2041;29.9385;28.98;-256.735;-256.25;-256.7;-256.911;-256.95;-255.964;14:40:29
2042;29.9385;28.9878;-256.727;-256.25;-256.7;-256.903;-256.942;-255.956;14:40:30
2043;29.9464;28.9956;-256.735;-256.25;-256.7;-256.911;-256.942;-255.956;14:40:30
2044;29.9698;29.0113;-256.727;-256.25;-256.708;-256.903;-256.95;-255.964;14:40:31
2045;29.9777;29.0191;-256.735;-256.246;-256.7;-256.903;-256.942;-255.964;14:40:31
2046;30.0011;29.0347;-256.735;-256.25;-256.708;-256.911;-256.95;-255.964;14:40:32
2047;30.0168;29.0386;-256.727;-256.25;-256.708;-256.911;-256.95;-255.964;14:40:32
2048;30.0246;29.0426;-256.735;-256.25;-256.7;-256.903;-256.95;-255.964;14:40:33
2049;30.0324;29.0543;-256.735;-256.25;-256.692;-256.911;-256.942;-255.964;14:40:33
2050;30.0363;29.0621;-256.735;-256.25;-256.7;-256.911;-256.95;-255.964;14:40:34
2051;30.0403;29.0699;-256.743;-256.254;-256.7;-256.903;-256.95;-255.964;14:40:34
2052;30.0403;29.0621;-256.735;-256.25;-256.692;-256.911;-256.95;-255.964;14:40:35
2053;30.0403;29.0543;-256.735;-256.25;-256.7;-256.903;-256.942;-255.964;14:40:35
2054;30.0363;29.0543;-256.743;-256.254;-256.7;-256.911;-256.942;-255.964;14:40:36
2055;30.0324;29.0465;-256.743;-256.25;-256.7;-256.911;-256.935;-255.964;14:40:36
2056;30.0363;29.0465;-256.743;-256.254;-256.708;-256.903;-256.935;-255.964;14:40:37
2057;30.0285;29.0465;-256.747;-256.25;-256.708;-256.911;-256.95;-255.964;14:40:37
2058;30.0246;29.0386;-256.743;-256.25;-256.7;-256.903;-256.942;-255.964;14:40:38
2059;30.0168;29.0347;-256.747;-256.254;-256.708;-256.911;-256.942;-255.956;14:40:38
2060;30.009;29.0269;-256.743;-256.246;-256.692;-256.911;-256.935;-255.964;14:40:39
2061;29.9933;29.023;-256.747;-256.25;-256.7;-256.903;-256.942;-255.964;14:40:39
2062;29.9777;29.0191;-256.743;-256.25;-256.7;-256.911;-256.935;-255.964;14:40:40
2063;29.962;29.0113;-256.747;-256.25;-256.7;-256.911;-256.942;-255.964;14:40:40
2064;29.9542;29.0034;-256.743;-256.25;-256.692;-256.911;-256.942;-255.964;14:40:41
2065;29.9542;28.9956;-256.747;-256.25;-256.692;-256.911;-256.942;-255.956;14:40:41
2066;29.9464;28.9956;-256.743;-256.254;-256.692;-256.911;-256.942;-255.964;14:40:42
2067;29.9542;29.0034;-256.739;-256.25;-256.692;-256.911;-256.942;-255.964;14:40:42
2068;29.9698;29.0113;-256.743;-256.254;-256.684;-256.911;-256.942;-255.964;14:40:43
2069;29.9855;29.0269;-256.735;-256.25;-256.692;-256.911;-256.942;-255.964;14:40:43
2070;30.009;29.0347;-256.735;-256.254;-256.684;-256.911;-256.942;-255.964;14:40:44
2071;30.0246;29.0386;-256.743;-256.254;-256.684;-256.911;-256.95;-255.964;14:40:44
2072;30.0363;29.0465;-256.747;-256.25;-256.692;-256.903;-256.95;-255.964;14:40:45
2073;30.0442;29.0621;-256.747;-256.254;-256.692;-256.911;-256.942;-255.964;14:40:45
2074;30.0442;29.0778;-256.743;-256.25;-256.692;-256.903;-256.942;-255.972;14:40:46
2075;30.0598;29.0778;-256.747;-256.25;-256.684;-256.911;-256.942;-255.964;14:40:46
2076;30.0676;29.0856;-256.743;-256.25;-256.692;-256.911;-256.942;-255.964;14:40:47
2077;30.0676;29.0934;-256.735;-256.246;-256.692;-256.911;-256.935;-255.964;14:40:47
2078;30.0755;29.0856;-256.747;-256.25;-256.692;-256.903;-256.942;-255.964;14:40:48
2079;30.0676;29.0778;-256.743;-256.246;-256.692;-256.911;-256.935;-255.964;14:40:48
2080;30.0598;29.0699;-256.739;-256.25;-256.7;-256.903;-256.942;-255.964;14:40:49
2081;30.052;29.0699;-256.747;-256.246;-256.692;-256.911;-256.935;-255.972;14:40:49
2082;30.0442;29.0621;-256.747;-256.246;-256.7;-256.903;-256.942;-255.964;14:40:50
2083;30.0324;29.0465;-256.747;-256.25;-256.692;-256.911;-256.95;-255.964;14:40:50
2084;30.0324;29.0504;-256.747;-256.246;-256.7;-256.903;-256.935;-255.964;14:40:51
2085;30.0246;29.0386;-256.747;-256.25;-256.692;-256.903;-256.942;-255.972;14:40:51
2086;30.0168;29.0386;-256.743;-256.246;-256.7;-256.903;-256.942;-255.964;14:40:52
2087;29.9933;29.0269;-256.747;-256.246;-256.692;-256.903;-256.942;-255.972;14:40:52
2088;29.9855;29.023;-256.743;-256.246;-256.7;-256.903;-256.935;-255.964;14:40:53
2089;29.9777;29.0191;-256.747;-256.246;-256.692;-256.903;-256.935;-255.964;14:40:53
2090;29.962;29.0034;-256.751;-256.246;-256.7;-256.903;-256.95;-255.964;14:40:54
2091;29.9542;28.9956;-256.747;-256.246;-256.7;-256.903;-256.935;-255.964;14:40:54
2092;29.9307;28.98;-256.747;-256.242;-256.7;-256.903;-256.942;-255.964;14:40:55
2093;29.9229;28.9643;-256.747;-256.246;-256.7;-256.911;-256.935;-255.956;14:40:55
2094;29.9072;28.9565;-256.747;-256.242;-256.708;-256.903;-256.942;-255.956;14:40:56
2095;29.9072;28.9487;-256.743;-256.246;-256.692;-256.903;-256.927;-255.956;14:40:56
2096;29.8994;28.9487;-256.743;-256.246;-256.7;-256.903;-256.942;-255.956;14:40:57
2097;29.9072;28.9487;-256.747;-256.242;-256.7;-256.911;-256.942;-255.956;14:40:57
2098;29.9151;28.9643;-256.735;-256.246;-256.708;-256.903;-256.95;-255.956;14:40:58
2099;29.9307;28.9721;-256.743;-256.246;-256.7;-256.911;-256.942;-255.964;14:40:58
2100;29.9542;28.9956;-256.735;-256.242;-256.7;-256.903;-256.942;-255.956;14:40:59
2101;29.962;29.0113;-256.743;-256.25;-256.7;-256.911;-256.942;-255.964;14:40:59
2102;29.9933;29.0269;-256.735;-256.246;-256.7;-256.911;-256.942;-255.956;14:41:00
2103;30.0168;29.0347;-256.743;-256.246;-256.692;-256.911;-256.942;-255.964;14:41:00
2104;30.0363;29.0465;-256.743;-256.242;-256.7;-256.903;-256.942;-255.949;14:41:01
2105;30.0442;29.0699;-256.735;-256.246;-256.692;-256.911;-256.935;-255.956;14:41:01
2106;30.0676;29.0856;-256.735;-256.242;-256.7;-256.903;-256.942;-255.956;14:41:02
2107;30.0911;29.1012;-256.743;-256.246;-256.692;-256.911;-256.935;-255.956;14:41:02
2108;30.0989;29.1091;-256.743;-256.246;-256.692;-256.903;-256.942;-255.964;14:41:03
2109;30.1146;29.1169;-256.747;-256.246;-256.692;-256.903;-256.935;-255.964;14:41:03
2110;30.1146;29.1169;-256.743;-256.25;-256.7;-256.911;-256.942;-255.956;14:41:04
2111;30.1068;29.1169;-256.743;-256.25;-256.7;-256.903;-256.935;-255.964;14:41:04
2112;30.1146;29.1169;-256.743;-256.246;-256.692;-256.911;-256.942;-255.956;14:41:05
2113;30.1068;29.1169;-256.727;-256.25;-256.7;-256.911;-256.935;-255.956;14:41:05
2114;30.0989;29.1091;-256.735;-256.246;-256.684;-256.911;-256.935;-255.956;14:41:06
2115;30.0989;29.0934;-256.735;-256.25;-256.7;-256.911;-256.942;-255.964;14:41:06
2116;30.0989;29.0934;-256.727;-256.246;-256.692;-256.903;-256.935;-255.956;14:41:07
2117;30.0833;29.0856;-256.735;-256.246;-256.692;-256.911;-256.942;-255.964;14:41:07
2118;30.0755;29.0934;-256.735;-256.246;-256.684;-256.903;-256.95;-255.956;14:41:08
2119;30.0676;29.0778;-256.735;-256.246;-256.7;-256.911;-256.935;-255.964;14:41:08
2120;30.0676;29.0621;-256.727;-256.246;-256.692;-256.903;-256.942;-255.964;14:41:09
2121;30.0403;29.0621;-256.735;-256.25;-256.692;-256.911;-256.935;-255.964;14:41:09
2122;30.0442;29.0543;-256.735;-256.25;-256.7;-256.895;-256.935;-255.964;14:41:10
2123;30.0324;29.0465;-256.727;-256.25;-256.692;-256.911;-256.942;-255.964;14:41:10
2124;30.0285;29.0386;-256.735;-256.25;-256.7;-256.911;-256.935;-255.964;14:41:11
2125;30.009;29.0347;-256.735;-256.246;-256.692;-256.903;-256.935;-255.956;14:41:11
2126;30.009;29.0308;-256.727;-256.242;-256.7;-256.911;-256.942;-255.964;14:41:12
2127;29.9777;29.0269;-256.727;-256.246;-256.7;-256.903;-256.935;-255.964;14:41:12
2128;29.9777;29.0113;-256.727;-256.246;-256.684;-256.911;-256.942;-255.956;14:41:13
2129;29.9542;28.9956;-256.735;-256.246;-256.692;-256.903;-256.935;-255.956;14:41:13
2130;29.9464;28.9878;-256.735;-256.246;-256.692;-256.903;-256.942;-255.964;14:41:14
2131;29.9229;28.9721;-256.735;-256.246;-256.692;-256.895;-256.942;-255.956;14:41:14
2132;29.9307;28.9721;-256.735;-256.246;-256.692;-256.903;-256.942;-255.964;14:41:15
2133;29.9229;28.98;-256.727;-256.25;-256.692;-256.903;-256.935;-255.956;14:41:15
2134;29.9307;28.98;-256.735;-256.246;-256.692;-256.903;-256.935;-255.956;14:41:16
2135;29.9464;28.9878;-256.727;-256.25;-256.692;-256.903;-256.942;-255.956;14:41:16
2136;29.962;28.9956;-256.735;-256.246;-256.692;-256.903;-256.942;-255.949;14:41:17
2137;29.9855;29.0191;-256.735;-256.25;-256.7;-256.903;-256.935;-255.964;14:41:17
2138;30.009;29.0308;-256.727;-256.246;-256.692;-256.911;-256.95;-255.956;14:41:18
2139;30.0246;29.0386;-256.735;-256.246;-256.7;-256.903;-256.942;-255.956;14:41:18
2140;30.0403;29.0465;-256.735;-256.246;-256.7;-256.903;-256.942;-255.964;14:41:19
2141;30.0481;29.0543;-256.735;-256.246;-256.692;-256.911;-256.935;-255.964;14:41:19
2142;30.052;29.0621;-256.735;-256.246;-256.7;-256.911;-256.935;-255.964;14:41:20
2143;30.0598;29.0778;-256.735;-256.25;-256.7;-256.911;-256.942;-255.956;14:41:20
2144;30.0598;29.0699;-256.727;-256.246;-256.692;-256.911;-256.935;-255.964;14:41:21
2145;30.0598;29.0621;-256.727;-256.25;-256.692;-256.911;-256.942;-255.964;14:41:21
2146;30.052;29.0543;-256.727;-256.242;-256.692;-256.919;-256.942;-255.956;14:41:22
2147;30.052;29.0543;-256.735;-256.25;-256.692;-256.911;-256.942;-255.964;14:41:22
2148;30.0442;29.0543;-256.727;-256.25;-256.7;-256.911;-256.942;-255.956;14:41:23
2149;30.0403;29.0426;-256.727;-256.25;-256.692;-256.911;-256.942;-255.964;14:41:23
2150;30.0403;29.0386;-256.735;-256.246;-256.692;-256.911;-256.935;-255.964;14:41:24
2151;30.0285;29.0386;-256.735;-256.25;-256.692;-256.911;-256.942;-255.956;14:41:24
2152;30.0324;29.0347;-256.727;-256.246;-256.692;-256.919;-256.935;-255.956;14:41:25
2153;30.0168;29.0308;-256.735;-256.25;-256.692;-256.911;-256.935;-255.964;14:41:25
2154;30.009;29.0191;-256.727;-256.246;-256.684;-256.911;-256.942;-255.956;14:41:26
2155;30.0011;29.0113;-256.735;-256.25;-256.692;-256.903;-256.935;-255.956;14:41:26
2156;29.9777;29.0034;-256.735;-256.246;-256.692;-256.911;-256.935;-255.964;14:41:27
2157;29.9777;28.9956;-256.743;-256.25;-256.684;-256.903;-256.942;-255.956;14:41:27
2158;29.962;28.98;-256.735;-256.246;-256.7;-256.911;-256.935;-255.956;14:41:28
2159;29.9464;28.9721;-256.735;-256.25;-256.692;-256.911;-256.942;-255.964;14:41:28
2160;29.9385;28.9643;-256.735;-256.246;-256.692;-256.903;-256.935;-255.956;14:41:29
2161;29.9072;28.9565;-256.735;-256.25;-256.684;-256.911;-256.942;-255.964;14:41:29
2162;29.9072;28.9565;-256.735;-256.246;-256.692;-256.911;-256.942;-255.956;14:41:30
2163;29.9072;28.9643;-256.735;-256.242;-256.692;-256.911;-256.935;-255.964;14:41:30
2164;29.9229;28.9721;-256.727;-256.246;-256.692;-256.911;-256.95;-255.956;14:41:31
2165;29.9385;28.98;-256.735;-256.242;-256.7;-256.911;-256.942;-255.972;14:41:31
2166;29.962;28.9878;-256.727;-256.246;-256.692;-256.911;-256.942;-255.964;14:41:32
2167;29.9855;29.0191;-256.727;-256.246;-256.7;-256.911;-256.942;-255.964;14:41:32
2168;30.009;29.0269;-256.735;-256.242;-256.692;-256.911;-256.942;-255.956;14:41:33
2169;30.0207;29.0386;-256.735;-256.246;-256.7;-256.911;-256.95;-255.956;14:41:33
2170;30.0324;29.0465;-256.735;-256.246;-256.7;-256.911;-256.942;-255.956;14:41:34
2171;30.0442;29.0621;-256.735;-256.246;-256.692;-256.911;-256.935;-255.964;14:41:34
2172;30.0598;29.0699;-256.727;-256.242;-256.7;-256.911;-256.942;-255.964;14:41:35
2173;30.0676;29.0699;-256.735;-256.25;-256.7;-256.911;-256.942;-255.964;14:41:35
2174;30.0833;29.0699;-256.727;-256.246;-256.7;-256.911;-256.95;-255.964;14:41:36
2175;30.0833;29.0699;-256.727;-256.246;-256.7;-256.911;-256.95;-255.964;14:41:36
2176;30.0833;29.0699;-256.727;-256.246;-256.7;-256.919;-256.95;-255.964;14:41:37
2177;30.0676;29.0543;-256.735;-256.25;-256.7;-256.911;-256.935;-255.956;14:41:37
2178;30.0598;29.0699;-256.735;-256.246;-256.692;-256.911;-256.942;-255.964;14:41:38
2179;30.052;29.0465;-256.727;-256.246;-256.7;-256.903;-256.935;-255.964;14:41:38
2180;30.052;29.0543;-256.727;-256.246;-256.708;-256.911;-256.935;-255.964;14:41:39
2181;30.0442;29.0426;-256.735;-256.246;-256.7;-256.911;-256.942;-255.964;14:41:39
2182;30.0403;29.0386;-256.727;-256.242;-256.708;-256.911;-256.942;-255.964;14:41:40
2183;30.0285;29.0347;-256.743;-256.246;-256.7;-256.919;-256.942;-255.956;14:41:40
2184;30.0207;29.0308;-256.743;-256.246;-256.7;-256.911;-256.95;-255.964;14:41:41
2185;30.0011;29.0191;-256.743;-256.246;-256.708;-256.911;-256.942;-255.964;14:41:41
2186;29.9933;29.0113;-256.743;-256.246;-256.7;-256.911;-256.942;-255.964;14:41:42
2187;29.9698;29.0034;-256.743;-256.246;-256.708;-256.919;-256.942;-255.964;14:41:42
2188;29.962;28.9878;-256.743;-256.246;-256.7;-256.911;-256.942;-255.972;14:41:43
2189;29.9385;28.98;-256.735;-256.246;-256.7;-256.903;-256.935;-255.964;14:41:43
2190;29.9464;28.9643;-256.743;-256.246;-256.7;-256.911;-256.95;-255.964;14:41:44
2191;29.9385;28.9643;-256.735;-256.246;-256.7;-256.911;-256.942;-255.964;14:41:44
2192;29.9464;28.9721;-256.735;-256.246;-256.692;-256.903;-256.95;-255.964;14:41:45
2193;29.9542;28.9878;-256.743;-256.242;-256.7;-256.911;-256.95;-255.964;14:41:45
2194;29.9698;28.9956;-256.735;-256.246;-256.7;-256.911;-256.942;-255.964;14:41:46
2195;29.9855;29.0034;-256.739;-256.242;-256.7;-256.911;-256.942;-255.964;14:41:46
2196;30.0011;29.0191;-256.735;-256.246;-256.7;-256.911;-256.942;-255.964;14:41:47
2197;30.0168;29.0308;-256.743;-256.246;-256.7;-256.903;-256.942;-255.964;14:41:47
2198;30.0324;29.0386;-256.735;-256.25;-256.7;-256.911;-256.95;-255.964;14:41:48
2199;30.0403;29.0426;-256.735;-256.246;-256.7;-256.911;-256.942;-255.972;14:41:48
2200;30.0442;29.0465;-256.727;-256.25;-256.692;-256.903;-256.942;-255.964;14:41:49
2201;30.052;29.0543;-256.735;-256.25;-256.7;-256.911;-256.95;-255.972;14:41:49
2202;30.0676;29.0621;-256.735;-256.254;-256.7;-256.911;-256.95;-255.964;14:41:50
2203;30.052;29.0543;-256.735;-256.25;-256.692;-256.911;-256.95;-255.964;14:41:50
2204;30.052;29.0543;-256.735;-256.25;-256.7;-256.903;-256.942;-255.964;14:41:51
2205;30.052;29.0543;-256.743;-256.254;-256.7;-256.911;-256.95;-255.964;14:41:51
2206;30.052;29.0465;-256.735;-256.25;-256.7;-256.911;-256.95;-255.964;14:41:52
2207;30.0442;29.0465;-256.735;-256.25;-256.692;-256.911;-256.942;-255.964;14:41:52
2208;30.0403;29.0426;-256.735;-256.25;-256.7;-256.911;-256.95;-255.964;14:41:53
2209;30.0324;29.0347;-256.735;-256.25;-256.7;-256.903;-256.95;-255.964;14:41:53
2210;30.0285;29.0347;-256.735;-256.25;-256.7;-256.911;-256.942;-255.964;14:41:54
2211;30.0207;29.0308;-256.743;-256.254;-256.7;-256.911;-256.95;-255.964;14:41:54
2212;30.0168;29.0191;-256.735;-256.254;-256.7;-256.903;-256.95;-255.972;14:41:55
2213;29.9933;29.0034;-256.743;-256.254;-256.7;-256.911;-256.942;-255.964;14:41:55
2214;29.9933;28.9878;-256.743;-256.25;-256.692;-256.903;-256.942;-255.964;14:41:56
2215;29.9698;28.98;-256.743;-256.25;-256.692;-256.911;-256.95;-255.972;14:41:56
2216;29.962;28.9643;-256.747;-256.25;-256.7;-256.911;-256.942;-255.964;14:41:57
2217;29.9464;28.9565;-256.743;-256.25;-256.7;-256.903;-256.942;-255.964;14:41:57
2218;29.9307;28.9487;-256.743;-256.25;-256.7;-256.911;-256.942;-255.972;14:41:58
2219;29.9151;28.9408;-256.743;-256.25;-256.692;-256.903;-256.942;-255.964;14:41:58
2220;29.9151;28.933;-256.735;-256.246;-256.7;-256.911;-256.942;-255.964;14:41:59
2221;29.9072;28.9252;-256.743;-256.254;-256.7;-256.903;-256.942;-255.964;14:41:59
2222;29.9072;28.933;-256.743;-256.25;-256.692;-256.903;-256.95;-255.964;14:42:00
2223;29.9229;28.9487;-256.743;-256.25;-256.7;-256.911;-256.942;-255.972;14:42:00
2224;29.9385;28.9565;-256.735;-256.254;-256.7;-256.903;-256.95;-255.964;14:42:01
2225;29.9464;28.9721;-256.743;-256.25;-256.692;-256.911;-256.95;-255.964;14:42:01
2226;29.9777;28.9878;-256.735;-256.25;-256.692;-256.903;-256.942;-255.964;14:42:02
2227;29.9933;29.0113;-256.743;-256.25;-256.7;-256.911;-256.95;-255.956;14:42:02
2228;30.009;29.0269;-256.743;-256.25;-256.7;-256.911;-256.95;-255.964;14:42:03
2229;30.0285;29.0347;-256.747;-256.254;-256.7;-256.911;-256.935;-255.964;14:42:03
2230;30.0363;29.0426;-256.743;-256.25;-256.708;-256.903;-256.942;-255.956;14:42:04
2231;30.052;29.0465;-256.743;-256.254;-256.7;-256.911;-256.95;-255.956;14:42:04
2232;30.0598;29.0543;-256.747;-256.25;-256.7;-256.911;-256.942;-255.964;14:42:05
2233;30.0598;29.0621;-256.743;-256.254;-256.7;-256.903;-256.95;-255.956;14:42:05
2234;30.0676;29.0621;-256.747;-256.25;-256.7;-256.903;-256.942;-255.964;14:42:06
2235;30.0598;29.0543;-256.743;-256.254;-256.7;-256.911;-256.942;-255.956;14:42:06
2236;30.0598;29.0543;-256.747;-256.25;-256.692;-256.903;-256.935;-255.956;14:42:07
2237;30.0598;29.0621;-256.743;-256.25;-256.7;-256.911;-256.935;-255.964;14:42:07
2238;30.0598;29.0465;-256.747;-256.25;-256.692;-256.903;-256.935;-255.956;14:42:08
2239;30.0442;29.0426;-256.743;-256.254;-256.7;-256.911;-256.942;-255.964;14:42:08
2240;30.0442;29.0426;-256.735;-256.25;-256.7;-256.911;-256.935;-255.956;14:42:09
2241;30.0363;29.0386;-256.735;-256.254;-256.692;-256.911;-256.935;-255.956;14:42:09
2242;30.0324;29.0386;-256.735;-256.25;-256.692;-256.903;-256.942;-255.964;14:42:10
2243;30.0246;29.0308;-256.735;-256.25;-256.7;-256.911;-256.935;-255.956;14:42:10
2244;30.0246;29.0269;-256.743;-256.25;-256.692;-256.911;-256.942;-255.956;14:42:11
2245;30.009;29.0113;-256.743;-256.254;-256.692;-256.903;-256.935;-255.956;14:42:11
2246;30.0011;29.0113;-256.747;-256.25;-256.7;-256.903;-256.942;-255.964;14:42:12
2247;29.9855;28.9878;-256.747;-256.254;-256.7;-256.911;-256.942;-255.956;14:42:12
2248;29.9855;28.9956;-256.743;-256.246;-256.7;-256.903;-256.942;-255.956;14:42:13
2249;29.962;28.9878;-256.743;-256.25;-256.692;-256.911;-256.942;-255.964;14:42:13
2250;29.9385;28.9721;-256.735;-256.25;-256.7;-256.903;-256.942;-255.956;14:42:14
2251;29.9307;28.9643;-256.743;-256.25;-256.7;-256.903;-256.942;-255.956;14:42:14
2252;29.9307;28.9643;-256.735;-256.25;-256.692;-256.895;-256.935;-255.964;14:42:15
2253;29.9307;28.9643;-256.743;-256.25;-256.7;-256.903;-256.927;-255.956;14:42:15
2254;29.9385;28.9643;-256.743;-256.246;-256.7;-256.895;-256.942;-255.964;14:42:16
2255;29.9464;28.98;-256.743;-256.246;-256.7;-256.911;-256.935;-255.964;14:42:16
2256;29.9698;28.9956;-256.735;-256.25;-256.692;-256.895;-256.942;-255.956;14:42:17
2257;29.9777;29.0034;-256.735;-256.25;-256.7;-256.903;-256.942;-255.964;14:42:17
2258;30.0168;29.0191;-256.735;-256.246;-256.7;-256.895;-256.942;-255.956;14:42:18
2259;30.0207;29.0308;-256.743;-256.25;-256.708;-256.903;-256.942;-255.964;14:42:18
2260;30.0363;29.0465;-256.727;-256.254;-256.692;-256.903;-256.942;-255.964;14:42:19
2261;30.0442;29.0543;-256.735;-256.25;-256.7;-256.903;-256.935;-255.956;14:42:19
2262;30.0755;29.0699;-256.735;-256.246;-256.692;-256.895;-256.95;-255.964;14:42:20
2263;30.0833;29.0699;-256.735;-256.25;-256.7;-256.903;-256.942;-255.964;14:42:20
2264;30.0833;29.0778;-256.743;-256.25;-256.7;-256.903;-256.935;-255.964;14:42:21
2265;30.0911;29.0778;-256.735;-256.25;-256.7;-256.903;-256.935;-255.956;14:42:21
2266;30.0911;29.0778;-256.735;-256.25;-256.708;-256.911;-256.942;-255.964;14:42:22
2267;30.0833;29.0778;-256.735;-256.254;-256.7;-256.903;-256.935;-255.964;14:42:22
2268;30.0833;29.0699;-256.735;-256.25;-256.7;-256.903;-256.935;-255.956;14:42:23
2269;30.0755;29.0778;-256.727;-256.254;-256.692;-256.903;-256.942;-255.964;14:42:23
2270;30.0833;29.0699;-256.735;-256.25;-256.7;-256.903;-256.942;-255.956;14:42:24
2271;30.0676;29.0543;-256.735;-256.254;-256.7;-256.903;-256.942;-255.956;14:42:24
2272;30.0676;29.0621;-256.735;-256.25;-256.7;-256.903;-256.935;-255.964;14:42:25
2273;30.0442;29.0543;-256.735;-256.254;-256.692;-256.903;-256.935;-255.949;14:42:25
2274;30.0559;29.0426;-256.735;-256.254;-256.7;-256.911;-256.935;-255.956;14:42:26
2275;30.0363;29.0347;-256.727;-256.254;-256.7;-256.903;-256.935;-255.964;14:42:26
2276;30.0324;29.0308;-256.727;-256.25;-256.708;-256.903;-256.942;-255.964;14:42:27
2277;30.0246;29.0269;-256.735;-256.254;-256.7;-256.911;-256.935;-255.964;14:42:27
2278;30.0246;29.0191;-256.727;-256.25;-256.708;-256.903;-256.942;-255.956;14:42:28
2279;30.0011;29.0113;-256.735;-256.25;-256.7;-256.911;-256.935;-255.964;14:42:28
2280;29.9855;29.0034;-256.727;-256.25;-256.7;-256.903;-256.942;-255.964;14:42:29
2281;29.9777;28.9878;-256.735;-256.25;-256.692;-256.903;-256.935;-255.956;14:42:29
2282;29.9698;28.98;-256.727;-256.246;-256.7;-256.911;-256.95;-255.964;14:42:30
2283;29.9542;28.9643;-256.743;-256.25;-256.7;-256.911;-256.942;-255.956;14:42:30
2284;29.9385;28.9643;-256.735;-256.25;-256.7;-256.903;-256.95;-255.956;14:42:31
2285;29.9151;28.9487;-256.735;-256.254;-256.7;-256.911;-256.95;-255.964;14:42:31
2286;29.9072;28.9408;-256.735;-256.25;-256.692;-256.903;-256.95;-255.964;14:42:32
2287;29.9072;28.9487;-256.735;-256.25;-256.692;-256.911;-256.942;-255.964;14:42:32
2288;29.8994;28.9408;-256.735;-256.25;-256.7;-256.911;-256.942;-255.956;14:42:33
2289;29.9072;28.9487;-256.735;-256.25;-256.692;-256.911;-256.95;-255.964;14:42:33
2290;29.9229;28.9643;-256.735;-256.25;-256.684;-256.911;-256.95;-255.956;14:42:34
2291;29.9385;28.9721;-256.727;-256.25;-256.692;-256.911;-256.942;-255.972;14:42:34
2292;29.9542;28.9956;-256.727;-256.25;-256.692;-256.903;-256.95;-255.964;14:42:35
2293;29.9777;29.0191;-256.735;-256.25;-256.692;-256.911;-256.95;-255.964;14:42:35
2294;29.9933;29.0308;-256.727;-256.246;-256.692;-256.911;-256.95;-255.956;14:42:36
2295;30.0246;29.0386;-256.735;-256.25;-256.692;-256.903;-256.942;-255.972;14:42:36
2296;30.0363;29.0465;-256.735;-256.25;-256.7;-256.911;-256.958;-255.964;14:42:37
2297;30.0598;29.0621;-256.743;-256.25;-256.692;-256.919;-256.95;-255.964;14:42:37
2298;30.0755;29.0778;-256.743;-256.254;-256.7;-256.903;-256.95;-255.964;14:42:38
2299;30.0833;29.0778;-256.735;-256.254;-256.692;-256.911;-256.95;-255.964;14:42:38
2300;30.0833;29.0856;-256.743;-256.246;-256.7;-256.911;-256.942;-255.964;14:42:39
2301;30.0911;29.0856;-256.743;-256.254;-256.684;-256.911;-256.95;-255.964;14:42:39
2302;30.0911;29.0856;-256.743;-256.246;-256.692;-256.911;-256.95;-255.964;14:42:40
2303;30.0911;29.0856;-256.743;-256.25;-256.7;-256.911;-256.942;-255.972;14:42:40
2304;30.0911;29.0778;-256.743;-256.25;-256.692;-256.903;-256.942;-255.964;14:42:41
2305;30.0755;29.0699;-256.747;-256.25;-256.692;-256.911;-256.942;-255.972;14:42:41
2306;30.0833;29.0699;-256.743;-256.25;-256.7;-256.911;-256.942;-255.964;14:42:42
2307;30.0598;29.0621;-256.743;-256.25;-256.692;-256.911;-256.942;-255.964;14:42:42
2308;30.0598;29.0543;-256.743;-256.25;-256.692;-256.911;-256.942;-255.964;14:42:43
2309;30.052;29.0426;-256.743;-256.25;-256.692;-256.919;-256.942;-255.964;14:42:43
2310;30.0403;29.0465;-256.735;-256.25;-256.7;-256.903;-256.95;-255.972;14:42:44
2311;30.0324;29.0426;-256.743;-256.25;-256.7;-256.911;-256.95;-255.964;14:42:44
2312;30.0285;29.0386;-256.735;-256.254;-256.692;-256.911;-256.942;-255.972;14:42:45
2313;30.0246;29.0308;-256.735;-256.254;-256.692;-256.911;-256.95;-255.964;14:42:45
2314;30.009;29.0269;-256.735;-256.25;-256.7;-256.903;-256.95;-255.964;14:42:46
2315;30.0011;29.0191;-256.735;-256.254;-256.7;-256.911;-256.95;-255.972;14:42:46
2316;29.9933;29.0113;-256.743;-256.254;-256.7;-256.911;-256.942;-255.964;14:42:47
2317;29.9777;29.0034;-256.735;-256.254;-256.7;-256.903;-256.942;-255.964;14:42:47
2318;29.962;28.9956;-256.727;-256.246;-256.7;-256.911;-256.942;-255.964;14:42:48
2319;29.9464;28.9721;-256.735;-256.246;-256.692;-256.903;-256.942;-255.964;14:42:48
2320;29.9385;28.98;-256.735;-256.246;-256.7;-256.903;-256.942;-255.964;14:42:49
2321;29.9307;28.9721;-256.735;-256.25;-256.692;-256.911;-256.942;-255.964;14:42:49
2322;29.9542;28.9878;-256.735;-256.246;-256.7;-256.903;-256.942;-255.964;14:42:50
2323;29.962;29.0034;-256.727;-256.246;-256.7;-256.911;-256.935;-255.964;14:42:50
2324;29.9777;29.0191;-256.735;-256.246;-256.692;-256.911;-256.942;-255.964;14:42:51
2325;30.0011;29.0308;-256.735;-256.246;-256.692;-256.911;-256.935;-255.964;14:42:51
2326;30.0168;29.0386;-256.735;-256.25;-256.692;-256.911;-256.942;-255.956;14:42:52
2327;30.0324;29.0504;-256.735;-256.25;-256.684;-256.911;-256.935;-255.956;14:42:52
2328;30.0403;29.0543;-256.735;-256.25;-256.692;-256.911;-256.95;-255.964;14:42:53
2329;30.0442;29.0621;-256.735;-256.246;-256.7;-256.911;-256.935;-255.964;14:42:53
2330;30.052;29.0621;-256.727;-256.25;-256.7;-256.911;-256.942;-255.964;14:42:54
2331;30.052;29.0621;-256.727;-256.246;-256.692;-256.911;-256.942;-255.964;14:42:54
2332;30.0676;29.0621;-256.735;-256.25;-256.692;-256.911;-256.942;-255.964;14:42:55
2333;30.052;29.0621;-256.735;-256.25;-256.7;-256.911;-256.942;-255.964;14:42:55
2334;30.0442;29.0543;-256.719;-256.246;-256.7;-256.911;-256.95;-255.972;14:42:56
2335;30.0403;29.0543;-256.719;-256.25;-256.7;-256.903;-256.942;-255.964;14:42:56
2336;30.0403;29.0465;-256.719;-256.254;-256.692;-256.911;-256.942;-255.964;14:42:57
2337;30.0324;29.0465;-256.719;-256.25;-256.7;-256.911;-256.942;-255.972;14:42:57
2338;30.0246;29.0426;-256.727;-256.25;-256.692;-256.911;-256.95;-255.956;14:42:58
2339;30.0246;29.0347;-256.719;-256.25;-256.684;-256.911;-256.942;-255.972;14:42:58
2340;30.009;29.0269;-256.712;-256.25;-256.692;-256.919;-256.95;-255.964;14:42:59
2341;29.9933;29.0191;-256.719;-256.246;-256.692;-256.919;-256.942;-255.964;14:42:59
2342;29.9933;29.0113;-256.719;-256.25;-256.684;-256.911;-256.942;-255.964;14:43:00
2343;29.9855;28.9956;-256.712;-256.25;-256.692;-256.911;-256.942;-255.964;14:43:00
2344;29.962;28.9956;-256.712;-256.25;-256.692;-256.911;-256.942;-255.964;14:43:01
2345;29.9464;28.9878;-256.712;-256.254;-256.692;-256.919;-256.935;-255.964;14:43:01
2346;29.9464;28.98;-256.719;-256.25;-256.692;-256.911;-256.942;-255.964;14:43:02
2347;29.9385;28.9878;-256.712;-256.25;-256.684;-256.911;-256.935;-255.964;14:43:02
2348;29.9464;28.98;-256.727;-256.254;-256.692;-256.911;-256.942;-255.964;14:43:03
2349;29.9385;28.9956;-256.727;-256.25;-256.684;-256.911;-256.942;-255.964;14:43:03
2350;29.962;28.9956;-256.727;-256.25;-256.692;-256.911;-256.942;-255.972;14:43:04
2351;29.9698;29.0113;-256.719;-256.254;-256.692;-256.919;-256.935;-255.964;14:43:04
2352;29.9933;29.0308;-256.727;-256.25;-256.692;-256.911;-256.935;-255.964;14:43:05
2353;30.009;29.0308;-256.727;-256.254;-256.692;-256.911;-256.942;-255.964;14:43:05
2354;30.0168;29.0426;-256.727;-256.25;-256.692;-256.911;-256.95;-255.964;14:43:06
2355;30.0324;29.0465;-256.727;-256.25;-256.692;-256.911;-256.942;-255.972;14:43:06
2356;30.0324;29.0543;-256.735;-256.25;-256.692;-256.903;-256.95;-255.956;14:43:07
2357;30.0363;29.0621;-256.735;-256.254;-256.692;-256.911;-256.935;-255.964;14:43:07
2358;30.0363;29.0621;-256.735;-256.25;-256.684;-256.903;-256.942;-255.964;14:43:08
2359;30.0403;29.0621;-256.735;-256.25;-256.692;-256.911;-256.935;-255.956;14:43:08
2360;30.0363;29.0621;-256.735;-256.25;-256.692;-256.903;-256.95;-255.964;14:43:09
2361;30.0324;29.0543;-256.735;-256.254;-256.692;-256.919;-256.935;-255.964;14:43:09
2362;30.0363;29.0543;-256.735;-256.25;-256.692;-256.903;-256.942;-255.964;14:43:10
2363;30.0324;29.0465;-256.735;-256.25;-256.692;-256.911;-256.942;-255.964;14:43:10
2364;30.0246;29.0426;-256.727;-256.254;-256.7;-256.911;-256.942;-255.956;14:43:11
2365;30.0285;29.0386;-256.735;-256.25;-256.692;-256.903;-256.942;-255.956;14:43:11
2366;30.0168;29.0386;-256.735;-256.254;-256.7;-256.911;-256.935;-255.972;14:43:12
2367;30.009;29.0269;-256.743;-256.25;-256.692;-256.911;-256.935;-255.964;14:43:12
2368;29.9933;29.0191;-256.727;-256.25;-256.7;-256.911;-256.95;-255.964;14:43:13
2369;29.9855;29.0113;-256.735;-256.25;-256.692;-256.903;-256.942;-255.956;14:43:13
2370;29.9777;28.9956;-256.735;-256.246;-256.692;-256.911;-256.942;-255.956;14:43:14
2371;29.962;28.9878;-256.727;-256.25;-256.692;-256.903;-256.95;-255.956;14:43:14
2372;29.9464;28.98;-256.735;-256.246;-256.692;-256.911;-256.95;-255.964;14:43:15
2373;29.9385;28.9643;-256.735;-256.246;-256.692;-256.903;-256.942;-255.956;14:43:15
2374;29.9307;28.9565;-256.735;-256.246;-256.7;-256.911;-256.942;-255.949;14:43:16
2375;29.9151;28.9487;-256.735;-256.25;-256.692;-256.903;-256.942;-255.964;14:43:16
2376;29.9229;28.9487;-256.727;-256.25;-256.7;-256.911;-256.95;-255.956;14:43:17
2377;29.9385;28.9487;-256.735;-256.254;-256.692;-256.903;-256.935;-255.956;14:43:17
2378;29.9464;28.9643;-256.735;-256.25;-256.7;-256.911;-256.942;-255.956;14:43:18
2379;29.9542;28.9721;-256.735;-256.25;-256.684;-256.903;-256.95;-255.964;14:43:18
2380;29.9777;29.0034;-256.735;-256.246;-256.7;-256.911;-256.942;-255.956;14:43:19
2381;29.9933;29.0113;-256.735;-256.25;-256.692;-256.911;-256.935;-255.956;14:43:19
2382;30.0168;29.0269;-256.735;-256.25;-256.7;-256.911;-256.942;-255.964;14:43:20
2383;30.0285;29.0386;-256.743;-256.25;-256.692;-256.911;-256.935;-255.956;14:43:20
2384;30.0363;29.0426;-256.743;-256.258;-256.692;-256.903;-256.935;-255.972;14:43:21
2385;30.0442;29.0543;-256.743;-256.25;-256.7;-256.911;-256.935;-255.964;14:43:21
2386;30.0442;29.0543;-256.735;-256.254;-256.7;-256.911;-256.942;-255.964;14:43:22
2387;30.0442;29.0543;-256.743;-256.25;-256.7;-256.911;-256.942;-255.964;14:43:22
2388;30.052;29.0699;-256.743;-256.25;-256.7;-256.903;-256.942;-255.964;14:43:23
2389;30.052;29.0621;-256.743;-256.254;-256.692;-256.911;-256.935;-255.956;14:43:23
2390;30.0403;29.0621;-256.727;-256.25;-256.7;-256.911;-256.942;-255.972;14:43:24
2391;30.0442;29.0621;-256.735;-256.25;-256.7;-256.903;-256.942;-255.956;14:43:24
2392;30.0403;29.0543;-256.735;-256.25;-256.7;-256.903;-256.95;-255.964;14:43:25
2393;30.0324;29.0465;-256.743;-256.254;-256.692;-256.911;-256.958;-255.964;14:43:25
2394;30.0363;29.0426;-256.735;-256.25;-256.708;-256.911;-256.942;-255.956;14:43:26
2395;30.0246;29.0386;-256.735;-256.254;-256.692;-256.903;-256.95;-255.964;14:43:26
2396;30.009;29.0347;-256.735;-256.254;-256.7;-256.903;-256.95;-255.956;14:43:27
2397;30.009;29.0269;-256.743;-256.254;-256.7;-256.903;-256.942;-255.964;14:43:27
2398;30.0011;29.0191;-256.743;-256.25;-256.7;-256.903;-256.95;-255.964;14:43:28
2399;29.9933;29.0034;-256.743;-256.254;-256.7;-256.903;-256.95;-255.956;14:43:28
2400;29.9777;28.9956;-256.735;-256.25;-256.7;-256.903;-256.95;-255.956;14:43:29
2401;29.9542;28.9878;-256.735;-256.25;-256.7;-256.911;-256.95;-255.964;14:43:29
2402;29.9464;28.9721;-256.735;-256.25;-256.692;-256.903;-256.95;-255.956;14:43:30
2403;29.9307;28.9643;-256.735;-256.25;-256.7;-256.911;-256.942;-255.964;14:43:30
2404;29.9229;28.9487;-256.735;-256.25;-256.7;-256.911;-256.958;-255.964;14:43:31
2405;29.9151;28.9565;-256.743;-256.25;-256.692;-256.903;-256.942;-255.964;14:43:31
2406;29.9151;28.9487;-256.735;-256.254;-256.7;-256.911;-256.942;-255.956;14:43:32
2407;29.9307;28.9643;-256.735;-256.25;-256.7;-256.903;-256.95;-255.956;14:43:32
2408;29.9385;28.98;-256.743;-256.25;-256.7;-256.911;-256.95;-255.964;14:43:33
2409;29.962;28.9956;-256.735;-256.25;-256.7;-256.903;-256.95;-255.964;14:43:33
2410;29.9855;29.0034;-256.743;-256.246;-256.7;-256.911;-256.958;-255.956;14:43:34
2411;30.0011;29.0269;-256.743;-256.25;-256.7;-256.903;-256.942;-255.964;14:43:34
2412;30.0285;29.0308;-256.735;-256.25;-256.692;-256.911;-256.95;-255.956;14:43:35
2413;30.0363;29.0426;-256.743;-256.25;-256.7;-256.911;-256.942;-255.964;14:43:35
2414;30.0598;29.0543;-256.735;-256.25;-256.692;-256.911;-256.942;-255.964;14:43:36
2415;30.0676;29.0621;-256.735;-256.25;-256.7;-256.911;-256.942;-255.964;14:43:36
2416;30.0755;29.0621;-256.743;-256.246;-256.692;-256.911;-256.942;-255.964;14:43:37
2417;30.0755;29.0778;-256.743;-256.25;-256.692;-256.903;-256.942;-255.964;14:43:37
2418;30.0833;29.0699;-256.735;-256.246;-256.7;-256.911;-256.942;-255.964;14:43:38
2419;30.0755;29.0778;-256.735;-256.25;-256.7;-256.903;-256.942;-255.964;14:43:38
2420;30.0755;29.0699;-256.735;-256.246;-256.692;-256.903;-256.95;-255.964;14:43:39
2421;30.0755;29.0621;-256.743;-256.246;-256.7;-256.911;-256.95;-255.972;14:43:39
2422;30.0676;29.0543;-256.735;-256.246;-256.7;-256.903;-256.942;-255.964;14:43:40
2423;30.052;29.0543;-256.735;-256.246;-256.692;-256.911;-256.95;-255.972;14:43:40
2424;30.0442;29.0465;-256.735;-256.246;-256.692;-256.911;-256.95;-255.964;14:43:41
2425;30.0403;29.0386;-256.727;-256.246;-256.692;-256.911;-256.95;-255.964;14:43:41
2426;30.0285;29.0308;-256.735;-256.246;-256.7;-256.911;-256.942;-255.964;14:43:42
2427;30.0285;29.0269;-256.735;-256.246;-256.7;-256.911;-256.942;-255.964;14:43:42
2428;30.0246;29.0191;-256.727;-256.246;-256.7;-256.911;-256.942;-255.964;14:43:43
2429;30.009;29.0034;-256.743;-256.246;-256.7;-256.911;-256.942;-255.964;14:43:43
2430;30.0011;29.0034;-256.735;-256.242;-256.7;-256.911;-256.95;-255.972;14:43:44
2431;29.9777;28.98;-256.735;-256.25;-256.692;-256.911;-256.95;-255.956;14:43:44
2432;29.9777;28.98;-256.735;-256.242;-256.7;-256.911;-256.942;-255.964;14:43:45
2433;29.962;28.9721;-256.735;-256.246;-256.692;-256.903;-256.942;-255.972;14:43:45
2434;29.9542;28.9643;-256.735;-256.246;-256.7;-256.903;-256.942;-255.972;14:43:46
2435;29.9464;28.9643;-256.727;-256.242;-256.692;-256.911;-256.942;-255.972;14:43:46
2436;29.9542;28.9643;-256.735;-256.242;-256.692;-256.895;-256.942;-255.964;14:43:47
2437;29.9698;28.98;-256.735;-256.246;-256.7;-256.911;-256.935;-255.964;14:43:47
2438;29.9777;28.9878;-256.735;-256.246;-256.7;-256.903;-256.935;-255.964;14:43:48
2439;29.9933;28.9956;-256.719;-256.246;-256.692;-256.895;-256.935;-255.972;14:43:48
2440;30.009;29.0269;-256.727;-256.242;-256.692;-256.903;-256.942;-255.964;14:43:49
2441;30.0168;29.0269;-256.735;-256.246;-256.7;-256.911;-256.942;-255.964;14:43:49
2442;30.0324;29.0347;-256.727;-256.242;-256.7;-256.895;-256.95;-255.964;14:43:50
2443;30.0324;29.0386;-256.743;-256.246;-256.708;-256.903;-256.935;-255.964;14:43:50
2444;30.0403;29.0386;-256.743;-256.246;-256.7;-256.895;-256.942;-255.964;14:43:51
2445;30.0403;29.0386;-256.735;-256.246;-256.708;-256.903;-256.942;-255.972;14:43:51
2446;30.0403;29.0386;-256.727;-256.246;-256.708;-256.911;-256.942;-255.964;14:43:52
2447;30.0403;29.0386;-256.735;-256.246;-256.708;-256.903;-256.935;-255.972;14:43:52
2448;30.0363;29.0386;-256.735;-256.242;-256.708;-256.903;-256.942;-255.964;14:43:53
2449;30.0363;29.0308;-256.735;-256.246;-256.7;-256.895;-256.927;-255.964;14:43:53
2450;30.0324;29.0347;-256.727;-256.246;-256.708;-256.903;-256.935;-255.964;14:43:54
2451;30.0285;29.0308;-256.727;-256.242;-256.7;-256.903;-256.927;-255.972;14:43:54
2452;30.0207;29.023;-256.719;-256.246;-256.7;-256.903;-256.942;-255.964;14:43:55
2453;30.009;29.0113;-256.727;-256.246;-256.692;-256.903;-256.942;-255.964;14:43:55
2454;30.0011;29.0113;-256.727;-256.242;-256.7;-256.903;-256.942;-255.964;14:43:56
2455;29.9855;29.0034;-256.727;-256.25;-256.692;-256.911;-256.935;-255.972;14:43:56
2456;29.9698;28.9878;-256.727;-256.242;-256.7;-256.903;-256.942;-255.964;14:43:57
2457;29.962;28.98;-256.727;-256.246;-256.692;-256.903;-256.942;-255.964;14:43:57
2458;29.9542;28.9643;-256.727;-256.242;-256.7;-256.911;-256.935;-255.964;14:43:58
2459;29.9385;28.9643;-256.727;-256.246;-256.7;-256.903;-256.935;-255.964;14:43:58
2460;29.9307;28.9487;-256.727;-256.238;-256.7;-256.903;-256.935;-255.964;14:43:59
2461;29.9307;28.9487;-256.735;-256.242;-256.7;-256.911;-256.935;-255.956;14:43:59
2462;29.9385;28.9487;-256.727;-256.242;-256.7;-256.911;-256.935;-255.964;14:44:00
2463;29.9464;28.9487;-256.735;-256.242;-256.7;-256.911;-256.942;-255.964;14:44:00
2464;29.962;28.9643;-256.727;-256.242;-256.7;-256.911;-256.942;-255.956;14:44:01
2465;29.9698;28.98;-256.735;-256.246;-256.708;-256.911;-256.935;-255.972;14:44:01
2466;29.9933;28.9956;-256.727;-256.242;-256.708;-256.911;-256.942;-255.964;14:44:02
2467;30.0168;29.0113;-256.735;-256.242;-256.692;-256.911;-256.942;-255.956;14:44:02
2468;30.0363;29.023;-256.727;-256.246;-256.708;-256.911;-256.942;-255.964;14:44:03
2469;30.0403;29.0347;-256.735;-256.242;-256.7;-256.911;-256.935;-255.956;14:44:03
2470;30.052;29.0426;-256.727;-256.242;-256.708;-256.911;-256.935;-255.964;14:44:04
2471;30.0676;29.0465;-256.735;-256.246;-256.7;-256.919;-256.935;-255.972;14:44:04
2472;30.0676;29.0543;-256.735;-256.242;-256.7;-256.911;-256.935;-255.964;14:44:05
2473;30.0755;29.0543;-256.743;-256.246;-256.692;-256.919;-256.935;-255.972;14:44:05
2474;30.0676;29.0621;-256.735;-256.242;-256.692;-256.911;-256.935;-255.964;14:44:06
2475;30.0598;29.0621;-256.743;-256.25;-256.692;-256.919;-256.942;-255.972;14:44:06
2476;30.0676;29.0465;-256.743;-256.242;-256.7;-256.911;-256.942;-255.964;14:44:07
2477;30.0598;29.0465;-256.743;-256.246;-256.692;-256.919;-256.935;-255.972;14:44:07
2478;30.052;29.0465;-256.735;-256.246;-256.7;-256.911;-256.942;-255.972;14:44:08
2479;30.0403;29.0426;-256.735;-256.246;-256.708;-256.919;-256.935;-255.972;14:44:08
2480;30.0363;29.0386;-256.735;-256.246;-256.692;-256.919;-256.942;-255.964;14:44:09
2481;30.0285;29.0347;-256.735;-256.246;-256.692;-256.911;-256.935;-255.972;14:44:09
2482;30.0246;29.0308;-256.735;-256.242;-256.708;-256.919;-256.942;-255.972;14:44:10
2483;30.009;29.0113;-256.735;-256.25;-256.7;-256.911;-256.935;-255.964;14:44:10
2484;29.9933;29.0191;-256.727;-256.242;-256.7;-256.919;-256.942;-255.972;14:44:11
2485;29.9855;29.0113;-256.727;-256.246;-256.708;-256.911;-256.942;-255.964;14:44:11
2486;29.9777;28.9956;-256.727;-256.246;-256.7;-256.911;-256.942;-255.972;14:44:12
2487;29.9542;28.98;-256.727;-256.246;-256.708;-256.911;-256.942;-255.964;14:44:12
2488;29.9464;28.9721;-256.727;-256.242;-256.692;-256.911;-256.942;-255.964;14:44:13
2489;29.9385;28.9643;-256.727;-256.246;-256.7;-256.911;-256.942;-255.972;14:44:13
2490;29.9229;28.9487;-256.727;-256.242;-256.692;-256.911;-256.942;-255.964;14:44:14
2491;29.9151;28.9565;-256.727;-256.242;-256.7;-256.911;-256.942;-255.964;14:44:14
2492;29.9229;28.9565;-256.727;-256.242;-256.708;-256.911;-256.942;-255.972;14:44:15
2493;29.9385;28.9643;-256.727;-256.242;-256.7;-256.911;-256.935;-255.964;14:44:15
2494;29.9542;28.98;-256.727;-256.242;-256.7;-256.919;-256.942;-255.956;14:44:16
2495;29.9698;28.9956;-256.735;-256.242;-256.708;-256.911;-256.942;-255.964;14:44:16
2496;30.0011;29.0113;-256.727;-256.242;-256.7;-256.911;-256.927;-255.956;14:44:17
2497;30.009;29.0308;-256.727;-256.242;-256.7;-256.911;-256.935;-255.972;14:44:17
2498;30.0324;29.0386;-256.727;-256.246;-256.7;-256.903;-256.935;-255.964;14:44:18
2499;30.0363;29.0426;-256.727;-256.242;-256.7;-256.911;-256.935;-255.964;14:44:18
2500;30.0403;29.0621;-256.727;-256.242;-256.708;-256.911;-256.935;-255.964;14:44:19
2501;30.052;29.0543;-256.735;-256.246;-256.7;-256.903;-256.935;-255.964;14:44:19
2502;30.0598;29.0621;-256.727;-256.242;-256.708;-256.911;-256.942;-255.964;14:44:20
2503;30.0598;29.0543;-256.735;-256.246;-256.7;-256.903;-256.935;-255.964;14:44:20
2504;30.0676;29.0621;-256.727;-256.242;-256.708;-256.911;-256.935;-255.964;14:44:21
2505;30.052;29.0465;-256.735;-256.238;-256.708;-256.903;-256.942;-255.964;14:44:21
2506;30.0598;29.0465;-256.727;-256.242;-256.708;-256.911;-256.942;-255.956;14:44:22
2507;30.0442;29.0426;-256.735;-256.246;-256.708;-256.911;-256.935;-255.964;14:44:22
2508;30.052;29.0386;-256.727;-256.242;-256.7;-256.903;-256.942;-255.972;14:44:23
2509;30.0363;29.0386;-256.727;-256.242;-256.7;-256.903;-256.935;-255.964;14:44:23
2510;30.0324;29.0347;-256.735;-256.246;-256.708;-256.911;-256.935;-255.964;14:44:24
2511;30.0285;29.0347;-256.735;-256.242;-256.708;-256.911;-256.935;-255.972;14:44:24
2512;30.0168;29.0269;-256.735;-256.242;-256.708;-256.903;-256.935;-255.964;14:44:25
2513;30.0011;29.0308;-256.735;-256.246;-256.708;-256.911;-256.935;-255.964;14:44:25
2514;29.9933;29.0191;-256.735;-256.242;-256.708;-256.903;-256.935;-255.964;14:44:26
2515;29.9855;29.0113;-256.735;-256.242;-256.692;-256.903;-256.942;-255.964;14:44:26
2516;29.9698;28.9956;-256.727;-256.246;-256.708;-256.903;-256.935;-255.956;14:44:27
2517;29.9542;28.98;-256.735;-256.242;-256.7;-256.919;-256.927;-255.972;14:44:27
2518;29.9385;28.9721;-256.727;-256.246;-256.7;-256.903;-256.935;-255.956;14:44:28
2519;29.9229;28.9643;-256.735;-256.242;-256.692;-256.903;-256.935;-255.972;14:44:28
2520;29.9229;28.9643;-256.727;-256.242;-256.7;-256.911;-256.942;-255.964;14:44:29
2521;29.9307;28.9643;-256.727;-256.242;-256.7;-256.903;-256.935;-255.956;14:44:29
2522;29.9307;28.9721;-256.735;-256.242;-256.7;-256.911;-256.935;-255.964;14:44:30
2523;29.9385;28.9878;-256.735;-256.246;-256.7;-256.919;-256.935;-255.972;14:44:30
2524;29.962;29.0034;-256.727;-256.246;-256.7;-256.911;-256.935;-255.956;14:44:31
2525;29.9777;29.0191;-256.735;-256.242;-256.7;-256.911;-256.927;-255.964;14:44:31
2526;30.009;29.0347;-256.735;-256.242;-256.7;-256.911;-256.927;-255.956;14:44:32
2527;30.0285;29.0426;-256.735;-256.242;-256.692;-256.919;-256.935;-255.964;14:44:32
2528;30.0403;29.0543;-256.727;-256.242;-256.708;-256.911;-256.935;-255.964;14:44:33
2529;30.0598;29.0699;-256.727;-256.242;-256.7;-256.911;-256.919;-255.964;14:44:33
2530;30.0755;29.0699;-256.727;-256.246;-256.7;-256.919;-256.935;-255.949;14:44:34
2531;30.0755;29.0778;-256.719;-256.242;-256.708;-256.919;-256.927;-255.964;14:44:34
2532;30.0911;29.0856;-256.719;-256.246;-256.708;-256.911;-256.927;-255.964;14:44:35
2533;30.0833;29.0778;-256.719;-256.246;-256.708;-256.919;-256.935;-255.956;14:44:35
2534;30.0833;29.0699;-256.719;-256.242;-256.708;-256.911;-256.942;-255.964;14:44:36
2535;30.0833;29.0699;-256.727;-256.246;-256.708;-256.919;-256.935;-255.956;14:44:36
2536;30.0755;29.0699;-256.719;-256.246;-256.7;-256.919;-256.935;-255.964;14:44:37
2537;30.0676;29.0699;-256.719;-256.246;-256.7;-256.919;-256.935;-255.956;14:44:37
2538;30.0755;29.0621;-256.712;-256.246;-256.708;-256.919;-256.942;-255.964;14:44:38
2539;30.0598;29.0621;-256.727;-256.242;-256.7;-256.911;-256.942;-255.964;14:44:38
2540;30.0598;29.0621;-256.712;-256.246;-256.708;-256.919;-256.942;-255.956;14:44:39
2541;30.0442;29.0465;-256.727;-256.246;-256.7;-256.911;-256.942;-255.964;14:44:39
2542;30.0363;29.0426;-256.727;-256.246;-256.7;-256.919;-256.942;-255.964;14:44:40
2543;30.0285;29.0426;-256.719;-256.246;-256.7;-256.911;-256.935;-255.972;14:44:40
2544;30.0207;29.0308;-256.727;-256.246;-256.7;-256.911;-256.935;-255.964;14:44:41
2545;30.009;29.0308;-256.727;-256.246;-256.7;-256.919;-256.942;-255.964;14:44:41
2546;30.0011;29.0191;-256.719;-256.25;-256.7;-256.919;-256.935;-255.964;14:44:42
2547;29.9777;29.0034;-256.727;-256.246;-256.7;-256.919;-256.942;-255.972;14:44:42
2548;29.9777;28.9878;-256.727;-256.246;-256.7;-256.919;-256.935;-255.964;14:44:43
2549;29.9542;28.98;-256.727;-256.25;-256.7;-256.911;-256.935;-255.956;14:44:43
2550;29.9464;28.9643;-256.719;-256.246;-256.7;-256.911;-256.935;-255.972;14:44:44
2551;29.9229;28.9565;-256.719;-256.25;-256.708;-256.911;-256.942;-255.964;14:44:44
2552;29.9229;28.9408;-256.719;-256.246;-256.708;-256.919;-256.942;-255.956;14:44:45
2553;29.9151;28.9487;-256.719;-256.246;-256.7;-256.911;-256.942;-255.956;14:44:45
2554;29.9151;28.9487;-256.719;-256.246;-256.7;-256.911;-256.935;-255.956;14:44:46
2555;29.9229;28.9565;-256.727;-256.246;-256.708;-256.911;-256.942;-255.964;14:44:46
2556;29.9385;28.9643;-256.719;-256.246;-256.708;-256.911;-256.942;-255.956;14:44:47
2557;29.9464;28.9878;-256.727;-256.25;-256.7;-256.911;-256.942;-255.956;14:44:47
2558;29.9698;28.9956;-256.719;-256.246;-256.708;-256.919;-256.942;-255.956;14:44:48
2559;29.9933;29.0191;-256.727;-256.25;-256.7;-256.911;-256.935;-255.964;14:44:48
2560;30.0168;29.0347;-256.719;-256.242;-256.7;-256.911;-256.927;-255.956;14:44:49
2561;30.0324;29.0426;-256.727;-256.25;-256.7;-256.911;-256.935;-255.956;14:44:49
2562;30.0403;29.0543;-256.727;-256.246;-256.708;-256.911;-256.935;-255.956;14:44:50
2563;30.052;29.0543;-256.727;-256.25;-256.7;-256.919;-256.935;-255.956;14:44:50
2564;30.0676;29.0699;-256.743;-256.25;-256.708;-256.911;-256.942;-255.964;14:44:51
2565;30.0676;29.0621;-256.735;-256.25;-256.708;-256.919;-256.935;-255.956;14:44:51
2566;30.0676;29.0621;-256.727;-256.25;-256.7;-256.919;-256.935;-255.964;14:44:52
2567;30.0676;29.0621;-256.743;-256.246;-256.715;-256.919;-256.935;-255.956;14:44:52
2568;30.0676;29.0543;-256.735;-256.246;-256.7;-256.919;-256.935;-255.956;14:44:53
2569;30.052;29.0543;-256.735;-256.246;-256.708;-256.919;-256.942;-255.956;14:44:53
2570;30.0598;29.0465;-256.735;-256.25;-256.7;-256.911;-256.935;-255.949;14:44:54
2571;30.0442;29.0426;-256.743;-256.246;-256.7;-256.919;-256.935;-255.964;14:44:54
2572;30.0403;29.0386;-256.735;-256.246;-256.7;-256.911;-256.935;-255.956;14:44:55
2573;30.0363;29.0347;-256.735;-256.246;-256.692;-256.919;-256.927;-255.956;14:44:55
2574;30.0324;29.0269;-256.727;-256.246;-256.708;-256.911;-256.935;-255.956;14:44:56
2575;30.0285;29.0269;-256.735;-256.25;-256.7;-256.919;-256.935;-255.964;14:44:56
2576;30.0168;29.0113;-256.735;-256.246;-256.708;-256.911;-256.935;-255.956;14:44:57
2577;30.009;29.0113;-256.743;-256.246;-256.692;-256.911;-256.942;-255.956;14:44:57
2578;30.0011;28.9956;-256.735;-256.246;-256.708;-256.911;-256.935;-255.949;14:44:58
2579;29.9855;28.9878;-256.735;-256.25;-256.7;-256.911;-256.935;-255.956;14:44:58
2580;29.9698;28.9721;-256.735;-256.246;-256.7;-256.911;-256.935;-255.964;14:44:59
2581;29.9542;28.9721;-256.743;-256.25;-256.7;-256.919;-256.942;-255.956;14:44:59
2582;29.9542;28.9565;-256.735;-256.246;-256.708;-256.911;-256.935;-255.956;14:45:00
2583;29.9464;28.9487;-256.735;-256.25;-256.692;-256.919;-256.927;-255.956;14:45:00
2584;29.9464;28.9565;-256.743;-256.246;-256.7;-256.919;-256.935;-255.956;14:45:01
2585;29.9464;28.9565;-256.735;-256.246;-256.692;-256.911;-256.935;-255.964;14:45:01
2586;29.962;28.9721;-256.735;-256.246;-256.7;-256.911;-256.942;-255.956;14:45:02
2587;29.9777;28.98;-256.743;-256.246;-256.7;-256.911;-256.935;-255.964;14:45:02
2588;30.0011;28.9956;-256.735;-256.246;-256.7;-256.919;-256.942;-255.956;14:45:03
2589;30.009;29.0191;-256.735;-256.246;-256.708;-256.911;-256.935;-255.956;14:45:03
2590;30.0285;29.0308;-256.743;-256.246;-256.7;-256.919;-256.927;-255.964;14:45:04
2591;30.0285;29.0308;-256.735;-256.25;-256.7;-256.911;-256.935;-255.964;14:45:04
2592;30.0363;29.0386;-256.735;-256.246;-256.7;-256.919;-256.935;-255.956;14:45:05
2593;30.0363;29.0347;-256.735;-256.254;-256.7;-256.919;-256.927;-255.964;14:45:05
2594;30.0442;29.0386;-256.735;-256.25;-256.7;-256.911;-256.935;-255.964;14:45:06
2595;30.0403;29.0386;-256.735;-256.25;-256.7;-256.919;-256.935;-255.964;14:45:06
2596;30.0403;29.0308;-256.735;-256.25;-256.708;-256.911;-256.935;-255.956;14:45:07
2597;30.0403;29.0308;-256.735;-256.25;-256.7;-256.919;-256.927;-255.964;14:45:07
2598;30.0324;29.0308;-256.735;-256.25;-256.7;-256.911;-256.942;-255.972;14:45:08
2599;30.0324;29.0269;-256.727;-256.254;-256.7;-256.911;-256.935;-255.964;14:45:08
2600;30.0285;29.0191;-256.735;-256.25;-256.708;-256.919;-256.942;-255.972;14:45:09
2601;30.0207;29.0113;-256.735;-256.25;-256.7;-256.911;-256.935;-255.972;14:45:09
2602;30.0168;29.0034;-256.735;-256.25;-256.708;-256.919;-256.942;-255.964;14:45:10
2603;30.009;28.9956;-256.735;-256.25;-256.7;-256.911;-256.935;-255.972;14:45:10
2604;29.9933;28.9878;-256.743;-256.25;-256.708;-256.911;-256.935;-255.964;14:45:11
2605;29.9933;28.9878;-256.727;-256.25;-256.7;-256.911;-256.935;-255.964;14:45:11
2606;29.9777;28.9721;-256.727;-256.242;-256.708;-256.903;-256.942;-255.972;14:45:12
2607;29.962;28.9565;-256.727;-256.25;-256.7;-256.919;-256.927;-255.956;14:45:12
2608;29.9542;28.9408;-256.727;-256.246;-256.708;-256.911;-256.942;-255.964;14:45:13
2609;29.9385;28.9408;-256.735;-256.246;-256.7;-256.911;-256.935;-255.964;14:45:13
2610;29.9307;28.933;-256.735;-256.25;-256.708;-256.919;-256.935;-255.964;14:45:14
2611;29.9151;28.9252;-256.735;-256.25;-256.7;-256.911;-256.942;-255.964;14:45:14
2612;29.9307;28.9252;-256.727;-256.25;-256.7;-256.911;-256.942;-255.964;14:45:15
2613;29.9229;28.933;-256.735;-256.246;-256.7;-256.911;-256.935;-255.964;14:45:15
2614;29.9464;28.933;-256.727;-256.25;-256.7;-256.911;-256.935;-255.964;14:45:16
2615;29.962;28.9565;-256.735;-256.25;-256.7;-256.911;-256.942;-255.956;14:45:16
2616;29.9777;28.9643;-256.735;-256.25;-256.7;-256.903;-256.935;-255.964;14:45:17
2617;30.0011;28.98;-256.735;-256.25;-256.7;-256.919;-256.935;-255.964;14:45:17
2618;30.0246;29.0034;-256.735;-256.25;-256.708;-256.911;-256.935;-255.956;14:45:18
2619;30.0285;29.0113;-256.743;-256.254;-256.708;-256.919;-256.942;-255.964;14:45:18
2620;30.0403;29.0269;-256.735;-256.25;-256.708;-256.911;-256.942;-255.964;14:45:19
2621;30.0403;29.0308;-256.743;-256.25;-256.7;-256.911;-256.942;-255.964;14:45:19
2622;30.052;29.0308;-256.735;-256.25;-256.7;-256.911;-256.95;-255.956;14:45:20
2623;30.0598;29.0347;-256.743;-256.254;-256.708;-256.919;-256.942;-255.964;14:45:20
2624;30.052;29.0347;-256.727;-256.254;-256.7;-256.911;-256.942;-255.956;14:45:21
2625;30.0598;29.0347;-256.727;-256.25;-256.7;-256.911;-256.942;-255.964;14:45:21
2626;30.0442;29.0347;-256.735;-256.254;-256.7;-256.919;-256.942;-255.964;14:45:22
2627;30.0442;29.0308;-256.743;-256.254;-256.7;-256.919;-256.935;-255.956;14:45:22
2628;30.0442;29.0269;-256.727;-256.25;-256.7;-256.919;-256.942;-255.964;14:45:23
2629;30.0363;29.0191;-256.735;-256.254;-256.7;-256.911;-256.942;-255.956;14:45:23
2630;30.0285;29.0113;-256.735;-256.25;-256.708;-256.919;-256.942;-255.964;14:45:24
2631;30.0207;29.0113;-256.727;-256.25;-256.7;-256.919;-256.935;-255.964;14:45:24
2632;30.0168;28.9956;-256.735;-256.25;-256.692;-256.911;-256.942;-255.956;14:45:25
2633;30.0011;28.9956;-256.727;-256.25;-256.7;-256.919;-256.935;-255.956;14:45:25
2634;29.9855;28.9878;-256.735;-256.25;-256.7;-256.919;-256.935;-255.964;14:45:26
2635;29.9777;28.9721;-256.735;-256.254;-256.708;-256.911;-256.935;-255.956;14:45:26
2636;29.9777;28.9721;-256.727;-256.25;-256.7;-256.919;-256.942;-255.956;14:45:27
2637;29.9542;28.9565;-256.735;-256.25;-256.7;-256.911;-256.935;-255.964;14:45:27
2638;29.962;28.9721;-256.727;-256.25;-256.7;-256.911;-256.942;-255.956;14:45:28
2639;29.9464;28.9643;-256.727;-256.25;-256.7;-256.911;-256.935;-255.956;14:45:28
2640;29.9542;28.9643;-256.727;-256.25;-256.7;-256.911;-256.942;-255.956;14:45:29
2641;29.962;28.9643;-256.735;-256.254;-256.7;-256.919;-256.935;-255.964;14:45:29
2642;29.9542;28.9878;-256.735;-256.25;-256.7;-256.911;-256.935;-255.956;14:45:30
2643;29.9698;28.9878;-256.743;-256.25;-256.692;-256.911;-256.935;-255.964;14:45:30
2644;29.9933;29.0113;-256.735;-256.254;-256.7;-256.919;-256.935;-255.956;14:45:31
2645;30.009;29.0191;-256.735;-256.254;-256.692;-256.911;-256.935;-255.964;14:45:31
2646;30.0168;29.0347;-256.735;-256.254;-256.708;-256.911;-256.935;-255.964;14:45:32
2647;30.0324;29.0386;-256.735;-256.254;-256.692;-256.911;-256.935;-255.964;14:45:32
2648;30.0403;29.0426;-256.735;-256.254;-256.7;-256.919;-256.935;-255.964;14:45:33
2649;30.052;29.0426;-256.743;-256.254;-256.7;-256.911;-256.942;-255.972;14:45:33
2650;30.0598;29.0465;-256.735;-256.25;-256.7;-256.911;-256.935;-255.956;14:45:34
2651;30.0598;29.0465;-256.743;-256.254;-256.692;-256.919;-256.935;-255.964;14:45:34
2652;30.0598;29.0465;-256.727;-256.25;-256.708;-256.911;-256.942;-255.972;14:45:35
2653;30.0676;29.0465;-256.727;-256.254;-256.7;-256.911;-256.942;-255.964;14:45:35
2654;30.0598;29.0426;-256.727;-256.254;-256.7;-256.911;-256.935;-255.956;14:45:36
2655;30.052;29.0386;-256.727;-256.254;-256.692;-256.911;-256.935;-255.964;14:45:36
2656;30.052;29.0386;-256.719;-256.254;-256.7;-256.911;-256.935;-255.956;14:45:37
2657;30.0363;29.0347;-256.727;-256.254;-256.692;-256.911;-256.935;-255.964;14:45:37
2658;30.0363;29.0347;-256.727;-256.25;-256.7;-256.911;-256.942;-255.956;14:45:38
2659;30.0285;29.0269;-256.727;-256.258;-256.7;-256.911;-256.942;-255.964;14:45:38
2660;30.0246;29.0191;-256.719;-256.25;-256.692;-256.911;-256.935;-255.956;14:45:39
2661;30.009;29.0113;-256.719;-256.254;-256.7;-256.919;-256.942;-255.972;14:45:39
2662;30.0011;28.9956;-256.712;-256.25;-256.692;-256.911;-256.942;-255.956;14:45:40
2663;29.9855;28.9956;-256.712;-256.25;-256.7;-256.903;-256.935;-255.964;14:45:40
2664;29.9777;28.9878;-256.719;-256.25;-256.7;-256.911;-256.942;-255.964;14:45:41
2665;29.9542;28.9721;-256.719;-256.254;-256.708;-256.919;-256.942;-255.964;14:45:41
2666;29.9542;28.9565;-256.712;-256.25;-256.7;-256.919;-256.935;-255.964;14:45:42
2667;29.9464;28.9643;-256.719;-256.254;-256.7;-256.919;-256.935;-255.956;14:45:42
2668;29.9542;28.9565;-256.727;-256.25;-256.7;-256.911;-256.935;-255.956;14:45:43
2669;29.962;28.9721;-256.719;-256.246;-256.7;-256.919;-256.927;-255.972;14:45:43
2670;29.9698;28.9878;-256.719;-256.25;-256.7;-256.911;-256.935;-255.964;14:45:44
2671;29.9855;28.9956;-256.719;-256.246;-256.692;-256.911;-256.935;-255.972;14:45:44
2672;30.009;29.0113;-256.719;-256.25;-256.7;-256.911;-256.935;-255.956;14:45:45
2673;30.0246;29.0308;-256.719;-256.246;-256.708;-256.911;-256.935;-255.972;14:45:45
2674;30.0403;29.0347;-256.712;-256.246;-256.7;-256.903;-256.942;-255.964;14:45:46
2675;30.052;29.0426;-256.719;-256.246;-256.7;-256.911;-256.935;-255.972;14:45:46
2676;30.0598;29.0465;-256.712;-256.25;-256.7;-256.903;-256.935;-255.964;14:45:47
2677;30.0755;29.0543;-256.735;-256.246;-256.692;-256.911;-256.935;-255.964;14:45:47
2678;30.0676;29.0621;-256.735;-256.246;-256.708;-256.903;-256.942;-255.972;14:45:48
2679;30.0755;29.0543;-256.735;-256.25;-256.7;-256.903;-256.942;-255.964;14:45:48
2680;30.0676;29.0543;-256.727;-256.246;-256.7;-256.911;-256.935;-255.964;14:45:49
2681;30.0676;29.0543;-256.727;-256.25;-256.7;-256.919;-256.942;-255.972;14:45:49
2682;30.0676;29.0465;-256.735;-256.246;-256.692;-256.911;-256.942;-255.964;14:45:50
2683;30.052;29.0426;-256.735;-256.246;-256.7;-256.911;-256.942;-255.964;14:45:50
2684;30.052;29.0386;-256.735;-256.25;-256.692;-256.911;-256.942;-255.972;14:45:51
2685;30.0403;29.0347;-256.743;-256.246;-256.7;-256.911;-256.95;-255.972;14:45:51
2686;30.0363;29.0347;-256.735;-256.254;-256.692;-256.911;-256.942;-255.964;14:45:52
2687;30.0324;29.0269;-256.735;-256.25;-256.692;-256.911;-256.942;-255.964;14:45:52
2688;30.0246;29.0269;-256.735;-256.25;-256.692;-256.911;-256.935;-255.972;14:45:53
2689;30.0168;29.0113;-256.743;-256.25;-256.692;-256.903;-256.935;-255.964;14:45:53
2690;30.0011;28.9956;-256.735;-256.25;-256.7;-256.911;-256.935;-255.964;14:45:54
2691;29.9933;28.9878;-256.735;-256.25;-256.692;-256.903;-256.942;-255.972;14:45:54
2692;29.9698;28.9721;-256.727;-256.25;-256.692;-256.903;-256.935;-255.964;14:45:55
2693;29.962;28.9643;-256.735;-256.25;-256.692;-256.911;-256.942;-255.972;14:45:55
2694;29.9542;28.9487;-256.735;-256.246;-256.7;-256.903;-256.935;-255.956;14:45:56
2695;29.9464;28.9487;-256.735;-256.25;-256.692;-256.903;-256.935;-255.972;14:45:56
2696;29.9385;28.9487;-256.727;-256.25;-256.7;-256.903;-256.942;-255.956;14:45:57
2697;29.9464;28.9487;-256.735;-256.25;-256.692;-256.911;-256.935;-255.972;14:45:57
2698;29.962;28.9565;-256.743;-256.25;-256.7;-256.911;-256.935;-255.964;14:45:58
2699;29.962;28.9721;-256.743;-256.25;-256.7;-256.911;-256.942;-255.972;14:45:58
2700;29.9855;28.98;-256.735;-256.25;-256.692;-256.911;-256.942;-255.964;14:45:59
2701;30.0011;29.0034;-256.735;-256.25;-256.7;-256.911;-256.942;-255.972;14:45:59
2702;30.0246;29.0191;-256.743;-256.25;-256.7;-256.911;-256.935;-255.964;14:46:00
2703;30.0363;29.0308;-256.735;-256.25;-256.7;-256.911;-256.942;-255.964;14:46:00
2704;30.0442;29.0347;-256.735;-256.254;-256.7;-256.911;-256.942;-255.964;14:46:01
2705;30.0598;29.0426;-256.727;-256.254;-256.708;-256.911;-256.942;-255.972;14:46:01
2706;30.0676;29.0465;-256.727;-256.25;-256.7;-256.919;-256.95;-255.972;14:46:02
2707;30.0755;29.0504;-256.727;-256.254;-256.7;-256.919;-256.95;-255.972;14:46:02
2708;30.0676;29.0465;-256.735;-256.25;-256.7;-256.911;-256.942;-255.964;14:46:03
2709;30.0755;29.0465;-256.727;-256.254;-256.708;-256.911;-256.942;-255.972;14:46:03
2710;30.0598;29.0426;-256.727;-256.254;-256.708;-256.911;-256.942;-255.972;14:46:04
2711;30.0598;29.0426;-256.735;-256.25;-256.708;-256.919;-256.942;-255.964;14:46:04
2712;30.052;29.0465;-256.727;-256.254;-256.7;-256.911;-256.95;-255.972;14:46:05
2713;30.0442;29.0347;-256.727;-256.254;-256.7;-256.919;-256.942;-255.972;14:46:05
2714;30.0403;29.0347;-256.727;-256.254;-256.7;-256.911;-256.935;-255.972;14:46:06
2715;30.0403;29.023;-256.735;-256.25;-256.708;-256.911;-256.935;-255.972;14:46:06
2716;30.0324;29.0269;-256.735;-256.254;-256.7;-256.919;-256.942;-255.964;14:46:07
2717;30.0246;29.0113;-256.727;-256.254;-256.7;-256.911;-256.927;-255.964;14:46:07
2718;30.009;29.0034;-256.727;-256.254;-256.7;-256.911;-256.942;-255.972;14:46:08
2719;30.0011;28.9878;-256.727;-256.254;-256.692;-256.919;-256.935;-255.964;14:46:08
2720;29.9933;28.98;-256.735;-256.25;-256.7;-256.919;-256.942;-255.964;14:46:09
2721;29.9777;28.9643;-256.727;-256.254;-256.7;-256.911;-256.927;-255.972;14:46:09
2722;29.9698;28.9487;-256.735;-256.25;-256.708;-256.911;-256.927;-255.956;14:46:10
2723;29.9542;28.9487;-256.735;-256.25;-256.692;-256.903;-256.942;-255.964;14:46:10
2724;29.9385;28.933;-256.735;-256.25;-256.7;-256.903;-256.935;-255.964;14:46:11
2725;29.9464;28.9408;-256.735;-256.25;-256.7;-256.903;-256.935;-255.964;14:46:11
2726;29.9464;28.9408;-256.727;-256.254;-256.692;-256.903;-256.935;-255.964;14:46:12
2727;29.962;28.9487;-256.743;-256.25;-256.692;-256.903;-256.935;-255.964;14:46:12
2728;29.9698;28.9565;-256.727;-256.25;-256.692;-256.903;-256.935;-255.964;14:46:13
2729;29.9855;28.98;-256.735;-256.254;-256.692;-256.903;-256.935;-255.964;14:46:13
2730;30.0011;28.9878;-256.735;-256.25;-256.7;-256.903;-256.942;-255.972;14:46:14
2731;30.0285;29.0113;-256.735;-256.25;-256.7;-256.903;-256.942;-255.972;14:46:14
2732;30.0403;29.0308;-256.727;-256.25;-256.692;-256.903;-256.935;-255.972;14:46:15
2733;30.052;29.0386;-256.727;-256.25;-256.692;-256.911;-256.927;-255.964;14:46:15
2734;30.0598;29.0426;-256.735;-256.254;-256.692;-256.911;-256.935;-255.972;14:46:16
2735;30.0755;29.0465;-256.727;-256.25;-256.7;-256.903;-256.935;-255.972;14:46:16
2736;30.0676;29.0465;-256.735;-256.246;-256.692;-256.911;-256.935;-255.964;14:46:17
2737;30.0755;29.0465;-256.735;-256.25;-256.692;-256.911;-256.927;-255.964;14:46:17
2738;30.0755;29.0543;-256.735;-256.25;-256.692;-256.919;-256.935;-255.972;14:46:18
2739;30.0676;29.0465;-256.735;-256.25;-256.7;-256.919;-256.927;-255.964;14:46:18
2740;30.0598;29.0504;-256.735;-256.25;-256.692;-256.919;-256.927;-255.964;14:46:19
2741;30.052;29.0386;-256.735;-256.25;-256.692;-256.911;-256.935;-255.964;14:46:19
2742;30.0403;29.0386;-256.743;-256.25;-256.684;-256.919;-256.935;-255.972;14:46:20
2743;30.0363;29.0308;-256.743;-256.25;-256.7;-256.911;-256.935;-255.964;14:46:20
2744;30.0324;29.0308;-256.743;-256.246;-256.692;-256.919;-256.927;-255.964;14:46:21
2745;30.0285;29.0269;-256.743;-256.25;-256.692;-256.911;-256.935;-255.964;14:46:21
2746;30.0168;29.0191;-256.743;-256.25;-256.7;-256.919;-256.927;-255.972;14:46:22
2747;30.0011;29.0034;-256.735;-256.246;-256.7;-256.911;-256.942;-255.964;14:46:22
2748;29.9777;28.9956;-256.735;-256.246;-256.692;-256.919;-256.942;-255.964;14:46:23
2749;29.9698;28.98;-256.727;-256.246;-256.7;-256.919;-256.942;-255.972;14:46:23
2750;29.9464;28.98;-256.735;-256.25;-256.692;-256.911;-256.942;-255.964;14:46:24
2751;29.9385;28.9565;-256.735;-256.246;-256.7;-256.919;-256.935;-255.972;14:46:24
2752;29.9229;28.9487;-256.735;-256.25;-256.692;-256.919;-256.935;-255.964;14:46:25
2753;29.9151;28.9408;-256.735;-256.246;-256.692;-256.919;-256.927;-255.964;14:46:25
2754;29.9072;28.9408;-256.735;-256.246;-256.7;-256.911;-256.935;-255.964;14:46:26
2755;29.9072;28.9408;-256.719;-256.25;-256.692;-256.919;-256.935;-255.972;14:46:26
2756;29.9151;28.9487;-256.735;-256.246;-256.692;-256.919;-256.927;-255.964;14:46:27
2757;29.9307;28.9721;-256.735;-256.242;-256.692;-256.919;-256.935;-255.964;14:46:27
2758;29.9464;28.9721;-256.727;-256.25;-256.692;-256.919;-256.935;-255.964;14:46:28
2759;29.9698;28.9956;-256.735;-256.246;-256.7;-256.919;-256.942;-255.972;14:46:28
2760;29.9933;29.0113;-256.727;-256.246;-256.692;-256.911;-256.935;-255.964;14:46:29
2761;30.0207;29.023;-256.735;-256.246;-256.7;-256.919;-256.935;-255.972;14:46:29
2762;30.0324;29.0386;-256.735;-256.25;-256.7;-256.919;-256.942;-255.964;14:46:30
2763;30.0442;29.0504;-256.735;-256.246;-256.7;-256.919;-256.935;-255.972;14:46:30
2764;30.0676;29.0621;-256.735;-256.25;-256.7;-256.919;-256.935;-255.972;14:46:31
2765;30.0911;29.0699;-256.735;-256.25;-256.692;-256.911;-256.935;-255.964;14:46:31
2766;30.0989;29.0699;-256.719;-256.246;-256.7;-256.919;-256.927;-255.972;14:46:32
2767;30.1068;29.0778;-256.727;-256.25;-256.7;-256.911;-256.942;-255.972;14:46:32
2768;30.1068;29.0778;-256.727;-256.25;-256.692;-256.919;-256.927;-255.972;14:46:33
2769;30.0989;29.0778;-256.727;-256.25;-256.708;-256.911;-256.935;-255.964;14:46:33
2770;30.0989;29.0778;-256.719;-256.25;-256.7;-256.919;-256.935;-255.972;14:46:34
2771;30.1068;29.0699;-256.727;-256.25;-256.692;-256.911;-256.942;-255.972;14:46:34
2772;30.0911;29.0778;-256.727;-256.25;-256.7;-256.919;-256.935;-255.964;14:46:35
2773;30.0911;29.0778;-256.727;-256.246;-256.7;-256.911;-256.935;-255.964;14:46:35
2774;30.0755;29.0621;-256.727;-256.254;-256.708;-256.919;-256.935;-255.972;14:46:36
2775;30.0755;29.0543;-256.735;-256.246;-256.7;-256.911;-256.935;-255.964;14:46:36
2776;30.0598;29.0621;-256.735;-256.25;-256.708;-256.919;-256.935;-255.964;14:46:37
2777;30.052;29.0426;-256.735;-256.25;-256.7;-256.911;-256.935;-255.964;14:46:37
2778;30.0481;29.0347;-256.727;-256.25;-256.7;-256.919;-256.942;-255.964;14:46:38
2779;30.0403;29.0308;-256.735;-256.25;-256.708;-256.911;-256.942;-255.964;14:46:38
2780;30.0324;29.0269;-256.735;-256.25;-256.692;-256.911;-256.942;-255.972;14:46:39
2781;30.0285;29.0113;-256.727;-256.246;-256.708;-256.911;-256.942;-255.972;14:46:39
2782;30.009;29.0113;-256.727;-256.25;-256.692;-256.903;-256.935;-255.98;14:46:40
2783;29.9933;28.9956;-256.727;-256.25;-256.7;-256.911;-256.942;-255.964;14:46:40
2784;29.9777;28.9956;-256.735;-256.246;-256.692;-256.911;-256.942;-255.972;14:46:41
2785;29.9698;28.98;-256.719;-256.246;-256.7;-256.903;-256.942;-255.972;14:46:41
2786;29.9542;28.98;-256.735;-256.25;-256.7;-256.919;-256.942;-255.964;14:46:42
2787;29.9464;28.98;-256.727;-256.246;-256.7;-256.911;-256.935;-255.964;14:46:42
2788;29.9385;28.9643;-256.727;-256.254;-256.692;-256.911;-256.935;-255.964;14:46:43
2789;29.9542;28.9721;-256.727;-256.25;-256.7;-256.911;-256.942;-255.964;14:46:43
2790;29.9542;28.9721;-256.735;-256.25;-256.7;-256.903;-256.942;-255.964;14:46:44
2791;29.9698;28.9878;-256.735;-256.246;-256.7;-256.903;-256.935;-255.972;14:46:44
2792;29.9698;29.0113;-256.735;-256.25;-256.7;-256.911;-256.942;-255.964;14:46:45
2793;30.0011;29.0191;-256.735;-256.25;-256.7;-256.903;-256.942;-255.972;14:46:45
2794;30.009;29.0347;-256.727;-256.25;-256.7;-256.911;-256.95;-255.972;14:46:46
2795;30.0246;29.0386;-256.735;-256.25;-256.708;-256.911;-256.942;-255.972;14:46:46
2796;30.0285;29.0386;-256.735;-256.254;-256.7;-256.919;-256.942;-255.972;14:46:47
2797;30.0324;29.0426;-256.743;-256.246;-256.7;-256.911;-256.942;-255.964;14:46:47
2798;30.0324;29.0426;-256.727;-256.25;-256.7;-256.911;-256.942;-255.964;14:46:48
2799;30.0324;29.0386;-256.735;-256.25;-256.7;-256.911;-256.942;-255.964;14:46:48
2800;30.0246;29.0308;-256.735;-256.25;-256.7;-256.911;-256.942;-255.972;14:46:49
2801;30.0246;29.0347;-256.735;-256.25;-256.7;-256.911;-256.942;-255.972;14:46:49
2802;30.009;29.0269;-256.735;-256.254;-256.692;-256.911;-256.935;-255.964;14:46:50
2803;30.0011;29.0191;-256.735;-256.25;-256.7;-256.911;-256.942;-255.964;14:46:50
2804;29.9933;29.0191;-256.735;-256.25;-256.692;-256.919;-256.935;-255.972;14:46:51
2805;29.9933;29.0034;-256.743;-256.25;-256.684;-256.911;-256.942;-255.972;14:46:51
2806;29.9777;28.9956;-256.743;-256.246;-256.692;-256.911;-256.935;-255.964;14:46:52
2807;29.9777;28.9878;-256.735;-256.25;-256.692;-256.911;-256.942;-255.964;14:46:52
2808;29.962;28.98;-256.743;-256.25;-256.7;-256.911;-256.942;-255.972;14:46:53
2809;29.962;28.9721;-256.735;-256.25;-256.7;-256.911;-256.935;-255.964;14:46:53
2810;29.9698;28.9643;-256.735;-256.25;-256.692;-256.919;-256.942;-255.972;14:46:54
2811;29.9855;28.9878;-256.743;-256.25;-256.7;-256.911;-256.935;-255.964;14:46:54
2812;29.9933;29.0034;-256.735;-256.25;-256.692;-256.911;-256.942;-255.964;14:46:55
2813;30.0011;28.9956;-256.735;-256.25;-256.7;-256.911;-256.935;-255.956;14:46:55
2814;30.009;29.0034;-256.735;-256.25;-256.7;-256.911;-256.935;-255.964;14:46:56
2815;30.0246;29.0113;-256.735;-256.25;-256.7;-256.919;-256.942;-255.956;14:46:56
2816;30.0246;29.0191;-256.743;-256.25;-256.692;-256.919;-256.942;-255.964;14:46:57
2817;30.0246;29.0269;-256.735;-256.25;-256.7;-256.911;-256.942;-255.956;14:46:57
2818;30.0246;29.0113;-256.743;-256.246;-256.692;-256.911;-256.935;-255.972;14:46:58
2819;30.009;29.0113;-256.735;-256.25;-256.692;-256.911;-256.942;-255.972;14:46:58
2820;30.009;29.0113;-256.743;-256.246;-256.692;-256.911;-256.942;-255.964;14:46:59
2821;29.9933;29.0113;-256.743;-256.25;-256.7;-256.911;-256.935;-255.972;14:46:59
2822;29.9855;29.0034;-256.743;-256.25;-256.692;-256.919;-256.935;-255.972;14:47:00
2823;29.9933;28.9878;-256.735;-256.25;-256.692;-256.911;-256.935;-255.98;14:47:00
2824;29.9698;28.9878;-256.743;-256.25;-256.692;-256.911;-256.942;-255.972;14:47:01
2825;29.9698;28.98;-256.735;-256.246;-256.7;-256.919;-256.935;-255.98;14:47:01
2826;29.962;28.9878;-256.735;-256.25;-256.692;-256.911;-256.942;-255.972;14:47:02
2827;29.962;28.9721;-256.731;-256.246;-256.7;-256.911;-256.935;-255.98;14:47:02
2828;29.9542;28.9721;-256.735;-256.246;-256.692;-256.919;-256.935;-255.972;14:47:03
2829;29.9542;28.9721;-256.735;-256.246;-256.692;-256.911;-256.942;-255.972;14:47:03
2830;29.962;28.9643;-256.735;-256.25;-256.692;-256.911;-256.942;-255.972;14:47:04
2831;29.9777;28.98;-256.743;-256.246;-256.7;-256.919;-256.942;-255.964;14:47:04
2832;29.9855;28.9878;-256.735;-256.25;-256.692;-256.911;-256.935;-255.972;14:47:05
2833;29.9933;28.9956;-256.735;-256.246;-256.7;-256.911;-256.935;-255.964;14:47:05
2834;30.0168;29.0034;-256.743;-256.254;-256.692;-256.911;-256.935;-255.972;14:47:06
2835;30.0168;29.0113;-256.743;-256.254;-256.7;-256.919;-256.935;-255.964;14:47:06
2836;30.0285;29.0269;-256.735;-256.254;-256.692;-256.911;-256.927;-255.956;14:47:07
2837;30.0324;29.0269;-256.735;-256.254;-256.7;-256.903;-256.935;-255.964;14:47:07
2838;30.0324;29.0308;-256.735;-256.254;-256.692;-256.911;-256.927;-255.972;14:47:08
2839;30.0363;29.0347;-256.743;-256.25;-256.692;-256.911;-256.927;-255.964;14:47:08
2840;30.0285;29.0347;-256.735;-256.254;-256.7;-256.911;-256.927;-255.964;14:47:09
2841;30.0363;29.0308;-256.735;-256.254;-256.692;-256.911;-256.935;-255.972;14:47:09
2842;30.0285;29.0269;-256.735;-256.25;-256.7;-256.911;-256.942;-255.972;14:47:10
2843;30.0285;29.0191;-256.735;-256.25;-256.7;-256.903;-256.935;-255.964;14:47:10
2844;30.0168;29.0191;-256.735;-256.25;-256.684;-256.903;-256.935;-255.972;14:47:11
2845;30.009;29.0034;-256.743;-256.25;-256.7;-256.911;-256.935;-255.964;14:47:11
2846;29.9933;29.0034;-256.735;-256.254;-256.692;-256.903;-256.927;-255.972;14:47:12
2847;29.9933;28.9956;-256.735;-256.25;-256.692;-256.903;-256.935;-255.964;14:47:12
2848;29.9777;28.9956;-256.735;-256.25;-256.692;-256.903;-256.927;-255.964;14:47:13
2849;29.9777;28.98;-256.735;-256.25;-256.692;-256.903;-256.935;-255.972;14:47:13
2850;29.9542;28.9721;-256.735;-256.25;-256.7;-256.911;-256.942;-255.964;14:47:14
2851;29.9464;28.9643;-256.727;-256.25;-256.692;-256.903;-256.942;-255.972;14:47:14
2852;29.9464;28.9565;-256.735;-256.246;-256.7;-256.903;-256.935;-255.972;14:47:15
2853;29.9542;28.9643;-256.735;-256.25;-256.692;-256.911;-256.935;-255.964;14:47:15
2854;29.9542;28.9721;-256.743;-256.25;-256.692;-256.903;-256.927;-255.964;14:47:16
2855;29.9698;28.9878;-256.735;-256.246;-256.692;-256.911;-256.942;-255.972;14:47:16
2856;29.9777;29.0034;-256.743;-256.246;-256.692;-256.911;-256.935;-255.972;14:47:17
2857;30.009;29.0191;-256.743;-256.25;-256.692;-256.903;-256.942;-255.956;14:47:17
2858;30.0168;29.0308;-256.735;-256.25;-256.692;-256.911;-256.935;-255.972;14:47:18
2859;30.0285;29.0426;-256.743;-256.25;-256.692;-256.911;-256.927;-255.972;14:47:18
2860;30.0324;29.0504;-256.743;-256.25;-256.692;-256.903;-256.935;-255.972;14:47:19
2861;30.0403;29.0465;-256.735;-256.246;-256.692;-256.911;-256.942;-255.972;14:47:19
2862;30.0442;29.0621;-256.743;-256.25;-256.7;-256.903;-256.935;-255.972;14:47:20
2863;30.052;29.0621;-256.735;-256.246;-256.692;-256.911;-256.935;-255.972;14:47:20
2864;30.052;29.0543;-256.743;-256.25;-256.7;-256.903;-256.935;-255.98;14:47:21
2865;30.0442;29.0621;-256.743;-256.246;-256.692;-256.903;-256.935;-255.972;14:47:21
2866;30.052;29.0465;-256.735;-256.25;-256.7;-256.903;-256.935;-255.972;14:47:22
2867;30.0442;29.0465;-256.735;-256.246;-256.7;-256.911;-256.935;-255.972;14:47:22
2868;30.0442;29.0426;-256.735;-256.246;-256.7;-256.903;-256.927;-255.964;14:47:23
2869;30.0363;29.0386;-256.735;-256.25;-256.708;-256.903;-256.935;-255.972;14:47:23
2870;30.0285;29.0347;-256.735;-256.246;-256.7;-256.911;-256.927;-255.972;14:47:24
2871;30.0285;29.0308;-256.735;-256.25;-256.7;-256.911;-256.935;-255.972;14:47:24
2872;30.0168;29.0269;-256.735;-256.25;-256.7;-256.903;-256.935;-255.972;14:47:25
2873;30.0011;29.0034;-256.735;-256.25;-256.7;-256.911;-256.927;-255.972;14:47:25
2874;29.9855;29.0113;-256.735;-256.25;-256.7;-256.911;-256.935;-255.972;14:47:26
2875;29.9777;28.9878;-256.743;-256.25;-256.7;-256.903;-256.935;-255.972;14:47:26
2876;29.962;28.9878;-256.735;-256.246;-256.692;-256.919;-256.942;-255.964;14:47:27
2877;29.962;28.9721;-256.735;-256.246;-256.7;-256.911;-256.927;-255.972;14:47:27
2878;29.9542;28.98;-256.735;-256.246;-256.7;-256.919;-256.927;-255.972;14:47:28
2879;29.9698;28.9878;-256.735;-256.246;-256.692;-256.911;-256.927;-255.964;14:47:28
2880;29.962;28.9956;-256.735;-256.25;-256.7;-256.911;-256.927;-255.972;14:47:29
2881;29.9777;29.0113;-256.735;-256.25;-256.7;-256.919;-256.935;-255.964;14:47:29
2882;29.9933;29.0191;-256.727;-256.246;-256.692;-256.911;-256.935;-255.98;14:47:30
2883;30.009;29.0308;-256.727;-256.25;-256.7;-256.911;-256.935;-255.964;14:47:30
2884;30.0285;29.0386;-256.735;-256.25;-256.7;-256.919;-256.935;-255.972;14:47:31
2885;30.0363;29.0465;-256.735;-256.25;-256.692;-256.919;-256.935;-255.964;14:47:31
2886;30.0403;29.0543;-256.743;-256.246;-256.7;-256.911;-256.927;-255.972;14:47:32
2887;30.0442;29.0621;-256.735;-256.25;-256.7;-256.919;-256.942;-255.964;14:47:32
2888;30.0403;29.0465;-256.735;-256.25;-256.692;-256.911;-256.935;-255.972;14:47:33
2889;30.0442;29.0543;-256.727;-256.25;-256.7;-256.919;-256.95;-255.972;14:47:33
2890;30.0442;29.0543;-256.735;-256.25;-256.692;-256.919;-256.942;-255.964;14:47:34
2891;30.0363;29.0465;-256.735;-256.246;-256.692;-256.919;-256.942;-255.972;14:47:34
2892;30.0363;29.0465;-256.727;-256.25;-256.692;-256.911;-256.935;-255.964;14:47:35
2893;30.0324;29.0386;-256.727;-256.246;-256.7;-256.903;-256.942;-255.964;14:47:35
2894;30.0246;29.0347;-256.735;-256.246;-256.692;-256.911;-256.935;-255.972;14:47:36
2895;30.0246;29.0308;-256.727;-256.25;-256.7;-256.919;-256.942;-255.972;14:47:36
2896;30.009;29.0191;-256.735;-256.25;-256.692;-256.911;-256.927;-255.964;14:47:37
2897;29.9933;29.0191;-256.727;-256.246;-256.692;-256.919;-256.935;-255.964;14:47:37
2898;29.9855;29.0113;-256.727;-256.25;-256.7;-256.919;-256.927;-255.972;14:47:38
2899;29.9698;28.9956;-256.735;-256.246;-256.692;-256.911;-256.942;-255.964;14:47:38
2900;29.962;28.98;-256.727;-256.25;-256.7;-256.919;-256.927;-255.964;14:47:39
2901;29.9464;28.98;-256.735;-256.246;-256.7;-256.911;-256.935;-255.964;14:47:39
2902;29.9385;28.9643;-256.727;-256.25;-256.7;-256.911;-256.927;-255.956;14:47:40
2903;29.9229;28.9565;-256.727;-256.246;-256.7;-256.919;-256.935;-255.956;14:47:40
2904;29.9229;28.9565;-256.727;-256.25;-256.7;-256.911;-256.927;-255.964;14:47:41
2905;29.9307;28.9565;-256.719;-256.25;-256.692;-256.911;-256.935;-255.964;14:47:41
2906;29.9307;28.9643;-256.727;-256.25;-256.7;-256.919;-256.935;-255.964;14:47:42
2907;29.9464;28.98;-256.735;-256.25;-256.692;-256.911;-256.927;-255.964;14:47:42
2908;29.962;28.9878;-256.735;-256.246;-256.692;-256.911;-256.927;-255.964;14:47:43
2909;29.9855;29.0034;-256.743;-256.25;-256.7;-256.903;-256.935;-255.964;14:47:43
2910;30.009;29.0269;-256.735;-256.25;-256.692;-256.911;-256.927;-255.964;14:47:44
2911;30.0285;29.0386;-256.727;-256.254;-256.7;-256.919;-256.942;-255.964;14:47:44
2912;30.0363;29.0426;-256.743;-256.254;-256.692;-256.911;-256.942;-255.964;14:47:45
2913;30.052;29.0543;-256.735;-256.258;-256.7;-256.919;-256.942;-255.964;14:47:45
2914;30.0598;29.0699;-256.735;-256.254;-256.692;-256.919;-256.942;-255.964;14:47:46
2915;30.0676;29.0699;-256.743;-256.254;-256.7;-256.911;-256.942;-255.964;14:47:46
2916;30.0676;29.0621;-256.735;-256.254;-256.692;-256.919;-256.942;-255.964;14:47:47
2917;30.0755;29.0699;-256.735;-256.25;-256.7;-256.911;-256.942;-255.964;14:47:47
2918;30.0676;29.0543;-256.743;-256.254;-256.7;-256.919;-256.935;-255.964;14:47:48
2919;30.0676;29.0621;-256.743;-256.254;-256.7;-256.911;-256.942;-255.964;14:47:48
2920;30.0598;29.0543;-256.743;-256.254;-256.7;-256.919;-256.935;-255.964;14:47:49
2921;30.0598;29.0465;-256.735;-256.254;-256.692;-256.911;-256.927;-255.956;14:47:49
2922;30.052;29.0426;-256.735;-256.262;-256.7;-256.919;-256.942;-255.964;14:47:50
2923;30.0442;29.0386;-256.735;-256.25;-256.692;-256.919;-256.95;-255.964;14:47:50
2924;30.0403;29.0347;-256.735;-256.254;-256.692;-256.911;-256.935;-255.956;14:47:51
2925;30.0285;29.023;-256.735;-256.262;-256.7;-256.919;-256.935;-255.956;14:47:51
2926;30.0168;29.0191;-256.743;-256.262;-256.692;-256.911;-256.935;-255.956;14:47:52
2927;30.0011;29.0113;-256.735;-256.254;-256.7;-256.919;-256.935;-255.964;14:47:52
2928;29.9933;29.0034;-256.735;-256.254;-256.7;-256.919;-256.935;-255.956;14:47:53
2929;29.9777;28.98;-256.743;-256.254;-256.708;-256.927;-256.935;-255.956;14:47:53
2930;29.9698;28.98;-256.743;-256.262;-256.692;-256.911;-256.927;-255.949;14:47:54
2931;29.9542;28.9721;-256.735;-256.254;-256.708;-256.919;-256.942;-255.964;14:47:54
2932;29.9385;28.9565;-256.735;-256.254;-256.7;-256.919;-256.919;-255.956;14:47:55
2933;29.9307;28.9487;-256.735;-256.254;-256.7;-256.919;-256.942;-255.956;14:47:55
2934;29.9307;28.9487;-256.735;-256.258;-256.7;-256.911;-256.927;-255.956;14:47:56
2935;29.9385;28.9565;-256.735;-256.254;-256.7;-256.911;-256.935;-255.956;14:47:56
2936;29.9464;28.9643;-256.735;-256.254;-256.708;-256.919;-256.942;-255.964;14:47:57
2937;29.9542;28.9721;-256.727;-256.25;-256.7;-256.919;-256.935;-255.956;14:47:57
2938;29.9777;29.0034;-256.735;-256.254;-256.7;-256.919;-256.935;-255.956;14:47:58
2939;30.0011;29.0191;-256.735;-256.25;-256.7;-256.911;-256.942;-255.956;14:47:58
2940;30.0168;29.0347;-256.739;-256.254;-256.708;-256.919;-256.942;-255.956;14:47:59
2941;30.0285;29.0386;-256.735;-256.254;-256.7;-256.927;-256.942;-255.964;14:47:59
2942;30.0403;29.0543;-256.735;-256.254;-256.708;-256.911;-256.935;-255.956;14:48:00
2943;30.052;29.0543;-256.735;-256.254;-256.7;-256.919;-256.942;-255.956;14:48:00
2944;30.052;29.0543;-256.735;-256.25;-256.708;-256.919;-256.927;-255.964;14:48:01
2945;30.0676;29.0621;-256.735;-256.254;-256.708;-256.919;-256.942;-255.956;14:48:01
2946;30.0598;29.0543;-256.735;-256.254;-256.7;-256.919;-256.935;-255.956;14:48:02
2947;30.0598;29.0465;-256.735;-256.254;-256.708;-256.919;-256.935;-255.956;14:48:02
2948;30.052;29.0543;-256.727;-256.254;-256.7;-256.911;-256.942;-255.964;14:48:03
2949;30.0442;29.0465;-256.735;-256.25;-256.708;-256.919;-256.935;-255.956;14:48:03
2950;30.0403;29.0426;-256.735;-256.254;-256.708;-256.911;-256.935;-255.964;14:48:04
2951;30.0363;29.0386;-256.735;-256.254;-256.708;-256.911;-256.942;-255.956;14:48:04
2952;30.0285;29.0386;-256.735;-256.254;-256.7;-256.919;-256.935;-255.956;14:48:05
2953;30.0246;29.0308;-256.735;-256.262;-256.708;-256.911;-256.935;-255.964;14:48:05
2954;30.009;29.0191;-256.743;-256.262;-256.708;-256.919;-256.935;-255.956;14:48:06
2955;29.9855;29.0191;-256.735;-256.254;-256.708;-256.911;-256.942;-255.964;14:48:06
2956;29.9855;29.0034;-256.735;-256.262;-256.708;-256.919;-256.935;-255.956;14:48:07
2957;29.9698;29.0034;-256.735;-256.25;-256.708;-256.911;-256.942;-255.956;14:48:07
2958;29.962;28.9878;-256.735;-256.254;-256.7;-256.919;-256.935;-255.956;14:48:08
2959;29.9542;28.9956;-256.735;-256.246;-256.708;-256.919;-256.942;-255.956;14:48:08
2960;29.962;28.9956;-256.735;-256.25;-256.7;-256.911;-256.942;-255.964;14:48:09
2961;29.9777;29.0034;-256.735;-256.246;-256.7;-256.919;-256.927;-255.956;14:48:09
2962;29.9855;29.0113;-256.735;-256.254;-256.708;-256.919;-256.935;-255.956;14:48:10
2963;29.9933;29.023;-256.735;-256.25;-256.708;-256.919;-256.935;-255.956;14:48:10
2964;30.009;29.0269;-256.735;-256.25;-256.7;-256.919;-256.927;-255.964;14:48:11
2965;30.0246;29.0386;-256.735;-256.25;-256.708;-256.919;-256.935;-255.956;14:48:11
2966;30.0324;29.0426;-256.735;-256.254;-256.7;-256.919;-256.935;-255.956;14:48:12
2967;30.0324;29.0426;-256.743;-256.25;-256.7;-256.919;-256.935;-255.956;14:48:12
2968;30.0363;29.0426;-256.735;-256.254;-256.708;-256.919;-256.935;-255.956;14:48:13
2969;30.0363;29.0426;-256.735;-256.25;-256.708;-256.919;-256.935;-255.956;14:48:13
2970;30.0403;29.0426;-256.743;-256.25;-256.7;-256.919;-256.927;-255.956;14:48:14
2971;30.0324;29.0426;-256.735;-256.254;-256.7;-256.919;-256.927;-255.956;14:48:14
2972;30.0285;29.0386;-256.727;-256.25;-256.708;-256.927;-256.927;-255.956;14:48:15
2973;30.0285;29.0386;-256.735;-256.254;-256.708;-256.919;-256.927;-255.964;14:48:15
2974;30.0168;29.0347;-256.735;-256.254;-256.7;-256.919;-256.927;-255.956;14:48:16
2975;30.0168;29.0308;-256.735;-256.25;-256.7;-256.919;-256.927;-255.964;14:48:16
2976;30.009;29.0191;-256.735;-256.25;-256.708;-256.919;-256.927;-255.964;14:48:17
2977;29.9855;29.0034;-256.735;-256.25;-256.708;-256.919;-256.927;-255.956;14:48:17
2978;29.9855;29.0034;-256.735;-256.254;-256.708;-256.919;-256.935;-255.956;14:48:18
2979;29.9698;29.0034;-256.735;-256.25;-256.708;-256.919;-256.935;-255.964;14:48:18
2980;29.962;28.9878;-256.735;-256.25;-256.7;-256.911;-256.927;-255.956;14:48:19
2981;29.9542;28.9878;-256.735;-256.25;-256.708;-256.919;-256.927;-255.964;14:48:19
2982;29.9698;28.98;-256.743;-256.254;-256.708;-256.919;-256.927;-255.964;14:48:20
2983;29.9698;28.9878;-256.735;-256.254;-256.7;-256.911;-256.927;-255.956;14:48:20
2984;29.9855;28.9878;-256.727;-256.25;-256.708;-256.911;-256.927;-255.964;14:48:21
2985;30.0011;28.9956;-256.743;-256.25;-256.7;-256.919;-256.935;-255.956;14:48:21
2986;30.0011;29.0113;-256.743;-256.254;-256.708;-256.911;-256.927;-255.956;14:48:22
2987;30.0207;29.0191;-256.743;-256.25;-256.7;-256.919;-256.935;-255.964;14:48:22
2988;30.0246;29.0269;-256.743;-256.254;-256.708;-256.919;-256.927;-255.964;14:48:23
2989;30.0363;29.0308;-256.735;-256.25;-256.715;-256.911;-256.942;-255.964;14:48:23
2990;30.0324;29.0347;-256.743;-256.25;-256.708;-256.919;-256.935;-255.964;14:48:24
2991;30.0363;29.0269;-256.743;-256.25;-256.708;-256.911;-256.942;-255.964;14:48:24
2992;30.0324;29.0308;-256.743;-256.254;-256.708;-256.919;-256.942;-255.956;14:48:25
2993;30.0324;29.0269;-256.735;-256.254;-256.708;-256.919;-256.942;-255.964;14:48:25
2994;30.0246;29.0191;-256.743;-256.25;-256.708;-256.919;-256.935;-255.956;14:48:26
2995;30.0168;29.0113;-256.735;-256.254;-256.715;-256.919;-256.935;-255.964;14:48:26
2996;30.009;29.0034;-256.735;-256.25;-256.708;-256.911;-256.935;-255.956;14:48:27
2997;30.0011;29.0034;-256.743;-256.254;-256.715;-256.911;-256.935;-255.964;14:48:27
2998;29.9855;28.9878;-256.743;-256.254;-256.7;-256.919;-256.935;-255.956;14:48:28
2999;29.9777;28.9878;-256.735;-256.25;-256.7;-256.911;-256.942;-255.956;14:48:28
3000;29.962;28.9721;-256.735;-256.25;-256.708;-256.911;-256.935;-255.956;14:48:29
3001;29.9464;28.9643;-256.735;-256.25;-256.708;-256.911;-256.942;-255.964;14:48:29
3002;29.9307;28.9487;-256.735;-256.254;-256.708;-256.919;-256.942;-255.956;14:48:30
3003;29.9307;28.9487;-256.735;-256.25;-256.7;-256.911;-256.935;-255.964;14:48:30
3004;29.9307;28.9408;-256.727;-256.25;-256.7;-256.911;-256.935;-255.956;14:48:31
3005;29.9229;28.9643;-256.727;-256.254;-256.7;-256.919;-256.935;-255.956;14:48:31
3006;29.9385;28.9565;-256.735;-256.25;-256.7;-256.919;-256.942;-255.956;14:48:32
3007;29.9464;28.9721;-256.727;-256.25;-256.708;-256.919;-256.935;-255.949;14:48:32
3008;29.962;28.9878;-256.735;-256.25;-256.7;-256.911;-256.935;-255.964;14:48:33
3009;29.9855;29.0034;-256.727;-256.25;-256.708;-256.919;-256.935;-255.949;14:48:33
3010;30.009;29.0269;-256.727;-256.25;-256.7;-256.919;-256.935;-255.964;14:48:34
3011;30.0207;29.0347;-256.735;-256.254;-256.708;-256.919;-256.935;-255.956;14:48:34
3012;30.0363;29.0426;-256.727;-256.25;-256.708;-256.919;-256.942;-255.956;14:48:35
3013;30.0442;29.0543;-256.735;-256.254;-256.7;-256.911;-256.942;-255.956;14:48:35
3014;30.0676;29.0621;-256.735;-256.25;-256.692;-256.919;-256.935;-255.956;14:48:36
3015;30.0598;29.0699;-256.743;-256.25;-256.7;-256.919;-256.942;-255.964;14:48:36
3016;30.0676;29.0699;-256.735;-256.254;-256.692;-256.911;-256.942;-255.964;14:48:37
3017;30.0598;29.0778;-256.735;-256.25;-256.7;-256.911;-256.942;-255.964;14:48:37
3018;30.0598;29.0778;-256.727;-256.254;-256.7;-256.911;-256.95;-255.964;14:48:38
3019;30.0598;29.0699;-256.735;-256.25;-256.692;-256.919;-256.942;-255.964;14:48:38
3020;30.0598;29.0699;-256.743;-256.254;-256.692;-256.911;-256.942;-255.956;14:48:39
3021;30.0442;29.0621;-256.735;-256.25;-256.692;-256.911;-256.942;-255.964;14:48:39
3022;30.0403;29.0543;-256.735;-256.25;-256.7;-256.919;-256.942;-255.964;14:48:40
3023;30.0363;29.0465;-256.743;-256.254;-256.7;-256.919;-256.935;-255.964;14:48:40
3024;30.0285;29.0426;-256.735;-256.25;-256.7;-256.919;-256.942;-255.964;14:48:41
3025;30.0207;29.0386;-256.735;-256.25;-256.7;-256.911;-256.942;-255.956;14:48:41
3026;30.0168;29.0308;-256.743;-256.254;-256.7;-256.911;-256.942;-255.956;14:48:42
3027;30.0011;29.0269;-256.743;-256.25;-256.7;-256.919;-256.935;-255.964;14:48:42
3028;29.9933;29.0113;-256.743;-256.25;-256.7;-256.919;-256.935;-255.956;14:48:43
3029;29.9855;28.9956;-256.743;-256.254;-256.708;-256.919;-256.942;-255.964;14:48:43
3030;29.962;28.9878;-256.735;-256.254;-256.7;-256.911;-256.935;-255.964;14:48:44
3031;29.9542;28.9721;-256.735;-256.254;-256.7;-256.919;-256.942;-255.956;14:48:44
3032;29.9464;28.9643;-256.735;-256.25;-256.7;-256.919;-256.942;-255.956;14:48:45
3033;29.9307;28.9487;-256.727;-256.25;-256.708;-256.911;-256.942;-255.956;14:48:45
3034;29.9385;28.9565;-256.735;-256.25;-256.7;-256.911;-256.942;-255.964;14:48:46
3035;29.9464;28.9565;-256.727;-256.25;-256.7;-256.903;-256.942;-255.964;14:48:46
3036;29.9542;28.9721;-256.727;-256.25;-256.7;-256.911;-256.942;-255.949;14:48:47
3037;29.9698;28.98;-256.719;-256.254;-256.692;-256.903;-256.942;-255.956;14:48:47
3038;29.9855;28.9956;-256.727;-256.25;-256.7;-256.911;-256.942;-255.956;14:48:48
3039;30.009;29.0113;-256.727;-256.25;-256.692;-256.919;-256.942;-255.956;14:48:48
3040;30.0207;29.023;-256.727;-256.25;-256.684;-256.919;-256.935;-255.964;14:48:49
3041;30.0363;29.0426;-256.727;-256.25;-256.692;-256.919;-256.942;-255.956;14:48:49
3042;30.0598;29.0465;-256.735;-256.25;-256.692;-256.911;-256.942;-255.956;14:48:50
3043;30.0598;29.0543;-256.727;-256.25;-256.692;-256.919;-256.935;-255.964;14:48:50
3044;30.0755;29.0543;-256.735;-256.254;-256.7;-256.919;-256.942;-255.964;14:48:51
3045;30.0833;29.0543;-256.727;-256.25;-256.692;-256.911;-256.942;-255.956;14:48:51
3046;30.0833;29.0543;-256.727;-256.254;-256.692;-256.919;-256.942;-255.964;14:48:52
3047;30.0755;29.0621;-256.727;-256.25;-256.7;-256.919;-256.942;-255.956;14:48:52
3048;30.0755;29.0465;-256.735;-256.25;-256.692;-256.919;-256.942;-255.956;14:48:53
3049;30.0598;29.0465;-256.727;-256.25;-256.7;-256.919;-256.95;-255.964;14:48:53
3050;30.0598;29.0426;-256.735;-256.254;-256.692;-256.919;-256.935;-255.956;14:48:54
3051;30.0598;29.0386;-256.727;-256.246;-256.692;-256.911;-256.942;-255.964;14:48:54
3052;30.0403;29.0347;-256.727;-256.25;-256.692;-256.919;-256.95;-255.964;14:48:55
3053;30.0403;29.0347;-256.735;-256.25;-256.692;-256.919;-256.95;-255.964;14:48:55
3054;30.0324;29.0269;-256.727;-256.25;-256.692;-256.919;-256.942;-255.964;14:48:56
3055;30.0207;29.0113;-256.727;-256.246;-256.7;-256.919;-256.95;-255.964;14:48:56
3056;30.0168;29.0034;-256.735;-256.25;-256.692;-256.919;-256.95;-255.964;14:48:57
3057;30.009;28.9956;-256.727;-256.25;-256.7;-256.919;-256.942;-255.964;14:48:57
3058;29.9933;28.9878;-256.727;-256.25;-256.7;-256.927;-256.95;-255.964;14:48:58
3059;29.9777;28.98;-256.743;-256.25;-256.7;-256.911;-256.95;-255.956;14:48:58
3060;29.962;28.9643;-256.727;-256.25;-256.7;-256.919;-256.95;-255.964;14:48:59
3061;29.9542;28.9565;-256.743;-256.25;-256.7;-256.919;-256.942;-255.964;14:48:59
3062;29.9385;28.9487;-256.727;-256.25;-256.692;-256.911;-256.95;-255.956;14:49:00
3063;29.9464;28.9565;-256.735;-256.246;-256.708;-256.911;-256.935;-255.964;14:49:00
3064;29.9542;28.9565;-256.743;-256.25;-256.692;-256.919;-256.942;-255.956;14:49:01
3065;29.9698;28.9643;-256.743;-256.25;-256.7;-256.919;-256.942;-255.964;14:49:01
3066;29.9777;28.98;-256.747;-256.25;-256.7;-256.911;-256.942;-255.956;14:49:02
3067;30.0011;28.9956;-256.743;-256.254;-256.692;-256.919;-256.942;-255.964;14:49:02
3068;30.009;29.0113;-256.743;-256.25;-256.708;-256.911;-256.95;-255.956;14:49:03
3069;30.0285;29.0269;-256.743;-256.25;-256.692;-256.911;-256.95;-255.956;14:49:03
3070;30.0324;29.0308;-256.743;-256.254;-256.7;-256.919;-256.95;-255.956;14:49:04
3071;30.0442;29.0347;-256.743;-256.25;-256.7;-256.919;-256.942;-255.964;14:49:04
3072;30.0442;29.0386;-256.743;-256.25;-256.7;-256.911;-256.95;-255.956;14:49:05
3073;30.052;29.0426;-256.735;-256.254;-256.692;-256.919;-256.95;-255.964;14:49:05
3074;30.052;29.0386;-256.743;-256.25;-256.708;-256.919;-256.95;-255.964;14:49:06
3075;30.052;29.0426;-256.743;-256.25;-256.7;-256.919;-256.935;-255.956;14:49:06
3076;30.052;29.0386;-256.735;-256.254;-256.7;-256.919;-256.942;-255.964;14:49:07
3077;30.0442;29.0386;-256.743;-256.25;-256.7;-256.919;-256.942;-255.972;14:49:07
3078;30.0403;29.0347;-256.743;-256.258;-256.708;-256.911;-256.942;-255.964;14:49:08
3079;30.0363;29.0347;-256.735;-256.25;-256.7;-256.919;-256.942;-255.964;14:49:08
3080;30.0324;29.0191;-256.735;-256.254;-256.7;-256.919;-256.95;-255.956;14:49:09
3081;30.0285;29.0269;-256.735;-256.254;-256.7;-256.919;-256.95;-255.964;14:49:09
3082;30.0246;29.0113;-256.735;-256.254;-256.7;-256.919;-256.942;-255.956;14:49:10
3083;30.009;29.0034;-256.743;-256.254;-256.7;-256.911;-256.95;-255.964;14:49:10
3084;30.0011;28.9956;-256.735;-256.25;-256.7;-256.919;-256.935;-255.964;14:49:11
3085;29.9777;28.98;-256.743;-256.254;-256.7;-256.911;-256.942;-255.964;14:49:11
3086;29.962;28.9643;-256.743;-256.25;-256.7;-256.903;-256.95;-255.964;14:49:12
3087;29.9542;28.9565;-256.739;-256.25;-256.7;-256.911;-256.942;-255.956;14:49:12
3088;29.9464;28.9408;-256.743;-256.254;-256.7;-256.919;-256.942;-255.956;14:49:13
3089;29.9307;28.933;-256.743;-256.25;-256.7;-256.911;-256.942;-255.956;14:49:13
3090;29.9151;28.9174;-256.735;-256.254;-256.7;-256.911;-256.935;-255.956;14:49:14
3091;29.9151;28.9252;-256.743;-256.254;-256.692;-256.911;-256.935;-255.956;14:49:14
3092;29.9151;28.9174;-256.743;-256.25;-256.7;-256.903;-256.942;-255.956;14:49:15
3093;29.9229;28.9252;-256.743;-256.254;-256.692;-256.919;-256.942;-255.956;14:49:15
3094;29.9307;28.9408;-256.743;-256.25;-256.692;-256.903;-256.942;-255.949;14:49:16
3095;29.9464;28.9487;-256.735;-256.254;-256.7;-256.911;-256.942;-255.964;14:49:16
3096;29.9698;28.9643;-256.743;-256.254;-256.692;-256.911;-256.95;-255.956;14:49:17
3097;29.9933;28.9878;-256.743;-256.25;-256.692;-256.911;-256.942;-255.956;14:49:17
3098;30.0168;29.0034;-256.735;-256.254;-256.692;-256.903;-256.95;-255.956;14:49:18
3099;30.0324;29.0269;-256.735;-256.25;-256.684;-256.911;-256.942;-255.956;14:49:18
3100;30.0442;29.0386;-256.727;-256.254;-256.692;-256.911;-256.95;-255.964;14:49:19
3101;30.0676;29.0426;-256.735;-256.25;-256.7;-256.911;-256.95;-255.956;14:49:19
3102;30.0833;29.0465;-256.735;-256.25;-256.692;-256.911;-256.95;-255.956;14:49:20
3103;30.0833;29.0621;-256.735;-256.254;-256.7;-256.903;-256.95;-255.964;14:49:20
3104;30.0989;29.0778;-256.743;-256.25;-256.7;-256.903;-256.95;-255.972;14:49:21
3105;30.0989;29.0778;-256.747;-256.25;-256.692;-256.903;-256.942;-255.964;14:49:21
3106;30.1068;29.0778;-256.735;-256.25;-256.692;-256.903;-256.95;-255.956;14:49:22
3107;30.1068;29.0699;-256.743;-256.25;-256.7;-256.903;-256.942;-255.964;14:49:22
3108;30.0989;29.0699;-256.735;-256.25;-256.692;-256.903;-256.95;-255.972;14:49:23
3109;30.0911;29.0543;-256.747;-256.25;-256.692;-256.911;-256.942;-255.964;14:49:23
3110;30.0911;29.0543;-256.743;-256.254;-256.7;-256.903;-256.942;-255.964;14:49:24
3111;30.0911;29.0426;-256.743;-256.25;-256.692;-256.911;-256.942;-255.964;14:49:24
3112;30.0676;29.0426;-256.747;-256.254;-256.7;-256.903;-256.942;-255.964;14:49:25
3113;30.0676;29.0347;-256.743;-256.254;-256.692;-256.911;-256.942;-255.964;14:49:25
3114;30.0598;29.0308;-256.743;-256.254;-256.7;-256.919;-256.95;-255.964;14:49:26
3115;30.0403;29.0269;-256.743;-256.254;-256.7;-256.911;-256.942;-255.964;14:49:26
3116;30.0324;29.0191;-256.735;-256.254;-256.7;-256.919;-256.95;-255.956;14:49:27
3117;30.0285;29.0034;-256.743;-256.254;-256.692;-256.919;-256.95;-255.972;14:49:27
3118;30.0246;28.9956;-256.743;-256.25;-256.692;-256.911;-256.95;-255.972;14:49:28
3119;30.0011;28.9878;-256.747;-256.254;-256.692;-256.919;-256.95;-255.964;14:49:28
3120;29.9855;28.98;-256.743;-256.25;-256.7;-256.911;-256.958;-255.964;14:49:29
3121;29.9777;28.9565;-256.735;-256.25;-256.692;-256.919;-256.942;-255.972;14:49:29
3122;29.9698;28.9565;-256.743;-256.246;-256.692;-256.919;-256.942;-255.964;14:49:30
3123;29.9542;28.9408;-256.735;-256.25;-256.692;-256.919;-256.935;-255.964;14:49:30
3124;29.962;28.9408;-256.735;-256.25;-256.692;-256.911;-256.942;-255.964;14:49:31
3125;29.9542;28.9408;-256.743;-256.25;-256.692;-256.919;-256.95;-255.972;14:49:31
3126;29.962;28.9487;-256.735;-256.25;-256.7;-256.919;-256.942;-255.964;14:49:32
3127;29.9777;28.9487;-256.743;-256.25;-256.692;-256.911;-256.942;-255.964;14:49:32
3128;29.9855;28.9721;-256.735;-256.25;-256.7;-256.919;-256.942;-255.956;14:49:33
3129;30.009;28.98;-256.735;-256.254;-256.692;-256.911;-256.942;-255.964;14:49:33
3130;30.0285;28.9956;-256.743;-256.25;-256.692;-256.919;-256.95;-255.964;14:49:34
3131;30.0324;29.0113;-256.743;-256.254;-256.7;-256.911;-256.942;-255.964;14:49:34
3132;30.0481;29.0269;-256.735;-256.254;-256.692;-256.919;-256.942;-255.956;14:49:35
3133;30.0442;29.0269;-256.743;-256.25;-256.7;-256.911;-256.95;-255.972;14:49:35
3134;30.0598;29.023;-256.735;-256.254;-256.692;-256.911;-256.942;-255.964;14:49:36
3135;30.052;29.0308;-256.743;-256.254;-256.684;-256.919;-256.95;-255.964;14:49:36
3136;30.052;29.0269;-256.735;-256.254;-256.692;-256.911;-256.942;-255.964;14:49:37
3137;30.0442;29.0308;-256.735;-256.254;-256.7;-256.919;-256.942;-255.972;14:49:37
3138;30.0442;29.0191;-256.735;-256.25;-256.692;-256.911;-256.95;-255.964;14:49:38
3139;30.0363;29.0113;-256.735;-256.254;-256.692;-256.919;-256.95;-255.964;14:49:38
3140;30.0403;29.0113;-256.735;-256.246;-256.692;-256.919;-256.95;-255.964;14:49:39
3141;30.0324;29.0034;-256.743;-256.25;-256.692;-256.919;-256.95;-255.964;14:49:39
3142;30.0285;28.9956;-256.727;-256.25;-256.684;-256.919;-256.958;-255.964;14:49:40
3143;30.0168;28.9878;-256.735;-256.246;-256.692;-256.919;-256.942;-255.964;14:49:40
3144;30.0168;28.98;-256.743;-256.246;-256.684;-256.919;-256.95;-255.964;14:49:41
3145;29.9933;28.9721;-256.735;-256.25;-256.7;-256.919;-256.95;-255.964;14:49:41
3146;29.9855;28.9643;-256.743;-256.246;-256.684;-256.911;-256.95;-255.956;14:49:42
3147;29.9698;28.9487;-256.735;-256.25;-256.692;-256.919;-256.95;-255.964;14:49:42
3148;29.9464;28.9408;-256.735;-256.246;-256.7;-256.911;-256.95;-255.964;14:49:43
3149;29.9385;28.933;-256.743;-256.25;-256.692;-256.919;-256.95;-255.964;14:49:43
3150;29.9307;28.933;-256.735;-256.246;-256.692;-256.911;-256.95;-255.964;14:49:44
3151;29.9307;28.933;-256.743;-256.25;-256.7;-256.911;-256.95;-255.956;14:49:44
3152;29.9464;28.9487;-256.735;-256.25;-256.692;-256.919;-256.95;-255.964;14:49:45
3153;29.9542;28.9643;-256.743;-256.246;-256.692;-256.919;-256.95;-255.964;14:49:45
3154;29.9698;28.9721;-256.743;-256.246;-256.692;-256.919;-256.95;-255.964;14:49:46
3155;29.9933;28.9956;-256.735;-256.25;-256.692;-256.919;-256.95;-255.964;14:49:46
3156;30.0168;29.0113;-256.735;-256.25;-256.692;-256.919;-256.95;-255.956;14:49:47
3157;30.0285;29.023;-256.735;-256.246;-256.692;-256.919;-256.942;-255.964;14:49:47
3158;30.0403;29.0347;-256.735;-256.25;-256.7;-256.919;-256.95;-255.964;14:49:48
3159;30.052;29.0386;-256.735;-256.25;-256.692;-256.919;-256.95;-255.956;14:49:48
3160;30.0598;29.0465;-256.735;-256.246;-256.692;-256.911;-256.95;-255.956;14:49:49
3161;30.0676;29.0465;-256.743;-256.25;-256.692;-256.919;-256.95;-255.964;14:49:49
3162;30.0676;29.0426;-256.743;-256.25;-256.692;-256.919;-256.942;-255.964;14:49:50
3163;30.0676;29.0465;-256.735;-256.254;-256.692;-256.919;-256.95;-255.964;14:49:50
3164;30.0676;29.0426;-256.735;-256.25;-256.7;-256.919;-256.942;-255.964;14:49:51
3165;30.0598;29.0426;-256.743;-256.25;-256.692;-256.919;-256.942;-255.964;14:49:51
3166;30.052;29.0386;-256.735;-256.25;-256.7;-256.911;-256.95;-255.964;14:49:52
3167;30.0442;29.0347;-256.747;-256.25;-256.692;-256.919;-256.935;-255.972;14:49:52
3168;30.0363;29.0308;-256.735;-256.246;-256.692;-256.919;-256.95;-255.964;14:49:53
3169;30.0363;29.023;-256.735;-256.25;-256.7;-256.919;-256.95;-255.972;14:49:53
3170;30.0324;29.0191;-256.743;-256.25;-256.692;-256.927;-256.942;-255.964;14:49:54
3171;30.0246;29.0113;-256.743;-256.246;-256.692;-256.911;-256.935;-255.972;14:49:54
3172;30.0168;28.9956;-256.743;-256.25;-256.692;-256.919;-256.942;-255.964;14:49:55
3173;30.0011;28.9956;-256.743;-256.246;-256.692;-256.919;-256.95;-255.972;14:49:55
3174;29.9933;28.9878;-256.743;-256.246;-256.692;-256.919;-256.942;-255.964;14:49:56
3175;29.9777;28.9721;-256.743;-256.246;-256.684;-256.919;-256.942;-255.964;14:49:56
3176;29.9698;28.9643;-256.743;-256.246;-256.692;-256.919;-256.942;-255.964;14:49:57
3177;29.9464;28.9565;-256.735;-256.246;-256.692;-256.919;-256.942;-255.972;14:49:57
3178;29.9464;28.9487;-256.735;-256.246;-256.692;-256.927;-256.95;-255.964;14:49:58
3179;29.9385;28.9408;-256.747;-256.246;-256.684;-256.919;-256.942;-255.964;14:49:58
3180;29.9464;28.9487;-256.735;-256.246;-256.7;-256.919;-256.95;-255.964;14:49:59
3181;29.9385;28.9565;-256.743;-256.246;-256.692;-256.919;-256.942;-255.972;14:49:59
3182;29.962;28.9643;-256.735;-256.246;-256.692;-256.919;-256.942;-255.964;14:50:00
3183;29.9542;28.98;-256.743;-256.25;-256.684;-256.919;-256.935;-255.964;14:50:00
3184;29.9777;28.9956;-256.735;-256.246;-256.692;-256.919;-256.942;-255.964;14:50:01
3185;30.0011;29.0191;-256.735;-256.246;-256.692;-256.911;-256.942;-255.964;14:50:01
3186;30.0168;29.0308;-256.735;-256.25;-256.692;-256.919;-256.942;-255.972;14:50:02
3187;30.0324;29.0386;-256.735;-256.246;-256.692;-256.927;-256.942;-255.964;14:50:02
3188;30.0403;29.0465;-256.735;-256.25;-256.692;-256.919;-256.95;-255.964;14:50:03
3189;30.0442;29.0543;-256.735;-256.246;-256.692;-256.927;-256.95;-255.972;14:50:03
3190;30.052;29.0543;-256.727;-256.25;-256.692;-256.919;-256.942;-255.972;14:50:04
3191;30.0598;29.0699;-256.735;-256.246;-256.692;-256.927;-256.95;-255.964;14:50:04
3192;30.0598;29.0543;-256.727;-256.25;-256.692;-256.919;-256.942;-255.972;14:50:05
3193;30.052;29.0543;-256.735;-256.246;-256.692;-256.927;-256.95;-255.972;14:50:05
3194;30.052;29.0543;-256.735;-256.246;-256.7;-256.919;-256.942;-255.972;14:50:06
3195;30.0442;29.0465;-256.735;-256.246;-256.692;-256.919;-256.95;-255.964;14:50:06
3196;30.052;29.0426;-256.735;-256.25;-256.7;-256.919;-256.942;-255.964;14:50:07
3197;30.0403;29.0386;-256.735;-256.246;-256.692;-256.927;-256.935;-255.964;14:50:07
3198;30.0403;29.0386;-256.743;-256.246;-256.7;-256.927;-256.942;-255.972;14:50:08
3199;30.0324;29.0347;-256.735;-256.25;-256.692;-256.919;-256.935;-255.964;14:50:08
3200;30.0246;29.0269;-256.735;-256.246;-256.692;-256.927;-256.942;-255.972;14:50:09
3201;30.0246;29.0191;-256.743;-256.246;-256.692;-256.919;-256.942;-255.964;14:50:09
3202;30.009;29.0034;-256.735;-256.25;-256.7;-256.927;-256.942;-255.972;14:50:10
3203;29.9933;29.0034;-256.735;-256.25;-256.708;-256.919;-256.935;-255.972;14:50:10
3204;29.9933;28.9878;-256.743;-256.246;-256.692;-256.919;-256.942;-255.964;14:50:11
3205;29.9777;28.9721;-256.735;-256.246;-256.692;-256.919;-256.95;-255.972;14:50:11
3206;29.9698;28.9721;-256.735;-256.246;-256.692;-256.911;-256.942;-255.964;14:50:12
3207;29.9464;28.9643;-256.743;-256.25;-256.692;-256.919;-256.942;-255.972;14:50:12
3208;29.9464;28.9487;-256.735;-256.246;-256.692;-256.911;-256.95;-255.964;14:50:13
3209;29.9385;28.9643;-256.743;-256.25;-256.692;-256.919;-256.942;-255.964;14:50:13
3210;29.9464;28.9643;-256.743;-256.246;-256.7;-256.919;-256.942;-255.956;14:50:14
3211;29.9542;28.9878;-256.743;-256.246;-256.692;-256.919;-256.95;-255.964;14:50:14
3212;29.9698;28.9956;-256.743;-256.246;-256.7;-256.911;-256.942;-255.964;14:50:15
3213;29.9933;29.0034;-256.743;-256.25;-256.692;-256.927;-256.95;-255.972;14:50:15
3214;30.0011;29.0269;-256.735;-256.25;-256.7;-256.919;-256.942;-255.972;14:50:16
3215;30.0168;29.0308;-256.735;-256.246;-256.7;-256.919;-256.942;-255.964;14:50:16
3216;30.0363;29.0504;-256.743;-256.25;-256.692;-256.911;-256.95;-255.964;14:50:17
3217;30.0403;29.0426;-256.743;-256.25;-256.7;-256.927;-256.942;-255.964;14:50:17
3218;30.0598;29.0621;-256.735;-256.25;-256.7;-256.919;-256.95;-255.972;14:50:18
3219;30.0676;29.0621;-256.735;-256.25;-256.692;-256.927;-256.935;-255.964;14:50:18
3220;30.0676;29.0543;-256.735;-256.25;-256.7;-256.911;-256.942;-255.972;14:50:19
3221;30.0676;29.0621;-256.735;-256.25;-256.7;-256.919;-256.942;-255.964;14:50:19
3222;30.0676;29.0621;-256.735;-256.25;-256.7;-256.919;-256.942;-255.972;14:50:20
3223;30.0676;29.0543;-256.735;-256.246;-256.692;-256.911;-256.935;-255.964;14:50:20
3224;30.0598;29.0465;-256.735;-256.246;-256.7;-256.911;-256.95;-255.964;14:50:21
3225;30.052;29.0426;-256.735;-256.25;-256.692;-256.911;-256.935;-255.964;14:50:21
3226;30.052;29.0426;-256.747;-256.246;-256.692;-256.911;-256.942;-255.972;14:50:22
3227;30.0403;29.0386;-256.743;-256.25;-256.7;-256.911;-256.935;-255.972;14:50:22
3228;30.0363;29.0308;-256.743;-256.246;-256.7;-256.903;-256.942;-255.964;14:50:23
3229;30.0246;29.0308;-256.743;-256.25;-256.692;-256.911;-256.942;-255.972;14:50:23
3230;30.0207;29.0191;-256.735;-256.246;-256.7;-256.903;-256.942;-255.964;14:50:24
3231;30.009;29.0113;-256.747;-256.246;-256.692;-256.911;-256.935;-255.972;14:50:24
3232;30.0011;29.0034;-256.743;-256.25;-256.692;-256.903;-256.942;-255.964;14:50:25
3233;29.9933;28.9878;-256.739;-256.25;-256.692;-256.911;-256.942;-255.972;14:50:25
3234;29.9777;28.98;-256.735;-256.25;-256.7;-256.903;-256.942;-255.964;14:50:26
3235;29.9542;28.9721;-256.727;-256.25;-256.684;-256.911;-256.942;-255.964;14:50:26
3236;29.9464;28.9565;-256.735;-256.246;-256.7;-256.903;-256.942;-255.964;14:50:27
3237;29.9385;28.9487;-256.735;-256.25;-256.684;-256.903;-256.935;-255.956;14:50:27
3238;29.9307;28.9643;-256.735;-256.25;-256.692;-256.903;-256.942;-255.964;14:50:28
3239;29.9385;28.9643;-256.743;-256.254;-256.7;-256.911;-256.935;-255.972;14:50:28
3240;29.9464;28.98;-256.735;-256.246;-256.684;-256.911;-256.942;-255.972;14:50:29
3241;29.962;28.9956;-256.735;-256.25;-256.692;-256.919;-256.935;-255.964;14:50:29
3242;29.9777;29.0034;-256.743;-256.25;-256.692;-256.911;-256.942;-255.972;14:50:30
3243;30.009;29.0308;-256.735;-256.25;-256.692;-256.911;-256.935;-255.972;14:50:30
3244;30.0129;29.0347;-256.735;-256.25;-256.692;-256.911;-256.935;-255.972;14:50:31
3245;30.0285;29.0426;-256.743;-256.254;-256.692;-256.911;-256.942;-255.972;14:50:31
3246;30.0403;29.0543;-256.735;-256.25;-256.684;-256.911;-256.935;-255.972;14:50:32
3247;30.052;29.0621;-256.735;-256.25;-256.692;-256.911;-256.935;-255.972;14:50:32
3248;30.052;29.0778;-256.735;-256.25;-256.692;-256.911;-256.935;-255.964;14:50:33
3249;30.0676;29.0621;-256.743;-256.25;-256.692;-256.911;-256.935;-255.972;14:50:33
3250;30.0598;29.0778;-256.743;-256.254;-256.692;-256.911;-256.927;-255.964;14:50:34
3251;30.0676;29.0699;-256.743;-256.25;-256.692;-256.919;-256.935;-255.972;14:50:34
3252;30.0676;29.0621;-256.743;-256.254;-256.692;-256.911;-256.935;-255.964;14:50:35
3253;30.0598;29.0621;-256.743;-256.25;-256.692;-256.911;-256.935;-255.972;14:50:35
3254;30.0442;29.0465;-256.735;-256.254;-256.684;-256.911;-256.935;-255.972;14:50:36
3255;30.0403;29.0465;-256.743;-256.254;-256.692;-256.911;-256.942;-255.972;14:50:36
3256;30.0363;29.0426;-256.747;-256.25;-256.684;-256.911;-256.935;-255.964;14:50:37
3257;30.0285;29.0386;-256.735;-256.254;-256.692;-256.911;-256.942;-255.972;14:50:37
3258;30.0246;29.0347;-256.743;-256.254;-256.684;-256.911;-256.942;-255.972;14:50:38
3259;30.0011;29.0269;-256.735;-256.25;-256.692;-256.911;-256.935;-255.964;14:50:38
3260;29.9933;29.0191;-256.727;-256.25;-256.692;-256.911;-256.935;-255.972;14:50:39
3261;29.9855;29.0034;-256.727;-256.246;-256.692;-256.903;-256.942;-255.956;14:50:39
3262;29.9698;28.9878;-256.727;-256.25;-256.692;-256.911;-256.942;-255.964;14:50:40
3263;29.962;28.9721;-256.727;-256.25;-256.684;-256.919;-256.935;-255.956;14:50:40
3264;29.9385;28.9643;-256.727;-256.246;-256.684;-256.911;-256.942;-255.964;14:50:41
3265;29.9151;28.9565;-256.727;-256.25;-256.684;-256.911;-256.935;-255.956;14:50:41
3266;29.9151;28.9565;-256.719;-256.246;-256.692;-256.903;-256.935;-255.964;14:50:42
3267;29.8994;28.9408;-256.727;-256.25;-256.684;-256.919;-256.942;-255.964;14:50:42
3268;29.9072;28.9487;-256.727;-256.246;-256.692;-256.903;-256.942;-255.964;14:50:43
3269;29.9229;28.9565;-256.719;-256.25;-256.684;-256.911;-256.942;-255.964;14:50:43
3270;29.9307;28.9643;-256.727;-256.246;-256.692;-256.903;-256.958;-255.964;14:50:44
3271;29.9385;28.98;-256.735;-256.25;-256.692;-256.919;-256.95;-255.964;14:50:44
3272;29.962;29.0034;-256.735;-256.25;-256.7;-256.903;-256.95;-255.964;14:50:45
3273;29.9855;29.0191;-256.735;-256.25;-256.692;-256.911;-256.95;-255.956;14:50:45
3274;30.009;29.0347;-256.735;-256.25;-256.7;-256.911;-256.958;-255.964;14:50:46
3275;30.0246;29.0426;-256.735;-256.25;-256.692;-256.919;-256.95;-255.964;14:50:46
3276;30.0403;29.0621;-256.727;-256.25;-256.7;-256.903;-256.95;-255.956;14:50:47
3277;30.052;29.0778;-256.735;-256.25;-256.7;-256.919;-256.95;-255.964;14:50:47
3278;30.0676;29.0778;-256.727;-256.25;-256.7;-256.911;-256.95;-255.964;14:50:48
3279;30.0833;29.0856;-256.735;-256.25;-256.7;-256.919;-256.95;-255.972;14:50:48
3280;30.0833;29.0934;-256.735;-256.254;-256.708;-256.911;-256.95;-255.964;14:50:49
3281;30.0911;29.0934;-256.735;-256.25;-256.7;-256.919;-256.942;-255.98;14:50:49
3282;30.0911;29.0856;-256.735;-256.254;-256.7;-256.911;-256.95;-255.972;14:50:50
3283;30.0833;29.0778;-256.727;-256.254;-256.7;-256.919;-256.942;-255.972;14:50:50
3284;30.0833;29.0856;-256.735;-256.254;-256.7;-256.919;-256.942;-255.964;14:50:51
3285;30.0755;29.0699;-256.743;-256.25;-256.7;-256.919;-256.942;-255.964;14:50:51
3286;30.0755;29.0778;-256.727;-256.254;-256.708;-256.911;-256.95;-255.98;14:50:52
3287;30.0598;29.0621;-256.743;-256.254;-256.692;-256.911;-256.95;-255.972;14:50:52
3288;30.0442;29.0543;-256.727;-256.25;-256.708;-256.919;-256.942;-255.964;14:50:53
3289;30.0403;29.0426;-256.743;-256.254;-256.692;-256.911;-256.95;-255.972;14:50:53
3290;30.0363;29.0426;-256.727;-256.25;-256.7;-256.911;-256.942;-255.972;14:50:54
3291;30.0285;29.0347;-256.735;-256.254;-256.7;-256.919;-256.942;-255.972;14:50:54
3292;30.0246;29.0308;-256.735;-256.25;-256.7;-256.911;-256.942;-255.972;14:50:55
3293;30.0011;29.0191;-256.727;-256.254;-256.7;-256.919;-256.942;-255.98;14:50:55
3294;29.9933;29.0034;-256.727;-256.25;-256.7;-256.911;-256.95;-255.972;14:50:56
3295;29.9855;29.0034;-256.735;-256.254;-256.692;-256.911;-256.935;-255.972;14:50:56
3296;29.9698;28.9956;-256.735;-256.246;-256.7;-256.919;-256.935;-255.964;14:50:57
3297;29.9542;28.9721;-256.735;-256.25;-256.692;-256.911;-256.942;-255.972;14:50:57
3298;29.9464;28.9643;-256.735;-256.25;-256.7;-256.911;-256.942;-255.964;14:50:58
3299;29.9307;28.9565;-256.727;-256.254;-256.692;-256.919;-256.935;-255.972;14:50:58
3300;29.9151;28.9408;-256.735;-256.254;-256.7;-256.911;-256.942;-255.964;14:50:59
3301;29.9072;28.9487;-256.727;-256.246;-256.7;-256.903;-256.942;-255.964;14:50:59
3302;29.9151;28.9487;-256.735;-256.25;-256.7;-256.903;-256.942;-255.964;14:51:00
3303;29.9229;28.9643;-256.727;-256.25;-256.692;-256.911;-256.935;-255.972;14:51:00
3304;29.9385;28.9721;-256.743;-256.25;-256.7;-256.911;-256.942;-255.972;14:51:01
3305;29.9542;28.9878;-256.735;-256.25;-256.7;-256.919;-256.927;-255.972;14:51:01
3306;29.9777;28.9956;-256.743;-256.25;-256.7;-256.911;-256.942;-255.956;14:51:02
3307;29.9933;29.0269;-256.735;-256.254;-256.7;-256.911;-256.942;-255.972;14:51:02
3308;30.0246;29.0347;-256.743;-256.25;-256.708;-256.911;-256.935;-255.972;14:51:03
3309;30.0324;29.0426;-256.735;-256.254;-256.7;-256.911;-256.942;-255.98;14:51:03
3310;30.0363;29.0543;-256.743;-256.25;-256.708;-256.911;-256.942;-255.972;14:51:04
3311;30.0442;29.0621;-256.743;-256.254;-256.708;-256.919;-256.942;-255.98;14:51:04
3312;30.0676;29.0699;-256.743;-256.254;-256.7;-256.911;-256.942;-255.98;14:51:05
3313;30.0676;29.0856;-256.743;-256.254;-256.708;-256.919;-256.935;-255.972;14:51:05
3314;30.0755;29.0778;-256.735;-256.25;-256.7;-256.911;-256.95;-255.972;14:51:06
3315;30.0676;29.0856;-256.743;-256.262;-256.7;-256.919;-256.935;-255.98;14:51:06
3316;30.0833;29.0856;-256.735;-256.25;-256.692;-256.911;-256.942;-255.964;14:51:07
3317;30.0755;29.0778;-256.743;-256.254;-256.7;-256.919;-256.935;-255.964;14:51:07
3318;30.0755;29.0699;-256.735;-256.25;-256.692;-256.911;-256.935;-255.972;14:51:08
3319;30.0755;29.0621;-256.743;-256.254;-256.7;-256.919;-256.935;-255.98;14:51:08
3320;30.0598;29.0621;-256.743;-256.25;-256.692;-256.903;-256.942;-255.972;14:51:09
3321;30.0598;29.0543;-256.743;-256.25;-256.7;-256.911;-256.942;-255.972;14:51:09
3322;30.052;29.0543;-256.743;-256.25;-256.692;-256.919;-256.942;-255.972;14:51:10
3323;30.0442;29.0465;-256.735;-256.262;-256.7;-256.911;-256.935;-255.972;14:51:10
3324;30.0324;29.0426;-256.743;-256.25;-256.692;-256.919;-256.95;-255.972;14:51:11
3325;30.0168;29.0386;-256.747;-256.254;-256.7;-256.911;-256.935;-255.972;14:51:11
3326;30.009;29.0347;-256.735;-256.254;-256.7;-256.911;-256.942;-255.964;14:51:12
3327;29.9933;29.0191;-256.743;-256.254;-256.7;-256.919;-256.935;-255.972;14:51:12
3328;29.9855;29.0113;-256.735;-256.25;-256.692;-256.911;-256.942;-255.972;14:51:13
3329;29.9777;29.0034;-256.743;-256.254;-256.7;-256.911;-256.942;-255.964;14:51:13
3330;29.962;28.98;-256.735;-256.25;-256.692;-256.919;-256.935;-255.972;14:51:14
3331;29.9542;28.9721;-256.743;-256.25;-256.7;-256.911;-256.935;-255.964;14:51:14
3332;29.9464;28.9643;-256.735;-256.25;-256.692;-256.911;-256.942;-255.964;14:51:15
3333;29.9229;28.9487;-256.743;-256.254;-256.692;-256.911;-256.942;-255.972;14:51:15
3334;29.9151;28.9408;-256.735;-256.25;-256.692;-256.911;-256.935;-255.964;14:51:16
3335;29.9151;28.9487;-256.735;-256.25;-256.692;-256.911;-256.935;-255.964;14:51:16
3336;29.9151;28.9487;-256.727;-256.25;-256.692;-256.911;-256.935;-255.964;14:51:17
3337;29.9307;28.9565;-256.727;-256.25;-256.7;-256.919;-256.935;-255.956;14:51:17
3338;29.9385;28.9721;-256.735;-256.25;-256.692;-256.911;-256.935;-255.964;14:51:18
3339;29.9542;28.9878;-256.743;-256.246;-256.684;-256.911;-256.942;-255.956;14:51:18
3340;29.9777;29.0034;-256.735;-256.25;-256.692;-256.903;-256.942;-255.964;14:51:19
3341;30.0011;29.0191;-256.747;-256.246;-256.692;-256.919;-256.942;-255.956;14:51:19
3342;30.0246;29.0308;-256.735;-256.25;-256.7;-256.911;-256.95;-255.964;14:51:20
3343;30.0324;29.0386;-256.747;-256.254;-256.7;-256.919;-256.942;-255.956;14:51:20
3344;30.0403;29.0543;-256.743;-256.25;-256.7;-256.911;-256.95;-255.964;14:51:21
3345;30.052;29.0543;-256.743;-256.25;-256.692;-256.911;-256.95;-255.956;14:51:21
3346;30.0598;29.0621;-256.743;-256.25;-256.692;-256.911;-256.942;-255.964;14:51:22
3347;30.0676;29.0621;-256.743;-256.246;-256.692;-256.919;-256.942;-255.964;14:51:22
3348;30.0676;29.0621;-256.743;-256.25;-256.692;-256.903;-256.942;-255.964;14:51:23
3349;30.0755;29.0621;-256.735;-256.246;-256.7;-256.903;-256.942;-255.964;14:51:23
3350;30.0676;29.0543;-256.743;-256.25;-256.692;-256.911;-256.942;-255.964;14:51:24
3351;30.0598;29.0543;-256.743;-256.25;-256.692;-256.911;-256.942;-255.972;14:51:24
3352;30.0598;29.0465;-256.747;-256.25;-256.7;-256.919;-256.942;-255.964;14:51:25
3353;30.052;29.0426;-256.743;-256.25;-256.692;-256.911;-256.935;-255.964;14:51:25
3354;30.0442;29.0426;-256.735;-256.25;-256.692;-256.919;-256.942;-255.964;14:51:26
3355;30.0363;29.0347;-256.735;-256.25;-256.684;-256.911;-256.935;-255.972;14:51:26
3356;30.0324;29.0347;-256.727;-256.254;-256.692;-256.911;-256.942;-255.964;14:51:27
3357;30.0246;29.0191;-256.727;-256.246;-256.7;-256.919;-256.942;-255.972;14:51:27
3358;30.009;29.0113;-256.727;-256.25;-256.692;-256.911;-256.935;-255.964;14:51:28
3359;30.0011;29.0113;-256.727;-256.25;-256.7;-256.911;-256.927;-255.964;14:51:28
3360;29.9933;29.0034;-256.719;-256.254;-256.692;-256.911;-256.935;-255.964;14:51:29
3361;29.9698;28.9878;-256.727;-256.25;-256.692;-256.919;-256.935;-255.964;14:51:29
3362;29.9698;28.9878;-256.727;-256.25;-256.692;-256.911;-256.942;-255.972;14:51:30
3363;29.9542;28.9721;-256.719;-256.25;-256.692;-256.911;-256.935;-255.964;14:51:30
3364;29.9542;28.9643;-256.719;-256.25;-256.692;-256.911;-256.942;-255.964;14:51:31
3365;29.9464;28.9721;-256.727;-256.25;-256.692;-256.911;-256.942;-255.964;14:51:31
3366;29.9542;28.9721;-256.727;-256.25;-256.7;-256.911;-256.942;-255.964;14:51:32
3367;29.962;28.9878;-256.727;-256.246;-256.692;-256.919;-256.935;-255.964;14:51:32
3368;29.9777;28.9956;-256.719;-256.25;-256.692;-256.919;-256.942;-255.964;14:51:33
3369;29.9855;29.0113;-256.727;-256.25;-256.692;-256.919;-256.95;-255.964;14:51:33
3370;30.009;29.0269;-256.727;-256.254;-256.692;-256.919;-256.942;-255.972;14:51:34
3371;30.0246;29.0308;-256.719;-256.25;-256.7;-256.919;-256.95;-255.972;14:51:34
3372;30.0324;29.0386;-256.727;-256.254;-256.692;-256.911;-256.942;-255.964;14:51:35
3373;30.0363;29.0386;-256.727;-256.254;-256.692;-256.919;-256.942;-255.972;14:51:35
3374;30.0403;29.0426;-256.719;-256.25;-256.692;-256.911;-256.95;-255.972;14:51:36
3375;30.0442;29.0426;-256.727;-256.25;-256.692;-256.919;-256.95;-255.972;14:51:36
3376;30.0403;29.0386;-256.719;-256.254;-256.692;-256.911;-256.935;-255.972;14:51:37
3377;30.0403;29.0386;-256.735;-256.254;-256.692;-256.919;-256.942;-255.972;14:51:37
3378;30.0363;29.0386;-256.727;-256.25;-256.684;-256.911;-256.942;-255.972;14:51:38
3379;30.0324;29.0347;-256.719;-256.254;-256.692;-256.911;-256.95;-255.972;14:51:38
3380;30.0324;29.0308;-256.727;-256.25;-256.7;-256.919;-256.942;-255.964;14:51:39
3381;30.0285;29.0308;-256.719;-256.254;-256.692;-256.911;-256.942;-255.98;14:51:39
3382;30.0285;29.0269;-256.727;-256.25;-256.692;-256.919;-256.942;-255.964;14:51:40
3383;30.0168;29.0191;-256.719;-256.254;-256.692;-256.911;-256.942;-255.98;14:51:40
3384;30.009;29.0113;-256.719;-256.25;-256.7;-256.919;-256.95;-255.972;14:51:41
3385;29.9855;28.9956;-256.727;-256.25;-256.692;-256.919;-256.95;-255.98;14:51:41
3386;29.9855;28.9878;-256.727;-256.254;-256.692;-256.919;-256.942;-255.972;14:51:42
3387;29.9698;28.98;-256.727;-256.25;-256.692;-256.919;-256.95;-255.972;14:51:42
3388;29.9464;28.9721;-256.719;-256.25;-256.7;-256.911;-256.942;-255.972;14:51:43
3389;29.9464;28.9721;-256.727;-256.25;-256.692;-256.919;-256.935;-255.964;14:51:43
3390;29.9385;28.98;-256.727;-256.25;-256.7;-256.919;-256.95;-255.972;14:51:44
3391;29.9542;28.98;-256.727;-256.25;-256.692;-256.919;-256.95;-255.964;14:51:44
3392;29.962;28.9878;-256.727;-256.25;-256.7;-256.919;-256.95;-255.972;14:51:45
3393;29.9777;28.9956;-256.735;-256.25;-256.7;-256.927;-256.95;-255.972;14:51:45
3394;30.0011;29.0191;-256.727;-256.25;-256.7;-256.919;-256.95;-255.972;14:51:46
3395;30.0011;29.0269;-256.719;-256.25;-256.7;-256.919;-256.942;-255.98;14:51:46
3396;30.0285;29.0386;-256.712;-256.254;-256.692;-256.911;-256.942;-255.972;14:51:47
3397;30.0285;29.0504;-256.727;-256.25;-256.7;-256.919;-256.935;-255.98;14:51:47
3398;30.0403;29.0465;-256.719;-256.254;-256.7;-256.919;-256.95;-255.972;14:51:48
3399;30.0442;29.0543;-256.727;-256.25;-256.7;-256.919;-256.942;-255.972;14:51:48
3400;30.052;29.0543;-256.727;-256.254;-256.692;-256.911;-256.942;-255.972;14:51:49
3401;30.052;29.0465;-256.727;-256.254;-256.7;-256.919;-256.935;-255.972;14:51:49
3402;30.052;29.0465;-256.719;-256.25;-256.692;-256.919;-256.942;-255.972;14:51:50
3403;30.052;29.0465;-256.719;-256.254;-256.7;-256.919;-256.935;-255.972;14:51:50
3404;30.052;29.0386;-256.727;-256.25;-256.708;-256.919;-256.942;-255.972;14:51:51
3405;30.0403;29.0426;-256.727;-256.25;-256.7;-256.919;-256.95;-255.972;14:51:51
3406;30.0403;29.0347;-256.719;-256.25;-256.7;-256.911;-256.942;-255.972;14:51:52
3407;30.0363;29.0308;-256.727;-256.25;-256.708;-256.919;-256.942;-255.972;14:51:52
3408;30.0363;29.0308;-256.727;-256.25;-256.7;-256.911;-256.95;-255.972;14:51:53
3409;30.0285;29.0191;-256.735;-256.25;-256.708;-256.919;-256.942;-255.964;14:51:53
3410;30.0207;29.0113;-256.735;-256.254;-256.708;-256.919;-256.942;-255.972;14:51:54
3411;30.0168;29.0034;-256.727;-256.25;-256.708;-256.911;-256.935;-255.972;14:51:54
3412;30.0011;28.9878;-256.727;-256.246;-256.7;-256.911;-256.935;-255.964;14:51:55
3413;29.9855;28.98;-256.735;-256.25;-256.708;-256.911;-256.935;-255.972;14:51:55
3414;29.9777;28.9721;-256.727;-256.25;-256.708;-256.903;-256.942;-255.964;14:51:56
3415;29.962;28.9565;-256.735;-256.246;-256.7;-256.903;-256.935;-255.972;14:51:56
3416;29.9385;28.9565;-256.735;-256.25;-256.708;-256.895;-256.942;-255.98;14:51:57
3417;29.9307;28.933;-256.727;-256.25;-256.7;-256.911;-256.935;-255.972;14:51:57
3418;29.9151;28.9252;-256.735;-256.25;-256.708;-256.903;-256.935;-255.964;14:51:58
3419;29.9151;28.933;-256.727;-256.25;-256.7;-256.903;-256.935;-255.98;14:51:58
3420;29.9229;28.9252;-256.735;-256.25;-256.7;-256.911;-256.935;-255.972;14:51:59
3421;29.9307;28.9408;-256.727;-256.25;-256.7;-256.903;-256.942;-255.972;14:51:59
3422;29.9385;28.9487;-256.727;-256.246;-256.7;-256.911;-256.935;-255.964;14:52:00
3423;29.962;28.9721;-256.727;-256.25;-256.7;-256.903;-256.935;-255.972;14:52:00
3424;29.9777;28.98;-256.727;-256.246;-256.7;-256.911;-256.942;-255.972;14:52:01
3425;30.009;29.0034;-256.719;-256.25;-256.7;-256.903;-256.935;-255.972;14:52:01
3426;30.0207;29.0269;-256.727;-256.25;-256.7;-256.911;-256.942;-255.98;14:52:02
3427;30.0324;29.0386;-256.727;-256.25;-256.7;-256.903;-256.942;-255.972;14:52:02
3428;30.0442;29.0386;-256.727;-256.25;-256.7;-256.911;-256.935;-255.972;14:52:03
3429;30.052;29.0465;-256.727;-256.25;-256.7;-256.911;-256.935;-255.98;14:52:03
3430;30.0598;29.0465;-256.735;-256.25;-256.7;-256.903;-256.935;-255.972;14:52:04
3431;30.0442;29.0465;-256.727;-256.25;-256.7;-256.919;-256.935;-255.98;14:52:04
3432;30.052;29.0543;-256.735;-256.246;-256.7;-256.911;-256.942;-255.98;14:52:05
3433;30.052;29.0465;-256.727;-256.25;-256.692;-256.919;-256.935;-255.972;14:52:05
3434;30.052;29.0465;-256.727;-256.254;-256.708;-256.911;-256.935;-255.972;14:52:06
3435;30.0598;29.0465;-256.727;-256.246;-256.7;-256.919;-256.935;-255.98;14:52:06
3436;30.0442;29.0426;-256.735;-256.25;-256.708;-256.911;-256.935;-255.972;14:52:07
3437;30.0403;29.0386;-256.727;-256.25;-256.7;-256.919;-256.935;-255.972;14:52:07
3438;30.0363;29.0386;-256.727;-256.25;-256.708;-256.911;-256.942;-255.964;14:52:08
3439;30.0363;29.0308;-256.735;-256.254;-256.7;-256.911;-256.935;-255.972;14:52:08
3440;30.0246;29.0269;-256.727;-256.25;-256.7;-256.919;-256.942;-255.972;14:52:09
3441;30.0168;29.0034;-256.735;-256.25;-256.708;-256.911;-256.95;-255.972;14:52:09
3442;30.009;29.0034;-256.735;-256.25;-256.7;-256.911;-256.935;-255.972;14:52:10
3443;29.9933;28.9956;-256.719;-256.25;-256.708;-256.911;-256.935;-255.972;14:52:10
3444;29.9855;28.9956;-256.727;-256.25;-256.7;-256.919;-256.942;-255.972;14:52:11
3445;29.9777;28.98;-256.727;-256.254;-256.708;-256.911;-256.935;-255.964;14:52:11
3446;29.962;28.9721;-256.727;-256.25;-256.7;-256.919;-256.942;-255.972;14:52:12
3447;29.9542;28.9721;-256.727;-256.246;-256.708;-256.911;-256.935;-255.964;14:52:12
3448;29.9542;28.9643;-256.727;-256.246;-256.708;-256.911;-256.942;-255.972;14:52:13
3449;29.9464;28.9643;-256.727;-256.25;-256.7;-256.911;-256.942;-255.972;14:52:13
3450;29.9542;28.98;-256.727;-256.25;-256.7;-256.903;-256.942;-255.972;14:52:14
3451;29.9698;28.98;-256.727;-256.25;-256.708;-256.895;-256.942;-255.972;14:52:14
3452;29.9777;28.9956;-256.727;-256.25;-256.7;-256.911;-256.942;-255.964;14:52:15
3453;30.009;29.0191;-256.719;-256.246;-256.7;-256.903;-256.942;-255.972;14:52:15
3454;30.0168;29.0269;-256.735;-256.25;-256.692;-256.911;-256.942;-255.98;14:52:16
3455;30.0285;29.0386;-256.735;-256.254;-256.692;-256.903;-256.942;-255.964;14:52:16
3456;30.0403;29.0386;-256.727;-256.25;-256.7;-256.903;-256.942;-255.964;14:52:17
3457;30.0442;29.0465;-256.727;-256.25;-256.7;-256.903;-256.935;-255.972;14:52:17
3458;30.0598;29.0465;-256.719;-256.25;-256.708;-256.911;-256.95;-255.964;14:52:18
3459;30.052;29.0543;-256.719;-256.25;-256.708;-256.903;-256.942;-255.972;14:52:18
3460;30.052;29.0465;-256.727;-256.25;-256.7;-256.911;-256.95;-255.972;14:52:19
3461;30.0442;29.0543;-256.727;-256.25;-256.708;-256.911;-256.95;-255.972;14:52:19
3462;30.0403;29.0426;-256.719;-256.25;-256.708;-256.903;-256.958;-255.972;14:52:20
3463;30.0403;29.0426;-256.727;-256.25;-256.7;-256.903;-256.95;-255.972;14:52:20
3464;30.0324;29.0426;-256.727;-256.25;-256.708;-256.903;-256.95;-255.964;14:52:21
3465;30.0324;29.0347;-256.719;-256.25;-256.7;-256.911;-256.942;-255.972;14:52:21
3466;30.0246;29.0347;-256.719;-256.25;-256.7;-256.903;-256.95;-255.972;14:52:22
3467;30.0168;29.0308;-256.727;-256.25;-256.7;-256.903;-256.95;-255.972;14:52:22
3468;30.009;29.0269;-256.719;-256.254;-256.7;-256.903;-256.95;-255.972;14:52:23
3469;29.9855;29.0191;-256.719;-256.246;-256.7;-256.895;-256.942;-255.972;14:52:23
3470;29.9777;29.0034;-256.727;-256.25;-256.7;-256.903;-256.942;-255.972;14:52:24
3471;29.962;29.0034;-256.727;-256.25;-256.692;-256.895;-256.942;-255.964;14:52:24
3472;29.962;28.98;-256.727;-256.25;-256.7;-256.903;-256.95;-255.972;14:52:25
3473;29.9385;28.98;-256.727;-256.25;-256.708;-256.911;-256.942;-255.972;14:52:25
3474;29.9464;28.9721;-256.727;-256.25;-256.7;-256.911;-256.942;-255.972;14:52:26
3475;29.9464;28.98;-256.735;-256.25;-256.7;-256.911;-256.942;-255.972;14:52:26
3476;29.9464;28.9878;-256.727;-256.25;-256.7;-256.911;-256.95;-255.98;14:52:27
3477;29.962;28.9956;-256.727;-256.25;-256.7;-256.911;-256.942;-255.972;14:52:27
3478;29.9855;29.0113;-256.727;-256.25;-256.692;-256.911;-256.95;-255.972;14:52:28
3479;30.0011;29.0308;-256.727;-256.25;-256.7;-256.911;-256.942;-255.972;14:52:28
3480;30.0285;29.0426;-256.735;-256.254;-256.7;-256.919;-256.942;-255.972;14:52:29
3481;30.0403;29.0543;-256.735;-256.25;-256.708;-256.911;-256.942;-255.972;14:52:29
3482;30.0442;29.0699;-256.735;-256.25;-256.7;-256.919;-256.935;-255.98;14:52:30
3483;30.0598;29.0699;-256.743;-256.254;-256.708;-256.919;-256.942;-255.972;14:52:30
3484;30.0676;29.0778;-256.743;-256.25;-256.7;-256.911;-256.935;-255.972;14:52:31
3485;30.0676;29.0778;-256.743;-256.25;-256.708;-256.911;-256.942;-255.972;14:52:31
3486;30.0676;29.0778;-256.743;-256.254;-256.708;-256.911;-256.95;-255.972;14:52:32
3487;30.0676;29.0778;-256.743;-256.25;-256.7;-256.919;-256.935;-255.98;14:52:32
3488;30.0676;29.0621;-256.743;-256.25;-256.7;-256.903;-256.935;-255.98;14:52:33
3489;30.0598;29.0699;-256.747;-256.25;-256.7;-256.911;-256.942;-255.972;14:52:33
3490;30.052;29.0465;-256.743;-256.25;-256.7;-256.919;-256.935;-255.972;14:52:34
3491;30.0442;29.0465;-256.747;-256.25;-256.7;-256.903;-256.935;-255.972;14:52:34
3492;30.0442;29.0426;-256.743;-256.246;-256.7;-256.919;-256.942;-255.964;14:52:35
3493;30.0363;29.0465;-256.743;-256.25;-256.7;-256.903;-256.942;-255.972;14:52:35
3494;30.0285;29.0386;-256.747;-256.246;-256.708;-256.911;-256.942;-255.98;14:52:36
3495;30.0207;29.0347;-256.743;-256.25;-256.7;-256.911;-256.935;-255.972;14:52:36
3496;30.009;29.0308;-256.743;-256.246;-256.7;-256.911;-256.942;-255.98;14:52:37
3497;30.0011;29.0269;-256.747;-256.246;-256.692;-256.911;-256.935;-255.972;14:52:37
3498;29.9855;29.0113;-256.747;-256.25;-256.7;-256.911;-256.935;-255.98;14:52:38
3499;29.9777;29.0113;-256.743;-256.246;-256.7;-256.911;-256.935;-255.964;14:52:38
3500;29.962;28.9878;-256.743;-256.246;-256.7;-256.911;-256.942;-255.98;14:52:39
3501;29.9464;28.9956;-256.743;-256.25;-256.7;-256.911;-256.95;-255.972;14:52:39
3502;29.9464;28.9721;-256.735;-256.242;-256.7;-256.919;-256.942;-255.972;14:52:40
3503;29.9385;28.98;-256.735;-256.246;-256.7;-256.903;-256.942;-255.972;14:52:40
3504;29.9464;28.98;-256.743;-256.246;-256.7;-256.911;-256.95;-255.972;14:52:41
3505;29.9542;28.9878;-256.743;-256.246;-256.7;-256.911;-256.942;-255.972;14:52:41
3506;29.9698;29.0113;-256.735;-256.246;-256.692;-256.903;-256.942;-255.98;14:52:42
3507;29.9777;29.023;-256.735;-256.25;-256.7;-256.911;-256.942;-255.972;14:52:42
3508;30.009;29.0308;-256.743;-256.246;-256.7;-256.911;-256.942;-255.972;14:52:43
3509;30.0246;29.0465;-256.743;-256.25;-256.7;-256.911;-256.942;-255.972;14:52:43
3510;30.0363;29.0543;-256.743;-256.25;-256.692;-256.911;-256.95;-255.972;14:52:44
3511;30.052;29.0699;-256.743;-256.246;-256.7;-256.919;-256.942;-255.972;14:52:44
3512;30.0676;29.0778;-256.743;-256.25;-256.7;-256.911;-256.942;-255.972;14:52:45
3513;30.0676;29.0934;-256.735;-256.246;-256.692;-256.919;-256.942;-255.98;14:52:45
3514;30.0676;29.0856;-256.743;-256.25;-256.7;-256.911;-256.95;-255.98;14:52:46
3515;30.0755;29.0934;-256.735;-256.246;-256.7;-256.919;-256.942;-255.972;14:52:46
3516;30.0911;29.0934;-256.743;-256.25;-256.708;-256.911;-256.942;-255.98;14:52:47
3517;30.0833;29.0856;-256.743;-256.25;-256.7;-256.911;-256.95;-255.972;14:52:47
3518;30.0911;29.0856;-256.743;-256.246;-256.7;-256.903;-256.95;-255.98;14:52:48
3519;30.0755;29.0856;-256.743;-256.246;-256.708;-256.903;-256.942;-255.972;14:52:48
3520;30.0676;29.0778;-256.743;-256.25;-256.708;-256.903;-256.942;-255.972;14:52:49
3521;30.0598;29.0699;-256.743;-256.25;-256.708;-256.903;-256.95;-255.972;14:52:49
3522;30.052;29.0621;-256.743;-256.246;-256.7;-256.903;-256.942;-255.972;14:52:50
3523;30.0403;29.0543;-256.743;-256.246;-256.708;-256.903;-256.95;-255.964;14:52:50
3524;30.0363;29.0426;-256.743;-256.246;-256.708;-256.903;-256.95;-255.972;14:52:51
3525;30.0285;29.0465;-256.743;-256.246;-256.708;-256.903;-256.942;-255.972;14:52:51
3526;30.0246;29.0386;-256.735;-256.246;-256.7;-256.911;-256.942;-255.972;14:52:52
3527;30.0246;29.0308;-256.735;-256.25;-256.715;-256.903;-256.942;-255.972;14:52:52
3528;29.9933;29.0269;-256.727;-256.246;-256.7;-256.911;-256.95;-255.98;14:52:53
3529;29.9855;29.0191;-256.743;-256.246;-256.708;-256.903;-256.95;-255.972;14:52:53
3530;29.9777;29.0034;-256.735;-256.25;-256.7;-256.903;-256.942;-255.972;14:52:54
3531;29.962;28.9956;-256.735;-256.246;-256.708;-256.903;-256.95;-255.972;14:52:54
3532;29.9542;28.98;-256.735;-256.246;-256.708;-256.903;-256.942;-255.98;14:52:55
3533;29.9229;28.98;-256.735;-256.246;-256.692;-256.903;-256.95;-255.972;14:52:55
3534;29.8994;28.9565;-256.735;-256.25;-256.7;-256.903;-256.942;-255.98;14:52:56
3535;29.8916;28.9565;-256.743;-256.25;-256.708;-256.911;-256.95;-255.972;14:52:56
3536;29.8838;28.9487;-256.735;-256.246;-256.7;-256.911;-256.95;-255.972;14:52:57
3537;29.8916;28.9487;-256.743;-256.25;-256.7;-256.903;-256.942;-255.972;14:52:57
3538;29.8916;28.9643;-256.747;-256.254;-256.7;-256.911;-256.95;-255.98;14:52:58
3539;29.9072;28.9721;-256.743;-256.25;-256.7;-256.911;-256.95;-255.972;14:52:58
3540;29.9307;28.9878;-256.743;-256.254;-256.7;-256.911;-256.95;-255.972;14:52:59
3541;29.9464;28.9956;-256.735;-256.246;-256.708;-256.911;-256.942;-255.972;14:52:59
3542;29.9698;29.0269;-256.743;-256.25;-256.7;-256.911;-256.942;-255.972;14:53:00
3543;29.9933;29.0347;-256.743;-256.25;-256.7;-256.903;-256.958;-255.964;14:53:00
3544;30.0246;29.0543;-256.747;-256.254;-256.7;-256.911;-256.95;-255.98;14:53:01
3545;30.0363;29.0699;-256.743;-256.25;-256.708;-256.911;-256.95;-255.972;14:53:01
3546;30.0442;29.0778;-256.743;-256.25;-256.7;-256.911;-256.95;-255.972;14:53:02
3547;30.0676;29.0934;-256.747;-256.25;-256.708;-256.903;-256.95;-255.98;14:53:02
3548;30.0755;29.1012;-256.743;-256.25;-256.7;-256.903;-256.942;-255.972;14:53:03
3549;30.0833;29.1091;-256.735;-256.246;-256.7;-256.911;-256.958;-255.98;14:53:03
3550;30.0833;29.1012;-256.743;-256.25;-256.708;-256.903;-256.942;-255.98;14:53:04
3551;30.0911;29.1169;-256.735;-256.25;-256.7;-256.903;-256.958;-255.972;14:53:04
3552;30.0911;29.1012;-256.735;-256.25;-256.708;-256.911;-256.942;-255.972;14:53:05
3553;30.0911;29.1091;-256.743;-256.25;-256.708;-256.903;-256.95;-255.972;14:53:05
3554;30.0833;29.1091;-256.743;-256.25;-256.708;-256.903;-256.958;-255.98;14:53:06
3555;30.0833;29.0934;-256.747;-256.246;-256.708;-256.903;-256.958;-255.98;14:53:06
3556;30.0755;29.0934;-256.743;-256.25;-256.708;-256.903;-256.95;-255.98;14:53:07
3557;30.0755;29.0856;-256.743;-256.25;-256.708;-256.903;-256.958;-255.972;14:53:07
3558;30.0598;29.0699;-256.735;-256.25;-256.7;-256.903;-256.958;-255.972;14:53:08
3559;30.052;29.0699;-256.735;-256.25;-256.7;-256.903;-256.958;-255.98;14:53:08
3560;30.0442;29.0621;-256.735;-256.246;-256.708;-256.911;-256.95;-255.972;14:53:09
3561;30.0324;29.0621;-256.727;-256.25;-256.7;-256.911;-256.95;-255.972;14:53:09
3562;30.0285;29.0465;-256.743;-256.25;-256.708;-256.903;-256.95;-255.98;14:53:10
3563;30.0168;29.0426;-256.735;-256.25;-256.7;-256.903;-256.958;-255.98;14:53:10
3564;30.0011;29.0347;-256.735;-256.25;-256.7;-256.911;-256.958;-255.972;14:53:11
3565;29.9933;29.0308;-256.743;-256.25;-256.708;-256.911;-256.942;-255.972;14:53:11
3566;29.9777;29.0269;-256.735;-256.25;-256.7;-256.911;-256.942;-255.98;14:53:12
3567;29.962;29.0191;-256.743;-256.246;-256.7;-256.903;-256.942;-255.972;14:53:12
3568;29.9542;29.0034;-256.747;-256.25;-256.7;-256.911;-256.942;-255.972;14:53:13
3569;29.9464;28.9956;-256.743;-256.25;-256.7;-256.903;-256.95;-255.98;14:53:13
3570;29.9385;29.0034;-256.743;-256.25;-256.7;-256.903;-256.935;-255.98;14:53:14
3571;29.9464;29.0113;-256.743;-256.25;-256.708;-256.903;-256.95;-255.972;14:53:14
3572;29.962;29.0113;-256.743;-256.246;-256.692;-256.911;-256.95;-255.98;14:53:15
3573;29.9855;29.0308;-256.735;-256.25;-256.708;-256.903;-256.95;-255.972;14:53:15
3574;29.9933;29.0386;-256.747;-256.246;-256.692;-256.903;-256.942;-255.98;14:53:16
3575;30.0168;29.0426;-256.743;-256.25;-256.708;-256.903;-256.95;-255.972;14:53:16
3576;30.0285;29.0543;-256.747;-256.246;-256.7;-256.911;-256.942;-255.98;14:53:17
3577;30.0403;29.0699;-256.743;-256.246;-256.708;-256.903;-256.942;-255.98;14:53:17
3578;30.0363;29.0699;-256.747;-256.25;-256.7;-256.911;-256.95;-255.972;14:53:18
3579;30.052;29.0699;-256.743;-256.246;-256.7;-256.903;-256.95;-255.98;14:53:18
3580;30.0442;29.0778;-256.743;-256.25;-256.708;-256.903;-256.942;-255.972;14:53:19
3581;30.052;29.0778;-256.743;-256.25;-256.7;-256.903;-256.95;-255.98;14:53:19
3582;30.0403;29.0778;-256.743;-256.246;-256.7;-256.903;-256.95;-255.972;14:53:20
3583;30.0442;29.0778;-256.739;-256.254;-256.7;-256.903;-256.95;-255.972;14:53:20
3584;30.0403;29.0621;-256.747;-256.25;-256.7;-256.911;-256.958;-255.98;14:53:21
3585;30.0403;29.0621;-256.727;-256.25;-256.7;-256.903;-256.95;-255.964;14:53:21
3586;30.0324;29.0543;-256.735;-256.25;-256.708;-256.903;-256.95;-255.972;14:53:22
3587;30.0246;29.0543;-256.743;-256.246;-256.692;-256.903;-256.942;-255.98;14:53:22
3588;30.0168;29.0426;-256.743;-256.25;-256.7;-256.903;-256.95;-255.972;14:53:23
3589;30.009;29.0347;-256.735;-256.246;-256.7;-256.903;-256.95;-255.98;14:53:23
3590;30.0011;29.0347;-256.743;-256.25;-256.7;-256.903;-256.942;-255.972;14:53:24
3591;29.9777;29.023;-256.743;-256.25;-256.7;-256.903;-256.942;-255.972;14:53:24
3592;29.9777;29.0191;-256.743;-256.25;-256.7;-256.903;-256.942;-255.98;14:53:25
3593;29.962;29.0034;-256.743;-256.246;-256.7;-256.911;-256.95;-255.972;14:53:25
3594;29.9542;28.9956;-256.743;-256.25;-256.7;-256.903;-256.942;-255.972;14:53:26
3595;29.9464;28.9878;-256.735;-256.246;-256.7;-256.911;-256.95;-255.972;14:53:26
3596;29.9464;29.0034;-256.743;-256.25;-256.7;-256.911;-256.942;-255.964;14:53:27
3597;29.962;29.0034;-256.743;-256.246;-256.7;-256.911;-256.95;-255.972;14:53:27
3598;29.9698;29.0034;-256.743;-256.25;-256.7;-256.911;-256.95;-255.964;14:53:28
3599;29.9855;29.0269;-256.735;-256.246;-256.708;-256.911;-256.958;-255.964;14:53:28
3600;30.009;29.0308;-256.727;-256.25;-256.7;-256.903;-256.95;-255.972;14:53:29
3601;30.0285;29.0426;-256.735;-256.25;-256.7;-256.903;-256.942;-255.972;14:53:29
3602;30.0363;29.0621;-256.735;-256.25;-256.7;-256.911;-256.95;-255.964;14:53:30
3603;30.0481;29.0621;-256.735;-256.25;-256.692;-256.903;-256.95;-255.972;14:53:30
3604;30.0442;29.0699;-256.735;-256.25;-256.7;-256.903;-256.95;-255.972;14:53:31
3605;30.052;29.0778;-256.735;-256.25;-256.7;-256.911;-256.95;-255.98;14:53:31
3606;30.0442;29.0856;-256.743;-256.25;-256.7;-256.911;-256.95;-255.972;14:53:32
3607;30.0442;29.0856;-256.743;-256.25;-256.7;-256.903;-256.942;-255.964;14:53:32
3608;30.0442;29.0778;-256.743;-256.25;-256.7;-256.911;-256.942;-255.972;14:53:33
3609;30.0442;29.0778;-256.735;-256.25;-256.692;-256.903;-256.95;-255.972;14:53:33
3610;30.052;29.0621;-256.743;-256.25;-256.7;-256.911;-256.942;-255.972;14:53:34
3611;30.0442;29.0543;-256.743;-256.25;-256.7;-256.911;-256.95;-255.964;14:53:34
3612;30.0403;29.0543;-256.743;-256.25;-256.692;-256.903;-256.942;-255.964;14:53:35
3613;30.0363;29.0465;-256.735;-256.25;-256.7;-256.911;-256.95;-255.972;14:53:35
3614;30.0285;29.0386;-256.743;-256.254;-256.692;-256.911;-256.95;-255.972;14:53:36
3615;30.0207;29.0386;-256.743;-256.25;-256.7;-256.911;-256.95;-255.964;14:53:36
3616;30.0011;29.0308;-256.743;-256.25;-256.692;-256.911;-256.95;-255.964;14:53:37
3617;29.9933;29.0308;-256.743;-256.25;-256.7;-256.911;-256.958;-255.972;14:53:37
3618;29.9777;29.0034;-256.743;-256.246;-256.7;-256.911;-256.942;-255.972;14:53:38
3619;29.9698;28.9956;-256.735;-256.25;-256.692;-256.903;-256.95;-255.964;14:53:38
3620;29.9542;28.98;-256.743;-256.25;-256.7;-256.911;-256.95;-255.972;14:53:39
3621;29.9464;28.98;-256.735;-256.246;-256.7;-256.911;-256.95;-255.972;14:53:39
3622;29.9542;28.98;-256.727;-256.25;-256.692;-256.903;-256.95;-255.972;14:53:40
3623;29.962;28.9956;-256.743;-256.246;-256.692;-256.903;-256.958;-255.972;14:53:40
3624;29.9698;29.0034;-256.743;-256.25;-256.7;-256.911;-256.942;-255.964;14:53:41
3625;29.9855;29.0113;-256.735;-256.246;-256.692;-256.903;-256.95;-255.972;14:53:41
3626;30.0011;29.0191;-256.743;-256.25;-256.7;-256.903;-256.958;-255.972;14:53:42
3627;30.0168;29.0347;-256.743;-256.25;-256.7;-256.903;-256.958;-255.972;14:53:42
3628;30.0285;29.0426;-256.743;-256.254;-256.7;-256.903;-256.95;-255.972;14:53:43
3629;30.0324;29.0543;-256.735;-256.25;-256.7;-256.903;-256.95;-255.972;14:53:43
3630;30.0363;29.0543;-256.743;-256.25;-256.7;-256.903;-256.942;-255.972;14:53:44
3631;30.0324;29.0543;-256.743;-256.246;-256.7;-256.903;-256.942;-255.972;14:53:44
3632;30.0363;29.0543;-256.743;-256.254;-256.7;-256.911;-256.942;-255.972;14:53:45
3633;30.0363;29.0621;-256.743;-256.25;-256.7;-256.903;-256.95;-255.964;14:53:45
3634;30.0363;29.0465;-256.743;-256.254;-256.708;-256.903;-256.942;-255.972;14:53:46
3635;30.0363;29.0543;-256.743;-256.258;-256.7;-256.903;-256.958;-255.972;14:53:46
3636;30.0324;29.0465;-256.743;-256.258;-256.7;-256.903;-256.95;-255.98;14:53:47
3637;30.0246;29.0426;-256.735;-256.25;-256.708;-256.911;-256.942;-255.964;14:53:47
3638;30.0246;29.0426;-256.743;-256.262;-256.7;-256.903;-256.942;-255.972;14:53:48
3639;30.0168;29.0386;-256.743;-256.254;-256.692;-256.911;-256.942;-255.964;14:53:48
3640;30.0011;29.0308;-256.743;-256.262;-256.692;-256.911;-256.942;-255.972;14:53:49
3641;30.0011;29.0308;-256.743;-256.254;-256.692;-256.911;-256.95;-255.972;14:53:49
3642;29.9777;29.0191;-256.747;-256.254;-256.7;-256.919;-256.958;-255.98;14:53:50
3643;29.9698;29.0113;-256.735;-256.254;-256.692;-256.911;-256.95;-255.972;14:53:50
3644;29.9542;28.9878;-256.743;-256.254;-256.692;-256.919;-256.942;-255.98;14:53:51
3645;29.9385;28.9956;-256.743;-256.254;-256.7;-256.911;-256.95;-255.972;14:53:51
3646;29.9464;28.9878;-256.743;-256.25;-256.692;-256.903;-256.95;-255.972;14:53:52
3647;29.9542;28.9956;-256.735;-256.254;-256.692;-256.911;-256.942;-255.964;14:53:52
3648;29.962;29.0034;-256.743;-256.25;-256.7;-256.911;-256.95;-255.972;14:53:53
3649;29.9698;29.0113;-256.735;-256.254;-256.692;-256.911;-256.95;-255.972;14:53:53
3650;29.9855;29.0269;-256.735;-256.254;-256.7;-256.919;-256.942;-255.972;14:53:54
3651;30.009;29.0347;-256.735;-256.25;-256.692;-256.903;-256.942;-255.972;14:53:54
3652;30.0285;29.0465;-256.735;-256.254;-256.7;-256.911;-256.95;-255.98;14:53:55
3653;30.0403;29.0621;-256.735;-256.25;-256.692;-256.919;-256.95;-255.98;14:53:55
3654;30.052;29.0621;-256.743;-256.254;-256.7;-256.911;-256.95;-255.98;14:53:56
3655;30.0598;29.0778;-256.735;-256.254;-256.7;-256.911;-256.942;-255.972;14:53:56
3656;30.0598;29.0856;-256.735;-256.25;-256.7;-256.911;-256.95;-255.972;14:53:57
3657;30.0676;29.0778;-256.727;-256.254;-256.7;-256.911;-256.95;-255.972;14:53:57
3658;30.0598;29.0856;-256.735;-256.25;-256.692;-256.911;-256.95;-255.972;14:53:58
3659;30.0676;29.0778;-256.735;-256.254;-256.708;-256.911;-256.942;-255.98;14:53:58
3660;30.0676;29.0778;-256.735;-256.254;-256.692;-256.911;-256.935;-255.972;14:53:59
3661;30.0598;29.0699;-256.735;-256.25;-256.7;-256.911;-256.95;-255.972;14:53:59
3662;30.052;29.0621;-256.735;-256.254;-256.7;-256.911;-256.942;-255.972;14:54:00
3663;30.0403;29.0621;-256.735;-256.25;-256.692;-256.903;-256.95;-255.972;14:54:00
3664;30.0363;29.0465;-256.743;-256.258;-256.7;-256.903;-256.942;-255.972;14:54:01
3665;30.0285;29.0504;-256.743;-256.254;-256.692;-256.903;-256.95;-255.972;14:54:01
3666;30.0246;29.0465;-256.743;-256.25;-256.7;-256.911;-256.95;-255.972;14:54:02
3667;30.0168;29.0386;-256.743;-256.258;-256.7;-256.911;-256.942;-255.972;14:54:02
3668;30.009;29.0347;-256.747;-256.254;-256.692;-256.911;-256.942;-255.964;14:54:03
3669;29.9933;29.0269;-256.735;-256.25;-256.7;-256.903;-256.942;-255.972;14:54:03
3670;29.9777;29.0113;-256.743;-256.254;-256.7;-256.911;-256.942;-255.972;14:54:04
3671;29.9698;29.0034;-256.743;-256.25;-256.692;-256.903;-256.942;-255.964;14:54:04
3672;29.9464;28.9878;-256.743;-256.254;-256.692;-256.911;-256.942;-255.964;14:54:05
3673;29.9385;28.98;-256.735;-256.25;-256.692;-256.911;-256.95;-255.972;14:54:05
3674;29.9229;28.9643;-256.743;-256.254;-256.684;-256.911;-256.942;-255.964;14:54:06
3675;29.9151;28.9643;-256.743;-256.25;-256.692;-256.911;-256.95;-255.964;14:54:06
3676;29.9229;28.9643;-256.735;-256.246;-256.692;-256.911;-256.942;-255.964;14:54:07
3677;29.9229;28.9721;-256.735;-256.25;-256.692;-256.903;-256.942;-255.972;14:54:07
3678;29.9307;28.9721;-256.743;-256.25;-256.692;-256.911;-256.942;-255.964;14:54:08
3679;29.9542;28.9878;-256.747;-256.25;-256.7;-256.911;-256.95;-255.972;14:54:08
3680;29.9777;29.0034;-256.743;-256.246;-256.7;-256.911;-256.935;-255.964;14:54:09
3681;30.0011;29.0269;-256.743;-256.25;-256.7;-256.903;-256.942;-255.964;14:54:09
3682;30.0168;29.0386;-256.735;-256.246;-256.708;-256.911;-256.95;-255.972;14:54:10
3683;30.0324;29.0426;-256.743;-256.254;-256.7;-256.919;-256.942;-255.964;14:54:10
3684;30.0363;29.0465;-256.743;-256.25;-256.708;-256.911;-256.942;-255.972;14:54:11
3685;30.0442;29.0621;-256.735;-256.254;-256.708;-256.911;-256.95;-255.964;14:54:11
3686;30.052;29.0621;-256.743;-256.254;-256.708;-256.911;-256.966;-255.972;14:54:12
3687;30.052;29.0621;-256.727;-256.254;-256.7;-256.919;-256.958;-255.972;14:54:12
3688;30.0676;29.0699;-256.743;-256.25;-256.7;-256.911;-256.935;-255.972;14:54:13
3689;30.0598;29.0621;-256.735;-256.254;-256.7;-256.911;-256.942;-255.972;14:54:13
3690;30.052;29.0621;-256.727;-256.254;-256.7;-256.919;-256.942;-255.972;14:54:14
3691;30.0442;29.0543;-256.727;-256.25;-256.7;-256.903;-256.942;-255.972;14:54:14
3692;30.0403;29.0465;-256.719;-256.25;-256.7;-256.919;-256.935;-255.964;14:54:15
3693;30.0324;29.0465;-256.727;-256.25;-256.692;-256.911;-256.942;-255.972;14:54:15
3694;30.0285;29.0386;-256.727;-256.254;-256.7;-256.911;-256.942;-255.972;14:54:16
3695;30.0285;29.0347;-256.727;-256.25;-256.7;-256.911;-256.942;-255.972;14:54:16
3696;30.0168;29.0347;-256.735;-256.254;-256.7;-256.911;-256.95;-255.972;14:54:17
3697;30.009;29.0269;-256.727;-256.25;-256.692;-256.911;-256.95;-255.972;14:54:17
3698;29.9933;29.0034;-256.735;-256.254;-256.7;-256.919;-256.935;-255.972;14:54:18
3699;29.9777;29.0034;-256.727;-256.254;-256.708;-256.911;-256.935;-255.972;14:54:18
3700;29.9698;28.98;-256.727;-256.254;-256.692;-256.919;-256.942;-255.972;14:54:19
3701;29.962;28.9721;-256.735;-256.25;-256.7;-256.911;-256.942;-255.964;14:54:19
3702;29.9307;28.9643;-256.727;-256.254;-256.7;-256.903;-256.935;-255.972;14:54:20
3703;29.9229;28.9565;-256.719;-256.25;-256.7;-256.903;-256.942;-255.964;14:54:20
3704;29.9072;28.9408;-256.719;-256.25;-256.692;-256.903;-256.935;-255.972;14:54:21
3705;29.8994;28.9408;-256.719;-256.254;-256.7;-256.911;-256.95;-255.972;14:54:21
3706;29.8994;28.933;-256.712;-256.25;-256.7;-256.903;-256.942;-255.964;14:54:22
3707;29.8994;28.9565;-256.719;-256.254;-256.692;-256.903;-256.942;-255.972;14:54:22
3708;29.9072;28.9643;-256.712;-256.254;-256.7;-256.903;-256.95;-255.964;14:54:23
3709;29.9229;28.9721;-256.719;-256.254;-256.7;-256.903;-256.95;-255.972;14:54:23
3710;29.9464;28.9878;-256.712;-256.254;-256.7;-256.911;-256.942;-255.972;14:54:24
3711;29.9698;29.0113;-256.727;-256.25;-256.7;-256.903;-256.942;-255.964;14:54:24
3712;29.9855;29.0269;-256.727;-256.254;-256.7;-256.903;-256.935;-255.964;14:54:25
3713;30.0168;29.0386;-256.719;-256.25;-256.7;-256.903;-256.942;-255.972;14:54:25
3714;30.0285;29.0465;-256.727;-256.25;-256.7;-256.903;-256.935;-255.972;14:54:26
3715;30.0442;29.0621;-256.743;-256.254;-256.7;-256.903;-256.942;-255.964;14:54:26
3716;30.052;29.0699;-256.735;-256.254;-256.7;-256.903;-256.942;-255.972;14:54:27
3717;30.052;29.0856;-256.727;-256.254;-256.7;-256.903;-256.942;-255.964;14:54:27
3718;30.0676;29.0778;-256.735;-256.254;-256.7;-256.911;-256.935;-255.972;14:54:28
3719;30.0755;29.0856;-256.735;-256.254;-256.7;-256.903;-256.942;-255.964;14:54:28
3720;30.0755;29.0856;-256.743;-256.254;-256.7;-256.911;-256.935;-255.972;14:54:29
3721;30.0755;29.0778;-256.735;-256.254;-256.7;-256.911;-256.935;-255.964;14:54:29
3722;30.0833;29.0778;-256.743;-256.254;-256.708;-256.919;-256.942;-255.972;14:54:30
3723;30.0755;29.0778;-256.735;-256.254;-256.708;-256.911;-256.942;-255.972;14:54:30
3724;30.0676;29.0621;-256.739;-256.262;-256.7;-256.911;-256.935;-255.972;14:54:31
3725;30.0598;29.0621;-256.743;-256.254;-256.7;-256.911;-256.935;-255.972;14:54:31
3726;30.0442;29.0543;-256.743;-256.25;-256.7;-256.911;-256.942;-255.972;14:54:32
3727;30.0363;29.0543;-256.743;-256.254;-256.7;-256.911;-256.942;-255.972;14:54:32
3728;30.0324;29.0426;-256.743;-256.25;-256.708;-256.911;-256.935;-255.972;14:54:33
3729;30.0285;29.0347;-256.735;-256.254;-256.7;-256.911;-256.942;-255.972;14:54:33
3730;30.0168;29.0347;-256.743;-256.254;-256.7;-256.911;-256.942;-255.972;14:54:34
3731;30.0168;29.0269;-256.743;-256.254;-256.708;-256.911;-256.942;-255.972;14:54:34
3732;30.0011;29.0191;-256.735;-256.254;-256.7;-256.911;-256.942;-255.972;14:54:35
3733;29.9855;29.0034;-256.743;-256.25;-256.708;-256.911;-256.942;-255.972;14:54:35
3734;29.9698;28.9878;-256.739;-256.254;-256.708;-256.919;-256.935;-255.972;14:54:36
3735;29.9698;28.98;-256.735;-256.25;-256.7;-256.911;-256.935;-255.972;14:54:36
3736;29.9385;28.9721;-256.735;-256.25;-256.7;-256.911;-256.942;-255.972;14:54:37
3737;29.9307;28.9643;-256.735;-256.254;-256.708;-256.911;-256.942;-255.972;14:54:37
3738;29.9151;28.9565;-256.743;-256.25;-256.7;-256.911;-256.95;-255.972;14:54:38
3739;29.9072;28.9408;-256.735;-256.254;-256.7;-256.911;-256.942;-255.98;14:54:38
3740;29.9072;28.9408;-256.743;-256.25;-256.7;-256.911;-256.935;-255.972;14:54:39
3741;29.9072;28.9565;-256.735;-256.254;-256.692;-256.911;-256.935;-255.972;14:54:39
3742;29.9229;28.9487;-256.743;-256.25;-256.7;-256.911;-256.935;-255.98;14:54:40
3743;29.9385;28.9721;-256.735;-256.25;-256.692;-256.911;-256.942;-255.972;14:54:40
3744;29.9542;28.98;-256.731;-256.254;-256.7;-256.911;-256.935;-255.98;14:54:41
3745;29.9855;29.0034;-256.743;-256.25;-256.7;-256.911;-256.935;-255.964;14:54:41
3746;30.0011;29.0269;-256.735;-256.25;-256.692;-256.911;-256.942;-255.98;14:54:42
3747;30.0246;29.0347;-256.735;-256.254;-256.7;-256.919;-256.942;-255.972;14:54:42
3748;30.0403;29.0465;-256.735;-256.25;-256.7;-256.911;-256.942;-255.972;14:54:43
3749;30.0598;29.0621;-256.743;-256.25;-256.708;-256.919;-256.935;-255.972;14:54:43
3750;30.0755;29.0699;-256.735;-256.25;-256.708;-256.911;-256.935;-255.98;14:54:44
3751;30.0833;29.0778;-256.727;-256.254;-256.7;-256.911;-256.935;-255.972;14:54:44
3752;30.0911;29.0934;-256.735;-256.25;-256.708;-256.911;-256.942;-255.98;14:54:45
3753;30.0911;29.0856;-256.735;-256.25;-256.708;-256.919;-256.935;-255.98;14:54:45
3754;30.0989;29.0934;-256.735;-256.25;-256.708;-256.911;-256.942;-255.972;14:54:46
3755;30.1068;29.0934;-256.735;-256.25;-256.708;-256.903;-256.942;-255.972;14:54:46
3756;30.0989;29.0856;-256.735;-256.25;-256.708;-256.911;-256.942;-255.972;14:54:47
3757;30.0911;29.0856;-256.727;-256.25;-256.708;-256.911;-256.935;-255.972;14:54:47
3758;30.0833;29.0778;-256.743;-256.25;-256.7;-256.919;-256.942;-255.972;14:54:48
3759;30.0755;29.0778;-256.735;-256.25;-256.708;-256.911;-256.935;-255.972;14:54:48
3760;30.0676;29.0699;-256.735;-256.25;-256.7;-256.911;-256.935;-255.972;14:54:49
3761;30.0598;29.0621;-256.735;-256.254;-256.708;-256.911;-256.942;-255.972;14:54:49
3762;30.0442;29.0465;-256.743;-256.25;-256.708;-256.903;-256.942;-255.972;14:54:50
3763;30.0403;29.0426;-256.727;-256.258;-256.7;-256.911;-256.942;-255.964;14:54:50
3764;30.0363;29.0386;-256.735;-256.262;-256.7;-256.911;-256.942;-255.972;14:54:51
3765;30.0285;29.0386;-256.735;-256.25;-256.7;-256.911;-256.942;-255.972;14:54:51
3766;30.0168;29.0308;-256.743;-256.254;-256.7;-256.911;-256.942;-255.972;14:54:52
3767;30.0011;29.0308;-256.735;-256.25;-256.692;-256.911;-256.927;-255.972;14:54:52
3768;29.9855;29.0113;-256.747;-256.254;-256.692;-256.911;-256.942;-255.972;14:54:53
3769;29.9698;29.0113;-256.743;-256.254;-256.692;-256.911;-256.935;-255.972;14:54:53
3770;29.9542;28.9878;-256.743;-256.254;-256.7;-256.911;-256.942;-255.972;14:54:54
3771;29.9464;28.9721;-256.743;-256.254;-256.7;-256.911;-256.942;-255.972;14:54:54
3772;29.9385;28.9721;-256.743;-256.25;-256.692;-256.911;-256.935;-255.972;14:54:55
3773;29.9385;28.9721;-256.743;-256.254;-256.7;-256.911;-256.935;-255.972;14:54:55
3774;29.9464;28.98;-256.743;-256.254;-256.7;-256.903;-256.942;-255.964;14:54:56
3775;29.9542;28.9956;-256.743;-256.254;-256.7;-256.911;-256.942;-255.98;14:54:56
3776;29.9698;28.9956;-256.743;-256.254;-256.7;-256.911;-256.942;-255.972;14:54:57
3777;29.9933;29.0191;-256.743;-256.254;-256.692;-256.911;-256.942;-255.972;14:54:57
3778;30.009;29.023;-256.727;-256.254;-256.7;-256.903;-256.95;-255.972;14:54:58
3779;30.0246;29.0386;-256.735;-256.258;-256.692;-256.911;-256.942;-255.972;14:54:58
3780;30.0363;29.0426;-256.735;-256.254;-256.7;-256.911;-256.95;-255.972;14:54:59
3781;30.0403;29.0543;-256.743;-256.25;-256.7;-256.903;-256.942;-255.98;14:54:59
3782;30.052;29.0621;-256.735;-256.254;-256.692;-256.919;-256.942;-255.972;14:55:00
3783;30.052;29.0621;-256.743;-256.258;-256.7;-256.911;-256.942;-255.972;14:55:00
3784;30.0676;29.0699;-256.735;-256.262;-256.7;-256.919;-256.942;-255.972;14:55:01
3785;30.0598;29.0699;-256.735;-256.254;-256.692;-256.911;-256.95;-255.98;14:55:01
3786;30.0598;29.0699;-256.743;-256.254;-256.7;-256.919;-256.942;-255.972;14:55:02
3787;30.052;29.0699;-256.743;-256.254;-256.7;-256.919;-256.942;-255.98;14:55:02
3788;30.0598;29.0699;-256.743;-256.25;-256.7;-256.911;-256.942;-255.972;14:55:03
3789;30.0442;29.0621;-256.743;-256.25;-256.692;-256.919;-256.942;-255.98;14:55:03
3790;30.0403;29.0465;-256.743;-256.25;-256.7;-256.911;-256.95;-255.972;14:55:04
3791;30.0363;29.0426;-256.747;-256.25;-256.692;-256.919;-256.95;-255.98;14:55:04
3792;30.0324;29.0465;-256.743;-256.25;-256.7;-256.911;-256.95;-255.972;14:55:05
3793;30.0246;29.0386;-256.743;-256.25;-256.692;-256.919;-256.942;-255.98;14:55:05
3794;30.0246;29.0347;-256.743;-256.25;-256.684;-256.919;-256.942;-255.98;14:55:06
3795;30.0011;29.023;-256.743;-256.25;-256.7;-256.919;-256.942;-255.972;14:55:06
3796;29.9855;29.0113;-256.735;-256.25;-256.7;-256.911;-256.942;-255.972;14:55:07
3797;29.9777;29.0034;-256.743;-256.254;-256.692;-256.919;-256.942;-255.972;14:55:07
3798;29.9542;28.9878;-256.735;-256.25;-256.708;-256.919;-256.942;-255.972;14:55:08
3799;29.9464;28.98;-256.735;-256.25;-256.692;-256.911;-256.942;-255.972;14:55:08
3800;29.9464;28.9721;-256.735;-256.25;-256.7;-256.919;-256.95;-255.972;14:55:09
3801;29.9385;28.9643;-256.735;-256.25;-256.7;-256.911;-256.942;-255.964;14:55:09
3802;29.9464;28.98;-256.727;-256.25;-256.7;-256.919;-256.935;-255.964;14:55:10
3803;29.9542;28.9721;-256.743;-256.25;-256.692;-256.919;-256.942;-255.964;14:55:10
3804;29.962;28.9878;-256.735;-256.25;-256.708;-256.911;-256.942;-255.964;14:55:11
3805;29.9855;29.0034;-256.735;-256.25;-256.7;-256.919;-256.942;-255.972;14:55:11
3806;30.0011;29.0191;-256.735;-256.246;-256.7;-256.911;-256.95;-255.964;14:55:12
3807;30.0168;29.0347;-256.743;-256.254;-256.7;-256.919;-256.942;-255.972;14:55:12
3808;30.0324;29.0347;-256.743;-256.246;-256.708;-256.927;-256.942;-255.972;14:55:13
3809;30.0403;29.0426;-256.735;-256.25;-256.708;-256.911;-256.935;-255.972;14:55:13
3810;30.052;29.0465;-256.735;-256.25;-256.7;-256.919;-256.95;-255.972;14:55:14
3811;30.052;29.0465;-256.735;-256.25;-256.7;-256.919;-256.942;-255.972;14:55:14
3812;30.052;29.0621;-256.727;-256.25;-256.7;-256.919;-256.935;-255.972;14:55:15
3813;30.0598;29.0465;-256.743;-256.25;-256.7;-256.919;-256.942;-255.964;14:55:15
3814;30.0442;29.0465;-256.735;-256.25;-256.7;-256.911;-256.95;-255.972;14:55:16
3815;30.052;29.0543;-256.743;-256.25;-256.692;-256.911;-256.942;-255.972;14:55:16
3816;30.052;29.0426;-256.735;-256.25;-256.7;-256.919;-256.935;-255.972;14:55:17
3817;30.0403;29.0426;-256.735;-256.25;-256.692;-256.919;-256.942;-255.98;14:55:17
3818;30.0363;29.0386;-256.735;-256.25;-256.7;-256.911;-256.95;-255.964;14:55:18
3819;30.0363;29.0269;-256.735;-256.25;-256.7;-256.919;-256.95;-255.98;14:55:18
3820;30.0324;29.0308;-256.743;-256.25;-256.7;-256.919;-256.942;-255.972;14:55:19
3821;30.0168;29.0113;-256.735;-256.25;-256.708;-256.919;-256.942;-255.972;14:55:19
3822;30.009;29.0034;-256.735;-256.246;-256.692;-256.911;-256.942;-255.972;14:55:20
3823;30.0011;28.9956;-256.735;-256.25;-256.7;-256.919;-256.942;-255.98;14:55:20
3824;29.9855;28.9878;-256.735;-256.246;-256.692;-256.919;-256.942;-255.98;14:55:21
3825;29.9698;28.9721;-256.735;-256.246;-256.7;-256.919;-256.942;-255.98;14:55:21
3826;29.962;28.9565;-256.735;-256.25;-256.7;-256.919;-256.942;-255.972;14:55:22
3827;29.9464;28.9408;-256.735;-256.246;-256.7;-256.919;-256.942;-255.98;14:55:22
3828;29.9307;28.9408;-256.735;-256.246;-256.7;-256.919;-256.95;-255.98;14:55:23
3829;29.9072;28.9252;-256.735;-256.246;-256.7;-256.919;-256.95;-255.972;14:55:23
3830;29.9072;28.9174;-256.735;-256.246;-256.692;-256.911;-256.942;-255.972;14:55:24
3831;29.8994;28.9174;-256.743;-256.25;-256.7;-256.911;-256.95;-255.972;14:55:24
3832;29.8994;28.9252;-256.735;-256.25;-256.692;-256.919;-256.95;-255.972;14:55:25
3833;29.9072;28.9408;-256.743;-256.246;-256.7;-256.911;-256.942;-255.98;14:55:25
3834;29.9229;28.9487;-256.735;-256.246;-256.7;-256.919;-256.935;-255.972;14:55:26
3835;29.9385;28.9643;-256.727;-256.25;-256.7;-256.919;-256.95;-255.972;14:55:26
3836;29.9542;28.98;-256.735;-256.246;-256.692;-256.911;-256.95;-255.972;14:55:27
3837;29.9855;29.0034;-256.727;-256.25;-256.7;-256.919;-256.95;-255.964;14:55:27
3838;30.0011;29.0191;-256.735;-256.246;-256.692;-256.919;-256.958;-255.964;14:55:28
3839;30.0246;29.0347;-256.735;-256.246;-256.7;-256.919;-256.958;-255.972;14:55:28
3840;30.0403;29.0504;-256.735;-256.25;-256.708;-256.919;-256.95;-255.972;14:55:29
3841;30.0676;29.0621;-256.727;-256.246;-256.7;-256.919;-256.95;-255.972;14:55:29
3842;30.0833;29.0699;-256.735;-256.25;-256.692;-256.919;-256.95;-255.972;14:55:30
3843;30.0989;29.0856;-256.743;-256.25;-256.708;-256.919;-256.942;-255.964;14:55:30
3844;30.1068;29.0856;-256.743;-256.25;-256.7;-256.911;-256.95;-255.98;14:55:31
3845;30.1224;29.0934;-256.735;-256.246;-256.7;-256.919;-256.942;-255.972;14:55:31
3846;30.1224;29.0856;-256.743;-256.25;-256.708;-256.919;-256.942;-255.972;14:55:32
3847;30.1224;29.0934;-256.735;-256.25;-256.7;-256.919;-256.958;-255.972;14:55:32
3848;30.1224;29.0856;-256.743;-256.25;-256.7;-256.919;-256.95;-255.972;14:55:33
3849;30.1224;29.0856;-256.743;-256.25;-256.7;-256.911;-256.942;-255.972;14:55:33
3850;30.1146;29.0856;-256.735;-256.25;-256.7;-256.919;-256.95;-255.972;14:55:34
3851;30.1068;29.0778;-256.743;-256.246;-256.7;-256.919;-256.95;-255.972;14:55:34
3852;30.0989;29.0778;-256.735;-256.25;-256.7;-256.919;-256.958;-255.98;14:55:35
3853;30.0833;29.0621;-256.735;-256.246;-256.7;-256.919;-256.942;-255.972;14:55:35
3854;30.0755;29.0543;-256.743;-256.25;-256.7;-256.919;-256.95;-255.972;14:55:36
3855;30.0676;29.0465;-256.735;-256.254;-256.708;-256.919;-256.958;-255.972;14:55:36
3856;30.052;29.0386;-256.735;-256.25;-256.708;-256.911;-256.95;-255.972;14:55:37
3857;30.0442;29.0347;-256.743;-256.25;-256.7;-256.919;-256.958;-255.972;14:55:37
3858;30.0324;29.023;-256.739;-256.254;-256.708;-256.919;-256.958;-255.972;14:55:38
3859;30.0285;29.0191;-256.735;-256.254;-256.708;-256.919;-256.95;-255.972;14:55:38
3860;30.0168;29.0113;-256.747;-256.25;-256.708;-256.919;-256.95;-255.972;14:55:39
3861;29.9933;28.9956;-256.743;-256.25;-256.7;-256.919;-256.942;-255.964;14:55:39
3862;29.9777;28.9878;-256.743;-256.246;-256.7;-256.919;-256.942;-255.972;14:55:40
3863;29.9698;28.98;-256.735;-256.246;-256.7;-256.919;-256.942;-255.964;14:55:40
3864;29.9464;28.9565;-256.739;-256.25;-256.692;-256.911;-256.942;-255.972;14:55:41
3865;29.9385;28.9565;-256.743;-256.246;-256.7;-256.919;-256.95;-255.964;14:55:41
3866;29.9229;28.933;-256.735;-256.246;-256.7;-256.911;-256.942;-255.972;14:55:42
3867;29.9072;28.9252;-256.747;-256.246;-256.7;-256.919;-256.95;-255.972;14:55:42
3868;29.9151;28.933;-256.743;-256.25;-256.692;-256.911;-256.942;-255.972;14:55:43
3869;29.9151;28.933;-256.727;-256.246;-256.7;-256.919;-256.942;-255.964;14:55:43
3870;29.9229;28.9487;-256.727;-256.246;-256.7;-256.919;-256.95;-255.964;14:55:44
3871;29.9385;28.9565;-256.735;-256.246;-256.7;-256.919;-256.942;-255.972;14:55:44
3872;29.9542;28.98;-256.727;-256.246;-256.708;-256.919;-256.95;-255.964;14:55:45
3873;29.9698;28.9956;-256.735;-256.25;-256.7;-256.919;-256.95;-255.972;14:55:45
3874;30.009;29.0113;-256.735;-256.25;-256.7;-256.911;-256.958;-255.972;14:55:46
3875;30.0207;29.0308;-256.735;-256.25;-256.7;-256.919;-256.95;-255.972;14:55:46
3876;30.0481;29.0386;-256.727;-256.25;-256.7;-256.919;-256.942;-255.98;14:55:47
3877;30.0598;29.0465;-256.735;-256.254;-256.708;-256.911;-256.95;-255.98;14:55:47
3878;30.0755;29.0621;-256.735;-256.25;-256.7;-256.919;-256.95;-255.972;14:55:48
3879;30.0911;29.0621;-256.727;-256.254;-256.708;-256.919;-256.958;-255.98;14:55:48
3880;30.0911;29.0699;-256.735;-256.25;-256.7;-256.919;-256.958;-255.98;14:55:49
3881;30.0989;29.0699;-256.735;-256.25;-256.708;-256.919;-256.958;-255.972;14:55:49
3882;30.1068;29.0778;-256.727;-256.25;-256.7;-256.919;-256.95;-255.98;14:55:50
3883;30.1068;29.0699;-256.743;-256.25;-256.708;-256.919;-256.95;-255.972;14:55:50
3884;30.0989;29.0621;-256.727;-256.25;-256.7;-256.919;-256.95;-255.98;14:55:51
3885;30.0911;29.0621;-256.735;-256.25;-256.7;-256.919;-256.942;-255.972;14:55:51
3886;30.0911;29.0621;-256.727;-256.25;-256.7;-256.911;-256.95;-255.98;14:55:52
3887;30.0833;29.0543;-256.735;-256.25;-256.7;-256.919;-256.942;-255.972;14:55:52
3888;30.0676;29.0543;-256.727;-256.246;-256.7;-256.911;-256.942;-255.98;14:55:53
3889;30.0676;29.0465;-256.735;-256.25;-256.7;-256.911;-256.942;-255.98;14:55:53
3890;30.0442;29.0386;-256.735;-256.25;-256.708;-256.911;-256.942;-255.972;14:55:54
3891;30.0481;29.0426;-256.735;-256.254;-256.7;-256.911;-256.942;-255.972;14:55:54
3892;30.0324;29.0347;-256.743;-256.25;-256.7;-256.919;-256.942;-255.972;14:55:55
3893;30.0285;29.0308;-256.735;-256.25;-256.7;-256.903;-256.942;-255.98;14:55:55
3894;30.0168;29.0269;-256.735;-256.25;-256.708;-256.919;-256.942;-255.972;14:55:56
3895;30.0011;29.0269;-256.735;-256.246;-256.7;-256.911;-256.942;-255.972;14:55:56
3896;29.9855;29.0113;-256.747;-256.246;-256.708;-256.903;-256.95;-255.98;14:55:57
3897;29.9698;29.0113;-256.735;-256.246;-256.7;-256.911;-256.942;-255.98;14:55:57
3898;29.962;28.9956;-256.743;-256.242;-256.7;-256.911;-256.95;-255.972;14:55:58
3899;29.9464;28.9878;-256.743;-256.246;-256.7;-256.903;-256.942;-255.98;14:55:58
3900;29.9385;28.98;-256.743;-256.246;-256.7;-256.911;-256.95;-255.98;14:55:59
3901;29.9464;28.98;-256.735;-256.242;-256.7;-256.903;-256.95;-255.972;14:55:59
3902;29.9464;28.98;-256.735;-256.246;-256.7;-256.911;-256.95;-255.964;14:56:00
3903;29.962;28.9956;-256.735;-256.242;-256.708;-256.911;-256.95;-255.972;14:56:00
3904;29.9698;29.0034;-256.743;-256.246;-256.692;-256.903;-256.942;-255.98;14:56:01
3905;29.9855;29.0269;-256.735;-256.242;-256.7;-256.911;-256.95;-255.972;14:56:01
3906;30.009;29.0308;-256.735;-256.246;-256.7;-256.911;-256.935;-255.972;14:56:02
3907;30.0246;29.0386;-256.735;-256.246;-256.708;-256.919;-256.95;-255.972;14:56:02
3908;30.0324;29.0465;-256.743;-256.242;-256.7;-256.911;-256.935;-255.98;14:56:03
3909;30.0403;29.0621;-256.743;-256.246;-256.708;-256.911;-256.942;-255.972;14:56:03
3910;30.052;29.0621;-256.743;-256.246;-256.708;-256.911;-256.942;-255.98;14:56:04
3911;30.0676;29.0699;-256.743;-256.246;-256.7;-256.911;-256.942;-255.972;14:56:04
3912;30.0676;29.0699;-256.735;-256.246;-256.7;-256.911;-256.942;-255.98;14:56:05
3913;30.0676;29.0621;-256.743;-256.246;-256.7;-256.911;-256.935;-255.98;14:56:05
3914;30.0676;29.0699;-256.735;-256.242;-256.708;-256.919;-256.942;-255.98;14:56:06
3915;30.0598;29.0621;-256.735;-256.246;-256.7;-256.911;-256.95;-255.972;14:56:06
3916;30.0598;29.0543;-256.743;-256.242;-256.7;-256.919;-256.942;-255.98;14:56:07
3917;30.052;29.0543;-256.735;-256.246;-256.708;-256.911;-256.942;-255.98;14:56:07
3918;30.0481;29.0426;-256.735;-256.246;-256.708;-256.911;-256.942;-255.98;14:56:08
3919;30.0403;29.0386;-256.735;-256.25;-256.708;-256.911;-256.942;-255.972;14:56:08
3920;30.0324;29.0347;-256.719;-256.246;-256.708;-256.911;-256.942;-255.98;14:56:09
3921;30.0246;29.0269;-256.719;-256.25;-256.708;-256.919;-256.942;-255.98;14:56:09
3922;30.0168;29.0191;-256.735;-256.25;-256.7;-256.919;-256.942;-255.98;14:56:10
3923;30.0011;29.0113;-256.735;-256.246;-256.7;-256.911;-256.942;-255.972;14:56:10
3924;29.9777;29.0034;-256.743;-256.246;-256.7;-256.919;-256.958;-255.98;14:56:11
3925;29.9777;28.98;-256.727;-256.246;-256.708;-256.911;-256.95;-255.972;14:56:11
3926;29.962;28.98;-256.739;-256.246;-256.7;-256.911;-256.942;-255.98;14:56:12
3927;29.9464;28.9643;-256.743;-256.246;-256.708;-256.919;-256.958;-255.964;14:56:12
3928;29.9385;28.9487;-256.735;-256.246;-256.7;-256.911;-256.95;-255.972;14:56:13
3929;29.9229;28.9487;-256.743;-256.242;-256.7;-256.919;-256.95;-255.972;14:56:13
3930;29.9151;28.9487;-256.735;-256.246;-256.7;-256.919;-256.942;-255.972;14:56:14
3931;29.9307;28.9487;-256.743;-256.242;-256.708;-256.919;-256.958;-255.972;14:56:14
3932;29.9307;28.9487;-256.735;-256.246;-256.708;-256.911;-256.95;-255.972;14:56:15
3933;29.9542;28.9721;-256.743;-256.242;-256.708;-256.919;-256.95;-255.972;14:56:15
3934;29.962;28.9878;-256.735;-256.246;-256.7;-256.927;-256.942;-255.972;14:56:16
3935;29.9855;28.9878;-256.747;-256.242;-256.708;-256.911;-256.958;-255.972;14:56:16
3936;30.009;29.0191;-256.743;-256.246;-256.7;-256.911;-256.95;-255.972;14:56:17
3937;30.0246;29.0308;-256.743;-256.246;-256.708;-256.911;-256.95;-255.972;14:56:17
3938;30.0403;29.0386;-256.743;-256.246;-256.7;-256.911;-256.95;-255.972;14:56:18
3939;30.052;29.0465;-256.747;-256.242;-256.7;-256.911;-256.942;-255.972;14:56:18
3940;30.0676;29.0543;-256.743;-256.246;-256.708;-256.911;-256.942;-255.98;14:56:19
3941;30.0755;29.0621;-256.735;-256.242;-256.7;-256.919;-256.942;-255.972;14:56:19
3942;30.0833;29.0621;-256.747;-256.25;-256.7;-256.911;-256.95;-255.972;14:56:20
3943;30.0911;29.0621;-256.735;-256.246;-256.7;-256.919;-256.942;-255.972;14:56:20
3944;30.0833;29.0543;-256.743;-256.246;-256.7;-256.919;-256.942;-255.98;14:56:21
3945;30.0755;29.0621;-256.735;-256.246;-256.692;-256.911;-256.942;-255.98;14:56:21
3946;30.0598;29.0465;-256.743;-256.246;-256.7;-256.911;-256.942;-255.98;14:56:22
3947;30.0676;29.0465;-256.743;-256.25;-256.7;-256.919;-256.942;-255.972;14:56:22
3948;30.052;29.0465;-256.743;-256.246;-256.7;-256.919;-256.942;-255.98;14:56:23
3949;30.0442;29.0386;-256.743;-256.246;-256.708;-256.911;-256.935;-255.972;14:56:23
3950;30.0363;29.0386;-256.739;-256.246;-256.7;-256.911;-256.942;-255.98;14:56:24
3951;30.0363;29.0347;-256.735;-256.246;-256.7;-256.919;-256.942;-255.98;14:56:24
3952;30.0285;29.0269;-256.743;-256.246;-256.7;-256.911;-256.942;-255.972;14:56:25
3953;30.0285;29.0191;-256.735;-256.246;-256.7;-256.919;-256.95;-255.98;14:56:25
3954;30.0168;29.0113;-256.747;-256.246;-256.7;-256.911;-256.942;-255.972;14:56:26
3955;30.0168;28.9956;-256.743;-256.246;-256.7;-256.919;-256.95;-255.98;14:56:26
3956;29.9933;28.9878;-256.743;-256.246;-256.7;-256.919;-256.942;-255.98;14:56:27
3957;29.9698;28.98;-256.743;-256.25;-256.7;-256.911;-256.95;-255.972;14:56:27
3958;29.962;28.9643;-256.747;-256.25;-256.7;-256.919;-256.935;-255.972;14:56:28
3959;29.9464;28.9487;-256.743;-256.242;-256.7;-256.911;-256.942;-255.972;14:56:28
3960;29.9229;28.9487;-256.743;-256.246;-256.7;-256.919;-256.942;-255.972;14:56:29
3961;29.9229;28.933;-256.743;-256.246;-256.708;-256.911;-256.942;-255.972;14:56:29
3962;29.9151;28.9408;-256.743;-256.242;-256.7;-256.911;-256.95;-255.972;14:56:30
3963;29.9229;28.933;-256.743;-256.246;-256.7;-256.911;-256.942;-255.972;14:56:30
3964;29.9151;28.9487;-256.747;-256.246;-256.7;-256.919;-256.942;-255.98;14:56:31
3965;29.9464;28.9643;-256.743;-256.242;-256.692;-256.911;-256.95;-255.972;14:56:31
3966;29.9542;28.9721;-256.743;-256.246;-256.7;-256.919;-256.942;-255.98;14:56:32
3967;29.9777;28.9878;-256.747;-256.246;-256.7;-256.911;-256.942;-255.972;14:56:32
3968;29.9933;29.0113;-256.747;-256.242;-256.7;-256.911;-256.942;-255.972;14:56:33
3969;30.0246;29.0308;-256.743;-256.246;-256.7;-256.911;-256.95;-255.972;14:56:33
3970;30.0285;29.0347;-256.743;-256.246;-256.7;-256.911;-256.942;-255.98;14:56:34
3971;30.0403;29.0504;-256.747;-256.242;-256.692;-256.911;-256.942;-255.972;14:56:34
3972;30.0442;29.0465;-256.743;-256.246;-256.7;-256.911;-256.942;-255.972;14:56:35
3973;30.0442;29.0543;-256.743;-256.242;-256.7;-256.911;-256.942;-255.972;14:56:35
3974;30.052;29.0543;-256.743;-256.242;-256.7;-256.911;-256.935;-255.972;14:56:36
3975;30.052;29.0543;-256.747;-256.246;-256.692;-256.911;-256.942;-255.964;14:56:36
3976;30.0598;29.0465;-256.743;-256.246;-256.708;-256.911;-256.935;-255.972;14:56:37
3977;30.0598;29.0543;-256.743;-256.246;-256.692;-256.919;-256.942;-255.964;14:56:37
3978;30.052;29.0465;-256.743;-256.246;-256.7;-256.911;-256.942;-255.98;14:56:38
3979;30.0442;29.0465;-256.743;-256.242;-256.708;-256.911;-256.942;-255.972;14:56:38
3980;30.0442;29.0465;-256.743;-256.246;-256.692;-256.919;-256.942;-255.972;14:56:39
3981;30.0363;29.0426;-256.743;-256.246;-256.7;-256.919;-256.935;-255.972;14:56:39
3982;30.0285;29.0386;-256.743;-256.246;-256.692;-256.919;-256.935;-255.972;14:56:40
3983;30.0246;29.0386;-256.743;-256.246;-256.7;-256.919;-256.942;-255.972;14:56:40
3984;30.0168;29.0347;-256.743;-256.25;-256.7;-256.911;-256.942;-255.972;14:56:41
3985;29.9933;29.0269;-256.747;-256.242;-256.708;-256.919;-256.935;-255.972;14:56:41
3986;29.9777;29.0191;-256.743;-256.246;-256.692;-256.911;-256.935;-255.972;14:56:42
3987;29.9698;29.0113;-256.743;-256.246;-256.7;-256.919;-256.942;-255.98;14:56:42
3988;29.962;28.9956;-256.743;-256.246;-256.7;-256.919;-256.942;-255.972;14:56:43
3989;29.9542;29.0034;-256.747;-256.246;-256.7;-256.919;-256.942;-255.972;14:56:43
3990;29.9464;29.0034;-256.743;-256.242;-256.692;-256.927;-256.942;-255.972;14:56:44
3991;29.962;29.0113;-256.743;-256.242;-256.7;-256.919;-256.935;-255.98;14:56:44
3992;29.9698;29.0113;-256.747;-256.246;-256.692;-256.919;-256.942;-255.98;14:56:45
3993;29.9777;29.0269;-256.743;-256.242;-256.7;-256.911;-256.942;-255.972;14:56:45
3994;30.0011;29.0308;-256.747;-256.246;-256.692;-256.919;-256.942;-255.964;14:56:46
3995;30.009;29.0347;-256.743;-256.242;-256.692;-256.911;-256.942;-255.972;14:56:46
3996;30.0285;29.0386;-256.743;-256.246;-256.7;-256.919;-256.942;-255.98;14:56:47
3997;30.0363;29.0465;-256.747;-256.246;-256.692;-256.919;-256.95;-255.98;14:56:47
3998;30.0363;29.0621;-256.743;-256.246;-256.7;-256.919;-256.942;-255.972;14:56:48
3999;30.0442;29.0621;-256.743;-256.25;-256.7;-256.919;-256.95;-255.972;14:56:48
4000;30.0403;29.0699;-256.743;-256.246;-256.7;-256.919;-256.942;-255.98;14:56:49
4001;30.0363;29.0699;-256.747;-256.246;-256.708;-256.919;-256.95;-255.972;14:56:49
4002;30.0403;29.0621;-256.743;-256.25;-256.7;-256.919;-256.942;-255.98;14:56:50
4003;30.0363;29.0621;-256.743;-256.25;-256.7;-256.919;-256.942;-255.972;14:56:50
4004;30.0363;29.0543;-256.743;-256.25;-256.7;-256.911;-256.95;-255.972;14:56:51
4005;30.0324;29.0465;-256.743;-256.246;-256.7;-256.919;-256.95;-255.98;14:56:51
4006;30.0246;29.0426;-256.743;-256.25;-256.7;-256.919;-256.942;-255.972;14:56:52
4007;30.0168;29.0347;-256.743;-256.242;-256.7;-256.919;-256.935;-255.964;14:56:52
4008;30.0011;29.0347;-256.743;-256.246;-256.7;-256.919;-256.942;-255.98;14:56:53
4009;29.9933;29.0269;-256.743;-256.246;-256.708;-256.919;-256.935;-255.972;14:56:53
4010;29.9855;29.0191;-256.743;-256.246;-256.692;-256.919;-256.935;-255.972;14:56:54
4011;29.962;29.0034;-256.735;-256.246;-256.692;-256.919;-256.942;-255.972;14:56:54
4012;29.9542;29.0113;-256.735;-256.246;-256.7;-256.919;-256.935;-255.98;14:56:55
4013;29.9542;28.9956;-256.727;-256.246;-256.692;-256.919;-256.942;-255.972;14:56:55
4014;29.9385;28.9878;-256.735;-256.246;-256.7;-256.919;-256.942;-255.98;14:56:56
4015;29.9464;28.9956;-256.735;-256.242;-256.692;-256.919;-256.942;-255.98;14:56:56
4016;29.9464;29.0034;-256.735;-256.246;-256.7;-256.919;-256.935;-255.972;14:56:57
4017;29.9542;29.0191;-256.735;-256.25;-256.692;-256.919;-256.935;-255.98;14:56:57
4018;29.962;29.0308;-256.735;-256.242;-256.692;-256.919;-256.935;-255.972;14:56:58
4019;29.9777;29.0347;-256.735;-256.246;-256.692;-256.911;-256.942;-255.98;14:56:58
4020;30.009;29.0426;-256.727;-256.246;-256.692;-256.919;-256.942;-255.972;14:56:59
4021;30.0207;29.0465;-256.735;-256.25;-256.692;-256.919;-256.942;-255.98;14:56:59
4022;30.0363;29.0699;-256.743;-256.25;-256.692;-256.911;-256.942;-255.98;14:57:00
4023;30.052;29.0856;-256.735;-256.246;-256.692;-256.903;-256.95;-255.98;14:57:00
4024;30.0676;29.0934;-256.743;-256.25;-256.7;-256.911;-256.935;-255.98;14:57:01
4025;30.0755;29.0934;-256.743;-256.246;-256.7;-256.911;-256.942;-255.98;14:57:01
4026;30.0833;29.0934;-256.743;-256.25;-256.7;-256.919;-256.942;-255.98;14:57:02
4027;30.0833;29.0934;-256.735;-256.25;-256.692;-256.911;-256.942;-255.98;14:57:02
4028;30.0833;29.0934;-256.735;-256.246;-256.7;-256.911;-256.935;-255.98;14:57:03
4029;30.0833;29.0856;-256.735;-256.25;-256.7;-256.911;-256.935;-255.98;14:57:03
4030;30.0833;29.0778;-256.743;-256.25;-256.7;-256.911;-256.942;-255.972;14:57:04
4031;30.0676;29.0778;-256.743;-256.25;-256.692;-256.911;-256.942;-255.98;14:57:04
4032;30.0676;29.0621;-256.743;-256.246;-256.692;-256.911;-256.935;-255.98;14:57:05
4033;30.052;29.0621;-256.735;-256.246;-256.7;-256.911;-256.942;-255.972;14:57:05
4034;30.0442;29.0543;-256.743;-256.246;-256.692;-256.911;-256.942;-255.98;14:57:06
4035;30.0363;29.0465;-256.743;-256.246;-256.692;-256.911;-256.942;-255.98;14:57:06
4036;30.0324;29.0465;-256.743;-256.25;-256.7;-256.911;-256.942;-255.972;14:57:07
4037;30.0246;29.0426;-256.743;-256.25;-256.692;-256.919;-256.942;-255.98;14:57:07
4038;30.0168;29.0347;-256.735;-256.25;-256.7;-256.911;-256.942;-255.98;14:57:08
4039;30.0011;29.0308;-256.743;-256.25;-256.7;-256.911;-256.935;-255.972;14:57:08
4040;29.9855;29.0269;-256.743;-256.25;-256.692;-256.911;-256.935;-255.98;14:57:09
4041;29.9777;29.023;-256.743;-256.254;-256.692;-256.911;-256.942;-255.972;14:57:09
4042;29.962;29.0034;-256.735;-256.25;-256.692;-256.911;-256.942;-255.972;14:57:10
4043;29.9464;28.9956;-256.735;-256.25;-256.692;-256.911;-256.942;-255.98;14:57:10
4044;29.9464;28.9878;-256.735;-256.25;-256.692;-256.911;-256.942;-255.972;14:57:11
4045;29.9385;28.98;-256.735;-256.25;-256.692;-256.911;-256.95;-255.972;14:57:11
4046;29.9307;28.9878;-256.727;-256.25;-256.7;-256.903;-256.942;-255.98;14:57:12
4047;29.9464;28.9956;-256.743;-256.254;-256.7;-256.911;-256.942;-255.98;14:57:12
4048;29.9542;29.0034;-256.735;-256.25;-256.684;-256.911;-256.95;-255.98;14:57:13
4049;29.9698;29.0113;-256.743;-256.25;-256.7;-256.911;-256.95;-255.98;14:57:13
4050;29.9933;29.0308;-256.743;-256.254;-256.692;-256.911;-256.942;-255.972;14:57:14
4051;30.0207;29.0386;-256.743;-256.254;-256.692;-256.919;-256.935;-255.98;14:57:14
4052;30.0324;29.0465;-256.743;-256.254;-256.692;-256.919;-256.942;-255.972;14:57:15
4053;30.0403;29.0699;-256.743;-256.254;-256.692;-256.911;-256.935;-255.972;14:57:15
4054;30.052;29.0856;-256.743;-256.254;-256.692;-256.911;-256.942;-255.972;14:57:16
4055;30.0676;29.0934;-256.735;-256.254;-256.692;-256.919;-256.942;-255.98;14:57:16
4056;30.0676;29.0856;-256.743;-256.25;-256.684;-256.903;-256.95;-255.98;14:57:17
4057;30.0755;29.0934;-256.735;-256.25;-256.7;-256.919;-256.942;-255.972;14:57:17
4058;30.0833;29.1012;-256.743;-256.254;-256.692;-256.903;-256.95;-255.98;14:57:18
4059;30.0755;29.0856;-256.743;-256.25;-256.7;-256.903;-256.942;-255.972;14:57:18
4060;30.0833;29.0934;-256.743;-256.254;-256.692;-256.911;-256.95;-255.972;14:57:19
4061;30.0755;29.1012;-256.735;-256.25;-256.7;-256.895;-256.95;-255.972;14:57:19
4062;30.0676;29.0934;-256.743;-256.25;-256.692;-256.903;-256.95;-255.972;14:57:20
4063;30.0598;29.0856;-256.743;-256.254;-256.7;-256.903;-256.942;-255.972;14:57:20
4064;30.052;29.0778;-256.743;-256.25;-256.7;-256.903;-256.958;-255.964;14:57:21
4065;30.0442;29.0699;-256.743;-256.254;-256.692;-256.903;-256.95;-255.972;14:57:21
4066;30.0363;29.0543;-256.743;-256.25;-256.7;-256.903;-256.95;-255.972;14:57:22
4067;30.0324;29.0543;-256.743;-256.25;-256.692;-256.911;-256.95;-255.972;14:57:22
4068;30.0246;29.0465;-256.743;-256.25;-256.692;-256.903;-256.95;-255.972;14:57:23
4069;30.0168;29.0386;-256.743;-256.254;-256.692;-256.903;-256.958;-255.972;14:57:23
4070;30.0011;29.0347;-256.743;-256.254;-256.7;-256.911;-256.958;-255.964;14:57:24
4071;29.9777;29.0269;-256.743;-256.25;-256.7;-256.903;-256.95;-255.972;14:57:24
4072;29.962;29.0191;-256.743;-256.254;-256.692;-256.911;-256.95;-255.98;14:57:25
4073;29.9542;29.0034;-256.747;-256.25;-256.7;-256.903;-256.95;-255.972;14:57:25
4074;29.9464;28.9956;-256.735;-256.25;-256.692;-256.903;-256.942;-255.98;14:57:26
4075;29.9307;28.9956;-256.727;-256.25;-256.7;-256.903;-256.95;-255.972;14:57:26
4076;29.9307;28.98;-256.727;-256.25;-256.7;-256.903;-256.942;-255.98;14:57:27
4077;29.9229;28.9878;-256.735;-256.25;-256.684;-256.903;-256.95;-255.972;14:57:27
4078;29.9229;28.9956;-256.727;-256.246;-256.692;-256.911;-256.942;-255.98;14:57:28
4079;29.9464;29.0034;-256.735;-256.25;-256.684;-256.911;-256.95;-255.964;14:57:28
4080;29.9542;29.0113;-256.735;-256.25;-256.684;-256.903;-256.95;-255.972;14:57:29
4081;29.9698;29.0308;-256.727;-256.25;-256.692;-256.911;-256.95;-255.972;14:57:29
4082;30.0011;29.0386;-256.735;-256.25;-256.692;-256.903;-256.95;-255.964;14:57:30
4083;30.0168;29.0504;-256.735;-256.25;-256.676;-256.911;-256.95;-255.98;14:57:30
4084;30.0363;29.0621;-256.743;-256.25;-256.684;-256.903;-256.95;-255.964;14:57:31
4085;30.0598;29.0778;-256.747;-256.254;-256.684;-256.911;-256.95;-255.972;14:57:31
4086;30.0755;29.0934;-256.743;-256.25;-256.684;-256.903;-256.942;-255.964;14:57:32
4087;30.0911;29.1012;-256.747;-256.25;-256.692;-256.911;-256.942;-255.972;14:57:32
4088;30.0989;29.1091;-256.743;-256.254;-256.684;-256.911;-256.958;-255.972;14:57:33
4089;30.0989;29.1091;-256.747;-256.25;-256.692;-256.911;-256.942;-255.972;14:57:33
4090;30.1068;29.1091;-256.735;-256.25;-256.684;-256.919;-256.95;-255.972;14:57:34
4091;30.0911;29.1091;-256.743;-256.254;-256.692;-256.919;-256.95;-255.972;14:57:34
4092;30.0911;29.1091;-256.743;-256.25;-256.692;-256.911;-256.95;-255.98;14:57:35
4093;30.0911;29.0934;-256.747;-256.254;-256.692;-256.919;-256.95;-255.972;14:57:35
4094;30.0755;29.0934;-256.743;-256.25;-256.692;-256.903;-256.95;-255.972;14:57:36
4095;30.0755;29.0856;-256.747;-256.25;-256.692;-256.919;-256.95;-255.98;14:57:36
4096;30.0676;29.0856;-256.735;-256.246;-256.692;-256.911;-256.95;-255.964;14:57:37
4097;30.0598;29.0699;-256.743;-256.254;-256.692;-256.911;-256.95;-255.972;14:57:37
4098;30.0442;29.0621;-256.743;-256.25;-256.692;-256.911;-256.95;-255.972;14:57:38
4099;30.0481;29.0621;-256.743;-256.25;-256.684;-256.911;-256.942;-255.98;14:57:38
4100;30.0363;29.0543;-256.735;-256.25;-256.692;-256.911;-256.95;-255.972;14:57:39
4101;30.0246;29.0426;-256.743;-256.25;-256.692;-256.919;-256.942;-255.98;14:57:39
4102;30.0168;29.0426;-256.735;-256.25;-256.7;-256.911;-256.942;-255.972;14:57:40
4103;29.9933;29.0347;-256.743;-256.25;-256.692;-256.919;-256.942;-255.98;14:57:40
4104;29.9855;29.0269;-256.727;-256.246;-256.684;-256.911;-256.942;-255.972;14:57:41
4105;29.9698;29.0191;-256.743;-256.254;-256.7;-256.911;-256.95;-255.98;14:57:41
4106;29.9542;29.0034;-256.735;-256.25;-256.692;-256.911;-256.95;-255.972;14:57:42
4107;29.9307;28.9956;-256.743;-256.25;-256.684;-256.919;-256.942;-255.98;14:57:42
4108;29.9229;28.9721;-256.735;-256.25;-256.692;-256.911;-256.958;-255.972;14:57:43
4109;29.9229;28.9721;-256.743;-256.25;-256.692;-256.911;-256.95;-255.98;14:57:43
4110;29.9229;28.98;-256.735;-256.254;-256.692;-256.903;-256.958;-255.972;14:57:44
4111;29.9307;28.9878;-256.735;-256.25;-256.692;-256.919;-256.942;-255.98;14:57:44
4112;29.9385;28.9956;-256.735;-256.25;-256.692;-256.911;-256.942;-255.972;14:57:45
4113;29.9542;29.0113;-256.743;-256.254;-256.684;-256.911;-256.95;-255.972;14:57:45
4114;29.9698;29.0191;-256.727;-256.25;-256.692;-256.911;-256.935;-255.972;14:57:46
4115;29.9933;29.0347;-256.719;-256.254;-256.692;-256.911;-256.942;-255.98;14:57:46
4116;30.0168;29.0426;-256.727;-256.25;-256.692;-256.911;-256.942;-255.972;14:57:47
4117;30.0324;29.0621;-256.735;-256.246;-256.692;-256.911;-256.935;-255.972;14:57:47
4118;30.0403;29.0699;-256.735;-256.25;-256.692;-256.903;-256.935;-255.98;14:57:48
4119;30.052;29.0856;-256.727;-256.254;-256.692;-256.919;-256.942;-255.972;14:57:48
4120;30.0676;29.1012;-256.735;-256.25;-256.7;-256.911;-256.942;-255.98;14:57:49
4121;30.0755;29.1091;-256.727;-256.254;-256.692;-256.919;-256.935;-255.98;14:57:49
4122;30.0911;29.1169;-256.735;-256.25;-256.7;-256.911;-256.942;-255.972;14:57:50
4123;30.0911;29.1169;-256.727;-256.25;-256.692;-256.911;-256.935;-255.98;14:57:50
4124;30.1068;29.1247;-256.735;-256.254;-256.692;-256.911;-256.935;-255.98;14:57:51
4125;30.0989;29.1247;-256.727;-256.254;-256.7;-256.911;-256.927;-255.98;14:57:51
4126;30.1068;29.1404;-256.727;-256.25;-256.708;-256.903;-256.935;-255.98;14:57:52
4127;30.1068;29.1325;-256.719;-256.25;-256.7;-256.911;-256.935;-255.98;14:57:52
4128;30.1224;29.1482;-256.727;-256.254;-256.7;-256.903;-256.935;-255.98;14:57:53
4129;30.1146;29.156;-256.719;-256.25;-256.692;-256.903;-256.942;-255.988;14:57:53
4130;30.1224;29.1638;-256.727;-256.25;-256.692;-256.911;-256.942;-255.98;14:57:54
4131;30.1224;29.1795;-256.727;-256.25;-256.7;-256.911;-256.95;-255.98;14:57:54
