Number;DT1;DT2;DT3;DT4;DT5;DT6;DT7;DT8;P_now;T_imp;K_prop;T_stab;Time
2;27.8101;27.8727;27.4463;-256.269;-256.676;-256.88;-256.95;-255.937;0;None;1000;None;12:57:39.768
3;27.8101;27.8805;27.4463;-256.262;-256.676;-256.88;-256.95;-255.941;0;None;1000;None;12:57:39.805
4;27.8101;27.8805;27.4463;-256.262;-256.684;-256.88;-256.95;-255.937;0;None;1000;None;12:57:40.304
5;27.8101;27.8727;27.4384;-256.269;-256.676;-256.88;-256.958;-255.937;0;None;1000;None;12:57:40.805
6;27.8101;27.8727;27.4463;-256.269;-256.676;-256.88;-256.942;-255.937;0;None;1000;None;12:57:41.302
7;27.8101;27.8727;27.4384;-256.269;-256.668;-256.88;-256.942;-255.937;0;None;1000;None;12:57:41.806
8;27.8101;27.8805;27.4463;-256.269;-256.676;-256.88;-256.95;-255.937;0;None;1000;None;12:57:42.307
9;27.8101;27.8727;27.4384;-256.262;-256.676;-256.888;-256.942;-255.937;0;None;1000;None;12:57:42.806
10;27.8101;27.8805;27.4384;-256.269;-256.676;-256.88;-256.95;-255.937;0;None;1000;None;12:57:43.306
11;27.8101;27.8805;27.4306;-256.269;-256.676;-256.88;-256.942;-255.937;0;None;1000;None;12:57:43.806
12;27.8101;27.8727;27.4384;-256.277;-256.676;-256.88;-256.95;-255.933;0;None;1000;None;12:57:44.303
13;27.8179;27.8884;27.4463;-256.269;-256.676;-256.88;-256.942;-255.933;0;None;1000;None;12:57:44.805
14;27.8179;27.8727;27.4463;-256.262;-256.676;-256.88;-256.942;-255.937;0;None;1000;None;12:57:45.307
15;27.8101;27.8805;27.4541;-256.269;-256.668;-256.88;-256.95;-255.933;0;None;1000;None;12:57:45.807
16;27.8179;27.8805;27.4463;-256.269;-256.668;-256.88;-256.95;-255.937;0;None;1000;None;12:57:46.307
17;27.8258;27.8805;27.4463;-256.269;-256.676;-256.88;-256.95;-255.933;0;None;1000;None;12:57:46.805
18;27.8258;27.8727;27.4384;-256.269;-256.668;-256.888;-256.958;-255.933;0;None;1000;None;12:57:47.298
19;27.8258;27.8727;27.4384;-256.277;-256.676;-256.88;-256.95;-255.937;0;None;1000;None;12:57:47.805
20;27.8179;27.8805;27.4384;-256.269;-256.668;-256.895;-256.942;-255.933;0;None;1000;None;12:57:48.305
21;27.8179;27.8884;27.4463;-256.269;-256.676;-256.888;-256.942;-255.933;0;None;1000;None;12:57:48.801
22;27.8179;27.8727;27.4463;-256.262;-256.676;-256.888;-256.942;-255.933;0;None;1000;None;12:57:49.306
23;27.8258;27.8805;27.4463;-256.269;-256.684;-256.895;-256.95;-255.937;0;None;1000;None;12:57:49.805
24;27.8258;27.8727;27.4541;-256.269;-256.668;-256.888;-256.942;-255.933;0;None;1000;None;12:57:50.305
25;27.8258;27.8727;27.4463;-256.269;-256.668;-256.888;-256.95;-255.933;0;None;1000;None;12:57:50.805
26;27.8179;27.8727;27.4541;-256.262;-256.676;-256.888;-256.942;-255.929;0;None;1000;None;12:57:51.303
27;27.8179;27.8805;27.4463;-256.269;-256.668;-256.88;-256.95;-255.933;0;None;1000;None;12:57:51.805
28;27.8179;27.8727;27.4463;-256.269;-256.668;-256.888;-256.942;-255.933;0;None;1000;None;12:57:52.306
29;27.8179;27.8649;27.4463;-256.269;-256.676;-256.88;-256.95;-255.933;0;None;1000;None;12:57:52.801
30;27.8179;27.8727;27.4619;-256.262;-256.668;-256.888;-256.942;-255.933;0;None;1000;None;12:57:53.303
31;27.8179;27.8727;27.4541;-256.269;-256.668;-256.888;-256.942;-255.937;0;None;1000;None;12:57:53.802
32;27.8179;27.8727;27.4541;-256.277;-256.676;-256.888;-256.942;-255.933;0;None;1000;None;12:57:54.305
33;27.8179;27.8649;27.4541;-256.269;-256.676;-256.88;-256.95;-255.937;0;None;1000;None;12:57:54.805
34;27.8101;27.8727;27.4541;-256.277;-256.668;-256.895;-256.942;-255.937;0;None;1000;None;12:57:55.306
35;27.8258;27.8727;27.4463;-256.269;-256.668;-256.88;-256.942;-255.933;0;None;1000;None;12:57:55.806
36;27.8258;27.8805;27.4463;-256.277;-256.676;-256.895;-256.95;-255.933;0;None;1000;None;12:57:56.305
37;27.8336;27.8727;27.4463;-256.277;-256.668;-256.888;-256.958;-255.937;0;None;1000;None;12:57:56.805
38;27.8258;27.8649;27.4463;-256.277;-256.668;-256.88;-256.95;-255.933;0;None;1000;None;12:57:57.302
39;27.8179;27.8727;27.4463;-256.277;-256.676;-256.895;-256.942;-255.933;0;None;1000;None;12:57:57.805
40;27.8179;27.8727;27.4463;-256.277;-256.661;-256.88;-256.942;-255.929;0;None;1000;None;12:57:58.305
41;27.8179;27.8727;27.4541;-256.269;-256.676;-256.888;-256.942;-255.933;0;None;1000;None;12:57:58.804
42;27.8179;27.8805;27.4619;-256.269;-256.668;-256.888;-256.942;-255.933;0;None;1000;None;12:57:59.306
43;27.8258;27.8727;27.4619;-256.277;-256.676;-256.888;-256.95;-255.933;0;None;1000;None;12:57:59.804
44;27.8179;27.8805;27.4541;-256.269;-256.668;-256.888;-256.942;-255.929;0;None;1000;None;12:58:00.305
45;27.8258;27.8727;27.4463;-256.269;-256.676;-256.888;-256.95;-255.933;0;None;1000;None;12:58:00.805
46;27.8179;27.8727;27.4463;-256.277;-256.668;-256.888;-256.935;-255.933;0;None;1000;None;12:58:01.302
47;27.8179;27.8649;27.4619;-256.277;-256.668;-256.888;-256.942;-255.933;0;None;1000;None;12:58:01.806
48;27.8258;27.8649;27.4541;-256.269;-256.676;-256.888;-256.942;-255.933;0;None;1000;None;12:58:02.306
49;27.8258;27.8649;27.4463;-256.277;-256.668;-256.895;-256.942;-255.937;0;None;1000;None;12:58:02.803
50;27.8258;27.8727;27.4541;-256.269;-256.676;-256.888;-256.95;-255.933;0;None;1000;None;12:58:03.304
51;27.8258;27.8649;27.4541;-256.277;-256.676;-256.888;-256.942;-255.937;0;None;1000;None;12:58:03.805
52;27.8179;27.8649;27.4541;-256.269;-256.668;-256.895;-256.942;-255.933;0;None;1000;None;12:58:04.304
53;27.8179;27.8649;27.4541;-256.269;-256.661;-256.888;-256.95;-255.937;0;None;1000;None;12:58:04.802
54;27.8258;27.8727;27.4541;-256.277;-256.676;-256.888;-256.95;-255.933;0;None;1000;None;12:58:05.306
55;27.8179;27.8727;27.4541;-256.269;-256.676;-256.888;-256.958;-255.937;0;None;1000;None;12:58:05.804
56;27.8179;27.8727;27.4541;-256.277;-256.676;-256.888;-256.95;-255.937;0;None;1000;None;12:58:06.304
57;27.8258;27.8727;27.4541;-256.269;-256.668;-256.888;-256.958;-255.933;0;None;1000;None;12:58:06.804
58;27.8258;27.8727;27.4541;-256.277;-256.668;-256.888;-256.95;-255.937;0;None;1000;None;12:58:07.307
59;27.8258;27.8727;27.4619;-256.269;-256.668;-256.895;-256.942;-255.933;0;None;1000;None;12:58:07.802
60;27.8258;27.8727;27.4541;-256.269;-256.676;-256.888;-256.95;-255.937;0;None;1000;None;12:58:08.306
61;27.8179;27.8805;27.4463;-256.277;-256.676;-256.895;-256.95;-255.937;0;None;1000;None;12:58:08.804
62;27.8258;27.8727;27.4463;-256.269;-256.668;-256.888;-256.958;-255.937;0;None;1000;None;12:58:09.306
63;27.8258;27.8805;27.4384;-256.269;-256.668;-256.895;-256.95;-255.933;0;None;1000;None;12:58:09.805
64;27.8258;27.8727;27.4384;-256.269;-256.676;-256.888;-256.958;-255.933;0;None;1000;None;12:58:10.304
65;27.8101;27.8805;27.4306;-256.269;-256.668;-256.895;-256.942;-255.937;0;None;1000;None;12:58:10.801
66;27.8179;27.8805;27.4541;-256.262;-256.676;-256.888;-256.95;-255.937;0;None;1000;None;12:58:11.306
67;27.8258;27.8727;27.4463;-256.269;-256.676;-256.888;-256.95;-255.933;0;None;1000;None;12:58:11.807
68;27.8258;27.8649;27.4541;-256.277;-256.668;-256.888;-256.95;-255.933;0;None;1000;None;12:58:12.300
69;27.8179;27.8649;27.4541;-256.269;-256.676;-256.888;-256.95;-255.933;0;None;1000;None;12:58:12.805
70;27.8258;27.8727;27.4541;-256.269;-256.676;-256.888;-256.95;-255.933;0;None;1000;None;12:58:13.302
71;27.8258;27.8649;27.4463;-256.277;-256.668;-256.895;-256.95;-255.937;0;None;1000;None;12:58:13.806
72;27.8336;27.8649;27.4541;-256.269;-256.676;-256.888;-256.942;-255.937;0;None;1000;None;12:58:14.304
73;27.8258;27.8727;27.4541;-256.269;-256.668;-256.895;-256.95;-255.933;0;None;1000;None;12:58:14.806
74;27.8336;27.8649;27.4541;-256.269;-256.676;-256.888;-256.942;-255.937;0;None;1000;None;12:58:15.305
75;27.8336;27.8727;27.4619;-256.269;-256.668;-256.888;-256.95;-255.933;0;None;1000;None;12:58:15.802
76;27.8258;27.8727;27.4619;-256.262;-256.668;-256.895;-256.942;-255.937;0;None;1000;None;12:58:16.302
77;27.8258;27.8727;27.4619;-256.269;-256.668;-256.888;-256.942;-255.933;0;None;1000;None;12:58:16.804
78;27.8258;27.8727;27.4541;-256.269;-256.676;-256.888;-256.95;-255.937;0;None;1000;None;12:58:17.304
79;27.8258;27.8649;27.4541;-256.269;-256.668;-256.888;-256.942;-255.933;0;None;1000;None;12:58:17.805
80;27.8336;27.8727;27.4541;-256.269;-256.668;-256.895;-256.95;-255.933;0;None;1000;None;12:58:18.304
81;27.8258;27.8649;27.4619;-256.277;-256.676;-256.888;-256.95;-255.937;0;None;1000;None;12:58:18.807
82;27.8258;27.8649;27.4541;-256.269;-256.676;-256.888;-256.95;-255.933;0;None;1000;None;12:58:19.304
83;27.8258;27.8727;27.4541;-256.269;-256.668;-256.888;-256.95;-255.937;0;None;1000;None;12:58:19.804
84;27.8179;27.8649;27.4541;-256.269;-256.668;-256.88;-256.95;-255.933;0;None;1000;None;12:58:20.307
85;27.8258;27.8649;27.4541;-256.262;-256.668;-256.88;-256.958;-255.929;0;None;1000;None;12:58:20.805
86;27.8258;27.8727;27.4619;-256.269;-256.668;-256.888;-256.942;-255.933;0;None;1000;None;12:58:21.304
87;27.8179;27.8649;27.4541;-256.269;-256.668;-256.88;-256.95;-255.937;0;None;1000;None;12:58:21.806
88;27.8179;27.8649;27.4541;-256.262;-256.676;-256.888;-256.942;-255.937;0;None;1000;None;12:58:22.306
89;27.8258;27.8571;27.4463;-256.269;-256.668;-256.888;-256.942;-255.933;0;None;1000;None;12:58:22.806
90;27.8179;27.8649;27.4541;-256.277;-256.676;-256.888;-256.942;-255.937;0;None;1000;None;12:58:23.303
91;27.8179;27.8727;27.4384;-256.269;-256.668;-256.888;-256.942;-255.933;0;None;1000;None;12:58:23.804
92;27.8179;27.8649;27.4463;-256.269;-256.676;-256.895;-256.942;-255.937;0;None;1000;None;12:58:24.304
93;27.8258;27.8649;27.4463;-256.277;-256.668;-256.888;-256.95;-255.933;0;None;1000;None;12:58:24.804
94;27.8179;27.8649;27.4463;-256.269;-256.676;-256.888;-256.95;-255.937;0;None;1000;None;12:58:25.306
95;27.8179;27.8649;27.4384;-256.269;-256.684;-256.895;-256.942;-255.937;0;None;1000;None;12:58:25.804
96;27.8179;27.8649;27.4463;-256.277;-256.676;-256.88;-256.95;-255.937;0;None;1000;None;12:58:26.305
97;27.8258;27.8727;27.4384;-256.269;-256.676;-256.895;-256.95;-255.937;0;None;1000;None;12:58:26.804
98;27.8179;27.8649;27.4463;-256.269;-256.676;-256.888;-256.95;-255.941;0;None;1000;None;12:58:27.304
99;27.8179;27.8649;27.4463;-256.269;-256.676;-256.895;-256.95;-255.937;0;None;1000;None;12:58:27.804
100;27.8179;27.8727;27.4463;-256.269;-256.676;-256.895;-256.942;-255.937;0;None;1000;None;12:58:28.305
101;27.8258;27.8649;27.4463;-256.269;-256.676;-256.895;-256.95;-255.941;0;None;1000;None;12:58:28.805
102;27.8179;27.8571;27.4384;-256.277;-256.676;-256.888;-256.95;-255.937;0;None;1000;None;12:58:29.304
103;27.8258;27.8649;27.4384;-256.269;-256.668;-256.895;-256.95;-255.937;0;None;1000;None;12:58:29.805
104;27.8179;27.8571;27.4384;-256.277;-256.668;-256.888;-256.95;-255.941;0;None;1000;None;12:58:30.302
105;27.8179;27.8571;27.4463;-256.269;-256.676;-256.888;-256.942;-255.941;0;None;1000;None;12:58:30.806
106;27.8258;27.8649;27.4384;-256.269;-256.668;-256.88;-256.95;-255.937;0;None;1000;None;12:58:31.305
107;27.8258;27.8649;27.4384;-256.277;-256.676;-256.888;-256.95;-255.937;0;None;1000;None;12:58:31.804
108;27.8258;27.8727;27.4463;-256.277;-256.668;-256.888;-256.942;-255.937;0;None;1000;None;12:58:32.304
109;27.8179;27.8649;27.4463;-256.269;-256.668;-256.895;-256.958;-255.941;0;None;1000;None;12:58:32.804
110;27.8258;27.8727;27.4384;-256.269;-256.668;-256.888;-256.95;-255.937;0;None;1000;None;12:58:33.306
111;27.8179;27.8649;27.4384;-256.277;-256.668;-256.903;-256.95;-255.937;0;None;1000;None;12:58:33.804
112;27.8179;27.8727;27.4384;-256.277;-256.676;-256.888;-256.958;-255.937;0;None;1000;None;12:58:34.305
113;27.8258;27.8727;27.4306;-256.269;-256.668;-256.895;-256.942;-255.937;0;None;1000;None;12:58:34.803
114;27.8179;27.8649;27.4384;-256.277;-256.668;-256.895;-256.95;-255.937;0;None;1000;None;12:58:35.305
115;27.8179;27.8649;27.4306;-256.277;-256.668;-256.903;-256.942;-255.941;0;None;1000;None;12:58:35.804
116;27.8258;27.8649;27.4306;-256.269;-256.661;-256.895;-256.95;-255.937;0;None;1000;None;12:58:36.305
117;27.8179;27.8649;27.4384;-256.277;-256.668;-256.895;-256.942;-255.937;0;None;1000;None;12:58:36.805
118;27.8179;27.8649;27.4463;-256.277;-256.668;-256.895;-256.942;-255.937;0;None;1000;None;12:58:37.304
119;27.8179;27.8727;27.4463;-256.269;-256.661;-256.895;-256.942;-255.937;0;None;1000;None;12:58:37.805
120;27.8179;27.8649;27.4384;-256.277;-256.668;-256.895;-256.95;-255.937;0;None;1000;None;12:58:38.303
121;27.8101;27.8727;27.4384;-256.269;-256.661;-256.903;-256.95;-255.937;0;None;1000;None;12:58:38.803
122;27.8179;27.8649;27.4384;-256.269;-256.661;-256.895;-256.942;-255.941;0;None;1000;None;12:58:39.300
123;27.8179;27.8727;27.4306;-256.269;-256.661;-256.895;-256.95;-255.937;0;None;1000;None;12:58:39.804
124;27.8179;27.8649;27.4306;-256.269;-256.668;-256.888;-256.95;-255.937;0;None;1000;None;12:58:40.304
125;27.8101;27.8571;27.4306;-256.269;-256.661;-256.895;-256.942;-255.937;0;None;1000;None;12:58:40.804
126;27.8179;27.8649;27.4306;-256.262;-256.661;-256.895;-256.95;-255.937;0;None;1000;None;12:58:41.306
127;27.8101;27.8727;27.4228;-256.262;-256.668;-256.888;-256.95;-255.937;0;None;1000;None;12:58:41.805
128;27.8101;27.8649;27.4306;-256.269;-256.661;-256.888;-256.942;-255.933;0;None;1000;None;12:58:42.301
129;27.8101;27.8649;27.4306;-256.262;-256.668;-256.895;-256.95;-255.937;0;None;1000;None;12:58:42.806
130;27.8179;27.8649;27.4228;-256.269;-256.661;-256.888;-256.95;-255.937;0;None;1000;None;12:58:43.305
131;27.8179;27.8727;27.4306;-256.262;-256.668;-256.895;-256.942;-255.937;0;None;1000;None;12:58:43.804
132;27.8179;27.8649;27.4228;-256.269;-256.661;-256.895;-256.95;-255.933;0;None;1000;None;12:58:44.301
133;27.8179;27.8649;27.4306;-256.269;-256.661;-256.895;-256.942;-255.937;0;None;1000;None;12:58:44.805
134;27.8179;27.8649;27.4228;-256.262;-256.661;-256.895;-256.95;-255.933;0;None;1000;None;12:58:45.305
135;27.8179;27.8571;27.4306;-256.277;-256.668;-256.895;-256.942;-255.933;0;None;1000;None;12:58:45.805
136;27.8101;27.8649;27.4228;-256.269;-256.661;-256.903;-256.935;-255.937;0;None;1000;None;12:58:46.305
137;27.8258;27.8571;27.4228;-256.269;-256.668;-256.895;-256.942;-255.937;0;None;1000;None;12:58:46.804
138;27.8179;27.8571;27.4228;-256.269;-256.661;-256.895;-256.942;-255.937;0;None;1000;None;12:58:47.304
139;27.8258;27.8492;27.4228;-256.269;-256.668;-256.895;-256.942;-255.933;0;None;1000;None;12:58:47.805
140;27.8179;27.8571;27.415;-256.269;-256.668;-256.895;-256.95;-255.937;0;None;1000;None;12:58:48.305
141;27.8179;27.8492;27.4228;-256.269;-256.668;-256.895;-256.942;-255.937;0;None;1000;None;12:58:48.804
142;27.8179;27.8571;27.4228;-256.269;-256.661;-256.888;-256.95;-255.933;0;None;1000;None;12:58:49.306
143;27.8258;27.8492;27.4228;-256.269;-256.668;-256.895;-256.942;-255.937;0;None;1000;None;12:58:49.804
144;27.8179;27.8492;27.415;-256.262;-256.661;-256.895;-256.942;-255.929;0;None;1000;None;12:58:50.304
145;27.8258;27.8571;27.4306;-256.269;-256.668;-256.895;-256.935;-255.933;0;None;1000;None;12:58:50.804
146;27.8179;27.8492;27.4228;-256.269;-256.661;-256.895;-256.942;-255.937;0;None;1000;None;12:58:51.305
147;27.8179;27.8571;27.4228;-256.262;-256.668;-256.895;-256.935;-255.933;0;None;1000;None;12:58:51.803
148;27.8258;27.8492;27.415;-256.269;-256.661;-256.903;-256.935;-255.937;0;None;1000;None;12:58:52.305
149;27.8179;27.8571;27.4228;-256.262;-256.668;-256.895;-256.942;-255.929;0;None;1000;None;12:58:52.806
150;27.8179;27.8571;27.4228;-256.269;-256.661;-256.895;-256.935;-255.933;0;None;1000;None;12:58:53.306
151;27.8179;27.8492;27.4228;-256.262;-256.676;-256.895;-256.935;-255.937;0;None;1000;None;12:58:53.805
152;27.8179;27.8571;27.415;-256.269;-256.668;-256.895;-256.935;-255.933;0;None;1000;None;12:58:54.306
153;27.8179;27.8492;27.4306;-256.269;-256.668;-256.895;-256.927;-255.933;0;None;1000;None;12:58:54.806
154;27.8179;27.8571;27.4306;-256.269;-256.668;-256.895;-256.927;-255.933;0;None;1000;None;12:58:55.306
155;27.8258;27.8492;27.4306;-256.262;-256.668;-256.895;-256.942;-255.933;0;None;1000;None;12:58:55.804
156;27.8179;27.8492;27.4306;-256.269;-256.676;-256.895;-256.935;-255.933;0;None;1000;None;12:58:56.303
157;27.8258;27.8571;27.4384;-256.262;-256.668;-256.888;-256.935;-255.933;0;None;1000;None;12:58:56.807
158;27.8258;27.8571;27.4306;-256.269;-256.676;-256.895;-256.935;-255.933;0;None;1000;None;12:58:57.304
159;27.8336;27.8571;27.4306;-256.269;-256.668;-256.888;-256.927;-255.933;0;None;1000;None;12:58:57.805
160;27.8258;27.8571;27.415;-256.262;-256.676;-256.895;-256.935;-255.933;0;None;1000;None;12:58:58.304
161;27.8258;27.8649;27.4228;-256.269;-256.668;-256.895;-256.927;-255.933;0;None;1000;None;12:58:58.805
162;27.8258;27.8571;27.4228;-256.262;-256.676;-256.888;-256.935;-255.937;0;None;1000;None;12:58:59.306
163;27.8258;27.8571;27.4228;-256.269;-256.668;-256.895;-256.942;-255.933;0;None;1000;None;12:58:59.805
164;27.8258;27.8571;27.415;-256.262;-256.676;-256.888;-256.942;-255.937;0;None;1000;None;12:59:00.305
165;27.8179;27.8571;27.4228;-256.269;-256.668;-256.895;-256.942;-255.933;0;None;1000;None;12:59:00.803
166;27.8179;27.8571;27.415;-256.269;-256.668;-256.895;-256.942;-255.937;0;None;1000;None;12:59:01.304
167;27.8179;27.8571;27.4228;-256.269;-256.668;-256.888;-256.935;-255.933;0;None;1000;None;12:59:01.804
168;27.8179;27.8649;27.415;-256.269;-256.668;-256.888;-256.935;-255.937;0;None;1000;None;12:59:02.302
169;27.8179;27.8571;27.4228;-256.269;-256.668;-256.888;-256.935;-255.937;0;None;1000;None;12:59:02.803
170;27.8179;27.8649;27.415;-256.262;-256.676;-256.888;-256.942;-255.937;0;None;1000;None;12:59:03.304
171;27.8258;27.8571;27.415;-256.269;-256.676;-256.88;-256.942;-255.933;0;None;1000;None;12:59:03.804
172;27.8258;27.8571;27.4306;-256.269;-256.676;-256.888;-256.942;-255.937;0;None;1000;None;12:59:04.303
173;27.8258;27.8649;27.4228;-256.269;-256.668;-256.888;-256.935;-255.941;0;None;1000;None;12:59:04.803
174;27.8179;27.8571;27.4228;-256.262;-256.668;-256.888;-256.935;-255.933;0;None;1000;None;12:59:05.304
175;27.8258;27.8649;27.4228;-256.269;-256.676;-256.888;-256.935;-255.937;0;None;1000;None;12:59:05.803
176;27.8336;27.8571;27.4228;-256.269;-256.668;-256.88;-256.942;-255.933;0;None;1000;None;12:59:06.303
177;27.8179;27.8571;27.4228;-256.269;-256.676;-256.888;-256.942;-255.933;0;None;1000;None;12:59:06.800
178;27.8258;27.8571;27.4228;-256.262;-256.676;-256.888;-256.935;-255.937;0;None;1000;None;12:59:07.304
179;27.8179;27.8571;27.4306;-256.269;-256.668;-256.88;-256.942;-255.937;0;None;1000;None;12:59:07.804
180;27.8179;27.8492;27.415;-256.269;-256.668;-256.888;-256.942;-255.937;0;None;1000;None;12:59:08.305
181;27.8179;27.8571;27.4228;-256.269;-256.668;-256.888;-256.942;-255.941;0;None;1000;None;12:59:08.806
182;27.8258;27.8649;27.4228;-256.269;-256.676;-256.88;-256.935;-255.937;0;None;1000;None;12:59:09.303
183;27.8258;27.8571;27.415;-256.269;-256.668;-256.888;-256.942;-255.941;0;None;1000;None;12:59:09.804
184;27.8258;27.8571;27.4228;-256.262;-256.668;-256.888;-256.942;-255.937;0;None;1000;None;12:59:10.303
185;27.8258;27.8492;27.4306;-256.277;-256.668;-256.888;-256.942;-255.937;0;None;1000;None;12:59:10.806
186;27.8179;27.8571;27.4228;-256.262;-256.676;-256.888;-256.942;-255.941;0;None;1000;None;12:59:11.304
187;27.8179;27.8571;27.4228;-256.269;-256.668;-256.888;-256.935;-255.937;0;None;1000;None;12:59:11.804
188;27.8258;27.8571;27.4228;-256.269;-256.668;-256.888;-256.942;-255.937;0;None;1000;None;12:59:12.305
189;27.8179;27.8571;27.415;-256.269;-256.668;-256.895;-256.942;-255.937;0;None;1000;None;12:59:12.805
190;27.8179;27.8492;27.4228;-256.277;-256.668;-256.895;-256.942;-255.933;0;None;1000;None;12:59:13.303
191;27.8179;27.8571;27.4228;-256.269;-256.676;-256.895;-256.935;-255.933;0;None;1000;None;12:59:13.802
192;27.8101;27.8571;27.415;-256.269;-256.676;-256.895;-256.942;-255.937;0;None;1000;None;12:59:14.305
193;27.8179;27.8649;27.415;-256.269;-256.668;-256.895;-256.942;-255.933;0;None;1000;None;12:59:14.804
194;27.8101;27.8571;27.415;-256.269;-256.676;-256.903;-256.935;-255.937;0;None;1000;None;12:59:15.304
195;27.8101;27.8571;27.415;-256.277;-256.676;-256.895;-256.935;-255.937;0;None;1000;None;12:59:15.805
196;27.8023;27.8649;27.4071;-256.269;-256.668;-256.888;-256.935;-255.937;0;None;1000;None;12:59:16.305
197;27.8179;27.8571;27.415;-256.277;-256.676;-256.895;-256.935;-255.933;0;None;1000;None;12:59:16.805
198;27.8101;27.8571;27.415;-256.269;-256.668;-256.895;-256.942;-255.933;0;None;1000;None;12:59:17.305
199;27.8101;27.8649;27.4071;-256.269;-256.668;-256.88;-256.935;-255.933;0;None;1000;None;12:59:17.803
200;27.8101;27.8571;27.415;-256.269;-256.668;-256.895;-256.935;-255.937;0;None;1000;None;12:59:18.304
201;27.8101;27.8571;27.415;-256.269;-256.676;-256.888;-256.935;-255.933;0;None;1000;None;12:59:18.805
202;27.8101;27.8571;27.4228;-256.269;-256.668;-256.888;-256.935;-255.937;0;None;1000;None;12:59:19.304
203;27.8179;27.8571;27.415;-256.269;-256.676;-256.895;-256.935;-255.937;0;None;1000;None;12:59:19.805
204;27.8179;27.8649;27.415;-256.277;-256.668;-256.888;-256.935;-255.937;0;None;1000;None;12:59:20.303
205;27.8179;27.8492;27.415;-256.269;-256.668;-256.895;-256.935;-255.933;0;None;1000;None;12:59:20.801
206;27.8258;27.8649;27.415;-256.269;-256.676;-256.888;-256.935;-255.937;0;None;1000;None;12:59:21.303
207;27.8179;27.8492;27.415;-256.277;-256.676;-256.888;-256.935;-255.937;0;None;1000;None;12:59:21.804
208;27.8336;27.8649;27.415;-256.269;-256.668;-256.888;-256.935;-255.933;0;None;1000;None;12:59:22.304
209;27.8258;27.8571;27.415;-256.277;-256.684;-256.888;-256.927;-255.937;0;None;1000;None;12:59:22.805
210;27.8258;27.8492;27.415;-256.269;-256.668;-256.895;-256.935;-255.937;0;None;1000;None;12:59:23.305
211;27.8258;27.8571;27.415;-256.277;-256.676;-256.888;-256.935;-255.933;0;None;1000;None;12:59:23.803
212;27.8179;27.8571;27.4071;-256.269;-256.676;-256.888;-256.935;-255.937;0;None;1000;None;12:59:24.305
213;27.8258;27.8571;27.415;-256.269;-256.668;-256.88;-256.935;-255.933;0;None;1000;None;12:59:24.803
214;27.8179;27.8649;27.4071;-256.269;-256.676;-256.888;-256.935;-255.937;0;None;1000;None;12:59:25.303
215;27.8179;27.8571;27.4071;-256.269;-256.668;-256.895;-256.927;-255.937;0;None;1000;None;12:59:25.803
216;27.8179;27.8571;27.3993;-256.269;-256.668;-256.895;-256.935;-255.937;0;None;1000;None;12:59:26.303
217;27.8179;27.8571;27.4071;-256.269;-256.668;-256.895;-256.927;-255.937;0;None;1000;None;12:59:26.805
218;27.8179;27.8571;27.415;-256.277;-256.676;-256.895;-256.935;-255.937;0;None;1000;None;12:59:27.303
219;27.8179;27.8492;27.415;-256.277;-256.668;-256.888;-256.935;-255.937;0;None;1000;None;12:59:27.803
220;27.8258;27.8571;27.4071;-256.269;-256.668;-256.888;-256.927;-255.937;0;None;1000;None;12:59:28.302
221;27.8258;27.8414;27.415;-256.285;-256.676;-256.88;-256.927;-255.937;0;None;1000;None;12:59:28.803
222;27.8179;27.8571;27.415;-256.269;-256.661;-256.888;-256.927;-255.941;0;None;1000;None;12:59:29.303
223;27.8179;27.8414;27.415;-256.277;-256.668;-256.888;-256.919;-255.937;0;None;1000;None;12:59:29.805
224;27.8258;27.8571;27.4071;-256.277;-256.668;-256.888;-256.927;-255.937;0;None;1000;None;12:59:30.303
225;27.8258;27.8492;27.415;-256.285;-256.668;-256.888;-256.935;-255.937;6.464;None;15;None;12:59:30.803
226;27.8179;27.8492;27.415;-256.277;-256.668;-256.88;-256.927;-255.937;6.464;None;15;None;12:59:31.303
227;27.8258;27.8571;27.415;-256.262;-256.668;-256.88;-256.927;-255.941;6.464;None;15;None;12:59:31.804
228;27.8179;27.8571;27.415;-256.277;-256.668;-256.888;-256.919;-255.937;6.464;None;15;None;12:59:32.301
229;27.8258;27.8571;27.415;-256.277;-256.661;-256.88;-256.927;-255.941;6.464;None;15;None;12:59:32.795
230;27.8258;27.8492;27.4071;-256.277;-256.668;-256.888;-256.919;-255.933;6.464;None;15;None;12:59:33.300
231;27.8258;27.8571;27.4071;-256.269;-256.668;-256.888;-256.927;-255.941;6.464;None;15;None;12:59:33.797
232;27.8258;27.8571;27.4071;-256.277;-256.661;-256.888;-256.927;-255.933;6.464;None;15;None;12:59:34.304
233;27.8258;27.8571;27.4071;-256.277;-256.676;-256.888;-256.927;-255.941;6.464;None;15;None;12:59:34.806
234;27.8179;27.8571;27.4071;-256.277;-256.668;-256.888;-256.927;-255.933;6.464;None;15;None;12:59:35.295
235;27.8258;27.8492;27.4071;-256.277;-256.661;-256.888;-256.927;-255.941;6.464;None;15;None;12:59:35.805
236;27.8258;27.8571;27.4071;-256.277;-256.668;-256.895;-256.927;-255.937;6.464;None;15;None;12:59:36.304
237;27.8179;27.8571;27.4071;-256.277;-256.668;-256.888;-256.935;-255.937;6.464;None;15;None;12:59:36.805
238;27.8179;27.8492;27.4071;-256.285;-256.668;-256.895;-256.927;-255.937;6.464;None;15;None;12:59:37.304
239;27.8258;27.8571;27.4071;-256.293;-256.661;-256.895;-256.942;-255.937;6.464;None;15;None;12:59:37.805
240;27.8179;27.8649;27.3993;-256.277;-256.676;-256.888;-256.935;-255.937;6.464;None;15;None;12:59:38.305
241;27.8258;27.8649;27.4071;-256.277;-256.661;-256.895;-256.935;-255.933;6.464;None;15;None;12:59:38.799
242;27.8258;27.8571;27.4071;-256.277;-256.668;-256.888;-256.935;-255.933;6.464;None;15;None;12:59:39.305
243;27.8179;27.8649;27.415;-256.277;-256.668;-256.888;-256.935;-255.937;6.464;None;15;None;12:59:39.803
244;27.8258;27.8571;27.4071;-256.277;-256.668;-256.888;-256.935;-255.933;6.464;None;15;None;12:59:40.305
245;27.8258;27.8571;27.415;-256.269;-256.676;-256.888;-256.935;-255.937;6.464;None;15;None;12:59:40.803
246;27.8258;27.8571;27.3993;-256.285;-256.676;-256.888;-256.927;-255.937;6.464;None;15;None;12:59:41.305
247;27.8258;27.8571;27.3993;-256.277;-256.668;-256.888;-256.927;-255.937;6.464;None;15;None;12:59:41.805
248;27.8258;27.8571;27.4071;-256.277;-256.668;-256.88;-256.927;-255.937;6.464;None;15;None;12:59:42.303
249;27.8258;27.8571;27.3993;-256.277;-256.668;-256.888;-256.927;-255.937;6.464;None;15;None;12:59:42.805
250;27.8336;27.8571;27.3915;-256.277;-256.676;-256.895;-256.927;-255.937;6.464;None;15;None;12:59:43.303
251;27.8336;27.8571;27.3915;-256.269;-256.668;-256.88;-256.927;-255.937;6.464;None;15;None;12:59:43.803
252;27.8336;27.8571;27.3915;-256.285;-256.676;-256.888;-256.927;-255.933;6.464;None;15;None;12:59:44.302
253;27.8336;27.8649;27.3915;-256.277;-256.676;-256.88;-256.927;-255.937;6.464;None;15;None;12:59:44.803
254;27.8258;27.8571;27.3915;-256.277;-256.668;-256.888;-256.927;-255.937;6.464;None;15;None;12:59:45.302
255;27.8336;27.8571;27.3915;-256.269;-256.676;-256.88;-256.927;-255.937;6.464;None;15;None;12:59:45.800
256;27.8336;27.8571;27.3915;-256.269;-256.668;-256.888;-256.942;-255.937;6.464;None;15;None;12:59:46.304
257;27.8336;27.8571;27.3993;-256.277;-256.668;-256.888;-256.935;-255.937;6.464;None;15;None;12:59:46.803
258;27.8336;27.8571;27.3915;-256.277;-256.676;-256.888;-256.942;-255.941;6.464;None;15;None;12:59:47.305
259;27.8336;27.8649;27.3993;-256.277;-256.676;-256.888;-256.935;-255.937;6.464;None;15;None;12:59:47.805
260;27.8336;27.8571;27.3915;-256.285;-256.676;-256.888;-256.942;-255.937;6.464;None;15;None;12:59:48.302
261;27.8336;27.8649;27.3915;-256.277;-256.676;-256.888;-256.935;-255.941;6.464;None;15;None;12:59:48.805
262;27.8336;27.8571;27.3915;-256.285;-256.684;-256.888;-256.935;-255.937;6.464;None;15;None;12:59:49.305
263;27.8336;27.8649;27.3915;-256.277;-256.676;-256.888;-256.942;-255.937;6.464;None;15;None;12:59:49.805
264;27.8258;27.8571;27.3915;-256.269;-256.668;-256.895;-256.935;-255.941;6.464;None;15;None;12:59:50.303
265;27.8258;27.8649;27.3837;-256.277;-256.676;-256.888;-256.927;-255.941;6.464;None;15;None;12:59:50.803
266;27.8336;27.8571;27.3915;-256.277;-256.676;-256.888;-256.927;-255.941;6.464;None;15;None;12:59:51.305
267;27.8258;27.8571;27.3915;-256.277;-256.668;-256.888;-256.935;-255.937;6.464;None;15;None;12:59:51.800
268;27.8258;27.8571;27.3915;-256.277;-256.676;-256.888;-256.935;-255.937;6.464;None;15;None;12:59:52.304
269;27.8336;27.8571;27.3915;-256.277;-256.668;-256.888;-256.935;-255.937;6.464;None;15;None;12:59:52.803
270;27.8258;27.8571;27.3993;-256.277;-256.676;-256.888;-256.935;-255.941;6.464;None;15;None;12:59:53.305
271;27.8336;27.8571;27.3915;-256.269;-256.676;-256.888;-256.927;-255.937;6.464;None;15;None;12:59:53.805
272;27.8179;27.8571;27.3915;-256.277;-256.668;-256.888;-256.927;-255.941;6.464;None;15;None;12:59:54.306
273;27.8258;27.8571;27.3915;-256.277;-256.676;-256.888;-256.927;-255.937;6.464;None;15;None;12:59:54.804
274;27.8179;27.8492;27.3993;-256.277;-256.668;-256.888;-256.927;-255.941;6.464;None;15;None;12:59:55.304
275;27.8258;27.8571;27.3915;-256.277;-256.676;-256.895;-256.935;-255.941;6.464;None;15;30;12:59:55.804
276;27.8179;27.8571;27.415;-256.269;-256.676;-256.888;-256.927;-255.941;6.464;2018;15;30;12:59:56.303
277;27.8101;27.8649;27.4071;-256.269;-256.676;-256.888;-256.927;-255.937;6.464;2025;15;30;12:59:56.804
278;27.8101;27.8492;27.3993;-256.277;-256.668;-256.88;-256.927;-255.941;6.464;2032;15;30;12:59:57.303
279;27.8179;27.8492;27.3993;-256.269;-256.676;-256.895;-256.935;-255.941;6.464;2032;15;30;12:59:57.801
280;27.8179;27.8571;27.4071;-256.269;-256.661;-256.88;-256.927;-255.937;6.464;2025;15;30;12:59:58.303
281;27.8179;27.8571;27.3993;-256.277;-256.676;-256.895;-256.927;-255.937;6.464;2025;15;30;12:59:58.803
282;27.8258;27.8649;27.4071;-256.277;-256.676;-256.888;-256.927;-255.937;6.464;2025;15;30;12:59:59.304
283;27.8179;27.8649;27.4071;-256.269;-256.668;-256.888;-256.919;-255.937;6.464;2018;15;30;12:59:59.804
284;27.8336;27.8649;27.3915;-256.277;-256.668;-256.888;-256.927;-255.941;6.464;2025;15;30;13:00:00.300
285;27.8336;27.8727;27.4071;-256.277;-256.668;-256.888;-256.919;-255.941;6.464;2010;15;30;13:00:00.803
286;27.8414;27.8884;27.3993;-256.285;-256.676;-256.895;-256.927;-255.941;6.464;2010;15;30;13:00:01.305
287;27.8492;27.8884;27.3993;-256.277;-256.668;-256.888;-256.927;-255.941;6.464;2003;15;30;13:00:01.805
288;27.8571;27.8962;27.3993;-256.277;-256.676;-256.888;-256.919;-255.945;6.464;1996;15;30;13:00:02.304
289;27.8727;27.904;27.3993;-256.285;-256.676;-256.888;-256.927;-255.941;6.464;1989;15;30;13:00:02.803
290;27.8884;27.9118;27.3993;-256.269;-256.676;-256.888;-256.919;-255.941;6.464;1974;15;30;13:00:03.303
291;27.8962;27.9197;27.3993;-256.277;-256.676;-256.888;-256.927;-255.945;6.464;1960;15;30;13:00:03.803
292;27.904;27.9197;27.3915;-256.277;-256.676;-256.888;-256.927;-255.937;6.464;1952;15;30;13:00:04.301
293;27.9118;27.9353;27.4071;-256.277;-256.676;-256.895;-256.927;-255.941;6.464;1945;15;30;13:00:04.803
294;27.9275;27.9431;27.4071;-256.269;-256.668;-256.888;-256.935;-255.937;6.464;1938;15;30;13:00:05.305
295;27.9431;27.951;27.415;-256.277;-256.668;-256.888;-256.927;-255.941;6.464;1923;15;30;13:00:05.803
296;27.9431;27.9588;27.415;-256.285;-256.668;-256.888;-256.935;-255.937;6.464;1909;15;30;13:00:06.305
297;27.9588;27.9666;27.415;-256.269;-256.676;-256.895;-256.935;-255.937;6.464;1909;15;30;13:00:06.803
298;27.9627;27.9744;27.415;-256.277;-256.668;-256.888;-256.927;-255.937;6.464;1894;15;30;13:00:07.303
299;27.9666;27.9901;27.415;-256.269;-256.676;-256.888;-256.935;-255.937;6.464;1891;15;30;13:00:07.804
300;27.9784;27.9901;27.415;-256.277;-256.676;-256.888;-256.927;-255.933;6.464;1887;15;30;13:00:08.304
301;27.9862;28.0057;27.4071;-256.277;-256.684;-256.888;-256.927;-255.937;6.464;1876;15;30;13:00:08.803
302;28.0018;28.0136;27.4071;-256.277;-256.668;-256.888;-256.927;-255.937;6.464;1869;15;30;13:00:09.295
303;28.0175;28.0214;27.4071;-256.277;-256.668;-256.888;-256.935;-255.937;6.464;1854;15;30;13:00:09.803
304;28.0331;28.0292;27.3993;-256.269;-256.676;-256.895;-256.927;-255.937;6.464;1840;15;30;13:00:10.300
305;28.0488;28.0331;27.3993;-256.269;-256.668;-256.888;-256.927;-255.941;6.464;1825;15;30;13:00:10.795
306;28.0566;28.041;27.3993;-256.269;-256.668;-256.888;-256.927;-255.937;6.464;1811;15;30;13:00:11.300
307;28.0723;28.0488;27.3993;-256.277;-256.676;-256.888;-256.935;-255.937;6.464;1803;15;30;13:00:11.803
308;28.0879;28.0488;27.3993;-256.277;-256.676;-256.888;-256.927;-255.941;6.464;1789;15;30;13:00:12.297
309;28.0957;28.0644;27.4071;-256.269;-256.668;-256.895;-256.919;-255.937;6.464;1774;15;30;13:00:12.803
310;28.1114;28.0801;27.4071;-256.269;-256.676;-256.888;-256.919;-255.937;6.464;1767;15;30;13:00:13.303
311;28.1192;28.0879;27.4071;-256.269;-256.668;-256.888;-256.919;-255.941;6.464;1753;15;30;13:00:13.804
312;28.1427;28.0957;27.4071;-256.277;-256.668;-256.895;-256.919;-255.937;6.464;1745;15;30;13:00:14.302
313;28.1583;28.1036;27.4071;-256.277;-256.668;-256.888;-256.927;-255.941;6.464;1723;15;30;13:00:14.803
314;28.1662;28.1192;27.3993;-256.277;-256.676;-256.895;-256.927;-255.937;6.464;1709;15;30;13:00:15.296
315;28.1779;28.1192;27.4071;-256.269;-256.676;-256.888;-256.919;-255.941;6.464;1702;15;30;13:00:15.794
316;28.1818;28.1349;27.3993;-256.277;-256.668;-256.888;-256.927;-255.945;6.464;1691;15;30;13:00:16.302
317;28.2014;28.1505;27.4071;-256.277;-256.676;-256.888;-256.919;-255.937;6.464;1687;15;30;13:00:16.798
318;28.217;28.1583;27.3993;-256.269;-256.668;-256.895;-256.919;-255.937;6.464;1669;15;30;13:00:17.303
319;28.2248;28.1583;27.4071;-256.277;-256.676;-256.888;-256.927;-255.937;6.464;1654;15;30;13:00:17.801
320;28.2483;28.1818;27.415;-256.277;-256.676;-256.895;-256.919;-255.941;6.464;1647;15;30;13:00:18.303
321;28.2483;28.1896;27.415;-256.277;-256.676;-256.888;-256.919;-255.937;6.464;1625;15;30;13:00:18.803
322;28.2718;28.2053;27.415;-256.269;-256.684;-256.888;-256.919;-255.941;6.464;1625;15;30;13:00:19.303
323;28.2796;28.2131;27.4071;-256.277;-256.676;-256.888;-256.919;-255.941;6.464;1604;15;30;13:00:19.795
324;28.2953;28.2131;27.4071;-256.277;-256.668;-256.888;-256.919;-255.941;6.464;1596;15;30;13:00:20.303
325;28.3109;28.2288;27.3993;-256.277;-256.676;-256.888;-256.927;-255.933;6.464;1582;15;30;13:00:20.803
326;28.3187;28.2366;27.4071;-256.269;-256.676;-256.888;-256.927;-255.941;6.464;1567;15;30;13:00:21.303
327;28.3344;28.2483;27.3993;-256.285;-256.676;-256.895;-256.919;-255.937;6.464;1560;15;30;13:00:21.803
328;28.35;28.2522;27.4071;-256.277;-256.668;-256.895;-256.919;-255.941;6.464;1546;15;30;13:00:22.303
329;28.3579;28.2561;27.3993;-256.277;-256.676;-256.888;-256.919;-255.937;6.464;1531;15;30;13:00:22.804
330;28.3735;28.2601;27.3993;-256.285;-256.676;-256.888;-256.919;-255.941;6.464;1524;15;30;13:00:23.302
331;28.3853;28.2718;27.4071;-256.277;-256.668;-256.888;-256.919;-255.941;6.464;1509;15;30;13:00:23.803
332;28.3931;28.2796;27.415;-256.285;-256.668;-256.88;-256.919;-255.937;6.464;1498;15;30;13:00:24.304
333;28.397;28.2953;27.4071;-256.277;-256.668;-256.88;-256.919;-255.937;6.464;1491;15;30;13:00:24.803
334;28.4087;28.3031;27.4071;-256.285;-256.668;-256.88;-256.919;-255.937;6.464;1487;15;30;13:00:25.303
335;28.4244;28.3187;27.4071;-256.277;-256.668;-256.888;-256.927;-255.941;6.464;1477;15;30;13:00:25.794
336;28.44;28.3187;27.3993;-256.277;-256.676;-256.888;-256.919;-255.933;6.464;1462;15;30;13:00:26.303
337;28.4635;28.3344;27.3993;-256.285;-256.668;-256.895;-256.935;-255.941;6.464;1447;15;30;13:00:26.802
338;28.4792;28.3422;27.3993;-256.277;-256.668;-256.888;-256.919;-255.937;6.464;1426;15;30;13:00:27.304
339;28.487;28.35;27.3993;-256.269;-256.676;-256.888;-256.927;-255.937;6.464;1411;15;30;13:00:27.802
340;28.5026;28.3735;27.4071;-256.277;-256.676;-256.888;-256.927;-255.937;6.464;1404;15;30;13:00:28.305
341;28.5183;28.3813;27.3993;-256.269;-256.668;-256.888;-256.919;-255.937;6.464;1389;15;30;13:00:28.804
342;28.5339;28.397;27.4071;-256.277;-256.676;-256.895;-256.919;-255.937;6.464;1375;15;30;13:00:29.300
343;28.5496;28.4048;27.4071;-256.285;-256.661;-256.888;-256.927;-255.941;6.464;1360;15;30;13:00:29.802
344;28.5574;28.4126;27.4071;-256.277;-256.668;-256.88;-256.919;-255.937;6.464;1346;15;30;13:00:30.293
345;28.5809;28.4283;27.3993;-256.277;-256.668;-256.888;-256.919;-255.941;6.464;1339;15;30;13:00:30.801
346;28.5887;28.4283;27.4071;-256.277;-256.668;-256.895;-256.919;-255.937;6.464;1317;15;30;13:00:31.299
347;28.6044;28.4361;27.4071;-256.277;-256.668;-256.895;-256.927;-255.937;6.464;1309;15;30;13:00:31.801
348;28.6044;28.4479;27.4071;-256.277;-256.668;-256.888;-256.927;-255.941;6.464;1295;15;30;13:00:32.302
349;28.6122;28.4479;27.3993;-256.269;-256.668;-256.895;-256.927;-255.941;6.464;1295;15;30;13:00:32.802
350;28.6239;28.4557;27.4071;-256.277;-256.661;-256.888;-256.927;-255.941;6.464;1288;15;30;13:00:33.295
351;28.6317;28.4635;27.4071;-256.277;-256.668;-256.895;-256.927;-255.941;6.464;1277;15;30;13:00:33.802
352;28.6474;28.4792;27.4071;-256.277;-256.676;-256.888;-256.927;-255.941;6.464;1270;15;30;13:00:34.303
353;28.663;28.487;27.3993;-256.269;-256.668;-256.888;-256.927;-255.941;6.464;1255;15;30;13:00:34.802
354;28.6787;28.4948;27.3993;-256.277;-256.661;-256.888;-256.927;-255.941;6.464;1240;15;30;13:00:35.302
355;28.7022;28.5026;27.3993;-256.269;-256.676;-256.888;-256.927;-255.937;6.464;1226;15;30;13:00:35.802
356;28.71;28.5183;27.3993;-256.269;-256.668;-256.888;-256.919;-255.941;6.464;1204;15;30;13:00:36.302
357;28.7256;28.5183;27.3993;-256.269;-256.668;-256.888;-256.927;-255.941;6.464;1197;15;30;13:00:36.795
358;28.7413;28.5418;27.3993;-256.269;-256.668;-256.895;-256.919;-255.937;6.464;1182;15;30;13:00:37.302
359;28.7491;28.5418;27.3915;-256.269;-256.668;-256.895;-256.919;-255.937;6.464;1168;15;30;13:00:37.803
360;28.7726;28.5652;27.3993;-256.277;-256.668;-256.888;-256.919;-255.941;6.464;1161;15;30;13:00:38.302
361;28.7882;28.5652;27.4071;-256.269;-256.668;-256.888;-256.919;-255.937;6.464;1139;15;30;13:00:38.802
362;28.7961;28.5809;27.3993;-256.277;-256.676;-256.888;-256.919;-255.941;6.464;1124;15;30;13:00:39.303
363;28.8039;28.5887;27.3993;-256.269;-256.668;-256.88;-256.919;-255.941;6.464;1117;15;30;13:00:39.802
364;28.8156;28.6044;27.3993;-256.277;-256.668;-256.895;-256.919;-255.941;6.464;1110;15;30;13:00:40.302
365;28.8195;28.6122;27.3915;-256.269;-256.676;-256.888;-256.919;-255.941;6.464;1099;15;30;13:00:40.803
366;28.8274;28.62;27.3993;-256.269;-256.668;-256.888;-256.923;-255.941;6.464;1095;15;30;13:00:41.302
367;28.8391;28.6357;27.3993;-256.285;-256.668;-256.895;-256.919;-255.937;6.464;1088;15;30;13:00:41.805
368;28.8469;28.6396;27.3837;-256.269;-256.668;-256.888;-256.919;-255.941;6.464;1077;15;30;13:00:42.303
369;28.8704;28.6474;27.3837;-256.269;-256.668;-256.888;-256.927;-255.941;6.464;1070;15;30;13:00:42.803
370;28.8782;28.6513;27.3837;-256.277;-256.668;-256.895;-256.919;-255.937;6.464;1048;15;30;13:00:43.304
371;28.8939;28.6552;27.3837;-256.269;-256.676;-256.895;-256.919;-255.949;6.464;1041;15;30;13:00:43.802
372;28.9095;28.6787;27.3837;-256.269;-256.668;-256.888;-256.919;-255.941;6.464;1026;15;30;13:00:44.300
373;28.9174;28.6787;27.3837;-256.269;-256.676;-256.888;-256.919;-255.937;6.464;1012;15;30;13:00:44.798
374;28.9252;28.6865;27.3915;-256.269;-256.668;-256.888;-256.919;-255.937;6.464;1004;15;30;13:00:45.303
375;28.933;28.6943;27.3915;-256.269;-256.668;-256.888;-256.927;-255.941;6.464;997;15;30;13:00:45.797
376;28.9408;28.7022;27.3915;-256.277;-256.661;-256.88;-256.919;-255.937;6.464;990;15;30;13:00:46.302
377;28.9643;28.7256;27.3915;-256.269;-256.676;-256.888;-256.919;-255.941;6.464;983;15;30;13:00:46.794
378;28.9721;28.7256;27.3837;-256.269;-256.668;-256.895;-256.919;-255.937;6.464;961;15;30;13:00:47.294
379;28.9878;28.7335;27.3915;-256.269;-256.668;-256.888;-256.927;-255.937;6.464;954;15;30;13:00:47.801
380;28.9878;28.7569;27.3915;-256.269;-256.676;-256.895;-256.927;-255.937;6.464;939;15;30;13:00:48.302
381;28.9956;28.7569;27.3915;-256.269;-256.676;-256.888;-256.919;-255.937;6.464;939;15;30;13:00:48.804
382;28.9956;28.7648;27.3915;-256.269;-256.661;-256.888;-256.927;-255.937;6.464;932;15;30;13:00:49.305
383;29.0073;28.7648;27.3837;-256.269;-256.676;-256.895;-256.927;-255.937;6.464;932;15;30;13:00:49.802
384;29.023;28.7804;27.3915;-256.277;-256.668;-256.895;-256.919;-255.941;6.464;921;15;30;13:00:50.303
385;29.0308;28.8039;27.3915;-256.269;-256.668;-256.895;-256.919;-255.941;6.464;906;15;30;13:00:50.795
386;29.0465;28.8039;27.3837;-256.277;-256.668;-256.895;-256.919;-255.937;6.464;899;15;30;13:00:51.301
387;29.0465;28.8274;27.3915;-256.269;-256.676;-256.888;-256.935;-255.941;6.464;885;15;30;13:00:51.800
388;29.0699;28.843;27.3915;-256.277;-256.676;-256.888;-256.935;-255.937;6.464;885;15;30;13:00:52.298
389;29.0856;28.843;27.3993;-256.269;-256.668;-256.888;-256.927;-255.941;6.464;863;15;30;13:00:52.802
390;29.1012;28.8548;27.3915;-256.277;-256.668;-256.895;-256.935;-255.941;6.464;848;15;30;13:00:53.298
391;29.1169;28.8587;27.3837;-256.277;-256.676;-256.895;-256.927;-255.937;6.464;834;15;30;13:00:53.802
392;29.1169;28.8665;27.3915;-256.277;-256.668;-256.895;-256.927;-255.937;6.464;819;15;30;13:00:54.302
393;29.1325;28.8665;27.3915;-256.277;-256.676;-256.895;-256.927;-255.937;6.464;819;15;30;13:00:54.802
394;29.1482;28.8782;27.3837;-256.269;-256.668;-256.895;-256.935;-255.941;6.464;805;15;30;13:00:55.302
395;29.156;28.8861;27.3837;-256.277;-256.668;-256.888;-256.935;-255.941;6.464;790;15;30;13:00:55.802
396;29.1638;28.9017;27.3915;-256.269;-256.668;-256.888;-256.935;-255.941;6.464;783;15;30;13:00:56.303
397;29.1795;28.9095;27.3837;-256.277;-256.676;-256.895;-256.927;-255.937;6.464;776;15;30;13:00:56.802
398;29.1873;28.9252;27.3915;-256.269;-256.676;-256.888;-256.919;-255.941;6.464;761;15;30;13:00:57.303
399;29.203;28.933;27.3837;-256.269;-256.668;-256.895;-256.935;-255.941;6.464;754;15;30;13:00:57.802
400;29.2069;28.9408;27.4071;-256.277;-256.676;-256.888;-256.927;-255.937;6.464;739;15;30;13:00:58.302
401;29.2186;28.9487;27.3993;-256.269;-256.668;-256.895;-256.935;-255.937;6.464;736;15;30;13:00:58.802
402;29.2225;28.9643;27.3993;-256.269;-256.676;-256.888;-256.935;-255.937;6.464;725;15;30;13:00:59.302
403;29.2382;28.9721;27.4071;-256.269;-256.668;-256.895;-256.942;-255.937;6.464;721;15;30;13:00:59.794
404;29.246;28.98;27.4071;-256.277;-256.676;-256.88;-256.927;-255.937;6.464;707;15;30;13:01:00.304
405;29.2538;28.9878;27.3993;-256.269;-256.676;-256.895;-256.935;-255.937;6.464;699;15;30;13:01:00.804
406;29.2695;28.9956;27.4071;-256.277;-256.676;-256.888;-256.927;-255.937;6.464;692;15;30;13:01:01.302
407;29.2851;29.0113;27.3993;-256.277;-256.676;-256.895;-256.927;-255.937;6.464;678;15;30;13:01:01.802
408;29.2851;29.0269;27.3915;-256.269;-256.676;-256.888;-256.935;-255.937;6.464;663;15;30;13:01:02.302
409;29.3086;29.0269;27.3993;-256.277;-256.676;-256.888;-256.927;-255.937;6.464;663;15;30;13:01:02.802
410;29.3243;29.0347;27.3993;-256.269;-256.676;-256.895;-256.927;-255.933;6.464;641;15;30;13:01:03.302
411;29.3321;29.0386;27.3993;-256.277;-256.668;-256.895;-256.919;-255.937;6.464;627;15;30;13:01:03.794
412;29.3477;29.0465;27.3993;-256.277;-256.676;-256.895;-256.927;-255.937;6.464;619;15;30;13:01:04.292
413;29.3556;29.0621;27.3993;-256.269;-256.668;-256.888;-256.927;-255.941;6.464;605;15;30;13:01:04.802
414;29.3634;29.0621;27.3915;-256.269;-256.676;-256.895;-256.919;-255.933;6.464;598;15;30;13:01:05.303
415;29.379;29.0856;27.3915;-256.277;-256.676;-256.903;-256.927;-255.941;6.464;590;15;30;13:01:05.802
416;29.4025;29.0856;27.3915;-256.269;-256.668;-256.895;-256.927;-255.937;6.464;576;15;30;13:01:06.295
417;29.4103;29.1091;27.3837;-256.277;-256.676;-256.895;-256.927;-255.937;6.464;554;15;30;13:01:06.799
418;29.4182;29.1247;27.3915;-256.269;-256.668;-256.888;-256.935;-255.937;6.464;547;15;30;13:01:07.302
419;29.4221;29.1247;27.3993;-256.269;-256.676;-256.888;-256.919;-255.937;6.464;540;15;30;13:01:07.802
420;29.4299;29.1404;27.3915;-256.277;-256.676;-256.895;-256.919;-255.937;6.464;536;15;30;13:01:08.302
421;29.4377;29.1482;27.3993;-256.269;-256.668;-256.895;-256.919;-255.937;6.464;529;15;30;13:01:08.802
422;29.4456;29.1482;27.3915;-256.277;-256.676;-256.888;-256.927;-255.937;6.464;521;15;30;13:01:09.303
423;29.4612;29.1638;27.3993;-256.269;-256.676;-256.895;-256.927;-255.941;6.464;514;15;30;13:01:09.802
424;29.469;29.1795;27.3993;-256.277;-256.676;-256.888;-256.935;-255.937;6.464;500;15;30;13:01:10.302
425;29.469;29.1795;27.3993;-256.277;-256.668;-256.895;-256.919;-255.937;6.464;492;15;30;13:01:10.792
426;29.4769;29.1951;27.4071;-256.269;-256.676;-256.888;-256.927;-255.937;6.464;492;15;30;13:01:11.302
427;29.4847;29.2108;27.4071;-256.269;-256.676;-256.895;-256.919;-255.937;6.464;485;15;30;13:01:11.802
428;29.4925;29.2186;27.3837;-256.277;-256.668;-256.888;-256.927;-255.937;6.464;478;15;30;13:01:12.305
429;29.5082;29.2186;27.3993;-256.269;-256.676;-256.888;-256.927;-255.937;6.464;471;15;30;13:01:12.802
430;29.516;29.2343;27.3915;-256.269;-256.676;-256.888;-256.927;-255.937;6.464;456;15;30;13:01:13.302
431;29.5395;29.2421;27.3993;-256.277;-256.676;-256.895;-256.927;-255.933;6.464;449;15;30;13:01:13.802
432;29.5395;29.2421;27.3915;-256.277;-256.676;-256.895;-256.927;-255.937;6.464;427;15;30;13:01:14.304
433;29.5473;29.2499;27.3993;-256.285;-256.676;-256.895;-256.919;-255.937;6.464;427;15;30;13:01:14.802
434;29.5629;29.2538;27.3915;-256.277;-256.668;-256.903;-256.919;-255.937;6.464;420;15;30;13:01:15.303
435;29.5786;29.2577;27.3915;-256.277;-256.668;-256.895;-256.919;-255.937;6.464;405;15;30;13:01:15.803
436;29.5786;29.2695;27.3993;-256.277;-256.676;-256.895;-256.927;-255.937;6.464;391;15;30;13:01:16.302
437;29.5942;29.2773;27.3915;-256.277;-256.668;-256.895;-256.927;-255.937;6.464;391;15;30;13:01:16.802
438;29.6021;29.2851;27.3915;-256.277;-256.676;-256.895;-256.923;-255.937;6.464;376;15;30;13:01:17.302
439;29.6099;29.2851;27.3993;-256.277;-256.668;-256.895;-256.919;-255.937;6.464;369;15;30;13:01:17.802
440;29.6255;29.3008;27.3915;-256.285;-256.668;-256.895;-256.919;-255.937;6.464;362;15;30;13:01:18.302
441;29.6334;29.3086;27.3915;-256.277;-256.676;-256.895;-256.919;-255.941;6.464;347;15;30;13:01:18.801
442;29.6373;29.3164;27.3993;-256.277;-256.668;-256.888;-256.919;-255.937;6.464;340;15;30;13:01:19.303
443;29.6412;29.3321;27.3915;-256.285;-256.676;-256.895;-256.919;-255.937;6.464;336;15;30;13:01:19.802
444;29.649;29.3243;27.3837;-256.277;-256.668;-256.895;-256.919;-255.937;6.464;333;15;30;13:01:20.302
445;29.6529;29.3321;27.3993;-256.285;-256.676;-256.895;-256.915;-255.937;6.464;325;15;30;13:01:20.802
446;29.6607;29.3399;27.3915;-256.277;-256.676;-256.888;-256.927;-255.933;6.464;322;15;30;13:01:21.302
447;29.6686;29.3556;27.3837;-256.277;-256.676;-256.895;-256.915;-255.933;6.464;314;15;30;13:01:21.801
448;29.6686;29.3634;27.3837;-256.285;-256.684;-256.895;-256.919;-255.933;6.464;307;15;30;13:01:22.301
449;29.6764;29.3634;27.3915;-256.285;-256.668;-256.888;-256.919;-255.937;6.464;307;15;30;13:01:22.801
450;29.692;29.379;27.3837;-256.277;-256.668;-256.895;-256.919;-255.933;6.464;300;15;30;13:01:23.301
451;29.6999;29.3869;27.3837;-256.285;-256.676;-256.895;-256.927;-255.937;6.464;285;15;30;13:01:23.802
452;29.6999;29.3947;27.3837;-256.285;-256.668;-256.888;-256.919;-255.933;6.464;278;15;30;13:01:24.303
453;29.7155;29.4025;27.3758;-256.277;-256.676;-256.895;-256.919;-255.933;6.464;278;15;30;13:01:24.802
454;29.7233;29.4025;27.3837;-256.285;-256.668;-256.895;-256.919;-255.937;6.464;264;15;30;13:01:25.302
455;29.739;29.4103;27.3758;-256.277;-256.676;-256.895;-256.919;-255.933;6.464;256;15;30;13:01:25.802
456;29.7468;29.4182;27.3837;-256.285;-256.668;-256.888;-256.915;-255.937;6.464;242;15;30;13:01:26.302
457;29.739;29.426;27.3915;-256.269;-256.676;-256.895;-256.919;-255.933;6.464;235;15;30;13:01:26.802
458;29.739;29.426;27.3915;-256.269;-256.668;-256.895;-256.915;-255.937;6.464;242;15;30;13:01:27.301
459;29.7468;29.426;27.3915;-256.277;-256.676;-256.895;-256.919;-255.933;6.464;242;15;30;13:01:27.802
460;29.7546;29.4338;27.3915;-256.269;-256.668;-256.895;-256.915;-255.937;6.464;235;15;30;13:01:28.302
461;29.7625;29.4416;27.3915;-256.269;-256.676;-256.888;-256.919;-255.937;6.464;227;15;30;13:01:28.803
462;29.7703;29.4416;27.3837;-256.277;-256.676;-256.895;-256.911;-255.937;6.464;220;15;30;13:01:29.302
463;29.7625;29.4495;27.3915;-256.269;-256.684;-256.888;-256.919;-255.933;6.464;213;15;30;13:01:29.801
464;29.7703;29.4573;27.3837;-256.277;-256.668;-256.895;-256.919;-255.937;6.464;220;15;30;13:01:30.301
465;29.7781;29.4612;27.3915;-256.269;-256.676;-256.895;-256.919;-255.937;6.464;213;15;30;13:01:30.801
466;29.7859;29.4612;27.3837;-256.269;-256.676;-256.895;-256.915;-255.933;6.464;205;15;30;13:01:31.301
467;29.7938;29.4612;27.3915;-256.269;-256.676;-256.895;-256.919;-255.937;6.464;198;15;30;13:01:31.803
468;29.7938;29.469;27.3915;-256.269;-256.676;-256.895;-256.919;-255.937;6.464;191;15;30;13:01:32.303
469;29.7859;29.4729;27.3915;-256.269;-256.676;-256.895;-256.927;-255.937;6.464;191;15;30;13:01:32.802
470;29.7859;29.4729;27.3915;-256.269;-256.676;-256.895;-256.919;-255.937;6.464;198;15;30;13:01:33.302
471;29.8016;29.4847;27.3837;-256.269;-256.684;-256.895;-256.927;-255.937;6.464;198;15;30;13:01:33.803
472;29.8016;29.5003;27.3837;-256.269;-256.668;-256.895;-256.927;-255.937;6.464;184;15;30;13:01:34.302
473;29.8016;29.5003;27.3837;-256.277;-256.684;-256.895;-256.927;-255.937;6.464;184;15;30;13:01:34.803
474;29.8172;29.5003;27.3837;-256.269;-256.668;-256.888;-256.927;-255.933;6.464;184;15;30;13:01:35.302
475;29.8172;29.5003;27.3915;-256.269;-256.676;-256.888;-256.919;-255.937;6.464;169;15;30;13:01:35.802
476;29.8251;29.5082;27.3837;-256.277;-256.676;-256.895;-256.927;-255.937;6.464;169;15;30;13:01:36.303
477;29.8329;29.5082;27.3758;-256.269;-256.676;-256.888;-256.919;-255.933;6.464;162;15;30;13:01:36.801
478;29.8329;29.5082;27.3837;-256.277;-256.668;-256.888;-256.915;-255.937;6.464;155;15;30;13:01:37.302
479;29.8329;29.516;27.3915;-256.269;-256.676;-256.895;-256.919;-255.941;6.464;155;15;30;13:01:37.802
480;29.8329;29.5238;27.3837;-256.269;-256.668;-256.895;-256.915;-255.937;6.464;155;15;30;13:01:38.302
481;29.8329;29.5316;27.3837;-256.269;-256.676;-256.895;-256.915;-255.937;6.464;155;15;30;13:01:38.801
482;29.8407;29.5238;27.3758;-256.277;-256.676;-256.895;-256.915;-255.937;6.464;155;15;30;13:01:39.302
483;29.8407;29.5316;27.3837;-256.269;-256.668;-256.895;-256.915;-255.937;6.464;147;15;30;13:01:39.803
484;29.8485;29.5316;27.3758;-256.277;-256.676;-256.895;-256.915;-255.937;6.464;147;15;30;13:01:40.301
485;29.8485;29.5395;27.3837;-256.277;-256.676;-256.895;-256.915;-255.937;6.464;140;15;30;13:01:40.803
486;29.8525;29.5395;27.3758;-256.269;-256.668;-256.895;-256.919;-255.941;6.464;140;15;30;13:01:41.303
487;29.8564;29.5473;27.3837;-256.277;-256.676;-256.895;-256.919;-255.937;6.464;136;15;30;13:01:41.802
488;29.8525;29.5551;27.368;-256.269;-256.668;-256.895;-256.915;-255.937;6.464;133;15;30;13:01:42.302
489;29.8564;29.5473;27.3758;-256.269;-256.676;-256.895;-256.915;-255.937;6.464;136;15;30;13:01:42.804
490;29.8525;29.5551;27.368;-256.269;-256.676;-256.888;-256.919;-255.941;6.464;133;15;30;13:01:43.303
491;29.8525;29.5551;27.3758;-256.269;-256.668;-256.895;-256.919;-255.937;6.464;136;15;30;13:01:43.801
492;29.8564;29.5629;27.368;-256.269;-256.676;-256.888;-256.915;-255.937;6.464;136;15;30;13:01:44.302
493;29.8564;29.5629;27.3758;-256.269;-256.668;-256.895;-256.919;-255.937;6.464;133;15;30;13:01:44.802
494;29.8564;29.5629;27.3758;-256.277;-256.676;-256.895;-256.915;-255.933;6.464;133;15;30;13:01:45.303
495;29.8564;29.5629;27.368;-256.269;-256.668;-256.895;-256.919;-255.941;6.464;133;15;30;13:01:45.802
496;29.8525;29.5708;27.3758;-256.277;-256.676;-256.895;-256.919;-255.941;6.464;133;15;30;13:01:46.302
497;29.8564;29.5629;27.3758;-256.277;-256.668;-256.895;-256.915;-255.937;6.464;136;15;30;13:01:46.801
498;29.8603;29.5708;27.3758;-256.277;-256.668;-256.888;-256.919;-255.937;6.464;133;15;30;13:01:47.302
499;29.8525;29.5786;27.368;-256.277;-256.676;-256.895;-256.915;-255.937;6.464;129;15;30;13:01:47.802
500;29.8525;29.5786;27.368;-256.269;-256.676;-256.903;-256.919;-255.937;6.464;136;15;30;13:01:48.303
501;29.8564;29.5786;27.368;-256.277;-256.676;-256.895;-256.915;-255.937;6.464;136;15;30;13:01:48.801
502;29.8564;29.5786;27.3758;-256.277;-256.668;-256.895;-256.919;-255.937;6.464;133;15;30;13:01:49.302
503;29.8525;29.5864;27.3758;-256.269;-256.676;-256.888;-256.915;-255.937;6.464;133;15;30;13:01:49.802
504;29.8525;29.5864;27.3758;-256.269;-256.676;-256.895;-256.927;-255.937;6.464;136;15;30;13:01:50.302
505;29.8564;29.5864;27.3758;-256.277;-256.676;-256.903;-256.927;-255.937;6.464;136;15;30;13:01:50.802
506;29.8525;29.5864;27.368;-256.277;-256.676;-256.895;-256.927;-255.937;6.464;133;15;30;13:01:51.302
507;29.8485;29.5864;27.368;-256.269;-256.676;-256.888;-256.919;-255.937;6.464;136;15;30;13:01:51.801
508;29.8525;29.5864;27.368;-256.277;-256.676;-256.895;-256.927;-255.933;6.464;140;15;30;13:01:52.302
509;29.8525;29.5786;27.3758;-256.277;-256.684;-256.903;-256.919;-255.937;6.464;136;15;30;13:01:52.801
510;29.8485;29.5864;27.368;-256.269;-256.676;-256.895;-256.927;-255.941;6.464;136;15;30;13:01:53.295
511;29.8485;29.5786;27.3758;-256.269;-256.676;-256.895;-256.919;-255.941;6.464;140;15;30;13:01:53.801
512;29.8485;29.5786;27.368;-256.277;-256.676;-256.895;-256.919;-255.941;6.464;140;15;30;13:01:54.301
513;29.8407;29.5786;27.368;-256.277;-256.684;-256.903;-256.927;-255.941;6.464;140;15;30;13:01:54.801
514;29.8407;29.5864;27.3758;-256.277;-256.668;-256.895;-256.919;-255.941;6.464;147;15;30;13:01:55.301
515;29.8329;29.5708;27.368;-256.269;-256.676;-256.903;-256.919;-255.937;6.464;147;15;30;13:01:55.803
516;29.8329;29.5786;27.3837;-256.269;-256.676;-256.895;-256.927;-255.941;6.464;155;15;30;13:01:56.302
517;29.8251;29.5864;27.368;-256.269;-256.668;-256.895;-256.927;-255.941;6.464;155;15;30;13:01:56.793
518;29.8251;29.5786;27.3758;-256.269;-256.668;-256.888;-256.927;-255.941;6.464;162;15;30;13:01:57.294
519;29.8329;29.5864;27.368;-256.269;-256.676;-256.895;-256.919;-255.941;6.464;162;15;30;13:01:57.801
520;29.8329;29.5864;27.3758;-256.277;-256.668;-256.903;-256.911;-255.937;6.464;155;15;30;13:01:58.303
521;29.8172;29.5942;27.3758;-256.269;-256.676;-256.895;-256.915;-255.941;6.464;155;15;30;13:01:58.802
522;29.8251;29.5864;27.3758;-256.269;-256.668;-256.895;-256.915;-255.941;6.464;169;15;30;13:01:59.301
523;29.8251;29.5864;27.3758;-256.269;-256.668;-256.895;-256.911;-255.941;6.464;162;15;30;13:01:59.800
524;29.8329;29.5942;27.3758;-256.277;-256.676;-256.895;-256.919;-255.945;6.464;162;15;30;13:02:00.303
525;29.8329;29.5942;27.3837;-256.277;-256.676;-256.895;-256.915;-255.941;6.464;155;15;30;13:02:00.799
526;29.8251;29.5942;27.3758;-256.277;-256.676;-256.895;-256.919;-255.937;6.464;155;15;30;13:02:01.295
527;29.8172;29.6021;27.3837;-256.277;-256.676;-256.895;-256.915;-255.941;6.464;162;15;30;13:02:01.794
528;29.8251;29.5942;27.368;-256.277;-256.676;-256.895;-256.919;-255.941;6.464;169;15;30;13:02:02.292
529;29.8329;29.6021;27.368;-256.277;-256.676;-256.888;-256.919;-255.941;6.464;162;15;30;13:02:02.802
530;29.8251;29.6099;27.3758;-256.277;-256.676;-256.895;-256.919;-255.941;6.464;155;15;30;13:02:03.303
531;29.8251;29.6099;27.3758;-256.277;-256.676;-256.888;-256.915;-255.941;6.464;162;15;30;13:02:03.801
532;29.8329;29.6099;27.3758;-256.269;-256.676;-256.895;-256.919;-255.937;6.464;162;15;30;13:02:04.301
533;29.8329;29.6099;27.368;-256.277;-256.676;-256.895;-256.915;-255.945;6.464;155;15;30;13:02:04.801
534;29.8251;29.6177;27.368;-256.269;-256.684;-256.888;-256.919;-255.941;6.464;155;15;30;13:02:05.301
535;29.8251;29.6255;27.368;-256.269;-256.676;-256.895;-256.911;-255.937;6.464;162;15;30;13:02:05.799
536;29.8329;29.6177;27.368;-256.269;-256.676;-256.888;-256.911;-255.941;6.464;162;15;30;13:02:06.303
537;29.8329;29.6255;27.368;-256.277;-256.676;-256.895;-256.915;-255.941;6.464;155;15;30;13:02:06.801
538;29.8172;29.6255;27.3915;-256.269;-256.676;-256.895;-256.911;-255.937;6.464;155;15;30;13:02:07.302
539;29.8251;29.6255;27.3837;-256.277;-256.676;-256.895;-256.915;-255.941;6.464;169;15;30;13:02:07.794
540;29.8329;29.6334;27.3837;-256.269;-256.684;-256.888;-256.915;-255.941;6.464;162;15;30;13:02:08.301
541;29.8251;29.6334;27.3837;-256.269;-256.668;-256.903;-256.915;-255.941;6.464;155;15;30;13:02:08.801
542;29.8251;29.6334;27.3758;-256.269;-256.676;-256.888;-256.915;-255.933;6.464;162;15;30;13:02:09.301
543;29.8329;29.6373;27.3602;-256.269;-256.684;-256.895;-256.915;-255.941;6.464;162;15;30;13:02:09.802
544;29.8329;29.6373;27.368;-256.277;-256.676;-256.888;-256.915;-255.937;6.464;155;15;30;13:02:10.297
545;29.8251;29.6373;27.3758;-256.277;-256.684;-256.895;-256.923;-255.937;6.464;155;15;30;13:02:10.801
546;29.8329;29.6412;27.3837;-256.269;-256.684;-256.895;-256.919;-255.941;6.464;162;15;30;13:02:11.296
547;29.8329;29.6412;27.368;-256.262;-256.676;-256.888;-256.919;-255.937;6.464;155;15;30;13:02:11.800
548;29.8251;29.6451;27.3758;-256.269;-256.668;-256.895;-256.919;-255.941;6.464;155;15;30;13:02:12.299
549;29.8407;29.649;27.3837;-256.277;-256.676;-256.895;-256.919;-255.941;6.464;162;15;30;13:02:12.795
550;29.8407;29.6451;27.3837;-256.269;-256.684;-256.895;-256.911;-255.937;6.464;147;15;30;13:02:13.296
551;29.8407;29.649;27.3915;-256.277;-256.668;-256.895;-256.915;-255.937;6.464;147;15;30;13:02:13.797
552;29.8407;29.649;27.3915;-256.277;-256.676;-256.895;-256.911;-255.941;6.464;147;15;30;13:02:14.293
553;29.8407;29.649;27.3915;-256.285;-256.684;-256.888;-256.919;-255.941;6.464;147;15;30;13:02:14.802
554;29.8485;29.6529;27.3993;-256.277;-256.676;-256.895;-256.915;-255.941;6.464;147;15;30;13:02:15.297
555;29.8485;29.649;27.3993;-256.277;-256.676;-256.895;-256.919;-255.941;6.464;140;15;30;13:02:15.801
556;29.8525;29.6529;27.3915;-256.277;-256.684;-256.895;-256.919;-255.941;6.464;140;15;30;13:02:16.301
557;29.8525;29.6607;27.3837;-256.285;-256.676;-256.888;-256.915;-255.941;6.464;136;15;30;13:02:16.801
558;29.8564;29.6529;27.3837;-256.277;-256.684;-256.895;-256.919;-255.941;6.464;136;15;30;13:02:17.299
559;29.8525;29.6607;27.3837;-256.285;-256.668;-256.888;-256.919;-255.937;6.464;133;15;30;13:02:17.802
560;29.8525;29.6607;27.3837;-256.285;-256.676;-256.888;-256.927;-255.941;6.464;136;15;30;13:02:18.299
561;29.8525;29.6607;27.3837;-256.277;-256.676;-256.88;-256.919;-255.941;6.464;136;15;30;13:02:18.802
562;29.8564;29.6607;27.3837;-256.285;-256.684;-256.895;-256.927;-255.941;6.464;136;15;30;13:02:19.303
563;29.8485;29.6686;27.3837;-256.277;-256.684;-256.88;-256.919;-255.941;6.464;133;15;30;13:02:19.794
564;29.8525;29.6686;27.3758;-256.277;-256.676;-256.888;-256.919;-255.941;6.464;140;15;30;13:02:20.303
565;29.8564;29.6607;27.3837;-256.285;-256.684;-256.888;-256.915;-255.941;6.464;136;15;30;13:02:20.801
566;29.8525;29.6607;27.3837;-256.285;-256.676;-256.895;-256.919;-255.941;6.464;133;15;30;13:02:21.301
567;29.8564;29.6607;27.3837;-256.285;-256.676;-256.888;-256.919;-255.945;6.464;136;15;30;13:02:21.794
568;29.8525;29.6686;27.3837;-256.277;-256.684;-256.895;-256.919;-255.945;6.464;133;15;30;13:02:22.302
569;29.8525;29.6607;27.3915;-256.277;-256.676;-256.895;-256.915;-255.949;6.464;136;15;30;13:02:22.801
570;29.8485;29.6686;27.3837;-256.285;-256.676;-256.895;-256.915;-255.941;6.464;136;15;30;13:02:23.301
571;29.8485;29.6686;27.3915;-256.269;-256.676;-256.895;-256.927;-255.941;6.464;140;15;30;13:02:23.801
572;29.8485;29.6607;27.3993;-256.285;-256.676;-256.895;-256.919;-255.941;6.464;140;15;30;13:02:24.294
573;29.8525;29.6686;27.3837;-256.285;-256.684;-256.895;-256.919;-255.937;6.464;140;15;30;13:02:24.794
574;29.8525;29.6686;27.3837;-256.277;-256.676;-256.895;-256.923;-255.941;6.464;136;15;30;13:02:25.295
575;29.8525;29.6686;27.3915;-256.285;-256.676;-256.895;-256.915;-255.941;6.464;136;15;30;13:02:25.801
576;29.8564;29.6686;27.3837;-256.277;-256.668;-256.895;-256.927;-255.941;6.464;136;15;30;13:02:26.303
577;29.8564;29.6764;27.3837;-256.277;-256.684;-256.895;-256.919;-255.941;6.464;133;15;30;13:02:26.801
578;29.8485;29.6764;27.3758;-256.277;-256.668;-256.895;-256.915;-255.941;6.464;133;15;30;13:02:27.295
579;29.8485;29.6764;27.3758;-256.269;-256.684;-256.895;-256.919;-255.941;6.464;140;15;30;13:02:27.802
580;29.8485;29.6764;27.3758;-256.285;-256.676;-256.895;-256.919;-255.937;6.464;140;15;30;13:02:28.301
581;29.8525;29.6764;27.368;-256.277;-256.676;-256.888;-256.915;-255.941;6.464;140;15;30;13:02:28.801
582;29.8485;29.6842;27.3758;-256.285;-256.676;-256.895;-256.923;-255.937;6.464;136;15;30;13:02:29.294
583;29.8525;29.6842;27.368;-256.285;-256.676;-256.895;-256.919;-255.949;6.464;140;15;30;13:02:29.802
584;29.8525;29.6764;27.3758;-256.285;-256.684;-256.903;-256.919;-255.941;6.464;136;15;30;13:02:30.303
585;29.8525;29.6842;27.368;-256.285;-256.676;-256.895;-256.915;-255.941;6.464;136;15;30;13:02:30.802
586;29.8564;29.6842;27.368;-256.285;-256.676;-256.895;-256.927;-255.941;6.464;136;15;30;13:02:31.300
587;29.8485;29.6764;27.368;-256.277;-256.684;-256.895;-256.919;-255.941;6.464;133;15;30;13:02:31.801
588;29.8485;29.6842;27.368;-256.285;-256.676;-256.895;-256.927;-255.941;6.464;140;15;30;13:02:32.298
589;29.8407;29.6764;27.3758;-256.285;-256.684;-256.895;-256.919;-255.941;6.464;140;15;30;13:02:32.802
590;29.8485;29.6764;27.3758;-256.277;-256.684;-256.903;-256.927;-255.941;6.464;147;15;30;13:02:33.294
591;29.8407;29.6842;27.3837;-256.293;-256.676;-256.895;-256.927;-255.941;6.464;140;15;30;13:02:33.802
592;29.8485;29.6842;27.3758;-256.277;-256.668;-256.903;-256.927;-255.941;6.464;147;15;30;13:02:34.303
593;29.8485;29.692;27.3758;-256.285;-256.676;-256.895;-256.927;-255.937;6.464;140;15;30;13:02:34.801
594;29.8485;29.6842;27.3837;-256.285;-256.684;-256.895;-256.919;-255.949;6.464;140;15;30;13:02:35.302
595;29.8407;29.692;27.3758;-256.277;-256.668;-256.895;-256.927;-255.941;6.464;140;15;30;13:02:35.802
596;29.8329;29.692;27.3837;-256.277;-256.668;-256.888;-256.927;-255.941;6.464;147;15;30;13:02:36.301
597;29.8407;29.692;27.3758;-256.277;-256.668;-256.895;-256.919;-255.941;6.464;155;15;30;13:02:36.801
598;29.8407;29.6842;27.3758;-256.277;-256.676;-256.895;-256.927;-255.941;6.464;147;15;30;13:02:37.301
599;29.8407;29.692;27.3837;-256.277;-256.661;-256.895;-256.927;-255.937;6.464;147;15;30;13:02:37.801
600;29.8407;29.6999;27.3758;-256.277;-256.676;-256.903;-256.919;-255.941;6.464;147;15;30;13:02:38.300
601;29.8485;29.6999;27.3758;-256.277;-256.676;-256.888;-256.919;-255.937;6.464;147;15;30;13:02:38.801
602;29.8525;29.692;27.3758;-256.277;-256.668;-256.895;-256.919;-255.937;6.464;140;15;30;13:02:39.300
603;29.8485;29.7077;27.3758;-256.285;-256.668;-256.895;-256.919;-255.941;6.464;136;15;30;13:02:39.801
604;29.8446;29.7077;27.3837;-256.277;-256.676;-256.895;-256.919;-255.937;6.464;140;15;30;13:02:40.302
605;29.8485;29.7077;27.3758;-256.277;-256.668;-256.888;-256.919;-255.941;6.464;144;15;30;13:02:40.801
606;29.8407;29.7077;27.3837;-256.269;-256.668;-256.895;-256.919;-255.941;6.464;140;15;30;13:02:41.301
607;29.8407;29.7155;27.3915;-256.277;-256.668;-256.895;-256.919;-255.937;6.464;147;15;30;13:02:41.798
608;29.8407;29.7077;27.3837;-256.269;-256.676;-256.903;-256.923;-255.941;6.464;147;15;30;13:02:42.301
609;29.8407;29.7077;27.3915;-256.269;-256.668;-256.895;-256.919;-255.937;6.464;147;15;30;13:02:42.801
610;29.8407;29.7155;27.3837;-256.269;-256.676;-256.895;-256.923;-255.941;6.464;147;15;30;13:02:43.303
611;29.8485;29.7077;27.3837;-256.277;-256.668;-256.895;-256.915;-255.941;6.464;147;15;30;13:02:43.801
612;29.8485;29.7155;27.3837;-256.269;-256.676;-256.895;-256.919;-255.937;6.464;140;15;30;13:02:44.300
613;29.8525;29.7233;27.3837;-256.269;-256.676;-256.895;-256.919;-255.941;6.464;140;15;30;13:02:44.801
614;29.8525;29.7155;27.3758;-256.277;-256.676;-256.895;-256.919;-255.941;6.464;136;15;30;13:02:45.293
615;29.8564;29.7233;27.3758;-256.277;-256.676;-256.895;-256.919;-255.941;6.464;136;15;30;13:02:45.801
616;29.8485;29.7233;27.3758;-256.277;-256.668;-256.895;-256.915;-255.941;6.464;133;15;30;13:02:46.301
617;29.8525;29.7155;27.3758;-256.285;-256.676;-256.888;-256.915;-255.949;6.464;140;15;30;13:02:46.792
618;29.8525;29.7233;27.3758;-256.269;-256.668;-256.895;-256.919;-255.941;6.464;136;15;30;13:02:47.301
619;29.8525;29.7233;27.3758;-256.285;-256.668;-256.888;-256.915;-255.949;6.464;136;15;30;13:02:47.802
620;29.8485;29.7233;27.3758;-256.277;-256.676;-256.895;-256.915;-255.941;6.464;136;15;30;13:02:48.301
621;29.8485;29.7233;27.3758;-256.277;-256.668;-256.888;-256.915;-255.949;6.464;140;15;30;13:02:48.800
622;29.8525;29.7233;27.3758;-256.277;-256.684;-256.888;-256.919;-255.941;6.464;140;15;30;13:02:49.303
623;29.8485;29.7312;27.3758;-256.277;-256.668;-256.903;-256.919;-255.941;6.464;136;15;30;13:02:49.801
624;29.8525;29.7233;27.3837;-256.285;-256.684;-256.895;-256.915;-255.949;6.464;140;15;30;13:02:50.302
625;29.8485;29.7233;27.3758;-256.277;-256.676;-256.888;-256.915;-255.949;6.464;136;15;30;13:02:50.801
626;29.8485;29.7233;27.3837;-256.277;-256.676;-256.895;-256.919;-255.941;6.464;140;15;30;13:02:51.302
627;29.8485;29.7233;27.3837;-256.277;-256.676;-256.888;-256.915;-255.945;6.464;140;15;30;13:02:51.801
628;29.8485;29.7155;27.3837;-256.277;-256.676;-256.888;-256.915;-255.941;6.464;140;15;30;13:02:52.292
629;29.8485;29.7233;27.3837;-256.277;-256.676;-256.895;-256.915;-255.937;6.464;140;15;30;13:02:52.803
630;29.8485;29.7155;27.3837;-256.285;-256.676;-256.895;-256.915;-255.941;6.464;140;15;30;13:02:53.301
631;29.8485;29.7155;27.3837;-256.277;-256.676;-256.895;-256.919;-255.941;6.464;140;15;30;13:02:53.800
632;29.8407;29.7155;27.3915;-256.277;-256.668;-256.895;-256.919;-255.941;6.464;140;15;30;13:02:54.301
633;29.8407;29.7155;27.3915;-256.277;-256.676;-256.888;-256.915;-255.949;6.464;147;15;30;13:02:54.792
634;29.8407;29.7155;27.3915;-256.277;-256.676;-256.895;-256.915;-255.945;6.464;147;15;30;13:02:55.300
635;29.8329;29.7155;27.3915;-256.277;-256.668;-256.895;-256.915;-255.941;6.464;147;15;30;13:02:55.795
636;29.8329;29.7155;27.3915;-256.269;-256.676;-256.888;-256.919;-255.941;6.464;155;15;30;13:02:56.300
637;29.8329;29.7155;27.3837;-256.277;-256.668;-256.888;-256.915;-255.941;6.464;155;15;30;13:02:56.800
638;29.8407;29.7155;27.3915;-256.269;-256.676;-256.895;-256.919;-255.941;6.464;155;15;30;13:02:57.300
639;29.8485;29.7233;27.3837;-256.285;-256.676;-256.888;-256.915;-255.949;6.464;147;15;30;13:02:57.800
640;29.8485;29.7233;27.3915;-256.269;-256.676;-256.895;-256.919;-255.941;6.464;140;15;30;13:02:58.302
641;29.8525;29.7233;27.3837;-256.277;-256.676;-256.888;-256.919;-255.949;6.464;140;15;30;13:02:58.801
642;29.8485;29.7233;27.3915;-256.277;-256.676;-256.888;-256.915;-255.949;6.464;136;15;30;13:02:59.300
643;29.8525;29.7233;27.3837;-256.277;-256.676;-256.895;-256.919;-255.941;6.464;140;15;30;13:02:59.800
644;29.8525;29.7312;27.3837;-256.277;-256.668;-256.888;-256.919;-255.949;6.464;136;15;30;13:03:00.300
645;29.8525;29.7312;27.3837;-256.277;-256.676;-256.895;-256.915;-255.941;6.464;136;15;30;13:03:00.795
646;29.8525;29.739;27.3837;-256.277;-256.676;-256.895;-256.915;-255.941;6.464;136;15;30;13:03:01.302
647;29.8564;29.7312;27.3837;-256.277;-256.676;-256.888;-256.911;-255.941;6.464;136;15;30;13:03:01.800
648;29.8564;29.739;27.3837;-256.277;-256.668;-256.895;-256.915;-255.949;6.464;133;15;30;13:03:02.293
649;29.8525;29.739;27.3758;-256.269;-256.668;-256.895;-256.911;-255.941;6.464;133;15;30;13:03:02.800
650;29.8603;29.7312;27.3837;-256.277;-256.676;-256.895;-256.911;-255.941;6.464;136;15;30;13:03:03.300
651;29.8564;29.739;27.3837;-256.285;-256.668;-256.895;-256.919;-255.941;6.464;129;15;30;13:03:03.800
652;29.8525;29.739;27.3915;-256.277;-256.668;-256.888;-256.915;-255.949;6.464;133;15;30;13:03:04.300
653;29.8564;29.7312;27.3915;-256.277;-256.661;-256.895;-256.915;-255.941;6.464;136;15;30;13:03:04.801
654;29.8525;29.739;27.3837;-256.285;-256.668;-256.895;-256.911;-255.949;6.464;133;15;30;13:03:05.295
655;29.8564;29.7312;27.3915;-256.277;-256.676;-256.895;-256.919;-255.949;6.464;136;15;30;13:03:05.800
656;29.8525;29.7312;27.3837;-256.277;-256.668;-256.888;-256.915;-255.941;6.464;133;15;30;13:03:06.294
657;29.8564;29.7312;27.3915;-256.285;-256.668;-256.895;-256.915;-255.941;6.464;136;15;30;13:03:06.800
658;29.8564;29.7312;27.3837;-256.277;-256.676;-256.903;-256.915;-255.941;6.464;133;15;30;13:03:07.300
659;29.8525;29.7233;27.3915;-256.277;-256.668;-256.895;-256.915;-255.949;6.464;133;15;30;13:03:07.800
660;29.8525;29.7312;27.3837;-256.277;-256.668;-256.895;-256.911;-255.941;6.464;136;15;30;13:03:08.295
661;29.8564;29.7312;27.3837;-256.277;-256.668;-256.903;-256.911;-255.941;6.464;136;15;30;13:03:08.801
662;29.8525;29.7233;27.3837;-256.277;-256.668;-256.895;-256.915;-255.941;6.464;133;15;30;13:03:09.302
663;29.8525;29.7233;27.3758;-256.285;-256.661;-256.895;-256.915;-255.941;6.464;136;15;30;13:03:09.800
664;29.8485;29.7233;27.3837;-256.277;-256.661;-256.895;-256.915;-255.949;6.464;136;15;30;13:03:10.300
665;29.8446;29.7233;27.3837;-256.277;-256.661;-256.895;-256.911;-255.941;6.464;140;15;30;13:03:10.800
666;29.8485;29.7312;27.3837;-256.277;-256.661;-256.895;-256.915;-255.949;6.464;144;15;30;13:03:11.294
667;29.8485;29.7155;27.3837;-256.285;-256.661;-256.895;-256.911;-255.941;6.464;140;15;30;13:03:11.800
668;29.8525;29.7312;27.3837;-256.269;-256.661;-256.895;-256.915;-255.941;6.464;140;15;30;13:03:12.300
669;29.8485;29.7233;27.3837;-256.277;-256.661;-256.895;-256.911;-255.949;6.464;136;15;30;13:03:12.801
670;29.8485;29.7312;27.3837;-256.269;-256.653;-256.888;-256.915;-255.937;6.464;140;15;30;13:03:13.300
671;29.8485;29.7312;27.3837;-256.277;-256.661;-256.888;-256.915;-255.941;6.464;140;15;30;13:03:13.800
672;29.8485;29.7312;27.3758;-256.277;-256.661;-256.895;-256.915;-255.949;6.464;140;15;30;13:03:14.294
673;29.8525;29.7312;27.3758;-256.277;-256.668;-256.895;-256.911;-255.945;6.464;140;15;30;13:03:14.795
674;29.8485;29.7233;27.3758;-256.277;-256.661;-256.888;-256.911;-255.941;6.464;136;15;30;13:03:15.301
675;29.8485;29.739;27.3837;-256.285;-256.668;-256.888;-256.915;-255.949;6.464;140;15;30;13:03:15.802
676;29.8485;29.7312;27.3758;-256.277;-256.661;-256.895;-256.915;-255.941;6.464;140;15;30;13:03:16.301
677;29.8485;29.7312;27.3837;-256.277;-256.668;-256.888;-256.915;-255.949;6.464;140;15;30;13:03:16.792
678;29.8485;29.7312;27.3758;-256.285;-256.661;-256.895;-256.919;-255.941;6.464;140;15;30;13:03:17.299
679;29.8485;29.7312;27.3837;-256.277;-256.661;-256.888;-256.919;-255.941;6.464;140;15;30;13:03:17.793
680;29.8407;29.7312;27.3915;-256.277;-256.661;-256.888;-256.919;-255.956;6.464;140;15;30;13:03:18.301
681;29.8485;29.7312;27.3837;-256.285;-256.668;-256.888;-256.915;-255.941;6.464;147;15;30;13:03:18.795
682;29.8407;29.7233;27.3758;-256.277;-256.661;-256.888;-256.919;-255.949;6.464;140;15;30;13:03:19.294
683;29.8407;29.7312;27.3915;-256.285;-256.661;-256.888;-256.915;-255.941;6.464;147;15;30;13:03:19.800
684;29.8407;29.7312;27.3915;-256.269;-256.668;-256.888;-256.919;-255.941;6.464;147;15;30;13:03:20.294
685;29.8407;29.7312;27.3837;-256.277;-256.661;-256.888;-256.915;-255.949;6.464;147;15;30;13:03:20.793
686;29.8485;29.7312;27.3915;-256.277;-256.668;-256.888;-256.919;-255.941;6.464;147;15;30;13:03:21.300
687;29.8525;29.7312;27.3837;-256.277;-256.661;-256.888;-256.911;-255.941;6.464;140;15;30;13:03:21.800
688;29.8485;29.7312;27.3915;-256.277;-256.668;-256.88;-256.923;-255.945;6.464;136;15;30;13:03:22.300
689;29.8485;29.739;27.3915;-256.269;-256.668;-256.888;-256.919;-255.941;6.464;140;15;30;13:03:22.800
690;29.8525;29.7312;27.3993;-256.277;-256.668;-256.88;-256.919;-255.941;6.464;140;15;30;13:03:23.295
691;29.8485;29.7468;27.3993;-256.269;-256.661;-256.888;-256.927;-255.949;6.464;136;15;30;13:03:23.800
692;29.8525;29.7546;27.3915;-256.269;-256.668;-256.888;-256.915;-255.949;6.464;140;15;30;13:03:24.300
693;29.8525;29.7468;27.3993;-256.277;-256.668;-256.888;-256.915;-255.941;6.464;136;15;30;13:03:24.795
694;29.8525;29.739;27.3915;-256.277;-256.668;-256.88;-256.915;-255.949;6.464;136;15;30;13:03:25.300
695;29.8525;29.7468;27.3915;-256.277;-256.661;-256.888;-256.919;-255.937;6.464;136;15;30;13:03:25.802
696;29.8525;29.7468;27.3993;-256.277;-256.668;-256.888;-256.919;-255.949;6.464;136;15;30;13:03:26.302
697;29.8485;29.7468;27.3915;-256.277;-256.668;-256.88;-256.927;-255.941;6.464;136;15;30;13:03:26.800
698;29.8485;29.739;27.3915;-256.277;-256.661;-256.888;-256.927;-255.949;6.464;140;15;30;13:03:27.295
699;29.8485;29.739;27.3993;-256.277;-256.668;-256.88;-256.919;-255.956;6.464;140;15;30;13:03:27.800
700;29.8525;29.739;27.3993;-256.277;-256.668;-256.888;-256.919;-255.964;6.464;140;15;30;13:03:28.302
701;29.8485;29.7468;27.3915;-256.277;-256.668;-256.888;-256.919;-255.956;6.464;136;15;30;13:03:28.802
702;29.8525;29.739;27.4071;-256.269;-256.668;-256.88;-256.915;-255.956;6.464;140;15;30;13:03:29.301
703;29.8485;29.739;27.3915;-256.277;-256.676;-256.88;-256.927;-255.956;6.464;136;15;30;13:03:29.800
704;29.8525;29.739;27.3993;-256.277;-256.668;-256.888;-256.915;-255.964;6.464;140;15;30;13:03:30.300
705;29.8525;29.739;27.3993;-256.277;-256.668;-256.888;-256.919;-255.956;6.464;136;15;30;13:03:30.802
706;29.8525;29.739;27.3993;-256.277;-256.661;-256.88;-256.915;-255.956;6.464;136;15;30;13:03:31.302
707;29.8485;29.739;27.3993;-256.277;-256.668;-256.888;-256.919;-255.964;6.464;136;15;30;13:03:31.793
708;29.8446;29.739;27.3993;-256.277;-256.668;-256.888;-256.927;-255.956;6.464;140;15;30;13:03:32.301
709;29.8485;29.7312;27.4071;-256.277;-256.668;-256.888;-256.927;-255.956;6.464;144;15;30;13:03:32.802
710;29.8485;29.7468;27.4071;-256.269;-256.668;-256.888;-256.927;-255.956;6.464;140;15;30;13:03:33.301
711;29.8485;29.739;27.415;-256.277;-256.668;-256.895;-256.919;-255.964;6.464;140;15;30;13:03:33.799
712;29.8525;29.739;27.4071;-256.277;-256.661;-256.888;-256.919;-255.956;6.464;140;15;30;13:03:34.302
713;29.8525;29.739;27.4071;-256.269;-256.668;-256.888;-256.919;-255.964;6.464;136;15;30;13:03:34.801
714;29.8485;29.7468;27.4071;-256.277;-256.668;-256.888;-256.919;-255.956;6.464;136;15;30;13:03:35.301
715;29.8485;29.7468;27.4071;-256.277;-256.668;-256.895;-256.915;-255.956;6.464;140;15;30;13:03:35.800
716;29.8485;29.7468;27.4071;-256.269;-256.668;-256.888;-256.927;-255.964;6.464;140;15;30;13:03:36.300
717;29.8485;29.7468;27.3993;-256.269;-256.668;-256.888;-256.915;-255.949;6.464;140;15;30;13:03:36.801
718;29.8485;29.7468;27.3915;-256.269;-256.668;-256.895;-256.919;-255.956;6.464;140;15;30;13:03:37.300
719;29.8407;29.7546;27.3993;-256.269;-256.676;-256.888;-256.915;-255.964;6.464;140;15;30;13:03:37.800
720;29.8407;29.7468;27.3993;-256.269;-256.668;-256.895;-256.915;-255.956;6.464;147;15;30;13:03:38.301
721;29.8407;29.7468;27.3993;-256.269;-256.668;-256.888;-256.919;-255.956;6.464;147;15;30;13:03:38.793
722;29.8485;29.7546;27.3993;-256.262;-256.668;-256.88;-256.915;-255.956;6.464;147;15;30;13:03:39.301
723;29.8485;29.7468;27.4071;-256.277;-256.676;-256.888;-256.915;-255.964;6.464;140;15;30;13:03:39.801
724;29.8485;29.7546;27.3993;-256.269;-256.668;-256.888;-256.915;-255.956;6.464;140;15;30;13:03:40.300
725;29.8407;29.7546;27.4071;-256.277;-256.676;-256.888;-256.915;-255.964;6.464;140;15;30;13:03:40.793
726;29.8485;29.7546;27.4071;-256.269;-256.676;-256.895;-256.919;-255.956;6.464;147;15;30;13:03:41.300
727;29.8485;29.7546;27.3993;-256.269;-256.676;-256.888;-256.923;-255.964;6.464;140;15;30;13:03:41.797
728;29.8485;29.7468;27.4071;-256.269;-256.668;-256.895;-256.919;-255.956;6.464;140;15;30;13:03:42.296
729;29.8485;29.7546;27.3993;-256.277;-256.668;-256.888;-256.915;-255.956;6.464;140;15;30;13:03:42.800
730;29.8407;29.7546;27.3915;-256.277;-256.668;-256.895;-256.919;-255.956;6.464;140;15;30;13:03:43.300
731;29.8485;29.7546;27.3993;-256.269;-256.676;-256.895;-256.919;-255.964;6.464;147;15;30;13:03:43.796
732;29.8485;29.7546;27.3993;-256.277;-256.661;-256.888;-256.923;-255.956;6.464;140;15;30;13:03:44.301
733;29.8485;29.7625;27.3993;-256.277;-256.668;-256.895;-256.915;-255.956;6.464;140;15;30;13:03:44.794
734;29.8525;29.7625;27.3915;-256.269;-256.668;-256.895;-256.923;-255.956;6.464;140;15;30;13:03:45.298
735;29.8525;29.7546;27.3993;-256.277;-256.668;-256.895;-256.919;-255.964;6.464;136;15;30;13:03:45.800
736;29.8525;29.7546;27.3993;-256.269;-256.668;-256.888;-256.927;-255.956;6.464;136;15;30;13:03:46.293
737;29.8525;29.7703;27.3915;-256.269;-256.668;-256.895;-256.915;-255.956;6.464;136;15;30;13:03:46.800
738;29.8564;29.7546;27.3993;-256.277;-256.668;-256.895;-256.919;-255.964;6.464;1826;200;30;13:03:47.301
739;29.8407;29.7625;27.3993;-256.269;-256.668;-256.888;-256.911;-255.956;6.464;1777;200;30;13:03:47.800
740;29.8407;29.7703;27.3993;-256.269;-256.661;-256.895;-256.915;-255.956;6.464;1971;200;30;13:03:48.295
741;29.8407;29.7625;27.4071;-256.262;-256.668;-256.895;-256.911;-255.956;6.464;1971;200;30;13:03:48.800
742;29.8407;29.7625;27.3837;-256.269;-256.668;-256.895;-256.911;-255.949;6.464;1971;200;30;13:03:49.296
743;29.8407;29.7625;27.3915;-256.262;-256.661;-256.888;-256.915;-255.956;6.464;1971;200;30;13:03:49.800
744;29.8485;29.7781;27.3915;-256.269;-256.668;-256.888;-256.915;-255.956;6.464;1971;200;30;13:03:50.293
745;29.8564;29.7703;27.3915;-256.269;-256.668;-256.895;-256.911;-255.956;6.464;1874;200;30;13:03:50.798
746;29.8564;29.7781;27.3915;-256.269;-256.668;-256.888;-256.915;-255.956;6.464;1777;200;30;13:03:51.296
747;29.8603;29.7938;27.3837;-256.262;-256.676;-256.895;-256.915;-255.964;6.464;1777;200;30;13:03:51.793
748;29.8642;29.7938;27.3915;-256.269;-256.668;-256.895;-256.911;-255.956;6.464;1729;200;30;13:03:52.299
749;29.8838;29.7938;27.3915;-256.269;-256.668;-256.888;-256.915;-255.956;6.464;1680;200;30;13:03:52.801
750;29.8916;29.8094;27.3915;-256.262;-256.668;-256.895;-256.915;-255.964;6.464;1438;200;30;13:03:53.301
751;29.8838;29.8172;27.3993;-256.269;-256.668;-256.895;-256.915;-255.956;6.464;1341;200;30;13:03:53.800
752;29.8994;29.8172;27.3915;-256.269;-256.668;-256.888;-256.915;-255.956;6.464;1438;200;30;13:03:54.301
753;29.9072;29.8251;27.3993;-256.262;-256.676;-256.888;-256.915;-255.956;6.464;1245;200;30;13:03:54.800
754;29.9229;29.8407;27.3915;-256.269;-256.668;-256.888;-256.919;-255.956;6.464;1148;200;30;13:03:55.301
755;29.9229;29.8407;27.3993;-256.262;-256.661;-256.888;-256.915;-255.956;6.464;954;200;30;13:03:55.793
756;29.9307;29.8525;27.3837;-256.269;-256.676;-256.88;-256.915;-255.956;6.464;954;200;30;13:03:56.300
757;29.9464;29.8603;27.3915;-256.269;-256.676;-256.88;-256.919;-255.956;6.464;857;200;30;13:03:56.800
758;29.9542;29.8564;27.3915;-256.262;-256.668;-256.88;-256.915;-255.964;6.464;663;200;30;13:03:57.300
759;29.962;29.8564;27.3837;-256.262;-256.676;-256.888;-256.915;-255.949;6.464;567;200;30;13:03:57.794
760;29.9777;29.8681;27.3837;-256.262;-256.668;-256.888;-256.919;-255.956;6.464;470;200;30;13:03:58.294
761;29.9855;29.8759;27.3837;-256.262;-256.676;-256.88;-256.915;-255.964;6.464;276;200;30;13:03:58.801
762;30.0011;29.8759;27.3837;-256.262;-256.668;-256.888;-256.915;-255.956;6.464;179;200;30;13:03:59.293
763;30.0168;29.8838;27.3915;-256.269;-256.676;-256.88;-256.919;-255.964;6.464;None;200;30;13:03:59.801
764;30.0168;29.8994;27.3837;-256.269;-256.668;-256.888;-256.915;-255.956;6.464;None;200;30;13:04:00.301
765;30.0324;29.9151;27.3915;-256.269;-256.661;-256.888;-256.919;-255.964;6.464;None;200;30;13:04:00.800
766;30.0285;29.9072;27.3837;-256.269;-256.668;-256.88;-256.915;-255.964;6.464;None;200;30;13:04:01.292
767;30.0324;29.9151;27.3837;-256.269;-256.668;-256.888;-256.915;-255.964;6.464;None;200;30;13:04:01.799
768;30.0363;29.9151;27.3837;-256.269;-256.668;-256.888;-256.915;-255.956;6.464;None;200;30;13:04:02.301
769;30.0363;29.9229;27.3837;-256.277;-256.668;-256.888;-256.919;-255.964;6.464;None;200;30;13:04:02.801
770;30.0403;29.9229;27.3915;-256.277;-256.676;-256.888;-256.915;-255.964;6.464;None;200;30;13:04:03.301
771;30.0442;29.9229;27.3915;-256.269;-256.676;-256.888;-256.915;-255.964;6.464;None;200;30;13:04:03.800
772;30.0442;29.9229;27.3837;-256.277;-256.668;-256.888;-256.915;-255.956;6.464;None;200;30;13:04:04.301
773;30.052;29.9307;27.3915;-256.277;-256.668;-256.888;-256.915;-255.964;6.464;None;200;30;13:04:04.798
774;30.0442;29.9307;27.3993;-256.277;-256.668;-256.888;-256.911;-255.956;6.464;None;200;30;13:04:05.301
775;30.052;29.9307;27.3915;-256.277;-256.668;-256.888;-256.915;-255.972;6.464;None;200;30;13:04:05.802
776;30.052;29.9307;27.3915;-256.277;-256.676;-256.888;-256.915;-255.964;6.464;None;200;30;13:04:06.297
777;30.0442;29.9385;27.3915;-256.277;-256.676;-256.88;-256.911;-255.964;6.464;None;200;30;13:04:06.801
778;30.052;29.9464;27.3915;-256.277;-256.668;-256.888;-256.915;-255.964;6.464;None;200;30;13:04:07.293
779;30.052;29.9385;27.3915;-256.277;-256.668;-256.888;-256.911;-255.964;6.464;None;200;30;13:04:07.801
780;30.0442;29.9464;27.3915;-256.277;-256.668;-256.88;-256.919;-255.964;6.464;None;200;30;13:04:08.301
781;30.052;29.9385;27.3915;-256.277;-256.668;-256.895;-256.915;-255.956;6.464;None;200;30;13:04:08.799
782;30.052;29.9464;27.3993;-256.277;-256.668;-256.895;-256.919;-255.964;6.464;None;200;30;13:04:09.299
783;30.052;29.9385;27.3915;-256.277;-256.676;-256.895;-256.915;-255.956;6.464;None;200;30;13:04:09.801
784;30.0442;29.9385;27.3915;-256.277;-256.668;-256.888;-256.919;-255.956;6.464;None;200;30;13:04:10.301
785;30.052;29.9385;27.3915;-256.277;-256.676;-256.895;-256.911;-255.964;6.464;None;200;30;13:04:10.801
786;30.052;29.9464;27.3915;-256.277;-256.668;-256.888;-256.919;-255.964;6.464;None;200;30;13:04:11.299
787;30.0442;29.9464;27.3915;-256.277;-256.676;-256.895;-256.915;-255.964;6.464;None;200;30;13:04:11.801
788;30.0442;29.9385;27.3915;-256.277;-256.676;-256.895;-256.911;-255.964;6.464;None;200;30;13:04:12.301
789;30.052;29.9464;27.3915;-256.277;-256.676;-256.895;-256.915;-255.956;6.464;None;200;30;13:04:12.801
790;30.0442;29.9542;27.3837;-256.285;-256.676;-256.888;-256.911;-255.964;6.464;None;200;30;13:04:13.301
791;30.052;29.9385;27.3915;-256.277;-256.676;-256.895;-256.915;-255.972;6.464;None;200;30;13:04:13.797
792;30.052;29.9464;27.3837;-256.277;-256.676;-256.895;-256.915;-255.964;6.464;None;200;30;13:04:14.294
793;30.0442;29.9464;27.3915;-256.277;-256.676;-256.888;-256.915;-255.972;6.464;None;200;30;13:04:14.792
794;30.0403;29.9464;27.3837;-256.285;-256.668;-256.895;-256.911;-255.956;6.464;None;200;30;13:04:15.300
795;30.0403;29.9464;27.3837;-256.277;-256.684;-256.888;-256.915;-255.972;6.464;None;200;30;13:04:15.800
796;30.0403;29.9464;27.3993;-256.277;-256.676;-256.895;-256.915;-255.964;6.464;None;200;30;13:04:16.300
797;30.0403;29.9385;27.3915;-256.277;-256.676;-256.903;-256.915;-255.964;6.464;None;200;30;13:04:16.794
798;30.0324;29.9464;27.3915;-256.277;-256.676;-256.895;-256.915;-255.956;6.464;None;200;30;13:04:17.295
799;30.0363;29.9385;27.3915;-256.277;-256.676;-256.895;-256.915;-255.956;6.464;None;200;30;13:04:17.795
800;30.0363;29.9307;27.3915;-256.277;-256.668;-256.888;-256.915;-255.972;6.464;None;200;30;13:04:18.299
801;30.0363;29.9385;27.3837;-256.285;-256.676;-256.895;-256.915;-255.964;6.464;None;200;30;13:04:18.791
802;30.0363;29.9385;27.3915;-256.269;-256.676;-256.888;-256.915;-255.972;6.464;None;200;30;13:04:19.295
803;30.0363;29.9385;27.3915;-256.277;-256.668;-256.895;-256.923;-255.964;6.464;None;200;30;13:04:19.800
804;30.0324;29.9307;27.3915;-256.277;-256.668;-256.888;-256.915;-255.972;6.464;None;200;30;13:04:20.295
805;30.0324;29.9307;27.3915;-256.277;-256.668;-256.88;-256.915;-255.964;6.464;None;200;30;13:04:20.800
806;30.0363;29.9307;27.3837;-256.277;-256.668;-256.888;-256.915;-255.972;6.464;None;200;30;13:04:21.302
807;30.0285;29.9307;27.3837;-256.277;-256.676;-256.888;-256.915;-255.964;6.464;None;200;30;13:04:21.795
808;30.0285;29.9229;27.3915;-256.269;-256.668;-256.888;-256.915;-255.972;6.464;None;200;30;13:04:22.299
809;30.0285;29.9229;27.3837;-256.277;-256.668;-256.888;-256.915;-255.964;6.464;None;200;30;13:04:22.799
810;30.0285;29.9307;27.3837;-256.269;-256.668;-256.888;-256.915;-255.956;6.464;None;200;30;13:04:23.295
811;30.0246;29.9229;27.3837;-256.277;-256.668;-256.888;-256.915;-255.972;6.464;None;200;30;13:04:23.800
812;30.0168;29.9229;27.3837;-256.277;-256.676;-256.895;-256.915;-255.964;6.464;None;200;30;13:04:24.301
813;30.0246;29.9151;27.3837;-256.269;-256.676;-256.888;-256.915;-255.972;6.464;None;200;30;13:04:24.800
814;30.0246;29.9151;27.3837;-256.277;-256.668;-256.888;-256.915;-255.964;6.464;None;200;30;13:04:25.300
815;30.0168;29.9072;27.3837;-256.269;-256.668;-256.895;-256.911;-255.972;6.464;None;200;30;13:04:25.799
816;30.0168;29.9151;27.3837;-256.277;-256.676;-256.888;-256.915;-255.964;6.464;None;200;30;13:04:26.300
817;30.0168;29.9072;27.3837;-256.269;-256.668;-256.888;-256.911;-255.964;6.464;None;200;30;13:04:26.801
818;30.009;29.9151;27.3915;-256.277;-256.668;-256.895;-256.915;-255.964;6.464;None;200;30;13:04:27.301
819;30.009;29.9151;27.3915;-256.269;-256.676;-256.888;-256.915;-255.972;6.464;None;200;30;13:04:27.801
820;30.0168;29.9072;27.3837;-256.277;-256.668;-256.888;-256.915;-255.972;6.464;None;200;30;13:04:28.301
821;30.009;29.9151;27.3837;-256.269;-256.676;-256.888;-256.915;-255.964;6.464;None;200;30;13:04:28.800
822;30.009;29.9072;27.3837;-256.262;-256.676;-256.888;-256.915;-255.972;6.464;None;200;30;13:04:29.299
823;30.0011;29.9072;27.3915;-256.277;-256.668;-256.895;-256.919;-255.964;6.464;None;200;30;13:04:29.800
824;30.0011;29.8994;27.3837;-256.269;-256.676;-256.888;-256.919;-255.964;6.464;None;200;30;13:04:30.301
825;30.0011;29.8994;27.3837;-256.277;-256.676;-256.888;-256.927;-255.972;6.464;None;200;30;13:04:30.800
826;30.0011;29.9072;27.3915;-256.269;-256.668;-256.888;-256.919;-255.964;6.464;None;200;30;13:04:31.299
827;29.9933;29.8994;27.3837;-256.269;-256.676;-256.895;-256.919;-255.964;6.464;None;200;30;13:04:31.794
828;29.9855;29.8994;27.3915;-256.262;-256.676;-256.888;-256.919;-255.964;6.464;82;200;30;13:04:32.295
829;29.9777;29.8994;27.3915;-256.262;-256.676;-256.895;-256.919;-255.964;6.464;179;200;30;13:04:32.797
830;29.9855;29.8916;27.3915;-256.269;-256.668;-256.888;-256.927;-255.964;6.464;276;200;30;13:04:33.299
831;29.9855;29.8916;27.3837;-256.262;-256.676;-256.895;-256.915;-255.956;6.464;179;200;30;13:04:33.800
832;29.9698;29.8916;27.3915;-256.254;-256.668;-256.888;-256.919;-255.964;6.464;179;200;30;13:04:34.301
833;29.9777;29.8916;27.3837;-256.254;-256.676;-256.895;-256.919;-255.956;6.464;373;200;30;13:04:34.797
834;29.9777;29.8994;27.3915;-256.262;-256.668;-256.895;-256.919;-255.964;6.464;276;200;30;13:04:35.300
835;29.9855;29.8916;27.3758;-256.262;-256.668;-256.888;-256.919;-255.964;6.464;276;200;30;13:04:35.799
836;29.9855;29.8916;27.3758;-256.262;-256.676;-256.888;-256.919;-255.956;6.464;179;200;30;13:04:36.301
837;29.9855;29.8994;27.3837;-256.262;-256.668;-256.895;-256.911;-255.964;6.464;179;200;30;13:04:36.797
838;29.9933;29.8916;27.368;-256.269;-256.676;-256.888;-256.915;-255.964;6.464;179;200;30;13:04:37.301
839;29.9855;29.8994;27.3837;-256.262;-256.668;-256.888;-256.915;-255.964;6.464;82;200;30;13:04:37.800
840;29.9855;29.8994;27.3758;-256.262;-256.676;-256.895;-256.919;-255.956;6.464;179;200;30;13:04:38.299
841;29.9855;29.9072;27.3758;-256.262;-256.661;-256.888;-256.915;-255.964;6.464;179;200;30;13:04:38.798
842;29.9933;29.9072;27.3837;-256.254;-256.676;-256.888;-256.919;-255.964;6.464;179;200;30;13:04:39.299
843;30.0011;29.8994;27.3837;-256.269;-256.668;-256.888;-256.915;-255.972;6.464;82;200;30;13:04:39.800
844;30.0011;29.9151;27.3837;-256.262;-256.676;-256.895;-256.915;-255.964;6.464;None;200;30;13:04:40.299
845;30.009;29.9151;27.3758;-256.269;-256.676;-256.888;-256.915;-255.972;6.464;None;200;30;13:04:40.795
846;30.0168;29.9151;27.3837;-256.269;-256.676;-256.895;-256.915;-255.972;6.464;None;200;30;13:04:41.299
847;30.0168;29.9151;27.3915;-256.269;-256.668;-256.888;-256.911;-255.972;6.464;None;200;30;13:04:41.799
848;30.0168;29.9229;27.3993;-256.262;-256.668;-256.895;-256.919;-255.972;6.464;None;200;30;13:04:42.294
849;30.009;29.9151;27.3915;-256.269;-256.676;-256.888;-256.911;-255.972;6.464;None;200;30;13:04:42.793
850;30.0168;29.9229;27.3915;-256.269;-256.668;-256.888;-256.919;-255.964;6.464;None;200;30;13:04:43.299
851;30.0168;29.9229;27.3915;-256.262;-256.668;-256.895;-256.915;-255.972;6.464;None;200;30;13:04:43.799
852;30.009;29.9229;27.3915;-256.269;-256.661;-256.895;-256.915;-255.964;6.464;None;200;30;13:04:44.293
853;30.0168;29.9229;27.3915;-256.262;-256.668;-256.888;-256.919;-255.964;6.464;None;200;30;13:04:44.794
854;30.009;29.9229;27.3915;-256.262;-256.668;-256.888;-256.915;-255.972;6.464;None;200;30;13:04:45.294
855;30.009;29.9229;27.3915;-256.269;-256.668;-256.895;-256.911;-255.964;6.464;None;200;30;13:04:45.793
856;30.009;29.9229;27.3993;-256.269;-256.676;-256.895;-256.915;-255.972;6.464;None;200;30;13:04:46.301
857;30.0011;29.9229;27.3915;-256.269;-256.668;-256.895;-256.919;-255.964;6.464;None;200;30;13:04:46.792
858;30.009;29.9229;27.3837;-256.277;-256.668;-256.888;-256.915;-255.972;6.464;None;200;30;13:04:47.299
859;30.009;29.9307;27.3915;-256.269;-256.676;-256.895;-256.915;-255.964;6.464;None;200;30;13:04:47.799
860;29.9933;29.9229;27.3915;-256.262;-256.668;-256.888;-256.915;-255.964;6.464;None;200;30;13:04:48.295
861;29.9933;29.9151;27.3915;-256.262;-256.668;-256.888;-256.919;-255.972;6.464;82;200;30;13:04:48.800
862;29.9933;29.9151;27.3915;-256.254;-256.676;-256.895;-256.915;-255.956;6.464;82;200;30;13:04:49.294
863;29.9855;29.9151;27.3915;-256.262;-256.668;-256.888;-256.919;-255.964;6.464;82;200;30;13:04:49.801
864;29.9855;29.9072;27.3915;-256.262;-256.676;-256.888;-256.915;-255.964;6.464;179;200;30;13:04:50.298
865;29.9855;29.9151;27.3915;-256.254;-256.668;-256.903;-256.919;-255.956;6.464;179;200;30;13:04:50.795
866;29.9777;29.9072;27.3915;-256.269;-256.676;-256.888;-256.919;-255.949;6.464;179;200;30;13:04:51.299
867;29.9855;29.9072;27.3837;-256.262;-256.676;-256.895;-256.919;-255.956;6.464;276;200;30;13:04:51.791
868;29.9855;29.9072;27.3915;-256.262;-256.676;-256.888;-256.919;-255.964;6.464;179;200;30;13:04:52.299
869;29.9855;29.9072;27.3837;-256.269;-256.676;-256.888;-256.923;-255.964;6.464;179;200;30;13:04:52.799
870;29.9855;29.9072;27.3915;-256.262;-256.676;-256.888;-256.915;-255.956;6.464;179;200;30;13:04:53.299
871;29.9855;29.9072;27.3837;-256.269;-256.676;-256.895;-256.919;-255.956;6.464;179;200;30;13:04:53.800
872;29.9933;29.9151;27.3915;-256.262;-256.676;-256.888;-256.915;-255.964;6.464;179;200;30;13:04:54.300
873;29.9933;29.9072;27.3837;-256.262;-256.684;-256.888;-256.919;-255.964;6.464;82;200;30;13:04:54.796
874;29.9933;29.9229;27.3837;-256.269;-256.676;-256.895;-256.915;-255.972;6.464;82;200;30;13:04:55.299
875;30.009;29.9151;27.3915;-256.269;-256.676;-256.888;-256.919;-255.972;6.464;82;200;30;13:04:55.795
876;30.0011;29.9151;27.3915;-256.269;-256.676;-256.895;-256.919;-255.972;6.464;None;200;30;13:04:56.299
877;30.0168;29.9307;27.3915;-256.262;-256.676;-256.895;-256.919;-255.98;6.464;None;200;30;13:04:56.794
878;30.009;29.9307;27.3993;-256.269;-256.668;-256.888;-256.927;-255.972;6.464;None;200;30;13:04:57.298
879;30.0246;29.9307;27.3993;-256.269;-256.676;-256.888;-256.919;-255.98;6.464;None;200;30;13:04:57.799
880;30.0168;29.9385;27.4071;-256.269;-256.676;-256.888;-256.927;-255.972;6.464;None;200;30;13:04:58.297
881;30.0168;29.9385;27.3993;-256.269;-256.668;-256.888;-256.927;-255.972;6.464;None;200;30;13:04:58.799
882;30.0168;29.9307;27.3915;-256.269;-256.668;-256.895;-256.927;-255.972;6.464;None;200;30;13:04:59.297
883;30.0168;29.9385;27.3993;-256.269;-256.676;-256.888;-256.927;-255.972;6.464;None;200;30;13:04:59.794
884;30.0246;29.9385;27.3993;-256.269;-256.668;-256.888;-256.927;-255.972;6.464;None;200;30;13:05:00.296
885;30.0246;29.9307;27.3993;-256.269;-256.668;-256.895;-256.935;-255.98;6.464;None;200;30;13:05:00.798
886;30.0168;29.9307;27.3993;-256.277;-256.676;-256.895;-256.927;-255.964;6.464;None;200;30;13:05:01.295
887;30.0168;29.9385;27.3993;-256.269;-256.676;-256.888;-256.935;-255.972;6.464;None;200;30;13:05:01.792
888;30.009;29.9385;27.3993;-256.269;-256.668;-256.895;-256.927;-255.972;6.464;None;200;30;13:05:02.298
889;30.0168;29.9385;27.4071;-256.277;-256.668;-256.88;-256.927;-255.972;6.464;None;200;30;13:05:02.799
890;30.009;29.9229;27.3993;-256.269;-256.676;-256.888;-256.927;-255.972;6.464;None;200;30;13:05:03.294
891;30.009;29.9229;27.3993;-256.277;-256.676;-256.888;-256.927;-255.972;6.464;None;200;30;13:05:03.799
892;30.0168;29.9307;27.3993;-256.269;-256.676;-256.888;-256.935;-255.972;6.464;None;200;30;13:05:04.301
893;30.009;29.9229;27.4071;-256.269;-256.676;-256.888;-256.927;-255.964;6.464;None;200;30;13:05:04.799
894;30.009;29.9229;27.3915;-256.262;-256.676;-256.888;-256.927;-255.972;6.464;None;200;30;13:05:05.300
895;30.0011;29.9307;27.3915;-256.262;-256.684;-256.888;-256.927;-255.972;6.464;None;200;30;13:05:05.798
896;30.0011;29.9151;27.3837;-256.269;-256.676;-256.888;-256.927;-255.972;6.464;None;200;30;13:05:06.300
897;30.0011;29.9229;27.3837;-256.269;-256.676;-256.888;-256.935;-255.972;6.464;None;200;30;13:05:06.801
898;30.009;29.9151;27.3837;-256.269;-256.676;-256.88;-256.935;-255.972;6.464;None;200;30;13:05:07.299
899;30.0011;29.9229;27.3758;-256.269;-256.684;-256.888;-256.935;-255.964;6.464;None;200;30;13:05:07.799
900;30.0011;29.9151;27.3837;-256.269;-256.676;-256.888;-256.927;-255.972;6.464;None;200;30;13:05:08.292
901;30.0011;29.9229;27.3837;-256.277;-256.676;-256.895;-256.927;-255.972;6.464;None;200;30;13:05:08.799
902;29.9933;29.9151;27.3758;-256.269;-256.676;-256.88;-256.919;-255.972;6.464;None;200;30;13:05:09.296
903;29.9855;29.9229;27.3837;-256.262;-256.676;-256.888;-256.919;-255.972;6.464;82;200;30;13:05:09.798
904;29.9777;29.9229;27.3837;-256.262;-256.676;-256.888;-256.919;-255.972;6.464;179;200;30;13:05:10.300
905;29.9855;29.9151;27.3758;-256.269;-256.684;-256.888;-256.919;-255.964;6.464;276;200;30;13:05:10.795
906;29.9777;29.9072;27.3837;-256.262;-256.676;-256.888;-256.927;-255.972;6.464;179;200;30;13:05:11.297
907;29.9777;29.9151;27.3915;-256.262;-256.676;-256.888;-256.919;-255.964;6.464;276;200;30;13:05:11.798
908;29.9777;29.9151;27.3837;-256.269;-256.676;-256.888;-256.919;-255.972;6.464;276;200;30;13:05:12.299
909;29.9933;29.9072;27.3837;-256.262;-256.668;-256.888;-256.919;-255.972;6.464;276;200;30;13:05:12.799
910;29.9777;29.9072;27.3837;-256.262;-256.676;-256.888;-256.919;-255.964;6.464;82;200;30;13:05:13.299
911;29.9855;29.9072;27.3915;-256.269;-256.668;-256.888;-256.915;-255.972;6.464;276;200;30;13:05:13.799
912;29.9933;29.9151;27.3837;-256.269;-256.676;-256.895;-256.915;-255.972;6.464;179;200;30;13:05:14.300
913;29.9933;29.9229;27.3837;-256.269;-256.676;-256.888;-256.919;-255.964;6.464;82;200;30;13:05:14.800
914;29.9855;29.9151;27.3915;-256.269;-256.676;-256.888;-256.915;-255.972;6.464;82;200;30;13:05:15.299
915;29.9933;29.9072;27.3837;-256.262;-256.668;-256.888;-256.915;-255.956;6.464;179;200;30;13:05:15.796
916;29.9933;29.9151;27.3837;-256.262;-256.676;-256.895;-256.915;-255.964;6.464;82;200;30;13:05:16.300
917;29.9933;29.9151;27.3915;-256.269;-256.676;-256.895;-256.919;-255.972;6.464;82;200;30;13:05:16.795
918;30.0011;29.9151;27.3915;-256.254;-256.676;-256.888;-256.915;-255.964;6.464;82;200;30;13:05:17.293
919;30.0011;29.9151;27.3837;-256.269;-256.676;-256.888;-256.919;-255.98;6.464;None;200;30;13:05:17.792
920;30.0011;29.9229;27.3993;-256.262;-256.676;-256.895;-256.919;-255.972;6.464;None;200;30;13:05:18.300
921;30.0011;29.9151;27.3915;-256.269;-256.676;-256.888;-256.919;-255.972;6.464;None;200;30;13:05:18.800
922;30.009;29.9229;27.3915;-256.262;-256.676;-256.895;-256.919;-255.972;6.464;None;200;30;13:05:19.295
923;30.0011;29.9229;27.3915;-256.269;-256.684;-256.888;-256.915;-255.972;6.464;None;200;30;13:05:19.800
924;30.0011;29.9229;27.3915;-256.269;-256.676;-256.895;-256.915;-255.972;6.464;None;200;30;13:05:20.300
925;30.0011;29.9307;27.3915;-256.262;-256.684;-256.888;-256.919;-255.98;6.464;None;200;30;13:05:20.800
926;30.0168;29.9307;27.3837;-256.269;-256.676;-256.895;-256.915;-255.972;6.464;None;200;30;13:05:21.300
927;30.009;29.9307;27.3993;-256.269;-256.676;-256.88;-256.919;-255.972;6.464;None;200;30;13:05:21.800
928;30.009;29.9307;27.3915;-256.269;-256.684;-256.888;-256.915;-255.972;6.464;None;200;30;13:05:22.295
929;30.009;29.9307;27.3915;-256.262;-256.676;-256.88;-256.919;-255.98;6.464;None;200;30;13:05:22.800
930;30.009;29.9307;27.4071;-256.269;-256.676;-256.88;-256.915;-255.972;6.464;None;200;30;13:05:23.299
931;30.009;29.9385;27.3915;-256.269;-256.668;-256.88;-256.919;-255.972;6.464;None;200;30;13:05:23.800
932;30.009;29.9307;27.3915;-256.269;-256.676;-256.88;-256.915;-255.98;6.464;None;200;30;13:05:24.299
933;30.0011;29.9307;27.3993;-256.262;-256.676;-256.888;-256.919;-255.972;6.464;None;200;30;13:05:24.800
934;30.009;29.9307;27.3915;-256.277;-256.676;-256.88;-256.919;-255.972;6.464;None;200;30;13:05:25.299
935;30.0011;29.9307;27.3993;-256.269;-256.684;-256.872;-256.915;-255.972;6.464;None;200;30;13:05:25.797
936;30.0011;29.9307;27.3915;-256.269;-256.676;-256.888;-256.919;-255.972;6.464;None;200;30;13:05:26.292
937;29.9933;29.9307;27.3993;-256.269;-256.676;-256.88;-256.919;-255.98;6.464;None;200;30;13:05:26.799
938;29.9855;29.9229;27.4071;-256.269;-256.676;-256.872;-256.927;-255.972;6.464;82;200;30;13:05:27.295
939;29.9777;29.9151;27.4071;-256.277;-256.676;-256.88;-256.923;-255.972;6.464;179;200;30;13:05:27.790
940;29.9777;29.9229;27.4071;-256.269;-256.676;-256.88;-256.927;-255.964;6.464;276;200;30;13:05:28.300
941;29.9855;29.9229;27.4071;-256.269;-256.684;-256.88;-256.919;-255.964;6.464;276;200;30;13:05:28.793
942;29.9855;29.9229;27.4071;-256.262;-256.676;-256.88;-256.919;-255.972;6.464;179;200;30;13:05:29.300
943;29.9777;29.9229;27.415;-256.269;-256.676;-256.88;-256.919;-255.964;6.464;179;200;30;13:05:29.795
944;29.9855;29.9229;27.4071;-256.262;-256.676;-256.88;-256.919;-255.964;6.464;276;200;30;13:05:30.300
945;29.9777;29.9151;27.4071;-256.269;-256.676;-256.88;-256.927;-255.972;6.464;179;200;30;13:05:30.799
946;29.9855;29.9229;27.415;-256.269;-256.676;-256.88;-256.919;-255.964;6.464;276;200;30;13:05:31.298
947;29.9777;29.9229;27.4071;-256.269;-256.668;-256.88;-256.919;-255.964;6.464;179;200;30;13:05:31.795
948;29.9855;29.9307;27.4071;-256.269;-256.676;-256.88;-256.919;-255.972;6.464;276;200;30;13:05:32.301
949;29.9933;29.9307;27.415;-256.269;-256.676;-256.88;-256.919;-255.964;6.464;179;200;30;13:05:32.799
950;29.9933;29.9229;27.415;-256.277;-256.684;-256.888;-256.919;-255.972;6.464;82;200;30;13:05:33.294
951;29.9933;29.9307;27.415;-256.269;-256.668;-256.88;-256.923;-255.972;6.464;82;200;30;13:05:33.791
952;29.9855;29.9307;27.415;-256.269;-256.676;-256.88;-256.919;-255.972;6.464;82;200;30;13:05:34.295
953;29.9855;29.9307;27.4071;-256.269;-256.668;-256.888;-256.919;-255.972;6.464;179;200;30;13:05:34.795
954;29.9855;29.9385;27.415;-256.269;-256.676;-256.888;-256.911;-255.964;6.464;179;200;30;13:05:35.297
955;29.9855;29.9385;27.4071;-256.269;-256.676;-256.888;-256.915;-255.972;6.464;179;200;30;13:05:35.800
956;29.9855;29.9229;27.415;-256.269;-256.676;-256.88;-256.919;-255.964;6.464;179;200;30;13:05:36.296
957;30.0011;29.9229;27.415;-256.262;-256.668;-256.888;-256.911;-255.972;6.464;179;200;30;13:05:36.800
958;30.0011;29.9229;27.4071;-256.277;-256.676;-256.888;-256.915;-255.972;6.464;None;200;30;13:05:37.300
959;30.0011;29.9151;27.4071;-256.277;-256.676;-256.888;-256.919;-255.972;6.464;None;200;30;13:05:37.799
960;30.0011;29.9072;27.4071;-256.269;-256.676;-256.888;-256.919;-255.972;6.464;None;200;30;13:05:38.300
961;29.9855;29.8994;27.4071;-256.277;-256.676;-256.888;-256.919;-255.98;6.464;None;200;30;13:05:38.800
962;29.9777;29.8759;27.4071;-256.262;-256.676;-256.888;-256.915;-255.964;6.464;179;200;30;13:05:39.299
963;29.962;29.8759;27.3993;-256.269;-256.684;-256.888;-256.915;-255.964;6.464;276;200;30;13:05:39.800
964;29.962;29.8681;27.3915;-256.262;-256.676;-256.88;-256.915;-255.972;6.464;470;200;30;13:05:40.298
965;29.9542;29.8603;27.3993;-256.269;-256.676;-256.888;-256.915;-255.964;6.464;470;200;30;13:05:40.800
966;29.9464;29.8564;27.3915;-256.269;-256.668;-256.88;-256.915;-255.972;6.464;567;200;30;13:05:41.300
967;29.9385;29.8485;27.3915;-256.269;-256.676;-256.888;-256.915;-255.964;6.464;663;200;30;13:05:41.800
968;29.9385;29.8407;27.3837;-256.269;-256.676;-256.888;-256.915;-255.972;6.464;760;200;30;13:05:42.294
969;29.9307;29.8251;27.3915;-256.269;-256.676;-256.88;-256.919;-255.964;6.464;760;200;30;13:05:42.799
970;29.9229;29.8251;27.3915;-256.269;-256.676;-256.888;-256.919;-255.964;6.464;857;200;30;13:05:43.300
971;29.9151;29.8094;27.3915;-256.269;-256.676;-256.88;-256.919;-255.964;6.464;954;200;30;13:05:43.799
972;29.9229;29.8172;27.3915;-256.262;-256.676;-256.888;-256.919;-255.972;6.464;1051;200;30;13:05:44.300
973;29.9229;29.8094;27.3915;-256.269;-256.676;-256.895;-256.927;-255.964;6.464;954;200;30;13:05:44.799
974;29.9151;29.8016;27.3837;-256.262;-256.684;-256.888;-256.927;-255.964;6.464;954;200;30;13:05:45.300
975;29.9229;29.8016;27.3837;-256.269;-256.676;-256.888;-256.919;-255.972;6.464;1051;200;30;13:05:45.798
976;29.9151;29.7938;27.3837;-256.262;-256.684;-256.895;-256.919;-255.964;6.464;954;200;30;13:05:46.300
977;29.9229;29.7859;27.3915;-256.262;-256.676;-256.895;-256.919;-255.956;6.464;1051;200;30;13:05:46.791
978;29.9151;29.7938;27.3915;-256.269;-256.684;-256.888;-256.915;-255.964;6.464;954;200;30;13:05:47.300
979;29.9307;29.7859;27.3915;-256.269;-256.676;-256.888;-256.919;-255.964;6.464;1051;200;30;13:05:47.799
980;29.9229;29.7781;27.3915;-256.269;-256.676;-256.888;-256.915;-255.964;6.464;857;200;30;13:05:48.299
981;29.9151;29.7859;27.3993;-256.269;-256.668;-256.895;-256.919;-255.972;6.464;954;200;30;13:05:48.800
982;29.9229;29.7781;27.3915;-256.277;-256.676;-256.895;-256.919;-255.956;6.464;1051;200;30;13:05:49.292
983;29.9229;29.7781;27.3993;-256.269;-256.668;-256.895;-256.919;-255.964;6.464;954;200;30;13:05:49.797
984;29.9307;29.7703;27.3993;-256.269;-256.676;-256.888;-256.923;-255.956;6.464;954;200;30;13:05:50.300
985;29.9229;29.7781;27.3915;-256.262;-256.668;-256.888;-256.915;-255.964;6.464;857;200;30;13:05:50.792
986;29.9307;29.7703;27.3915;-256.269;-256.676;-256.888;-256.919;-255.964;6.464;954;200;30;13:05:51.300
987;29.9385;29.7703;27.3993;-256.269;-256.668;-256.88;-256.915;-255.956;6.464;857;200;30;13:05:51.800
988;29.9385;29.7703;27.3993;-256.269;-256.676;-256.888;-256.915;-255.964;6.464;760;200;30;13:05:52.302
989;29.9307;29.7625;27.3915;-256.269;-256.668;-256.888;-256.915;-255.964;6.464;760;200;30;13:05:52.800
990;29.9385;29.7625;27.3915;-256.277;-256.676;-256.888;-256.915;-255.964;6.464;857;200;30;13:05:53.300
991;29.9464;29.7625;27.3915;-256.269;-256.668;-256.88;-256.915;-255.964;6.464;760;200;30;13:05:53.800
992;29.9464;29.7625;27.3915;-256.277;-256.668;-256.888;-256.915;-255.964;6.464;663;200;30;13:05:54.298
993;29.9464;29.7625;27.3915;-256.269;-256.676;-256.888;-256.911;-255.964;6.464;663;200;30;13:05:54.799
994;29.9464;29.7625;27.3993;-256.277;-256.668;-256.88;-256.915;-255.956;6.464;663;200;30;13:05:55.295
995;29.9542;29.7703;27.3915;-256.277;-256.668;-256.888;-256.915;-255.964;6.464;663;200;30;13:05:55.799
996;29.9464;29.7625;27.3915;-256.277;-256.668;-256.88;-256.915;-255.964;6.464;567;200;30;13:05:56.291
997;29.962;29.7625;27.3915;-256.269;-256.661;-256.888;-256.915;-255.964;6.464;663;200;30;13:05:56.800
998;29.962;29.7625;27.3915;-256.277;-256.661;-256.888;-256.915;-255.964;6.464;470;200;30;13:05:57.292
999;29.9698;29.7703;27.3915;-256.269;-256.668;-256.888;-256.911;-255.964;6.464;470;200;30;13:05:57.798
1000;29.9698;29.7703;27.3993;-256.269;-256.668;-256.895;-256.915;-255.964;6.464;373;200;30;13:05:58.294
1001;29.9855;29.7781;27.3915;-256.269;-256.661;-256.888;-256.915;-255.964;6.464;373;200;30;13:05:58.799
1002;29.9777;29.7703;27.3993;-256.269;-256.668;-256.88;-256.915;-255.964;6.464;179;200;30;13:05:59.299
1003;29.9855;29.7703;27.3915;-256.269;-256.661;-256.888;-256.915;-255.972;6.464;276;200;30;13:05:59.792
1004;29.9698;29.7703;27.3915;-256.277;-256.661;-256.895;-256.911;-255.964;6.464;179;200;30;13:06:00.299
1005;29.9777;29.7625;27.3915;-256.269;-256.661;-256.88;-256.919;-255.972;6.464;373;200;30;13:06:00.798
1006;29.9777;29.7546;27.3993;-256.269;-256.661;-256.888;-256.915;-255.972;6.464;276;200;30;13:06:01.297
1007;29.9777;29.7468;27.3993;-256.277;-256.661;-256.888;-256.915;-255.964;6.464;276;200;30;13:06:01.799
1008;29.9777;29.7546;27.3993;-256.269;-256.668;-256.888;-256.915;-255.972;6.464;276;200;30;13:06:02.298
1009;29.9855;29.7468;27.3915;-256.269;-256.668;-256.888;-256.927;-255.972;6.464;276;200;30;13:06:02.795
1010;29.9777;29.7468;27.3993;-256.277;-256.661;-256.895;-256.919;-255.972;6.464;179;200;30;13:06:03.294
1011;29.9855;29.739;27.3837;-256.277;-256.661;-256.888;-256.919;-255.964;6.464;276;200;30;13:06:03.793
1012;29.9855;29.7468;27.3915;-256.277;-256.668;-256.895;-256.915;-255.964;6.464;179;200;30;13:06:04.294
1013;29.9777;29.739;27.3915;-256.269;-256.661;-256.888;-256.919;-255.972;6.464;179;200;30;13:06:04.795
1014;29.9855;29.7312;27.3837;-256.277;-256.668;-256.88;-256.919;-255.964;6.464;276;200;30;13:06:05.295
1015;29.9933;29.7312;27.3758;-256.277;-256.661;-256.895;-256.919;-255.964;6.464;179;200;30;13:06:05.793
1016;29.9855;29.7312;27.3837;-256.269;-256.668;-256.888;-256.919;-255.964;6.464;82;200;30;13:06:06.300
1017;29.9855;29.7312;27.3915;-256.277;-256.661;-256.895;-256.915;-255.964;6.464;179;200;30;13:06:06.794
1018;29.9933;29.7233;27.3915;-256.277;-256.668;-256.888;-256.919;-255.972;6.464;179;200;30;13:06:07.297
1019;29.9933;29.7155;27.3915;-256.277;-256.668;-256.895;-256.919;-255.964;6.464;82;200;30;13:06:07.798
1020;29.9855;29.7233;27.3915;-256.277;-256.661;-256.888;-256.915;-255.964;6.464;82;200;30;13:06:08.300
1021;30.0011;29.7155;27.3915;-256.277;-256.668;-256.888;-256.915;-255.964;6.464;179;200;30;13:06:08.792
1022;29.9933;29.7233;27.3915;-256.277;-256.668;-256.895;-256.919;-255.972;6.464;None;200;30;13:06:09.300
1023;29.9933;29.7155;27.3915;-256.277;-256.661;-256.888;-256.927;-255.972;6.464;82;200;30;13:06:09.794
1024;29.9777;29.6999;27.3915;-256.277;-256.668;-256.888;-256.915;-255.964;6.464;82;200;30;13:06:10.299
1025;29.9777;29.6999;27.3915;-256.277;-256.668;-256.888;-256.927;-255.972;6.464;276;200;30;13:06:10.798
1026;29.9698;29.692;27.3993;-256.277;-256.668;-256.888;-256.915;-255.964;6.464;276;200;30;13:06:11.300
1027;29.9698;29.692;27.3993;-256.277;-256.676;-256.888;-256.919;-255.964;6.464;373;200;30;13:06:11.800
1028;29.962;29.6842;27.4071;-256.277;-256.668;-256.895;-256.919;-255.964;6.464;373;200;30;13:06:12.300
1029;29.9542;29.6764;27.4071;-256.277;-256.668;-256.888;-256.927;-255.972;6.464;470;200;30;13:06:12.799
1030;29.9385;29.6686;27.4071;-256.277;-256.661;-256.888;-256.919;-255.964;6.464;567;200;30;13:06:13.298
1031;29.9542;29.6686;27.4071;-256.277;-256.676;-256.888;-256.919;-255.956;6.464;760;200;30;13:06:13.798
1032;29.9464;29.6607;27.4071;-256.277;-256.668;-256.888;-256.919;-255.964;6.464;567;200;30;13:06:14.295
1033;29.9464;29.6607;27.4071;-256.277;-256.668;-256.888;-256.915;-255.956;6.464;663;200;30;13:06:14.795
1034;29.9464;29.6529;27.4071;-256.285;-256.676;-256.888;-256.915;-255.956;6.464;663;200;30;13:06:15.290
1035;29.9385;29.6529;27.4071;-256.277;-256.676;-256.888;-256.915;-255.964;6.464;663;200;30;13:06:15.790
1036;29.9385;29.6529;27.4071;-256.277;-256.668;-256.888;-256.919;-255.964;6.464;760;200;30;13:06:16.298
1037;29.9464;29.6529;27.3993;-256.277;-256.668;-256.888;-256.919;-255.964;6.464;760;200;30;13:06:16.795
1038;29.9385;29.649;27.3993;-256.277;-256.676;-256.895;-256.919;-255.964;6.464;663;200;30;13:06:17.298
1039;29.9464;29.6529;27.3993;-256.277;-256.668;-256.888;-256.919;-255.956;6.464;760;200;30;13:06:17.794
1040;29.9385;29.649;27.3993;-256.277;-256.668;-256.888;-256.919;-255.964;6.464;663;200;30;13:06:18.297
1041;29.9464;29.649;27.3993;-256.277;-256.668;-256.888;-256.919;-255.956;6.464;760;200;30;13:06:18.793
1042;29.9385;29.6451;27.4071;-256.277;-256.676;-256.88;-256.919;-255.964;6.464;663;200;30;13:06:19.293
1043;29.9464;29.6451;27.3993;-256.277;-256.668;-256.888;-256.919;-255.964;6.464;760;200;30;13:06:19.793
1044;29.9385;29.6451;27.4071;-256.285;-256.668;-256.888;-256.927;-255.956;6.464;663;200;30;13:06:20.295
1045;29.9464;29.649;27.3993;-256.277;-256.676;-256.888;-256.927;-255.972;6.464;760;200;30;13:06:20.793
1046;29.9542;29.6451;27.3993;-256.277;-256.668;-256.888;-256.919;-255.964;6.464;663;200;30;13:06:21.298
1047;29.9464;29.6451;27.3993;-256.277;-256.676;-256.888;-256.919;-255.964;6.464;567;200;30;13:06:21.794
1048;29.9542;29.6451;27.3993;-256.277;-256.676;-256.888;-256.919;-255.972;6.464;663;200;30;13:06:22.298
1049;29.9464;29.6451;27.3993;-256.277;-256.676;-256.888;-256.919;-255.964;6.464;567;200;30;13:06:22.798
1050;29.9542;29.649;27.3993;-256.269;-256.668;-256.888;-256.919;-255.964;6.464;663;200;30;13:06:23.297
1051;29.9542;29.6412;27.3993;-256.277;-256.676;-256.888;-256.919;-255.972;6.464;567;200;30;13:06:23.793
1052;29.9542;29.6451;27.3915;-256.269;-256.668;-256.895;-256.927;-255.972;6.464;567;200;30;13:06:24.288
1053;29.962;29.6451;27.3993;-256.269;-256.668;-256.888;-256.923;-255.964;6.464;567;200;30;13:06:24.794
1054;29.9542;29.649;27.3915;-256.269;-256.676;-256.888;-256.927;-255.964;6.464;470;200;30;13:06:25.294
1055;29.962;29.6412;27.4071;-256.269;-256.668;-256.895;-256.919;-255.964;6.464;567;200;30;13:06:25.793
1056;29.962;29.6451;27.3993;-256.277;-256.676;-256.895;-256.919;-255.964;6.464;470;200;30;13:06:26.293
1057;29.9542;29.6451;27.3915;-256.269;-256.676;-256.888;-256.927;-255.972;6.464;470;200;30;13:06:26.797
1058;29.9698;29.649;27.4071;-256.269;-256.676;-256.895;-256.915;-255.964;6.464;567;200;30;13:06:27.297
1059;29.9698;29.6412;27.3993;-256.269;-256.676;-256.888;-256.927;-255.964;6.464;373;200;30;13:06:27.798
1060;29.9777;29.6451;27.3993;-256.277;-256.676;-256.895;-256.915;-255.964;6.464;373;200;30;13:06:28.297
1061;29.9777;29.6451;27.4071;-256.277;-256.668;-256.888;-256.927;-255.964;6.464;276;200;30;13:06:28.796
1062;29.9855;29.6451;27.3993;-256.277;-256.676;-256.895;-256.923;-255.964;6.464;276;200;30;13:06:29.290
1063;29.9777;29.6451;27.4228;-256.277;-256.676;-256.895;-256.927;-255.956;6.464;179;200;30;13:06:29.793
1064;29.9855;29.6451;27.415;-256.277;-256.668;-256.888;-256.927;-255.964;6.464;276;200;30;13:06:30.293
1065;29.9855;29.6451;27.415;-256.285;-256.676;-256.895;-256.927;-255.964;6.464;179;200;30;13:06:30.793
1066;29.9855;29.6412;27.4228;-256.277;-256.676;-256.888;-256.919;-255.964;6.464;179;200;30;13:06:31.297
1067;29.9855;29.6412;27.4228;-256.269;-256.676;-256.888;-256.927;-255.964;6.464;179;200;30;13:06:31.790
1068;29.9855;29.6412;27.4228;-256.285;-256.668;-256.88;-256.919;-255.964;6.464;179;200;30;13:06:32.297
1069;29.9777;29.6373;27.4228;-256.277;-256.676;-256.88;-256.927;-255.956;6.464;179;200;30;13:06:32.794
1070;29.9855;29.6373;27.4228;-256.277;-256.676;-256.888;-256.919;-255.972;6.464;276;200;30;13:06:33.297
1071;29.9855;29.6373;27.4228;-256.277;-256.668;-256.88;-256.927;-255.956;6.464;179;200;30;13:06:33.790
1072;29.9777;29.6334;27.415;-256.277;-256.676;-256.888;-256.919;-255.956;6.464;179;200;30;13:06:34.298
1073;29.9777;29.6255;27.4228;-256.277;-256.661;-256.888;-256.923;-255.972;6.464;276;200;30;13:06:34.793
1074;29.9777;29.6255;27.415;-256.277;-256.668;-256.88;-256.923;-255.956;6.464;276;200;30;13:06:35.298
1075;29.9777;29.6255;27.4228;-256.277;-256.661;-256.888;-256.927;-255.964;6.464;276;200;30;13:06:35.798
1076;29.9698;29.6177;27.415;-256.285;-256.668;-256.888;-256.919;-255.964;6.464;276;200;30;13:06:36.297
1077;29.9698;29.6177;27.415;-256.277;-256.668;-256.888;-256.915;-255.964;6.464;373;200;30;13:06:36.795
1078;29.962;29.6099;27.415;-256.277;-256.668;-256.895;-256.919;-255.964;6.464;373;200;30;13:06:37.290
1079;29.962;29.6099;27.415;-256.277;-256.668;-256.888;-256.919;-255.964;6.464;470;200;30;13:06:37.797
1080;29.962;29.6099;27.4228;-256.277;-256.668;-256.888;-256.919;-255.964;6.464;470;200;30;13:06:38.297
1081;29.962;29.6099;27.4228;-256.277;-256.661;-256.895;-256.911;-255.964;6.464;470;200;30;13:06:38.793
1082;29.962;29.6099;27.415;-256.277;-256.668;-256.88;-256.919;-255.964;6.464;470;200;30;13:06:39.300
1083;29.962;29.5942;27.4228;-256.277;-256.668;-256.888;-256.915;-255.964;6.464;470;200;30;13:06:39.796
1084;29.962;29.5942;27.4228;-256.277;-256.668;-256.888;-256.919;-255.964;6.464;470;200;30;13:06:40.298
1085;29.962;29.5942;27.415;-256.277;-256.668;-256.888;-256.915;-255.956;6.464;470;200;30;13:06:40.795
1086;29.9698;29.5942;27.4228;-256.277;-256.668;-256.88;-256.919;-255.964;6.464;470;200;30;13:06:41.297
1087;29.962;29.5864;27.415;-256.277;-256.668;-256.888;-256.915;-255.964;6.464;373;200;30;13:06:41.797
1088;29.9542;29.5942;27.415;-256.277;-256.668;-256.888;-256.919;-255.964;6.464;470;200;30;13:06:42.293
1089;29.962;29.5864;27.415;-256.277;-256.661;-256.888;-256.915;-255.964;6.464;567;200;30;13:06:42.795
1090;29.9698;29.5942;27.4228;-256.269;-256.668;-256.888;-256.919;-255.964;6.464;470;200;30;13:06:43.299
1091;29.9542;29.5942;27.415;-256.277;-256.668;-256.88;-256.915;-255.964;6.464;373;200;30;13:06:43.792
1092;29.962;29.6021;27.4228;-256.269;-256.668;-256.888;-256.927;-255.964;6.464;567;200;30;13:06:44.297
1093;29.9698;29.5864;27.415;-256.277;-256.668;-256.888;-256.919;-255.964;6.464;470;200;30;13:06:44.797
1094;29.962;29.5942;27.415;-256.269;-256.668;-256.88;-256.919;-255.964;6.464;373;200;30;13:06:45.299
1095;29.962;29.5942;27.4228;-256.277;-256.668;-256.888;-256.915;-255.964;6.464;470;200;30;13:06:45.798
1096;29.9698;29.5942;27.4228;-256.269;-256.676;-256.88;-256.915;-255.972;6.464;470;200;30;13:06:46.295
1097;29.9698;29.5942;27.415;-256.277;-256.676;-256.88;-256.919;-255.964;6.464;373;200;30;13:06:46.792
1098;29.9698;29.5942;27.4228;-256.277;-256.668;-256.888;-256.919;-255.964;6.464;373;200;30;13:06:47.300
1099;29.9777;29.5942;27.4306;-256.277;-256.668;-256.88;-256.915;-255.964;6.464;373;200;30;13:06:47.797
1100;29.9855;29.6021;27.4228;-256.277;-256.668;-256.88;-256.915;-255.964;6.464;276;200;30;13:06:48.298
1101;29.9855;29.5942;27.4306;-256.269;-256.668;-256.888;-256.919;-255.964;6.464;179;200;30;13:06:48.794
1102;29.9855;29.6021;27.4228;-256.277;-256.668;-256.88;-256.915;-255.964;6.464;179;200;30;13:06:49.298
1103;29.9855;29.6021;27.4228;-256.269;-256.661;-256.888;-256.919;-255.972;6.464;179;200;30;13:06:49.795
1104;29.9855;29.5942;27.415;-256.277;-256.668;-256.888;-256.915;-255.964;6.464;179;200;30;13:06:50.298
1105;29.9855;29.5942;27.4228;-256.277;-256.676;-256.895;-256.919;-255.964;6.464;179;200;30;13:06:50.795
1106;29.9855;29.6021;27.4228;-256.285;-256.676;-256.888;-256.919;-255.964;6.464;179;200;30;13:06:51.295
1107;29.9855;29.5942;27.4228;-256.277;-256.676;-256.88;-256.919;-255.972;6.464;179;200;30;13:06:51.795
1108;29.9777;29.5942;27.4228;-256.277;-256.684;-256.888;-256.915;-255.964;6.464;179;200;30;13:06:52.298
1109;29.9777;29.5942;27.415;-256.269;-256.668;-256.888;-256.915;-255.972;6.464;276;200;30;13:06:52.795
1110;29.9777;29.5942;27.4228;-256.277;-256.676;-256.888;-256.919;-255.964;6.464;276;200;30;13:06:53.295
1111;29.9855;29.5864;27.415;-256.277;-256.668;-256.88;-256.919;-255.964;6.464;276;200;30;13:06:53.799
1112;29.9777;29.5864;27.4228;-256.277;-256.676;-256.888;-256.919;-255.964;6.464;179;200;30;13:06:54.295
1113;29.9777;29.5786;27.415;-256.269;-256.668;-256.888;-256.919;-255.956;6.464;276;200;30;13:06:54.798
1114;29.9777;29.5786;27.4228;-256.277;-256.668;-256.888;-256.919;-255.964;6.464;276;200;30;13:06:55.292
1115;29.9698;29.5708;27.415;-256.277;-256.676;-256.88;-256.919;-255.972;6.464;276;200;30;13:06:55.799
1116;29.9698;29.5786;27.415;-256.277;-256.668;-256.888;-256.927;-255.956;6.464;373;200;30;13:06:56.297
1117;29.9698;29.5786;27.4306;-256.277;-256.676;-256.888;-256.915;-255.964;6.464;373;200;30;13:06:56.797
1118;29.962;29.5708;27.4228;-256.277;-256.668;-256.888;-256.919;-255.964;6.464;373;200;30;13:06:57.294
1119;29.9698;29.5708;27.4228;-256.269;-256.676;-256.88;-256.915;-255.964;6.464;470;200;30;13:06:57.795
1120;29.9698;29.5629;27.4384;-256.269;-256.676;-256.888;-256.915;-255.964;6.464;373;200;30;13:06:58.297
1121;29.9698;29.5629;27.4306;-256.277;-256.668;-256.888;-256.915;-255.964;6.464;373;200;30;13:06:58.795
1122;29.9698;29.5629;27.4306;-256.269;-256.668;-256.88;-256.919;-255.964;6.464;373;200;30;13:06:59.289
1123;29.9698;29.5629;27.4306;-256.277;-256.676;-256.888;-256.915;-255.964;6.464;373;200;30;13:06:59.797
1124;29.9698;29.5629;27.4306;-256.269;-256.668;-256.88;-256.919;-255.964;6.464;373;200;30;13:07:00.295
1125;29.962;29.5629;27.4306;-256.277;-256.676;-256.888;-256.919;-255.972;6.464;373;200;30;13:07:00.795
1126;29.9698;29.5551;27.4306;-256.277;-256.668;-256.88;-256.927;-255.972;6.464;470;200;30;13:07:01.298
1127;29.962;29.5629;27.4306;-256.269;-256.676;-256.888;-256.919;-255.964;6.464;373;200;30;13:07:01.795
1128;29.962;29.5551;27.4463;-256.277;-256.676;-256.888;-256.923;-255.964;6.464;470;200;30;13:07:02.292
1129;29.9698;29.5551;27.4384;-256.277;-256.676;-256.888;-256.919;-255.972;6.464;470;200;30;13:07:02.791
1130;29.9698;29.5473;27.4463;-256.269;-256.676;-256.888;-256.919;-255.972;6.464;373;200;30;13:07:03.299
1131;29.9698;29.5551;27.4463;-256.269;-256.668;-256.888;-256.927;-255.964;6.464;373;200;30;13:07:03.798
1132;29.9698;29.5551;27.4541;-256.269;-256.676;-256.888;-256.927;-255.964;6.464;373;200;30;13:07:04.298
1133;29.962;29.5473;27.4541;-256.269;-256.668;-256.88;-256.927;-255.964;6.464;373;200;30;13:07:04.795
1134;29.9698;29.5551;27.4541;-256.269;-256.676;-256.88;-256.927;-255.964;6.464;470;200;30;13:07:05.297
1135;29.9698;29.5551;27.4619;-256.277;-256.676;-256.872;-256.927;-255.964;6.464;373;200;30;13:07:05.797
1136;29.962;29.5473;27.4541;-256.269;-256.676;-256.872;-256.927;-255.964;6.464;373;200;30;13:07:06.296
1137;29.9698;29.5551;27.4541;-256.269;-256.676;-256.872;-256.915;-255.964;6.464;470;200;30;13:07:06.796
1138;29.9698;29.5473;27.4541;-256.277;-256.668;-256.88;-256.927;-255.964;6.464;373;200;30;13:07:07.297
1139;29.9698;29.5473;27.4619;-256.277;-256.676;-256.88;-256.935;-255.964;6.464;373;200;30;13:07:07.798
1140;29.9698;29.5551;27.4541;-256.277;-256.668;-256.88;-256.935;-255.972;6.464;373;200;30;13:07:08.298
1141;29.9698;29.5473;27.4541;-256.269;-256.676;-256.888;-256.927;-255.964;6.464;373;200;30;13:07:08.799
1142;29.9855;29.5473;27.4619;-256.277;-256.661;-256.88;-256.927;-255.972;6.464;373;200;30;13:07:09.298
1143;29.9855;29.5551;27.4619;-256.277;-256.676;-256.888;-256.927;-255.964;6.464;179;200;30;13:07:09.798
1144;29.9777;29.5551;27.4619;-256.277;-256.668;-256.888;-256.935;-255.972;6.464;179;200;30;13:07:10.298
1145;29.9698;29.5473;27.4697;-256.277;-256.661;-256.88;-256.927;-255.964;6.464;276;200;30;13:07:10.798
1146;29.9777;29.5551;27.4619;-256.285;-256.668;-256.888;-256.935;-255.964;6.464;373;200;30;13:07:11.298
1147;29.9777;29.5551;27.4619;-256.277;-256.668;-256.888;-256.935;-255.972;6.464;276;200;30;13:07:11.798
1148;29.9777;29.5551;27.4619;-256.277;-256.668;-256.88;-256.927;-255.972;6.464;276;200;30;13:07:12.298
1149;29.9777;29.5629;27.4619;-256.277;-256.668;-256.888;-256.935;-255.964;6.464;276;200;30;13:07:12.797
1150;29.9777;29.5473;27.4619;-256.277;-256.668;-256.888;-256.927;-255.964;6.464;276;200;30;13:07:13.297
1151;29.9855;29.5551;27.4697;-256.277;-256.676;-256.888;-256.927;-255.972;6.464;276;200;30;13:07:13.799
1152;29.9777;29.5551;27.4619;-256.285;-256.668;-256.88;-256.927;-255.964;6.464;179;200;30;13:07:14.298
1153;29.9855;29.5473;27.4619;-256.277;-256.668;-256.888;-256.927;-255.972;6.464;276;200;30;13:07:14.798
1154;29.9777;29.5473;27.4619;-256.277;-256.668;-256.88;-256.927;-255.972;6.464;179;200;30;13:07:15.298
1155;29.9855;29.5473;27.4697;-256.277;-256.676;-256.88;-256.927;-255.972;6.464;276;200;30;13:07:15.797
1156;29.9777;29.5395;27.4619;-256.285;-256.676;-256.888;-256.927;-255.972;6.464;179;200;30;13:07:16.298
1157;29.9855;29.5473;27.4697;-256.285;-256.676;-256.88;-256.919;-255.972;6.464;276;200;30;13:07:16.799
1158;29.9777;29.5395;27.4619;-256.277;-256.668;-256.88;-256.927;-255.964;6.464;179;200;30;13:07:17.298
1159;29.9777;29.5395;27.4697;-256.277;-256.676;-256.88;-256.915;-255.972;6.464;276;200;30;13:07:17.799
1160;29.962;29.5395;27.4619;-256.285;-256.668;-256.88;-256.915;-255.972;6.464;276;200;30;13:07:18.299
1161;29.9698;29.5316;27.4619;-256.269;-256.668;-256.88;-256.927;-255.972;6.464;470;200;30;13:07:18.798
1162;29.962;29.5395;27.4619;-256.277;-256.668;-256.888;-256.919;-255.972;6.464;373;200;30;13:07:19.297
1163;29.9698;29.5316;27.4619;-256.269;-256.668;-256.88;-256.915;-255.972;6.464;470;200;30;13:07:19.798
1164;29.962;29.5316;27.4619;-256.269;-256.668;-256.888;-256.919;-255.972;6.464;373;200;30;13:07:20.298
1165;29.9542;29.5238;27.4619;-256.269;-256.668;-256.88;-256.919;-255.972;6.464;470;200;30;13:07:20.798
1166;29.962;29.5316;27.4619;-256.277;-256.684;-256.888;-256.919;-255.964;6.464;567;200;30;13:07:21.298
1167;29.9542;29.5316;27.4541;-256.269;-256.668;-256.888;-256.919;-255.972;6.464;470;200;30;13:07:21.798
1168;29.962;29.516;27.4619;-256.277;-256.668;-256.88;-256.915;-255.964;6.464;567;200;30;13:07:22.298
1169;29.962;29.5238;27.4619;-256.277;-256.676;-256.888;-256.915;-255.964;6.464;470;200;30;13:07:22.797
1170;29.9542;29.5238;27.4619;-256.277;-256.676;-256.88;-256.919;-255.972;6.464;470;200;30;13:07:23.298
1171;29.9542;29.5238;27.4697;-256.277;-256.668;-256.88;-256.915;-255.972;6.464;567;200;30;13:07:23.798
1172;29.962;29.5238;27.4619;-256.277;-256.676;-256.88;-256.915;-255.972;6.464;567;200;30;13:07:24.298
1173;29.962;29.5238;27.4619;-256.277;-256.676;-256.88;-256.919;-255.972;6.464;470;200;30;13:07:24.797
1174;29.9698;29.5238;27.4619;-256.277;-256.668;-256.88;-256.915;-255.972;6.464;470;200;30;13:07:25.298
1175;29.962;29.5238;27.4541;-256.269;-256.676;-256.888;-256.919;-255.972;6.464;373;200;30;13:07:25.798
1176;29.9698;29.5316;27.4697;-256.277;-256.676;-256.872;-256.919;-255.964;6.464;470;200;30;13:07:26.298
1177;29.962;29.5238;27.4697;-256.277;-256.668;-256.888;-256.919;-255.972;6.464;373;200;30;13:07:26.798
1178;29.9698;29.5316;27.4697;-256.269;-256.668;-256.88;-256.919;-255.972;6.464;470;200;30;13:07:27.298
1179;29.9698;29.5316;27.4776;-256.269;-256.668;-256.895;-256.915;-255.972;6.464;373;200;30;13:07:27.798
1180;29.9698;29.5316;27.4697;-256.277;-256.668;-256.888;-256.915;-255.972;6.464;373;200;30;13:07:28.299
1181;29.962;29.5473;27.4697;-256.269;-256.676;-256.888;-256.919;-255.972;6.464;373;200;30;13:07:28.798
1182;29.9777;29.5395;27.4697;-256.269;-256.668;-256.888;-256.915;-255.964;6.464;470;200;30;13:07:29.298
1183;29.9698;29.5395;27.4776;-256.269;-256.668;-256.888;-256.915;-255.972;6.464;276;200;30;13:07:29.799
1184;29.9698;29.5473;27.4697;-256.277;-256.668;-256.895;-256.915;-255.98;6.464;373;200;30;13:07:30.297
1185;29.9777;29.5473;27.4697;-256.277;-256.668;-256.888;-256.915;-255.972;6.464;373;200;30;13:07:30.797
1186;29.9777;29.5551;27.4619;-256.269;-256.668;-256.888;-256.919;-255.972;6.464;276;200;30;13:07:31.296
1187;29.9777;29.5395;27.4697;-256.285;-256.676;-256.895;-256.915;-255.972;6.464;276;200;30;13:07:31.797
1188;30.0011;29.5316;27.4697;-256.269;-256.661;-256.888;-256.919;-255.972;6.464;276;200;30;13:07:32.297
1189;29.9855;29.5395;27.4619;-256.269;-256.668;-256.888;-256.915;-255.972;6.464;None;200;30;13:07:32.799
1190;29.9933;29.5238;27.4697;-256.277;-256.661;-256.888;-256.923;-255.964;6.464;179;200;30;13:07:33.296
1191;29.9777;29.5238;27.4697;-256.269;-256.668;-256.88;-256.919;-255.964;6.464;82;200;30;13:07:33.797
1192;29.9698;29.5082;27.4697;-256.269;-256.661;-256.888;-256.927;-255.964;6.464;276;200;30;13:07:34.296
1193;29.962;29.516;27.4776;-256.269;-256.668;-256.895;-256.915;-255.964;6.464;373;200;30;13:07:34.797
1194;29.962;29.516;27.4697;-256.269;-256.661;-256.888;-256.931;-255.964;6.464;470;200;30;13:07:35.297
1195;29.9542;29.516;27.4697;-256.269;-256.661;-256.895;-256.915;-255.964;6.464;470;200;30;13:07:35.796
1196;29.962;29.516;27.4697;-256.269;-256.661;-256.888;-256.915;-255.964;6.464;567;200;30;13:07:36.297
1197;29.962;29.5238;27.4697;-256.262;-256.661;-256.888;-256.915;-255.972;6.464;470;200;30;13:07:36.796
1198;29.962;29.5238;27.4697;-256.269;-256.661;-256.888;-256.911;-255.964;6.464;470;200;30;13:07:37.296
1199;29.962;29.5238;27.4697;-256.269;-256.668;-256.895;-256.919;-255.972;6.464;470;200;30;13:07:37.798
1200;29.9698;29.5316;27.4697;-256.269;-256.661;-256.895;-256.915;-255.964;6.464;470;200;30;13:07:38.297
1201;29.9698;29.5238;27.4697;-256.269;-256.676;-256.888;-256.915;-255.972;6.464;373;200;30;13:07:38.798
1202;29.9777;29.5316;27.4619;-256.269;-256.661;-256.895;-256.915;-255.964;6.464;373;200;30;13:07:39.297
1203;29.9855;29.5238;27.4697;-256.277;-256.668;-256.895;-256.915;-255.972;6.464;276;200;30;13:07:39.797
1204;29.9933;29.5316;27.4697;-256.262;-256.668;-256.888;-256.915;-255.964;6.464;179;200;30;13:07:40.297
1205;30.0011;29.5395;27.4619;-256.269;-256.668;-256.888;-256.915;-255.972;6.464;82;200;30;13:07:40.797
1206;30.0168;29.5316;27.4697;-256.277;-256.668;-256.895;-256.915;-255.972;6.464;None;200;30;13:07:41.297
1207;30.0246;29.5395;27.4697;-256.269;-256.668;-256.895;-256.927;-255.98;6.464;None;200;30;13:07:41.797
1208;30.0324;29.5473;27.4619;-256.277;-256.661;-256.888;-256.915;-255.972;6.464;None;200;30;13:07:42.297
1209;30.0285;29.5473;27.4541;-256.277;-256.668;-256.888;-256.927;-255.972;6.464;None;200;30;13:07:42.798
1210;30.0324;29.5551;27.4619;-256.277;-256.668;-256.895;-256.915;-255.98;6.464;None;200;30;13:07:43.298
1211;30.0285;29.5551;27.4541;-256.269;-256.668;-256.895;-256.919;-255.972;6.464;None;200;30;13:07:43.797
1212;30.0324;29.5473;27.4541;-256.277;-256.661;-256.895;-256.915;-255.972;6.464;None;200;30;13:07:44.298
1213;30.0363;29.5629;27.4619;-256.269;-256.668;-256.888;-256.915;-255.98;6.464;None;200;30;13:07:44.797
1214;30.0363;29.5629;27.4619;-256.269;-256.668;-256.895;-256.915;-255.98;6.464;None;200;30;13:07:45.298
1215;30.0363;29.5708;27.4541;-256.269;-256.668;-256.895;-256.915;-255.98;6.464;None;200;30;13:07:45.797
1216;30.0403;29.5786;27.4619;-256.277;-256.668;-256.888;-256.927;-255.972;6.464;None;200;30;13:07:46.297
1217;30.0442;29.5708;27.4697;-256.277;-256.661;-256.895;-256.915;-255.98;6.464;None;200;30;13:07:46.799
1218;30.0442;29.5864;27.4619;-256.277;-256.668;-256.888;-256.919;-255.972;6.464;None;200;30;13:07:47.296
1219;30.0442;29.5864;27.4619;-256.277;-256.676;-256.895;-256.915;-255.98;6.464;None;200;30;13:07:47.798
1220;30.0598;29.5942;27.4697;-256.277;-256.668;-256.888;-256.923;-255.98;6.464;None;200;30;13:07:48.298
1221;30.0676;29.5864;27.4619;-256.277;-256.668;-256.888;-256.919;-255.98;6.464;None;200;30;13:07:48.796
1222;30.0598;29.5864;27.4619;-256.277;-256.676;-256.895;-256.919;-255.98;6.464;None;200;30;13:07:49.297
1223;30.0676;29.5786;27.4619;-256.277;-256.668;-256.888;-256.919;-255.98;6.464;None;200;30;13:07:49.799
1224;30.0676;29.5942;27.4697;-256.277;-256.676;-256.895;-256.919;-255.98;6.464;None;200;30;13:07:50.298
1225;30.0755;29.5864;27.4697;-256.269;-256.668;-256.888;-256.915;-255.972;6.464;None;200;30;13:07:50.797
1226;30.0481;29.5864;27.4697;-256.277;-256.668;-256.888;-256.919;-255.972;6.464;None;200;30;13:07:51.297
1227;30.0442;29.5864;27.4697;-256.285;-256.676;-256.895;-256.927;-255.98;6.464;None;200;30;13:07:51.797
1228;30.0403;29.5786;27.4619;-256.277;-256.661;-256.888;-256.919;-255.972;6.464;None;200;30;13:07:52.298
1229;30.0403;29.5708;27.4697;-256.277;-256.676;-256.888;-256.915;-255.972;6.464;None;200;30;13:07:52.798
1230;30.0324;29.5786;27.4776;-256.277;-256.668;-256.895;-256.919;-255.988;6.464;None;200;30;13:07:53.298
1231;30.009;29.5629;27.4697;-256.277;-256.668;-256.895;-256.919;-255.98;6.464;None;200;30;13:07:53.798
1232;29.9933;29.5629;27.4776;-256.285;-256.668;-256.895;-256.919;-255.98;6.464;None;200;30;13:07:54.298
1233;29.9542;29.5551;27.4776;-256.269;-256.668;-256.888;-256.915;-255.98;6.464;82;200;30;13:07:54.798
1234;29.9307;29.5473;27.4776;-256.269;-256.668;-256.888;-256.915;-255.972;6.464;567;200;30;13:07:55.299
1235;29.8994;29.5395;27.4776;-256.269;-256.668;-256.888;-256.911;-255.964;6.464;857;200;30;13:07:55.798
1236;29.8838;29.5316;27.4854;-256.277;-256.668;-256.888;-256.915;-255.972;6.464;1245;200;30;13:07:56.298
1237;29.8642;29.5082;27.4776;-256.269;-256.676;-256.888;-256.911;-255.972;6.464;1438;200;30;13:07:56.797
1238;29.8525;29.5082;27.4932;-256.269;-256.668;-256.888;-256.915;-255.972;6.464;1680;200;30;13:07:57.296
1239;29.8407;29.4925;27.4854;-256.269;-256.668;-256.888;-256.915;-255.972;6.464;1826;200;30;13:07:57.798
1240;29.8094;29.4925;27.4776;-256.269;-256.676;-256.888;-256.911;-255.964;6.464;1971;200;30;13:07:58.298
1241;29.7938;29.4769;27.4854;-256.262;-256.668;-256.888;-256.915;-255.972;6.464;2358;200;30;13:07:58.798
1242;29.7781;29.4729;27.4776;-256.269;-256.668;-256.895;-256.911;-255.964;6.464;2552;200;30;13:07:59.298
1243;29.7625;29.469;27.4854;-256.269;-256.668;-256.888;-256.919;-255.972;6.464;2746;200;30;13:07:59.797
1244;29.7468;29.4612;27.4776;-256.269;-256.668;-256.895;-256.919;-255.972;6.464;2939;200;30;13:08:00.297
1245;29.7233;29.4573;27.4776;-256.269;-256.668;-256.888;-256.911;-255.964;6.464;3133;200;30;13:08:00.797
1246;29.6999;29.4416;27.4854;-256.269;-256.668;-256.888;-256.915;-255.972;6.464;3424;200;30;13:08:01.298
1247;29.692;29.4416;27.4854;-256.269;-256.668;-256.888;-256.915;-255.972;6.464;3714;200;30;13:08:01.797
1248;29.6686;29.426;27.4854;-256.269;-256.668;-256.88;-256.919;-255.964;6.464;3811;200;30;13:08:02.297
1249;29.6842;29.4103;27.4776;-256.269;-256.661;-256.888;-256.915;-255.972;6.464;4101;200;30;13:08:02.800
1250;29.7233;29.4103;27.4854;-256.262;-256.668;-256.88;-256.915;-255.964;6.464;3908;200;30;13:08:03.298
1251;29.7859;29.4103;27.4776;-256.269;-256.676;-256.888;-256.915;-255.972;6.464;3424;200;30;13:08:03.797
1252;29.8564;29.4103;27.4854;-256.269;-256.668;-256.872;-256.915;-255.972;6.464;2649;200;30;13:08:04.297
1253;29.8994;29.426;27.4776;-256.262;-256.668;-256.88;-256.915;-255.964;6.464;1777;200;30;13:08:04.797
1254;29.9464;29.4182;27.4854;-256.277;-256.668;-256.88;-256.911;-255.964;6.464;1245;200;30;13:08:05.298
1255;30.0011;29.426;27.4776;-256.269;-256.668;-256.88;-256.915;-255.964;6.464;663;200;30;13:08:05.798
1256;30.0481;29.426;27.4697;-256.269;-256.676;-256.88;-256.915;-255.98;6.464;None;200;30;13:08:06.297
1257;30.0833;29.426;27.4619;-256.269;-256.676;-256.88;-256.919;-255.972;6.464;None;200;30;13:08:06.797
1258;30.1224;29.4338;27.4697;-256.277;-256.676;-256.888;-256.919;-255.972;6.464;None;200;30;13:08:07.298
1259;30.1537;29.426;27.4619;-256.277;-256.668;-256.888;-256.915;-255.98;6.464;None;200;30;13:08:07.798
1260;30.1928;29.4338;27.4619;-256.269;-256.676;-256.888;-256.919;-255.972;6.464;None;200;30;13:08:08.297
1261;30.2163;29.4416;27.4619;-256.277;-256.668;-256.888;-256.915;-255.98;6.464;None;200;30;13:08:08.798
1262;30.232;29.4338;27.4619;-256.285;-256.668;-256.895;-256.915;-255.98;6.464;None;200;30;13:08:09.298
1263;30.2476;29.4338;27.4619;-256.277;-256.668;-256.888;-256.915;-255.98;6.464;None;200;30;13:08:09.797
1264;30.2633;29.4416;27.4541;-256.285;-256.676;-256.895;-256.923;-255.972;6.464;None;200;30;13:08:10.297
1265;30.2828;29.4416;27.4697;-256.277;-256.668;-256.888;-256.919;-255.988;6.464;None;200;30;13:08:10.797
1266;30.2985;29.4495;27.4697;-256.277;-256.676;-256.888;-256.915;-255.972;6.464;None;200;30;13:08:11.297
1267;30.3141;29.4416;27.4619;-256.277;-256.668;-256.888;-256.915;-255.98;6.464;None;200;30;13:08:11.797
1268;30.3298;29.4416;27.4619;-256.277;-256.668;-256.888;-256.915;-255.98;6.464;None;200;30;13:08:12.297
1269;30.3376;29.4495;27.4697;-256.277;-256.676;-256.888;-256.915;-255.98;6.464;None;200;30;13:08:12.798
1270;30.3533;29.4573;27.4776;-256.277;-256.668;-256.888;-256.915;-255.972;6.464;None;200;30;13:08:13.297
1271;30.3689;29.4573;27.4776;-256.269;-256.668;-256.895;-256.919;-255.98;6.464;None;200;30;13:08:13.798
1272;30.3924;29.4612;27.4854;-256.277;-256.668;-256.888;-256.915;-255.988;6.464;None;200;30;13:08:14.297
1273;30.408;29.4651;27.4776;-256.277;-256.676;-256.888;-256.915;-255.98;6.464;None;200;30;13:08:14.798
1274;30.4159;29.4612;27.4776;-256.277;-256.668;-256.895;-256.919;-255.98;6.464;None;200;30;13:08:15.298
1275;30.4393;29.469;27.4854;-256.269;-256.668;-256.895;-256.919;-255.972;6.464;None;200;30;13:08:15.798
1276;30.4472;29.4651;27.4776;-256.269;-256.676;-256.888;-256.927;-255.972;6.464;None;200;30;13:08:16.297
1277;30.455;29.469;27.4776;-256.262;-256.668;-256.895;-256.927;-255.98;6.464;None;200;30;13:08:16.797
1278;30.4472;29.4651;27.4776;-256.269;-256.676;-256.888;-256.919;-255.988;6.464;None;200;30;13:08:17.297
1279;30.4237;29.4651;27.4776;-256.269;-256.668;-256.888;-256.927;-255.98;6.464;None;200;30;13:08:17.798
1280;30.408;29.4573;27.4619;-256.269;-256.676;-256.888;-256.915;-255.98;6.464;None;200;30;13:08:18.298
1281;30.3924;29.4612;27.4697;-256.269;-256.676;-256.888;-256.927;-255.98;6.464;None;200;30;13:08:18.797
1282;30.3689;29.4573;27.4776;-256.269;-256.676;-256.888;-256.915;-255.98;6.464;None;200;30;13:08:19.297
1283;30.3376;29.4573;27.4697;-256.277;-256.684;-256.88;-256.919;-255.98;6.464;None;200;30;13:08:19.797
1284;30.322;29.4495;27.4776;-256.269;-256.684;-256.888;-256.919;-255.988;6.464;None;200;30;13:08:20.297
1285;30.2985;29.4495;27.4697;-256.269;-256.676;-256.895;-256.927;-255.972;6.464;None;200;30;13:08:20.797
1286;30.2672;29.4495;27.4776;-256.262;-256.676;-256.888;-256.915;-255.988;6.464;None;200;30;13:08:21.298
1287;30.2554;29.4338;27.4776;-256.269;-256.676;-256.888;-256.919;-255.98;6.464;None;200;30;13:08:21.797
1288;30.2398;29.4495;27.4854;-256.269;-256.684;-256.88;-256.919;-255.98;6.464;None;200;30;13:08:22.297
1289;30.2241;29.4416;27.4776;-256.277;-256.668;-256.888;-256.919;-255.988;6.464;None;200;30;13:08:22.797
1290;30.1928;29.4416;27.4776;-256.277;-256.676;-256.888;-256.919;-255.98;6.464;None;200;30;13:08:23.297
1291;30.1694;29.4338;27.4776;-256.277;-256.676;-256.895;-256.915;-255.988;6.464;None;200;30;13:08:23.797
1292;30.1537;29.4338;27.4776;-256.269;-256.676;-256.888;-256.919;-255.988;6.464;None;200;30;13:08:24.297
1293;30.1381;29.4182;27.4776;-256.262;-256.668;-256.888;-256.915;-255.98;6.464;None;200;30;13:08:24.798
1294;30.1146;29.4182;27.4619;-256.262;-256.684;-256.888;-256.915;-255.988;6.464;None;200;30;13:08:25.297
1295;30.0911;29.4103;27.4776;-256.262;-256.668;-256.888;-256.915;-255.98;6.464;None;200;30;13:08:25.797
1296;30.0755;29.4103;27.4619;-256.262;-256.676;-256.888;-256.919;-255.98;6.464;None;200;30;13:08:26.297
1297;30.0676;29.4025;27.4619;-256.262;-256.668;-256.88;-256.915;-255.98;6.464;None;200;30;13:08:26.798
1298;30.0442;29.4025;27.4619;-256.262;-256.668;-256.888;-256.927;-255.988;6.464;None;200;30;13:08:27.297
1299;30.0324;29.3947;27.4541;-256.262;-256.668;-256.895;-256.927;-255.98;6.464;None;200;30;13:08:27.798
1300;30.0168;29.3869;27.4619;-256.269;-256.668;-256.888;-256.927;-255.98;6.464;None;200;30;13:08:28.297
1301;30.009;29.379;27.4541;-256.269;-256.668;-256.888;-256.927;-255.98;6.464;None;200;30;13:08:28.797
1302;29.9855;29.379;27.4619;-256.269;-256.676;-256.88;-256.919;-255.98;6.464;None;200;30;13:08:29.297
1303;29.962;29.379;27.4541;-256.262;-256.676;-256.888;-256.927;-255.964;6.464;179;200;30;13:08:29.797
1304;29.9307;29.3634;27.4619;-256.254;-256.676;-256.88;-256.915;-255.964;6.464;470;200;30;13:08:30.297
1305;29.9229;29.3556;27.4619;-256.262;-256.668;-256.888;-256.915;-255.972;6.464;857;200;30;13:08:30.797
1306;29.9072;29.3556;27.4541;-256.262;-256.668;-256.888;-256.919;-255.972;6.464;954;200;30;13:08:31.298
1307;29.8916;29.3477;27.4619;-256.262;-256.676;-256.88;-256.915;-255.964;6.464;1148;200;30;13:08:31.797
1308;29.8759;29.3477;27.4619;-256.269;-256.668;-256.88;-256.919;-255.972;6.464;1341;200;30;13:08:32.296
1309;29.8642;29.3321;27.4619;-256.262;-256.676;-256.888;-256.919;-255.972;6.464;1535;200;30;13:08:32.796
1310;29.8603;29.3321;27.4541;-256.269;-256.668;-256.888;-256.915;-255.964;6.464;1680;200;30;13:08:33.298
1311;29.8564;29.3321;27.4541;-256.269;-256.668;-256.88;-256.919;-255.972;6.464;1729;200;30;13:08:33.797
1312;29.8485;29.3243;27.4619;-256.269;-256.668;-256.888;-256.919;-255.972;6.464;1777;200;30;13:08:34.297
1313;29.8329;29.3164;27.4541;-256.269;-256.668;-256.888;-256.915;-255.972;6.464;1874;200;30;13:08:34.798
1314;29.8172;29.3086;27.4541;-256.269;-256.676;-256.888;-256.919;-255.964;6.464;2068;200;30;13:08:35.296
1315;29.8016;29.3086;27.4541;-256.262;-256.668;-256.88;-256.919;-255.98;6.464;2261;200;30;13:08:35.797
1316;29.7859;29.293;27.4619;-256.262;-256.676;-256.88;-256.919;-255.964;6.464;2455;200;30;13:08:36.297
1317;29.7859;29.293;27.4619;-256.262;-256.676;-256.888;-256.915;-255.98;6.464;2649;200;30;13:08:36.797
1318;29.7625;29.2851;27.4541;-256.262;-256.668;-256.88;-256.915;-255.972;6.464;2649;200;30;13:08:37.297
1319;29.7546;29.2773;27.4619;-256.262;-256.668;-256.88;-256.915;-255.98;6.464;2939;200;30;13:08:37.798
1320;29.7468;29.2773;27.4541;-256.254;-256.676;-256.888;-256.919;-255.972;6.464;3036;200;30;13:08:38.297
1321;29.739;29.2695;27.4541;-256.262;-256.676;-256.88;-256.915;-255.972;6.464;3133;200;30;13:08:38.797
1322;29.7233;29.2695;27.4619;-256.262;-256.676;-256.888;-256.915;-255.972;6.464;3230;200;30;13:08:39.296
1323;29.7233;29.2617;27.4619;-256.254;-256.668;-256.88;-256.915;-255.98;6.464;3424;200;30;13:08:39.798
1324;29.6999;29.2577;27.4619;-256.262;-256.668;-256.88;-256.915;-255.972;6.464;3424;200;30;13:08:40.297
1325;29.692;29.2577;27.4619;-256.262;-256.668;-256.88;-256.915;-255.98;6.464;3714;200;30;13:08:40.797
1326;29.6764;29.2538;27.4619;-256.254;-256.676;-256.88;-256.915;-255.972;6.464;3811;200;30;13:08:41.297
1327;29.6607;29.2499;27.4619;-256.262;-256.668;-256.888;-256.915;-255.972;6.464;4005;200;30;13:08:41.797
1328;29.6607;29.246;27.4541;-256.262;-256.668;-256.888;-256.911;-255.972;6.464;4198;200;30;13:08:42.297
1329;29.6529;29.2421;27.4619;-256.262;-256.676;-256.888;-256.919;-255.972;6.464;4198;200;30;13:08:42.797
1330;29.6451;29.2343;27.4619;-256.262;-256.668;-256.88;-256.911;-255.972;6.464;4295;200;30;13:08:43.297
1331;29.6412;29.2264;27.4697;-256.262;-256.676;-256.888;-256.915;-255.972;6.464;4392;200;30;13:08:43.796
1332;29.6334;29.2186;27.4697;-256.262;-256.668;-256.88;-256.919;-255.98;6.464;4440;200;30;13:08:44.297
1333;29.6255;29.2186;27.4697;-256.262;-256.661;-256.888;-256.919;-255.972;6.464;4537;200;30;13:08:44.796
1334;29.6177;29.2108;27.4697;-256.262;-256.668;-256.88;-256.919;-255.98;6.464;4634;200;30;13:08:45.296
1335;29.6099;29.2108;27.4619;-256.254;-256.661;-256.888;-256.915;-255.98;6.464;4731;200;30;13:08:45.797
1336;29.6021;29.1951;27.4697;-256.262;-256.661;-256.88;-256.915;-255.98;6.464;4828;200;30;13:08:46.296
1337;29.5864;29.203;27.4776;-256.262;-256.668;-256.88;-256.915;-255.98;6.464;4925;200;30;13:08:46.797
1338;29.5786;29.1951;27.4697;-256.262;-256.668;-256.88;-256.919;-255.98;6.464;5118;200;30;13:08:47.297
1339;29.5708;29.1873;27.4854;-256.262;-256.668;-256.888;-256.919;-255.972;6.464;5215;200;30;13:08:47.796
1340;29.5708;29.1873;27.4697;-256.254;-256.668;-256.888;-256.919;-255.972;6.464;5312;200;30;13:08:48.296
1341;29.5551;29.1795;27.4697;-256.262;-256.676;-256.888;-256.915;-255.988;6.464;5312;200;30;13:08:48.796
1342;29.5551;29.1873;27.4697;-256.262;-256.668;-256.888;-256.915;-255.972;6.464;5506;200;30;13:08:49.297
1343;29.5473;29.1717;27.4697;-256.262;-256.661;-256.888;-256.915;-255.98;6.464;5506;200;30;13:08:49.797
1344;29.5316;29.1717;27.4697;-256.262;-256.668;-256.888;-256.915;-255.98;6.464;5603;200;30;13:08:50.296
1345;29.5238;29.1638;27.4776;-256.254;-256.668;-256.88;-256.915;-255.98;6.464;5796;200;30;13:08:50.797
1346;29.5082;29.156;27.4697;-256.262;-256.668;-256.895;-256.915;-255.972;6.464;5893;200;30;13:08:51.296
1347;29.5082;29.156;27.4697;-256.269;-256.661;-256.888;-256.915;-255.98;6.464;6087;200;30;13:08:51.798
1348;29.4925;29.1482;27.4697;-256.262;-256.668;-256.888;-256.911;-255.972;6.464;6087;200;30;13:08:52.297
1349;29.4925;29.1482;27.4776;-256.262;-256.668;-256.895;-256.911;-255.98;6.464;6280;200;30;13:08:52.797
1350;29.4847;29.1482;27.4854;-256.262;-256.661;-256.888;-256.915;-255.988;6.464;6280;200;30;13:08:53.297
1351;29.4769;29.1325;27.4854;-256.254;-256.676;-256.888;-256.915;-255.98;6.464;6377;200;30;13:08:53.797
1352;29.469;29.1325;27.4776;-256.262;-256.668;-256.88;-256.915;-255.98;6.464;6474;200;30;13:08:54.297
1353;29.4612;29.1325;27.4854;-256.262;-256.676;-256.888;-256.915;-255.98;6.464;6571;200;30;13:08:54.797
1354;29.4534;29.1169;27.4854;-256.262;-256.668;-256.888;-256.911;-255.98;6.464;6668;200;30;13:08:55.297
1355;29.4456;29.1091;27.4776;-256.262;-256.668;-256.888;-256.915;-255.98;6.464;6765;200;30;13:08:55.797
1356;29.4338;29.1012;27.4854;-256.269;-256.668;-256.888;-256.915;-255.98;6.464;6862;200;30;13:08:56.297
1357;29.4338;29.1012;27.4854;-256.262;-256.676;-256.88;-256.915;-255.98;6.464;7007;200;30;13:08:56.797
1358;29.4299;29.1012;27.4932;-256.262;-256.668;-256.888;-256.915;-255.98;6.464;7007;200;30;13:08:57.296
1359;29.426;29.0934;27.4854;-256.262;-256.668;-256.888;-256.915;-255.98;6.464;7055;200;30;13:08:57.797
1360;29.426;29.0856;27.4854;-256.262;-256.676;-256.88;-256.911;-255.98;6.464;7104;200;30;13:08:58.297
1361;29.4182;29.0856;27.4854;-256.262;-256.668;-256.888;-256.919;-255.98;6.464;7104;200;30;13:08:58.797
1362;29.4182;29.0856;27.4854;-256.262;-256.668;-256.888;-256.911;-255.98;6.464;7200;200;30;13:08:59.296
1363;29.4103;29.0699;27.4854;-256.269;-256.676;-256.88;-256.911;-255.988;6.464;7200;200;30;13:08:59.796
1364;29.4025;29.0699;27.4932;-256.262;-256.668;-256.888;-256.911;-255.98;6.464;7297;200;30;13:09:00.296
1365;29.4025;29.0699;27.4776;-256.262;-256.668;-256.888;-256.911;-255.98;6.464;7394;200;30;13:09:00.797
1366;29.379;29.0699;27.4854;-256.269;-256.668;-256.888;-256.911;-255.98;6.464;7394;200;30;13:09:01.296
1367;29.379;29.0621;27.4854;-256.262;-256.668;-256.888;-256.915;-255.972;6.464;7685;200;30;13:09:01.796
1368;29.379;29.0621;27.4854;-256.262;-256.668;-256.888;-256.911;-255.98;6.464;7685;200;30;13:09:02.295
1369;29.3712;29.0621;27.4854;-256.269;-256.668;-256.888;-256.915;-255.98;6.464;7685;200;30;13:09:02.796
1370;29.3712;29.0543;27.4854;-256.262;-256.668;-256.888;-256.915;-255.972;6.464;7782;200;30;13:09:03.296
1371;29.3634;29.0465;27.4854;-256.269;-256.676;-256.888;-256.915;-255.98;6.464;7782;200;30;13:09:03.797
1372;29.3477;29.0465;27.501;-256.262;-256.668;-256.888;-256.915;-255.972;6.464;7878;200;30;13:09:04.297
1373;29.3399;29.0426;27.4932;-256.269;-256.661;-256.888;-256.915;-255.988;6.464;8072;200;30;13:09:04.795
1374;29.3399;29.0426;27.4932;-256.262;-256.676;-256.888;-256.911;-255.98;6.464;8169;200;30;13:09:05.296
1375;29.3321;29.0386;27.4932;-256.262;-256.661;-256.895;-256.911;-255.98;6.464;8169;200;30;13:09:05.795
1376;29.3243;29.0386;27.4932;-256.262;-256.668;-256.888;-256.911;-255.98;6.464;8266;200;30;13:09:06.296
1377;29.3243;29.0426;27.4932;-256.262;-256.668;-256.895;-256.911;-255.98;6.464;8363;200;30;13:09:06.795
1378;29.3164;29.0347;27.4854;-256.262;-256.668;-256.888;-256.911;-255.988;6.464;8363;200;30;13:09:07.295
1379;29.3086;29.0347;27.4854;-256.269;-256.661;-256.888;-256.911;-255.988;6.464;8459;200;30;13:09:07.795
1380;29.3008;29.0347;27.4776;-256.269;-256.668;-256.888;-256.915;-255.98;6.464;8556;200;30;13:09:08.296
1381;29.3008;29.0308;27.4854;-256.269;-256.668;-256.888;-256.911;-255.98;6.464;8653;200;30;13:09:08.797
1382;29.3008;29.0269;27.4854;-256.262;-256.661;-256.888;-256.907;-255.988;6.464;8653;200;30;13:09:09.296
1383;29.2851;29.0308;27.4932;-256.262;-256.668;-256.888;-256.911;-255.98;6.464;8653;200;30;13:09:09.796
1384;29.2851;29.0269;27.4932;-256.269;-256.661;-256.888;-256.911;-255.98;6.464;8847;200;30;13:09:10.296
1385;29.2851;29.0269;27.4932;-256.262;-256.668;-256.888;-256.915;-255.98;6.464;8847;200;30;13:09:10.795
1386;29.2695;29.0191;27.4932;-256.262;-256.668;-256.888;-256.911;-255.98;6.464;8847;200;30;13:09:11.297
1387;29.2695;29.0113;27.4932;-256.262;-256.668;-256.888;-256.911;-255.98;6.464;9040;200;30;13:09:11.796
1388;29.2617;29.0191;27.4932;-256.262;-256.668;-256.895;-256.911;-255.98;6.464;9040;200;30;13:09:12.296
1389;29.2617;29.0191;27.4932;-256.262;-256.661;-256.888;-256.915;-255.972;6.464;9137;200;30;13:09:12.796
1390;29.2617;29.0113;27.4932;-256.269;-256.668;-256.888;-256.911;-255.972;6.464;9137;200;30;13:09:13.296
1391;29.246;29.0113;27.4932;-256.262;-256.661;-256.895;-256.911;-255.972;6.464;9137;200;30;13:09:13.795
1392;29.246;29.0034;27.4932;-256.262;-256.668;-256.888;-256.915;-255.972;6.464;9331;200;30;13:09:14.296
1393;29.2382;28.9878;27.4854;-256.262;-256.668;-256.888;-256.911;-255.98;6.464;9331;200;30;13:09:14.796
1394;29.2304;28.9878;27.4932;-256.254;-256.668;-256.895;-256.915;-255.98;6.464;9428;200;30;13:09:15.296
1395;29.2186;28.9956;27.4854;-256.254;-256.676;-256.895;-256.911;-255.972;6.464;9525;200;30;13:09:15.796
1396;29.2186;28.98;27.501;-256.254;-256.668;-256.888;-256.911;-255.972;6.464;9670;200;30;13:09:16.297
1397;29.2186;28.98;27.501;-256.254;-256.668;-256.888;-256.915;-255.972;6.464;9670;200;30;13:09:16.796
1398;29.2225;28.98;27.4932;-256.262;-256.668;-256.888;-256.915;-255.98;6.464;9670;200;30;13:09:17.295
1399;29.2186;28.9721;27.501;-256.262;-256.676;-256.888;-256.915;-255.964;6.464;9622;200;30;13:09:17.796
1400;29.2225;28.98;27.4932;-256.262;-256.661;-256.895;-256.915;-255.972;6.464;9670;200;30;13:09:18.296
1401;29.2225;28.9721;27.5049;-256.262;-256.668;-256.888;-256.915;-255.964;6.464;9622;200;30;13:09:18.795
1402;29.2225;28.9721;27.501;-256.254;-256.676;-256.895;-256.915;-255.972;6.464;9622;200;30;13:09:19.296
1403;29.2304;28.98;27.501;-256.262;-256.661;-256.888;-256.915;-255.964;6.464;9622;200;30;13:09:19.795
1404;29.2304;28.9721;27.501;-256.262;-256.676;-256.88;-256.919;-255.972;6.464;9525;200;30;13:09:20.297
1405;29.2382;28.9878;27.4932;-256.262;-256.668;-256.888;-256.919;-255.972;6.464;9525;200;30;13:09:20.797
1406;29.2382;28.98;27.501;-256.269;-256.661;-256.888;-256.919;-255.972;6.464;9428;200;30;13:09:21.296
1407;29.2304;28.98;27.4932;-256.262;-256.668;-256.888;-256.915;-255.972;6.464;9428;200;30;13:09:21.797
1408;29.2382;28.9878;27.501;-256.262;-256.661;-256.888;-256.919;-255.972;6.464;9525;200;30;13:09:22.296
1409;29.246;28.98;27.501;-256.262;-256.668;-256.888;-256.919;-255.972;6.464;9428;200;30;13:09:22.797
1410;29.246;28.9878;27.4932;-256.254;-256.668;-256.888;-256.919;-255.972;6.464;9331;200;30;13:09:23.296
1411;29.2538;28.9878;27.501;-256.254;-256.661;-256.88;-256.919;-255.972;6.464;9331;200;30;13:09:23.797
1412;29.2538;28.9878;27.501;-256.262;-256.668;-256.888;-256.919;-255.98;6.464;9234;200;30;13:09:24.296
1413;29.2617;28.9956;27.5049;-256.262;-256.661;-256.888;-256.927;-255.972;6.464;9234;200;30;13:09:24.796
1414;29.2617;29.0034;27.5049;-256.262;-256.661;-256.888;-256.915;-255.98;6.464;9137;200;30;13:09:25.296
1415;29.2617;28.9956;27.501;-256.262;-256.668;-256.888;-256.915;-255.972;6.464;9137;200;30;13:09:25.797
1416;29.2695;29.0113;27.5049;-256.262;-256.661;-256.888;-256.915;-255.972;6.464;9137;200;30;13:09:26.297
1417;29.2773;29.0034;27.501;-256.262;-256.661;-256.888;-256.919;-255.98;6.464;9040;200;30;13:09:26.797
1418;29.2851;29.0113;27.5049;-256.262;-256.668;-256.88;-256.919;-255.972;6.464;8944;200;30;13:09:27.296
1419;29.293;29.0113;27.5049;-256.262;-256.668;-256.888;-256.915;-255.972;6.464;8847;200;30;13:09:27.796
1420;29.2851;29.0191;27.501;-256.262;-256.661;-256.895;-256.919;-255.964;6.464;8750;200;30;13:09:28.297
1421;29.293;29.0191;27.5049;-256.254;-256.668;-256.888;-256.919;-255.972;6.464;8847;200;30;13:09:28.797
1422;29.3008;29.0269;27.5049;-256.262;-256.668;-256.888;-256.919;-255.98;6.464;8750;200;30;13:09:29.297
1423;29.3008;29.0191;27.501;-256.262;-256.668;-256.888;-256.915;-255.972;6.464;8653;200;30;13:09:29.796
1424;29.3086;29.0308;27.501;-256.254;-256.668;-256.888;-256.919;-255.972;6.464;8653;200;30;13:09:30.296
1425;29.3164;29.0308;27.5049;-256.262;-256.661;-256.888;-256.919;-255.972;6.464;8556;200;30;13:09:30.797
1426;29.3321;29.0347;27.501;-256.262;-256.668;-256.88;-256.927;-255.98;6.464;8459;200;30;13:09:31.297
1427;29.3321;29.0347;27.4932;-256.269;-256.661;-256.895;-256.919;-255.972;6.464;8266;200;30;13:09:31.796
1428;29.3321;29.0386;27.501;-256.262;-256.653;-256.88;-256.923;-255.972;6.464;8266;200;30;13:09:32.297
1429;29.3321;29.0426;27.501;-256.269;-256.668;-256.888;-256.919;-255.972;6.464;8266;200;30;13:09:32.795
1430;29.3399;29.0426;27.4971;-256.262;-256.661;-256.888;-256.915;-255.964;6.464;8266;200;30;13:09:33.296
1431;29.3399;29.0426;27.501;-256.254;-256.661;-256.888;-256.919;-255.972;6.464;8169;200;30;13:09:33.797
1432;29.3477;29.0426;27.501;-256.262;-256.668;-256.895;-256.915;-255.964;6.464;8169;200;30;13:09:34.298
1433;29.3399;29.0465;27.4932;-256.269;-256.668;-256.888;-256.915;-255.972;6.464;8072;200;30;13:09:34.796
1434;29.3477;29.0465;27.4932;-256.262;-256.668;-256.888;-256.911;-255.964;6.464;8169;200;30;13:09:35.297
1435;29.3399;29.0465;27.501;-256.277;-256.661;-256.888;-256.915;-255.972;6.464;8072;200;30;13:09:35.797
1436;29.3556;29.0543;27.4932;-256.269;-256.668;-256.888;-256.915;-255.972;6.464;8169;200;30;13:09:36.296
1437;29.3556;29.0465;27.4932;-256.269;-256.676;-256.88;-256.915;-255.964;6.464;7975;200;30;13:09:36.796
1438;29.3634;29.0543;27.4932;-256.277;-256.668;-256.888;-256.915;-255.972;6.464;7975;200;30;13:09:37.296
1439;29.3634;29.0543;27.4776;-256.269;-256.668;-256.88;-256.911;-255.972;6.464;7878;200;30;13:09:37.796
1440;29.3634;29.0621;27.4697;-256.269;-256.676;-256.888;-256.915;-255.972;6.464;7878;200;30;13:09:38.296
1441;29.3712;29.0621;27.4776;-256.277;-256.676;-256.888;-256.911;-255.972;6.464;7878;200;30;13:09:38.796
1442;29.379;29.0699;27.4776;-256.262;-256.668;-256.895;-256.915;-255.972;6.464;7782;200;30;13:09:39.297
1443;29.3869;29.0699;27.4776;-256.269;-256.668;-256.888;-256.915;-255.972;6.464;7685;200;30;13:09:39.795
1444;29.3947;29.0778;27.4776;-256.269;-256.668;-256.888;-256.915;-255.972;6.464;7588;200;30;13:09:40.296
1445;29.3947;29.0778;27.4697;-256.262;-256.668;-256.888;-256.911;-255.98;6.464;7491;200;30;13:09:40.796
1446;29.4025;29.0856;27.4776;-256.269;-256.668;-256.888;-256.911;-255.972;6.464;7491;200;30;13:09:41.296
1447;29.4025;29.0856;27.4697;-256.269;-256.676;-256.895;-256.915;-255.98;6.464;7394;200;30;13:09:41.797
1448;29.4103;29.1012;27.4776;-256.269;-256.668;-256.888;-256.915;-255.98;6.464;7394;200;30;13:09:42.296
1449;29.4143;29.1012;27.4697;-256.269;-256.676;-256.888;-256.915;-255.98;6.464;7297;200;30;13:09:42.796
1450;29.4221;29.0934;27.4619;-256.269;-256.668;-256.888;-256.915;-255.972;6.464;7249;200;30;13:09:43.297
1451;29.4221;29.1091;27.4697;-256.269;-256.676;-256.895;-256.915;-255.972;6.464;7152;200;30;13:09:43.794
1452;29.426;29.1091;27.4697;-256.277;-256.676;-256.888;-256.915;-255.972;6.464;7152;200;30;13:09:44.296
1453;29.4338;29.1091;27.4541;-256.269;-256.676;-256.888;-256.911;-255.972;6.464;7104;200;30;13:09:44.796
1454;29.4299;29.1169;27.4619;-256.277;-256.676;-256.888;-256.919;-255.972;6.464;7007;200;30;13:09:45.296
1455;29.4338;29.1169;27.4541;-256.269;-256.668;-256.88;-256.911;-255.964;6.464;7055;200;30;13:09:45.796
1456;29.4338;29.1247;27.4619;-256.269;-256.676;-256.888;-256.911;-255.972;6.464;7007;200;30;13:09:46.296
1457;29.4377;29.1247;27.4463;-256.277;-256.676;-256.888;-256.915;-255.98;6.464;7007;200;30;13:09:46.796
1458;29.4456;29.1247;27.4541;-256.269;-256.668;-256.888;-256.911;-255.972;6.464;6958;200;30;13:09:47.297
1459;29.4456;29.1325;27.4463;-256.269;-256.668;-256.888;-256.911;-255.98;6.464;6862;200;30;13:09:47.798
1460;29.4456;29.1325;27.4541;-256.269;-256.676;-256.888;-256.919;-255.98;6.464;6862;200;30;13:09:48.297
1461;29.4534;29.1325;27.4541;-256.269;-256.668;-256.888;-256.911;-255.98;6.464;6862;200;30;13:09:48.796
1462;29.4612;29.1404;27.4463;-256.269;-256.668;-256.895;-256.915;-255.972;6.464;6765;200;30;13:09:49.296
1463;29.469;29.1404;27.4541;-256.269;-256.676;-256.888;-256.915;-255.972;6.464;6668;200;30;13:09:49.796
1464;29.469;29.156;27.4463;-256.269;-256.676;-256.888;-256.915;-255.972;6.464;6571;200;30;13:09:50.296
1465;29.4847;29.156;27.4619;-256.262;-256.676;-256.888;-256.915;-255.98;6.464;6571;200;30;13:09:50.796
1466;29.4847;29.1638;27.4541;-256.269;-256.668;-256.895;-256.919;-255.972;6.464;6377;200;30;13:09:51.296
1467;29.4925;29.1638;27.4541;-256.269;-256.676;-256.888;-256.915;-255.98;6.464;6377;200;30;13:09:51.798
1468;29.5003;29.1717;27.4541;-256.269;-256.668;-256.895;-256.915;-255.972;6.464;6280;200;30;13:09:52.297
1469;29.5082;29.1717;27.4697;-256.277;-256.668;-256.888;-256.919;-255.972;6.464;6184;200;30;13:09:52.796
1470;29.516;29.1795;27.4619;-256.269;-256.676;-256.895;-256.919;-255.98;6.464;6087;200;30;13:09:53.296
1471;29.516;29.1717;27.4619;-256.269;-256.668;-256.888;-256.915;-255.972;6.464;5990;200;30;13:09:53.797
1472;29.5238;29.1717;27.4541;-256.269;-256.676;-256.895;-256.919;-255.972;6.464;5990;200;30;13:09:54.296
1473;29.5238;29.1873;27.4541;-256.269;-256.668;-256.888;-256.927;-255.972;6.464;5893;200;30;13:09:54.796
1474;29.5316;29.1951;27.4619;-256.269;-256.668;-256.895;-256.919;-255.98;6.464;5893;200;30;13:09:55.295
1475;29.5395;29.1873;27.4541;-256.269;-256.676;-256.888;-256.919;-255.972;6.464;5796;200;30;13:09:55.796
1476;29.5473;29.203;27.4463;-256.269;-256.668;-256.895;-256.919;-255.98;6.464;5699;200;30;13:09:56.296
1477;29.5551;29.1951;27.4541;-256.269;-256.668;-256.888;-256.919;-255.972;6.464;5603;200;30;13:09:56.796
1478;29.5551;29.203;27.4384;-256.269;-256.676;-256.888;-256.919;-255.98;6.464;5506;200;30;13:09:57.296
1479;29.5708;29.2108;27.4541;-256.269;-256.668;-256.888;-256.919;-255.972;6.464;5506;200;30;13:09:57.795
1480;29.5708;29.2186;27.4463;-256.277;-256.668;-256.888;-256.919;-255.98;6.464;5312;200;30;13:09:58.296
1481;29.5629;29.2186;27.4384;-256.269;-256.668;-256.895;-256.915;-255.972;6.464;5312;200;30;13:09:58.797
1482;29.5708;29.2186;27.4384;-256.262;-256.668;-256.888;-256.915;-255.972;6.464;5409;200;30;13:09:59.296
1483;29.5786;29.2264;27.4306;-256.277;-256.668;-256.895;-256.911;-255.972;6.464;5312;200;30;13:09:59.796
1484;29.5786;29.2264;27.4384;-256.269;-256.661;-256.888;-256.919;-255.972;6.464;5215;200;30;13:10:00.296
1485;29.5708;29.2343;27.4306;-256.262;-256.668;-256.888;-256.919;-255.972;6.464;5215;200;30;13:10:00.796
1486;29.5864;29.2343;27.4384;-256.269;-256.668;-256.888;-256.915;-255.98;6.464;5312;200;30;13:10:01.296
1487;29.5942;29.2421;27.4384;-256.262;-256.668;-256.888;-256.915;-255.98;6.464;5118;200;30;13:10:01.795
1488;29.5942;29.246;27.4306;-256.269;-256.661;-256.888;-256.915;-255.972;6.464;5021;200;30;13:10:02.295
1489;29.6021;29.246;27.4228;-256.262;-256.668;-256.895;-256.915;-255.972;6.464;5021;200;30;13:10:02.796
1490;29.6021;29.2499;27.4306;-256.254;-256.676;-256.888;-256.919;-255.964;6.464;4925;200;30;13:10:03.297
1491;29.6099;29.2499;27.4306;-256.262;-256.668;-256.888;-256.915;-255.972;6.464;4925;200;30;13:10:03.796
1492;29.6177;29.2538;27.4306;-256.262;-256.676;-256.895;-256.927;-255.972;6.464;4828;200;30;13:10:04.296
1493;29.6177;29.2538;27.4228;-256.262;-256.668;-256.88;-256.915;-255.964;6.464;4731;200;30;13:10:04.796
1494;29.6177;29.2538;27.4228;-256.262;-256.668;-256.888;-256.919;-255.972;6.464;4731;200;30;13:10:05.297
1495;29.6334;29.2577;27.4228;-256.254;-256.668;-256.888;-256.915;-255.98;6.464;4731;200;30;13:10:05.796
1496;29.6216;29.2577;27.4228;-256.254;-256.668;-256.888;-256.911;-255.972;6.464;4537;200;30;13:10:06.295
1497;29.6412;29.2617;27.4228;-256.262;-256.676;-256.888;-256.915;-255.98;6.464;4683;200;30;13:10:06.796
1498;29.6373;29.2617;27.4228;-256.269;-256.668;-256.888;-256.915;-255.988;6.464;4440;200;30;13:10:07.296
1499;29.6412;29.2695;27.4228;-256.262;-256.668;-256.888;-256.915;-255.98;6.464;4489;200;30;13:10:07.796
1500;29.6412;29.2695;27.415;-256.262;-256.668;-256.888;-256.919;-255.972;6.464;4440;200;30;13:10:08.296
1501;29.6451;29.2773;27.4228;-256.262;-256.668;-256.888;-256.915;-255.98;6.464;4440;200;30;13:10:08.796
1502;29.6529;29.2773;27.4228;-256.262;-256.668;-256.888;-256.915;-255.98;6.464;4392;200;30;13:10:09.296
1503;29.6529;29.2695;27.415;-256.262;-256.676;-256.888;-256.919;-255.98;6.464;4295;200;30;13:10:09.796
1504;29.6568;29.2773;27.415;-256.269;-256.668;-256.888;-256.919;-255.98;6.464;4295;200;30;13:10:10.296
1505;29.6529;29.2773;27.4071;-256.262;-256.668;-256.88;-256.915;-255.98;6.464;4247;200;30;13:10:10.797
1506;29.6607;29.2773;27.415;-256.269;-256.668;-256.888;-256.919;-255.972;6.464;4295;200;30;13:10:11.296
1507;29.6607;29.2851;27.4228;-256.269;-256.676;-256.888;-256.915;-255.98;6.464;4198;200;30;13:10:11.797
1508;29.6686;29.2851;27.4071;-256.262;-256.668;-256.888;-256.919;-255.972;6.464;4198;200;30;13:10:12.296
1509;29.6607;29.2851;27.415;-256.269;-256.661;-256.88;-256.919;-255.98;6.464;4101;200;30;13:10:12.796
1510;29.6686;29.2851;27.3993;-256.262;-256.676;-256.888;-256.919;-255.98;6.464;4198;200;30;13:10:13.295
1511;29.6607;29.2773;27.415;-256.269;-256.668;-256.88;-256.915;-255.988;6.464;4101;200;30;13:10:13.795
1512;29.6607;29.2851;27.4071;-256.262;-256.668;-256.888;-256.919;-255.988;6.464;4198;200;30;13:10:14.296
1513;29.6607;29.2851;27.4071;-256.254;-256.668;-256.888;-256.915;-255.98;6.464;4198;200;30;13:10:14.796
1514;29.6529;29.2851;27.4071;-256.262;-256.661;-256.888;-256.915;-255.98;6.464;4198;200;30;13:10:15.296
1515;29.649;29.2773;27.4071;-256.262;-256.668;-256.888;-256.915;-255.972;6.464;4295;200;30;13:10:15.796
1516;29.6529;29.2851;27.4228;-256.262;-256.668;-256.88;-256.915;-255.98;6.464;4344;200;30;13:10:16.296
1517;29.649;29.2773;27.415;-256.254;-256.668;-256.888;-256.915;-255.98;6.464;4295;200;30;13:10:16.796
1518;29.6451;29.2851;27.415;-256.262;-256.668;-256.888;-256.915;-255.988;6.464;4344;200;30;13:10:17.295
1519;29.649;29.2695;27.4071;-256.254;-256.668;-256.888;-256.915;-255.98;6.464;4392;200;30;13:10:17.795
1520;29.6451;29.2773;27.415;-256.262;-256.668;-256.888;-256.919;-255.98;6.464;4344;200;30;13:10:18.295
1521;29.6451;29.2851;27.4228;-256.254;-256.676;-256.88;-256.915;-255.972;6.464;4392;200;30;13:10:18.796
1522;29.6451;29.2695;27.415;-256.254;-256.668;-256.888;-256.915;-255.98;6.464;4392;200;30;13:10:19.295
1523;29.6451;29.2773;27.415;-256.262;-256.668;-256.88;-256.915;-255.964;6.464;4392;200;30;13:10:19.796
1524;29.6451;29.2695;27.415;-256.254;-256.668;-256.88;-256.915;-255.98;6.464;4392;200;30;13:10:20.296
1525;29.6412;29.2695;27.415;-256.254;-256.668;-256.888;-256.919;-255.972;6.464;4392;200;30;13:10:20.797
1526;29.6412;29.2695;27.415;-256.25;-256.668;-256.888;-256.915;-255.972;6.464;4440;200;30;13:10:21.295
1527;29.6412;29.2695;27.4228;-256.262;-256.668;-256.888;-256.915;-255.98;6.464;4440;200;30;13:10:21.796
1528;29.6373;29.2617;27.4228;-256.254;-256.676;-256.88;-256.911;-255.964;6.464;4440;200;30;13:10:22.295
1529;29.6373;29.2773;27.4228;-256.254;-256.668;-256.888;-256.915;-255.972;6.464;4489;200;30;13:10:22.796
1530;29.6373;29.2617;27.4228;-256.254;-256.676;-256.888;-256.915;-255.964;6.464;4489;200;30;13:10:23.295
1531;29.6373;29.2695;27.415;-256.262;-256.668;-256.888;-256.919;-255.964;6.464;4489;200;30;13:10:23.795
1532;29.6373;29.2617;27.4228;-256.254;-256.668;-256.888;-256.919;-255.972;6.464;4489;200;30;13:10:24.296
1533;29.6412;29.2695;27.415;-256.254;-256.668;-256.88;-256.915;-255.972;6.464;4489;200;30;13:10:24.795
1534;29.6412;29.2695;27.4228;-256.254;-256.668;-256.888;-256.927;-255.964;6.464;4440;200;30;13:10:25.295
1535;29.6373;29.2695;27.415;-256.258;-256.668;-256.895;-256.915;-255.964;6.464;4440;200;30;13:10:25.795
1536;29.6412;29.2695;27.4228;-256.254;-256.668;-256.888;-256.919;-255.972;6.464;4489;200;30;13:10:26.296
1537;29.6373;29.2617;27.4228;-256.254;-256.668;-256.888;-256.919;-255.972;6.464;4440;200;30;13:10:26.795
1538;29.6412;29.2773;27.4228;-256.262;-256.661;-256.895;-256.915;-255.972;6.464;4489;200;30;13:10:27.296
1539;29.6412;29.2617;27.4306;-256.262;-256.668;-256.888;-256.919;-255.964;6.464;4440;200;30;13:10:27.796
1540;29.6451;29.2695;27.4228;-256.254;-256.676;-256.895;-256.915;-255.972;6.464;4440;200;30;13:10:28.296
1541;29.6412;29.2695;27.4384;-256.254;-256.668;-256.888;-256.927;-255.972;6.464;4392;200;30;13:10:28.795
1542;29.6412;29.2695;27.415;-256.254;-256.661;-256.88;-256.919;-255.972;6.464;4440;200;30;13:10:29.295
1543;29.6412;29.2695;27.4228;-256.254;-256.676;-256.888;-256.915;-255.972;6.464;4440;200;30;13:10:29.796
1544;29.6412;29.2617;27.415;-256.262;-256.661;-256.888;-256.923;-255.98;6.464;4440;200;30;13:10:30.294
1545;29.6373;29.2695;27.4071;-256.262;-256.668;-256.895;-256.919;-255.972;6.464;4440;200;30;13:10:30.794
1546;29.6373;29.2695;27.4228;-256.254;-256.668;-256.88;-256.919;-255.98;6.464;4489;200;30;13:10:31.294
1547;29.6373;29.2695;27.4228;-256.254;-256.668;-256.888;-256.915;-255.98;6.464;4489;200;30;13:10:31.794
1548;29.6373;29.2773;27.4228;-256.254;-256.668;-256.888;-256.915;-255.972;6.464;4489;200;30;13:10:32.294
1549;29.6412;29.2695;27.4306;-256.262;-256.668;-256.888;-256.915;-255.98;6.464;4489;200;30;13:10:32.794
1550;29.6373;29.2773;27.4228;-256.262;-256.661;-256.888;-256.915;-255.98;6.464;4440;200;30;13:10:33.294
1551;29.6412;29.2695;27.4228;-256.262;-256.668;-256.88;-256.915;-255.98;6.464;4489;200;30;13:10:33.795
1552;29.6412;29.2851;27.4228;-256.262;-256.661;-256.888;-256.927;-255.972;6.464;4440;200;30;13:10:34.296
1553;29.6373;29.2773;27.4228;-256.254;-256.668;-256.888;-256.919;-255.98;6.464;4440;200;30;13:10:34.794
1554;29.6412;29.2851;27.4228;-256.262;-256.661;-256.888;-256.919;-255.98;6.464;4489;200;30;13:10:35.294
1555;29.6373;29.2773;27.4228;-256.262;-256.668;-256.88;-256.915;-255.972;6.464;4440;200;30;13:10:35.795
1556;29.6412;29.2851;27.4228;-256.254;-256.661;-256.888;-256.915;-255.98;6.464;4489;200;30;13:10:36.295
1557;29.6412;29.293;27.4306;-256.262;-256.661;-256.888;-256.919;-255.972;6.464;4440;200;30;13:10:36.795
1558;29.6412;29.2851;27.4228;-256.262;-256.661;-256.88;-256.919;-255.972;6.464;4440;200;30;13:10:37.295
1559;29.6451;29.2851;27.4228;-256.254;-256.661;-256.888;-256.915;-255.98;6.464;4440;200;30;13:10:37.795
1560;29.6412;29.3008;27.4306;-256.262;-256.661;-256.895;-256.919;-255.972;6.464;4392;200;30;13:10:38.295
1561;29.6451;29.3008;27.4306;-256.262;-256.661;-256.888;-256.919;-255.972;6.464;4440;200;30;13:10:38.794
1562;29.6451;29.3008;27.4306;-256.262;-256.661;-256.88;-256.911;-255.972;6.464;4392;200;30;13:10:39.294
1563;29.649;29.293;27.4306;-256.262;-256.661;-256.88;-256.919;-255.98;6.464;4392;200;30;13:10:39.794
1564;29.6451;29.3086;27.4306;-256.269;-256.661;-256.88;-256.915;-255.972;6.464;4344;200;30;13:10:40.295
1565;29.6412;29.3008;27.4228;-256.262;-256.668;-256.888;-256.919;-255.972;6.464;4392;200;30;13:10:40.795
1566;29.6451;29.293;27.4306;-256.262;-256.661;-256.888;-256.919;-255.972;6.464;4440;200;30;13:10:41.295
1567;29.6451;29.293;27.4228;-256.269;-256.661;-256.88;-256.915;-255.972;6.464;4392;200;30;13:10:41.796
1568;29.6412;29.3008;27.4306;-256.262;-256.661;-256.88;-256.919;-255.972;6.464;4392;200;30;13:10:42.294
1569;29.6451;29.3008;27.4306;-256.262;-256.668;-256.88;-256.915;-255.972;6.464;4440;200;30;13:10:42.795
1570;29.6412;29.293;27.4384;-256.262;-256.661;-256.888;-256.915;-255.972;6.464;4392;200;30;13:10:43.295
1571;29.6451;29.3008;27.4384;-256.269;-256.668;-256.888;-256.915;-255.98;6.464;4440;200;30;13:10:43.794
1572;29.649;29.3008;27.4384;-256.262;-256.668;-256.88;-256.911;-255.972;6.464;4392;200;30;13:10:44.296
1573;29.6451;29.3008;27.4306;-256.262;-256.668;-256.888;-256.915;-255.972;6.464;4344;200;30;13:10:44.796
1574;29.6451;29.3008;27.4384;-256.269;-256.668;-256.88;-256.919;-255.972;6.464;4392;200;30;13:10:45.295
1575;29.6451;29.3086;27.4384;-256.262;-256.668;-256.888;-256.915;-255.98;6.464;4392;200;30;13:10:45.795
1576;29.6412;29.3008;27.4306;-256.262;-256.668;-256.88;-256.919;-255.972;6.464;4392;200;30;13:10:46.296
1577;29.6451;29.3086;27.4384;-256.262;-256.668;-256.895;-256.915;-255.972;6.464;4440;200;30;13:10:46.795
1578;29.6412;29.3008;27.4463;-256.262;-256.661;-256.88;-256.911;-255.98;6.464;4392;200;30;13:10:47.296
1579;29.6451;29.3008;27.4463;-256.254;-256.653;-256.888;-256.915;-255.972;6.464;4440;200;30;13:10:47.797
1580;29.6412;29.3086;27.4463;-256.269;-256.661;-256.895;-256.915;-255.98;6.464;4392;200;30;13:10:48.295
1581;29.6373;29.3086;27.4541;-256.262;-256.661;-256.888;-256.915;-255.98;6.464;4440;200;30;13:10:48.795
1582;29.6373;29.3008;27.4619;-256.262;-256.661;-256.88;-256.911;-255.98;6.464;4489;200;30;13:10:49.295
1583;29.6373;29.3008;27.4619;-256.262;-256.661;-256.888;-256.915;-255.972;6.464;4489;200;30;13:10:49.796
1584;29.6373;29.3008;27.4697;-256.262;-256.661;-256.888;-256.923;-255.972;6.464;4489;200;30;13:10:50.294
1585;29.6373;29.293;27.4619;-256.269;-256.661;-256.895;-256.911;-255.98;6.464;4489;200;30;13:10:50.795
1586;29.6373;29.3008;27.4619;-256.262;-256.668;-256.888;-256.915;-255.98;6.464;4489;200;30;13:10:51.295
1587;29.6373;29.3008;27.4619;-256.254;-256.653;-256.888;-256.915;-255.964;6.464;4489;200;30;13:10:51.796
1588;29.6412;29.3086;27.4697;-256.262;-256.661;-256.888;-256.915;-255.98;6.464;4489;200;30;13:10:52.295
1589;29.6412;29.3008;27.4619;-256.262;-256.653;-256.895;-256.915;-255.98;6.464;4440;200;30;13:10:52.796
1590;29.6451;29.3086;27.4697;-256.262;-256.661;-256.888;-256.915;-255.98;6.464;4440;200;30;13:10:53.296
1591;29.6412;29.3086;27.4697;-256.262;-256.661;-256.888;-256.911;-255.972;6.464;4392;200;30;13:10:53.796
1592;29.6451;29.3008;27.4619;-256.262;-256.661;-256.888;-256.915;-255.98;6.464;4440;200;30;13:10:54.296
1593;29.6451;29.3086;27.4697;-256.25;-256.661;-256.888;-256.919;-255.972;6.464;4392;200;30;13:10:54.795
1594;29.6451;29.3008;27.4619;-256.262;-256.661;-256.88;-256.915;-255.98;6.464;4392;200;30;13:10:55.296
1595;29.6412;29.3086;27.4697;-256.262;-256.661;-256.888;-256.919;-255.972;6.464;4392;200;30;13:10:55.795
1596;29.6451;29.3008;27.4697;-256.262;-256.661;-256.888;-256.915;-255.98;6.464;4440;200;30;13:10:56.295
1597;29.6451;29.3008;27.4619;-256.262;-256.661;-256.888;-256.923;-255.972;6.464;4392;200;30;13:10:56.796
1598;29.6451;29.3086;27.4776;-256.262;-256.668;-256.888;-256.915;-255.972;6.464;4392;200;30;13:10:57.295
1599;29.6451;29.3086;27.4697;-256.262;-256.661;-256.88;-256.915;-255.98;6.464;4392;200;30;13:10:57.795
1600;29.649;29.3086;27.4619;-256.262;-256.668;-256.888;-256.919;-255.972;6.464;4392;200;30;13:10:58.296
1601;29.6451;29.3164;27.4697;-256.262;-256.668;-256.888;-256.915;-255.972;6.464;4344;200;30;13:10:58.795
1602;29.649;29.3086;27.4619;-256.254;-256.668;-256.888;-256.915;-255.98;6.464;4392;200;30;13:10:59.295
1603;29.6451;29.3086;27.4619;-256.262;-256.661;-256.88;-256.915;-255.98;6.464;4344;200;30;13:10:59.795
1604;29.649;29.3086;27.4697;-256.254;-256.668;-256.888;-256.919;-255.972;6.464;4392;200;30;13:11:00.295
1605;29.6451;29.3086;27.4619;-256.254;-256.668;-256.888;-256.919;-255.972;6.464;4344;200;30;13:11:00.795
1606;29.649;29.3086;27.4619;-256.262;-256.661;-256.888;-256.915;-255.972;6.464;4392;200;30;13:11:01.295
1607;29.6451;29.3008;27.4697;-256.254;-256.668;-256.888;-256.915;-255.98;6.464;4344;200;30;13:11:01.795
1608;29.6451;29.3086;27.4541;-256.262;-256.653;-256.888;-256.915;-255.98;6.464;4392;200;30;13:11:02.296
1609;29.6451;29.3008;27.4619;-256.262;-256.661;-256.88;-256.915;-255.98;6.464;4392;200;30;13:11:02.795
1610;29.6451;29.3086;27.4697;-256.262;-256.668;-256.888;-256.915;-255.98;6.464;4392;200;30;13:11:03.294
1611;29.6451;29.3086;27.4697;-256.262;-256.668;-256.88;-256.915;-255.98;6.464;4392;200;30;13:11:03.797
1612;29.6451;29.3086;27.4697;-256.262;-256.661;-256.888;-256.915;-255.972;6.464;4392;200;30;13:11:04.295
1613;29.6451;29.3086;27.4776;-256.262;-256.668;-256.88;-256.915;-255.98;6.464;4392;200;30;13:11:04.796
1614;29.649;29.3086;27.4697;-256.254;-256.668;-256.88;-256.919;-255.972;6.464;4392;200;30;13:11:05.295
1615;29.6373;29.3086;27.4697;-256.262;-256.661;-256.888;-256.915;-255.98;6.464;4344;200;30;13:11:05.794
1616;29.6412;29.3008;27.4697;-256.262;-256.661;-256.888;-256.915;-255.972;6.464;4489;200;30;13:11:06.295
1617;29.6412;29.3086;27.4697;-256.262;-256.661;-256.888;-256.919;-255.98;6.464;4440;200;30;13:11:06.796
1618;29.6451;29.3086;27.4776;-256.269;-256.653;-256.888;-256.919;-255.98;6.464;4440;200;30;13:11:07.295
1619;29.649;29.3086;27.4776;-256.262;-256.661;-256.888;-256.919;-255.972;6.464;4392;200;30;13:11:07.795
1620;29.6451;29.3008;27.4776;-256.269;-256.661;-256.888;-256.915;-255.972;6.464;4344;200;30;13:11:08.294
1621;29.649;29.3086;27.4776;-256.262;-256.661;-256.888;-256.915;-255.98;6.464;4392;200;30;13:11:08.794
1622;29.6451;29.3086;27.4776;-256.269;-256.661;-256.888;-256.915;-255.98;6.464;4344;200;30;13:11:09.295
1623;29.6451;29.3086;27.4854;-256.269;-256.668;-256.888;-256.911;-255.972;6.464;4392;200;30;13:11:09.794
1624;29.649;29.3164;27.4776;-256.269;-256.668;-256.888;-256.915;-255.98;6.464;4392;200;30;13:11:10.296
1625;29.6451;29.3164;27.4854;-256.269;-256.668;-256.888;-256.915;-255.972;6.464;4344;200;30;13:11:10.796
1626;29.649;29.3086;27.4776;-256.269;-256.668;-256.888;-256.915;-255.972;6.464;4392;200;30;13:11:11.295
1627;29.6451;29.3086;27.4854;-256.269;-256.668;-256.888;-256.915;-255.98;6.464;4344;200;30;13:11:11.795
1628;29.649;29.3008;27.4854;-256.269;-256.668;-256.888;-256.915;-255.972;6.464;4392;200;30;13:11:12.295
1629;29.6451;29.3008;27.4854;-256.269;-256.661;-256.888;-256.915;-255.98;6.464;4344;200;30;13:11:12.796
1630;29.6412;29.3008;27.4854;-256.269;-256.668;-256.888;-256.919;-255.964;6.464;4392;200;30;13:11:13.295
1631;29.6451;29.3008;27.4854;-256.269;-256.661;-256.888;-256.911;-255.972;6.464;4440;200;30;13:11:13.795
1632;29.6412;29.3008;27.4854;-256.269;-256.661;-256.888;-256.915;-255.98;6.464;4392;200;30;13:11:14.295
1633;29.6412;29.293;27.4854;-256.269;-256.661;-256.895;-256.915;-255.964;6.464;4440;200;30;13:11:14.795
1634;29.6412;29.3008;27.4854;-256.269;-256.661;-256.888;-256.915;-255.972;6.464;4440;200;30;13:11:15.295
1635;29.6412;29.3008;27.4932;-256.269;-256.661;-256.888;-256.919;-255.972;6.464;4440;200;30;13:11:15.795
1636;29.6412;29.3008;27.4932;-256.262;-256.668;-256.888;-256.915;-255.972;6.464;4440;200;30;13:11:16.295
1637;29.6412;29.3008;27.4854;-256.262;-256.668;-256.88;-256.919;-255.972;6.464;4440;200;30;13:11:16.795
1638;29.6412;29.3008;27.4932;-256.262;-256.668;-256.888;-256.919;-255.972;6.464;4440;200;30;13:11:17.295
1639;29.6451;29.293;27.4854;-256.262;-256.661;-256.888;-256.915;-255.98;6.464;4440;200;30;13:11:17.795
1640;29.6412;29.3008;27.4932;-256.262;-256.661;-256.888;-256.919;-255.972;6.464;4392;200;30;13:11:18.295
1641;29.6451;29.3008;27.4854;-256.254;-256.668;-256.888;-256.919;-255.972;6.464;4440;200;30;13:11:18.795
1642;29.6451;29.3008;27.4854;-256.262;-256.668;-256.888;-256.911;-255.98;6.464;4392;200;30;13:11:19.295
1643;29.6451;29.3008;27.4776;-256.254;-256.661;-256.88;-256.919;-255.972;6.464;4392;200;30;13:11:19.796
1644;29.6451;29.3086;27.4854;-256.262;-256.668;-256.888;-256.915;-255.98;6.464;4392;200;30;13:11:20.295
1645;29.649;29.3008;27.4854;-256.254;-256.668;-256.888;-256.919;-255.972;6.464;4392;200;30;13:11:20.795
1646;29.649;29.3008;27.4776;-256.262;-256.668;-256.888;-256.919;-255.98;6.464;4344;200;30;13:11:21.295
1647;29.649;29.3008;27.4854;-256.254;-256.661;-256.888;-256.915;-255.98;6.464;4344;200;30;13:11:21.795
1648;29.6451;29.3086;27.4776;-256.269;-256.668;-256.888;-256.919;-255.972;6.464;4344;200;30;13:11:22.295
1649;29.6451;29.3086;27.4776;-256.262;-256.661;-256.895;-256.919;-255.972;6.464;4392;200;30;13:11:22.795
1650;29.6451;29.3086;27.4854;-256.262;-256.661;-256.888;-256.915;-255.98;6.464;4392;200;30;13:11:23.295
1651;29.6451;29.3086;27.4776;-256.262;-256.668;-256.88;-256.919;-255.972;6.464;4392;200;30;13:11:23.795
1652;29.6451;29.3008;27.4776;-256.262;-256.668;-256.888;-256.915;-255.98;6.464;4392;200;30;13:11:24.294
1653;29.6412;29.3008;27.4697;-256.262;-256.661;-256.888;-256.915;-255.972;6.464;4392;200;30;13:11:24.794
1654;29.6451;29.3008;27.4854;-256.254;-256.668;-256.888;-256.915;-255.972;6.464;4440;200;30;13:11:25.295
1655;29.6412;29.293;27.4776;-256.262;-256.668;-256.888;-256.915;-255.98;6.464;4392;200;30;13:11:25.795
1656;29.6412;29.3008;27.4776;-256.262;-256.668;-256.888;-256.919;-255.98;6.464;4440;200;30;13:11:26.295
1657;29.6412;29.3008;27.4776;-256.262;-256.668;-256.888;-256.915;-255.972;6.464;4440;200;30;13:11:26.795
1658;29.6373;29.3086;27.4697;-256.254;-256.668;-256.888;-256.915;-255.98;6.464;4440;200;30;13:11:27.295
1659;29.6373;29.3086;27.4776;-256.262;-256.668;-256.888;-256.923;-255.972;6.464;4489;200;30;13:11:27.794
1660;29.6412;29.3008;27.4697;-256.262;-256.668;-256.888;-256.915;-255.972;6.464;4489;200;30;13:11:28.295
1661;29.6412;29.3086;27.4776;-256.262;-256.668;-256.888;-256.919;-255.964;6.464;4440;200;30;13:11:28.795
1662;29.6412;29.3086;27.4854;-256.269;-256.668;-256.888;-256.915;-255.98;6.464;4440;200;30;13:11:29.294
1663;29.6373;29.3008;27.4854;-256.262;-256.676;-256.888;-256.919;-255.972;6.464;4440;200;30;13:11:29.794
1664;29.6412;29.3008;27.4776;-256.262;-256.668;-256.888;-256.919;-255.98;6.464;4489;200;30;13:11:30.295
1665;29.6412;29.3008;27.4854;-256.262;-256.661;-256.888;-256.919;-255.98;6.464;4440;200;30;13:11:30.793
1666;29.6412;29.3086;27.4776;-256.269;-256.661;-256.888;-256.927;-255.98;6.464;4440;200;30;13:11:31.295
1667;29.6412;29.3008;27.4854;-256.254;-256.668;-256.895;-256.919;-255.972;6.464;4440;200;30;13:11:31.795
1668;29.6373;29.3008;27.4697;-256.262;-256.661;-256.888;-256.919;-255.98;6.464;4440;200;30;13:11:32.294
1669;29.6373;29.3086;27.4697;-256.262;-256.661;-256.888;-256.927;-255.98;6.464;4489;200;30;13:11:32.794
1670;29.6373;29.3086;27.4619;-256.262;-256.661;-256.888;-256.919;-255.972;6.464;4489;200;30;13:11:33.294
1671;29.6412;29.3008;27.4697;-256.262;-256.661;-256.888;-256.915;-255.98;6.464;4489;200;30;13:11:33.795
1672;29.6373;29.3086;27.4619;-256.262;-256.661;-256.888;-256.919;-255.972;6.464;4440;200;30;13:11:34.294
1673;29.6412;29.3008;27.4619;-256.262;-256.661;-256.88;-256.919;-255.98;6.464;4489;200;30;13:11:34.793
1674;29.6412;29.3008;27.4619;-256.262;-256.668;-256.888;-256.919;-255.98;6.464;4440;200;30;13:11:35.294
1675;29.6412;29.3086;27.4619;-256.262;-256.661;-256.888;-256.919;-255.98;6.464;4440;200;30;13:11:35.794
1676;29.6373;29.3008;27.4697;-256.254;-256.668;-256.88;-256.915;-255.972;6.464;4440;200;30;13:11:36.294
1677;29.6412;29.3086;27.4619;-256.262;-256.661;-256.888;-256.919;-255.98;6.464;4489;200;30;13:11:36.794
1678;29.6412;29.3086;27.4619;-256.262;-256.661;-256.88;-256.919;-255.972;6.464;4440;200;30;13:11:37.293
1679;29.6412;29.3086;27.4619;-256.254;-256.668;-256.888;-256.919;-255.98;6.464;4440;200;30;13:11:37.793
1680;29.6412;29.3086;27.4619;-256.262;-256.661;-256.888;-256.915;-255.972;6.464;4440;200;30;13:11:38.294
1681;29.6451;29.3086;27.4619;-256.262;-256.668;-256.88;-256.919;-255.972;6.464;4440;200;30;13:11:38.793
1682;29.6412;29.3086;27.4541;-256.262;-256.661;-256.888;-256.919;-255.972;6.464;4392;200;30;13:11:39.293
1683;29.6412;29.3086;27.4619;-256.262;-256.661;-256.888;-256.919;-255.98;6.464;4440;200;30;13:11:39.794
1684;29.6412;29.3008;27.4619;-256.262;-256.668;-256.88;-256.919;-255.972;6.464;4440;200;30;13:11:40.294
1685;29.6451;29.3086;27.4697;-256.262;-256.661;-256.888;-256.919;-255.98;6.464;4440;200;30;13:11:40.793
1686;29.6451;29.3008;27.4541;-256.254;-256.661;-256.888;-256.915;-255.988;6.464;4392;200;30;13:11:41.293
1687;29.6412;29.3086;27.4541;-256.262;-256.668;-256.888;-256.915;-255.972;6.464;4392;200;30;13:11:41.793
1688;29.6412;29.3008;27.4541;-256.254;-256.661;-256.888;-256.915;-255.98;6.464;4440;200;30;13:11:42.293
1689;29.6451;29.3008;27.4541;-256.254;-256.661;-256.888;-256.919;-255.972;6.464;4440;200;30;13:11:42.793
1690;29.6412;29.293;27.4463;-256.254;-256.668;-256.88;-256.915;-255.98;6.464;4392;200;30;13:11:43.294
1691;29.6412;29.3008;27.4541;-256.254;-256.668;-256.888;-256.915;-255.98;6.464;4440;200;30;13:11:43.793
1692;29.6451;29.3008;27.4541;-256.262;-256.668;-256.888;-256.915;-255.98;6.464;4440;200;30;13:11:44.293
1693;29.6451;29.3008;27.4384;-256.254;-256.668;-256.888;-256.915;-255.98;6.464;4392;200;30;13:11:44.793
1694;29.649;29.3008;27.4463;-256.262;-256.668;-256.888;-256.915;-255.98;6.464;4392;200;30;13:11:45.294
1695;29.649;29.3008;27.4463;-256.262;-256.676;-256.888;-256.915;-255.98;6.464;4344;200;30;13:11:45.794
1696;29.6451;29.293;27.4384;-256.262;-256.661;-256.88;-256.911;-255.988;6.464;4344;200;30;13:11:46.293
1697;29.6451;29.3086;27.4463;-256.269;-256.668;-256.888;-256.911;-255.98;6.464;4392;200;30;13:11:46.793
1698;29.649;29.3008;27.4463;-256.262;-256.668;-256.88;-256.919;-255.98;6.464;4392;200;30;13:11:47.294
1699;29.6451;29.3086;27.4463;-256.262;-256.668;-256.88;-256.915;-255.98;6.464;4344;200;30;13:11:47.793
1700;29.649;29.3086;27.4463;-256.269;-256.676;-256.888;-256.915;-255.98;6.464;4392;200;30;13:11:48.294
1701;29.6451;29.3086;27.4384;-256.262;-256.668;-256.88;-256.915;-255.988;6.464;4344;200;30;13:11:48.793
1702;29.6451;29.3086;27.4384;-256.262;-256.676;-256.888;-256.915;-255.972;6.464;4392;200;30;13:11:49.294
1703;29.6451;29.3086;27.4384;-256.262;-256.661;-256.88;-256.915;-255.98;6.464;4392;200;30;13:11:49.794
1704;29.649;29.3164;27.4306;-256.262;-256.668;-256.88;-256.919;-255.98;6.464;4392;200;30;13:11:50.293
1705;29.6451;29.3164;27.4384;-256.269;-256.668;-256.88;-256.919;-255.972;6.464;4344;200;30;13:11:50.794
1706;29.649;29.3164;27.4306;-256.262;-256.668;-256.888;-256.919;-255.98;6.464;4392;200;30;13:11:51.294
1707;29.649;29.3164;27.4384;-256.262;-256.668;-256.88;-256.923;-255.972;6.464;4344;200;30;13:11:51.794
1708;29.6412;29.3164;27.4384;-256.262;-256.668;-256.888;-256.919;-255.972;6.464;4344;200;30;13:11:52.294
1709;29.6451;29.3086;27.4384;-256.254;-256.668;-256.872;-256.915;-255.972;6.464;4440;200;30;13:11:52.795
1710;29.6451;29.3086;27.4306;-256.269;-256.676;-256.88;-256.919;-255.972;6.464;4392;200;30;13:11:53.296
1711;29.649;29.3086;27.4384;-256.262;-256.668;-256.888;-256.915;-255.964;6.464;4392;200;30;13:11:53.795
1712;29.6451;29.3086;27.4463;-256.254;-256.668;-256.88;-256.919;-255.972;6.464;4344;200;30;13:11:54.295
1713;29.6451;29.3086;27.4306;-256.262;-256.661;-256.888;-256.915;-255.972;6.464;4392;200;30;13:11:54.795
1714;29.649;29.3008;27.4306;-256.262;-256.668;-256.88;-256.915;-255.972;6.464;4392;200;30;13:11:55.295
1715;29.6412;29.3086;27.4228;-256.262;-256.668;-256.88;-256.915;-255.98;6.464;4344;200;30;13:11:55.795
1716;29.6412;29.3008;27.4306;-256.262;-256.668;-256.88;-256.919;-255.98;6.464;4440;200;30;13:11:56.295
1717;29.6412;29.3008;27.4228;-256.262;-256.668;-256.88;-256.915;-255.964;6.464;4440;200;30;13:11:56.796
1718;29.6451;29.3086;27.4306;-256.262;-256.668;-256.88;-256.915;-255.98;6.464;4440;200;30;13:11:57.295
1719;29.6451;29.3086;27.4228;-256.262;-256.661;-256.88;-256.915;-255.972;6.464;4392;200;30;13:11:57.795
1720;29.6451;29.3086;27.4228;-256.262;-256.668;-256.88;-256.915;-255.972;6.464;4392;200;30;13:11:58.295
1721;29.649;29.3086;27.4228;-256.262;-256.661;-256.88;-256.923;-255.972;6.464;4392;200;30;13:11:58.795
1722;29.6529;29.3243;27.4228;-256.262;-256.668;-256.88;-256.915;-255.964;6.464;4344;200;30;13:11:59.296
1723;29.6568;29.3164;27.4306;-256.262;-256.661;-256.888;-256.927;-255.964;6.464;4295;200;30;13:11:59.796
1724;29.6529;29.3164;27.4228;-256.262;-256.661;-256.888;-256.919;-255.964;6.464;4247;200;30;13:12:00.296
1725;29.6686;29.3243;27.4306;-256.269;-256.668;-256.888;-256.919;-255.972;6.464;4295;200;30;13:12:00.796
1726;29.6764;29.3399;27.4228;-256.269;-256.661;-256.88;-256.919;-255.972;6.464;4101;200;30;13:12:01.296
1727;29.6607;29.3321;27.4228;-256.262;-256.661;-256.88;-256.919;-255.972;6.464;4005;200;30;13:12:01.796
1728;29.6764;29.3399;27.4228;-256.262;-256.668;-256.888;-256.927;-255.98;6.464;4198;200;30;13:12:02.295
1729;29.6686;29.3399;27.4306;-256.262;-256.668;-256.888;-256.919;-255.98;6.464;4005;200;30;13:12:02.795
1730;29.6842;29.3477;27.415;-256.262;-256.661;-256.88;-256.919;-255.972;6.464;4101;200;30;13:12:03.296
1731;29.6764;29.3556;27.4228;-256.262;-256.668;-256.888;-256.927;-255.98;6.464;3908;200;30;13:12:03.796
1732;29.6842;29.3556;27.4228;-256.262;-256.668;-256.88;-256.919;-255.98;6.464;4005;200;30;13:12:04.297
1733;29.692;29.3634;27.415;-256.269;-256.661;-256.88;-256.927;-255.98;6.464;3908;200;30;13:12:04.796
1734;29.6999;29.3712;27.415;-256.262;-256.661;-256.88;-256.919;-255.972;6.464;3811;200;30;13:12:05.296
1735;29.7077;29.379;27.415;-256.262;-256.661;-256.88;-256.919;-255.98;6.464;3714;200;30;13:12:05.796
1736;29.7155;29.3869;27.4228;-256.269;-256.668;-256.888;-256.919;-255.972;6.464;3617;200;30;13:12:06.298
1737;29.7233;29.3869;27.4228;-256.269;-256.661;-256.888;-256.919;-255.98;6.464;3520;200;30;13:12:06.797
1738;29.7312;29.3947;27.415;-256.269;-256.668;-256.88;-256.919;-255.98;6.464;3424;200;30;13:12:07.297
1739;29.7312;29.4025;27.415;-256.262;-256.661;-256.888;-256.919;-255.972;6.464;3327;200;30;13:12:07.796
1740;29.7468;29.4103;27.4071;-256.269;-256.668;-256.888;-256.919;-255.972;6.464;3327;200;30;13:12:08.297
1741;29.7546;29.426;27.415;-256.269;-256.661;-256.88;-256.915;-255.972;6.464;3133;200;30;13:12:08.798
1742;29.7625;29.4338;27.415;-256.269;-256.661;-256.888;-256.915;-255.98;6.464;3036;200;30;13:12:09.297
1743;29.7703;29.4338;27.4071;-256.262;-256.661;-256.88;-256.915;-255.98;6.464;2939;200;30;13:12:09.796
1744;29.7781;29.4416;27.415;-256.269;-256.668;-256.88;-256.915;-255.972;6.464;2842;200;30;13:12:10.297
1745;29.7938;29.4573;27.4071;-256.269;-256.661;-256.888;-256.919;-255.98;6.464;2746;200;30;13:12:10.796
1746;29.7938;29.4534;27.4071;-256.262;-256.668;-256.888;-256.923;-255.972;6.464;2552;200;30;13:12:11.296
1747;29.8172;29.4612;27.4071;-256.262;-256.668;-256.88;-256.919;-255.98;6.464;2552;200;30;13:12:11.797
1748;29.8251;29.469;27.4071;-256.262;-256.676;-256.888;-256.919;-255.972;6.464;2261;200;30;13:12:12.296
1749;29.8485;29.4729;27.4071;-256.269;-256.668;-256.88;-256.919;-255.972;6.464;2165;200;30;13:12:12.797
1750;29.8485;29.4808;27.415;-256.262;-256.668;-256.888;-256.919;-255.964;6.464;1874;200;30;13:12:13.296
1751;29.8603;29.4847;27.4071;-256.262;-256.668;-256.88;-256.923;-255.98;6.464;1874;200;30;13:12:13.798
1752;29.8603;29.4925;27.4071;-256.269;-256.668;-256.88;-256.919;-255.972;6.464;1729;200;30;13:12:14.297
1753;29.872;29.5082;27.4071;-256.262;-256.668;-256.88;-256.919;-255.98;6.464;1729;200;30;13:12:14.796
1754;29.8759;29.516;27.3993;-256.262;-256.668;-256.88;-256.915;-255.98;6.464;1583;200;30;13:12:15.297
1755;29.8994;29.516;27.3993;-256.269;-256.668;-256.888;-256.915;-255.972;6.464;1535;200;30;13:12:15.797
1756;29.8994;29.5316;27.4071;-256.262;-256.668;-256.872;-256.915;-255.972;6.464;1245;200;30;13:12:16.299
1757;29.9229;29.5395;27.3993;-256.269;-256.668;-256.88;-256.915;-255.98;6.464;1245;200;30;13:12:16.797
1758;29.9307;29.5551;27.3993;-256.262;-256.668;-256.88;-256.919;-255.972;6.464;954;200;30;13:12:17.297
1759;29.9464;29.5551;27.3993;-256.269;-256.661;-256.88;-256.915;-255.98;6.464;857;200;30;13:12:17.797
1760;29.962;29.5708;27.3993;-256.269;-256.668;-256.88;-256.915;-255.98;6.464;663;200;30;13:12:18.298
1761;29.9777;29.5786;27.4071;-256.269;-256.661;-256.88;-256.915;-255.98;6.464;470;200;30;13:12:18.797
1762;29.9855;29.5864;27.4071;-256.262;-256.668;-256.888;-256.915;-255.98;6.464;276;200;30;13:12:19.297
1763;29.9933;29.6021;27.3993;-256.262;-256.661;-256.888;-256.915;-255.98;6.464;179;200;30;13:12:19.797
1764;30.009;29.6021;27.3993;-256.262;-256.668;-256.88;-256.919;-255.98;6.464;82;200;30;13:12:20.298
1765;30.0324;29.6099;27.3915;-256.269;-256.668;-256.88;-256.919;-255.988;6.464;None;200;30;13:12:20.797
1766;30.0403;29.6334;27.3993;-256.277;-256.676;-256.88;-256.919;-255.98;6.464;None;200;30;13:12:21.298
1767;30.052;29.6334;27.4071;-256.269;-256.668;-256.88;-256.927;-255.988;6.464;None;200;30;13:12:21.797
1768;30.0598;29.6373;27.4071;-256.262;-256.676;-256.88;-256.915;-255.98;6.464;None;200;30;13:12:22.297
1769;30.0598;29.6373;27.3993;-256.269;-256.668;-256.888;-256.919;-255.98;6.464;None;200;30;13:12:22.798
1770;30.0755;29.6412;27.415;-256.269;-256.676;-256.888;-256.919;-255.988;6.464;None;200;30;13:12:23.297
1771;30.0833;29.6412;27.4071;-256.269;-256.668;-256.88;-256.919;-255.98;6.464;None;200;30;13:12:23.798
1772;30.0911;29.6451;27.415;-256.262;-256.668;-256.88;-256.919;-255.988;6.464;None;200;30;13:12:24.298
1773;30.0989;29.649;27.415;-256.269;-256.668;-256.88;-256.927;-255.98;6.464;None;200;30;13:12:24.798
1774;30.1068;29.6568;27.4071;-256.269;-256.676;-256.888;-256.919;-255.988;6.464;None;200;30;13:12:25.299
1775;30.1068;29.6529;27.415;-256.269;-256.668;-256.88;-256.927;-255.98;6.464;None;200;30;13:12:25.798
1776;30.1068;29.6686;27.415;-256.269;-256.668;-256.88;-256.923;-255.988;6.464;None;200;30;13:12:26.297
1777;30.1068;29.6686;27.415;-256.277;-256.676;-256.888;-256.927;-255.98;6.464;None;200;30;13:12:26.798
1778;30.1068;29.6607;27.415;-256.269;-256.668;-256.88;-256.919;-255.98;6.464;None;200;30;13:12:27.300
1779;30.1146;29.6764;27.415;-256.262;-256.676;-256.88;-256.919;-255.98;6.464;None;200;30;13:12:27.799
1780;30.1068;29.6686;27.415;-256.269;-256.668;-256.888;-256.919;-255.98;6.464;None;200;30;13:12:28.298
1781;30.1146;29.6842;27.415;-256.269;-256.668;-256.88;-256.919;-255.98;6.464;None;200;30;13:12:28.798
1782;30.1146;29.6764;27.415;-256.269;-256.676;-256.888;-256.915;-255.98;6.464;None;200;30;13:12:29.298
1783;30.1146;29.6842;27.415;-256.262;-256.668;-256.88;-256.919;-255.98;6.464;None;200;30;13:12:29.798
1784;30.1146;29.6842;27.415;-256.269;-256.676;-256.888;-256.919;-255.988;6.464;None;200;30;13:12:30.298
1785;30.1224;29.692;27.415;-256.269;-256.668;-256.88;-256.927;-255.98;6.464;None;200;30;13:12:30.798
1786;30.1146;29.6999;27.4071;-256.269;-256.676;-256.888;-256.919;-255.988;6.464;None;200;30;13:12:31.299
1787;30.1224;29.692;27.4071;-256.262;-256.668;-256.88;-256.927;-255.98;6.464;None;200;30;13:12:31.799
1788;30.1302;29.6999;27.3993;-256.277;-256.676;-256.888;-256.919;-255.988;6.464;None;200;30;13:12:32.298
1789;30.1146;29.6999;27.3993;-256.262;-256.668;-256.888;-256.919;-255.98;6.464;None;200;30;13:12:32.799
1790;30.1224;29.6999;27.3993;-256.269;-256.668;-256.888;-256.927;-255.98;6.464;None;200;30;13:12:33.298
1791;30.1224;29.6999;27.3993;-256.262;-256.676;-256.888;-256.927;-255.98;6.464;None;200;30;13:12:33.799
1792;30.1224;29.7077;27.3993;-256.262;-256.676;-256.888;-256.927;-255.98;6.464;None;200;30;13:12:34.299
1793;30.1224;29.7077;27.3993;-256.269;-256.676;-256.888;-256.927;-255.98;6.464;None;200;30;13:12:34.799
1794;30.1146;29.6999;27.3915;-256.269;-256.676;-256.88;-256.927;-255.98;6.464;None;200;30;13:12:35.299
1795;30.1146;29.6999;27.3915;-256.262;-256.668;-256.888;-256.927;-255.98;6.464;None;200;30;13:12:35.799
1796;30.1068;29.6999;27.3837;-256.262;-256.668;-256.88;-256.919;-255.98;6.464;None;200;30;13:12:36.299
1797;30.1146;29.6999;27.3993;-256.262;-256.668;-256.88;-256.927;-255.98;6.464;None;200;30;13:12:36.799
1798;30.1146;29.6999;27.3915;-256.262;-256.676;-256.88;-256.927;-255.972;6.464;None;200;30;13:12:37.297
1799;30.0989;29.7077;27.3915;-256.269;-256.668;-256.88;-256.919;-255.972;6.464;None;200;30;13:12:37.800
1800;30.1068;29.7077;27.3758;-256.262;-256.676;-256.888;-256.919;-255.98;6.464;None;200;30;13:12:38.299
1801;30.0989;29.7077;27.3837;-256.262;-256.668;-256.88;-256.927;-255.98;6.464;None;200;30;13:12:38.799
1802;30.0989;29.6999;27.3758;-256.269;-256.676;-256.88;-256.927;-255.98;6.464;None;200;30;13:12:39.300
1803;30.0989;29.7155;27.3837;-256.262;-256.676;-256.88;-256.919;-255.98;6.464;None;200;30;13:12:39.800
1804;30.0989;29.7077;27.3758;-256.269;-256.668;-256.88;-256.927;-255.972;6.464;None;200;30;13:12:40.299
1805;30.0911;29.7155;27.3837;-256.269;-256.668;-256.888;-256.927;-255.972;6.464;None;200;30;13:12:40.799
1806;30.0989;29.7155;27.3758;-256.269;-256.676;-256.88;-256.927;-255.98;6.464;None;200;30;13:12:41.299
1807;30.0911;29.7155;27.3758;-256.269;-256.668;-256.88;-256.927;-255.98;6.464;None;200;30;13:12:41.800
1808;30.0989;29.7155;27.3837;-256.269;-256.668;-256.88;-256.927;-255.972;6.464;None;200;30;13:12:42.300
1809;30.0911;29.7155;27.3837;-256.269;-256.668;-256.888;-256.919;-255.98;6.464;None;200;30;13:12:42.800
1810;30.0911;29.7155;27.3837;-256.269;-256.676;-256.88;-256.927;-255.98;6.464;None;200;30;13:12:43.299
1811;30.0911;29.7233;27.3758;-256.269;-256.668;-256.88;-256.919;-255.972;6.464;None;200;30;13:12:43.798
1812;30.0911;29.7233;27.3837;-256.262;-256.668;-256.888;-256.927;-255.98;6.464;None;200;30;13:12:44.300
1813;30.0833;29.7312;27.3837;-256.269;-256.676;-256.88;-256.927;-255.972;6.464;None;200;30;13:12:44.800
1814;30.0676;29.7233;27.3837;-256.269;-256.668;-256.888;-256.919;-255.98;6.464;None;200;30;13:12:45.299
1815;30.0755;29.7312;27.3915;-256.262;-256.668;-256.888;-256.919;-255.972;6.464;None;200;30;13:12:45.799
1816;30.0833;29.7233;27.3915;-256.269;-256.668;-256.888;-256.919;-255.972;6.464;None;200;30;13:12:46.300
1817;30.0676;29.7233;27.3837;-256.262;-256.676;-256.888;-256.923;-255.98;6.464;None;200;30;13:12:46.800
1818;30.0755;29.7233;27.3915;-256.269;-256.676;-256.888;-256.915;-255.972;6.464;None;200;30;13:12:47.300
1819;30.0676;29.7312;27.3993;-256.269;-256.676;-256.888;-256.923;-255.98;6.464;None;200;30;13:12:47.800
1820;30.0676;29.7233;27.3993;-256.269;-256.668;-256.888;-256.919;-255.972;6.464;None;200;30;13:12:48.300
1821;30.0755;29.7233;27.3993;-256.269;-256.668;-256.88;-256.919;-255.972;6.464;None;200;30;13:12:48.801
1822;30.0755;29.7233;27.3915;-256.269;-256.668;-256.88;-256.919;-255.98;6.464;None;200;30;13:12:49.300
1823;30.0676;29.7312;27.3993;-256.269;-256.668;-256.888;-256.919;-255.98;6.464;None;200;30;13:12:49.800
1824;30.0676;29.7155;27.3993;-256.269;-256.668;-256.888;-256.927;-255.972;6.464;None;200;30;13:12:50.300
1825;30.0676;29.7233;27.3993;-256.269;-256.668;-256.888;-256.927;-255.98;6.464;None;200;30;13:12:50.801
1826;30.0598;29.7233;27.3993;-256.269;-256.676;-256.88;-256.935;-255.98;6.464;None;200;30;13:12:51.300
1827;30.052;29.7312;27.3993;-256.269;-256.676;-256.88;-256.927;-255.98;6.464;None;200;30;13:12:51.801
1828;30.052;29.7312;27.3915;-256.277;-256.668;-256.888;-256.927;-255.972;6.464;None;200;30;13:12:52.300
1829;30.052;29.7233;27.415;-256.262;-256.668;-256.88;-256.919;-255.98;6.464;None;200;30;13:12:52.799
1830;30.0442;29.7233;27.3993;-256.269;-256.668;-256.888;-256.927;-255.98;6.464;None;200;30;13:12:53.299
1831;30.0403;29.7155;27.3915;-256.277;-256.668;-256.88;-256.927;-255.972;6.464;None;200;30;13:12:53.800
1832;30.0403;29.7233;27.3993;-256.269;-256.668;-256.888;-256.919;-255.98;6.464;None;200;30;13:12:54.299
1833;30.0403;29.7233;27.3915;-256.277;-256.661;-256.88;-256.927;-255.98;6.464;None;200;30;13:12:54.800
1834;30.0403;29.7233;27.4071;-256.269;-256.668;-256.888;-256.927;-255.98;6.464;None;200;30;13:12:55.300
1835;30.0403;29.7155;27.3993;-256.269;-256.661;-256.88;-256.935;-255.972;6.464;None;200;30;13:12:55.800
1836;30.0363;29.7233;27.3993;-256.277;-256.661;-256.888;-256.919;-255.98;6.464;None;200;30;13:12:56.300
1837;30.0403;29.7155;27.3993;-256.277;-256.668;-256.888;-256.935;-255.972;6.464;None;200;30;13:12:56.800
1838;30.0363;29.7233;27.3993;-256.277;-256.661;-256.888;-256.927;-255.98;6.464;None;200;30;13:12:57.300
1839;30.0363;29.7233;27.3915;-256.269;-256.661;-256.888;-256.942;-255.972;6.464;None;200;30;13:12:57.800
1840;30.0363;29.7155;27.3993;-256.269;-256.661;-256.888;-256.935;-255.972;6.464;None;200;30;13:12:58.300
1841;30.0363;29.7155;27.3915;-256.277;-256.661;-256.88;-256.935;-255.972;6.464;None;200;30;13:12:58.801
1842;30.0363;29.7155;27.3993;-256.269;-256.661;-256.888;-256.935;-255.98;6.464;None;200;30;13:12:59.301
1843;30.0363;29.7233;27.3993;-256.269;-256.661;-256.888;-256.935;-255.972;6.464;None;200;30;13:12:59.801
1844;30.0324;29.7233;27.4071;-256.269;-256.661;-256.888;-256.935;-255.98;6.464;None;200;30;13:13:00.301
1845;30.0363;29.7077;27.4071;-256.269;-256.668;-256.88;-256.935;-255.972;6.464;None;200;30;13:13:00.801
1846;30.0285;29.7155;27.3993;-256.269;-256.668;-256.888;-256.935;-255.98;6.464;None;200;30;13:13:01.301
1847;30.0324;29.7155;27.4071;-256.269;-256.668;-256.88;-256.935;-255.972;6.464;None;200;30;13:13:01.801
1848;30.0285;29.7077;27.415;-256.277;-256.668;-256.888;-256.927;-255.98;6.464;None;200;30;13:13:02.302
1849;30.0324;29.7155;27.4228;-256.269;-256.668;-256.888;-256.919;-255.98;6.464;None;200;30;13:13:02.801
1850;30.0285;29.7077;27.415;-256.277;-256.661;-256.888;-256.927;-255.972;6.464;None;200;30;13:13:03.302
1851;30.0246;29.7077;27.415;-256.277;-256.668;-256.888;-256.919;-255.98;6.464;None;200;30;13:13:03.802
1852;30.0246;29.7155;27.4228;-256.277;-256.661;-256.888;-256.935;-255.972;6.464;None;200;30;13:13:04.303
1853;30.0246;29.7155;27.415;-256.269;-256.668;-256.888;-256.927;-255.98;6.464;None;200;30;13:13:04.802
1854;30.0285;29.7233;27.4228;-256.277;-256.661;-256.888;-256.935;-255.972;6.464;None;200;30;13:13:05.302
1855;30.0168;29.7155;27.415;-256.269;-256.668;-256.88;-256.935;-255.972;6.464;None;200;30;13:13:05.802
1856;30.0246;29.7233;27.4228;-256.269;-256.668;-256.888;-256.935;-255.972;6.464;None;200;30;13:13:06.301
1857;30.0168;29.7155;27.4228;-256.269;-256.668;-256.888;-256.927;-255.972;6.464;None;200;30;13:13:06.803
1858;30.0168;29.7155;27.4228;-256.269;-256.676;-256.88;-256.927;-255.972;6.464;None;200;30;13:13:07.302
1859;30.0168;29.7155;27.4071;-256.269;-256.668;-256.888;-256.927;-255.972;6.464;None;200;30;13:13:07.802
1860;30.009;29.7155;27.4228;-256.269;-256.661;-256.88;-256.927;-255.972;6.464;None;200;30;13:13:08.301
1861;30.0168;29.7155;27.415;-256.277;-256.668;-256.888;-256.919;-255.972;6.464;None;200;30;13:13:08.802
1862;30.0011;29.7077;27.415;-256.277;-256.668;-256.888;-256.919;-255.98;6.464;None;200;30;13:13:09.302
1863;30.009;29.7155;27.4228;-256.269;-256.668;-256.888;-256.927;-255.972;6.464;None;200;30;13:13:09.801
1864;30.0011;29.6999;27.415;-256.277;-256.668;-256.888;-256.919;-255.98;6.464;None;200;30;13:13:10.302
1865;30.0011;29.7155;27.415;-256.277;-256.668;-256.88;-256.927;-255.98;6.464;None;200;30;13:13:10.803
1866;29.9933;29.7155;27.4306;-256.277;-256.661;-256.888;-256.919;-255.98;6.464;None;200;30;13:13:11.302
1867;29.9777;29.692;27.4228;-256.262;-256.661;-256.895;-256.915;-255.972;6.464;82;200;30;13:13:11.802
1868;29.9777;29.7077;27.4228;-256.269;-256.661;-256.888;-256.919;-255.98;6.464;276;200;30;13:13:12.302
1869;29.9777;29.7077;27.4306;-256.269;-256.661;-256.888;-256.919;-255.972;6.464;276;200;30;13:13:12.803
1870;29.9855;29.7077;27.4228;-256.269;-256.661;-256.888;-256.915;-255.98;6.464;276;200;30;13:13:13.302
1871;29.962;29.6999;27.4384;-256.269;-256.653;-256.895;-256.919;-255.972;6.464;179;200;30;13:13:13.803
1872;29.962;29.6999;27.4384;-256.269;-256.661;-256.888;-256.919;-255.972;6.464;470;200;30;13:13:14.302
1873;29.962;29.6999;27.4463;-256.262;-256.668;-256.895;-256.915;-255.98;6.464;470;200;30;13:13:14.802
1874;29.9542;29.692;27.4463;-256.269;-256.661;-256.895;-256.919;-255.98;6.464;470;200;30;13:13:15.303
1875;29.9542;29.6999;27.4463;-256.269;-256.661;-256.888;-256.927;-255.972;6.464;567;200;30;13:13:15.803
1876;29.9542;29.6999;27.4384;-256.262;-256.668;-256.895;-256.919;-255.98;6.464;567;200;30;13:13:16.303
1877;29.962;29.7077;27.4463;-256.269;-256.661;-256.888;-256.927;-255.972;6.464;567;200;30;13:13:16.802
1878;29.9698;29.7077;27.4463;-256.262;-256.661;-256.888;-256.927;-255.98;6.464;470;200;30;13:13:17.303
1879;29.962;29.7077;27.4463;-256.269;-256.661;-256.895;-256.919;-255.972;6.464;373;200;30;13:13:17.803
1880;29.9698;29.6999;27.4384;-256.262;-256.661;-256.895;-256.919;-255.972;6.464;470;200;30;13:13:18.303
1881;29.9777;29.7077;27.4541;-256.269;-256.661;-256.888;-256.919;-255.972;6.464;373;200;30;13:13:18.804
1882;29.9855;29.7155;27.4463;-256.269;-256.661;-256.895;-256.927;-255.98;6.464;276;200;30;13:13:19.303
1883;29.9855;29.7077;27.4541;-256.262;-256.653;-256.88;-256.915;-255.972;6.464;179;200;30;13:13:19.803
1884;29.9933;29.7233;27.4541;-256.262;-256.661;-256.888;-256.927;-255.98;6.464;179;200;30;13:13:20.303
1885;30.0011;29.7233;27.4463;-256.269;-256.661;-256.895;-256.927;-255.98;6.464;82;200;30;13:13:20.803
1886;30.0168;29.739;27.4463;-256.269;-256.668;-256.888;-256.919;-255.972;6.464;None;200;30;13:13:21.304
1887;30.0285;29.739;27.4463;-256.277;-256.668;-256.888;-256.927;-255.98;6.464;None;200;30;13:13:21.803
1888;30.0324;29.7468;27.4384;-256.269;-256.668;-256.888;-256.919;-255.972;6.464;None;200;30;13:13:22.304
1889;30.0363;29.7468;27.4306;-256.277;-256.668;-256.888;-256.919;-255.98;6.464;None;200;30;13:13:22.804
1890;30.0363;29.7468;27.4384;-256.269;-256.668;-256.888;-256.919;-255.98;6.464;None;200;30;13:13:23.304
1891;30.0363;29.7546;27.4384;-256.269;-256.668;-256.895;-256.919;-255.98;6.464;None;200;30;13:13:23.804
1892;30.0403;29.7546;27.4306;-256.262;-256.668;-256.888;-256.919;-255.972;6.464;None;200;30;13:13:24.303
1893;30.0363;29.7546;27.4384;-256.269;-256.668;-256.888;-256.927;-255.972;6.464;None;200;30;13:13:24.804
1894;30.0403;29.7546;27.4384;-256.269;-256.668;-256.888;-256.919;-255.98;6.464;None;200;30;13:13:25.303
1895;30.0403;29.7546;27.4306;-256.269;-256.668;-256.888;-256.919;-255.98;6.464;None;200;30;13:13:25.804
1896;30.0403;29.7703;27.4384;-256.269;-256.668;-256.888;-256.927;-255.98;6.464;None;200;30;13:13:26.304
1897;30.0403;29.7546;27.4384;-256.277;-256.676;-256.888;-256.919;-255.972;6.464;None;200;30;13:13:26.803
1898;30.0403;29.7625;27.4384;-256.277;-256.668;-256.895;-256.927;-255.972;6.464;None;200;30;13:13:27.304
1899;30.0442;29.7625;27.4384;-256.269;-256.668;-256.895;-256.915;-255.972;6.464;None;200;30;13:13:27.803
1900;30.0363;29.7625;27.4306;-256.277;-256.668;-256.895;-256.927;-255.972;6.464;None;200;30;13:13:28.303
1901;30.0442;29.7625;27.4306;-256.262;-256.668;-256.888;-256.919;-255.98;6.464;None;200;30;13:13:28.805
1902;30.0442;29.7703;27.4306;-256.277;-256.676;-256.895;-256.919;-255.972;6.464;None;200;30;13:13:29.304
1903;30.0442;29.7625;27.4228;-256.269;-256.668;-256.895;-256.919;-255.972;6.464;None;200;30;13:13:29.804
1904;30.0403;29.7703;27.4228;-256.269;-256.676;-256.888;-256.927;-255.972;6.464;None;200;30;13:13:30.303
1905;30.0403;29.7625;27.4306;-256.269;-256.668;-256.895;-256.919;-255.972;6.464;None;200;30;13:13:30.804
1906;30.0403;29.7625;27.4228;-256.277;-256.676;-256.895;-256.931;-255.972;6.464;None;200;30;13:13:31.304
1907;30.0403;29.7703;27.4306;-256.269;-256.676;-256.888;-256.919;-255.98;6.464;None;200;30;13:13:31.804
1908;30.0403;29.7546;27.4306;-256.277;-256.668;-256.888;-256.927;-255.98;6.464;None;200;30;13:13:32.304
1909;30.0363;29.7625;27.4306;-256.269;-256.668;-256.888;-256.927;-255.972;6.464;None;200;30;13:13:32.804
1910;30.0363;29.7625;27.4306;-256.269;-256.676;-256.888;-256.927;-255.98;6.464;None;200;30;13:13:33.304
1911;30.0403;29.7546;27.4228;-256.277;-256.668;-256.888;-256.927;-255.98;6.464;None;200;30;13:13:33.805
1912;30.0363;29.7546;27.4228;-256.277;-256.668;-256.895;-256.927;-255.98;6.464;None;200;30;13:13:34.306
1913;30.0324;29.7625;27.4306;-256.269;-256.676;-256.895;-256.919;-255.98;6.464;None;200;30;13:13:34.803
1914;30.0363;29.7703;27.4306;-256.269;-256.668;-256.888;-256.927;-255.98;6.464;None;200;30;13:13:35.304
1915;30.0363;29.7625;27.4306;-256.277;-256.676;-256.888;-256.919;-255.988;6.464;None;200;30;13:13:35.804
1916;30.0363;29.7703;27.4228;-256.269;-256.668;-256.888;-256.919;-255.98;6.464;None;200;30;13:13:36.304
1917;30.0324;29.7625;27.4384;-256.269;-256.676;-256.88;-256.919;-255.98;6.464;None;200;30;13:13:36.807
1918;30.0324;29.7625;27.4228;-256.277;-256.668;-256.88;-256.927;-255.972;6.464;None;200;30;13:13:37.305
1919;30.0324;29.7625;27.4306;-256.277;-256.668;-256.88;-256.919;-255.988;6.464;None;200;30;13:13:37.805
1920;30.0324;29.7625;27.4306;-256.277;-256.676;-256.888;-256.927;-255.972;6.464;None;200;30;13:13:38.305
1921;30.0285;29.7703;27.4228;-256.269;-256.668;-256.88;-256.919;-255.972;6.464;None;200;30;13:13:38.805
1922;30.0285;29.7625;27.4306;-256.277;-256.668;-256.888;-256.927;-255.98;6.464;None;200;30;13:13:39.305
1923;30.0324;29.7703;27.4228;-256.277;-256.676;-256.888;-256.919;-255.972;6.464;None;200;30;13:13:39.805
1924;30.0324;29.7625;27.4306;-256.269;-256.668;-256.888;-256.919;-255.972;6.464;None;200;30;13:13:40.305
1925;30.0246;29.7625;27.4306;-256.269;-256.676;-256.88;-256.919;-255.98;6.464;None;200;30;13:13:40.805
1926;30.0285;29.7546;27.4306;-256.277;-256.668;-256.888;-256.927;-255.964;6.464;None;200;30;13:13:41.305
1927;30.0246;29.7625;27.4228;-256.269;-256.676;-256.88;-256.927;-255.98;6.464;None;200;30;13:13:41.805
1928;30.0285;29.7625;27.4306;-256.277;-256.668;-256.88;-256.935;-255.972;6.464;None;200;30;13:13:42.305
1929;30.0285;29.7625;27.4228;-256.277;-256.676;-256.88;-256.927;-255.972;6.464;None;200;30;13:13:42.805
1930;30.0246;29.7781;27.4228;-256.269;-256.676;-256.88;-256.935;-255.972;6.464;None;200;30;13:13:43.305
1931;30.0246;29.7625;27.4228;-256.277;-256.676;-256.88;-256.927;-255.972;6.464;None;200;30;13:13:43.804
1932;30.0246;29.7703;27.4228;-256.269;-256.676;-256.88;-256.927;-255.964;6.464;None;200;30;13:13:44.305
1933;30.0246;29.7703;27.4228;-256.277;-256.676;-256.88;-256.935;-255.972;6.464;None;200;30;13:13:44.806
1934;30.0168;29.7703;27.4228;-256.269;-256.676;-256.88;-256.927;-255.972;6.464;None;200;30;13:13:45.306
1935;30.009;29.7703;27.4228;-256.269;-256.668;-256.88;-256.927;-255.972;6.464;None;200;30;13:13:45.805
1936;30.0168;29.7625;27.415;-256.277;-256.676;-256.888;-256.927;-255.972;6.464;None;200;30;13:13:46.306
1937;30.009;29.7625;27.4228;-256.269;-256.668;-256.88;-256.935;-255.972;6.464;None;200;30;13:13:46.805
1938;30.0168;29.7625;27.4228;-256.277;-256.668;-256.88;-256.927;-255.964;6.464;None;200;30;13:13:47.305
1939;30.009;29.7625;27.4384;-256.269;-256.668;-256.88;-256.919;-255.972;6.464;None;200;30;13:13:47.806
1940;30.009;29.7625;27.4228;-256.277;-256.676;-256.88;-256.919;-255.972;6.464;None;200;30;13:13:48.305
1941;30.009;29.7625;27.4228;-256.277;-256.668;-256.88;-256.927;-255.972;6.464;None;200;30;13:13:48.806
1942;30.009;29.7625;27.4384;-256.269;-256.668;-256.88;-256.927;-255.972;6.464;None;200;30;13:13:49.307
1943;30.0011;29.7546;27.4306;-256.277;-256.668;-256.88;-256.927;-255.972;6.464;None;200;30;13:13:49.806
1944;30.0011;29.7546;27.4306;-256.277;-256.676;-256.88;-256.927;-255.972;6.464;None;200;30;13:13:50.305
1945;30.0011;29.7625;27.4228;-256.269;-256.668;-256.872;-256.935;-255.964;6.464;None;200;30;13:13:50.806
1946;30.009;29.7546;27.4306;-256.269;-256.676;-256.88;-256.927;-255.972;6.464;None;200;30;13:13:51.306
1947;29.9933;29.7625;27.4306;-256.277;-256.668;-256.88;-256.935;-255.972;6.464;None;200;30;13:13:51.806
1948;29.9777;29.7468;27.4384;-256.269;-256.668;-256.88;-256.927;-255.972;6.464;82;200;30;13:13:52.307
1949;29.9698;29.7468;27.4384;-256.269;-256.668;-256.88;-256.919;-255.972;6.464;276;200;30;13:13:52.807
1950;29.962;29.7468;27.4384;-256.269;-256.668;-256.88;-256.919;-255.972;6.464;373;200;30;13:13:53.306
1951;29.9542;29.739;27.4463;-256.262;-256.668;-256.888;-256.919;-255.972;6.464;470;200;30;13:13:53.807
1952;29.9542;29.7468;27.4384;-256.269;-256.668;-256.88;-256.915;-255.972;6.464;567;200;30;13:13:54.306
1953;29.9542;29.7546;27.4463;-256.269;-256.668;-256.88;-256.919;-255.972;6.464;567;200;30;13:13:54.806
1954;29.9542;29.7468;27.4384;-256.269;-256.676;-256.895;-256.915;-255.98;6.464;567;200;30;13:13:55.307
1955;29.962;29.7468;27.4384;-256.262;-256.661;-256.88;-256.915;-255.972;6.464;567;200;30;13:13:55.806
1956;29.9542;29.7468;27.4384;-256.262;-256.668;-256.88;-256.919;-255.98;6.464;470;200;30;13:13:56.307
1957;29.962;29.7468;27.4384;-256.269;-256.668;-256.88;-256.919;-255.972;6.464;567;200;30;13:13:56.806
1958;29.962;29.7625;27.4384;-256.262;-256.668;-256.88;-256.915;-255.98;6.464;470;200;30;13:13:57.307
1959;29.9698;29.7625;27.4384;-256.269;-256.668;-256.88;-256.915;-255.972;6.464;470;200;30;13:13:57.807
1960;29.9698;29.7703;27.4384;-256.262;-256.668;-256.88;-256.915;-255.972;6.464;373;200;30;13:13:58.307
1961;29.9777;29.7625;27.4384;-256.269;-256.668;-256.88;-256.927;-255.98;6.464;373;200;30;13:13:58.807
1962;29.9933;29.7781;27.4463;-256.269;-256.668;-256.888;-256.919;-255.972;6.464;276;200;30;13:13:59.307
1963;30.009;29.7781;27.4306;-256.269;-256.668;-256.88;-256.931;-255.972;6.464;82;200;30;13:13:59.806
1964;30.0129;29.7859;27.4306;-256.269;-256.661;-256.88;-256.915;-255.972;6.464;None;200;30;13:14:00.307
1965;30.0285;29.7938;27.4306;-256.277;-256.676;-256.88;-256.927;-255.972;6.464;None;200;30;13:14:00.808
1966;30.0285;29.8016;27.4306;-256.262;-256.668;-256.888;-256.927;-255.972;6.464;None;200;30;13:14:01.307
1967;30.0363;29.8016;27.4306;-256.269;-256.676;-256.88;-256.919;-255.972;6.464;None;200;30;13:14:01.807
1968;30.0324;29.8016;27.4306;-256.269;-256.668;-256.88;-256.927;-255.972;6.464;None;200;30;13:14:02.308
1969;30.0363;29.8094;27.4228;-256.277;-256.676;-256.888;-256.927;-255.972;6.464;None;200;30;13:14:02.807
1970;30.0403;29.8094;27.4228;-256.269;-256.668;-256.88;-256.919;-255.972;6.464;None;200;30;13:14:03.307
1971;30.0442;29.8172;27.4228;-256.269;-256.676;-256.888;-256.927;-255.972;6.464;None;200;30;13:14:03.807
1972;30.0442;29.8094;27.4228;-256.277;-256.676;-256.88;-256.927;-255.964;6.464;None;200;30;13:14:04.306
1973;30.0403;29.8094;27.4228;-256.269;-256.668;-256.872;-256.927;-255.964;6.464;None;200;30;13:14:04.807
1974;30.0442;29.8172;27.4228;-256.269;-256.668;-256.88;-256.919;-255.972;6.464;None;200;30;13:14:05.307
1975;30.0442;29.8251;27.4306;-256.269;-256.676;-256.888;-256.935;-255.972;6.464;None;200;30;13:14:05.807
1976;30.0442;29.8251;27.4306;-256.277;-256.668;-256.88;-256.935;-255.972;6.464;None;200;30;13:14:06.306
1977;30.0442;29.8172;27.4306;-256.269;-256.676;-256.88;-256.935;-255.98;6.464;None;200;30;13:14:06.806
1978;30.0403;29.8251;27.4228;-256.277;-256.668;-256.88;-256.935;-255.972;6.464;None;200;30;13:14:07.306
1979;30.0442;29.8251;27.4228;-256.269;-256.668;-256.88;-256.935;-255.98;6.464;None;200;30;13:14:07.806
1980;30.0442;29.8172;27.4228;-256.277;-256.676;-256.888;-256.935;-255.972;6.464;None;200;30;13:14:08.307
1981;30.0442;29.8251;27.4306;-256.277;-256.676;-256.88;-256.935;-255.964;6.464;None;200;30;13:14:08.806
1982;30.0442;29.8329;27.4306;-256.269;-256.676;-256.888;-256.935;-255.972;6.464;None;200;30;13:14:09.307
1983;30.0442;29.8251;27.4228;-256.269;-256.668;-256.88;-256.927;-255.98;6.464;None;200;30;13:14:09.806
1984;30.0442;29.8172;27.4228;-256.269;-256.676;-256.88;-256.927;-255.972;6.464;None;200;30;13:14:10.306
1985;30.0442;29.8172;27.4228;-256.269;-256.668;-256.888;-256.927;-255.972;6.464;None;200;30;13:14:10.806
1986;30.052;29.8251;27.4228;-256.277;-256.668;-256.88;-256.927;-255.98;6.464;None;200;30;13:14:11.308
1987;30.0442;29.8251;27.4228;-256.277;-256.668;-256.888;-256.927;-255.988;6.464;None;200;30;13:14:11.807
1988;30.052;29.8172;27.4228;-256.277;-256.668;-256.88;-256.927;-255.98;6.464;None;200;30;13:14:12.307
1989;30.052;29.8251;27.4228;-256.269;-256.668;-256.88;-256.919;-255.98;6.464;None;200;30;13:14:12.807
1990;30.052;29.8251;27.4306;-256.277;-256.668;-256.88;-256.927;-255.972;6.464;None;200;30;13:14:13.307
1991;30.052;29.8251;27.4228;-256.269;-256.668;-256.888;-256.919;-255.98;6.464;None;200;30;13:14:13.808
1992;30.0442;29.8251;27.4228;-256.269;-256.676;-256.88;-256.935;-255.98;6.464;None;200;30;13:14:14.308
1993;30.052;29.8251;27.4306;-256.269;-256.668;-256.888;-256.919;-255.98;6.464;None;200;30;13:14:14.808
1994;30.0442;29.8251;27.415;-256.277;-256.676;-256.88;-256.927;-255.972;6.464;None;200;30;13:14:15.308
1995;30.052;29.8251;27.4228;-256.277;-256.668;-256.88;-256.927;-255.98;6.464;None;200;30;13:14:15.809
1996;30.052;29.8251;27.4306;-256.269;-256.668;-256.88;-256.927;-255.972;6.464;None;200;30;13:14:16.308
1997;30.0442;29.8251;27.4228;-256.277;-256.676;-256.888;-256.919;-255.972;6.464;None;200;30;13:14:16.808
1998;30.0403;29.8329;27.4228;-256.269;-256.668;-256.88;-256.927;-255.964;6.464;None;200;30;13:14:17.309
1999;30.0442;29.8251;27.4306;-256.277;-256.668;-256.888;-256.919;-255.98;6.464;None;200;30;13:14:17.809
2000;30.0363;29.8251;27.4228;-256.277;-256.676;-256.88;-256.927;-255.98;6.464;None;200;30;13:14:18.308
2001;30.0442;29.8251;27.415;-256.277;-256.668;-256.888;-256.927;-255.972;6.464;None;200;30;13:14:18.810
2002;30.0403;29.8329;27.415;-256.269;-256.676;-256.888;-256.927;-255.98;6.464;None;200;30;13:14:19.307
2003;30.0442;29.8329;27.415;-256.277;-256.668;-256.88;-256.927;-255.98;6.464;None;200;30;13:14:19.808
2004;30.0442;29.8251;27.415;-256.277;-256.676;-256.88;-256.927;-255.98;6.464;None;200;30;13:14:20.309
2005;30.0442;29.8251;27.415;-256.277;-256.668;-256.88;-256.935;-255.98;6.464;None;200;30;13:14:20.807
2006;30.0403;29.8251;27.4228;-256.269;-256.676;-256.88;-256.935;-255.98;6.464;None;200;30;13:14:21.309
2007;30.0403;29.8172;27.415;-256.277;-256.668;-256.88;-256.935;-255.972;6.464;None;200;30;13:14:21.808
2008;30.0442;29.8251;27.415;-256.277;-256.668;-256.888;-256.927;-255.98;6.464;None;200;30;13:14:22.309
2009;30.0403;29.8251;27.415;-256.269;-256.676;-256.88;-256.927;-255.98;6.464;None;200;30;13:14:22.808
2010;30.0363;29.8172;27.415;-256.277;-256.668;-256.888;-256.935;-255.972;6.464;None;200;30;13:14:23.309
2011;30.0403;29.8251;27.4071;-256.269;-256.668;-256.888;-256.927;-255.98;6.464;None;200;30;13:14:23.810
2012;30.0363;29.8251;27.415;-256.269;-256.668;-256.88;-256.927;-255.972;6.464;None;200;30;13:14:24.309
2013;30.0403;29.8251;27.4071;-256.277;-256.661;-256.88;-256.927;-255.98;6.464;None;200;30;13:14:24.809
2014;30.0324;29.8251;27.415;-256.269;-256.668;-256.888;-256.919;-255.98;6.464;None;200;30;13:14:25.309
2015;30.0363;29.8329;27.415;-256.277;-256.661;-256.888;-256.927;-255.98;6.464;None;200;30;13:14:25.810
2016;30.0324;29.8251;27.4228;-256.269;-256.676;-256.88;-256.927;-255.972;6.464;None;200;30;13:14:26.309
2017;30.0324;29.8172;27.415;-256.277;-256.668;-256.888;-256.927;-255.98;6.464;None;200;30;13:14:26.809
2018;30.0324;29.8251;27.415;-256.269;-256.668;-256.88;-256.927;-255.972;6.464;None;200;30;13:14:27.310
2019;30.0285;29.8251;27.4228;-256.277;-256.668;-256.888;-256.935;-255.972;6.464;None;200;30;13:14:27.810
2020;30.0285;29.8251;27.415;-256.269;-256.676;-256.88;-256.927;-255.98;6.464;None;200;30;13:14:28.309
2021;30.0285;29.8172;27.4228;-256.277;-256.676;-256.888;-256.927;-255.98;6.464;None;200;30;13:14:28.809
2022;30.0246;29.8172;27.415;-256.269;-256.668;-256.88;-256.919;-255.98;6.464;None;200;30;13:14:29.309
2023;30.0246;29.8172;27.4228;-256.277;-256.668;-256.88;-256.927;-255.972;6.464;None;200;30;13:14:29.809
2024;30.0246;29.8251;27.4228;-256.269;-256.668;-256.88;-256.927;-255.972;6.464;None;200;30;13:14:30.310
2025;30.0168;29.8172;27.415;-256.269;-256.668;-256.872;-256.935;-255.972;6.464;None;200;30;13:14:30.810
2026;30.0168;29.8172;27.415;-256.269;-256.661;-256.88;-256.927;-255.972;6.464;None;200;30;13:14:31.311
2027;30.0168;29.8094;27.4228;-256.277;-256.668;-256.888;-256.927;-255.972;6.464;None;200;30;13:14:31.810
2028;30.0168;29.8094;27.415;-256.269;-256.661;-256.88;-256.935;-255.972;6.464;None;200;30;13:14:32.310
2029;30.009;29.8172;27.415;-256.262;-256.668;-256.888;-256.927;-255.98;6.464;None;200;30;13:14:32.810
2030;30.0168;29.8094;27.415;-256.277;-256.661;-256.88;-256.927;-255.972;6.464;None;200;30;13:14:33.311
2031;30.0168;29.8094;27.415;-256.269;-256.668;-256.888;-256.927;-255.98;6.464;None;200;30;13:14:33.810
2032;30.009;29.8094;27.4071;-256.262;-256.668;-256.88;-256.927;-255.98;6.464;None;200;30;13:14:34.311
2033;30.009;29.8094;27.4071;-256.277;-256.668;-256.88;-256.927;-255.972;6.464;None;200;30;13:14:34.810
2034;30.0011;29.7938;27.415;-256.277;-256.668;-256.88;-256.927;-255.98;6.464;None;200;30;13:14:35.309
2035;30.0011;29.7938;27.415;-256.269;-256.661;-256.888;-256.935;-255.972;6.464;None;200;30;13:14:35.810
2036;30.0011;29.8016;27.415;-256.269;-256.668;-256.888;-256.935;-255.98;6.464;None;200;30;13:14:36.311
2037;30.0011;29.7938;27.415;-256.277;-256.661;-256.88;-256.927;-255.98;6.464;None;200;30;13:14:36.811
2038;30.0011;29.7938;27.4071;-256.269;-256.668;-256.888;-256.935;-255.98;6.464;None;200;30;13:14:37.311
2039;29.9933;29.8016;27.4071;-256.277;-256.668;-256.88;-256.927;-255.972;6.464;None;200;30;13:14:37.812
2040;29.9698;29.7859;27.4228;-256.269;-256.661;-256.88;-256.927;-255.98;6.464;82;200;30;13:14:38.310
2041;29.9698;29.7859;27.415;-256.269;-256.668;-256.88;-256.927;-255.972;6.464;373;200;30;13:14:38.810
2042;29.962;29.7781;27.4228;-256.262;-256.661;-256.88;-256.935;-255.972;6.464;373;200;30;13:14:39.311
2043;29.962;29.7859;27.415;-256.262;-256.668;-256.888;-256.919;-255.98;6.464;470;200;30;13:14:39.811
2044;29.962;29.7781;27.4228;-256.262;-256.668;-256.88;-256.927;-255.972;6.464;470;200;30;13:14:40.312
2045;29.9698;29.7859;27.415;-256.262;-256.661;-256.888;-256.919;-255.98;6.464;470;200;30;13:14:40.811
2046;29.9698;29.7781;27.4228;-256.269;-256.668;-256.88;-256.919;-255.972;6.464;373;200;30;13:14:41.310
2047;29.9698;29.7859;27.4228;-256.262;-256.661;-256.88;-256.919;-255.98;6.464;373;200;30;13:14:41.810
2048;29.9698;29.7938;27.415;-256.262;-256.668;-256.88;-256.935;-255.972;6.464;373;200;30;13:14:42.311
2049;29.9698;29.7938;27.4228;-256.262;-256.661;-256.888;-256.919;-255.98;6.464;373;200;30;13:14:42.811
2050;29.9698;29.7938;27.4228;-256.254;-256.661;-256.88;-256.919;-255.972;6.464;373;200;30;13:14:43.311
2051;29.9855;29.8016;27.415;-256.262;-256.668;-256.88;-256.927;-255.972;6.464;373;200;30;13:14:43.811
2052;29.9933;29.8094;27.415;-256.262;-256.668;-256.888;-256.927;-255.98;6.464;179;200;30;13:14:44.311
2053;30.009;29.8172;27.4071;-256.262;-256.668;-256.88;-256.919;-255.98;6.464;82;200;30;13:14:44.811
2054;30.0168;29.8172;27.415;-256.262;-256.661;-256.88;-256.927;-255.972;6.464;None;200;30;13:14:45.311
2055;30.0168;29.8251;27.4071;-256.269;-256.676;-256.88;-256.927;-255.972;6.464;None;200;30;13:14:45.811
2056;30.0285;29.8329;27.3993;-256.262;-256.661;-256.88;-256.927;-255.98;6.464;None;200;30;13:14:46.311
2057;30.0324;29.8251;27.4071;-256.269;-256.668;-256.88;-256.935;-255.98;6.464;None;200;30;13:14:46.811
2058;30.0324;29.8251;27.4071;-256.262;-256.668;-256.88;-256.927;-255.98;6.464;None;200;30;13:14:47.311
2059;30.0363;29.8407;27.4071;-256.269;-256.668;-256.88;-256.935;-255.972;6.464;None;200;30;13:14:47.812
2060;30.0403;29.8329;27.4071;-256.262;-256.668;-256.88;-256.919;-255.98;6.464;None;200;30;13:14:48.312
2061;30.0363;29.8407;27.4071;-256.269;-256.661;-256.88;-256.927;-255.98;6.464;None;200;30;13:14:48.812
2062;30.0403;29.8329;27.415;-256.269;-256.668;-256.88;-256.935;-255.98;6.464;None;200;30;13:14:49.313
2063;30.0442;29.8407;27.4071;-256.262;-256.668;-256.88;-256.927;-255.972;6.464;None;200;30;13:14:49.811
2064;30.0403;29.8329;27.415;-256.262;-256.661;-256.888;-256.927;-255.98;6.464;None;200;30;13:14:50.312
2065;30.0442;29.8329;27.4071;-256.262;-256.668;-256.88;-256.927;-255.98;6.464;None;200;30;13:14:50.812
2066;30.0403;29.8407;27.415;-256.262;-256.668;-256.88;-256.927;-255.98;6.464;None;200;30;13:14:51.312
2067;30.0403;29.8407;27.4071;-256.262;-256.668;-256.888;-256.919;-255.98;6.464;None;200;30;13:14:51.812
2068;30.0403;29.8407;27.415;-256.269;-256.668;-256.88;-256.919;-255.98;6.464;None;200;30;13:14:52.311
2069;30.0442;29.8407;27.415;-256.262;-256.668;-256.88;-256.919;-255.98;6.464;None;200;30;13:14:52.812
2070;30.0403;29.8407;27.415;-256.262;-256.668;-256.88;-256.927;-255.972;6.464;None;200;30;13:14:53.312
2071;30.0403;29.8485;27.415;-256.262;-256.668;-256.88;-256.927;-255.972;6.464;None;200;30;13:14:53.812
2072;30.0403;29.8407;27.4228;-256.269;-256.676;-256.88;-256.923;-255.98;6.464;None;200;30;13:14:54.312
2073;30.0442;29.8407;27.415;-256.262;-256.668;-256.88;-256.919;-255.98;6.464;None;200;30;13:14:54.813
2074;30.0403;29.8485;27.4228;-256.269;-256.668;-256.88;-256.927;-255.98;6.464;None;200;30;13:14:55.312
2075;30.0363;29.8407;27.4306;-256.262;-256.668;-256.88;-256.927;-255.964;6.464;None;200;30;13:14:55.811
2076;30.0403;29.8407;27.415;-256.262;-256.661;-256.88;-256.935;-255.972;6.464;None;200;30;13:14:56.312
2077;30.0324;29.8407;27.415;-256.269;-256.676;-256.88;-256.927;-255.98;6.464;None;200;30;13:14:56.813
2078;30.0363;29.8485;27.4071;-256.262;-256.661;-256.872;-256.927;-255.98;6.464;None;200;30;13:14:57.313
2079;30.0363;29.8407;27.415;-256.269;-256.668;-256.872;-256.919;-255.972;6.464;None;200;30;13:14:57.813
2080;30.0363;29.8485;27.415;-256.269;-256.668;-256.872;-256.919;-255.98;6.464;None;200;30;13:14:58.313
2081;30.0324;29.8485;27.4071;-256.269;-256.668;-256.88;-256.927;-255.98;6.464;None;200;30;13:14:58.813
2082;30.0363;29.8485;27.415;-256.262;-256.668;-256.88;-256.919;-255.988;6.464;None;200;30;13:14:59.313
2083;30.0324;29.8485;27.415;-256.269;-256.668;-256.88;-256.927;-255.98;6.464;None;200;30;13:14:59.813
2084;30.0324;29.8407;27.415;-256.269;-256.668;-256.88;-256.919;-255.98;6.464;None;200;30;13:15:00.313
2085;30.0324;29.8407;27.415;-256.269;-256.676;-256.88;-256.927;-255.98;6.464;None;200;30;13:15:00.813
2086;30.0324;29.8329;27.415;-256.277;-256.668;-256.88;-256.935;-255.98;6.464;None;200;30;13:15:01.312
2087;30.0285;29.8485;27.4071;-256.269;-256.676;-256.872;-256.919;-255.988;6.464;None;200;30;13:15:01.814
2088;30.0324;29.8407;27.4071;-256.262;-256.668;-256.88;-256.919;-255.972;6.464;None;200;30;13:15:02.313
2089;30.0285;29.8407;27.4071;-256.269;-256.668;-256.88;-256.919;-255.98;6.464;None;200;30;13:15:02.812
2090;30.0246;29.8407;27.4071;-256.269;-256.668;-256.88;-256.919;-255.98;6.464;None;200;30;13:15:03.313
2091;30.0285;29.8407;27.3993;-256.262;-256.676;-256.88;-256.919;-255.98;6.464;None;200;30;13:15:03.813
2092;30.0246;29.8329;27.4071;-256.269;-256.668;-256.88;-256.915;-255.972;6.464;None;200;30;13:15:04.312
2093;30.0285;29.8407;27.4071;-256.262;-256.668;-256.88;-256.919;-255.98;6.464;None;200;30;13:15:04.813
2094;30.0168;29.8407;27.4071;-256.269;-256.676;-256.888;-256.927;-255.98;6.464;None;200;30;13:15:05.313
2095;30.0246;29.8407;27.4071;-256.262;-256.668;-256.88;-256.919;-255.972;6.464;None;200;30;13:15:05.812
2096;30.0168;29.8329;27.4071;-256.269;-256.668;-256.88;-256.919;-255.98;6.464;None;200;30;13:15:06.313
2097;30.0168;29.8407;27.4071;-256.262;-256.676;-256.88;-256.927;-255.98;6.464;None;200;30;13:15:06.814
2098;30.0246;29.8407;27.4071;-256.269;-256.676;-256.88;-256.919;-255.98;6.464;None;200;30;13:15:07.313
2099;30.0168;29.8329;27.4071;-256.262;-256.661;-256.88;-256.919;-255.972;6.464;None;200;30;13:15:07.813
2100;30.0168;29.8329;27.415;-256.269;-256.676;-256.88;-256.919;-255.988;6.464;None;200;30;13:15:08.313
2101;30.0168;29.8329;27.4071;-256.269;-256.668;-256.872;-256.927;-255.972;6.464;None;200;30;13:15:08.814
2102;30.009;29.8407;27.415;-256.262;-256.676;-256.88;-256.927;-255.98;6.464;None;200;30;13:15:09.314
2103;30.0168;29.8329;27.4071;-256.269;-256.668;-256.872;-256.919;-255.98;6.464;None;200;30;13:15:09.813
2104;30.0168;29.8251;27.415;-256.262;-256.668;-256.88;-256.935;-255.98;6.464;None;200;30;13:15:10.313
2105;30.009;29.8251;27.415;-256.269;-256.676;-256.88;-256.919;-255.98;6.464;None;200;30;13:15:10.813
2106;30.009;29.8251;27.415;-256.269;-256.668;-256.88;-256.935;-255.972;6.464;None;200;30;13:15:11.313
2107;30.0011;29.8251;27.4228;-256.262;-256.676;-256.88;-256.927;-255.964;6.464;None;200;30;13:15:11.814
2108;30.009;29.8172;27.415;-256.277;-256.668;-256.88;-256.935;-255.972;6.464;None;200;30;13:15:12.313
2109;30.0011;29.8251;27.4228;-256.269;-256.668;-256.872;-256.927;-255.964;6.464;None;200;30;13:15:12.814
2110;30.0011;29.8172;27.4228;-256.277;-256.676;-256.88;-256.927;-255.972;6.464;None;200;30;13:15:13.314
2111;30.0011;29.8172;27.4071;-256.269;-256.676;-256.888;-256.927;-255.972;6.464;None;200;30;13:15:13.814
2112;30.0011;29.8172;27.4071;-256.269;-256.668;-256.872;-256.927;-255.98;6.464;None;200;30;13:15:14.314
2113;29.9933;29.8172;27.3993;-256.269;-256.668;-256.88;-256.919;-255.972;6.464;None;200;30;13:15:14.814
2114;29.9698;29.8094;27.4071;-256.269;-256.668;-256.872;-256.919;-255.972;6.464;82;200;30;13:15:15.313
2115;29.9698;29.8094;27.415;-256.269;-256.661;-256.88;-256.919;-255.98;6.464;373;200;30;13:15:15.814
2116;29.962;29.8016;27.4228;-256.262;-256.668;-256.872;-256.927;-255.972;6.464;373;200;30;13:15:16.314
2117;29.962;29.8016;27.4228;-256.269;-256.668;-256.88;-256.927;-255.98;6.464;470;200;30;13:15:16.815
2118;29.9698;29.8016;27.4228;-256.262;-256.661;-256.88;-256.927;-255.972;6.464;470;200;30;13:15:17.314
2119;29.9542;29.8094;27.4228;-256.254;-256.668;-256.88;-256.935;-255.98;6.464;373;200;30;13:15:17.814
2120;29.962;29.8094;27.4228;-256.269;-256.668;-256.88;-256.927;-255.98;6.464;567;200;30;13:15:18.314
2121;29.962;29.8094;27.4228;-256.262;-256.668;-256.88;-256.927;-255.98;6.464;470;200;30;13:15:18.815
2122;29.9698;29.8172;27.4228;-256.262;-256.668;-256.88;-256.927;-255.98;6.464;470;200;30;13:15:19.315
2123;29.9698;29.8094;27.415;-256.269;-256.668;-256.88;-256.919;-255.972;6.464;373;200;30;13:15:19.814
2124;29.9698;29.8172;27.415;-256.262;-256.668;-256.88;-256.927;-255.98;6.464;373;200;30;13:15:20.314
2125;29.9777;29.8172;27.415;-256.262;-256.668;-256.872;-256.927;-255.98;6.464;373;200;30;13:15:20.814
2126;29.9933;29.8251;27.4228;-256.269;-256.661;-256.88;-256.919;-255.98;6.464;276;200;30;13:15:21.315
2127;29.9933;29.8251;27.415;-256.269;-256.668;-256.88;-256.919;-255.98;6.464;82;200;30;13:15:21.815
2128;30.0011;29.8407;27.4071;-256.262;-256.668;-256.88;-256.919;-255.98;6.464;82;200;30;13:15:22.315
2129;30.0168;29.8407;27.4071;-256.269;-256.668;-256.88;-256.927;-255.98;6.464;None;200;30;13:15:22.815
2130;30.0324;29.8485;27.3993;-256.277;-256.668;-256.88;-256.927;-255.988;6.464;None;200;30;13:15:23.314
2131;30.0324;29.8525;27.4071;-256.269;-256.668;-256.872;-256.927;-255.98;6.464;None;200;30;13:15:23.815
2132;30.0324;29.8485;27.4071;-256.277;-256.668;-256.88;-256.935;-255.98;6.464;None;200;30;13:15:24.315
2133;30.0363;29.8446;27.415;-256.277;-256.668;-256.88;-256.927;-255.98;6.464;None;200;30;13:15:24.815
2134;30.0363;29.8485;27.4071;-256.277;-256.668;-256.88;-256.927;-255.988;6.464;None;200;30;13:15:25.316
2135;30.0403;29.8485;27.4071;-256.277;-256.668;-256.888;-256.927;-255.98;6.464;None;200;30;13:15:25.815
2136;30.0403;29.8525;27.4071;-256.277;-256.676;-256.88;-256.927;-255.98;6.464;None;200;30;13:15:26.315
2137;30.0403;29.8564;27.415;-256.269;-256.668;-256.88;-256.935;-255.988;6.464;None;200;30;13:15:26.816
2138;30.0442;29.8525;27.415;-256.269;-256.668;-256.88;-256.927;-255.98;6.464;None;200;30;13:15:27.315
2139;30.0442;29.8525;27.4071;-256.277;-256.676;-256.88;-256.927;-255.988;6.464;None;200;30;13:15:27.816
2140;30.0442;29.8603;27.415;-256.277;-256.661;-256.88;-256.919;-255.98;6.464;None;200;30;13:15:28.316
2141;30.0442;29.8564;27.415;-256.277;-256.676;-256.88;-256.935;-255.988;6.464;None;200;30;13:15:28.815
2142;30.0442;29.8603;27.4071;-256.277;-256.668;-256.888;-256.919;-255.98;6.464;None;200;30;13:15:29.315
2143;30.0403;29.8603;27.4071;-256.285;-256.668;-256.88;-256.927;-255.98;6.464;None;200;30;13:15:29.816
2144;30.0442;29.8564;27.415;-256.277;-256.668;-256.88;-256.919;-255.98;6.464;None;200;30;13:15:30.316
2145;30.0403;29.8564;27.4071;-256.277;-256.661;-256.872;-256.927;-255.972;6.464;None;200;30;13:15:30.815
2146;30.0442;29.8564;27.4071;-256.277;-256.668;-256.888;-256.927;-255.972;6.464;None;200;30;13:15:31.317
2147;30.0442;29.8564;27.415;-256.285;-256.668;-256.88;-256.927;-255.98;6.464;None;200;30;13:15:31.815
2148;30.0442;29.8603;27.4071;-256.277;-256.668;-256.88;-256.919;-255.972;6.464;None;200;30;13:15:32.316
2149;30.0442;29.8603;27.4071;-256.269;-256.668;-256.88;-256.927;-255.972;6.464;None;200;30;13:15:32.815
2150;30.0403;29.8603;27.3993;-256.277;-256.668;-256.88;-256.919;-255.98;6.464;None;200;30;13:15:33.316
2151;30.0442;29.8525;27.4071;-256.269;-256.668;-256.88;-256.927;-255.98;6.464;None;200;30;13:15:33.817
2152;30.0403;29.8564;27.4071;-256.277;-256.668;-256.88;-256.927;-255.98;6.464;None;200;30;13:15:34.317
2153;30.0403;29.8603;27.4071;-256.269;-256.668;-256.88;-256.927;-255.98;6.464;None;200;30;13:15:34.815
2154;30.0403;29.8564;27.4071;-256.269;-256.668;-256.88;-256.935;-255.98;6.464;None;200;30;13:15:35.318
2155;30.0403;29.8603;27.4071;-256.269;-256.668;-256.88;-256.935;-255.972;6.464;None;200;30;13:15:35.816
2156;30.0403;29.8603;27.4071;-256.269;-256.668;-256.88;-256.927;-255.98;6.464;None;200;30;13:15:36.315
2157;30.0403;29.8564;27.4071;-256.277;-256.676;-256.88;-256.927;-255.98;6.464;None;200;30;13:15:36.816
2158;30.0363;29.8603;27.4071;-256.262;-256.668;-256.88;-256.919;-255.972;6.464;None;200;30;13:15:37.316
2159;30.0363;29.8603;27.4071;-256.277;-256.668;-256.88;-256.919;-255.98;6.464;None;200;30;13:15:37.815
2160;30.0363;29.8564;27.3993;-256.269;-256.668;-256.88;-256.919;-255.972;6.464;None;200;30;13:15:38.317
2161;30.0363;29.8603;27.4071;-256.269;-256.668;-256.88;-256.927;-255.98;6.464;None;200;30;13:15:38.815
2162;30.0403;29.8564;27.4071;-256.269;-256.676;-256.88;-256.927;-255.972;6.464;None;200;30;13:15:39.316
2163;30.0363;29.8564;27.4071;-256.262;-256.668;-256.88;-256.919;-255.972;6.464;None;200;30;13:15:39.816
2164;30.0363;29.8525;27.3993;-256.269;-256.668;-256.888;-256.927;-255.98;6.464;None;200;30;13:15:40.315
2165;30.0363;29.8564;27.4071;-256.269;-256.668;-256.88;-256.927;-255.972;6.464;None;200;30;13:15:40.816
2166;30.0363;29.8525;27.415;-256.277;-256.668;-256.872;-256.919;-255.988;6.464;None;200;30;13:15:41.315
2167;30.0324;29.8564;27.4071;-256.277;-256.668;-256.88;-256.927;-255.972;6.464;None;200;30;13:15:41.815
2168;30.0363;29.8525;27.4071;-256.269;-256.676;-256.88;-256.935;-255.98;6.464;None;200;30;13:15:42.316
2169;30.0363;29.8564;27.3993;-256.277;-256.676;-256.872;-256.927;-255.98;6.464;None;200;30;13:15:42.816
2170;30.0324;29.8525;27.4071;-256.285;-256.668;-256.872;-256.927;-255.98;6.464;None;200;30;13:15:43.315
2171;30.0285;29.8525;27.3993;-256.277;-256.676;-256.88;-256.935;-255.972;6.464;None;200;30;13:15:43.816
2172;30.0324;29.8485;27.4071;-256.269;-256.668;-256.88;-256.919;-255.98;6.464;None;200;30;13:15:44.316
2173;30.0324;29.8525;27.415;-256.269;-256.676;-256.88;-256.915;-255.972;6.464;None;200;30;13:15:44.817
2174;30.0285;29.8485;27.415;-256.269;-256.668;-256.872;-256.927;-255.98;6.464;None;200;30;13:15:45.317
2175;30.0285;29.8525;27.415;-256.269;-256.668;-256.88;-256.919;-255.972;6.464;None;200;30;13:15:45.815
2176;30.0285;29.8525;27.4228;-256.277;-256.668;-256.88;-256.927;-255.98;6.464;None;200;30;13:15:46.316
2177;30.0285;29.8485;27.415;-256.277;-256.676;-256.88;-256.927;-255.972;6.464;None;200;30;13:15:46.817
2178;30.0285;29.8446;27.415;-256.269;-256.668;-256.872;-256.919;-255.98;6.464;None;200;30;13:15:47.316
2179;30.0246;29.8407;27.415;-256.277;-256.676;-256.888;-256.927;-255.972;6.464;None;200;30;13:15:47.817
2180;30.0246;29.8485;27.4071;-256.269;-256.668;-256.88;-256.927;-255.972;6.464;None;200;30;13:15:48.317
2181;30.0246;29.8525;27.415;-256.262;-256.676;-256.88;-256.927;-255.98;6.464;None;200;30;13:15:48.816
2182;30.0246;29.8525;27.4228;-256.277;-256.668;-256.872;-256.927;-255.972;6.464;None;200;30;13:15:49.318
2183;30.0246;29.8485;27.4071;-256.269;-256.676;-256.88;-256.919;-255.972;6.464;None;200;30;13:15:49.816
2184;30.0168;29.8525;27.415;-256.269;-256.668;-256.88;-256.927;-255.972;6.464;None;200;30;13:15:50.315
2185;30.0168;29.8485;27.415;-256.269;-256.668;-256.88;-256.915;-255.98;6.464;None;200;30;13:15:50.816
2186;30.0168;29.8525;27.415;-256.269;-256.668;-256.872;-256.927;-255.972;6.464;None;200;30;13:15:51.318
2187;30.009;29.8485;27.415;-256.269;-256.668;-256.88;-256.919;-255.98;6.464;None;200;30;13:15:51.817
2188;30.009;29.8525;27.4228;-256.269;-256.668;-256.872;-256.931;-255.972;6.464;None;200;30;13:15:52.317
2189;30.009;29.8485;27.415;-256.269;-256.668;-256.88;-256.927;-255.972;6.464;None;200;30;13:15:52.818
2190;30.009;29.8407;27.415;-256.269;-256.668;-256.88;-256.919;-255.972;6.464;None;200;30;13:15:53.318
2191;30.009;29.8485;27.415;-256.269;-256.676;-256.88;-256.935;-255.972;6.464;None;200;30;13:15:53.818
2192;30.0011;29.8407;27.415;-256.269;-256.668;-256.88;-256.935;-255.98;6.464;None;200;30;13:15:54.318
2193;30.009;29.8407;27.415;-256.269;-256.668;-256.88;-256.927;-255.972;6.464;None;200;30;13:15:54.819
2194;30.0011;29.8407;27.4071;-256.269;-256.676;-256.88;-256.935;-255.98;6.464;None;200;30;13:15:55.318
2195;29.9933;29.8329;27.415;-256.277;-256.676;-256.88;-256.935;-255.98;6.464;None;200;30;13:15:55.817
2196;29.9777;29.8251;27.415;-256.262;-256.668;-256.88;-256.935;-255.98;6.464;82;200;30;13:15:56.317
2197;29.9855;29.8329;27.415;-256.262;-256.668;-256.88;-256.927;-255.972;6.464;276;200;30;13:15:56.819
2198;29.9777;29.8251;27.4228;-256.262;-256.661;-256.872;-256.919;-255.972;6.464;179;200;30;13:15:57.318
2199;29.9777;29.8251;27.415;-256.262;-256.676;-256.88;-256.919;-255.98;6.464;276;200;30;13:15:57.817
2200;29.9855;29.8251;27.415;-256.262;-256.668;-256.872;-256.919;-255.98;6.464;276;200;30;13:15:58.318
2201;29.9777;29.8329;27.4071;-256.262;-256.668;-256.88;-256.915;-255.98;6.464;179;200;30;13:15:58.817
2202;29.9855;29.8251;27.4071;-256.262;-256.668;-256.88;-256.919;-255.98;6.464;276;200;30;13:15:59.319
2203;29.9698;29.8251;27.415;-256.254;-256.668;-256.88;-256.919;-255.98;6.464;179;200;30;13:15:59.819
2204;29.9698;29.8251;27.415;-256.262;-256.668;-256.872;-256.915;-255.972;6.464;373;200;30;13:16:00.318
2205;29.9698;29.8251;27.4306;-256.262;-256.668;-256.88;-256.915;-255.98;6.464;373;200;30;13:16:00.818
2206;29.9698;29.8329;27.4228;-256.262;-256.668;-256.872;-256.915;-255.964;6.464;373;200;30;13:16:01.318
2207;29.9698;29.8329;27.415;-256.254;-256.668;-256.88;-256.919;-255.98;6.464;373;200;30;13:16:01.819
2208;29.9777;29.8329;27.4228;-256.262;-256.668;-256.872;-256.927;-255.98;6.464;373;200;30;13:16:02.319
2209;29.9855;29.8329;27.415;-256.254;-256.668;-256.88;-256.919;-255.972;6.464;276;200;30;13:16:02.818
2210;29.9855;29.8329;27.4228;-256.262;-256.661;-256.872;-256.919;-255.98;6.464;179;200;30;13:16:03.319
2211;29.9933;29.8329;27.415;-256.254;-256.661;-256.88;-256.927;-255.972;6.464;179;200;30;13:16:03.818
2212;30.0011;29.8251;27.4228;-256.262;-256.668;-256.872;-256.919;-255.98;6.464;82;200;30;13:16:04.319
2213;30.0168;29.8407;27.415;-256.269;-256.661;-256.88;-256.927;-255.972;6.464;None;200;30;13:16:04.819
2214;30.0246;29.8407;27.4071;-256.262;-256.661;-256.872;-256.919;-255.98;6.464;None;200;30;13:16:05.318
2215;30.0246;29.8485;27.415;-256.269;-256.668;-256.872;-256.927;-255.972;6.464;None;200;30;13:16:05.818
2216;30.0285;29.8485;27.3993;-256.262;-256.668;-256.88;-256.919;-255.98;6.464;None;200;30;13:16:06.319
2217;30.0285;29.8485;27.3993;-256.262;-256.661;-256.872;-256.927;-255.964;6.464;None;200;30;13:16:06.818
2218;30.0285;29.8407;27.4071;-256.277;-256.668;-256.88;-256.927;-255.972;6.464;None;200;30;13:16:07.319
2219;30.0285;29.8485;27.3993;-256.277;-256.668;-256.872;-256.919;-255.98;6.464;None;200;30;13:16:07.819
2220;30.0285;29.8407;27.3993;-256.277;-256.668;-256.88;-256.927;-255.972;6.464;None;200;30;13:16:08.319
2221;30.0246;29.8485;27.3993;-256.269;-256.668;-256.872;-256.927;-255.98;6.464;None;200;30;13:16:08.820
2222;30.0285;29.8525;27.4071;-256.277;-256.676;-256.88;-256.919;-255.972;6.464;None;200;30;13:16:09.318
2223;30.0324;29.8485;27.415;-256.277;-256.668;-256.872;-256.927;-255.98;6.464;None;200;30;13:16:09.819
2224;30.0285;29.8525;27.4071;-256.269;-256.668;-256.872;-256.935;-255.972;6.464;None;200;30;13:16:10.320
2225;30.0285;29.8525;27.4071;-256.277;-256.668;-256.872;-256.927;-255.98;6.464;None;200;30;13:16:10.820
2226;30.0285;29.8485;27.4071;-256.269;-256.668;-256.88;-256.927;-255.98;6.464;None;200;30;13:16:11.319
2227;30.0246;29.8485;27.3993;-256.269;-256.668;-256.872;-256.927;-255.972;6.464;None;200;30;13:16:11.820
2228;30.0324;29.8525;27.4071;-256.269;-256.668;-256.88;-256.927;-255.98;6.464;None;200;30;13:16:12.319
2229;30.0285;29.8485;27.4071;-256.269;-256.668;-256.872;-256.919;-255.98;6.464;None;200;30;13:16:12.820
2230;30.0285;29.8485;27.4071;-256.277;-256.676;-256.88;-256.935;-255.98;6.464;None;200;30;13:16:13.319
2231;30.0324;29.8525;27.4071;-256.277;-256.668;-256.872;-256.927;-255.972;6.464;None;200;30;13:16:13.820
2232;30.0285;29.8485;27.4071;-256.269;-256.668;-256.872;-256.927;-255.98;6.464;None;200;30;13:16:14.319
2233;30.0285;29.8485;27.4071;-256.277;-256.676;-256.88;-256.927;-255.98;6.464;None;200;30;13:16:14.819
2234;30.0324;29.8525;27.4071;-256.269;-256.668;-256.872;-256.919;-255.972;6.464;None;200;30;13:16:15.320
2235;30.0285;29.8525;27.4071;-256.269;-256.676;-256.872;-256.927;-255.98;6.464;None;200;30;13:16:15.819
2236;30.0324;29.8485;27.4071;-256.269;-256.668;-256.872;-256.919;-255.98;6.464;None;200;30;13:16:16.321
2237;30.0285;29.8485;27.4071;-256.277;-256.661;-256.872;-256.927;-255.988;6.464;None;200;30;13:16:16.819
2238;30.0246;29.8407;27.3993;-256.262;-256.676;-256.872;-256.919;-255.98;6.464;None;200;30;13:16:17.320
2239;30.0246;29.8407;27.3993;-256.269;-256.668;-256.864;-256.927;-255.98;6.464;None;200;30;13:16:17.819
2240;30.0285;29.8407;27.3993;-256.269;-256.668;-256.872;-256.927;-255.98;6.464;None;200;30;13:16:18.320
2241;30.0246;29.8485;27.3993;-256.269;-256.668;-256.872;-256.927;-255.98;6.464;None;200;30;13:16:18.821
2242;30.0285;29.8407;27.3915;-256.262;-256.668;-256.872;-256.927;-255.988;6.464;None;200;30;13:16:19.320
2243;30.0285;29.8407;27.4071;-256.269;-256.676;-256.872;-256.927;-255.98;6.464;None;200;30;13:16:19.820
2244;30.0246;29.8407;27.4071;-256.277;-256.661;-256.872;-256.927;-255.98;6.464;None;200;30;13:16:20.320
2245;30.0246;29.8407;27.3993;-256.269;-256.668;-256.872;-256.927;-255.98;6.464;None;200;30;13:16:20.820
2246;30.0168;29.8407;27.4071;-256.269;-256.668;-256.88;-256.927;-255.98;6.464;None;200;30;13:16:21.319
2247;30.0168;29.8329;27.4071;-256.277;-256.676;-256.872;-256.919;-255.98;6.464;None;200;30;13:16:21.820
2248;30.0168;29.8329;27.4071;-256.262;-256.668;-256.872;-256.927;-255.98;6.464;None;200;30;13:16:22.321
2249;30.0246;29.8329;27.4071;-256.269;-256.668;-256.872;-256.927;-255.98;6.464;None;200;30;13:16:22.820
2250;30.0168;29.8329;27.415;-256.269;-256.668;-256.88;-256.927;-255.988;6.464;None;200;30;13:16:23.320
2251;30.0168;29.8329;27.4228;-256.277;-256.668;-256.872;-256.927;-255.98;6.464;None;200;30;13:16:23.821
2252;30.0168;29.8251;27.415;-256.269;-256.668;-256.88;-256.927;-255.98;6.464;None;200;30;13:16:24.321
2253;30.0168;29.8329;27.4071;-256.269;-256.668;-256.872;-256.927;-255.98;6.464;None;200;30;13:16:24.820
2254;30.0011;29.8251;27.415;-256.269;-256.668;-256.88;-256.919;-255.98;6.464;None;200;30;13:16:25.321
2255;30.0168;29.8251;27.415;-256.269;-256.661;-256.872;-256.935;-255.98;6.464;None;200;30;13:16:25.821
2256;30.009;29.8329;27.4071;-256.269;-256.661;-256.864;-256.927;-255.98;6.464;None;200;30;13:16:26.321
2257;30.009;29.8251;27.415;-256.269;-256.668;-256.872;-256.935;-255.98;6.464;None;200;30;13:16:26.821
2258;30.0011;29.8251;27.415;-256.277;-256.661;-256.872;-256.927;-255.98;6.464;None;200;30;13:16:27.321
2259;30.009;29.8251;27.3993;-256.269;-256.668;-256.872;-256.927;-255.98;6.464;None;200;30;13:16:27.821
2260;30.0011;29.8407;27.3915;-256.277;-256.661;-256.872;-256.935;-255.98;6.464;None;200;30;13:16:28.322
2261;30.0011;29.8251;27.3993;-256.269;-256.668;-256.872;-256.927;-255.98;6.464;None;200;30;13:16:28.821
2262;30.0011;29.8329;27.3993;-256.269;-256.661;-256.872;-256.927;-255.98;6.464;None;200;30;13:16:29.321
2263;29.9933;29.8407;27.3915;-256.269;-256.668;-256.864;-256.927;-255.98;6.464;None;200;30;13:16:29.821
2264;29.9855;29.8329;27.4071;-256.269;-256.653;-256.872;-256.927;-255.98;6.464;82;200;30;13:16:30.321
2265;29.9698;29.8172;27.4071;-256.269;-256.661;-256.864;-256.927;-255.988;6.464;179;200;30;13:16:30.821
2266;29.9698;29.8251;27.4071;-256.262;-256.653;-256.864;-256.919;-255.98;6.464;373;200;30;13:16:31.321
2267;29.9698;29.8172;27.4071;-256.262;-256.653;-256.872;-256.927;-255.98;6.464;373;200;30;13:16:31.821
2268;29.9777;29.8172;27.4071;-256.262;-256.661;-256.872;-256.927;-255.988;6.464;373;200;30;13:16:32.321
2269;29.9777;29.8251;27.4071;-256.269;-256.661;-256.872;-256.927;-255.98;6.464;276;200;30;13:16:32.821
2270;29.9933;29.8172;27.4071;-256.262;-256.668;-256.872;-256.927;-255.988;6.464;276;200;30;13:16:33.322
2271;29.9855;29.8251;27.4071;-256.269;-256.661;-256.872;-256.919;-255.98;6.464;82;200;30;13:16:33.822
2272;29.9855;29.8251;27.4071;-256.262;-256.668;-256.864;-256.935;-255.988;6.464;179;200;30;13:16:34.321
2273;29.9855;29.8251;27.4071;-256.262;-256.668;-256.872;-256.927;-255.98;6.464;179;200;30;13:16:34.822
2274;29.9855;29.8329;27.415;-256.262;-256.668;-256.872;-256.919;-255.988;6.464;179;200;30;13:16:35.324
2275;29.9855;29.8251;27.4071;-256.269;-256.676;-256.864;-256.927;-255.988;6.464;179;200;30;13:16:35.821
2276;29.9777;29.8251;27.415;-256.262;-256.668;-256.872;-256.927;-255.988;6.464;179;200;30;13:16:36.322
2277;29.9855;29.8329;27.4071;-256.269;-256.661;-256.872;-256.927;-255.98;6.464;276;200;30;13:16:36.821
2278;29.9933;29.8329;27.3993;-256.262;-256.668;-256.864;-256.927;-255.98;6.464;179;200;30;13:16:37.321
2279;29.9933;29.8329;27.4071;-256.269;-256.668;-256.872;-256.919;-255.98;6.464;82;200;30;13:16:37.822
2280;30.0011;29.8407;27.4071;-256.269;-256.668;-256.864;-256.927;-255.98;6.464;82;200;30;13:16:38.322
2281;30.0168;29.8407;27.3993;-256.269;-256.676;-256.872;-256.931;-255.98;6.464;None;200;30;13:16:38.823
2282;30.0168;29.8485;27.3993;-256.269;-256.676;-256.872;-256.927;-255.98;6.464;None;200;30;13:16:39.323
2283;30.0168;29.8485;27.3993;-256.269;-256.676;-256.872;-256.927;-255.98;6.464;None;200;30;13:16:39.822
2284;30.0246;29.8485;27.3915;-256.277;-256.668;-256.88;-256.935;-255.98;6.464;None;200;30;13:16:40.322
2285;30.0285;29.8485;27.3915;-256.269;-256.668;-256.872;-256.927;-255.98;6.464;None;200;30;13:16:40.824
2286;30.0246;29.8485;27.3915;-256.269;-256.668;-256.864;-256.935;-255.98;6.464;None;200;30;13:16:41.322
2287;30.0285;29.8485;27.3915;-256.269;-256.661;-256.872;-256.935;-255.98;6.464;None;200;30;13:16:41.822
2288;30.0285;29.8485;27.3993;-256.269;-256.661;-256.864;-256.927;-255.988;6.464;None;200;30;13:16:42.323
2289;30.0324;29.8525;27.3993;-256.269;-256.668;-256.872;-256.927;-255.98;6.464;None;200;30;13:16:42.822
2290;30.0285;29.8525;27.3915;-256.269;-256.668;-256.872;-256.935;-255.988;6.464;None;200;30;13:16:43.322
2291;30.0285;29.8485;27.3993;-256.269;-256.668;-256.864;-256.927;-255.98;6.464;None;200;30;13:16:43.822
2292;30.0324;29.8485;27.3993;-256.269;-256.668;-256.872;-256.935;-255.988;6.464;None;200;30;13:16:44.322
2293;30.0285;29.8525;27.3915;-256.277;-256.668;-256.88;-256.927;-255.98;6.464;None;200;30;13:16:44.823
2294;30.0285;29.8485;27.3993;-256.269;-256.676;-256.872;-256.927;-255.98;6.464;None;200;30;13:16:45.322
2295;30.0285;29.8485;27.3915;-256.269;-256.668;-256.88;-256.935;-255.98;6.464;None;200;30;13:16:45.822
2296;30.0285;29.8485;27.3915;-256.262;-256.668;-256.864;-256.919;-255.98;6.464;None;200;30;13:16:46.324
2297;30.0246;29.8485;27.3915;-256.269;-256.668;-256.872;-256.927;-255.988;6.464;None;200;30;13:16:46.823
2298;30.0285;29.8485;27.3837;-256.269;-256.668;-256.872;-256.927;-255.98;6.464;None;200;30;13:16:47.323
2299;30.0246;29.8485;27.3915;-256.269;-256.668;-256.864;-256.935;-255.98;6.464;None;200;30;13:16:47.822
2300;30.0246;29.8485;27.3915;-256.262;-256.668;-256.872;-256.935;-255.988;6.464;None;200;30;13:16:48.322
2301;30.0285;29.8525;27.3837;-256.269;-256.668;-256.864;-256.935;-255.98;6.464;None;200;30;13:16:48.822
2302;30.0285;29.8485;27.3915;-256.269;-256.668;-256.872;-256.927;-255.98;6.464;None;200;30;13:16:49.322
2303;30.0246;29.8525;27.3915;-256.262;-256.668;-256.864;-256.935;-255.98;6.464;None;200;30;13:16:49.823
2304;30.0285;29.8525;27.3915;-256.269;-256.661;-256.872;-256.935;-255.988;6.464;None;200;30;13:16:50.323
2305;30.0246;29.8525;27.3837;-256.262;-256.668;-256.872;-256.935;-255.98;6.464;None;200;30;13:16:50.822
2306;30.0285;29.8525;27.3915;-256.262;-256.668;-256.872;-256.935;-255.988;6.464;None;200;30;13:16:51.324
2307;30.0246;29.8485;27.3837;-256.269;-256.676;-256.864;-256.935;-255.98;6.464;None;200;30;13:16:51.822
2308;30.0246;29.8525;27.3915;-256.269;-256.668;-256.872;-256.935;-255.988;6.464;None;200;30;13:16:52.321
2309;30.0168;29.8485;27.3837;-256.269;-256.668;-256.864;-256.927;-255.988;6.464;None;200;30;13:16:52.823
2310;30.0246;29.8407;27.3837;-256.277;-256.668;-256.872;-256.935;-255.988;6.464;None;200;30;13:16:53.322
2311;30.0246;29.8485;27.3837;-256.269;-256.676;-256.872;-256.927;-255.988;6.464;None;200;30;13:16:53.823
2312;30.0246;29.8485;27.3837;-256.269;-256.668;-256.864;-256.927;-255.98;6.464;None;200;30;13:16:54.323
2313;30.009;29.8485;27.3837;-256.269;-256.668;-256.872;-256.935;-255.988;6.464;None;200;30;13:16:54.822
2314;30.009;29.8485;27.3837;-256.269;-256.668;-256.864;-256.935;-255.98;6.464;None;200;30;13:16:55.322
2315;30.009;29.8485;27.3915;-256.269;-256.668;-256.872;-256.935;-255.988;6.464;None;200;30;13:16:55.821
2316;30.009;29.8485;27.4071;-256.269;-256.668;-256.864;-256.942;-255.98;6.464;None;200;30;13:16:56.321
2317;30.0168;29.8407;27.3915;-256.269;-256.676;-256.864;-256.935;-255.98;6.464;None;200;30;13:16:56.822
2318;30.009;29.8446;27.3993;-256.262;-256.668;-256.864;-256.935;-255.98;6.464;None;200;30;13:16:57.322
2319;30.0011;29.8407;27.3915;-256.269;-256.668;-256.864;-256.935;-255.98;6.464;None;200;30;13:16:57.822
2320;30.0011;29.8407;27.3915;-256.269;-256.676;-256.872;-256.935;-255.98;6.464;None;200;30;13:16:58.321
2321;30.0011;29.8485;27.3993;-256.269;-256.676;-256.864;-256.927;-255.988;6.464;None;200;30;13:16:58.822
2322;30.0011;29.8407;27.3993;-256.262;-256.668;-256.864;-256.935;-255.98;6.464;None;200;30;13:16:59.322
2323;29.9855;29.8407;27.3993;-256.269;-256.676;-256.872;-256.935;-255.98;6.464;None;200;30;13:16:59.822
2324;29.9698;29.8329;27.4071;-256.262;-256.668;-256.864;-256.927;-255.98;6.464;179;200;30;13:17:00.322
2325;29.9698;29.8251;27.4071;-256.254;-256.668;-256.864;-256.919;-255.988;6.464;373;200;30;13:17:00.822
2326;29.9698;29.8251;27.4071;-256.262;-256.661;-256.872;-256.935;-255.98;6.464;373;200;30;13:17:01.322
2327;29.9698;29.8329;27.4071;-256.262;-256.668;-256.864;-256.927;-255.98;6.464;373;200;30;13:17:01.822
2328;29.9698;29.8251;27.3993;-256.262;-256.661;-256.872;-256.919;-255.98;6.464;373;200;30;13:17:02.322
2329;29.9698;29.8172;27.4071;-256.262;-256.668;-256.864;-256.927;-255.972;6.464;373;200;30;13:17:02.823
2330;29.9777;29.8251;27.4071;-256.262;-256.668;-256.864;-256.931;-255.988;6.464;373;200;30;13:17:03.322
2331;29.9933;29.8407;27.3993;-256.262;-256.661;-256.864;-256.919;-255.98;6.464;276;200;30;13:17:03.823
2332;29.9933;29.8329;27.3993;-256.262;-256.668;-256.864;-256.927;-255.988;6.464;82;200;30;13:17:04.322
2333;29.9933;29.8329;27.3993;-256.269;-256.668;-256.864;-256.927;-255.98;6.464;82;200;30;13:17:04.822
2334;30.0011;29.8407;27.3993;-256.269;-256.668;-256.864;-256.919;-255.98;6.464;82;200;30;13:17:05.323
2335;30.0168;29.8407;27.3915;-256.277;-256.676;-256.864;-256.927;-255.98;6.464;None;200;30;13:17:05.822
2336;30.0168;29.8485;27.3993;-256.269;-256.668;-256.872;-256.935;-255.98;6.464;None;200;30;13:17:06.324
2337;30.0168;29.8407;27.3915;-256.269;-256.676;-256.872;-256.927;-255.98;6.464;None;200;30;13:17:06.823
2338;30.0168;29.8485;27.3993;-256.269;-256.668;-256.872;-256.935;-255.988;6.464;None;200;30;13:17:07.323
2339;30.0168;29.8407;27.3993;-256.262;-256.684;-256.856;-256.935;-255.98;6.464;None;200;30;13:17:07.824
2340;30.0168;29.8485;27.3915;-256.269;-256.676;-256.864;-256.935;-255.98;6.464;None;200;30;13:17:08.323
2341;30.0168;29.8485;27.3993;-256.262;-256.676;-256.864;-256.927;-255.988;6.464;None;200;30;13:17:08.823
2342;30.009;29.8446;27.3993;-256.269;-256.676;-256.864;-256.935;-255.98;6.464;None;200;30;13:17:09.323
2343;30.009;29.8525;27.3993;-256.269;-256.676;-256.864;-256.927;-255.98;6.464;None;200;30;13:17:09.824
2344;30.009;29.8407;27.3993;-256.269;-256.676;-256.864;-256.935;-255.972;6.464;None;200;30;13:17:10.324
2345;30.0011;29.8525;27.3993;-256.269;-256.676;-256.872;-256.927;-255.98;6.464;None;200;30;13:17:10.823
2346;30.0011;29.8485;27.3993;-256.262;-256.668;-256.864;-256.919;-255.972;6.464;None;200;30;13:17:11.324
2347;30.009;29.8446;27.3993;-256.262;-256.668;-256.864;-256.927;-255.98;6.464;None;200;30;13:17:11.823
2348;30.009;29.8485;27.3993;-256.269;-256.661;-256.864;-256.919;-255.972;6.464;None;200;30;13:17:12.323
2349;30.0011;29.8485;27.3993;-256.269;-256.668;-256.864;-256.927;-255.98;6.464;None;200;30;13:17:12.824
2350;30.009;29.8407;27.4071;-256.277;-256.668;-256.864;-256.927;-255.972;6.464;None;200;30;13:17:13.324
2351;30.009;29.8485;27.3915;-256.269;-256.668;-256.864;-256.927;-255.98;6.464;None;200;30;13:17:13.823
2352;30.0011;29.8485;27.3993;-256.277;-256.661;-256.872;-256.919;-255.972;6.464;None;200;30;13:17:14.323
2353;30.009;29.8407;27.3993;-256.277;-256.668;-256.864;-256.927;-255.972;6.464;None;200;30;13:17:14.823
2354;30.0011;29.8485;27.3993;-256.277;-256.661;-256.864;-256.927;-255.98;6.464;None;200;30;13:17:15.324
2355;30.009;29.8407;27.3915;-256.277;-256.668;-256.864;-256.927;-255.98;6.464;None;200;30;13:17:15.824
2356;30.009;29.8485;27.3915;-256.277;-256.668;-256.856;-256.927;-255.972;6.464;None;200;30;13:17:16.324
2357;29.9933;29.8368;27.3993;-256.269;-256.676;-256.864;-256.927;-255.988;6.464;None;200;30;13:17:16.823
2358;29.9855;29.8329;27.4071;-256.277;-256.661;-256.872;-256.919;-255.98;6.464;82;200;30;13:17:17.323
2359;29.9777;29.8407;27.415;-256.269;-256.668;-256.864;-256.919;-255.98;6.464;179;200;30;13:17:17.824
2360;29.9855;29.8251;27.4071;-256.277;-256.668;-256.864;-256.927;-255.98;6.464;276;200;30;13:17:18.324
2361;29.9777;29.8329;27.415;-256.269;-256.668;-256.864;-256.919;-255.988;6.464;179;200;30;13:17:18.824
2362;29.9855;29.8329;27.415;-256.277;-256.661;-256.872;-256.927;-255.988;6.464;276;200;30;13:17:19.323
2363;29.9698;29.8329;27.4071;-256.269;-256.661;-256.864;-256.927;-255.98;6.464;179;200;30;13:17:19.823
2364;29.9698;29.8329;27.415;-256.262;-256.661;-256.864;-256.927;-255.98;6.464;373;200;30;13:17:20.324
2365;29.9777;29.8329;27.4071;-256.269;-256.661;-256.872;-256.927;-255.98;6.464;373;200;30;13:17:20.823
2366;29.9777;29.8329;27.4071;-256.269;-256.661;-256.872;-256.919;-255.988;6.464;276;200;30;13:17:21.324
2367;29.9855;29.8407;27.4071;-256.269;-256.668;-256.864;-256.927;-255.988;6.464;276;200;30;13:17:21.825
2368;29.9933;29.8329;27.415;-256.269;-256.661;-256.872;-256.931;-255.98;6.464;179;200;30;13:17:22.324
2369;30.0011;29.8407;27.4071;-256.269;-256.661;-256.864;-256.927;-255.988;6.464;82;200;30;13:17:22.824
2370;30.0168;29.8446;27.3993;-256.269;-256.668;-256.872;-256.935;-255.988;6.464;None;200;30;13:17:23.324
2371;30.0168;29.8525;27.3993;-256.277;-256.661;-256.872;-256.935;-255.98;6.464;None;200;30;13:17:23.824
2372;30.0168;29.8485;27.3915;-256.269;-256.661;-256.864;-256.942;-255.98;6.464;None;200;30;13:17:24.324
2373;30.0168;29.8525;27.3837;-256.277;-256.661;-256.872;-256.942;-255.98;6.464;None;200;30;13:17:24.824
2374;30.0246;29.8525;27.3993;-256.269;-256.661;-256.864;-256.942;-255.988;6.464;None;200;30;13:17:25.325
2375;30.0246;29.8525;27.3993;-256.269;-256.661;-256.872;-256.942;-255.98;6.464;None;200;30;13:17:25.824
2376;30.0246;29.8485;27.3993;-256.277;-256.668;-256.864;-256.935;-255.972;6.464;None;200;30;13:17:26.324
2377;30.0246;29.8525;27.3915;-256.277;-256.653;-256.864;-256.942;-255.98;6.464;None;200;30;13:17:26.823
2378;30.0285;29.8525;27.3993;-256.269;-256.668;-256.864;-256.935;-255.98;6.464;None;200;30;13:17:27.324
2379;30.0285;29.8525;27.3915;-256.277;-256.661;-256.872;-256.942;-255.98;6.464;None;200;30;13:17:27.824
2380;30.0285;29.8525;27.3993;-256.269;-256.668;-256.864;-256.935;-255.98;6.464;None;200;30;13:17:28.324
2381;30.0285;29.8485;27.3993;-256.269;-256.668;-256.872;-256.935;-255.98;6.464;None;200;30;13:17:28.824
2382;30.0285;29.8525;27.3993;-256.269;-256.661;-256.872;-256.942;-255.988;6.464;None;200;30;13:17:29.324
2383;30.0285;29.8525;27.3993;-256.269;-256.661;-256.872;-256.935;-255.988;6.464;None;200;30;13:17:29.824
2384;30.0246;29.8525;27.3837;-256.269;-256.661;-256.872;-256.935;-255.988;6.464;None;200;30;13:17:30.324
2385;30.0246;29.8525;27.3837;-256.262;-256.668;-256.864;-256.935;-255.98;6.464;None;200;30;13:17:30.823
2386;30.0246;29.8564;27.3837;-256.262;-256.661;-256.872;-256.927;-255.988;6.464;None;200;30;13:17:31.325
2387;30.0246;29.8525;27.3837;-256.262;-256.668;-256.872;-256.927;-255.988;6.464;None;200;30;13:17:31.824
2388;30.0246;29.8525;27.3837;-256.269;-256.668;-256.88;-256.935;-255.98;6.464;None;200;30;13:17:32.325
2389;30.0168;29.8525;27.3837;-256.269;-256.668;-256.872;-256.942;-255.988;6.464;None;200;30;13:17:32.824
2390;30.0168;29.8485;27.3758;-256.277;-256.668;-256.872;-256.927;-255.988;6.464;None;200;30;13:17:33.324
2391;30.0168;29.8525;27.3837;-256.269;-256.668;-256.872;-256.942;-255.988;6.464;None;200;30;13:17:33.824
2392;30.0168;29.8525;27.3758;-256.269;-256.668;-256.872;-256.935;-255.988;6.464;None;200;30;13:17:34.324
2393;30.009;29.8485;27.3837;-256.277;-256.668;-256.872;-256.935;-255.98;6.464;None;200;30;13:17:34.825
2394;30.0168;29.8525;27.3837;-256.277;-256.661;-256.872;-256.942;-255.98;6.464;None;200;30;13:17:35.324
2395;30.0168;29.8525;27.3758;-256.269;-256.668;-256.872;-256.935;-255.988;6.464;None;200;30;13:17:35.824
2396;30.009;29.8525;27.3758;-256.277;-256.668;-256.88;-256.935;-255.988;6.464;None;200;30;13:17:36.325
2397;30.009;29.8525;27.3758;-256.277;-256.668;-256.864;-256.942;-255.988;6.464;None;200;30;13:17:36.824
2398;30.009;29.8564;27.3837;-256.277;-256.676;-256.872;-256.942;-255.98;6.464;None;200;30;13:17:37.323
2399;30.009;29.8525;27.3837;-256.277;-256.668;-256.864;-256.942;-255.988;6.464;None;200;30;13:17:37.824
2400;30.009;29.8525;27.3837;-256.277;-256.668;-256.872;-256.935;-255.988;6.464;None;200;30;13:17:38.324
2401;30.0168;29.8525;27.3837;-256.269;-256.668;-256.864;-256.927;-255.98;6.464;None;200;30;13:17:38.825
2402;30.009;29.8485;27.3837;-256.277;-256.676;-256.864;-256.927;-255.988;6.464;None;200;30;13:17:39.324
2403;30.0011;29.8407;27.3758;-256.277;-256.668;-256.88;-256.935;-255.98;6.464;None;200;30;13:17:39.824
2404;30.0011;29.8485;27.3837;-256.269;-256.676;-256.872;-256.927;-255.988;6.464;None;200;30;13:17:40.324
2405;29.9933;29.8485;27.3837;-256.269;-256.676;-256.872;-256.935;-255.98;6.464;None;200;30;13:17:40.825
2406;29.9933;29.8407;27.3915;-256.269;-256.661;-256.872;-256.927;-255.988;6.464;82;200;30;13:17:41.324
2407;29.9855;29.8407;27.3837;-256.269;-256.668;-256.872;-256.927;-255.996;6.464;82;200;30;13:17:41.824
2408;29.9777;29.8407;27.3915;-256.269;-256.668;-256.872;-256.919;-255.988;6.464;179;200;30;13:17:42.325
2409;29.9855;29.8407;27.3837;-256.269;-256.668;-256.864;-256.927;-255.98;6.464;276;200;30;13:17:42.824
2410;29.9855;29.8407;27.3837;-256.269;-256.668;-256.872;-256.919;-255.988;6.464;179;200;30;13:17:43.324
2411;29.9855;29.8329;27.3837;-256.262;-256.661;-256.872;-256.927;-255.98;6.464;179;200;30;13:17:43.824
2412;29.9933;29.8329;27.3837;-256.269;-256.668;-256.864;-256.919;-255.996;6.464;179;200;30;13:17:44.325
2413;29.9855;29.8329;27.3837;-256.269;-256.668;-256.872;-256.935;-255.98;6.464;82;200;30;13:17:44.825
2414;29.9855;29.8407;27.3758;-256.269;-256.661;-256.872;-256.919;-255.988;6.464;179;200;30;13:17:45.325
2415;29.9855;29.8329;27.3837;-256.269;-256.661;-256.872;-256.927;-255.98;6.464;179;200;30;13:17:45.825
2416;29.9855;29.8407;27.3837;-256.269;-256.668;-256.88;-256.927;-255.988;6.464;179;200;30;13:17:46.325
2417;29.9855;29.8407;27.3758;-256.269;-256.661;-256.864;-256.927;-255.98;6.464;179;200;30;13:17:46.825
2418;29.9855;29.8407;27.3758;-256.269;-256.668;-256.872;-256.935;-255.988;6.464;179;200;30;13:17:47.325
2419;29.9777;29.8485;27.3758;-256.262;-256.661;-256.872;-256.927;-255.98;6.464;179;200;30;13:17:47.824
2420;29.9855;29.8485;27.3758;-256.269;-256.661;-256.872;-256.927;-255.98;6.464;276;200;30;13:17:48.325
2421;29.9933;29.8485;27.3758;-256.269;-256.668;-256.872;-256.927;-255.988;6.464;179;200;30;13:17:48.825
2422;29.9933;29.8485;27.3837;-256.269;-256.668;-256.872;-256.927;-255.988;6.464;82;200;30;13:17:49.325
2423;30.009;29.8525;27.3758;-256.269;-256.661;-256.864;-256.927;-255.988;6.464;82;200;30;13:17:49.825
2424;30.0011;29.8485;27.368;-256.277;-256.668;-256.872;-256.927;-255.988;6.464;None;200;30;13:17:50.324
2425;30.0168;29.8564;27.3758;-256.277;-256.668;-256.88;-256.935;-255.988;6.464;None;200;30;13:17:50.824
2426;30.0168;29.8564;27.3758;-256.269;-256.668;-256.872;-256.927;-255.988;6.464;None;200;30;13:17:51.325
2427;30.009;29.8564;27.368;-256.277;-256.676;-256.872;-256.935;-255.98;6.464;None;200;30;13:17:51.825
2428;30.0246;29.8564;27.368;-256.269;-256.668;-256.872;-256.942;-255.988;6.464;None;200;30;13:17:52.324
2429;30.0168;29.8564;27.368;-256.277;-256.661;-256.872;-256.935;-255.98;6.464;None;200;30;13:17:52.824
2430;30.0246;29.8525;27.368;-256.269;-256.676;-256.872;-256.935;-255.988;6.464;None;200;30;13:17:53.325
2431;30.0168;29.8564;27.368;-256.269;-256.668;-256.864;-256.935;-255.988;6.464;None;200;30;13:17:53.826
2432;30.0246;29.8525;27.3758;-256.269;-256.668;-256.864;-256.935;-255.988;6.464;None;200;30;13:17:54.325
2433;30.0246;29.8525;27.3915;-256.269;-256.676;-256.88;-256.935;-255.988;6.464;None;200;30;13:17:54.825
2434;30.0168;29.8525;27.3837;-256.269;-256.668;-256.864;-256.927;-255.98;6.464;None;200;30;13:17:55.325
2435;30.0168;29.8525;27.3915;-256.269;-256.676;-256.872;-256.919;-255.988;6.464;None;200;30;13:17:55.825
2436;30.0168;29.8525;27.3837;-256.262;-256.668;-256.864;-256.927;-255.988;6.464;None;200;30;13:17:56.325
2437;30.009;29.8525;27.3837;-256.269;-256.668;-256.88;-256.927;-255.988;6.464;None;200;30;13:17:56.825
2438;30.0168;29.8525;27.3993;-256.277;-256.668;-256.872;-256.935;-255.988;6.464;None;200;30;13:17:57.325
2439;30.0168;29.8564;27.3993;-256.269;-256.676;-256.864;-256.935;-255.988;6.464;None;200;30;13:17:57.824
2440;30.0168;29.8525;27.4071;-256.269;-256.668;-256.872;-256.935;-255.98;6.464;None;200;30;13:17:58.324
2441;30.009;29.8525;27.3915;-256.269;-256.668;-256.88;-256.935;-255.988;6.464;None;200;30;13:17:58.824
2442;30.009;29.8485;27.3993;-256.269;-256.668;-256.872;-256.942;-255.98;6.464;None;200;30;13:17:59.324
2443;30.009;29.8485;27.3915;-256.277;-256.668;-256.872;-256.927;-255.988;6.464;None;200;30;13:17:59.825
2444;30.009;29.8525;27.3915;-256.262;-256.668;-256.88;-256.935;-255.988;6.464;None;200;30;13:18:00.324
2445;30.009;29.8407;27.4071;-256.269;-256.668;-256.872;-256.935;-255.988;6.464;None;200;30;13:18:00.824
2446;30.0168;29.8525;27.3915;-256.269;-256.668;-256.872;-256.927;-255.988;6.464;None;200;30;13:18:01.324
2447;30.0011;29.8485;27.3915;-256.262;-256.668;-256.872;-256.935;-255.988;6.464;None;200;30;13:18:01.824
2448;30.0011;29.8407;27.3993;-256.269;-256.668;-256.872;-256.935;-255.988;6.464;None;200;30;13:18:02.325
2449;29.9933;29.8485;27.3837;-256.262;-256.668;-256.864;-256.927;-255.988;6.464;None;200;30;13:18:02.824
2450;30.0011;29.8407;27.3915;-256.269;-256.676;-256.872;-256.927;-255.98;6.464;82;200;30;13:18:03.323
2451;30.0011;29.8407;27.3993;-256.269;-256.668;-256.864;-256.927;-255.988;6.464;None;200;30;13:18:03.824
2452;29.9933;29.8329;27.3993;-256.262;-256.668;-256.872;-256.927;-255.98;6.464;None;200;30;13:18:04.324
2453;29.9777;29.8251;27.4071;-256.269;-256.668;-256.872;-256.927;-255.98;6.464;82;200;30;13:18:04.825
2454;29.9855;29.8251;27.3993;-256.262;-256.661;-256.88;-256.927;-255.98;6.464;276;200;30;13:18:05.325
2455;29.9855;29.8251;27.415;-256.262;-256.668;-256.872;-256.927;-255.988;6.464;179;200;30;13:18:05.825
2456;29.9777;29.8251;27.415;-256.269;-256.668;-256.872;-256.923;-255.988;6.464;179;200;30;13:18:06.323
2457;29.9855;29.8251;27.4071;-256.262;-256.661;-256.872;-256.915;-255.988;6.464;276;200;30;13:18:06.823
2458;29.9777;29.8251;27.415;-256.262;-256.661;-256.872;-256.919;-255.988;6.464;179;200;30;13:18:07.323
2459;29.9855;29.8251;27.415;-256.269;-256.661;-256.872;-256.927;-255.988;6.464;276;200;30;13:18:07.825
2460;29.9855;29.8251;27.415;-256.262;-256.661;-256.872;-256.919;-255.988;6.464;179;200;30;13:18:08.324
2461;29.9777;29.8172;27.415;-256.262;-256.661;-256.872;-256.919;-255.988;6.464;179;200;30;13:18:08.825
2462;29.9933;29.8329;27.415;-256.262;-256.661;-256.872;-256.927;-255.988;6.464;276;200;30;13:18:09.325
2463;29.9855;29.8172;27.4071;-256.262;-256.661;-256.88;-256.915;-255.988;6.464;82;200;30;13:18:09.825
2464;29.9777;29.8329;27.415;-256.262;-256.668;-256.872;-256.919;-255.988;6.464;179;200;30;13:18:10.324
2465;30.0011;29.8251;27.415;-256.262;-256.661;-256.872;-256.927;-255.98;6.464;276;200;30;13:18:10.825
2466;30.009;29.8329;27.4071;-256.269;-256.668;-256.872;-256.927;-255.988;6.464;None;200;30;13:18:11.325
2467;30.009;29.8407;27.4071;-256.269;-256.668;-256.872;-256.935;-255.98;6.464;None;200;30;13:18:11.825
2468;30.009;29.8407;27.4071;-256.269;-256.668;-256.864;-256.927;-255.98;6.464;None;200;30;13:18:12.325
2469;30.0168;29.8407;27.415;-256.269;-256.668;-256.872;-256.927;-255.98;6.464;None;200;30;13:18:12.825
2470;30.009;29.8407;27.415;-256.269;-256.676;-256.864;-256.927;-255.988;6.464;None;200;30;13:18:13.325
2471;30.009;29.8407;27.415;-256.269;-256.676;-256.872;-256.935;-255.98;6.464;None;200;30;13:18:13.826
2472;30.0168;29.8407;27.415;-256.277;-256.668;-256.864;-256.935;-255.98;6.464;None;200;30;13:18:14.326
2473;30.009;29.8329;27.4071;-256.269;-256.661;-256.872;-256.927;-255.988;6.464;None;200;30;13:18:14.825
2474;30.009;29.8407;27.415;-256.269;-256.676;-256.872;-256.927;-255.98;6.464;None;200;30;13:18:15.325
2475;30.009;29.8407;27.4071;-256.269;-256.661;-256.864;-256.927;-255.988;6.464;None;200;30;13:18:15.826
2476;30.0168;29.8329;27.415;-256.269;-256.668;-256.872;-256.927;-255.98;6.464;None;200;30;13:18:16.326
2477;30.009;29.8407;27.4071;-256.269;-256.668;-256.872;-256.927;-255.988;6.464;None;200;30;13:18:16.825
2478;30.0011;29.8407;27.4228;-256.277;-256.676;-256.872;-256.935;-255.988;6.464;None;200;30;13:18:17.325
2479;30.0011;29.8407;27.415;-256.277;-256.668;-256.872;-256.919;-255.988;6.464;None;200;30;13:18:17.826
2480;30.0011;29.8485;27.415;-256.269;-256.668;-256.872;-256.935;-255.98;6.464;None;200;30;13:18:18.326
2481;29.9933;29.8329;27.415;-256.269;-256.668;-256.88;-256.919;-255.988;6.464;None;200;30;13:18:18.826
2482;29.9855;29.8407;27.415;-256.269;-256.661;-256.872;-256.919;-255.988;6.464;82;200;30;13:18:19.326
2483;29.9777;29.8329;27.4306;-256.262;-256.661;-256.872;-256.915;-255.988;6.464;179;200;30;13:18:19.826
2484;29.9855;29.8329;27.4228;-256.262;-256.661;-256.872;-256.919;-255.98;6.464;276;200;30;13:18:20.326
2485;29.9855;29.8329;27.415;-256.262;-256.661;-256.864;-256.915;-255.98;6.464;179;200;30;13:18:20.825
2486;29.9855;29.8407;27.4306;-256.262;-256.653;-256.88;-256.919;-255.988;6.464;179;200;30;13:18:21.326
2487;29.9933;29.8407;27.4228;-256.262;-256.661;-256.872;-256.915;-255.98;6.464;179;200;30;13:18:21.826
2488;29.9933;29.8407;27.4228;-256.262;-256.661;-256.872;-256.919;-255.98;6.464;82;200;30;13:18:22.326
2489;29.9933;29.8407;27.4228;-256.262;-256.661;-256.872;-256.919;-255.988;6.464;82;200;30;13:18:22.825
2490;30.0011;29.8329;27.415;-256.262;-256.661;-256.872;-256.927;-255.98;6.464;82;200;30;13:18:23.326
2491;30.0011;29.8407;27.415;-256.262;-256.668;-256.872;-256.935;-255.988;6.464;None;200;30;13:18:23.826
2492;30.0011;29.8485;27.415;-256.269;-256.668;-256.872;-256.919;-255.98;6.464;None;200;30;13:18:24.326
2493;30.009;29.8407;27.4228;-256.269;-256.676;-256.872;-256.927;-255.988;6.464;None;200;30;13:18:24.826
2494;30.0011;29.8485;27.4228;-256.277;-256.668;-256.872;-256.927;-255.988;6.464;None;200;30;13:18:25.326
2495;30.009;29.8485;27.415;-256.262;-256.668;-256.872;-256.919;-255.98;6.464;None;200;30;13:18:25.826
2496;30.0011;29.8446;27.4071;-256.269;-256.668;-256.872;-256.935;-255.988;6.464;None;200;30;13:18:26.326
2497;30.0011;29.8485;27.3993;-256.277;-256.668;-256.872;-256.927;-255.988;6.464;None;200;30;13:18:26.825
2498;30.009;29.8485;27.4071;-256.269;-256.676;-256.872;-256.927;-255.98;6.464;None;200;30;13:18:27.326
2499;30.009;29.8485;27.3993;-256.277;-256.676;-256.864;-256.919;-255.988;6.464;None;200;30;13:18:27.826
2500;30.0011;29.8485;27.3993;-256.269;-256.668;-256.872;-256.935;-255.98;6.464;None;200;30;13:18:28.326
2501;30.009;29.8525;27.3993;-256.269;-256.668;-256.872;-256.927;-255.988;6.464;None;200;30;13:18:28.827
2502;30.0011;29.8485;27.3915;-256.277;-256.668;-256.864;-256.927;-255.98;6.464;None;200;30;13:18:29.326
2503;30.009;29.8485;27.3915;-256.269;-256.676;-256.864;-256.935;-255.988;6.464;None;200;30;13:18:29.827
2504;30.0011;29.8368;27.3915;-256.269;-256.676;-256.864;-256.927;-255.988;6.464;None;200;30;13:18:30.326
2505;29.9933;29.8485;27.3915;-256.262;-256.668;-256.864;-256.919;-255.98;6.464;None;200;30;13:18:30.826
2506;29.9855;29.8329;27.3915;-256.269;-256.676;-256.872;-256.919;-255.988;6.464;82;200;30;13:18:31.326
2507;29.9698;29.8407;27.3993;-256.262;-256.668;-256.864;-256.919;-255.988;6.464;179;200;30;13:18:31.825
2508;29.9698;29.8329;27.3993;-256.262;-256.668;-256.872;-256.915;-255.996;6.464;373;200;30;13:18:32.325
2509;29.9698;29.8329;27.3915;-256.269;-256.668;-256.864;-256.919;-255.988;6.464;373;200;30;13:18:32.826
2510;29.9698;29.8251;27.3993;-256.262;-256.668;-256.864;-256.919;-255.98;6.464;373;200;30;13:18:33.326
2511;29.9698;29.8407;27.3915;-256.262;-256.668;-256.872;-256.915;-255.988;6.464;373;200;30;13:18:33.827
2512;29.9777;29.8407;27.3993;-256.269;-256.661;-256.872;-256.919;-255.988;6.464;373;200;30;13:18:34.326
2513;29.9855;29.8407;27.3915;-256.262;-256.668;-256.864;-256.919;-255.98;6.464;276;200;30;13:18:34.826
2514;29.9933;29.8407;27.3993;-256.269;-256.661;-256.872;-256.915;-255.98;6.464;179;200;30;13:18:35.325
2515;30.0011;29.8485;27.3915;-256.262;-256.661;-256.872;-256.927;-255.988;6.464;82;200;30;13:18:35.826
2516;30.009;29.8564;27.3915;-256.269;-256.668;-256.88;-256.919;-255.98;6.464;None;200;30;13:18:36.326
2517;30.0168;29.8564;27.3915;-256.277;-256.668;-256.88;-256.919;-255.988;6.464;None;200;30;13:18:36.826
2518;30.0168;29.8525;27.3993;-256.262;-256.668;-256.864;-256.919;-255.988;6.464;None;200;30;13:18:37.326
2519;30.0168;29.8603;27.3993;-256.269;-256.668;-256.872;-256.927;-255.988;6.464;None;200;30;13:18:37.827
2520;30.0246;29.8564;27.3915;-256.269;-256.668;-256.872;-256.919;-255.98;6.464;None;200;30;13:18:38.326
2521;30.0246;29.8603;27.3915;-256.277;-256.676;-256.872;-256.927;-255.988;6.464;None;200;30;13:18:38.826
2522;30.0168;29.8564;27.3915;-256.269;-256.668;-256.872;-256.927;-255.988;6.464;None;200;30;13:18:39.326
2523;30.0246;29.8603;27.3915;-256.262;-256.668;-256.88;-256.927;-255.988;6.464;None;200;30;13:18:39.827
2524;30.0246;29.8603;27.3837;-256.269;-256.676;-256.872;-256.919;-255.996;6.464;None;200;30;13:18:40.326
2525;30.0246;29.8603;27.3915;-256.262;-256.668;-256.872;-256.927;-255.98;6.464;None;200;30;13:18:40.826
2526;30.0285;29.8603;27.3915;-256.269;-256.668;-256.88;-256.927;-255.988;6.464;None;200;30;13:18:41.326
2527;30.0246;29.8603;27.3993;-256.269;-256.676;-256.872;-256.927;-255.988;6.464;None;200;30;13:18:41.825
2528;30.0246;29.8603;27.3915;-256.269;-256.668;-256.872;-256.927;-255.988;6.464;None;200;30;13:18:42.326
2529;30.0246;29.8642;27.3993;-256.277;-256.676;-256.872;-256.927;-255.988;6.464;None;200;30;13:18:42.826
2530;30.0246;29.8564;27.3915;-256.269;-256.668;-256.88;-256.935;-255.988;6.464;None;200;30;13:18:43.326
2531;30.0246;29.8642;27.3837;-256.277;-256.668;-256.872;-256.927;-255.988;6.464;None;200;30;13:18:43.826
2532;30.0129;29.8603;27.3915;-256.269;-256.668;-256.872;-256.935;-255.988;6.464;None;200;30;13:18:44.327
2533;30.0246;29.8642;27.3837;-256.277;-256.668;-256.872;-256.927;-255.988;6.464;None;200;30;13:18:44.826
2534;30.0168;29.8603;27.3837;-256.262;-256.668;-256.872;-256.935;-255.98;6.464;None;200;30;13:18:45.326
2535;30.0285;29.8642;27.3915;-256.269;-256.668;-256.872;-256.927;-255.988;6.464;None;200;30;13:18:45.827
2536;30.0246;29.8642;27.3915;-256.269;-256.661;-256.872;-256.919;-255.988;6.464;None;200;30;13:18:46.327
2537;30.0246;29.8603;27.3915;-256.262;-256.668;-256.872;-256.927;-255.996;6.464;None;200;30;13:18:46.826
2538;30.0246;29.8642;27.3915;-256.262;-256.661;-256.88;-256.935;-255.988;6.464;None;200;30;13:18:47.327
2539;30.0168;29.8603;27.3915;-256.269;-256.668;-256.872;-256.927;-255.996;6.464;None;200;30;13:18:47.827
2540;30.0207;29.8603;27.3837;-256.269;-256.668;-256.872;-256.935;-255.988;6.464;None;200;30;13:18:48.326
2541;30.0246;29.8642;27.3837;-256.269;-256.668;-256.872;-256.927;-255.988;6.464;None;200;30;13:18:48.827
2542;30.009;29.8603;27.3915;-256.269;-256.668;-256.872;-256.927;-255.988;6.464;None;200;30;13:18:49.326
2543;30.009;29.8603;27.3915;-256.269;-256.676;-256.872;-256.927;-255.988;6.464;None;200;30;13:18:49.827
2544;30.0246;29.8642;27.3915;-256.262;-256.668;-256.864;-256.919;-255.988;6.464;None;200;30;13:18:50.327
2545;30.0168;29.8603;27.3915;-256.262;-256.668;-256.872;-256.919;-255.98;6.464;None;200;30;13:18:50.826
2546;30.009;29.8603;27.3915;-256.262;-256.668;-256.864;-256.919;-255.988;6.464;None;200;30;13:18:51.326
2547;30.0168;29.8603;27.3915;-256.262;-256.668;-256.864;-256.931;-255.988;6.464;None;200;30;13:18:51.826
2548;30.009;29.8603;27.3915;-256.269;-256.668;-256.864;-256.915;-255.996;6.464;None;200;30;13:18:52.327
2549;30.009;29.8603;27.3915;-256.269;-256.668;-256.872;-256.919;-255.988;6.464;None;200;30;13:18:52.827
2550;30.0168;29.8564;27.3915;-256.262;-256.676;-256.864;-256.927;-255.988;6.464;None;200;30;13:18:53.328
2551;30.009;29.8603;27.3915;-256.269;-256.668;-256.864;-256.919;-255.996;6.464;None;200;30;13:18:53.826
2552;30.009;29.8564;27.3915;-256.262;-256.668;-256.872;-256.919;-255.988;6.464;None;200;30;13:18:54.327
2553;30.0011;29.8564;27.3993;-256.269;-256.668;-256.864;-256.919;-255.988;6.464;None;200;30;13:18:54.828
2554;30.0011;29.8525;27.3993;-256.269;-256.668;-256.872;-256.927;-255.996;6.464;None;200;30;13:18:55.327
2555;30.009;29.8525;27.3993;-256.269;-256.668;-256.864;-256.923;-255.996;6.464;None;200;30;13:18:55.827
2556;30.0011;29.8564;27.3993;-256.277;-256.668;-256.864;-256.919;-255.988;6.464;None;200;30;13:18:56.326
2557;30.0011;29.8525;27.3993;-256.269;-256.668;-256.864;-256.919;-255.996;6.464;None;200;30;13:18:56.827
2558;30.0011;29.8564;27.3993;-256.277;-256.668;-256.864;-256.919;-255.996;6.464;None;200;30;13:18:57.327
2559;29.9933;29.8564;27.3993;-256.269;-256.661;-256.864;-256.919;-255.988;6.464;None;200;30;13:18:57.827
2560;29.9933;29.8485;27.3993;-256.269;-256.661;-256.864;-256.919;-255.988;6.464;82;200;30;13:18:58.327
2561;29.9777;29.8485;27.3993;-256.262;-256.661;-256.864;-256.919;-255.996;6.464;82;200;30;13:18:58.827
2562;29.9933;29.8485;27.4071;-256.269;-256.661;-256.864;-256.915;-255.988;6.464;276;200;30;13:18:59.327
2563;29.9855;29.8485;27.3993;-256.262;-256.661;-256.872;-256.919;-255.988;6.464;82;200;30;13:18:59.828
2564;29.9777;29.8407;27.3993;-256.262;-256.661;-256.864;-256.919;-255.988;6.464;179;200;30;13:19:00.327
2565;29.962;29.8485;27.3993;-256.262;-256.653;-256.864;-256.919;-255.988;6.464;276;200;30;13:19:00.827
2566;29.9698;29.8407;27.3993;-256.269;-256.661;-256.864;-256.919;-255.996;6.464;470;200;30;13:19:01.327
2567;29.9542;29.8407;27.4071;-256.262;-256.653;-256.864;-256.927;-255.996;6.464;373;200;30;13:19:01.826
2568;29.9464;29.8407;27.3993;-256.262;-256.661;-256.864;-256.919;-255.988;6.464;567;200;30;13:19:02.327
2569;29.962;29.8329;27.3993;-256.262;-256.653;-256.864;-256.919;-255.988;6.464;663;200;30;13:19:02.827
2570;29.962;29.8407;27.4071;-256.262;-256.661;-256.864;-256.927;-255.996;6.464;470;200;30;13:19:03.327
2571;29.9542;29.8329;27.4071;-256.262;-256.661;-256.864;-256.919;-255.988;6.464;470;200;30;13:19:03.827
2572;29.9464;29.8251;27.3993;-256.262;-256.661;-256.872;-256.935;-255.988;6.464;567;200;30;13:19:04.327
2573;29.9542;29.8251;27.4071;-256.262;-256.668;-256.872;-256.919;-255.988;6.464;663;200;30;13:19:04.827
2574;29.9464;29.8172;27.3993;-256.262;-256.661;-256.864;-256.927;-255.98;6.464;567;200;30;13:19:05.327
2575;29.9385;29.8172;27.4071;-256.262;-256.661;-256.864;-256.927;-255.988;6.464;663;200;30;13:19:05.825
2576;29.9464;29.8094;27.415;-256.269;-256.668;-256.872;-256.919;-255.98;6.464;760;200;30;13:19:06.327
2577;29.9464;29.8094;27.3993;-256.262;-256.661;-256.864;-256.927;-255.988;6.464;663;200;30;13:19:06.827
2578;29.9542;29.8016;27.4071;-256.262;-256.668;-256.872;-256.923;-255.988;6.464;663;200;30;13:19:07.327
2579;29.9464;29.8016;27.4071;-256.262;-256.661;-256.88;-256.919;-255.988;6.464;567;200;30;13:19:07.827
2580;29.9542;29.7938;27.4071;-256.262;-256.661;-256.872;-256.927;-255.98;6.464;663;200;30;13:19:08.326
2581;29.9542;29.7938;27.4071;-256.262;-256.661;-256.88;-256.915;-255.98;6.464;567;200;30;13:19:08.827
2582;29.9542;29.7859;27.415;-256.269;-256.661;-256.872;-256.919;-255.98;6.464;567;200;30;13:19:09.327
2583;29.9542;29.7938;27.415;-256.254;-256.661;-256.872;-256.919;-255.988;6.464;567;200;30;13:19:09.827
2584;29.962;29.7938;27.4071;-256.262;-256.668;-256.864;-256.919;-255.988;6.464;567;200;30;13:19:10.327
2585;29.962;29.7781;27.415;-256.262;-256.661;-256.872;-256.919;-255.988;6.464;470;200;30;13:19:10.826
2586;29.962;29.7859;27.4071;-256.262;-256.668;-256.872;-256.927;-255.988;6.464;470;200;30;13:19:11.327
2587;29.9698;29.7781;27.4071;-256.262;-256.661;-256.872;-256.915;-255.988;6.464;470;200;30;13:19:11.827
2588;29.962;29.7859;27.415;-256.254;-256.661;-256.872;-256.919;-255.98;6.464;373;200;30;13:19:12.327
2589;29.9542;29.7859;27.4071;-256.262;-256.668;-256.872;-256.919;-255.988;6.464;470;200;30;13:19:12.826
2590;29.962;29.7781;27.4071;-256.262;-256.668;-256.872;-256.919;-255.988;6.464;567;200;30;13:19:13.327
2591;29.962;29.7781;27.415;-256.254;-256.661;-256.864;-256.919;-255.988;6.464;470;200;30;13:19:13.826
2592;29.9542;29.7781;27.4071;-256.262;-256.661;-256.864;-256.923;-255.988;6.464;470;200;30;13:19:14.327
2593;29.9698;29.7859;27.415;-256.262;-256.661;-256.872;-256.915;-255.988;6.464;567;200;30;13:19:14.827
2594;29.962;29.7859;27.4228;-256.262;-256.661;-256.864;-256.919;-255.996;6.464;373;200;30;13:19:15.325
2595;29.9777;29.7859;27.4071;-256.262;-256.661;-256.872;-256.919;-255.988;6.464;470;200;30;13:19:15.827
2596;29.9698;29.7781;27.415;-256.262;-256.668;-256.872;-256.915;-255.98;6.464;276;200;30;13:19:16.327
2597;29.9855;29.7859;27.4071;-256.269;-256.661;-256.864;-256.919;-255.988;6.464;373;200;30;13:19:16.827
2598;29.9855;29.7781;27.415;-256.262;-256.661;-256.872;-256.915;-255.988;6.464;179;200;30;13:19:17.326
2599;29.9855;29.7781;27.4228;-256.262;-256.661;-256.864;-256.927;-255.988;6.464;179;200;30;13:19:17.826
2600;29.9855;29.7703;27.4228;-256.269;-256.661;-256.872;-256.919;-255.988;6.464;179;200;30;13:19:18.326
2601;29.9933;29.7703;27.4306;-256.254;-256.653;-256.864;-256.919;-255.988;6.464;179;200;30;13:19:18.826
2602;29.9855;29.7703;27.415;-256.262;-256.661;-256.872;-256.919;-255.988;6.464;82;200;30;13:19:19.326
2603;29.9933;29.7703;27.4228;-256.262;-256.661;-256.872;-256.927;-255.988;6.464;179;200;30;13:19:19.825
2604;29.9933;29.7625;27.4306;-256.262;-256.668;-256.864;-256.919;-255.988;6.464;82;200;30;13:19:20.327
2605;29.9855;29.7625;27.415;-256.262;-256.661;-256.872;-256.915;-255.988;6.464;82;200;30;13:19:20.827
2606;29.9855;29.7546;27.4228;-256.262;-256.668;-256.864;-256.927;-255.988;6.464;179;200;30;13:19:21.327
2607;29.9777;29.7546;27.4228;-256.262;-256.661;-256.872;-256.919;-255.988;6.464;179;200;30;13:19:21.827
2608;29.9777;29.7546;27.415;-256.262;-256.661;-256.864;-256.919;-255.988;6.464;276;200;30;13:19:22.327
2609;29.9855;29.7468;27.4228;-256.269;-256.661;-256.864;-256.915;-255.988;6.464;276;200;30;13:19:22.826
2610;29.9777;29.7468;27.415;-256.254;-256.661;-256.864;-256.927;-255.98;6.464;179;200;30;13:19:23.326
2611;29.9777;29.739;27.415;-256.262;-256.653;-256.864;-256.919;-255.988;6.464;276;200;30;13:19:23.827
2612;29.9698;29.7468;27.415;-256.269;-256.661;-256.864;-256.919;-255.988;6.464;276;200;30;13:19:24.326
2613;29.9542;29.7312;27.4228;-256.262;-256.661;-256.864;-256.927;-255.996;6.464;373;200;30;13:19:24.826
2614;29.962;29.7312;27.415;-256.262;-256.661;-256.864;-256.919;-255.98;6.464;567;200;30;13:19:25.326
2615;29.9542;29.7233;27.4228;-256.269;-256.653;-256.864;-256.919;-255.988;6.464;470;200;30;13:19:25.827
2616;29.9542;29.7312;27.415;-256.262;-256.661;-256.864;-256.919;-255.988;6.464;567;200;30;13:19:26.327
2617;29.9464;29.7233;27.4228;-256.262;-256.661;-256.864;-256.919;-255.988;6.464;567;200;30;13:19:26.826
2618;29.9542;29.7233;27.415;-256.262;-256.653;-256.864;-256.927;-255.988;6.464;663;200;30;13:19:27.326
2619;29.9464;29.7233;27.415;-256.262;-256.661;-256.856;-256.927;-255.988;6.464;567;200;30;13:19:27.827
2620;29.9542;29.7155;27.415;-256.262;-256.661;-256.864;-256.919;-255.988;6.464;663;200;30;13:19:28.326
2621;29.9542;29.7155;27.4228;-256.262;-256.661;-256.864;-256.927;-255.988;6.464;567;200;30;13:19:28.827
2622;29.9464;29.7155;27.415;-256.262;-256.653;-256.864;-256.927;-255.988;6.464;567;200;30;13:19:29.326
2623;29.9542;29.7077;27.4228;-256.262;-256.653;-256.856;-256.927;-255.988;6.464;663;200;30;13:19:29.826
2624;29.9542;29.7233;27.415;-256.262;-256.661;-256.864;-256.942;-255.98;6.464;567;200;30;13:19:30.327
2625;29.9542;29.7155;27.4306;-256.262;-256.661;-256.872;-256.919;-255.988;6.464;567;200;30;13:19:30.827
2626;29.9542;29.7077;27.4228;-256.254;-256.661;-256.864;-256.927;-255.988;6.464;567;200;30;13:19:31.327
2627;29.962;29.7077;27.4228;-256.269;-256.661;-256.864;-256.927;-255.98;6.464;567;200;30;13:19:31.828
2628;29.9542;29.7155;27.4306;-256.262;-256.653;-256.872;-256.927;-255.988;6.464;470;200;30;13:19:32.327
2629;29.962;29.7233;27.4306;-256.262;-256.661;-256.864;-256.927;-255.988;6.464;567;200;30;13:19:32.827
2630;29.962;29.7077;27.4228;-256.262;-256.661;-256.872;-256.927;-255.988;6.464;470;200;30;13:19:33.327
2631;29.962;29.7155;27.4306;-256.269;-256.661;-256.872;-256.935;-255.996;6.464;470;200;30;13:19:33.828
2632;29.962;29.7233;27.4306;-256.269;-256.653;-256.872;-256.935;-255.98;6.464;470;200;30;13:19:34.328
2633;29.9698;29.7155;27.4228;-256.262;-256.661;-256.864;-256.927;-255.988;6.464;470;200;30;13:19:34.827
2634;29.9698;29.7077;27.4306;-256.262;-256.661;-256.872;-256.927;-255.988;6.464;373;200;30;13:19:35.328
2635;29.9698;29.7155;27.4228;-256.269;-256.661;-256.872;-256.919;-255.98;6.464;373;200;30;13:19:35.828
2636;29.9698;29.7155;27.4306;-256.262;-256.661;-256.872;-256.919;-255.988;6.464;373;200;30;13:19:36.328
2637;29.9777;29.7233;27.4228;-256.269;-256.661;-256.864;-256.919;-255.988;6.464;373;200;30;13:19:36.829
2638;29.9933;29.7155;27.4228;-256.269;-256.661;-256.864;-256.919;-255.98;6.464;276;200;30;13:19:37.328
2639;29.9855;29.7233;27.4228;-256.269;-256.668;-256.864;-256.919;-255.988;6.464;82;200;30;13:19:37.829
2640;29.9855;29.7155;27.4306;-256.269;-256.661;-256.864;-256.919;-255.988;6.464;179;200;30;13:19:38.328
2641;29.9855;29.7155;27.4306;-256.262;-256.661;-256.864;-256.923;-255.98;6.464;179;200;30;13:19:38.828
2642;29.9855;29.7155;27.4228;-256.269;-256.668;-256.872;-256.927;-255.988;6.464;179;200;30;13:19:39.329
2643;29.9855;29.7233;27.4306;-256.269;-256.661;-256.872;-256.919;-255.988;6.464;179;200;30;13:19:39.828
2644;29.9855;29.7155;27.4228;-256.269;-256.661;-256.864;-256.919;-255.988;6.464;179;200;30;13:19:40.328
2645;29.9777;29.7155;27.4228;-256.262;-256.661;-256.872;-256.927;-255.98;6.464;179;200;30;13:19:40.828
2646;29.9855;29.7077;27.4071;-256.269;-256.661;-256.872;-256.927;-255.996;6.464;276;200;30;13:19:41.328
2647;29.9777;29.7077;27.4228;-256.269;-256.668;-256.872;-256.927;-255.988;6.464;179;200;30;13:19:41.828
2648;29.9777;29.7077;27.415;-256.269;-256.668;-256.864;-256.919;-255.988;6.464;276;200;30;13:19:42.329
2649;29.9777;29.6999;27.415;-256.269;-256.661;-256.872;-256.927;-255.988;6.464;276;200;30;13:19:42.828
2650;29.9777;29.692;27.4071;-256.269;-256.661;-256.88;-256.927;-255.988;6.464;276;200;30;13:19:43.328
2651;29.9698;29.6999;27.415;-256.269;-256.668;-256.864;-256.919;-255.988;6.464;276;200;30;13:19:43.828
2652;29.962;29.692;27.415;-256.262;-256.661;-256.872;-256.919;-255.988;6.464;373;200;30;13:19:44.328
2653;29.962;29.6842;27.4228;-256.269;-256.661;-256.872;-256.927;-255.988;6.464;470;200;30;13:19:44.828
2654;29.962;29.692;27.415;-256.262;-256.653;-256.872;-256.919;-255.988;6.464;470;200;30;13:19:45.329
2655;29.9542;29.6764;27.415;-256.269;-256.661;-256.872;-256.915;-255.996;6.464;470;200;30;13:19:45.828
2656;29.9542;29.692;27.415;-256.269;-256.653;-256.864;-256.919;-255.98;6.464;567;200;30;13:19:46.329
2657;29.962;29.6764;27.415;-256.262;-256.653;-256.88;-256.915;-255.996;6.464;567;200;30;13:19:46.829
2658;29.9464;29.6842;27.415;-256.262;-256.661;-256.872;-256.915;-255.988;6.464;470;200;30;13:19:47.328
2659;29.9464;29.6842;27.415;-256.262;-256.661;-256.872;-256.919;-255.996;6.464;663;200;30;13:19:47.828
2660;29.9542;29.6764;27.4071;-256.262;-256.653;-256.872;-256.915;-255.988;6.464;663;200;30;13:19:48.328
2661;29.9464;29.6764;27.4071;-256.262;-256.653;-256.872;-256.919;-255.996;6.464;567;200;30;13:19:48.829
2662;29.9464;29.6764;27.4071;-256.262;-256.653;-256.872;-256.927;-255.996;6.464;663;200;30;13:19:49.328
2663;29.9542;29.6764;27.4071;-256.262;-256.653;-256.872;-256.919;-255.988;6.464;663;200;30;13:19:49.829
2664;29.9542;29.6686;27.4071;-256.262;-256.653;-256.872;-256.915;-255.996;6.464;567;200;30;13:19:50.328
2665;29.9542;29.6764;27.4071;-256.269;-256.653;-256.872;-256.923;-255.988;6.464;567;200;30;13:19:50.828
2666;29.962;29.6764;27.3993;-256.269;-256.645;-256.872;-256.919;-255.988;6.464;567;200;30;13:19:51.328
2667;29.962;29.6686;27.4071;-256.269;-256.653;-256.872;-256.919;-255.988;6.464;470;200;30;13:19:51.828
2668;29.9698;29.6686;27.4071;-256.262;-256.653;-256.864;-256.927;-255.996;6.464;470;200;30;13:19:52.329
2669;29.962;29.6764;27.4071;-256.269;-256.661;-256.872;-256.919;-255.988;6.464;373;200;30;13:19:52.829
2670;29.9698;29.6764;27.3993;-256.269;-256.653;-256.872;-256.919;-255.98;6.464;470;200;30;13:19:53.328
2671;29.962;29.6686;27.4071;-256.262;-256.653;-256.872;-256.927;-255.996;6.464;373;200;30;13:19:53.829
2672;29.9698;29.6764;27.3993;-256.269;-256.661;-256.88;-256.919;-255.988;6.464;470;200;30;13:19:54.328
2673;29.9698;29.6764;27.3993;-256.262;-256.653;-256.872;-256.919;-255.988;6.464;373;200;30;13:19:54.828
2674;29.9777;29.6764;27.4071;-256.269;-256.661;-256.88;-256.923;-255.996;6.464;373;200;30;13:19:55.330
2675;29.9777;29.6842;27.3993;-256.262;-256.653;-256.872;-256.919;-255.996;6.464;276;200;30;13:19:55.828
2676;29.9777;29.6764;27.3993;-256.269;-256.661;-256.872;-256.919;-255.988;6.464;276;200;30;13:19:56.329
2677;29.9777;29.6842;27.4071;-256.269;-256.661;-256.872;-256.919;-255.988;6.464;276;200;30;13:19:56.828
2678;29.9855;29.692;27.3993;-256.269;-256.653;-256.872;-256.919;-255.996;6.464;276;200;30;13:19:57.330
2679;29.9698;29.6842;27.4071;-256.269;-256.661;-256.872;-256.919;-255.988;6.464;179;200;30;13:19:57.830
2680;29.9698;29.6842;27.4071;-256.262;-256.661;-256.872;-256.915;-255.996;6.464;373;200;30;13:19:58.328
2681;29.9698;29.6842;27.415;-256.269;-256.661;-256.872;-256.927;-255.988;6.464;373;200;30;13:19:58.829
2682;29.9698;29.6764;27.4071;-256.269;-256.661;-256.872;-256.927;-255.996;6.464;373;200;30;13:19:59.329
2683;29.9698;29.6764;27.415;-256.262;-256.653;-256.872;-256.919;-255.988;6.464;373;200;30;13:19:59.831
2684;29.9698;29.6842;27.3993;-256.269;-256.653;-256.872;-256.915;-255.988;6.464;373;200;30;13:20:00.330
2685;29.9698;29.6764;27.4071;-256.269;-256.653;-256.872;-256.927;-255.996;6.464;373;200;30;13:20:00.829
2686;29.9698;29.6764;27.3993;-256.269;-256.653;-256.864;-256.919;-255.988;6.464;373;200;30;13:20:01.329
2687;29.9698;29.6842;27.4071;-256.269;-256.653;-256.872;-256.919;-255.988;6.464;373;200;30;13:20:01.828
2688;29.9698;29.6764;27.4071;-256.262;-256.661;-256.872;-256.927;-255.996;6.464;373;200;30;13:20:02.328
2689;29.9777;29.6686;27.4071;-256.277;-256.653;-256.872;-256.935;-255.988;6.464;373;200;30;13:20:02.829
2690;29.9777;29.6842;27.3993;-256.262;-256.661;-256.872;-256.927;-255.996;6.464;276;200;30;13:20:03.329
2691;29.9777;29.6764;27.4071;-256.269;-256.653;-256.872;-256.927;-255.988;6.464;276;200;30;13:20:03.830
2692;29.9855;29.6764;27.4071;-256.269;-256.653;-256.872;-256.927;-255.996;6.464;276;200;30;13:20:04.329
2693;29.9777;29.6764;27.4071;-256.269;-256.653;-256.872;-256.935;-255.988;6.464;179;200;30;13:20:04.829
2694;29.9855;29.6764;27.4071;-256.269;-256.661;-256.872;-256.919;-255.988;6.464;276;200;30;13:20:05.329
2695;29.9777;29.6764;27.4071;-256.269;-256.653;-256.864;-256.927;-255.98;6.464;179;200;30;13:20:05.828
2696;29.9855;29.6686;27.4071;-256.269;-256.661;-256.872;-256.919;-255.988;6.464;276;200;30;13:20:06.329
2697;29.9777;29.6686;27.4071;-256.269;-256.653;-256.872;-256.919;-255.988;6.464;179;200;30;13:20:06.829
2698;29.9855;29.6764;27.3993;-256.269;-256.661;-256.88;-256.919;-255.98;6.464;276;200;30;13:20:07.330
2699;29.9698;29.6686;27.4071;-256.269;-256.653;-256.872;-256.927;-255.988;6.464;179;200;30;13:20:07.829
2700;29.9698;29.6607;27.4071;-256.269;-256.661;-256.872;-256.919;-255.996;6.464;373;200;30;13:20:08.329
2701;29.9698;29.6607;27.415;-256.269;-256.653;-256.872;-256.915;-255.988;6.464;373;200;30;13:20:08.829
2702;29.9698;29.6529;27.4071;-256.269;-256.653;-256.872;-256.919;-255.988;6.464;373;200;30;13:20:09.329
2703;29.962;29.6529;27.415;-256.269;-256.653;-256.872;-256.915;-255.988;6.464;373;200;30;13:20:09.829
2704;29.962;29.6529;27.4071;-256.269;-256.661;-256.864;-256.915;-255.996;6.464;470;200;30;13:20:10.329
2705;29.962;29.649;27.4071;-256.262;-256.653;-256.872;-256.919;-255.988;6.464;470;200;30;13:20:10.829
2706;29.9542;29.6529;27.415;-256.269;-256.645;-256.864;-256.915;-255.988;6.464;470;200;30;13:20:11.330
2707;29.962;29.649;27.4071;-256.262;-256.653;-256.872;-256.919;-255.988;6.464;567;200;30;13:20:11.829
2708;29.962;29.6451;27.415;-256.269;-256.645;-256.864;-256.919;-255.988;6.464;470;200;30;13:20:12.329
2709;29.962;29.649;27.415;-256.262;-256.653;-256.872;-256.927;-255.988;6.464;470;200;30;13:20:12.829
2710;29.962;29.6451;27.4228;-256.262;-256.645;-256.872;-256.927;-255.988;6.464;470;200;30;13:20:13.330
2711;29.9698;29.649;27.415;-256.262;-256.661;-256.872;-256.919;-255.988;6.464;470;200;30;13:20:13.829
2712;29.9698;29.649;27.4071;-256.262;-256.653;-256.872;-256.919;-255.996;6.464;373;200;30;13:20:14.329
2713;29.962;29.6529;27.4228;-256.262;-256.653;-256.872;-256.919;-255.988;6.464;373;200;30;13:20:14.829
2714;29.962;29.649;27.415;-256.269;-256.661;-256.88;-256.923;-255.98;6.464;470;200;30;13:20:15.330
2715;29.9698;29.649;27.415;-256.262;-256.661;-256.872;-256.927;-255.988;6.464;470;200;30;13:20:15.829
2716;29.9698;29.649;27.4228;-256.254;-256.653;-256.872;-256.919;-255.996;6.464;373;200;30;13:20:16.329
2717;29.9698;29.6412;27.4228;-256.262;-256.653;-256.872;-256.919;-255.988;6.464;373;200;30;13:20:16.829
2718;29.9777;29.6451;27.415;-256.262;-256.653;-256.872;-256.927;-255.98;6.464;373;200;30;13:20:17.329
2719;29.9855;29.6451;27.415;-256.262;-256.653;-256.872;-256.919;-255.988;6.464;276;200;30;13:20:17.829
2720;29.9855;29.649;27.415;-256.262;-256.661;-256.864;-256.927;-255.98;6.464;179;200;30;13:20:18.329
2721;29.9855;29.6451;27.415;-256.269;-256.661;-256.872;-256.919;-255.988;6.464;179;200;30;13:20:18.829
2722;29.9777;29.649;27.415;-256.262;-256.653;-256.872;-256.935;-255.988;6.464;179;200;30;13:20:19.329
2723;29.9855;29.649;27.4071;-256.262;-256.661;-256.872;-256.927;-255.98;6.464;276;200;30;13:20:19.829
2724;29.9855;29.649;27.415;-256.262;-256.661;-256.872;-256.927;-255.98;6.464;179;200;30;13:20:20.330
2725;29.9777;29.6451;27.4071;-256.262;-256.661;-256.872;-256.927;-255.98;6.464;179;200;30;13:20:20.829
2726;29.9777;29.6529;27.4071;-256.262;-256.653;-256.872;-256.919;-255.98;6.464;276;200;30;13:20:21.330
2727;29.9855;29.649;27.415;-256.262;-256.661;-256.872;-256.919;-255.98;6.464;276;200;30;13:20:21.830
2728;29.9698;29.649;27.415;-256.262;-256.653;-256.872;-256.927;-255.988;6.464;179;200;30;13:20:22.329
2729;29.9698;29.649;27.415;-256.262;-256.653;-256.864;-256.927;-255.988;6.464;373;200;30;13:20:22.830
2730;29.9698;29.6451;27.4228;-256.262;-256.661;-256.872;-256.927;-255.988;6.464;373;200;30;13:20:23.330
2731;29.962;29.6451;27.415;-256.262;-256.653;-256.872;-256.919;-255.988;6.464;373;200;30;13:20:23.830
2732;29.9698;29.6451;27.415;-256.262;-256.645;-256.872;-256.919;-255.996;6.464;470;200;30;13:20:24.330
2733;29.9542;29.6412;27.415;-256.262;-256.653;-256.872;-256.927;-255.988;6.464;373;200;30;13:20:24.830
2734;29.9542;29.6451;27.415;-256.262;-256.653;-256.872;-256.919;-255.988;6.464;567;200;30;13:20:25.330
2735;29.9542;29.6412;27.415;-256.262;-256.653;-256.872;-256.919;-255.988;6.464;567;200;30;13:20:25.830
2736;29.962;29.6412;27.4071;-256.254;-256.645;-256.88;-256.923;-255.988;6.464;567;200;30;13:20:26.329
2737;29.9464;29.6412;27.415;-256.262;-256.653;-256.872;-256.927;-255.988;6.464;470;200;30;13:20:26.830
2738;29.9542;29.6412;27.415;-256.254;-256.645;-256.872;-256.927;-255.988;6.464;663;200;30;13:20:27.329
2739;29.9542;29.6412;27.415;-256.254;-256.653;-256.872;-256.927;-255.98;6.464;567;200;30;13:20:27.830
2740;29.9542;29.6412;27.4228;-256.254;-256.653;-256.864;-256.927;-255.988;6.464;567;200;30;13:20:28.330
2741;29.9698;29.6412;27.4228;-256.262;-256.653;-256.872;-256.927;-255.988;6.464;567;200;30;13:20:28.830
2742;29.962;29.6412;27.415;-256.262;-256.653;-256.864;-256.919;-255.98;6.464;373;200;30;13:20:29.330
2743;29.962;29.6373;27.4228;-256.262;-256.645;-256.88;-256.927;-255.98;6.464;470;200;30;13:20:29.830
2744;29.962;29.6412;27.4228;-256.262;-256.653;-256.872;-256.927;-255.98;6.464;470;200;30;13:20:30.330
2745;29.962;29.6451;27.415;-256.269;-256.661;-256.864;-256.919;-255.988;6.464;470;200;30;13:20:30.830
2746;29.9698;29.6451;27.415;-256.262;-256.653;-256.872;-256.927;-255.98;6.464;470;200;30;13:20:31.330
2747;29.9777;29.6412;27.4228;-256.262;-256.653;-256.864;-256.927;-255.988;6.464;373;200;30;13:20:31.830
2748;29.9855;29.6412;27.415;-256.262;-256.661;-256.864;-256.927;-255.98;6.464;276;200;30;13:20:32.329
2749;29.9855;29.6412;27.415;-256.254;-256.653;-256.864;-256.927;-255.988;6.464;179;200;30;13:20:32.831
2750;29.9855;29.6412;27.415;-256.262;-256.661;-256.864;-256.919;-255.988;6.464;179;200;30;13:20:33.330
2751;29.9855;29.6451;27.4228;-256.262;-256.661;-256.864;-256.919;-255.988;6.464;179;200;30;13:20:33.829
2752;29.9855;29.6412;27.415;-256.262;-256.653;-256.872;-256.919;-255.988;6.464;179;200;30;13:20:34.331
2753;29.9777;29.6451;27.4228;-256.262;-256.668;-256.856;-256.927;-255.988;6.464;179;200;30;13:20:34.830
2754;29.9855;29.6451;27.415;-256.254;-256.661;-256.872;-256.919;-255.988;6.464;276;200;30;13:20:35.329
2755;29.9777;29.6412;27.4228;-256.262;-256.653;-256.864;-256.927;-255.996;6.464;179;200;30;13:20:35.830
2756;29.9855;29.6412;27.415;-256.262;-256.668;-256.856;-256.927;-255.988;6.464;276;200;30;13:20:36.329
2757;29.9777;29.6412;27.4228;-256.262;-256.661;-256.864;-256.927;-255.988;6.464;179;200;30;13:20:36.828
2758;29.9777;29.6412;27.4228;-256.269;-256.653;-256.864;-256.919;-255.98;6.464;276;200;30;13:20:37.330
2759;29.9855;29.6412;27.4228;-256.262;-256.661;-256.872;-256.927;-255.988;6.464;276;200;30;13:20:37.830
2760;29.9777;29.6373;27.4306;-256.262;-256.668;-256.872;-256.919;-255.988;6.464;179;200;30;13:20:38.330
2761;29.9777;29.6373;27.4228;-256.262;-256.661;-256.872;-256.927;-255.988;6.464;276;200;30;13:20:38.830
2762;29.9855;29.6412;27.4306;-256.269;-256.661;-256.872;-256.927;-255.988;6.464;276;200;30;13:20:39.330
2763;29.9698;29.6373;27.4306;-256.262;-256.661;-256.864;-256.927;-255.98;6.464;179;200;30;13:20:39.829
2764;29.9698;29.6334;27.4228;-256.254;-256.653;-256.872;-256.927;-255.988;6.464;373;200;30;13:20:40.329
2765;29.9698;29.6334;27.4306;-256.269;-256.653;-256.864;-256.935;-255.98;6.464;373;200;30;13:20:40.830
2766;29.9698;29.6294;27.4384;-256.262;-256.661;-256.872;-256.935;-255.988;6.464;373;200;30;13:20:41.330
2767;29.962;29.6255;27.4306;-256.262;-256.653;-256.864;-256.927;-255.98;6.464;373;200;30;13:20:41.829
2768;29.962;29.6334;27.4384;-256.262;-256.653;-256.872;-256.935;-255.988;6.464;470;200;30;13:20:42.330
2769;29.9542;29.6334;27.4306;-256.262;-256.653;-256.864;-256.935;-255.98;6.464;470;200;30;13:20:42.830
2770;29.9542;29.6177;27.4306;-256.262;-256.661;-256.864;-256.927;-255.98;6.464;567;200;30;13:20:43.330
2771;29.962;29.6255;27.4306;-256.254;-256.661;-256.872;-256.927;-255.98;6.464;567;200;30;13:20:43.829
2772;29.9542;29.6177;27.4306;-256.262;-256.653;-256.864;-256.927;-255.98;6.464;470;200;30;13:20:44.330
2773;29.962;29.6255;27.4306;-256.269;-256.653;-256.872;-256.927;-255.972;6.464;567;200;30;13:20:44.831
2774;29.962;29.6177;27.4306;-256.262;-256.661;-256.872;-256.919;-255.98;6.464;470;200;30;13:20:45.329
2775;29.962;29.6099;27.4306;-256.269;-256.653;-256.872;-256.919;-255.98;6.464;470;200;30;13:20:45.829
2776;29.9542;29.6177;27.4384;-256.269;-256.653;-256.864;-256.919;-255.98;6.464;470;200;30;13:20:46.329
2777;29.962;29.6255;27.4384;-256.269;-256.661;-256.872;-256.927;-255.988;6.464;567;200;30;13:20:46.830
2778;29.962;29.6099;27.4306;-256.269;-256.661;-256.864;-256.927;-255.988;6.464;470;200;30;13:20:47.330
2779;29.962;29.6255;27.4228;-256.262;-256.661;-256.872;-256.927;-255.988;6.464;470;200;30;13:20:47.831
2780;29.962;29.6177;27.4306;-256.269;-256.653;-256.864;-256.915;-255.98;6.464;470;200;30;13:20:48.331
2781;29.962;29.6255;27.4306;-256.262;-256.661;-256.872;-256.919;-255.98;6.464;470;200;30;13:20:48.831
2782;29.9698;29.6255;27.4306;-256.269;-256.661;-256.864;-256.915;-255.98;6.464;470;200;30;13:20:49.330
2783;29.9698;29.6334;27.4306;-256.262;-256.661;-256.872;-256.919;-255.988;6.464;373;200;30;13:20:49.830
2784;29.962;29.6255;27.4306;-256.262;-256.661;-256.864;-256.919;-255.98;6.464;373;200;30;13:20:50.329
2785;29.9698;29.6294;27.4306;-256.262;-256.661;-256.864;-256.923;-255.98;6.464;470;200;30;13:20:50.830
2786;29.9777;29.6334;27.4306;-256.262;-256.661;-256.864;-256.919;-255.98;6.464;373;200;30;13:20:51.330
2787;29.9855;29.6334;27.4306;-256.269;-256.661;-256.872;-256.927;-255.988;6.464;276;200;30;13:20:51.830
2788;29.9777;29.6334;27.4384;-256.254;-256.661;-256.88;-256.927;-255.98;6.464;179;200;30;13:20:52.329
2789;29.9933;29.6334;27.4306;-256.262;-256.661;-256.872;-256.935;-255.98;6.464;276;200;30;13:20:52.830
2790;29.9933;29.6334;27.4306;-256.262;-256.653;-256.872;-256.927;-255.98;6.464;82;200;30;13:20:53.329
2791;29.9933;29.6255;27.4306;-256.269;-256.661;-256.872;-256.935;-255.98;6.464;82;200;30;13:20:53.830
2792;29.9933;29.6334;27.4228;-256.262;-256.661;-256.88;-256.935;-255.988;6.464;82;200;30;13:20:54.329
2793;30.0011;29.6334;27.4228;-256.262;-256.661;-256.864;-256.942;-255.988;6.464;82;200;30;13:20:54.830
2794;30.0011;29.6255;27.4228;-256.269;-256.668;-256.88;-256.935;-255.98;6.464;None;200;30;13:20:55.330
2795;30.0011;29.6255;27.4306;-256.262;-256.668;-256.872;-256.935;-255.988;6.464;None;200;30;13:20:55.830
2796;30.0011;29.6177;27.4228;-256.262;-256.661;-256.88;-256.927;-255.988;6.464;None;200;30;13:20:56.331
2797;30.0011;29.6255;27.4228;-256.262;-256.668;-256.864;-256.935;-255.988;6.464;None;200;30;13:20:56.829
2798;29.9933;29.6177;27.4228;-256.262;-256.668;-256.88;-256.935;-255.98;6.464;None;200;30;13:20:57.331
2799;29.9777;29.6021;27.4228;-256.262;-256.661;-256.872;-256.935;-255.988;6.464;82;200;30;13:20:57.830
2800;29.9933;29.6099;27.415;-256.254;-256.661;-256.88;-256.927;-255.988;6.464;276;200;30;13:20:58.332
2801;29.9777;29.6021;27.415;-256.269;-256.661;-256.872;-256.927;-255.988;6.464;82;200;30;13:20:58.829
2802;29.9855;29.6021;27.415;-256.262;-256.661;-256.872;-256.919;-255.988;6.464;276;200;30;13:20:59.331
2803;29.9542;29.5864;27.415;-256.254;-256.661;-256.872;-256.935;-255.996;6.464;179;200;30;13:20:59.830
2804;29.9464;29.5786;27.4228;-256.254;-256.661;-256.872;-256.919;-255.988;6.464;567;200;30;13:21:00.332
2805;29.9464;29.5864;27.415;-256.254;-256.661;-256.872;-256.919;-255.996;6.464;663;200;30;13:21:00.832
2806;29.9464;29.5864;27.415;-256.262;-256.653;-256.872;-256.919;-255.996;6.464;663;200;30;13:21:01.330
2807;29.9385;29.5786;27.4228;-256.254;-256.661;-256.864;-256.927;-255.988;6.464;663;200;30;13:21:01.831
2808;29.9307;29.5708;27.4228;-256.254;-256.653;-256.872;-256.919;-255.988;6.464;760;200;30;13:21:02.331
2809;29.9229;29.5786;27.415;-256.254;-256.661;-256.872;-256.919;-255.98;6.464;857;200;30;13:21:02.831
2810;29.9151;29.5708;27.415;-256.254;-256.661;-256.864;-256.919;-255.988;6.464;954;200;30;13:21:03.331
2811;29.9229;29.5708;27.415;-256.258;-256.653;-256.872;-256.927;-255.98;6.464;1051;200;30;13:21:03.831
2812;29.9151;29.5551;27.4228;-256.258;-256.653;-256.872;-256.919;-255.988;6.464;954;200;30;13:21:04.330
2813;29.9229;29.5629;27.415;-256.262;-256.661;-256.872;-256.919;-255.98;6.464;1051;200;30;13:21:04.831
2814;29.9229;29.5629;27.415;-256.254;-256.661;-256.872;-256.919;-255.988;6.464;954;200;30;13:21:05.331
2815;29.9072;29.5629;27.415;-256.254;-256.661;-256.864;-256.927;-255.996;6.464;954;200;30;13:21:05.831
2816;29.9151;29.5629;27.415;-256.254;-256.661;-256.872;-256.919;-255.988;6.464;1148;200;30;13:21:06.330
2817;29.9151;29.5629;27.415;-256.262;-256.653;-256.864;-256.931;-255.988;6.464;1051;200;30;13:21:06.831
2818;29.9151;29.5629;27.4071;-256.262;-256.661;-256.872;-256.915;-255.988;6.464;1051;200;30;13:21:07.331
2819;29.9151;29.5708;27.4071;-256.254;-256.661;-256.872;-256.927;-255.988;6.464;1051;200;30;13:21:07.831
2820;29.9151;29.5629;27.415;-256.258;-256.653;-256.872;-256.931;-255.988;6.464;1051;200;30;13:21:08.330
2821;29.9229;29.5629;27.415;-256.258;-256.661;-256.864;-256.927;-255.996;6.464;1051;200;30;13:21:08.831
2822;29.9229;29.5629;27.415;-256.254;-256.661;-256.872;-256.919;-255.988;6.464;954;200;30;13:21:09.331
2823;29.9151;29.5629;27.4228;-256.262;-256.661;-256.872;-256.927;-255.996;6.464;954;200;30;13:21:09.831
2824;29.9307;29.5708;27.415;-256.254;-256.653;-256.872;-256.919;-255.988;6.464;1051;200;30;13:21:10.330
2825;29.9151;29.5629;27.415;-256.262;-256.661;-256.864;-256.919;-255.996;6.464;857;200;30;13:21:10.833
2826;29.9307;29.5786;27.415;-256.262;-256.661;-256.872;-256.927;-255.996;6.464;1051;200;30;13:21:11.331
2827;29.9229;29.5786;27.4228;-256.254;-256.661;-256.872;-256.919;-255.996;6.464;857;200;30;13:21:11.831
2828;29.9229;29.5708;27.4228;-256.254;-256.653;-256.872;-256.927;-255.988;6.464;954;200;30;13:21:12.331
2829;29.9151;29.5708;27.4228;-256.262;-256.661;-256.872;-256.919;-255.996;6.464;954;200;30;13:21:12.831
2830;29.9307;29.5708;27.415;-256.254;-256.661;-256.872;-256.927;-255.988;6.464;1051;200;30;13:21:13.332
2831;29.9307;29.5786;27.4228;-256.262;-256.661;-256.872;-256.927;-255.996;6.464;857;200;30;13:21:13.831
2832;29.9307;29.5708;27.4228;-256.254;-256.653;-256.872;-256.935;-255.988;6.464;857;200;30;13:21:14.331
2833;29.9385;29.5786;27.415;-256.254;-256.661;-256.872;-256.927;-255.996;6.464;857;200;30;13:21:14.831
2834;29.9385;29.5864;27.4228;-256.262;-256.653;-256.872;-256.919;-255.988;6.464;760;200;30;13:21:15.331
2835;29.9385;29.5786;27.4228;-256.254;-256.661;-256.872;-256.927;-255.988;6.464;760;200;30;13:21:15.832
2836;29.9385;29.5786;27.4228;-256.254;-256.668;-256.864;-256.927;-255.996;6.464;760;200;30;13:21:16.332
2837;29.9542;29.5864;27.4228;-256.262;-256.661;-256.872;-256.919;-255.988;6.464;760;200;30;13:21:16.831
2838;29.9464;29.5864;27.4228;-256.254;-256.653;-256.872;-256.919;-255.988;6.464;567;200;30;13:21:17.331
2839;29.9542;29.5942;27.4228;-256.254;-256.661;-256.872;-256.927;-255.988;6.464;663;200;30;13:21:17.831
2840;29.9542;29.6021;27.4228;-256.262;-256.653;-256.872;-256.919;-255.988;6.464;567;200;30;13:21:18.331
2841;29.9542;29.5942;27.4306;-256.262;-256.661;-256.88;-256.927;-255.996;6.464;567;200;30;13:21:18.831
2842;29.9542;29.6021;27.4228;-256.262;-256.661;-256.872;-256.923;-255.988;6.464;567;200;30;13:21:19.333
2843;29.962;29.6021;27.4306;-256.254;-256.661;-256.872;-256.927;-255.988;6.464;567;200;30;13:21:19.831
2844;29.9698;29.6099;27.4306;-256.262;-256.653;-256.872;-256.919;-255.98;6.464;470;200;30;13:21:20.331
2845;29.962;29.6099;27.4228;-256.254;-256.661;-256.872;-256.919;-255.98;6.464;373;200;30;13:21:20.831
2846;29.9777;29.6099;27.4306;-256.262;-256.661;-256.872;-256.927;-255.98;6.464;470;200;30;13:21:21.331
2847;29.9855;29.6177;27.4384;-256.254;-256.653;-256.872;-256.935;-255.98;6.464;276;200;30;13:21:21.831
2848;29.9855;29.6177;27.4384;-256.262;-256.668;-256.872;-256.927;-255.98;6.464;179;200;30;13:21:22.332
2849;29.9855;29.6099;27.4306;-256.262;-256.661;-256.872;-256.942;-255.988;6.464;179;200;30;13:21:22.831
2850;29.9933;29.6177;27.4384;-256.262;-256.661;-256.872;-256.927;-255.988;6.464;179;200;30;13:21:23.330
2851;29.9933;29.6099;27.4384;-256.269;-256.661;-256.872;-256.935;-255.988;6.464;82;200;30;13:21:23.830
2852;30.0011;29.6177;27.4306;-256.269;-256.661;-256.88;-256.927;-255.988;6.464;82;200;30;13:21:24.331
2853;30.009;29.6177;27.4228;-256.277;-256.668;-256.872;-256.935;-255.988;6.464;None;200;30;13:21:24.831
2854;30.009;29.6255;27.4306;-256.269;-256.668;-256.872;-256.927;-255.988;6.464;None;200;30;13:21:25.332
2855;30.0011;29.6177;27.4306;-256.277;-256.661;-256.872;-256.935;-255.988;6.464;None;200;30;13:21:25.833
2856;30.0011;29.6177;27.4306;-256.277;-256.668;-256.872;-256.935;-255.98;6.464;None;200;30;13:21:26.330
2857;29.9933;29.6177;27.4306;-256.277;-256.668;-256.872;-256.935;-255.988;6.464;None;200;30;13:21:26.830
2858;29.9855;29.6099;27.4463;-256.277;-256.661;-256.864;-256.919;-255.988;6.464;82;200;30;13:21:27.330
2859;29.9698;29.5942;27.4463;-256.277;-256.653;-256.864;-256.927;-255.988;6.464;179;200;30;13:21:27.831
2860;29.962;29.6021;27.4541;-256.269;-256.661;-256.864;-256.931;-255.988;6.464;373;200;30;13:21:28.330
2861;29.962;29.5942;27.4619;-256.277;-256.661;-256.864;-256.935;-255.988;6.464;470;200;30;13:21:28.830
2862;29.9542;29.5942;27.4463;-256.269;-256.653;-256.872;-256.919;-255.988;6.464;470;200;30;13:21:29.330
2863;29.9542;29.5942;27.4463;-256.269;-256.661;-256.864;-256.927;-255.996;6.464;567;200;30;13:21:29.830
2864;29.9542;29.5864;27.4541;-256.269;-256.653;-256.864;-256.927;-255.988;6.464;567;200;30;13:21:30.330
2865;29.9542;29.5864;27.4384;-256.277;-256.661;-256.872;-256.942;-255.988;6.464;567;200;30;13:21:30.830
2866;29.9542;29.5864;27.4463;-256.262;-256.653;-256.864;-256.935;-255.988;6.464;567;200;30;13:21:31.331
2867;29.9464;29.5864;27.4463;-256.269;-256.653;-256.864;-256.935;-255.996;6.464;567;200;30;13:21:31.831
2868;29.9385;29.5864;27.4384;-256.269;-256.653;-256.864;-256.935;-255.988;6.464;663;200;30;13:21:32.330
2869;29.9464;29.5864;27.4384;-256.269;-256.661;-256.872;-256.927;-255.996;6.464;760;200;30;13:21:32.831
2870;29.9464;29.5864;27.4463;-256.269;-256.653;-256.864;-256.935;-255.988;6.464;663;200;30;13:21:33.331
2871;29.9385;29.5942;27.4463;-256.269;-256.661;-256.872;-256.927;-255.988;6.464;663;200;30;13:21:33.831
2872;29.9464;29.5864;27.4463;-256.269;-256.653;-256.872;-256.919;-255.988;6.464;760;200;30;13:21:34.330
2873;29.9385;29.5942;27.4463;-256.269;-256.661;-256.864;-256.927;-255.996;6.464;663;200;30;13:21:34.830
2874;29.9464;29.5864;27.4463;-256.262;-256.653;-256.872;-256.919;-255.98;6.464;760;200;30;13:21:35.331
2875;29.9542;29.5864;27.4541;-256.269;-256.653;-256.864;-256.919;-255.988;6.464;663;200;30;13:21:35.830
2876;29.9464;29.5864;27.4463;-256.269;-256.653;-256.872;-256.919;-255.988;6.464;567;200;30;13:21:36.330
2877;29.9542;29.5864;27.4463;-256.262;-256.653;-256.864;-256.927;-255.98;6.464;663;200;30;13:21:36.831
2878;29.962;29.5864;27.4541;-256.269;-256.653;-256.872;-256.919;-255.98;6.464;567;200;30;13:21:37.331
2879;29.9542;29.5942;27.4463;-256.269;-256.653;-256.856;-256.927;-255.996;6.464;470;200;30;13:21:37.831
2880;29.962;29.5942;27.4541;-256.269;-256.653;-256.864;-256.919;-255.98;6.464;567;200;30;13:21:38.331
2881;29.9698;29.5942;27.4463;-256.269;-256.653;-256.864;-256.919;-255.988;6.464;470;200;30;13:21:38.831
2882;29.962;29.6021;27.4619;-256.262;-256.645;-256.864;-256.927;-255.988;6.464;373;200;30;13:21:39.330
2883;29.9698;29.6021;27.4541;-256.269;-256.661;-256.864;-256.927;-255.988;6.464;470;200;30;13:21:39.832
2884;29.9698;29.6021;27.4541;-256.269;-256.661;-256.872;-256.927;-255.988;6.464;373;200;30;13:21:40.330
2885;29.9777;29.5942;27.4619;-256.269;-256.653;-256.864;-256.935;-255.988;6.464;373;200;30;13:21:40.831
2886;29.9855;29.6021;27.4541;-256.269;-256.661;-256.872;-256.919;-255.988;6.464;276;200;30;13:21:41.331
2887;29.9777;29.6021;27.4541;-256.277;-256.661;-256.864;-256.935;-255.988;6.464;179;200;30;13:21:41.831
2888;29.9933;29.6099;27.4541;-256.269;-256.661;-256.872;-256.919;-255.988;6.464;276;200;30;13:21:42.331
2889;29.9855;29.6099;27.4541;-256.277;-256.661;-256.872;-256.927;-255.988;6.464;82;200;30;13:21:42.831
2890;29.9855;29.6021;27.4619;-256.269;-256.661;-256.864;-256.927;-255.988;6.464;179;200;30;13:21:43.330
2891;29.9777;29.6099;27.4697;-256.277;-256.661;-256.872;-256.927;-255.996;6.464;179;200;30;13:21:43.831
2892;29.9855;29.6099;27.4619;-256.269;-256.661;-256.872;-256.927;-255.98;6.464;276;200;30;13:21:44.331
2893;29.9777;29.6021;27.4697;-256.277;-256.661;-256.856;-256.927;-255.988;6.464;179;200;30;13:21:44.831
2894;29.9933;29.6021;27.4619;-256.269;-256.661;-256.872;-256.927;-255.988;6.464;276;200;30;13:21:45.331
2895;29.9777;29.5942;27.4697;-256.277;-256.661;-256.864;-256.927;-255.988;6.464;82;200;30;13:21:45.831
2896;29.9933;29.6021;27.4619;-256.269;-256.661;-256.864;-256.919;-255.988;6.464;276;200;30;13:21:46.332
2897;29.9855;29.6021;27.4697;-256.269;-256.661;-256.864;-256.935;-255.988;6.464;82;200;30;13:21:46.831
2898;29.9777;29.6021;27.4776;-256.269;-256.661;-256.856;-256.927;-255.988;6.464;179;200;30;13:21:47.332
2899;29.9777;29.5942;27.4697;-256.269;-256.653;-256.872;-256.927;-255.988;6.464;276;200;30;13:21:47.832
2900;29.9698;29.5942;27.4776;-256.269;-256.661;-256.864;-256.927;-255.996;6.464;276;200;30;13:21:48.331
2901;29.962;29.5864;27.4776;-256.277;-256.653;-256.864;-256.927;-255.988;6.464;373;200;30;13:21:48.832
2902;29.9542;29.5942;27.4776;-256.277;-256.661;-256.864;-256.919;-255.98;6.464;470;200;30;13:21:49.332
2903;29.9464;29.5786;27.4776;-256.269;-256.645;-256.864;-256.919;-255.98;6.464;567;200;30;13:21:49.833
2904;29.9464;29.5786;27.4854;-256.269;-256.661;-256.864;-256.927;-255.988;6.464;663;200;30;13:21:50.331
2905;29.9385;29.5864;27.4854;-256.277;-256.661;-256.856;-256.927;-255.98;6.464;663;200;30;13:21:50.832
2906;29.9464;29.5786;27.4854;-256.269;-256.653;-256.864;-256.927;-255.996;6.464;760;200;30;13:21:51.333
2907;29.9307;29.5786;27.4776;-256.269;-256.653;-256.864;-256.935;-255.988;6.464;663;200;30;13:21:51.832
2908;29.9385;29.5864;27.4854;-256.269;-256.653;-256.856;-256.927;-255.988;6.464;857;200;30;13:21:52.333
2909;29.9307;29.5786;27.4776;-256.262;-256.653;-256.864;-256.927;-255.988;6.464;760;200;30;13:21:52.832
2910;29.9307;29.5864;27.4776;-256.269;-256.653;-256.856;-256.919;-255.988;6.464;857;200;30;13:21:53.331
2911;29.9229;29.5864;27.4854;-256.277;-256.653;-256.864;-256.935;-255.996;6.464;857;200;30;13:21:53.833
2912;29.9307;29.5786;27.4932;-256.262;-256.653;-256.856;-256.919;-255.988;6.464;954;200;30;13:21:54.333
2913;29.9385;29.5942;27.4932;-256.269;-256.661;-256.856;-256.935;-255.98;6.464;857;200;30;13:21:54.832
2914;29.9385;29.5864;27.4854;-256.269;-256.653;-256.856;-256.919;-255.988;6.464;760;200;30;13:21:55.333
2915;29.9385;29.5786;27.4932;-256.262;-256.661;-256.864;-256.927;-255.98;6.464;760;200;30;13:21:55.833
2916;29.9464;29.5864;27.4932;-256.269;-256.653;-256.856;-256.927;-255.988;6.464;760;200;30;13:21:56.333
2917;29.9464;29.5864;27.4932;-256.269;-256.661;-256.856;-256.935;-255.988;6.464;663;200;30;13:21:56.833
2918;29.9464;29.5942;27.501;-256.269;-256.661;-256.864;-256.927;-255.988;6.464;663;200;30;13:21:57.333
2919;29.9542;29.5864;27.4854;-256.269;-256.653;-256.856;-256.927;-255.988;6.464;663;200;30;13:21:57.833
2920;29.9542;29.5942;27.4932;-256.269;-256.661;-256.856;-256.927;-255.988;6.464;567;200;30;13:21:58.333
2921;29.962;29.6021;27.4932;-256.269;-256.661;-256.856;-256.927;-255.988;6.464;567;200;30;13:21:58.832
2922;29.962;29.5942;27.501;-256.262;-256.661;-256.864;-256.927;-255.98;6.464;470;200;30;13:21:59.332
2923;29.962;29.5942;27.501;-256.269;-256.653;-256.856;-256.935;-255.988;6.464;470;200;30;13:21:59.834
2924;29.9698;29.5864;27.501;-256.262;-256.661;-256.864;-256.927;-255.988;6.464;470;200;30;13:22:00.330
2925;29.9777;29.6021;27.501;-256.262;-256.661;-256.856;-256.927;-255.988;6.464;373;200;30;13:22:00.833
2926;29.9855;29.6021;27.4932;-256.262;-256.661;-256.864;-256.927;-255.98;6.464;276;200;30;13:22:01.332
2927;29.9777;29.5942;27.4932;-256.269;-256.661;-256.864;-256.927;-255.988;6.464;179;200;30;13:22:01.833
2928;29.9855;29.6021;27.4932;-256.269;-256.661;-256.864;-256.927;-255.988;6.464;276;200;30;13:22:02.333
2929;29.9777;29.5942;27.4932;-256.269;-256.653;-256.872;-256.935;-255.988;6.464;179;200;30;13:22:02.833
2930;29.9855;29.6099;27.4932;-256.269;-256.668;-256.864;-256.919;-255.988;6.464;276;200;30;13:22:03.333
2931;29.9777;29.5942;27.4932;-256.269;-256.661;-256.864;-256.935;-255.988;6.464;179;200;30;13:22:03.833
2932;29.9855;29.6021;27.4932;-256.262;-256.653;-256.864;-256.927;-255.988;6.464;276;200;30;13:22:04.332
2933;29.9777;29.5942;27.4932;-256.269;-256.661;-256.872;-256.935;-255.988;6.464;179;200;30;13:22:04.832
2934;29.9777;29.6021;27.4932;-256.262;-256.668;-256.872;-256.927;-255.988;6.464;276;200;30;13:22:05.333
2935;29.9855;29.5942;27.4932;-256.269;-256.668;-256.872;-256.935;-255.988;6.464;276;200;30;13:22:05.833
2936;29.9777;29.6021;27.4932;-256.269;-256.661;-256.872;-256.919;-255.98;6.464;179;200;30;13:22:06.332
2937;29.9777;29.5942;27.4932;-256.269;-256.661;-256.864;-256.927;-255.988;6.464;276;200;30;13:22:06.832
2938;29.9777;29.5942;27.4932;-256.269;-256.661;-256.88;-256.919;-255.988;6.464;276;200;30;13:22:07.332
2939;29.9777;29.5942;27.501;-256.269;-256.668;-256.864;-256.927;-255.98;6.464;276;200;30;13:22:07.833
2940;29.9777;29.6021;27.4932;-256.269;-256.661;-256.864;-256.919;-255.98;6.464;276;200;30;13:22:08.332
2941;29.9777;29.5942;27.501;-256.269;-256.653;-256.864;-256.927;-255.988;6.464;276;200;30;13:22:08.832
2942;29.9698;29.5942;27.501;-256.262;-256.661;-256.864;-256.919;-255.988;6.464;276;200;30;13:22:09.333
2943;29.9542;29.5864;27.501;-256.262;-256.661;-256.856;-256.927;-255.988;6.464;373;200;30;13:22:09.833
2944;29.962;29.5864;27.5049;-256.269;-256.661;-256.864;-256.919;-255.988;6.464;567;200;30;13:22:10.333
2945;29.9542;29.5864;27.5049;-256.262;-256.653;-256.872;-256.927;-255.988;6.464;470;200;30;13:22:10.832
2946;29.9464;29.5864;27.5049;-256.262;-256.661;-256.872;-256.927;-255.988;6.464;567;200;30;13:22:11.333
2947;29.9464;29.5864;27.5049;-256.262;-256.653;-256.872;-256.927;-255.988;6.464;663;200;30;13:22:11.833
2948;29.9464;29.5942;27.5049;-256.262;-256.661;-256.88;-256.927;-255.988;6.464;663;200;30;13:22:12.333
2949;29.9385;29.5864;27.5049;-256.269;-256.661;-256.864;-256.919;-255.98;6.464;663;200;30;13:22:12.832
2950;29.9464;29.5864;27.5089;-256.262;-256.661;-256.872;-256.935;-255.988;6.464;760;200;30;13:22:13.333
2951;29.9542;29.5864;27.5049;-256.262;-256.661;-256.872;-256.927;-255.988;6.464;663;200;30;13:22:13.833
2952;29.9542;29.5942;27.501;-256.262;-256.653;-256.88;-256.931;-255.98;6.464;567;200;30;13:22:14.332
2953;29.9542;29.5864;27.5049;-256.262;-256.661;-256.864;-256.927;-255.988;6.464;567;200;30;13:22:14.833
2954;29.9464;29.5864;27.5049;-256.262;-256.668;-256.872;-256.919;-255.988;6.464;567;200;30;13:22:15.332
2955;29.9385;29.5864;27.5049;-256.262;-256.653;-256.872;-256.927;-255.988;6.464;663;200;30;13:22:15.832
2956;29.9464;29.5864;27.501;-256.262;-256.668;-256.872;-256.927;-255.996;6.464;760;200;30;13:22:16.332
2957;29.9542;29.5942;27.5089;-256.269;-256.661;-256.88;-256.935;-255.988;6.464;663;200;30;13:22:16.832
2958;29.9542;29.5942;27.5049;-256.262;-256.668;-256.872;-256.935;-255.988;6.464;567;200;30;13:22:17.332
2959;29.962;29.5942;27.5089;-256.269;-256.661;-256.864;-256.935;-255.988;6.464;567;200;30;13:22:17.833
2960;29.9698;29.5942;27.5089;-256.262;-256.661;-256.88;-256.927;-255.996;6.464;470;200;30;13:22:18.332
2961;29.9698;29.5942;27.5089;-256.262;-256.653;-256.864;-256.935;-255.988;6.464;373;200;30;13:22:18.832
2962;29.9698;29.5864;27.5049;-256.269;-256.653;-256.872;-256.927;-255.988;6.464;373;200;30;13:22:19.333
2963;29.9777;29.5942;27.5049;-256.269;-256.653;-256.864;-256.927;-255.988;6.464;373;200;30;13:22:19.832
2964;29.9933;29.5942;27.5128;-256.262;-256.661;-256.864;-256.919;-255.988;6.464;276;200;30;13:22:20.332
2965;29.9855;29.5942;27.5049;-256.269;-256.668;-256.872;-256.927;-255.988;6.464;82;200;30;13:22:20.833
2966;29.9855;29.5942;27.5128;-256.262;-256.661;-256.872;-256.919;-255.98;6.464;179;200;30;13:22:21.333
2967;29.9855;29.5864;27.5089;-256.262;-256.661;-256.872;-256.919;-255.98;6.464;179;200;30;13:22:21.833
2968;29.9777;29.5864;27.5128;-256.269;-256.661;-256.872;-256.927;-255.988;6.464;179;200;30;13:22:22.333
2969;29.9855;29.5864;27.5089;-256.269;-256.661;-256.872;-256.927;-255.972;6.464;276;200;30;13:22:22.832
2970;29.9777;29.5864;27.5089;-256.262;-256.661;-256.872;-256.919;-255.988;6.464;179;200;30;13:22:23.331
2971;29.9777;29.5786;27.5089;-256.262;-256.661;-256.872;-256.927;-255.988;6.464;276;200;30;13:22:23.832
2972;29.9777;29.5708;27.5049;-256.269;-256.661;-256.864;-256.935;-255.98;6.464;276;200;30;13:22:24.333
2973;29.9777;29.5786;27.5128;-256.262;-256.661;-256.872;-256.927;-255.972;6.464;276;200;30;13:22:24.833
2974;29.9855;29.5786;27.5089;-256.262;-256.661;-256.864;-256.927;-255.988;6.464;276;200;30;13:22:25.332
2975;29.9698;29.5708;27.5089;-256.269;-256.653;-256.864;-256.927;-255.98;6.464;179;200;30;13:22:25.833
2976;29.9698;29.5708;27.5128;-256.262;-256.661;-256.872;-256.919;-255.98;6.464;373;200;30;13:22:26.333
2977;29.9698;29.5708;27.5089;-256.269;-256.668;-256.864;-256.927;-255.988;6.464;373;200;30;13:22:26.833
2978;29.9777;29.5629;27.5128;-256.262;-256.668;-256.872;-256.931;-255.98;6.464;373;200;30;13:22:27.332
2979;29.9698;29.5708;27.5089;-256.262;-256.668;-256.864;-256.919;-255.988;6.464;276;200;30;13:22:27.833
2980;29.9777;29.5629;27.5089;-256.269;-256.661;-256.864;-256.935;-255.988;6.464;373;200;30;13:22:28.333
2981;29.9698;29.5629;27.5049;-256.269;-256.668;-256.856;-256.927;-255.98;6.464;276;200;30;13:22:28.832
2982;29.9698;29.5629;27.5167;-256.277;-256.661;-256.872;-256.935;-255.98;6.464;373;200;30;13:22:29.332
2983;29.9698;29.5551;27.5128;-256.269;-256.668;-256.864;-256.935;-255.988;6.464;373;200;30;13:22:29.833
2984;29.962;29.5629;27.5128;-256.269;-256.661;-256.864;-256.935;-255.988;6.464;373;200;30;13:22:30.333
2985;29.9698;29.5629;27.5128;-256.277;-256.661;-256.872;-256.935;-255.98;6.464;470;200;30;13:22:30.832
2986;29.962;29.5551;27.5167;-256.269;-256.668;-256.872;-256.935;-255.988;6.464;373;200;30;13:22:31.332
2987;29.962;29.5473;27.5128;-256.277;-256.661;-256.864;-256.927;-255.988;6.464;470;200;30;13:22:31.834
2988;29.9698;29.5551;27.5167;-256.269;-256.668;-256.864;-256.927;-255.98;6.464;470;200;30;13:22:32.332
2989;29.962;29.5629;27.5089;-256.269;-256.661;-256.864;-256.935;-255.988;6.464;373;200;30;13:22:32.832
2990;29.962;29.5551;27.5089;-256.269;-256.661;-256.872;-256.927;-255.988;6.464;470;200;30;13:22:33.332
2991;29.9698;29.5551;27.5049;-256.269;-256.668;-256.864;-256.942;-255.988;6.464;470;200;30;13:22:33.833
2992;29.9698;29.5551;27.5089;-256.269;-256.661;-256.872;-256.927;-255.98;6.464;373;200;30;13:22:34.333
2993;29.9698;29.5629;27.5089;-256.269;-256.676;-256.864;-256.927;-255.988;6.464;373;200;30;13:22:34.832
2994;29.9777;29.5629;27.501;-256.269;-256.661;-256.864;-256.927;-255.988;6.464;373;200;30;13:22:35.332
2995;29.9777;29.5629;27.5049;-256.277;-256.661;-256.864;-256.935;-255.988;6.464;276;200;30;13:22:35.833
2996;29.9777;29.5629;27.5049;-256.269;-256.668;-256.872;-256.935;-255.988;6.464;276;200;30;13:22:36.332
2997;29.9698;29.5708;27.501;-256.269;-256.668;-256.864;-256.935;-255.98;6.464;276;200;30;13:22:36.832
2998;29.9698;29.5629;27.5089;-256.269;-256.661;-256.872;-256.935;-255.988;6.464;373;200;30;13:22:37.331
2999;29.962;29.5629;27.5049;-256.269;-256.668;-256.864;-256.927;-255.988;6.464;373;200;30;13:22:37.832
3000;29.9542;29.5629;27.501;-256.277;-256.668;-256.864;-256.927;-255.98;6.464;470;200;30;13:22:38.333
3001;29.962;29.5629;27.5049;-256.269;-256.668;-256.872;-256.927;-255.988;6.464;567;200;30;13:22:38.832
3002;29.9542;29.5629;27.501;-256.262;-256.668;-256.872;-256.935;-255.98;6.464;470;200;30;13:22:39.333
3003;29.9542;29.5629;27.4932;-256.269;-256.661;-256.864;-256.935;-255.988;6.464;567;200;30;13:22:39.833
3004;29.962;29.5551;27.501;-256.269;-256.668;-256.872;-256.935;-255.988;6.464;567;200;30;13:22:40.332
3005;29.962;29.5629;27.5049;-256.269;-256.661;-256.872;-256.935;-255.988;6.464;470;200;30;13:22:40.833
3006;29.962;29.5629;27.5049;-256.277;-256.661;-256.88;-256.927;-255.98;6.464;470;200;30;13:22:41.332
3007;29.962;29.5629;27.5049;-256.269;-256.661;-256.88;-256.935;-255.996;6.464;470;200;30;13:22:41.832
3008;29.962;29.5629;27.4932;-256.277;-256.661;-256.88;-256.927;-255.98;6.464;470;200;30;13:22:42.333
3009;29.9698;29.5629;27.501;-256.269;-256.661;-256.88;-256.927;-255.988;6.464;470;200;30;13:22:42.833
3010;29.9698;29.5629;27.501;-256.269;-256.668;-256.88;-256.919;-255.996;6.464;373;200;30;13:22:43.333
3011;29.9698;29.5708;27.5049;-256.269;-256.661;-256.872;-256.927;-255.98;6.464;373;200;30;13:22:43.832
3012;29.9777;29.5629;27.4932;-256.269;-256.661;-256.88;-256.935;-255.988;6.464;373;200;30;13:22:44.332
3013;29.9777;29.5786;27.4932;-256.277;-256.661;-256.872;-256.927;-255.988;6.464;276;200;30;13:22:44.832
3014;29.9855;29.5708;27.4971;-256.269;-256.668;-256.88;-256.935;-255.988;6.464;276;200;30;13:22:45.332
3015;29.9698;29.5629;27.4893;-256.277;-256.661;-256.88;-256.942;-255.98;6.464;179;200;30;13:22:45.833
3016;29.9777;29.5708;27.501;-256.269;-256.661;-256.88;-256.935;-255.98;6.464;373;200;30;13:22:46.332
3017;29.9855;29.5786;27.4932;-256.277;-256.668;-256.88;-256.942;-255.98;6.464;276;200;30;13:22:46.833
3018;29.9698;29.5708;27.501;-256.269;-256.661;-256.872;-256.942;-255.98;6.464;179;200;30;13:22:47.333
3019;29.9698;29.5786;27.4932;-256.269;-256.661;-256.88;-256.935;-255.98;6.464;373;200;30;13:22:47.833
3020;29.9698;29.5629;27.4932;-256.277;-256.661;-256.872;-256.942;-255.988;6.464;373;200;30;13:22:48.332
3021;29.9698;29.5708;27.4932;-256.269;-256.668;-256.872;-256.935;-255.98;6.464;373;200;30;13:22:48.833
3022;29.9698;29.5708;27.4932;-256.269;-256.661;-256.872;-256.927;-255.988;6.464;373;200;30;13:22:49.333
3023;29.9698;29.5708;27.4854;-256.277;-256.661;-256.88;-256.935;-255.972;6.464;373;200;30;13:22:49.833
3024;29.9698;29.5708;27.4854;-256.269;-256.661;-256.88;-256.927;-255.972;6.464;373;200;30;13:22:50.333
3025;29.9698;29.5708;27.4776;-256.269;-256.661;-256.872;-256.935;-255.98;6.464;373;200;30;13:22:50.833
3026;29.9698;29.5708;27.4932;-256.269;-256.661;-256.872;-256.927;-255.98;6.464;373;200;30;13:22:51.333
3027;29.962;29.5708;27.4932;-256.269;-256.661;-256.872;-256.927;-255.988;6.464;373;200;30;13:22:51.833
3028;29.9698;29.5708;27.4932;-256.277;-256.653;-256.88;-256.935;-255.98;6.464;470;200;30;13:22:52.333
3029;29.9698;29.5786;27.4854;-256.269;-256.661;-256.88;-256.935;-255.988;6.464;373;200;30;13:22:52.833
3030;29.9698;29.5708;27.4776;-256.269;-256.661;-256.88;-256.935;-255.98;6.464;373;200;30;13:22:53.331
3031;29.9698;29.5708;27.4932;-256.269;-256.661;-256.872;-256.935;-255.988;6.464;373;200;30;13:22:53.831
3032;29.9698;29.5786;27.4854;-256.269;-256.661;-256.88;-256.927;-255.98;6.464;373;200;30;13:22:54.333
3033;29.9698;29.5786;27.4776;-256.269;-256.668;-256.88;-256.935;-255.98;6.464;373;200;30;13:22:54.833
3034;29.9698;29.5708;27.4854;-256.269;-256.661;-256.872;-256.935;-255.98;6.464;373;200;30;13:22:55.333
3035;29.9698;29.5708;27.4776;-256.269;-256.668;-256.88;-256.927;-255.988;6.464;373;200;30;13:22:55.831
3036;29.962;29.5708;27.4776;-256.277;-256.661;-256.88;-256.935;-255.98;6.464;373;200;30;13:22:56.331
3037;29.962;29.5786;27.4854;-256.269;-256.668;-256.88;-256.927;-255.988;6.464;470;200;30;13:22:56.833
3038;29.9698;29.5629;27.4697;-256.269;-256.668;-256.872;-256.927;-255.988;6.464;470;200;30;13:22:57.331
3039;29.962;29.5786;27.4776;-256.269;-256.661;-256.88;-256.927;-255.972;6.464;373;200;30;13:22:57.831
3040;29.962;29.5708;27.4776;-256.277;-256.661;-256.872;-256.927;-255.988;6.464;470;200;30;13:22:58.333
3041;29.962;29.5708;27.4776;-256.269;-256.668;-256.88;-256.935;-255.988;6.464;470;200;30;13:22:58.833
3042;29.9698;29.5708;27.4776;-256.262;-256.661;-256.872;-256.935;-255.98;6.464;470;200;30;13:22:59.333
3043;29.9698;29.5708;27.4776;-256.269;-256.661;-256.872;-256.927;-255.988;6.464;373;200;30;13:22:59.833
3044;29.9698;29.5629;27.4776;-256.269;-256.661;-256.88;-256.935;-255.972;6.464;373;200;30;13:23:00.333
3045;29.9698;29.5708;27.4854;-256.269;-256.661;-256.872;-256.935;-255.98;6.464;373;200;30;13:23:00.832
3046;29.962;29.5708;27.4776;-256.269;-256.661;-256.88;-256.935;-255.98;6.464;373;200;30;13:23:01.333
3047;29.9698;29.5708;27.4854;-256.269;-256.661;-256.872;-256.927;-255.988;6.464;470;200;30;13:23:01.832
3048;29.9542;29.5708;27.4776;-256.269;-256.661;-256.88;-256.935;-255.98;6.464;373;200;30;13:23:02.333
3049;29.9698;29.5708;27.4854;-256.269;-256.668;-256.88;-256.927;-255.988;6.464;567;200;30;13:23:02.832
3050;29.9698;29.5708;27.4776;-256.262;-256.661;-256.872;-256.935;-255.98;6.464;373;200;30;13:23:03.333
3051;29.9698;29.5708;27.4776;-256.269;-256.668;-256.88;-256.935;-255.988;6.464;373;200;30;13:23:03.833
3052;29.9777;29.5786;27.4854;-256.269;-256.668;-256.872;-256.927;-255.988;6.464;373;200;30;13:23:04.333
3053;29.9777;29.5786;27.4932;-256.277;-256.668;-256.864;-256.927;-255.98;6.464;276;200;30;13:23:04.831
3054;29.9777;29.5708;27.4854;-256.277;-256.668;-256.864;-256.927;-255.98;6.464;276;200;30;13:23:05.332
3055;29.9855;29.5708;27.4854;-256.269;-256.661;-256.872;-256.927;-255.98;6.464;276;200;30;13:23:05.832
3056;29.9777;29.5708;27.4932;-256.277;-256.668;-256.864;-256.919;-255.988;6.464;179;200;30;13:23:06.331
3057;29.9777;29.5786;27.4932;-256.269;-256.668;-256.872;-256.935;-255.98;6.464;276;200;30;13:23:06.831
3058;29.9855;29.5786;27.4854;-256.277;-256.668;-256.872;-256.919;-255.98;6.464;276;200;30;13:23:07.334
3059;29.9698;29.5786;27.4932;-256.277;-256.668;-256.872;-256.927;-255.98;6.464;179;200;30;13:23:07.832
3060;29.9698;29.5629;27.4932;-256.269;-256.668;-256.872;-256.935;-255.98;6.464;373;200;30;13:23:08.332
3061;29.9698;29.5708;27.501;-256.277;-256.661;-256.872;-256.927;-255.98;6.464;373;200;30;13:23:08.832
3062;29.962;29.5708;27.4932;-256.277;-256.676;-256.872;-256.919;-255.98;6.464;373;200;30;13:23:09.333
3063;29.962;29.5629;27.4854;-256.269;-256.661;-256.872;-256.927;-255.98;6.464;470;200;30;13:23:09.833
3064;29.962;29.5629;27.4854;-256.277;-256.668;-256.872;-256.919;-255.98;6.464;470;200;30;13:23:10.333
3065;29.962;29.5629;27.4854;-256.262;-256.676;-256.872;-256.927;-255.972;6.464;470;200;30;13:23:10.833
3066;29.962;29.5629;27.4854;-256.269;-256.661;-256.864;-256.927;-255.972;6.464;470;200;30;13:23:11.333
3067;29.9542;29.5629;27.4776;-256.269;-256.668;-256.872;-256.919;-255.98;6.464;470;200;30;13:23:11.834
3068;29.962;29.5629;27.4776;-256.269;-256.661;-256.872;-256.919;-255.972;6.464;567;200;30;13:23:12.333
3069;29.9542;29.5551;27.4776;-256.262;-256.676;-256.872;-256.927;-255.98;6.464;470;200;30;13:23:12.832
3070;29.9542;29.5629;27.4776;-256.277;-256.661;-256.872;-256.919;-255.98;6.464;567;200;30;13:23:13.332
3071;29.9542;29.5551;27.4776;-256.269;-256.661;-256.872;-256.927;-255.98;6.464;567;200;30;13:23:13.836
3072;29.962;29.5629;27.4776;-256.277;-256.661;-256.88;-256.927;-255.98;6.464;567;200;30;13:23:14.332
3073;29.962;29.5473;27.4776;-256.269;-256.661;-256.872;-256.935;-255.98;6.464;470;200;30;13:23:14.832
3074;29.9542;29.5629;27.4776;-256.269;-256.661;-256.872;-256.927;-255.98;6.464;470;200;30;13:23:15.333
3075;29.9542;29.5708;27.4776;-256.269;-256.668;-256.872;-256.935;-255.988;6.464;567;200;30;13:23:15.832
3076;29.9698;29.5629;27.4776;-256.262;-256.661;-256.872;-256.927;-255.972;6.464;567;200;30;13:23:16.330
3077;29.962;29.5629;27.4776;-256.269;-256.668;-256.872;-256.919;-255.988;6.464;373;200;30;13:23:16.833
3078;29.962;29.5708;27.4776;-256.262;-256.661;-256.88;-256.927;-255.98;6.464;470;200;30;13:23:17.331
3079;29.962;29.5708;27.4776;-256.269;-256.668;-256.872;-256.935;-255.98;6.464;470;200;30;13:23:17.833
3080;29.962;29.5708;27.4776;-256.262;-256.661;-256.872;-256.927;-255.98;6.464;470;200;30;13:23:18.329
3081;29.962;29.5708;27.4697;-256.262;-256.668;-256.872;-256.927;-255.98;6.464;470;200;30;13:23:18.833
3082;29.962;29.5708;27.4776;-256.262;-256.661;-256.872;-256.919;-255.972;6.464;470;200;30;13:23:19.332
3083;29.962;29.5786;27.4697;-256.262;-256.668;-256.872;-256.927;-255.98;6.464;470;200;30;13:23:19.830
3084;29.962;29.5786;27.4697;-256.262;-256.661;-256.872;-256.915;-255.972;6.464;470;200;30;13:23:20.334
3085;29.962;29.5786;27.4619;-256.269;-256.668;-256.864;-256.919;-255.98;6.464;470;200;30;13:23:20.831
3086;29.9698;29.5786;27.4541;-256.262;-256.661;-256.88;-256.931;-255.98;6.464;470;200;30;13:23:21.333
3087;29.9698;29.5786;27.4541;-256.269;-256.661;-256.864;-256.927;-255.98;6.464;373;200;30;13:23:21.832
3088;29.9698;29.5864;27.4619;-256.262;-256.668;-256.864;-256.927;-255.98;6.464;373;200;30;13:23:22.325
3089;29.9698;29.5786;27.4541;-256.269;-256.661;-256.872;-256.919;-255.972;6.464;373;200;30;13:23:22.823
3090;29.9698;29.5786;27.4619;-256.262;-256.661;-256.864;-256.927;-255.988;6.464;373;200;30;13:23:23.331
3091;29.9777;29.5864;27.4619;-256.262;-256.668;-256.864;-256.927;-255.98;6.464;373;200;30;13:23:23.833
3092;29.9777;29.5786;27.4541;-256.269;-256.661;-256.872;-256.919;-255.98;6.464;276;200;30;13:23:24.332
3093;29.9855;29.5786;27.4619;-256.269;-256.661;-256.872;-256.927;-255.98;6.464;276;200;30;13:23:24.833
3094;29.9855;29.5864;27.4619;-256.262;-256.668;-256.872;-256.919;-255.98;6.464;179;200;30;13:23:25.331
3095;29.9933;29.5864;27.4541;-256.277;-256.661;-256.872;-256.919;-255.98;6.464;179;200;30;13:23:25.833
3096;29.9933;29.5864;27.4619;-256.262;-256.668;-256.872;-256.919;-255.98;6.464;82;200;30;13:23:26.329
3097;29.9933;29.5864;27.4541;-256.277;-256.661;-256.872;-256.919;-255.98;6.464;82;200;30;13:23:26.833
3098;29.9933;29.5786;27.4541;-256.269;-256.661;-256.872;-256.919;-255.972;6.464;82;200;30;13:23:27.333
3099;29.9933;29.5864;27.4541;-256.269;-256.668;-256.872;-256.919;-255.988;6.464;82;200;30;13:23:27.832
3100;29.9933;29.5864;27.4619;-256.269;-256.661;-256.872;-256.927;-255.98;6.464;82;200;30;13:23:28.333
3101;29.9933;29.5864;27.4541;-256.269;-256.661;-256.88;-256.919;-255.98;6.464;82;200;30;13:23:28.833
3102;29.9933;29.5864;27.4541;-256.269;-256.668;-256.864;-256.931;-255.98;6.464;82;200;30;13:23:29.331
3103;29.9855;29.5864;27.4541;-256.269;-256.668;-256.872;-256.923;-255.98;6.464;82;200;30;13:23:29.833
3104;29.9855;29.5786;27.4619;-256.269;-256.668;-256.872;-256.919;-255.98;6.464;179;200;30;13:23:30.331
3105;29.9777;29.5786;27.4541;-256.269;-256.668;-256.872;-256.927;-255.98;6.464;179;200;30;13:23:30.833
3106;29.9777;29.5708;27.4619;-256.269;-256.668;-256.872;-256.927;-255.972;6.464;276;200;30;13:23:31.333
3107;29.9777;29.5708;27.4541;-256.269;-256.668;-256.864;-256.927;-255.98;6.464;276;200;30;13:23:31.830
3108;29.9698;29.5708;27.4541;-256.269;-256.676;-256.872;-256.927;-255.972;6.464;276;200;30;13:23:32.333
3109;29.9698;29.5629;27.4619;-256.269;-256.661;-256.872;-256.919;-255.98;6.464;373;200;30;13:23:32.832
3110;29.962;29.5629;27.4619;-256.262;-256.668;-256.88;-256.919;-255.972;6.464;373;200;30;13:23:33.332
3111;29.9542;29.5551;27.4541;-256.269;-256.668;-256.872;-256.919;-255.98;6.464;470;200;30;13:23:33.833
3112;29.962;29.5551;27.4541;-256.269;-256.668;-256.872;-256.927;-255.972;6.464;567;200;30;13:23:34.331
3113;29.9542;29.5551;27.4619;-256.262;-256.661;-256.872;-256.919;-255.98;6.464;470;200;30;13:23:34.831
3114;29.9542;29.5473;27.4541;-256.269;-256.668;-256.872;-256.919;-255.98;6.464;567;200;30;13:23:35.332
3115;29.9542;29.5551;27.4619;-256.262;-256.668;-256.872;-256.919;-255.972;6.464;567;200;30;13:23:35.830
3116;29.9464;29.5473;27.4541;-256.269;-256.661;-256.856;-256.927;-255.98;6.464;567;200;30;13:23:36.333
3117;29.9385;29.5473;27.4463;-256.262;-256.668;-256.864;-256.927;-255.988;6.464;663;200;30;13:23:36.833
3118;29.9385;29.5473;27.4463;-256.269;-256.661;-256.864;-256.935;-255.98;6.464;760;200;30;13:23:37.329
3119;29.9464;29.5473;27.4463;-256.262;-256.668;-256.864;-256.927;-255.98;6.464;760;200;30;13:23:37.832
3120;29.9385;29.5395;27.4541;-256.269;-256.661;-256.864;-256.919;-255.98;6.464;663;200;30;13:23:38.333
3121;29.9464;29.5473;27.4619;-256.269;-256.668;-256.864;-256.935;-255.98;6.464;760;200;30;13:23:38.832
3122;29.9385;29.5473;27.4541;-256.262;-256.661;-256.864;-256.927;-255.98;6.464;663;200;30;13:23:39.327
3123;29.9385;29.5473;27.4619;-256.269;-256.661;-256.864;-256.935;-255.988;6.464;760;200;30;13:23:39.828
3124;29.9464;29.5551;27.4541;-256.269;-256.668;-256.864;-256.935;-255.98;6.464;760;200;30;13:23:40.332
3125;29.9385;29.5473;27.4541;-256.269;-256.676;-256.864;-256.927;-255.98;6.464;663;200;30;13:23:40.830
3126;29.9464;29.5551;27.4541;-256.269;-256.668;-256.864;-256.927;-255.988;6.464;760;200;30;13:23:41.330
3127;29.9464;29.5473;27.4541;-256.269;-256.661;-256.864;-256.919;-255.98;6.464;663;200;30;13:23:41.827
3128;29.9464;29.5551;27.4541;-256.269;-256.676;-256.864;-256.927;-255.98;6.464;663;200;30;13:23:42.328
3129;29.9542;29.5551;27.4619;-256.269;-256.661;-256.864;-256.927;-255.98;6.464;663;200;30;13:23:42.831
3130;29.9542;29.5629;27.4541;-256.269;-256.661;-256.864;-256.927;-255.98;6.464;567;200;30;13:23:43.330
3131;29.9542;29.5551;27.4541;-256.262;-256.661;-256.872;-256.935;-255.972;6.464;567;200;30;13:23:43.826
3132;29.9542;29.5708;27.4541;-256.262;-256.668;-256.864;-256.935;-255.98;6.464;567;200;30;13:23:44.332
3133;29.962;29.5629;27.4619;-256.262;-256.661;-256.872;-256.927;-255.98;6.464;567;200;30;13:23:44.831
3134;29.9698;29.5708;27.4541;-256.269;-256.661;-256.872;-256.935;-255.988;6.464;470;200;30;13:23:45.326
3135;29.9698;29.5786;27.4541;-256.262;-256.668;-256.872;-256.927;-255.98;6.464;373;200;30;13:23:45.829
3136;29.9777;29.5708;27.4619;-256.269;-256.661;-256.872;-256.927;-255.98;6.464;373;200;30;13:23:46.327
3137;29.9777;29.5786;27.4541;-256.269;-256.668;-256.88;-256.927;-255.988;6.464;276;200;30;13:23:46.829
3138;29.9855;29.5708;27.4541;-256.269;-256.661;-256.864;-256.927;-255.988;6.464;276;200;30;13:23:47.322
3139;29.9777;29.5708;27.4541;-256.269;-256.668;-256.872;-256.927;-255.98;6.464;179;200;30;13:23:47.831
3140;29.9855;29.5786;27.4384;-256.269;-256.661;-256.872;-256.919;-255.98;6.464;276;200;30;13:23:48.327
3141;29.9855;29.5864;27.4463;-256.269;-256.668;-256.864;-256.919;-255.98;6.464;179;200;30;13:23:48.830
3142;29.9855;29.5786;27.4463;-256.262;-256.661;-256.872;-256.927;-255.988;6.464;179;200;30;13:23:49.328
3143;29.9933;29.5786;27.4463;-256.269;-256.668;-256.872;-256.927;-255.988;6.464;179;200;30;13:23:49.823
3144;29.9855;29.5786;27.4541;-256.269;-256.668;-256.864;-256.919;-255.98;6.464;82;200;30;13:23:50.327
3145;29.9777;29.5786;27.4463;-256.269;-256.661;-256.872;-256.927;-255.98;6.464;179;200;30;13:23:50.832
3146;29.9933;29.5786;27.4384;-256.269;-256.661;-256.872;-256.927;-255.988;6.464;276;200;30;13:23:51.331
3147;29.9933;29.5786;27.4384;-256.269;-256.668;-256.864;-256.919;-255.98;6.464;82;200;30;13:23:51.832
3148;29.9855;29.5708;27.4463;-256.269;-256.668;-256.872;-256.927;-255.988;6.464;82;200;30;13:23:52.332
3149;29.9777;29.5708;27.4463;-256.262;-256.668;-256.872;-256.915;-255.988;6.464;179;200;30;13:23:52.832
3150;29.9855;29.5786;27.4384;-256.269;-256.668;-256.872;-256.927;-255.98;6.464;276;200;30;13:23:53.332
3151;29.9777;29.5708;27.4463;-256.269;-256.661;-256.872;-256.927;-255.98;6.464;179;200;30;13:23:53.825
3152;29.9777;29.5786;27.4463;-256.262;-256.661;-256.864;-256.927;-255.988;6.464;276;200;30;13:23:54.327
3153;29.9777;29.5708;27.4541;-256.269;-256.668;-256.872;-256.919;-255.98;6.464;276;200;30;13:23:54.831
3154;29.9777;29.5629;27.4384;-256.262;-256.661;-256.872;-256.927;-255.996;6.464;276;200;30;13:23:55.327
3155;29.9777;29.5708;27.4384;-256.262;-256.668;-256.864;-256.935;-255.988;6.464;276;200;30;13:23:55.823
3156;29.9777;29.5786;27.4384;-256.262;-256.661;-256.872;-256.935;-255.988;6.464;276;200;30;13:23:56.332
3157;29.9777;29.5708;27.4463;-256.262;-256.668;-256.872;-256.927;-255.988;6.464;276;200;30;13:23:56.833
3158;29.9698;29.5786;27.4384;-256.262;-256.661;-256.864;-256.935;-255.988;6.464;276;200;30;13:23:57.332
3159;29.962;29.5708;27.4463;-256.254;-256.661;-256.872;-256.919;-255.988;6.464;373;200;30;13:23:57.823
3160;29.9542;29.5708;27.4463;-256.262;-256.661;-256.872;-256.927;-255.988;6.464;470;200;30;13:23:58.331
3161;29.962;29.5629;27.4541;-256.262;-256.653;-256.864;-256.919;-255.98;6.464;567;200;30;13:23:58.829
3162;29.9542;29.5629;27.4541;-256.254;-256.661;-256.856;-256.935;-255.98;6.464;470;200;30;13:23:59.323
3163;29.9464;29.5551;27.4463;-256.262;-256.661;-256.864;-256.927;-255.988;6.464;567;200;30;13:23:59.831
3164;29.9385;29.5629;27.4541;-256.262;-256.661;-256.864;-256.927;-255.98;6.464;663;200;30;13:24:00.332
3165;29.9385;29.5551;27.4541;-256.262;-256.653;-256.856;-256.927;-255.988;6.464;760;200;30;13:24:00.832
3166;29.9464;29.5551;27.4619;-256.254;-256.661;-256.856;-256.927;-255.988;6.464;760;200;30;13:24:01.334
3167;29.9464;29.5629;27.4541;-256.254;-256.661;-256.856;-256.919;-255.98;6.464;663;200;30;13:24:01.834
3168;29.9464;29.5551;27.4541;-256.262;-256.653;-256.856;-256.935;-255.988;6.464;663;200;30;13:24:02.334
3169;29.9464;29.5551;27.4541;-256.25;-256.661;-256.864;-256.919;-255.988;6.464;663;200;30;13:24:02.832
3170;29.9385;29.5629;27.4541;-256.262;-256.661;-256.864;-256.935;-255.98;6.464;663;200;30;13:24:03.334
3171;29.9464;29.5551;27.4541;-256.262;-256.661;-256.856;-256.927;-255.988;6.464;760;200;30;13:24:03.825
3172;29.9385;29.5629;27.4619;-256.262;-256.661;-256.864;-256.935;-255.98;6.464;663;200;30;13:24:04.333
3173;29.9542;29.5629;27.4619;-256.262;-256.653;-256.872;-256.919;-255.98;6.464;760;200;30;13:24:04.831
3174;29.9542;29.5629;27.4619;-256.262;-256.668;-256.864;-256.919;-255.98;6.464;567;200;30;13:24:05.331
3175;29.9542;29.5708;27.4619;-256.262;-256.661;-256.872;-256.919;-255.98;6.464;567;200;30;13:24:05.832
3176;29.9542;29.5629;27.4697;-256.254;-256.668;-256.872;-256.927;-255.988;6.464;567;200;30;13:24:06.334
3177;29.9464;29.5708;27.4619;-256.254;-256.653;-256.872;-256.919;-255.988;6.464;567;200;30;13:24:06.834
3178;29.9542;29.5629;27.4619;-256.262;-256.661;-256.872;-256.927;-255.98;6.464;663;200;30;13:24:07.327
3179;29.962;29.5708;27.4541;-256.254;-256.661;-256.872;-256.919;-255.988;6.464;567;200;30;13:24:07.824
3180;29.9464;29.5708;27.4619;-256.254;-256.668;-256.864;-256.927;-255.98;6.464;470;200;30;13:24:08.332
3181;29.9542;29.5786;27.4697;-256.262;-256.661;-256.872;-256.919;-255.98;6.464;663;200;30;13:24:08.831
3182;29.9698;29.5708;27.4619;-256.254;-256.653;-256.872;-256.919;-255.98;6.464;567;200;30;13:24:09.334
3183;29.9698;29.5708;27.4776;-256.262;-256.661;-256.864;-256.927;-255.988;6.464;373;200;30;13:24:09.830
3184;29.9698;29.5708;27.4854;-256.258;-256.661;-256.864;-256.935;-255.98;6.464;373;200;30;13:24:10.332
3185;29.9777;29.5786;27.4776;-256.254;-256.668;-256.872;-256.927;-255.988;6.464;373;200;30;13:24:10.833
3186;29.9855;29.5786;27.4776;-256.269;-256.661;-256.864;-256.935;-255.98;6.464;276;200;30;13:24:11.334
3187;29.9777;29.5786;27.4776;-256.254;-256.668;-256.872;-256.935;-255.988;6.464;179;200;30;13:24:11.834
3188;29.9855;29.5786;27.4697;-256.262;-256.668;-256.872;-256.935;-255.98;6.464;276;200;30;13:24:12.334
3189;29.9855;29.5786;27.4776;-256.262;-256.668;-256.872;-256.927;-255.98;6.464;179;200;30;13:24:12.832
3190;29.9855;29.5786;27.4854;-256.262;-256.668;-256.864;-256.935;-255.98;6.464;179;200;30;13:24:13.334
3191;29.9777;29.5786;27.4697;-256.254;-256.668;-256.872;-256.919;-255.98;6.464;179;200;30;13:24:13.834
3192;29.9933;29.5786;27.4776;-256.262;-256.668;-256.864;-256.935;-255.988;6.464;276;200;30;13:24:14.332
3193;29.9855;29.5786;27.4854;-256.254;-256.668;-256.872;-256.935;-255.98;6.464;82;200;30;13:24:14.834
3194;29.9855;29.5708;27.4776;-256.262;-256.668;-256.864;-256.935;-255.988;6.464;179;200;30;13:24:15.334
3195;29.9855;29.5786;27.4776;-256.262;-256.668;-256.872;-256.927;-255.988;6.464;179;200;30;13:24:15.832
3196;29.9777;29.5786;27.4854;-256.254;-256.661;-256.872;-256.927;-255.98;6.464;179;200;30;13:24:16.334
3197;29.9855;29.5786;27.4697;-256.262;-256.661;-256.864;-256.927;-255.988;6.464;276;200;30;13:24:16.832
3198;29.9777;29.5786;27.4776;-256.254;-256.668;-256.872;-256.935;-255.98;6.464;179;200;30;13:24:17.334
3199;29.9777;29.5786;27.4776;-256.262;-256.676;-256.872;-256.919;-255.98;6.464;276;200;30;13:24:17.832
3200;29.9855;29.5786;27.4776;-256.262;-256.668;-256.864;-256.935;-255.98;6.464;276;200;30;13:24:18.334
3201;29.9777;29.5786;27.4776;-256.262;-256.676;-256.864;-256.927;-255.988;6.464;179;200;30;13:24:18.834
3202;29.9777;29.5864;27.4854;-256.262;-256.668;-256.864;-256.927;-255.98;6.464;276;200;30;13:24:19.332
3203;29.9698;29.5708;27.4776;-256.262;-256.668;-256.864;-256.927;-255.988;6.464;276;200;30;13:24:19.834
3204;29.9698;29.5786;27.4854;-256.254;-256.661;-256.872;-256.919;-255.98;6.464;373;200;30;13:24:20.330
3205;29.962;29.5708;27.4854;-256.262;-256.668;-256.864;-256.927;-255.98;6.464;373;200;30;13:24:20.834
3206;29.9542;29.5786;27.4854;-256.254;-256.668;-256.872;-256.927;-255.988;6.464;470;200;30;13:24:21.332
3207;29.9464;29.5708;27.4854;-256.262;-256.668;-256.872;-256.935;-255.98;6.464;567;200;30;13:24:21.832
3208;29.9542;29.5708;27.4854;-256.262;-256.668;-256.864;-256.927;-255.98;6.464;663;200;30;13:24:22.332
3209;29.9464;29.5708;27.4932;-256.254;-256.661;-256.872;-256.927;-255.988;6.464;567;200;30;13:24:22.832
3210;29.9542;29.5786;27.4932;-256.262;-256.661;-256.872;-256.919;-255.98;6.464;663;200;30;13:24:23.332
3211;29.9542;29.5629;27.501;-256.265;-256.668;-256.872;-256.923;-255.98;6.464;567;200;30;13:24:23.831
3212;29.9464;29.5708;27.4932;-256.254;-256.661;-256.872;-256.927;-255.988;6.464;567;200;30;13:24:24.323
3213;29.9464;29.5708;27.4932;-256.262;-256.668;-256.872;-256.927;-255.98;6.464;663;200;30;13:24:24.831
3214;29.9464;29.5708;27.4932;-256.262;-256.661;-256.872;-256.919;-255.98;6.464;663;200;30;13:24:25.329
3215;29.9542;29.5786;27.4932;-256.262;-256.661;-256.864;-256.927;-255.98;6.464;663;200;30;13:24:25.823
3216;29.962;29.5786;27.4854;-256.269;-256.661;-256.864;-256.919;-255.988;6.464;567;200;30;13:24:26.322
3217;29.9464;29.5708;27.4932;-256.269;-256.668;-256.872;-256.927;-255.972;6.464;470;200;30;13:24:26.822
3218;29.9542;29.5786;27.4854;-256.262;-256.661;-256.872;-256.927;-255.98;6.464;663;200;30;13:24:27.332
3219;29.9542;29.5708;27.4932;-256.269;-256.661;-256.864;-256.927;-255.98;6.464;567;200;30;13:24:27.833
3220;29.962;29.5786;27.4932;-256.262;-256.661;-256.872;-256.927;-255.98;6.464;567;200;30;13:24:28.323
3221;29.9542;29.5786;27.4932;-256.269;-256.661;-256.872;-256.927;-255.972;6.464;470;200;30;13:24:28.831
3222;29.962;29.5786;27.4932;-256.262;-256.661;-256.864;-256.927;-255.98;6.464;567;200;30;13:24:29.332
3223;29.962;29.5786;27.4932;-256.262;-256.661;-256.864;-256.935;-255.98;6.464;470;200;30;13:24:29.823
3224;29.962;29.5864;27.4932;-256.262;-256.661;-256.872;-256.927;-255.98;6.464;470;200;30;13:24:30.324
3225;29.9542;29.5864;27.4932;-256.262;-256.661;-256.856;-256.927;-255.98;6.464;470;200;30;13:24:30.827
3226;29.9698;29.5864;27.4854;-256.262;-256.661;-256.88;-256.927;-255.98;6.464;567;200;30;13:24:31.331
3227;29.962;29.5942;27.4932;-256.262;-256.668;-256.872;-256.927;-255.98;6.464;373;200;30;13:24:31.833
3228;29.9698;29.5942;27.4932;-256.269;-256.661;-256.864;-256.919;-255.988;6.464;470;200;30;13:24:32.332
3229;29.9698;29.5942;27.501;-256.262;-256.668;-256.872;-256.935;-255.98;6.464;373;200;30;13:24:32.832
3230;29.9777;29.5942;27.4932;-256.269;-256.668;-256.872;-256.935;-255.988;6.464;373;200;30;13:24:33.328
3231;29.9855;29.5942;27.501;-256.269;-256.661;-256.864;-256.927;-255.988;6.464;276;200;30;13:24:33.832
3232;29.9855;29.5942;27.501;-256.277;-256.668;-256.872;-256.927;-255.98;6.464;179;200;30;13:24:34.332
3233;29.9855;29.5942;27.4971;-256.269;-256.661;-256.864;-256.919;-255.98;6.464;179;200;30;13:24:34.832
3234;29.9777;29.5942;27.4932;-256.269;-256.661;-256.872;-256.927;-255.988;6.464;179;200;30;13:24:35.331
3235;29.9855;29.6021;27.4932;-256.269;-256.661;-256.864;-256.935;-255.98;6.464;276;200;30;13:24:35.831
3236;29.9933;29.6021;27.4854;-256.262;-256.668;-256.872;-256.927;-255.988;6.464;179;200;30;13:24:36.330
3237;29.9855;29.5864;27.4854;-256.269;-256.661;-256.872;-256.927;-255.988;6.464;82;200;30;13:24:36.832
3238;29.9777;29.5942;27.4776;-256.262;-256.661;-256.864;-256.919;-255.98;6.464;179;200;30;13:24:37.331
3239;29.9855;29.5942;27.4854;-256.269;-256.668;-256.872;-256.927;-255.98;6.464;276;200;30;13:24:37.826
3240;29.9855;29.6021;27.4854;-256.254;-256.661;-256.864;-256.927;-255.98;6.464;179;200;30;13:24:38.331
3241;29.9777;29.5864;27.4854;-256.269;-256.661;-256.864;-256.927;-255.98;6.464;179;200;30;13:24:38.833
3242;29.9698;29.5864;27.4932;-256.262;-256.661;-256.872;-256.935;-255.98;6.464;276;200;30;13:24:39.332
3243;29.9698;29.5864;27.4932;-256.262;-256.668;-256.872;-256.927;-255.988;6.464;373;200;30;13:24:39.823
3244;29.962;29.5864;27.501;-256.262;-256.653;-256.864;-256.927;-255.98;6.464;373;200;30;13:24:40.332
3245;29.962;29.5786;27.501;-256.262;-256.661;-256.872;-256.927;-255.98;6.464;470;200;30;13:24:40.829
3246;29.9698;29.5864;27.501;-256.262;-256.653;-256.864;-256.931;-255.98;6.464;470;200;30;13:24:41.330
3247;29.962;29.5786;27.4854;-256.262;-256.661;-256.872;-256.927;-255.988;6.464;373;200;30;13:24:41.832
3248;29.9698;29.5708;27.501;-256.269;-256.653;-256.872;-256.927;-255.98;6.464;470;200;30;13:24:42.332
3249;29.9542;29.5786;27.4932;-256.262;-256.653;-256.872;-256.927;-255.988;6.464;373;200;30;13:24:42.823
3250;29.9542;29.5864;27.4932;-256.262;-256.661;-256.872;-256.927;-255.98;6.464;567;200;30;13:24:43.327
3251;29.962;29.5786;27.5049;-256.262;-256.653;-256.872;-256.919;-255.988;6.464;567;200;30;13:24:43.830
3252;29.962;29.5786;27.5049;-256.262;-256.661;-256.864;-256.927;-255.98;6.464;470;200;30;13:24:44.323
3253;29.962;29.5786;27.5049;-256.269;-256.668;-256.872;-256.919;-255.988;6.464;470;200;30;13:24:44.832
3254;29.9698;29.5786;27.5049;-256.254;-256.661;-256.864;-256.919;-255.98;6.464;470;200;30;13:24:45.332
3255;29.962;29.5786;27.5049;-256.269;-256.653;-256.872;-256.927;-255.988;6.464;373;200;30;13:24:45.832
3256;29.9777;29.5786;27.501;-256.262;-256.661;-256.872;-256.915;-255.98;6.464;470;200;30;13:24:46.331
3257;29.9777;29.5786;27.501;-256.269;-256.661;-256.864;-256.919;-255.972;6.464;276;200;30;13:24:46.823
3258;29.9855;29.5786;27.501;-256.269;-256.661;-256.872;-256.919;-255.988;6.464;276;200;30;13:24:47.327
3259;29.9777;29.5864;27.501;-256.262;-256.661;-256.872;-256.927;-255.972;6.464;179;200;30;13:24:47.831
3260;29.9855;29.5864;27.4932;-256.269;-256.661;-256.864;-256.927;-255.98;6.464;276;200;30;13:24:48.331
3261;29.9777;29.5786;27.501;-256.269;-256.661;-256.872;-256.927;-255.98;6.464;179;200;30;13:24:48.826
3262;29.9855;29.5786;27.501;-256.262;-256.668;-256.864;-256.919;-255.98;6.464;276;200;30;13:24:49.331
3263;29.9777;29.5786;27.4932;-256.269;-256.653;-256.864;-256.935;-255.988;6.464;179;200;30;13:24:49.831
3264;29.9777;29.5864;27.4932;-256.269;-256.661;-256.872;-256.915;-255.988;6.464;276;200;30;13:24:50.328
3265;29.9777;29.5786;27.4932;-256.262;-256.653;-256.872;-256.919;-255.988;6.464;276;200;30;13:24:50.831
3266;29.9855;29.5864;27.4932;-256.269;-256.653;-256.872;-256.927;-255.98;6.464;276;200;30;13:24:51.331
3267;29.9698;29.5786;27.4854;-256.262;-256.661;-256.864;-256.927;-255.988;6.464;179;200;30;13:24:51.832
3268;29.962;29.5708;27.501;-256.254;-256.661;-256.872;-256.927;-255.98;6.464;373;200;30;13:24:52.327
3269;29.962;29.5708;27.4932;-256.262;-256.668;-256.864;-256.935;-255.988;6.464;470;200;30;13:24:52.829
3270;29.962;29.5786;27.4932;-256.254;-256.661;-256.872;-256.927;-255.988;6.464;470;200;30;13:24:53.328
3271;29.9542;29.5708;27.4854;-256.254;-256.668;-256.864;-256.919;-255.988;6.464;470;200;30;13:24:53.831
3272;29.9542;29.5786;27.501;-256.262;-256.668;-256.864;-256.919;-255.988;6.464;567;200;30;13:24:54.332
3273;29.9542;29.5708;27.4932;-256.262;-256.668;-256.872;-256.919;-255.996;6.464;567;200;30;13:24:54.827
3274;29.9542;29.5708;27.501;-256.262;-256.668;-256.864;-256.927;-255.988;6.464;567;200;30;13:24:55.332
3275;29.962;29.5786;27.4932;-256.269;-256.661;-256.864;-256.927;-255.996;6.464;567;200;30;13:24:55.833
3276;29.9542;29.5786;27.501;-256.262;-256.661;-256.872;-256.927;-255.996;6.464;470;200;30;13:24:56.328
3277;29.9542;29.5786;27.4854;-256.262;-256.668;-256.856;-256.927;-255.996;6.464;567;200;30;13:24:56.831
3278;29.962;29.5786;27.4932;-256.262;-256.661;-256.864;-256.919;-255.988;6.464;567;200;30;13:24:57.331
3279;29.9698;29.5786;27.4854;-256.262;-256.661;-256.864;-256.927;-255.996;6.464;470;200;30;13:24:57.831
3280;29.9698;29.5864;27.4854;-256.269;-256.661;-256.872;-256.927;-255.996;6.464;373;200;30;13:24:58.331
3281;29.962;29.5786;27.4932;-256.262;-256.661;-256.864;-256.935;-255.988;6.464;373;200;30;13:24:58.825
3282;29.9698;29.5786;27.4854;-256.262;-256.661;-256.864;-256.927;-255.988;6.464;470;200;30;13:24:59.332
3283;29.9698;29.5786;27.4854;-256.262;-256.653;-256.864;-256.927;-255.988;6.464;373;200;30;13:24:59.832
3284;29.9777;29.5864;27.4854;-256.262;-256.653;-256.864;-256.919;-255.996;6.464;373;200;30;13:25:00.329
3285;29.9777;29.5864;27.4776;-256.269;-256.661;-256.864;-256.927;-255.988;6.464;276;200;30;13:25:00.829
3286;29.9855;29.6021;27.4776;-256.269;-256.653;-256.864;-256.927;-255.988;6.464;276;200;30;13:25:01.328
3287;29.9855;29.5864;27.4776;-256.269;-256.661;-256.864;-256.927;-255.996;6.464;179;200;30;13:25:01.827
3288;29.9933;29.5942;27.4776;-256.269;-256.653;-256.872;-256.915;-255.996;6.464;179;200;30;13:25:02.332
3289;29.9933;29.5942;27.4854;-256.262;-256.661;-256.864;-256.927;-255.988;6.464;82;200;30;13:25:02.827
3290;29.9933;29.6021;27.4776;-256.262;-256.661;-256.872;-256.927;-255.996;6.464;82;200;30;13:25:03.331
3291;29.9933;29.5864;27.4776;-256.269;-256.653;-256.864;-256.927;-255.996;6.464;82;200;30;13:25:03.832
3292;30.0011;29.5864;27.4776;-256.262;-256.661;-256.872;-256.927;-255.988;6.464;82;200;30;13:25:04.330
3293;29.9933;29.6021;27.4776;-256.277;-256.653;-256.864;-256.927;-255.988;6.464;None;200;30;13:25:04.829
3294;29.9855;29.5786;27.4776;-256.262;-256.645;-256.864;-256.927;-255.996;6.464;82;200;30;13:25:05.332
3295;29.9698;29.5708;27.4776;-256.269;-256.653;-256.872;-256.935;-255.988;6.464;179;200;30;13:25:05.832
3296;29.9698;29.5708;27.4854;-256.262;-256.653;-256.872;-256.927;-255.988;6.464;373;200;30;13:25:06.331
3297;29.9698;29.5786;27.4776;-256.262;-256.653;-256.864;-256.935;-255.988;6.464;373;200;30;13:25:06.831
3298;29.962;29.5708;27.4854;-256.262;-256.637;-256.864;-256.919;-255.988;6.464;373;200;30;13:25:07.328
3299;29.9542;29.5629;27.4854;-256.269;-256.645;-256.864;-256.927;-255.996;6.464;470;200;30;13:25:07.829
3300;29.9542;29.5708;27.4854;-256.262;-256.637;-256.864;-256.919;-255.988;6.464;567;200;30;13:25:08.333
3301;29.9542;29.5708;27.4776;-256.269;-256.645;-256.872;-256.927;-255.988;6.464;567;200;30;13:25:08.832
3302;29.9542;29.5708;27.4697;-256.262;-256.645;-256.864;-256.935;-255.988;6.464;567;200;30;13:25:09.325
3303;29.9542;29.5708;27.4697;-256.262;-256.661;-256.872;-256.927;-255.996;6.464;567;200;30;13:25:09.832
3304;29.962;29.5629;27.4854;-256.262;-256.653;-256.864;-256.927;-255.988;6.464;567;200;30;13:25:10.330
3305;29.9542;29.5629;27.4854;-256.262;-256.653;-256.864;-256.927;-255.996;6.464;470;200;30;13:25:10.831
3306;29.9542;29.5708;27.4932;-256.269;-256.653;-256.864;-256.935;-255.988;6.464;567;200;30;13:25:11.332
3307;29.9542;29.5629;27.4854;-256.262;-256.653;-256.864;-256.935;-255.988;6.464;567;200;30;13:25:11.825
3308;29.9542;29.5629;27.4932;-256.262;-256.661;-256.864;-256.942;-255.988;6.464;567;200;30;13:25:12.332
3309;29.9542;29.5708;27.4854;-256.262;-256.653;-256.864;-256.935;-255.988;6.464;567;200;30;13:25:12.823
3310;29.962;29.5708;27.4854;-256.262;-256.645;-256.864;-256.935;-255.996;6.464;567;200;30;13:25:13.324
3311;29.9698;29.5708;27.4932;-256.262;-256.653;-256.864;-256.942;-255.988;6.464;470;200;30;13:25:13.830
3312;29.962;29.5708;27.4697;-256.262;-256.653;-256.872;-256.935;-255.988;6.464;373;200;30;13:25:14.323
3313;29.9698;29.5708;27.4776;-256.262;-256.653;-256.864;-256.942;-255.988;6.464;470;200;30;13:25:14.832
3314;29.9698;29.5786;27.4776;-256.262;-256.653;-256.872;-256.935;-255.988;6.464;373;200;30;13:25:15.332
3315;29.9698;29.5708;27.4697;-256.269;-256.653;-256.872;-256.935;-255.988;6.464;373;200;30;13:25:15.832
3316;29.9698;29.5708;27.4776;-256.262;-256.653;-256.864;-256.919;-255.988;6.464;373;200;30;13:25:16.332
3317;29.9777;29.5786;27.4776;-256.262;-256.653;-256.872;-256.935;-255.988;6.464;373;200;30;13:25:16.832
3318;29.9933;29.5786;27.4776;-256.262;-256.653;-256.864;-256.935;-255.988;6.464;276;200;30;13:25:17.333
3319;29.9855;29.5864;27.4697;-256.254;-256.661;-256.864;-256.927;-255.988;6.464;82;200;30;13:25:17.834
3320;29.9698;29.5786;27.4776;-256.262;-256.653;-256.864;-256.927;-255.988;6.464;179;200;30;13:25:18.330
3321;29.9698;29.5786;27.4697;-256.262;-256.653;-256.864;-256.935;-255.996;6.464;373;200;30;13:25:18.829
3322;29.9698;29.5786;27.4854;-256.254;-256.653;-256.864;-256.927;-255.988;6.464;373;200;30;13:25:19.330
3323;29.9698;29.5786;27.4776;-256.269;-256.661;-256.872;-256.927;-255.988;6.464;373;200;30;13:25:19.826
3324;29.9698;29.5864;27.4776;-256.254;-256.653;-256.872;-256.935;-255.996;6.464;373;200;30;13:25:20.331
3325;29.9698;29.5786;27.4776;-256.262;-256.661;-256.864;-256.927;-255.996;6.464;373;200;30;13:25:20.830
3326;29.9698;29.5708;27.4776;-256.262;-256.653;-256.872;-256.927;-255.996;6.464;373;200;30;13:25:21.331
3327;29.962;29.5786;27.4776;-256.262;-256.661;-256.864;-256.935;-255.988;6.464;373;200;30;13:25:21.825
3328;29.9698;29.5864;27.4854;-256.262;-256.653;-256.872;-256.935;-255.996;6.464;470;200;30;13:25:22.333
3329;29.962;29.5864;27.4854;-256.254;-256.645;-256.864;-256.927;-255.996;6.464;373;200;30;13:25:22.832
3330;29.962;29.5708;27.4854;-256.262;-256.653;-256.864;-256.935;-255.988;6.464;470;200;30;13:25:23.331
3331;29.9698;29.5708;27.4854;-256.269;-256.653;-256.864;-256.919;-255.988;6.464;470;200;30;13:25:23.825
3332;29.9698;29.5708;27.4932;-256.262;-256.653;-256.864;-256.927;-255.98;6.464;373;200;30;13:25:24.332
3333;29.9698;29.5864;27.4854;-256.262;-256.645;-256.864;-256.919;-255.98;6.464;373;200;30;13:25:24.832
3334;29.9698;29.5786;27.4854;-256.262;-256.653;-256.864;-256.927;-255.988;6.464;373;200;30;13:25:25.331
3335;29.9698;29.5786;27.4854;-256.254;-256.661;-256.864;-256.919;-255.988;6.464;373;200;30;13:25:25.833
3336;29.9777;29.5786;27.4776;-256.254;-256.653;-256.864;-256.919;-255.98;6.464;373;200;30;13:25:26.332
3337;29.9855;29.5864;27.4776;-256.254;-256.661;-256.864;-256.919;-255.988;6.464;276;200;30;13:25:26.832
3338;29.9777;29.5864;27.4776;-256.254;-256.653;-256.864;-256.927;-255.988;6.464;179;200;30;13:25:27.332
3339;29.9855;29.5864;27.4776;-256.262;-256.661;-256.872;-256.927;-255.98;6.464;276;200;30;13:25:27.830
3340;29.9855;29.5864;27.4697;-256.254;-256.653;-256.864;-256.923;-255.98;6.464;179;200;30;13:25:28.334
3341;29.9777;29.5786;27.4776;-256.254;-256.653;-256.864;-256.919;-255.988;6.464;179;200;30;13:25:28.833
3342;29.9933;29.5864;27.4776;-256.254;-256.661;-256.864;-256.927;-255.98;6.464;276;200;30;13:25:29.333
3343;29.9855;29.5864;27.4776;-256.254;-256.661;-256.872;-256.927;-255.98;6.464;82;200;30;13:25:29.832
3344;29.9777;29.5942;27.4776;-256.254;-256.661;-256.864;-256.919;-255.98;6.464;179;200;30;13:25:30.333
3345;29.9933;29.5942;27.4776;-256.254;-256.661;-256.864;-256.927;-255.98;6.464;276;200;30;13:25:30.834
3346;29.9855;29.5864;27.4854;-256.262;-256.661;-256.864;-256.927;-255.98;6.464;82;200;30;13:25:31.327
3347;29.9777;29.5786;27.4776;-256.262;-256.661;-256.856;-256.919;-255.988;6.464;179;200;30;13:25:31.832
3348;29.9777;29.5864;27.4854;-256.254;-256.661;-256.864;-256.927;-255.972;6.464;276;200;30;13:25:32.332
3349;29.9698;29.5786;27.4776;-256.262;-256.668;-256.872;-256.927;-255.98;6.464;276;200;30;13:25:32.826
3350;29.9698;29.5786;27.4854;-256.254;-256.661;-256.864;-256.927;-255.988;6.464;373;200;30;13:25:33.331
3351;29.962;29.5708;27.4776;-256.262;-256.661;-256.864;-256.927;-255.98;6.464;373;200;30;13:25:33.824
3352;29.962;29.5708;27.4854;-256.254;-256.661;-256.864;-256.919;-255.988;6.464;470;200;30;13:25:34.328
3353;29.962;29.5629;27.4854;-256.254;-256.661;-256.872;-256.927;-255.98;6.464;470;200;30;13:25:34.832
3354;29.9698;29.5708;27.4776;-256.254;-256.661;-256.864;-256.927;-255.988;6.464;470;200;30;13:25:35.332
3355;29.962;29.5708;27.4854;-256.262;-256.661;-256.864;-256.927;-255.98;6.464;373;200;30;13:25:35.829
3356;29.962;29.5629;27.4776;-256.254;-256.661;-256.864;-256.927;-255.98;6.464;470;200;30;13:25:36.333
3357;29.962;29.5708;27.4854;-256.254;-256.661;-256.872;-256.927;-255.98;6.464;470;200;30;13:25:36.828
3358;29.962;29.5708;27.4854;-256.25;-256.653;-256.864;-256.927;-255.98;6.464;470;200;30;13:25:37.328
3359;29.9542;29.5629;27.4854;-256.262;-256.653;-256.864;-256.919;-255.98;6.464;470;200;30;13:25:37.832
3360;29.9542;29.5786;27.4854;-256.25;-256.668;-256.864;-256.927;-255.98;6.464;567;200;30;13:25:38.332
3361;29.9542;29.5629;27.4854;-256.254;-256.661;-256.864;-256.927;-255.988;6.464;567;200;30;13:25:38.834
3362;29.9542;29.5708;27.4776;-256.254;-256.653;-256.864;-256.919;-255.98;6.464;567;200;30;13:25:39.332
3363;29.9542;29.5708;27.4854;-256.262;-256.653;-256.864;-256.927;-255.988;6.464;567;200;30;13:25:39.833
3364;29.962;29.5708;27.4854;-256.254;-256.661;-256.864;-256.927;-255.98;6.464;567;200;30;13:25:40.331
3365;29.9542;29.5786;27.4776;-256.262;-256.661;-256.856;-256.935;-255.988;6.464;470;200;30;13:25:40.828
3366;29.962;29.5786;27.4776;-256.262;-256.661;-256.864;-256.927;-255.98;6.464;567;200;30;13:25:41.331
3367;29.962;29.5786;27.4776;-256.254;-256.661;-256.872;-256.919;-255.98;6.464;470;200;30;13:25:41.832
3368;29.962;29.5786;27.4697;-256.254;-256.653;-256.864;-256.927;-255.98;6.464;470;200;30;13:25:42.332
3369;29.962;29.5786;27.4776;-256.262;-256.661;-256.856;-256.927;-255.988;6.464;470;200;30;13:25:42.833
3370;29.9698;29.5786;27.4697;-256.262;-256.661;-256.856;-256.919;-255.98;6.464;470;200;30;13:25:43.324
3371;29.9777;29.5786;27.4776;-256.262;-256.653;-256.856;-256.927;-255.988;6.464;373;200;30;13:25:43.832
3372;29.9777;29.5786;27.4697;-256.262;-256.661;-256.856;-256.919;-255.98;6.464;276;200;30;13:25:44.333
3373;29.9855;29.5864;27.4697;-256.262;-256.668;-256.864;-256.927;-255.98;6.464;276;200;30;13:25:44.833
3374;29.9855;29.5864;27.4776;-256.269;-256.661;-256.856;-256.919;-255.988;6.464;179;200;30;13:25:45.331
3375;29.9855;29.5864;27.4776;-256.269;-256.668;-256.864;-256.919;-255.988;6.464;179;200;30;13:25:45.832
3376;29.9855;29.5864;27.4776;-256.262;-256.661;-256.872;-256.927;-255.98;6.464;179;200;30;13:25:46.331
3377;29.9777;29.5864;27.4776;-256.269;-256.661;-256.864;-256.927;-255.988;6.464;179;200;30;13:25:46.833
3378;29.9933;29.5864;27.4854;-256.262;-256.661;-256.864;-256.927;-255.98;6.464;276;200;30;13:25:47.331
3379;29.9855;29.5786;27.4697;-256.262;-256.668;-256.872;-256.927;-255.988;6.464;82;200;30;13:25:47.832
3380;29.9855;29.5786;27.4776;-256.269;-256.661;-256.864;-256.927;-255.988;6.464;179;200;30;13:25:48.331
3381;29.9855;29.5786;27.4776;-256.262;-256.661;-256.872;-256.935;-255.98;6.464;179;200;30;13:25:48.834
3382;29.9698;29.5864;27.4776;-256.269;-256.668;-256.864;-256.935;-255.988;6.464;179;200;30;13:25:49.333
3383;29.9698;29.5786;27.4854;-256.262;-256.661;-256.872;-256.935;-255.988;6.464;373;200;30;13:25:49.832
3384;29.9698;29.5786;27.4776;-256.269;-256.668;-256.864;-256.935;-255.988;6.464;373;200;30;13:25:50.327
3385;29.9698;29.5708;27.4776;-256.254;-256.661;-256.864;-256.935;-255.988;6.464;373;200;30;13:25:50.831
3386;29.9698;29.5629;27.4854;-256.269;-256.661;-256.872;-256.927;-255.98;6.464;373;200;30;13:25:51.332
3387;29.962;29.5708;27.4776;-256.254;-256.661;-256.864;-256.927;-255.996;6.464;373;200;30;13:25:51.831
3388;29.9698;29.5629;27.4854;-256.262;-256.661;-256.864;-256.935;-255.988;6.464;470;200;30;13:25:52.333
3389;29.962;29.5708;27.4776;-256.262;-256.661;-256.864;-256.927;-255.988;6.464;373;200;30;13:25:52.823
3390;29.9698;29.5708;27.4854;-256.269;-256.653;-256.864;-256.935;-255.98;6.464;470;200;30;13:25:53.333
3391;29.962;29.5708;27.4776;-256.262;-256.661;-256.864;-256.935;-255.988;6.464;373;200;30;13:25:53.830
3392;29.962;29.5629;27.4854;-256.269;-256.661;-256.872;-256.927;-255.98;6.464;470;200;30;13:25:54.333
3393;29.962;29.5708;27.4854;-256.262;-256.661;-256.864;-256.935;-255.988;6.464;470;200;30;13:25:54.833
3394;29.962;29.5629;27.4854;-256.262;-256.661;-256.872;-256.935;-255.988;6.464;470;200;30;13:25:55.331
3395;29.962;29.5629;27.4932;-256.269;-256.668;-256.864;-256.935;-255.98;6.464;470;200;30;13:25:55.824
3396;29.9698;29.5786;27.4932;-256.269;-256.668;-256.864;-256.927;-255.988;6.464;470;200;30;13:25:56.331
3397;29.962;29.5786;27.4854;-256.262;-256.661;-256.864;-256.935;-255.98;6.464;373;200;30;13:25:56.832
3398;29.962;29.5786;27.4932;-256.269;-256.668;-256.872;-256.927;-255.988;6.464;470;200;30;13:25:57.326
3399;29.9698;29.5708;27.4932;-256.269;-256.661;-256.864;-256.935;-255.988;6.464;470;200;30;13:25:57.833
3400;29.962;29.5786;27.4854;-256.269;-256.661;-256.864;-256.927;-255.988;6.464;373;200;30;13:25:58.330
3401;29.9698;29.5708;27.4932;-256.262;-256.661;-256.864;-256.935;-255.988;6.464;470;200;30;13:25:58.833
3402;29.9698;29.5786;27.4854;-256.262;-256.668;-256.856;-256.935;-255.988;6.464;373;200;30;13:25:59.324
3403;29.9698;29.5864;27.4932;-256.269;-256.661;-256.864;-256.927;-255.988;6.464;373;200;30;13:25:59.833
3404;29.9698;29.5786;27.4932;-256.262;-256.668;-256.856;-256.927;-255.988;6.464;373;200;30;13:26:00.331
3405;29.9698;29.5708;27.4932;-256.262;-256.653;-256.864;-256.927;-255.988;6.464;373;200;30;13:26:00.833
3406;29.9698;29.5629;27.4932;-256.262;-256.661;-256.856;-256.927;-255.98;6.464;373;200;30;13:26:01.333
3407;29.9698;29.5786;27.501;-256.262;-256.661;-256.864;-256.919;-255.98;6.464;373;200;30;13:26:01.833
3408;29.9698;29.5786;27.4932;-256.262;-256.661;-256.864;-256.927;-255.98;6.464;373;200;30;13:26:02.332
3409;29.9698;29.5786;27.4932;-256.269;-256.661;-256.872;-256.927;-255.988;6.464;373;200;30;13:26:02.833
3410;29.9698;29.5786;27.4932;-256.262;-256.668;-256.864;-256.919;-255.988;6.464;373;200;30;13:26:03.334
3411;29.9698;29.5786;27.4854;-256.269;-256.661;-256.856;-256.919;-255.988;6.464;373;200;30;13:26:03.831
3412;29.9698;29.5864;27.4854;-256.262;-256.661;-256.864;-256.927;-255.988;6.464;373;200;30;13:26:04.333
3413;29.9698;29.5864;27.4932;-256.269;-256.661;-256.864;-256.923;-255.98;6.464;373;200;30;13:26:04.823
3414;29.9698;29.5786;27.4854;-256.262;-256.668;-256.864;-256.927;-255.988;6.464;373;200;30;13:26:05.331
3415;29.9698;29.5864;27.4854;-256.269;-256.661;-256.872;-256.919;-255.988;6.464;373;200;30;13:26:05.832
3416;29.9777;29.5864;27.4776;-256.262;-256.661;-256.864;-256.927;-255.988;6.464;373;200;30;13:26:06.333
3417;29.9777;29.5864;27.4854;-256.269;-256.668;-256.864;-256.919;-255.988;6.464;276;200;30;13:26:06.825
3418;29.9777;29.5942;27.4776;-256.269;-256.661;-256.864;-256.927;-255.98;6.464;276;200;30;13:26:07.325
3419;29.9777;29.5864;27.4776;-256.269;-256.668;-256.864;-256.927;-255.988;6.464;276;200;30;13:26:07.829
3420;29.9777;29.5864;27.4697;-256.269;-256.661;-256.864;-256.927;-255.988;6.464;276;200;30;13:26:08.327
3421;29.9777;29.5942;27.4854;-256.269;-256.661;-256.872;-256.935;-255.988;6.464;276;200;30;13:26:08.832
3422;29.9777;29.5786;27.4854;-256.269;-256.668;-256.864;-256.927;-255.988;6.464;276;200;30;13:26:09.324
3423;29.9855;29.5864;27.4854;-256.269;-256.661;-256.872;-256.927;-255.988;6.464;276;200;30;13:26:09.830
3424;29.9777;29.5786;27.4776;-256.269;-256.668;-256.864;-256.927;-255.988;6.464;179;200;30;13:26:10.330
3425;29.9777;29.5708;27.4854;-256.262;-256.668;-256.864;-256.927;-255.988;6.464;276;200;30;13:26:10.832
3426;29.9698;29.5786;27.4854;-256.269;-256.668;-256.864;-256.935;-255.98;6.464;276;200;30;13:26:11.332
3427;29.962;29.5786;27.4776;-256.262;-256.661;-256.864;-256.927;-255.988;6.464;373;200;30;13:26:11.832
3428;29.962;29.5708;27.4854;-256.269;-256.668;-256.864;-256.935;-255.988;6.464;470;200;30;13:26:12.333
3429;29.9698;29.5629;27.4854;-256.262;-256.661;-256.872;-256.927;-255.996;6.464;470;200;30;13:26:12.826
3430;29.9698;29.5629;27.4854;-256.269;-256.668;-256.864;-256.935;-255.988;6.464;373;200;30;13:26:13.331
3431;29.9542;29.5629;27.4932;-256.262;-256.661;-256.864;-256.935;-255.988;6.464;373;200;30;13:26:13.832
3432;29.962;29.5629;27.4854;-256.254;-256.661;-256.864;-256.935;-255.988;6.464;567;200;30;13:26:14.331
3433;29.9542;29.5629;27.4854;-256.269;-256.661;-256.864;-256.919;-255.988;6.464;470;200;30;13:26:14.833
3434;29.962;29.5786;27.4854;-256.269;-256.668;-256.856;-256.942;-255.996;6.464;567;200;30;13:26:15.327
3435;29.962;29.5708;27.4932;-256.262;-256.661;-256.864;-256.919;-255.98;6.464;470;200;30;13:26:15.833
3436;29.962;29.5708;27.4854;-256.262;-256.661;-256.864;-256.919;-255.988;6.464;470;200;30;13:26:16.325
3437;29.9777;29.5786;27.4854;-256.262;-256.661;-256.864;-256.927;-255.988;6.464;470;200;30;13:26:16.833
3438;29.9698;29.5708;27.4776;-256.269;-256.668;-256.864;-256.919;-255.98;6.464;276;200;30;13:26:17.333
3439;29.9777;29.5708;27.4932;-256.269;-256.668;-256.864;-256.927;-255.98;6.464;373;200;30;13:26:17.832
3440;29.9698;29.5708;27.4854;-256.269;-256.668;-256.864;-256.927;-255.988;6.464;276;200;30;13:26:18.325
3441;29.9777;29.5786;27.4854;-256.269;-256.661;-256.856;-256.919;-255.988;6.464;373;200;30;13:26:18.833
3442;29.9698;29.5786;27.4854;-256.269;-256.661;-256.864;-256.935;-255.98;6.464;276;200;30;13:26:19.325
3443;29.9855;29.5708;27.4854;-256.269;-256.668;-256.864;-256.919;-255.988;6.464;373;200;30;13:26:19.833
3444;29.9698;29.5786;27.4932;-256.269;-256.676;-256.864;-256.927;-255.98;6.464;179;200;30;13:26:20.332
3445;29.9855;29.5864;27.4932;-256.262;-256.661;-256.864;-256.919;-255.98;6.464;373;200;30;13:26:20.833
3446;29.9698;29.5629;27.4854;-256.269;-256.668;-256.864;-256.927;-255.98;6.464;179;200;30;13:26:21.332
3447;29.9777;29.5786;27.4932;-256.262;-256.668;-256.872;-256.919;-255.98;6.464;373;200;30;13:26:21.833
3448;29.9698;29.5786;27.501;-256.269;-256.661;-256.872;-256.927;-255.98;6.464;276;200;30;13:26:22.333
3449;29.9777;29.5864;27.501;-256.269;-256.661;-256.88;-256.927;-255.98;6.464;373;200;30;13:26:22.833
3450;29.9777;29.5708;27.5049;-256.269;-256.668;-256.872;-256.927;-255.98;6.464;276;200;30;13:26:23.324
3451;29.9777;29.5786;27.501;-256.262;-256.668;-256.872;-256.927;-255.98;6.464;276;200;30;13:26:23.833
3452;29.9855;29.5786;27.5049;-256.269;-256.668;-256.872;-256.935;-255.98;6.464;276;200;30;13:26:24.333
3453;29.9777;29.5786;27.5049;-256.254;-256.661;-256.88;-256.935;-255.988;6.464;179;200;30;13:26:24.828
3454;29.9855;29.5708;27.5089;-256.269;-256.668;-256.864;-256.935;-255.98;6.464;276;200;30;13:26:25.333
3455;29.9698;29.5708;27.5089;-256.269;-256.661;-256.88;-256.927;-255.972;6.464;179;200;30;13:26:25.827
3456;29.9542;29.5708;27.501;-256.262;-256.668;-256.864;-256.927;-255.988;6.464;373;200;30;13:26:26.333
3457;29.9542;29.5708;27.5049;-256.262;-256.661;-256.88;-256.927;-255.98;6.464;567;200;30;13:26:26.830
3458;29.9542;29.5629;27.5049;-256.262;-256.668;-256.872;-256.935;-255.988;6.464;567;200;30;13:26:27.332
3459;29.9542;29.5708;27.4932;-256.262;-256.668;-256.864;-256.927;-255.988;6.464;567;200;30;13:26:27.830
3460;29.9464;29.5708;27.4932;-256.262;-256.668;-256.872;-256.942;-255.988;6.464;567;200;30;13:26:28.333
3461;29.962;29.5629;27.501;-256.254;-256.668;-256.872;-256.927;-255.98;6.464;663;200;30;13:26:28.832
3462;29.9542;29.5629;27.501;-256.254;-256.661;-256.872;-256.935;-255.988;6.464;470;200;30;13:26:29.331
3463;29.962;29.5708;27.501;-256.254;-256.661;-256.872;-256.919;-255.988;6.464;567;200;30;13:26:29.827
3464;29.9542;29.5629;27.4932;-256.262;-256.661;-256.872;-256.919;-255.98;6.464;470;200;30;13:26:30.333
3465;29.962;29.5629;27.501;-256.262;-256.661;-256.88;-256.919;-255.98;6.464;567;200;30;13:26:30.829
3466;29.9542;29.5708;27.4932;-256.262;-256.661;-256.872;-256.935;-255.988;6.464;470;200;30;13:26:31.332
3467;29.962;29.5708;27.501;-256.262;-256.661;-256.872;-256.927;-255.98;6.464;567;200;30;13:26:31.830
3468;29.9542;29.5629;27.4854;-256.269;-256.668;-256.88;-256.919;-255.988;6.464;470;200;30;13:26:32.333
3469;29.962;29.5629;27.4932;-256.254;-256.661;-256.872;-256.927;-255.98;6.464;567;200;30;13:26:32.824
3470;29.962;29.5708;27.4854;-256.269;-256.653;-256.864;-256.919;-255.996;6.464;470;200;30;13:26:33.333
3471;29.962;29.5708;27.4932;-256.262;-256.668;-256.88;-256.919;-255.98;6.464;470;200;30;13:26:33.832
3472;29.9698;29.5708;27.4932;-256.262;-256.661;-256.864;-256.927;-255.996;6.464;470;200;30;13:26:34.324
3473;29.9698;29.5708;27.4932;-256.254;-256.661;-256.872;-256.927;-255.988;6.464;373;200;30;13:26:34.826
3474;29.9698;29.5786;27.4932;-256.262;-256.661;-256.872;-256.923;-255.988;6.464;373;200;30;13:26:35.333
3475;29.9777;29.5786;27.4932;-256.262;-256.661;-256.872;-256.919;-255.98;6.464;373;200;30;13:26:35.833
3476;29.9777;29.5786;27.4932;-256.262;-256.668;-256.872;-256.919;-255.988;6.464;276;200;30;13:26:36.333
3477;29.9855;29.5786;27.4932;-256.262;-256.661;-256.864;-256.923;-255.98;6.464;276;200;30;13:26:36.833
3478;29.9855;29.5708;27.501;-256.262;-256.661;-256.872;-256.919;-255.988;6.464;179;200;30;13:26:37.332
3479;29.9855;29.5864;27.501;-256.254;-256.661;-256.88;-256.919;-255.98;6.464;179;200;30;13:26:37.825
3480;29.9777;29.5864;27.4932;-256.254;-256.668;-256.864;-256.927;-255.988;6.464;179;200;30;13:26:38.334
3481;29.9855;29.5786;27.4932;-256.269;-256.661;-256.872;-256.927;-255.988;6.464;276;200;30;13:26:38.831
3482;29.9777;29.5786;27.501;-256.262;-256.668;-256.872;-256.927;-255.988;6.464;179;200;30;13:26:39.332
3483;29.9855;29.5864;27.4854;-256.269;-256.661;-256.872;-256.927;-255.988;6.464;276;200;30;13:26:39.826
3484;29.9855;29.5786;27.4932;-256.262;-256.661;-256.872;-256.919;-255.98;6.464;179;200;30;13:26:40.331
3485;29.9777;29.5708;27.4932;-256.262;-256.668;-256.872;-256.927;-255.988;6.464;179;200;30;13:26:40.833
3486;29.9855;29.5864;27.4776;-256.269;-256.668;-256.88;-256.927;-255.988;6.464;276;200;30;13:26:41.333
3487;29.9698;29.5708;27.4854;-256.269;-256.661;-256.872;-256.919;-255.988;6.464;179;200;30;13:26:41.832
3488;29.962;29.5708;27.4776;-256.262;-256.668;-256.872;-256.919;-255.988;6.464;373;200;30;13:26:42.329
3489;29.962;29.5708;27.4854;-256.262;-256.661;-256.872;-256.919;-255.98;6.464;470;200;30;13:26:42.832
3490;29.962;29.5629;27.4932;-256.269;-256.661;-256.872;-256.927;-255.996;6.464;470;200;30;13:26:43.333
3491;29.9542;29.5708;27.4932;-256.269;-256.668;-256.872;-256.927;-255.98;6.464;470;200;30;13:26:43.827
3492;29.9542;29.5629;27.4854;-256.262;-256.661;-256.864;-256.927;-255.98;6.464;567;200;30;13:26:44.332
3493;29.9542;29.5629;27.4932;-256.269;-256.661;-256.872;-256.919;-255.988;6.464;567;200;30;13:26:44.833
3494;29.9464;29.5629;27.4932;-256.269;-256.661;-256.872;-256.927;-255.98;6.464;567;200;30;13:26:45.331
3495;29.9542;29.5708;27.501;-256.262;-256.653;-256.872;-256.919;-255.988;6.464;663;200;30;13:26:45.833
3496;29.962;29.5629;27.4932;-256.269;-256.668;-256.872;-256.919;-255.98;6.464;567;200;30;13:26:46.333
3497;29.962;29.5708;27.4854;-256.262;-256.661;-256.864;-256.927;-255.988;6.464;470;200;30;13:26:46.835
3498;29.962;29.5708;27.4854;-256.262;-256.668;-256.872;-256.915;-255.98;6.464;470;200;30;13:26:47.334
3499;29.9542;29.5708;27.4932;-256.269;-256.661;-256.864;-256.927;-255.98;6.464;470;200;30;13:26:47.834
3500;29.9542;29.5629;27.4854;-256.262;-256.661;-256.872;-256.919;-255.98;6.464;567;200;30;13:26:48.333
3501;29.9542;29.5629;27.4932;-256.262;-256.668;-256.88;-256.923;-255.988;6.464;567;200;30;13:26:48.835
3502;29.9542;29.5629;27.4932;-256.262;-256.668;-256.872;-256.927;-255.98;6.464;567;200;30;13:26:49.333
3503;29.962;29.5629;27.4932;-256.262;-256.661;-256.872;-256.919;-255.972;6.464;567;200;30;13:26:49.824
3504;29.9542;29.5708;27.4971;-256.269;-256.668;-256.872;-256.919;-255.98;6.464;470;200;30;13:26:50.328
3505;29.962;29.5708;27.501;-256.262;-256.661;-256.872;-256.919;-255.98;6.464;567;200;30;13:26:50.833
3506;29.962;29.5629;27.4932;-256.262;-256.661;-256.872;-256.919;-255.98;6.464;470;200;30;13:26:51.330
3507;29.962;29.5786;27.501;-256.269;-256.661;-256.872;-256.915;-255.98;6.464;470;200;30;13:26:51.835
3508;29.9698;29.5786;27.5049;-256.262;-256.653;-256.872;-256.919;-255.98;6.464;470;200;30;13:26:52.333
3509;29.9698;29.5786;27.4932;-256.269;-256.661;-256.88;-256.919;-255.98;6.464;373;200;30;13:26:52.832
3510;29.9777;29.5786;27.501;-256.262;-256.661;-256.872;-256.927;-255.98;6.464;373;200;30;13:26:53.327
3511;29.9777;29.5786;27.501;-256.262;-256.653;-256.872;-256.915;-255.98;6.464;276;200;30;13:26:53.825
3512;29.9855;29.5942;27.4932;-256.262;-256.668;-256.88;-256.919;-255.98;6.464;276;200;30;13:26:54.330
3513;29.9777;29.5786;27.4932;-256.269;-256.653;-256.872;-256.927;-255.98;6.464;179;200;30;13:26:54.831
3514;29.9855;29.5864;27.501;-256.262;-256.653;-256.864;-256.919;-255.98;6.464;276;200;30;13:26:55.334
3515;29.9855;29.5864;27.5049;-256.262;-256.653;-256.872;-256.919;-255.98;6.464;179;200;30;13:26:55.826
3516;29.9855;29.5864;27.501;-256.262;-256.653;-256.872;-256.915;-255.988;6.464;179;200;30;13:26:56.330
3517;29.9855;29.5942;27.501;-256.269;-256.645;-256.88;-256.927;-255.98;6.464;179;200;30;13:26:56.833
3518;29.9855;29.5864;27.501;-256.262;-256.661;-256.872;-256.919;-255.98;6.464;179;200;30;13:26:57.335
3519;29.9777;29.5864;27.501;-256.269;-256.653;-256.872;-256.915;-255.988;6.464;179;200;30;13:26:57.825
3520;29.9933;29.5864;27.501;-256.262;-256.653;-256.872;-256.915;-255.988;6.464;276;200;30;13:26:58.333
3521;29.9855;29.5786;27.501;-256.262;-256.653;-256.872;-256.919;-255.98;6.464;82;200;30;13:26:58.833
3522;29.9777;29.5864;27.5049;-256.254;-256.661;-256.872;-256.919;-255.98;6.464;179;200;30;13:26:59.324
3523;29.9777;29.5786;27.501;-256.262;-256.653;-256.872;-256.919;-255.98;6.464;276;200;30;13:26:59.835
3524;29.9777;29.5786;27.5049;-256.254;-256.661;-256.872;-256.915;-255.98;6.464;276;200;30;13:27:00.332
3525;29.9698;29.5708;27.5049;-256.262;-256.661;-256.88;-256.919;-255.98;6.464;276;200;30;13:27:00.833
3526;29.962;29.5708;27.501;-256.254;-256.661;-256.872;-256.919;-255.972;6.464;373;200;30;13:27:01.333
3527;29.9542;29.5551;27.501;-256.25;-256.653;-256.872;-256.919;-255.972;6.464;470;200;30;13:27:01.834
3528;29.9542;29.5629;27.501;-256.254;-256.661;-256.872;-256.919;-255.98;6.464;567;200;30;13:27:02.333
3529;29.9542;29.5708;27.4932;-256.262;-256.653;-256.88;-256.919;-255.972;6.464;567;200;30;13:27:02.835
3530;29.962;29.5629;27.501;-256.262;-256.653;-256.872;-256.919;-255.98;6.464;567;200;30;13:27:03.332
3531;29.962;29.5708;27.4932;-256.254;-256.645;-256.872;-256.915;-255.972;6.464;470;200;30;13:27:03.833
3532;29.962;29.5629;27.5049;-256.262;-256.661;-256.872;-256.915;-255.98;6.464;470;200;30;13:27:04.335
3533;29.962;29.5629;27.4932;-256.254;-256.661;-256.872;-256.915;-255.972;6.464;470;200;30;13:27:04.828
3534;29.9542;29.5708;27.501;-256.254;-256.653;-256.88;-256.915;-255.98;6.464;470;200;30;13:27:05.332
3535;29.962;29.5708;27.4932;-256.262;-256.653;-256.864;-256.919;-255.972;6.464;567;200;30;13:27:05.833
3536;29.962;29.5708;27.4932;-256.262;-256.661;-256.864;-256.915;-255.98;6.464;470;200;30;13:27:06.325
3537;29.962;29.5708;27.4932;-256.254;-256.661;-256.864;-256.915;-255.972;6.464;470;200;30;13:27:06.827
3538;29.9698;29.5708;27.4932;-256.262;-256.661;-256.872;-256.915;-255.98;6.464;470;200;30;13:27:07.331
3539;29.962;29.5864;27.4932;-256.262;-256.661;-256.856;-256.915;-255.98;6.464;373;200;30;13:27:07.833
3540;29.9698;29.5786;27.4971;-256.254;-256.653;-256.864;-256.915;-255.98;6.464;470;200;30;13:27:08.333
3541;29.962;29.5786;27.501;-256.254;-256.661;-256.872;-256.915;-255.98;6.464;373;200;30;13:27:08.831
3542;29.9698;29.5786;27.4932;-256.254;-256.653;-256.864;-256.915;-255.98;6.464;470;200;30;13:27:09.333
3543;29.9777;29.5786;27.4854;-256.262;-256.653;-256.864;-256.919;-255.98;6.464;373;200;30;13:27:09.830
3544;29.9855;29.5786;27.4854;-256.262;-256.653;-256.872;-256.923;-255.972;6.464;276;200;30;13:27:10.325
3545;29.9855;29.5864;27.4854;-256.269;-256.661;-256.864;-256.927;-255.98;6.464;179;200;30;13:27:10.825
3546;29.9777;29.5864;27.4932;-256.262;-256.661;-256.872;-256.915;-255.972;6.464;179;200;30;13:27:11.333
3547;29.9855;29.5864;27.4854;-256.269;-256.661;-256.864;-256.919;-255.972;6.464;276;200;30;13:27:11.824
3548;29.9855;29.5864;27.4854;-256.269;-256.653;-256.872;-256.919;-255.98;6.464;179;200;30;13:27:12.333
3549;29.9777;29.5864;27.4932;-256.262;-256.653;-256.872;-256.915;-255.972;6.464;179;200;30;13:27:12.826
3550;29.9777;29.5942;27.4932;-256.262;-256.661;-256.872;-256.915;-255.98;6.464;276;200;30;13:27:13.328
3551;29.9855;29.5864;27.4854;-256.262;-256.653;-256.864;-256.919;-255.98;6.464;276;200;30;13:27:13.827
3552;29.9855;29.5942;27.4776;-256.254;-256.661;-256.864;-256.911;-255.98;6.464;179;200;30;13:27:14.330
3553;29.9777;29.5942;27.4932;-256.269;-256.653;-256.864;-256.915;-255.972;6.464;179;200;30;13:27:14.832
3554;29.9855;29.5864;27.4854;-256.262;-256.661;-256.872;-256.915;-255.98;6.464;276;200;30;13:27:15.330
3555;29.9777;29.5942;27.4854;-256.269;-256.653;-256.864;-256.919;-255.98;6.464;179;200;30;13:27:15.833
3556;29.9855;29.5786;27.4854;-256.262;-256.661;-256.864;-256.911;-255.98;6.464;276;200;30;13:27:16.333
3557;29.9777;29.5864;27.4854;-256.262;-256.653;-256.864;-256.919;-255.972;6.464;179;200;30;13:27:16.825
3558;29.9777;29.5786;27.4854;-256.269;-256.661;-256.864;-256.919;-255.972;6.464;276;200;30;13:27:17.333
3559;29.9777;29.5786;27.4776;-256.269;-256.653;-256.864;-256.919;-255.98;6.464;276;200;30;13:27:17.832
3560;29.9698;29.5864;27.4854;-256.269;-256.653;-256.872;-256.919;-255.98;6.464;276;200;30;13:27:18.333
3561;29.962;29.5786;27.4854;-256.262;-256.661;-256.864;-256.915;-255.98;6.464;373;200;30;13:27:18.832
3562;29.962;29.5708;27.4854;-256.269;-256.653;-256.864;-256.919;-255.98;6.464;470;200;30;13:27:19.328
3563;29.9542;29.5786;27.4776;-256.262;-256.653;-256.872;-256.919;-255.988;6.464;470;200;30;13:27:19.832
3564;29.962;29.5708;27.4854;-256.269;-256.653;-256.864;-256.915;-255.98;6.464;567;200;30;13:27:20.331
3565;29.9542;29.5708;27.4854;-256.262;-256.661;-256.864;-256.923;-255.988;6.464;470;200;30;13:27:20.830
3566;29.962;29.5708;27.4854;-256.269;-256.645;-256.864;-256.915;-255.988;6.464;567;200;30;13:27:21.333
3567;29.9542;29.5708;27.4854;-256.269;-256.653;-256.864;-256.915;-255.98;6.464;470;200;30;13:27:21.827
3568;29.962;29.5629;27.4854;-256.269;-256.653;-256.864;-256.915;-255.988;6.464;567;200;30;13:27:22.333
3569;29.9542;29.5708;27.4854;-256.262;-256.661;-256.864;-256.915;-255.988;6.464;470;200;30;13:27:22.827
3570;29.9542;29.5786;27.4854;-256.262;-256.661;-256.872;-256.911;-255.98;6.464;567;200;30;13:27:23.335
3571;29.962;29.5708;27.4776;-256.269;-256.653;-256.872;-256.919;-255.98;6.464;567;200;30;13:27:23.833
3572;29.962;29.5708;27.4932;-256.262;-256.661;-256.872;-256.915;-255.988;6.464;470;200;30;13:27:24.327
3573;29.962;29.5708;27.4854;-256.262;-256.661;-256.872;-256.919;-255.988;6.464;470;200;30;13:27:24.825
3574;29.962;29.5708;27.4854;-256.269;-256.661;-256.872;-256.919;-255.98;6.464;470;200;30;13:27:25.333
3575;29.962;29.5708;27.4854;-256.262;-256.661;-256.872;-256.919;-255.98;6.464;470;200;30;13:27:25.834
3576;29.9698;29.5708;27.4776;-256.269;-256.661;-256.872;-256.915;-255.98;6.464;470;200;30;13:27:26.332
3577;29.962;29.5786;27.4854;-256.269;-256.668;-256.88;-256.919;-255.988;6.464;373;200;30;13:27:26.826
3578;29.9698;29.5786;27.4854;-256.269;-256.661;-256.864;-256.919;-255.98;6.464;470;200;30;13:27:27.334
3579;29.9698;29.5786;27.4854;-256.269;-256.653;-256.872;-256.919;-255.996;6.464;373;200;30;13:27:27.829
3580;29.9698;29.5786;27.4854;-256.269;-256.661;-256.88;-256.915;-255.988;6.464;373;200;30;13:27:28.334
3581;29.9777;29.5864;27.4854;-256.262;-256.661;-256.872;-256.919;-255.988;6.464;373;200;30;13:27:28.831
3582;29.9855;29.5786;27.4776;-256.262;-256.661;-256.864;-256.919;-255.988;6.464;276;200;30;13:27:29.325
3583;29.9855;29.5786;27.4776;-256.269;-256.661;-256.872;-256.919;-255.988;6.464;179;200;30;13:27:29.832
3584;29.9855;29.5864;27.4776;-256.262;-256.661;-256.872;-256.919;-255.988;6.464;179;200;30;13:27:30.331
3585;29.9855;29.5786;27.4854;-256.262;-256.661;-256.872;-256.927;-255.988;6.464;179;200;30;13:27:30.828
3586;29.9777;29.5864;27.4854;-256.269;-256.661;-256.872;-256.919;-255.988;6.464;179;200;30;13:27:31.325
3587;29.9855;29.5864;27.4776;-256.262;-256.661;-256.872;-256.919;-255.98;6.464;276;200;30;13:27:31.833
3588;29.9777;29.5864;27.4776;-256.262;-256.653;-256.872;-256.919;-255.988;6.464;179;200;30;13:27:32.326
3589;29.9855;29.5786;27.4854;-256.269;-256.668;-256.872;-256.919;-255.98;6.464;276;200;30;13:27:32.829
3590;29.9777;29.5864;27.4776;-256.269;-256.661;-256.872;-256.915;-255.988;6.464;179;200;30;13:27:33.332
3591;29.9933;29.5786;27.4776;-256.262;-256.661;-256.872;-256.927;-255.98;6.464;276;200;30;13:27:33.833
3592;29.9855;29.5864;27.4776;-256.262;-256.661;-256.872;-256.911;-255.98;6.464;82;200;30;13:27:34.333
3593;29.9777;29.5864;27.4776;-256.269;-256.668;-256.872;-256.915;-255.988;6.464;179;200;30;13:27:34.834
3594;29.9777;29.5864;27.4776;-256.262;-256.661;-256.872;-256.919;-255.98;6.464;276;200;30;13:27:35.333
3595;29.9698;29.5786;27.4854;-256.269;-256.653;-256.872;-256.915;-255.98;6.464;276;200;30;13:27:35.834
3596;29.9698;29.5786;27.4776;-256.262;-256.661;-256.88;-256.915;-255.988;6.464;373;200;30;13:27:36.334
3597;29.9542;29.5786;27.4932;-256.262;-256.653;-256.872;-256.915;-255.988;6.464;373;200;30;13:27:36.826
3598;29.962;29.5786;27.4776;-256.262;-256.653;-256.88;-256.915;-255.988;6.464;567;200;30;13:27:37.332
3599;29.9542;29.5786;27.4854;-256.254;-256.661;-256.872;-256.919;-255.988;6.464;470;200;30;13:27:37.833
3600;29.9542;29.5786;27.4854;-256.262;-256.661;-256.872;-256.915;-255.988;6.464;567;200;30;13:27:38.332
3601;29.9464;29.5786;27.4854;-256.262;-256.668;-256.872;-256.927;-255.98;6.464;567;200;30;13:27:38.828
3602;29.9542;29.5786;27.4854;-256.262;-256.661;-256.88;-256.915;-255.988;6.464;663;200;30;13:27:39.333
3603;29.9542;29.5629;27.4854;-256.254;-256.668;-256.88;-256.927;-255.988;6.464;567;200;30;13:27:39.834
3604;29.9542;29.5786;27.4854;-256.262;-256.661;-256.872;-256.915;-255.98;6.464;567;200;30;13:27:40.333
3605;29.9464;29.5708;27.4776;-256.262;-256.668;-256.872;-256.919;-255.98;6.464;567;200;30;13:27:40.833
3606;29.9464;29.5708;27.4776;-256.262;-256.661;-256.872;-256.919;-255.98;6.464;663;200;30;13:27:41.335
3607;29.9542;29.5786;27.4776;-256.254;-256.668;-256.872;-256.915;-255.98;6.464;663;200;30;13:27:41.832
3608;29.962;29.5708;27.4776;-256.262;-256.661;-256.872;-256.915;-255.98;6.464;567;200;30;13:27:42.328
3609;29.9542;29.5708;27.4776;-256.254;-256.668;-256.872;-256.919;-255.972;6.464;470;200;30;13:27:42.831
3610;29.9542;29.5708;27.4776;-256.269;-256.661;-256.872;-256.915;-255.98;6.464;567;200;30;13:27:43.332
3611;29.9542;29.5708;27.4854;-256.262;-256.668;-256.872;-256.919;-255.98;6.464;567;200;30;13:27:43.829
3612;29.9542;29.5708;27.4776;-256.262;-256.668;-256.872;-256.915;-255.98;6.464;567;200;30;13:27:44.331
3613;29.9542;29.5708;27.4854;-256.262;-256.668;-256.88;-256.919;-255.98;6.464;567;200;30;13:27:44.832
3614;29.9698;29.5786;27.4854;-256.262;-256.668;-256.872;-256.915;-255.988;6.464;567;200;30;13:27:45.331
3615;29.9698;29.5708;27.4854;-256.262;-256.661;-256.872;-256.919;-255.98;6.464;373;200;30;13:27:45.833
3616;29.9698;29.5864;27.4854;-256.262;-256.668;-256.872;-256.915;-255.988;6.464;373;200;30;13:27:46.332
3617;29.9698;29.5786;27.4854;-256.262;-256.661;-256.872;-256.915;-255.988;6.464;373;200;30;13:27:46.833
3618;29.9777;29.5864;27.4932;-256.262;-256.668;-256.872;-256.915;-255.98;6.464;373;200;30;13:27:47.331
3619;29.9855;29.5864;27.4854;-256.262;-256.668;-256.872;-256.919;-255.98;6.464;276;200;30;13:27:47.833
3620;29.9855;29.5864;27.4932;-256.262;-256.668;-256.872;-256.915;-255.988;6.464;179;200;30;13:27:48.332
3621;29.9855;29.5864;27.501;-256.269;-256.661;-256.872;-256.919;-255.988;6.464;179;200;30;13:27:48.834
3622;29.9855;29.5864;27.501;-256.254;-256.661;-256.864;-256.927;-255.98;6.464;179;200;30;13:27:49.327
3623;29.9855;29.5864;27.501;-256.262;-256.668;-256.872;-256.919;-255.988;6.464;179;200;30;13:27:49.826
3624;29.9777;29.5786;27.501;-256.262;-256.661;-256.88;-256.919;-255.988;6.464;179;200;30;13:27:50.327
3625;29.9855;29.5864;27.4932;-256.262;-256.661;-256.872;-256.927;-255.988;6.464;276;200;30;13:27:50.828
3626;29.9777;29.5942;27.501;-256.262;-256.661;-256.88;-256.927;-255.98;6.464;179;200;30;13:27:51.329
3627;29.9855;29.5786;27.4932;-256.262;-256.668;-256.872;-256.915;-255.972;6.464;276;200;30;13:27:51.831
3628;29.9777;29.5864;27.501;-256.262;-256.661;-256.88;-256.919;-255.988;6.464;179;200;30;13:27:52.332
3629;29.9855;29.5864;27.4932;-256.254;-256.661;-256.864;-256.919;-255.988;6.464;276;200;30;13:27:52.827
3630;29.9698;29.5786;27.4932;-256.269;-256.661;-256.872;-256.919;-255.98;6.464;179;200;30;13:27:53.325
3631;29.9698;29.5786;27.501;-256.262;-256.661;-256.872;-256.915;-255.988;6.464;373;200;30;13:27:53.827
3632;29.9698;29.5864;27.4932;-256.262;-256.661;-256.872;-256.915;-255.98;6.464;373;200;30;13:27:54.323
3633;29.962;29.5786;27.501;-256.262;-256.661;-256.872;-256.927;-255.988;6.464;373;200;30;13:27:54.832
3634;29.962;29.5786;27.501;-256.262;-256.653;-256.872;-256.915;-255.98;6.464;470;200;30;13:27:55.333
3635;29.962;29.5864;27.501;-256.262;-256.661;-256.88;-256.919;-255.988;6.464;470;200;30;13:27:55.828
3636;29.9698;29.5786;27.4932;-256.262;-256.668;-256.872;-256.915;-255.988;6.464;470;200;30;13:27:56.331
3637;29.962;29.5864;27.501;-256.262;-256.653;-256.872;-256.919;-255.988;6.464;373;200;30;13:27:56.832
3638;29.9542;29.5864;27.501;-256.254;-256.661;-256.872;-256.915;-255.996;6.464;470;200;30;13:27:57.333
3639;29.962;29.5786;27.5049;-256.262;-256.668;-256.872;-256.915;-255.988;6.464;567;200;30;13:27:57.826
3640;29.9542;29.5786;27.5049;-256.262;-256.661;-256.872;-256.919;-255.988;6.464;470;200;30;13:27:58.326
3641;29.962;29.5786;27.5049;-256.269;-256.653;-256.872;-256.919;-255.988;6.464;567;200;30;13:27:58.833
3642;29.9542;29.5786;27.5089;-256.262;-256.661;-256.88;-256.919;-255.98;6.464;470;200;30;13:27:59.333
3643;29.9542;29.5786;27.5089;-256.262;-256.668;-256.872;-256.919;-255.988;6.464;567;200;30;13:27:59.827
3644;29.962;29.5786;27.5049;-256.262;-256.661;-256.872;-256.915;-255.996;6.464;567;200;30;13:28:00.326
3645;29.9542;29.5708;27.5089;-256.262;-256.668;-256.872;-256.919;-255.988;6.464;470;200;30;13:28:00.832
3646;29.962;29.5786;27.5049;-256.262;-256.661;-256.88;-256.919;-255.988;6.464;567;200;30;13:28:01.326
3647;29.9542;29.5786;27.5049;-256.262;-256.661;-256.872;-256.919;-255.98;6.464;470;200;30;13:28:01.832
3648;29.962;29.5786;27.5049;-256.254;-256.661;-256.872;-256.919;-255.988;6.464;567;200;30;13:28:02.334
3649;29.962;29.5786;27.4932;-256.254;-256.661;-256.872;-256.927;-255.98;6.464;470;200;30;13:28:02.827
3650;29.962;29.5864;27.4932;-256.254;-256.653;-256.88;-256.915;-255.988;6.464;470;200;30;13:28:03.332
3651;29.9698;29.5786;27.4932;-256.25;-256.661;-256.872;-256.919;-255.98;6.464;470;200;30;13:28:03.832
3652;29.9698;29.5864;27.4932;-256.254;-256.661;-256.872;-256.919;-255.972;6.464;373;200;30;13:28:04.333
3653;29.962;29.5864;27.4932;-256.254;-256.653;-256.872;-256.919;-255.988;6.464;373;200;30;13:28:04.826
3654;29.9777;29.5864;27.4932;-256.254;-256.668;-256.872;-256.919;-255.988;6.464;470;200;30;13:28:05.326
3655;29.9777;29.5864;27.4854;-256.254;-256.661;-256.872;-256.919;-255.988;6.464;276;200;30;13:28:05.833
3656;29.9933;29.5864;27.4932;-256.254;-256.661;-256.872;-256.919;-255.98;6.464;276;200;30;13:28:06.333
3657;29.9855;29.5942;27.4854;-256.262;-256.668;-256.872;-256.919;-255.988;6.464;82;200;30;13:28:06.831
3658;29.9855;29.5942;27.501;-256.262;-256.668;-256.872;-256.919;-255.988;6.464;179;200;30;13:28:07.326
3659;29.9777;29.6021;27.4932;-256.254;-256.668;-256.872;-256.919;-255.988;6.464;179;200;30;13:28:07.833
3660;29.9777;29.5942;27.501;-256.262;-256.661;-256.864;-256.919;-255.988;6.464;276;200;30;13:28:08.332
3661;29.9855;29.5864;27.4854;-256.262;-256.668;-256.872;-256.915;-255.98;6.464;276;200;30;13:28:08.827
3662;29.9777;29.5942;27.501;-256.254;-256.661;-256.872;-256.919;-255.988;6.464;179;200;30;13:28:09.333
3663;29.9777;29.6021;27.501;-256.269;-256.661;-256.872;-256.927;-255.988;6.464;276;200;30;13:28:09.834
3664;29.9855;29.5864;27.501;-256.262;-256.668;-256.872;-256.919;-255.988;6.464;276;200;30;13:28:10.333
3665;29.9777;29.5864;27.501;-256.269;-256.668;-256.872;-256.919;-255.988;6.464;179;200;30;13:28:10.828
3666;29.9777;29.5942;27.5049;-256.262;-256.661;-256.872;-256.919;-255.988;6.464;276;200;30;13:28:11.335
3667;29.9855;29.5942;27.501;-256.269;-256.668;-256.88;-256.927;-255.988;6.464;276;200;30;13:28:11.834
3668;29.9777;29.5942;27.5049;-256.262;-256.661;-256.864;-256.919;-255.988;6.464;179;200;30;13:28:12.334
3669;29.9855;29.5942;27.501;-256.262;-256.661;-256.88;-256.927;-255.988;6.464;276;200;30;13:28:12.832
3670;29.9777;29.5864;27.5049;-256.262;-256.661;-256.872;-256.919;-255.98;6.464;179;200;30;13:28:13.326
3671;29.9777;29.5864;27.501;-256.269;-256.661;-256.872;-256.927;-255.988;6.464;276;200;30;13:28:13.831
3672;29.9777;29.5942;27.5049;-256.262;-256.661;-256.872;-256.915;-255.98;6.464;276;200;30;13:28:14.333
3673;29.9777;29.5864;27.5049;-256.269;-256.661;-256.88;-256.919;-255.988;6.464;276;200;30;13:28:14.832
3674;29.9698;29.5864;27.501;-256.262;-256.661;-256.872;-256.927;-255.98;6.464;276;200;30;13:28:15.332
3675;29.9698;29.5786;27.5089;-256.269;-256.661;-256.872;-256.919;-255.988;6.464;373;200;30;13:28:15.833
3676;29.962;29.5786;27.501;-256.262;-256.653;-256.872;-256.919;-255.98;6.464;373;200;30;13:28:16.333
3677;29.962;29.5786;27.5049;-256.269;-256.661;-256.872;-256.915;-255.988;6.464;470;200;30;13:28:16.833
3678;29.962;29.5786;27.5089;-256.269;-256.661;-256.88;-256.919;-255.98;6.464;470;200;30;13:28:17.332
3679;29.962;29.5864;27.5049;-256.262;-256.661;-256.872;-256.919;-255.988;6.464;470;200;30;13:28:17.832
3680;29.962;29.5786;27.5089;-256.269;-256.661;-256.872;-256.919;-255.98;6.464;470;200;30;13:28:18.333
3681;29.9542;29.5708;27.5049;-256.269;-256.661;-256.864;-256.919;-255.98;6.464;470;200;30;13:28:18.832
3682;29.962;29.5786;27.5049;-256.262;-256.661;-256.872;-256.911;-255.988;6.464;567;200;30;13:28:19.333
3683;29.9698;29.5708;27.5049;-256.269;-256.668;-256.872;-256.915;-255.98;6.464;470;200;30;13:28:19.831
3684;29.962;29.5786;27.5049;-256.262;-256.668;-256.872;-256.919;-255.988;6.464;373;200;30;13:28:20.333
3685;29.962;29.5786;27.5089;-256.269;-256.668;-256.88;-256.915;-255.98;6.464;470;200;30;13:28:20.827
3686;29.962;29.5708;27.5089;-256.262;-256.661;-256.872;-256.911;-255.988;6.464;470;200;30;13:28:21.326
3687;29.962;29.5786;27.5089;-256.269;-256.661;-256.88;-256.915;-255.98;6.464;470;200;30;13:28:21.832
3688;29.962;29.5708;27.5128;-256.262;-256.668;-256.88;-256.919;-255.98;6.464;470;200;30;13:28:22.324
3689;29.962;29.5786;27.5089;-256.269;-256.668;-256.872;-256.923;-255.98;6.464;470;200;30;13:28:22.831
3690;29.962;29.5786;27.5128;-256.262;-256.668;-256.872;-256.919;-255.98;6.464;470;200;30;13:28:23.332
3691;29.962;29.5786;27.5128;-256.269;-256.661;-256.872;-256.915;-255.98;6.464;470;200;30;13:28:23.832
3692;29.9698;29.5864;27.5167;-256.262;-256.668;-256.88;-256.919;-255.98;6.464;470;200;30;13:28:24.333
3693;29.962;29.5864;27.5089;-256.269;-256.661;-256.872;-256.915;-255.988;6.464;373;200;30;13:28:24.832
3694;29.962;29.5864;27.5167;-256.262;-256.668;-256.864;-256.919;-255.98;6.464;470;200;30;13:28:25.333
3695;29.9698;29.5864;27.5128;-256.269;-256.661;-256.872;-256.919;-255.988;6.464;470;200;30;13:28:25.832
3696;29.9698;29.5864;27.5128;-256.262;-256.668;-256.872;-256.919;-255.98;6.464;373;200;30;13:28:26.332
3697;29.9698;29.5864;27.5167;-256.269;-256.668;-256.864;-256.919;-255.988;6.464;373;200;30;13:28:26.832
3698;29.9698;29.5942;27.5128;-256.269;-256.661;-256.864;-256.919;-255.98;6.464;373;200;30;13:28:27.333
3699;29.9855;29.5942;27.5167;-256.262;-256.668;-256.856;-256.919;-255.988;6.464;373;200;30;13:28:27.832
3700;29.9777;29.5864;27.5128;-256.269;-256.661;-256.856;-256.927;-255.98;6.464;179;200;30;13:28:28.333
3701;29.9933;29.5864;27.5167;-256.262;-256.668;-256.864;-256.919;-255.98;6.464;276;200;30;13:28:28.833
3702;29.9933;29.5942;27.5128;-256.262;-256.661;-256.864;-256.919;-255.98;6.464;82;200;30;13:28:29.333
3703;29.9933;29.6021;27.5167;-256.269;-256.668;-256.864;-256.927;-255.98;6.464;82;200;30;13:28:29.833
3704;30.0011;29.5942;27.5128;-256.262;-256.661;-256.864;-256.919;-255.972;6.464;82;200;30;13:28:30.333
3705;30.0011;29.6021;27.5128;-256.269;-256.668;-256.872;-256.919;-255.98;6.464;None;200;30;13:28:30.834
3706;30.0011;29.6021;27.5128;-256.269;-256.668;-256.872;-256.927;-255.972;6.464;None;200;30;13:28:31.332
3707;30.0011;29.6021;27.5167;-256.269;-256.668;-256.872;-256.915;-255.98;6.464;None;200;30;13:28:31.832
3708;29.9933;29.6021;27.5128;-256.277;-256.668;-256.872;-256.919;-255.972;6.464;None;200;30;13:28:32.333
3709;29.9933;29.5942;27.5128;-256.262;-256.668;-256.864;-256.915;-255.98;6.464;82;200;30;13:28:32.826
3710;29.9933;29.5942;27.5128;-256.269;-256.661;-256.864;-256.915;-255.98;6.464;82;200;30;13:28:33.333
3711;29.9933;29.6021;27.5089;-256.262;-256.668;-256.864;-256.915;-255.972;6.464;82;200;30;13:28:33.832
3712;29.9855;29.5942;27.5089;-256.269;-256.668;-256.864;-256.919;-255.98;6.464;82;200;30;13:28:34.327
3713;29.9698;29.5864;27.5089;-256.262;-256.661;-256.864;-256.919;-255.98;6.464;179;200;30;13:28:34.832
3714;29.962;29.5786;27.5089;-256.269;-256.661;-256.864;-256.923;-255.98;6.464;373;200;30;13:28:35.333
3715;29.962;29.5864;27.5089;-256.262;-256.668;-256.872;-256.919;-255.972;6.464;470;200;30;13:28:35.826
3716;29.9464;29.5786;27.5089;-256.269;-256.661;-256.864;-256.915;-255.972;6.464;470;200;30;13:28:36.332
3717;29.9464;29.5708;27.5089;-256.262;-256.668;-256.872;-256.923;-255.98;6.464;663;200;30;13:28:36.827
3718;29.9542;29.5708;27.5089;-256.269;-256.661;-256.864;-256.919;-255.972;6.464;663;200;30;13:28:37.334
3719;29.9385;29.5708;27.5089;-256.269;-256.668;-256.872;-256.915;-255.98;6.464;567;200;30;13:28:37.832
3720;29.9385;29.5708;27.5089;-256.262;-256.668;-256.872;-256.919;-255.98;6.464;760;200;30;13:28:38.333
3721;29.9385;29.5708;27.5089;-256.262;-256.668;-256.872;-256.915;-255.972;6.464;760;200;30;13:28:38.828
3722;29.9385;29.5708;27.5089;-256.262;-256.668;-256.872;-256.927;-255.98;6.464;760;200;30;13:28:39.325
3723;29.9307;29.5629;27.5089;-256.262;-256.668;-256.872;-256.919;-255.98;6.464;760;200;30;13:28:39.833
3724;29.9385;29.5708;27.5089;-256.254;-256.661;-256.872;-256.919;-255.98;6.464;857;200;30;13:28:40.333
3725;29.9385;29.5629;27.5128;-256.262;-256.661;-256.864;-256.919;-255.98;6.464;760;200;30;13:28:40.832
3726;29.9385;29.5708;27.5128;-256.262;-256.661;-256.872;-256.919;-255.98;6.464;760;200;30;13:28:41.333
3727;29.9385;29.5551;27.5128;-256.262;-256.668;-256.872;-256.915;-255.98;6.464;760;200;30;13:28:41.834
3728;29.9385;29.5629;27.5167;-256.262;-256.661;-256.872;-256.919;-255.98;6.464;760;200;30;13:28:42.332
3729;29.9385;29.5551;27.5167;-256.254;-256.661;-256.872;-256.915;-255.98;6.464;760;200;30;13:28:42.833
3730;29.9307;29.5629;27.5128;-256.262;-256.661;-256.864;-256.915;-255.988;6.464;760;200;30;13:28:43.332
3731;29.9385;29.5708;27.5089;-256.269;-256.661;-256.864;-256.915;-255.98;6.464;857;200;30;13:28:43.828
3732;29.9385;29.5708;27.5128;-256.262;-256.661;-256.872;-256.919;-255.98;6.464;760;200;30;13:28:44.332
3733;29.9385;29.5629;27.5089;-256.254;-256.661;-256.872;-256.915;-255.98;6.464;760;200;30;13:28:44.826
3734;29.9464;29.5708;27.5089;-256.269;-256.661;-256.872;-256.915;-255.98;6.464;760;200;30;13:28:45.332
3735;29.9464;29.5708;27.5089;-256.254;-256.661;-256.872;-256.915;-255.98;6.464;663;200;30;13:28:45.832
3736;29.9464;29.5708;27.5089;-256.269;-256.668;-256.872;-256.915;-255.98;6.464;663;200;30;13:28:46.332
3737;29.9385;29.5708;27.5089;-256.262;-256.661;-256.872;-256.915;-255.98;6.464;663;200;30;13:28:46.832
3738;29.9464;29.5786;27.5089;-256.262;-256.661;-256.864;-256.915;-255.98;6.464;760;200;30;13:28:47.330
3739;29.9385;29.5708;27.5128;-256.269;-256.661;-256.872;-256.915;-255.98;6.464;663;200;30;13:28:47.831
3740;29.9464;29.5786;27.5128;-256.262;-256.668;-256.864;-256.915;-255.98;6.464;760;200;30;13:28:48.331
3741;29.9464;29.5786;27.5128;-256.269;-256.661;-256.872;-256.915;-255.98;6.464;663;200;30;13:28:48.829
3742;29.9542;29.5708;27.5128;-256.262;-256.668;-256.872;-256.923;-255.98;6.464;663;200;30;13:28:49.327
3743;29.962;29.5786;27.5089;-256.262;-256.661;-256.864;-256.915;-255.972;6.464;567;200;30;13:28:49.832
3744;29.9542;29.5786;27.5128;-256.269;-256.668;-256.872;-256.927;-255.98;6.464;470;200;30;13:28:50.331
3745;29.962;29.5786;27.5167;-256.262;-256.661;-256.872;-256.915;-255.972;6.464;567;200;30;13:28:50.829
3746;29.9698;29.5864;27.5206;-256.262;-256.668;-256.864;-256.915;-255.98;6.464;470;200;30;13:28:51.332
3747;29.962;29.5786;27.5206;-256.262;-256.668;-256.864;-256.919;-255.98;6.464;373;200;30;13:28:51.830
3748;29.9698;29.5864;27.5167;-256.269;-256.661;-256.864;-256.919;-255.988;6.464;470;200;30;13:28:52.332
3749;29.9777;29.5864;27.5206;-256.254;-256.668;-256.872;-256.919;-255.98;6.464;373;200;30;13:28:52.832
3750;29.9855;29.5942;27.5167;-256.269;-256.661;-256.872;-256.927;-255.98;6.464;276;200;30;13:28:53.327
3751;29.9777;29.5942;27.5167;-256.262;-256.661;-256.864;-256.919;-255.988;6.464;179;200;30;13:28:53.831
3752;29.9855;29.5864;27.5128;-256.262;-256.676;-256.872;-256.927;-255.98;6.464;276;200;30;13:28:54.327
3753;29.9933;29.5942;27.5128;-256.262;-256.661;-256.872;-256.919;-255.988;6.464;179;200;30;13:28:54.830
3754;29.9855;29.5942;27.5128;-256.262;-256.668;-256.864;-256.919;-255.988;6.464;82;200;30;13:28:55.333
3755;29.9855;29.5942;27.5167;-256.262;-256.668;-256.88;-256.923;-255.988;6.464;179;200;30;13:28:55.826
3756;29.9855;29.6021;27.5167;-256.269;-256.668;-256.864;-256.935;-255.98;6.464;179;200;30;13:28:56.333
3757;29.9933;29.6021;27.5206;-256.254;-256.661;-256.872;-256.927;-255.988;6.464;179;200;30;13:28:56.828
3758;29.9855;29.6021;27.5167;-256.269;-256.661;-256.872;-256.919;-255.98;6.464;82;200;30;13:28:57.333
3759;29.9855;29.5942;27.5206;-256.262;-256.661;-256.872;-256.927;-255.988;6.464;179;200;30;13:28:57.827
3760;29.9855;29.6021;27.5206;-256.269;-256.661;-256.864;-256.927;-255.98;6.464;179;200;30;13:28:58.328
3761;29.9855;29.6021;27.5206;-256.262;-256.661;-256.872;-256.927;-255.98;6.464;179;200;30;13:28:58.832
3762;29.9698;29.5942;27.5206;-256.269;-256.661;-256.872;-256.927;-255.98;6.464;179;200;30;13:28:59.332
3763;29.9777;29.5942;27.5284;-256.269;-256.668;-256.872;-256.927;-255.996;6.464;373;200;30;13:28:59.825
3764;29.9855;29.5942;27.5167;-256.269;-256.668;-256.872;-256.915;-255.98;6.464;276;200;30;13:29:00.326
3765;29.9698;29.5864;27.5206;-256.269;-256.661;-256.872;-256.919;-255.98;6.464;179;200;30;13:29:00.834
3766;29.9698;29.5864;27.5206;-256.262;-256.668;-256.864;-256.923;-255.988;6.464;373;200;30;13:29:01.332
3767;29.9698;29.5786;27.5284;-256.277;-256.661;-256.872;-256.919;-255.988;6.464;373;200;30;13:29:01.825
3768;29.9542;29.5786;27.5206;-256.262;-256.668;-256.872;-256.919;-255.988;6.464;373;200;30;13:29:02.334
3769;29.962;29.5786;27.5284;-256.269;-256.653;-256.872;-256.919;-255.98;6.464;567;200;30;13:29:02.832
3770;29.9464;29.5786;27.5206;-256.262;-256.668;-256.872;-256.919;-255.98;6.464;470;200;30;13:29:03.332
3771;29.9542;29.5786;27.5284;-256.269;-256.668;-256.864;-256.915;-255.98;6.464;663;200;30;13:29:03.826
3772;29.9542;29.5708;27.5206;-256.269;-256.661;-256.872;-256.919;-255.98;6.464;567;200;30;13:29:04.333
3773;29.9542;29.5864;27.5362;-256.269;-256.676;-256.872;-256.919;-255.988;6.464;567;200;30;13:29:04.832
3774;29.9542;29.5786;27.5206;-256.269;-256.668;-256.872;-256.919;-255.988;6.464;567;200;30;13:29:05.325
3775;29.9542;29.5864;27.5284;-256.269;-256.668;-256.872;-256.919;-255.98;6.464;567;200;30;13:29:05.830
3776;29.962;29.5786;27.5284;-256.262;-256.668;-256.872;-256.919;-255.988;6.464;567;200;30;13:29:06.333
3777;29.962;29.5864;27.5284;-256.269;-256.668;-256.872;-256.919;-255.988;6.464;470;200;30;13:29:06.833
3778;29.962;29.5786;27.5284;-256.262;-256.676;-256.872;-256.919;-255.988;6.464;470;200;30;13:29:07.332
3779;29.9698;29.5864;27.5284;-256.269;-256.668;-256.864;-256.919;-255.98;6.464;470;200;30;13:29:07.827
3780;29.962;29.5864;27.5206;-256.262;-256.676;-256.872;-256.915;-255.988;6.464;373;200;30;13:29:08.334
3781;29.9777;29.5942;27.5245;-256.269;-256.668;-256.872;-256.919;-255.98;6.464;470;200;30;13:29:08.829
3782;29.9855;29.5942;27.5206;-256.277;-256.668;-256.872;-256.915;-255.988;6.464;276;200;30;13:29:09.326
3783;29.9777;29.6021;27.5206;-256.262;-256.668;-256.872;-256.915;-255.988;6.464;179;200;30;13:29:09.833
3784;29.9855;29.5942;27.5206;-256.277;-256.676;-256.872;-256.915;-255.988;6.464;276;200;30;13:29:10.333
3785;29.9855;29.6021;27.5362;-256.269;-256.668;-256.864;-256.915;-255.98;6.464;179;200;30;13:29:10.832
3786;29.9777;29.6021;27.5284;-256.269;-256.668;-256.872;-256.915;-255.988;6.464;179;200;30;13:29:11.328
3787;29.9933;29.6021;27.5362;-256.269;-256.668;-256.872;-256.915;-255.988;6.464;276;200;30;13:29:11.831
3788;29.9855;29.6099;27.5284;-256.269;-256.668;-256.864;-256.919;-255.98;6.464;82;200;30;13:29:12.332
3789;29.9777;29.6099;27.5362;-256.262;-256.661;-256.872;-256.923;-255.988;6.464;179;200;30;13:29:12.832
3790;29.9855;29.6099;27.5284;-256.269;-256.668;-256.872;-256.927;-255.988;6.464;276;200;30;13:29:13.326
3791;29.9698;29.6099;27.5284;-256.269;-256.668;-256.872;-256.919;-255.988;6.464;179;200;30;13:29:13.833
3792;29.9698;29.6021;27.5362;-256.269;-256.668;-256.872;-256.919;-255.988;6.464;373;200;30;13:29:14.333
3793;29.9698;29.6021;27.5284;-256.254;-256.668;-256.872;-256.923;-255.988;6.464;373;200;30;13:29:14.832
3794;29.9542;29.6021;27.5284;-256.262;-256.676;-256.872;-256.927;-255.988;6.464;373;200;30;13:29:15.333
3795;29.962;29.5942;27.5206;-256.269;-256.668;-256.872;-256.919;-255.988;6.464;567;200;30;13:29:15.828
3796;29.9542;29.5942;27.5206;-256.262;-256.668;-256.872;-256.927;-255.988;6.464;470;200;30;13:29:16.332
3797;29.962;29.5864;27.5206;-256.262;-256.668;-256.872;-256.915;-255.988;6.464;567;200;30;13:29:16.833
3798;29.9542;29.5942;27.5284;-256.262;-256.668;-256.872;-256.927;-255.988;6.464;470;200;30;13:29:17.333
3799;29.962;29.6021;27.5284;-256.269;-256.668;-256.872;-256.919;-255.988;6.464;567;200;30;13:29:17.833
3800;29.962;29.5942;27.5206;-256.254;-256.668;-256.864;-256.927;-255.996;6.464;470;200;30;13:29:18.333
3801;29.9542;29.5942;27.5284;-256.262;-256.668;-256.872;-256.919;-255.996;6.464;470;200;30;13:29:18.828
3802;29.962;29.6021;27.5284;-256.262;-256.668;-256.872;-256.927;-255.996;6.464;567;200;30;13:29:19.328
3803;29.962;29.5942;27.5284;-256.262;-256.668;-256.872;-256.919;-255.996;6.464;470;200;30;13:29:19.832
3804;29.9698;29.5942;27.5362;-256.262;-256.668;-256.864;-256.919;-255.996;6.464;470;200;30;13:29:20.329
3805;29.9698;29.5942;27.5284;-256.262;-256.676;-256.872;-256.919;-255.988;6.464;373;200;30;13:29:20.831
3806;29.9698;29.5942;27.5284;-256.262;-256.668;-256.872;-256.919;-255.996;6.464;373;200;30;13:29:21.328
3807;29.9777;29.6021;27.5362;-256.262;-256.668;-256.872;-256.919;-255.988;6.464;373;200;30;13:29:21.826
3808;29.9855;29.5942;27.5284;-256.269;-256.676;-256.872;-256.919;-255.988;6.464;276;200;30;13:29:22.325
3809;29.9855;29.5942;27.5441;-256.254;-256.668;-256.872;-256.919;-255.988;6.464;179;200;30;13:29:22.828
3810;29.9777;29.5942;27.5284;-256.262;-256.668;-256.864;-256.919;-255.988;6.464;179;200;30;13:29:23.334
3811;29.9933;29.5942;27.5206;-256.262;-256.668;-256.872;-256.927;-255.988;6.464;276;200;30;13:29:23.832
3812;29.9933;29.5942;27.5362;-256.269;-256.668;-256.864;-256.927;-255.98;6.464;82;200;30;13:29:24.334
3813;29.9855;29.5942;27.5362;-256.262;-256.668;-256.872;-256.927;-255.988;6.464;82;200;30;13:29:24.832
3814;29.9777;29.5864;27.5441;-256.269;-256.668;-256.864;-256.935;-255.988;6.464;179;200;30;13:29:25.328
3815;29.9855;29.6021;27.5284;-256.262;-256.668;-256.872;-256.919;-255.98;6.464;276;200;30;13:29:25.831
3816;29.9777;29.5864;27.5284;-256.269;-256.668;-256.864;-256.927;-255.988;6.464;179;200;30;13:29:26.328
3817;29.9855;29.5942;27.5362;-256.262;-256.676;-256.872;-256.919;-255.988;6.464;276;200;30;13:29:26.826
3818;29.9698;29.5942;27.5362;-256.262;-256.676;-256.872;-256.927;-255.988;6.464;179;200;30;13:29:27.331
3819;29.9698;29.5864;27.5284;-256.262;-256.668;-256.864;-256.927;-255.996;6.464;373;200;30;13:29:27.831
3820;29.962;29.5942;27.5362;-256.262;-256.668;-256.872;-256.935;-255.988;6.464;373;200;30;13:29:28.334
3821;29.9777;29.5786;27.5441;-256.262;-256.668;-256.88;-256.919;-255.988;6.464;470;200;30;13:29:28.831
3822;29.9698;29.5864;27.5362;-256.269;-256.676;-256.864;-256.935;-255.996;6.464;276;200;30;13:29:29.333
3823;29.9698;29.5864;27.5362;-256.262;-256.668;-256.872;-256.927;-255.988;6.464;373;200;30;13:29:29.832
3824;29.962;29.5786;27.5441;-256.262;-256.668;-256.872;-256.935;-255.996;6.464;373;200;30;13:29:30.334
3825;29.9698;29.5864;27.5441;-256.262;-256.668;-256.872;-256.942;-255.996;6.464;470;200;30;13:29:30.832
3826;29.962;29.5786;27.5519;-256.269;-256.676;-256.872;-256.935;-255.996;6.464;373;200;30;13:29:31.330
3827;29.9698;29.5864;27.5441;-256.262;-256.668;-256.872;-256.935;-255.988;6.464;470;200;30;13:29:31.832
3828;29.962;29.5786;27.5519;-256.262;-256.668;-256.872;-256.935;-255.996;6.464;373;200;30;13:29:32.325
3829;29.9698;29.5786;27.5519;-256.262;-256.668;-256.872;-256.919;-255.988;6.464;470;200;30;13:29:32.824
3830;29.962;29.5786;27.5519;-256.269;-256.668;-256.872;-256.927;-255.996;6.464;373;200;30;13:29:33.329
3831;29.962;29.5786;27.5519;-256.262;-256.676;-256.872;-256.919;-255.98;6.464;470;200;30;13:29:33.826
3832;29.962;29.5864;27.5519;-256.262;-256.676;-256.864;-256.919;-255.988;6.464;470;200;30;13:29:34.332
3833;29.9698;29.5864;27.5441;-256.262;-256.668;-256.872;-256.919;-255.996;6.464;470;200;30;13:29:34.826
3834;29.962;29.5942;27.5441;-256.269;-256.676;-256.864;-256.927;-255.988;6.464;373;200;30;13:29:35.324
3835;29.9698;29.5864;27.5519;-256.262;-256.676;-256.864;-256.919;-255.988;6.464;470;200;30;13:29:35.833
3836;29.962;29.5942;27.5441;-256.262;-256.676;-256.872;-256.919;-255.988;6.464;373;200;30;13:29:36.332
3837;29.9698;29.5942;27.5441;-256.254;-256.676;-256.872;-256.915;-255.988;6.464;470;200;30;13:29:36.832
3838;29.9698;29.5942;27.5284;-256.262;-256.676;-256.872;-256.919;-255.988;6.464;373;200;30;13:29:37.331
3839;29.9698;29.5864;27.5441;-256.262;-256.668;-256.872;-256.919;-255.988;6.464;373;200;30;13:29:37.828
3840;29.9777;29.5942;27.5284;-256.262;-256.668;-256.864;-256.919;-255.988;6.464;373;200;30;13:29:38.334
3841;29.9933;29.5942;27.5362;-256.262;-256.676;-256.864;-256.919;-255.988;6.464;276;200;30;13:29:38.824
3842;29.9933;29.5942;27.5284;-256.262;-256.676;-256.872;-256.927;-255.98;6.464;82;200;30;13:29:39.332
3843;29.9855;29.6021;27.5362;-256.254;-256.668;-256.864;-256.915;-255.98;6.464;82;200;30;13:29:39.826
3844;29.9855;29.5942;27.5441;-256.262;-256.668;-256.864;-256.927;-255.988;6.464;179;200;30;13:29:40.335
3845;29.9777;29.5942;27.5441;-256.262;-256.661;-256.872;-256.915;-255.98;6.464;179;200;30;13:29:40.825
3846;30.0011;29.5942;27.5362;-256.269;-256.668;-256.872;-256.919;-255.988;6.464;276;200;30;13:29:41.325
3847;29.9933;29.6021;27.5362;-256.262;-256.668;-256.872;-256.919;-255.972;6.464;None;200;30;13:29:41.831
3848;29.9855;29.5942;27.5441;-256.262;-256.668;-256.856;-256.915;-255.98;6.464;82;200;30;13:29:42.334
3849;29.9777;29.5942;27.5441;-256.262;-256.668;-256.872;-256.919;-255.988;6.464;179;200;30;13:29:42.832
3850;29.9777;29.5942;27.5362;-256.254;-256.661;-256.864;-256.915;-255.98;6.464;276;200;30;13:29:43.334
3851;29.9855;29.5942;27.5362;-256.262;-256.661;-256.872;-256.919;-255.98;6.464;276;200;30;13:29:43.829
3852;29.9777;29.5786;27.5441;-256.269;-256.668;-256.864;-256.919;-255.988;6.464;179;200;30;13:29:44.334
3853;29.9777;29.5864;27.5441;-256.254;-256.668;-256.88;-256.919;-255.988;6.464;276;200;30;13:29:44.826
3854;29.9855;29.5786;27.5441;-256.262;-256.661;-256.864;-256.927;-255.98;6.464;276;200;30;13:29:45.331
3855;29.9698;29.5864;27.5519;-256.254;-256.661;-256.872;-256.919;-255.988;6.464;179;200;30;13:29:45.827
3856;29.962;29.5786;27.5441;-256.254;-256.668;-256.872;-256.927;-255.98;6.464;373;200;30;13:29:46.327
3857;29.9698;29.5864;27.5441;-256.254;-256.661;-256.872;-256.919;-255.988;6.464;470;200;30;13:29:46.823
3858;29.9698;29.5786;27.5362;-256.262;-256.661;-256.88;-256.927;-255.988;6.464;373;200;30;13:29:47.332
3859;29.962;29.5786;27.5441;-256.254;-256.668;-256.872;-256.919;-255.98;6.464;373;200;30;13:29:47.833
3860;29.9698;29.5786;27.5362;-256.262;-256.661;-256.88;-256.919;-255.988;6.464;470;200;30;13:29:48.333
3861;29.962;29.5786;27.5441;-256.262;-256.668;-256.872;-256.915;-255.988;6.464;373;200;30;13:29:48.832
3862;29.962;29.5708;27.5284;-256.262;-256.668;-256.872;-256.919;-255.988;6.464;470;200;30;13:29:49.333
3863;29.962;29.5708;27.5362;-256.254;-256.661;-256.872;-256.919;-255.988;6.464;470;200;30;13:29:49.832
3864;29.962;29.5629;27.5362;-256.262;-256.668;-256.872;-256.915;-255.988;6.464;470;200;30;13:29:50.334
3865;29.962;29.5708;27.5284;-256.262;-256.661;-256.872;-256.919;-255.98;6.464;470;200;30;13:29:50.832
3866;29.9542;29.5708;27.5362;-256.269;-256.668;-256.872;-256.919;-255.988;6.464;470;200;30;13:29:51.333
3867;29.962;29.5629;27.5284;-256.262;-256.668;-256.88;-256.919;-255.98;6.464;567;200;30;13:29:51.832
3868;29.9542;29.5708;27.5362;-256.262;-256.668;-256.872;-256.919;-255.988;6.464;470;200;30;13:29:52.326
3869;29.962;29.5629;27.5362;-256.254;-256.661;-256.872;-256.915;-255.98;6.464;567;200;30;13:29:52.833
3870;29.962;29.5708;27.5362;-256.254;-256.661;-256.872;-256.919;-255.988;6.464;470;200;30;13:29:53.332
3871;29.962;29.5629;27.5284;-256.262;-256.661;-256.872;-256.915;-255.98;6.464;470;200;30;13:29:53.834
3872;29.9542;29.5708;27.5362;-256.269;-256.661;-256.864;-256.919;-255.988;6.464;470;200;30;13:29:54.332
3873;29.962;29.5629;27.5362;-256.262;-256.661;-256.88;-256.919;-255.98;6.464;567;200;30;13:29:54.833
3874;29.9698;29.5629;27.5284;-256.269;-256.661;-256.872;-256.919;-255.988;6.464;470;200;30;13:29:55.332
3875;29.962;29.5708;27.5284;-256.262;-256.668;-256.872;-256.919;-255.98;6.464;373;200;30;13:29:55.833
3876;29.9698;29.5708;27.5206;-256.262;-256.661;-256.88;-256.915;-255.988;6.464;470;200;30;13:29:56.326
3877;29.9777;29.5708;27.5362;-256.262;-256.668;-256.872;-256.919;-255.98;6.464;373;200;30;13:29:56.834
3878;29.9698;29.5708;27.5206;-256.254;-256.661;-256.872;-256.927;-255.98;6.464;276;200;30;13:29:57.333
3879;29.9698;29.5708;27.5284;-256.254;-256.661;-256.872;-256.927;-255.98;6.464;373;200;30;13:29:57.832
3880;29.9777;29.5708;27.5206;-256.262;-256.661;-256.864;-256.919;-255.98;6.464;373;200;30;13:29:58.334
3881;29.9777;29.5786;27.5206;-256.254;-256.661;-256.872;-256.919;-255.98;6.464;276;200;30;13:29:58.828
3882;29.9855;29.5786;27.5167;-256.262;-256.661;-256.872;-256.927;-255.98;6.464;276;200;30;13:29:59.333
3883;29.9777;29.5708;27.5206;-256.254;-256.668;-256.872;-256.919;-255.98;6.464;179;200;30;13:29:59.832
3884;29.9855;29.5708;27.5167;-256.254;-256.661;-256.872;-256.919;-255.98;6.464;276;200;30;13:30:00.333
3885;29.9777;29.5708;27.5245;-256.262;-256.661;-256.872;-256.919;-255.988;6.464;179;200;30;13:30:00.832
3886;29.9855;29.5786;27.5206;-256.262;-256.661;-256.872;-256.919;-255.98;6.464;276;200;30;13:30:01.326
3887;29.9855;29.5708;27.5167;-256.254;-256.661;-256.872;-256.923;-255.98;6.464;179;200;30;13:30:01.833
3888;29.9698;29.5786;27.5206;-256.265;-256.668;-256.864;-256.919;-255.98;6.464;179;200;30;13:30:02.333
3889;29.9777;29.5708;27.5206;-256.254;-256.661;-256.872;-256.927;-255.98;6.464;373;200;30;13:30:02.832
3890;29.9698;29.5708;27.5167;-256.254;-256.661;-256.872;-256.923;-255.98;6.464;276;200;30;13:30:03.332
3891;29.9777;29.5786;27.5206;-256.262;-256.661;-256.864;-256.919;-255.98;6.464;373;200;30;13:30:03.832
3892;29.962;29.5786;27.5206;-256.262;-256.661;-256.872;-256.927;-255.988;6.464;276;200;30;13:30:04.333
3893;29.962;29.5708;27.5167;-256.254;-256.661;-256.864;-256.919;-255.988;6.464;470;200;30;13:30:04.832
3894;29.962;29.5708;27.5167;-256.254;-256.661;-256.872;-256.919;-255.98;6.464;470;200;30;13:30:05.327
3895;29.9542;29.5786;27.5167;-256.262;-256.661;-256.872;-256.927;-255.988;6.464;470;200;30;13:30:05.833
3896;29.9542;29.5708;27.5167;-256.254;-256.661;-256.864;-256.927;-255.98;6.464;567;200;30;13:30:06.333
3897;29.9542;29.5708;27.5206;-256.262;-256.653;-256.864;-256.927;-255.988;6.464;567;200;30;13:30:06.831
3898;29.9542;29.5708;27.5206;-256.254;-256.661;-256.872;-256.919;-255.988;6.464;567;200;30;13:30:07.332
3899;29.9464;29.5708;27.5167;-256.254;-256.661;-256.864;-256.927;-255.988;6.464;567;200;30;13:30:07.832
3900;29.9542;29.5708;27.5167;-256.254;-256.661;-256.864;-256.919;-255.988;6.464;663;200;30;13:30:08.325
3901;29.962;29.5708;27.5206;-256.254;-256.661;-256.864;-256.919;-255.988;6.464;567;200;30;13:30:08.827
3902;29.9542;29.5708;27.5167;-256.254;-256.653;-256.872;-256.927;-255.996;6.464;470;200;30;13:30:09.330
3903;29.9698;29.5786;27.5206;-256.254;-256.653;-256.872;-256.927;-255.98;6.464;567;200;30;13:30:09.832
3904;29.9698;29.5786;27.5167;-256.262;-256.653;-256.872;-256.919;-255.988;6.464;373;200;30;13:30:10.332
3905;29.9777;29.5708;27.5206;-256.254;-256.661;-256.872;-256.927;-255.98;6.464;373;200;30;13:30:10.825
3906;29.9777;29.5708;27.5167;-256.254;-256.661;-256.864;-256.927;-255.988;6.464;276;200;30;13:30:11.332
3907;29.9698;29.5708;27.5206;-256.262;-256.661;-256.872;-256.935;-255.988;6.464;276;200;30;13:30:11.827
3908;29.9777;29.5786;27.5206;-256.262;-256.661;-256.864;-256.927;-255.988;6.464;373;200;30;13:30:12.327
3909;29.9777;29.5708;27.5206;-256.254;-256.653;-256.864;-256.927;-255.988;6.464;276;200;30;13:30:12.832
3910;29.9698;29.5708;27.5206;-256.262;-256.668;-256.872;-256.935;-255.996;6.464;276;200;30;13:30:13.333
3911;29.9777;29.5708;27.5167;-256.254;-256.661;-256.864;-256.919;-255.996;6.464;373;200;30;13:30:13.828
3912;29.962;29.5708;27.5206;-256.254;-256.668;-256.864;-256.927;-255.988;6.464;276;200;30;13:30:14.332
3913;29.9698;29.5786;27.5206;-256.258;-256.661;-256.872;-256.935;-255.988;6.464;470;200;30;13:30:14.827
3914;29.962;29.5708;27.5167;-256.262;-256.661;-256.864;-256.927;-255.988;6.464;373;200;30;13:30:15.333
3915;29.962;29.5708;27.5206;-256.254;-256.668;-256.872;-256.927;-255.988;6.464;470;200;30;13:30:15.827
3916;29.962;29.5708;27.5167;-256.254;-256.661;-256.864;-256.919;-255.98;6.464;470;200;30;13:30:16.333
3917;29.962;29.5786;27.5128;-256.254;-256.661;-256.864;-256.919;-255.988;6.464;470;200;30;13:30:16.828
3918;29.9698;29.5708;27.5167;-256.254;-256.661;-256.864;-256.927;-255.98;6.464;470;200;30;13:30:17.328
3919;29.9698;29.5708;27.5167;-256.262;-256.661;-256.864;-256.919;-255.988;6.464;373;200;30;13:30:17.825
3920;29.9698;29.5708;27.5206;-256.254;-256.668;-256.872;-256.919;-255.988;6.464;373;200;30;13:30:18.332
3921;29.9698;29.5708;27.5167;-256.262;-256.661;-256.864;-256.927;-255.98;6.464;373;200;30;13:30:18.832
3922;29.9698;29.5708;27.5167;-256.262;-256.661;-256.872;-256.915;-255.988;6.464;373;200;30;13:30:19.327
3923;29.9777;29.5708;27.5167;-256.262;-256.661;-256.864;-256.927;-255.988;6.464;373;200;30;13:30:19.832
3924;29.9777;29.5786;27.5128;-256.254;-256.661;-256.864;-256.919;-255.988;6.464;276;200;30;13:30:20.332
3925;29.9855;29.5864;27.5128;-256.262;-256.661;-256.872;-256.927;-255.98;6.464;276;200;30;13:30:20.832
3926;29.9855;29.5786;27.5167;-256.254;-256.653;-256.872;-256.927;-255.988;6.464;179;200;30;13:30:21.333
3927;29.9855;29.5786;27.5128;-256.262;-256.661;-256.872;-256.927;-255.98;6.464;179;200;30;13:30:21.833
