Number;DT1;DT2;Time;С кулером;;;;;Без куллера;;;;;;;Delta;в среднем;Мин;Макс
649;34.8096;33.3307;16:17:28;;Макс;Мин;Дельта;;Макс;Мин;Дельта;;;;;1.4789;0.766166667;0.2073;1.8389
650;34.8096;33.3463;16:17:29;Дт8;36.0342;34.8096;1.2246;;36.4137;34.9778;1.4359;;;;;1.4633;;;
651;34.8174;33.3463;16:17:29;Дт7;34.2462;33.3307;0.9155;;35.7134;34.6218;1.0916;;;;;1.4711;;;
652;34.8213;33.362;16:17:30;;;;;;;;;;;;;1.4593;;;
653;34.8292;33.3698;16:17:30;;;Суммарная нестабильность;;;3.083;;;;;;;1.4594;;;
654;34.8331;33.362;16:17:31;;;;;;;;;;;;;1.4711;;;
655;34.8448;33.3776;16:17:31;;;;;;;;;;;;;1.4672;;;
656;34.8526;33.3776;16:17:32;;;;;;;;;;;;;1.475;;;
657;34.8605;33.4011;16:17:32;;;;;;;;;;;;;1.4594;;;
658;34.8683;33.4011;16:17:33;;;;;;;;;;;;;1.4672;;;
659;34.8839;33.4011;16:17:33;;;;;;;;;;;;;1.4828;;;
660;34.8996;33.4011;16:17:34;;;;;;;;;;;;;1.4985;;;
661;34.9152;33.4089;16:17:34;;;;;;;;;;;;;1.5063;;;
662;34.9231;33.4167;16:17:35;;;;;;;;;;;;;1.5064;;;
663;34.9387;33.4324;16:17:35;;;;;;;;;;;;;1.5063;;;
664;34.9544;33.4402;16:17:36;;;;;;;;;;;;;1.5142;;;
665;34.9544;33.448;16:17:36;;;;;;;;;;;;;1.5064;;;
666;34.97;33.4559;16:17:37;;;;;;;;;;;;;1.5141;;;
667;34.9778;33.4559;16:17:37;;;;;;;;;;;;;1.5219;;;
668;34.9935;33.4715;16:17:38;;;;;;;;;;;;;1.522;;;
669;35.0052;33.4793;16:17:38;;;;;;;;;;;;;1.5259;;;
670;35.0013;33.4911;16:17:39;;;;;;;;;;;;;1.5102;;;
671;35.0131;33.4911;16:17:39;;;;;;;;;;;;;1.522;;;
672;35.0365;33.4989;16:17:40;;;;;;;;;;;;;1.5376;;;
673;35.0365;33.5028;16:17:40;;;;;;;;;;;;;1.5337;;;
674;35.06;33.5067;16:17:41;;;;;;;;;;;;;1.5533;;;
675;35.0757;33.5146;16:17:41;;;;;;;;;;;;;1.5611;;;
676;35.0835;33.5302;16:17:42;;;;;;;;;;;;;1.5533;;;
677;35.0913;33.5302;16:17:42;;;;;;;;;;;;;1.5611;;;
678;35.1148;33.538;16:17:43;;;;;;;;;;;;;1.5768;;;
679;35.1226;33.5459;16:17:43;;;;;;;;;;;;;1.5767;;;
680;35.1383;33.5537;16:17:44;;;;;;;;;;;;;1.5846;;;
681;35.1539;33.5693;16:17:44;;;;;;;;;;;;;1.5846;;;
682;35.1617;33.5693;16:17:45;;;;;;;;;;;;;1.5924;;;
683;35.1852;33.585;16:17:45;;;;;;;;;;;;;1.6002;;;
684;35.2009;33.585;16:17:46;;;;;;;;;;;;;1.6159;;;
685;35.2126;33.6006;16:17:46;;;;;;;;;;;;;1.612;;;
686;35.2204;33.6085;16:17:47;;;;;;;;;;;;;1.6119;;;
687;35.2361;33.6163;16:17:47;;;;;;;;;;;;;1.6198;;;
688;35.2361;33.6241;16:17:48;;;;;;;;;;;;;1.612;;;
689;35.2595;33.6319;16:17:48;;;;;;;;;;;;;1.6276;;;
690;35.2674;33.6476;16:17:49;;;;;;;;;;;;;1.6198;;;
691;35.2752;33.6476;16:17:49;;;;;;;;;;;;;1.6276;;;
692;35.2908;33.6554;16:17:50;;;;;;;;;;;;;1.6354;;;
693;35.3143;33.6593;16:17:50;;;;;;;;;;;;;1.655;;;
694;35.3221;33.6671;16:17:51;;;;;;;;;;;;;1.655;;;
695;35.3378;33.675;16:17:51;;;;;;;;;;;;;1.6628;;;
696;35.3613;33.6789;16:17:52;;;;;;;;;;;;;1.6824;;;
697;35.3691;33.6789;16:17:52;;;;;;;;;;;;;1.6902;;;
698;35.3847;33.6984;16:17:53;;;;;;;;;;;;;1.6863;;;
699;35.4082;33.6984;16:17:53;;;;;;;;;;;;;1.7098;;;
700;35.416;33.7141;16:17:54;;;;;;;;;;;;;1.7019;;;
701;35.4278;33.7219;16:17:54;;;;;;;;;;;;;1.7059;;;
702;35.4356;33.7376;16:17:55;;;;;;;;;;;;;1.698;;;
703;35.4434;33.7376;16:17:55;;;;;;;;;;;;;1.7058;;;
704;35.4513;33.7532;16:17:56;;;;;;;;;;;;;1.6981;;;
705;35.4591;33.761;16:17:56;;;;;;;;;;;;;1.6981;;;
706;35.4747;33.761;16:17:57;;;;;;;;;;;;;1.7137;;;
707;35.4826;33.7845;16:17:57;;;;;;;;;;;;;1.6981;;;
708;35.4904;33.7923;16:17:58;;;;;;;;;;;;;1.6981;;;
709;35.4982;33.808;16:17:58;;;;;;;;;;;;;1.6902;;;
710;35.5139;33.808;16:17:59;;;;;;;;;;;;;1.7059;;;
711;35.5295;33.8236;16:17:59;;;;;;;;;;;;;1.7059;;;
712;35.5373;33.8315;16:18:00;;;;;;;;;;;;;1.7058;;;
713;35.5452;33.8393;16:18:00;;;;;;;;;;;;;1.7059;;;
714;35.553;33.8471;16:18:01;;;;;;;;;;;;;1.7059;;;
715;35.5686;33.8471;16:18:01;;;;;;;;;;;;;1.7215;;;
716;35.5843;33.8628;16:18:02;;;;;;;;;;;;;1.7215;;;
717;35.5843;33.8706;16:18:02;;;;;;;;;;;;;1.7137;;;
718;35.6078;33.8823;16:18:03;;;;;;;;;;;;;1.7255;;;
719;35.6234;33.8862;16:18:03;;;;;;;;;;;;;1.7372;;;
720;35.6391;33.8941;16:18:04;;;;;;;;;;;;;1.745;;;
721;35.6469;33.8941;16:18:04;;;;;;;;;;;;;1.7528;;;
722;35.6547;33.898;16:18:05;;;;;;;;;;;;;1.7567;;;
723;35.6586;33.9058;16:18:05;;;;;;;;;;;;;1.7528;;;
724;35.6664;33.9136;16:18:06;;;;;;;;;;;;;1.7528;;;
725;35.6743;33.9136;16:18:06;;;;;;;;;;;;;1.7607;;;
726;35.6899;33.9371;16:18:07;;;;;;;;;;;;;1.7528;;;
727;35.7056;33.9449;16:18:07;;;;;;;;;;;;;1.7607;;;
728;35.7134;33.9449;16:18:08;;;;;;;;;;;;;1.7685;;;
729;35.729;33.9606;16:18:08;;;;;;;;;;;;;1.7684;;;
730;35.7447;33.9606;16:18:09;;;;;;;;;;;;;1.7841;;;
731;35.7447;33.9762;16:18:09;;;;;;;;;;;;;1.7685;;;
732;35.7603;33.9762;16:18:10;;;;;;;;;;;;;1.7841;;;
733;35.776;33.9841;16:18:10;;;;;;;;;;;;;1.7919;;;
734;35.776;33.9997;16:18:11;;;;;;;;;;;;;1.7763;;;
735;35.7995;34.0232;16:18:11;;;;;;;;;;;;;1.7763;;;
736;35.8073;34.0154;16:18:12;;;;;;;;;;;;;1.7919;;;
737;35.8229;34.031;16:18:12;;;;;;;;;;;;;1.7919;;;
738;35.8386;34.0388;16:18:13;;;;;;;;;;;;;1.7998;;;
739;35.8386;34.0467;16:18:13;;;;;;;;;;;;;1.7919;;;
740;35.8542;34.0545;16:18:14;;;;;;;;;;;;;1.7997;;;
741;35.8621;34.0623;16:18:14;;;;;;;;;;;;;1.7998;;;
742;35.8621;34.0701;16:18:15;;;;;;;;;;;;;1.792;;;
743;35.8699;34.078;16:18:15;;;;;;;;;;;;;1.7919;;;
744;35.8738;34.0936;16:18:16;;;;;;;;;;;;;1.7802;;;
745;35.8895;34.1014;16:18:16;;;;;;;;;;;;;1.7881;;;
746;35.8973;34.1014;16:18:17;;;;;;;;;;;;;1.7959;;;
747;35.9051;34.1093;16:18:17;;;;;;;;;;;;;1.7958;;;
748;35.9286;34.1093;16:18:18;;;;;;;;;;;;;1.8193;;;
749;35.9286;34.1288;16:18:18;;;;;;;;;;;;;1.7998;;;
750;35.9442;34.1288;16:18:19;;;;;;;;;;;;;1.8154;;;
751;35.9599;34.1366;16:18:19;;;;;;;;;;;;;1.8233;;;
752;35.9677;34.1523;16:18:20;;;;;;;;;;;;;1.8154;;;
753;35.9834;34.1523;16:18:20;;;;;;;;;;;;;1.8311;;;
754;35.9912;34.1601;16:18:21;;;;;;;;;;;;;1.8311;;;
755;35.999;34.1679;16:18:21;;;;;;;;;;;;;1.8311;;;
756;36.0068;34.1758;16:18:22;;;;;;;;;;;;;1.831;;;
757;36.0225;34.1836;16:18:22;;;;;;;;;;;;;1.8389;;;
758;36.0225;34.1914;16:18:23;;;;;;;;;;;;;1.8311;;;
759;36.0303;34.1993;16:18:23;;;;;;;;;;;;;1.831;;;
760;36.0342;34.2071;16:18:24;;;;;;;;;;;;;1.8271;;;
761;36.0342;34.1993;16:18:24;;;;;;;;;;;;;1.8349;;;
762;36.0303;34.2149;16:18:25;;;;;;;;;;;;;1.8154;;;
763;36.0225;34.1993;16:18:25;;;;;;;;;;;;;1.8232;;;
764;36.0147;34.1993;16:18:26;;;;;;;;;;;;;1.8154;;;
765;35.999;34.1914;16:18:26;;;;;;;;;;;;;1.8076;;;
766;35.9912;34.1836;16:18:27;;;;;;;;;;;;;1.8076;;;
767;35.9677;34.1679;16:18:27;;;;;;;;;;;;;1.7998;;;
768;35.9521;34.1523;16:18:28;;;;;;;;;;;;;1.7998;;;
769;35.9286;34.1366;16:18:28;;;;;;;;;;;;;1.792;;;
770;35.9129;34.1366;16:18:29;;;;;;;;;;;;;1.7763;;;
771;35.8816;34.1132;16:18:29;;;;;;;;;;;;;1.7684;;;
772;35.8738;34.1093;16:18:30;;;;;;;;;;;;;1.7645;;;
773;35.8621;34.1014;16:18:30;;;;;;;;;;;;;1.7607;;;
774;35.8386;34.0936;16:18:31;;;;;;;;;;;;;1.745;;;
775;35.8151;34.0623;16:18:31;;;;;;;;;;;;;1.7528;;;
776;35.7916;34.0545;16:18:32;;;;;;;;;;;;;1.7371;;;
777;35.7682;34.0232;16:18:32;;;;;;;;;;;;;1.745;;;
778;35.7369;34.0154;16:18:33;;;;;;;;;;;;;1.7215;;;
779;35.7212;33.9997;16:18:33;;;;;;;;;;;;;1.7215;;;
780;35.6821;33.9684;16:18:34;;;;;;;;;;;;;1.7137;;;
781;35.6625;33.9606;16:18:34;;;;;;;;;;;;;1.7019;;;
782;35.6469;33.9449;16:18:35;;;;;;;;;;;;;1.702;;;
783;35.6312;33.9136;16:18:35;;;;;;;;;;;;;1.7176;;;
784;35.6078;33.9058;16:18:36;;;;;;;;;;;;;1.702;;;
785;35.5843;33.8902;16:18:36;;;;;;;;;;;;;1.6941;;;
786;35.553;33.8784;16:18:37;;;;;;;;;;;;;1.6746;;;
787;35.5139;33.8549;16:18:37;;;;;;;;;;;;;1.659;;;
788;35.4904;33.8393;16:18:38;;;;;;;;;;;;;1.6511;;;
789;35.4591;33.8158;16:18:38;;;;;;;;;;;;;1.6433;;;
790;35.4395;33.8002;16:18:39;;;;;;;;;;;;;1.6393;;;
791;35.416;33.7767;16:18:39;;;;;;;;;;;;;1.6393;;;
792;35.4004;33.7532;16:18:40;;;;;;;;;;;;;1.6472;;;
793;35.3769;33.7297;16:18:40;;;;;;;;;;;;;1.6472;;;
794;35.3378;33.7063;16:18:41;;;;;;;;;;;;;1.6315;;;
795;35.3143;33.6906;16:18:41;;;;;;;;;;;;;1.6237;;;
796;35.283;33.675;16:18:42;;;;;;;;;;;;;1.608;;;
797;35.2439;33.6671;16:18:42;;;;;;;;;;;;;1.5768;;;
798;35.2204;33.6476;16:18:43;;;;;;;;;;;;;1.5728;;;
799;35.2048;33.6319;16:18:43;;;;;;;;;;;;;1.5729;;;
800;35.1774;33.6085;16:18:44;;;;;;;;;;;;;1.5689;;;
801;35.1383;33.585;16:18:44;;;;;;;;;;;;;1.5533;;;
802;35.1226;33.5615;16:18:45;;;;;;;;;;;;;1.5611;;;
803;35.0835;33.5459;16:18:45;;;;;;;;;;;;;1.5376;;;
804;35.0522;33.5302;16:18:46;;;;;;;;;;;;;1.522;;;
805;35.0248;33.5028;16:18:46;;;;;;;;;;;;;1.522;;;
806;35.0013;33.495;16:18:47;;;;;;;;;;;;;1.5063;;;
807;34.9778;33.4793;16:18:47;;;;;;;;;;;;;1.4985;;;
808;34.9465;33.448;16:18:48;;;;;;;;;;;;;1.4985;;;
809;34.9231;33.4246;16:18:48;;;;;;;;;;;;;1.4985;;;
810;34.8918;33.4089;16:18:49;;;;;;;;;;;;;1.4829;;;
811;34.8683;33.3933;16:18:49;;;;;;;;;;;;;1.475;;;
812;34.8605;33.3854;16:18:50;;;;;;;;;;;;;1.4751;;;
813;34.837;33.3776;16:18:50;;;;;;;;;;;;;1.4594;;;
814;34.8292;33.3698;16:18:51;;;;;;;;;;;;;1.4594;;;
815;34.8292;33.362;16:18:51;;;;;;;;;;;;;1.4672;;;
816;34.8213;33.3541;16:18:52;;;;;;;;;;;;;1.4672;;;
817;34.8253;33.3541;16:18:52;;;;;;;;;;;;;1.4712;;;
818;34.8213;33.3541;16:18:53;;;;;;;;;;;;;1.4672;;;
819;34.8253;33.3463;16:18:53;;;;;;;;;;;;;1.479;;;
820;34.8213;33.3463;16:18:54;;;;;;;;;;;;;1.475;;;
821;34.8253;33.3541;16:18:54;;;;;;;;;;;;;1.4712;;;
822;34.8213;33.3541;16:18:55;;;;;;;;;;;;;1.4672;;;
823;34.8253;33.3541;16:18:55;;;;;;;;;;;;;1.4712;;;
824;34.8292;33.3541;16:18:56;;;;;;;;;;;;;1.4751;;;
825;34.8331;33.3698;16:18:56;;;;;;;;;;;;;1.4633;;;
826;34.8331;33.3698;16:18:57;;;;;;;;;;;;;1.4633;;;
827;34.8448;33.3698;16:18:57;;;;;;;;;;;;;1.475;;;
828;34.8526;33.3776;16:18:58;;;;;;;;;;;;;1.475;;;
829;34.8605;33.3776;16:18:58;;;;;;;;;;;;;1.4829;;;
830;34.8761;33.3854;16:18:59;;;;;;;;;;;;;1.4907;;;
831;34.8839;33.4011;16:18:59;;;;;;;;;;;;;1.4828;;;
832;34.8918;33.4011;16:19:00;;;;;;;;;;;;;1.4907;;;
833;34.9152;33.4167;16:19:00;;;;;;;;;;;;;1.4985;;;
834;34.9152;33.4167;16:19:01;;;;;;;;;;;;;1.4985;;;
835;34.9309;33.4246;16:19:01;;;;;;;;;;;;;1.5063;;;
836;34.9387;33.4324;16:19:02;;;;;;;;;;;;;1.5063;;;
837;34.9544;33.448;16:19:02;;;;;;;;;;;;;1.5064;;;
838;34.97;33.4559;16:19:03;;;;;;;;;;;;;1.5141;;;
839;34.9857;33.4637;16:19:03;;;;;;;;;;;;;1.522;;;
840;34.9857;33.4793;16:19:04;;;;;;;;;;;;;1.5064;;;
841;35.0013;33.4793;16:19:04;;;;;;;;;;;;;1.522;;;
842;35.0052;33.4872;16:19:05;;;;;;;;;;;;;1.518;;;
843;35.0209;33.4911;16:19:05;;;;;;;;;;;;;1.5298;;;
844;35.0287;33.4989;16:19:06;;;;;;;;;;;;;1.5298;;;
845;35.0444;33.4989;16:19:06;;;;;;;;;;;;;1.5455;;;
846;35.06;33.5028;16:19:07;;;;;;;;;;;;;1.5572;;;
847;35.0678;33.5067;16:19:07;;;;;;;;;;;;;1.5611;;;
848;35.0991;33.5224;16:19:08;;;;;;;;;;;;;1.5767;;;
849;35.0991;33.5146;16:19:08;;;;;;;;;;;;;1.5845;;;
850;35.1226;33.5302;16:19:09;;;;;;;;;;;;;1.5924;;;
851;35.1304;33.5302;16:19:09;;;;;;;;;;;;;1.6002;;;
852;35.1539;33.5459;16:19:10;;;;;;;;;;;;;1.608;;;
853;35.1617;33.5537;16:19:10;;;;;;;;;;;;;1.608;;;
854;35.1774;33.5772;16:19:11;;;;;;;;;;;;;1.6002;;;
855;35.193;33.5693;16:19:11;;;;;;;;;;;;;1.6237;;;
856;35.2048;33.585;16:19:12;;;;;;;;;;;;;1.6198;;;
857;35.2126;33.5928;16:19:12;;;;;;;;;;;;;1.6198;;;
858;35.2204;33.6006;16:19:13;;;;;;;;;;;;;1.6198;;;
859;35.2243;33.6085;16:19:13;;;;;;;;;;;;;1.6158;;;
860;35.2282;33.6241;16:19:14;;;;;;;;;;;;;1.6041;;;
861;35.2439;33.6319;16:19:15;;;;;;;;;;;;;1.612;;;
862;35.2674;33.6319;16:19:15;;;;;;;;;;;;;1.6355;;;
863;35.2752;33.6476;16:19:16;;;;;;;;;;;;;1.6276;;;
864;35.2908;33.6632;16:19:16;;;;;;;;;;;;;1.6276;;;
865;35.3065;33.6671;16:19:17;;;;;;;;;;;;;1.6394;;;
866;35.3065;33.6711;16:19:17;;;;;;;;;;;;;1.6354;;;
867;35.3221;33.675;16:19:18;;;;;;;;;;;;;1.6471;;;
868;35.3378;33.6906;16:19:18;;;;;;;;;;;;;1.6472;;;
869;35.3456;33.6984;16:19:19;;;;;;;;;;;;;1.6472;;;
870;35.3613;33.7063;16:19:19;;;;;;;;;;;;;1.655;;;
871;35.3769;33.7063;16:19:20;;;;;;;;;;;;;1.6706;;;
872;35.3847;33.7219;16:19:20;;;;;;;;;;;;;1.6628;;;
873;35.3926;33.7297;16:19:21;;;;;;;;;;;;;1.6629;;;
874;35.416;33.7376;16:19:21;;;;;;;;;;;;;1.6784;;;
875;35.4278;33.7532;16:19:22;;;;;;;;;;;;;1.6746;;;
876;35.4356;33.761;16:19:22;;;;;;;;;;;;;1.6746;;;
877;35.4395;33.7767;16:19:23;;;;;;;;;;;;;1.6628;;;
878;35.4434;33.7923;16:19:23;;;;;;;;;;;;;1.6511;;;
879;35.4591;33.808;16:19:24;;;;;;;;;;;;;1.6511;;;
880;35.4669;33.8315;16:19:24;;;;;;;;;;;;;1.6354;;;
881;35.4826;33.8549;16:19:25;;;;;;;;;;;;;1.6277;;;
882;35.4904;33.8628;16:19:25;;;;;;;;;;;;;1.6276;;;
883;35.5139;33.8784;16:19:26;;;;;;;;;;;;;1.6355;;;
884;35.5139;33.8862;16:19:26;;;;;;;;;;;;;1.6277;;;
885;35.5295;33.8902;16:19:27;;;;;;;;;;;;;1.6393;;;
886;35.5452;33.8941;16:19:27;;;;;;;;;;;;;1.6511;;;
887;35.5452;33.898;16:19:28;;;;;;;;;;;;;1.6472;;;
888;35.553;33.9058;16:19:28;;;;;;;;;;;;;1.6472;;;
889;35.5686;33.9293;16:19:29;;;;;;;;;;;;;1.6393;;;
890;35.5843;33.9371;16:19:29;;;;;;;;;;;;;1.6472;;;
891;35.5921;33.9528;16:19:30;;;;;;;;;;;;;1.6393;;;
892;35.6078;33.9606;16:19:30;;;;;;;;;;;;;1.6472;;;
893;35.6234;33.9684;16:19:31;;;;;;;;;;;;;1.655;;;
894;35.6312;33.9841;16:19:31;;;;;;;;;;;;;1.6471;;;
895;35.6391;33.9841;16:19:32;;;;;;;;;;;;;1.655;;;
896;35.643;33.9997;16:19:32;;;;;;;;;;;;;1.6433;;;
897;35.6508;34.0075;16:19:33;;;;;;;;;;;;;1.6433;;;
898;35.6586;34.0154;16:19:33;;;;;;;;;;;;;1.6432;;;
899;35.6664;34.0232;16:19:34;;;;;;;;;;;;;1.6432;;;
900;35.6743;34.031;16:19:34;;;;;;;;;;;;;1.6433;;;
901;35.6977;34.0388;16:19:35;;;;;;;;;;;;;1.6589;;;
902;35.7134;34.0467;16:19:35;;;;;;;;;;;;;1.6667;;;
903;35.7369;34.0623;16:19:36;;;;;;;;;;;;;1.6746;;;
904;35.7447;34.0701;16:19:36;;;;;;;;;;;;;1.6746;;;
905;35.7682;34.078;16:19:37;;;;;;;;;;;;;1.6902;;;
906;35.776;34.0897;16:19:37;;;;;;;;;;;;;1.6863;;;
907;35.7838;34.0936;16:19:38;;;;;;;;;;;;;1.6902;;;
908;35.7995;34.1014;16:19:38;;;;;;;;;;;;;1.6981;;;
909;35.8229;34.1053;16:19:39;;;;;;;;;;;;;1.7176;;;
910;35.8308;34.1093;16:19:39;;;;;;;;;;;;;1.7215;;;
911;35.8464;34.121;16:19:40;;;;;;;;;;;;;1.7254;;;
912;35.8503;34.121;16:19:40;;;;;;;;;;;;;1.7293;;;
913;35.8582;34.1366;16:19:41;;;;;;;;;;;;;1.7216;;;
914;35.8699;34.1288;16:19:41;;;;;;;;;;;;;1.7411;;;
915;35.8738;34.1523;16:19:42;;;;;;;;;;;;;1.7215;;;
916;35.8816;34.1523;16:19:42;;;;;;;;;;;;;1.7293;;;
917;35.8895;34.1679;16:19:43;;;;;;;;;;;;;1.7216;;;
918;35.8973;34.1758;16:19:43;;;;;;;;;;;;;1.7215;;;
919;35.8973;34.1758;16:19:44;;;;;;;;;;;;;1.7215;;;
920;35.9208;34.1836;16:19:44;;;;;;;;;;;;;1.7372;;;
921;35.9286;34.1836;16:19:45;;;;;;;;;;;;;1.745;;;
922;35.9442;34.1914;16:19:45;;;;;;;;;;;;;1.7528;;;
923;35.9599;34.1993;16:19:46;;;;;;;;;;;;;1.7606;;;
924;35.9677;34.1993;16:19:46;;;;;;;;;;;;;1.7684;;;
925;35.9834;34.2149;16:19:47;;;;;;;;;;;;;1.7685;;;
926;35.999;34.2149;16:19:47;;;;;;;;;;;;;1.7841;;;
927;36.0147;34.2306;16:19:48;;;;;;;;;;;;;1.7841;;;
928;36.0225;34.2306;16:19:48;;;;;;;;;;;;;1.7919;;;
929;36.0303;34.2462;16:19:49;;;;;;;;;;;;;1.7841;;;
930;36.0342;34.2384;16:19:49;;;;;;;;;;;;;1.7958;;;
931;36.0342;34.2462;16:19:50;;;;;;;;;;;;;1.788;;;
932;36.0303;34.2462;16:19:50;;;;;;;;;;;;;1.7841;;;
933;36.0303;34.2384;16:19:51;;;;;;;;;;;;;1.7919;;;
934;36.0225;34.2227;16:19:51;;;;;;;;;;;;;1.7998;;;
935;36.0147;34.2149;16:19:52;;;;;;;;;;;;;1.7998;;;
936;35.999;34.2071;16:19:52;;;;;;;;;;;;;1.7919;;;
937;35.9834;34.1993;16:19:53;;;;;;;;;;;;;1.7841;;;
938;35.9834;34.1836;16:19:53;;;;;;;;;;;;;1.7998;;;
939;35.9599;34.1836;16:19:54;;;;;;;;;;;;;1.7763;;;
940;35.9442;34.1679;16:19:54;;;;;;;;;;;;;1.7763;;;
941;35.9208;34.1445;16:19:55;;;;;;;;;;;;;1.7763;;;
942;35.9129;34.1288;16:19:55;;;;;;;;;;;;;1.7841;;;
943;35.8738;34.121;16:19:56;;;;;;;;;;;;;1.7528;;;
944;35.866;34.1093;16:19:56;;;;;;;;;;;;;1.7567;;;
945;35.8582;34.1014;16:19:57;;;;;;;;;;;;;1.7568;;;
946;35.8308;34.0897;16:19:57;;;;;;;;;;;;;1.7411;;;
947;35.8151;34.078;16:19:58;;;;;;;;;;;;;1.7371;;;
948;35.7838;34.0467;16:19:58;;;;;;;;;;;;;1.7371;;;
949;35.7682;34.0388;16:19:59;;;;;;;;;;;;;1.7294;;;
950;35.7447;34.0154;16:19:59;;;;;;;;;;;;;1.7293;;;
951;35.7134;33.9919;16:20:00;;;;;;;;;;;;;1.7215;;;
952;35.6899;33.9762;16:20:00;;;;;;;;;;;;;1.7137;;;
953;35.6547;33.9528;16:20:01;;;;;;;;;;;;;1.7019;;;
954;35.643;33.9371;16:20:01;;;;;;;;;;;;;1.7059;;;
955;35.6078;33.9215;16:20:02;;;;;;;;;;;;;1.6863;;;
956;35.5843;33.9058;16:20:02;;;;;;;;;;;;;1.6785;;;
957;35.5452;33.8862;16:20:03;;;;;;;;;;;;;1.659;;;
958;35.5217;33.8745;16:20:03;;;;;;;;;;;;;1.6472;;;
959;35.4904;33.8549;16:20:04;;;;;;;;;;;;;1.6355;;;
960;35.4591;33.8236;16:20:04;;;;;;;;;;;;;1.6355;;;
961;35.4356;33.808;16:20:05;;;;;;;;;;;;;1.6276;;;
962;35.416;33.7845;16:20:05;;;;;;;;;;;;;1.6315;;;
963;35.3926;33.7689;16:20:06;;;;;;;;;;;;;1.6237;;;
964;35.3613;33.7454;16:20:06;;;;;;;;;;;;;1.6159;;;
965;35.3378;33.7297;16:20:07;;;;;;;;;;;;;1.6081;;;
966;35.3065;33.7063;16:20:07;;;;;;;;;;;;;1.6002;;;
967;35.283;33.6906;16:20:08;;;;;;;;;;;;;1.5924;;;
968;35.2439;33.6711;16:20:08;;;;;;;;;;;;;1.5728;;;
969;35.2165;33.6632;16:20:09;;;;;;;;;;;;;1.5533;;;
970;35.2009;33.6319;16:20:09;;;;;;;;;;;;;1.569;;;
971;35.1696;33.6085;16:20:10;;;;;;;;;;;;;1.5611;;;
972;35.1383;33.5928;16:20:10;;;;;;;;;;;;;1.5455;;;
973;35.1148;33.5772;16:20:11;;;;;;;;;;;;;1.5376;;;
974;35.0913;33.5459;16:20:11;;;;;;;;;;;;;1.5454;;;
975;35.06;33.5302;16:20:12;;;;;;;;;;;;;1.5298;;;
976;35.0287;33.5067;16:20:12;;;;;;;;;;;;;1.522;;;
977;35.0091;33.4911;16:20:13;;;;;;;;;;;;;1.518;;;
978;34.9857;33.4793;16:20:13;;;;;;;;;;;;;1.5064;;;
979;34.9622;33.4637;16:20:14;;;;;;;;;;;;;1.4985;;;
980;34.9231;33.4402;16:20:14;;;;;;;;;;;;;1.4829;;;
981;34.9074;33.4167;16:20:15;;;;;;;;;;;;;1.4907;;;
982;34.8761;33.4011;16:20:15;;;;;;;;;;;;;1.475;;;
983;34.8526;33.3854;16:20:16;;;;;;;;;;;;;1.4672;;;
984;34.8409;33.3776;16:20:16;;;;;;;;;;;;;1.4633;;;
985;34.8292;33.362;16:20:17;;;;;;;;;;;;;1.4672;;;
986;34.8213;33.362;16:20:17;;;;;;;;;;;;;1.4593;;;
987;34.8213;33.3541;16:20:18;;;;;;;;;;;;;1.4672;;;
988;34.8174;33.3463;16:20:18;;;;;;;;;;;;;1.4711;;;
989;34.8096;33.3463;16:20:19;;;;;;;;;;;;;1.4633;;;
990;34.8096;33.3385;16:20:19;;;;;;;;;;;;;1.4711;;;
991;34.8096;33.3463;16:20:20;;;;;;;;;;;;;1.4633;;;
992;34.8174;33.3385;16:20:20;;;;;;;;;;;;;1.4789;;;
993;34.8096;33.3385;16:20:21;;;;;;;;;;;;;1.4711;;;
994;34.8135;33.3463;16:20:21;;;;;;;;;;;;;1.4672;;;
995;34.8213;33.3385;16:20:22;;;;;;;;;;;;;1.4828;;;
996;34.8253;33.3385;16:20:22;;;;;;;;;;;;;1.4868;;;
997;34.8253;33.3463;16:20:23;;;;;;;;;;;;;1.479;;;
998;34.8292;33.3541;16:20:23;;;;;;;;;;;;;1.4751;;;
999;34.8331;33.3463;16:20:24;;;;;;;;;;;;;1.4868;;;
1000;34.837;33.3541;16:20:24;;;;;;;;;;;;;1.4829;;;
1001;34.8526;33.362;16:20:25;;;;;;;;;;;;;1.4906;;;
1002;34.8605;33.3698;16:20:25;;;;;;;;;;;;;1.4907;;;
1003;34.8683;33.3776;16:20:26;;;;;;;;;;;;;1.4907;;;
1004;34.8761;33.3933;16:20:26;;;;;;;;;;;;;1.4828;;;
1005;34.8996;33.4011;16:20:27;;;;;;;;;;;;;1.4985;;;
1006;34.9152;33.4011;16:20:27;;;;;;;;;;;;;1.5141;;;
1007;34.9231;33.4324;16:20:28;;;;;;;;;;;;;1.4907;;;
1008;34.9387;33.4324;16:20:28;;;;;;;;;;;;;1.5063;;;
1009;34.9544;33.4637;16:20:29;;;;;;;;;;;;;1.4907;;;
1010;34.9778;33.4833;16:20:29;;;;;;;;;;;;;1.4945;;;
1011;35.0013;33.4989;16:20:30;;;;;;;;;;;;;1.5024;;;
1012;35.0209;33.5302;16:20:30;;;;;;;;;;;;;1.4907;;;
1013;35.0522;33.5615;16:20:31;;;;;;;;;;;;;1.4907;;;
1014;35.0835;33.6006;16:20:31;;;;;;;;;;;;;1.4829;;;
1015;35.1226;33.6398;16:20:32;;;;;;;;;;;;;1.4828;;;
1016;35.1696;33.6711;16:20:32;;;;;;;;;;;;;1.4985;;;
1017;35.2126;33.6984;16:20:33;;;;;;;;;;;;;1.5142;;;
1018;35.2361;33.7297;16:20:33;;;;;;;;;;;;;1.5064;;;
1019;35.283;33.7767;16:20:34;;;;;;;;;;;;;1.5063;;;
1020;35.3221;33.808;16:20:34;;;;;;;;;;;;;1.5141;;;
1021;35.3691;33.8549;16:20:35;;;;;;;;;;;;;1.5142;;;
1022;35.4004;33.8784;16:20:35;;;;;;;;;;;;;1.522;;;
1023;35.4473;33.9058;16:20:36;;;;;;;;;;;;;1.5415;;;
1024;35.4747;33.9449;16:20:36;;;;;;;;;;;;;1.5298;;;
1025;35.5217;33.9762;16:20:37;;;;;;;;;;;;;1.5455;;;
1026;35.5686;34.0154;16:20:37;;;;;;;;;;;;;1.5532;;;
1027;35.6156;34.0623;16:20:38;;;;;;;;;;;;;1.5533;;;
1028;35.6508;34.1014;16:20:38;;;;;;;;;;;;;1.5494;;;
1029;35.6899;34.121;16:20:39;;;;;;;;;;;;;1.5689;;;
1030;35.7369;34.1601;16:20:39;;;;;;;;;;;;;1.5768;;;
1031;35.776;34.2071;16:20:40;;;;;;;;;;;;;1.5689;;;
1032;35.8229;34.2384;16:20:40;;;;;;;;;;;;;1.5845;;;
1033;35.866;34.2658;16:20:41;;;;;;;;;;;;;1.6002;;;
1034;35.9051;34.2971;16:20:41;;;;;;;;;;;;;1.608;;;
1035;35.9521;34.3362;16:20:42;;;;;;;;;;;;;1.6159;;;
1036;35.999;34.3753;16:20:42;;;;;;;;;;;;;1.6237;;;
1037;36.0381;34.4223;16:20:43;;;;;;;;;;;;;1.6158;;;
1038;36.0733;34.4536;16:20:43;;;;;;;;;;;;;1.6197;;;
1039;36.1203;34.4849;16:20:44;;;;;;;;;;;;;1.6354;;;
1040;36.1672;34.5083;16:20:44;;;;;;;;;;;;;1.6589;;;
1041;36.2064;34.5357;16:20:45;;;;;;;;;;;;;1.6707;;;
1042;36.2298;34.567;16:20:45;;;;;;;;;;;;;1.6628;;;
1043;36.2533;34.5905;16:20:46;;;;;;;;;;;;;1.6628;;;
1044;36.2651;34.614;16:20:46;;;;;;;;;;;;;1.6511;;;
1045;36.2964;34.6375;16:20:47;;;;;;;;;;;;;1.6589;;;
1046;36.312;34.6531;16:20:47;;;;;;;;;;;;;1.6589;;;
1047;36.3355;34.6766;16:20:48;;;;;;;;;;;;;1.6589;;;
1048;36.3433;34.6922;16:20:48;;;;;;;;;;;;;1.6511;;;
1049;36.359;34.704;16:20:49;;;;;;;;;;;;;1.655;;;
1050;36.3668;34.7118;16:20:49;;;;;;;;;;;;;1.655;;;
1051;36.3824;34.7196;16:20:50;;;;;;;;;;;;;1.6628;;;
1052;36.3903;34.7235;16:20:50;;;;;;;;;;;;;1.6668;;;
1053;36.3981;34.7431;16:20:51;;;;;;;;;;;;;1.655;;;
1054;36.3981;34.7509;16:20:51;;;;;;;;;;;;;1.6472;;;
1055;36.4059;34.7666;16:20:52;;;;;;;;;;;;;1.6393;;;
1056;36.4137;34.7666;16:20:52;;;;;;;;;;;;;1.6471;;;
1057;36.4137;34.7822;16:20:53;;;;;;;;;;;;;1.6315;;;
1058;36.4216;34.79;16:20:53;;;;;;;;;;;;;1.6316;;;
1059;36.4216;34.79;16:20:54;;;;;;;;;;;;;1.6316;;;
1060;36.4216;34.8057;16:20:54;;;;;;;;;;;;;1.6159;;;
1061;36.4216;34.8135;16:20:55;;;;;;;;;;;;;1.6081;;;
1062;36.4216;34.8135;16:20:55;;;;;;;;;;;;;1.6081;;;
1063;36.4216;34.8213;16:20:56;;;;;;;;;;;;;1.6003;;;
1064;36.4216;34.8292;16:20:56;;;;;;;;;;;;;1.5924;;;
1065;36.4294;34.837;16:20:57;;;;;;;;;;;;;1.5924;;;
1066;36.4216;34.8448;16:20:57;;;;;;;;;;;;;1.5768;;;
1067;36.4059;34.837;16:20:58;;;;;;;;;;;;;1.5689;;;
1068;36.4137;34.837;16:20:58;;;;;;;;;;;;;1.5767;;;
1069;36.3981;34.8526;16:20:59;;;;;;;;;;;;;1.5455;;;
1070;36.3981;34.8526;16:20:59;;;;;;;;;;;;;1.5455;;;
1071;36.3903;34.8526;16:21:00;;;;;;;;;;;;;1.5377;;;
1072;36.3903;34.8526;16:21:00;;;;;;;;;;;;;1.5377;;;
1073;36.3824;34.8605;16:21:01;;;;;;;;;;;;;1.5219;;;
1074;36.3824;34.8605;16:21:01;;;;;;;;;;;;;1.5219;;;
1075;36.3668;34.8605;16:21:02;;;;;;;;;;;;;1.5063;;;
1076;36.3668;34.8761;16:21:02;;;;;;;;;;;;;1.4907;;;
1077;36.3668;34.8683;16:21:03;;;;;;;;;;;;;1.4985;;;
1078;36.359;34.8761;16:21:03;;;;;;;;;;;;;1.4829;;;
1079;36.3511;34.8761;16:21:04;;;;;;;;;;;;;1.475;;;
1080;36.3433;34.8761;16:21:04;;;;;;;;;;;;;1.4672;;;
1081;36.3355;34.8761;16:21:05;;;;;;;;;;;;;1.4594;;;
1082;36.3277;34.8761;16:21:05;;;;;;;;;;;;;1.4516;;;
1083;36.3198;34.8683;16:21:06;;;;;;;;;;;;;1.4515;;;
1084;36.312;34.8761;16:21:06;;;;;;;;;;;;;1.4359;;;
1085;36.3042;34.88;16:21:07;;;;;;;;;;;;;1.4242;;;
1086;36.2885;34.88;16:21:07;;;;;;;;;;;;;1.4085;;;
1087;36.2807;34.88;16:21:08;;;;;;;;;;;;;1.4007;;;
1088;36.2651;34.88;16:21:08;;;;;;;;;;;;;1.3851;;;
1089;36.2651;34.8761;16:21:09;;;;;;;;;;;;;1.389;;;
1090;36.2572;34.8761;16:21:09;;;;;;;;;;;;;1.3811;;;
1091;36.2572;34.8761;16:21:10;;;;;;;;;;;;;1.3811;;;
1092;36.2533;34.8761;16:21:10;;;;;;;;;;;;;1.3772;;;
1093;36.2455;34.8761;16:21:11;;;;;;;;;;;;;1.3694;;;
1094;36.2377;34.8761;16:21:11;;;;;;;;;;;;;1.3616;;;
1095;36.2298;34.8683;16:21:12;;;;;;;;;;;;;1.3615;;;
1096;36.222;34.8683;16:21:12;;;;;;;;;;;;;1.3537;;;
1097;36.2064;34.8683;16:21:13;;;;;;;;;;;;;1.3381;;;
1098;36.1907;34.8683;16:21:13;;;;;;;;;;;;;1.3224;;;
1099;36.1907;34.8683;16:21:14;;;;;;;;;;;;;1.3224;;;
1100;36.1672;34.8683;16:21:14;;;;;;;;;;;;;1.2989;;;
1101;36.1594;34.8605;16:21:15;;;;;;;;;;;;;1.2989;;;
1102;36.1594;34.8605;16:21:15;;;;;;;;;;;;;1.2989;;;
1103;36.1359;34.8683;16:21:16;;;;;;;;;;;;;1.2676;;;
1104;36.1281;34.8605;16:21:16;;;;;;;;;;;;;1.2676;;;
1105;36.1125;34.8605;16:21:17;;;;;;;;;;;;;1.252;;;
1106;36.0968;34.8683;16:21:17;;;;;;;;;;;;;1.2285;;;
1107;36.0812;34.8526;16:21:18;;;;;;;;;;;;;1.2286;;;
1108;36.0733;34.8526;16:21:18;;;;;;;;;;;;;1.2207;;;
1109;36.0733;34.8605;16:21:19;;;;;;;;;;;;;1.2128;;;
1110;36.0655;34.8526;16:21:19;;;;;;;;;;;;;1.2129;;;
1111;36.0499;34.8448;16:21:20;;;;;;;;;;;;;1.2051;;;
1112;36.046;34.8448;16:21:20;;;;;;;;;;;;;1.2012;;;
1113;36.0381;34.8526;16:21:21;;;;;;;;;;;;;1.1855;;;
1114;36.0381;34.8448;16:21:21;;;;;;;;;;;;;1.1933;;;
1115;36.0303;34.8448;16:21:22;;;;;;;;;;;;;1.1855;;;
1116;36.0225;34.8448;16:21:22;;;;;;;;;;;;;1.1777;;;
1117;36.0068;34.8448;16:21:23;;;;;;;;;;;;;1.162;;;
1118;35.999;34.837;16:21:23;;;;;;;;;;;;;1.162;;;
1119;35.9912;34.8292;16:21:24;;;;;;;;;;;;;1.162;;;
1120;35.9755;34.837;16:21:24;;;;;;;;;;;;;1.1385;;;
1121;35.9599;34.8292;16:21:25;;;;;;;;;;;;;1.1307;;;
1122;35.9521;34.8213;16:21:25;;;;;;;;;;;;;1.1308;;;
1123;35.9521;34.8292;16:21:26;;;;;;;;;;;;;1.1229;;;
1124;35.9286;34.8213;16:21:26;;;;;;;;;;;;;1.1073;;;
1125;35.9286;34.8135;16:21:27;;;;;;;;;;;;;1.1151;;;
1126;35.9129;34.8135;16:21:27;;;;;;;;;;;;;1.0994;;;
1127;35.8973;34.8135;16:21:28;;;;;;;;;;;;;1.0838;;;
1128;35.8895;34.8057;16:21:28;;;;;;;;;;;;;1.0838;;;
1129;35.8816;34.8057;16:21:29;;;;;;;;;;;;;1.0759;;;
1130;35.8699;34.8057;16:21:29;;;;;;;;;;;;;1.0642;;;
1131;35.866;34.7979;16:21:30;;;;;;;;;;;;;1.0681;;;
1132;35.8621;34.8057;16:21:30;;;;;;;;;;;;;1.0564;;;
1133;35.8582;34.8057;16:21:31;;;;;;;;;;;;;1.0525;;;
1134;35.8386;34.7979;16:21:31;;;;;;;;;;;;;1.0407;;;
1135;35.8386;34.7979;16:21:32;;;;;;;;;;;;;1.0407;;;
1136;35.8308;34.7979;16:21:32;;;;;;;;;;;;;1.0329;;;
1137;35.8073;34.79;16:21:33;;;;;;;;;;;;;1.0173;;;
1138;35.7995;34.79;16:21:33;;;;;;;;;;;;;1.0095;;;
1139;35.7838;34.7979;16:21:34;;;;;;;;;;;;;0.9859;;;
1140;35.776;34.7822;16:21:34;;;;;;;;;;;;;0.9938;;;
1141;35.7603;34.7822;16:21:35;;;;;;;;;;;;;0.9781;;;
1142;35.7603;34.7822;16:21:35;;;;;;;;;;;;;0.9781;;;
1143;35.7525;34.7822;16:21:36;;;;;;;;;;;;;0.9703;;;
1144;35.7369;34.7822;16:21:36;;;;;;;;;;;;;0.9547;;;
1145;35.729;34.7744;16:21:37;;;;;;;;;;;;;0.9546;;;
1146;35.7134;34.7744;16:21:37;;;;;;;;;;;;;0.939;;;
1147;35.6977;34.7666;16:21:38;;;;;;;;;;;;;0.9311;;;
1148;35.6899;34.7744;16:21:38;;;;;;;;;;;;;0.9155;;;
1149;35.6743;34.7666;16:21:39;;;;;;;;;;;;;0.9077;;;
1150;35.6664;34.7509;16:21:39;;;;;;;;;;;;;0.9155;;;
1151;35.6547;34.7587;16:21:40;;;;;;;;;;;;;0.896;;;
1152;35.6508;34.7587;16:21:40;;;;;;;;;;;;;0.8921;;;
1153;35.6469;34.7431;16:21:41;;;;;;;;;;;;;0.9038;;;
1154;35.643;34.7509;16:21:41;;;;;;;;;;;;;0.8921;;;
1155;35.6391;34.7431;16:21:42;;;;;;;;;;;;;0.896;;;
1156;35.6234;34.7509;16:21:42;;;;;;;;;;;;;0.8725;;;
1157;35.6156;34.7353;16:21:43;;;;;;;;;;;;;0.8803;;;
1158;35.6078;34.7431;16:21:43;;;;;;;;;;;;;0.8647;;;
1159;35.5999;34.7353;16:21:44;;;;;;;;;;;;;0.8646;;;
1160;35.5921;34.7353;16:21:44;;;;;;;;;;;;;0.8568;;;
1161;35.5765;34.7353;16:21:45;;;;;;;;;;;;;0.8412;;;
1162;35.5686;34.7353;16:21:45;;;;;;;;;;;;;0.8333;;;
1163;35.5686;34.7353;16:21:46;;;;;;;;;;;;;0.8333;;;
1164;35.5608;34.7353;16:21:46;;;;;;;;;;;;;0.8255;;;
1165;35.553;34.7353;16:21:47;;;;;;;;;;;;;0.8177;;;
1166;35.5373;34.7274;16:21:47;;;;;;;;;;;;;0.8099;;;
1167;35.5373;34.7274;16:21:48;;;;;;;;;;;;;0.8099;;;
1168;35.5217;34.7235;16:21:48;;;;;;;;;;;;;0.7982;;;
1169;35.5217;34.7196;16:21:49;;;;;;;;;;;;;0.8021;;;
1170;35.506;34.7157;16:21:49;;;;;;;;;;;;;0.7903;;;
1171;35.4982;34.7157;16:21:50;;;;;;;;;;;;;0.7825;;;
1172;35.4904;34.7118;16:21:50;;;;;;;;;;;;;0.7786;;;
1173;35.4826;34.7118;16:21:51;;;;;;;;;;;;;0.7708;;;
1174;35.4747;34.7118;16:21:51;;;;;;;;;;;;;0.7629;;;
1175;35.4669;34.7079;16:21:52;;;;;;;;;;;;;0.759;;;
1176;35.4669;34.7079;16:21:52;;;;;;;;;;;;;0.759;;;
1177;35.4591;34.7079;16:21:53;;;;;;;;;;;;;0.7512;;;
1178;35.4513;34.704;16:21:53;;;;;;;;;;;;;0.7473;;;
1179;35.4395;34.704;16:21:54;;;;;;;;;;;;;0.7355;;;
1180;35.4395;34.704;16:21:54;;;;;;;;;;;;;0.7355;;;
1181;35.4356;34.7001;16:21:55;;;;;;;;;;;;;0.7355;;;
1182;35.4356;34.6922;16:21:55;;;;;;;;;;;;;0.7434;;;
1183;35.4317;34.6922;16:21:56;;;;;;;;;;;;;0.7395;;;
1184;35.4278;34.6922;16:21:56;;;;;;;;;;;;;0.7356;;;
1185;35.4278;34.6922;16:21:57;;;;;;;;;;;;;0.7356;;;
1186;35.4239;34.6766;16:21:57;;;;;;;;;;;;;0.7473;;;
1187;35.4239;34.6844;16:21:58;;;;;;;;;;;;;0.7395;;;
1188;35.416;34.6766;16:21:58;;;;;;;;;;;;;0.7394;;;
1189;35.4082;34.6688;16:21:59;;;;;;;;;;;;;0.7394;;;
1190;35.4004;34.6766;16:21:59;;;;;;;;;;;;;0.7238;;;
1191;35.4004;34.6688;16:22:00;;;;;;;;;;;;;0.7316;;;
1192;35.4004;34.6688;16:22:00;;;;;;;;;;;;;0.7316;;;
1193;35.3847;34.6609;16:22:01;;;;;;;;;;;;;0.7238;;;
1194;35.3847;34.6531;16:22:01;;;;;;;;;;;;;0.7316;;;
1195;35.3769;34.6531;16:22:02;;;;;;;;;;;;;0.7238;;;
1196;35.3691;34.6531;16:22:02;;;;;;;;;;;;;0.716;;;
1197;35.3691;34.6453;16:22:03;;;;;;;;;;;;;0.7238;;;
1198;35.3613;34.6531;16:22:03;;;;;;;;;;;;;0.7082;;;
1199;35.3534;34.6453;16:22:04;;;;;;;;;;;;;0.7081;;;
1200;35.3534;34.6375;16:22:04;;;;;;;;;;;;;0.7159;;;
1201;35.3456;34.6375;16:22:05;;;;;;;;;;;;;0.7081;;;
1202;35.3456;34.6296;16:22:05;;;;;;;;;;;;;0.716;;;
1203;35.33;34.6296;16:22:06;;;;;;;;;;;;;0.7004;;;
1204;35.3378;34.6218;16:22:06;;;;;;;;;;;;;0.716;;;
1205;35.33;34.614;16:22:07;;;;;;;;;;;;;0.716;;;
1206;35.3143;34.614;16:22:07;;;;;;;;;;;;;0.7003;;;
1207;35.3065;34.6062;16:22:08;;;;;;;;;;;;;0.7003;;;
1208;35.2987;34.6062;16:22:08;;;;;;;;;;;;;0.6925;;;
1209;35.2987;34.5905;16:22:09;;;;;;;;;;;;;0.7082;;;
1210;35.283;34.5983;16:22:09;;;;;;;;;;;;;0.6847;;;
1211;35.2908;34.5905;16:22:10;;;;;;;;;;;;;0.7003;;;
1212;35.2752;34.5905;16:22:10;;;;;;;;;;;;;0.6847;;;
1213;35.2752;34.5827;16:22:11;;;;;;;;;;;;;0.6925;;;
1214;35.2674;34.5827;16:22:11;;;;;;;;;;;;;0.6847;;;
1215;35.2517;34.5827;16:22:12;;;;;;;;;;;;;0.669;;;
1216;35.2517;34.5827;16:22:12;;;;;;;;;;;;;0.669;;;
1217;35.2439;34.5827;16:22:13;;;;;;;;;;;;;0.6612;;;
1218;35.2361;34.5749;16:22:13;;;;;;;;;;;;;0.6612;;;
1219;35.2361;34.5749;16:22:14;;;;;;;;;;;;;0.6612;;;
1220;35.2282;34.5749;16:22:14;;;;;;;;;;;;;0.6533;;;
1221;35.2243;34.567;16:22:15;;;;;;;;;;;;;0.6573;;;
1222;35.2204;34.567;16:22:15;;;;;;;;;;;;;0.6534;;;
1223;35.2165;34.5592;16:22:16;;;;;;;;;;;;;0.6573;;;
1224;35.2165;34.5592;16:22:16;;;;;;;;;;;;;0.6573;;;
1225;35.2126;34.5592;16:22:17;;;;;;;;;;;;;0.6534;;;
1226;35.2087;34.5514;16:22:17;;;;;;;;;;;;;0.6573;;;
1227;35.2009;34.5436;16:22:18;;;;;;;;;;;;;0.6573;;;
1228;35.193;34.5436;16:22:18;;;;;;;;;;;;;0.6494;;;
1229;35.193;34.5279;16:22:19;;;;;;;;;;;;;0.6651;;;
1230;35.1852;34.5357;16:22:19;;;;;;;;;;;;;0.6495;;;
1231;35.1774;34.5279;16:22:20;;;;;;;;;;;;;0.6495;;;
1232;35.1696;34.5201;16:22:20;;;;;;;;;;;;;0.6495;;;
1233;35.1617;34.5201;16:22:21;;;;;;;;;;;;;0.6416;;;
1234;35.1539;34.5123;16:22:21;;;;;;;;;;;;;0.6416;;;
1235;35.1539;34.5201;16:22:22;;;;;;;;;;;;;0.6338;;;
1236;35.1461;34.5123;16:22:22;;;;;;;;;;;;;0.6338;;;
1237;35.1304;34.5044;16:22:23;;;;;;;;;;;;;0.626;;;
1238;35.1304;34.5123;16:22:23;;;;;;;;;;;;;0.6181;;;
1239;35.1226;34.5044;16:22:24;;;;;;;;;;;;;0.6182;;;
1240;35.1148;34.5044;16:22:24;;;;;;;;;;;;;0.6104;;;
1241;35.107;34.5005;16:22:25;;;;;;;;;;;;;0.6065;;;
1242;35.0991;34.5005;16:22:25;;;;;;;;;;;;;0.5986;;;
1243;35.0991;34.4966;16:22:26;;;;;;;;;;;;;0.6025;;;
1244;35.0835;34.4966;16:22:26;;;;;;;;;;;;;0.5869;;;
1245;35.0835;34.4966;16:22:27;;;;;;;;;;;;;0.5869;;;
1246;35.0757;34.4927;16:22:27;;;;;;;;;;;;;0.583;;;
1247;35.0678;34.4888;16:22:28;;;;;;;;;;;;;0.579;;;
1248;35.0522;34.4927;16:22:28;;;;;;;;;;;;;0.5595;;;
1249;35.0522;34.4849;16:22:29;;;;;;;;;;;;;0.5673;;;
1250;35.0522;34.4888;16:22:29;;;;;;;;;;;;;0.5634;;;
1251;35.0444;34.477;16:22:30;;;;;;;;;;;;;0.5674;;;
1252;35.0287;34.4849;16:22:30;;;;;;;;;;;;;0.5438;;;
1253;35.0287;34.4614;16:22:31;;;;;;;;;;;;;0.5673;;;
1254;35.0287;34.477;16:22:31;;;;;;;;;;;;;0.5517;;;
1255;35.0131;34.4614;16:22:32;;;;;;;;;;;;;0.5517;;;
1256;35.0131;34.4614;16:22:32;;;;;;;;;;;;;0.5517;;;
1257;35.0091;34.4614;16:22:33;;;;;;;;;;;;;0.5477;;;
1258;35.0052;34.4614;16:22:33;;;;;;;;;;;;;0.5438;;;
1259;34.9974;34.4457;16:22:34;;;;;;;;;;;;;0.5517;;;
1260;34.9935;34.4536;16:22:34;;;;;;;;;;;;;0.5399;;;
1261;34.9935;34.4379;16:22:35;;;;;;;;;;;;;0.5556;;;
1262;34.9935;34.4457;16:22:35;;;;;;;;;;;;;0.5478;;;
1263;34.9935;34.4457;16:22:36;;;;;;;;;;;;;0.5478;;;
1264;34.9974;34.4457;16:22:36;;;;;;;;;;;;;0.5517;;;
1265;35.0052;34.4614;16:22:37;;;;;;;;;;;;;0.5438;;;
1266;35.0131;34.4692;16:22:37;;;;;;;;;;;;;0.5439;;;
1267;35.0287;34.477;16:22:38;;;;;;;;;;;;;0.5517;;;
1268;35.06;34.4888;16:22:38;;;;;;;;;;;;;0.5712;;;
1269;35.0757;34.5005;16:22:39;;;;;;;;;;;;;0.5752;;;
1270;35.1148;34.5201;16:22:39;;;;;;;;;;;;;0.5947;;;
1271;35.1383;34.5357;16:22:40;;;;;;;;;;;;;0.6026;;;
1272;35.1696;34.5592;16:22:40;;;;;;;;;;;;;0.6104;;;
1273;35.193;34.5827;16:22:41;;;;;;;;;;;;;0.6103;;;
1274;35.2204;34.5983;16:22:41;;;;;;;;;;;;;0.6221;;;
1275;35.2517;34.6296;16:22:42;;;;;;;;;;;;;0.6221;;;
1276;35.2752;34.6531;16:22:42;;;;;;;;;;;;;0.6221;;;
1277;35.3143;34.6688;16:22:43;;;;;;;;;;;;;0.6455;;;
1278;35.3534;34.7001;16:22:43;;;;;;;;;;;;;0.6533;;;
1279;35.3926;34.7118;16:22:44;;;;;;;;;;;;;0.6808;;;
1280;35.4278;34.7353;16:22:44;;;;;;;;;;;;;0.6925;;;
1281;35.4513;34.7587;16:22:45;;;;;;;;;;;;;0.6926;;;
1282;35.4904;34.79;16:22:45;;;;;;;;;;;;;0.7004;;;
1283;35.5373;34.8135;16:22:46;;;;;;;;;;;;;0.7238;;;
1284;35.5686;34.837;16:22:46;;;;;;;;;;;;;0.7316;;;
1285;35.6234;34.8683;16:22:47;;;;;;;;;;;;;0.7551;;;
1286;35.6508;34.8918;16:22:47;;;;;;;;;;;;;0.759;;;
1287;35.6821;34.9192;16:22:48;;;;;;;;;;;;;0.7629;;;
1288;35.729;34.9348;16:22:48;;;;;;;;;;;;;0.7942;;;
1289;35.7682;34.9739;16:22:49;;;;;;;;;;;;;0.7943;;;
1290;35.8151;35.0052;16:22:49;;;;;;;;;;;;;0.8099;;;
1291;35.8582;35.0365;16:22:50;;;;;;;;;;;;;0.8217;;;
1292;35.8777;35.0678;16:22:50;;;;;;;;;;;;;0.8099;;;
1293;35.9286;35.0952;16:22:51;;;;;;;;;;;;;0.8334;;;
1294;35.9677;35.1109;16:22:51;;;;;;;;;;;;;0.8568;;;
1295;36.0147;35.15;16:22:52;;;;;;;;;;;;;0.8647;;;
1296;36.042;35.1813;16:22:52;;;;;;;;;;;;;0.8607;;;
1297;36.089;35.2126;16:22:53;;;;;;;;;;;;;0.8764;;;
1298;36.1281;35.2439;16:22:53;;;;;;;;;;;;;0.8842;;;
1299;36.1594;35.2674;16:22:54;;;;;;;;;;;;;0.892;;;
1300;36.1985;35.2987;16:22:54;;;;;;;;;;;;;0.8998;;;
1301;36.2298;35.3104;16:22:55;;;;;;;;;;;;;0.9194;;;
1302;36.2455;35.3221;16:22:55;;;;;;;;;;;;;0.9234;;;
1303;36.2611;35.3417;16:22:56;;;;;;;;;;;;;0.9194;;;
1304;36.2729;35.3495;16:22:56;;;;;;;;;;;;;0.9234;;;
1305;36.2885;35.3574;16:22:57;;;;;;;;;;;;;0.9311;;;
1306;36.312;35.373;16:22:57;;;;;;;;;;;;;0.939;;;
1307;36.312;35.3808;16:22:58;;;;;;;;;;;;;0.9312;;;
1308;36.3198;35.3887;16:22:58;;;;;;;;;;;;;0.9311;;;
1309;36.3355;35.3965;16:22:59;;;;;;;;;;;;;0.939;;;
1310;36.3433;35.4121;16:22:59;;;;;;;;;;;;;0.9312;;;
1311;36.3511;35.4121;16:23:00;;;;;;;;;;;;;0.939;;;
1312;36.359;35.42;16:23:00;;;;;;;;;;;;;0.939;;;
1313;36.359;35.4278;16:23:01;;;;;;;;;;;;;0.9312;;;
1314;36.3668;35.4278;16:23:01;;;;;;;;;;;;;0.939;;;
1315;36.3746;35.4356;16:23:02;;;;;;;;;;;;;0.939;;;
1316;36.3824;35.4434;16:23:02;;;;;;;;;;;;;0.939;;;
1317;36.3824;35.4513;16:23:03;;;;;;;;;;;;;0.9311;;;
1318;36.3824;35.4513;16:23:03;;;;;;;;;;;;;0.9311;;;
1319;36.3824;35.4591;16:23:04;;;;;;;;;;;;;0.9233;;;
1320;36.3903;35.4591;16:23:04;;;;;;;;;;;;;0.9312;;;
1321;36.3824;35.4591;16:23:05;;;;;;;;;;;;;0.9233;;;
1322;36.3824;35.4591;16:23:05;;;;;;;;;;;;;0.9233;;;
1323;36.3746;35.4669;16:23:06;;;;;;;;;;;;;0.9077;;;
1324;36.3824;35.4591;16:23:06;;;;;;;;;;;;;0.9233;;;
1325;36.3746;35.4669;16:23:07;;;;;;;;;;;;;0.9077;;;
1326;36.3746;35.4591;16:23:07;;;;;;;;;;;;;0.9155;;;
1327;36.359;35.4591;16:23:08;;;;;;;;;;;;;0.8999;;;
1328;36.359;35.4669;16:23:08;;;;;;;;;;;;;0.8921;;;
1329;36.3511;35.4669;16:23:09;;;;;;;;;;;;;0.8842;;;
1330;36.359;35.4669;16:23:09;;;;;;;;;;;;;0.8921;;;
1331;36.3433;35.4669;16:23:10;;;;;;;;;;;;;0.8764;;;
1332;36.3433;35.4591;16:23:10;;;;;;;;;;;;;0.8842;;;
1333;36.3355;35.4591;16:23:11;;;;;;;;;;;;;0.8764;;;
1334;36.3277;35.4669;16:23:11;;;;;;;;;;;;;0.8608;;;
1335;36.3277;35.4669;16:23:12;;;;;;;;;;;;;0.8608;;;
1336;36.3198;35.4669;16:23:12;;;;;;;;;;;;;0.8529;;;
1337;36.2964;35.4591;16:23:13;;;;;;;;;;;;;0.8373;;;
1338;36.2964;35.4513;16:23:13;;;;;;;;;;;;;0.8451;;;
1339;36.2964;35.4591;16:23:14;;;;;;;;;;;;;0.8373;;;
1340;36.2885;35.4513;16:23:14;;;;;;;;;;;;;0.8372;;;
1341;36.2807;35.4513;16:23:15;;;;;;;;;;;;;0.8294;;;
1342;36.2807;35.4513;16:23:15;;;;;;;;;;;;;0.8294;;;
1343;36.2729;35.4434;16:23:16;;;;;;;;;;;;;0.8295;;;
1344;36.2651;35.4513;16:23:16;;;;;;;;;;;;;0.8138;;;
1345;36.2572;35.4434;16:23:17;;;;;;;;;;;;;0.8138;;;
1346;36.2572;35.4434;16:23:17;;;;;;;;;;;;;0.8138;;;
1347;36.2533;35.4434;16:23:18;;;;;;;;;;;;;0.8099;;;
1348;36.2455;35.4356;16:23:18;;;;;;;;;;;;;0.8099;;;
1349;36.2494;35.4356;16:23:19;;;;;;;;;;;;;0.8138;;;
1350;36.2298;35.42;16:23:19;;;;;;;;;;;;;0.8098;;;
1351;36.2298;35.4278;16:23:20;;;;;;;;;;;;;0.802;;;
1352;36.222;35.42;16:23:20;;;;;;;;;;;;;0.802;;;
1353;36.2142;35.4121;16:23:21;;;;;;;;;;;;;0.8021;;;
1354;36.2064;35.4121;16:23:21;;;;;;;;;;;;;0.7943;;;
1355;36.1985;35.4121;16:23:22;;;;;;;;;;;;;0.7864;;;
1356;36.1907;35.4043;16:23:22;;;;;;;;;;;;;0.7864;;;
1357;36.1829;35.4043;16:23:23;;;;;;;;;;;;;0.7786;;;
1358;36.1751;35.3965;16:23:23;;;;;;;;;;;;;0.7786;;;
1359;36.1672;35.3965;16:23:24;;;;;;;;;;;;;0.7707;;;
1360;36.1516;35.3808;16:23:24;;;;;;;;;;;;;0.7708;;;
1361;36.1516;35.3808;16:23:25;;;;;;;;;;;;;0.7708;;;
1362;36.1359;35.373;16:23:25;;;;;;;;;;;;;0.7629;;;
1363;36.1281;35.373;16:23:26;;;;;;;;;;;;;0.7551;;;
1364;36.1281;35.373;16:23:26;;;;;;;;;;;;;0.7551;;;
1365;36.1203;35.3652;16:23:27;;;;;;;;;;;;;0.7551;;;
1366;36.1125;35.3574;16:23:27;;;;;;;;;;;;;0.7551;;;
1367;36.0968;35.3574;16:23:28;;;;;;;;;;;;;0.7394;;;
1368;36.089;35.3495;16:23:28;;;;;;;;;;;;;0.7395;;;
1369;36.0733;35.3495;16:23:29;;;;;;;;;;;;;0.7238;;;
1370;36.0733;35.3417;16:23:29;;;;;;;;;;;;;0.7316;;;
1371;36.0655;35.3339;16:23:30;;;;;;;;;;;;;0.7316;;;
1372;36.0499;35.3417;16:23:30;;;;;;;;;;;;;0.7082;;;
1373;36.0499;35.3417;16:23:31;;;;;;;;;;;;;0.7082;;;
1374;36.046;35.3261;16:23:31;;;;;;;;;;;;;0.7199;;;
1375;36.042;35.3261;16:23:32;;;;;;;;;;;;;0.7159;;;
1376;36.0381;35.3221;16:23:32;;;;;;;;;;;;;0.716;;;
1377;36.0342;35.3221;16:23:33;;;;;;;;;;;;;0.7121;;;
1378;36.0342;35.3182;16:23:33;;;;;;;;;;;;;0.716;;;
1379;36.0303;35.3143;16:23:34;;;;;;;;;;;;;0.716;;;
1380;36.0303;35.3104;16:23:34;;;;;;;;;;;;;0.7199;;;
1381;36.0147;35.3065;16:23:35;;;;;;;;;;;;;0.7082;;;
1382;35.999;35.3065;16:23:35;;;;;;;;;;;;;0.6925;;;
1383;35.9912;35.2987;16:23:36;;;;;;;;;;;;;0.6925;;;
1384;35.9834;35.2987;16:23:36;;;;;;;;;;;;;0.6847;;;
1385;35.9834;35.2908;16:23:37;;;;;;;;;;;;;0.6926;;;
1386;35.9599;35.2908;16:23:37;;;;;;;;;;;;;0.6691;;;
1387;35.9599;35.2908;16:23:38;;;;;;;;;;;;;0.6691;;;
1388;35.9521;35.2752;16:23:38;;;;;;;;;;;;;0.6769;;;
1389;35.9442;35.2752;16:23:39;;;;;;;;;;;;;0.669;;;
1390;35.9442;35.2674;16:23:39;;;;;;;;;;;;;0.6768;;;
1391;35.9364;35.2752;16:23:40;;;;;;;;;;;;;0.6612;;;
1392;35.9364;35.2674;16:23:40;;;;;;;;;;;;;0.669;;;
1393;35.9286;35.2595;16:23:41;;;;;;;;;;;;;0.6691;;;
1394;35.9208;35.2517;16:23:41;;;;;;;;;;;;;0.6691;;;
1395;35.9129;35.2517;16:23:42;;;;;;;;;;;;;0.6612;;;
1396;35.8973;35.2439;16:23:42;;;;;;;;;;;;;0.6534;;;
1397;35.8895;35.2439;16:23:43;;;;;;;;;;;;;0.6456;;;
1398;35.8816;35.2361;16:23:43;;;;;;;;;;;;;0.6455;;;
1399;35.8699;35.2361;16:23:44;;;;;;;;;;;;;0.6338;;;
1400;35.8699;35.2204;16:23:44;;;;;;;;;;;;;0.6495;;;
1401;35.8621;35.2204;16:23:45;;;;;;;;;;;;;0.6417;;;
1402;35.8542;35.2204;16:23:45;;;;;;;;;;;;;0.6338;;;
1403;35.8542;35.2048;16:23:46;;;;;;;;;;;;;0.6494;;;
1404;35.8464;35.2126;16:23:46;;;;;;;;;;;;;0.6338;;;
1405;35.8308;35.1969;16:23:47;;;;;;;;;;;;;0.6339;;;
1406;35.8308;35.1969;16:23:47;;;;;;;;;;;;;0.6339;;;
1407;35.8151;35.2048;16:23:48;;;;;;;;;;;;;0.6103;;;
1408;35.8151;35.1891;16:23:48;;;;;;;;;;;;;0.626;;;
1409;35.7995;35.1891;16:23:49;;;;;;;;;;;;;0.6104;;;
1410;35.7916;35.1735;16:23:49;;;;;;;;;;;;;0.6181;;;
1411;35.7916;35.1735;16:23:50;;;;;;;;;;;;;0.6181;;;
1412;35.776;35.1656;16:23:50;;;;;;;;;;;;;0.6104;;;
1413;35.7682;35.1656;16:23:51;;;;;;;;;;;;;0.6026;;;
1414;35.7603;35.1578;16:23:51;;;;;;;;;;;;;0.6025;;;
1415;35.7603;35.15;16:23:52;;;;;;;;;;;;;0.6103;;;
1416;35.7369;35.15;16:23:52;;;;;;;;;;;;;0.5869;;;
1417;35.7212;35.1422;16:23:53;;;;;;;;;;;;;0.579;;;
1418;35.7134;35.1422;16:23:53;;;;;;;;;;;;;0.5712;;;
1419;35.7134;35.1422;16:23:54;;;;;;;;;;;;;0.5712;;;
1420;35.7056;35.1343;16:23:54;;;;;;;;;;;;;0.5713;;;
1421;35.6977;35.1343;16:23:55;;;;;;;;;;;;;0.5634;;;
1422;35.6977;35.1343;16:23:55;;;;;;;;;;;;;0.5634;;;
1423;35.6821;35.1343;16:23:56;;;;;;;;;;;;;0.5478;;;
1424;35.6821;35.1187;16:23:56;;;;;;;;;;;;;0.5634;;;
1425;35.6664;35.1109;16:23:57;;;;;;;;;;;;;0.5555;;;
1426;35.6664;35.1187;16:23:57;;;;;;;;;;;;;0.5477;;;
1427;35.6547;35.1187;16:23:58;;;;;;;;;;;;;0.536;;;
1428;35.6547;35.1109;16:23:58;;;;;;;;;;;;;0.5438;;;
1429;35.6469;35.1109;16:23:59;;;;;;;;;;;;;0.536;;;
1430;35.6508;35.107;16:23:59;;;;;;;;;;;;;0.5438;;;
1431;35.643;35.103;16:24:00;;;;;;;;;;;;;0.54;;;
1432;35.6312;35.0952;16:24:00;;;;;;;;;;;;;0.536;;;
1433;35.6391;35.0991;16:24:01;;;;;;;;;;;;;0.54;;;
1434;35.6234;35.0913;16:24:01;;;;;;;;;;;;;0.5321;;;
1435;35.6234;35.0913;16:24:02;;;;;;;;;;;;;0.5321;;;
1436;35.6078;35.0835;16:24:02;;;;;;;;;;;;;0.5243;;;
1437;35.5921;35.0835;16:24:03;;;;;;;;;;;;;0.5086;;;
1438;35.5999;35.0757;16:24:03;;;;;;;;;;;;;0.5242;;;
1439;35.5921;35.0757;16:24:04;;;;;;;;;;;;;0.5164;;;
1440;35.5765;35.0678;16:24:04;;;;;;;;;;;;;0.5087;;;
1441;35.5765;35.0678;16:24:05;;;;;;;;;;;;;0.5087;;;
1442;35.5686;35.06;16:24:05;;;;;;;;;;;;;0.5086;;;
1443;35.5608;35.0678;16:24:06;;;;;;;;;;;;;0.493;;;
1444;35.5686;35.0522;16:24:06;;;;;;;;;;;;;0.5164;;;
1445;35.5608;35.0522;16:24:07;;;;;;;;;;;;;0.5086;;;
1446;35.5452;35.0444;16:24:07;;;;;;;;;;;;;0.5008;;;
1447;35.5452;35.0365;16:24:08;;;;;;;;;;;;;0.5087;;;
1448;35.5295;35.0365;16:24:08;;;;;;;;;;;;;0.493;;;
1449;35.5295;35.0209;16:24:09;;;;;;;;;;;;;0.5086;;;
1450;35.5217;35.0287;16:24:09;;;;;;;;;;;;;0.493;;;
1451;35.5139;35.0209;16:24:10;;;;;;;;;;;;;0.493;;;
1452;35.5139;35.0131;16:24:10;;;;;;;;;;;;;0.5008;;;
1453;35.5139;35.0209;16:24:11;;;;;;;;;;;;;0.493;;;
1454;35.4982;35.0052;16:24:11;;;;;;;;;;;;;0.493;;;
1455;35.4904;34.9974;16:24:12;;;;;;;;;;;;;0.493;;;
1456;35.4904;34.9974;16:24:12;;;;;;;;;;;;;0.493;;;
1457;35.4747;34.9974;16:24:13;;;;;;;;;;;;;0.4773;;;
1458;35.4747;34.9896;16:24:13;;;;;;;;;;;;;0.4851;;;
1459;35.4747;34.9818;16:24:14;;;;;;;;;;;;;0.4929;;;
1460;35.4669;34.9739;16:24:14;;;;;;;;;;;;;0.493;;;
1461;35.4669;34.9818;16:24:15;;;;;;;;;;;;;0.4851;;;
1462;35.4513;34.9739;16:24:15;;;;;;;;;;;;;0.4774;;;
1463;35.4513;34.9661;16:24:16;;;;;;;;;;;;;0.4852;;;
1464;35.4434;34.9739;16:24:16;;;;;;;;;;;;;0.4695;;;
1465;35.4356;34.9583;16:24:17;;;;;;;;;;;;;0.4773;;;
1466;35.4395;34.9583;16:24:17;;;;;;;;;;;;;0.4812;;;
1467;35.4317;34.9505;16:24:18;;;;;;;;;;;;;0.4812;;;
1468;35.4278;34.9348;16:24:18;;;;;;;;;;;;;0.493;;;
1469;35.4239;34.9348;16:24:19;;;;;;;;;;;;;0.4891;;;
1470;35.416;34.9348;16:24:19;;;;;;;;;;;;;0.4812;;;
1471;35.4082;34.927;16:24:20;;;;;;;;;;;;;0.4812;;;
1472;35.4004;34.9192;16:24:20;;;;;;;;;;;;;0.4812;;;
1473;35.3926;34.9192;16:24:21;;;;;;;;;;;;;0.4734;;;
1474;35.3847;34.9113;16:24:21;;;;;;;;;;;;;0.4734;;;
1475;35.3769;34.9192;16:24:22;;;;;;;;;;;;;0.4577;;;
1476;35.3691;34.9035;16:24:22;;;;;;;;;;;;;0.4656;;;
1477;35.3691;34.9113;16:24:23;;;;;;;;;;;;;0.4578;;;
1478;35.3534;34.8957;16:24:23;;;;;;;;;;;;;0.4577;;;
1479;35.3534;34.8957;16:24:24;;;;;;;;;;;;;0.4577;;;
1480;35.3378;34.8918;16:24:24;;;;;;;;;;;;;0.446;;;
1481;35.3378;34.8918;16:24:25;;;;;;;;;;;;;0.446;;;
1482;35.3378;34.8879;16:24:25;;;;;;;;;;;;;0.4499;;;
1483;35.3221;34.8839;16:24:26;;;;;;;;;;;;;0.4382;;;
1484;35.3143;34.8839;16:24:26;;;;;;;;;;;;;0.4304;;;
1485;35.2987;34.8761;16:24:27;;;;;;;;;;;;;0.4226;;;
1486;35.2987;34.8683;16:24:27;;;;;;;;;;;;;0.4304;;;
1487;35.2908;34.8761;16:24:28;;;;;;;;;;;;;0.4147;;;
1488;35.2752;34.8683;16:24:28;;;;;;;;;;;;;0.4069;;;
1489;35.2752;34.8683;16:24:29;;;;;;;;;;;;;0.4069;;;
1490;35.2674;34.8683;16:24:29;;;;;;;;;;;;;0.3991;;;
1491;35.2595;34.8683;16:24:30;;;;;;;;;;;;;0.3912;;;
1492;35.2517;34.8526;16:24:30;;;;;;;;;;;;;0.3991;;;
1493;35.2517;34.8448;16:24:31;;;;;;;;;;;;;0.4069;;;
1494;35.2361;34.8526;16:24:31;;;;;;;;;;;;;0.3835;;;
1495;35.2361;34.8448;16:24:32;;;;;;;;;;;;;0.3913;;;
1496;35.2361;34.8448;16:24:32;;;;;;;;;;;;;0.3913;;;
1497;35.2282;34.837;16:24:33;;;;;;;;;;;;;0.3912;;;
1498;35.2243;34.8213;16:24:33;;;;;;;;;;;;;0.403;;;
1499;35.2243;34.8292;16:24:34;;;;;;;;;;;;;0.3951;;;
1500;35.2204;34.8213;16:24:34;;;;;;;;;;;;;0.3991;;;
1501;35.2165;34.8135;16:24:35;;;;;;;;;;;;;0.403;;;
1502;35.2126;34.8135;16:24:35;;;;;;;;;;;;;0.3991;;;
1503;35.2087;34.8135;16:24:36;;;;;;;;;;;;;0.3952;;;
1504;35.2048;34.8057;16:24:36;;;;;;;;;;;;;0.3991;;;
1505;35.2087;34.7979;16:24:37;;;;;;;;;;;;;0.4108;;;
1506;35.193;34.79;16:24:37;;;;;;;;;;;;;0.403;;;
1507;35.1774;34.7979;16:24:38;;;;;;;;;;;;;0.3795;;;
1508;35.1774;34.79;16:24:38;;;;;;;;;;;;;0.3874;;;
1509;35.1696;34.79;16:24:39;;;;;;;;;;;;;0.3796;;;
1510;35.1696;34.7744;16:24:39;;;;;;;;;;;;;0.3952;;;
1511;35.1696;34.7744;16:24:40;;;;;;;;;;;;;0.3952;;;
1512;35.1617;34.7666;16:24:40;;;;;;;;;;;;;0.3951;;;
1513;35.1539;34.7587;16:24:41;;;;;;;;;;;;;0.3952;;;
1514;35.1461;34.7587;16:24:41;;;;;;;;;;;;;0.3874;;;
1515;35.1383;34.7509;16:24:42;;;;;;;;;;;;;0.3874;;;
1516;35.1383;34.7431;16:24:42;;;;;;;;;;;;;0.3952;;;
1517;35.1304;34.7431;16:24:43;;;;;;;;;;;;;0.3873;;;
1518;35.1226;34.7431;16:24:43;;;;;;;;;;;;;0.3795;;;
1519;35.1148;34.7274;16:24:44;;;;;;;;;;;;;0.3874;;;
1520;35.107;34.7274;16:24:44;;;;;;;;;;;;;0.3796;;;
1521;35.107;34.7274;16:24:45;;;;;;;;;;;;;0.3796;;;
1522;35.0913;34.7274;16:24:45;;;;;;;;;;;;;0.3639;;;
1523;35.0913;34.7196;16:24:46;;;;;;;;;;;;;0.3717;;;
1524;35.0835;34.7157;16:24:46;;;;;;;;;;;;;0.3678;;;
1525;35.0757;34.7157;16:24:47;;;;;;;;;;;;;0.36;;;
1526;35.0757;34.7079;16:24:47;;;;;;;;;;;;;0.3678;;;
1527;35.0678;34.7118;16:24:48;;;;;;;;;;;;;0.356;;;
1528;35.0522;34.7079;16:24:48;;;;;;;;;;;;;0.3443;;;
1529;35.06;34.704;16:24:49;;;;;;;;;;;;;0.356;;;
1530;35.0522;34.704;16:24:49;;;;;;;;;;;;;0.3482;;;
1531;35.0444;34.704;16:24:50;;;;;;;;;;;;;0.3404;;;
1532;35.0444;34.6922;16:24:50;;;;;;;;;;;;;0.3522;;;
1533;35.0444;34.6922;16:24:51;;;;;;;;;;;;;0.3522;;;
1534;35.0444;34.6844;16:24:51;;;;;;;;;;;;;0.36;;;
1535;35.0365;34.6766;16:24:52;;;;;;;;;;;;;0.3599;;;
1536;35.0287;34.6766;16:24:52;;;;;;;;;;;;;0.3521;;;
1537;35.0209;34.6688;16:24:53;;;;;;;;;;;;;0.3521;;;
1538;35.0131;34.6688;16:24:53;;;;;;;;;;;;;0.3443;;;
1539;35.017;34.6609;16:24:54;;;;;;;;;;;;;0.3561;;;
1540;35.0131;34.6531;16:24:54;;;;;;;;;;;;;0.36;;;
1541;35.0091;34.6531;16:24:55;;;;;;;;;;;;;0.356;;;
1542;35.0091;34.6375;16:24:55;;;;;;;;;;;;;0.3716;;;
1543;35.0052;34.6453;16:24:56;;;;;;;;;;;;;0.3599;;;
1544;35.0013;34.6453;16:24:56;;;;;;;;;;;;;0.356;;;
1545;35.0013;34.6375;16:24:57;;;;;;;;;;;;;0.3638;;;
1546;34.9935;34.6296;16:24:57;;;;;;;;;;;;;0.3639;;;
1547;34.9974;34.6218;16:24:58;;;;;;;;;;;;;0.3756;;;
1548;34.9935;34.6218;16:24:58;;;;;;;;;;;;;0.3717;;;
1549;34.9896;34.6296;16:24:59;;;;;;;;;;;;;0.36;;;
1550;34.9974;34.6296;16:24:59;;;;;;;;;;;;;0.3678;;;
1551;35.0013;34.6375;16:25:00;;;;;;;;;;;;;0.3638;;;
1552;35.0091;34.6453;16:25:00;;;;;;;;;;;;;0.3638;;;
1553;35.0209;34.6453;16:25:01;;;;;;;;;;;;;0.3756;;;
1554;35.0444;34.6609;16:25:01;;;;;;;;;;;;;0.3835;;;
1555;35.06;34.6766;16:25:02;;;;;;;;;;;;;0.3834;;;
1556;35.0913;34.6844;16:25:02;;;;;;;;;;;;;0.4069;;;
1557;35.1148;34.7079;16:25:03;;;;;;;;;;;;;0.4069;;;
1558;35.1461;34.7157;16:25:03;;;;;;;;;;;;;0.4304;;;
1559;35.1696;34.7274;16:25:04;;;;;;;;;;;;;0.4422;;;
1560;35.2009;34.7509;16:25:04;;;;;;;;;;;;;0.45;;;
1561;35.2243;34.7822;16:25:05;;;;;;;;;;;;;0.4421;;;
1562;35.2439;34.8057;16:25:05;;;;;;;;;;;;;0.4382;;;
1563;35.2908;34.8292;16:25:06;;;;;;;;;;;;;0.4616;;;
1564;35.3143;34.8526;16:25:06;;;;;;;;;;;;;0.4617;;;
1565;35.3534;34.88;16:25:07;;;;;;;;;;;;;0.4734;;;
1566;35.4004;34.8918;16:25:07;;;;;;;;;;;;;0.5086;;;
1567;35.4278;34.9113;16:25:08;;;;;;;;;;;;;0.5165;;;
1568;35.4669;34.9348;16:25:08;;;;;;;;;;;;;0.5321;;;
1569;35.4982;34.9739;16:25:09;;;;;;;;;;;;;0.5243;;;
1570;35.5452;34.9896;16:25:09;;;;;;;;;;;;;0.5556;;;
1571;35.5843;35.0131;16:25:10;;;;;;;;;;;;;0.5712;;;
1572;35.6312;35.0522;16:25:10;;;;;;;;;;;;;0.579;;;
1573;35.6547;35.0757;16:25:11;;;;;;;;;;;;;0.579;;;
1574;35.6899;35.0991;16:25:11;;;;;;;;;;;;;0.5908;;;
1575;35.7369;35.1187;16:25:12;;;;;;;;;;;;;0.6182;;;
1576;35.7838;35.1422;16:25:12;;;;;;;;;;;;;0.6416;;;
1577;35.8229;35.1735;16:25:13;;;;;;;;;;;;;0.6494;;;
1578;35.8582;35.2048;16:25:13;;;;;;;;;;;;;0.6534;;;
1579;35.8895;35.2361;16:25:14;;;;;;;;;;;;;0.6534;;;
1580;35.9364;35.2752;16:25:14;;;;;;;;;;;;;0.6612;;;
1581;35.9834;35.2987;16:25:15;;;;;;;;;;;;;0.6847;;;
1582;36.0264;35.3182;16:25:15;;;;;;;;;;;;;0.7082;;;
1583;36.0616;35.3417;16:25:16;;;;;;;;;;;;;0.7199;;;
1584;36.0968;35.373;16:25:16;;;;;;;;;;;;;0.7238;;;
1585;36.1281;35.3965;16:25:17;;;;;;;;;;;;;0.7316;;;
1586;36.1672;35.4278;16:25:17;;;;;;;;;;;;;0.7394;;;
1587;36.1985;35.4434;16:25:18;;;;;;;;;;;;;0.7551;;;
1588;36.2298;35.4669;16:25:18;;;;;;;;;;;;;0.7629;;;
1589;36.2494;35.4786;16:25:19;;;;;;;;;;;;;0.7708;;;
1590;36.2611;35.4904;16:25:19;;;;;;;;;;;;;0.7707;;;
1591;36.2729;35.4943;16:25:20;;;;;;;;;;;;;0.7786;;;
1592;36.2885;35.5099;16:25:20;;;;;;;;;;;;;0.7786;;;
1593;36.3042;35.5178;16:25:21;;;;;;;;;;;;;0.7864;;;
1594;36.312;35.5256;16:25:21;;;;;;;;;;;;;0.7864;;;
1595;36.3277;35.5334;16:25:22;;;;;;;;;;;;;0.7943;;;
1596;36.3433;35.5334;16:25:22;;;;;;;;;;;;;0.8099;;;
1597;36.3511;35.5491;16:25:23;;;;;;;;;;;;;0.802;;;
1598;36.3511;35.5569;16:25:23;;;;;;;;;;;;;0.7942;;;
1599;36.3668;35.5569;16:25:24;;;;;;;;;;;;;0.8099;;;
1600;36.3746;35.5647;16:25:24;;;;;;;;;;;;;0.8099;;;
1601;36.3824;35.5725;16:25:25;;;;;;;;;;;;;0.8099;;;
1602;36.3824;35.5725;16:25:25;;;;;;;;;;;;;0.8099;;;
1603;36.3746;35.5725;16:25:26;;;;;;;;;;;;;0.8021;;;
1604;36.3824;35.5804;16:25:26;;;;;;;;;;;;;0.802;;;
1605;36.3824;35.5725;16:25:27;;;;;;;;;;;;;0.8099;;;
1606;36.3824;35.5882;16:25:27;;;;;;;;;;;;;0.7942;;;
1607;36.3824;35.5804;16:25:28;;;;;;;;;;;;;0.802;;;
1608;36.3824;35.596;16:25:28;;;;;;;;;;;;;0.7864;;;
1609;36.3746;35.5804;16:25:29;;;;;;;;;;;;;0.7942;;;
1610;36.3746;35.5882;16:25:29;;;;;;;;;;;;;0.7864;;;
1611;36.3746;35.5804;16:25:30;;;;;;;;;;;;;0.7942;;;
1612;36.3746;35.596;16:25:30;;;;;;;;;;;;;0.7786;;;
1613;36.3668;35.5804;16:25:31;;;;;;;;;;;;;0.7864;;;
1614;36.359;35.5882;16:25:31;;;;;;;;;;;;;0.7708;;;
1615;36.359;35.5804;16:25:32;;;;;;;;;;;;;0.7786;;;
1616;36.3511;35.5804;16:25:32;;;;;;;;;;;;;0.7707;;;
1617;36.3511;35.5804;16:25:33;;;;;;;;;;;;;0.7707;;;
1618;36.3355;35.5725;16:25:33;;;;;;;;;;;;;0.763;;;
1619;36.3277;35.5804;16:25:34;;;;;;;;;;;;;0.7473;;;
1620;36.3198;35.5804;16:25:34;;;;;;;;;;;;;0.7394;;;
1621;36.3198;35.5804;16:25:35;;;;;;;;;;;;;0.7394;;;
1622;36.3198;35.5804;16:25:35;;;;;;;;;;;;;0.7394;;;
1623;36.312;35.5647;16:25:36;;;;;;;;;;;;;0.7473;;;
1624;36.3042;35.5725;16:25:36;;;;;;;;;;;;;0.7317;;;
1625;36.3042;35.5647;16:25:37;;;;;;;;;;;;;0.7395;;;
1626;36.2964;35.5647;16:25:37;;;;;;;;;;;;;0.7317;;;
1627;36.2807;35.5647;16:25:38;;;;;;;;;;;;;0.716;;;
1628;36.2729;35.5569;16:25:38;;;;;;;;;;;;;0.716;;;
1629;36.2651;35.5569;16:25:39;;;;;;;;;;;;;0.7082;;;
1630;36.269;35.5491;16:25:39;;;;;;;;;;;;;0.7199;;;
1631;36.2651;35.5491;16:25:40;;;;;;;;;;;;;0.716;;;
1632;36.2533;35.5412;16:25:40;;;;;;;;;;;;;0.7121;;;
1633;36.2494;35.5491;16:25:41;;;;;;;;;;;;;0.7003;;;
1634;36.2494;35.5334;16:25:41;;;;;;;;;;;;;0.716;;;
1635;36.2455;35.5412;16:25:42;;;;;;;;;;;;;0.7043;;;
1636;36.2377;35.5334;16:25:42;;;;;;;;;;;;;0.7043;;;
1637;36.2298;35.5256;16:25:43;;;;;;;;;;;;;0.7042;;;
1638;36.2298;35.5334;16:25:43;;;;;;;;;;;;;0.6964;;;
1639;36.222;35.5256;16:25:44;;;;;;;;;;;;;0.6964;;;
1640;36.2064;35.5256;16:25:44;;;;;;;;;;;;;0.6808;;;
1641;36.1985;35.5256;16:25:45;;;;;;;;;;;;;0.6729;;;
1642;36.1829;35.5178;16:25:45;;;;;;;;;;;;;0.6651;;;
1643;36.1829;35.5178;16:25:46;;;;;;;;;;;;;0.6651;;;
1644;36.1672;35.5099;16:25:46;;;;;;;;;;;;;0.6573;;;
1645;36.1672;35.5099;16:25:47;;;;;;;;;;;;;0.6573;;;
1646;36.1594;35.5021;16:25:47;;;;;;;;;;;;;0.6573;;;
1647;36.1438;35.5021;16:25:48;;;;;;;;;;;;;0.6417;;;
1648;36.1438;35.4943;16:25:48;;;;;;;;;;;;;0.6495;;;
1649;36.1438;35.4943;16:25:49;;;;;;;;;;;;;0.6495;;;
1650;36.1203;35.4943;16:25:49;;;;;;;;;;;;;0.626;;;
1651;36.1281;35.4943;16:25:50;;;;;;;;;;;;;0.6338;;;
1652;36.1046;35.4904;16:25:50;;;;;;;;;;;;;0.6142;;;
1653;36.1046;35.4904;16:25:51;;;;;;;;;;;;;0.6142;;;
1654;36.089;35.4865;16:25:51;;;;;;;;;;;;;0.6025;;;
1655;36.089;35.4747;16:25:52;;;;;;;;;;;;;0.6143;;;
1656;36.0733;35.4669;16:25:52;;;;;;;;;;;;;0.6064;;;
1657;36.0733;35.4747;16:25:53;;;;;;;;;;;;;0.5986;;;
1658;36.0577;35.4591;16:25:53;;;;;;;;;;;;;0.5986;;;
1659;36.0577;35.4669;16:25:54;;;;;;;;;;;;;0.5908;;;
1660;36.046;35.4591;16:25:54;;;;;;;;;;;;;0.5869;;;
1661;36.046;35.4591;16:25:55;;;;;;;;;;;;;0.5869;;;
1662;36.0303;35.4513;16:25:55;;;;;;;;;;;;;0.579;;;
1663;36.0264;35.4434;16:25:56;;;;;;;;;;;;;0.583;;;
1664;36.0147;35.4434;16:25:56;;;;;;;;;;;;;0.5713;;;
1665;36.0147;35.4356;16:25:57;;;;;;;;;;;;;0.5791;;;
1666;35.9912;35.4356;16:25:57;;;;;;;;;;;;;0.5556;;;
1667;35.9834;35.4356;16:25:58;;;;;;;;;;;;;0.5478;;;
1668;35.9834;35.4356;16:25:58;;;;;;;;;;;;;0.5478;;;
1669;35.9755;35.4278;16:25:59;;;;;;;;;;;;;0.5477;;;
1670;35.9677;35.42;16:25:59;;;;;;;;;;;;;0.5477;;;
1671;35.9521;35.4278;16:26:00;;;;;;;;;;;;;0.5243;;;
1672;35.9521;35.4121;16:26:00;;;;;;;;;;;;;0.54;;;
1673;35.9364;35.4043;16:26:01;;;;;;;;;;;;;0.5321;;;
1674;35.9364;35.3965;16:26:01;;;;;;;;;;;;;0.5399;;;
1675;35.9286;35.3965;16:26:02;;;;;;;;;;;;;0.5321;;;
1676;35.9208;35.3808;16:26:02;;;;;;;;;;;;;0.54;;;
1677;35.9129;35.3887;16:26:03;;;;;;;;;;;;;0.5242;;;
1678;35.9051;35.3808;16:26:03;;;;;;;;;;;;;0.5243;;;
1679;35.9051;35.373;16:26:04;;;;;;;;;;;;;0.5321;;;
1680;35.8895;35.373;16:26:04;;;;;;;;;;;;;0.5165;;;
1681;35.8816;35.3652;16:26:05;;;;;;;;;;;;;0.5164;;;
1682;35.8816;35.3652;16:26:05;;;;;;;;;;;;;0.5164;;;
1683;35.8699;35.3652;16:26:06;;;;;;;;;;;;;0.5047;;;
1684;35.866;35.3574;16:26:06;;;;;;;;;;;;;0.5086;;;
1685;35.8621;35.3574;16:26:07;;;;;;;;;;;;;0.5047;;;
1686;35.8582;35.3417;16:26:07;;;;;;;;;;;;;0.5165;;;
1687;35.8542;35.3339;16:26:08;;;;;;;;;;;;;0.5203;;;
1688;35.8464;35.3261;16:26:08;;;;;;;;;;;;;0.5203;;;
1689;35.8386;35.3261;16:26:09;;;;;;;;;;;;;0.5125;;;
1690;35.8386;35.3221;16:26:09;;;;;;;;;;;;;0.5165;;;
1691;35.8229;35.3221;16:26:10;;;;;;;;;;;;;0.5008;;;
1692;35.8229;35.3182;16:26:10;;;;;;;;;;;;;0.5047;;;
1693;35.8073;35.3143;16:26:11;;;;;;;;;;;;;0.493;;;
1694;35.7995;35.3143;16:26:11;;;;;;;;;;;;;0.4852;;;
1695;35.7916;35.3104;16:26:12;;;;;;;;;;;;;0.4812;;;
1696;35.7916;35.3065;16:26:12;;;;;;;;;;;;;0.4851;;;
1697;35.776;35.2987;16:26:13;;;;;;;;;;;;;0.4773;;;
1698;35.7682;35.2987;16:26:13;;;;;;;;;;;;;0.4695;;;
1699;35.7682;35.2908;16:26:14;;;;;;;;;;;;;0.4774;;;
1700;35.7603;35.283;16:26:14;;;;;;;;;;;;;0.4773;;;
1701;35.7525;35.283;16:26:15;;;;;;;;;;;;;0.4695;;;
1702;35.7447;35.283;16:26:15;;;;;;;;;;;;;0.4617;;;
1703;35.7369;35.2674;16:26:16;;;;;;;;;;;;;0.4695;;;
1704;35.7212;35.2674;16:26:16;;;;;;;;;;;;;0.4538;;;
1705;35.7212;35.2595;16:26:17;;;;;;;;;;;;;0.4617;;;
1706;35.7134;35.2595;16:26:17;;;;;;;;;;;;;0.4539;;;
1707;35.6977;35.2517;16:26:18;;;;;;;;;;;;;0.446;;;
1708;35.6899;35.2439;16:26:18;;;;;;;;;;;;;0.446;;;
1709;35.6821;35.2439;16:26:19;;;;;;;;;;;;;0.4382;;;
1710;35.6743;35.2439;16:26:19;;;;;;;;;;;;;0.4304;;;
1711;35.6743;35.2282;16:26:20;;;;;;;;;;;;;0.4461;;;
1712;35.6664;35.2361;16:26:20;;;;;;;;;;;;;0.4303;;;
1713;35.6547;35.2282;16:26:21;;;;;;;;;;;;;0.4265;;;
1714;35.6586;35.2204;16:26:21;;;;;;;;;;;;;0.4382;;;
1715;35.6508;35.2126;16:26:22;;;;;;;;;;;;;0.4382;;;
1716;35.6508;35.2126;16:26:22;;;;;;;;;;;;;0.4382;;;
1717;35.643;35.2126;16:26:23;;;;;;;;;;;;;0.4304;;;
1718;35.643;35.2048;16:26:23;;;;;;;;;;;;;0.4382;;;
1719;35.6391;35.1891;16:26:24;;;;;;;;;;;;;0.45;;;
1720;35.6391;35.1891;16:26:24;;;;;;;;;;;;;0.45;;;
1721;35.6312;35.1891;16:26:25;;;;;;;;;;;;;0.4421;;;
1722;35.6234;35.1813;16:26:25;;;;;;;;;;;;;0.4421;;;
1723;35.6156;35.1735;16:26:26;;;;;;;;;;;;;0.4421;;;
1724;35.6078;35.1735;16:26:26;;;;;;;;;;;;;0.4343;;;
1725;35.5999;35.1735;16:26:27;;;;;;;;;;;;;0.4264;;;
1726;35.5999;35.1656;16:26:27;;;;;;;;;;;;;0.4343;;;
1727;35.5921;35.1656;16:26:28;;;;;;;;;;;;;0.4265;;;
1728;35.5765;35.1578;16:26:28;;;;;;;;;;;;;0.4187;;;
1729;35.5686;35.1578;16:26:29;;;;;;;;;;;;;0.4108;;;
1730;35.5608;35.1578;16:26:29;;;;;;;;;;;;;0.403;;;
1731;35.553;35.15;16:26:30;;;;;;;;;;;;;0.403;;;
1732;35.5373;35.15;16:26:30;;;;;;;;;;;;;0.3873;;;
1733;35.5295;35.1343;16:26:31;;;;;;;;;;;;;0.3952;;;
1734;35.5217;35.1343;16:26:31;;;;;;;;;;;;;0.3874;;;
1735;35.4982;35.1187;16:26:32;;;;;;;;;;;;;0.3795;;;
1736;35.4982;35.1187;16:26:32;;;;;;;;;;;;;0.3795;;;
1737;35.4826;35.1109;16:26:33;;;;;;;;;;;;;0.3717;;;
1738;35.4747;35.107;16:26:33;;;;;;;;;;;;;0.3677;;;
1739;35.4591;35.107;16:26:34;;;;;;;;;;;;;0.3521;;;
1740;35.4513;35.0991;16:26:34;;;;;;;;;;;;;0.3522;;;
1741;35.4513;35.0991;16:26:35;;;;;;;;;;;;;0.3522;;;
1742;35.4434;35.0991;16:26:35;;;;;;;;;;;;;0.3443;;;
1743;35.4434;35.0913;16:26:36;;;;;;;;;;;;;0.3521;;;
1744;35.4356;35.0835;16:26:36;;;;;;;;;;;;;0.3521;;;
1745;35.4356;35.0757;16:26:37;;;;;;;;;;;;;0.3599;;;
1746;35.4356;35.0678;16:26:37;;;;;;;;;;;;;0.3678;;;
1747;35.4278;35.06;16:26:38;;;;;;;;;;;;;0.3678;;;
1748;35.4239;35.06;16:26:38;;;;;;;;;;;;;0.3639;;;
1749;35.4278;35.0522;16:26:39;;;;;;;;;;;;;0.3756;;;
1750;35.416;35.0444;16:26:39;;;;;;;;;;;;;0.3716;;;
1751;35.4239;35.0444;16:26:40;;;;;;;;;;;;;0.3795;;;
1752;35.4004;35.0444;16:26:40;;;;;;;;;;;;;0.356;;;
1753;35.3926;35.0444;16:26:41;;;;;;;;;;;;;0.3482;;;
1754;35.3847;35.0444;16:26:41;;;;;;;;;;;;;0.3403;;;
1755;35.3691;35.0365;16:26:42;;;;;;;;;;;;;0.3326;;;
1756;35.3691;35.0444;16:26:42;;;;;;;;;;;;;0.3247;;;
1757;35.3534;35.0287;16:26:43;;;;;;;;;;;;;0.3247;;;
1758;35.3456;35.0209;16:26:43;;;;;;;;;;;;;0.3247;;;
1759;35.3456;35.0131;16:26:44;;;;;;;;;;;;;0.3325;;;
1760;35.33;35.0131;16:26:44;;;;;;;;;;;;;0.3169;;;
1761;35.33;35.0131;16:26:45;;;;;;;;;;;;;0.3169;;;
1762;35.3143;35.0052;16:26:45;;;;;;;;;;;;;0.3091;;;
1763;35.3221;34.9974;16:26:46;;;;;;;;;;;;;0.3247;;;
1764;35.3143;34.9818;16:26:46;;;;;;;;;;;;;0.3325;;;
1765;35.3143;34.9896;16:26:47;;;;;;;;;;;;;0.3247;;;
1766;35.3065;34.9739;16:26:47;;;;;;;;;;;;;0.3326;;;
1767;35.2908;34.9739;16:26:48;;;;;;;;;;;;;0.3169;;;
1768;35.2908;34.9661;16:26:48;;;;;;;;;;;;;0.3247;;;
1769;35.283;34.9661;16:26:49;;;;;;;;;;;;;0.3169;;;
1770;35.283;34.9505;16:26:49;;;;;;;;;;;;;0.3325;;;
1771;35.283;34.9426;16:26:50;;;;;;;;;;;;;0.3404;;;
1772;35.2674;34.9426;16:26:50;;;;;;;;;;;;;0.3248;;;
1773;35.2595;34.927;16:26:51;;;;;;;;;;;;;0.3325;;;
1774;35.2674;34.927;16:26:51;;;;;;;;;;;;;0.3404;;;
1775;35.2595;34.9113;16:26:52;;;;;;;;;;;;;0.3482;;;
1776;35.2517;34.9113;16:26:52;;;;;;;;;;;;;0.3404;;;
1777;35.2439;34.9192;16:26:53;;;;;;;;;;;;;0.3247;;;
1778;35.2439;34.9113;16:26:53;;;;;;;;;;;;;0.3326;;;
1779;35.2361;34.9035;16:26:54;;;;;;;;;;;;;0.3326;;;
1780;35.2282;34.9035;16:26:54;;;;;;;;;;;;;0.3247;;;
1781;35.2243;34.8957;16:26:55;;;;;;;;;;;;;0.3286;;;
1782;35.2204;34.8957;16:26:55;;;;;;;;;;;;;0.3247;;;
1783;35.2165;34.8918;16:26:56;;;;;;;;;;;;;0.3247;;;
1784;35.2165;34.8879;16:26:56;;;;;;;;;;;;;0.3286;;;
1785;35.2126;34.8879;16:26:57;;;;;;;;;;;;;0.3247;;;
1786;35.2087;34.8879;16:26:57;;;;;;;;;;;;;0.3208;;;
1787;35.2087;34.8839;16:26:58;;;;;;;;;;;;;0.3248;;;
1788;35.193;34.8839;16:26:58;;;;;;;;;;;;;0.3091;;;
1789;35.193;34.8839;16:26:59;;;;;;;;;;;;;0.3091;;;
1790;35.1774;34.88;16:26:59;;;;;;;;;;;;;0.2974;;;
1791;35.1696;34.8839;16:27:00;;;;;;;;;;;;;0.2857;;;
1792;35.1617;34.88;16:27:00;;;;;;;;;;;;;0.2817;;;
1793;35.1539;34.8761;16:27:01;;;;;;;;;;;;;0.2778;;;
1794;35.1461;34.8761;16:27:01;;;;;;;;;;;;;0.27;;;
1795;35.1383;34.8683;16:27:02;;;;;;;;;;;;;0.27;;;
1796;35.1226;34.8605;16:27:02;;;;;;;;;;;;;0.2621;;;
1797;35.1226;34.8526;16:27:03;;;;;;;;;;;;;0.27;;;
1798;35.107;34.8605;16:27:03;;;;;;;;;;;;;0.2465;;;
1799;35.107;34.8526;16:27:04;;;;;;;;;;;;;0.2544;;;
1800;35.0991;34.8448;16:27:04;;;;;;;;;;;;;0.2543;;;
1801;35.0991;34.8526;16:27:05;;;;;;;;;;;;;0.2465;;;
1802;35.0835;34.8448;16:27:05;;;;;;;;;;;;;0.2387;;;
1803;35.0913;34.8448;16:27:06;;;;;;;;;;;;;0.2465;;;
1804;35.0757;34.8448;16:27:06;;;;;;;;;;;;;0.2309;;;
1805;35.0757;34.837;16:27:07;;;;;;;;;;;;;0.2387;;;
1806;35.0757;34.8292;16:27:07;;;;;;;;;;;;;0.2465;;;
1807;35.06;34.8292;16:27:08;;;;;;;;;;;;;0.2308;;;
1808;35.06;34.8213;16:27:08;;;;;;;;;;;;;0.2387;;;
1809;35.06;34.8135;16:27:09;;;;;;;;;;;;;0.2465;;;
1810;35.06;34.8135;16:27:09;;;;;;;;;;;;;0.2465;;;
1811;35.0522;34.8135;16:27:10;;;;;;;;;;;;;0.2387;;;
1812;35.0522;34.8057;16:27:10;;;;;;;;;;;;;0.2465;;;
1813;35.0444;34.8057;16:27:11;;;;;;;;;;;;;0.2387;;;
1814;35.0365;34.7979;16:27:11;;;;;;;;;;;;;0.2386;;;
1815;35.0365;34.79;16:27:12;;;;;;;;;;;;;0.2465;;;
1816;35.0209;34.79;16:27:12;;;;;;;;;;;;;0.2309;;;
1817;35.0209;34.7744;16:27:13;;;;;;;;;;;;;0.2465;;;
1818;35.0131;34.7822;16:27:13;;;;;;;;;;;;;0.2309;;;
1819;35.0091;34.7666;16:27:14;;;;;;;;;;;;;0.2425;;;
1820;35.0091;34.7587;16:27:14;;;;;;;;;;;;;0.2504;;;
1821;35.0013;34.7587;16:27:15;;;;;;;;;;;;;0.2426;;;
1822;34.9974;34.7431;16:27:15;;;;;;;;;;;;;0.2543;;;
1823;34.9974;34.7431;16:27:16;;;;;;;;;;;;;0.2543;;;
1824;34.9857;34.7274;16:27:16;;;;;;;;;;;;;0.2583;;;
1825;34.9935;34.7196;16:27:17;;;;;;;;;;;;;0.2739;;;
1826;34.9857;34.7196;16:27:17;;;;;;;;;;;;;0.2661;;;
1827;34.9935;34.7196;16:27:18;;;;;;;;;;;;;0.2739;;;
1828;34.9974;34.7196;16:27:18;;;;;;;;;;;;;0.2778;;;
1829;35.0091;34.7274;16:27:19;;;;;;;;;;;;;0.2817;;;
1830;35.017;34.7431;16:27:19;;;;;;;;;;;;;0.2739;;;
1831;35.0444;34.7509;16:27:20;;;;;;;;;;;;;0.2935;;;
1832;35.06;34.7666;16:27:20;;;;;;;;;;;;;0.2934;;;
1833;35.0913;34.7744;16:27:21;;;;;;;;;;;;;0.3169;;;
1834;35.107;34.7979;16:27:21;;;;;;;;;;;;;0.3091;;;
1835;35.1461;34.8057;16:27:22;;;;;;;;;;;;;0.3404;;;
1836;35.1774;34.8292;16:27:22;;;;;;;;;;;;;0.3482;;;
1837;35.2087;34.8448;16:27:23;;;;;;;;;;;;;0.3639;;;
1838;35.2322;34.8605;16:27:23;;;;;;;;;;;;;0.3717;;;
1839;35.2595;34.88;16:27:24;;;;;;;;;;;;;0.3795;;;
1840;35.2987;34.8957;16:27:24;;;;;;;;;;;;;0.403;;;
1841;35.3378;34.9113;16:27:25;;;;;;;;;;;;;0.4265;;;
1842;35.3769;34.9426;16:27:25;;;;;;;;;;;;;0.4343;;;
1843;35.4082;34.9583;16:27:26;;;;;;;;;;;;;0.4499;;;
1844;35.4356;34.9896;16:27:26;;;;;;;;;;;;;0.446;;;
1845;35.4747;35.0131;16:27:27;;;;;;;;;;;;;0.4616;;;
1846;35.5139;35.0444;16:27:27;;;;;;;;;;;;;0.4695;;;
1847;35.553;35.0678;16:27:28;;;;;;;;;;;;;0.4852;;;
1848;35.5999;35.0913;16:27:28;;;;;;;;;;;;;0.5086;;;
1849;35.6312;35.1109;16:27:29;;;;;;;;;;;;;0.5203;;;
1850;35.6625;35.1422;16:27:29;;;;;;;;;;;;;0.5203;;;
1851;35.7056;35.1735;16:27:30;;;;;;;;;;;;;0.5321;;;
1852;35.7525;35.1969;16:27:30;;;;;;;;;;;;;0.5556;;;
1853;35.7995;35.2361;16:27:31;;;;;;;;;;;;;0.5634;;;
1854;35.8386;35.2674;16:27:31;;;;;;;;;;;;;0.5712;;;
1855;35.8699;35.2987;16:27:32;;;;;;;;;;;;;0.5712;;;
1856;35.9129;35.3221;16:27:32;;;;;;;;;;;;;0.5908;;;
1857;35.9599;35.3417;16:27:33;;;;;;;;;;;;;0.6182;;;
1858;36.0068;35.373;16:27:33;;;;;;;;;;;;;0.6338;;;
1859;36.0381;35.4043;16:27:34;;;;;;;;;;;;;0.6338;;;
1860;36.0733;35.4278;16:27:34;;;;;;;;;;;;;0.6455;;;
1861;36.1203;35.4669;16:27:35;;;;;;;;;;;;;0.6534;;;
1862;36.1594;35.4943;16:27:35;;;;;;;;;;;;;0.6651;;;
1863;36.1907;35.506;16:27:36;;;;;;;;;;;;;0.6847;;;
1864;36.222;35.5256;16:27:36;;;;;;;;;;;;;0.6964;;;
1865;36.2494;35.5491;16:27:37;;;;;;;;;;;;;0.7003;;;
1866;36.2611;35.5647;16:27:37;;;;;;;;;;;;;0.6964;;;
1867;36.2729;35.5725;16:27:38;;;;;;;;;;;;;0.7004;;;
1868;36.2964;35.5882;16:27:38;;;;;;;;;;;;;0.7082;;;
1869;36.312;35.6038;16:27:39;;;;;;;;;;;;;0.7082;;;
1870;36.3277;35.6117;16:27:39;;;;;;;;;;;;;0.716;;;
1871;36.3277;35.6273;16:27:40;;;;;;;;;;;;;0.7004;;;
1872;36.3433;35.6273;16:27:40;;;;;;;;;;;;;0.716;;;
1873;36.3511;35.6351;16:27:41;;;;;;;;;;;;;0.716;;;
1874;36.359;35.643;16:27:41;;;;;;;;;;;;;0.716;;;
1875;36.359;35.643;16:27:42;;;;;;;;;;;;;0.716;;;
1876;36.359;35.6586;16:27:42;;;;;;;;;;;;;0.7004;;;
1877;36.3746;35.6664;16:27:43;;;;;;;;;;;;;0.7082;;;
1878;36.3668;35.6664;16:27:43;;;;;;;;;;;;;0.7004;;;
1879;36.3746;35.6743;16:27:44;;;;;;;;;;;;;0.7003;;;
1880;36.3668;35.6664;16:27:44;;;;;;;;;;;;;0.7004;;;
1881;36.3746;35.6821;16:27:45;;;;;;;;;;;;;0.6925;;;
1882;36.3746;35.6821;16:27:45;;;;;;;;;;;;;0.6925;;;
1883;36.3746;35.6821;16:27:46;;;;;;;;;;;;;0.6925;;;
1884;36.3746;35.6899;16:27:46;;;;;;;;;;;;;0.6847;;;
1885;36.3668;35.6977;16:27:47;;;;;;;;;;;;;0.6691;;;
1886;36.3746;35.6977;16:27:47;;;;;;;;;;;;;0.6769;;;
1887;36.359;35.7017;16:27:48;;;;;;;;;;;;;0.6573;;;
1888;36.3668;35.7017;16:27:48;;;;;;;;;;;;;0.6651;;;
1889;36.359;35.6938;16:27:49;;;;;;;;;;;;;0.6652;;;
1890;36.359;35.7017;16:27:49;;;;;;;;;;;;;0.6573;;;
1891;36.3511;35.6977;16:27:50;;;;;;;;;;;;;0.6534;;;
1892;36.3511;35.7017;16:27:50;;;;;;;;;;;;;0.6494;;;
1893;36.3433;35.6938;16:27:51;;;;;;;;;;;;;0.6495;;;
1894;36.3355;35.6899;16:27:51;;;;;;;;;;;;;0.6456;;;
1895;36.3355;35.6977;16:27:52;;;;;;;;;;;;;0.6378;;;
1896;36.3277;35.6977;16:27:52;;;;;;;;;;;;;0.63;;;
1897;36.3277;35.6977;16:27:53;;;;;;;;;;;;;0.63;;;
1898;36.3277;35.6977;16:27:53;;;;;;;;;;;;;0.63;;;
1899;36.3198;35.6938;16:27:54;;;;;;;;;;;;;0.626;;;
1900;36.312;35.6977;16:27:54;;;;;;;;;;;;;0.6143;;;
1901;36.312;35.6977;16:27:55;;;;;;;;;;;;;0.6143;;;
1902;36.2885;35.6821;16:27:55;;;;;;;;;;;;;0.6064;;;
1903;36.2885;35.6899;16:27:56;;;;;;;;;;;;;0.5986;;;
1904;36.2807;35.6821;16:27:56;;;;;;;;;;;;;0.5986;;;
1905;36.2729;35.6821;16:27:57;;;;;;;;;;;;;0.5908;;;
1906;36.2729;35.6743;16:27:57;;;;;;;;;;;;;0.5986;;;
1907;36.2651;35.6743;16:27:58;;;;;;;;;;;;;0.5908;;;
1908;36.2611;35.6743;16:27:58;;;;;;;;;;;;;0.5868;;;
1909;36.2533;35.6664;16:27:59;;;;;;;;;;;;;0.5869;;;
1910;36.2533;35.6664;16:27:59;;;;;;;;;;;;;0.5869;;;
1911;36.2455;35.6664;16:28:00;;;;;;;;;;;;;0.5791;;;
1912;36.2494;35.6586;16:28:00;;;;;;;;;;;;;0.5908;;;
1913;36.2377;35.6508;16:28:01;;;;;;;;;;;;;0.5869;;;
1914;36.2298;35.643;16:28:01;;;;;;;;;;;;;0.5868;;;
1915;36.222;35.643;16:28:02;;;;;;;;;;;;;0.579;;;
1916;36.222;35.643;16:28:02;;;;;;;;;;;;;0.579;;;
1917;36.2142;35.6351;16:28:03;;;;;;;;;;;;;0.5791;;;
1918;36.1985;35.6351;16:28:03;;;;;;;;;;;;;0.5634;;;
1919;36.1907;35.6351;16:28:04;;;;;;;;;;;;;0.5556;;;
1920;36.1907;35.6195;16:28:04;;;;;;;;;;;;;0.5712;;;
1921;36.1829;35.6273;16:28:05;;;;;;;;;;;;;0.5556;;;
1922;36.1672;35.6195;16:28:05;;;;;;;;;;;;;0.5477;;;
1923;36.1672;35.6117;16:28:06;;;;;;;;;;;;;0.5555;;;
1924;36.1438;35.6117;16:28:06;;;;;;;;;;;;;0.5321;;;
1925;36.1438;35.6038;16:28:07;;;;;;;;;;;;;0.54;;;
1926;36.1203;35.596;16:28:07;;;;;;;;;;;;;0.5243;;;
1927;36.1046;35.6038;16:28:08;;;;;;;;;;;;;0.5008;;;
1928;36.1046;35.5882;16:28:08;;;;;;;;;;;;;0.5164;;;
1929;36.089;35.5882;16:28:09;;;;;;;;;;;;;0.5008;;;
1930;36.089;35.5725;16:28:09;;;;;;;;;;;;;0.5165;;;
1931;36.089;35.5725;16:28:10;;;;;;;;;;;;;0.5165;;;
1932;36.0733;35.5725;16:28:10;;;;;;;;;;;;;0.5008;;;
1933;36.0655;35.5569;16:28:11;;;;;;;;;;;;;0.5086;;;
1934;36.0577;35.5569;16:28:11;;;;;;;;;;;;;0.5008;;;
1935;36.0499;35.5569;16:28:12;;;;;;;;;;;;;0.493;;;
1936;36.0499;35.5491;16:28:12;;;;;;;;;;;;;0.5008;;;
1937;36.046;35.5412;16:28:13;;;;;;;;;;;;;0.5048;;;
1938;36.0381;35.5491;16:28:13;;;;;;;;;;;;;0.489;;;
1939;36.0381;35.5334;16:28:14;;;;;;;;;;;;;0.5047;;;
1940;36.0303;35.5256;16:28:14;;;;;;;;;;;;;0.5047;;;
1941;36.0303;35.5099;16:28:15;;;;;;;;;;;;;0.5204;;;
1942;36.0147;35.5178;16:28:15;;;;;;;;;;;;;0.4969;;;
1943;36.0147;35.5099;16:28:16;;;;;;;;;;;;;0.5048;;;
1944;35.999;35.5021;16:28:16;;;;;;;;;;;;;0.4969;;;
1945;35.999;35.5021;16:28:17;;;;;;;;;;;;;0.4969;;;
1946;35.9912;35.4943;16:28:17;;;;;;;;;;;;;0.4969;;;
1947;35.9834;35.4982;16:28:18;;;;;;;;;;;;;0.4852;;;
1948;35.9677;35.4904;16:28:18;;;;;;;;;;;;;0.4773;;;
1949;35.9677;35.4943;16:28:19;;;;;;;;;;;;;0.4734;;;
1950;35.9521;35.4865;16:28:19;;;;;;;;;;;;;0.4656;;;
1951;35.9521;35.4826;16:28:20;;;;;;;;;;;;;0.4695;;;
1952;35.9364;35.4826;16:28:20;;;;;;;;;;;;;0.4538;;;
1953;35.9364;35.4747;16:28:21;;;;;;;;;;;;;0.4617;;;
1954;35.9286;35.4747;16:28:21;;;;;;;;;;;;;0.4539;;;
1955;35.9286;35.4669;16:28:22;;;;;;;;;;;;;0.4617;;;
1956;35.9129;35.4669;16:28:22;;;;;;;;;;;;;0.446;;;
1957;35.9051;35.4669;16:28:23;;;;;;;;;;;;;0.4382;;;
1958;35.9051;35.4591;16:28:23;;;;;;;;;;;;;0.446;;;
1959;35.8895;35.4513;16:28:24;;;;;;;;;;;;;0.4382;;;
1960;35.8895;35.4513;16:28:24;;;;;;;;;;;;;0.4382;;;
1961;35.8816;35.4434;16:28:25;;;;;;;;;;;;;0.4382;;;
1962;35.8738;35.4356;16:28:25;;;;;;;;;;;;;0.4382;;;
1963;35.8699;35.4278;16:28:26;;;;;;;;;;;;;0.4421;;;
1964;35.8621;35.4278;16:28:26;;;;;;;;;;;;;0.4343;;;
1965;35.8582;35.4278;16:28:27;;;;;;;;;;;;;0.4304;;;
1966;35.8582;35.4278;16:28:27;;;;;;;;;;;;;0.4304;;;
1967;35.8464;35.4121;16:28:28;;;;;;;;;;;;;0.4343;;;
1968;35.8464;35.42;16:28:28;;;;;;;;;;;;;0.4264;;;
1969;35.8386;35.4043;16:28:29;;;;;;;;;;;;;0.4343;;;
1970;35.8229;35.4043;16:28:29;;;;;;;;;;;;;0.4186;;;
1971;35.8151;35.3965;16:28:30;;;;;;;;;;;;;0.4186;;;
1972;35.8073;35.3887;16:28:30;;;;;;;;;;;;;0.4186;;;
1973;35.7916;35.3808;16:28:31;;;;;;;;;;;;;0.4108;;;
1974;35.7916;35.373;16:28:31;;;;;;;;;;;;;0.4186;;;
1975;35.7916;35.3652;16:28:32;;;;;;;;;;;;;0.4264;;;
1976;35.7838;35.3652;16:28:32;;;;;;;;;;;;;0.4186;;;
1977;35.7682;35.3652;16:28:33;;;;;;;;;;;;;0.403;;;
1978;35.7603;35.3495;16:28:33;;;;;;;;;;;;;0.4108;;;
1979;35.7603;35.3574;16:28:34;;;;;;;;;;;;;0.4029;;;
1980;35.7525;35.3495;16:28:34;;;;;;;;;;;;;0.403;;;
1981;35.7447;35.3495;16:28:35;;;;;;;;;;;;;0.3952;;;
1982;35.7369;35.3495;16:28:35;;;;;;;;;;;;;0.3874;;;
1983;35.729;35.3339;16:28:36;;;;;;;;;;;;;0.3951;;;
1984;35.729;35.3221;16:28:36;;;;;;;;;;;;;0.4069;;;
1985;35.7212;35.3221;16:28:37;;;;;;;;;;;;;0.3991;;;
1986;35.7134;35.3221;16:28:37;;;;;;;;;;;;;0.3913;;;
1987;35.6977;35.3182;16:28:38;;;;;;;;;;;;;0.3795;;;
1988;35.6977;35.3143;16:28:38;;;;;;;;;;;;;0.3834;;;
1989;35.6899;35.3182;16:28:39;;;;;;;;;;;;;0.3717;;;
1990;35.6899;35.3143;16:28:39;;;;;;;;;;;;;0.3756;;;
1991;35.6821;35.3104;16:28:40;;;;;;;;;;;;;0.3717;;;
1992;35.6743;35.3065;16:28:40;;;;;;;;;;;;;0.3678;;;
1993;35.6664;35.3104;16:28:41;;;;;;;;;;;;;0.356;;;
1994;35.6664;35.3065;16:28:41;;;;;;;;;;;;;0.3599;;;
1995;35.6586;35.3065;16:28:42;;;;;;;;;;;;;0.3521;;;
1996;35.6547;35.2987;16:28:42;;;;;;;;;;;;;0.356;;;
1997;35.6508;35.2987;16:28:43;;;;;;;;;;;;;0.3521;;;
1998;35.643;35.2987;16:28:43;;;;;;;;;;;;;0.3443;;;
1999;35.6391;35.283;16:28:44;;;;;;;;;;;;;0.3561;;;
2000;35.6312;35.2752;16:28:44;;;;;;;;;;;;;0.356;;;
2001;35.6234;35.2674;16:28:45;;;;;;;;;;;;;0.356;;;
2002;35.6156;35.2674;16:28:45;;;;;;;;;;;;;0.3482;;;
2003;35.6156;35.2595;16:28:46;;;;;;;;;;;;;0.3561;;;
2004;35.5999;35.2595;16:28:46;;;;;;;;;;;;;0.3404;;;
2005;35.5999;35.2517;16:28:47;;;;;;;;;;;;;0.3482;;;
2006;35.5921;35.2517;16:28:47;;;;;;;;;;;;;0.3404;;;
2007;35.5999;35.2439;16:28:48;;;;;;;;;;;;;0.356;;;
2008;35.5843;35.2361;16:28:48;;;;;;;;;;;;;0.3482;;;
2009;35.5843;35.2361;16:28:49;;;;;;;;;;;;;0.3482;;;
2010;35.5765;35.2361;16:28:49;;;;;;;;;;;;;0.3404;;;
2011;35.5608;35.2361;16:28:50;;;;;;;;;;;;;0.3247;;;
2012;35.5608;35.2204;16:28:50;;;;;;;;;;;;;0.3404;;;
2013;35.5452;35.2282;16:28:51;;;;;;;;;;;;;0.317;;;
2014;35.5373;35.2126;16:28:51;;;;;;;;;;;;;0.3247;;;
2015;35.5295;35.2048;16:28:52;;;;;;;;;;;;;0.3247;;;
2016;35.5295;35.2048;16:28:52;;;;;;;;;;;;;0.3247;;;
2017;35.5295;35.2048;16:28:53;;;;;;;;;;;;;0.3247;;;
2018;35.5217;35.1969;16:28:53;;;;;;;;;;;;;0.3248;;;
2019;35.5139;35.1891;16:28:54;;;;;;;;;;;;;0.3248;;;
2020;35.506;35.1813;16:28:54;;;;;;;;;;;;;0.3247;;;
2021;35.4982;35.1735;16:28:55;;;;;;;;;;;;;0.3247;;;
2022;35.4982;35.1813;16:28:55;;;;;;;;;;;;;0.3169;;;
2023;35.4826;35.1735;16:28:56;;;;;;;;;;;;;0.3091;;;
2024;35.4826;35.1656;16:28:56;;;;;;;;;;;;;0.317;;;
2025;35.4747;35.1656;16:28:57;;;;;;;;;;;;;0.3091;;;
2026;35.4669;35.1578;16:28:57;;;;;;;;;;;;;0.3091;;;
2027;35.4669;35.15;16:28:58;;;;;;;;;;;;;0.3169;;;
2028;35.4591;35.15;16:28:58;;;;;;;;;;;;;0.3091;;;
2029;35.4434;35.1422;16:28:59;;;;;;;;;;;;;0.3012;;;
2030;35.4513;35.1422;16:28:59;;;;;;;;;;;;;0.3091;;;
2031;35.4434;35.1343;16:29:00;;;;;;;;;;;;;0.3091;;;
2032;35.4317;35.1265;16:29:00;;;;;;;;;;;;;0.3052;;;
2033;35.4317;35.1265;16:29:01;;;;;;;;;;;;;0.3052;;;
2034;35.4317;35.1187;16:29:01;;;;;;;;;;;;;0.313;;;
2035;35.4278;35.1109;16:29:02;;;;;;;;;;;;;0.3169;;;
2036;35.416;35.107;16:29:02;;;;;;;;;;;;;0.309;;;
2037;35.416;35.107;16:29:03;;;;;;;;;;;;;0.309;;;
2038;35.4082;35.103;16:29:03;;;;;;;;;;;;;0.3052;;;
2039;35.416;35.0991;16:29:04;;;;;;;;;;;;;0.3169;;;
2040;35.4004;35.103;16:29:04;;;;;;;;;;;;;0.2974;;;
2041;35.3926;35.0991;16:29:05;;;;;;;;;;;;;0.2935;;;
2042;35.3847;35.0952;16:29:05;;;;;;;;;;;;;0.2895;;;
2043;35.3769;35.0952;16:29:06;;;;;;;;;;;;;0.2817;;;
2044;35.3691;35.0835;16:29:06;;;;;;;;;;;;;0.2856;;;
2045;35.3691;35.0835;16:29:07;;;;;;;;;;;;;0.2856;;;
2046;35.3613;35.0835;16:29:07;;;;;;;;;;;;;0.2778;;;
2047;35.3613;35.0678;16:29:08;;;;;;;;;;;;;0.2935;;;
2048;35.3456;35.0757;16:29:08;;;;;;;;;;;;;0.2699;;;
2049;35.3456;35.0678;16:29:09;;;;;;;;;;;;;0.2778;;;
2050;35.3378;35.06;16:29:09;;;;;;;;;;;;;0.2778;;;
2051;35.33;35.0444;16:29:10;;;;;;;;;;;;;0.2856;;;
2052;35.33;35.0444;16:29:10;;;;;;;;;;;;;0.2856;;;
2053;35.3221;35.0444;16:29:11;;;;;;;;;;;;;0.2777;;;
2054;35.3221;35.0365;16:29:11;;;;;;;;;;;;;0.2856;;;
2055;35.3065;35.0287;16:29:12;;;;;;;;;;;;;0.2778;;;
2056;35.3065;35.0365;16:29:12;;;;;;;;;;;;;0.27;;;
2057;35.2987;35.0209;16:29:13;;;;;;;;;;;;;0.2778;;;
2058;35.2908;35.0052;16:29:13;;;;;;;;;;;;;0.2856;;;
2059;35.283;35.0131;16:29:14;;;;;;;;;;;;;0.2699;;;
2060;35.2752;35.0052;16:29:14;;;;;;;;;;;;;0.27;;;
2061;35.2674;35.0052;16:29:15;;;;;;;;;;;;;0.2622;;;
2062;35.2595;35.0052;16:29:15;;;;;;;;;;;;;0.2543;;;
2063;35.2517;35.0052;16:29:16;;;;;;;;;;;;;0.2465;;;
2064;35.2439;34.9974;16:29:16;;;;;;;;;;;;;0.2465;;;
2065;35.2361;34.9896;16:29:17;;;;;;;;;;;;;0.2465;;;
2066;35.2243;34.9896;16:29:17;;;;;;;;;;;;;0.2347;;;
2067;35.2282;34.9818;16:29:18;;;;;;;;;;;;;0.2464;;;
2068;35.2204;34.9818;16:29:18;;;;;;;;;;;;;0.2386;;;
2069;35.2243;34.9739;16:29:19;;;;;;;;;;;;;0.2504;;;
2070;35.2204;34.9661;16:29:19;;;;;;;;;;;;;0.2543;;;
2071;35.2204;34.9583;16:29:20;;;;;;;;;;;;;0.2621;;;
2072;35.2204;34.9583;16:29:20;;;;;;;;;;;;;0.2621;;;
2073;35.2165;34.9505;16:29:21;;;;;;;;;;;;;0.266;;;
2074;35.2126;34.9426;16:29:21;;;;;;;;;;;;;0.27;;;
2075;35.2126;34.9426;16:29:22;;;;;;;;;;;;;0.27;;;
2076;35.2087;34.9348;16:29:22;;;;;;;;;;;;;0.2739;;;
2077;35.2009;34.927;16:29:23;;;;;;;;;;;;;0.2739;;;
2078;35.2009;34.9192;16:29:23;;;;;;;;;;;;;0.2817;;;
2079;35.1852;34.9192;16:29:24;;;;;;;;;;;;;0.266;;;
2080;35.1852;34.9113;16:29:24;;;;;;;;;;;;;0.2739;;;
2081;35.1852;34.9113;16:29:25;;;;;;;;;;;;;0.2739;;;
2082;35.1696;34.9035;16:29:25;;;;;;;;;;;;;0.2661;;;
2083;35.1774;34.9035;16:29:26;;;;;;;;;;;;;0.2739;;;
2084;35.1617;34.9035;16:29:26;;;;;;;;;;;;;0.2582;;;
2085;35.1539;34.8879;16:29:27;;;;;;;;;;;;;0.266;;;
2086;35.1539;34.8879;16:29:27;;;;;;;;;;;;;0.266;;;
2087;35.1461;34.8839;16:29:28;;;;;;;;;;;;;0.2622;;;
2088;35.1383;34.8839;16:29:28;;;;;;;;;;;;;0.2544;;;
2089;35.1383;34.88;16:29:29;;;;;;;;;;;;;0.2583;;;
2090;35.1226;34.8761;16:29:29;;;;;;;;;;;;;0.2465;;;
2091;35.1226;34.8761;16:29:30;;;;;;;;;;;;;0.2465;;;
2092;35.1148;34.8683;16:29:30;;;;;;;;;;;;;0.2465;;;
2093;35.107;34.8605;16:29:31;;;;;;;;;;;;;0.2465;;;
2094;35.0991;34.8605;16:29:31;;;;;;;;;;;;;0.2386;;;
2095;35.0991;34.8526;16:29:32;;;;;;;;;;;;;0.2465;;;
2096;35.0913;34.8448;16:29:32;;;;;;;;;;;;;0.2465;;;
2097;35.0913;34.8448;16:29:33;;;;;;;;;;;;;0.2465;;;
2098;35.0835;34.8448;16:29:33;;;;;;;;;;;;;0.2387;;;
2099;35.0757;34.837;16:29:34;;;;;;;;;;;;;0.2387;;;
2100;35.0678;34.8292;16:29:34;;;;;;;;;;;;;0.2386;;;
2101;35.0678;34.837;16:29:35;;;;;;;;;;;;;0.2308;;;
2102;35.0678;34.8213;16:29:35;;;;;;;;;;;;;0.2465;;;
2103;35.0522;34.8135;16:29:36;;;;;;;;;;;;;0.2387;;;
2104;35.06;34.8135;16:29:36;;;;;;;;;;;;;0.2465;;;
2105;35.0522;34.8135;16:29:37;;;;;;;;;;;;;0.2387;;;
2106;35.0444;34.8057;16:29:37;;;;;;;;;;;;;0.2387;;;
2107;35.0444;34.8057;16:29:38;;;;;;;;;;;;;0.2387;;;
2108;35.0365;34.79;16:29:38;;;;;;;;;;;;;0.2465;;;
2109;35.0365;34.7979;16:29:39;;;;;;;;;;;;;0.2386;;;
2110;35.0209;34.79;16:29:39;;;;;;;;;;;;;0.2309;;;
2111;35.0209;34.7744;16:29:40;;;;;;;;;;;;;0.2465;;;
2112;35.0131;34.7744;16:29:40;;;;;;;;;;;;;0.2387;;;
2113;35.0131;34.7666;16:29:41;;;;;;;;;;;;;0.2465;;;
2114;35.0131;34.7666;16:29:41;;;;;;;;;;;;;0.2465;;;
2115;35.0052;34.7587;16:29:42;;;;;;;;;;;;;0.2465;;;
2116;35.0013;34.7431;16:29:42;;;;;;;;;;;;;0.2582;;;
2117;35.0013;34.7509;16:29:43;;;;;;;;;;;;;0.2504;;;
2118;34.9974;34.7353;16:29:43;;;;;;;;;;;;;0.2621;;;
2119;34.9935;34.7431;16:29:44;;;;;;;;;;;;;0.2504;;;
2120;34.9857;34.7274;16:29:44;;;;;;;;;;;;;0.2583;;;
2121;34.9778;34.7274;16:29:45;;;;;;;;;;;;;0.2504;;;
2122;34.9857;34.7274;16:29:45;;;;;;;;;;;;;0.2583;;;
2123;34.9935;34.7274;16:29:46;;;;;;;;;;;;;0.2661;;;
2124;34.9935;34.7353;16:29:46;;;;;;;;;;;;;0.2582;;;
2125;35.0052;34.7509;16:29:47;;;;;;;;;;;;;0.2543;;;
2126;35.017;34.7666;16:29:47;;;;;;;;;;;;;0.2504;;;
2127;35.0365;34.7744;16:29:48;;;;;;;;;;;;;0.2621;;;
2128;35.0444;34.7822;16:29:48;;;;;;;;;;;;;0.2622;;;
2129;35.0757;34.8057;16:29:49;;;;;;;;;;;;;0.27;;;
2130;35.0991;34.8213;16:29:49;;;;;;;;;;;;;0.2778;;;
2131;35.1304;34.837;16:29:50;;;;;;;;;;;;;0.2934;;;
2132;35.1617;34.8605;16:29:50;;;;;;;;;;;;;0.3012;;;
2133;35.1852;34.88;16:29:51;;;;;;;;;;;;;0.3052;;;
2134;35.2126;34.8879;16:29:51;;;;;;;;;;;;;0.3247;;;
2135;35.2322;34.9035;16:29:52;;;;;;;;;;;;;0.3287;;;
2136;35.2674;34.9192;16:29:52;;;;;;;;;;;;;0.3482;;;
2137;35.3065;34.9426;16:29:53;;;;;;;;;;;;;0.3639;;;
2138;35.3456;34.9739;16:29:53;;;;;;;;;;;;;0.3717;;;
2139;35.3769;35.0052;16:29:54;;;;;;;;;;;;;0.3717;;;
2140;35.42;35.0287;16:29:54;;;;;;;;;;;;;0.3913;;;
2141;35.4473;35.06;16:29:55;;;;;;;;;;;;;0.3873;;;
2142;35.4826;35.0835;16:29:55;;;;;;;;;;;;;0.3991;;;
2143;35.5295;35.0991;16:29:56;;;;;;;;;;;;;0.4304;;;
2144;35.5686;35.1187;16:29:56;;;;;;;;;;;;;0.4499;;;
2145;35.6078;35.1422;16:29:57;;;;;;;;;;;;;0.4656;;;
2146;35.6469;35.1735;16:29:57;;;;;;;;;;;;;0.4734;;;
2147;35.6821;35.2048;16:29:58;;;;;;;;;;;;;0.4773;;;
2148;35.729;35.2439;16:29:58;;;;;;;;;;;;;0.4851;;;
2149;35.7682;35.2674;16:29:59;;;;;;;;;;;;;0.5008;;;
2150;35.8151;35.2908;16:29:59;;;;;;;;;;;;;0.5243;;;
2151;35.8582;35.3182;16:30:00;;;;;;;;;;;;;0.54;;;
2152;35.8855;35.3417;16:30:00;;;;;;;;;;;;;0.5438;;;
2153;35.9442;35.3652;16:30:01;;;;;;;;;;;;;0.579;;;
2154;35.9755;35.4043;16:30:01;;;;;;;;;;;;;0.5712;;;
2155;36.0264;35.4356;16:30:02;;;;;;;;;;;;;0.5908;;;
2156;36.0538;35.4669;16:30:02;;;;;;;;;;;;;0.5869;;;
2157;36.0968;35.4943;16:30:03;;;;;;;;;;;;;0.6025;;;
2158;36.1438;35.5178;16:30:03;;;;;;;;;;;;;0.626;;;
2159;36.1907;35.5412;16:30:04;;;;;;;;;;;;;0.6495;;;
2160;36.2142;35.5569;16:30:04;;;;;;;;;;;;;0.6573;;;
2161;36.2494;35.5804;16:30:05;;;;;;;;;;;;;0.669;;;
2162;36.2572;35.596;16:30:05;;;;;;;;;;;;;0.6612;;;
2163;36.2729;35.6117;16:30:06;;;;;;;;;;;;;0.6612;;;
2164;36.2964;35.6273;16:30:06;;;;;;;;;;;;;0.6691;;;
2165;36.3198;35.6351;16:30:07;;;;;;;;;;;;;0.6847;;;
2166;36.3277;35.6586;16:30:07;;;;;;;;;;;;;0.6691;;;
2167;36.3511;35.6664;16:30:08;;;;;;;;;;;;;0.6847;;;
2168;36.3668;35.6743;16:30:08;;;;;;;;;;;;;0.6925;;;
2169;36.3746;35.6821;16:30:09;;;;;;;;;;;;;0.6925;;;
2170;36.3903;35.6899;16:30:09;;;;;;;;;;;;;0.7004;;;
2171;36.3981;35.6899;16:30:10;;;;;;;;;;;;;0.7082;;;
2172;36.3981;35.6977;16:30:10;;;;;;;;;;;;;0.7004;;;
2173;36.4059;35.7017;16:30:11;;;;;;;;;;;;;0.7042;;;
2174;36.4059;35.7017;16:30:11;;;;;;;;;;;;;0.7042;;;
2175;36.4137;35.7017;16:30:12;;;;;;;;;;;;;0.712;;;
2176;36.4059;35.7056;16:30:12;;;;;;;;;;;;;0.7003;;;
2177;36.4137;35.7095;16:30:13;;;;;;;;;;;;;0.7042;;;
2178;36.4137;35.7056;16:30:13;;;;;;;;;;;;;0.7081;;;
2179;36.4137;35.7056;16:30:14;;;;;;;;;;;;;0.7081;;;
2180;36.4137;35.7095;16:30:14;;;;;;;;;;;;;0.7042;;;
2181;36.4059;35.7134;16:30:15;;;;;;;;;;;;;0.6925;;;
2182;36.4137;35.7095;16:30:15;;;;;;;;;;;;;0.7042;;;
2183;36.3981;35.7134;16:30:16;;;;;;;;;;;;;0.6847;;;
2184;36.3981;35.7095;16:30:16;;;;;;;;;;;;;0.6886;;;
2185;36.3981;35.7095;16:30:17;;;;;;;;;;;;;0.6886;;;
2186;36.3903;35.7095;16:30:17;;;;;;;;;;;;;0.6808;;;
2187;36.3903;35.7056;16:30:18;;;;;;;;;;;;;0.6847;;;
2188;36.3903;35.7056;16:30:18;;;;;;;;;;;;;0.6847;;;
2189;36.3824;35.7056;16:30:19;;;;;;;;;;;;;0.6768;;;
2190;36.3824;35.7056;16:30:19;;;;;;;;;;;;;0.6768;;;
2191;36.3746;35.7056;16:30:20;;;;;;;;;;;;;0.669;;;
2192;36.359;35.7017;16:30:20;;;;;;;;;;;;;0.6573;;;
2193;36.359;35.7056;16:30:21;;;;;;;;;;;;;0.6534;;;
2194;36.359;35.7056;16:30:21;;;;;;;;;;;;;0.6534;;;
2195;36.3511;35.7017;16:30:22;;;;;;;;;;;;;0.6494;;;
2196;36.3433;35.7017;16:30:22;;;;;;;;;;;;;0.6416;;;
2197;36.3355;35.7056;16:30:23;;;;;;;;;;;;;0.6299;;;
2198;36.3277;35.6977;16:30:23;;;;;;;;;;;;;0.63;;;
2199;36.3277;35.6977;16:30:24;;;;;;;;;;;;;0.63;;;
2200;36.312;35.6977;16:30:24;;;;;;;;;;;;;0.6143;;;
2201;36.312;35.6899;16:30:25;;;;;;;;;;;;;0.6221;;;
2202;36.312;35.6821;16:30:25;;;;;;;;;;;;;0.6299;;;
2203;36.2964;35.6899;16:30:26;;;;;;;;;;;;;0.6065;;;
2204;36.2885;35.6899;16:30:26;;;;;;;;;;;;;0.5986;;;
2205;36.2807;35.6821;16:30:27;;;;;;;;;;;;;0.5986;;;
2206;36.2729;35.6743;16:30:27;;;;;;;;;;;;;0.5986;;;
2207;36.2651;35.6743;16:30:28;;;;;;;;;;;;;0.5908;;;
2208;36.2651;35.6743;16:30:28;;;;;;;;;;;;;0.5908;;;
2209;36.2611;35.6743;16:30:29;;;;;;;;;;;;;0.5868;;;
2210;36.2533;35.6664;16:30:29;;;;;;;;;;;;;0.5869;;;
2211;36.2572;35.6586;16:30:30;;;;;;;;;;;;;0.5986;;;
2212;36.2494;35.6664;16:30:30;;;;;;;;;;;;;0.583;;;
2213;36.2494;35.6586;16:30:31;;;;;;;;;;;;;0.5908;;;
2214;36.2377;35.6508;16:30:31;;;;;;;;;;;;;0.5869;;;
2215;36.2377;35.6586;16:30:32;;;;;;;;;;;;;0.5791;;;
2216;36.222;35.6508;16:30:32;;;;;;;;;;;;;0.5712;;;
2217;36.2142;35.643;16:30:33;;;;;;;;;;;;;0.5712;;;
2218;36.2064;35.643;16:30:33;;;;;;;;;;;;;0.5634;;;
2219;36.2064;35.643;16:30:34;;;;;;;;;;;;;0.5634;;;
2220;36.1907;35.6351;16:30:34;;;;;;;;;;;;;0.5556;;;
2221;36.1907;35.6273;16:30:35;;;;;;;;;;;;;0.5634;;;
2222;36.1751;35.6273;16:30:35;;;;;;;;;;;;;0.5478;;;
2223;36.1751;35.6273;16:30:36;;;;;;;;;;;;;0.5478;;;
2224;36.1516;35.6195;16:30:36;;;;;;;;;;;;;0.5321;;;
2225;36.1594;35.6195;16:30:37;;;;;;;;;;;;;0.5399;;;
2226;36.1438;35.6038;16:30:37;;;;;;;;;;;;;0.54;;;
2227;36.1359;35.6038;16:30:38;;;;;;;;;;;;;0.5321;;;
2228;36.1281;35.596;16:30:38;;;;;;;;;;;;;0.5321;;;
2229;36.1203;35.596;16:30:39;;;;;;;;;;;;;0.5243;;;
2230;36.1203;35.596;16:30:39;;;;;;;;;;;;;0.5243;;;
2231;36.1046;35.5882;16:30:40;;;;;;;;;;;;;0.5164;;;
2232;36.0968;35.5882;16:30:40;;;;;;;;;;;;;0.5086;;;
2233;36.089;35.5804;16:30:41;;;;;;;;;;;;;0.5086;;;
2234;36.0733;35.5725;16:30:41;;;;;;;;;;;;;0.5008;;;
2235;36.0733;35.5725;16:30:42;;;;;;;;;;;;;0.5008;;;
2236;36.0655;35.5569;16:30:42;;;;;;;;;;;;;0.5086;;;
2237;36.0577;35.5647;16:30:43;;;;;;;;;;;;;0.493;;;
2238;36.046;35.5569;16:30:43;;;;;;;;;;;;;0.4891;;;
2239;36.046;35.5569;16:30:44;;;;;;;;;;;;;0.4891;;;
2240;36.0381;35.5412;16:30:44;;;;;;;;;;;;;0.4969;;;
2241;36.0342;35.5491;16:30:45;;;;;;;;;;;;;0.4851;;;
2242;36.0342;35.5334;16:30:45;;;;;;;;;;;;;0.5008;;;
2243;36.0147;35.5334;16:30:46;;;;;;;;;;;;;0.4813;;;
2244;36.0068;35.5178;16:30:46;;;;;;;;;;;;;0.489;;;
2245;35.9912;35.5178;16:30:47;;;;;;;;;;;;;0.4734;;;
2246;35.9912;35.5178;16:30:47;;;;;;;;;;;;;0.4734;;;
2247;35.9834;35.5099;16:30:48;;;;;;;;;;;;;0.4735;;;
2248;35.9834;35.5021;16:30:48;;;;;;;;;;;;;0.4813;;;
2249;35.9677;35.5021;16:30:49;;;;;;;;;;;;;0.4656;;;
2250;35.9599;35.4982;16:30:49;;;;;;;;;;;;;0.4617;;;
2251;35.9599;35.4982;16:30:50;;;;;;;;;;;;;0.4617;;;
2252;35.9442;35.4943;16:30:50;;;;;;;;;;;;;0.4499;;;
2253;35.9364;35.4943;16:30:51;;;;;;;;;;;;;0.4421;;;
2254;35.9364;35.4904;16:30:51;;;;;;;;;;;;;0.446;;;
2255;35.9129;35.4865;16:30:52;;;;;;;;;;;;;0.4264;;;
2256;35.9208;35.4865;16:30:52;;;;;;;;;;;;;0.4343;;;
2257;35.9051;35.4826;16:30:53;;;;;;;;;;;;;0.4225;;;
2258;35.9051;35.4747;16:30:53;;;;;;;;;;;;;0.4304;;;
2259;35.8895;35.4747;16:30:54;;;;;;;;;;;;;0.4148;;;
2260;35.8738;35.4669;16:30:54;;;;;;;;;;;;;0.4069;;;
2261;35.8738;35.4513;16:30:55;;;;;;;;;;;;;0.4225;;;
2262;35.8699;35.4513;16:30:55;;;;;;;;;;;;;0.4186;;;
2263;35.8621;35.4513;16:30:56;;;;;;;;;;;;;0.4108;;;
2264;35.8621;35.4434;16:30:56;;;;;;;;;;;;;0.4187;;;
2265;35.8542;35.4356;16:30:57;;;;;;;;;;;;;0.4186;;;
2266;35.8503;35.4278;16:30:57;;;;;;;;;;;;;0.4225;;;
2267;35.8542;35.42;16:30:58;;;;;;;;;;;;;0.4342;;;
2268;35.8308;35.42;16:30:58;;;;;;;;;;;;;0.4108;;;
2269;35.8308;35.42;16:30:59;;;;;;;;;;;;;0.4108;;;
2270;35.8229;35.4043;16:30:59;;;;;;;;;;;;;0.4186;;;
2271;35.8073;35.4121;16:31:00;;;;;;;;;;;;;0.3952;;;
2272;35.8073;35.3965;16:31:00;;;;;;;;;;;;;0.4108;;;
2273;35.7916;35.3965;16:31:01;;;;;;;;;;;;;0.3951;;;
2274;35.7838;35.3808;16:31:01;;;;;;;;;;;;;0.403;;;
2275;35.776;35.3808;16:31:02;;;;;;;;;;;;;0.3952;;;
2276;35.7682;35.3887;16:31:02;;;;;;;;;;;;;0.3795;;;
2277;35.7603;35.373;16:31:03;;;;;;;;;;;;;0.3873;;;
2278;35.7603;35.3652;16:31:03;;;;;;;;;;;;;0.3951;;;
2279;35.7525;35.373;16:31:04;;;;;;;;;;;;;0.3795;;;
2280;35.7369;35.3574;16:31:04;;;;;;;;;;;;;0.3795;;;
2281;35.729;35.3652;16:31:05;;;;;;;;;;;;;0.3638;;;
2282;35.729;35.3495;16:31:05;;;;;;;;;;;;;0.3795;;;
2283;35.7212;35.3495;16:31:06;;;;;;;;;;;;;0.3717;;;
2284;35.7134;35.3495;16:31:06;;;;;;;;;;;;;0.3639;;;
2285;35.7056;35.3417;16:31:07;;;;;;;;;;;;;0.3639;;;
2286;35.6977;35.3339;16:31:07;;;;;;;;;;;;;0.3638;;;
2287;35.6899;35.3261;16:31:08;;;;;;;;;;;;;0.3638;;;
2288;35.6743;35.3261;16:31:08;;;;;;;;;;;;;0.3482;;;
2289;35.6743;35.3261;16:31:09;;;;;;;;;;;;;0.3482;;;
2290;35.6664;35.3221;16:31:09;;;;;;;;;;;;;0.3443;;;
2291;35.6586;35.3221;16:31:10;;;;;;;;;;;;;0.3365;;;
2292;35.6547;35.3221;16:31:10;;;;;;;;;;;;;0.3326;;;
2293;35.6469;35.3143;16:31:11;;;;;;;;;;;;;0.3326;;;
2294;35.6469;35.3143;16:31:11;;;;;;;;;;;;;0.3326;;;
2295;35.6391;35.3143;16:31:12;;;;;;;;;;;;;0.3248;;;
2296;35.6312;35.3104;16:31:12;;;;;;;;;;;;;0.3208;;;
2297;35.6234;35.3065;16:31:13;;;;;;;;;;;;;0.3169;;;
2298;35.6234;35.2987;16:31:13;;;;;;;;;;;;;0.3247;;;
2299;35.6078;35.2987;16:31:14;;;;;;;;;;;;;0.3091;;;
2300;35.5999;35.2987;16:31:14;;;;;;;;;;;;;0.3012;;;
2301;35.5999;35.2908;16:31:15;;;;;;;;;;;;;0.3091;;;
2302;35.5843;35.283;16:31:15;;;;;;;;;;;;;0.3013;;;
2303;35.5765;35.283;16:31:16;;;;;;;;;;;;;0.2935;;;
2304;35.5765;35.2674;16:31:16;;;;;;;;;;;;;0.3091;;;
2305;35.5686;35.2674;16:31:17;;;;;;;;;;;;;0.3012;;;
2306;35.5608;35.2595;16:31:17;;;;;;;;;;;;;0.3013;;;
2307;35.553;35.2595;16:31:18;;;;;;;;;;;;;0.2935;;;
2308;35.5452;35.2517;16:31:18;;;;;;;;;;;;;0.2935;;;
2309;35.5373;35.2439;16:31:19;;;;;;;;;;;;;0.2934;;;
2310;35.5295;35.2439;16:31:19;;;;;;;;;;;;;0.2856;;;
2311;35.5295;35.2439;16:31:20;;;;;;;;;;;;;0.2856;;;
2312;35.5217;35.2361;16:31:20;;;;;;;;;;;;;0.2856;;;
2313;35.5139;35.2282;16:31:21;;;;;;;;;;;;;0.2857;;;
2314;35.506;35.2282;16:31:21;;;;;;;;;;;;;0.2778;;;
2315;35.4982;35.2204;16:31:22;;;;;;;;;;;;;0.2778;;;
2316;35.4904;35.2204;16:31:22;;;;;;;;;;;;;0.27;;;
2317;35.4904;35.2048;16:31:23;;;;;;;;;;;;;0.2856;;;
2318;35.4747;35.2126;16:31:23;;;;;;;;;;;;;0.2621;;;
2319;35.4826;35.1969;16:31:24;;;;;;;;;;;;;0.2857;;;
2320;35.4747;35.1891;16:31:24;;;;;;;;;;;;;0.2856;;;
2321;35.4591;35.1969;16:31:25;;;;;;;;;;;;;0.2622;;;
2322;35.4591;35.1813;16:31:25;;;;;;;;;;;;;0.2778;;;
2323;35.4434;35.1735;16:31:26;;;;;;;;;;;;;0.2699;;;
2324;35.4473;35.1656;16:31:26;;;;;;;;;;;;;0.2817;;;
2325;35.4473;35.1578;16:31:27;;;;;;;;;;;;;0.2895;;;
2326;35.4434;35.1578;16:31:27;;;;;;;;;;;;;0.2856;;;
2327;35.4356;35.1578;16:31:28;;;;;;;;;;;;;0.2778;;;
2328;35.4356;35.1422;16:31:28;;;;;;;;;;;;;0.2934;;;
2329;35.4317;35.1343;16:31:29;;;;;;;;;;;;;0.2974;;;
2330;35.4317;35.1422;16:31:29;;;;;;;;;;;;;0.2895;;;
2331;35.4278;35.1343;16:31:30;;;;;;;;;;;;;0.2935;;;
2332;35.4239;35.1343;16:31:30;;;;;;;;;;;;;0.2896;;;
2333;35.4239;35.1265;16:31:31;;;;;;;;;;;;;0.2974;;;
2334;35.4082;35.1187;16:31:31;;;;;;;;;;;;;0.2895;;;
2335;35.4082;35.1109;16:31:32;;;;;;;;;;;;;0.2973;;;
2336;35.4004;35.107;16:31:32;;;;;;;;;;;;;0.2934;;;
2337;35.3926;35.103;16:31:33;;;;;;;;;;;;;0.2896;;;
2338;35.4004;35.103;16:31:33;;;;;;;;;;;;;0.2974;;;
2339;35.3769;35.0952;16:31:34;;;;;;;;;;;;;0.2817;;;
2340;35.3769;35.0952;16:31:34;;;;;;;;;;;;;0.2817;;;
2341;35.3691;35.0913;16:31:35;;;;;;;;;;;;;0.2778;;;
2342;35.3613;35.0913;16:31:35;;;;;;;;;;;;;0.27;;;
2343;35.3613;35.0835;16:31:36;;;;;;;;;;;;;0.2778;;;
2344;35.3534;35.0757;16:31:36;;;;;;;;;;;;;0.2777;;;
2345;35.3534;35.0678;16:31:37;;;;;;;;;;;;;0.2856;;;
2346;35.3456;35.06;16:31:37;;;;;;;;;;;;;0.2856;;;
2347;35.33;35.0678;16:31:38;;;;;;;;;;;;;0.2622;;;
2348;35.3221;35.06;16:31:38;;;;;;;;;;;;;0.2621;;;
2349;35.3221;35.0522;16:31:39;;;;;;;;;;;;;0.2699;;;
2350;35.3065;35.0522;16:31:39;;;;;;;;;;;;;0.2543;;;
2351;35.3065;35.0444;16:31:40;;;;;;;;;;;;;0.2621;;;
2352;35.2987;35.0287;16:31:40;;;;;;;;;;;;;0.27;;;
2353;35.2908;35.0365;16:31:41;;;;;;;;;;;;;0.2543;;;
2354;35.2908;35.0287;16:31:41;;;;;;;;;;;;;0.2621;;;
2355;35.283;35.0209;16:31:42;;;;;;;;;;;;;0.2621;;;
2356;35.2752;35.0131;16:31:42;;;;;;;;;;;;;0.2621;;;
2357;35.2752;35.0131;16:31:43;;;;;;;;;;;;;0.2621;;;
2358;35.2595;35.0131;16:31:43;;;;;;;;;;;;;0.2464;;;
2359;35.2595;34.9974;16:31:44;;;;;;;;;;;;;0.2621;;;
2360;35.2517;34.9974;16:31:44;;;;;;;;;;;;;0.2543;;;
2361;35.2517;34.9896;16:31:45;;;;;;;;;;;;;0.2621;;;
2362;35.2439;34.9896;16:31:45;;;;;;;;;;;;;0.2543;;;
2363;35.2361;34.9739;16:31:46;;;;;;;;;;;;;0.2622;;;
2364;35.2361;34.9818;16:31:46;;;;;;;;;;;;;0.2543;;;
2365;35.2282;34.9739;16:31:47;;;;;;;;;;;;;0.2543;;;
2366;35.2282;34.9661;16:31:47;;;;;;;;;;;;;0.2621;;;
2367;35.2204;34.9661;16:31:48;;;;;;;;;;;;;0.2543;;;
2368;35.2165;34.9583;16:31:48;;;;;;;;;;;;;0.2582;;;
2369;35.2165;34.9505;16:31:49;;;;;;;;;;;;;0.266;;;
2370;35.2087;34.9505;16:31:49;;;;;;;;;;;;;0.2582;;;
2371;35.2009;34.9348;16:31:50;;;;;;;;;;;;;0.2661;;;
2372;35.2009;34.9426;16:31:50;;;;;;;;;;;;;0.2583;;;
2373;35.2009;34.927;16:31:51;;;;;;;;;;;;;0.2739;;;
2374;35.1852;34.9348;16:31:51;;;;;;;;;;;;;0.2504;;;
2375;35.1852;34.9192;16:31:52;;;;;;;;;;;;;0.266;;;
2376;35.1774;34.9113;16:31:52;;;;;;;;;;;;;0.2661;;;
2377;35.1696;34.9113;16:31:53;;;;;;;;;;;;;0.2583;;;
2378;35.1774;34.9035;16:31:53;;;;;;;;;;;;;0.2739;;;
2379;35.1539;34.9035;16:31:54;;;;;;;;;;;;;0.2504;;;
2380;35.1617;34.8918;16:31:54;;;;;;;;;;;;;0.2699;;;
2381;35.1461;34.8918;16:31:55;;;;;;;;;;;;;0.2543;;;
2382;35.1539;34.8879;16:31:55;;;;;;;;;;;;;0.266;;;
2383;35.1383;34.8879;16:31:56;;;;;;;;;;;;;0.2504;;;
2384;35.1304;34.8839;16:31:56;;;;;;;;;;;;;0.2465;;;
2385;35.1226;34.8839;16:31:57;;;;;;;;;;;;;0.2387;;;
2386;35.1148;34.88;16:31:57;;;;;;;;;;;;;0.2348;;;
2387;35.0991;34.88;16:31:58;;;;;;;;;;;;;0.2191;;;
2388;35.0991;34.8761;16:31:58;;;;;;;;;;;;;0.223;;;
2389;35.0913;34.8683;16:31:59;;;;;;;;;;;;;0.223;;;
2390;35.0991;34.8683;16:31:59;;;;;;;;;;;;;0.2308;;;
2391;35.0913;34.8683;16:32:00;;;;;;;;;;;;;0.223;;;
2392;35.0835;34.8605;16:32:00;;;;;;;;;;;;;0.223;;;
2393;35.0835;34.8605;16:32:01;;;;;;;;;;;;;0.223;;;
2394;35.0757;34.8448;16:32:01;;;;;;;;;;;;;0.2309;;;
2395;35.0678;34.8526;16:32:02;;;;;;;;;;;;;0.2152;;;
2396;35.06;34.837;16:32:02;;;;;;;;;;;;;0.223;;;
2397;35.0522;34.8292;16:32:03;;;;;;;;;;;;;0.223;;;
2398;35.0522;34.837;16:32:03;;;;;;;;;;;;;0.2152;;;
2399;35.0444;34.8213;16:32:04;;;;;;;;;;;;;0.2231;;;
2400;35.0365;34.8135;16:32:04;;;;;;;;;;;;;0.223;;;
2401;35.0287;34.8135;16:32:05;;;;;;;;;;;;;0.2152;;;
2402;35.0287;34.8057;16:32:05;;;;;;;;;;;;;0.223;;;
2403;35.0131;34.8057;16:32:06;;;;;;;;;;;;;0.2074;;;
2404;35.0131;34.8057;16:32:06;;;;;;;;;;;;;0.2074;;;
2405;35.0052;34.7979;16:32:07;;;;;;;;;;;;;0.2073;;;
2406;35.0052;34.79;16:32:07;;;;;;;;;;;;;0.2152;;;
2407;35.0013;34.79;16:32:08;;;;;;;;;;;;;0.2113;;;
2408;34.9974;34.7744;16:32:08;;;;;;;;;;;;;0.223;;;
2409;35.0013;34.7822;16:32:09;;;;;;;;;;;;;0.2191;;;
2410;34.9974;34.7744;16:32:09;;;;;;;;;;;;;0.223;;;
2411;34.9974;34.7744;16:32:10;;;;;;;;;;;;;0.223;;;
2412;34.9935;34.7744;16:32:10;;;;;;;;;;;;;0.2191;;;
2413;35.0013;34.7822;16:32:11;;;;;;;;;;;;;0.2191;;;
2414;35.0052;34.7744;16:32:11;;;;;;;;;;;;;0.2308;;;
2415;35.0131;34.7979;16:32:12;;;;;;;;;;;;;0.2152;;;
2416;35.0444;34.8057;16:32:12;;;;;;;;;;;;;0.2387;;;
2417;35.06;34.8213;16:32:13;;;;;;;;;;;;;0.2387;;;
2418;35.0835;34.837;16:32:13;;;;;;;;;;;;;0.2465;;;
2419;35.1148;34.8526;16:32:14;;;;;;;;;;;;;0.2622;;;
2420;35.1383;34.8683;16:32:14;;;;;;;;;;;;;0.27;;;
2421;35.1696;34.88;16:32:15;;;;;;;;;;;;;0.2896;;;
2422;35.1969;34.8957;16:32:15;;;;;;;;;;;;;0.3012;;;
2423;35.2165;34.9113;16:32:16;;;;;;;;;;;;;0.3052;;;
2424;35.2439;34.9348;16:32:16;;;;;;;;;;;;;0.3091;;;
2425;35.283;34.9583;16:32:17;;;;;;;;;;;;;0.3247;;;
2426;35.3143;34.9818;16:32:17;;;;;;;;;;;;;0.3325;;;
2427;35.3613;35.0052;16:32:18;;;;;;;;;;;;;0.3561;;;
2428;35.3926;35.0365;16:32:18;;;;;;;;;;;;;0.3561;;;
2429;35.42;35.0522;16:32:19;;;;;;;;;;;;;0.3678;;;
2430;35.4473;35.0913;16:32:19;;;;;;;;;;;;;0.356;;;
2431;35.4826;35.103;16:32:20;;;;;;;;;;;;;0.3796;;;
2432;35.5217;35.1226;16:32:20;;;;;;;;;;;;;0.3991;;;
2433;35.5608;35.1656;16:32:21;;;;;;;;;;;;;0.3952;;;
2434;35.5999;35.1813;16:32:21;;;;;;;;;;;;;0.4186;;;
2435;35.6351;35.2048;16:32:22;;;;;;;;;;;;;0.4303;;;
2436;35.6743;35.2361;16:32:22;;;;;;;;;;;;;0.4382;;;
2437;35.7212;35.2595;16:32:23;;;;;;;;;;;;;0.4617;;;
2438;35.7682;35.2987;16:32:23;;;;;;;;;;;;;0.4695;;;
2439;35.8073;35.3143;16:32:24;;;;;;;;;;;;;0.493;;;
2440;35.8464;35.3339;16:32:24;;;;;;;;;;;;;0.5125;;;
2441;35.8816;35.3652;16:32:25;;;;;;;;;;;;;0.5164;;;
2442;35.9208;35.3965;16:32:25;;;;;;;;;;;;;0.5243;;;
2443;35.9755;35.4278;16:32:26;;;;;;;;;;;;;0.5477;;;
2444;36.0147;35.4591;16:32:26;;;;;;;;;;;;;0.5556;;;
2445;36.042;35.4786;16:32:27;;;;;;;;;;;;;0.5634;;;
2446;36.0812;35.5021;16:32:27;;;;;;;;;;;;;0.5791;;;
2447;36.1281;35.5178;16:32:28;;;;;;;;;;;;;0.6103;;;
2448;36.1672;35.5334;16:32:28;;;;;;;;;;;;;0.6338;;;
2449;36.1985;35.5569;16:32:29;;;;;;;;;;;;;0.6416;;;
2450;36.2298;35.5804;16:32:29;;;;;;;;;;;;;0.6494;;;
2451;36.2533;35.596;16:32:30;;;;;;;;;;;;;0.6573;;;
2452;36.2611;35.6117;16:32:30;;;;;;;;;;;;;0.6494;;;
2453;36.2729;35.6195;16:32:31;;;;;;;;;;;;;0.6534;;;
2454;36.2964;35.6351;16:32:31;;;;;;;;;;;;;0.6613;;;
2455;36.3042;35.643;16:32:32;;;;;;;;;;;;;0.6612;;;
2456;36.3277;35.6586;16:32:32;;;;;;;;;;;;;0.6691;;;
2457;36.3433;35.6664;16:32:33;;;;;;;;;;;;;0.6769;;;
2458;36.3511;35.6664;16:32:33;;;;;;;;;;;;;0.6847;;;
2459;36.3668;35.6743;16:32:34;;;;;;;;;;;;;0.6925;;;
2460;36.3668;35.6821;16:32:34;;;;;;;;;;;;;0.6847;;;
2461;36.3824;35.6821;16:32:35;;;;;;;;;;;;;0.7003;;;
2462;36.3903;35.6899;16:32:35;;;;;;;;;;;;;0.7004;;;
2463;36.3903;35.6899;16:32:36;;;;;;;;;;;;;0.7004;;;
2464;36.3903;35.6899;16:32:36;;;;;;;;;;;;;0.7004;;;
2465;36.3981;35.7017;16:32:37;;;;;;;;;;;;;0.6964;;;
2466;36.3981;35.7017;16:32:37;;;;;;;;;;;;;0.6964;;;
2467;36.4059;35.7056;16:32:38;;;;;;;;;;;;;0.7003;;;
2468;36.3903;35.7017;16:32:38;;;;;;;;;;;;;0.6886;;;
2469;36.3981;35.7056;16:32:39;;;;;;;;;;;;;0.6925;;;
2470;36.3981;35.7056;16:32:39;;;;;;;;;;;;;0.6925;;;
2471;36.3903;35.7056;16:32:40;;;;;;;;;;;;;0.6847;;;
2472;36.3824;35.7056;16:32:40;;;;;;;;;;;;;0.6768;;;
2473;36.3824;35.7095;16:32:41;;;;;;;;;;;;;0.6729;;;
2474;36.3746;35.7095;16:32:41;;;;;;;;;;;;;0.6651;;;
2475;36.3668;35.7134;16:32:42;;;;;;;;;;;;;0.6534;;;
2476;36.3511;35.7095;16:32:42;;;;;;;;;;;;;0.6416;;;
2477;36.3668;35.7134;16:32:43;;;;;;;;;;;;;0.6534;;;
2478;36.3511;35.7134;16:32:43;;;;;;;;;;;;;0.6377;;;
2479;36.3433;35.7095;16:32:44;;;;;;;;;;;;;0.6338;;;
2480;36.3355;35.7134;16:32:44;;;;;;;;;;;;;0.6221;;;
2481;36.3277;35.7095;16:32:45;;;;;;;;;;;;;0.6182;;;
2482;36.3277;35.7095;16:32:45;;;;;;;;;;;;;0.6182;;;
2483;36.3198;35.7056;16:32:46;;;;;;;;;;;;;0.6142;;;
2484;36.3198;35.7017;16:32:46;;;;;;;;;;;;;0.6181;;;
2485;36.3042;35.7017;16:32:47;;;;;;;;;;;;;0.6025;;;
2486;36.3042;35.7017;16:32:47;;;;;;;;;;;;;0.6025;;;
2487;36.3042;35.6977;16:32:48;;;;;;;;;;;;;0.6065;;;
2488;36.2885;35.6977;16:32:48;;;;;;;;;;;;;0.5908;;;
2489;36.2885;35.6977;16:32:49;;;;;;;;;;;;;0.5908;;;
2490;36.2729;35.6977;16:32:49;;;;;;;;;;;;;0.5752;;;
2491;36.2729;35.6899;16:32:50;;;;;;;;;;;;;0.583;;;
2492;36.2611;35.6899;16:32:50;;;;;;;;;;;;;0.5712;;;
2493;36.2611;35.6899;16:32:51;;;;;;;;;;;;;0.5712;;;
2494;36.2533;35.6899;16:32:51;;;;;;;;;;;;;0.5634;;;
2495;36.2494;35.6743;16:32:52;;;;;;;;;;;;;0.5751;;;
2496;36.2377;35.6743;16:32:52;;;;;;;;;;;;;0.5634;;;
2497;36.2298;35.6664;16:32:53;;;;;;;;;;;;;0.5634;;;
2498;36.2142;35.6586;16:32:53;;;;;;;;;;;;;0.5556;;;
2499;36.2064;35.6586;16:32:54;;;;;;;;;;;;;0.5478;;;
2500;36.1985;35.6508;16:32:54;;;;;;;;;;;;;0.5477;;;
2501;36.1907;35.6508;16:32:55;;;;;;;;;;;;;0.5399;;;
2502;36.1829;35.643;16:32:55;;;;;;;;;;;;;0.5399;;;
2503;36.1672;35.6195;16:32:56;;;;;;;;;;;;;0.5477;;;
2504;36.1594;35.6117;16:32:56;;;;;;;;;;;;;0.5477;;;
2505;36.1438;35.6038;16:32:57;;;;;;;;;;;;;0.54;;;
2506;36.1438;35.6038;16:32:57;;;;;;;;;;;;;0.54;;;
2507;36.1203;35.5882;16:32:58;;;;;;;;;;;;;0.5321;;;
2508;36.1125;35.5882;16:32:58;;;;;;;;;;;;;0.5243;;;
2509;36.0968;35.5647;16:32:59;;;;;;;;;;;;;0.5321;;;
2510;36.0968;35.5647;16:32:59;;;;;;;;;;;;;0.5321;;;
2511;36.0812;35.5647;16:33:00;;;;;;;;;;;;;0.5165;;;
2512;36.0812;35.5491;16:33:00;;;;;;;;;;;;;0.5321;;;
2513;36.0655;35.5491;16:33:01;;;;;;;;;;;;;0.5164;;;
2514;36.0577;35.5412;16:33:01;;;;;;;;;;;;;0.5165;;;
2515;36.0577;35.5412;16:33:02;;;;;;;;;;;;;0.5165;;;
2516;36.0499;35.5412;16:33:02;;;;;;;;;;;;;0.5087;;;
2517;36.046;35.5334;16:33:03;;;;;;;;;;;;;0.5126;;;
2518;36.0381;35.5334;16:33:03;;;;;;;;;;;;;0.5047;;;
2519;36.0381;35.5256;16:33:04;;;;;;;;;;;;;0.5125;;;
2520;36.0381;35.5256;16:33:04;;;;;;;;;;;;;0.5125;;;
2521;36.0303;35.5256;16:33:05;;;;;;;;;;;;;0.5047;;;
2522;36.0342;35.5099;16:33:05;;;;;;;;;;;;;0.5243;;;
2523;36.0225;35.5178;16:33:06;;;;;;;;;;;;;0.5047;;;
2524;36.0147;35.5021;16:33:06;;;;;;;;;;;;;0.5126;;;
2525;36.0068;35.5099;16:33:07;;;;;;;;;;;;;0.4969;;;
2526;36.0068;35.5021;16:33:07;;;;;;;;;;;;;0.5047;;;
2527;35.999;35.5021;16:33:08;;;;;;;;;;;;;0.4969;;;
2528;35.9912;35.506;16:33:08;;;;;;;;;;;;;0.4852;;;
2529;35.9912;35.5021;16:33:09;;;;;;;;;;;;;0.4891;;;
2530;35.9834;35.4982;16:33:09;;;;;;;;;;;;;0.4852;;;
2531;35.9834;35.4943;16:33:10;;;;;;;;;;;;;0.4891;;;
2532;35.9755;35.4943;16:33:10;;;;;;;;;;;;;0.4812;;;
2533;35.9599;35.4904;16:33:11;;;;;;;;;;;;;0.4695;;;
2534;35.9521;35.4826;16:33:11;;;;;;;;;;;;;0.4695;;;
2535;35.9442;35.4786;16:33:12;;;;;;;;;;;;;0.4656;;;
2536;35.9286;35.4747;16:33:12;;;;;;;;;;;;;0.4539;;;
2537;35.9286;35.4513;16:33:13;;;;;;;;;;;;;0.4773;;;
2538;35.9129;35.4513;16:33:13;;;;;;;;;;;;;0.4616;;;
2539;35.9129;35.4434;16:33:14;;;;;;;;;;;;;0.4695;;;
2540;35.8895;35.4356;16:33:14;;;;;;;;;;;;;0.4539;;;
2541;35.8895;35.4356;16:33:15;;;;;;;;;;;;;0.4539;;;
2542;35.8699;35.4278;16:33:15;;;;;;;;;;;;;0.4421;;;
2543;35.866;35.42;16:33:16;;;;;;;;;;;;;0.446;;;
2544;35.8621;35.42;16:33:16;;;;;;;;;;;;;0.4421;;;
2545;35.8582;35.4043;16:33:17;;;;;;;;;;;;;0.4539;;;
2546;35.8464;35.4043;16:33:17;;;;;;;;;;;;;0.4421;;;
2547;35.8308;35.3965;16:33:18;;;;;;;;;;;;;0.4343;;;
2548;35.8308;35.3887;16:33:18;;;;;;;;;;;;;0.4421;;;
2549;35.8229;35.3887;16:33:19;;;;;;;;;;;;;0.4342;;;
2550;35.8151;35.3887;16:33:19;;;;;;;;;;;;;0.4264;;;
2551;35.8151;35.373;16:33:20;;;;;;;;;;;;;0.4421;;;
2552;35.7995;35.373;16:33:20;;;;;;;;;;;;;0.4265;;;
2553;35.7916;35.3652;16:33:21;;;;;;;;;;;;;0.4264;;;
2554;35.7916;35.3652;16:33:21;;;;;;;;;;;;;0.4264;;;
2555;35.776;35.3652;16:33:22;;;;;;;;;;;;;0.4108;;;
2556;35.776;35.3574;16:33:22;;;;;;;;;;;;;0.4186;;;
2557;35.776;35.3495;16:33:23;;;;;;;;;;;;;0.4265;;;
2558;35.7603;35.3495;16:33:23;;;;;;;;;;;;;0.4108;;;
2559;35.7525;35.3495;16:33:24;;;;;;;;;;;;;0.403;;;
2560;35.7369;35.3417;16:33:24;;;;;;;;;;;;;0.3952;;;
2561;35.7447;35.3417;16:33:25;;;;;;;;;;;;;0.403;;;
2562;35.7212;35.3339;16:33:25;;;;;;;;;;;;;0.3873;;;
2563;35.7134;35.3339;16:33:26;;;;;;;;;;;;;0.3795;;;
2564;35.7134;35.3221;16:33:26;;;;;;;;;;;;;0.3913;;;
2565;35.6977;35.3221;16:33:27;;;;;;;;;;;;;0.3756;;;
2566;35.6977;35.3221;16:33:27;;;;;;;;;;;;;0.3756;;;
2567;35.6821;35.3182;16:33:28;;;;;;;;;;;;;0.3639;;;
2568;35.6821;35.3221;16:33:28;;;;;;;;;;;;;0.36;;;
2569;35.6664;35.3182;16:33:29;;;;;;;;;;;;;0.3482;;;
2570;35.6586;35.3143;16:33:29;;;;;;;;;;;;;0.3443;;;
2571;35.6586;35.3143;16:33:30;;;;;;;;;;;;;0.3443;;;
2572;35.6547;35.3104;16:33:30;;;;;;;;;;;;;0.3443;;;
2573;35.6469;35.3065;16:33:31;;;;;;;;;;;;;0.3404;;;
2574;35.6469;35.3065;16:33:31;;;;;;;;;;;;;0.3404;;;
2575;35.6391;35.2987;16:33:32;;;;;;;;;;;;;0.3404;;;
2576;35.6312;35.283;16:33:32;;;;;;;;;;;;;0.3482;;;
2577;35.6234;35.283;16:33:33;;;;;;;;;;;;;0.3404;;;
2578;35.6078;35.283;16:33:33;;;;;;;;;;;;;0.3248;;;
2579;35.6078;35.2674;16:33:34;;;;;;;;;;;;;0.3404;;;
2580;35.5999;35.2674;16:33:34;;;;;;;;;;;;;0.3325;;;
2581;35.5921;35.2674;16:33:35;;;;;;;;;;;;;0.3247;;;
2582;35.5921;35.2595;16:33:35;;;;;;;;;;;;;0.3326;;;
2583;35.5843;35.2595;16:33:36;;;;;;;;;;;;;0.3248;;;
2584;35.5765;35.2595;16:33:36;;;;;;;;;;;;;0.317;;;
2585;35.5765;35.2595;16:33:37;;;;;;;;;;;;;0.317;;;
2586;35.5608;35.2517;16:33:37;;;;;;;;;;;;;0.3091;;;
2587;35.5686;35.2439;16:33:38;;;;;;;;;;;;;0.3247;;;
2588;35.5608;35.2517;16:33:38;;;;;;;;;;;;;0.3091;;;
2589;35.553;35.2361;16:33:39;;;;;;;;;;;;;0.3169;;;
2590;35.553;35.2282;16:33:39;;;;;;;;;;;;;0.3248;;;
2591;35.553;35.2204;16:33:40;;;;;;;;;;;;;0.3326;;;
2592;35.5373;35.2204;16:33:40;;;;;;;;;;;;;0.3169;;;
2593;35.5452;35.2204;16:33:41;;;;;;;;;;;;;0.3248;;;
2594;35.5295;35.2048;16:33:41;;;;;;;;;;;;;0.3247;;;
2595;35.5295;35.2126;16:33:42;;;;;;;;;;;;;0.3169;;;
2596;35.5139;35.1969;16:33:42;;;;;;;;;;;;;0.317;;;
2597;35.506;35.2048;16:33:43;;;;;;;;;;;;;0.3012;;;
2598;35.506;35.1969;16:33:43;;;;;;;;;;;;;0.3091;;;
2599;35.4982;35.1969;16:33:44;;;;;;;;;;;;;0.3013;;;
2600;35.4982;35.1891;16:33:44;;;;;;;;;;;;;0.3091;;;
2601;35.4904;35.1891;16:33:45;;;;;;;;;;;;;0.3013;;;
2602;35.4904;35.1735;16:33:45;;;;;;;;;;;;;0.3169;;;
2603;35.4826;35.1656;16:33:46;;;;;;;;;;;;;0.317;;;
2604;35.4826;35.1656;16:33:46;;;;;;;;;;;;;0.317;;;
2605;35.4669;35.1656;16:33:47;;;;;;;;;;;;;0.3013;;;
2606;35.4591;35.15;16:33:47;;;;;;;;;;;;;0.3091;;;
2607;35.4591;35.1422;16:33:48;;;;;;;;;;;;;0.3169;;;
2608;35.4513;35.1422;16:33:48;;;;;;;;;;;;;0.3091;;;
2609;35.4434;35.1343;16:33:49;;;;;;;;;;;;;0.3091;;;
2610;35.4356;35.1422;16:33:49;;;;;;;;;;;;;0.2934;;;
2611;35.4317;35.1343;16:33:50;;;;;;;;;;;;;0.2974;;;
2612;35.4317;35.1343;16:33:50;;;;;;;;;;;;;0.2974;;;
2613;35.4082;35.1265;16:33:51;;;;;;;;;;;;;0.2817;;;
2614;35.4004;35.1187;16:33:51;;;;;;;;;;;;;0.2817;;;
2615;35.3847;35.1187;16:33:52;;;;;;;;;;;;;0.266;;;
2616;35.3847;35.1109;16:33:52;;;;;;;;;;;;;0.2738;;;
2617;35.3769;35.107;16:33:53;;;;;;;;;;;;;0.2699;;;
2618;35.3613;35.0991;16:33:53;;;;;;;;;;;;;0.2622;;;
2619;35.3613;35.0991;16:33:54;;;;;;;;;;;;;0.2622;;;
2620;35.3613;35.0991;16:33:54;;;;;;;;;;;;;0.2622;;;
2621;35.3456;35.0952;16:33:55;;;;;;;;;;;;;0.2504;;;
2622;35.3378;35.0913;16:33:55;;;;;;;;;;;;;0.2465;;;
2623;35.33;35.0913;16:33:56;;;;;;;;;;;;;0.2387;;;
2624;35.3221;35.0757;16:33:56;;;;;;;;;;;;;0.2464;;;
2625;35.3143;35.0757;16:33:57;;;;;;;;;;;;;0.2386;;;
2626;35.3065;35.06;16:33:57;;;;;;;;;;;;;0.2465;;;
2627;35.2987;35.06;16:33:58;;;;;;;;;;;;;0.2387;;;
2628;35.2987;35.0522;16:33:58;;;;;;;;;;;;;0.2465;;;
