Number;DT1;DT2;DT3;DT4;DT5;DT6;DT7;DT8;Time
3;28.127;28.0331;-256.751;-256.254;-256.684;-256.888;-256.95;-255.988;10:10:42
4;28.127;28.0331;-256.751;-256.254;-256.692;-256.888;-256.958;-255.996;10:10:42
5;28.127;28.0331;-256.755;-256.254;-256.684;-256.895;-256.958;-255.996;10:10:43
6;28.1192;28.0331;-256.751;-256.262;-256.692;-256.888;-256.95;-255.988;10:10:43
7;28.1192;28.0292;-256.755;-256.254;-256.684;-256.895;-256.95;-256.003;10:10:44
8;28.127;28.0331;-256.751;-256.254;-256.692;-256.895;-256.95;-255.996;10:10:44
9;28.1192;28.0331;-256.755;-256.254;-256.692;-256.888;-256.935;-256.003;10:10:45
10;28.1192;28.0331;-256.755;-256.254;-256.692;-256.888;-256.95;-255.996;10:10:45
11;28.127;28.0292;-256.755;-256.25;-256.684;-256.895;-256.942;-255.996;10:10:46
12;28.1114;28.0331;-256.755;-256.254;-256.684;-256.895;-256.942;-255.996;10:10:46
13;28.1114;28.0331;-256.755;-256.254;-256.692;-256.888;-256.942;-256.003;10:10:47
14;28.1114;28.0331;-256.751;-256.258;-256.692;-256.895;-256.942;-255.996;10:10:47
15;28.1114;28.0292;-256.755;-256.265;-256.684;-256.895;-256.942;-255.996;10:10:48
16;28.1114;28.0292;-256.755;-256.258;-256.692;-256.895;-256.95;-255.996;10:10:48
17;28.1114;28.0331;-256.755;-256.25;-256.692;-256.888;-256.942;-256.003;10:10:49
18;28.1114;28.0292;-256.755;-256.25;-256.684;-256.903;-256.942;-255.996;10:10:49
19;28.1036;28.0214;-256.751;-256.25;-256.7;-256.888;-256.942;-255.996;10:10:50
20;28.1114;28.0214;-256.755;-256.254;-256.692;-256.895;-256.942;-255.996;10:10:50
21;28.1036;28.0214;-256.755;-256.254;-256.692;-256.895;-256.942;-255.996;10:10:51
22;28.1114;28.0214;-256.755;-256.254;-256.684;-256.895;-256.935;-255.996;10:10:51
23;28.1114;28.0292;-256.751;-256.254;-256.692;-256.888;-256.942;-255.996;10:10:52
24;28.1036;28.0214;-256.751;-256.254;-256.692;-256.895;-256.935;-255.996;10:10:52
25;28.1036;28.0214;-256.755;-256.254;-256.7;-256.895;-256.95;-256.003;10:10:53
26;28.1114;28.0214;-256.755;-256.254;-256.692;-256.895;-256.935;-255.996;10:10:53
27;28.1036;28.0214;-256.747;-256.254;-256.692;-256.895;-256.942;-255.996;10:10:54
28;28.1036;28.0214;-256.751;-256.258;-256.692;-256.895;-256.942;-255.988;10:10:54
29;28.1036;28.0292;-256.751;-256.258;-256.692;-256.895;-256.935;-255.996;10:10:55
30;28.1036;28.0214;-256.751;-256.254;-256.692;-256.895;-256.935;-255.996;10:10:55
31;28.1036;28.0136;-256.755;-256.254;-256.684;-256.895;-256.935;-255.988;10:10:56
32;28.0957;28.0292;-256.755;-256.254;-256.692;-256.888;-256.942;-255.996;10:10:56
33;28.1036;28.0214;-256.751;-256.254;-256.684;-256.888;-256.935;-255.996;10:10:57
34;28.1036;28.0292;-256.755;-256.254;-256.684;-256.903;-256.935;-255.996;10:10:57
35;28.1036;28.0214;-256.755;-256.262;-256.692;-256.888;-256.935;-255.996;10:10:58
36;28.1036;28.0214;-256.755;-256.254;-256.692;-256.895;-256.942;-255.996;10:10:58
37;28.1114;28.0292;-256.751;-256.262;-256.684;-256.895;-256.942;-255.996;10:10:59
38;28.1036;28.0136;-256.755;-256.262;-256.692;-256.895;-256.935;-256.003;10:10:59
39;28.1036;28.0214;-256.751;-256.262;-256.684;-256.895;-256.942;-255.996;10:11:00
40;28.1036;28.0214;-256.755;-256.262;-256.7;-256.895;-256.935;-255.996;10:11:00
41;28.1036;28.0292;-256.751;-256.262;-256.692;-256.895;-256.942;-256.003;10:11:01
42;28.1036;28.0214;-256.751;-256.254;-256.692;-256.895;-256.942;-255.996;10:11:01
43;28.1114;28.0292;-256.751;-256.258;-256.692;-256.895;-256.942;-255.996;10:11:02
44;28.1114;28.0214;-256.758;-256.258;-256.692;-256.895;-256.942;-255.996;10:11:02
45;28.1114;28.0214;-256.755;-256.254;-256.692;-256.895;-256.942;-255.996;10:11:03
46;28.1114;28.0214;-256.755;-256.262;-256.692;-256.895;-256.935;-255.996;10:11:03
47;28.1192;28.0214;-256.755;-256.254;-256.7;-256.888;-256.942;-255.996;10:11:04
48;28.1114;28.0292;-256.751;-256.262;-256.684;-256.895;-256.935;-255.996;10:11:04
49;28.1192;28.0292;-256.755;-256.254;-256.692;-256.888;-256.942;-255.996;10:11:05
50;28.127;28.0214;-256.747;-256.254;-256.684;-256.895;-256.942;-255.988;10:11:05
51;28.127;28.0292;-256.755;-256.254;-256.684;-256.903;-256.942;-255.996;10:11:06
52;28.1192;28.0214;-256.751;-256.254;-256.692;-256.888;-256.942;-255.996;10:11:06
53;28.127;28.0331;-256.755;-256.254;-256.684;-256.895;-256.95;-255.996;10:11:07
54;28.127;28.0292;-256.751;-256.254;-256.692;-256.895;-256.95;-256.003;10:11:07
55;28.127;28.0292;-256.751;-256.254;-256.676;-256.895;-256.95;-256.003;10:11:08
56;28.127;28.0292;-256.751;-256.25;-256.684;-256.895;-256.95;-255.988;10:11:08
57;28.1349;28.0292;-256.755;-256.254;-256.684;-256.888;-256.95;-255.996;10:11:09
58;28.1349;28.0331;-256.747;-256.254;-256.692;-256.895;-256.95;-256.003;10:11:09
59;28.1427;28.0331;-256.751;-256.254;-256.684;-256.895;-256.942;-256.003;10:11:10
60;28.1349;28.0331;-256.755;-256.254;-256.684;-256.888;-256.95;-255.996;10:11:10
61;28.1427;28.0331;-256.751;-256.254;-256.684;-256.895;-256.942;-255.996;10:11:11
62;28.1349;28.0331;-256.751;-256.254;-256.684;-256.895;-256.942;-255.996;10:11:11
63;28.1427;28.0331;-256.739;-256.254;-256.684;-256.895;-256.935;-255.996;10:11:12
64;28.1427;28.0292;-256.747;-256.254;-256.684;-256.903;-256.95;-256.003;10:11:12
65;28.1505;28.0331;-256.751;-256.254;-256.684;-256.895;-256.95;-255.988;10:11:13
66;28.1427;28.0331;-256.755;-256.254;-256.684;-256.895;-256.95;-256.003;10:11:13
67;28.1505;28.037;-256.755;-256.254;-256.692;-256.903;-256.95;-255.996;10:11:14
68;28.1505;28.0331;-256.751;-256.254;-256.684;-256.895;-256.95;-256.003;10:11:14
69;28.1427;28.037;-256.755;-256.254;-256.692;-256.895;-256.942;-255.988;10:11:15
70;28.1505;28.0331;-256.751;-256.262;-256.684;-256.903;-256.942;-256.003;10:11:15
71;28.1427;28.037;-256.755;-256.254;-256.692;-256.895;-256.935;-255.996;10:11:16
72;28.1427;28.041;-256.751;-256.254;-256.692;-256.903;-256.942;-256.003;10:11:16
73;28.1505;28.037;-256.751;-256.254;-256.7;-256.895;-256.935;-255.996;10:11:17
74;28.1505;28.041;-256.755;-256.254;-256.692;-256.903;-256.942;-256.003;10:11:17
75;28.1505;28.037;-256.751;-256.254;-256.684;-256.895;-256.935;-256.003;10:11:18
76;28.1505;28.0331;-256.747;-256.262;-256.7;-256.888;-256.942;-256.003;10:11:18
77;28.1662;28.037;-256.751;-256.254;-256.692;-256.895;-256.942;-256.003;10:11:19
78;28.1583;28.041;-256.755;-256.254;-256.692;-256.888;-256.935;-256.011;10:11:19
79;28.1701;28.041;-256.751;-256.258;-256.692;-256.895;-256.942;-255.996;10:11:20
80;28.1662;28.041;-256.751;-256.262;-256.692;-256.888;-256.942;-256.003;10:11:20
81;28.1662;28.041;-256.751;-256.254;-256.7;-256.888;-256.935;-256.003;10:11:21
82;28.1701;28.0449;-256.755;-256.254;-256.684;-256.895;-256.935;-255.996;10:11:21
83;28.1662;28.041;-256.751;-256.254;-256.692;-256.895;-256.935;-256.003;10:11:22
84;28.1701;28.0449;-256.751;-256.254;-256.692;-256.895;-256.942;-256.003;10:11:22
85;28.1701;28.037;-256.751;-256.254;-256.684;-256.895;-256.942;-256.003;10:11:23
86;28.1701;28.0449;-256.755;-256.254;-256.684;-256.888;-256.942;-256.003;10:11:23
87;28.1662;28.041;-256.751;-256.262;-256.684;-256.895;-256.95;-256.011;10:11:24
88;28.174;28.041;-256.755;-256.25;-256.684;-256.88;-256.95;-256.003;10:11:24
89;28.1701;28.041;-256.755;-256.254;-256.692;-256.888;-256.942;-256.003;10:11:25
90;28.174;28.041;-256.751;-256.262;-256.684;-256.888;-256.95;-255.996;10:11:25
91;28.174;28.0449;-256.755;-256.254;-256.692;-256.88;-256.942;-255.996;10:11:26
92;28.1779;28.041;-256.755;-256.262;-256.692;-256.88;-256.95;-256.003;10:11:26
93;28.1779;28.0449;-256.751;-256.254;-256.692;-256.888;-256.942;-255.988;10:11:27
94;28.1818;28.0449;-256.755;-256.262;-256.692;-256.895;-256.942;-256.003;10:11:27
95;28.1779;28.0449;-256.755;-256.254;-256.692;-256.895;-256.95;-255.996;10:11:28
96;28.1818;28.0488;-256.755;-256.262;-256.684;-256.888;-256.95;-256.003;10:11:28
97;28.1818;28.0449;-256.755;-256.254;-256.692;-256.888;-256.958;-256.011;10:11:29
98;28.1857;28.0449;-256.751;-256.262;-256.692;-256.895;-256.942;-256.003;10:11:29
99;28.1818;28.0488;-256.755;-256.262;-256.684;-256.88;-256.942;-256.011;10:11:30
100;28.1818;28.0527;-256.755;-256.254;-256.684;-256.888;-256.95;-256.003;10:11:30
101;28.1818;28.0566;-256.751;-256.254;-256.684;-256.888;-256.942;-256.003;10:11:31
102;28.1857;28.0566;-256.755;-256.254;-256.692;-256.888;-256.935;-256.003;10:11:31
103;28.1857;28.0488;-256.755;-256.254;-256.684;-256.888;-256.942;-256.003;10:11:32
104;28.1857;28.0566;-256.755;-256.262;-256.692;-256.888;-256.942;-256.011;10:11:32
105;28.1818;28.0488;-256.751;-256.254;-256.692;-256.888;-256.942;-255.996;10:11:33
106;28.1935;28.0566;-256.755;-256.262;-256.692;-256.888;-256.942;-256.003;10:11:33
107;28.1857;28.0644;-256.755;-256.254;-256.692;-256.895;-256.942;-255.996;10:11:34
108;28.1935;28.0566;-256.755;-256.254;-256.692;-256.888;-256.942;-256.003;10:11:34
109;28.1935;28.0566;-256.755;-256.262;-256.7;-256.88;-256.95;-256.003;10:11:35
110;28.1935;28.0644;-256.755;-256.262;-256.684;-256.888;-256.935;-255.996;10:11:35
111;28.2014;28.0566;-256.751;-256.254;-256.692;-256.888;-256.942;-256.003;10:11:36
112;28.1857;28.0566;-256.755;-256.262;-256.692;-256.888;-256.95;-256.003;10:11:36
113;28.1935;28.0644;-256.751;-256.254;-256.692;-256.895;-256.95;-255.996;10:11:37
114;28.1935;28.0644;-256.755;-256.254;-256.692;-256.888;-256.942;-256.003;10:11:37
115;28.2014;28.0723;-256.755;-256.262;-256.692;-256.895;-256.95;-256.003;10:11:38
116;28.2014;28.0644;-256.755;-256.262;-256.692;-256.895;-256.942;-256.003;10:11:38
117;28.2014;28.0644;-256.751;-256.262;-256.692;-256.895;-256.942;-256.003;10:11:39
118;28.2092;28.0723;-256.747;-256.254;-256.692;-256.888;-256.95;-256.003;10:11:39
119;28.2014;28.0723;-256.751;-256.262;-256.692;-256.895;-256.935;-256.003;10:11:40
120;28.2092;28.0723;-256.751;-256.262;-256.692;-256.895;-256.95;-256.003;10:11:40
121;28.2014;28.0723;-256.751;-256.262;-256.7;-256.888;-256.95;-256.003;10:11:41
122;28.217;28.0723;-256.755;-256.254;-256.692;-256.895;-256.942;-256.003;10:11:41
123;28.217;28.0723;-256.758;-256.262;-256.692;-256.895;-256.942;-256.003;10:11:42
124;28.2092;28.0801;-256.755;-256.262;-256.684;-256.895;-256.942;-256.011;10:11:42
125;28.217;28.0723;-256.755;-256.254;-256.7;-256.895;-256.95;-256.003;10:11:43
126;28.2092;28.0723;-256.751;-256.254;-256.692;-256.895;-256.942;-256.003;10:11:43
127;28.217;28.0801;-256.758;-256.262;-256.692;-256.888;-256.942;-256.011;10:11:44
128;28.217;28.0801;-256.755;-256.262;-256.7;-256.895;-256.95;-256.003;10:11:44
129;28.2092;28.0801;-256.758;-256.254;-256.692;-256.888;-256.942;-256.011;10:11:45
130;28.217;28.0801;-256.758;-256.262;-256.692;-256.895;-256.942;-256.003;10:11:45
131;28.217;28.0801;-256.758;-256.254;-256.692;-256.895;-256.95;-256.003;10:11:46
132;28.2248;28.0801;-256.758;-256.262;-256.708;-256.895;-256.95;-256.011;10:11:46
133;28.2248;28.0879;-256.755;-256.254;-256.692;-256.888;-256.942;-255.996;10:11:47
134;28.2248;28.0957;-256.758;-256.254;-256.692;-256.895;-256.95;-256.003;10:11:47
135;28.2248;28.0801;-256.758;-256.262;-256.692;-256.895;-256.935;-256.003;10:11:48
136;28.2248;28.0801;-256.755;-256.254;-256.692;-256.895;-256.942;-255.996;10:11:48
137;28.2327;28.0801;-256.758;-256.254;-256.692;-256.888;-256.95;-256.011;10:11:49
138;28.2405;28.0879;-256.755;-256.254;-256.692;-256.895;-256.935;-256.003;10:11:49
139;28.2405;28.0879;-256.755;-256.254;-256.684;-256.895;-256.942;-256.003;10:11:50
140;28.2405;28.0801;-256.755;-256.254;-256.692;-256.895;-256.95;-256.003;10:11:50
141;28.2405;28.0879;-256.758;-256.254;-256.684;-256.888;-256.95;-256.003;10:11:51
142;28.2405;28.0957;-256.758;-256.254;-256.684;-256.895;-256.942;-256.003;10:11:51
143;28.2561;28.0957;-256.755;-256.254;-256.684;-256.895;-256.942;-256.003;10:11:52
144;28.2483;28.0879;-256.755;-256.262;-256.684;-256.888;-256.942;-256.003;10:11:52
145;28.2405;28.0879;-256.751;-256.262;-256.692;-256.895;-256.95;-256.003;10:11:53
146;28.2483;28.0957;-256.751;-256.254;-256.684;-256.888;-256.942;-255.996;10:11:53
147;28.2561;28.0957;-256.751;-256.262;-256.684;-256.895;-256.942;-255.996;10:11:54
148;28.2483;28.0957;-256.751;-256.262;-256.684;-256.888;-256.942;-255.996;10:11:54
149;28.2561;28.0957;-256.755;-256.262;-256.692;-256.895;-256.958;-256.003;10:11:55
150;28.2561;28.1036;-256.755;-256.254;-256.684;-256.895;-256.942;-255.996;10:11:55
151;28.264;28.0957;-256.755;-256.262;-256.692;-256.895;-256.95;-256.003;10:11:56
152;28.2483;28.0801;-256.755;-256.254;-256.692;-256.888;-256.942;-256.003;10:11:56
153;28.2483;28.0957;-256.755;-256.262;-256.692;-256.888;-256.958;-256.003;10:11:57
154;28.2561;28.0879;-256.758;-256.254;-256.692;-256.895;-256.95;-256.003;10:11:57
155;28.2561;28.0957;-256.755;-256.254;-256.684;-256.888;-256.942;-256.003;10:11:58
156;28.264;28.0957;-256.755;-256.262;-256.692;-256.895;-256.95;-255.996;10:11:58
157;28.264;28.1036;-256.755;-256.254;-256.692;-256.888;-256.942;-255.996;10:11:59
158;28.2561;28.0957;-256.755;-256.262;-256.684;-256.888;-256.942;-256.003;10:11:59
159;28.264;28.1036;-256.755;-256.262;-256.692;-256.895;-256.942;-256.003;10:12:00
160;28.2718;28.1036;-256.751;-256.262;-256.684;-256.888;-256.95;-255.996;10:12:00
161;28.264;28.0957;-256.755;-256.262;-256.692;-256.888;-256.942;-256.003;10:12:01
162;28.2718;28.0957;-256.755;-256.262;-256.692;-256.895;-256.95;-256.003;10:12:01
163;28.2796;28.0957;-256.755;-256.262;-256.692;-256.888;-256.935;-256.003;10:12:02
164;28.2796;28.0957;-256.758;-256.254;-256.684;-256.888;-256.942;-255.996;10:12:02
165;28.2796;28.0957;-256.758;-256.262;-256.7;-256.888;-256.942;-256.003;10:12:03
166;28.2874;28.1036;-256.755;-256.262;-256.684;-256.888;-256.942;-256.003;10:12:03
167;28.2874;28.1036;-256.758;-256.254;-256.692;-256.888;-256.942;-255.996;10:12:04
168;28.2796;28.1036;-256.755;-256.262;-256.692;-256.895;-256.935;-256.003;10:12:04
169;28.2874;28.1114;-256.758;-256.262;-256.692;-256.895;-256.935;-256.003;10:12:05
170;28.2953;28.1192;-256.758;-256.262;-256.684;-256.895;-256.935;-255.996;10:12:05
171;28.2874;28.1114;-256.755;-256.262;-256.692;-256.888;-256.927;-255.996;10:12:06
172;28.2953;28.1192;-256.755;-256.254;-256.692;-256.888;-256.95;-255.996;10:12:06
173;28.3031;28.1192;-256.755;-256.262;-256.692;-256.888;-256.942;-255.996;10:12:07
174;28.3031;28.127;-256.758;-256.262;-256.692;-256.895;-256.935;-255.996;10:12:07
175;28.2953;28.127;-256.758;-256.254;-256.692;-256.895;-256.935;-255.996;10:12:08
176;28.3109;28.127;-256.755;-256.262;-256.692;-256.888;-256.935;-255.988;10:12:08
177;28.3031;28.127;-256.758;-256.254;-256.692;-256.888;-256.942;-255.996;10:12:09
178;28.3109;28.127;-256.758;-256.262;-256.684;-256.888;-256.942;-255.996;10:12:09
179;28.3031;28.127;-256.755;-256.254;-256.684;-256.888;-256.927;-255.996;10:12:10
180;28.3031;28.1192;-256.758;-256.262;-256.692;-256.888;-256.942;-256.003;10:12:10
181;28.3031;28.1192;-256.755;-256.254;-256.692;-256.888;-256.942;-256.003;10:12:11
182;28.3031;28.127;-256.758;-256.254;-256.692;-256.895;-256.927;-256.011;10:12:11
183;28.3109;28.1192;-256.755;-256.262;-256.692;-256.895;-256.935;-256.003;10:12:12
184;28.3109;28.1349;-256.751;-256.254;-256.692;-256.888;-256.935;-256.003;10:12:12
185;28.3109;28.127;-256.758;-256.254;-256.692;-256.888;-256.935;-256.011;10:12:13
186;28.3109;28.127;-256.755;-256.254;-256.684;-256.903;-256.927;-256.003;10:12:13
187;28.3109;28.127;-256.755;-256.262;-256.692;-256.888;-256.935;-256.003;10:12:14
188;28.3187;28.1349;-256.758;-256.269;-256.684;-256.888;-256.935;-256.003;10:12:14
189;28.3109;28.127;-256.755;-256.262;-256.692;-256.888;-256.95;-256.003;10:12:15
190;28.3187;28.1349;-256.755;-256.262;-256.692;-256.895;-256.935;-255.996;10:12:15
191;28.3266;28.1349;-256.758;-256.262;-256.684;-256.888;-256.942;-256.003;10:12:16
192;28.3266;28.1349;-256.758;-256.262;-256.7;-256.895;-256.95;-256.003;10:12:16
193;28.3266;28.1427;-256.755;-256.254;-256.684;-256.888;-256.95;-255.996;10:12:17
194;28.3266;28.1427;-256.755;-256.262;-256.692;-256.888;-256.942;-256.003;10:12:17
195;28.3266;28.1505;-256.755;-256.269;-256.692;-256.895;-256.935;-255.996;10:12:18
196;28.3266;28.1505;-256.755;-256.262;-256.684;-256.888;-256.95;-256.003;10:12:18
197;28.3344;28.1505;-256.755;-256.269;-256.692;-256.888;-256.942;-255.988;10:12:19
198;28.3422;28.1583;-256.755;-256.262;-256.692;-256.895;-256.935;-256.003;10:12:19
199;28.3344;28.1505;-256.755;-256.269;-256.684;-256.895;-256.935;-255.996;10:12:20
200;28.3422;28.1583;-256.758;-256.262;-256.684;-256.895;-256.942;-256.003;10:12:20
201;28.3422;28.1583;-256.758;-256.262;-256.684;-256.895;-256.935;-255.996;10:12:21
202;28.3422;28.1583;-256.751;-256.269;-256.692;-256.888;-256.935;-255.996;10:12:21
203;28.3422;28.1583;-256.751;-256.262;-256.692;-256.895;-256.935;-256.003;10:12:22
204;28.3422;28.1583;-256.755;-256.262;-256.692;-256.888;-256.935;-255.996;10:12:22
205;28.3422;28.1662;-256.755;-256.262;-256.692;-256.888;-256.942;-255.996;10:12:23
206;28.35;28.1583;-256.751;-256.262;-256.692;-256.895;-256.935;-255.996;10:12:23
207;28.35;28.1662;-256.758;-256.269;-256.684;-256.888;-256.935;-255.996;10:12:24
208;28.35;28.1662;-256.751;-256.262;-256.7;-256.895;-256.935;-255.996;10:12:24
209;28.35;28.1662;-256.751;-256.262;-256.692;-256.888;-256.942;-255.996;10:12:25
210;28.35;28.1662;-256.755;-256.269;-256.692;-256.895;-256.935;-255.988;10:12:25
211;28.3579;28.1662;-256.755;-256.262;-256.692;-256.895;-256.935;-255.996;10:12:26
212;28.35;28.174;-256.755;-256.262;-256.692;-256.888;-256.942;-255.996;10:12:26
213;28.3579;28.174;-256.758;-256.262;-256.692;-256.88;-256.935;-255.988;10:12:27
214;28.3579;28.174;-256.755;-256.25;-256.684;-256.888;-256.942;-255.996;10:12:27
215;28.3657;28.1818;-256.758;-256.254;-256.692;-256.888;-256.935;-255.996;10:12:28
216;28.3657;28.174;-256.755;-256.262;-256.692;-256.888;-256.942;-255.996;10:12:28
217;28.3657;28.1818;-256.751;-256.254;-256.692;-256.888;-256.942;-255.996;10:12:29
218;28.3579;28.174;-256.755;-256.262;-256.692;-256.888;-256.942;-255.996;10:12:29
219;28.3657;28.174;-256.755;-256.262;-256.684;-256.888;-256.935;-255.996;10:12:30
220;28.3579;28.174;-256.751;-256.262;-256.7;-256.888;-256.942;-255.996;10:12:30
221;28.3657;28.1896;-256.751;-256.262;-256.692;-256.888;-256.942;-255.996;10:12:31
222;28.3657;28.1818;-256.755;-256.262;-256.692;-256.888;-256.942;-255.996;10:12:31
223;28.3735;28.1818;-256.755;-256.262;-256.692;-256.888;-256.942;-256.003;10:12:32
224;28.3813;28.1818;-256.755;-256.262;-256.692;-256.888;-256.935;-255.996;10:12:32
225;28.3735;28.1818;-256.755;-256.254;-256.684;-256.895;-256.942;-255.996;10:12:33
226;28.3813;28.1975;-256.758;-256.262;-256.7;-256.888;-256.927;-255.996;10:12:33
227;28.3813;28.1975;-256.751;-256.262;-256.692;-256.888;-256.935;-255.996;10:12:34
228;28.3813;28.1896;-256.755;-256.262;-256.692;-256.888;-256.935;-255.996;10:12:34
229;28.3813;28.2053;-256.755;-256.262;-256.7;-256.88;-256.942;-255.996;10:12:35
230;28.3853;28.1975;-256.755;-256.262;-256.692;-256.888;-256.935;-255.996;10:12:35
231;28.3853;28.2053;-256.751;-256.254;-256.692;-256.888;-256.935;-255.988;10:12:36
232;28.3853;28.2053;-256.758;-256.262;-256.7;-256.88;-256.935;-255.988;10:12:36
233;28.3853;28.2053;-256.755;-256.262;-256.7;-256.88;-256.942;-255.996;10:12:37
234;28.3853;28.2053;-256.755;-256.269;-256.692;-256.888;-256.95;-255.988;10:12:37
235;28.3853;28.2053;-256.751;-256.262;-256.692;-256.88;-256.942;-255.996;10:12:38
236;28.3853;28.2053;-256.755;-256.254;-256.692;-256.888;-256.942;-255.996;10:12:38
237;28.3892;28.2053;-256.747;-256.262;-256.692;-256.872;-256.95;-255.988;10:12:39
238;28.3892;28.2053;-256.751;-256.262;-256.692;-256.88;-256.942;-255.996;10:12:39
239;28.3892;28.2053;-256.747;-256.254;-256.692;-256.888;-256.942;-255.996;10:12:40
240;28.3892;28.2053;-256.747;-256.254;-256.684;-256.895;-256.942;-255.996;10:12:40
241;28.397;28.1975;-256.747;-256.262;-256.692;-256.888;-256.95;-256.003;10:12:41
242;28.3931;28.2131;-256.747;-256.254;-256.684;-256.895;-256.935;-255.996;10:12:41
243;28.3931;28.2131;-256.751;-256.262;-256.692;-256.895;-256.935;-255.996;10:12:42
244;28.3931;28.2053;-256.751;-256.269;-256.692;-256.895;-256.942;-256.003;10:12:42
245;28.3931;28.2131;-256.747;-256.254;-256.684;-256.895;-256.942;-255.996;10:12:43
246;28.3931;28.2131;-256.747;-256.269;-256.684;-256.888;-256.95;-256.003;10:12:43
247;28.397;28.2209;-256.747;-256.262;-256.684;-256.888;-256.942;-255.996;10:12:44
248;28.397;28.2131;-256.751;-256.254;-256.676;-256.88;-256.95;-255.988;10:12:44
249;28.397;28.2209;-256.747;-256.262;-256.684;-256.888;-256.935;-256.003;10:12:45
250;28.397;28.2209;-256.751;-256.262;-256.692;-256.888;-256.935;-255.996;10:12:45
251;28.3931;28.2288;-256.751;-256.262;-256.692;-256.895;-256.942;-256.003;10:12:46
252;28.397;28.2288;-256.747;-256.262;-256.684;-256.895;-256.942;-256.003;10:12:46
253;28.4009;28.2288;-256.747;-256.254;-256.692;-256.895;-256.942;-255.996;10:12:47
254;28.3931;28.2288;-256.747;-256.262;-256.684;-256.895;-256.942;-255.996;10:12:47
255;28.397;28.2288;-256.747;-256.262;-256.692;-256.903;-256.942;-255.996;10:12:48
256;28.4009;28.2288;-256.751;-256.269;-256.692;-256.895;-256.942;-255.996;10:12:48
257;28.397;28.2366;-256.747;-256.269;-256.684;-256.888;-256.95;-255.996;10:12:49
258;28.4009;28.2288;-256.751;-256.262;-256.692;-256.895;-256.95;-255.988;10:12:49
259;28.4009;28.2366;-256.747;-256.262;-256.684;-256.895;-256.942;-255.996;10:12:50
260;28.4087;28.2366;-256.747;-256.269;-256.692;-256.895;-256.942;-255.988;10:12:50
261;28.4087;28.2288;-256.751;-256.262;-256.684;-256.895;-256.95;-255.996;10:12:51
262;28.4087;28.2366;-256.758;-256.269;-256.692;-256.895;-256.942;-255.988;10:12:51
263;28.4009;28.2288;-256.755;-256.262;-256.684;-256.895;-256.95;-255.996;10:12:52
264;28.4087;28.2366;-256.758;-256.262;-256.692;-256.895;-256.942;-255.996;10:12:52
265;28.4009;28.2366;-256.755;-256.262;-256.684;-256.895;-256.95;-255.996;10:12:53
266;28.4087;28.2288;-256.758;-256.262;-256.684;-256.895;-256.95;-255.996;10:12:53
267;28.4087;28.2483;-256.755;-256.269;-256.692;-256.895;-256.942;-255.996;10:12:54
268;28.4166;28.2444;-256.751;-256.262;-256.692;-256.895;-256.942;-255.996;10:12:54
269;28.4166;28.2366;-256.755;-256.262;-256.692;-256.888;-256.958;-255.996;10:12:55
270;28.4166;28.2366;-256.751;-256.262;-256.692;-256.895;-256.942;-255.996;10:12:55
271;28.4244;28.2483;-256.751;-256.269;-256.7;-256.895;-256.942;-256.003;10:12:56
272;28.4166;28.2444;-256.751;-256.269;-256.692;-256.895;-256.95;-255.996;10:12:56
273;28.4166;28.2483;-256.751;-256.262;-256.692;-256.888;-256.95;-255.996;10:12:57
274;28.4166;28.2483;-256.751;-256.262;-256.692;-256.895;-256.942;-255.996;10:12:57
275;28.4244;28.2483;-256.751;-256.269;-256.7;-256.895;-256.95;-255.996;10:12:58
276;28.4244;28.2483;-256.751;-256.262;-256.7;-256.888;-256.942;-256.003;10:12:58
277;28.4244;28.2522;-256.755;-256.269;-256.692;-256.895;-256.95;-255.988;10:12:59
278;28.4244;28.2483;-256.751;-256.269;-256.7;-256.888;-256.942;-256.003;10:12:59
279;28.4244;28.2483;-256.751;-256.262;-256.692;-256.895;-256.942;-255.996;10:13:00
280;28.4166;28.2483;-256.755;-256.269;-256.692;-256.888;-256.942;-255.988;10:13:00
281;28.4244;28.2483;-256.755;-256.262;-256.7;-256.895;-256.942;-255.988;10:13:01
282;28.4244;28.2522;-256.755;-256.254;-256.692;-256.888;-256.942;-255.988;10:13:01
283;28.4244;28.2522;-256.751;-256.262;-256.692;-256.895;-256.942;-256.003;10:13:02
284;28.4244;28.2522;-256.755;-256.262;-256.692;-256.888;-256.942;-255.996;10:13:02
285;28.4322;28.2522;-256.751;-256.262;-256.7;-256.895;-256.942;-255.988;10:13:03
286;28.4322;28.2561;-256.755;-256.254;-256.692;-256.895;-256.935;-255.996;10:13:03
287;28.4322;28.2522;-256.751;-256.262;-256.684;-256.895;-256.935;-255.996;10:13:04
288;28.4322;28.2561;-256.755;-256.262;-256.692;-256.895;-256.935;-255.996;10:13:04
289;28.4244;28.2522;-256.755;-256.262;-256.692;-256.888;-256.942;-255.988;10:13:05
290;28.4322;28.2601;-256.755;-256.262;-256.692;-256.895;-256.935;-255.996;10:13:05
291;28.44;28.2561;-256.755;-256.269;-256.692;-256.888;-256.935;-255.996;10:13:06
292;28.44;28.2601;-256.755;-256.262;-256.692;-256.895;-256.935;-255.996;10:13:06
293;28.4479;28.2601;-256.751;-256.262;-256.692;-256.895;-256.942;-255.988;10:13:07
294;28.44;28.2601;-256.755;-256.262;-256.684;-256.888;-256.942;-255.996;10:13:07
295;28.4479;28.2601;-256.755;-256.262;-256.692;-256.895;-256.942;-255.996;10:13:08
296;28.4557;28.2601;-256.755;-256.262;-256.684;-256.895;-256.942;-255.996;10:13:08
297;28.44;28.264;-256.755;-256.262;-256.692;-256.888;-256.95;-255.996;10:13:09
298;28.4557;28.2601;-256.755;-256.269;-256.684;-256.895;-256.942;-255.996;10:13:09
299;28.4557;28.2601;-256.751;-256.262;-256.684;-256.903;-256.942;-255.996;10:13:10
300;28.4557;28.264;-256.751;-256.262;-256.7;-256.895;-256.942;-255.996;10:13:10
301;28.4557;28.2601;-256.755;-256.262;-256.684;-256.888;-256.942;-255.988;10:13:11
302;28.4635;28.264;-256.755;-256.269;-256.692;-256.895;-256.95;-255.996;10:13:11
303;28.4557;28.264;-256.751;-256.262;-256.692;-256.888;-256.942;-255.996;10:13:12
304;28.4635;28.264;-256.755;-256.262;-256.692;-256.895;-256.942;-255.988;10:13:12
305;28.4635;28.264;-256.755;-256.269;-256.692;-256.888;-256.942;-255.996;10:13:13
306;28.4713;28.2718;-256.755;-256.262;-256.684;-256.895;-256.942;-255.996;10:13:13
307;28.4713;28.2718;-256.755;-256.269;-256.692;-256.895;-256.942;-255.996;10:13:14
308;28.4713;28.2718;-256.755;-256.262;-256.692;-256.895;-256.935;-255.996;10:13:14
309;28.4713;28.2718;-256.758;-256.269;-256.692;-256.888;-256.942;-255.988;10:13:15
310;28.4792;28.2718;-256.755;-256.262;-256.692;-256.895;-256.95;-255.988;10:13:15
311;28.4792;28.2796;-256.755;-256.269;-256.7;-256.888;-256.942;-255.996;10:13:16
312;28.4792;28.2796;-256.751;-256.262;-256.692;-256.895;-256.942;-255.988;10:13:16
313;28.4792;28.2796;-256.751;-256.269;-256.7;-256.895;-256.942;-255.996;10:13:17
314;28.4713;28.2874;-256.751;-256.269;-256.7;-256.895;-256.95;-255.988;10:13:17
315;28.4713;28.2874;-256.751;-256.262;-256.692;-256.888;-256.942;-255.996;10:13:18
316;28.4713;28.2874;-256.751;-256.262;-256.7;-256.888;-256.95;-255.988;10:13:18
317;28.4792;28.2796;-256.751;-256.254;-256.692;-256.888;-256.95;-255.988;10:13:19
318;28.4792;28.2874;-256.751;-256.262;-256.7;-256.88;-256.942;-255.996;10:13:19
319;28.487;28.2874;-256.755;-256.254;-256.692;-256.888;-256.942;-256.003;10:13:20
320;28.487;28.2874;-256.751;-256.254;-256.692;-256.88;-256.942;-255.996;10:13:20
321;28.487;28.2874;-256.751;-256.25;-256.692;-256.888;-256.942;-255.996;10:13:21
322;28.4948;28.2953;-256.755;-256.254;-256.7;-256.888;-256.942;-255.988;10:13:21
323;28.487;28.2953;-256.747;-256.254;-256.684;-256.888;-256.942;-256.003;10:13:22
324;28.4948;28.2953;-256.751;-256.262;-256.692;-256.888;-256.942;-255.996;10:13:22
325;28.487;28.3031;-256.751;-256.254;-256.692;-256.88;-256.942;-256.003;10:13:23
326;28.4948;28.3031;-256.751;-256.262;-256.684;-256.88;-256.942;-256.003;10:13:23
327;28.487;28.2953;-256.751;-256.262;-256.692;-256.888;-256.95;-255.996;10:13:24
328;28.487;28.3109;-256.751;-256.262;-256.692;-256.888;-256.942;-255.996;10:13:24
329;28.4948;28.2953;-256.743;-256.262;-256.692;-256.888;-256.942;-256.003;10:13:25
330;28.4948;28.3031;-256.743;-256.262;-256.692;-256.88;-256.95;-255.996;10:13:25
331;28.4948;28.3109;-256.747;-256.254;-256.692;-256.888;-256.935;-255.996;10:13:26
332;28.4948;28.3109;-256.743;-256.254;-256.692;-256.895;-256.942;-255.988;10:13:26
333;28.5026;28.3109;-256.747;-256.262;-256.684;-256.888;-256.95;-255.996;10:13:27
334;28.4948;28.3187;-256.751;-256.254;-256.692;-256.888;-256.95;-255.996;10:13:27
335;28.4948;28.3109;-256.747;-256.254;-256.692;-256.888;-256.935;-255.996;10:13:28
336;28.4948;28.3187;-256.751;-256.254;-256.692;-256.888;-256.942;-256.003;10:13:28
337;28.5026;28.3109;-256.747;-256.254;-256.692;-256.888;-256.942;-255.996;10:13:29
338;28.5026;28.3187;-256.751;-256.254;-256.692;-256.88;-256.958;-255.996;10:13:29
339;28.5026;28.3187;-256.747;-256.254;-256.684;-256.895;-256.95;-255.996;10:13:30
340;28.4948;28.3187;-256.747;-256.254;-256.684;-256.888;-256.942;-255.996;10:13:30
341;28.5105;28.3187;-256.751;-256.254;-256.692;-256.895;-256.942;-255.996;10:13:31
342;28.5026;28.3266;-256.751;-256.254;-256.7;-256.888;-256.95;-255.996;10:13:31
343;28.5105;28.3266;-256.747;-256.254;-256.692;-256.895;-256.935;-255.996;10:13:32
344;28.5026;28.3266;-256.747;-256.262;-256.692;-256.888;-256.942;-255.996;10:13:32
345;28.5183;28.3344;-256.751;-256.25;-256.7;-256.895;-256.942;-255.996;10:13:33
346;28.5105;28.3266;-256.747;-256.25;-256.692;-256.88;-256.95;-255.996;10:13:33
347;28.5183;28.3344;-256.747;-256.25;-256.7;-256.888;-256.942;-255.996;10:13:34
348;28.5183;28.3422;-256.747;-256.254;-256.7;-256.888;-256.942;-255.996;10:13:34
349;28.5183;28.3344;-256.747;-256.254;-256.692;-256.888;-256.942;-255.996;10:13:35
350;28.5183;28.3344;-256.747;-256.25;-256.7;-256.895;-256.942;-256.003;10:13:35
351;28.5261;28.3422;-256.751;-256.254;-256.7;-256.895;-256.935;-255.996;10:13:36
352;28.5183;28.3422;-256.751;-256.254;-256.7;-256.895;-256.935;-255.996;10:13:36
353;28.5261;28.3344;-256.751;-256.254;-256.708;-256.895;-256.942;-255.996;10:13:37
354;28.5183;28.35;-256.751;-256.254;-256.692;-256.888;-256.942;-255.996;10:13:37
355;28.5261;28.35;-256.747;-256.254;-256.692;-256.895;-256.942;-255.996;10:13:38
356;28.5261;28.3579;-256.751;-256.262;-256.7;-256.895;-256.942;-255.996;10:13:38
357;28.5261;28.35;-256.751;-256.25;-256.7;-256.895;-256.942;-255.996;10:13:39
358;28.5261;28.35;-256.755;-256.262;-256.692;-256.895;-256.935;-255.996;10:13:39
359;28.5339;28.3579;-256.755;-256.254;-256.692;-256.888;-256.935;-255.996;10:13:40
360;28.5339;28.35;-256.755;-256.254;-256.7;-256.888;-256.942;-255.996;10:13:40
361;28.5418;28.3579;-256.758;-256.254;-256.7;-256.895;-256.942;-255.996;10:13:41
362;28.5418;28.3579;-256.755;-256.254;-256.7;-256.888;-256.942;-255.98;10:13:41
363;28.5418;28.35;-256.758;-256.254;-256.7;-256.903;-256.935;-255.988;10:13:42
364;28.5418;28.35;-256.755;-256.254;-256.7;-256.895;-256.935;-255.996;10:13:42
365;28.5418;28.3579;-256.755;-256.254;-256.7;-256.895;-256.942;-255.988;10:13:43
366;28.5418;28.3579;-256.755;-256.254;-256.708;-256.888;-256.935;-255.988;10:13:43
367;28.5496;28.3657;-256.758;-256.262;-256.692;-256.895;-256.935;-255.996;10:13:44
368;28.5496;28.3579;-256.755;-256.254;-256.7;-256.895;-256.935;-255.988;10:13:44
369;28.5418;28.3579;-256.755;-256.254;-256.692;-256.888;-256.942;-255.988;10:13:45
370;28.5496;28.3657;-256.755;-256.254;-256.7;-256.903;-256.935;-255.996;10:13:45
371;28.5496;28.3579;-256.755;-256.254;-256.692;-256.895;-256.935;-255.988;10:13:46
372;28.5496;28.3657;-256.755;-256.254;-256.7;-256.895;-256.935;-255.996;10:13:46
373;28.5496;28.3657;-256.755;-256.254;-256.692;-256.895;-256.942;-255.996;10:13:47
374;28.5574;28.3657;-256.755;-256.254;-256.7;-256.895;-256.935;-255.996;10:13:47
375;28.5574;28.3657;-256.755;-256.25;-256.7;-256.895;-256.942;-255.988;10:13:48
376;28.5574;28.3735;-256.755;-256.254;-256.692;-256.895;-256.935;-255.996;10:13:48
377;28.5574;28.3657;-256.751;-256.254;-256.692;-256.895;-256.942;-255.996;10:13:49
378;28.5652;28.3657;-256.755;-256.254;-256.692;-256.888;-256.935;-255.988;10:13:49
379;28.5574;28.3735;-256.755;-256.254;-256.692;-256.895;-256.942;-255.996;10:13:50
380;28.5652;28.3657;-256.755;-256.254;-256.684;-256.895;-256.942;-255.988;10:13:50
381;28.5574;28.3735;-256.755;-256.25;-256.692;-256.888;-256.95;-255.996;10:13:51
382;28.5731;28.3657;-256.751;-256.254;-256.692;-256.895;-256.942;-255.988;10:13:51
383;28.5652;28.3735;-256.755;-256.254;-256.692;-256.895;-256.942;-255.996;10:13:52
384;28.5731;28.3735;-256.755;-256.254;-256.692;-256.895;-256.942;-255.988;10:13:52
385;28.5731;28.3813;-256.758;-256.25;-256.692;-256.888;-256.942;-255.988;10:13:53
386;28.5652;28.3735;-256.755;-256.254;-256.692;-256.888;-256.942;-255.996;10:13:53
387;28.5731;28.3813;-256.755;-256.25;-256.684;-256.895;-256.942;-255.988;10:13:54
388;28.5809;28.3813;-256.755;-256.265;-256.684;-256.895;-256.95;-255.988;10:13:54
389;28.5809;28.3813;-256.751;-256.25;-256.692;-256.888;-256.95;-255.996;10:13:55
390;28.5809;28.3892;-256.755;-256.254;-256.684;-256.888;-256.942;-255.996;10:13:55
391;28.5809;28.3892;-256.751;-256.254;-256.692;-256.895;-256.942;-255.996;10:13:56
392;28.5887;28.3892;-256.755;-256.25;-256.692;-256.895;-256.942;-255.996;10:13:56
393;28.5809;28.397;-256.758;-256.254;-256.692;-256.888;-256.942;-255.996;10:13:57
394;28.5887;28.3892;-256.755;-256.25;-256.692;-256.895;-256.95;-255.996;10:13:57
395;28.5887;28.397;-256.751;-256.254;-256.684;-256.895;-256.935;-255.996;10:13:58
396;28.5887;28.397;-256.751;-256.254;-256.692;-256.895;-256.942;-255.996;10:13:58
397;28.5965;28.3892;-256.758;-256.25;-256.684;-256.895;-256.942;-255.996;10:13:59
398;28.5887;28.3892;-256.755;-256.254;-256.684;-256.888;-256.942;-255.988;10:13:59
399;28.5965;28.397;-256.755;-256.254;-256.692;-256.895;-256.942;-255.988;10:14:00
400;28.5965;28.397;-256.755;-256.262;-256.684;-256.895;-256.942;-255.996;10:14:00
401;28.5965;28.3892;-256.755;-256.254;-256.684;-256.888;-256.95;-255.996;10:14:01
402;28.5887;28.397;-256.751;-256.254;-256.684;-256.88;-256.935;-255.996;10:14:01
403;28.5965;28.397;-256.755;-256.269;-256.692;-256.888;-256.942;-255.996;10:14:02
404;28.5887;28.397;-256.755;-256.262;-256.684;-256.895;-256.935;-255.996;10:14:02
405;28.5887;28.397;-256.755;-256.262;-256.684;-256.888;-256.942;-255.988;10:14:03
406;28.5887;28.397;-256.755;-256.254;-256.692;-256.888;-256.942;-255.996;10:14:03
407;28.5965;28.397;-256.751;-256.262;-256.684;-256.888;-256.942;-255.996;10:14:04
408;28.5887;28.397;-256.755;-256.254;-256.684;-256.888;-256.942;-255.988;10:14:04
409;28.5965;28.397;-256.755;-256.254;-256.692;-256.88;-256.942;-255.996;10:14:05
410;28.5965;28.397;-256.755;-256.262;-256.692;-256.88;-256.935;-255.996;10:14:05
411;28.5965;28.4048;-256.751;-256.262;-256.692;-256.888;-256.942;-255.996;10:14:06
412;28.6004;28.4048;-256.755;-256.262;-256.692;-256.888;-256.935;-256.003;10:14:06
413;28.6004;28.397;-256.755;-256.254;-256.692;-256.888;-256.942;-255.996;10:14:07
414;28.5965;28.4048;-256.751;-256.262;-256.7;-256.88;-256.942;-255.988;10:14:07
415;28.6004;28.4126;-256.755;-256.269;-256.692;-256.888;-256.935;-255.996;10:14:08
416;28.6004;28.4048;-256.755;-256.262;-256.692;-256.888;-256.942;-255.996;10:14:08
417;28.6004;28.4048;-256.755;-256.254;-256.692;-256.895;-256.942;-255.988;10:14:09
418;28.6004;28.4126;-256.758;-256.262;-256.692;-256.888;-256.942;-255.996;10:14:09
419;28.6044;28.4126;-256.755;-256.254;-256.684;-256.895;-256.935;-255.988;10:14:10
420;28.6044;28.4126;-256.755;-256.262;-256.692;-256.888;-256.935;-255.996;10:14:10
421;28.6044;28.4048;-256.758;-256.254;-256.692;-256.888;-256.935;-255.996;10:14:11
422;28.6044;28.4048;-256.755;-256.254;-256.692;-256.88;-256.942;-255.996;10:14:11
423;28.6083;28.4126;-256.751;-256.254;-256.684;-256.88;-256.935;-255.988;10:14:12
424;28.6083;28.4205;-256.758;-256.262;-256.692;-256.895;-256.935;-255.988;10:14:12
425;28.6122;28.4205;-256.755;-256.25;-256.692;-256.888;-256.935;-255.988;10:14:13
426;28.6083;28.4205;-256.758;-256.262;-256.692;-256.888;-256.942;-255.996;10:14:13
427;28.6044;28.4205;-256.755;-256.254;-256.684;-256.88;-256.935;-255.996;10:14:14
428;28.6083;28.4244;-256.755;-256.254;-256.692;-256.888;-256.927;-255.996;10:14:14
429;28.6044;28.4244;-256.755;-256.254;-256.692;-256.888;-256.935;-255.996;10:14:15
430;28.6083;28.4244;-256.755;-256.262;-256.684;-256.888;-256.935;-255.988;10:14:15
431;28.6122;28.4244;-256.758;-256.258;-256.692;-256.888;-256.935;-255.996;10:14:16
432;28.6122;28.4244;-256.755;-256.262;-256.684;-256.888;-256.927;-255.988;10:14:16
433;28.6122;28.4244;-256.755;-256.254;-256.7;-256.888;-256.942;-255.996;10:14:17
434;28.6161;28.4244;-256.758;-256.262;-256.692;-256.88;-256.942;-255.988;10:14:17
435;28.6161;28.4283;-256.755;-256.262;-256.692;-256.888;-256.935;-255.988;10:14:18
436;28.6122;28.4283;-256.755;-256.262;-256.692;-256.888;-256.942;-255.996;10:14:18
437;28.6122;28.4283;-256.758;-256.254;-256.692;-256.88;-256.942;-255.988;10:14:19
438;28.6122;28.4244;-256.755;-256.262;-256.692;-256.88;-256.95;-255.988;10:14:19
439;28.6161;28.4322;-256.755;-256.254;-256.692;-256.888;-256.942;-255.988;10:14:20
440;28.6161;28.4322;-256.755;-256.254;-256.684;-256.888;-256.942;-255.988;10:14:20
441;28.6122;28.4322;-256.755;-256.262;-256.7;-256.88;-256.942;-255.996;10:14:21
442;28.6239;28.4283;-256.755;-256.254;-256.684;-256.88;-256.942;-255.996;10:14:21
443;28.6161;28.4322;-256.755;-256.262;-256.692;-256.895;-256.942;-255.988;10:14:22
444;28.6161;28.4322;-256.751;-256.254;-256.684;-256.895;-256.935;-255.988;10:14:22
445;28.6122;28.4283;-256.755;-256.254;-256.692;-256.888;-256.958;-255.996;10:14:23
446;28.6161;28.4322;-256.755;-256.254;-256.692;-256.895;-256.95;-255.988;10:14:23
447;28.6161;28.4361;-256.758;-256.254;-256.684;-256.895;-256.942;-255.996;10:14:24
448;28.6161;28.4361;-256.755;-256.254;-256.692;-256.895;-256.942;-255.996;10:14:24
449;28.6239;28.44;-256.755;-256.254;-256.684;-256.888;-256.942;-255.988;10:14:25
450;28.6239;28.4361;-256.755;-256.262;-256.692;-256.895;-256.95;-255.988;10:14:25
451;28.6317;28.4361;-256.751;-256.254;-256.692;-256.888;-256.942;-255.996;10:14:26
452;28.6317;28.4361;-256.751;-256.262;-256.684;-256.895;-256.942;-255.988;10:14:26
453;28.6239;28.4361;-256.751;-256.254;-256.684;-256.888;-256.95;-255.996;10:14:27
454;28.6161;28.4361;-256.751;-256.262;-256.692;-256.88;-256.942;-255.988;10:14:27
455;28.6317;28.44;-256.751;-256.262;-256.692;-256.888;-256.942;-255.996;10:14:28
456;28.6317;28.44;-256.751;-256.262;-256.684;-256.895;-256.942;-255.988;10:14:28
457;28.6239;28.44;-256.751;-256.254;-256.692;-256.888;-256.942;-255.996;10:14:29
458;28.6317;28.44;-256.758;-256.254;-256.692;-256.88;-256.935;-255.988;10:14:29
459;28.6317;28.4479;-256.751;-256.254;-256.692;-256.888;-256.935;-255.988;10:14:30
460;28.6317;28.44;-256.755;-256.254;-256.7;-256.888;-256.935;-255.988;10:14:30
461;28.6317;28.44;-256.755;-256.254;-256.7;-256.888;-256.942;-255.988;10:14:31
462;28.6396;28.44;-256.758;-256.262;-256.7;-256.888;-256.942;-255.988;10:14:31
463;28.6317;28.44;-256.758;-256.262;-256.7;-256.895;-256.942;-255.988;10:14:32
464;28.6317;28.44;-256.758;-256.254;-256.7;-256.895;-256.935;-255.988;10:14:32
465;28.6396;28.4479;-256.755;-256.254;-256.7;-256.888;-256.942;-255.988;10:14:33
466;28.6396;28.44;-256.755;-256.262;-256.7;-256.888;-256.942;-255.988;10:14:33
467;28.6474;28.4557;-256.751;-256.254;-256.708;-256.888;-256.942;-255.988;10:14:34
468;28.6474;28.4479;-256.755;-256.262;-256.7;-256.895;-256.935;-255.996;10:14:34
469;28.6396;28.4557;-256.758;-256.254;-256.692;-256.888;-256.95;-255.98;10:14:35
470;28.6474;28.4557;-256.758;-256.262;-256.7;-256.888;-256.95;-255.988;10:14:35
471;28.6474;28.4479;-256.755;-256.262;-256.692;-256.895;-256.942;-255.996;10:14:36
472;28.6474;28.4635;-256.755;-256.254;-256.692;-256.895;-256.942;-255.988;10:14:36
473;28.6474;28.4557;-256.755;-256.262;-256.692;-256.888;-256.95;-255.988;10:14:37
474;28.6474;28.4635;-256.755;-256.254;-256.692;-256.895;-256.942;-255.988;10:14:37
475;28.6474;28.4635;-256.755;-256.262;-256.692;-256.895;-256.942;-255.996;10:14:38
476;28.6474;28.4635;-256.751;-256.254;-256.684;-256.895;-256.935;-255.988;10:14:38
477;28.6552;28.4635;-256.755;-256.262;-256.692;-256.895;-256.942;-255.988;10:14:39
478;28.6474;28.4713;-256.758;-256.254;-256.692;-256.895;-256.95;-255.988;10:14:39
479;28.663;28.4635;-256.751;-256.262;-256.692;-256.888;-256.942;-255.988;10:14:40
480;28.6552;28.4713;-256.755;-256.254;-256.692;-256.888;-256.942;-255.996;10:14:40
481;28.6552;28.4713;-256.755;-256.262;-256.692;-256.888;-256.942;-255.988;10:14:41
482;28.6552;28.4713;-256.758;-256.269;-256.692;-256.888;-256.95;-255.988;10:14:41
483;28.6552;28.4713;-256.755;-256.262;-256.684;-256.888;-256.942;-255.988;10:14:42
484;28.6552;28.4713;-256.758;-256.254;-256.692;-256.888;-256.935;-255.98;10:14:42
485;28.663;28.4713;-256.755;-256.262;-256.692;-256.895;-256.942;-255.988;10:14:43
486;28.663;28.4792;-256.755;-256.262;-256.684;-256.888;-256.942;-255.988;10:14:43
487;28.6709;28.4713;-256.755;-256.262;-256.684;-256.888;-256.935;-255.988;10:14:44
488;28.663;28.4713;-256.758;-256.254;-256.692;-256.888;-256.935;-255.98;10:14:44
489;28.6709;28.4713;-256.755;-256.254;-256.692;-256.88;-256.935;-255.988;10:14:45
490;28.6709;28.4792;-256.755;-256.254;-256.692;-256.888;-256.935;-255.98;10:14:45
491;28.6787;28.487;-256.755;-256.262;-256.692;-256.895;-256.935;-255.988;10:14:46
492;28.6787;28.4713;-256.755;-256.254;-256.692;-256.888;-256.935;-255.988;10:14:46
493;28.6787;28.4792;-256.751;-256.254;-256.7;-256.888;-256.942;-255.996;10:14:47
494;28.6709;28.487;-256.751;-256.262;-256.692;-256.888;-256.942;-255.988;10:14:47
495;28.6709;28.4792;-256.755;-256.262;-256.692;-256.888;-256.942;-255.988;10:14:48
496;28.6787;28.487;-256.751;-256.262;-256.692;-256.888;-256.942;-255.988;10:14:48
497;28.6709;28.487;-256.751;-256.254;-256.692;-256.888;-256.95;-255.988;10:14:49
498;28.6709;28.4792;-256.751;-256.262;-256.692;-256.895;-256.95;-255.988;10:14:49
499;28.6787;28.487;-256.755;-256.262;-256.692;-256.888;-256.942;-255.996;10:14:50
500;28.6787;28.4948;-256.751;-256.269;-256.684;-256.888;-256.942;-255.996;10:14:50
501;28.6865;28.487;-256.751;-256.262;-256.692;-256.895;-256.942;-255.988;10:14:51
502;28.6865;28.4948;-256.747;-256.262;-256.692;-256.888;-256.942;-255.996;10:14:51
503;28.6865;28.487;-256.751;-256.262;-256.684;-256.895;-256.935;-255.996;10:14:52
504;28.6865;28.487;-256.747;-256.262;-256.684;-256.895;-256.935;-255.996;10:14:52
505;28.6865;28.487;-256.751;-256.262;-256.692;-256.895;-256.935;-255.988;10:14:53
506;28.6865;28.487;-256.747;-256.254;-256.692;-256.895;-256.942;-255.988;10:14:53
507;28.6943;28.4948;-256.751;-256.262;-256.692;-256.895;-256.927;-255.996;10:14:54
508;28.6943;28.487;-256.751;-256.262;-256.692;-256.895;-256.942;-255.988;10:14:54
509;28.7022;28.4948;-256.751;-256.262;-256.692;-256.888;-256.95;-255.988;10:14:55
510;28.6943;28.4948;-256.751;-256.262;-256.692;-256.888;-256.942;-255.996;10:14:55
511;28.6865;28.5026;-256.747;-256.269;-256.692;-256.888;-256.95;-255.988;10:14:56
512;28.6943;28.4948;-256.751;-256.262;-256.684;-256.895;-256.942;-255.988;10:14:56
513;28.7022;28.4948;-256.747;-256.262;-256.692;-256.888;-256.942;-255.98;10:14:57
514;28.6865;28.4948;-256.747;-256.262;-256.692;-256.888;-256.942;-255.988;10:14:57
515;28.6943;28.4948;-256.751;-256.262;-256.692;-256.888;-256.942;-255.988;10:14:58
516;28.6943;28.4948;-256.747;-256.262;-256.692;-256.895;-256.95;-255.988;10:14:58
517;28.6943;28.4948;-256.747;-256.262;-256.692;-256.888;-256.942;-255.996;10:14:59
518;28.71;28.5026;-256.739;-256.269;-256.7;-256.888;-256.935;-255.988;10:14:59
519;28.7022;28.5026;-256.743;-256.262;-256.692;-256.888;-256.942;-255.996;10:15:00
520;28.7022;28.5026;-256.747;-256.262;-256.692;-256.903;-256.942;-255.988;10:15:00
521;28.7022;28.4948;-256.747;-256.254;-256.684;-256.888;-256.95;-255.996;10:15:01
522;28.7022;28.4948;-256.747;-256.262;-256.692;-256.895;-256.942;-255.996;10:15:01
523;28.7022;28.5026;-256.747;-256.262;-256.692;-256.895;-256.942;-255.988;10:15:02
524;28.71;28.5026;-256.747;-256.262;-256.7;-256.903;-256.935;-255.996;10:15:02
525;28.7022;28.5105;-256.747;-256.262;-256.692;-256.895;-256.942;-255.988;10:15:03
526;28.71;28.5026;-256.747;-256.262;-256.692;-256.895;-256.942;-255.996;10:15:03
527;28.7256;28.5105;-256.747;-256.262;-256.692;-256.895;-256.942;-255.988;10:15:04
528;28.7178;28.5105;-256.747;-256.262;-256.692;-256.895;-256.935;-255.988;10:15:04
529;28.7178;28.5183;-256.751;-256.269;-256.692;-256.888;-256.942;-255.988;10:15:05
530;28.7178;28.5105;-256.747;-256.262;-256.692;-256.888;-256.942;-255.996;10:15:05
531;28.7178;28.5183;-256.751;-256.262;-256.7;-256.888;-256.942;-255.996;10:15:06
532;28.7256;28.5183;-256.747;-256.262;-256.692;-256.888;-256.942;-255.988;10:15:06
533;28.7178;28.5183;-256.747;-256.269;-256.7;-256.895;-256.935;-255.996;10:15:07
534;28.7178;28.5183;-256.747;-256.262;-256.692;-256.888;-256.942;-255.996;10:15:07
535;28.7178;28.5183;-256.747;-256.262;-256.692;-256.895;-256.935;-255.996;10:15:08
536;28.7178;28.5261;-256.751;-256.269;-256.692;-256.888;-256.935;-255.996;10:15:08
537;28.7178;28.5183;-256.747;-256.262;-256.692;-256.888;-256.95;-255.996;10:15:09
538;28.7178;28.5261;-256.751;-256.269;-256.692;-256.888;-256.942;-255.996;10:15:09
539;28.7256;28.5261;-256.751;-256.262;-256.692;-256.895;-256.942;-255.996;10:15:10
540;28.7256;28.5339;-256.755;-256.262;-256.692;-256.888;-256.935;-256.003;10:15:10
541;28.7256;28.5261;-256.751;-256.262;-256.692;-256.888;-256.942;-255.996;10:15:11
542;28.7335;28.5261;-256.747;-256.262;-256.7;-256.895;-256.935;-255.996;10:15:11
543;28.7335;28.5339;-256.751;-256.262;-256.692;-256.888;-256.935;-255.996;10:15:12
544;28.7335;28.5261;-256.755;-256.262;-256.692;-256.888;-256.935;-256.003;10:15:12
545;28.7335;28.5183;-256.751;-256.269;-256.684;-256.895;-256.942;-255.996;10:15:13
546;28.7256;28.5339;-256.755;-256.262;-256.684;-256.888;-256.942;-255.996;10:15:13
547;28.7413;28.5261;-256.755;-256.254;-256.692;-256.895;-256.935;-256.003;10:15:14
548;28.7413;28.5339;-256.755;-256.262;-256.684;-256.888;-256.927;-255.996;10:15:14
549;28.7335;28.5339;-256.755;-256.262;-256.692;-256.895;-256.935;-255.996;10:15:15
550;28.7413;28.5418;-256.751;-256.269;-256.684;-256.888;-256.942;-255.988;10:15:15
551;28.7413;28.5339;-256.751;-256.262;-256.684;-256.888;-256.935;-255.996;10:15:16
552;28.7413;28.5339;-256.751;-256.262;-256.692;-256.895;-256.935;-255.996;10:15:16
553;28.7413;28.5418;-256.751;-256.262;-256.684;-256.888;-256.942;-255.988;10:15:17
554;28.7413;28.5339;-256.755;-256.262;-256.692;-256.895;-256.935;-255.996;10:15:17
555;28.7335;28.5418;-256.751;-256.262;-256.684;-256.895;-256.927;-255.988;10:15:18
556;28.7256;28.5496;-256.751;-256.254;-256.692;-256.888;-256.935;-256.003;10:15:18
557;28.7335;28.5418;-256.751;-256.254;-256.684;-256.895;-256.935;-255.988;10:15:19
558;28.7335;28.5496;-256.755;-256.254;-256.692;-256.888;-256.935;-256.003;10:15:19
559;28.7256;28.5418;-256.755;-256.254;-256.692;-256.888;-256.935;-255.996;10:15:20
560;28.7335;28.5418;-256.751;-256.262;-256.692;-256.895;-256.942;-256.003;10:15:20
561;28.7335;28.5418;-256.755;-256.254;-256.7;-256.888;-256.935;-255.996;10:15:21
562;28.7335;28.5418;-256.755;-256.25;-256.692;-256.888;-256.935;-255.996;10:15:21
563;28.7413;28.5418;-256.751;-256.254;-256.684;-256.895;-256.935;-256.003;10:15:22
564;28.7413;28.5496;-256.758;-256.262;-256.7;-256.895;-256.935;-256.003;10:15:22
565;28.7491;28.5496;-256.755;-256.254;-256.692;-256.888;-256.935;-255.996;10:15:23
566;28.7491;28.5496;-256.755;-256.254;-256.692;-256.895;-256.942;-256.003;10:15:23
567;28.7491;28.5652;-256.758;-256.254;-256.692;-256.895;-256.927;-255.996;10:15:24
568;28.7491;28.5496;-256.755;-256.254;-256.692;-256.895;-256.927;-256.003;10:15:24
569;28.7491;28.5496;-256.755;-256.254;-256.692;-256.888;-256.942;-255.996;10:15:25
570;28.7413;28.5496;-256.755;-256.254;-256.692;-256.895;-256.935;-255.996;10:15:25
571;28.7491;28.5496;-256.755;-256.254;-256.692;-256.888;-256.95;-256.003;10:15:26
572;28.7491;28.5496;-256.755;-256.254;-256.684;-256.895;-256.935;-255.996;10:15:26
573;28.7491;28.5574;-256.751;-256.254;-256.692;-256.895;-256.942;-255.996;10:15:27
574;28.7569;28.5574;-256.755;-256.254;-256.684;-256.888;-256.942;-255.996;10:15:27
575;28.7569;28.5652;-256.751;-256.262;-256.692;-256.895;-256.935;-256.003;10:15:28
576;28.7569;28.5574;-256.751;-256.254;-256.684;-256.895;-256.935;-255.996;10:15:28
577;28.7569;28.5652;-256.751;-256.262;-256.684;-256.888;-256.935;-255.996;10:15:29
578;28.7569;28.5574;-256.751;-256.262;-256.692;-256.895;-256.95;-256.003;10:15:29
579;28.7569;28.5574;-256.751;-256.269;-256.684;-256.895;-256.942;-255.996;10:15:30
580;28.7569;28.5574;-256.751;-256.269;-256.692;-256.888;-256.935;-256.003;10:15:30
581;28.7569;28.5731;-256.751;-256.269;-256.692;-256.895;-256.935;-255.996;10:15:31
582;28.7648;28.5652;-256.751;-256.269;-256.692;-256.888;-256.942;-256.003;10:15:31
583;28.7726;28.5731;-256.751;-256.269;-256.692;-256.888;-256.935;-255.996;10:15:32
584;28.7648;28.5731;-256.751;-256.269;-256.692;-256.895;-256.942;-256.003;10:15:32
585;28.7648;28.5731;-256.751;-256.269;-256.7;-256.895;-256.935;-255.996;10:15:33
586;28.7726;28.5652;-256.751;-256.269;-256.692;-256.888;-256.935;-255.996;10:15:33
587;28.7648;28.5652;-256.755;-256.262;-256.692;-256.888;-256.935;-255.996;10:15:34
588;28.7648;28.5809;-256.755;-256.269;-256.7;-256.895;-256.942;-256.003;10:15:34
589;28.7569;28.5731;-256.755;-256.262;-256.692;-256.888;-256.942;-255.996;10:15:35
590;28.7648;28.5809;-256.751;-256.262;-256.684;-256.895;-256.95;-255.988;10:15:35
591;28.7648;28.5887;-256.755;-256.262;-256.692;-256.888;-256.942;-255.996;10:15:36
592;28.7569;28.5809;-256.755;-256.262;-256.692;-256.895;-256.942;-255.996;10:15:36
593;28.7648;28.5887;-256.751;-256.269;-256.692;-256.888;-256.942;-256.003;10:15:37
594;28.7569;28.5809;-256.755;-256.262;-256.7;-256.895;-256.942;-255.996;10:15:37
595;28.7648;28.5887;-256.755;-256.262;-256.692;-256.888;-256.942;-255.988;10:15:38
596;28.7648;28.5809;-256.755;-256.262;-256.684;-256.895;-256.942;-255.996;10:15:38
597;28.7648;28.5809;-256.755;-256.269;-256.7;-256.888;-256.942;-255.996;10:15:39
598;28.7648;28.5887;-256.755;-256.262;-256.692;-256.888;-256.95;-255.996;10:15:39
599;28.7804;28.5809;-256.755;-256.269;-256.692;-256.888;-256.942;-255.988;10:15:40
600;28.7726;28.5887;-256.755;-256.262;-256.684;-256.888;-256.942;-255.996;10:15:40
601;28.7648;28.5965;-256.755;-256.262;-256.692;-256.888;-256.942;-255.988;10:15:41
602;28.7726;28.5887;-256.755;-256.262;-256.692;-256.895;-256.95;-255.996;10:15:41
603;28.7726;28.5887;-256.755;-256.262;-256.7;-256.888;-256.942;-255.996;10:15:42
604;28.7726;28.5887;-256.751;-256.269;-256.692;-256.895;-256.942;-255.996;10:15:42
605;28.7648;28.5965;-256.755;-256.262;-256.692;-256.888;-256.942;-255.996;10:15:43
606;28.7726;28.5887;-256.751;-256.262;-256.692;-256.888;-256.942;-255.988;10:15:43
607;28.7726;28.5887;-256.751;-256.262;-256.684;-256.895;-256.942;-255.996;10:15:44
608;28.7726;28.5965;-256.755;-256.254;-256.692;-256.895;-256.942;-255.996;10:15:44
609;28.7726;28.5965;-256.755;-256.262;-256.692;-256.888;-256.942;-255.988;10:15:45
610;28.7726;28.5887;-256.751;-256.269;-256.692;-256.895;-256.942;-255.996;10:15:45
611;28.7804;28.5965;-256.743;-256.254;-256.692;-256.888;-256.942;-255.988;10:15:46
612;28.7726;28.5887;-256.747;-256.262;-256.684;-256.903;-256.935;-255.996;10:15:46
613;28.7804;28.5965;-256.747;-256.262;-256.692;-256.888;-256.95;-255.996;10:15:47
614;28.7882;28.6044;-256.751;-256.262;-256.684;-256.888;-256.942;-255.996;10:15:47
615;28.7882;28.6044;-256.751;-256.262;-256.692;-256.895;-256.935;-255.996;10:15:48
616;28.7804;28.6044;-256.747;-256.262;-256.692;-256.888;-256.942;-255.996;10:15:48
617;28.7804;28.6122;-256.751;-256.262;-256.684;-256.895;-256.95;-255.996;10:15:49
618;28.7882;28.6122;-256.743;-256.262;-256.692;-256.888;-256.942;-255.988;10:15:49
619;28.7882;28.6122;-256.751;-256.262;-256.684;-256.888;-256.935;-255.996;10:15:50
620;28.7882;28.6122;-256.751;-256.262;-256.692;-256.895;-256.935;-255.988;10:15:50
621;28.7882;28.6122;-256.747;-256.262;-256.692;-256.888;-256.942;-255.996;10:15:51
622;28.7882;28.6122;-256.751;-256.254;-256.692;-256.88;-256.935;-255.996;10:15:51
623;28.7961;28.6122;-256.751;-256.262;-256.692;-256.895;-256.935;-255.996;10:15:52
624;28.7961;28.62;-256.751;-256.262;-256.692;-256.888;-256.927;-255.996;10:15:52
625;28.7882;28.6122;-256.751;-256.262;-256.692;-256.895;-256.942;-255.996;10:15:53
626;28.7961;28.62;-256.751;-256.254;-256.692;-256.895;-256.942;-255.996;10:15:53
627;28.7961;28.62;-256.747;-256.262;-256.692;-256.895;-256.942;-255.996;10:15:54
628;28.8039;28.62;-256.751;-256.254;-256.692;-256.895;-256.935;-255.996;10:15:54
629;28.7961;28.62;-256.747;-256.262;-256.692;-256.895;-256.935;-255.996;10:15:55
630;28.7882;28.6278;-256.751;-256.262;-256.684;-256.888;-256.942;-255.988;10:15:55
631;28.8039;28.62;-256.747;-256.262;-256.692;-256.895;-256.935;-255.996;10:15:56
632;28.8039;28.6278;-256.751;-256.254;-256.684;-256.903;-256.935;-255.988;10:15:56
633;28.8039;28.6278;-256.755;-256.262;-256.692;-256.888;-256.95;-255.996;10:15:57
634;28.8039;28.6278;-256.751;-256.254;-256.692;-256.895;-256.942;-255.988;10:15:57
635;28.8117;28.6278;-256.755;-256.262;-256.684;-256.895;-256.942;-255.996;10:15:58
636;28.8039;28.6278;-256.758;-256.262;-256.692;-256.895;-256.935;-255.988;10:15:58
637;28.8117;28.6278;-256.755;-256.262;-256.692;-256.895;-256.942;-255.996;10:15:59
638;28.8039;28.6278;-256.755;-256.262;-256.7;-256.895;-256.95;-255.988;10:15:59
639;28.8117;28.6278;-256.755;-256.262;-256.684;-256.888;-256.942;-255.996;10:16:00
640;28.8117;28.6357;-256.751;-256.262;-256.684;-256.895;-256.935;-255.988;10:16:00
641;28.8117;28.6278;-256.755;-256.254;-256.692;-256.88;-256.942;-255.98;10:16:01
642;28.8117;28.6357;-256.751;-256.262;-256.692;-256.888;-256.942;-255.996;10:16:01
643;28.8117;28.6357;-256.755;-256.262;-256.684;-256.888;-256.95;-255.996;10:16:02
644;28.8117;28.6396;-256.755;-256.262;-256.684;-256.888;-256.935;-255.996;10:16:02
645;28.8117;28.6357;-256.751;-256.262;-256.692;-256.888;-256.942;-255.996;10:16:03
646;28.8117;28.6278;-256.747;-256.262;-256.684;-256.888;-256.942;-255.996;10:16:03
647;28.8156;28.6357;-256.751;-256.254;-256.692;-256.895;-256.942;-255.996;10:16:04
648;28.8156;28.6357;-256.747;-256.262;-256.7;-256.888;-256.958;-255.996;10:16:04
649;28.8156;28.6317;-256.747;-256.269;-256.692;-256.895;-256.95;-255.988;10:16:05
650;28.8195;28.6396;-256.751;-256.262;-256.692;-256.888;-256.942;-255.996;10:16:05
651;28.8195;28.6357;-256.751;-256.262;-256.692;-256.895;-256.942;-255.996;10:16:06
652;28.8156;28.6396;-256.751;-256.262;-256.692;-256.895;-256.95;-255.988;10:16:06
653;28.8195;28.6396;-256.751;-256.262;-256.692;-256.888;-256.95;-255.988;10:16:07
654;28.8156;28.6396;-256.751;-256.262;-256.684;-256.888;-256.95;-255.98;10:16:07
655;28.8195;28.6396;-256.747;-256.262;-256.692;-256.895;-256.942;-255.996;10:16:08
656;28.8156;28.6396;-256.751;-256.254;-256.692;-256.895;-256.942;-255.988;10:16:08
657;28.8195;28.6396;-256.751;-256.262;-256.684;-256.895;-256.95;-255.988;10:16:09
658;28.8195;28.6435;-256.747;-256.254;-256.684;-256.895;-256.95;-255.996;10:16:09
659;28.8195;28.6396;-256.751;-256.254;-256.692;-256.895;-256.942;-255.988;10:16:10
660;28.8195;28.6435;-256.751;-256.262;-256.692;-256.895;-256.942;-255.996;10:16:10
661;28.8195;28.6435;-256.751;-256.254;-256.692;-256.895;-256.942;-255.988;10:16:11
662;28.8235;28.6435;-256.751;-256.254;-256.692;-256.888;-256.935;-255.988;10:16:11
663;28.8235;28.6435;-256.747;-256.254;-256.692;-256.895;-256.942;-255.988;10:16:12
664;28.8274;28.6435;-256.747;-256.254;-256.692;-256.895;-256.942;-255.988;10:16:12
665;28.8274;28.6435;-256.751;-256.262;-256.692;-256.888;-256.942;-255.996;10:16:13
666;28.8313;28.6474;-256.751;-256.254;-256.7;-256.895;-256.942;-255.98;10:16:13
667;28.8274;28.6474;-256.751;-256.262;-256.692;-256.888;-256.942;-255.98;10:16:14
668;28.8313;28.6474;-256.755;-256.262;-256.7;-256.895;-256.942;-255.988;10:16:14
669;28.8391;28.6435;-256.751;-256.254;-256.7;-256.888;-256.942;-255.996;10:16:15
670;28.8274;28.6435;-256.747;-256.262;-256.692;-256.895;-256.95;-255.988;10:16:15
671;28.8391;28.6474;-256.755;-256.262;-256.7;-256.888;-256.95;-255.988;10:16:16
672;28.8274;28.6474;-256.755;-256.262;-256.692;-256.895;-256.95;-255.988;10:16:16
673;28.8391;28.6435;-256.758;-256.262;-256.692;-256.895;-256.95;-255.996;10:16:17
674;28.8391;28.6474;-256.751;-256.262;-256.7;-256.888;-256.95;-255.996;10:16:17
675;28.8391;28.6474;-256.751;-256.262;-256.692;-256.888;-256.95;-255.988;10:16:18
676;28.8391;28.6513;-256.747;-256.262;-256.692;-256.888;-256.95;-255.996;10:16:18
677;28.8391;28.6513;-256.751;-256.262;-256.684;-256.88;-256.95;-255.996;10:16:19
678;28.8391;28.6513;-256.747;-256.262;-256.692;-256.888;-256.942;-255.996;10:16:19
679;28.8391;28.6513;-256.751;-256.262;-256.692;-256.888;-256.942;-255.988;10:16:20
680;28.8391;28.6513;-256.758;-256.269;-256.692;-256.895;-256.95;-255.996;10:16:20
681;28.8391;28.6552;-256.755;-256.254;-256.692;-256.888;-256.95;-255.988;10:16:21
682;28.8391;28.6552;-256.755;-256.262;-256.7;-256.888;-256.95;-255.996;10:16:21
683;28.8469;28.6552;-256.755;-256.269;-256.692;-256.888;-256.942;-255.996;10:16:22
684;28.8391;28.6552;-256.755;-256.269;-256.692;-256.895;-256.95;-255.988;10:16:22
685;28.8391;28.6513;-256.758;-256.262;-256.7;-256.895;-256.942;-255.988;10:16:23
686;28.8469;28.6591;-256.755;-256.262;-256.692;-256.888;-256.95;-255.996;10:16:23
687;28.8469;28.663;-256.755;-256.269;-256.7;-256.88;-256.942;-255.988;10:16:24
688;28.8469;28.6513;-256.755;-256.254;-256.692;-256.888;-256.942;-255.988;10:16:24
689;28.8469;28.6552;-256.755;-256.262;-256.692;-256.888;-256.942;-255.988;10:16:25
690;28.8548;28.6513;-256.758;-256.254;-256.692;-256.88;-256.942;-255.988;10:16:25
691;28.8548;28.663;-256.755;-256.262;-256.692;-256.888;-256.95;-255.988;10:16:26
692;28.8626;28.6552;-256.755;-256.262;-256.692;-256.88;-256.942;-255.988;10:16:26
693;28.8548;28.6513;-256.751;-256.262;-256.692;-256.88;-256.935;-255.996;10:16:27
694;28.8548;28.6552;-256.755;-256.254;-256.692;-256.888;-256.942;-255.988;10:16:27
695;28.8469;28.663;-256.755;-256.269;-256.692;-256.888;-256.942;-255.996;10:16:28
696;28.8548;28.6552;-256.755;-256.262;-256.692;-256.88;-256.942;-255.988;10:16:28
697;28.8704;28.6552;-256.751;-256.262;-256.692;-256.888;-256.95;-255.996;10:16:29
698;28.8626;28.663;-256.751;-256.269;-256.684;-256.895;-256.95;-255.996;10:16:29
699;28.8626;28.663;-256.755;-256.262;-256.692;-256.888;-256.942;-255.996;10:16:30
700;28.8704;28.6552;-256.755;-256.262;-256.692;-256.888;-256.95;-255.996;10:16:30
701;28.8626;28.663;-256.751;-256.262;-256.684;-256.888;-256.95;-255.996;10:16:31
702;28.8704;28.663;-256.755;-256.262;-256.692;-256.888;-256.942;-255.988;10:16:31
703;28.8626;28.663;-256.751;-256.254;-256.684;-256.888;-256.95;-255.996;10:16:32
704;28.8626;28.663;-256.751;-256.262;-256.692;-256.888;-256.95;-255.988;10:16:32
705;28.8548;28.663;-256.755;-256.262;-256.692;-256.888;-256.958;-255.988;10:16:33
706;28.8626;28.663;-256.751;-256.269;-256.692;-256.888;-256.958;-255.996;10:16:33
707;28.8704;28.6709;-256.755;-256.262;-256.684;-256.895;-256.942;-255.996;10:16:34
708;28.8704;28.6787;-256.755;-256.262;-256.692;-256.888;-256.942;-255.988;10:16:34
709;28.8626;28.663;-256.755;-256.262;-256.692;-256.888;-256.942;-255.996;10:16:35
710;28.8782;28.6709;-256.755;-256.254;-256.692;-256.888;-256.942;-255.996;10:16:35
711;28.8704;28.6709;-256.755;-256.254;-256.692;-256.895;-256.935;-255.996;10:16:36
712;28.8704;28.6709;-256.758;-256.262;-256.7;-256.888;-256.95;-255.996;10:16:36
713;28.8704;28.6709;-256.755;-256.254;-256.692;-256.895;-256.942;-255.988;10:16:37
714;28.8704;28.6709;-256.758;-256.262;-256.692;-256.888;-256.95;-255.988;10:16:37
715;28.8861;28.6709;-256.755;-256.262;-256.684;-256.895;-256.942;-255.996;10:16:38
716;28.8704;28.6787;-256.758;-256.269;-256.692;-256.888;-256.942;-255.996;10:16:38
717;28.8704;28.6709;-256.766;-256.262;-256.684;-256.895;-256.942;-255.996;10:16:39
718;28.8782;28.6787;-256.758;-256.254;-256.692;-256.888;-256.942;-255.996;10:16:39
719;28.8782;28.6787;-256.758;-256.262;-256.684;-256.88;-256.942;-255.988;10:16:40
720;28.8782;28.6787;-256.758;-256.262;-256.684;-256.895;-256.942;-256.003;10:16:40
721;28.8782;28.6787;-256.758;-256.262;-256.684;-256.888;-256.935;-255.996;10:16:41
722;28.8704;28.6787;-256.762;-256.262;-256.692;-256.88;-256.942;-255.996;10:16:41
723;28.8704;28.6865;-256.758;-256.262;-256.692;-256.888;-256.927;-255.996;10:16:42
724;28.8782;28.6787;-256.755;-256.254;-256.692;-256.888;-256.942;-255.996;10:16:42
725;28.8782;28.6787;-256.755;-256.262;-256.692;-256.88;-256.935;-255.996;10:16:43
726;28.8782;28.6787;-256.762;-256.254;-256.7;-256.88;-256.935;-255.996;10:16:43
727;28.8782;28.6865;-256.758;-256.262;-256.692;-256.888;-256.935;-255.996;10:16:44
728;28.8861;28.6787;-256.762;-256.262;-256.7;-256.888;-256.935;-255.996;10:16:44
729;28.8782;28.6865;-256.758;-256.262;-256.692;-256.888;-256.95;-255.996;10:16:45
730;28.8782;28.6943;-256.762;-256.262;-256.692;-256.888;-256.942;-255.996;10:16:45
731;28.8861;28.6865;-256.758;-256.262;-256.692;-256.888;-256.942;-255.996;10:16:46
732;28.8782;28.6943;-256.758;-256.254;-256.684;-256.888;-256.935;-255.996;10:16:46
733;28.8861;28.6943;-256.758;-256.262;-256.684;-256.88;-256.942;-255.996;10:16:47
734;28.8782;28.6943;-256.758;-256.269;-256.692;-256.888;-256.942;-255.996;10:16:47
735;28.8861;28.7022;-256.755;-256.262;-256.684;-256.888;-256.942;-255.996;10:16:48
736;28.8861;28.71;-256.758;-256.262;-256.676;-256.888;-256.935;-255.996;10:16:48
737;28.8939;28.7022;-256.755;-256.262;-256.684;-256.88;-256.942;-256.003;10:16:49
738;28.8861;28.71;-256.755;-256.262;-256.692;-256.888;-256.942;-255.996;10:16:49
739;28.8939;28.71;-256.758;-256.254;-256.684;-256.888;-256.942;-255.996;10:16:50
740;28.8861;28.7022;-256.762;-256.262;-256.692;-256.888;-256.935;-255.996;10:16:50
741;28.8939;28.71;-256.755;-256.254;-256.692;-256.888;-256.942;-256.003;10:16:51
742;28.8861;28.7022;-256.758;-256.262;-256.7;-256.888;-256.942;-255.996;10:16:51
743;28.9017;28.71;-256.758;-256.262;-256.692;-256.888;-256.942;-256.003;10:16:52
744;28.9017;28.71;-256.762;-256.262;-256.692;-256.888;-256.95;-255.996;10:16:52
745;28.8939;28.71;-256.758;-256.254;-256.692;-256.888;-256.942;-256.003;10:16:53
746;28.8939;28.71;-256.758;-256.262;-256.7;-256.88;-256.95;-255.996;10:16:53
747;28.9017;28.7178;-256.758;-256.262;-256.7;-256.895;-256.942;-255.996;10:16:54
748;28.9017;28.7178;-256.755;-256.269;-256.7;-256.888;-256.942;-256.003;10:16:54
749;28.9017;28.7178;-256.758;-256.269;-256.692;-256.888;-256.942;-255.996;10:16:55
750;28.9017;28.71;-256.758;-256.262;-256.7;-256.888;-256.935;-255.996;10:16:55
751;28.9095;28.7256;-256.758;-256.269;-256.7;-256.888;-256.942;-256.003;10:16:56
752;28.9095;28.7256;-256.758;-256.262;-256.692;-256.903;-256.935;-255.996;10:16:56
753;28.9017;28.7178;-256.758;-256.269;-256.7;-256.888;-256.95;-256.003;10:16:57
754;28.9095;28.7256;-256.758;-256.262;-256.7;-256.888;-256.942;-255.996;10:16:57
755;28.9017;28.7178;-256.755;-256.262;-256.7;-256.895;-256.942;-256.003;10:16:58
756;28.9174;28.7178;-256.758;-256.262;-256.7;-256.895;-256.942;-255.996;10:16:58
757;28.9174;28.7256;-256.758;-256.254;-256.692;-256.888;-256.942;-255.996;10:16:59
758;28.9174;28.7178;-256.755;-256.262;-256.692;-256.888;-256.942;-255.996;10:16:59
759;28.9174;28.7335;-256.758;-256.262;-256.7;-256.895;-256.942;-256.003;10:17:00
760;28.9252;28.7178;-256.758;-256.269;-256.692;-256.888;-256.942;-255.996;10:17:00
761;28.9174;28.7256;-256.755;-256.262;-256.7;-256.888;-256.935;-256.003;10:17:01
762;28.9252;28.7178;-256.758;-256.262;-256.7;-256.888;-256.942;-256.003;10:17:01
763;28.9252;28.7335;-256.762;-256.262;-256.692;-256.888;-256.942;-255.996;10:17:02
764;28.9252;28.7335;-256.758;-256.269;-256.692;-256.888;-256.95;-256.003;10:17:02
765;28.9252;28.7335;-256.762;-256.262;-256.692;-256.888;-256.942;-256.003;10:17:03
766;28.933;28.7256;-256.758;-256.262;-256.692;-256.888;-256.942;-256.003;10:17:03
767;28.933;28.7413;-256.762;-256.262;-256.7;-256.88;-256.935;-255.996;10:17:04
768;28.9252;28.7413;-256.762;-256.269;-256.7;-256.88;-256.935;-256.003;10:17:04
769;28.933;28.7413;-256.758;-256.262;-256.692;-256.88;-256.942;-255.996;10:17:05
770;28.9252;28.7413;-256.762;-256.262;-256.7;-256.888;-256.95;-256.003;10:17:05
771;28.9174;28.7413;-256.758;-256.254;-256.692;-256.88;-256.942;-256.003;10:17:06
772;28.9252;28.7335;-256.758;-256.262;-256.692;-256.888;-256.935;-255.996;10:17:06
773;28.933;28.7413;-256.758;-256.262;-256.692;-256.895;-256.95;-256.003;10:17:07
774;28.9252;28.7413;-256.758;-256.262;-256.7;-256.888;-256.942;-255.996;10:17:07
775;28.9408;28.7335;-256.758;-256.262;-256.692;-256.888;-256.942;-256.003;10:17:08
776;28.933;28.7413;-256.758;-256.269;-256.692;-256.888;-256.935;-256.003;10:17:08
777;28.933;28.7335;-256.758;-256.262;-256.7;-256.888;-256.935;-255.996;10:17:09
778;28.9408;28.7491;-256.758;-256.262;-256.692;-256.88;-256.942;-256.003;10:17:09
779;28.9408;28.7413;-256.758;-256.269;-256.692;-256.888;-256.935;-256.003;10:17:10
780;28.933;28.7413;-256.755;-256.262;-256.7;-256.888;-256.935;-256.003;10:17:10
781;28.9408;28.7413;-256.758;-256.262;-256.7;-256.888;-256.935;-256.003;10:17:11
782;28.9408;28.7491;-256.758;-256.262;-256.692;-256.888;-256.942;-255.996;10:17:11
783;28.9408;28.7491;-256.755;-256.269;-256.692;-256.895;-256.942;-255.996;10:17:12
784;28.9408;28.7491;-256.755;-256.269;-256.692;-256.888;-256.942;-255.996;10:17:12
785;28.933;28.7491;-256.758;-256.254;-256.692;-256.895;-256.942;-255.996;10:17:13
786;28.933;28.7491;-256.755;-256.262;-256.692;-256.888;-256.942;-255.996;10:17:13
787;28.933;28.7569;-256.755;-256.262;-256.7;-256.895;-256.935;-256.003;10:17:14
788;28.933;28.7491;-256.755;-256.262;-256.684;-256.888;-256.942;-255.996;10:17:14
789;28.9408;28.7569;-256.755;-256.262;-256.692;-256.888;-256.942;-256.003;10:17:15
790;28.933;28.7569;-256.755;-256.254;-256.7;-256.888;-256.95;-255.996;10:17:15
791;28.9487;28.7569;-256.755;-256.262;-256.692;-256.895;-256.942;-256.003;10:17:16
792;28.9408;28.7569;-256.758;-256.254;-256.692;-256.895;-256.942;-256.003;10:17:16
793;28.9487;28.7648;-256.755;-256.262;-256.692;-256.888;-256.942;-255.996;10:17:17
794;28.9408;28.7569;-256.755;-256.262;-256.7;-256.888;-256.942;-255.996;10:17:17
795;28.9487;28.7569;-256.751;-256.254;-256.692;-256.895;-256.942;-256.003;10:17:18
796;28.9408;28.7569;-256.755;-256.262;-256.692;-256.895;-256.942;-255.996;10:17:18
797;28.9408;28.7569;-256.755;-256.254;-256.692;-256.888;-256.942;-256.003;10:17:19
798;28.9408;28.7569;-256.755;-256.262;-256.692;-256.888;-256.942;-256.003;10:17:19
799;28.9487;28.7726;-256.755;-256.262;-256.692;-256.895;-256.942;-255.996;10:17:20
800;28.9487;28.7648;-256.755;-256.262;-256.684;-256.895;-256.935;-256.003;10:17:20
801;28.9487;28.7648;-256.755;-256.262;-256.692;-256.895;-256.935;-255.996;10:17:21
802;28.9487;28.7569;-256.755;-256.262;-256.684;-256.888;-256.942;-256.003;10:17:21
803;28.9565;28.7648;-256.755;-256.254;-256.684;-256.895;-256.935;-255.996;10:17:22
804;28.9565;28.7648;-256.751;-256.262;-256.684;-256.888;-256.935;-255.996;10:17:22
805;28.9487;28.7726;-256.758;-256.254;-256.684;-256.895;-256.935;-255.996;10:17:23
806;28.9565;28.7726;-256.758;-256.262;-256.692;-256.888;-256.942;-255.996;10:17:23
807;28.9487;28.7804;-256.755;-256.262;-256.692;-256.895;-256.942;-256.003;10:17:24
808;28.9643;28.7726;-256.758;-256.262;-256.692;-256.895;-256.935;-255.996;10:17:24
809;28.9643;28.7726;-256.758;-256.262;-256.692;-256.895;-256.935;-255.996;10:17:25
810;28.9565;28.7726;-256.755;-256.254;-256.7;-256.888;-256.935;-255.996;10:17:25
811;28.9643;28.7648;-256.758;-256.262;-256.692;-256.895;-256.935;-255.996;10:17:26
812;28.9643;28.7726;-256.755;-256.262;-256.692;-256.895;-256.942;-255.996;10:17:26
813;28.9565;28.7648;-256.751;-256.262;-256.692;-256.895;-256.942;-255.996;10:17:27
814;28.9643;28.7726;-256.755;-256.262;-256.692;-256.888;-256.935;-255.996;10:17:27
815;28.9643;28.7804;-256.755;-256.262;-256.692;-256.895;-256.927;-256.003;10:17:28
816;28.9643;28.7726;-256.751;-256.262;-256.692;-256.895;-256.935;-256.003;10:17:28
817;28.9643;28.7726;-256.755;-256.262;-256.692;-256.895;-256.942;-256.003;10:17:29
818;28.9643;28.7726;-256.755;-256.262;-256.692;-256.888;-256.935;-255.996;10:17:29
819;28.9643;28.7804;-256.758;-256.254;-256.692;-256.888;-256.942;-256.003;10:17:30
820;28.9643;28.7804;-256.755;-256.262;-256.692;-256.888;-256.935;-256.003;10:17:30
821;28.9721;28.7804;-256.755;-256.262;-256.7;-256.888;-256.942;-256.003;10:17:31
822;28.9721;28.7804;-256.755;-256.262;-256.692;-256.888;-256.935;-256.003;10:17:31
823;28.9721;28.7882;-256.755;-256.262;-256.692;-256.888;-256.935;-256.003;10:17:32
824;28.9721;28.7882;-256.758;-256.262;-256.692;-256.895;-256.935;-256.011;10:17:32
825;28.98;28.7882;-256.755;-256.269;-256.692;-256.888;-256.935;-256.003;10:17:33
826;28.98;28.7882;-256.758;-256.262;-256.692;-256.888;-256.935;-256.003;10:17:33
827;28.98;28.7882;-256.755;-256.262;-256.692;-256.888;-256.942;-256.003;10:17:34
828;28.9721;28.7882;-256.755;-256.269;-256.684;-256.895;-256.942;-256.003;10:17:34
829;28.98;28.7804;-256.755;-256.262;-256.7;-256.88;-256.942;-256.003;10:17:35
830;28.98;28.7961;-256.755;-256.262;-256.692;-256.88;-256.942;-256.003;10:17:35
831;28.9878;28.7961;-256.755;-256.262;-256.692;-256.888;-256.942;-256.003;10:17:36
832;28.9878;28.7961;-256.758;-256.269;-256.692;-256.88;-256.935;-256.011;10:17:36
833;28.9878;28.7961;-256.755;-256.262;-256.692;-256.88;-256.935;-255.996;10:17:37
834;28.9878;28.7961;-256.758;-256.262;-256.692;-256.88;-256.942;-256.003;10:17:37
835;28.9878;28.7961;-256.755;-256.262;-256.692;-256.88;-256.942;-256.011;10:17:38
836;28.9878;28.7961;-256.755;-256.269;-256.684;-256.888;-256.935;-256.003;10:17:38
837;28.9917;28.7961;-256.755;-256.262;-256.692;-256.88;-256.942;-256.003;10:17:39
838;28.9878;28.7961;-256.751;-256.262;-256.692;-256.872;-256.935;-256.003;10:17:39
839;28.9878;28.8039;-256.758;-256.269;-256.692;-256.88;-256.935;-256.003;10:17:40
840;28.9917;28.7961;-256.755;-256.262;-256.692;-256.872;-256.942;-255.996;10:17:40
841;28.9917;28.7961;-256.751;-256.262;-256.7;-256.88;-256.935;-256.003;10:17:41
842;28.9878;28.8039;-256.755;-256.262;-256.692;-256.88;-256.942;-256.003;10:17:41
843;28.9917;28.7961;-256.751;-256.254;-256.692;-256.88;-256.935;-255.996;10:17:42
844;28.9917;28.8117;-256.747;-256.254;-256.692;-256.888;-256.935;-256.011;10:17:42
845;28.9878;28.7961;-256.751;-256.254;-256.684;-256.888;-256.942;-255.996;10:17:43
846;28.9917;28.8039;-256.751;-256.262;-256.692;-256.888;-256.935;-255.996;10:17:43
847;28.9956;28.7961;-256.755;-256.254;-256.692;-256.888;-256.935;-256.011;10:17:44
848;28.9995;28.7961;-256.755;-256.262;-256.684;-256.88;-256.935;-256.003;10:17:44
849;28.9995;28.8039;-256.751;-256.254;-256.684;-256.888;-256.942;-255.996;10:17:45
850;28.9995;28.8039;-256.755;-256.254;-256.692;-256.88;-256.935;-256.003;10:17:45
851;28.9956;28.7961;-256.755;-256.254;-256.684;-256.888;-256.935;-256.003;10:17:46
852;29.0034;28.8039;-256.755;-256.254;-256.692;-256.88;-256.935;-256.003;10:17:46
853;28.9956;28.8039;-256.751;-256.254;-256.692;-256.895;-256.927;-256.003;10:17:47
854;28.9995;28.8039;-256.755;-256.254;-256.692;-256.88;-256.935;-256.003;10:17:47
855;28.9956;28.8039;-256.751;-256.262;-256.692;-256.888;-256.935;-256.003;10:17:48
856;28.9956;28.8039;-256.755;-256.254;-256.692;-256.888;-256.942;-255.996;10:17:48
857;28.9995;28.8117;-256.758;-256.254;-256.692;-256.88;-256.935;-256.003;10:17:49
858;28.9956;28.8117;-256.755;-256.262;-256.692;-256.888;-256.935;-255.996;10:17:49
859;28.9956;28.8117;-256.751;-256.262;-256.692;-256.888;-256.935;-255.996;10:17:50
860;28.9956;28.8117;-256.755;-256.262;-256.692;-256.888;-256.942;-256.003;10:17:50
861;28.9995;28.8195;-256.751;-256.262;-256.692;-256.88;-256.935;-255.996;10:17:51
862;28.9956;28.8117;-256.755;-256.262;-256.7;-256.888;-256.935;-255.996;10:17:51
863;28.9956;28.8117;-256.755;-256.254;-256.692;-256.888;-256.935;-255.996;10:17:52
864;28.9995;28.8195;-256.755;-256.262;-256.692;-256.888;-256.935;-256.003;10:17:52
865;28.9995;28.8117;-256.755;-256.262;-256.692;-256.895;-256.935;-256.003;10:17:53
866;28.9995;28.8195;-256.755;-256.254;-256.7;-256.88;-256.935;-255.996;10:17:53
867;28.9995;28.8195;-256.751;-256.262;-256.684;-256.895;-256.935;-255.996;10:17:54
868;28.9995;28.8195;-256.755;-256.262;-256.692;-256.888;-256.927;-256.003;10:17:54
869;29.0034;28.8117;-256.751;-256.262;-256.692;-256.895;-256.935;-255.996;10:17:55
870;29.0034;28.8195;-256.751;-256.262;-256.7;-256.888;-256.942;-255.996;10:17:55
871;28.9995;28.8195;-256.758;-256.262;-256.692;-256.88;-256.935;-256.003;10:17:56
872;28.9995;28.8274;-256.751;-256.262;-256.692;-256.895;-256.942;-255.996;10:17:56
873;29.0034;28.8195;-256.751;-256.254;-256.692;-256.888;-256.935;-256.003;10:17:57
874;29.0034;28.8195;-256.751;-256.262;-256.692;-256.888;-256.942;-256.003;10:17:57
875;28.9995;28.8274;-256.751;-256.262;-256.692;-256.888;-256.942;-256.003;10:17:58
876;29.0034;28.8195;-256.751;-256.262;-256.7;-256.88;-256.935;-255.996;10:17:58
877;29.0034;28.8274;-256.755;-256.262;-256.684;-256.888;-256.927;-256.003;10:17:59
878;29.0034;28.8352;-256.755;-256.262;-256.7;-256.88;-256.942;-255.996;10:17:59
879;29.0073;28.8274;-256.755;-256.262;-256.684;-256.88;-256.935;-256.003;10:18:00
880;29.0034;28.8274;-256.751;-256.262;-256.692;-256.88;-256.935;-256.003;10:18:00
881;29.0034;28.8274;-256.755;-256.262;-256.692;-256.88;-256.942;-255.996;10:18:01
882;29.0034;28.8274;-256.755;-256.262;-256.692;-256.88;-256.935;-256.003;10:18:01
883;29.0034;28.8352;-256.751;-256.269;-256.692;-256.88;-256.942;-256.003;10:18:02
884;29.0073;28.8352;-256.755;-256.262;-256.7;-256.895;-256.942;-255.996;10:18:02
885;29.0034;28.8352;-256.755;-256.262;-256.692;-256.888;-256.942;-256.003;10:18:03
886;29.0073;28.8352;-256.755;-256.262;-256.692;-256.888;-256.942;-255.996;10:18:03
887;29.0034;28.8274;-256.751;-256.269;-256.7;-256.888;-256.942;-256.003;10:18:04
888;29.0073;28.8274;-256.755;-256.262;-256.692;-256.888;-256.942;-256.003;10:18:04
889;29.0073;28.843;-256.751;-256.262;-256.7;-256.888;-256.942;-256.003;10:18:05
890;29.0152;28.8274;-256.751;-256.269;-256.692;-256.888;-256.942;-256.003;10:18:05
891;29.0073;28.8352;-256.755;-256.269;-256.692;-256.888;-256.942;-256.003;10:18:06
892;29.0152;28.843;-256.751;-256.269;-256.692;-256.895;-256.942;-256.003;10:18:06
893;29.0152;28.8352;-256.751;-256.269;-256.692;-256.88;-256.935;-255.996;10:18:07
894;29.0152;28.843;-256.751;-256.262;-256.692;-256.888;-256.942;-255.996;10:18:07
895;29.0152;28.843;-256.755;-256.269;-256.7;-256.888;-256.942;-256.003;10:18:08
896;29.0152;28.8352;-256.751;-256.262;-256.692;-256.88;-256.935;-256.003;10:18:08
897;29.0152;28.843;-256.755;-256.269;-256.7;-256.895;-256.935;-256.003;10:18:09
898;29.0152;28.843;-256.758;-256.262;-256.692;-256.888;-256.942;-256.003;10:18:09
899;29.0152;28.843;-256.758;-256.269;-256.684;-256.888;-256.942;-256.003;10:18:10
900;29.0152;28.843;-256.755;-256.262;-256.7;-256.895;-256.935;-255.996;10:18:10
901;29.023;28.843;-256.758;-256.262;-256.692;-256.895;-256.935;-256.003;10:18:11
902;29.0152;28.8352;-256.762;-256.262;-256.692;-256.888;-256.935;-256.003;10:18:11
903;29.0152;28.8508;-256.758;-256.262;-256.692;-256.888;-256.942;-256.003;10:18:12
904;29.023;28.843;-256.758;-256.269;-256.7;-256.895;-256.942;-256.003;10:18:12
905;29.0152;28.8508;-256.758;-256.269;-256.684;-256.888;-256.935;-256.003;10:18:13
906;29.023;28.843;-256.762;-256.269;-256.692;-256.888;-256.95;-256.003;10:18:13
907;29.023;28.8508;-256.758;-256.269;-256.7;-256.888;-256.942;-256.003;10:18:14
908;29.023;28.8469;-256.758;-256.262;-256.692;-256.895;-256.942;-256.003;10:18:14
909;29.0308;28.8508;-256.762;-256.269;-256.692;-256.895;-256.942;-256.011;10:18:15
910;29.023;28.8508;-256.762;-256.262;-256.7;-256.88;-256.942;-255.996;10:18:15
911;29.0308;28.8508;-256.762;-256.262;-256.7;-256.903;-256.942;-256.003;10:18:16
912;29.023;28.8508;-256.758;-256.269;-256.692;-256.895;-256.942;-256.011;10:18:16
913;29.0308;28.8548;-256.762;-256.262;-256.692;-256.895;-256.935;-256.003;10:18:17
914;29.0308;28.8548;-256.762;-256.269;-256.7;-256.895;-256.95;-256.003;10:18:17
915;29.0308;28.8587;-256.762;-256.269;-256.7;-256.895;-256.942;-256.003;10:18:18
916;29.0386;28.8587;-256.758;-256.269;-256.692;-256.895;-256.942;-255.996;10:18:18
917;29.0308;28.8587;-256.766;-256.262;-256.692;-256.895;-256.935;-256.003;10:18:19
918;29.0308;28.8587;-256.766;-256.269;-256.692;-256.895;-256.942;-255.996;10:18:19
919;29.0386;28.8587;-256.762;-256.262;-256.7;-256.895;-256.942;-255.996;10:18:20
920;29.0308;28.8548;-256.758;-256.262;-256.7;-256.903;-256.935;-255.988;10:18:20
921;29.0386;28.8548;-256.762;-256.262;-256.692;-256.895;-256.935;-255.996;10:18:21
922;29.0308;28.8548;-256.758;-256.269;-256.692;-256.888;-256.935;-255.996;10:18:21
923;29.0386;28.8587;-256.758;-256.254;-256.692;-256.895;-256.935;-256.003;10:18:22
924;29.0386;28.8548;-256.758;-256.254;-256.692;-256.895;-256.935;-256.003;10:18:22
925;29.0386;28.8587;-256.758;-256.254;-256.692;-256.903;-256.942;-255.996;10:18:23
926;29.0386;28.8587;-256.762;-256.262;-256.692;-256.888;-256.935;-255.996;10:18:23
927;29.0465;28.8587;-256.758;-256.262;-256.7;-256.895;-256.942;-256.003;10:18:24
928;29.0386;28.8587;-256.758;-256.269;-256.684;-256.888;-256.942;-255.996;10:18:24
929;29.0465;28.8587;-256.762;-256.262;-256.692;-256.903;-256.942;-256.003;10:18:25
930;29.0465;28.8548;-256.758;-256.262;-256.692;-256.888;-256.935;-255.988;10:18:25
931;29.0386;28.8587;-256.758;-256.262;-256.692;-256.888;-256.935;-256.003;10:18:26
932;29.0543;28.8587;-256.762;-256.254;-256.684;-256.895;-256.935;-255.996;10:18:26
933;29.0465;28.8587;-256.758;-256.262;-256.692;-256.895;-256.942;-255.996;10:18:27
934;29.0465;28.8587;-256.758;-256.254;-256.692;-256.888;-256.935;-255.996;10:18:27
935;29.0543;28.8587;-256.758;-256.262;-256.692;-256.888;-256.942;-255.988;10:18:28
936;29.0543;28.8587;-256.762;-256.262;-256.7;-256.895;-256.935;-255.996;10:18:28
937;29.0543;28.8587;-256.758;-256.262;-256.7;-256.895;-256.942;-256.003;10:18:29
938;29.0543;28.8587;-256.758;-256.254;-256.692;-256.895;-256.942;-255.996;10:18:29
939;29.0621;28.8626;-256.758;-256.258;-256.692;-256.895;-256.942;-255.996;10:18:30
940;29.0543;28.8626;-256.762;-256.254;-256.7;-256.895;-256.942;-255.988;10:18:30
941;29.0621;28.8587;-256.758;-256.269;-256.692;-256.895;-256.935;-255.996;10:18:31
942;29.0543;28.8626;-256.762;-256.254;-256.692;-256.895;-256.935;-255.996;10:18:31
943;29.0543;28.8626;-256.762;-256.254;-256.7;-256.888;-256.942;-256.003;10:18:32
944;29.0621;28.8626;-256.762;-256.254;-256.692;-256.895;-256.942;-256.003;10:18:32
945;29.0621;28.8626;-256.758;-256.254;-256.692;-256.895;-256.935;-255.996;10:18:33
946;29.0699;28.8626;-256.755;-256.262;-256.692;-256.888;-256.95;-256.003;10:18:33
947;29.0621;28.8587;-256.755;-256.25;-256.692;-256.888;-256.95;-255.996;10:18:34
948;29.0699;28.8665;-256.758;-256.254;-256.7;-256.888;-256.942;-256.003;10:18:34
949;29.0699;28.8665;-256.755;-256.262;-256.692;-256.888;-256.935;-256.003;10:18:35
950;29.0699;28.8665;-256.755;-256.254;-256.692;-256.888;-256.935;-255.996;10:18:35
951;29.0699;28.8665;-256.758;-256.254;-256.684;-256.888;-256.95;-256.003;10:18:36
952;29.0778;28.8665;-256.751;-256.262;-256.692;-256.895;-256.935;-255.996;10:18:36
953;29.0699;28.8665;-256.758;-256.254;-256.692;-256.888;-256.935;-256.003;10:18:37
954;29.0699;28.8665;-256.755;-256.269;-256.684;-256.888;-256.935;-255.996;10:18:37
955;29.0699;28.8704;-256.758;-256.262;-256.692;-256.888;-256.942;-255.996;10:18:38
956;29.0699;28.8704;-256.758;-256.254;-256.684;-256.895;-256.942;-256.003;10:18:38
957;29.0699;28.8665;-256.755;-256.262;-256.684;-256.888;-256.942;-256.003;10:18:39
958;29.0856;28.8704;-256.758;-256.254;-256.684;-256.888;-256.942;-255.996;10:18:39
959;29.0699;28.8665;-256.758;-256.262;-256.684;-256.888;-256.942;-255.996;10:18:40
960;29.0778;28.8704;-256.755;-256.262;-256.684;-256.895;-256.935;-255.996;10:18:40
961;29.0778;28.8665;-256.758;-256.254;-256.692;-256.895;-256.942;-256.003;10:18:41
962;29.0699;28.8665;-256.758;-256.254;-256.684;-256.888;-256.935;-255.996;10:18:41
963;29.0778;28.8665;-256.758;-256.262;-256.692;-256.888;-256.942;-256.003;10:18:42
964;29.0778;28.8821;-256.758;-256.254;-256.684;-256.895;-256.935;-256.003;10:18:42
965;29.0778;28.8665;-256.762;-256.262;-256.692;-256.895;-256.935;-256.011;10:18:43
966;29.0778;28.8665;-256.758;-256.262;-256.692;-256.895;-256.942;-256.003;10:18:43
967;29.0778;28.8704;-256.758;-256.254;-256.692;-256.888;-256.95;-256.011;10:18:44
968;29.0778;28.8782;-256.758;-256.262;-256.692;-256.895;-256.942;-256.003;10:18:44
969;29.0778;28.8861;-256.758;-256.254;-256.684;-256.903;-256.942;-256.003;10:18:45
970;29.0778;28.8782;-256.755;-256.254;-256.692;-256.888;-256.95;-256.003;10:18:45
971;29.0699;28.8861;-256.755;-256.262;-256.692;-256.895;-256.95;-256.003;10:18:46
972;29.0778;28.8782;-256.755;-256.254;-256.692;-256.895;-256.942;-256.003;10:18:46
973;29.0699;28.8782;-256.755;-256.269;-256.692;-256.888;-256.942;-256.003;10:18:47
974;29.0778;28.8861;-256.758;-256.262;-256.692;-256.895;-256.942;-256.003;10:18:47
975;29.0778;28.8861;-256.755;-256.262;-256.692;-256.888;-256.935;-255.996;10:18:48
976;29.0856;28.8939;-256.762;-256.254;-256.7;-256.895;-256.935;-256.003;10:18:48
977;29.0856;28.8861;-256.758;-256.262;-256.684;-256.895;-256.95;-256.011;10:18:49
978;29.0856;28.8782;-256.762;-256.262;-256.684;-256.888;-256.942;-256.003;10:18:49
979;29.0856;28.8861;-256.762;-256.254;-256.692;-256.895;-256.935;-255.996;10:18:50
980;29.0934;28.8782;-256.758;-256.262;-256.684;-256.888;-256.942;-256.003;10:18:50
981;29.1012;28.8861;-256.762;-256.262;-256.692;-256.895;-256.935;-255.996;10:18:51
982;29.1012;28.8861;-256.758;-256.262;-256.692;-256.895;-256.942;-255.996;10:18:51
983;29.1091;28.8861;-256.758;-256.262;-256.684;-256.888;-256.942;-255.996;10:18:52
984;29.1012;28.8939;-256.762;-256.262;-256.684;-256.895;-256.935;-255.996;10:18:52
985;29.1012;28.8861;-256.762;-256.262;-256.684;-256.888;-256.942;-255.996;10:18:53
986;29.1012;28.8861;-256.758;-256.262;-256.692;-256.888;-256.95;-255.996;10:18:53
987;29.1012;28.8861;-256.758;-256.262;-256.684;-256.88;-256.935;-255.996;10:18:54
988;29.0934;28.8861;-256.758;-256.262;-256.692;-256.895;-256.935;-256.003;10:18:54
989;29.1012;28.8939;-256.758;-256.262;-256.684;-256.88;-256.935;-256.003;10:18:55
990;29.1012;28.8939;-256.758;-256.262;-256.692;-256.88;-256.942;-256.003;10:18:55
991;29.1012;28.8939;-256.758;-256.254;-256.684;-256.888;-256.935;-256.003;10:18:56
992;29.1012;28.9017;-256.758;-256.262;-256.684;-256.895;-256.927;-256.003;10:18:56
993;29.1012;28.8939;-256.762;-256.254;-256.692;-256.888;-256.927;-256.003;10:18:57
994;29.1091;28.9017;-256.755;-256.262;-256.692;-256.888;-256.942;-256.003;10:18:57
995;29.1012;28.8939;-256.758;-256.262;-256.684;-256.888;-256.935;-256.003;10:18:58
996;29.1012;28.9017;-256.755;-256.262;-256.684;-256.888;-256.927;-256.003;10:18:58
997;29.1012;28.9017;-256.758;-256.262;-256.684;-256.888;-256.927;-256.003;10:18:59
998;29.1091;28.9017;-256.758;-256.262;-256.684;-256.895;-256.935;-256.003;10:18:59
999;29.1012;28.8939;-256.758;-256.269;-256.692;-256.888;-256.935;-255.996;10:19:00
1000;29.1091;28.9095;-256.755;-256.262;-256.684;-256.895;-256.935;-256.003;10:19:00
1001;29.1091;28.9095;-256.758;-256.269;-256.692;-256.895;-256.935;-256.011;10:19:01
1002;29.1012;28.9017;-256.755;-256.269;-256.692;-256.888;-256.935;-255.996;10:19:01
1003;29.1091;28.9095;-256.758;-256.269;-256.684;-256.888;-256.935;-256.003;10:19:02
1004;29.1091;28.9017;-256.755;-256.269;-256.692;-256.895;-256.942;-256.003;10:19:02
1005;29.1012;28.9095;-256.758;-256.262;-256.692;-256.895;-256.935;-256.003;10:19:03
1006;29.1012;28.9095;-256.762;-256.262;-256.7;-256.888;-256.942;-256.003;10:19:03
1007;29.1091;28.9095;-256.762;-256.269;-256.7;-256.895;-256.935;-255.996;10:19:04
1008;29.1091;28.9174;-256.758;-256.262;-256.7;-256.888;-256.935;-256.003;10:19:04
1009;29.1012;28.9095;-256.762;-256.269;-256.692;-256.895;-256.927;-256.003;10:19:05
1010;29.1091;28.9095;-256.762;-256.254;-256.692;-256.895;-256.942;-256.003;10:19:05
1011;29.1012;28.9095;-256.758;-256.269;-256.692;-256.888;-256.935;-256.003;10:19:06
1012;29.1169;28.9174;-256.758;-256.262;-256.692;-256.895;-256.935;-256.003;10:19:06
1013;29.1091;28.9095;-256.758;-256.269;-256.692;-256.895;-256.935;-256.003;10:19:07
1014;29.1091;28.9095;-256.762;-256.269;-256.692;-256.895;-256.935;-256.003;10:19:07
1015;29.1091;28.9095;-256.762;-256.262;-256.692;-256.888;-256.935;-256.003;10:19:08
1016;29.1091;28.9095;-256.758;-256.262;-256.692;-256.895;-256.935;-256.003;10:19:08
1017;29.1169;28.9174;-256.755;-256.269;-256.684;-256.895;-256.935;-256.003;10:19:09
1018;29.1091;28.9174;-256.758;-256.254;-256.7;-256.895;-256.942;-255.996;10:19:09
1019;29.1169;28.9174;-256.758;-256.262;-256.7;-256.888;-256.95;-256.003;10:19:10
1020;29.1091;28.9095;-256.758;-256.262;-256.692;-256.895;-256.935;-256.003;10:19:10
1021;29.1091;28.9174;-256.758;-256.269;-256.7;-256.895;-256.935;-256.003;10:19:11
1022;29.1169;28.9174;-256.755;-256.269;-256.692;-256.895;-256.935;-256.003;10:19:11
1023;29.1169;28.9174;-256.758;-256.254;-256.692;-256.895;-256.942;-255.996;10:19:12
1024;29.1247;28.9174;-256.755;-256.262;-256.692;-256.888;-256.935;-256.003;10:19:12
1025;29.1169;28.9174;-256.758;-256.262;-256.692;-256.895;-256.942;-256.003;10:19:13
1026;29.1169;28.9174;-256.755;-256.262;-256.692;-256.888;-256.95;-256.003;10:19:13
1027;29.1169;28.9174;-256.758;-256.262;-256.692;-256.888;-256.942;-256.003;10:19:14
1028;29.1169;28.9174;-256.762;-256.262;-256.692;-256.888;-256.942;-256.011;10:19:14
1029;29.1247;28.9174;-256.758;-256.269;-256.7;-256.888;-256.942;-256.003;10:19:15
1030;29.1169;28.9174;-256.762;-256.262;-256.692;-256.888;-256.942;-255.996;10:19:15
1031;29.1247;28.9174;-256.758;-256.262;-256.692;-256.895;-256.95;-255.996;10:19:16
1032;29.1247;28.9252;-256.758;-256.262;-256.692;-256.888;-256.942;-256.003;10:19:16
1033;29.1247;28.9252;-256.762;-256.262;-256.692;-256.895;-256.935;-256.003;10:19:17
1034;29.1169;28.933;-256.758;-256.254;-256.692;-256.888;-256.942;-255.996;10:19:17
1035;29.1247;28.9252;-256.762;-256.262;-256.7;-256.888;-256.942;-256.003;10:19:18
1036;29.1325;28.9252;-256.758;-256.262;-256.692;-256.895;-256.927;-255.996;10:19:18
1037;29.1247;28.933;-256.762;-256.262;-256.684;-256.888;-256.935;-256.003;10:19:19
1038;29.1325;28.933;-256.755;-256.254;-256.692;-256.888;-256.935;-255.996;10:19:19
1039;29.1325;28.933;-256.758;-256.269;-256.692;-256.888;-256.935;-256.003;10:19:20
1040;29.1404;28.933;-256.758;-256.262;-256.692;-256.888;-256.942;-255.996;10:19:20
1041;29.1325;28.9408;-256.762;-256.269;-256.692;-256.888;-256.942;-255.996;10:19:21
1042;29.1325;28.933;-256.755;-256.262;-256.692;-256.888;-256.942;-256.003;10:19:21
1043;29.1325;28.933;-256.762;-256.269;-256.692;-256.895;-256.95;-255.996;10:19:22
1044;29.1325;28.933;-256.762;-256.262;-256.692;-256.895;-256.942;-255.996;10:19:22
1045;29.1247;28.933;-256.758;-256.269;-256.692;-256.895;-256.935;-255.996;10:19:23
1046;29.1325;28.9408;-256.762;-256.262;-256.7;-256.888;-256.935;-255.996;10:19:23
1047;29.1404;28.933;-256.755;-256.262;-256.7;-256.888;-256.935;-256.003;10:19:24
1048;29.1325;28.933;-256.758;-256.262;-256.692;-256.888;-256.935;-256.003;10:19:24
1049;29.1404;28.9408;-256.755;-256.254;-256.684;-256.888;-256.935;-256.003;10:19:25
1050;29.1325;28.9408;-256.755;-256.262;-256.692;-256.895;-256.935;-255.996;10:19:25
1051;29.1404;28.933;-256.758;-256.254;-256.692;-256.888;-256.927;-255.996;10:19:26
1052;29.1404;28.9408;-256.758;-256.262;-256.684;-256.888;-256.927;-256.003;10:19:26
1053;29.1404;28.9408;-256.755;-256.262;-256.692;-256.895;-256.935;-256.011;10:19:27
1054;29.1404;28.9487;-256.758;-256.262;-256.692;-256.895;-256.942;-256.003;10:19:27
1055;29.1404;28.9408;-256.755;-256.262;-256.692;-256.895;-256.935;-256.011;10:19:28
1056;29.1482;28.9487;-256.758;-256.262;-256.684;-256.895;-256.927;-256.003;10:19:28
1057;29.1404;28.9487;-256.758;-256.254;-256.692;-256.895;-256.935;-256.011;10:19:29
1058;29.1404;28.9408;-256.758;-256.262;-256.684;-256.888;-256.935;-256.003;10:19:29
1059;29.1482;28.9565;-256.762;-256.262;-256.692;-256.895;-256.935;-256.003;10:19:30
1060;29.1482;28.9565;-256.758;-256.262;-256.676;-256.888;-256.942;-256.003;10:19:30
1061;29.1482;28.9565;-256.758;-256.262;-256.684;-256.895;-256.927;-256.011;10:19:31
1062;29.1482;28.9565;-256.758;-256.262;-256.692;-256.888;-256.942;-256.003;10:19:31
1063;29.156;28.9643;-256.762;-256.262;-256.684;-256.895;-256.935;-256.011;10:19:32
1064;29.156;28.9565;-256.758;-256.262;-256.684;-256.888;-256.942;-256.003;10:19:32
1065;29.1482;28.9643;-256.758;-256.262;-256.692;-256.895;-256.935;-256.011;10:19:33
1066;29.156;28.9565;-256.758;-256.262;-256.684;-256.888;-256.935;-256.003;10:19:33
1067;29.156;28.9643;-256.762;-256.269;-256.684;-256.888;-256.942;-256.003;10:19:34
1068;29.156;28.9643;-256.762;-256.262;-256.692;-256.895;-256.935;-256.003;10:19:34
1069;29.156;28.9643;-256.762;-256.269;-256.7;-256.895;-256.935;-256.003;10:19:35
1070;29.1482;28.9565;-256.762;-256.269;-256.692;-256.888;-256.935;-256.011;10:19:35
1071;29.156;28.9565;-256.762;-256.269;-256.692;-256.888;-256.935;-256.003;10:19:36
1072;29.156;28.9643;-256.762;-256.269;-256.692;-256.888;-256.935;-255.996;10:19:36
1073;29.156;28.9643;-256.762;-256.269;-256.692;-256.895;-256.935;-256.003;10:19:37
1074;29.156;28.9643;-256.762;-256.269;-256.692;-256.888;-256.935;-255.996;10:19:37
1075;29.156;28.9643;-256.762;-256.269;-256.7;-256.895;-256.935;-255.996;10:19:38
1076;29.1638;28.9721;-256.77;-256.269;-256.692;-256.895;-256.942;-256.003;10:19:38
1077;29.156;28.9721;-256.762;-256.262;-256.692;-256.895;-256.942;-256.003;10:19:39
1078;29.1638;28.9643;-256.762;-256.262;-256.7;-256.895;-256.935;-255.996;10:19:39
1079;29.156;28.9721;-256.762;-256.262;-256.692;-256.895;-256.935;-256.003;10:19:40
1080;29.156;28.9643;-256.762;-256.269;-256.692;-256.895;-256.935;-255.996;10:19:40
1081;29.1482;28.98;-256.762;-256.262;-256.7;-256.895;-256.935;-256.003;10:19:41
1082;29.1638;28.9721;-256.762;-256.254;-256.692;-256.895;-256.942;-256.003;10:19:41
1083;29.1638;28.9721;-256.762;-256.269;-256.7;-256.895;-256.935;-255.996;10:19:42
1084;29.1638;28.98;-256.762;-256.254;-256.7;-256.888;-256.935;-256.003;10:19:42
1085;29.1717;28.9721;-256.762;-256.262;-256.692;-256.895;-256.935;-256.003;10:19:43
1086;29.1717;28.98;-256.758;-256.262;-256.692;-256.895;-256.935;-256.003;10:19:43
1087;29.1717;28.98;-256.758;-256.254;-256.7;-256.888;-256.942;-256.003;10:19:44
1088;29.1638;28.9721;-256.758;-256.262;-256.7;-256.895;-256.927;-256.003;10:19:44
1089;29.1638;28.9721;-256.758;-256.262;-256.692;-256.903;-256.935;-256.003;10:19:45
1090;29.1717;28.9721;-256.755;-256.262;-256.7;-256.888;-256.942;-256.003;10:19:45
1091;29.1717;28.98;-256.758;-256.262;-256.692;-256.895;-256.935;-256.003;10:19:46
1092;29.1717;28.98;-256.755;-256.269;-256.7;-256.888;-256.935;-256.003;10:19:46
1093;29.1795;28.9721;-256.755;-256.262;-256.692;-256.895;-256.935;-256.003;10:19:47
1094;29.1717;28.9721;-256.758;-256.262;-256.7;-256.895;-256.942;-255.996;10:19:47
1095;29.1717;28.9721;-256.755;-256.254;-256.7;-256.895;-256.935;-256.003;10:19:48
1096;29.1717;28.9721;-256.758;-256.269;-256.692;-256.895;-256.935;-256.003;10:19:48
1097;29.1638;28.98;-256.755;-256.262;-256.692;-256.895;-256.935;-256.003;10:19:49
1098;29.1638;28.9878;-256.755;-256.262;-256.692;-256.888;-256.935;-255.996;10:19:49
1099;29.1717;28.9721;-256.758;-256.254;-256.692;-256.888;-256.927;-256.003;10:19:50
1100;29.1717;28.98;-256.755;-256.262;-256.692;-256.888;-256.935;-255.996;10:19:50
1101;29.1795;28.98;-256.755;-256.262;-256.692;-256.895;-256.927;-256.003;10:19:51
1102;29.1717;28.98;-256.758;-256.262;-256.692;-256.88;-256.935;-255.996;10:19:51
1103;29.1717;28.98;-256.755;-256.254;-256.7;-256.895;-256.942;-256.003;10:19:52
1104;29.1717;28.98;-256.755;-256.262;-256.692;-256.888;-256.942;-255.996;10:19:52
1105;29.1717;28.98;-256.755;-256.254;-256.692;-256.895;-256.935;-256.003;10:19:53
1106;29.1638;28.98;-256.758;-256.262;-256.7;-256.895;-256.942;-255.996;10:19:53
1107;29.1717;28.98;-256.755;-256.262;-256.684;-256.895;-256.935;-256.003;10:19:54
1108;29.1717;28.98;-256.758;-256.254;-256.7;-256.895;-256.935;-256.003;10:19:54
1109;29.1795;28.98;-256.758;-256.262;-256.692;-256.895;-256.935;-255.996;10:19:55
1110;29.1717;28.9721;-256.758;-256.262;-256.692;-256.895;-256.942;-256.003;10:19:55
1111;29.1795;28.9721;-256.758;-256.254;-256.7;-256.895;-256.935;-256.003;10:19:56
1112;29.1717;28.9721;-256.762;-256.262;-256.692;-256.895;-256.935;-256.003;10:19:56
1113;29.1795;28.98;-256.758;-256.254;-256.7;-256.895;-256.935;-256.003;10:19:57
1114;29.1795;28.98;-256.762;-256.262;-256.7;-256.888;-256.935;-255.996;10:19:57
1115;29.1873;28.9721;-256.758;-256.258;-256.692;-256.888;-256.935;-256.003;10:19:58
1116;29.1873;28.98;-256.762;-256.254;-256.692;-256.895;-256.935;-255.996;10:19:58
1117;29.1795;28.98;-256.758;-256.254;-256.692;-256.888;-256.927;-255.996;10:19:59
1118;29.1873;28.98;-256.762;-256.254;-256.7;-256.888;-256.935;-255.996;10:19:59
1119;29.1873;28.98;-256.758;-256.262;-256.692;-256.895;-256.935;-255.996;10:20:00
1120;29.1873;28.9721;-256.762;-256.254;-256.7;-256.895;-256.935;-256.003;10:20:00
1121;29.1873;28.98;-256.758;-256.262;-256.7;-256.888;-256.935;-255.996;10:20:01
1122;29.1951;28.98;-256.762;-256.262;-256.692;-256.895;-256.942;-255.988;10:20:01
1123;29.1951;28.9878;-256.755;-256.254;-256.692;-256.888;-256.935;-256.003;10:20:02
1124;29.1951;28.9878;-256.762;-256.262;-256.7;-256.888;-256.935;-255.996;10:20:02
1125;29.1951;28.9878;-256.755;-256.262;-256.692;-256.895;-256.927;-255.996;10:20:03
1126;29.1951;28.9878;-256.758;-256.262;-256.7;-256.895;-256.935;-256.003;10:20:03
1127;29.1873;28.9878;-256.755;-256.262;-256.7;-256.895;-256.935;-256.003;10:20:04
1128;29.1951;28.98;-256.758;-256.262;-256.692;-256.903;-256.935;-256.003;10:20:04
1129;29.1873;28.9878;-256.758;-256.269;-256.684;-256.903;-256.935;-255.996;10:20:05
1130;29.1951;28.9878;-256.758;-256.254;-256.684;-256.903;-256.942;-255.996;10:20:05
1131;29.1951;28.9956;-256.762;-256.262;-256.692;-256.895;-256.942;-255.996;10:20:06
1132;29.1951;28.98;-256.758;-256.262;-256.692;-256.895;-256.935;-256.003;10:20:06
1133;29.203;28.9878;-256.758;-256.262;-256.692;-256.903;-256.935;-255.996;10:20:07
1134;29.203;28.9878;-256.758;-256.269;-256.684;-256.895;-256.942;-255.996;10:20:07
1135;29.1991;28.9956;-256.762;-256.262;-256.692;-256.895;-256.942;-255.996;10:20:08
1136;29.203;28.9878;-256.762;-256.262;-256.7;-256.895;-256.935;-255.996;10:20:08
1137;29.203;28.9878;-256.762;-256.262;-256.7;-256.895;-256.942;-255.996;10:20:09
1138;29.203;28.9956;-256.762;-256.254;-256.692;-256.895;-256.95;-255.996;10:20:09
1139;29.2069;28.9956;-256.762;-256.254;-256.7;-256.895;-256.935;-255.996;10:20:10
1140;29.2069;28.9956;-256.762;-256.254;-256.7;-256.895;-256.942;-256.003;10:20:10
1141;29.203;29.0034;-256.758;-256.262;-256.692;-256.895;-256.935;-255.996;10:20:11
1142;29.2069;29.0034;-256.762;-256.254;-256.7;-256.895;-256.935;-256.003;10:20:11
1143;29.2069;28.9956;-256.762;-256.254;-256.692;-256.895;-256.942;-255.996;10:20:12
1144;29.2069;29.0034;-256.762;-256.262;-256.7;-256.888;-256.942;-255.996;10:20:12
1145;29.2108;29.0034;-256.762;-256.269;-256.7;-256.895;-256.935;-256.003;10:20:13
1146;29.2108;29.0034;-256.762;-256.262;-256.692;-256.895;-256.942;-255.996;10:20:13
1147;29.2069;28.9956;-256.762;-256.269;-256.7;-256.895;-256.942;-256.003;10:20:14
1148;29.2069;29.0113;-256.762;-256.262;-256.692;-256.888;-256.942;-255.996;10:20:14
1149;29.2108;29.0034;-256.758;-256.262;-256.692;-256.903;-256.935;-256.003;10:20:15
1150;29.2108;29.0113;-256.762;-256.262;-256.692;-256.895;-256.942;-255.996;10:20:15
1151;29.2108;29.0113;-256.762;-256.269;-256.692;-256.895;-256.942;-256.011;10:20:16
1152;29.2108;29.0113;-256.758;-256.262;-256.692;-256.895;-256.95;-255.996;10:20:16
1153;29.2069;29.0113;-256.758;-256.262;-256.684;-256.895;-256.942;-256.003;10:20:17
1154;29.2069;29.0113;-256.758;-256.262;-256.692;-256.895;-256.942;-256.003;10:20:17
1155;29.2069;29.0034;-256.762;-256.262;-256.692;-256.895;-256.942;-256.003;10:20:18
1156;29.203;29.0113;-256.762;-256.262;-256.692;-256.895;-256.942;-256.003;10:20:18
1157;29.203;29.0113;-256.758;-256.262;-256.692;-256.895;-256.942;-256.003;10:20:19
1158;29.2069;29.0034;-256.755;-256.254;-256.684;-256.888;-256.942;-256.011;10:20:19
1159;29.203;29.0113;-256.758;-256.269;-256.684;-256.895;-256.942;-256.003;10:20:20
1160;29.203;29.0191;-256.755;-256.254;-256.684;-256.903;-256.935;-256.003;10:20:20
1161;29.203;29.0113;-256.758;-256.262;-256.692;-256.895;-256.935;-256.003;10:20:21
1162;29.2069;29.0113;-256.762;-256.262;-256.692;-256.903;-256.935;-256.003;10:20:21
1163;29.203;29.0113;-256.762;-256.262;-256.684;-256.888;-256.942;-256.003;10:20:22
1164;29.2069;29.0113;-256.758;-256.262;-256.692;-256.895;-256.935;-256.003;10:20:22
1165;29.203;29.0113;-256.758;-256.262;-256.684;-256.895;-256.942;-255.996;10:20:23
1166;29.1991;29.0191;-256.758;-256.269;-256.684;-256.895;-256.927;-256.003;10:20:23
1167;29.1991;29.0113;-256.762;-256.262;-256.684;-256.895;-256.935;-255.996;10:20:24
1168;29.2069;29.0269;-256.758;-256.269;-256.692;-256.895;-256.935;-256.003;10:20:24
1169;29.2069;29.0191;-256.758;-256.269;-256.684;-256.903;-256.935;-256.003;10:20:25
1170;29.203;29.0269;-256.758;-256.269;-256.684;-256.888;-256.935;-255.996;10:20:25
1171;29.2069;29.0269;-256.758;-256.262;-256.692;-256.895;-256.942;-256.003;10:20:26
1172;29.2069;29.0113;-256.758;-256.269;-256.676;-256.888;-256.942;-256.003;10:20:26
1173;29.2147;29.0191;-256.77;-256.269;-256.684;-256.895;-256.942;-256.003;10:20:27
1174;29.2108;29.0113;-256.758;-256.269;-256.692;-256.895;-256.942;-256.003;10:20:27
1175;29.2108;29.0191;-256.762;-256.262;-256.684;-256.895;-256.95;-256.003;10:20:28
1176;29.2108;29.0191;-256.758;-256.269;-256.692;-256.895;-256.95;-256.003;10:20:28
1177;29.2108;29.0269;-256.758;-256.269;-256.684;-256.895;-256.95;-256.003;10:20:29
1178;29.2108;29.0269;-256.762;-256.269;-256.684;-256.895;-256.942;-255.996;10:20:29
1179;29.2147;29.0191;-256.758;-256.262;-256.684;-256.888;-256.95;-255.996;10:20:30
1180;29.2108;29.0308;-256.762;-256.269;-256.684;-256.895;-256.942;-256.003;10:20:30
1181;29.2147;29.0269;-256.762;-256.262;-256.684;-256.895;-256.935;-256.003;10:20:31
1182;29.2108;29.0308;-256.762;-256.262;-256.684;-256.895;-256.935;-256.003;10:20:31
1183;29.2186;29.0308;-256.762;-256.262;-256.676;-256.895;-256.95;-255.996;10:20:32
1184;29.2186;29.0308;-256.762;-256.262;-256.684;-256.895;-256.942;-255.996;10:20:32
1185;29.2147;29.0347;-256.758;-256.254;-256.684;-256.895;-256.942;-256.003;10:20:33
1186;29.2186;29.0308;-256.758;-256.262;-256.684;-256.888;-256.942;-256.003;10:20:33
1187;29.2147;29.0347;-256.762;-256.262;-256.676;-256.895;-256.95;-256.003;10:20:34
1188;29.2147;29.0308;-256.758;-256.262;-256.684;-256.895;-256.95;-256.003;10:20:34
1189;29.2147;29.0386;-256.762;-256.262;-256.684;-256.895;-256.935;-255.996;10:20:35
1190;29.2186;29.0347;-256.77;-256.262;-256.684;-256.895;-256.942;-256.003;10:20:35
1191;29.2186;29.0386;-256.766;-256.262;-256.684;-256.895;-256.942;-256.003;10:20:36
1192;29.2147;29.0347;-256.762;-256.262;-256.684;-256.895;-256.942;-256.003;10:20:36
1193;29.2186;29.0386;-256.762;-256.269;-256.692;-256.895;-256.935;-256.003;10:20:37
1194;29.2186;29.0347;-256.762;-256.254;-256.684;-256.895;-256.942;-255.996;10:20:37
1195;29.2186;29.0347;-256.762;-256.254;-256.684;-256.888;-256.942;-255.996;10:20:38
1196;29.2186;29.0386;-256.758;-256.262;-256.692;-256.895;-256.942;-256.003;10:20:38
1197;29.2147;29.0347;-256.758;-256.269;-256.692;-256.895;-256.935;-256.003;10:20:39
1198;29.2147;29.0347;-256.758;-256.262;-256.684;-256.895;-256.935;-256.003;10:20:39
1199;29.2186;29.0347;-256.758;-256.269;-256.684;-256.895;-256.935;-255.996;10:20:40
1200;29.2186;29.0386;-256.762;-256.254;-256.692;-256.895;-256.935;-256.003;10:20:40
1201;29.2147;29.0386;-256.758;-256.262;-256.684;-256.903;-256.942;-256.003;10:20:41
1202;29.2186;29.0386;-256.762;-256.269;-256.692;-256.895;-256.935;-256.003;10:20:41
1203;29.2147;29.0386;-256.758;-256.254;-256.692;-256.888;-256.942;-256.003;10:20:42
1204;29.2147;29.0386;-256.758;-256.262;-256.692;-256.895;-256.942;-256.003;10:20:42
1205;29.2147;29.0386;-256.751;-256.269;-256.692;-256.895;-256.935;-255.996;10:20:43
1206;29.2147;29.0426;-256.758;-256.262;-256.684;-256.895;-256.942;-256.003;10:20:43
1207;29.2147;29.0386;-256.755;-256.262;-256.7;-256.895;-256.935;-256.003;10:20:44
1208;29.2147;29.0386;-256.755;-256.254;-256.684;-256.895;-256.942;-256.003;10:20:44
1209;29.2147;29.0386;-256.751;-256.262;-256.692;-256.888;-256.942;-256.003;10:20:45
1210;29.2147;29.0347;-256.755;-256.254;-256.684;-256.895;-256.935;-256.003;10:20:45
1211;29.2108;29.0386;-256.755;-256.262;-256.692;-256.895;-256.942;-256.003;10:20:46
1212;29.2147;29.0386;-256.755;-256.254;-256.684;-256.895;-256.935;-256.003;10:20:46
1213;29.2186;29.0386;-256.755;-256.262;-256.692;-256.895;-256.942;-256.003;10:20:47
1214;29.2186;29.0386;-256.755;-256.262;-256.692;-256.903;-256.935;-255.996;10:20:47
1215;29.2186;29.0386;-256.751;-256.262;-256.684;-256.895;-256.95;-256.003;10:20:48
1216;29.2225;29.0386;-256.755;-256.262;-256.692;-256.895;-256.942;-255.996;10:20:48
1217;29.2304;29.0386;-256.758;-256.262;-256.692;-256.895;-256.942;-256.003;10:20:49
1218;29.2225;29.0426;-256.755;-256.262;-256.684;-256.903;-256.935;-256.003;10:20:49
1219;29.2225;29.0386;-256.755;-256.254;-256.684;-256.895;-256.935;-255.996;10:20:50
1220;29.2225;29.0426;-256.755;-256.262;-256.684;-256.903;-256.942;-256.003;10:20:50
1221;29.2304;29.0386;-256.762;-256.262;-256.684;-256.895;-256.935;-256.003;10:20:51
1222;29.2304;29.0426;-256.758;-256.254;-256.684;-256.903;-256.942;-256.003;10:20:51
1223;29.2304;29.0386;-256.762;-256.262;-256.684;-256.895;-256.942;-255.996;10:20:52
1224;29.2304;29.0426;-256.758;-256.262;-256.692;-256.903;-256.935;-256.003;10:20:52
1225;29.2382;29.0426;-256.762;-256.262;-256.684;-256.888;-256.935;-255.996;10:20:53
1226;29.2304;29.0426;-256.758;-256.262;-256.684;-256.903;-256.942;-255.996;10:20:53
1227;29.2304;29.0386;-256.762;-256.254;-256.684;-256.888;-256.95;-255.996;10:20:54
1228;29.2225;29.0386;-256.755;-256.262;-256.692;-256.895;-256.95;-255.996;10:20:54
1229;29.2304;29.0386;-256.762;-256.262;-256.684;-256.895;-256.95;-255.996;10:20:55
1230;29.2304;29.0386;-256.755;-256.262;-256.684;-256.895;-256.95;-255.996;10:20:55
1231;29.2225;29.0386;-256.755;-256.254;-256.692;-256.895;-256.95;-255.996;10:20:56
1232;29.2225;29.0386;-256.755;-256.262;-256.692;-256.895;-256.95;-255.996;10:20:56
1233;29.2304;29.0426;-256.755;-256.262;-256.692;-256.895;-256.95;-256.003;10:20:57
1234;29.2225;29.0426;-256.755;-256.254;-256.684;-256.895;-256.942;-255.996;10:20:57
1235;29.2304;29.0426;-256.755;-256.254;-256.692;-256.903;-256.95;-255.996;10:20:58
1236;29.2225;29.0426;-256.755;-256.262;-256.692;-256.895;-256.95;-255.996;10:20:58
1237;29.2304;29.0465;-256.751;-256.254;-256.684;-256.895;-256.942;-255.996;10:20:59
1238;29.2304;29.0465;-256.758;-256.262;-256.692;-256.895;-256.942;-255.996;10:20:59
1239;29.2304;29.0543;-256.755;-256.262;-256.692;-256.895;-256.942;-255.996;10:21:00
1240;29.2304;29.0465;-256.758;-256.254;-256.692;-256.903;-256.942;-255.996;10:21:00
1241;29.2225;29.0543;-256.758;-256.262;-256.7;-256.895;-256.942;-255.988;10:21:01
1242;29.2382;29.0621;-256.755;-256.262;-256.692;-256.903;-256.942;-255.996;10:21:01
1243;29.2304;29.0543;-256.755;-256.262;-256.692;-256.895;-256.958;-255.988;10:21:02
1244;29.2382;29.0543;-256.755;-256.269;-256.692;-256.895;-256.95;-255.988;10:21:02
1245;29.2382;29.0465;-256.758;-256.262;-256.692;-256.895;-256.942;-255.996;10:21:03
1246;29.2304;29.0621;-256.755;-256.254;-256.684;-256.895;-256.942;-255.988;10:21:03
1247;29.2304;29.0543;-256.755;-256.262;-256.692;-256.895;-256.95;-255.996;10:21:04
1248;29.2382;29.0621;-256.755;-256.254;-256.684;-256.895;-256.95;-255.988;10:21:04
1249;29.2382;29.0543;-256.755;-256.262;-256.692;-256.895;-256.942;-255.996;10:21:05
1250;29.2382;29.0543;-256.755;-256.254;-256.692;-256.895;-256.942;-255.996;10:21:05
1251;29.246;29.0543;-256.758;-256.262;-256.692;-256.895;-256.95;-255.988;10:21:06
1252;29.246;29.0543;-256.755;-256.262;-256.684;-256.895;-256.95;-255.996;10:21:06
1253;29.246;29.0699;-256.758;-256.269;-256.692;-256.895;-256.935;-255.996;10:21:07
1254;29.2538;29.0543;-256.751;-256.262;-256.692;-256.903;-256.942;-255.996;10:21:07
1255;29.246;29.0621;-256.755;-256.262;-256.684;-256.895;-256.942;-255.996;10:21:08
1256;29.2538;29.0621;-256.751;-256.262;-256.692;-256.895;-256.95;-256.003;10:21:08
1257;29.2538;29.0699;-256.755;-256.262;-256.692;-256.895;-256.935;-255.996;10:21:09
1258;29.246;29.0621;-256.755;-256.269;-256.692;-256.895;-256.942;-255.996;10:21:09
1259;29.246;29.0699;-256.751;-256.262;-256.684;-256.895;-256.95;-255.996;10:21:10
1260;29.2538;29.0621;-256.755;-256.262;-256.692;-256.888;-256.942;-255.996;10:21:10
1261;29.2538;29.0699;-256.751;-256.262;-256.684;-256.903;-256.942;-255.996;10:21:11
1262;29.2617;29.0699;-256.747;-256.262;-256.684;-256.895;-256.95;-256.003;10:21:11
1263;29.246;29.0621;-256.751;-256.254;-256.692;-256.895;-256.95;-255.996;10:21:12
1264;29.2617;29.0699;-256.751;-256.262;-256.692;-256.895;-256.95;-256.003;10:21:12
1265;29.2538;29.0699;-256.751;-256.262;-256.684;-256.895;-256.935;-255.996;10:21:13
1266;29.2538;29.0621;-256.747;-256.262;-256.684;-256.895;-256.942;-256.003;10:21:13
1267;29.2695;29.0699;-256.751;-256.262;-256.692;-256.888;-256.95;-255.996;10:21:14
1268;29.2617;29.0699;-256.747;-256.254;-256.684;-256.888;-256.942;-256.003;10:21:14
1269;29.2538;29.0778;-256.751;-256.262;-256.692;-256.888;-256.95;-256.003;10:21:15
1270;29.2538;29.0699;-256.751;-256.262;-256.684;-256.895;-256.942;-256.003;10:21:15
1271;29.2538;29.0621;-256.751;-256.262;-256.684;-256.888;-256.95;-256.003;10:21:16
1272;29.2617;29.0699;-256.751;-256.262;-256.692;-256.895;-256.95;-256.003;10:21:16
1273;29.2538;29.0699;-256.751;-256.262;-256.692;-256.888;-256.95;-256.003;10:21:17
1274;29.2538;29.0699;-256.751;-256.262;-256.684;-256.895;-256.942;-256.003;10:21:17
1275;29.2617;29.0699;-256.751;-256.262;-256.692;-256.888;-256.95;-255.996;10:21:18
1276;29.2617;29.0778;-256.755;-256.262;-256.692;-256.888;-256.942;-256.003;10:21:18
1277;29.2695;29.0778;-256.751;-256.254;-256.692;-256.895;-256.942;-256.003;10:21:19
1278;29.2695;29.0778;-256.751;-256.262;-256.692;-256.895;-256.942;-256.003;10:21:19
1279;29.2617;29.0699;-256.751;-256.254;-256.692;-256.888;-256.942;-255.996;10:21:20
1280;29.2617;29.0778;-256.751;-256.262;-256.7;-256.888;-256.95;-256.003;10:21:20
1281;29.2617;29.0856;-256.755;-256.262;-256.692;-256.888;-256.942;-256.003;10:21:21
1282;29.2617;29.0778;-256.758;-256.254;-256.692;-256.888;-256.942;-255.996;10:21:21
1283;29.2695;29.0856;-256.755;-256.262;-256.684;-256.895;-256.935;-256.003;10:21:22
1284;29.2695;29.0856;-256.755;-256.254;-256.692;-256.888;-256.95;-256.003;10:21:22
1285;29.2617;29.0856;-256.751;-256.262;-256.7;-256.895;-256.942;-255.996;10:21:23
1286;29.2617;29.0856;-256.758;-256.262;-256.692;-256.895;-256.942;-256.003;10:21:23
1287;29.2617;29.0856;-256.755;-256.254;-256.684;-256.895;-256.95;-255.996;10:21:24
1288;29.2617;29.0856;-256.755;-256.262;-256.692;-256.895;-256.95;-255.996;10:21:24
1289;29.2695;29.0778;-256.758;-256.262;-256.692;-256.903;-256.942;-255.996;10:21:25
1290;29.2695;29.0778;-256.758;-256.262;-256.692;-256.895;-256.942;-255.996;10:21:25
1291;29.2617;29.0856;-256.758;-256.262;-256.692;-256.895;-256.935;-256.003;10:21:26
1292;29.2695;29.0778;-256.758;-256.254;-256.692;-256.895;-256.95;-255.996;10:21:26
1293;29.2617;29.0856;-256.755;-256.262;-256.692;-256.895;-256.935;-256.003;10:21:27
1294;29.2695;29.0934;-256.758;-256.262;-256.692;-256.895;-256.935;-256.003;10:21:27
1295;29.2695;29.0856;-256.758;-256.262;-256.7;-256.895;-256.942;-255.996;10:21:28
1296;29.2617;29.0856;-256.755;-256.254;-256.7;-256.895;-256.942;-256.003;10:21:28
1297;29.2617;29.0856;-256.758;-256.262;-256.692;-256.895;-256.942;-256.003;10:21:29
1298;29.2773;29.0856;-256.758;-256.269;-256.692;-256.895;-256.935;-255.996;10:21:29
1299;29.2695;29.0934;-256.758;-256.254;-256.7;-256.895;-256.935;-255.996;10:21:30
1300;29.2695;29.0934;-256.755;-256.262;-256.692;-256.895;-256.942;-256.003;10:21:30
1301;29.2695;29.0934;-256.762;-256.254;-256.692;-256.903;-256.942;-256.003;10:21:31
1302;29.2695;29.0934;-256.758;-256.262;-256.7;-256.895;-256.935;-256.003;10:21:31
1303;29.2695;29.0856;-256.762;-256.254;-256.692;-256.895;-256.942;-255.996;10:21:32
1304;29.2695;29.0856;-256.758;-256.254;-256.7;-256.895;-256.942;-256.003;10:21:32
1305;29.2695;29.0934;-256.758;-256.254;-256.692;-256.895;-256.942;-256.003;10:21:33
1306;29.2773;29.0934;-256.758;-256.258;-256.692;-256.903;-256.935;-256.003;10:21:33
1307;29.2773;29.0856;-256.758;-256.262;-256.692;-256.903;-256.95;-255.996;10:21:34
1308;29.2773;29.0934;-256.758;-256.262;-256.7;-256.895;-256.95;-255.996;10:21:34
1309;29.2851;29.0934;-256.762;-256.254;-256.692;-256.895;-256.95;-256.003;10:21:35
1310;29.2851;29.1012;-256.758;-256.254;-256.692;-256.895;-256.942;-255.996;10:21:35
1311;29.2773;29.1012;-256.758;-256.25;-256.692;-256.888;-256.95;-256.003;10:21:36
1312;29.2773;29.0934;-256.755;-256.254;-256.692;-256.888;-256.942;-255.996;10:21:36
1313;29.2773;29.1012;-256.762;-256.262;-256.692;-256.895;-256.942;-256.003;10:21:37
1314;29.2773;29.0934;-256.758;-256.262;-256.692;-256.895;-256.935;-256.003;10:21:37
1315;29.2773;29.1012;-256.758;-256.262;-256.692;-256.903;-256.95;-255.996;10:21:38
1316;29.2851;29.0934;-256.758;-256.262;-256.692;-256.895;-256.942;-256.003;10:21:38
1317;29.2773;29.1012;-256.758;-256.254;-256.692;-256.903;-256.942;-255.996;10:21:39
1318;29.2851;29.1012;-256.758;-256.262;-256.692;-256.895;-256.942;-255.996;10:21:39
1319;29.2773;29.1012;-256.758;-256.262;-256.692;-256.895;-256.942;-256.003;10:21:40
1320;29.2773;29.1012;-256.762;-256.262;-256.692;-256.895;-256.942;-255.996;10:21:40
1321;29.2773;29.1012;-256.758;-256.262;-256.692;-256.895;-256.942;-256.003;10:21:41
1322;29.2773;29.0934;-256.758;-256.254;-256.692;-256.895;-256.942;-255.988;10:21:41
1323;29.2773;29.0934;-256.762;-256.254;-256.692;-256.888;-256.935;-255.996;10:21:42
1324;29.2851;29.1012;-256.758;-256.262;-256.692;-256.888;-256.95;-255.988;10:21:42
1325;29.293;29.1012;-256.755;-256.254;-256.692;-256.895;-256.935;-255.988;10:21:43
1326;29.293;29.1091;-256.755;-256.254;-256.692;-256.903;-256.935;-255.996;10:21:43
1327;29.293;29.1012;-256.755;-256.254;-256.692;-256.895;-256.942;-255.996;10:21:44
1328;29.293;29.1091;-256.755;-256.262;-256.692;-256.895;-256.95;-255.996;10:21:44
1329;29.293;29.1169;-256.755;-256.254;-256.684;-256.895;-256.95;-255.996;10:21:45
1330;29.293;29.1091;-256.755;-256.262;-256.692;-256.895;-256.942;-255.996;10:21:45
1331;29.293;29.1247;-256.751;-256.254;-256.692;-256.888;-256.95;-255.996;10:21:46
1332;29.293;29.1091;-256.755;-256.254;-256.684;-256.895;-256.95;-255.996;10:21:46
1333;29.293;29.1091;-256.751;-256.262;-256.692;-256.895;-256.935;-256.003;10:21:47
1334;29.3086;29.1169;-256.755;-256.262;-256.692;-256.895;-256.935;-255.996;10:21:47
1335;29.3008;29.1091;-256.755;-256.262;-256.692;-256.888;-256.942;-256.003;10:21:48
1336;29.293;29.1091;-256.755;-256.254;-256.692;-256.888;-256.95;-255.996;10:21:48
1337;29.3008;29.1091;-256.758;-256.262;-256.692;-256.895;-256.942;-256.003;10:21:49
1338;29.3008;29.1169;-256.758;-256.254;-256.692;-256.895;-256.942;-256.003;10:21:49
1339;29.3086;29.1169;-256.758;-256.262;-256.692;-256.888;-256.95;-255.996;10:21:50
1340;29.3008;29.1169;-256.758;-256.254;-256.692;-256.895;-256.958;-256.003;10:21:50
1341;29.3086;29.1012;-256.758;-256.25;-256.692;-256.888;-256.95;-255.996;10:21:51
1342;29.3086;29.1169;-256.758;-256.254;-256.692;-256.895;-256.942;-256.003;10:21:51
1343;29.3086;29.1091;-256.758;-256.254;-256.684;-256.888;-256.95;-255.996;10:21:52
1344;29.3164;29.1091;-256.758;-256.254;-256.684;-256.888;-256.942;-256.003;10:21:52
1345;29.3086;29.1091;-256.758;-256.254;-256.684;-256.895;-256.942;-256.003;10:21:53
1346;29.3086;29.1012;-256.758;-256.262;-256.692;-256.895;-256.942;-256.011;10:21:53
1347;29.3164;29.1169;-256.758;-256.254;-256.692;-256.888;-256.942;-256.003;10:21:54
1348;29.3164;29.1247;-256.758;-256.254;-256.692;-256.888;-256.942;-255.996;10:21:54
1349;29.3086;29.1169;-256.758;-256.254;-256.692;-256.895;-256.942;-256.003;10:21:55
1350;29.3164;29.1169;-256.758;-256.262;-256.684;-256.888;-256.942;-256.003;10:21:55
1351;29.3086;29.1325;-256.758;-256.262;-256.692;-256.888;-256.942;-255.996;10:21:56
1352;29.3164;29.1169;-256.755;-256.262;-256.692;-256.888;-256.942;-256.003;10:21:56
1353;29.3086;29.1247;-256.758;-256.262;-256.684;-256.895;-256.942;-256.003;10:21:57
1354;29.3164;29.1247;-256.758;-256.254;-256.684;-256.895;-256.935;-256.003;10:21:57
1355;29.3086;29.1247;-256.755;-256.254;-256.684;-256.888;-256.935;-255.996;10:21:58
1356;29.3164;29.1169;-256.762;-256.262;-256.684;-256.888;-256.935;-256.003;10:21:58
1357;29.3243;29.1247;-256.758;-256.262;-256.676;-256.888;-256.927;-256.003;10:21:59
1358;29.3243;29.1247;-256.755;-256.254;-256.684;-256.895;-256.935;-256.003;10:21:59
1359;29.3243;29.1247;-256.758;-256.262;-256.684;-256.88;-256.935;-256.003;10:22:00
1360;29.3243;29.1247;-256.758;-256.254;-256.684;-256.888;-256.927;-255.996;10:22:00
1361;29.3321;29.1247;-256.755;-256.262;-256.684;-256.888;-256.935;-255.996;10:22:01
1362;29.3243;29.1247;-256.755;-256.262;-256.692;-256.895;-256.935;-255.996;10:22:01
1363;29.3243;29.1247;-256.755;-256.262;-256.684;-256.888;-256.942;-256.003;10:22:02
1364;29.3321;29.1247;-256.758;-256.262;-256.692;-256.895;-256.942;-255.996;10:22:02
1365;29.3321;29.1325;-256.755;-256.262;-256.684;-256.895;-256.95;-256.003;10:22:03
1366;29.3321;29.1325;-256.755;-256.262;-256.684;-256.903;-256.942;-255.996;10:22:03
1367;29.3321;29.1325;-256.758;-256.262;-256.684;-256.895;-256.942;-256.003;10:22:04
1368;29.3321;29.1325;-256.758;-256.262;-256.692;-256.895;-256.95;-256.003;10:22:04
1369;29.3321;29.1325;-256.755;-256.254;-256.684;-256.903;-256.942;-255.996;10:22:05
1370;29.3321;29.1404;-256.755;-256.262;-256.692;-256.895;-256.942;-256.003;10:22:05
1371;29.3321;29.1325;-256.755;-256.262;-256.684;-256.895;-256.942;-255.996;10:22:06
1372;29.3321;29.1404;-256.758;-256.254;-256.692;-256.888;-256.942;-255.988;10:22:06
1373;29.3399;29.1404;-256.755;-256.262;-256.692;-256.895;-256.935;-255.996;10:22:07
1374;29.3399;29.1325;-256.755;-256.262;-256.692;-256.895;-256.935;-255.996;10:22:07
1375;29.3321;29.1404;-256.758;-256.262;-256.692;-256.895;-256.942;-255.996;10:22:08
1376;29.3477;29.1404;-256.755;-256.254;-256.692;-256.888;-256.942;-255.996;10:22:08
1377;29.3399;29.1482;-256.758;-256.254;-256.692;-256.888;-256.935;-256.003;10:22:09
1378;29.3321;29.1482;-256.758;-256.262;-256.692;-256.888;-256.942;-255.996;10:22:09
1379;29.3399;29.1482;-256.755;-256.262;-256.692;-256.888;-256.942;-255.996;10:22:10
1380;29.3321;29.1482;-256.758;-256.254;-256.7;-256.888;-256.942;-256.003;10:22:10
1381;29.3321;29.156;-256.755;-256.262;-256.692;-256.888;-256.935;-255.996;10:22:11
1382;29.3399;29.1482;-256.758;-256.262;-256.684;-256.888;-256.935;-256.003;10:22:11
1383;29.3321;29.1404;-256.758;-256.254;-256.692;-256.888;-256.935;-256.003;10:22:12
1384;29.3399;29.1404;-256.755;-256.254;-256.7;-256.888;-256.95;-256.003;10:22:12
1385;29.3477;29.1482;-256.758;-256.262;-256.692;-256.895;-256.935;-255.996;10:22:13
1386;29.3399;29.1325;-256.755;-256.254;-256.684;-256.895;-256.942;-255.996;10:22:13
1387;29.3399;29.1404;-256.755;-256.254;-256.692;-256.895;-256.942;-256.003;10:22:14
1388;29.3399;29.1325;-256.758;-256.262;-256.692;-256.888;-256.942;-255.996;10:22:14
1389;29.3399;29.1404;-256.755;-256.254;-256.7;-256.895;-256.935;-256.003;10:22:15
1390;29.3477;29.1404;-256.755;-256.254;-256.692;-256.895;-256.935;-256.003;10:22:15
1391;29.3477;29.1404;-256.758;-256.262;-256.684;-256.888;-256.935;-255.996;10:22:16
1392;29.3477;29.1404;-256.758;-256.262;-256.7;-256.895;-256.935;-256.003;10:22:16
1393;29.3399;29.1404;-256.758;-256.262;-256.692;-256.895;-256.935;-255.996;10:22:17
1394;29.3477;29.1482;-256.755;-256.262;-256.692;-256.903;-256.935;-256.003;10:22:17
1395;29.3556;29.1404;-256.758;-256.262;-256.684;-256.888;-256.942;-255.996;10:22:18
1396;29.3477;29.1404;-256.755;-256.262;-256.692;-256.895;-256.942;-255.996;10:22:18
1397;29.3477;29.1482;-256.755;-256.262;-256.684;-256.895;-256.935;-256.003;10:22:19
1398;29.3477;29.156;-256.755;-256.262;-256.684;-256.888;-256.935;-256.003;10:22:19
1399;29.3477;29.156;-256.755;-256.262;-256.684;-256.888;-256.942;-255.996;10:22:20
1400;29.3477;29.156;-256.755;-256.262;-256.692;-256.88;-256.942;-256.003;10:22:20
1401;29.3556;29.156;-256.755;-256.262;-256.692;-256.888;-256.95;-256.003;10:22:21
1402;29.3477;29.156;-256.755;-256.262;-256.692;-256.895;-256.942;-256.003;10:22:21
1403;29.3477;29.156;-256.755;-256.262;-256.684;-256.888;-256.95;-256.003;10:22:22
1404;29.3477;29.156;-256.755;-256.262;-256.692;-256.888;-256.942;-256.003;10:22:22
1405;29.3477;29.156;-256.755;-256.262;-256.692;-256.895;-256.942;-256.011;10:22:23
1406;29.3477;29.156;-256.755;-256.262;-256.692;-256.903;-256.942;-255.996;10:22:23
1407;29.3477;29.156;-256.755;-256.262;-256.692;-256.888;-256.95;-256.003;10:22:24
1408;29.3477;29.1638;-256.758;-256.254;-256.692;-256.895;-256.95;-256.011;10:22:24
1409;29.3477;29.1638;-256.755;-256.262;-256.692;-256.895;-256.942;-256.003;10:22:25
1410;29.3477;29.1717;-256.758;-256.262;-256.692;-256.895;-256.942;-256.003;10:22:25
1411;29.3556;29.1638;-256.758;-256.254;-256.692;-256.888;-256.942;-256.003;10:22:26
1412;29.3477;29.1638;-256.762;-256.254;-256.692;-256.888;-256.942;-256.003;10:22:26
1413;29.3556;29.1717;-256.758;-256.262;-256.7;-256.895;-256.935;-256.011;10:22:27
1414;29.3556;29.1717;-256.762;-256.262;-256.692;-256.895;-256.935;-256.003;10:22:27
1415;29.3477;29.1638;-256.758;-256.262;-256.692;-256.895;-256.935;-256.003;10:22:28
1416;29.3634;29.1717;-256.755;-256.254;-256.692;-256.888;-256.942;-256.003;10:22:28
1417;29.3556;29.1717;-256.762;-256.262;-256.692;-256.895;-256.942;-256.011;10:22:29
1418;29.3634;29.1717;-256.758;-256.254;-256.692;-256.888;-256.935;-256.003;10:22:29
1419;29.3556;29.1717;-256.758;-256.254;-256.692;-256.888;-256.942;-256.003;10:22:30
1420;29.3477;29.1717;-256.758;-256.254;-256.692;-256.888;-256.935;-256.003;10:22:30
1421;29.3556;29.1717;-256.758;-256.254;-256.692;-256.903;-256.935;-256.003;10:22:31
1422;29.3634;29.1717;-256.755;-256.262;-256.684;-256.895;-256.942;-256.011;10:22:31
1423;29.3556;29.1717;-256.758;-256.254;-256.692;-256.895;-256.942;-256.003;10:22:32
1424;29.3634;29.1717;-256.762;-256.262;-256.7;-256.888;-256.942;-255.996;10:22:32
1425;29.3634;29.1717;-256.758;-256.254;-256.684;-256.895;-256.935;-256.003;10:22:33
1426;29.3556;29.1795;-256.762;-256.262;-256.684;-256.903;-256.927;-256.011;10:22:33
1427;29.3712;29.1717;-256.758;-256.262;-256.692;-256.888;-256.942;-255.996;10:22:34
1428;29.3634;29.1795;-256.758;-256.262;-256.692;-256.895;-256.942;-256.003;10:22:34
1429;29.3712;29.1795;-256.758;-256.262;-256.684;-256.888;-256.942;-256.003;10:22:35
1430;29.3712;29.1717;-256.758;-256.262;-256.684;-256.903;-256.942;-256.003;10:22:35
1431;29.3634;29.1795;-256.755;-256.254;-256.692;-256.888;-256.95;-256.011;10:22:36
1432;29.3634;29.1717;-256.758;-256.262;-256.692;-256.895;-256.942;-255.996;10:22:36
1433;29.3712;29.1795;-256.755;-256.254;-256.684;-256.888;-256.935;-256.011;10:22:37
1434;29.3712;29.1873;-256.755;-256.254;-256.692;-256.895;-256.942;-256.003;10:22:37
1435;29.379;29.1795;-256.758;-256.254;-256.692;-256.888;-256.942;-256.003;10:22:38
1436;29.3712;29.1873;-256.755;-256.254;-256.684;-256.888;-256.942;-256.003;10:22:38
1437;29.379;29.1795;-256.758;-256.258;-256.684;-256.888;-256.942;-256.003;10:22:39
1438;29.3712;29.1873;-256.758;-256.258;-256.692;-256.895;-256.942;-256.003;10:22:39
1439;29.3712;29.1795;-256.755;-256.254;-256.684;-256.888;-256.942;-256.003;10:22:40
1440;29.3712;29.1795;-256.758;-256.254;-256.684;-256.888;-256.942;-256.003;10:22:40
1441;29.3634;29.1873;-256.755;-256.254;-256.7;-256.895;-256.942;-255.996;10:22:41
1442;29.379;29.1795;-256.758;-256.262;-256.684;-256.895;-256.942;-256.003;10:22:41
1443;29.379;29.1795;-256.755;-256.262;-256.692;-256.888;-256.942;-255.996;10:22:42
1444;29.3712;29.1795;-256.758;-256.254;-256.684;-256.895;-256.95;-256.003;10:22:42
1445;29.379;29.1795;-256.755;-256.254;-256.684;-256.895;-256.95;-256.003;10:22:43
1446;29.379;29.1795;-256.755;-256.262;-256.692;-256.895;-256.942;-255.996;10:22:43
1447;29.379;29.1873;-256.755;-256.254;-256.684;-256.895;-256.942;-256.003;10:22:44
1448;29.379;29.1795;-256.755;-256.254;-256.684;-256.895;-256.95;-256.003;10:22:44
1449;29.379;29.1873;-256.755;-256.262;-256.692;-256.895;-256.935;-256.003;10:22:45
1450;29.3869;29.1873;-256.758;-256.254;-256.684;-256.895;-256.942;-256.003;10:22:45
1451;29.379;29.1951;-256.755;-256.262;-256.692;-256.895;-256.942;-256.011;10:22:46
1452;29.3869;29.1951;-256.755;-256.254;-256.684;-256.895;-256.942;-256.003;10:22:46
1453;29.3869;29.1951;-256.755;-256.262;-256.692;-256.895;-256.927;-255.996;10:22:47
1454;29.3869;29.1873;-256.758;-256.254;-256.684;-256.895;-256.935;-256.003;10:22:47
1455;29.3869;29.1951;-256.758;-256.254;-256.692;-256.888;-256.935;-256.003;10:22:48
1456;29.379;29.1951;-256.755;-256.254;-256.684;-256.895;-256.942;-255.996;10:22:48
1457;29.3869;29.1951;-256.755;-256.254;-256.7;-256.895;-256.927;-256.003;10:22:49
1458;29.3947;29.1951;-256.758;-256.254;-256.692;-256.895;-256.935;-256.003;10:22:49
1459;29.3947;29.203;-256.762;-256.254;-256.692;-256.895;-256.942;-256.003;10:22:50
1460;29.3869;29.1951;-256.758;-256.262;-256.692;-256.888;-256.942;-256.003;10:22:50
1461;29.3947;29.2108;-256.762;-256.254;-256.692;-256.895;-256.935;-256.003;10:22:51
1462;29.379;29.1951;-256.758;-256.262;-256.692;-256.903;-256.935;-256.011;10:22:51
1463;29.3947;29.203;-256.762;-256.254;-256.684;-256.895;-256.935;-255.996;10:22:52
1464;29.3947;29.203;-256.758;-256.254;-256.692;-256.888;-256.935;-256.003;10:22:52
1465;29.3869;29.1951;-256.762;-256.262;-256.692;-256.903;-256.935;-256.003;10:22:53
1466;29.3947;29.203;-256.758;-256.262;-256.692;-256.895;-256.942;-256.003;10:22:53
1467;29.3947;29.203;-256.758;-256.262;-256.692;-256.895;-256.942;-256.003;10:22:54
1468;29.3947;29.203;-256.758;-256.262;-256.692;-256.895;-256.935;-256.003;10:22:54
1469;29.3947;29.203;-256.758;-256.254;-256.684;-256.895;-256.942;-255.996;10:22:55
1470;29.3947;29.2108;-256.758;-256.269;-256.692;-256.895;-256.935;-256.003;10:22:55
1471;29.3947;29.203;-256.758;-256.262;-256.692;-256.888;-256.935;-256.003;10:22:56
1472;29.3869;29.203;-256.758;-256.262;-256.692;-256.895;-256.942;-255.996;10:22:56
1473;29.3869;29.2108;-256.758;-256.262;-256.692;-256.895;-256.935;-256.003;10:22:57
1474;29.3947;29.203;-256.762;-256.254;-256.692;-256.895;-256.935;-256.003;10:22:57
1475;29.3869;29.1951;-256.758;-256.262;-256.692;-256.895;-256.942;-255.996;10:22:58
1476;29.3947;29.203;-256.758;-256.262;-256.692;-256.888;-256.935;-256.003;10:22:58
1477;29.3869;29.203;-256.758;-256.262;-256.692;-256.903;-256.942;-256.003;10:22:59
1478;29.3869;29.203;-256.762;-256.262;-256.692;-256.895;-256.935;-256.003;10:22:59
1479;29.3869;29.2108;-256.755;-256.262;-256.692;-256.895;-256.935;-255.996;10:23:00
1480;29.3869;29.203;-256.758;-256.262;-256.692;-256.888;-256.942;-255.996;10:23:00
1481;29.3869;29.2108;-256.755;-256.262;-256.692;-256.903;-256.935;-255.996;10:23:01
1482;29.3869;29.2108;-256.758;-256.254;-256.684;-256.903;-256.935;-255.996;10:23:01
1483;29.3947;29.2108;-256.755;-256.262;-256.692;-256.895;-256.942;-255.988;10:23:02
1484;29.3947;29.2108;-256.758;-256.262;-256.692;-256.895;-256.942;-255.996;10:23:02
1485;29.3947;29.2108;-256.758;-256.262;-256.692;-256.895;-256.942;-255.988;10:23:03
1486;29.4025;29.2108;-256.758;-256.262;-256.684;-256.888;-256.927;-256.003;10:23:03
1487;29.3947;29.2108;-256.758;-256.262;-256.684;-256.895;-256.935;-255.996;10:23:04
1488;29.3947;29.203;-256.758;-256.262;-256.692;-256.895;-256.935;-255.996;10:23:04
1489;29.3947;29.2108;-256.755;-256.262;-256.684;-256.903;-256.935;-255.996;10:23:05
1490;29.4025;29.2108;-256.755;-256.269;-256.692;-256.895;-256.935;-256.003;10:23:05
1491;29.3947;29.2108;-256.751;-256.269;-256.692;-256.895;-256.935;-255.996;10:23:06
1492;29.3947;29.2108;-256.751;-256.262;-256.684;-256.895;-256.935;-256.003;10:23:06
1493;29.4025;29.2108;-256.751;-256.269;-256.7;-256.895;-256.935;-255.996;10:23:07
1494;29.4025;29.2108;-256.751;-256.269;-256.692;-256.895;-256.927;-256.003;10:23:07
1495;29.4025;29.2108;-256.755;-256.262;-256.7;-256.895;-256.935;-256.003;10:23:08
1496;29.3947;29.2108;-256.751;-256.269;-256.684;-256.895;-256.942;-256.003;10:23:08
1497;29.3947;29.2108;-256.751;-256.262;-256.7;-256.895;-256.942;-255.996;10:23:09
1498;29.4025;29.2186;-256.751;-256.269;-256.692;-256.895;-256.935;-256.003;10:23:09
1499;29.4103;29.2108;-256.755;-256.262;-256.692;-256.895;-256.942;-255.996;10:23:10
1500;29.4103;29.2186;-256.755;-256.262;-256.7;-256.888;-256.942;-255.996;10:23:10
1501;29.4025;29.2186;-256.751;-256.269;-256.692;-256.895;-256.95;-255.996;10:23:11
1502;29.4103;29.2186;-256.755;-256.269;-256.692;-256.888;-256.935;-256.003;10:23:11
1503;29.4025;29.2108;-256.751;-256.262;-256.692;-256.888;-256.942;-255.996;10:23:12
1504;29.4103;29.2108;-256.758;-256.269;-256.692;-256.895;-256.942;-256.003;10:23:12
1505;29.4103;29.2186;-256.751;-256.269;-256.692;-256.888;-256.942;-255.996;10:23:13
1506;29.4025;29.2186;-256.751;-256.269;-256.692;-256.895;-256.935;-256.003;10:23:13
1507;29.4103;29.2186;-256.755;-256.262;-256.692;-256.888;-256.95;-255.996;10:23:14
1508;29.4182;29.2186;-256.751;-256.262;-256.684;-256.88;-256.942;-256.003;10:23:14
1509;29.4182;29.2186;-256.751;-256.262;-256.692;-256.888;-256.942;-256.003;10:23:15
1510;29.4221;29.2186;-256.755;-256.269;-256.692;-256.88;-256.935;-256.003;10:23:15
1511;29.4221;29.2186;-256.755;-256.262;-256.7;-256.895;-256.942;-256.003;10:23:16
1512;29.4182;29.2186;-256.751;-256.269;-256.684;-256.888;-256.95;-256.003;10:23:16
1513;29.4182;29.2186;-256.755;-256.269;-256.7;-256.888;-256.942;-255.996;10:23:17
1514;29.4182;29.2264;-256.747;-256.262;-256.692;-256.895;-256.935;-255.996;10:23:17
1515;29.4182;29.2264;-256.751;-256.262;-256.692;-256.888;-256.942;-256.003;10:23:18
1516;29.4221;29.2264;-256.747;-256.269;-256.7;-256.888;-256.942;-255.996;10:23:18
1517;29.4221;29.2264;-256.755;-256.262;-256.692;-256.888;-256.942;-255.996;10:23:19
1518;29.426;29.2264;-256.751;-256.269;-256.684;-256.888;-256.942;-256.003;10:23:19
1519;29.426;29.2264;-256.755;-256.262;-256.684;-256.888;-256.942;-255.996;10:23:20
1520;29.4221;29.2264;-256.755;-256.254;-256.692;-256.888;-256.95;-255.996;10:23:20
1521;29.426;29.2264;-256.751;-256.262;-256.684;-256.895;-256.942;-255.996;10:23:21
1522;29.4221;29.2264;-256.751;-256.262;-256.684;-256.903;-256.942;-255.996;10:23:21
1523;29.426;29.2343;-256.755;-256.262;-256.692;-256.888;-256.942;-255.996;10:23:22
1524;29.4221;29.2264;-256.751;-256.262;-256.692;-256.895;-256.942;-255.996;10:23:22
1525;29.4221;29.2264;-256.751;-256.269;-256.684;-256.895;-256.935;-256.003;10:23:23
1526;29.4221;29.2421;-256.751;-256.262;-256.684;-256.895;-256.935;-255.996;10:23:23
1527;29.426;29.2343;-256.755;-256.254;-256.692;-256.895;-256.942;-255.996;10:23:24
1528;29.4221;29.2343;-256.758;-256.269;-256.684;-256.895;-256.942;-255.988;10:23:24
1529;29.4221;29.2264;-256.758;-256.262;-256.7;-256.903;-256.942;-255.996;10:23:25
1530;29.4221;29.2343;-256.758;-256.262;-256.684;-256.895;-256.935;-255.996;10:23:25
1531;29.426;29.2343;-256.758;-256.254;-256.692;-256.895;-256.935;-256.003;10:23:26
1532;29.4221;29.2343;-256.755;-256.262;-256.692;-256.895;-256.935;-255.996;10:23:26
1533;29.4299;29.2343;-256.755;-256.254;-256.7;-256.888;-256.942;-256.003;10:23:27
1534;29.4221;29.2343;-256.755;-256.262;-256.692;-256.895;-256.942;-256.003;10:23:27
1535;29.4221;29.2421;-256.755;-256.262;-256.692;-256.895;-256.942;-255.996;10:23:28
1536;29.4221;29.2343;-256.751;-256.254;-256.692;-256.895;-256.95;-255.996;10:23:28
1537;29.4221;29.2421;-256.751;-256.262;-256.692;-256.895;-256.942;-256.003;10:23:29
1538;29.4221;29.246;-256.747;-256.262;-256.692;-256.888;-256.942;-256.003;10:23:29
1539;29.4182;29.2421;-256.743;-256.262;-256.684;-256.888;-256.95;-256.003;10:23:30
1540;29.4221;29.246;-256.743;-256.262;-256.684;-256.88;-256.95;-255.996;10:23:30
1541;29.426;29.2421;-256.743;-256.262;-256.692;-256.888;-256.942;-256.003;10:23:31
1542;29.426;29.246;-256.743;-256.262;-256.684;-256.895;-256.95;-255.996;10:23:31
1543;29.4221;29.246;-256.747;-256.262;-256.684;-256.895;-256.942;-255.996;10:23:32
1544;29.4221;29.246;-256.747;-256.254;-256.676;-256.895;-256.95;-256.003;10:23:32
1545;29.426;29.2499;-256.747;-256.262;-256.684;-256.895;-256.95;-255.996;10:23:33
1546;29.4221;29.2421;-256.747;-256.262;-256.684;-256.895;-256.942;-255.996;10:23:33
1547;29.426;29.246;-256.743;-256.254;-256.676;-256.895;-256.95;-255.996;10:23:34
1548;29.4221;29.246;-256.747;-256.262;-256.684;-256.895;-256.95;-255.996;10:23:34
1549;29.426;29.2499;-256.743;-256.262;-256.684;-256.895;-256.95;-256.003;10:23:35
1550;29.426;29.2499;-256.743;-256.262;-256.676;-256.895;-256.935;-256.003;10:23:35
1551;29.426;29.246;-256.747;-256.262;-256.684;-256.895;-256.942;-255.996;10:23:36
1552;29.426;29.2499;-256.743;-256.262;-256.684;-256.895;-256.95;-255.996;10:23:36
1553;29.426;29.246;-256.747;-256.262;-256.684;-256.895;-256.95;-256.003;10:23:37
1554;29.426;29.246;-256.747;-256.254;-256.684;-256.895;-256.942;-256.003;10:23:37
1555;29.426;29.246;-256.747;-256.262;-256.676;-256.888;-256.942;-255.996;10:23:38
1556;29.426;29.2499;-256.751;-256.262;-256.684;-256.895;-256.95;-256.003;10:23:38
1557;29.4299;29.2499;-256.747;-256.254;-256.676;-256.903;-256.95;-255.996;10:23:39
1558;29.4299;29.2538;-256.751;-256.262;-256.676;-256.895;-256.942;-256.011;10:23:39
1559;29.4299;29.2499;-256.751;-256.262;-256.684;-256.895;-256.942;-255.996;10:23:40
1560;29.4338;29.2499;-256.747;-256.262;-256.692;-256.895;-256.942;-256.003;10:23:40
1561;29.4299;29.2538;-256.747;-256.262;-256.692;-256.888;-256.935;-255.996;10:23:41
1562;29.4299;29.246;-256.747;-256.262;-256.692;-256.903;-256.942;-255.996;10:23:41
1563;29.4299;29.2499;-256.747;-256.262;-256.692;-256.895;-256.942;-256.003;10:23:42
1564;29.4299;29.2499;-256.747;-256.262;-256.692;-256.895;-256.95;-256.003;10:23:42
1565;29.4299;29.2499;-256.751;-256.262;-256.692;-256.903;-256.935;-255.996;10:23:43
1566;29.4338;29.2499;-256.747;-256.262;-256.7;-256.895;-256.935;-256.003;10:23:43
1567;29.4299;29.2538;-256.747;-256.269;-256.7;-256.895;-256.942;-256.003;10:23:44
1568;29.4338;29.2499;-256.747;-256.254;-256.692;-256.895;-256.942;-256.003;10:23:44
1569;29.4338;29.2499;-256.747;-256.262;-256.7;-256.895;-256.942;-255.996;10:23:45
1570;29.4338;29.2538;-256.747;-256.262;-256.7;-256.903;-256.942;-256.003;10:23:45
1571;29.4338;29.2499;-256.747;-256.262;-256.692;-256.895;-256.942;-255.988;10:23:46
1572;29.4338;29.2499;-256.747;-256.254;-256.692;-256.888;-256.942;-255.996;10:23:46
1573;29.4338;29.2538;-256.747;-256.262;-256.7;-256.903;-256.935;-256.003;10:23:47
1574;29.4338;29.2538;-256.747;-256.254;-256.692;-256.895;-256.942;-256.003;10:23:47
1575;29.4377;29.2538;-256.751;-256.25;-256.7;-256.895;-256.935;-256.003;10:23:48
1576;29.4338;29.2538;-256.747;-256.254;-256.692;-256.895;-256.942;-255.996;10:23:48
1577;29.4338;29.2577;-256.743;-256.262;-256.692;-256.895;-256.942;-256.003;10:23:49
1578;29.4338;29.2538;-256.747;-256.254;-256.684;-256.895;-256.942;-256.003;10:23:49
1579;29.4338;29.2577;-256.735;-256.254;-256.692;-256.895;-256.942;-255.996;10:23:50
1580;29.4338;29.2538;-256.739;-256.262;-256.684;-256.895;-256.942;-256.003;10:23:50
1581;29.4338;29.2577;-256.743;-256.262;-256.684;-256.895;-256.942;-255.996;10:23:51
1582;29.4299;29.2577;-256.735;-256.262;-256.684;-256.895;-256.935;-256.003;10:23:51
1583;29.4338;29.2538;-256.743;-256.262;-256.684;-256.895;-256.935;-256.011;10:23:52
1584;29.4377;29.2577;-256.739;-256.262;-256.684;-256.895;-256.935;-255.996;10:23:52
1585;29.4338;29.2577;-256.739;-256.262;-256.684;-256.895;-256.935;-256.003;10:23:53
1586;29.4377;29.2538;-256.743;-256.262;-256.692;-256.903;-256.935;-255.996;10:23:53
1587;29.4338;29.2577;-256.743;-256.254;-256.684;-256.895;-256.942;-256.011;10:23:54
1588;29.4377;29.2577;-256.743;-256.262;-256.692;-256.895;-256.942;-256.003;10:23:54
1589;29.4377;29.2577;-256.743;-256.262;-256.684;-256.895;-256.942;-256.003;10:23:55
1590;29.4377;29.2577;-256.735;-256.262;-256.692;-256.903;-256.942;-256.003;10:23:55
1591;29.4456;29.2577;-256.743;-256.254;-256.692;-256.895;-256.942;-256.003;10:23:56
1592;29.4377;29.2538;-256.735;-256.262;-256.692;-256.888;-256.95;-255.996;10:23:56
1593;29.4456;29.2538;-256.743;-256.262;-256.692;-256.903;-256.942;-256.003;10:23:57
1594;29.4534;29.2538;-256.743;-256.262;-256.684;-256.895;-256.942;-256.003;10:23:57
1595;29.4456;29.2499;-256.743;-256.262;-256.684;-256.895;-256.942;-255.996;10:23:58
1596;29.4456;29.2499;-256.743;-256.262;-256.684;-256.888;-256.95;-256.011;10:23:58
1597;29.4456;29.2538;-256.743;-256.262;-256.692;-256.895;-256.935;-256.003;10:23:59
1598;29.4456;29.246;-256.743;-256.262;-256.684;-256.903;-256.942;-256.003;10:23:59
1599;29.4456;29.2499;-256.743;-256.262;-256.692;-256.895;-256.935;-256.003;10:24:00
1600;29.4534;29.2499;-256.747;-256.262;-256.692;-256.895;-256.942;-256.003;10:24:00
1601;29.4534;29.2538;-256.743;-256.269;-256.684;-256.895;-256.942;-256.003;10:24:01
1602;29.4456;29.2538;-256.747;-256.262;-256.692;-256.895;-256.935;-256.011;10:24:01
1603;29.4534;29.2499;-256.735;-256.269;-256.684;-256.895;-256.95;-256.003;10:24:02
1604;29.4456;29.2538;-256.743;-256.254;-256.692;-256.895;-256.935;-256.011;10:24:02
1605;29.4534;29.2577;-256.747;-256.262;-256.692;-256.895;-256.942;-256.003;10:24:03
1606;29.4534;29.2538;-256.743;-256.269;-256.684;-256.903;-256.935;-256.003;10:24:03
1607;29.4456;29.2538;-256.747;-256.262;-256.692;-256.895;-256.942;-256.003;10:24:04
1608;29.4534;29.2577;-256.747;-256.262;-256.692;-256.895;-256.942;-256.003;10:24:04
1609;29.4612;29.2538;-256.747;-256.254;-256.692;-256.895;-256.942;-256.011;10:24:05
1610;29.4612;29.2538;-256.747;-256.262;-256.692;-256.895;-256.942;-256.003;10:24:05
1611;29.4534;29.2538;-256.747;-256.254;-256.692;-256.895;-256.942;-256.003;10:24:06
1612;29.4534;29.2538;-256.747;-256.254;-256.684;-256.895;-256.942;-256.011;10:24:06
1613;29.4612;29.2538;-256.747;-256.262;-256.684;-256.888;-256.942;-256.003;10:24:07
1614;29.4612;29.2538;-256.751;-256.254;-256.692;-256.903;-256.935;-256.003;10:24:07
1615;29.4534;29.2577;-256.751;-256.262;-256.684;-256.888;-256.95;-256.003;10:24:08
1616;29.4612;29.2538;-256.743;-256.254;-256.684;-256.895;-256.942;-256.003;10:24:08
1617;29.4612;29.2577;-256.747;-256.262;-256.684;-256.888;-256.942;-256.011;10:24:09
1618;29.4612;29.2577;-256.747;-256.254;-256.684;-256.903;-256.942;-256.011;10:24:09
1619;29.4534;29.2538;-256.747;-256.262;-256.684;-256.888;-256.95;-256.003;10:24:10
1620;29.469;29.2577;-256.747;-256.262;-256.692;-256.895;-256.95;-256.003;10:24:10
1621;29.4612;29.2617;-256.751;-256.262;-256.692;-256.888;-256.942;-256.011;10:24:11
1622;29.4534;29.2577;-256.747;-256.262;-256.692;-256.895;-256.942;-256.003;10:24:11
1623;29.4612;29.2577;-256.751;-256.262;-256.684;-256.888;-256.935;-256.003;10:24:12
1624;29.4612;29.2577;-256.755;-256.262;-256.692;-256.888;-256.942;-256.003;10:24:12
1625;29.4612;29.2577;-256.755;-256.262;-256.692;-256.888;-256.942;-256.011;10:24:13
1626;29.4612;29.2577;-256.751;-256.262;-256.692;-256.888;-256.942;-256.003;10:24:13
1627;29.4612;29.2577;-256.747;-256.262;-256.692;-256.895;-256.942;-256.003;10:24:14
1628;29.469;29.2538;-256.751;-256.262;-256.692;-256.888;-256.958;-256.003;10:24:14
1629;29.4612;29.2577;-256.747;-256.254;-256.692;-256.895;-256.942;-256.011;10:24:15
1630;29.469;29.2577;-256.751;-256.262;-256.684;-256.895;-256.942;-256.003;10:24:15
1631;29.4534;29.2577;-256.747;-256.262;-256.7;-256.895;-256.95;-256.003;10:24:16
1632;29.4534;29.2577;-256.743;-256.262;-256.7;-256.895;-256.942;-256.011;10:24:16
1633;29.4612;29.2617;-256.743;-256.262;-256.7;-256.895;-256.942;-256.003;10:24:17
1634;29.4534;29.2577;-256.747;-256.262;-256.7;-256.903;-256.95;-256.011;10:24:17
1635;29.4612;29.2617;-256.743;-256.262;-256.692;-256.895;-256.95;-256.003;10:24:18
1636;29.469;29.2617;-256.743;-256.262;-256.7;-256.888;-256.942;-256.011;10:24:18
1637;29.469;29.2617;-256.747;-256.262;-256.7;-256.903;-256.942;-256.003;10:24:19
1638;29.469;29.2617;-256.751;-256.262;-256.692;-256.895;-256.935;-256.011;10:24:19
1639;29.469;29.2695;-256.751;-256.254;-256.7;-256.895;-256.942;-256.003;10:24:20
1640;29.469;29.2617;-256.755;-256.262;-256.692;-256.888;-256.942;-256.011;10:24:20
1641;29.4769;29.2695;-256.751;-256.262;-256.7;-256.895;-256.942;-256.003;10:24:21
1642;29.469;29.2695;-256.751;-256.262;-256.692;-256.895;-256.942;-256.011;10:24:21
1643;29.4769;29.2617;-256.755;-256.254;-256.7;-256.888;-256.942;-256.003;10:24:22
1644;29.469;29.2695;-256.755;-256.262;-256.692;-256.888;-256.95;-256.003;10:24:22
1645;29.4769;29.2695;-256.751;-256.262;-256.7;-256.888;-256.942;-256.011;10:24:23
1646;29.469;29.2617;-256.747;-256.254;-256.692;-256.888;-256.935;-256.003;10:24:23
1647;29.469;29.2695;-256.751;-256.262;-256.692;-256.888;-256.942;-256.003;10:24:24
1648;29.469;29.2695;-256.751;-256.254;-256.692;-256.895;-256.942;-255.996;10:24:24
1649;29.4769;29.2695;-256.751;-256.254;-256.692;-256.895;-256.942;-256.011;10:24:25
1650;29.4847;29.2773;-256.751;-256.254;-256.692;-256.895;-256.942;-256.003;10:24:25
1651;29.4769;29.2773;-256.755;-256.262;-256.7;-256.895;-256.942;-256.003;10:24:26
1652;29.4769;29.2773;-256.751;-256.254;-256.684;-256.888;-256.942;-256.011;10:24:26
1653;29.4847;29.2695;-256.751;-256.254;-256.7;-256.895;-256.942;-256.003;10:24:27
1654;29.4769;29.2695;-256.751;-256.262;-256.692;-256.895;-256.942;-256.003;10:24:27
1655;29.4769;29.2695;-256.751;-256.254;-256.692;-256.895;-256.935;-256.011;10:24:28
1656;29.4847;29.2695;-256.755;-256.254;-256.692;-256.895;-256.942;-256.003;10:24:28
1657;29.4769;29.2695;-256.751;-256.254;-256.692;-256.888;-256.935;-256.003;10:24:29
1658;29.4847;29.2773;-256.751;-256.254;-256.7;-256.895;-256.935;-256.003;10:24:29
1659;29.4769;29.2695;-256.751;-256.254;-256.7;-256.895;-256.935;-255.996;10:24:30
1660;29.4769;29.2773;-256.758;-256.262;-256.7;-256.895;-256.95;-256.003;10:24:30
1661;29.4847;29.2773;-256.751;-256.254;-256.7;-256.895;-256.942;-256.003;10:24:31
1662;29.4847;29.2773;-256.751;-256.254;-256.7;-256.895;-256.942;-256.003;10:24:31
1663;29.4769;29.2851;-256.747;-256.254;-256.7;-256.888;-256.935;-256.003;10:24:32
1664;29.4847;29.2773;-256.751;-256.254;-256.692;-256.895;-256.942;-256.003;10:24:32
1665;29.4769;29.2851;-256.751;-256.254;-256.7;-256.895;-256.942;-256.003;10:24:33
1666;29.4769;29.2851;-256.751;-256.254;-256.692;-256.895;-256.942;-256.003;10:24:33
1667;29.4847;29.2851;-256.751;-256.262;-256.7;-256.895;-256.942;-256.003;10:24:34
1668;29.4769;29.293;-256.751;-256.262;-256.692;-256.888;-256.942;-256.003;10:24:34
1669;29.4847;29.293;-256.751;-256.254;-256.692;-256.888;-256.942;-256.003;10:24:35
1670;29.4769;29.2851;-256.755;-256.262;-256.692;-256.888;-256.942;-256.003;10:24:35
1671;29.4769;29.3008;-256.751;-256.262;-256.692;-256.888;-256.942;-256.003;10:24:36
1672;29.4769;29.2851;-256.755;-256.254;-256.692;-256.888;-256.935;-256.003;10:24:36
1673;29.4847;29.293;-256.751;-256.25;-256.692;-256.888;-256.95;-256.003;10:24:37
1674;29.4847;29.293;-256.755;-256.254;-256.7;-256.895;-256.942;-256.003;10:24:37
1675;29.4847;29.3008;-256.751;-256.25;-256.692;-256.895;-256.95;-256.003;10:24:38
1676;29.4847;29.293;-256.751;-256.254;-256.7;-256.888;-256.95;-256.003;10:24:38
1677;29.4925;29.3008;-256.747;-256.262;-256.692;-256.895;-256.95;-256.003;10:24:39
1678;29.4847;29.2851;-256.747;-256.254;-256.692;-256.895;-256.935;-256.003;10:24:39
1679;29.4769;29.2851;-256.751;-256.254;-256.7;-256.895;-256.95;-256.011;10:24:40
1680;29.4925;29.293;-256.751;-256.262;-256.684;-256.888;-256.942;-256.003;10:24:40
1681;29.4847;29.2851;-256.747;-256.254;-256.7;-256.895;-256.95;-256.003;10:24:41
1682;29.4925;29.293;-256.747;-256.262;-256.7;-256.888;-256.935;-256.003;10:24:41
1683;29.4847;29.2851;-256.751;-256.262;-256.692;-256.895;-256.942;-256.011;10:24:42
1684;29.4847;29.2851;-256.747;-256.254;-256.7;-256.888;-256.942;-256.003;10:24:42
1685;29.4847;29.2851;-256.747;-256.254;-256.692;-256.895;-256.935;-256.003;10:24:43
1686;29.4769;29.293;-256.751;-256.254;-256.692;-256.895;-256.935;-256.003;10:24:43
1687;29.4847;29.293;-256.751;-256.262;-256.692;-256.895;-256.935;-256.003;10:24:44
1688;29.4769;29.2851;-256.751;-256.254;-256.692;-256.888;-256.935;-256.003;10:24:44
1689;29.4769;29.293;-256.751;-256.25;-256.692;-256.88;-256.942;-256.003;10:24:45
1690;29.4847;29.293;-256.751;-256.254;-256.692;-256.895;-256.927;-256.003;10:24:45
1691;29.4847;29.2851;-256.755;-256.254;-256.692;-256.888;-256.942;-256.003;10:24:46
1692;29.4925;29.293;-256.751;-256.254;-256.692;-256.888;-256.942;-256.003;10:24:46
1693;29.4847;29.293;-256.747;-256.254;-256.684;-256.888;-256.95;-256.003;10:24:47
1694;29.5003;29.3008;-256.755;-256.254;-256.7;-256.895;-256.935;-256.011;10:24:47
1695;29.5003;29.3008;-256.751;-256.254;-256.7;-256.895;-256.942;-256.011;10:24:48
1696;29.4925;29.293;-256.751;-256.254;-256.692;-256.888;-256.942;-256.011;10:24:48
1697;29.5003;29.3086;-256.751;-256.254;-256.692;-256.895;-256.935;-256.003;10:24:49
1698;29.5003;29.3086;-256.751;-256.262;-256.692;-256.895;-256.927;-256.011;10:24:49
1699;29.5003;29.3086;-256.755;-256.254;-256.692;-256.895;-256.942;-256.011;10:24:50
1700;29.4925;29.3086;-256.751;-256.254;-256.692;-256.888;-256.935;-256.003;10:24:50
1701;29.5003;29.3008;-256.755;-256.254;-256.7;-256.895;-256.935;-256.003;10:24:51
1702;29.5003;29.3086;-256.755;-256.262;-256.692;-256.895;-256.942;-256.003;10:24:51
1703;29.5003;29.3008;-256.751;-256.254;-256.7;-256.888;-256.935;-256.011;10:24:52
1704;29.5003;29.3008;-256.758;-256.254;-256.7;-256.895;-256.927;-256.003;10:24:52
1705;29.4925;29.3086;-256.751;-256.254;-256.692;-256.888;-256.927;-256.003;10:24:53
1706;29.5003;29.3008;-256.755;-256.262;-256.7;-256.895;-256.942;-256.011;10:24:53
1707;29.5003;29.3008;-256.751;-256.254;-256.7;-256.895;-256.935;-256.011;10:24:54
1708;29.5003;29.3086;-256.758;-256.262;-256.7;-256.895;-256.942;-255.996;10:24:54
1709;29.5082;29.3008;-256.755;-256.254;-256.7;-256.895;-256.942;-256.011;10:24:55
1710;29.5003;29.3086;-256.751;-256.262;-256.7;-256.888;-256.942;-256.003;10:24:55
1711;29.5082;29.3008;-256.751;-256.262;-256.7;-256.895;-256.935;-255.996;10:24:56
1712;29.5003;29.3086;-256.755;-256.262;-256.7;-256.888;-256.95;-256.003;10:24:56
1713;29.5003;29.3086;-256.755;-256.262;-256.7;-256.895;-256.942;-256.011;10:24:57
1714;29.5082;29.3086;-256.755;-256.254;-256.7;-256.895;-256.942;-256.003;10:24:57
1715;29.5082;29.3086;-256.751;-256.262;-256.7;-256.888;-256.942;-256.003;10:24:58
1716;29.5082;29.3008;-256.751;-256.269;-256.692;-256.888;-256.95;-255.996;10:24:58
1717;29.5082;29.3164;-256.755;-256.262;-256.7;-256.888;-256.95;-256.003;10:24:59
1718;29.5082;29.3086;-256.751;-256.269;-256.692;-256.888;-256.95;-256.003;10:24:59
1719;29.5082;29.3164;-256.751;-256.262;-256.7;-256.895;-256.95;-256.003;10:25:00
1720;29.5003;29.3086;-256.751;-256.262;-256.7;-256.895;-256.95;-256.003;10:25:00
1721;29.5003;29.3008;-256.751;-256.262;-256.692;-256.888;-256.95;-256.003;10:25:01
1722;29.5003;29.3008;-256.751;-256.262;-256.7;-256.903;-256.95;-256.003;10:25:01
1723;29.4925;29.3008;-256.751;-256.262;-256.7;-256.895;-256.935;-256.003;10:25:02
1724;29.5003;29.3008;-256.747;-256.262;-256.708;-256.888;-256.95;-256.003;10:25:02
1725;29.5082;29.3008;-256.751;-256.269;-256.7;-256.895;-256.942;-256.011;10:25:03
1726;29.5082;29.3086;-256.751;-256.262;-256.7;-256.888;-256.95;-256.003;10:25:03
1727;29.5082;29.3008;-256.747;-256.262;-256.7;-256.895;-256.935;-256.003;10:25:04
1728;29.5003;29.3008;-256.747;-256.269;-256.708;-256.888;-256.95;-255.996;10:25:04
1729;29.5003;29.3086;-256.751;-256.262;-256.7;-256.895;-256.942;-256.011;10:25:05
1730;29.5082;29.3086;-256.747;-256.269;-256.708;-256.888;-256.942;-256.003;10:25:05
1731;29.5082;29.3086;-256.751;-256.262;-256.7;-256.895;-256.942;-256.003;10:25:06
1732;29.516;29.3008;-256.747;-256.269;-256.708;-256.88;-256.95;-256.003;10:25:06
1733;29.5082;29.3086;-256.747;-256.262;-256.7;-256.888;-256.95;-256.003;10:25:07
1734;29.516;29.3086;-256.751;-256.262;-256.7;-256.888;-256.942;-256.003;10:25:07
1735;29.516;29.3008;-256.747;-256.262;-256.7;-256.895;-256.942;-256.003;10:25:08
1736;29.5082;29.3008;-256.747;-256.254;-256.7;-256.895;-256.942;-256.011;10:25:08
1737;29.5082;29.3086;-256.743;-256.254;-256.7;-256.895;-256.95;-256.003;10:25:09
1738;29.5003;29.3008;-256.751;-256.254;-256.7;-256.895;-256.942;-256.011;10:25:09
1739;29.5003;29.3086;-256.751;-256.254;-256.7;-256.895;-256.935;-256.003;10:25:10
1740;29.5003;29.3086;-256.751;-256.262;-256.708;-256.895;-256.942;-256.011;10:25:10
1741;29.5082;29.3086;-256.755;-256.254;-256.7;-256.903;-256.942;-256.003;10:25:11
1742;29.5082;29.3164;-256.751;-256.258;-256.7;-256.895;-256.935;-256.003;10:25:11
1743;29.5082;29.3086;-256.751;-256.25;-256.708;-256.903;-256.935;-256.003;10:25:12
1744;29.5082;29.3164;-256.751;-256.262;-256.7;-256.895;-256.942;-255.996;10:25:12
1745;29.5082;29.3164;-256.751;-256.254;-256.7;-256.895;-256.935;-256.003;10:25:13
1746;29.5003;29.3086;-256.751;-256.254;-256.708;-256.903;-256.935;-255.996;10:25:13
1747;29.5003;29.3164;-256.751;-256.254;-256.708;-256.895;-256.942;-256.003;10:25:14
1748;29.5082;29.3164;-256.747;-256.262;-256.7;-256.895;-256.95;-256.003;10:25:14
1749;29.5003;29.3164;-256.751;-256.254;-256.7;-256.895;-256.95;-256.003;10:25:15
1750;29.516;29.3243;-256.751;-256.254;-256.7;-256.903;-256.95;-256.003;10:25:15
1751;29.5082;29.3164;-256.751;-256.254;-256.708;-256.895;-256.95;-256.011;10:25:16
1752;29.5003;29.3164;-256.751;-256.254;-256.7;-256.888;-256.958;-256.003;10:25:16
1753;29.5082;29.3164;-256.751;-256.254;-256.708;-256.895;-256.95;-256.003;10:25:17
1754;29.5082;29.3243;-256.751;-256.254;-256.708;-256.895;-256.95;-256.003;10:25:17
1755;29.5082;29.3164;-256.747;-256.262;-256.7;-256.903;-256.942;-255.996;10:25:18
1756;29.5082;29.3243;-256.751;-256.262;-256.7;-256.895;-256.942;-256.003;10:25:18
1757;29.516;29.3243;-256.751;-256.254;-256.7;-256.895;-256.942;-255.996;10:25:19
1758;29.516;29.3164;-256.755;-256.262;-256.708;-256.895;-256.935;-256.011;10:25:19
1759;29.5238;29.3243;-256.755;-256.262;-256.708;-256.903;-256.95;-256.003;10:25:20
1760;29.5238;29.3243;-256.751;-256.254;-256.7;-256.895;-256.942;-255.996;10:25:20
1761;29.5238;29.3164;-256.751;-256.254;-256.708;-256.888;-256.95;-256.003;10:25:21
1762;29.516;29.3243;-256.747;-256.254;-256.708;-256.895;-256.95;-256.003;10:25:21
1763;29.5238;29.3321;-256.747;-256.262;-256.7;-256.888;-256.942;-256.003;10:25:22
1764;29.5238;29.3243;-256.751;-256.262;-256.708;-256.895;-256.95;-256.003;10:25:22
1765;29.516;29.3243;-256.751;-256.262;-256.708;-256.888;-256.942;-256.003;10:25:23
1766;29.5238;29.3321;-256.755;-256.262;-256.7;-256.888;-256.95;-256.003;10:25:23
1767;29.5238;29.3321;-256.751;-256.262;-256.692;-256.895;-256.942;-256.003;10:25:24
1768;29.5238;29.3321;-256.755;-256.254;-256.7;-256.888;-256.942;-255.996;10:25:24
1769;29.5238;29.3399;-256.751;-256.262;-256.708;-256.888;-256.95;-256.003;10:25:25
1770;29.5395;29.3399;-256.751;-256.254;-256.7;-256.888;-256.942;-256.003;10:25:25
1771;29.5316;29.3321;-256.755;-256.262;-256.708;-256.888;-256.942;-256.003;10:25:26
1772;29.5316;29.3321;-256.755;-256.262;-256.708;-256.888;-256.942;-256.011;10:25:26
1773;29.5316;29.3399;-256.751;-256.262;-256.7;-256.888;-256.942;-255.996;10:25:27
1774;29.5238;29.3321;-256.751;-256.254;-256.7;-256.888;-256.942;-256.011;10:25:27
1775;29.5316;29.3399;-256.755;-256.262;-256.708;-256.895;-256.942;-256.003;10:25:28
1776;29.5316;29.3321;-256.755;-256.254;-256.7;-256.888;-256.95;-256.003;10:25:28
1777;29.5316;29.3399;-256.755;-256.262;-256.708;-256.888;-256.95;-256.003;10:25:29
1778;29.5316;29.3399;-256.755;-256.254;-256.7;-256.888;-256.942;-256.011;10:25:29
1779;29.5238;29.3399;-256.755;-256.262;-256.708;-256.895;-256.95;-256.003;10:25:30
1780;29.5316;29.3321;-256.751;-256.254;-256.708;-256.888;-256.942;-256.003;10:25:30
1781;29.5238;29.3321;-256.755;-256.254;-256.7;-256.895;-256.942;-256.003;10:25:31
1782;29.5316;29.3399;-256.755;-256.262;-256.692;-256.888;-256.942;-256.003;10:25:31
1783;29.5316;29.3399;-256.755;-256.262;-256.708;-256.895;-256.942;-256.003;10:25:32
1784;29.5316;29.3399;-256.751;-256.262;-256.7;-256.895;-256.95;-256.003;10:25:32
1785;29.5316;29.3399;-256.751;-256.262;-256.708;-256.888;-256.942;-256.003;10:25:33
1786;29.5316;29.3399;-256.755;-256.262;-256.7;-256.895;-256.942;-255.996;10:25:33
1787;29.5238;29.3399;-256.751;-256.262;-256.708;-256.895;-256.935;-256.003;10:25:34
1788;29.5316;29.3321;-256.755;-256.262;-256.7;-256.895;-256.95;-256.003;10:25:34
1789;29.5395;29.3399;-256.755;-256.254;-256.7;-256.895;-256.942;-256.003;10:25:35
1790;29.5316;29.3477;-256.751;-256.262;-256.7;-256.888;-256.958;-256.003;10:25:35
1791;29.5395;29.3399;-256.755;-256.254;-256.708;-256.888;-256.942;-255.996;10:25:36
1792;29.5395;29.3399;-256.751;-256.262;-256.7;-256.888;-256.95;-256.003;10:25:36
1793;29.5316;29.3399;-256.751;-256.254;-256.7;-256.888;-256.95;-255.996;10:25:37
1794;29.5395;29.3399;-256.751;-256.262;-256.708;-256.888;-256.95;-256.003;10:25:37
1795;29.5316;29.3399;-256.747;-256.254;-256.7;-256.888;-256.942;-256.003;10:25:38
1796;29.5316;29.3399;-256.743;-256.254;-256.7;-256.888;-256.95;-256.003;10:25:38
1797;29.5316;29.3399;-256.755;-256.254;-256.708;-256.895;-256.95;-256.003;10:25:39
1798;29.5316;29.3399;-256.751;-256.262;-256.7;-256.888;-256.95;-256.003;10:25:39
1799;29.5395;29.3399;-256.751;-256.254;-256.7;-256.895;-256.942;-256.003;10:25:40
1800;29.5395;29.3477;-256.755;-256.262;-256.7;-256.888;-256.958;-256.003;10:25:40
1801;29.5395;29.3477;-256.751;-256.254;-256.7;-256.895;-256.958;-256.003;10:25:41
1802;29.5316;29.3477;-256.751;-256.262;-256.692;-256.895;-256.95;-256.011;10:25:41
1803;29.5395;29.3399;-256.755;-256.254;-256.7;-256.895;-256.95;-256.011;10:25:42
1804;29.5395;29.3477;-256.751;-256.254;-256.7;-256.888;-256.95;-256.003;10:25:42
1805;29.5395;29.3477;-256.755;-256.254;-256.692;-256.888;-256.958;-255.996;10:25:43
1806;29.5316;29.3556;-256.755;-256.254;-256.7;-256.888;-256.942;-256.003;10:25:43
1807;29.5395;29.3556;-256.751;-256.254;-256.692;-256.888;-256.942;-256.003;10:25:44
1808;29.5395;29.3477;-256.747;-256.254;-256.7;-256.895;-256.95;-256.011;10:25:44
1809;29.5395;29.3477;-256.751;-256.262;-256.708;-256.888;-256.958;-256.003;10:25:45
1810;29.5473;29.3477;-256.755;-256.254;-256.7;-256.895;-256.95;-256.003;10:25:45
1811;29.5473;29.3477;-256.751;-256.254;-256.7;-256.895;-256.95;-256.011;10:25:46
1812;29.5473;29.3399;-256.751;-256.258;-256.7;-256.888;-256.958;-256.011;10:25:46
1813;29.5395;29.3477;-256.755;-256.258;-256.7;-256.895;-256.95;-256.003;10:25:47
1814;29.5551;29.3556;-256.755;-256.254;-256.708;-256.895;-256.95;-256.011;10:25:47
1815;29.5473;29.3477;-256.755;-256.262;-256.7;-256.895;-256.942;-256.003;10:25:48
1816;29.5551;29.3556;-256.751;-256.254;-256.7;-256.895;-256.942;-256.003;10:25:48
1817;29.5551;29.3477;-256.755;-256.254;-256.708;-256.888;-256.95;-255.996;10:25:49
1818;29.5551;29.3556;-256.755;-256.254;-256.7;-256.903;-256.935;-256.003;10:25:49
1819;29.5551;29.3477;-256.755;-256.254;-256.708;-256.895;-256.942;-256.011;10:25:50
1820;29.5629;29.3556;-256.751;-256.254;-256.708;-256.895;-256.95;-256.003;10:25:50
1821;29.5551;29.3399;-256.747;-256.262;-256.708;-256.903;-256.942;-256.003;10:25:51
1822;29.5473;29.3556;-256.751;-256.254;-256.708;-256.895;-256.942;-256.003;10:25:51
1823;29.5551;29.3477;-256.747;-256.262;-256.7;-256.895;-256.942;-256.003;10:25:52
1824;29.5551;29.3556;-256.751;-256.258;-256.7;-256.895;-256.942;-256.003;10:25:52
1825;29.5551;29.3556;-256.747;-256.262;-256.715;-256.895;-256.95;-256.003;10:25:53
1826;29.5551;29.3556;-256.751;-256.254;-256.708;-256.903;-256.942;-256.003;10:25:53
1827;29.5551;29.3556;-256.751;-256.254;-256.708;-256.895;-256.942;-255.996;10:25:54
1828;29.5473;29.3634;-256.751;-256.262;-256.7;-256.888;-256.95;-256.003;10:25:54
1829;29.5551;29.3556;-256.751;-256.254;-256.708;-256.895;-256.95;-256.003;10:25:55
1830;29.5551;29.3634;-256.755;-256.254;-256.7;-256.888;-256.95;-256.003;10:25:55
1831;29.5551;29.3556;-256.755;-256.262;-256.692;-256.895;-256.942;-256.003;10:25:56
1832;29.5551;29.3634;-256.751;-256.254;-256.7;-256.888;-256.95;-256.003;10:25:56
1833;29.5551;29.3634;-256.751;-256.262;-256.7;-256.888;-256.95;-256.003;10:25:57
1834;29.5629;29.3634;-256.751;-256.262;-256.7;-256.895;-256.942;-256.003;10:25:57
1835;29.5551;29.3634;-256.747;-256.262;-256.708;-256.895;-256.942;-255.996;10:25:58
1836;29.5551;29.3634;-256.755;-256.254;-256.7;-256.88;-256.95;-256.003;10:25:58
1837;29.5551;29.3556;-256.755;-256.269;-256.7;-256.888;-256.95;-256.003;10:25:59
1838;29.5551;29.3556;-256.755;-256.254;-256.708;-256.895;-256.942;-255.996;10:25:59
1839;29.5629;29.3634;-256.755;-256.262;-256.7;-256.888;-256.95;-256.003;10:26:00
1840;29.5551;29.3634;-256.755;-256.262;-256.7;-256.888;-256.942;-256.003;10:26:00
1841;29.5551;29.3634;-256.751;-256.254;-256.692;-256.888;-256.942;-255.996;10:26:01
1842;29.5629;29.3556;-256.751;-256.262;-256.7;-256.895;-256.942;-256.003;10:26:01
1843;29.5629;29.3634;-256.751;-256.254;-256.708;-256.888;-256.942;-255.996;10:26:02
1844;29.5708;29.3634;-256.747;-256.254;-256.7;-256.888;-256.942;-255.996;10:26:02
1845;29.5551;29.3556;-256.747;-256.262;-256.708;-256.895;-256.942;-255.996;10:26:03
1846;29.5708;29.3634;-256.751;-256.254;-256.692;-256.903;-256.95;-256.003;10:26:03
1847;29.5629;29.3556;-256.747;-256.254;-256.7;-256.888;-256.95;-255.996;10:26:04
1848;29.5629;29.3634;-256.755;-256.262;-256.7;-256.895;-256.95;-255.996;10:26:04
1849;29.5708;29.3634;-256.751;-256.254;-256.7;-256.895;-256.95;-256.003;10:26:05
1850;29.5786;29.3634;-256.755;-256.269;-256.708;-256.895;-256.942;-255.996;10:26:05
1851;29.5629;29.3712;-256.751;-256.262;-256.7;-256.895;-256.95;-255.996;10:26:06
1852;29.5708;29.3634;-256.751;-256.262;-256.708;-256.895;-256.95;-256.003;10:26:06
1853;29.5708;29.3634;-256.751;-256.262;-256.7;-256.895;-256.95;-255.996;10:26:07
1854;29.5708;29.3634;-256.755;-256.262;-256.7;-256.895;-256.935;-256.003;10:26:07
1855;29.5786;29.3634;-256.755;-256.262;-256.7;-256.903;-256.95;-255.996;10:26:08
1856;29.5708;29.3634;-256.755;-256.254;-256.7;-256.888;-256.942;-256.003;10:26:08
1857;29.5708;29.3634;-256.755;-256.262;-256.7;-256.895;-256.95;-256.003;10:26:09
1858;29.5786;29.3712;-256.755;-256.254;-256.7;-256.895;-256.95;-255.996;10:26:09
1859;29.5708;29.3712;-256.755;-256.25;-256.692;-256.895;-256.942;-256.003;10:26:10
1860;29.5786;29.3634;-256.755;-256.254;-256.708;-256.895;-256.958;-256.003;10:26:10
1861;29.5786;29.3634;-256.755;-256.254;-256.7;-256.895;-256.95;-255.996;10:26:11
1862;29.5708;29.3712;-256.751;-256.254;-256.7;-256.903;-256.95;-256.003;10:26:11
1863;29.5786;29.3634;-256.755;-256.254;-256.7;-256.903;-256.95;-256.003;10:26:12
1864;29.5786;29.3634;-256.751;-256.262;-256.692;-256.895;-256.942;-256.011;10:26:12
1865;29.5708;29.3634;-256.755;-256.254;-256.708;-256.895;-256.95;-256.003;10:26:13
1866;29.5786;29.3634;-256.758;-256.254;-256.692;-256.895;-256.95;-256.003;10:26:13
1867;29.5786;29.3712;-256.758;-256.254;-256.7;-256.888;-256.942;-256.003;10:26:14
1868;29.5708;29.3712;-256.758;-256.254;-256.7;-256.895;-256.95;-256.003;10:26:14
1869;29.5786;29.3712;-256.758;-256.254;-256.7;-256.888;-256.95;-256.011;10:26:15
1870;29.5786;29.3712;-256.755;-256.25;-256.7;-256.895;-256.95;-255.996;10:26:15
1871;29.5708;29.379;-256.758;-256.254;-256.7;-256.895;-256.942;-256.003;10:26:16
1872;29.5708;29.3712;-256.755;-256.254;-256.708;-256.895;-256.95;-256.003;10:26:16
1873;29.5786;29.379;-256.755;-256.254;-256.708;-256.895;-256.942;-256.003;10:26:17
1874;29.5708;29.3712;-256.755;-256.254;-256.7;-256.888;-256.95;-255.996;10:26:17
1875;29.5786;29.3712;-256.755;-256.254;-256.708;-256.88;-256.935;-255.996;10:26:18
1876;29.5786;29.379;-256.755;-256.25;-256.708;-256.888;-256.942;-255.996;10:26:18
1877;29.5708;29.379;-256.747;-256.254;-256.7;-256.888;-256.95;-256.003;10:26:19
1878;29.5708;29.3712;-256.751;-256.25;-256.7;-256.895;-256.935;-255.996;10:26:19
1879;29.5708;29.379;-256.751;-256.25;-256.7;-256.888;-256.935;-255.996;10:26:20
1880;29.5708;29.3869;-256.751;-256.254;-256.7;-256.895;-256.942;-255.996;10:26:20
1881;29.5708;29.3712;-256.755;-256.25;-256.7;-256.888;-256.942;-256.003;10:26:21
1882;29.5708;29.379;-256.755;-256.25;-256.7;-256.895;-256.942;-255.996;10:26:21
1883;29.5708;29.379;-256.751;-256.25;-256.7;-256.895;-256.942;-256.003;10:26:22
1884;29.5786;29.379;-256.755;-256.254;-256.7;-256.895;-256.942;-255.996;10:26:22
1885;29.5629;29.379;-256.755;-256.254;-256.7;-256.888;-256.942;-255.996;10:26:23
1886;29.5708;29.379;-256.755;-256.25;-256.708;-256.895;-256.935;-255.996;10:26:23
1887;29.5708;29.379;-256.755;-256.254;-256.7;-256.895;-256.942;-255.996;10:26:24
1888;29.5708;29.379;-256.755;-256.25;-256.7;-256.888;-256.942;-255.996;10:26:24
1889;29.5786;29.379;-256.758;-256.25;-256.708;-256.895;-256.935;-255.996;10:26:25
1890;29.5708;29.379;-256.758;-256.254;-256.7;-256.888;-256.942;-255.988;10:26:25
1891;29.5786;29.3869;-256.758;-256.254;-256.708;-256.888;-256.942;-256.003;10:26:26
1892;29.5786;29.3869;-256.755;-256.254;-256.7;-256.895;-256.942;-255.996;10:26:26
1893;29.5786;29.379;-256.755;-256.25;-256.708;-256.888;-256.942;-255.996;10:26:27
1894;29.5786;29.3869;-256.755;-256.25;-256.708;-256.888;-256.942;-255.996;10:26:27
1895;29.5786;29.379;-256.751;-256.25;-256.7;-256.895;-256.942;-256.003;10:26:28
1896;29.5786;29.379;-256.755;-256.254;-256.708;-256.895;-256.95;-255.996;10:26:28
1897;29.5864;29.3869;-256.755;-256.25;-256.7;-256.888;-256.95;-255.996;10:26:29
1898;29.5786;29.3869;-256.751;-256.262;-256.7;-256.888;-256.942;-255.996;10:26:29
1899;29.5942;29.3869;-256.751;-256.25;-256.7;-256.895;-256.942;-255.996;10:26:30
1900;29.5786;29.3947;-256.755;-256.254;-256.7;-256.888;-256.935;-255.996;10:26:30
1901;29.5864;29.4025;-256.747;-256.254;-256.708;-256.895;-256.942;-256.003;10:26:31
1902;29.5864;29.3947;-256.755;-256.25;-256.7;-256.888;-256.95;-255.996;10:26:31
1903;29.5864;29.4025;-256.755;-256.254;-256.7;-256.895;-256.95;-256.003;10:26:32
1904;29.5864;29.3947;-256.755;-256.254;-256.7;-256.888;-256.942;-255.996;10:26:32
1905;29.5864;29.3947;-256.755;-256.254;-256.7;-256.888;-256.95;-256.003;10:26:33
1906;29.5786;29.3947;-256.758;-256.254;-256.7;-256.888;-256.942;-256.003;10:26:33
1907;29.5864;29.3947;-256.755;-256.254;-256.7;-256.888;-256.935;-256.003;10:26:34
1908;29.5864;29.3947;-256.755;-256.254;-256.708;-256.888;-256.942;-256.003;10:26:34
1909;29.5864;29.3869;-256.758;-256.254;-256.7;-256.895;-256.942;-255.996;10:26:35
1910;29.5864;29.3947;-256.755;-256.254;-256.708;-256.888;-256.935;-256.003;10:26:35
1911;29.5864;29.3947;-256.755;-256.254;-256.7;-256.888;-256.935;-255.996;10:26:36
1912;29.5864;29.3947;-256.755;-256.254;-256.708;-256.895;-256.927;-256.003;10:26:36
1913;29.5864;29.3947;-256.758;-256.254;-256.708;-256.88;-256.935;-255.996;10:26:37
1914;29.5864;29.3947;-256.755;-256.25;-256.7;-256.888;-256.935;-255.996;10:26:37
1915;29.5942;29.3947;-256.755;-256.254;-256.7;-256.88;-256.935;-255.996;10:26:38
1916;29.5942;29.4025;-256.755;-256.25;-256.7;-256.888;-256.935;-255.996;10:26:38
1917;29.6021;29.3947;-256.758;-256.254;-256.7;-256.88;-256.942;-255.996;10:26:39
1918;29.6021;29.3869;-256.755;-256.254;-256.7;-256.888;-256.935;-255.988;10:26:39
1919;29.5942;29.3947;-256.755;-256.254;-256.708;-256.895;-256.935;-255.996;10:26:40
1920;29.6021;29.3947;-256.755;-256.262;-256.7;-256.888;-256.935;-255.996;10:26:40
1921;29.5942;29.3869;-256.751;-256.254;-256.7;-256.888;-256.935;-255.996;10:26:41
1922;29.5864;29.3947;-256.758;-256.254;-256.708;-256.895;-256.942;-255.996;10:26:41
1923;29.5942;29.3947;-256.755;-256.262;-256.7;-256.888;-256.927;-256.003;10:26:42
1924;29.5942;29.3869;-256.755;-256.254;-256.708;-256.888;-256.935;-255.996;10:26:42
1925;29.5864;29.4025;-256.755;-256.254;-256.708;-256.888;-256.95;-255.996;10:26:43
1926;29.6021;29.3947;-256.755;-256.262;-256.708;-256.888;-256.935;-255.996;10:26:43
1927;29.5942;29.4025;-256.755;-256.254;-256.7;-256.895;-256.942;-255.996;10:26:44
1928;29.5942;29.3947;-256.758;-256.254;-256.7;-256.895;-256.942;-255.996;10:26:44
1929;29.6021;29.4025;-256.755;-256.254;-256.7;-256.888;-256.942;-255.996;10:26:45
1930;29.6021;29.4103;-256.751;-256.262;-256.7;-256.888;-256.942;-256.003;10:26:45
1931;29.6021;29.4103;-256.755;-256.254;-256.692;-256.888;-256.935;-255.996;10:26:46
1932;29.5942;29.4103;-256.751;-256.254;-256.7;-256.888;-256.935;-255.996;10:26:46
1933;29.6021;29.4103;-256.751;-256.262;-256.708;-256.888;-256.942;-255.996;10:26:47
1934;29.6021;29.4103;-256.751;-256.262;-256.7;-256.888;-256.935;-255.996;10:26:47
1935;29.6021;29.4103;-256.751;-256.254;-256.7;-256.888;-256.935;-256.003;10:26:48
1936;29.5864;29.4103;-256.751;-256.262;-256.7;-256.895;-256.935;-256.003;10:26:48
1937;29.6021;29.4025;-256.751;-256.254;-256.708;-256.888;-256.95;-255.996;10:26:49
1938;29.5942;29.4025;-256.755;-256.254;-256.7;-256.888;-256.942;-255.996;10:26:49
1939;29.5942;29.4025;-256.758;-256.262;-256.7;-256.895;-256.935;-255.996;10:26:50
1940;29.6021;29.4025;-256.751;-256.262;-256.7;-256.895;-256.935;-256.003;10:26:50
1941;29.6021;29.4025;-256.758;-256.262;-256.692;-256.888;-256.95;-255.996;10:26:51
1942;29.5942;29.4025;-256.755;-256.262;-256.708;-256.888;-256.942;-256.003;10:26:51
1943;29.6021;29.4103;-256.755;-256.262;-256.7;-256.895;-256.935;-255.996;10:26:52
1944;29.5942;29.4025;-256.755;-256.262;-256.7;-256.895;-256.95;-256.003;10:26:52
1945;29.5864;29.3947;-256.755;-256.262;-256.708;-256.888;-256.935;-255.996;10:26:53
1946;29.6021;29.3947;-256.751;-256.254;-256.7;-256.888;-256.935;-255.996;10:26:53
1947;29.5942;29.4025;-256.751;-256.262;-256.7;-256.895;-256.935;-256.003;10:26:54
1948;29.6021;29.4025;-256.755;-256.262;-256.7;-256.888;-256.935;-256.003;10:26:54
1949;29.5942;29.4103;-256.755;-256.254;-256.7;-256.895;-256.935;-255.996;10:26:55
1950;29.6021;29.4025;-256.755;-256.254;-256.7;-256.895;-256.935;-256.003;10:26:55
1951;29.6021;29.4025;-256.751;-256.262;-256.708;-256.895;-256.935;-255.996;10:26:56
1952;29.6021;29.4103;-256.751;-256.262;-256.7;-256.895;-256.935;-256.003;10:26:56
1953;29.6021;29.4103;-256.751;-256.254;-256.708;-256.88;-256.942;-256.003;10:26:57
1954;29.6021;29.4025;-256.751;-256.262;-256.7;-256.888;-256.942;-255.996;10:26:57
1955;29.6099;29.4182;-256.751;-256.262;-256.708;-256.888;-256.927;-256.003;10:26:58
1956;29.6021;29.4103;-256.755;-256.262;-256.7;-256.888;-256.935;-256.003;10:26:58
1957;29.6177;29.4025;-256.751;-256.262;-256.692;-256.888;-256.942;-255.996;10:26:59
1958;29.6177;29.4103;-256.751;-256.254;-256.7;-256.88;-256.935;-256.003;10:26:59
1959;29.6177;29.4182;-256.755;-256.262;-256.7;-256.888;-256.942;-256.011;10:27:00
1960;29.6177;29.4025;-256.755;-256.262;-256.7;-256.888;-256.935;-256.003;10:27:00
1961;29.6177;29.4182;-256.751;-256.262;-256.7;-256.888;-256.935;-256.003;10:27:01
1962;29.6177;29.4103;-256.755;-256.254;-256.7;-256.888;-256.935;-256.003;10:27:01
1963;29.6177;29.4182;-256.755;-256.262;-256.708;-256.888;-256.942;-256.003;10:27:02
1964;29.6177;29.4103;-256.751;-256.262;-256.7;-256.895;-256.935;-256.003;10:27:02
1965;29.6177;29.4182;-256.755;-256.262;-256.708;-256.888;-256.942;-256.003;10:27:03
1966;29.6177;29.4103;-256.755;-256.262;-256.7;-256.895;-256.942;-256.003;10:27:03
1967;29.6177;29.426;-256.755;-256.262;-256.708;-256.888;-256.942;-256.003;10:27:04
1968;29.6177;29.426;-256.755;-256.262;-256.7;-256.895;-256.942;-256.011;10:27:04
1969;29.6177;29.4182;-256.758;-256.262;-256.708;-256.888;-256.942;-256.003;10:27:05
1970;29.6177;29.4182;-256.755;-256.262;-256.708;-256.888;-256.942;-255.996;10:27:05
1971;29.6255;29.426;-256.755;-256.262;-256.708;-256.895;-256.935;-256.003;10:27:06
1972;29.6177;29.426;-256.758;-256.262;-256.7;-256.895;-256.927;-256.003;10:27:06
1973;29.6255;29.4182;-256.758;-256.262;-256.692;-256.88;-256.942;-256.003;10:27:07
1974;29.6255;29.4182;-256.755;-256.269;-256.708;-256.888;-256.935;-256.003;10:27:07
1975;29.6255;29.426;-256.758;-256.254;-256.7;-256.895;-256.942;-255.996;10:27:08
1976;29.6255;29.4182;-256.758;-256.262;-256.7;-256.888;-256.935;-255.996;10:27:08
1977;29.6334;29.4182;-256.755;-256.262;-256.7;-256.888;-256.935;-255.996;10:27:09
1978;29.6177;29.426;-256.755;-256.262;-256.7;-256.888;-256.935;-256.003;10:27:09
1979;29.6334;29.426;-256.758;-256.262;-256.7;-256.888;-256.935;-255.996;10:27:10
1980;29.6334;29.4182;-256.755;-256.254;-256.692;-256.895;-256.935;-256.003;10:27:10
1981;29.6255;29.4182;-256.758;-256.262;-256.708;-256.888;-256.935;-256.003;10:27:11
1982;29.6255;29.426;-256.758;-256.262;-256.7;-256.888;-256.935;-255.996;10:27:11
1983;29.6255;29.426;-256.755;-256.262;-256.7;-256.895;-256.935;-255.996;10:27:12
1984;29.6255;29.4338;-256.758;-256.269;-256.7;-256.895;-256.942;-256.003;10:27:12
1985;29.6255;29.426;-256.758;-256.262;-256.692;-256.888;-256.942;-255.996;10:27:13
1986;29.6255;29.426;-256.755;-256.254;-256.708;-256.895;-256.942;-256.003;10:27:13
1987;29.6255;29.4338;-256.758;-256.262;-256.7;-256.895;-256.927;-255.996;10:27:14
1988;29.6255;29.426;-256.758;-256.254;-256.7;-256.895;-256.942;-256.003;10:27:14
1989;29.6255;29.426;-256.755;-256.254;-256.7;-256.888;-256.935;-256.003;10:27:15
1990;29.6334;29.4338;-256.758;-256.254;-256.692;-256.895;-256.942;-255.996;10:27:15
1991;29.6334;29.4338;-256.755;-256.262;-256.7;-256.888;-256.935;-256.003;10:27:16
1992;29.6255;29.4416;-256.758;-256.254;-256.7;-256.895;-256.935;-256.003;10:27:16
1993;29.6334;29.4338;-256.755;-256.254;-256.7;-256.888;-256.942;-256.003;10:27:17
1994;29.6334;29.4338;-256.758;-256.254;-256.7;-256.888;-256.942;-256.003;10:27:17
1995;29.6255;29.4416;-256.755;-256.254;-256.7;-256.888;-256.935;-256.003;10:27:18
1996;29.6334;29.4338;-256.755;-256.254;-256.7;-256.888;-256.935;-255.996;10:27:18
1997;29.6255;29.4338;-256.755;-256.254;-256.692;-256.888;-256.942;-256.003;10:27:19
1998;29.6334;29.4416;-256.755;-256.254;-256.692;-256.888;-256.935;-256.003;10:27:19
1999;29.6334;29.4416;-256.751;-256.254;-256.7;-256.895;-256.95;-256.011;10:27:20
2000;29.6373;29.4416;-256.755;-256.254;-256.692;-256.888;-256.935;-256.003;10:27:20
2001;29.6334;29.4416;-256.755;-256.25;-256.692;-256.895;-256.942;-256.003;10:27:21
2002;29.6334;29.4416;-256.755;-256.254;-256.7;-256.895;-256.942;-256.011;10:27:21
2003;29.6334;29.4416;-256.755;-256.254;-256.692;-256.888;-256.927;-256.011;10:27:22
2004;29.6334;29.4416;-256.751;-256.262;-256.7;-256.895;-256.942;-256.003;10:27:22
2005;29.6373;29.4416;-256.751;-256.262;-256.7;-256.888;-256.942;-256.003;10:27:23
2006;29.6334;29.4338;-256.755;-256.262;-256.7;-256.888;-256.935;-256.011;10:27:23
2007;29.6412;29.4416;-256.755;-256.262;-256.708;-256.895;-256.942;-256.003;10:27:24
2008;29.6334;29.4338;-256.755;-256.262;-256.7;-256.895;-256.942;-256.003;10:27:24
2009;29.6373;29.4338;-256.755;-256.254;-256.7;-256.895;-256.942;-256.011;10:27:25
2010;29.6373;29.4338;-256.755;-256.262;-256.7;-256.888;-256.942;-256.003;10:27:25
2011;29.6373;29.4338;-256.755;-256.262;-256.7;-256.895;-256.942;-256.003;10:27:26
2012;29.6412;29.4416;-256.751;-256.262;-256.7;-256.895;-256.935;-256.003;10:27:26
2013;29.6412;29.4416;-256.751;-256.262;-256.708;-256.895;-256.95;-256.003;10:27:27
2014;29.6373;29.4338;-256.755;-256.262;-256.7;-256.888;-256.942;-256.003;10:27:27
2015;29.6373;29.4338;-256.755;-256.262;-256.708;-256.895;-256.95;-256.003;10:27:28
2016;29.6412;29.4416;-256.755;-256.262;-256.7;-256.903;-256.942;-256.003;10:27:28
2017;29.6412;29.4338;-256.751;-256.262;-256.692;-256.888;-256.95;-256.011;10:27:29
2018;29.6412;29.4416;-256.755;-256.262;-256.7;-256.895;-256.958;-256.003;10:27:29
2019;29.6373;29.4338;-256.755;-256.262;-256.7;-256.903;-256.942;-256.003;10:27:30
2020;29.6451;29.4416;-256.758;-256.262;-256.7;-256.895;-256.942;-256.011;10:27:30
2021;29.6412;29.4338;-256.755;-256.254;-256.7;-256.888;-256.95;-256.003;10:27:31
2022;29.6373;29.4416;-256.758;-256.262;-256.708;-256.895;-256.942;-256.003;10:27:31
2023;29.6451;29.4495;-256.755;-256.254;-256.708;-256.903;-256.95;-256.003;10:27:32
2024;29.6451;29.4416;-256.755;-256.262;-256.7;-256.895;-256.935;-256.011;10:27:32
2025;29.6412;29.4495;-256.755;-256.254;-256.7;-256.888;-256.942;-256.003;10:27:33
2026;29.6451;29.4495;-256.755;-256.254;-256.7;-256.903;-256.95;-256.011;10:27:33
2027;29.6451;29.4495;-256.751;-256.25;-256.7;-256.895;-256.942;-256.003;10:27:34
2028;29.6451;29.4416;-256.755;-256.254;-256.708;-256.895;-256.942;-256.003;10:27:34
2029;29.6412;29.4338;-256.751;-256.25;-256.7;-256.903;-256.942;-256.003;10:27:35
2030;29.6451;29.4416;-256.751;-256.254;-256.708;-256.895;-256.942;-256.003;10:27:35
2031;29.6412;29.4416;-256.751;-256.254;-256.7;-256.888;-256.942;-255.996;10:27:36
2032;29.6412;29.4416;-256.755;-256.254;-256.708;-256.895;-256.935;-255.996;10:27:36
2033;29.6451;29.4338;-256.751;-256.25;-256.708;-256.888;-256.942;-255.996;10:27:37
2034;29.6373;29.4416;-256.751;-256.254;-256.708;-256.888;-256.942;-255.996;10:27:37
2035;29.6412;29.4416;-256.751;-256.25;-256.708;-256.888;-256.935;-256.003;10:27:38
2036;29.6373;29.4495;-256.751;-256.254;-256.708;-256.895;-256.935;-256.003;10:27:38
2037;29.6412;29.4416;-256.751;-256.25;-256.708;-256.888;-256.942;-255.996;10:27:39
2038;29.6373;29.4573;-256.751;-256.254;-256.708;-256.888;-256.942;-256.003;10:27:39
2039;29.6412;29.4573;-256.751;-256.254;-256.708;-256.888;-256.935;-256.003;10:27:40
2040;29.6412;29.4573;-256.751;-256.254;-256.708;-256.888;-256.942;-256.003;10:27:40
2041;29.6412;29.4573;-256.747;-256.254;-256.708;-256.895;-256.95;-256.003;10:27:41
2042;29.6412;29.4573;-256.751;-256.254;-256.708;-256.88;-256.942;-256.003;10:27:41
2043;29.649;29.4612;-256.751;-256.258;-256.708;-256.888;-256.942;-256.003;10:27:42
2044;29.6412;29.4612;-256.755;-256.254;-256.7;-256.895;-256.942;-256.011;10:27:42
2045;29.6451;29.4612;-256.747;-256.254;-256.708;-256.88;-256.95;-256.003;10:27:43
2046;29.6451;29.4573;-256.751;-256.25;-256.708;-256.888;-256.942;-256.003;10:27:43
2047;29.6451;29.4651;-256.751;-256.254;-256.708;-256.888;-256.942;-256.003;10:27:44
2048;29.6451;29.4573;-256.751;-256.262;-256.708;-256.88;-256.95;-256.003;10:27:44
2049;29.6412;29.4612;-256.751;-256.254;-256.708;-256.888;-256.942;-255.996;10:27:45
2050;29.6451;29.4651;-256.751;-256.254;-256.708;-256.888;-256.95;-256.003;10:27:45
2051;29.6451;29.4612;-256.755;-256.25;-256.708;-256.888;-256.935;-255.996;10:27:46
2052;29.6529;29.4573;-256.755;-256.258;-256.715;-256.895;-256.942;-256.003;10:27:46
2053;29.649;29.4612;-256.755;-256.25;-256.715;-256.888;-256.935;-256.003;10:27:47
2054;29.649;29.4612;-256.751;-256.25;-256.708;-256.895;-256.95;-255.996;10:27:47
2055;29.649;29.4612;-256.751;-256.254;-256.708;-256.888;-256.95;-256.003;10:27:48
2056;29.649;29.4651;-256.751;-256.25;-256.708;-256.895;-256.942;-256.003;10:27:48
2057;29.649;29.4651;-256.751;-256.246;-256.715;-256.888;-256.95;-256.003;10:27:49
2058;29.649;29.4651;-256.747;-256.254;-256.708;-256.888;-256.942;-256.003;10:27:49
2059;29.649;29.4651;-256.751;-256.246;-256.708;-256.895;-256.942;-255.996;10:27:50
2060;29.6451;29.4651;-256.755;-256.25;-256.715;-256.895;-256.942;-256.003;10:27:50
2061;29.6451;29.4651;-256.751;-256.25;-256.708;-256.888;-256.95;-255.996;10:27:51
2062;29.6412;29.4612;-256.755;-256.246;-256.708;-256.888;-256.95;-256.003;10:27:51
2063;29.6412;29.4651;-256.751;-256.25;-256.715;-256.895;-256.935;-256.003;10:27:52
2064;29.6451;29.469;-256.755;-256.25;-256.708;-256.895;-256.942;-256.003;10:27:52
2065;29.649;29.4651;-256.751;-256.25;-256.708;-256.888;-256.942;-256.003;10:27:53
2066;29.6451;29.4651;-256.751;-256.25;-256.715;-256.888;-256.942;-256.003;10:27:53
2067;29.649;29.469;-256.755;-256.25;-256.708;-256.895;-256.942;-255.996;10:27:54
2068;29.6451;29.4651;-256.755;-256.25;-256.708;-256.888;-256.942;-255.988;10:27:54
2069;29.649;29.4651;-256.755;-256.25;-256.715;-256.888;-256.942;-255.996;10:27:55
2070;29.6451;29.4651;-256.751;-256.25;-256.715;-256.895;-256.935;-255.996;10:27:55
2071;29.649;29.4651;-256.755;-256.25;-256.708;-256.888;-256.942;-255.996;10:27:56
2072;29.649;29.469;-256.755;-256.25;-256.715;-256.888;-256.935;-255.996;10:27:56
2073;29.649;29.4651;-256.755;-256.246;-256.715;-256.888;-256.942;-255.996;10:27:57
2074;29.6451;29.469;-256.755;-256.25;-256.715;-256.895;-256.95;-255.996;10:27:57
2075;29.6451;29.4651;-256.755;-256.254;-256.708;-256.895;-256.95;-255.996;10:27:58
2076;29.6529;29.4651;-256.755;-256.254;-256.715;-256.895;-256.95;-255.996;10:27:58
2077;29.649;29.4651;-256.758;-256.25;-256.708;-256.888;-256.958;-255.996;10:27:59
2078;29.649;29.4612;-256.755;-256.254;-256.708;-256.895;-256.95;-255.996;10:27:59
2079;29.649;29.4651;-256.755;-256.25;-256.708;-256.888;-256.942;-255.996;10:28:00
2080;29.649;29.4612;-256.755;-256.25;-256.708;-256.895;-256.942;-255.988;10:28:00
2081;29.6529;29.469;-256.755;-256.25;-256.708;-256.888;-256.95;-255.996;10:28:01
2082;29.649;29.469;-256.751;-256.254;-256.708;-256.895;-256.95;-255.988;10:28:01
2083;29.6529;29.469;-256.755;-256.25;-256.715;-256.895;-256.958;-255.996;10:28:02
2084;29.649;29.4651;-256.755;-256.254;-256.7;-256.903;-256.95;-255.996;10:28:02
2085;29.6529;29.4651;-256.751;-256.25;-256.715;-256.895;-256.958;-255.996;10:28:03
2086;29.6529;29.4651;-256.751;-256.254;-256.708;-256.903;-256.95;-255.996;10:28:03
2087;29.6529;29.469;-256.755;-256.25;-256.708;-256.895;-256.942;-255.996;10:28:04
2088;29.6529;29.4651;-256.751;-256.25;-256.715;-256.895;-256.942;-255.996;10:28:04
2089;29.6607;29.4651;-256.751;-256.254;-256.708;-256.903;-256.95;-255.996;10:28:05
2090;29.6607;29.4651;-256.751;-256.25;-256.708;-256.895;-256.942;-255.996;10:28:05
2091;29.6607;29.469;-256.755;-256.254;-256.7;-256.903;-256.942;-255.996;10:28:06
2092;29.6607;29.469;-256.751;-256.25;-256.708;-256.903;-256.942;-255.996;10:28:06
2093;29.6529;29.4651;-256.751;-256.25;-256.7;-256.903;-256.935;-255.996;10:28:07
2094;29.6529;29.4651;-256.751;-256.25;-256.708;-256.895;-256.942;-255.996;10:28:07
2095;29.6607;29.469;-256.755;-256.25;-256.715;-256.895;-256.935;-256.003;10:28:08
2096;29.6607;29.4651;-256.755;-256.25;-256.708;-256.903;-256.935;-256.003;10:28:08
2097;29.6607;29.469;-256.758;-256.254;-256.7;-256.895;-256.935;-256.003;10:28:09
2098;29.6607;29.4651;-256.755;-256.254;-256.708;-256.895;-256.942;-256.003;10:28:09
2099;29.6686;29.469;-256.751;-256.25;-256.708;-256.903;-256.935;-255.996;10:28:10
2100;29.6607;29.469;-256.755;-256.254;-256.708;-256.903;-256.935;-256.003;10:28:10
2101;29.6529;29.469;-256.751;-256.25;-256.715;-256.903;-256.935;-255.996;10:28:11
2102;29.6607;29.469;-256.751;-256.25;-256.708;-256.895;-256.927;-256.003;10:28:11
2103;29.6607;29.469;-256.751;-256.25;-256.715;-256.903;-256.942;-256.003;10:28:12
2104;29.6607;29.469;-256.751;-256.25;-256.7;-256.903;-256.942;-255.996;10:28:12
2105;29.6607;29.4651;-256.755;-256.25;-256.708;-256.895;-256.935;-255.996;10:28:13
2106;29.6529;29.4651;-256.755;-256.25;-256.708;-256.903;-256.95;-256.003;10:28:13
2107;29.6686;29.469;-256.755;-256.25;-256.7;-256.895;-256.935;-256.003;10:28:14
2108;29.6607;29.4729;-256.751;-256.254;-256.708;-256.903;-256.942;-256.003;10:28:14
2109;29.6686;29.469;-256.751;-256.25;-256.708;-256.895;-256.95;-255.996;10:28:15
2110;29.6607;29.469;-256.751;-256.25;-256.708;-256.895;-256.942;-255.996;10:28:15
2111;29.6686;29.469;-256.751;-256.25;-256.708;-256.903;-256.942;-256.003;10:28:16
2112;29.6686;29.469;-256.751;-256.25;-256.7;-256.903;-256.942;-256.003;10:28:16
2113;29.6607;29.4651;-256.751;-256.254;-256.708;-256.895;-256.942;-256.003;10:28:17
2114;29.6686;29.469;-256.751;-256.25;-256.708;-256.895;-256.942;-256.003;10:28:17
2115;29.6686;29.4651;-256.751;-256.25;-256.708;-256.895;-256.942;-256.003;10:28:18
2116;29.6764;29.4651;-256.751;-256.25;-256.708;-256.895;-256.95;-256.003;10:28:18
2117;29.6686;29.469;-256.751;-256.254;-256.708;-256.895;-256.942;-256.003;10:28:19
2118;29.6686;29.4651;-256.747;-256.254;-256.708;-256.895;-256.958;-255.996;10:28:19
2119;29.6686;29.4651;-256.751;-256.25;-256.708;-256.911;-256.942;-256.003;10:28:20
2120;29.6686;29.4651;-256.747;-256.25;-256.708;-256.895;-256.95;-255.996;10:28:20
2121;29.6686;29.4651;-256.747;-256.254;-256.708;-256.903;-256.95;-256.003;10:28:21
2122;29.6686;29.4651;-256.751;-256.254;-256.708;-256.903;-256.942;-256.003;10:28:21
2123;29.6764;29.4612;-256.751;-256.258;-256.708;-256.903;-256.942;-255.996;10:28:22
2124;29.6686;29.469;-256.755;-256.254;-256.708;-256.903;-256.942;-256.003;10:28:22
2125;29.6764;29.4651;-256.755;-256.254;-256.7;-256.911;-256.95;-256.003;10:28:23
2126;29.6764;29.469;-256.755;-256.254;-256.7;-256.895;-256.942;-255.996;10:28:23
2127;29.6764;29.469;-256.758;-256.254;-256.7;-256.911;-256.942;-256.003;10:28:24
2128;29.6764;29.469;-256.751;-256.254;-256.7;-256.903;-256.942;-255.996;10:28:24
2129;29.6764;29.4651;-256.755;-256.25;-256.7;-256.895;-256.95;-255.996;10:28:25
2130;29.6686;29.469;-256.755;-256.25;-256.708;-256.895;-256.958;-255.996;10:28:25
2131;29.6842;29.469;-256.755;-256.254;-256.7;-256.903;-256.95;-256.003;10:28:26
2132;29.6842;29.4729;-256.755;-256.25;-256.708;-256.895;-256.942;-255.996;10:28:26
2133;29.6764;29.469;-256.751;-256.25;-256.7;-256.895;-256.942;-256.003;10:28:27
2134;29.6842;29.4729;-256.755;-256.25;-256.708;-256.888;-256.95;-255.996;10:28:27
2135;29.6764;29.469;-256.755;-256.254;-256.708;-256.903;-256.935;-256.003;10:28:28
2136;29.6764;29.4729;-256.751;-256.25;-256.708;-256.903;-256.942;-256.003;10:28:28
2137;29.6764;29.469;-256.755;-256.25;-256.7;-256.903;-256.95;-256.003;10:28:29
2138;29.6764;29.4651;-256.755;-256.25;-256.7;-256.895;-256.95;-256.003;10:28:29
2139;29.6842;29.469;-256.751;-256.25;-256.7;-256.903;-256.935;-256.003;10:28:30
2140;29.6764;29.4651;-256.755;-256.25;-256.708;-256.895;-256.942;-256.003;10:28:30
2141;29.6764;29.469;-256.755;-256.254;-256.708;-256.903;-256.942;-255.996;10:28:31
2142;29.6842;29.469;-256.755;-256.25;-256.7;-256.903;-256.95;-256.003;10:28:31
2143;29.6842;29.4729;-256.751;-256.254;-256.7;-256.895;-256.942;-256.003;10:28:32
2144;29.6842;29.469;-256.751;-256.25;-256.708;-256.903;-256.942;-256.003;10:28:32
2145;29.6842;29.4729;-256.755;-256.25;-256.708;-256.895;-256.95;-256.003;10:28:33
2146;29.6842;29.4729;-256.751;-256.25;-256.7;-256.903;-256.942;-256.003;10:28:33
2147;29.6764;29.469;-256.751;-256.254;-256.7;-256.895;-256.935;-256.003;10:28:34
2148;29.6842;29.4729;-256.751;-256.25;-256.7;-256.903;-256.942;-256.003;10:28:34
2149;29.6764;29.4729;-256.751;-256.254;-256.708;-256.895;-256.942;-256.003;10:28:35
2150;29.6842;29.4729;-256.751;-256.25;-256.7;-256.895;-256.95;-256.003;10:28:35
2151;29.692;29.4769;-256.751;-256.25;-256.708;-256.903;-256.935;-256.003;10:28:36
2152;29.6842;29.4729;-256.751;-256.254;-256.7;-256.895;-256.942;-256.011;10:28:36
2153;29.692;29.4729;-256.755;-256.25;-256.708;-256.895;-256.95;-256.003;10:28:37
2154;29.6842;29.4729;-256.755;-256.25;-256.708;-256.888;-256.942;-256.011;10:28:37
2155;29.6999;29.4729;-256.751;-256.254;-256.708;-256.895;-256.95;-256.003;10:28:38
2156;29.692;29.4769;-256.755;-256.254;-256.7;-256.888;-256.942;-256.003;10:28:38
2157;29.6999;29.4729;-256.751;-256.254;-256.708;-256.888;-256.95;-256.011;10:28:39
2158;29.692;29.4729;-256.751;-256.254;-256.708;-256.888;-256.95;-256.003;10:28:39
2159;29.6999;29.4847;-256.751;-256.25;-256.708;-256.895;-256.958;-255.996;10:28:40
2160;29.692;29.4729;-256.751;-256.25;-256.708;-256.895;-256.95;-256.011;10:28:40
2161;29.692;29.4808;-256.751;-256.25;-256.708;-256.888;-256.942;-256.003;10:28:41
2162;29.692;29.4769;-256.755;-256.25;-256.708;-256.888;-256.95;-256.003;10:28:41
2163;29.6842;29.4769;-256.751;-256.25;-256.708;-256.888;-256.942;-256.003;10:28:42
2164;29.6999;29.4769;-256.751;-256.254;-256.708;-256.888;-256.942;-256.003;10:28:42
2165;29.692;29.4769;-256.751;-256.254;-256.708;-256.888;-256.942;-256.003;10:28:43
2166;29.692;29.4769;-256.751;-256.254;-256.708;-256.888;-256.95;-255.996;10:28:43
2167;29.692;29.4729;-256.751;-256.25;-256.7;-256.888;-256.942;-255.996;10:28:44
2168;29.6842;29.4769;-256.751;-256.254;-256.708;-256.888;-256.942;-256.003;10:28:44
2169;29.6842;29.4769;-256.755;-256.25;-256.708;-256.888;-256.942;-256.003;10:28:45
2170;29.6842;29.4769;-256.751;-256.254;-256.715;-256.88;-256.942;-255.996;10:28:45
2171;29.6842;29.4769;-256.751;-256.25;-256.708;-256.888;-256.942;-256.011;10:28:46
2172;29.6842;29.4769;-256.751;-256.25;-256.708;-256.888;-256.935;-255.996;10:28:46
2173;29.6842;29.4769;-256.755;-256.25;-256.715;-256.895;-256.95;-256.011;10:28:47
2174;29.692;29.4769;-256.755;-256.25;-256.708;-256.888;-256.95;-255.996;10:28:47
2175;29.6842;29.4847;-256.755;-256.254;-256.708;-256.895;-256.935;-256.003;10:28:48
2176;29.692;29.4769;-256.751;-256.25;-256.708;-256.895;-256.942;-256.003;10:28:48
2177;29.6842;29.4925;-256.755;-256.25;-256.7;-256.888;-256.942;-256.003;10:28:49
2178;29.6842;29.4847;-256.751;-256.25;-256.708;-256.888;-256.935;-255.996;10:28:49
2179;29.692;29.4847;-256.755;-256.25;-256.708;-256.895;-256.942;-256.011;10:28:50
2180;29.692;29.4847;-256.751;-256.254;-256.7;-256.895;-256.942;-256.003;10:28:50
2181;29.6842;29.4847;-256.751;-256.25;-256.708;-256.895;-256.942;-256.011;10:28:51
2182;29.6842;29.4847;-256.747;-256.254;-256.7;-256.888;-256.942;-255.996;10:28:51
2183;29.6842;29.4925;-256.751;-256.25;-256.7;-256.895;-256.958;-256.011;10:28:52
2184;29.6842;29.4847;-256.751;-256.254;-256.708;-256.895;-256.942;-255.996;10:28:52
2185;29.6842;29.4847;-256.747;-256.25;-256.7;-256.895;-256.942;-256.003;10:28:53
2186;29.6842;29.4847;-256.751;-256.254;-256.7;-256.895;-256.95;-256.003;10:28:53
2187;29.6842;29.4847;-256.751;-256.25;-256.7;-256.895;-256.942;-256.003;10:28:54
2188;29.692;29.4847;-256.751;-256.262;-256.708;-256.895;-256.935;-256.003;10:28:54
2189;29.6842;29.4847;-256.755;-256.254;-256.708;-256.888;-256.95;-255.996;10:28:55
2190;29.692;29.4847;-256.751;-256.254;-256.708;-256.888;-256.935;-256.003;10:28:55
2191;29.692;29.4769;-256.751;-256.254;-256.692;-256.895;-256.942;-256.003;10:28:56
2192;29.692;29.4925;-256.747;-256.254;-256.7;-256.895;-256.935;-255.996;10:28:56
2193;29.692;29.4847;-256.755;-256.254;-256.7;-256.895;-256.95;-256.003;10:28:57
2194;29.692;29.4769;-256.751;-256.25;-256.708;-256.895;-256.942;-255.988;10:28:57
2195;29.692;29.4847;-256.751;-256.254;-256.7;-256.895;-256.942;-256.003;10:28:58
2196;29.6999;29.4847;-256.755;-256.25;-256.7;-256.895;-256.95;-256.003;10:28:59
2197;29.692;29.4847;-256.751;-256.25;-256.7;-256.895;-256.95;-256.003;10:28:59
2198;29.692;29.4847;-256.755;-256.254;-256.708;-256.888;-256.942;-256.003;10:28:59
2199;29.6999;29.4847;-256.751;-256.254;-256.7;-256.895;-256.942;-255.996;10:29:00
2200;29.6999;29.4847;-256.747;-256.254;-256.692;-256.895;-256.942;-256.003;10:29:00
2201;29.7077;29.4925;-256.747;-256.254;-256.7;-256.895;-256.942;-256.003;10:29:01
2202;29.7077;29.4847;-256.751;-256.254;-256.7;-256.895;-256.95;-256.003;10:29:01
2203;29.7077;29.4847;-256.747;-256.254;-256.7;-256.895;-256.935;-256.003;10:29:02
2204;29.6999;29.4925;-256.747;-256.254;-256.7;-256.895;-256.942;-256.011;10:29:03
2205;29.6999;29.4847;-256.747;-256.254;-256.708;-256.895;-256.95;-256.011;10:29:03
2206;29.692;29.4847;-256.747;-256.254;-256.7;-256.888;-256.95;-256.011;10:29:03
2207;29.6999;29.4925;-256.743;-256.254;-256.7;-256.888;-256.95;-256.011;10:29:04
2208;29.6999;29.4847;-256.747;-256.262;-256.692;-256.895;-256.95;-256.019;10:29:05
2209;29.692;29.4925;-256.747;-256.254;-256.7;-256.895;-256.942;-256.011;10:29:05
2210;29.6999;29.5003;-256.747;-256.254;-256.708;-256.895;-256.95;-256.011;10:29:05
2211;29.6999;29.4925;-256.751;-256.25;-256.7;-256.888;-256.942;-256.011;10:29:06
2212;29.692;29.4925;-256.751;-256.254;-256.7;-256.895;-256.95;-256.011;10:29:06
2213;29.7077;29.5003;-256.747;-256.254;-256.7;-256.888;-256.95;-256.011;10:29:07
2214;29.6999;29.4925;-256.747;-256.254;-256.7;-256.895;-256.942;-256.011;10:29:07
2215;29.7077;29.4847;-256.747;-256.254;-256.7;-256.895;-256.942;-256.011;10:29:08
2216;29.7077;29.4925;-256.747;-256.254;-256.708;-256.895;-256.935;-256.011;10:29:08
2217;29.7077;29.4847;-256.747;-256.25;-256.7;-256.895;-256.95;-256.011;10:29:09
2218;29.7077;29.4925;-256.743;-256.254;-256.708;-256.888;-256.95;-256.011;10:29:10
2219;29.7077;29.5003;-256.747;-256.25;-256.7;-256.895;-256.942;-256.011;10:29:10
2220;29.7077;29.4925;-256.747;-256.262;-256.7;-256.895;-256.95;-256.011;10:29:11
2221;29.7077;29.5003;-256.751;-256.262;-256.708;-256.888;-256.935;-256.011;10:29:11
2222;29.7077;29.5003;-256.747;-256.254;-256.708;-256.888;-256.95;-256.011;10:29:12
2223;29.7155;29.5003;-256.747;-256.262;-256.7;-256.888;-256.95;-256.011;10:29:12
2224;29.7077;29.5003;-256.743;-256.254;-256.7;-256.895;-256.942;-256.003;10:29:13
2225;29.7077;29.5003;-256.747;-256.254;-256.708;-256.895;-256.95;-256.003;10:29:13
2226;29.7155;29.4925;-256.743;-256.254;-256.7;-256.888;-256.958;-256.011;10:29:13
2227;29.7155;29.4925;-256.747;-256.254;-256.7;-256.888;-256.942;-256.003;10:29:14
2228;29.7155;29.5003;-256.751;-256.262;-256.7;-256.895;-256.95;-256.003;10:29:14
2229;29.7155;29.5003;-256.747;-256.254;-256.708;-256.888;-256.942;-256.003;10:29:15
2230;29.7077;29.4925;-256.747;-256.254;-256.7;-256.888;-256.95;-256.011;10:29:15
2231;29.7155;29.5003;-256.751;-256.254;-256.708;-256.895;-256.942;-256.011;10:29:16
2232;29.7155;29.5003;-256.747;-256.254;-256.708;-256.895;-256.95;-256.003;10:29:17
2233;29.7155;29.5003;-256.747;-256.262;-256.708;-256.895;-256.95;-256.019;10:29:17
2234;29.7077;29.5003;-256.747;-256.254;-256.7;-256.888;-256.95;-256.003;10:29:18
2235;29.7155;29.5082;-256.747;-256.254;-256.7;-256.895;-256.95;-256.019;10:29:18
2236;29.7155;29.5082;-256.747;-256.262;-256.7;-256.888;-256.95;-256.003;10:29:19
2237;29.7077;29.5082;-256.747;-256.262;-256.708;-256.895;-256.942;-256.011;10:29:19
2238;29.7155;29.5082;-256.755;-256.254;-256.7;-256.895;-256.958;-256.003;10:29:20
2239;29.7077;29.5003;-256.751;-256.262;-256.692;-256.888;-256.95;-256.003;10:29:20
2240;29.7155;29.516;-256.755;-256.254;-256.7;-256.895;-256.95;-256.011;10:29:21
2241;29.7155;29.5082;-256.755;-256.254;-256.7;-256.895;-256.942;-256.003;10:29:21
2242;29.7155;29.516;-256.755;-256.254;-256.708;-256.888;-256.942;-256.003;10:29:22
2243;29.7077;29.516;-256.751;-256.254;-256.7;-256.895;-256.95;-256.003;10:29:22
2244;29.7155;29.516;-256.758;-256.254;-256.7;-256.895;-256.95;-256.011;10:29:23
2245;29.7155;29.516;-256.755;-256.254;-256.7;-256.888;-256.95;-256.003;10:29:23
2246;29.7233;29.5082;-256.751;-256.25;-256.7;-256.895;-256.95;-256.003;10:29:24
2247;29.7077;29.516;-256.755;-256.254;-256.708;-256.895;-256.942;-256.011;10:29:24
2248;29.7155;29.516;-256.751;-256.254;-256.692;-256.895;-256.95;-256.003;10:29:25
2249;29.7155;29.5082;-256.755;-256.254;-256.708;-256.895;-256.935;-256.011;10:29:25
2250;29.7077;29.5082;-256.755;-256.254;-256.7;-256.888;-256.942;-256.003;10:29:26
2251;29.7233;29.516;-256.755;-256.25;-256.708;-256.895;-256.95;-256.003;10:29:26
2252;29.7155;29.5082;-256.751;-256.258;-256.7;-256.895;-256.95;-256.011;10:29:27
2253;29.7155;29.516;-256.751;-256.254;-256.708;-256.888;-256.95;-256.003;10:29:27
2254;29.7077;29.5082;-256.751;-256.25;-256.7;-256.895;-256.95;-256.011;10:29:28
2255;29.7155;29.516;-256.751;-256.25;-256.7;-256.888;-256.942;-256.011;10:29:28
2256;29.7155;29.5082;-256.751;-256.254;-256.7;-256.895;-256.942;-256.011;10:29:29
2257;29.7155;29.516;-256.751;-256.25;-256.7;-256.888;-256.942;-256.011;10:29:29
2258;29.7233;29.5082;-256.755;-256.254;-256.7;-256.895;-256.95;-256.011;10:29:30
2259;29.7077;29.5082;-256.758;-256.25;-256.7;-256.888;-256.942;-256.011;10:29:30
2260;29.7155;29.5082;-256.755;-256.25;-256.7;-256.895;-256.942;-256.011;10:29:31
2261;29.7155;29.516;-256.758;-256.254;-256.7;-256.895;-256.942;-256.011;10:29:31
2262;29.7233;29.5082;-256.758;-256.25;-256.692;-256.888;-256.942;-256.003;10:29:32
2263;29.7155;29.516;-256.755;-256.254;-256.7;-256.888;-256.95;-256.011;10:29:32
2264;29.7233;29.5082;-256.755;-256.25;-256.708;-256.888;-256.942;-256.019;10:29:33
2265;29.7233;29.516;-256.755;-256.254;-256.7;-256.895;-256.942;-256.011;10:29:33
2266;29.7155;29.516;-256.758;-256.25;-256.7;-256.895;-256.942;-256.003;10:29:34
2267;29.7233;29.516;-256.755;-256.254;-256.7;-256.888;-256.935;-256.003;10:29:34
2268;29.7233;29.5238;-256.751;-256.254;-256.708;-256.895;-256.942;-256.011;10:29:35
2269;29.7312;29.516;-256.751;-256.254;-256.708;-256.888;-256.942;-256.011;10:29:35
2270;29.7155;29.5238;-256.751;-256.254;-256.708;-256.895;-256.942;-256.003;10:29:36
2271;29.7233;29.516;-256.755;-256.254;-256.7;-256.895;-256.935;-256.003;10:29:36
2272;29.7155;29.5238;-256.755;-256.25;-256.708;-256.895;-256.942;-256.011;10:29:37
2273;29.7233;29.5238;-256.751;-256.254;-256.708;-256.903;-256.935;-256.011;10:29:37
2274;29.7155;29.5238;-256.755;-256.254;-256.708;-256.895;-256.942;-256.003;10:29:38
2275;29.7155;29.516;-256.755;-256.254;-256.708;-256.888;-256.942;-256.003;10:29:38
2276;29.7233;29.5238;-256.755;-256.254;-256.708;-256.895;-256.935;-256.011;10:29:39
2277;29.7155;29.5238;-256.755;-256.258;-256.708;-256.895;-256.942;-256.003;10:29:39
2278;29.7155;29.5238;-256.751;-256.25;-256.7;-256.888;-256.958;-256.011;10:29:40
2279;29.7155;29.5238;-256.755;-256.258;-256.708;-256.895;-256.95;-256.003;10:29:40
2280;29.7155;29.5238;-256.751;-256.254;-256.7;-256.895;-256.935;-256.011;10:29:41
2281;29.7233;29.5238;-256.751;-256.254;-256.708;-256.895;-256.95;-256.003;10:29:41
2282;29.7233;29.5238;-256.755;-256.254;-256.7;-256.888;-256.95;-256.003;10:29:42
2283;29.7233;29.516;-256.755;-256.254;-256.708;-256.888;-256.942;-256.003;10:29:42
2284;29.7233;29.5238;-256.755;-256.25;-256.708;-256.895;-256.95;-256.011;10:29:43
2285;29.7312;29.5238;-256.751;-256.254;-256.708;-256.895;-256.95;-256.003;10:29:43
2286;29.7233;29.5238;-256.755;-256.254;-256.708;-256.895;-256.942;-256.011;10:29:44
2287;29.7312;29.516;-256.751;-256.25;-256.723;-256.888;-256.95;-256.003;10:29:44
2288;29.7233;29.5316;-256.751;-256.254;-256.708;-256.895;-256.942;-256.003;10:29:45
2289;29.7312;29.5238;-256.755;-256.25;-256.708;-256.903;-256.942;-256.011;10:29:45
2290;29.7233;29.516;-256.747;-256.25;-256.7;-256.895;-256.95;-256.003;10:29:46
2291;29.7312;29.5238;-256.751;-256.25;-256.708;-256.888;-256.95;-256.003;10:29:46
2292;29.739;29.5238;-256.747;-256.254;-256.708;-256.895;-256.942;-256.003;10:29:47
2293;29.7312;29.5316;-256.751;-256.25;-256.708;-256.895;-256.942;-256.011;10:29:47
2294;29.7233;29.5238;-256.747;-256.254;-256.708;-256.895;-256.942;-256.003;10:29:48
2295;29.7312;29.5238;-256.751;-256.254;-256.708;-256.895;-256.95;-256.011;10:29:48
2296;29.7312;29.5238;-256.747;-256.254;-256.708;-256.895;-256.942;-256.003;10:29:49
2297;29.7312;29.5238;-256.751;-256.254;-256.708;-256.895;-256.935;-256.003;10:29:49
2298;29.7233;29.5238;-256.747;-256.254;-256.708;-256.895;-256.95;-256.011;10:29:50
2299;29.7312;29.5238;-256.747;-256.25;-256.708;-256.895;-256.942;-256.011;10:29:50
2300;29.739;29.5316;-256.747;-256.254;-256.7;-256.903;-256.935;-256.003;10:29:51
2301;29.7312;29.5316;-256.743;-256.254;-256.708;-256.895;-256.95;-256.003;10:29:51
2302;29.739;29.5238;-256.751;-256.25;-256.708;-256.888;-256.95;-256.011;10:29:52
2303;29.7312;29.5238;-256.747;-256.254;-256.708;-256.895;-256.95;-256.011;10:29:52
2304;29.739;29.5238;-256.747;-256.254;-256.7;-256.895;-256.95;-256.003;10:29:53
2305;29.7312;29.5316;-256.747;-256.254;-256.708;-256.903;-256.95;-256.003;10:29:53
2306;29.739;29.5395;-256.747;-256.254;-256.7;-256.895;-256.95;-256.003;10:29:54
2307;29.739;29.5238;-256.747;-256.25;-256.708;-256.895;-256.95;-256.003;10:29:54
2308;29.7312;29.5395;-256.743;-256.254;-256.708;-256.903;-256.95;-256.011;10:29:55
2309;29.739;29.5316;-256.747;-256.254;-256.715;-256.895;-256.942;-256.003;10:29:55
2310;29.7468;29.5238;-256.743;-256.25;-256.7;-256.895;-256.95;-256.003;10:29:56
2311;29.739;29.5316;-256.739;-256.25;-256.708;-256.888;-256.942;-256.003;10:29:56
2312;29.7468;29.5316;-256.747;-256.254;-256.7;-256.895;-256.942;-256.011;10:29:57
2313;29.7468;29.5316;-256.743;-256.25;-256.708;-256.895;-256.935;-256.003;10:29:57
2314;29.7468;29.5238;-256.747;-256.254;-256.708;-256.888;-256.942;-256.003;10:29:58
2315;29.739;29.5316;-256.747;-256.254;-256.708;-256.895;-256.95;-256.003;10:29:58
2316;29.7468;29.5316;-256.735;-256.254;-256.7;-256.888;-256.942;-256.003;10:29:59
2317;29.7312;29.5316;-256.747;-256.254;-256.708;-256.895;-256.942;-256.003;10:29:59
2318;29.739;29.5316;-256.751;-256.254;-256.7;-256.888;-256.95;-255.996;10:30:00
2319;29.7468;29.5238;-256.747;-256.262;-256.692;-256.888;-256.95;-256.011;10:30:00
2320;29.739;29.5316;-256.747;-256.254;-256.692;-256.888;-256.95;-256.003;10:30:01
2321;29.7468;29.5316;-256.751;-256.254;-256.7;-256.895;-256.942;-256.003;10:30:01
2322;29.7312;29.5316;-256.747;-256.254;-256.7;-256.888;-256.95;-256.003;10:30:02
2323;29.739;29.5316;-256.751;-256.262;-256.692;-256.888;-256.95;-256.003;10:30:02
2324;29.7468;29.5316;-256.751;-256.254;-256.692;-256.895;-256.95;-256.011;10:30:03
2325;29.739;29.5316;-256.747;-256.262;-256.692;-256.888;-256.942;-256.003;10:30:03
2326;29.739;29.5316;-256.743;-256.254;-256.692;-256.888;-256.95;-256.011;10:30:04
2327;29.7468;29.5316;-256.747;-256.254;-256.7;-256.888;-256.942;-256.011;10:30:04
2328;29.7468;29.5316;-256.743;-256.254;-256.692;-256.888;-256.942;-256.011;10:30:05
2329;29.739;29.5316;-256.747;-256.254;-256.692;-256.903;-256.95;-256.011;10:30:05
2330;29.739;29.5316;-256.743;-256.254;-256.7;-256.888;-256.942;-256.003;10:30:06
2331;29.739;29.5395;-256.747;-256.254;-256.7;-256.888;-256.95;-256.011;10:30:06
2332;29.7468;29.5473;-256.747;-256.254;-256.692;-256.888;-256.95;-256.011;10:30:07
2333;29.7468;29.5395;-256.743;-256.254;-256.692;-256.88;-256.942;-256.011;10:30:07
2334;29.7468;29.5395;-256.743;-256.254;-256.7;-256.88;-256.95;-256.003;10:30:08
2335;29.7468;29.5395;-256.743;-256.258;-256.7;-256.88;-256.95;-256.003;10:30:08
2336;29.739;29.5395;-256.743;-256.254;-256.692;-256.88;-256.942;-256.011;10:30:09
2337;29.7468;29.5473;-256.743;-256.254;-256.7;-256.88;-256.942;-256.003;10:30:09
2338;29.739;29.5395;-256.743;-256.25;-256.7;-256.88;-256.942;-256.003;10:30:10
2339;29.7468;29.5395;-256.743;-256.254;-256.7;-256.88;-256.942;-256.011;10:30:10
2340;29.7468;29.5473;-256.747;-256.25;-256.7;-256.895;-256.942;-256.003;10:30:11
2341;29.7468;29.5473;-256.747;-256.25;-256.7;-256.888;-256.942;-256.003;10:30:11
2342;29.7468;29.5395;-256.747;-256.25;-256.7;-256.895;-256.95;-256.003;10:30:12
2343;29.7468;29.5473;-256.735;-256.254;-256.708;-256.888;-256.942;-256.003;10:30:12
2344;29.7468;29.5473;-256.747;-256.25;-256.7;-256.888;-256.942;-256.003;10:30:13
2345;29.7468;29.5395;-256.747;-256.25;-256.7;-256.888;-256.942;-256.003;10:30:13
2346;29.7468;29.5395;-256.751;-256.25;-256.7;-256.888;-256.95;-256.011;10:30:14
2347;29.7546;29.5395;-256.747;-256.25;-256.7;-256.88;-256.95;-256.003;10:30:14
2348;29.7546;29.5473;-256.751;-256.254;-256.7;-256.895;-256.935;-256.003;10:30:15
2349;29.7546;29.5395;-256.755;-256.25;-256.7;-256.888;-256.942;-256.011;10:30:15
2350;29.7546;29.5473;-256.755;-256.25;-256.7;-256.888;-256.935;-255.996;10:30:16
2351;29.7625;29.5395;-256.755;-256.254;-256.7;-256.888;-256.95;-256.003;10:30:16
2352;29.7546;29.5395;-256.747;-256.25;-256.7;-256.888;-256.935;-256.003;10:30:17
2353;29.7625;29.5395;-256.751;-256.25;-256.692;-256.888;-256.942;-256.003;10:30:17
2354;29.7468;29.5473;-256.751;-256.25;-256.7;-256.888;-256.95;-256.003;10:30:18
2355;29.7546;29.5395;-256.751;-256.254;-256.708;-256.888;-256.942;-255.996;10:30:18
2356;29.7468;29.5395;-256.755;-256.25;-256.7;-256.888;-256.935;-256.003;10:30:19
2357;29.7546;29.5473;-256.751;-256.25;-256.7;-256.88;-256.942;-256.003;10:30:19
2358;29.7546;29.5473;-256.755;-256.254;-256.7;-256.888;-256.942;-256.003;10:30:20
2359;29.7546;29.5473;-256.758;-256.254;-256.7;-256.888;-256.95;-256.003;10:30:20
2360;29.7546;29.5473;-256.751;-256.262;-256.7;-256.88;-256.935;-256.011;10:30:21
2361;29.7468;29.5473;-256.755;-256.254;-256.708;-256.888;-256.942;-256.003;10:30:21
2362;29.7546;29.5473;-256.755;-256.254;-256.708;-256.888;-256.942;-256.003;10:30:22
2363;29.7546;29.5473;-256.755;-256.254;-256.7;-256.888;-256.942;-255.996;10:30:22
2364;29.7546;29.5473;-256.751;-256.262;-256.708;-256.895;-256.935;-256.003;10:30:23
2365;29.7546;29.5473;-256.755;-256.254;-256.708;-256.888;-256.942;-256.003;10:30:23
2366;29.7546;29.5473;-256.751;-256.254;-256.708;-256.888;-256.942;-256.011;10:30:24
2367;29.7546;29.5395;-256.755;-256.254;-256.7;-256.888;-256.935;-256.003;10:30:24
2368;29.7546;29.5473;-256.751;-256.254;-256.7;-256.888;-256.935;-256.003;10:30:25
2369;29.7625;29.5395;-256.755;-256.262;-256.708;-256.888;-256.935;-256.003;10:30:25
2370;29.7625;29.5395;-256.751;-256.254;-256.7;-256.888;-256.935;-256.003;10:30:26
2371;29.7546;29.5473;-256.751;-256.262;-256.7;-256.888;-256.942;-255.996;10:30:26
2372;29.7625;29.5395;-256.747;-256.254;-256.708;-256.895;-256.935;-256.003;10:30:27
2373;29.7625;29.5395;-256.751;-256.262;-256.7;-256.888;-256.935;-256.003;10:30:27
2374;29.7546;29.5473;-256.755;-256.254;-256.708;-256.888;-256.942;-256.003;10:30:28
2375;29.7625;29.5473;-256.751;-256.262;-256.708;-256.895;-256.95;-256.003;10:30:28
2376;29.7625;29.5395;-256.751;-256.269;-256.7;-256.888;-256.935;-256.003;10:30:29
2377;29.7625;29.5473;-256.751;-256.262;-256.7;-256.895;-256.942;-256.003;10:30:29
2378;29.7625;29.5473;-256.751;-256.262;-256.708;-256.888;-256.942;-255.996;10:30:30
2379;29.7625;29.5473;-256.751;-256.262;-256.7;-256.888;-256.942;-256.003;10:30:30
2380;29.7625;29.5473;-256.755;-256.254;-256.7;-256.895;-256.942;-255.996;10:30:31
2381;29.7703;29.5551;-256.751;-256.262;-256.708;-256.895;-256.935;-256.003;10:30:31
2382;29.7625;29.5551;-256.751;-256.254;-256.7;-256.888;-256.942;-255.996;10:30:32
2383;29.7625;29.5629;-256.751;-256.262;-256.708;-256.895;-256.942;-255.996;10:30:32
2384;29.7625;29.5551;-256.747;-256.262;-256.7;-256.895;-256.942;-256.011;10:30:33
2385;29.7625;29.5629;-256.751;-256.262;-256.7;-256.895;-256.95;-256.003;10:30:33
2386;29.7625;29.5551;-256.751;-256.262;-256.7;-256.888;-256.942;-256.003;10:30:34
2387;29.7703;29.5629;-256.755;-256.262;-256.708;-256.888;-256.942;-256.003;10:30:34
2388;29.7625;29.5629;-256.755;-256.254;-256.708;-256.895;-256.942;-256.003;10:30:35
2389;29.7703;29.5629;-256.751;-256.262;-256.692;-256.888;-256.942;-256.003;10:30:35
2390;29.7625;29.5629;-256.755;-256.254;-256.708;-256.888;-256.942;-256.003;10:30:36
2391;29.7625;29.5629;-256.751;-256.262;-256.708;-256.888;-256.95;-256.011;10:30:36
2392;29.7625;29.5708;-256.751;-256.262;-256.708;-256.888;-256.942;-256.003;10:30:37
2393;29.7625;29.5708;-256.755;-256.254;-256.692;-256.903;-256.942;-256.003;10:30:37
2394;29.7703;29.5629;-256.755;-256.262;-256.7;-256.888;-256.942;-256.003;10:30:38
2395;29.7546;29.5629;-256.751;-256.262;-256.7;-256.895;-256.942;-256.003;10:30:38
2396;29.7703;29.5629;-256.751;-256.262;-256.692;-256.888;-256.935;-256.003;10:30:39
2397;29.7625;29.5551;-256.751;-256.262;-256.7;-256.888;-256.942;-256.011;10:30:39
2398;29.7625;29.5551;-256.747;-256.262;-256.7;-256.888;-256.95;-256.003;10:30:40
2399;29.7625;29.5551;-256.751;-256.262;-256.7;-256.888;-256.95;-256.003;10:30:40
2400;29.7625;29.5551;-256.747;-256.262;-256.7;-256.895;-256.95;-255.996;10:30:41
2401;29.7625;29.5629;-256.751;-256.254;-256.7;-256.888;-256.942;-256.011;10:30:41
2402;29.7546;29.5629;-256.747;-256.262;-256.7;-256.888;-256.95;-256.003;10:30:42
2403;29.7625;29.5629;-256.755;-256.254;-256.7;-256.888;-256.95;-256.003;10:30:42
2404;29.7546;29.5629;-256.751;-256.262;-256.7;-256.888;-256.942;-256.011;10:30:43
2405;29.7546;29.5629;-256.755;-256.262;-256.7;-256.888;-256.942;-256.011;10:30:43
2406;29.7703;29.5551;-256.751;-256.262;-256.708;-256.888;-256.95;-256.003;10:30:44
2407;29.7625;29.5708;-256.751;-256.254;-256.7;-256.888;-256.942;-256.003;10:30:44
2408;29.7703;29.5629;-256.751;-256.262;-256.7;-256.888;-256.942;-256.011;10:30:45
2409;29.7625;29.5629;-256.751;-256.254;-256.708;-256.895;-256.935;-256.011;10:30:45
2410;29.7625;29.5708;-256.755;-256.262;-256.7;-256.888;-256.95;-256.011;10:30:46
2411;29.7703;29.5629;-256.755;-256.254;-256.708;-256.895;-256.942;-256.011;10:30:46
2412;29.7625;29.5629;-256.751;-256.254;-256.7;-256.895;-256.935;-256.011;10:30:47
2413;29.7781;29.5629;-256.755;-256.262;-256.708;-256.895;-256.935;-256.011;10:30:47
2414;29.7703;29.5629;-256.751;-256.254;-256.708;-256.895;-256.95;-256.011;10:30:48
2415;29.7703;29.5551;-256.751;-256.262;-256.708;-256.888;-256.942;-256.011;10:30:48
2416;29.7781;29.5629;-256.751;-256.254;-256.708;-256.895;-256.942;-256.019;10:30:49
2417;29.7703;29.5629;-256.751;-256.262;-256.708;-256.895;-256.942;-256.003;10:30:49
2418;29.7781;29.5629;-256.751;-256.254;-256.7;-256.895;-256.942;-256.011;10:30:50
2419;29.7781;29.5629;-256.751;-256.262;-256.708;-256.895;-256.935;-256.003;10:30:50
2420;29.7781;29.5708;-256.755;-256.254;-256.7;-256.895;-256.935;-256.011;10:30:51
2421;29.7781;29.5629;-256.755;-256.262;-256.708;-256.895;-256.935;-256.011;10:30:51
2422;29.7781;29.5629;-256.755;-256.262;-256.692;-256.888;-256.935;-256.003;10:30:52
2423;29.7781;29.5629;-256.751;-256.254;-256.708;-256.888;-256.942;-256.003;10:30:52
2424;29.7781;29.5708;-256.751;-256.262;-256.7;-256.895;-256.942;-256.011;10:30:53
2425;29.7859;29.5629;-256.751;-256.254;-256.708;-256.903;-256.927;-256.011;10:30:53
2426;29.7703;29.5629;-256.755;-256.262;-256.7;-256.888;-256.942;-256.011;10:30:54
2427;29.7781;29.5629;-256.751;-256.254;-256.7;-256.895;-256.95;-256.003;10:30:54
2428;29.7781;29.5708;-256.751;-256.254;-256.7;-256.895;-256.935;-256.003;10:30:55
2429;29.7781;29.5629;-256.751;-256.262;-256.7;-256.895;-256.935;-256.003;10:30:55
2430;29.7781;29.5629;-256.751;-256.262;-256.7;-256.888;-256.942;-256.003;10:30:56
2431;29.7859;29.5708;-256.751;-256.262;-256.7;-256.895;-256.95;-256.003;10:30:56
2432;29.7859;29.5629;-256.747;-256.254;-256.708;-256.895;-256.942;-256.011;10:30:57
2433;29.7781;29.5708;-256.751;-256.258;-256.7;-256.895;-256.935;-256.011;10:30:57
2434;29.7859;29.5708;-256.751;-256.254;-256.708;-256.888;-256.95;-256.003;10:30:58
2435;29.7781;29.5708;-256.755;-256.254;-256.708;-256.888;-256.942;-256.011;10:30:58
2436;29.7781;29.5708;-256.751;-256.25;-256.7;-256.895;-256.942;-256.011;10:30:59
2437;29.7859;29.5708;-256.755;-256.25;-256.708;-256.895;-256.935;-256.011;10:30:59
2438;29.7781;29.5708;-256.755;-256.254;-256.708;-256.88;-256.95;-256.011;10:31:00
2439;29.7781;29.5708;-256.755;-256.25;-256.7;-256.888;-256.942;-256.011;10:31:00
2440;29.7859;29.5786;-256.751;-256.25;-256.7;-256.888;-256.935;-256.011;10:31:01
2441;29.7781;29.5708;-256.755;-256.254;-256.7;-256.888;-256.935;-256.003;10:31:01
2442;29.7781;29.5786;-256.755;-256.25;-256.7;-256.895;-256.942;-256.003;10:31:02
2443;29.7859;29.5786;-256.751;-256.254;-256.7;-256.888;-256.942;-256.003;10:31:02
2444;29.7781;29.5786;-256.758;-256.254;-256.7;-256.888;-256.942;-256.003;10:31:03
2445;29.7859;29.5708;-256.755;-256.25;-256.7;-256.895;-256.935;-256.011;10:31:03
2446;29.7781;29.5629;-256.755;-256.254;-256.708;-256.895;-256.942;-256.003;10:31:04
2447;29.7859;29.5708;-256.755;-256.254;-256.708;-256.895;-256.942;-256.003;10:31:04
2448;29.7938;29.5786;-256.755;-256.25;-256.708;-256.888;-256.942;-256.011;10:31:05
2449;29.7859;29.5708;-256.755;-256.254;-256.7;-256.895;-256.942;-256.003;10:31:05
2450;29.7938;29.5708;-256.751;-256.254;-256.708;-256.888;-256.942;-256.003;10:31:06
2451;29.7781;29.5629;-256.755;-256.254;-256.7;-256.895;-256.942;-256.003;10:31:06
2452;29.7859;29.5629;-256.751;-256.254;-256.708;-256.888;-256.942;-256.003;10:31:07
2453;29.7859;29.5708;-256.755;-256.254;-256.7;-256.88;-256.942;-256.011;10:31:07
2454;29.7781;29.5629;-256.751;-256.25;-256.7;-256.888;-256.942;-256.003;10:31:08
2455;29.7703;29.5629;-256.751;-256.254;-256.708;-256.88;-256.942;-256.003;10:31:08
2456;29.7859;29.5708;-256.751;-256.254;-256.708;-256.888;-256.935;-256.003;10:31:09
2457;29.7859;29.5708;-256.755;-256.262;-256.7;-256.888;-256.942;-256.003;10:31:09
2458;29.7859;29.5786;-256.751;-256.254;-256.708;-256.888;-256.942;-256.003;10:31:10
2459;29.7859;29.5786;-256.751;-256.262;-256.7;-256.88;-256.942;-256.003;10:31:10
2460;29.7781;29.5708;-256.751;-256.254;-256.708;-256.888;-256.942;-256.003;10:31:11
2461;29.7781;29.5786;-256.755;-256.262;-256.7;-256.888;-256.942;-256.003;10:31:11
2462;29.7859;29.5786;-256.751;-256.258;-256.708;-256.888;-256.942;-256.003;10:31:12
2463;29.7781;29.5708;-256.751;-256.262;-256.708;-256.895;-256.942;-256.003;10:31:12
2464;29.7859;29.5786;-256.751;-256.254;-256.708;-256.895;-256.942;-256.003;10:31:13
2465;29.7938;29.5786;-256.751;-256.262;-256.708;-256.895;-256.942;-256.011;10:31:13
2466;29.7859;29.5786;-256.751;-256.262;-256.708;-256.888;-256.95;-256.003;10:31:14
2467;29.8016;29.5786;-256.751;-256.262;-256.708;-256.895;-256.942;-256.003;10:31:14
2468;29.7938;29.5786;-256.755;-256.262;-256.708;-256.888;-256.95;-256.003;10:31:15
2469;29.7938;29.5786;-256.755;-256.262;-256.708;-256.903;-256.942;-256.003;10:31:15
2470;29.7938;29.5708;-256.751;-256.262;-256.708;-256.888;-256.95;-256.003;10:31:16
2471;29.8016;29.5708;-256.758;-256.262;-256.708;-256.888;-256.95;-256.003;10:31:16
2472;29.7938;29.5786;-256.751;-256.262;-256.7;-256.895;-256.942;-256.003;10:31:17
2473;29.7938;29.5864;-256.758;-256.262;-256.715;-256.888;-256.942;-256.011;10:31:17
2474;29.7938;29.5786;-256.755;-256.262;-256.7;-256.895;-256.95;-256.011;10:31:18
2475;29.8016;29.5864;-256.755;-256.262;-256.715;-256.888;-256.95;-256.011;10:31:18
2476;29.7938;29.5786;-256.755;-256.262;-256.708;-256.895;-256.942;-256.003;10:31:19
2477;29.8016;29.5864;-256.755;-256.254;-256.708;-256.895;-256.95;-256.011;10:31:19
2478;29.7938;29.5864;-256.751;-256.254;-256.7;-256.895;-256.95;-256.011;10:31:20
2479;29.8016;29.5786;-256.751;-256.254;-256.708;-256.895;-256.95;-256.011;10:31:20
2480;29.7938;29.5786;-256.747;-256.262;-256.7;-256.895;-256.942;-256.003;10:31:21
2481;29.7938;29.5864;-256.751;-256.254;-256.708;-256.895;-256.95;-256.003;10:31:21
2482;29.7938;29.5864;-256.747;-256.262;-256.7;-256.888;-256.95;-256.011;10:31:22
2483;29.7938;29.5864;-256.751;-256.262;-256.708;-256.895;-256.958;-256.003;10:31:22
2484;29.7938;29.5942;-256.747;-256.262;-256.7;-256.888;-256.942;-256.011;10:31:23
2485;29.7938;29.5942;-256.751;-256.262;-256.7;-256.888;-256.942;-256.003;10:31:23
2486;29.7938;29.5864;-256.751;-256.254;-256.708;-256.895;-256.95;-256.011;10:31:24
2487;29.7859;29.5942;-256.751;-256.254;-256.7;-256.888;-256.958;-256.003;10:31:24
2488;29.7859;29.5942;-256.751;-256.262;-256.708;-256.888;-256.95;-256.003;10:31:25
2489;29.7938;29.5942;-256.751;-256.254;-256.7;-256.895;-256.942;-256.011;10:31:25
2490;29.8016;29.5942;-256.755;-256.254;-256.7;-256.888;-256.942;-256.003;10:31:26
2491;29.7938;29.5942;-256.751;-256.254;-256.7;-256.888;-256.942;-256.003;10:31:26
2492;29.8016;29.5942;-256.755;-256.262;-256.7;-256.895;-256.942;-256.011;10:31:27
2493;29.8094;29.5942;-256.758;-256.269;-256.708;-256.895;-256.95;-256.003;10:31:27
2494;29.8016;29.5942;-256.751;-256.262;-256.7;-256.888;-256.95;-256.011;10:31:28
2495;29.8016;29.5942;-256.755;-256.269;-256.7;-256.895;-256.958;-256.003;10:31:28
2496;29.8016;29.6021;-256.755;-256.262;-256.708;-256.895;-256.95;-256.003;10:31:29
2497;29.8016;29.5942;-256.755;-256.262;-256.7;-256.895;-256.942;-256.003;10:31:29
2498;29.7938;29.6021;-256.755;-256.254;-256.708;-256.895;-256.942;-256.011;10:31:30
2499;29.8016;29.5864;-256.751;-256.262;-256.7;-256.888;-256.95;-256.003;10:31:30
2500;29.8094;29.5942;-256.755;-256.262;-256.7;-256.895;-256.942;-256.011;10:31:31
2501;29.8016;29.5942;-256.755;-256.262;-256.7;-256.895;-256.942;-256.011;10:31:31
2502;29.8094;29.5942;-256.758;-256.262;-256.7;-256.888;-256.95;-256.003;10:31:32
2503;29.7938;29.6021;-256.755;-256.262;-256.7;-256.895;-256.942;-256.011;10:31:32
2504;29.8094;29.5942;-256.755;-256.262;-256.7;-256.895;-256.95;-256.011;10:31:33
2505;29.8016;29.6021;-256.755;-256.269;-256.7;-256.895;-256.942;-256.003;10:31:33
2506;29.8016;29.5942;-256.755;-256.262;-256.7;-256.888;-256.95;-256.011;10:31:34
2507;29.8094;29.5942;-256.755;-256.262;-256.7;-256.888;-256.95;-256.003;10:31:34
2508;29.8094;29.5942;-256.751;-256.262;-256.692;-256.888;-256.95;-256.011;10:31:35
2509;29.8094;29.6021;-256.755;-256.262;-256.7;-256.895;-256.95;-256.011;10:31:35
2510;29.8172;29.5942;-256.747;-256.269;-256.7;-256.888;-256.95;-256.019;10:31:36
2511;29.8094;29.6021;-256.747;-256.262;-256.715;-256.888;-256.942;-256.011;10:31:36
2512;29.8094;29.5864;-256.747;-256.262;-256.7;-256.888;-256.942;-256.011;10:31:37
2513;29.8094;29.6021;-256.751;-256.269;-256.708;-256.888;-256.935;-256.011;10:31:37
2514;29.8172;29.6021;-256.751;-256.262;-256.708;-256.888;-256.95;-256.011;10:31:38
2515;29.8094;29.5864;-256.751;-256.269;-256.715;-256.888;-256.95;-256.011;10:31:38
2516;29.8172;29.6021;-256.755;-256.269;-256.708;-256.888;-256.942;-256.003;10:31:39
2517;29.8094;29.6099;-256.751;-256.262;-256.7;-256.888;-256.935;-256.011;10:31:39
2518;29.8172;29.6021;-256.751;-256.269;-256.708;-256.888;-256.942;-256.003;10:31:40
2519;29.8016;29.6099;-256.751;-256.269;-256.708;-256.888;-256.942;-256.011;10:31:40
2520;29.8094;29.5942;-256.747;-256.262;-256.708;-256.888;-256.942;-256.011;10:31:41
2521;29.8094;29.5942;-256.747;-256.269;-256.708;-256.895;-256.935;-256.003;10:31:41
2522;29.8016;29.6021;-256.735;-256.269;-256.708;-256.888;-256.95;-256.003;10:31:42
2523;29.8172;29.6021;-256.743;-256.269;-256.708;-256.88;-256.935;-256.011;10:31:42
2524;29.8094;29.6021;-256.747;-256.269;-256.708;-256.888;-256.942;-256.011;10:31:43
2525;29.8094;29.6021;-256.747;-256.269;-256.708;-256.888;-256.942;-256.011;10:31:43
2526;29.8094;29.6021;-256.747;-256.269;-256.708;-256.888;-256.95;-256.011;10:31:44
2527;29.8172;29.6021;-256.747;-256.262;-256.715;-256.88;-256.942;-256.011;10:31:44
2528;29.8094;29.5942;-256.751;-256.262;-256.708;-256.888;-256.942;-256.019;10:31:45
2529;29.8251;29.6021;-256.747;-256.262;-256.708;-256.888;-256.935;-256.011;10:31:45
2530;29.8172;29.5864;-256.747;-256.262;-256.7;-256.888;-256.935;-256.003;10:31:46
2531;29.8172;29.6021;-256.747;-256.262;-256.7;-256.888;-256.95;-256.011;10:31:46
2532;29.8172;29.5942;-256.751;-256.262;-256.708;-256.888;-256.95;-256.019;10:31:47
2533;29.8172;29.6021;-256.751;-256.262;-256.7;-256.895;-256.942;-256.019;10:31:47
2534;29.8172;29.5942;-256.747;-256.269;-256.7;-256.888;-256.942;-256.011;10:31:48
2535;29.8172;29.6021;-256.747;-256.262;-256.708;-256.888;-256.942;-256.019;10:31:48
2536;29.8172;29.6021;-256.743;-256.262;-256.7;-256.888;-256.942;-256.011;10:31:49
2537;29.8251;29.6021;-256.747;-256.269;-256.7;-256.895;-256.935;-256.019;10:31:49
2538;29.8172;29.5942;-256.743;-256.262;-256.708;-256.895;-256.942;-256.011;10:31:50
2539;29.8094;29.6021;-256.747;-256.262;-256.7;-256.895;-256.942;-256.011;10:31:50
2540;29.8094;29.5942;-256.755;-256.262;-256.7;-256.888;-256.95;-256.011;10:31:51
2541;29.8172;29.6021;-256.751;-256.269;-256.708;-256.888;-256.942;-256.019;10:31:51
2542;29.8172;29.6021;-256.751;-256.269;-256.708;-256.888;-256.95;-256.011;10:31:52
2543;29.8094;29.6021;-256.755;-256.262;-256.7;-256.895;-256.95;-256.011;10:31:52
2544;29.8172;29.6021;-256.755;-256.269;-256.7;-256.888;-256.95;-256.011;10:31:53
2545;29.8094;29.6021;-256.751;-256.262;-256.7;-256.888;-256.95;-256.011;10:31:53
2546;29.8172;29.6021;-256.751;-256.262;-256.708;-256.895;-256.942;-256.011;10:31:54
2547;29.8172;29.6021;-256.751;-256.262;-256.7;-256.888;-256.95;-256.011;10:31:54
2548;29.8172;29.5942;-256.751;-256.262;-256.7;-256.888;-256.95;-256.011;10:31:55
2549;29.8172;29.6021;-256.751;-256.269;-256.7;-256.895;-256.942;-256.003;10:31:55
2550;29.8172;29.6099;-256.755;-256.269;-256.708;-256.903;-256.942;-256.019;10:31:56
2551;29.8172;29.6021;-256.751;-256.262;-256.7;-256.895;-256.95;-256.011;10:31:56
2552;29.8094;29.6021;-256.755;-256.269;-256.708;-256.895;-256.942;-256.011;10:31:57
2553;29.8172;29.6099;-256.755;-256.262;-256.7;-256.895;-256.95;-256.011;10:31:57
2554;29.8094;29.6021;-256.755;-256.269;-256.708;-256.888;-256.95;-256.003;10:31:58
2555;29.8094;29.5942;-256.755;-256.262;-256.708;-256.888;-256.942;-256.011;10:31:58
2556;29.8172;29.6099;-256.755;-256.269;-256.708;-256.895;-256.95;-256.011;10:31:59
2557;29.8172;29.6021;-256.755;-256.262;-256.708;-256.895;-256.942;-256.011;10:31:59
2558;29.8251;29.6099;-256.758;-256.262;-256.708;-256.888;-256.95;-256.011;10:32:00
2559;29.8172;29.6021;-256.755;-256.262;-256.708;-256.888;-256.958;-256.003;10:32:00
2560;29.8172;29.6099;-256.755;-256.254;-256.708;-256.888;-256.95;-256.003;10:32:01
2561;29.8172;29.6021;-256.755;-256.254;-256.708;-256.895;-256.942;-256.003;10:32:01
2562;29.8172;29.6021;-256.755;-256.254;-256.7;-256.895;-256.95;-256.003;10:32:02
2563;29.8251;29.6021;-256.751;-256.262;-256.708;-256.888;-256.95;-256.003;10:32:02
2564;29.8172;29.6021;-256.751;-256.262;-256.7;-256.888;-256.942;-256.011;10:32:03
2565;29.8251;29.6099;-256.755;-256.262;-256.708;-256.895;-256.942;-256.003;10:32:03
2566;29.8172;29.6099;-256.747;-256.262;-256.708;-256.888;-256.95;-256.003;10:32:04
2567;29.8251;29.6099;-256.751;-256.262;-256.7;-256.888;-256.958;-256.003;10:32:04
2568;29.8251;29.6099;-256.755;-256.262;-256.708;-256.895;-256.958;-256.003;10:32:05
2569;29.8251;29.6099;-256.751;-256.269;-256.7;-256.895;-256.95;-256.003;10:32:05
2570;29.8251;29.6177;-256.751;-256.269;-256.7;-256.895;-256.942;-256.003;10:32:06
2571;29.8172;29.6021;-256.751;-256.262;-256.708;-256.888;-256.958;-256.003;10:32:06
2572;29.8251;29.6099;-256.747;-256.262;-256.708;-256.888;-256.95;-256.011;10:32:07
2573;29.8251;29.6177;-256.751;-256.262;-256.7;-256.895;-256.95;-256.003;10:32:07
2574;29.8251;29.6099;-256.747;-256.254;-256.708;-256.888;-256.95;-256.011;10:32:08
2575;29.8094;29.6177;-256.751;-256.262;-256.7;-256.888;-256.95;-256.011;10:32:08
2576;29.8251;29.6177;-256.747;-256.262;-256.708;-256.895;-256.95;-256.003;10:32:09
2577;29.8172;29.6099;-256.751;-256.262;-256.708;-256.888;-256.942;-256.011;10:32:09
2578;29.8172;29.6177;-256.751;-256.262;-256.7;-256.888;-256.95;-256.003;10:32:10
2579;29.8172;29.6099;-256.747;-256.262;-256.7;-256.888;-256.958;-256.003;10:32:10
2580;29.8251;29.6099;-256.751;-256.262;-256.7;-256.888;-256.942;-256.003;10:32:11
2581;29.8172;29.6021;-256.747;-256.262;-256.7;-256.888;-256.942;-256.003;10:32:11
2582;29.8172;29.6099;-256.747;-256.254;-256.7;-256.888;-256.95;-256.011;10:32:12
2583;29.8251;29.6021;-256.751;-256.262;-256.708;-256.888;-256.958;-256.011;10:32:12
2584;29.8251;29.6099;-256.747;-256.262;-256.7;-256.888;-256.942;-256.003;10:32:13
2585;29.8172;29.6099;-256.751;-256.262;-256.7;-256.88;-256.95;-256.011;10:32:13
2586;29.8251;29.6099;-256.747;-256.262;-256.7;-256.895;-256.942;-256.003;10:32:14
2587;29.8251;29.6099;-256.751;-256.254;-256.708;-256.888;-256.942;-256.019;10:32:14
2588;29.8251;29.6099;-256.751;-256.262;-256.7;-256.895;-256.95;-256.011;10:32:15
2589;29.8172;29.6099;-256.751;-256.254;-256.7;-256.895;-256.942;-256.011;10:32:15
2590;29.8251;29.6099;-256.751;-256.262;-256.708;-256.895;-256.95;-256.019;10:32:16
2591;29.8251;29.6099;-256.751;-256.262;-256.7;-256.888;-256.942;-256.003;10:32:16
2592;29.8329;29.6021;-256.751;-256.262;-256.7;-256.895;-256.958;-256.019;10:32:17
2593;29.8251;29.6177;-256.755;-256.262;-256.7;-256.888;-256.95;-256.003;10:32:17
2594;29.8329;29.6021;-256.751;-256.254;-256.708;-256.895;-256.942;-256.011;10:32:18
2595;29.8251;29.6099;-256.747;-256.254;-256.708;-256.895;-256.935;-256.011;10:32:18
2596;29.8251;29.6099;-256.747;-256.262;-256.7;-256.888;-256.942;-256.011;10:32:19
2597;29.8329;29.6099;-256.743;-256.254;-256.715;-256.895;-256.935;-256.011;10:32:19
2598;29.8251;29.6177;-256.743;-256.254;-256.7;-256.895;-256.95;-256.011;10:32:20
2599;29.8251;29.6099;-256.747;-256.254;-256.708;-256.888;-256.942;-256.003;10:32:20
2600;29.8251;29.6099;-256.747;-256.254;-256.708;-256.888;-256.95;-256.003;10:32:21
2601;29.8329;29.6099;-256.747;-256.254;-256.7;-256.888;-256.935;-256.011;10:32:21
2602;29.8251;29.6177;-256.747;-256.254;-256.708;-256.888;-256.95;-256.011;10:32:22
2603;29.8251;29.6021;-256.747;-256.25;-256.708;-256.888;-256.95;-256.011;10:32:22
2604;29.8329;29.6021;-256.747;-256.254;-256.7;-256.888;-256.942;-256.011;10:32:23
2605;29.8407;29.6021;-256.743;-256.254;-256.7;-256.895;-256.942;-256.011;10:32:23
2606;29.8407;29.6021;-256.747;-256.258;-256.7;-256.895;-256.942;-256.011;10:32:24
2607;29.8329;29.6021;-256.751;-256.254;-256.708;-256.88;-256.95;-256.011;10:32:24
2608;29.8485;29.6021;-256.751;-256.25;-256.692;-256.888;-256.95;-256.011;10:32:25
2609;29.8407;29.6021;-256.755;-256.262;-256.708;-256.895;-256.95;-256.011;10:32:25
2610;29.8407;29.6099;-256.751;-256.254;-256.7;-256.895;-256.942;-256.011;10:32:26
2611;29.8407;29.6099;-256.755;-256.262;-256.7;-256.895;-256.95;-256.003;10:32:26
2612;29.8329;29.6099;-256.751;-256.254;-256.7;-256.888;-256.942;-256.011;10:32:27
2613;29.8329;29.6099;-256.755;-256.262;-256.708;-256.895;-256.942;-256.011;10:32:27
2614;29.8329;29.6099;-256.755;-256.262;-256.7;-256.895;-256.95;-256.019;10:32:28
2615;29.8329;29.6099;-256.755;-256.262;-256.708;-256.888;-256.95;-256.011;10:32:28
2616;29.8407;29.6099;-256.747;-256.269;-256.708;-256.895;-256.942;-256.011;10:32:29
2617;29.8485;29.6177;-256.751;-256.262;-256.7;-256.895;-256.935;-256.011;10:32:29
2618;29.8329;29.6177;-256.755;-256.262;-256.708;-256.888;-256.942;-256.011;10:32:30
2619;29.8407;29.6177;-256.747;-256.262;-256.708;-256.895;-256.95;-256.019;10:32:30
2620;29.8407;29.6099;-256.751;-256.262;-256.7;-256.888;-256.942;-256.011;10:32:31
2621;29.8485;29.6099;-256.751;-256.262;-256.7;-256.895;-256.942;-256.011;10:32:31
2622;29.8485;29.6099;-256.751;-256.262;-256.7;-256.888;-256.935;-256.011;10:32:32
2623;29.8407;29.6099;-256.751;-256.269;-256.7;-256.888;-256.942;-256.011;10:32:32
2624;29.8485;29.6099;-256.751;-256.262;-256.7;-256.888;-256.942;-256.003;10:32:33
2625;29.8525;29.6021;-256.747;-256.262;-256.692;-256.888;-256.942;-256.003;10:32:33
2626;29.8485;29.6099;-256.751;-256.262;-256.692;-256.888;-256.942;-256.003;10:32:34
2627;29.8525;29.6177;-256.751;-256.262;-256.7;-256.888;-256.95;-256.003;10:32:34
2628;29.8485;29.6099;-256.751;-256.262;-256.692;-256.888;-256.942;-256.003;10:32:35
2629;29.8485;29.6099;-256.755;-256.269;-256.692;-256.888;-256.95;-256.011;10:32:35
2630;29.8485;29.6177;-256.751;-256.262;-256.692;-256.888;-256.942;-256.003;10:32:36
2631;29.8485;29.6177;-256.758;-256.269;-256.692;-256.88;-256.95;-256.003;10:32:36
2632;29.8485;29.6177;-256.751;-256.269;-256.692;-256.888;-256.942;-256.003;10:32:37
2633;29.8485;29.6177;-256.755;-256.262;-256.692;-256.888;-256.942;-256.011;10:32:37
2634;29.8485;29.6255;-256.751;-256.269;-256.692;-256.888;-256.942;-256.003;10:32:38
2635;29.8525;29.6177;-256.755;-256.269;-256.684;-256.888;-256.95;-256.011;10:32:38
2636;29.8485;29.6255;-256.751;-256.262;-256.692;-256.888;-256.942;-256.003;10:32:39
2637;29.8525;29.6255;-256.751;-256.262;-256.7;-256.888;-256.942;-256.011;10:32:39
2638;29.8485;29.6255;-256.751;-256.262;-256.692;-256.888;-256.942;-256.003;10:32:40
2639;29.8525;29.6255;-256.755;-256.262;-256.692;-256.895;-256.942;-256.011;10:32:40
2640;29.8485;29.6255;-256.751;-256.262;-256.7;-256.888;-256.942;-256.011;10:32:41
2641;29.8485;29.6177;-256.755;-256.262;-256.7;-256.895;-256.942;-256.011;10:32:41
2642;29.8485;29.6177;-256.755;-256.262;-256.692;-256.895;-256.935;-256.011;10:32:42
2643;29.8525;29.6255;-256.755;-256.262;-256.7;-256.888;-256.95;-256.011;10:32:42
2644;29.8485;29.6177;-256.755;-256.262;-256.708;-256.895;-256.95;-256.011;10:32:43
2645;29.8485;29.6255;-256.755;-256.262;-256.7;-256.888;-256.942;-256.003;10:32:43
2646;29.8485;29.6255;-256.755;-256.262;-256.692;-256.903;-256.942;-255.996;10:32:44
2647;29.8485;29.6255;-256.755;-256.254;-256.7;-256.888;-256.95;-256.011;10:32:44
2648;29.8525;29.6334;-256.751;-256.262;-256.7;-256.895;-256.95;-256.003;10:32:45
2649;29.8564;29.6255;-256.758;-256.254;-256.7;-256.895;-256.942;-256.003;10:32:45
2650;29.8525;29.6334;-256.755;-256.262;-256.7;-256.895;-256.942;-256.011;10:32:46
2651;29.8564;29.6334;-256.758;-256.262;-256.708;-256.888;-256.95;-256.003;10:32:46
2652;29.8564;29.6255;-256.758;-256.262;-256.708;-256.895;-256.95;-256.003;10:32:47
2653;29.8525;29.6334;-256.758;-256.269;-256.692;-256.888;-256.95;-256.011;10:32:47
2654;29.8525;29.6334;-256.758;-256.262;-256.7;-256.895;-256.95;-256.011;10:32:48
2655;29.8525;29.6255;-256.758;-256.262;-256.692;-256.888;-256.95;-256.003;10:32:48
2656;29.8485;29.6334;-256.758;-256.262;-256.7;-256.88;-256.958;-256.003;10:32:49
2657;29.8525;29.6255;-256.758;-256.254;-256.692;-256.895;-256.95;-256.011;10:32:49
2658;29.8485;29.6373;-256.758;-256.262;-256.692;-256.895;-256.95;-256.011;10:32:50
2659;29.8485;29.6373;-256.758;-256.262;-256.7;-256.888;-256.958;-256.003;10:32:50
2660;29.8525;29.6373;-256.758;-256.262;-256.692;-256.888;-256.95;-256.011;10:32:51
2661;29.8485;29.6334;-256.751;-256.262;-256.692;-256.895;-256.95;-256.019;10:32:51
2662;29.8485;29.6373;-256.751;-256.262;-256.7;-256.895;-256.942;-256.011;10:32:52
2663;29.8485;29.6334;-256.755;-256.269;-256.7;-256.895;-256.95;-256.011;10:32:52
2664;29.8485;29.6373;-256.751;-256.262;-256.7;-256.888;-256.958;-256.003;10:32:53
2665;29.8407;29.6373;-256.751;-256.269;-256.708;-256.895;-256.958;-256.019;10:32:53
2666;29.8485;29.6373;-256.755;-256.269;-256.7;-256.895;-256.95;-256.003;10:32:54
2667;29.8485;29.6412;-256.755;-256.262;-256.7;-256.888;-256.958;-256.011;10:32:54
2668;29.8525;29.6373;-256.755;-256.262;-256.708;-256.895;-256.95;-256.019;10:32:55
2669;29.8525;29.6334;-256.755;-256.262;-256.7;-256.895;-256.95;-256.011;10:32:55
2670;29.8485;29.6373;-256.758;-256.269;-256.7;-256.895;-256.95;-256.011;10:32:56
2671;29.8525;29.6373;-256.755;-256.254;-256.708;-256.888;-256.95;-256.011;10:32:56
2672;29.8525;29.6334;-256.751;-256.262;-256.7;-256.888;-256.95;-256.011;10:32:57
2673;29.8525;29.6373;-256.758;-256.262;-256.692;-256.895;-256.95;-256.011;10:32:57
2674;29.8525;29.6373;-256.751;-256.254;-256.7;-256.895;-256.95;-256.011;10:32:58
2675;29.8525;29.6334;-256.755;-256.254;-256.692;-256.888;-256.95;-256.011;10:32:58
2676;29.8564;29.6373;-256.751;-256.25;-256.692;-256.895;-256.95;-256.011;10:32:59
2677;29.8525;29.6334;-256.755;-256.254;-256.692;-256.895;-256.95;-256.019;10:32:59
2678;29.8525;29.6373;-256.755;-256.254;-256.7;-256.895;-256.95;-256.011;10:33:00
2679;29.8564;29.6334;-256.755;-256.254;-256.7;-256.888;-256.958;-256.011;10:33:00
2680;29.8564;29.6334;-256.751;-256.25;-256.7;-256.888;-256.95;-256.019;10:33:01
2681;29.8564;29.6294;-256.751;-256.254;-256.708;-256.895;-256.95;-256.019;10:33:01
2682;29.8564;29.6373;-256.758;-256.254;-256.7;-256.895;-256.95;-256.019;10:33:02
2683;29.8564;29.6373;-256.751;-256.25;-256.7;-256.888;-256.95;-256.011;10:33:02
2684;29.8525;29.6373;-256.755;-256.254;-256.708;-256.895;-256.95;-256.011;10:33:03
2685;29.8564;29.6412;-256.751;-256.25;-256.7;-256.895;-256.95;-256.019;10:33:03
2686;29.8525;29.6373;-256.755;-256.254;-256.708;-256.895;-256.95;-256.011;10:33:04
2687;29.8525;29.6412;-256.751;-256.25;-256.708;-256.888;-256.95;-256.003;10:33:04
2688;29.8525;29.6334;-256.755;-256.25;-256.7;-256.888;-256.958;-256.011;10:33:05
2689;29.8525;29.6373;-256.751;-256.254;-256.708;-256.895;-256.942;-256.003;10:33:05
2690;29.8564;29.6334;-256.755;-256.254;-256.7;-256.888;-256.942;-256.011;10:33:06
2691;29.8564;29.6373;-256.751;-256.25;-256.7;-256.895;-256.958;-256.003;10:33:06
2692;29.8525;29.6373;-256.751;-256.254;-256.7;-256.895;-256.942;-256.003;10:33:07
2693;29.8564;29.6412;-256.751;-256.254;-256.708;-256.895;-256.95;-256.003;10:33:07
2694;29.8525;29.6373;-256.755;-256.25;-256.7;-256.888;-256.942;-256.011;10:33:08
2695;29.8525;29.6412;-256.755;-256.254;-256.715;-256.895;-256.958;-256.003;10:33:08
2696;29.8564;29.6412;-256.755;-256.25;-256.708;-256.888;-256.942;-256.003;10:33:09
2697;29.8525;29.6412;-256.751;-256.254;-256.7;-256.895;-256.958;-256.011;10:33:09
2698;29.8564;29.6412;-256.755;-256.25;-256.708;-256.888;-256.95;-256.003;10:33:10
2699;29.8603;29.6373;-256.755;-256.254;-256.7;-256.895;-256.95;-256.003;10:33:10
2700;29.8564;29.6412;-256.755;-256.254;-256.708;-256.888;-256.95;-256.003;10:33:11
2701;29.8642;29.6412;-256.755;-256.254;-256.7;-256.895;-256.958;-255.996;10:33:11
2702;29.8603;29.6412;-256.755;-256.254;-256.708;-256.895;-256.95;-256.003;10:33:12
2703;29.8603;29.6412;-256.755;-256.254;-256.7;-256.888;-256.95;-256.003;10:33:12
2704;29.8603;29.6373;-256.755;-256.25;-256.708;-256.895;-256.958;-256.003;10:33:13
2705;29.8603;29.6412;-256.751;-256.254;-256.7;-256.895;-256.95;-256.003;10:33:13
2706;29.8603;29.6412;-256.751;-256.254;-256.7;-256.895;-256.95;-256.003;10:33:14
2707;29.8564;29.6451;-256.751;-256.25;-256.7;-256.895;-256.95;-256.003;10:33:14
2708;29.8642;29.6412;-256.751;-256.254;-256.7;-256.888;-256.95;-256.003;10:33:15
2709;29.8603;29.6451;-256.751;-256.254;-256.708;-256.895;-256.958;-256.011;10:33:15
2710;29.8642;29.6373;-256.747;-256.25;-256.7;-256.895;-256.942;-255.996;10:33:16
2711;29.8603;29.6412;-256.751;-256.254;-256.7;-256.888;-256.958;-256.003;10:33:16
2712;29.8603;29.6451;-256.747;-256.25;-256.708;-256.888;-256.958;-256.003;10:33:17
2713;29.8603;29.6412;-256.751;-256.254;-256.692;-256.888;-256.95;-256.003;10:33:17
2714;29.8603;29.6412;-256.747;-256.246;-256.7;-256.888;-256.95;-256.003;10:33:18
2715;29.8603;29.6451;-256.751;-256.254;-256.7;-256.88;-256.958;-256.011;10:33:18
2716;29.8603;29.6412;-256.751;-256.254;-256.7;-256.888;-256.95;-256.003;10:33:19
2717;29.8603;29.6451;-256.747;-256.254;-256.708;-256.895;-256.95;-256.003;10:33:19
2718;29.8642;29.649;-256.751;-256.25;-256.7;-256.888;-256.942;-256.011;10:33:20
2719;29.8603;29.6451;-256.747;-256.246;-256.708;-256.895;-256.958;-256.003;10:33:20
2720;29.8642;29.649;-256.755;-256.25;-256.708;-256.888;-256.95;-256.003;10:33:21
2721;29.8642;29.649;-256.755;-256.25;-256.7;-256.895;-256.95;-256.011;10:33:21
2722;29.8642;29.649;-256.755;-256.25;-256.7;-256.895;-256.95;-256.019;10:33:22
2723;29.8603;29.6451;-256.751;-256.254;-256.708;-256.88;-256.958;-256.003;10:33:22
2724;29.8642;29.649;-256.751;-256.25;-256.692;-256.88;-256.942;-256.011;10:33:23
2725;29.8681;29.649;-256.755;-256.254;-256.7;-256.888;-256.958;-256.003;10:33:23
2726;29.8603;29.6451;-256.755;-256.254;-256.7;-256.888;-256.958;-256.003;10:33:24
2727;29.8603;29.6451;-256.751;-256.25;-256.692;-256.88;-256.958;-256.003;10:33:24
2728;29.8642;29.6451;-256.755;-256.254;-256.7;-256.88;-256.958;-256.003;10:33:25
2729;29.8603;29.649;-256.751;-256.254;-256.708;-256.888;-256.95;-256.003;10:33:25
2730;29.8642;29.649;-256.758;-256.254;-256.7;-256.88;-256.942;-256.003;10:33:26
2731;29.8603;29.6451;-256.755;-256.25;-256.708;-256.888;-256.958;-255.996;10:33:26
2732;29.8642;29.649;-256.755;-256.254;-256.7;-256.88;-256.958;-256.003;10:33:27
2733;29.8642;29.6529;-256.751;-256.25;-256.708;-256.888;-256.95;-255.996;10:33:27
2734;29.8642;29.649;-256.758;-256.254;-256.7;-256.888;-256.958;-256.003;10:33:28
2735;29.8642;29.6451;-256.751;-256.254;-256.708;-256.888;-256.95;-256.003;10:33:28
2736;29.8603;29.649;-256.755;-256.25;-256.7;-256.88;-256.958;-256.003;10:33:29
2737;29.8642;29.6451;-256.755;-256.254;-256.708;-256.888;-256.942;-256.011;10:33:29
2738;29.8603;29.649;-256.755;-256.25;-256.708;-256.888;-256.95;-256.011;10:33:30
2739;29.8642;29.6451;-256.755;-256.25;-256.708;-256.888;-256.95;-256.003;10:33:30
2740;29.8642;29.6451;-256.758;-256.25;-256.7;-256.88;-256.95;-256.011;10:33:31
2741;29.8681;29.649;-256.751;-256.254;-256.708;-256.895;-256.942;-256.003;10:33:31
2742;29.8681;29.6529;-256.755;-256.254;-256.715;-256.895;-256.95;-256.011;10:33:32
2743;29.8642;29.649;-256.755;-256.254;-256.708;-256.888;-256.958;-256.003;10:33:32
2744;29.8681;29.649;-256.755;-256.254;-256.708;-256.888;-256.958;-256.011;10:33:33
2745;29.8681;29.649;-256.755;-256.262;-256.7;-256.888;-256.95;-256.003;10:33:33
2746;29.8681;29.6529;-256.751;-256.262;-256.7;-256.895;-256.95;-256.011;10:33:34
2747;29.8603;29.649;-256.751;-256.254;-256.708;-256.88;-256.95;-256.003;10:33:34
2748;29.8681;29.6529;-256.747;-256.254;-256.708;-256.888;-256.958;-256.003;10:33:35
2749;29.8681;29.6529;-256.747;-256.262;-256.708;-256.888;-256.95;-256.011;10:33:35
2750;29.8681;29.649;-256.751;-256.254;-256.708;-256.888;-256.95;-256.003;10:33:36
2751;29.8681;29.6529;-256.751;-256.262;-256.708;-256.895;-256.95;-256.003;10:33:36
2752;29.8642;29.649;-256.751;-256.254;-256.708;-256.888;-256.958;-255.996;10:33:37
2753;29.8681;29.649;-256.755;-256.254;-256.708;-256.895;-256.935;-256.003;10:33:37
2754;29.8642;29.649;-256.755;-256.262;-256.708;-256.888;-256.942;-256.003;10:33:38
2755;29.8681;29.6451;-256.751;-256.254;-256.708;-256.895;-256.95;-256.003;10:33:38
2756;29.8642;29.6451;-256.755;-256.262;-256.7;-256.888;-256.95;-256.003;10:33:39
2757;29.8681;29.6451;-256.755;-256.254;-256.708;-256.895;-256.95;-255.996;10:33:39
2758;29.8681;29.649;-256.755;-256.262;-256.708;-256.895;-256.95;-256.003;10:33:40
2759;29.8681;29.649;-256.747;-256.254;-256.7;-256.895;-256.95;-256.003;10:33:40
2760;29.8681;29.649;-256.747;-256.262;-256.708;-256.888;-256.95;-256.003;10:33:41
2761;29.8759;29.649;-256.743;-256.262;-256.7;-256.888;-256.942;-256.003;10:33:41
2762;29.8681;29.649;-256.747;-256.254;-256.692;-256.903;-256.942;-256.003;10:33:42
2763;29.872;29.649;-256.743;-256.254;-256.7;-256.888;-256.95;-256.003;10:33:42
2764;29.8642;29.649;-256.751;-256.254;-256.7;-256.895;-256.95;-255.996;10:33:43
2765;29.8759;29.649;-256.751;-256.262;-256.7;-256.888;-256.95;-256.011;10:33:43
2766;29.8759;29.6529;-256.755;-256.262;-256.7;-256.895;-256.95;-256.003;10:33:44
2767;29.8838;29.649;-256.755;-256.254;-256.7;-256.888;-256.95;-256.003;10:33:44
2768;29.8681;29.649;-256.751;-256.262;-256.692;-256.895;-256.95;-256.011;10:33:45
2769;29.8681;29.6529;-256.755;-256.262;-256.7;-256.888;-256.95;-256.003;10:33:45
2770;29.8681;29.6529;-256.755;-256.254;-256.708;-256.895;-256.95;-256.011;10:33:46
2771;29.8681;29.649;-256.755;-256.262;-256.692;-256.895;-256.95;-256.003;10:33:46
2772;29.8642;29.6529;-256.755;-256.254;-256.708;-256.888;-256.942;-256.003;10:33:47
2773;29.8681;29.649;-256.755;-256.262;-256.7;-256.895;-256.95;-256.003;10:33:47
2774;29.8759;29.6529;-256.755;-256.254;-256.7;-256.895;-256.942;-256.003;10:33:48
2775;29.8681;29.649;-256.755;-256.254;-256.7;-256.895;-256.958;-256.003;10:33:48
2776;29.8681;29.6529;-256.755;-256.254;-256.708;-256.888;-256.95;-256.003;10:33:49
2777;29.8681;29.6529;-256.755;-256.254;-256.7;-256.895;-256.95;-256.003;10:33:49
2778;29.8681;29.6529;-256.751;-256.262;-256.7;-256.895;-256.95;-256.003;10:33:50
2779;29.8759;29.649;-256.755;-256.254;-256.7;-256.895;-256.942;-256.003;10:33:50
2780;29.8759;29.6529;-256.755;-256.254;-256.7;-256.895;-256.958;-256.003;10:33:51
2781;29.8759;29.649;-256.751;-256.254;-256.708;-256.895;-256.95;-256.003;10:33:51
2782;29.8759;29.6529;-256.755;-256.254;-256.708;-256.888;-256.95;-256.003;10:33:52
2783;29.8759;29.6529;-256.751;-256.254;-256.7;-256.888;-256.95;-256.003;10:33:52
2784;29.8838;29.6529;-256.755;-256.254;-256.7;-256.895;-256.958;-256.003;10:33:53
2785;29.8759;29.6529;-256.751;-256.262;-256.708;-256.888;-256.942;-256.003;10:33:53
2786;29.8759;29.6607;-256.755;-256.254;-256.7;-256.895;-256.95;-256.003;10:33:54
2787;29.8759;29.6529;-256.751;-256.254;-256.708;-256.888;-256.958;-256.003;10:33:54
2788;29.8681;29.6529;-256.755;-256.265;-256.708;-256.895;-256.958;-256.003;10:33:55
2789;29.8759;29.649;-256.755;-256.254;-256.7;-256.888;-256.95;-256.003;10:33:55
2790;29.8759;29.6529;-256.755;-256.262;-256.708;-256.895;-256.942;-256.003;10:33:56
2791;29.8759;29.6607;-256.755;-256.254;-256.7;-256.895;-256.95;-256.011;10:33:56
2792;29.8759;29.6529;-256.755;-256.262;-256.7;-256.888;-256.958;-255.996;10:33:57
2793;29.8838;29.6529;-256.755;-256.254;-256.692;-256.888;-256.95;-256.003;10:33:57
2794;29.8759;29.6607;-256.755;-256.254;-256.692;-256.895;-256.95;-256.003;10:33:58
2795;29.8759;29.6529;-256.755;-256.254;-256.7;-256.895;-256.95;-256.003;10:33:58
2796;29.8759;29.6529;-256.755;-256.258;-256.7;-256.888;-256.95;-255.996;10:33:59
2797;29.8759;29.6607;-256.755;-256.254;-256.7;-256.895;-256.95;-256.003;10:33:59
2798;29.8681;29.6607;-256.755;-256.254;-256.708;-256.895;-256.958;-256.003;10:34:00
2799;29.8759;29.6529;-256.755;-256.262;-256.708;-256.888;-256.95;-256.003;10:34:00
2800;29.8681;29.6529;-256.755;-256.254;-256.708;-256.895;-256.958;-256.003;10:34:01
2801;29.8759;29.6529;-256.755;-256.254;-256.708;-256.888;-256.958;-255.996;10:34:01
2802;29.8759;29.6529;-256.758;-256.262;-256.7;-256.895;-256.958;-255.996;10:34:02
2803;29.8838;29.6529;-256.755;-256.254;-256.7;-256.895;-256.966;-255.996;10:34:02
2804;29.8759;29.6647;-256.755;-256.254;-256.708;-256.888;-256.95;-256.003;10:34:03
2805;29.8759;29.6529;-256.755;-256.262;-256.7;-256.888;-256.942;-255.996;10:34:03
2806;29.8759;29.6529;-256.755;-256.269;-256.7;-256.895;-256.942;-256.003;10:34:04
2807;29.8759;29.6529;-256.751;-256.262;-256.7;-256.888;-256.95;-255.996;10:34:04
2808;29.8759;29.6529;-256.755;-256.262;-256.708;-256.895;-256.95;-256.003;10:34:05
2809;29.8759;29.6529;-256.755;-256.269;-256.7;-256.888;-256.95;-255.996;10:34:05
2810;29.8759;29.6607;-256.758;-256.262;-256.692;-256.903;-256.935;-255.996;10:34:06
2811;29.8838;29.6607;-256.755;-256.262;-256.7;-256.888;-256.95;-256.003;10:34:06
2812;29.8759;29.6529;-256.755;-256.262;-256.692;-256.888;-256.942;-255.996;10:34:07
2813;29.8681;29.6607;-256.758;-256.262;-256.7;-256.895;-256.942;-255.996;10:34:07
2814;29.8759;29.6529;-256.755;-256.262;-256.7;-256.888;-256.942;-256.003;10:34:08
2815;29.8759;29.6529;-256.755;-256.254;-256.7;-256.888;-256.95;-255.996;10:34:08
2816;29.8759;29.6607;-256.755;-256.262;-256.708;-256.888;-256.95;-255.996;10:34:09
2817;29.8838;29.6529;-256.758;-256.269;-256.708;-256.895;-256.95;-255.996;10:34:09
2818;29.8838;29.6607;-256.758;-256.262;-256.7;-256.888;-256.95;-256.003;10:34:10
2819;29.8759;29.6529;-256.758;-256.262;-256.708;-256.895;-256.95;-255.996;10:34:10
2820;29.8759;29.6607;-256.758;-256.262;-256.7;-256.888;-256.942;-255.996;10:34:11
2821;29.8838;29.6686;-256.758;-256.262;-256.708;-256.888;-256.95;-255.996;10:34:11
2822;29.8759;29.6607;-256.762;-256.262;-256.7;-256.888;-256.942;-255.996;10:34:12
2823;29.8838;29.6607;-256.755;-256.262;-256.7;-256.895;-256.95;-255.996;10:34:12
2824;29.8759;29.6607;-256.758;-256.254;-256.7;-256.88;-256.95;-255.996;10:34:13
2825;29.8759;29.6607;-256.758;-256.254;-256.7;-256.888;-256.95;-255.996;10:34:13
2826;29.8759;29.6607;-256.751;-256.254;-256.7;-256.888;-256.942;-256.003;10:34:14
2827;29.8759;29.6607;-256.755;-256.262;-256.708;-256.888;-256.95;-255.996;10:34:14
2828;29.8759;29.6607;-256.751;-256.262;-256.7;-256.88;-256.95;-256.003;10:34:15
2829;29.8838;29.6607;-256.751;-256.254;-256.7;-256.88;-256.942;-256.003;10:34:15
2830;29.8681;29.6529;-256.751;-256.262;-256.7;-256.888;-256.942;-255.996;10:34:16
2831;29.8759;29.6568;-256.755;-256.254;-256.7;-256.888;-256.95;-255.996;10:34:16
2832;29.8681;29.6529;-256.747;-256.262;-256.708;-256.88;-256.958;-255.988;10:34:17
2833;29.8759;29.6529;-256.747;-256.258;-256.7;-256.888;-256.95;-255.996;10:34:17
2834;29.8759;29.6607;-256.751;-256.254;-256.7;-256.888;-256.95;-255.996;10:34:18
2835;29.8759;29.6607;-256.751;-256.269;-256.7;-256.888;-256.958;-255.996;10:34:18
2836;29.8759;29.649;-256.751;-256.262;-256.692;-256.88;-256.95;-255.996;10:34:19
2837;29.8681;29.6529;-256.751;-256.262;-256.708;-256.888;-256.942;-256.003;10:34:19
2838;29.8759;29.6529;-256.751;-256.262;-256.7;-256.888;-256.95;-255.996;10:34:20
2839;29.8681;29.649;-256.751;-256.262;-256.7;-256.88;-256.95;-255.996;10:34:20
2840;29.8759;29.6607;-256.755;-256.262;-256.7;-256.888;-256.958;-255.996;10:34:21
2841;29.8759;29.6529;-256.751;-256.262;-256.7;-256.88;-256.95;-256.003;10:34:21
2842;29.8759;29.6686;-256.751;-256.254;-256.7;-256.88;-256.95;-255.996;10:34:22
2843;29.8759;29.6607;-256.751;-256.262;-256.7;-256.88;-256.95;-255.996;10:34:22
2844;29.8681;29.6607;-256.755;-256.262;-256.7;-256.88;-256.958;-255.996;10:34:23
2845;29.8759;29.6607;-256.751;-256.262;-256.7;-256.88;-256.95;-256.003;10:34:23
2846;29.8681;29.6607;-256.755;-256.254;-256.7;-256.888;-256.942;-255.996;10:34:24
2847;29.8759;29.6607;-256.751;-256.262;-256.7;-256.888;-256.95;-256.003;10:34:24
2848;29.8759;29.6607;-256.751;-256.262;-256.7;-256.888;-256.958;-255.996;10:34:25
2849;29.8759;29.6607;-256.751;-256.262;-256.7;-256.895;-256.95;-256.003;10:34:25
2850;29.8838;29.6686;-256.755;-256.262;-256.708;-256.888;-256.95;-255.996;10:34:26
2851;29.8759;29.6686;-256.758;-256.254;-256.7;-256.895;-256.95;-255.996;10:34:26
2852;29.8759;29.6607;-256.755;-256.262;-256.708;-256.888;-256.958;-256.003;10:34:27
2853;29.8838;29.6529;-256.751;-256.254;-256.7;-256.888;-256.95;-255.996;10:34:27
2854;29.8838;29.6686;-256.755;-256.254;-256.692;-256.888;-256.95;-255.988;10:34:28
2855;29.8759;29.6529;-256.751;-256.254;-256.7;-256.888;-256.95;-255.996;10:34:28
2856;29.8838;29.6607;-256.755;-256.254;-256.7;-256.888;-256.95;-256.003;10:34:29
2857;29.8838;29.6607;-256.751;-256.254;-256.7;-256.888;-256.95;-255.996;10:34:29
2858;29.8838;29.6686;-256.755;-256.254;-256.7;-256.895;-256.942;-255.996;10:34:30
2859;29.8838;29.6764;-256.755;-256.254;-256.708;-256.888;-256.95;-255.996;10:34:30
2860;29.8916;29.6686;-256.751;-256.254;-256.7;-256.888;-256.958;-256.003;10:34:31
2861;29.8916;29.6686;-256.751;-256.254;-256.7;-256.888;-256.95;-255.996;10:34:31
2862;29.8916;29.6764;-256.751;-256.262;-256.692;-256.895;-256.95;-256.003;10:34:32
2863;29.8838;29.6686;-256.751;-256.254;-256.7;-256.888;-256.95;-255.996;10:34:32
2864;29.8838;29.6764;-256.755;-256.254;-256.7;-256.888;-256.958;-256.003;10:34:33
2865;29.8916;29.6764;-256.751;-256.262;-256.692;-256.895;-256.942;-256.003;10:34:33
2866;29.8994;29.6764;-256.755;-256.254;-256.692;-256.888;-256.942;-256.003;10:34:34
2867;29.8994;29.6842;-256.751;-256.262;-256.7;-256.895;-256.942;-256.003;10:34:34
2868;29.8994;29.6764;-256.755;-256.262;-256.692;-256.888;-256.95;-256.011;10:34:35
2869;29.8916;29.6764;-256.751;-256.254;-256.708;-256.888;-256.942;-256.003;10:34:35
2870;29.8994;29.6842;-256.755;-256.262;-256.7;-256.888;-256.942;-256.003;10:34:36
2871;29.8994;29.6842;-256.751;-256.262;-256.7;-256.888;-256.95;-256.003;10:34:36
2872;29.8994;29.6842;-256.755;-256.254;-256.7;-256.88;-256.95;-255.996;10:34:37
2873;29.8994;29.6842;-256.751;-256.262;-256.7;-256.88;-256.95;-256.003;10:34:37
2874;29.8916;29.6764;-256.755;-256.254;-256.708;-256.88;-256.942;-256.003;10:34:38
2875;29.8916;29.6764;-256.755;-256.262;-256.7;-256.888;-256.942;-255.996;10:34:38
2876;29.8994;29.6842;-256.755;-256.25;-256.708;-256.888;-256.942;-256.003;10:34:39
2877;29.8994;29.6764;-256.755;-256.262;-256.7;-256.888;-256.942;-255.996;10:34:39
2878;29.8994;29.6842;-256.755;-256.254;-256.7;-256.888;-256.942;-255.988;10:34:40
2879;29.8916;29.6842;-256.758;-256.262;-256.7;-256.888;-256.942;-255.996;10:34:40
2880;29.8916;29.6764;-256.755;-256.254;-256.708;-256.888;-256.95;-255.996;10:34:41
2881;29.8994;29.6764;-256.751;-256.254;-256.7;-256.895;-256.958;-255.996;10:34:41
2882;29.8994;29.6842;-256.755;-256.262;-256.7;-256.895;-256.95;-255.996;10:34:42
2883;29.8916;29.6764;-256.755;-256.254;-256.692;-256.895;-256.942;-255.996;10:34:42
2884;29.8994;29.6842;-256.751;-256.254;-256.708;-256.888;-256.95;-255.996;10:34:43
2885;29.8994;29.6842;-256.751;-256.254;-256.7;-256.895;-256.95;-255.996;10:34:43
2886;29.8994;29.6764;-256.743;-256.254;-256.692;-256.895;-256.942;-256.003;10:34:44
2887;29.8916;29.6764;-256.743;-256.254;-256.692;-256.888;-256.942;-255.996;10:34:44
2888;29.9072;29.6764;-256.743;-256.254;-256.692;-256.888;-256.942;-255.996;10:34:45
2889;29.8994;29.6842;-256.747;-256.254;-256.7;-256.895;-256.942;-255.996;10:34:45
2890;29.8916;29.6764;-256.747;-256.254;-256.692;-256.888;-256.95;-255.996;10:34:46
2891;29.8994;29.6764;-256.747;-256.262;-256.692;-256.888;-256.942;-255.996;10:34:46
2892;29.8994;29.6764;-256.743;-256.254;-256.7;-256.888;-256.95;-255.988;10:34:47
2893;29.8916;29.6764;-256.747;-256.254;-256.692;-256.895;-256.95;-255.996;10:34:47
2894;29.8994;29.6764;-256.747;-256.258;-256.692;-256.888;-256.958;-256.003;10:34:48
2895;29.8916;29.6842;-256.747;-256.258;-256.7;-256.895;-256.95;-256.003;10:34:48
2896;29.8994;29.6764;-256.743;-256.254;-256.7;-256.888;-256.95;-256.003;10:34:49
2897;29.8994;29.6764;-256.747;-256.254;-256.7;-256.895;-256.942;-256.003;10:34:49
2898;29.9072;29.6764;-256.743;-256.25;-256.7;-256.895;-256.942;-255.996;10:34:50
2899;29.9072;29.6842;-256.751;-256.262;-256.7;-256.888;-256.95;-255.996;10:34:50
2900;29.9072;29.6842;-256.747;-256.258;-256.7;-256.895;-256.942;-255.988;10:34:51
2901;29.9072;29.6842;-256.747;-256.254;-256.7;-256.888;-256.95;-255.996;10:34:51
2902;29.8994;29.6764;-256.747;-256.25;-256.7;-256.888;-256.95;-255.996;10:34:52
2903;29.8994;29.6842;-256.751;-256.254;-256.7;-256.895;-256.95;-255.996;10:34:52
2904;29.8994;29.6764;-256.751;-256.254;-256.692;-256.895;-256.942;-255.996;10:34:53
2905;29.8994;29.6764;-256.747;-256.254;-256.7;-256.888;-256.95;-255.996;10:34:53
2906;29.8994;29.6842;-256.751;-256.254;-256.7;-256.895;-256.942;-255.996;10:34:54
2907;29.9072;29.6764;-256.751;-256.254;-256.7;-256.888;-256.942;-255.996;10:34:54
2908;29.8994;29.6764;-256.747;-256.254;-256.708;-256.895;-256.95;-255.996;10:34:55
2909;29.8994;29.6842;-256.751;-256.25;-256.7;-256.888;-256.95;-255.996;10:34:55
2910;29.9072;29.692;-256.751;-256.254;-256.7;-256.895;-256.95;-255.996;10:34:56
2911;29.8994;29.6842;-256.747;-256.254;-256.692;-256.895;-256.95;-255.996;10:34:56
2912;29.8994;29.692;-256.751;-256.254;-256.7;-256.888;-256.95;-255.996;10:34:57
2913;29.9151;29.6842;-256.751;-256.254;-256.7;-256.895;-256.95;-255.996;10:34:57
2914;29.9072;29.6842;-256.747;-256.254;-256.692;-256.895;-256.95;-255.996;10:34:58
2915;29.9151;29.692;-256.751;-256.254;-256.7;-256.888;-256.958;-255.988;10:34:58
2916;29.9151;29.6842;-256.747;-256.254;-256.692;-256.895;-256.958;-255.996;10:34:59
2917;29.9151;29.6842;-256.747;-256.254;-256.7;-256.888;-256.958;-256.003;10:34:59
2918;29.8994;29.6842;-256.747;-256.254;-256.7;-256.895;-256.95;-255.996;10:35:00
2919;29.9151;29.6842;-256.747;-256.262;-256.7;-256.888;-256.958;-255.988;10:35:00
2920;29.8994;29.6842;-256.751;-256.254;-256.7;-256.888;-256.958;-255.996;10:35:01
2921;29.9072;29.6764;-256.751;-256.254;-256.7;-256.888;-256.958;-255.988;10:35:01
2922;29.9072;29.6764;-256.747;-256.262;-256.7;-256.895;-256.95;-255.996;10:35:02
2923;29.9072;29.692;-256.747;-256.25;-256.692;-256.888;-256.95;-256.003;10:35:02
2924;29.9151;29.692;-256.747;-256.254;-256.7;-256.888;-256.95;-255.996;10:35:03
2925;29.9151;29.6999;-256.751;-256.254;-256.7;-256.888;-256.942;-255.996;10:35:03
2926;29.9072;29.6999;-256.747;-256.254;-256.7;-256.895;-256.95;-255.996;10:35:04
2927;29.9072;29.692;-256.751;-256.254;-256.692;-256.895;-256.95;-256.003;10:35:04
2928;29.9072;29.6842;-256.751;-256.25;-256.708;-256.888;-256.958;-255.988;10:35:05
2929;29.9151;29.6842;-256.747;-256.254;-256.7;-256.888;-256.958;-255.996;10:35:05
2930;29.8994;29.6842;-256.747;-256.254;-256.708;-256.895;-256.95;-255.988;10:35:06
2931;29.9072;29.6842;-256.747;-256.25;-256.7;-256.895;-256.958;-255.988;10:35:06
2932;29.9151;29.6842;-256.751;-256.254;-256.7;-256.888;-256.958;-255.988;10:35:07
2933;29.8994;29.6842;-256.743;-256.258;-256.7;-256.895;-256.95;-255.996;10:35:07
2934;29.9072;29.6842;-256.751;-256.25;-256.7;-256.888;-256.95;-255.996;10:35:08
2935;29.9072;29.6764;-256.751;-256.254;-256.7;-256.895;-256.95;-255.996;10:35:08
2936;29.9072;29.6764;-256.747;-256.25;-256.7;-256.895;-256.958;-255.996;10:35:09
2937;29.9072;29.6764;-256.747;-256.254;-256.7;-256.895;-256.95;-255.996;10:35:09
2938;29.9072;29.6842;-256.747;-256.25;-256.7;-256.895;-256.95;-255.996;10:35:10
2939;29.9072;29.6842;-256.747;-256.25;-256.7;-256.895;-256.95;-255.996;10:35:10
2940;29.9072;29.6764;-256.747;-256.254;-256.692;-256.888;-256.95;-255.988;10:35:11
2941;29.9072;29.6842;-256.743;-256.25;-256.7;-256.895;-256.95;-255.996;10:35:11
2942;29.9072;29.692;-256.743;-256.254;-256.7;-256.895;-256.958;-255.996;10:35:12
2943;29.8994;29.6842;-256.747;-256.254;-256.7;-256.888;-256.95;-255.996;10:35:12
2944;29.9072;29.692;-256.747;-256.25;-256.7;-256.88;-256.95;-255.996;10:35:13
2945;29.8994;29.6842;-256.747;-256.254;-256.7;-256.888;-256.95;-255.988;10:35:13
2946;29.9072;29.692;-256.743;-256.254;-256.692;-256.888;-256.95;-255.996;10:35:14
2947;29.8994;29.692;-256.747;-256.254;-256.7;-256.888;-256.95;-255.996;10:35:14
2948;29.9072;29.692;-256.743;-256.254;-256.7;-256.895;-256.942;-255.988;10:35:15
2949;29.8994;29.692;-256.743;-256.254;-256.692;-256.88;-256.958;-255.996;10:35:15
2950;29.9072;29.692;-256.747;-256.25;-256.7;-256.888;-256.95;-255.996;10:35:16
2951;29.8994;29.692;-256.747;-256.254;-256.692;-256.895;-256.942;-256.003;10:35:16
2952;29.9072;29.6999;-256.743;-256.25;-256.7;-256.888;-256.95;-255.988;10:35:17
2953;29.9072;29.692;-256.743;-256.254;-256.692;-256.888;-256.958;-255.996;10:35:17
2954;29.9072;29.6999;-256.747;-256.254;-256.7;-256.895;-256.95;-255.988;10:35:18
2955;29.9072;29.6999;-256.755;-256.254;-256.692;-256.895;-256.95;-255.996;10:35:18
2956;29.9151;29.692;-256.751;-256.25;-256.684;-256.895;-256.95;-255.996;10:35:19
2957;29.9072;29.6999;-256.755;-256.254;-256.7;-256.895;-256.958;-255.996;10:35:19
2958;29.9072;29.6999;-256.751;-256.254;-256.692;-256.895;-256.95;-255.996;10:35:20
2959;29.9151;29.6999;-256.755;-256.254;-256.692;-256.895;-256.95;-255.996;10:35:20
2960;29.9072;29.6999;-256.755;-256.254;-256.692;-256.895;-256.958;-255.988;10:35:21
2961;29.9072;29.692;-256.751;-256.254;-256.692;-256.895;-256.95;-255.988;10:35:21
2962;29.8994;29.6999;-256.755;-256.254;-256.7;-256.895;-256.95;-255.988;10:35:22
2963;29.9072;29.6999;-256.751;-256.25;-256.7;-256.895;-256.95;-255.996;10:35:22
2964;29.9151;29.692;-256.755;-256.254;-256.7;-256.888;-256.958;-255.988;10:35:23
2965;29.9072;29.7077;-256.751;-256.25;-256.692;-256.895;-256.95;-255.996;10:35:23
2966;29.9072;29.7077;-256.751;-256.254;-256.708;-256.895;-256.95;-255.988;10:35:24
2967;29.9151;29.692;-256.751;-256.25;-256.7;-256.895;-256.942;-255.988;10:35:24
2968;29.9151;29.6999;-256.755;-256.254;-256.7;-256.895;-256.942;-255.988;10:35:25
2969;29.9072;29.6999;-256.751;-256.25;-256.7;-256.888;-256.942;-255.996;10:35:25
2970;29.9072;29.6999;-256.751;-256.254;-256.692;-256.895;-256.935;-255.988;10:35:26
2971;29.9151;29.6999;-256.751;-256.25;-256.692;-256.895;-256.942;-255.996;10:35:26
2972;29.9151;29.6999;-256.751;-256.25;-256.7;-256.903;-256.95;-255.988;10:35:27
2973;29.9151;29.6999;-256.751;-256.254;-256.7;-256.895;-256.95;-255.996;10:35:27
2974;29.9151;29.6999;-256.747;-256.25;-256.692;-256.895;-256.942;-255.996;10:35:28
2975;29.9151;29.7077;-256.751;-256.25;-256.7;-256.895;-256.942;-255.996;10:35:28
2976;29.9151;29.7077;-256.755;-256.254;-256.692;-256.888;-256.942;-255.996;10:35:29
2977;29.9072;29.6999;-256.751;-256.254;-256.7;-256.895;-256.942;-255.988;10:35:29
2978;29.9151;29.7077;-256.751;-256.254;-256.7;-256.895;-256.942;-255.996;10:35:30
2979;29.9151;29.6999;-256.751;-256.254;-256.692;-256.895;-256.942;-255.988;10:35:30
2980;29.9151;29.7077;-256.747;-256.254;-256.7;-256.903;-256.95;-255.988;10:35:31
2981;29.9151;29.7077;-256.751;-256.254;-256.692;-256.888;-256.942;-255.988;10:35:31
2982;29.9072;29.7077;-256.751;-256.262;-256.692;-256.895;-256.942;-255.996;10:35:32
2983;29.9151;29.7155;-256.751;-256.254;-256.7;-256.895;-256.942;-255.996;10:35:32
2984;29.9151;29.7155;-256.747;-256.254;-256.7;-256.888;-256.95;-255.988;10:35:33
2985;29.9151;29.7077;-256.751;-256.262;-256.7;-256.895;-256.95;-255.996;10:35:33
2986;29.9229;29.7077;-256.751;-256.254;-256.692;-256.903;-256.942;-255.988;10:35:34
2987;29.9229;29.7077;-256.751;-256.254;-256.7;-256.895;-256.942;-255.996;10:35:34
2988;29.9151;29.7077;-256.751;-256.262;-256.7;-256.895;-256.95;-255.996;10:35:35
2989;29.9229;29.7077;-256.755;-256.254;-256.7;-256.888;-256.95;-255.996;10:35:35
2990;29.9229;29.7155;-256.751;-256.262;-256.692;-256.895;-256.95;-255.996;10:35:36
2991;29.9229;29.7077;-256.755;-256.254;-256.7;-256.895;-256.942;-255.996;10:35:36
2992;29.9307;29.7077;-256.751;-256.254;-256.7;-256.895;-256.95;-255.996;10:35:37
2993;29.9229;29.7155;-256.751;-256.262;-256.7;-256.895;-256.958;-255.996;10:35:37
2994;29.9307;29.7077;-256.755;-256.254;-256.7;-256.895;-256.95;-255.988;10:35:38
2995;29.9385;29.7155;-256.751;-256.254;-256.7;-256.895;-256.95;-255.996;10:35:38
2996;29.9385;29.7155;-256.751;-256.262;-256.7;-256.895;-256.95;-255.988;10:35:39
2997;29.9307;29.7155;-256.751;-256.262;-256.7;-256.888;-256.95;-255.996;10:35:39
2998;29.9229;29.7077;-256.751;-256.262;-256.7;-256.895;-256.942;-255.996;10:35:40
2999;29.9307;29.7155;-256.747;-256.262;-256.7;-256.895;-256.942;-255.988;10:35:40
3000;29.9229;29.7077;-256.751;-256.262;-256.7;-256.895;-256.95;-255.988;10:35:41
3001;29.9229;29.7077;-256.747;-256.262;-256.708;-256.888;-256.958;-255.988;10:35:41
3002;29.9307;29.7077;-256.751;-256.262;-256.7;-256.895;-256.95;-255.988;10:35:42
3003;29.9307;29.7077;-256.751;-256.262;-256.7;-256.895;-256.95;-255.988;10:35:42
3004;29.9229;29.6999;-256.751;-256.262;-256.692;-256.895;-256.942;-255.988;10:35:43
3005;29.9229;29.6999;-256.751;-256.269;-256.7;-256.895;-256.95;-255.988;10:35:43
3006;29.9307;29.7077;-256.751;-256.262;-256.692;-256.888;-256.95;-255.988;10:35:44
3007;29.9229;29.6999;-256.751;-256.262;-256.7;-256.895;-256.95;-255.988;10:35:44
3008;29.9307;29.7077;-256.751;-256.262;-256.692;-256.888;-256.942;-255.98;10:35:45
3009;29.9229;29.7077;-256.747;-256.262;-256.7;-256.888;-256.95;-255.988;10:35:45
3010;29.9151;29.6999;-256.751;-256.262;-256.708;-256.888;-256.942;-255.988;10:35:46
3011;29.9229;29.7155;-256.751;-256.254;-256.7;-256.903;-256.935;-255.988;10:35:46
3012;29.9229;29.7077;-256.751;-256.262;-256.7;-256.895;-256.942;-255.98;10:35:47
3013;29.9229;29.7233;-256.751;-256.262;-256.708;-256.895;-256.95;-255.988;10:35:47
3014;29.9229;29.7155;-256.751;-256.262;-256.7;-256.888;-256.942;-255.988;10:35:48
3015;29.9307;29.7155;-256.751;-256.262;-256.692;-256.903;-256.942;-255.988;10:35:48
3016;29.9229;29.7155;-256.747;-256.254;-256.7;-256.895;-256.942;-255.98;10:35:49
3017;29.9307;29.7155;-256.751;-256.262;-256.7;-256.895;-256.95;-255.988;10:35:49
3018;29.9229;29.7233;-256.747;-256.254;-256.7;-256.895;-256.942;-255.988;10:35:50
3019;29.9385;29.7233;-256.747;-256.262;-256.7;-256.895;-256.942;-255.988;10:35:50
3020;29.9151;29.7155;-256.751;-256.262;-256.692;-256.895;-256.95;-255.98;10:35:51
3021;29.9229;29.7233;-256.747;-256.254;-256.7;-256.895;-256.95;-255.988;10:35:51
3022;29.9151;29.7155;-256.751;-256.262;-256.7;-256.895;-256.942;-255.996;10:35:52
3023;29.9229;29.7233;-256.751;-256.262;-256.692;-256.888;-256.942;-255.98;10:35:52
3024;29.9229;29.7233;-256.747;-256.254;-256.7;-256.895;-256.958;-255.988;10:35:53
3025;29.9229;29.7155;-256.739;-256.262;-256.708;-256.888;-256.95;-255.988;10:35:53
3026;29.9229;29.7312;-256.743;-256.254;-256.7;-256.903;-256.95;-255.996;10:35:54
3027;29.9229;29.7233;-256.739;-256.262;-256.7;-256.895;-256.942;-255.996;10:35:54
3028;29.9229;29.7312;-256.743;-256.262;-256.7;-256.895;-256.95;-256.003;10:35:55
3029;29.9229;29.7233;-256.735;-256.254;-256.708;-256.888;-256.95;-255.988;10:35:55
3030;29.9229;29.7233;-256.743;-256.262;-256.7;-256.88;-256.942;-255.996;10:35:56
3031;29.9151;29.7233;-256.743;-256.262;-256.7;-256.888;-256.942;-255.996;10:35:56
3032;29.9229;29.7233;-256.735;-256.254;-256.7;-256.888;-256.935;-255.988;10:35:57
3033;29.9229;29.7233;-256.743;-256.262;-256.708;-256.888;-256.95;-255.996;10:35:57
3034;29.9229;29.7312;-256.743;-256.254;-256.692;-256.888;-256.942;-255.988;10:35:58
3035;29.9307;29.7233;-256.747;-256.262;-256.708;-256.895;-256.942;-255.996;10:35:58
3036;29.9307;29.7233;-256.747;-256.254;-256.7;-256.888;-256.942;-255.996;10:35:59
3037;29.9229;29.7233;-256.743;-256.254;-256.708;-256.895;-256.942;-255.996;10:35:59
3038;29.9307;29.7233;-256.747;-256.254;-256.708;-256.888;-256.942;-255.996;10:36:00
3039;29.9307;29.7233;-256.747;-256.254;-256.708;-256.895;-256.935;-256.003;10:36:00
3040;29.9229;29.7233;-256.751;-256.25;-256.7;-256.888;-256.95;-256.003;10:36:01
3041;29.9307;29.7233;-256.747;-256.254;-256.7;-256.888;-256.95;-255.988;10:36:01
3042;29.9307;29.7312;-256.747;-256.254;-256.708;-256.895;-256.942;-255.996;10:36:02
3043;29.9307;29.7233;-256.747;-256.254;-256.7;-256.895;-256.935;-256.003;10:36:02
3044;29.9385;29.7312;-256.747;-256.262;-256.7;-256.895;-256.95;-255.988;10:36:03
3045;29.9385;29.7233;-256.751;-256.254;-256.708;-256.895;-256.95;-255.996;10:36:03
3046;29.9464;29.7312;-256.751;-256.262;-256.7;-256.895;-256.95;-255.996;10:36:04
3047;29.9385;29.7312;-256.747;-256.254;-256.708;-256.895;-256.95;-255.988;10:36:04
3048;29.9385;29.739;-256.747;-256.262;-256.708;-256.895;-256.95;-255.996;10:36:05
3049;29.9385;29.7312;-256.751;-256.262;-256.7;-256.903;-256.95;-255.996;10:36:05
3050;29.9464;29.739;-256.747;-256.262;-256.708;-256.888;-256.942;-255.996;10:36:06
3051;29.9464;29.7312;-256.747;-256.262;-256.708;-256.895;-256.942;-256.003;10:36:06
3052;29.9464;29.7312;-256.747;-256.254;-256.708;-256.895;-256.942;-255.996;10:36:07
3053;29.9464;29.739;-256.751;-256.262;-256.7;-256.895;-256.95;-256.003;10:36:07
3054;29.9385;29.7312;-256.751;-256.254;-256.7;-256.895;-256.95;-255.996;10:36:08
3055;29.9464;29.739;-256.747;-256.254;-256.708;-256.895;-256.95;-255.996;10:36:08
3056;29.9464;29.739;-256.747;-256.254;-256.7;-256.895;-256.95;-256.003;10:36:09
3057;29.9385;29.7312;-256.747;-256.254;-256.7;-256.895;-256.942;-255.996;10:36:09
3058;29.9464;29.7233;-256.751;-256.262;-256.708;-256.888;-256.95;-255.996;10:36:10
3059;29.9464;29.7312;-256.747;-256.254;-256.7;-256.895;-256.95;-255.996;10:36:10
3060;29.9464;29.7155;-256.743;-256.262;-256.7;-256.895;-256.95;-255.996;10:36:11
3061;29.9464;29.7312;-256.751;-256.269;-256.708;-256.895;-256.958;-255.996;10:36:11
3062;29.9542;29.7233;-256.747;-256.262;-256.7;-256.895;-256.942;-255.996;10:36:12
3063;29.9464;29.7312;-256.751;-256.262;-256.708;-256.895;-256.95;-255.996;10:36:12
3064;29.9464;29.7312;-256.751;-256.262;-256.708;-256.895;-256.942;-255.996;10:36:13
3065;29.9464;29.7233;-256.743;-256.262;-256.7;-256.903;-256.95;-255.996;10:36:13
3066;29.9464;29.7312;-256.751;-256.262;-256.7;-256.895;-256.95;-255.996;10:36:14
3067;29.9464;29.739;-256.743;-256.262;-256.7;-256.895;-256.95;-255.996;10:36:14
3068;29.9464;29.7312;-256.747;-256.262;-256.7;-256.895;-256.942;-255.996;10:36:15
3069;29.9385;29.739;-256.747;-256.262;-256.7;-256.888;-256.958;-255.988;10:36:15
3070;29.9464;29.7312;-256.743;-256.262;-256.7;-256.895;-256.942;-255.996;10:36:16
3071;29.9385;29.739;-256.747;-256.262;-256.7;-256.903;-256.942;-255.996;10:36:16
3072;29.9464;29.739;-256.743;-256.262;-256.7;-256.903;-256.95;-255.996;10:36:17
3073;29.9464;29.7312;-256.747;-256.262;-256.7;-256.895;-256.95;-255.996;10:36:17
3074;29.9464;29.739;-256.743;-256.269;-256.708;-256.895;-256.95;-255.988;10:36:18
3075;29.9542;29.7312;-256.743;-256.262;-256.7;-256.903;-256.942;-255.996;10:36:18
3076;29.9464;29.7312;-256.743;-256.254;-256.7;-256.895;-256.95;-255.996;10:36:19
3077;29.9542;29.7312;-256.743;-256.262;-256.708;-256.895;-256.95;-255.996;10:36:19
3078;29.9464;29.739;-256.743;-256.269;-256.708;-256.895;-256.95;-255.996;10:36:20
3079;29.9542;29.7312;-256.747;-256.262;-256.7;-256.895;-256.95;-255.988;10:36:20
3080;29.9542;29.739;-256.743;-256.269;-256.708;-256.895;-256.95;-255.996;10:36:21
3081;29.9464;29.739;-256.747;-256.262;-256.7;-256.903;-256.958;-256.003;10:36:21
3082;29.9542;29.739;-256.743;-256.262;-256.7;-256.903;-256.95;-255.988;10:36:22
3083;29.9542;29.739;-256.747;-256.269;-256.7;-256.895;-256.95;-256.003;10:36:22
3084;29.9464;29.7468;-256.747;-256.262;-256.7;-256.903;-256.95;-255.996;10:36:23
3085;29.9542;29.739;-256.747;-256.254;-256.7;-256.895;-256.95;-255.996;10:36:23
3086;29.9542;29.7468;-256.743;-256.262;-256.7;-256.895;-256.942;-255.996;10:36:24
3087;29.9542;29.739;-256.747;-256.269;-256.7;-256.903;-256.95;-255.996;10:36:24
3088;29.9542;29.739;-256.747;-256.262;-256.7;-256.895;-256.95;-255.996;10:36:25
3089;29.9464;29.739;-256.747;-256.262;-256.692;-256.895;-256.942;-255.996;10:36:25
3090;29.9542;29.7468;-256.747;-256.262;-256.7;-256.895;-256.95;-256.003;10:36:26
3091;29.9542;29.739;-256.743;-256.262;-256.7;-256.895;-256.942;-255.996;10:36:26
3092;29.9464;29.7468;-256.743;-256.262;-256.7;-256.895;-256.942;-256.003;10:36:27
3093;29.9464;29.739;-256.735;-256.254;-256.692;-256.888;-256.95;-256.003;10:36:27
3094;29.9464;29.7468;-256.743;-256.262;-256.708;-256.895;-256.942;-255.996;10:36:28
3095;29.9464;29.7468;-256.735;-256.262;-256.692;-256.903;-256.942;-256.003;10:36:28
3096;29.9542;29.739;-256.743;-256.262;-256.692;-256.895;-256.942;-256.003;10:36:29
3097;29.9464;29.7468;-256.743;-256.262;-256.7;-256.888;-256.942;-256.003;10:36:29
3098;29.9464;29.739;-256.743;-256.262;-256.692;-256.895;-256.942;-255.996;10:36:30
3099;29.9542;29.7468;-256.743;-256.262;-256.7;-256.903;-256.95;-256.003;10:36:30
3100;29.9464;29.739;-256.739;-256.254;-256.7;-256.888;-256.942;-255.996;10:36:31
3101;29.9542;29.7468;-256.747;-256.262;-256.7;-256.895;-256.958;-256.003;10:36:31
3102;29.962;29.7468;-256.743;-256.254;-256.7;-256.895;-256.95;-255.996;10:36:32
3103;29.9542;29.7468;-256.743;-256.262;-256.7;-256.895;-256.942;-255.996;10:36:32
3104;29.9542;29.7468;-256.747;-256.262;-256.692;-256.895;-256.95;-255.996;10:36:33
3105;29.9542;29.739;-256.747;-256.254;-256.7;-256.888;-256.942;-255.996;10:36:33
3106;29.962;29.739;-256.743;-256.254;-256.692;-256.895;-256.95;-255.996;10:36:34
3107;29.9464;29.7468;-256.743;-256.254;-256.692;-256.903;-256.935;-255.996;10:36:34
3108;29.9542;29.7468;-256.735;-256.262;-256.7;-256.895;-256.942;-255.996;10:36:35
3109;29.962;29.739;-256.743;-256.262;-256.692;-256.895;-256.95;-255.988;10:36:35
3110;29.9542;29.7468;-256.743;-256.254;-256.7;-256.895;-256.942;-255.996;10:36:36
3111;29.962;29.7468;-256.743;-256.254;-256.692;-256.895;-256.95;-255.996;10:36:36
3112;29.962;29.739;-256.743;-256.262;-256.7;-256.903;-256.942;-255.996;10:36:37
3113;29.962;29.7468;-256.735;-256.254;-256.692;-256.895;-256.95;-256.003;10:36:37
3114;29.9542;29.739;-256.747;-256.254;-256.692;-256.895;-256.95;-255.996;10:36:38
3115;29.962;29.7546;-256.743;-256.254;-256.692;-256.903;-256.942;-256.003;10:36:38
3116;29.962;29.7468;-256.747;-256.25;-256.7;-256.895;-256.95;-255.996;10:36:39
3117;29.962;29.7546;-256.743;-256.262;-256.7;-256.895;-256.95;-255.996;10:36:39
3118;29.962;29.7468;-256.747;-256.254;-256.7;-256.895;-256.95;-256.003;10:36:40
3119;29.962;29.7468;-256.747;-256.254;-256.7;-256.895;-256.942;-256.003;10:36:40
3120;29.962;29.7468;-256.751;-256.254;-256.692;-256.895;-256.95;-256.003;10:36:41
3121;29.962;29.739;-256.751;-256.262;-256.7;-256.888;-256.95;-255.996;10:36:41
3122;29.962;29.7468;-256.751;-256.254;-256.7;-256.895;-256.95;-255.996;10:36:42
3123;29.962;29.7468;-256.751;-256.254;-256.7;-256.895;-256.95;-255.988;10:36:42
3124;29.9698;29.7546;-256.751;-256.262;-256.7;-256.895;-256.958;-256.003;10:36:43
3125;29.962;29.739;-256.747;-256.254;-256.7;-256.895;-256.958;-256.003;10:36:43
3126;29.962;29.7546;-256.751;-256.254;-256.7;-256.888;-256.95;-255.996;10:36:44
3127;29.962;29.7468;-256.751;-256.262;-256.692;-256.903;-256.95;-256.003;10:36:44
3128;29.9698;29.7468;-256.747;-256.254;-256.7;-256.895;-256.95;-255.996;10:36:45
3129;29.962;29.7468;-256.751;-256.254;-256.7;-256.888;-256.95;-255.996;10:36:45
3130;29.962;29.7468;-256.751;-256.254;-256.7;-256.895;-256.95;-256.003;10:36:46
3131;29.962;29.7468;-256.755;-256.254;-256.692;-256.903;-256.942;-256.003;10:36:46
3132;29.9698;29.7546;-256.751;-256.262;-256.7;-256.895;-256.942;-255.996;10:36:47
3133;29.9542;29.7468;-256.751;-256.262;-256.692;-256.895;-256.95;-255.996;10:36:47
3134;29.9698;29.7468;-256.751;-256.254;-256.7;-256.895;-256.942;-256.003;10:36:48
3135;29.9542;29.739;-256.747;-256.254;-256.692;-256.903;-256.942;-255.996;10:36:48
3136;29.962;29.7468;-256.751;-256.269;-256.692;-256.895;-256.942;-256.003;10:36:49
3137;29.962;29.7468;-256.751;-256.262;-256.692;-256.895;-256.95;-255.996;10:36:49
3138;29.9542;29.739;-256.751;-256.262;-256.692;-256.888;-256.95;-256.003;10:36:50
3139;29.962;29.7546;-256.751;-256.262;-256.692;-256.903;-256.95;-255.996;10:36:50
3140;29.962;29.7468;-256.751;-256.262;-256.7;-256.888;-256.942;-255.996;10:36:51
3141;29.962;29.739;-256.747;-256.262;-256.692;-256.895;-256.935;-255.996;10:36:51
3142;29.962;29.7546;-256.751;-256.254;-256.692;-256.895;-256.942;-255.996;10:36:52
3143;29.962;29.7468;-256.747;-256.254;-256.692;-256.895;-256.935;-256.003;10:36:52
3144;29.962;29.7468;-256.751;-256.262;-256.692;-256.895;-256.942;-256.003;10:36:53
3145;29.9542;29.7468;-256.747;-256.262;-256.692;-256.895;-256.942;-255.996;10:36:53
3146;29.9542;29.7468;-256.751;-256.254;-256.7;-256.895;-256.942;-255.996;10:36:54
3147;29.9542;29.7468;-256.747;-256.254;-256.692;-256.903;-256.95;-256.003;10:36:54
3148;29.9542;29.7625;-256.751;-256.269;-256.708;-256.888;-256.95;-256.003;10:36:55
3149;29.9542;29.7468;-256.747;-256.254;-256.692;-256.895;-256.95;-256.003;10:36:55
3150;29.9542;29.7625;-256.747;-256.262;-256.692;-256.895;-256.958;-256.003;10:36:56
3151;29.9542;29.7546;-256.747;-256.254;-256.692;-256.895;-256.95;-255.996;10:36:56
3152;29.9542;29.7468;-256.751;-256.254;-256.692;-256.895;-256.942;-256.003;10:36:57
3153;29.9542;29.7546;-256.751;-256.262;-256.692;-256.895;-256.958;-255.996;10:36:57
3154;29.9464;29.7546;-256.751;-256.254;-256.684;-256.888;-256.95;-256.003;10:36:58
3155;29.9542;29.7546;-256.751;-256.254;-256.692;-256.895;-256.942;-255.996;10:36:58
3156;29.9542;29.7546;-256.751;-256.262;-256.692;-256.895;-256.95;-256.011;10:36:59
3157;29.962;29.7546;-256.747;-256.254;-256.7;-256.895;-256.95;-255.996;10:36:59
3158;29.9542;29.7546;-256.751;-256.262;-256.7;-256.888;-256.958;-255.996;10:37:00
3159;29.962;29.7546;-256.755;-256.262;-256.7;-256.903;-256.95;-255.996;10:37:00
3160;29.9542;29.7625;-256.751;-256.262;-256.692;-256.895;-256.95;-255.996;10:37:01
3161;29.9542;29.7546;-256.751;-256.254;-256.7;-256.895;-256.958;-256.003;10:37:01
3162;29.9542;29.7546;-256.755;-256.262;-256.692;-256.895;-256.95;-255.996;10:37:02
3163;29.962;29.7546;-256.751;-256.254;-256.692;-256.895;-256.95;-255.996;10:37:02
3164;29.962;29.7546;-256.751;-256.262;-256.7;-256.903;-256.95;-255.996;10:37:03
3165;29.962;29.7625;-256.751;-256.262;-256.692;-256.903;-256.966;-255.996;10:37:03
3166;29.9698;29.7546;-256.751;-256.254;-256.692;-256.895;-256.95;-255.988;10:37:04
3167;29.962;29.7546;-256.747;-256.262;-256.692;-256.895;-256.95;-255.996;10:37:04
3168;29.962;29.7625;-256.751;-256.254;-256.692;-256.895;-256.95;-255.996;10:37:05
3169;29.9698;29.7546;-256.751;-256.254;-256.692;-256.903;-256.95;-255.988;10:37:05
3170;29.9542;29.7546;-256.747;-256.262;-256.692;-256.888;-256.958;-255.988;10:37:06
3171;29.962;29.7625;-256.751;-256.262;-256.7;-256.895;-256.942;-255.996;10:37:06
3172;29.9542;29.7625;-256.747;-256.262;-256.692;-256.903;-256.95;-255.996;10:37:07
3173;29.9542;29.7546;-256.751;-256.254;-256.7;-256.895;-256.958;-255.996;10:37:07
3174;29.9542;29.7468;-256.751;-256.262;-256.7;-256.903;-256.95;-256.003;10:37:08
3175;29.9542;29.7546;-256.751;-256.254;-256.7;-256.903;-256.958;-255.996;10:37:08
3176;29.9542;29.7546;-256.751;-256.254;-256.7;-256.895;-256.958;-256.003;10:37:09
3177;29.962;29.7625;-256.751;-256.254;-256.692;-256.895;-256.958;-255.988;10:37:09
3178;29.9542;29.7468;-256.751;-256.254;-256.692;-256.903;-256.95;-256.003;10:37:10
3179;29.962;29.7546;-256.747;-256.262;-256.7;-256.895;-256.942;-255.996;10:37:10
3180;29.9542;29.7468;-256.751;-256.254;-256.692;-256.895;-256.942;-255.996;10:37:11
3181;29.9542;29.7468;-256.751;-256.262;-256.692;-256.895;-256.95;-255.988;10:37:11
3182;29.962;29.7546;-256.751;-256.254;-256.7;-256.895;-256.958;-255.996;10:37:12
3183;29.9542;29.7625;-256.755;-256.262;-256.692;-256.895;-256.95;-255.988;10:37:12
3184;29.962;29.7625;-256.751;-256.254;-256.7;-256.888;-256.95;-255.996;10:37:13
3185;29.9542;29.7625;-256.755;-256.269;-256.7;-256.903;-256.95;-255.996;10:37:13
3186;29.9542;29.7703;-256.755;-256.262;-256.7;-256.895;-256.958;-255.996;10:37:14
3187;29.9542;29.7625;-256.751;-256.262;-256.7;-256.895;-256.95;-255.996;10:37:14
3188;29.9542;29.7546;-256.751;-256.262;-256.692;-256.895;-256.958;-255.996;10:37:15
3189;29.9542;29.7625;-256.747;-256.262;-256.692;-256.895;-256.958;-256.003;10:37:15
3190;29.9698;29.7625;-256.747;-256.262;-256.692;-256.895;-256.958;-255.996;10:37:16
3191;29.962;29.7546;-256.751;-256.262;-256.692;-256.895;-256.95;-256.003;10:37:16
3192;29.962;29.7625;-256.751;-256.262;-256.692;-256.903;-256.958;-255.996;10:37:17
3193;29.962;29.7625;-256.751;-256.254;-256.7;-256.903;-256.958;-255.996;10:37:17
3194;29.962;29.7625;-256.751;-256.254;-256.692;-256.895;-256.958;-255.988;10:37:18
3195;29.9698;29.7546;-256.755;-256.262;-256.692;-256.903;-256.958;-255.996;10:37:18
3196;29.9698;29.7703;-256.751;-256.262;-256.7;-256.911;-256.958;-256.003;10:37:19
3197;29.9698;29.7625;-256.751;-256.254;-256.692;-256.895;-256.958;-255.996;10:37:19
3198;29.9698;29.7625;-256.751;-256.262;-256.7;-256.895;-256.958;-255.996;10:37:20
3199;29.9698;29.7625;-256.751;-256.262;-256.692;-256.895;-256.958;-255.996;10:37:20
3200;29.9698;29.7546;-256.755;-256.262;-256.7;-256.903;-256.958;-256.003;10:37:21
3201;29.962;29.7468;-256.751;-256.262;-256.692;-256.888;-256.958;-255.996;10:37:21
3202;29.962;29.7546;-256.755;-256.262;-256.7;-256.903;-256.958;-255.988;10:37:22
3203;29.962;29.7546;-256.755;-256.254;-256.7;-256.895;-256.958;-256.003;10:37:22
3204;29.962;29.7546;-256.755;-256.262;-256.7;-256.895;-256.95;-255.996;10:37:23
3205;29.9698;29.7546;-256.747;-256.262;-256.7;-256.895;-256.95;-255.996;10:37:23
3206;29.9698;29.7546;-256.747;-256.262;-256.7;-256.903;-256.958;-255.996;10:37:24
3207;29.9777;29.7546;-256.747;-256.262;-256.692;-256.903;-256.942;-255.996;10:37:24
3208;29.9855;29.7625;-256.743;-256.262;-256.7;-256.895;-256.942;-255.996;10:37:25
3209;29.9777;29.7625;-256.747;-256.262;-256.7;-256.903;-256.95;-255.988;10:37:25
3210;29.9855;29.7546;-256.743;-256.262;-256.7;-256.895;-256.942;-256.003;10:37:26
3211;29.9698;29.7625;-256.747;-256.262;-256.708;-256.903;-256.942;-255.996;10:37:26
3212;29.9777;29.7625;-256.743;-256.254;-256.708;-256.903;-256.942;-255.996;10:37:27
3213;29.9855;29.7468;-256.747;-256.262;-256.692;-256.895;-256.95;-255.996;10:37:27
3214;29.9777;29.7546;-256.743;-256.269;-256.7;-256.895;-256.958;-255.996;10:37:28
3215;29.9698;29.7546;-256.735;-256.262;-256.7;-256.895;-256.942;-256.003;10:37:28
3216;29.9855;29.7546;-256.743;-256.269;-256.7;-256.888;-256.95;-255.996;10:37:29
3217;29.9777;29.7546;-256.743;-256.269;-256.7;-256.888;-256.95;-255.996;10:37:29
3218;29.9777;29.7546;-256.743;-256.269;-256.7;-256.88;-256.95;-255.996;10:37:30
3219;29.9777;29.7546;-256.743;-256.262;-256.708;-256.895;-256.95;-255.988;10:37:30
3220;29.9777;29.7546;-256.747;-256.269;-256.708;-256.895;-256.942;-255.996;10:37:31
3221;29.9777;29.7546;-256.739;-256.269;-256.7;-256.888;-256.95;-255.996;10:37:31
3222;29.9777;29.7546;-256.743;-256.269;-256.708;-256.895;-256.95;-255.996;10:37:32
3223;29.9855;29.7546;-256.747;-256.262;-256.7;-256.895;-256.942;-255.996;10:37:32
3224;29.9777;29.7546;-256.747;-256.269;-256.7;-256.895;-256.95;-255.996;10:37:33
3225;29.9855;29.7546;-256.743;-256.269;-256.708;-256.895;-256.942;-255.988;10:37:33
3226;29.9777;29.7546;-256.747;-256.269;-256.7;-256.888;-256.942;-255.996;10:37:34
3227;29.9777;29.7546;-256.743;-256.269;-256.7;-256.895;-256.95;-256.003;10:37:34
3228;29.9855;29.7468;-256.747;-256.262;-256.7;-256.895;-256.95;-255.988;10:37:35
3229;29.9777;29.7546;-256.739;-256.269;-256.708;-256.888;-256.95;-255.996;10:37:35
3230;29.9777;29.7468;-256.751;-256.254;-256.7;-256.888;-256.942;-255.996;10:37:36
3231;29.9777;29.7546;-256.747;-256.269;-256.7;-256.895;-256.942;-256.003;10:37:36
3232;29.9777;29.7546;-256.751;-256.262;-256.708;-256.888;-256.95;-256.003;10:37:37
3233;29.9777;29.7546;-256.747;-256.262;-256.708;-256.888;-256.942;-255.996;10:37:37
3234;29.9855;29.7625;-256.747;-256.269;-256.7;-256.888;-256.942;-256.003;10:37:38
3235;29.9777;29.7625;-256.747;-256.269;-256.708;-256.888;-256.95;-255.996;10:37:38
3236;29.9855;29.7625;-256.747;-256.269;-256.708;-256.895;-256.95;-256.003;10:37:39
3237;29.9777;29.7625;-256.747;-256.262;-256.7;-256.888;-256.942;-256.003;10:37:39
3238;29.9777;29.7546;-256.743;-256.269;-256.7;-256.88;-256.942;-255.996;10:37:40
3239;29.9777;29.7546;-256.747;-256.269;-256.708;-256.888;-256.942;-256.003;10:37:40
3240;29.9698;29.7625;-256.743;-256.269;-256.708;-256.888;-256.942;-255.996;10:37:41
3241;29.9698;29.7703;-256.747;-256.277;-256.7;-256.888;-256.942;-255.996;10:37:41
3242;29.9698;29.7625;-256.751;-256.269;-256.708;-256.888;-256.942;-255.996;10:37:42
3243;29.9698;29.7625;-256.747;-256.269;-256.708;-256.888;-256.935;-255.988;10:37:42
3244;29.9698;29.7625;-256.751;-256.269;-256.708;-256.88;-256.942;-256.003;10:37:43
3245;29.962;29.7625;-256.747;-256.262;-256.7;-256.888;-256.942;-255.996;10:37:43
3246;29.9698;29.7703;-256.747;-256.269;-256.708;-256.88;-256.95;-255.996;10:37:44
3247;29.9698;29.7625;-256.747;-256.262;-256.708;-256.888;-256.942;-255.988;10:37:44
3248;29.9698;29.7703;-256.751;-256.262;-256.7;-256.895;-256.935;-255.996;10:37:45
3249;29.9698;29.7703;-256.743;-256.262;-256.708;-256.88;-256.942;-255.996;10:37:45
3250;29.9698;29.7703;-256.751;-256.254;-256.708;-256.895;-256.95;-255.996;10:37:46
3251;29.9777;29.7781;-256.751;-256.262;-256.708;-256.888;-256.95;-255.996;10:37:46
3252;29.9777;29.7703;-256.747;-256.262;-256.708;-256.888;-256.942;-255.996;10:37:47
3253;29.9698;29.7625;-256.751;-256.262;-256.708;-256.88;-256.95;-255.996;10:37:47
3254;29.9777;29.7625;-256.747;-256.262;-256.708;-256.888;-256.942;-255.996;10:37:48
3255;29.9698;29.7625;-256.751;-256.254;-256.7;-256.88;-256.942;-255.996;10:37:48
3256;29.9777;29.7703;-256.751;-256.254;-256.708;-256.895;-256.942;-255.996;10:37:49
3257;29.9777;29.7625;-256.747;-256.262;-256.7;-256.88;-256.942;-255.996;10:37:49
3258;29.9777;29.7625;-256.747;-256.254;-256.7;-256.888;-256.95;-255.996;10:37:50
3259;29.9777;29.7703;-256.747;-256.254;-256.692;-256.88;-256.942;-256.003;10:37:50
3260;29.9855;29.7703;-256.747;-256.262;-256.708;-256.888;-256.942;-255.996;10:37:51
3261;29.9855;29.7625;-256.743;-256.254;-256.7;-256.888;-256.942;-255.996;10:37:51
3262;29.9777;29.7703;-256.743;-256.262;-256.708;-256.888;-256.942;-255.98;10:37:52
3263;29.9855;29.7625;-256.747;-256.262;-256.7;-256.888;-256.942;-255.98;10:37:52
3264;29.9933;29.7625;-256.743;-256.262;-256.7;-256.888;-256.935;-255.98;10:37:53
3265;29.9777;29.7625;-256.747;-256.262;-256.708;-256.888;-256.942;-255.988;10:37:53
3266;29.9855;29.7703;-256.747;-256.262;-256.7;-256.888;-256.95;-255.98;10:37:54
3267;29.9855;29.7625;-256.739;-256.262;-256.692;-256.895;-256.942;-255.98;10:37:54
3268;29.9933;29.7781;-256.747;-256.254;-256.7;-256.888;-256.942;-255.98;10:37:55
3269;29.9777;29.7625;-256.743;-256.262;-256.7;-256.888;-256.942;-255.98;10:37:55
3270;29.9855;29.7703;-256.747;-256.254;-256.7;-256.888;-256.942;-255.98;10:37:56
3271;29.9855;29.7625;-256.751;-256.254;-256.708;-256.895;-256.942;-255.98;10:37:56
3272;29.9855;29.7703;-256.758;-256.262;-256.7;-256.895;-256.942;-255.988;10:37:57
3273;29.9855;29.7625;-256.755;-256.254;-256.708;-256.888;-256.95;-255.988;10:37:57
3274;29.9855;29.7703;-256.758;-256.262;-256.7;-256.888;-256.95;-255.988;10:37:58
3275;29.9933;29.7625;-256.755;-256.254;-256.708;-256.895;-256.95;-255.996;10:37:58
3276;29.9855;29.7703;-256.755;-256.262;-256.715;-256.88;-256.958;-255.988;10:37:59
3277;29.9855;29.7703;-256.755;-256.262;-256.708;-256.888;-256.95;-255.988;10:37:59
3278;29.9855;29.7625;-256.758;-256.254;-256.708;-256.88;-256.95;-255.988;10:38:00
3279;29.9855;29.7703;-256.758;-256.262;-256.708;-256.88;-256.958;-255.988;10:38:00
3280;29.9777;29.7703;-256.755;-256.262;-256.708;-256.88;-256.95;-255.98;10:38:01
3281;29.9855;29.7703;-256.755;-256.262;-256.708;-256.888;-256.95;-255.988;10:38:01
3282;29.9777;29.7703;-256.758;-256.262;-256.708;-256.88;-256.958;-255.98;10:38:02
3283;29.9777;29.7781;-256.758;-256.262;-256.715;-256.88;-256.95;-255.988;10:38:02
3284;29.9855;29.7703;-256.758;-256.262;-256.708;-256.895;-256.958;-255.98;10:38:03
3285;29.9855;29.7625;-256.758;-256.262;-256.708;-256.888;-256.958;-255.988;10:38:03
3286;29.9777;29.7625;-256.758;-256.262;-256.715;-256.888;-256.958;-255.988;10:38:04
3287;29.9777;29.7703;-256.755;-256.262;-256.715;-256.888;-256.95;-255.98;10:38:04
3288;29.9855;29.7625;-256.758;-256.262;-256.708;-256.888;-256.95;-255.988;10:38:05
3289;29.9777;29.7703;-256.755;-256.269;-256.715;-256.88;-256.95;-255.98;10:38:05
3290;29.9933;29.7703;-256.758;-256.262;-256.708;-256.88;-256.958;-255.988;10:38:06
3291;29.9933;29.7703;-256.755;-256.262;-256.715;-256.88;-256.95;-255.98;10:38:06
3292;29.9855;29.7703;-256.755;-256.262;-256.708;-256.888;-256.95;-255.988;10:38:07
3293;29.9855;29.7703;-256.755;-256.254;-256.708;-256.88;-256.942;-255.98;10:38:07
3294;29.9855;29.7703;-256.755;-256.269;-256.708;-256.888;-256.958;-255.988;10:38:08
3295;29.9855;29.7703;-256.755;-256.262;-256.708;-256.888;-256.95;-255.98;10:38:08
3296;29.9855;29.7781;-256.755;-256.254;-256.708;-256.888;-256.95;-255.988;10:38:09
3297;29.9777;29.7781;-256.758;-256.269;-256.7;-256.888;-256.95;-255.996;10:38:09
3298;29.9777;29.7781;-256.755;-256.262;-256.7;-256.88;-256.958;-255.988;10:38:10
3299;29.9855;29.7703;-256.755;-256.262;-256.7;-256.888;-256.95;-255.988;10:38:10
3300;29.9777;29.7703;-256.755;-256.262;-256.708;-256.895;-256.95;-255.988;10:38:11
3301;29.9777;29.7781;-256.758;-256.262;-256.7;-256.888;-256.958;-255.98;10:38:11
3302;29.962;29.7859;-256.755;-256.269;-256.708;-256.88;-256.958;-255.988;10:38:12
3303;29.9777;29.7781;-256.758;-256.254;-256.7;-256.888;-256.95;-255.98;10:38:12
3304;29.9777;29.7781;-256.758;-256.254;-256.708;-256.888;-256.95;-255.988;10:38:13
3305;29.9777;29.7781;-256.755;-256.262;-256.7;-256.888;-256.958;-255.98;10:38:13
3306;29.9777;29.7781;-256.758;-256.254;-256.7;-256.888;-256.958;-255.98;10:38:14
3307;29.9855;29.7859;-256.755;-256.262;-256.708;-256.888;-256.95;-255.988;10:38:14
3308;29.9777;29.7781;-256.751;-256.254;-256.7;-256.888;-256.942;-255.988;10:38:15
3309;29.9777;29.7859;-256.755;-256.254;-256.7;-256.88;-256.95;-255.988;10:38:15
3310;29.9777;29.7781;-256.758;-256.262;-256.7;-256.888;-256.942;-255.988;10:38:16
3311;29.9855;29.7781;-256.755;-256.254;-256.7;-256.888;-256.95;-255.98;10:38:16
3312;29.9855;29.7859;-256.755;-256.262;-256.708;-256.888;-256.95;-255.988;10:38:17
3313;29.9855;29.7781;-256.758;-256.262;-256.7;-256.888;-256.942;-255.972;10:38:17
3314;29.9777;29.7859;-256.751;-256.262;-256.7;-256.888;-256.942;-255.98;10:38:18
3315;29.9855;29.7781;-256.755;-256.262;-256.692;-256.88;-256.942;-255.98;10:38:18
3316;29.9777;29.7781;-256.751;-256.262;-256.7;-256.888;-256.942;-255.988;10:38:19
3317;29.9777;29.7859;-256.751;-256.262;-256.708;-256.888;-256.935;-255.98;10:38:19
3318;29.9777;29.7859;-256.751;-256.254;-256.7;-256.888;-256.958;-255.988;10:38:20
3319;29.9855;29.7859;-256.751;-256.269;-256.7;-256.88;-256.942;-255.98;10:38:20
3320;29.9777;29.7859;-256.751;-256.262;-256.7;-256.888;-256.95;-255.98;10:38:21
3321;29.9777;29.7781;-256.747;-256.254;-256.7;-256.888;-256.95;-255.988;10:38:21
3322;29.9855;29.7859;-256.751;-256.254;-256.7;-256.888;-256.95;-255.98;10:38:22
3323;29.9855;29.7781;-256.755;-256.262;-256.7;-256.888;-256.958;-255.988;10:38:22
3324;29.9933;29.7938;-256.751;-256.254;-256.7;-256.888;-256.95;-255.996;10:38:23
3325;29.9855;29.7859;-256.755;-256.262;-256.7;-256.88;-256.95;-255.988;10:38:23
3326;29.9855;29.7859;-256.751;-256.262;-256.7;-256.888;-256.95;-255.98;10:38:24
3327;29.9933;29.7859;-256.755;-256.262;-256.7;-256.888;-256.958;-255.988;10:38:24
3328;29.9855;29.7859;-256.751;-256.262;-256.692;-256.895;-256.95;-255.996;10:38:25
3329;29.9933;29.7938;-256.755;-256.262;-256.7;-256.88;-256.958;-255.988;10:38:25
3330;29.9855;29.7859;-256.758;-256.254;-256.7;-256.888;-256.958;-255.988;10:38:26
3331;29.9855;29.7938;-256.755;-256.262;-256.692;-256.88;-256.95;-255.988;10:38:26
3332;29.9933;29.8016;-256.758;-256.262;-256.692;-256.888;-256.942;-255.98;10:38:27
3333;29.9933;29.7938;-256.758;-256.254;-256.7;-256.888;-256.95;-255.988;10:38:27
3334;29.9933;29.8016;-256.755;-256.262;-256.7;-256.888;-256.95;-255.988;10:38:28
3335;29.9933;29.7938;-256.755;-256.262;-256.692;-256.88;-256.942;-255.996;10:38:28
3336;29.9933;29.8016;-256.758;-256.262;-256.7;-256.895;-256.942;-255.988;10:38:29
3337;29.9933;29.7938;-256.755;-256.262;-256.692;-256.888;-256.95;-255.988;10:38:29
3338;29.9933;29.7859;-256.755;-256.262;-256.7;-256.888;-256.95;-255.988;10:38:30
3339;30.0011;29.7938;-256.755;-256.262;-256.684;-256.888;-256.95;-255.996;10:38:30
3340;29.9933;29.7938;-256.755;-256.254;-256.7;-256.888;-256.935;-255.988;10:38:31
3341;30.0011;29.7938;-256.758;-256.262;-256.692;-256.888;-256.95;-255.996;10:38:31
3342;29.9933;29.7938;-256.755;-256.262;-256.7;-256.888;-256.958;-255.988;10:38:32
3343;30.009;29.7938;-256.758;-256.262;-256.7;-256.888;-256.95;-255.988;10:38:32
3344;29.9933;29.7859;-256.755;-256.262;-256.7;-256.888;-256.942;-255.988;10:38:33
3345;30.0011;29.7938;-256.751;-256.254;-256.692;-256.888;-256.942;-255.988;10:38:33
3346;29.9933;29.8016;-256.758;-256.262;-256.692;-256.888;-256.95;-255.996;10:38:34
3347;30.0011;29.8016;-256.755;-256.254;-256.692;-256.888;-256.942;-255.988;10:38:34
3348;30.009;29.8016;-256.751;-256.262;-256.7;-256.888;-256.95;-255.996;10:38:35
3349;30.009;29.7938;-256.751;-256.262;-256.692;-256.895;-256.935;-255.988;10:38:35
3350;30.009;29.8016;-256.751;-256.254;-256.7;-256.888;-256.942;-255.988;10:38:36
3351;30.009;29.8016;-256.747;-256.262;-256.7;-256.888;-256.942;-255.996;10:38:36
3352;30.009;29.8094;-256.751;-256.254;-256.7;-256.888;-256.935;-255.988;10:38:37
3353;30.0011;29.8016;-256.751;-256.262;-256.7;-256.888;-256.942;-255.996;10:38:37
3354;30.009;29.8016;-256.747;-256.254;-256.692;-256.888;-256.942;-255.988;10:38:38
3355;30.0011;29.8016;-256.751;-256.262;-256.708;-256.888;-256.942;-255.996;10:38:38
3356;30.0168;29.7938;-256.751;-256.262;-256.7;-256.888;-256.942;-255.988;10:38:39
3357;30.009;29.7938;-256.747;-256.262;-256.7;-256.888;-256.942;-255.996;10:38:39
3358;30.0168;29.7938;-256.743;-256.262;-256.7;-256.888;-256.942;-255.988;10:38:40
3359;30.0168;29.7938;-256.743;-256.262;-256.7;-256.88;-256.942;-255.988;10:38:40
3360;30.0168;29.7938;-256.747;-256.254;-256.7;-256.888;-256.942;-255.988;10:38:41
3361;30.0168;29.7859;-256.747;-256.262;-256.692;-256.888;-256.942;-255.98;10:38:41
3362;30.0168;29.7938;-256.751;-256.262;-256.7;-256.895;-256.942;-255.988;10:38:42
3363;30.0168;29.7859;-256.747;-256.254;-256.692;-256.888;-256.942;-255.988;10:38:42
3364;30.0168;29.7938;-256.743;-256.262;-256.692;-256.888;-256.942;-255.988;10:38:43
3365;30.0168;29.7938;-256.743;-256.254;-256.7;-256.895;-256.942;-255.996;10:38:43
3366;30.0168;29.7938;-256.747;-256.262;-256.7;-256.888;-256.95;-255.98;10:38:44
3367;30.0246;29.7859;-256.747;-256.254;-256.7;-256.888;-256.942;-255.988;10:38:44
3368;30.0168;29.7859;-256.743;-256.262;-256.7;-256.888;-256.942;-255.98;10:38:45
3369;30.0168;29.7859;-256.747;-256.262;-256.7;-256.888;-256.942;-255.988;10:38:45
3370;30.009;29.7859;-256.743;-256.262;-256.7;-256.888;-256.942;-255.98;10:38:46
3371;30.009;29.7859;-256.747;-256.254;-256.7;-256.888;-256.935;-255.98;10:38:46
3372;30.009;29.7781;-256.743;-256.262;-256.7;-256.888;-256.942;-255.988;10:38:47
3373;30.0168;29.7859;-256.747;-256.262;-256.7;-256.888;-256.935;-255.98;10:38:47
3374;30.009;29.7859;-256.743;-256.262;-256.7;-256.88;-256.942;-255.988;10:38:48
3375;30.0011;29.7781;-256.747;-256.254;-256.7;-256.88;-256.942;-255.98;10:38:48
3376;30.009;29.7859;-256.743;-256.262;-256.708;-256.88;-256.942;-255.98;10:38:49
3377;30.009;29.7859;-256.747;-256.254;-256.692;-256.88;-256.942;-255.98;10:38:49
3378;30.009;29.7859;-256.747;-256.262;-256.692;-256.888;-256.935;-255.98;10:38:50
3379;30.009;29.7938;-256.747;-256.262;-256.7;-256.88;-256.942;-255.988;10:38:50
3380;30.0011;29.7859;-256.747;-256.262;-256.692;-256.888;-256.942;-255.98;10:38:51
3381;30.009;29.7938;-256.751;-256.262;-256.708;-256.88;-256.942;-255.996;10:38:51
3382;30.0011;29.7859;-256.747;-256.254;-256.7;-256.888;-256.935;-255.98;10:38:52
3383;30.009;29.7938;-256.747;-256.262;-256.7;-256.88;-256.942;-255.98;10:38:52
3384;30.0168;29.7859;-256.743;-256.254;-256.7;-256.88;-256.942;-255.988;10:38:53
3385;30.009;29.7938;-256.747;-256.262;-256.7;-256.895;-256.942;-255.988;10:38:53
3386;30.009;29.7938;-256.743;-256.254;-256.692;-256.888;-256.942;-255.98;10:38:54
3387;30.0168;29.8016;-256.747;-256.254;-256.7;-256.888;-256.942;-255.988;10:38:54
3388;30.009;29.7938;-256.747;-256.262;-256.7;-256.888;-256.935;-255.988;10:38:55
3389;30.0168;29.7859;-256.743;-256.254;-256.7;-256.888;-256.942;-255.98;10:38:55
3390;30.009;29.7938;-256.743;-256.262;-256.7;-256.888;-256.942;-255.988;10:38:56
3391;30.009;29.7938;-256.743;-256.262;-256.7;-256.888;-256.942;-255.988;10:38:56
3392;30.009;29.7859;-256.755;-256.254;-256.7;-256.888;-256.935;-255.996;10:38:57
3393;30.009;29.7938;-256.751;-256.254;-256.708;-256.888;-256.942;-255.988;10:38:57
3394;30.009;29.7859;-256.751;-256.262;-256.708;-256.888;-256.935;-255.996;10:38:58
3395;30.009;29.8016;-256.755;-256.262;-256.708;-256.888;-256.942;-255.996;10:38:58
3396;30.0011;29.7859;-256.751;-256.262;-256.708;-256.888;-256.942;-255.988;10:38:59
3397;30.009;29.7938;-256.755;-256.254;-256.708;-256.88;-256.95;-255.996;10:38:59
3398;30.009;29.8016;-256.755;-256.254;-256.708;-256.888;-256.95;-255.988;10:39:00
3399;30.009;29.7938;-256.755;-256.254;-256.708;-256.888;-256.942;-255.996;10:39:00
3400;30.009;29.7938;-256.755;-256.262;-256.7;-256.88;-256.942;-255.988;10:39:01
3401;30.009;29.7859;-256.747;-256.254;-256.708;-256.888;-256.942;-255.988;10:39:01
3402;30.009;29.8016;-256.747;-256.254;-256.7;-256.888;-256.942;-255.996;10:39:02
3403;30.0168;29.7938;-256.747;-256.254;-256.7;-256.88;-256.95;-255.988;10:39:02
3404;30.009;29.7938;-256.747;-256.262;-256.7;-256.895;-256.942;-255.996;10:39:03
3405;30.0168;29.8016;-256.751;-256.262;-256.708;-256.88;-256.942;-255.98;10:39:03
3406;30.009;29.7938;-256.751;-256.262;-256.7;-256.888;-256.942;-255.996;10:39:04
3407;30.0168;29.7938;-256.747;-256.254;-256.7;-256.888;-256.942;-255.996;10:39:04
3408;30.0168;29.7938;-256.747;-256.262;-256.7;-256.888;-256.95;-255.996;10:39:05
3409;30.0168;29.7938;-256.751;-256.254;-256.708;-256.88;-256.942;-255.988;10:39:05
3410;30.0168;29.7938;-256.751;-256.254;-256.7;-256.888;-256.942;-255.996;10:39:06
3411;30.0168;29.7938;-256.747;-256.262;-256.692;-256.888;-256.935;-255.988;10:39:06
3412;30.0168;29.7938;-256.747;-256.254;-256.7;-256.888;-256.942;-255.988;10:39:07
3413;30.0168;29.8016;-256.751;-256.254;-256.692;-256.88;-256.942;-255.988;10:39:07
3414;30.0168;29.7938;-256.747;-256.262;-256.7;-256.888;-256.942;-255.98;10:39:08
3415;30.0168;29.7938;-256.747;-256.254;-256.7;-256.88;-256.942;-255.988;10:39:08
3416;30.0168;29.7938;-256.751;-256.254;-256.7;-256.888;-256.942;-255.988;10:39:09
3417;30.0168;29.7938;-256.751;-256.262;-256.7;-256.888;-256.95;-255.98;10:39:09
3418;30.0168;29.7938;-256.751;-256.254;-256.692;-256.88;-256.942;-255.988;10:39:10
3419;30.0168;29.7859;-256.751;-256.254;-256.7;-256.88;-256.935;-255.988;10:39:10
3420;30.0168;29.7938;-256.751;-256.254;-256.7;-256.88;-256.935;-255.988;10:39:11
3421;30.009;29.7938;-256.751;-256.254;-256.7;-256.888;-256.935;-255.996;10:39:11
3422;30.0168;29.7859;-256.751;-256.262;-256.7;-256.888;-256.942;-256.003;10:39:12
3423;30.009;29.7859;-256.751;-256.25;-256.7;-256.888;-256.942;-255.996;10:39:12
3424;30.0168;29.7859;-256.751;-256.254;-256.692;-256.888;-256.95;-256.003;10:39:13
3425;30.0168;29.7938;-256.751;-256.254;-256.7;-256.888;-256.942;-255.996;10:39:13
3426;30.0168;29.7938;-256.747;-256.254;-256.692;-256.888;-256.942;-256.003;10:39:14
3427;30.0168;29.7938;-256.751;-256.25;-256.708;-256.888;-256.942;-256.003;10:39:14
3428;30.0168;29.7938;-256.758;-256.258;-256.7;-256.895;-256.942;-255.996;10:39:15
3429;30.009;29.7938;-256.755;-256.254;-256.7;-256.888;-256.942;-256.003;10:39:15
3430;30.009;29.7938;-256.751;-256.254;-256.7;-256.88;-256.935;-255.996;10:39:16
3431;30.0011;29.8016;-256.755;-256.254;-256.7;-256.888;-256.942;-256.003;10:39:16
3432;30.009;29.8016;-256.755;-256.254;-256.7;-256.888;-256.935;-255.996;10:39:17
3433;30.0011;29.8016;-256.751;-256.254;-256.7;-256.895;-256.95;-255.996;10:39:17
3434;30.0011;29.8016;-256.743;-256.262;-256.7;-256.888;-256.95;-256.003;10:39:18
3435;30.009;29.7938;-256.747;-256.254;-256.7;-256.888;-256.95;-255.996;10:39:18
3436;30.0011;29.8016;-256.751;-256.254;-256.7;-256.895;-256.95;-255.996;10:39:19
3437;30.009;29.7938;-256.747;-256.254;-256.7;-256.888;-256.942;-255.996;10:39:19
3438;30.0168;29.8016;-256.747;-256.254;-256.692;-256.888;-256.95;-256.003;10:39:20
3439;30.0168;29.8016;-256.751;-256.254;-256.7;-256.888;-256.942;-255.988;10:39:20
3440;30.0246;29.8016;-256.751;-256.258;-256.7;-256.888;-256.942;-256.003;10:39:21
3441;30.0168;29.8016;-256.755;-256.254;-256.7;-256.888;-256.95;-256.003;10:39:21
3442;30.0168;29.8016;-256.755;-256.254;-256.7;-256.888;-256.935;-255.996;10:39:22
3443;30.009;29.8016;-256.755;-256.262;-256.7;-256.888;-256.942;-256.003;10:39:22
3444;30.0168;29.8016;-256.751;-256.262;-256.7;-256.888;-256.935;-255.996;10:39:23
3445;30.009;29.8016;-256.743;-256.262;-256.7;-256.895;-256.935;-255.996;10:39:23
3446;30.0011;29.8016;-256.747;-256.254;-256.7;-256.888;-256.935;-255.996;10:39:24
3447;30.0011;29.8016;-256.747;-256.254;-256.7;-256.888;-256.927;-256.003;10:39:24
3448;30.009;29.7938;-256.743;-256.262;-256.7;-256.888;-256.935;-255.996;10:39:25
3449;30.0168;29.8016;-256.747;-256.262;-256.708;-256.88;-256.942;-255.996;10:39:25
3450;30.009;29.8016;-256.747;-256.254;-256.7;-256.888;-256.935;-255.996;10:39:26
3451;30.009;29.8016;-256.743;-256.262;-256.7;-256.895;-256.935;-256.003;10:39:26
3452;30.009;29.8016;-256.747;-256.254;-256.7;-256.888;-256.935;-255.996;10:39:27
3453;30.0011;29.8094;-256.751;-256.262;-256.708;-256.888;-256.935;-256.011;10:39:27
3454;30.0168;29.8016;-256.747;-256.254;-256.7;-256.888;-256.942;-256.003;10:39:28
3455;30.009;29.8094;-256.751;-256.254;-256.7;-256.888;-256.942;-256.003;10:39:28
3456;30.0011;29.8016;-256.751;-256.262;-256.708;-256.888;-256.942;-256.003;10:39:29
3457;30.009;29.8016;-256.751;-256.254;-256.7;-256.88;-256.942;-256.003;10:39:29
3458;30.009;29.8016;-256.751;-256.254;-256.708;-256.888;-256.942;-256.003;10:39:30
3459;30.0168;29.8016;-256.751;-256.262;-256.708;-256.888;-256.942;-255.996;10:39:30
3460;30.009;29.8016;-256.751;-256.262;-256.7;-256.88;-256.95;-256.003;10:39:31
3461;30.009;29.8016;-256.743;-256.262;-256.7;-256.888;-256.942;-256.003;10:39:31
3462;30.0011;29.7938;-256.751;-256.262;-256.708;-256.888;-256.958;-256.003;10:39:32
3463;30.009;29.7859;-256.751;-256.254;-256.708;-256.888;-256.942;-255.996;10:39:32
3464;30.009;29.8016;-256.747;-256.262;-256.708;-256.888;-256.958;-256.003;10:39:33
3465;30.0011;29.7859;-256.751;-256.262;-256.7;-256.895;-256.942;-256.011;10:39:33
3466;30.0168;29.7859;-256.751;-256.262;-256.7;-256.888;-256.95;-256.003;10:39:34
3467;30.009;29.8016;-256.755;-256.254;-256.708;-256.895;-256.95;-256.003;10:39:34
3468;30.009;29.7859;-256.751;-256.254;-256.7;-256.888;-256.942;-256.003;10:39:35
3469;30.009;29.7938;-256.751;-256.262;-256.708;-256.888;-256.942;-256.003;10:39:35
3470;30.009;29.7938;-256.751;-256.262;-256.7;-256.888;-256.942;-256.003;10:39:36
3471;30.009;29.7859;-256.751;-256.254;-256.7;-256.895;-256.942;-256.003;10:39:36
3472;30.0168;29.7938;-256.751;-256.262;-256.7;-256.888;-256.942;-256.003;10:39:37
3473;30.0168;29.7938;-256.751;-256.262;-256.692;-256.888;-256.942;-256.003;10:39:37
3474;30.0168;29.7938;-256.747;-256.254;-256.7;-256.895;-256.95;-256.003;10:39:38
3475;30.009;29.7859;-256.751;-256.262;-256.7;-256.888;-256.942;-255.996;10:39:38
3476;30.009;29.7938;-256.751;-256.262;-256.7;-256.888;-256.942;-255.996;10:39:39
3477;30.009;29.7859;-256.751;-256.262;-256.7;-256.888;-256.95;-256.003;10:39:39
3478;30.009;29.7859;-256.751;-256.262;-256.7;-256.888;-256.95;-256.003;10:39:40
3479;30.009;29.7859;-256.751;-256.262;-256.708;-256.88;-256.942;-256.003;10:39:40
3480;30.009;29.7859;-256.747;-256.254;-256.7;-256.895;-256.935;-255.996;10:39:41
3481;30.009;29.7859;-256.751;-256.262;-256.7;-256.888;-256.942;-256.003;10:39:41
3482;30.009;29.7859;-256.755;-256.262;-256.708;-256.888;-256.935;-256.003;10:39:42
3483;30.0168;29.7938;-256.755;-256.254;-256.7;-256.888;-256.935;-255.996;10:39:42
3484;30.009;29.7859;-256.755;-256.262;-256.708;-256.888;-256.942;-256.003;10:39:43
3485;30.009;29.7938;-256.758;-256.254;-256.708;-256.88;-256.935;-256.003;10:39:43
3486;30.009;29.7859;-256.755;-256.262;-256.7;-256.888;-256.942;-255.996;10:39:44
3487;30.009;29.7859;-256.755;-256.254;-256.715;-256.88;-256.935;-256.003;10:39:44
3488;30.009;29.7859;-256.755;-256.254;-256.708;-256.88;-256.935;-255.996;10:39:45
3489;30.0011;29.7859;-256.755;-256.262;-256.7;-256.88;-256.95;-255.996;10:39:45
3490;30.009;29.7938;-256.755;-256.25;-256.708;-256.88;-256.942;-256.003;10:39:46
3491;30.0011;29.7859;-256.755;-256.254;-256.7;-256.88;-256.942;-255.996;10:39:46
3492;30.009;29.7859;-256.755;-256.25;-256.708;-256.888;-256.95;-255.996;10:39:47
3493;30.009;29.7859;-256.755;-256.258;-256.7;-256.88;-256.942;-256.003;10:39:47
3494;30.009;29.7938;-256.755;-256.254;-256.7;-256.88;-256.942;-256.011;10:39:48
3495;30.009;29.7859;-256.758;-256.25;-256.7;-256.888;-256.942;-256.003;10:39:48
3496;30.009;29.7938;-256.751;-256.254;-256.708;-256.88;-256.942;-256.011;10:39:49
3497;30.009;29.7938;-256.758;-256.246;-256.708;-256.888;-256.942;-256.003;10:39:49
3498;30.009;29.7859;-256.755;-256.254;-256.7;-256.888;-256.942;-256.003;10:39:50
3499;30.0168;29.7938;-256.755;-256.25;-256.708;-256.888;-256.95;-256.003;10:39:50
3500;30.009;29.7938;-256.755;-256.254;-256.7;-256.888;-256.942;-256.003;10:39:51
3501;30.009;29.7859;-256.758;-256.25;-256.708;-256.888;-256.942;-256.003;10:39:51
3502;30.009;29.7859;-256.751;-256.25;-256.708;-256.88;-256.935;-255.996;10:39:52
3503;30.009;29.7938;-256.747;-256.254;-256.708;-256.888;-256.935;-256.003;10:39:52
3504;30.009;29.7781;-256.747;-256.25;-256.7;-256.888;-256.942;-256.011;10:39:53
3505;30.009;29.7859;-256.751;-256.254;-256.708;-256.888;-256.935;-256.003;10:39:53
3506;30.0011;29.7859;-256.751;-256.262;-256.708;-256.895;-256.935;-256.003;10:39:54
3507;30.0168;29.7859;-256.747;-256.254;-256.708;-256.888;-256.95;-255.996;10:39:54
3508;30.009;29.7781;-256.747;-256.262;-256.708;-256.888;-256.942;-256.003;10:39:55
3509;30.0168;29.7938;-256.751;-256.262;-256.7;-256.888;-256.942;-256.011;10:39:55
3510;30.0168;29.7859;-256.743;-256.269;-256.708;-256.888;-256.95;-256.003;10:39:56
3511;30.0168;29.7938;-256.751;-256.262;-256.7;-256.888;-256.942;-256.003;10:39:56
3512;30.0011;29.7938;-256.747;-256.262;-256.708;-256.895;-256.942;-256.003;10:39:57
3513;30.009;29.7859;-256.747;-256.269;-256.7;-256.888;-256.95;-256.011;10:39:57
3514;30.009;29.7938;-256.747;-256.262;-256.708;-256.888;-256.942;-256.003;10:39:58
3515;30.0168;29.7938;-256.751;-256.262;-256.708;-256.895;-256.942;-256.003;10:39:58
3516;30.0168;29.7938;-256.751;-256.262;-256.708;-256.888;-256.935;-255.996;10:39:59
3517;30.0168;29.7938;-256.747;-256.262;-256.708;-256.888;-256.942;-255.996;10:39:59
3518;30.0168;29.7859;-256.751;-256.269;-256.708;-256.895;-256.935;-256.003;10:40:00
3519;30.0168;29.7859;-256.751;-256.262;-256.708;-256.888;-256.935;-255.996;10:40:00
3520;30.009;29.7938;-256.751;-256.262;-256.708;-256.888;-256.942;-256.003;10:40:01
3521;30.009;29.7859;-256.747;-256.269;-256.7;-256.895;-256.942;-256.003;10:40:01
3522;30.009;29.7938;-256.751;-256.262;-256.7;-256.88;-256.942;-256.003;10:40:02
3523;30.0011;29.7859;-256.747;-256.262;-256.7;-256.895;-256.942;-255.988;10:40:02
3524;30.009;29.7938;-256.747;-256.262;-256.708;-256.88;-256.935;-256.003;10:40:03
3525;30.009;29.7938;-256.751;-256.269;-256.7;-256.888;-256.942;-256.003;10:40:03
3526;30.009;29.7859;-256.751;-256.269;-256.708;-256.888;-256.95;-255.996;10:40:04
3527;30.0011;29.7938;-256.755;-256.269;-256.7;-256.888;-256.958;-255.996;10:40:04
3528;30.009;29.7938;-256.755;-256.269;-256.708;-256.888;-256.95;-255.988;10:40:05
3529;30.0011;29.7938;-256.755;-256.269;-256.7;-256.88;-256.95;-255.996;10:40:05
3530;30.009;29.7938;-256.755;-256.262;-256.7;-256.888;-256.942;-255.996;10:40:06
3531;30.009;29.7859;-256.755;-256.269;-256.708;-256.88;-256.942;-255.996;10:40:06
3532;30.009;29.7938;-256.758;-256.262;-256.708;-256.888;-256.942;-255.996;10:40:07
3533;30.009;29.7938;-256.755;-256.262;-256.708;-256.888;-256.942;-255.996;10:40:07
3534;30.0168;29.7938;-256.751;-256.269;-256.708;-256.88;-256.942;-255.996;10:40:08
3535;30.0168;29.7938;-256.755;-256.262;-256.708;-256.88;-256.935;-255.996;10:40:08
3536;30.0168;29.7859;-256.751;-256.269;-256.708;-256.88;-256.95;-256.003;10:40:09
3537;30.0168;29.7859;-256.758;-256.262;-256.708;-256.88;-256.942;-255.996;10:40:09
3538;30.0168;29.7859;-256.751;-256.269;-256.708;-256.888;-256.942;-255.996;10:40:10
3539;30.0168;29.7859;-256.751;-256.262;-256.708;-256.888;-256.942;-255.996;10:40:10
3540;30.0168;29.7938;-256.747;-256.262;-256.708;-256.888;-256.942;-256.003;10:40:11
3541;30.0168;29.7938;-256.747;-256.262;-256.7;-256.895;-256.942;-255.996;10:40:11
3542;30.009;29.7859;-256.751;-256.262;-256.708;-256.888;-256.935;-256.003;10:40:12
3543;30.0168;29.7859;-256.747;-256.262;-256.715;-256.888;-256.942;-256.003;10:40:12
3544;30.0011;29.7859;-256.751;-256.262;-256.7;-256.895;-256.95;-255.996;10:40:13
3545;30.0011;29.7859;-256.747;-256.262;-256.708;-256.888;-256.935;-255.996;10:40:13
3546;30.0011;29.7938;-256.751;-256.262;-256.708;-256.888;-256.935;-256.003;10:40:14
3547;30.0011;29.7859;-256.751;-256.262;-256.708;-256.888;-256.942;-255.996;10:40:14
3548;30.009;29.7938;-256.747;-256.262;-256.708;-256.888;-256.935;-255.996;10:40:15
3549;30.009;29.8016;-256.747;-256.254;-256.708;-256.888;-256.95;-256.003;10:40:15
3550;30.009;29.8016;-256.751;-256.269;-256.708;-256.888;-256.935;-256.003;10:40:16
3551;30.0011;29.7938;-256.747;-256.262;-256.7;-256.888;-256.942;-256.003;10:40:16
3552;30.009;29.7938;-256.747;-256.262;-256.7;-256.888;-256.942;-256.003;10:40:17
3553;30.009;29.7938;-256.751;-256.254;-256.7;-256.888;-256.935;-256.003;10:40:17
3554;30.0011;29.8016;-256.751;-256.262;-256.708;-256.88;-256.942;-255.996;10:40:18
3555;29.9933;29.7859;-256.747;-256.254;-256.708;-256.888;-256.935;-256.003;10:40:18
3556;29.9855;29.7938;-256.755;-256.254;-256.708;-256.888;-256.942;-255.996;10:40:19
3557;30.0011;29.7938;-256.755;-256.254;-256.708;-256.888;-256.942;-256.003;10:40:19
3558;30.0011;29.7938;-256.751;-256.254;-256.7;-256.888;-256.942;-255.996;10:40:20
3559;30.0011;29.7859;-256.751;-256.262;-256.708;-256.888;-256.935;-255.996;10:40:20
3560;30.0011;29.7859;-256.751;-256.254;-256.7;-256.888;-256.95;-256.003;10:40:21
3561;30.0011;29.7938;-256.755;-256.262;-256.7;-256.888;-256.95;-255.996;10:40:21
3562;29.9933;29.7859;-256.751;-256.254;-256.708;-256.888;-256.95;-256.003;10:40:22
3563;29.9933;29.7859;-256.755;-256.254;-256.708;-256.888;-256.95;-255.996;10:40:22
3564;29.9855;29.7859;-256.755;-256.262;-256.708;-256.888;-256.935;-255.996;10:40:23
3565;30.0011;29.7859;-256.755;-256.262;-256.7;-256.888;-256.935;-255.996;10:40:23
3566;29.9933;29.7938;-256.755;-256.254;-256.708;-256.888;-256.935;-256.003;10:40:24
3567;30.0011;29.7859;-256.755;-256.254;-256.7;-256.888;-256.935;-256.003;10:40:24
3568;29.9933;29.7938;-256.755;-256.262;-256.708;-256.895;-256.942;-256.003;10:40:25
3569;29.9933;29.7938;-256.747;-256.262;-256.708;-256.888;-256.935;-256.003;10:40:25
3570;30.0011;29.7938;-256.747;-256.254;-256.708;-256.888;-256.942;-255.996;10:40:26
3571;29.9933;29.7938;-256.751;-256.262;-256.7;-256.888;-256.942;-255.996;10:40:26
3572;29.9855;29.7859;-256.747;-256.254;-256.708;-256.888;-256.942;-256.003;10:40:27
3573;29.9933;29.7859;-256.751;-256.262;-256.7;-256.888;-256.95;-255.996;10:40:27
3574;30.0011;29.7859;-256.751;-256.262;-256.7;-256.888;-256.942;-256.003;10:40:28
3575;30.0011;29.7938;-256.747;-256.262;-256.7;-256.895;-256.942;-255.996;10:40:28
3576;30.0011;29.7859;-256.747;-256.254;-256.7;-256.888;-256.942;-256.003;10:40:29
3577;30.0011;29.7859;-256.747;-256.262;-256.7;-256.888;-256.95;-255.996;10:40:29
3578;29.9933;29.7859;-256.751;-256.262;-256.7;-256.895;-256.95;-255.996;10:40:30
3579;30.0011;29.7938;-256.747;-256.254;-256.7;-256.888;-256.942;-255.996;10:40:30
3580;30.0011;29.7859;-256.747;-256.262;-256.7;-256.888;-256.942;-255.996;10:40:31
3581;30.0011;29.7859;-256.747;-256.262;-256.7;-256.888;-256.95;-255.996;10:40:31
3582;29.9933;29.7938;-256.747;-256.254;-256.7;-256.888;-256.95;-255.996;10:40:32
3583;30.0011;29.7859;-256.743;-256.262;-256.7;-256.88;-256.958;-255.996;10:40:32
3584;30.0011;29.7938;-256.747;-256.25;-256.7;-256.888;-256.958;-255.996;10:40:33
3585;30.009;29.7859;-256.747;-256.262;-256.7;-256.888;-256.95;-256.003;10:40:33
3586;30.0011;29.7859;-256.747;-256.254;-256.7;-256.888;-256.95;-255.996;10:40:34
3587;30.009;29.7859;-256.747;-256.254;-256.7;-256.888;-256.942;-255.988;10:40:34
3588;30.009;29.7859;-256.743;-256.25;-256.7;-256.888;-256.942;-255.996;10:40:35
3589;30.0011;29.7938;-256.747;-256.254;-256.7;-256.888;-256.942;-255.996;10:40:35
3590;30.009;29.7859;-256.743;-256.254;-256.7;-256.888;-256.95;-255.996;10:40:36
3591;30.009;29.7938;-256.747;-256.254;-256.7;-256.888;-256.95;-255.996;10:40:36
3592;30.0011;29.7859;-256.743;-256.25;-256.7;-256.888;-256.958;-256.003;10:40:37
3593;30.009;29.7938;-256.747;-256.254;-256.7;-256.888;-256.942;-255.996;10:40:37
3594;30.009;29.8016;-256.747;-256.254;-256.7;-256.88;-256.95;-256.003;10:40:38
3595;30.0011;29.7938;-256.747;-256.254;-256.7;-256.888;-256.942;-255.996;10:40:38
3596;30.009;29.7938;-256.743;-256.262;-256.7;-256.888;-256.958;-256.003;10:40:39
3597;30.009;29.7938;-256.747;-256.262;-256.7;-256.888;-256.942;-255.996;10:40:39
3598;30.0011;29.7938;-256.747;-256.262;-256.7;-256.88;-256.95;-256.003;10:40:40
3599;30.0011;29.7938;-256.751;-256.262;-256.692;-256.888;-256.942;-255.996;10:40:40
3600;30.009;29.7938;-256.747;-256.262;-256.7;-256.888;-256.942;-256.003;10:40:41
3601;30.009;29.7938;-256.747;-256.262;-256.7;-256.88;-256.95;-255.996;10:40:41
3602;30.0011;29.7938;-256.751;-256.262;-256.7;-256.888;-256.95;-256.003;10:40:42
3603;30.009;29.7859;-256.755;-256.254;-256.7;-256.888;-256.95;-255.996;10:40:42
3604;30.0011;29.8016;-256.751;-256.262;-256.7;-256.88;-256.958;-255.996;10:40:43
3605;30.0011;29.7859;-256.751;-256.262;-256.7;-256.888;-256.95;-256.003;10:40:43
3606;30.009;29.7938;-256.755;-256.262;-256.7;-256.888;-256.958;-255.996;10:40:44
3607;30.009;29.7859;-256.755;-256.254;-256.692;-256.88;-256.95;-256.003;10:40:44
3608;30.0011;29.7859;-256.751;-256.269;-256.7;-256.888;-256.95;-256.003;10:40:45
3609;30.009;29.7938;-256.751;-256.262;-256.7;-256.88;-256.95;-256.003;10:40:45
3610;30.0011;29.7859;-256.747;-256.269;-256.692;-256.88;-256.942;-256.003;10:40:46
3611;30.009;29.7781;-256.751;-256.254;-256.7;-256.888;-256.95;-256.003;10:40:46
3612;30.009;29.7859;-256.747;-256.262;-256.7;-256.88;-256.95;-256.011;10:40:47
3613;30.0011;29.7859;-256.747;-256.269;-256.708;-256.88;-256.958;-256.003;10:40:47
3614;30.0011;29.7781;-256.747;-256.254;-256.7;-256.888;-256.95;-256.003;10:40:48
3615;30.009;29.7859;-256.751;-256.269;-256.7;-256.872;-256.958;-256.003;10:40:48
3616;30.0011;29.7781;-256.751;-256.262;-256.7;-256.88;-256.95;-256.003;10:40:49
3617;30.009;29.7781;-256.747;-256.262;-256.708;-256.888;-256.958;-256.003;10:40:49
3618;30.009;29.7859;-256.743;-256.262;-256.7;-256.872;-256.958;-256.011;10:40:50
3619;30.0011;29.7859;-256.747;-256.262;-256.708;-256.888;-256.95;-255.996;10:40:50
3620;30.0011;29.7859;-256.743;-256.254;-256.692;-256.88;-256.95;-256.003;10:40:51
3621;29.9933;29.7859;-256.747;-256.269;-256.7;-256.88;-256.95;-256.011;10:40:51
3622;29.9933;29.7859;-256.747;-256.262;-256.7;-256.88;-256.942;-256.003;10:40:52
3623;30.0011;29.7859;-256.751;-256.269;-256.7;-256.88;-256.95;-256.011;10:40:52
3624;30.0011;29.7781;-256.747;-256.262;-256.7;-256.88;-256.942;-256.003;10:40:53
3625;30.0011;29.7859;-256.747;-256.262;-256.7;-256.88;-256.95;-256.003;10:40:53
3626;30.0011;29.7781;-256.747;-256.262;-256.692;-256.888;-256.942;-256.011;10:40:54
3627;30.009;29.7781;-256.747;-256.269;-256.7;-256.88;-256.95;-256.003;10:40:54
3628;30.0011;29.7781;-256.751;-256.262;-256.692;-256.888;-256.942;-256.011;10:40:55
3629;30.0011;29.7781;-256.751;-256.262;-256.7;-256.888;-256.95;-256.011;10:40:55
3630;30.009;29.7859;-256.751;-256.262;-256.708;-256.888;-256.942;-256.011;10:40:56
3631;30.0011;29.7781;-256.755;-256.262;-256.7;-256.888;-256.95;-256.011;10:40:56
3632;30.009;29.7781;-256.755;-256.262;-256.7;-256.88;-256.942;-256.011;10:40:57
3633;30.009;29.7859;-256.755;-256.262;-256.708;-256.888;-256.942;-255.996;10:40:57
3634;30.0011;29.7703;-256.755;-256.269;-256.7;-256.88;-256.942;-256.003;10:40:58
3635;30.009;29.7781;-256.751;-256.269;-256.7;-256.88;-256.95;-256.003;10:40:58
3636;30.009;29.7781;-256.755;-256.262;-256.7;-256.888;-256.942;-256.003;10:40:59
3637;30.0011;29.7781;-256.755;-256.269;-256.708;-256.888;-256.942;-256.003;10:40:59
3638;29.9933;29.7781;-256.755;-256.269;-256.692;-256.888;-256.942;-256.003;10:41:00
3639;30.0011;29.7703;-256.751;-256.262;-256.7;-256.888;-256.942;-256.003;10:41:00
3640;29.9933;29.7859;-256.751;-256.269;-256.7;-256.88;-256.942;-256.003;10:41:01
3641;29.9933;29.7781;-256.751;-256.262;-256.7;-256.888;-256.935;-256.003;10:41:01
3642;29.9933;29.7781;-256.751;-256.269;-256.7;-256.888;-256.942;-256.003;10:41:02
3643;29.9933;29.7859;-256.751;-256.269;-256.7;-256.88;-256.95;-256.011;10:41:02
3644;29.9933;29.7781;-256.755;-256.262;-256.7;-256.888;-256.935;-256.011;10:41:03
3645;29.9933;29.7781;-256.751;-256.262;-256.7;-256.888;-256.942;-256.003;10:41:03
3646;29.9855;29.7859;-256.751;-256.269;-256.7;-256.888;-256.942;-255.996;10:41:04
3647;29.9855;29.7781;-256.751;-256.262;-256.7;-256.88;-256.942;-256.003;10:41:04
3648;29.9933;29.7781;-256.751;-256.254;-256.708;-256.888;-256.942;-255.996;10:41:05
3649;29.9855;29.7781;-256.755;-256.262;-256.7;-256.88;-256.942;-255.996;10:41:05
3650;30.0011;29.7859;-256.755;-256.262;-256.7;-256.888;-256.942;-256.003;10:41:06
3651;29.9933;29.7859;-256.751;-256.262;-256.708;-256.888;-256.942;-256.003;10:41:06
3652;30.0011;29.7859;-256.755;-256.262;-256.7;-256.88;-256.942;-255.996;10:41:07
3653;29.9933;29.7859;-256.751;-256.262;-256.708;-256.888;-256.942;-256.003;10:41:07
3654;30.0011;29.7859;-256.755;-256.262;-256.7;-256.888;-256.95;-256.003;10:41:08
3655;29.9933;29.7938;-256.751;-256.262;-256.7;-256.88;-256.95;-255.996;10:41:08
3656;30.0011;29.7859;-256.751;-256.262;-256.7;-256.88;-256.95;-256.003;10:41:09
3657;30.0011;29.7781;-256.751;-256.262;-256.708;-256.888;-256.942;-256.003;10:41:09
3658;30.0011;29.7859;-256.755;-256.262;-256.7;-256.888;-256.95;-256.003;10:41:10
3659;30.0011;29.7859;-256.751;-256.262;-256.7;-256.888;-256.942;-256.003;10:41:10
3660;30.009;29.7859;-256.755;-256.254;-256.7;-256.888;-256.942;-255.996;10:41:11
3661;30.0011;29.7859;-256.751;-256.262;-256.7;-256.895;-256.935;-256.003;10:41:11
3662;30.0011;29.7859;-256.755;-256.254;-256.7;-256.888;-256.942;-256.003;10:41:12
3663;30.0011;29.7781;-256.747;-256.262;-256.708;-256.888;-256.935;-256.003;10:41:12
3664;29.9933;29.7859;-256.751;-256.254;-256.7;-256.895;-256.942;-256.003;10:41:13
3665;29.9933;29.7781;-256.751;-256.262;-256.7;-256.888;-256.942;-256.003;10:41:13
3666;29.9933;29.7859;-256.751;-256.262;-256.708;-256.888;-256.942;-256.011;10:41:14
3667;29.9933;29.7859;-256.755;-256.262;-256.7;-256.88;-256.942;-255.996;10:41:14
3668;29.9933;29.7859;-256.751;-256.262;-256.7;-256.888;-256.942;-256.003;10:41:15
3669;29.9855;29.7859;-256.755;-256.254;-256.7;-256.88;-256.935;-256.003;10:41:15
3670;29.9855;29.7781;-256.751;-256.262;-256.7;-256.88;-256.942;-256.003;10:41:16
3671;29.9855;29.7781;-256.755;-256.262;-256.7;-256.888;-256.942;-256.003;10:41:16
3672;29.9933;29.7781;-256.751;-256.254;-256.7;-256.88;-256.942;-256.011;10:41:17
3673;29.9855;29.7703;-256.751;-256.262;-256.7;-256.88;-256.942;-256.003;10:41:17
3674;29.9855;29.7781;-256.747;-256.269;-256.7;-256.888;-256.942;-256.011;10:41:18
3675;29.9855;29.7703;-256.751;-256.254;-256.7;-256.888;-256.95;-256.003;10:41:18
3676;29.9777;29.7859;-256.747;-256.262;-256.708;-256.888;-256.942;-256.011;10:41:19
3677;29.9933;29.7781;-256.747;-256.262;-256.7;-256.888;-256.942;-256.003;10:41:19
3678;29.9855;29.7859;-256.755;-256.262;-256.708;-256.895;-256.935;-256.003;10:41:20
3679;29.9855;29.7781;-256.751;-256.262;-256.7;-256.888;-256.942;-256.011;10:41:20
3680;29.9855;29.7781;-256.751;-256.262;-256.7;-256.888;-256.942;-256.011;10:41:21
3681;29.9855;29.7781;-256.755;-256.262;-256.7;-256.895;-256.942;-256.003;10:41:21
3682;29.9933;29.7859;-256.751;-256.262;-256.692;-256.888;-256.942;-256.003;10:41:22
3683;29.9855;29.7781;-256.755;-256.262;-256.7;-256.888;-256.95;-256.003;10:41:22
3684;29.9933;29.7781;-256.751;-256.254;-256.7;-256.88;-256.95;-256.003;10:41:23
3685;29.9933;29.7859;-256.751;-256.262;-256.708;-256.895;-256.942;-256.003;10:41:23
3686;29.9933;29.7781;-256.755;-256.254;-256.7;-256.888;-256.95;-256.011;10:41:24
3687;29.9933;29.7781;-256.751;-256.262;-256.7;-256.888;-256.95;-255.996;10:41:24
3688;29.9855;29.7703;-256.747;-256.262;-256.7;-256.88;-256.95;-255.996;10:41:25
3689;29.9855;29.7703;-256.751;-256.262;-256.7;-256.888;-256.942;-256.003;10:41:25
3690;29.9855;29.7625;-256.747;-256.269;-256.7;-256.895;-256.95;-256.003;10:41:26
3691;29.9933;29.7625;-256.751;-256.262;-256.7;-256.888;-256.95;-256.003;10:41:26
3692;29.9855;29.7703;-256.751;-256.262;-256.7;-256.895;-256.942;-256.003;10:41:27
3693;29.9855;29.7703;-256.755;-256.262;-256.7;-256.888;-256.935;-256.011;10:41:27
3694;29.9933;29.7625;-256.755;-256.262;-256.7;-256.895;-256.95;-256.003;10:41:28
3695;29.9933;29.7703;-256.755;-256.254;-256.692;-256.895;-256.95;-255.996;10:41:28
3696;29.9933;29.7703;-256.755;-256.254;-256.7;-256.888;-256.958;-256.003;10:41:29
3697;29.9855;29.7703;-256.755;-256.262;-256.692;-256.888;-256.942;-256.003;10:41:29
3698;29.9855;29.7703;-256.755;-256.254;-256.7;-256.903;-256.95;-256.011;10:41:30
3699;29.9933;29.7625;-256.755;-256.254;-256.7;-256.888;-256.958;-256.003;10:41:30
3700;29.9933;29.7781;-256.755;-256.254;-256.7;-256.888;-256.958;-256.003;10:41:31
3701;29.9933;29.7703;-256.755;-256.254;-256.692;-256.895;-256.958;-256.003;10:41:31
3702;29.9933;29.7703;-256.751;-256.254;-256.7;-256.888;-256.958;-256.003;10:41:32
3703;29.9855;29.7781;-256.755;-256.254;-256.692;-256.895;-256.966;-255.996;10:41:32
3704;29.9855;29.7625;-256.751;-256.254;-256.7;-256.888;-256.958;-256.003;10:41:33
3705;29.9855;29.7703;-256.751;-256.262;-256.7;-256.895;-256.95;-255.996;10:41:33
3706;29.9933;29.7703;-256.755;-256.254;-256.7;-256.895;-256.942;-256.003;10:41:34
3707;29.9855;29.7703;-256.751;-256.262;-256.7;-256.888;-256.95;-256.011;10:41:34
3708;29.9933;29.7703;-256.755;-256.254;-256.7;-256.888;-256.95;-256.003;10:41:35
3709;30.009;29.7703;-256.755;-256.262;-256.708;-256.895;-256.942;-255.996;10:41:35
3710;30.0011;29.7703;-256.755;-256.254;-256.708;-256.895;-256.942;-256.003;10:41:36
3711;30.0011;29.7781;-256.755;-256.262;-256.7;-256.888;-256.95;-256.003;10:41:36
3712;29.9933;29.7703;-256.755;-256.254;-256.7;-256.888;-256.942;-256.003;10:41:37
3713;29.9933;29.7703;-256.751;-256.262;-256.7;-256.888;-256.958;-256.003;10:41:37
3714;29.9933;29.7625;-256.755;-256.262;-256.7;-256.888;-256.95;-255.996;10:41:38
3715;29.9933;29.7703;-256.751;-256.254;-256.7;-256.88;-256.95;-256.003;10:41:38
3716;29.9855;29.7781;-256.755;-256.262;-256.692;-256.88;-256.942;-256.003;10:41:39
3717;29.9933;29.7703;-256.755;-256.262;-256.7;-256.88;-256.95;-256.003;10:41:39
3718;29.9855;29.7781;-256.755;-256.262;-256.692;-256.88;-256.95;-255.996;10:41:40
3719;29.9933;29.7703;-256.758;-256.254;-256.692;-256.888;-256.935;-256.011;10:41:40
3720;29.9855;29.7781;-256.755;-256.262;-256.692;-256.888;-256.95;-255.996;10:41:41
3721;29.9933;29.7703;-256.755;-256.254;-256.692;-256.88;-256.95;-256.011;10:41:41
3722;29.9933;29.7703;-256.755;-256.262;-256.692;-256.88;-256.958;-256.003;10:41:42
3723;29.9933;29.7781;-256.758;-256.254;-256.7;-256.888;-256.95;-256.011;10:41:42
3724;30.0011;29.7703;-256.755;-256.254;-256.692;-256.888;-256.95;-256.003;10:41:43
3725;29.9933;29.7781;-256.751;-256.262;-256.7;-256.888;-256.95;-256.003;10:41:43
3726;29.9933;29.7781;-256.751;-256.254;-256.7;-256.88;-256.95;-256.003;10:41:44
3727;29.9855;29.7781;-256.747;-256.254;-256.692;-256.888;-256.958;-256.003;10:41:44
3728;29.9933;29.7859;-256.751;-256.262;-256.708;-256.88;-256.95;-256.011;10:41:45
3729;29.9855;29.7781;-256.755;-256.254;-256.692;-256.888;-256.958;-256.003;10:41:45
3730;29.9933;29.7703;-256.755;-256.254;-256.7;-256.88;-256.95;-256.003;10:41:46
3731;29.9855;29.7781;-256.751;-256.262;-256.692;-256.888;-256.958;-256.003;10:41:46
3732;30.0011;29.7703;-256.755;-256.254;-256.692;-256.88;-256.95;-256.003;10:41:47
3733;29.9933;29.7781;-256.755;-256.254;-256.7;-256.88;-256.95;-256.003;10:41:47
3734;29.9933;29.7781;-256.751;-256.262;-256.692;-256.888;-256.95;-255.996;10:41:48
3735;29.9933;29.7703;-256.751;-256.262;-256.7;-256.88;-256.958;-256.003;10:41:48
3736;29.9933;29.7703;-256.751;-256.262;-256.692;-256.888;-256.958;-256.011;10:41:49
3737;29.9933;29.7781;-256.755;-256.254;-256.7;-256.872;-256.958;-256.003;10:41:49
3738;29.9933;29.7781;-256.755;-256.262;-256.7;-256.88;-256.958;-256.003;10:41:50
3739;29.9855;29.7703;-256.755;-256.254;-256.7;-256.88;-256.95;-256.003;10:41:50
3740;29.9933;29.7781;-256.755;-256.254;-256.7;-256.88;-256.942;-256.003;10:41:51
3741;29.9933;29.7703;-256.755;-256.262;-256.692;-256.888;-256.95;-256.003;10:41:51
3742;29.9855;29.7781;-256.751;-256.262;-256.7;-256.88;-256.95;-255.996;10:41:52
3743;29.9933;29.7703;-256.751;-256.262;-256.692;-256.888;-256.942;-256.003;10:41:52
3744;29.9855;29.7781;-256.755;-256.262;-256.7;-256.888;-256.942;-256.003;10:41:53
3745;29.9933;29.7703;-256.751;-256.269;-256.7;-256.888;-256.942;-256.003;10:41:53
3746;29.9855;29.7703;-256.751;-256.262;-256.692;-256.888;-256.942;-255.996;10:41:54
3747;29.9855;29.7781;-256.747;-256.262;-256.7;-256.888;-256.942;-256.003;10:41:54
3748;29.9855;29.7703;-256.751;-256.269;-256.692;-256.895;-256.95;-256.003;10:41:55
3749;29.9855;29.7781;-256.755;-256.269;-256.7;-256.888;-256.942;-255.996;10:41:55
3750;29.9855;29.7703;-256.751;-256.262;-256.708;-256.88;-256.95;-256.003;10:41:56
3751;29.9777;29.7781;-256.751;-256.262;-256.692;-256.895;-256.942;-256.003;10:41:56
3752;29.9855;29.7703;-256.755;-256.262;-256.7;-256.888;-256.935;-256.003;10:41:57
3753;29.9855;29.7703;-256.755;-256.254;-256.692;-256.888;-256.942;-256.003;10:41:57
3754;29.9777;29.7703;-256.751;-256.262;-256.7;-256.888;-256.942;-256.003;10:41:58
3755;29.9777;29.7781;-256.755;-256.258;-256.7;-256.888;-256.942;-256.003;10:41:58
3756;29.9855;29.7625;-256.755;-256.254;-256.7;-256.888;-256.935;-256.003;10:41:59
3757;29.9855;29.7781;-256.755;-256.262;-256.7;-256.88;-256.942;-256.003;10:41:59
3758;29.9777;29.7703;-256.755;-256.254;-256.7;-256.88;-256.942;-256.003;10:42:00
3759;29.9777;29.7703;-256.755;-256.262;-256.692;-256.895;-256.942;-256.003;10:42:00
3760;29.9777;29.7703;-256.758;-256.254;-256.7;-256.895;-256.942;-256.003;10:42:01
3761;29.9777;29.7703;-256.751;-256.262;-256.7;-256.888;-256.942;-256.003;10:42:01
3762;29.9777;29.7781;-256.758;-256.262;-256.7;-256.888;-256.95;-256.003;10:42:02
3763;29.9777;29.7703;-256.755;-256.254;-256.7;-256.888;-256.942;-256.003;10:42:02
3764;29.9777;29.7781;-256.758;-256.262;-256.7;-256.895;-256.95;-256.003;10:42:03
3765;29.9777;29.7703;-256.755;-256.254;-256.7;-256.888;-256.942;-256.003;10:42:03
3766;29.9777;29.7781;-256.758;-256.262;-256.708;-256.888;-256.95;-256.003;10:42:04
3767;29.9777;29.7703;-256.755;-256.262;-256.7;-256.88;-256.942;-256.003;10:42:04
3768;29.9855;29.7781;-256.758;-256.254;-256.7;-256.888;-256.95;-256.003;10:42:05
3769;29.9855;29.7703;-256.751;-256.262;-256.7;-256.88;-256.942;-256.003;10:42:05
3770;29.9777;29.7703;-256.755;-256.254;-256.7;-256.88;-256.95;-256.003;10:42:06
3771;29.9777;29.7781;-256.755;-256.254;-256.7;-256.88;-256.95;-255.996;10:42:06
3772;29.9777;29.7859;-256.758;-256.254;-256.7;-256.888;-256.942;-256.011;10:42:07
3773;29.9855;29.7781;-256.758;-256.254;-256.692;-256.88;-256.942;-256.011;10:42:07
3774;29.9777;29.7703;-256.758;-256.262;-256.7;-256.88;-256.958;-256.003;10:42:08
3775;29.9777;29.7781;-256.755;-256.258;-256.7;-256.888;-256.942;-256.003;10:42:08
3776;29.9855;29.7703;-256.755;-256.254;-256.7;-256.88;-256.942;-256.011;10:42:09
3777;29.9777;29.7781;-256.755;-256.262;-256.7;-256.888;-256.942;-256.003;10:42:09
3778;29.9855;29.7781;-256.751;-256.254;-256.692;-256.88;-256.942;-256.003;10:42:10
3779;29.9777;29.7781;-256.755;-256.254;-256.7;-256.88;-256.942;-256.011;10:42:10
3780;29.9855;29.7859;-256.755;-256.254;-256.7;-256.888;-256.942;-256.003;10:42:11
3781;29.9855;29.7859;-256.751;-256.254;-256.7;-256.888;-256.95;-256.011;10:42:11
3782;29.9777;29.7781;-256.755;-256.262;-256.7;-256.888;-256.942;-256.003;10:42:12
3783;29.9855;29.7938;-256.755;-256.262;-256.7;-256.88;-256.942;-256.011;10:42:12
3784;29.9855;29.7859;-256.755;-256.262;-256.7;-256.888;-256.942;-256.003;10:42:13
3785;29.9933;29.7781;-256.758;-256.262;-256.7;-256.88;-256.942;-256.011;10:42:13
3786;29.9855;29.7781;-256.758;-256.262;-256.7;-256.88;-256.95;-255.996;10:42:14
3787;29.9855;29.7859;-256.758;-256.262;-256.708;-256.88;-256.95;-256.003;10:42:14
3788;29.9855;29.7938;-256.762;-256.269;-256.7;-256.888;-256.95;-256.003;10:42:15
3789;29.9855;29.7938;-256.758;-256.262;-256.708;-256.88;-256.958;-256.003;10:42:15
3790;29.9855;29.7859;-256.758;-256.262;-256.708;-256.888;-256.958;-256.003;10:42:16
3791;29.9777;29.7859;-256.758;-256.269;-256.7;-256.88;-256.958;-256.003;10:42:16
3792;29.9855;29.7781;-256.762;-256.262;-256.708;-256.888;-256.95;-256.003;10:42:17
3793;29.9855;29.7781;-256.758;-256.262;-256.7;-256.88;-256.942;-256.011;10:42:17
3794;29.9855;29.7859;-256.755;-256.254;-256.7;-256.888;-256.958;-256.011;10:42:18
3795;29.9777;29.7703;-256.758;-256.262;-256.7;-256.88;-256.95;-256.003;10:42:18
3796;29.9855;29.7781;-256.755;-256.262;-256.708;-256.888;-256.95;-256.003;10:42:19
3797;29.9855;29.7703;-256.762;-256.254;-256.692;-256.88;-256.958;-256.011;10:42:19
3798;29.9855;29.7703;-256.758;-256.262;-256.7;-256.88;-256.958;-256.003;10:42:20
3799;29.9777;29.7781;-256.758;-256.254;-256.708;-256.88;-256.95;-256.003;10:42:20
3800;29.9855;29.7781;-256.758;-256.254;-256.7;-256.888;-256.95;-256.003;10:42:21
3801;29.9777;29.7781;-256.758;-256.25;-256.7;-256.88;-256.942;-256.003;10:42:21
3802;29.9855;29.7781;-256.755;-256.254;-256.7;-256.888;-256.958;-256.003;10:42:22
3803;29.9777;29.7781;-256.758;-256.254;-256.692;-256.88;-256.942;-256.003;10:42:22
3804;29.9855;29.7781;-256.758;-256.25;-256.7;-256.88;-256.95;-256.011;10:42:23
3805;29.9855;29.7781;-256.758;-256.25;-256.7;-256.88;-256.95;-256.003;10:42:23
3806;29.9855;29.7703;-256.755;-256.25;-256.708;-256.888;-256.95;-256.003;10:42:24
3807;29.9855;29.7781;-256.762;-256.254;-256.7;-256.88;-256.95;-256.003;10:42:24
3808;29.9933;29.7781;-256.755;-256.254;-256.7;-256.888;-256.942;-256.003;10:42:25
3809;29.9855;29.7781;-256.758;-256.25;-256.7;-256.888;-256.942;-255.996;10:42:25
3810;29.9933;29.7781;-256.758;-256.254;-256.7;-256.88;-256.942;-256.003;10:42:26
3811;29.9933;29.7781;-256.758;-256.25;-256.7;-256.888;-256.958;-255.996;10:42:26
3812;29.9933;29.7781;-256.758;-256.25;-256.7;-256.88;-256.942;-256.003;10:42:27
3813;29.9855;29.7781;-256.755;-256.254;-256.7;-256.888;-256.958;-255.996;10:42:27
3814;29.9855;29.7703;-256.766;-256.25;-256.7;-256.88;-256.958;-256.003;10:42:28
3815;29.9855;29.7703;-256.755;-256.254;-256.708;-256.888;-256.95;-256.003;10:42:28
3816;29.9855;29.7703;-256.758;-256.25;-256.7;-256.88;-256.942;-256.003;10:42:29
3817;29.9855;29.7703;-256.758;-256.254;-256.7;-256.888;-256.95;-256.003;10:42:29
3818;29.9855;29.7781;-256.755;-256.254;-256.7;-256.88;-256.95;-255.996;10:42:30
3819;29.9855;29.7781;-256.751;-256.254;-256.7;-256.88;-256.942;-256.003;10:42:30
3820;29.9855;29.7703;-256.755;-256.254;-256.7;-256.888;-256.942;-256.003;10:42:31
3821;29.9933;29.7781;-256.755;-256.254;-256.692;-256.88;-256.942;-256.003;10:42:31
3822;29.9855;29.7781;-256.751;-256.254;-256.708;-256.88;-256.942;-255.996;10:42:32
3823;29.9933;29.7703;-256.755;-256.254;-256.692;-256.88;-256.942;-256.003;10:42:32
3824;29.9855;29.7781;-256.755;-256.262;-256.7;-256.88;-256.942;-255.996;10:42:33
3825;29.9777;29.7703;-256.755;-256.254;-256.7;-256.88;-256.942;-256.003;10:42:33
3826;29.9777;29.7781;-256.751;-256.254;-256.692;-256.88;-256.95;-255.996;10:42:34
3827;29.9855;29.7781;-256.751;-256.254;-256.7;-256.88;-256.958;-256.003;10:42:34
3828;29.9777;29.7781;-256.755;-256.25;-256.7;-256.888;-256.95;-255.996;10:42:35
3829;29.9777;29.7703;-256.751;-256.254;-256.692;-256.88;-256.95;-256.003;10:42:35
3830;29.9777;29.7703;-256.751;-256.254;-256.7;-256.88;-256.95;-255.996;10:42:36
3831;29.9777;29.7703;-256.751;-256.25;-256.708;-256.888;-256.95;-256.003;10:42:36
3832;29.9777;29.7781;-256.747;-256.254;-256.7;-256.88;-256.95;-255.996;10:42:37
3833;29.9777;29.7781;-256.751;-256.254;-256.708;-256.88;-256.942;-256.011;10:42:37
3834;29.9777;29.7781;-256.751;-256.262;-256.7;-256.88;-256.958;-256.003;10:42:38
3835;29.9777;29.7703;-256.747;-256.254;-256.7;-256.88;-256.942;-256.003;10:42:38
3836;29.9698;29.7859;-256.751;-256.254;-256.7;-256.888;-256.95;-256.011;10:42:39
3837;29.9777;29.7781;-256.755;-256.262;-256.7;-256.888;-256.95;-256.003;10:42:39
3838;29.9698;29.7859;-256.751;-256.254;-256.7;-256.88;-256.958;-256.011;10:42:40
3839;29.9698;29.7859;-256.755;-256.262;-256.7;-256.888;-256.958;-256.003;10:42:40
3840;29.9777;29.7859;-256.755;-256.254;-256.7;-256.88;-256.95;-256.011;10:42:41
3841;29.9777;29.7859;-256.755;-256.262;-256.7;-256.88;-256.942;-256.003;10:42:41
3842;29.9698;29.7859;-256.755;-256.254;-256.7;-256.888;-256.95;-256.003;10:42:42
3843;29.9698;29.7938;-256.755;-256.254;-256.7;-256.88;-256.958;-256.003;10:42:42
3844;29.9777;29.7859;-256.755;-256.262;-256.708;-256.88;-256.95;-256.011;10:42:43
3845;29.962;29.7859;-256.758;-256.262;-256.7;-256.88;-256.95;-256.003;10:42:43
3846;29.9777;29.7859;-256.755;-256.262;-256.7;-256.88;-256.95;-256.003;10:42:44
3847;29.962;29.7781;-256.751;-256.254;-256.7;-256.872;-256.942;-256.003;10:42:44
3848;29.9698;29.7781;-256.755;-256.262;-256.7;-256.888;-256.942;-256.003;10:42:45
3849;29.9777;29.7859;-256.751;-256.262;-256.7;-256.88;-256.942;-256.003;10:42:45
3850;29.9777;29.7781;-256.751;-256.262;-256.7;-256.88;-256.958;-256.003;10:42:46
3851;29.9698;29.7703;-256.751;-256.269;-256.7;-256.88;-256.95;-255.996;10:42:46
3852;29.9777;29.7781;-256.755;-256.254;-256.7;-256.88;-256.942;-255.996;10:42:47
3853;29.9777;29.7781;-256.751;-256.262;-256.708;-256.888;-256.942;-256.003;10:42:47
3854;29.9777;29.7703;-256.751;-256.262;-256.7;-256.88;-256.95;-255.996;10:42:48
3855;29.9777;29.7781;-256.751;-256.262;-256.7;-256.872;-256.95;-255.988;10:42:48
3856;29.9855;29.7781;-256.755;-256.262;-256.7;-256.888;-256.942;-256.003;10:42:49
3857;29.9933;29.7781;-256.755;-256.262;-256.7;-256.88;-256.95;-255.996;10:42:49
3858;29.9855;29.7781;-256.755;-256.254;-256.7;-256.88;-256.958;-255.996;10:42:50
3859;29.9855;29.7781;-256.755;-256.254;-256.7;-256.88;-256.95;-256.003;10:42:50
3860;29.9777;29.7703;-256.755;-256.262;-256.692;-256.888;-256.95;-256.003;10:42:51
3861;29.9855;29.7781;-256.755;-256.254;-256.7;-256.88;-256.958;-256.003;10:42:51
3862;29.9777;29.7703;-256.755;-256.254;-256.7;-256.888;-256.95;-255.996;10:42:52
3863;29.9855;29.7625;-256.755;-256.262;-256.7;-256.888;-256.95;-256.003;10:42:52
3864;29.9777;29.7703;-256.758;-256.254;-256.7;-256.888;-256.942;-256.011;10:42:53
3865;29.9855;29.7781;-256.755;-256.262;-256.684;-256.88;-256.942;-256.003;10:42:53
3866;29.9855;29.7781;-256.755;-256.254;-256.692;-256.88;-256.95;-256.003;10:42:54
3867;29.9777;29.7703;-256.758;-256.254;-256.692;-256.888;-256.95;-256.003;10:42:54
3868;29.9855;29.7703;-256.755;-256.262;-256.692;-256.88;-256.942;-255.996;10:42:55
3869;29.9855;29.7781;-256.755;-256.254;-256.7;-256.888;-256.95;-256.003;10:42:55
3870;29.9777;29.7703;-256.755;-256.254;-256.692;-256.888;-256.95;-256.003;10:42:56
3871;29.9777;29.7781;-256.758;-256.254;-256.7;-256.88;-256.95;-256.003;10:42:56
3872;29.9777;29.7703;-256.755;-256.254;-256.7;-256.895;-256.942;-255.996;10:42:57
3873;29.9777;29.7703;-256.758;-256.254;-256.692;-256.888;-256.95;-256.011;10:42:57
3874;29.9777;29.7781;-256.755;-256.25;-256.7;-256.88;-256.958;-255.996;10:42:58
3875;29.9855;29.7781;-256.751;-256.254;-256.7;-256.888;-256.958;-256.011;10:42:58
3876;29.9777;29.7781;-256.755;-256.25;-256.692;-256.895;-256.95;-256.003;10:42:59
3877;29.9855;29.7781;-256.747;-256.254;-256.692;-256.88;-256.958;-256.011;10:42:59
3878;29.9855;29.7703;-256.751;-256.254;-256.7;-256.888;-256.95;-256.003;10:43:00
3879;29.9855;29.7703;-256.751;-256.254;-256.692;-256.888;-256.95;-255.996;10:43:00
3880;29.9855;29.7781;-256.751;-256.262;-256.7;-256.895;-256.95;-256.003;10:43:01
3881;29.9855;29.7703;-256.747;-256.254;-256.7;-256.888;-256.942;-256.003;10:43:01
3882;29.9855;29.7703;-256.755;-256.254;-256.7;-256.888;-256.95;-256.003;10:43:02
3883;29.9855;29.7781;-256.747;-256.254;-256.7;-256.88;-256.942;-256.003;10:43:02
3884;29.9855;29.7703;-256.755;-256.254;-256.7;-256.888;-256.942;-256.011;10:43:03
3885;29.9933;29.7781;-256.755;-256.254;-256.692;-256.888;-256.942;-256.003;10:43:03
3886;29.9855;29.7703;-256.751;-256.254;-256.7;-256.88;-256.942;-256.011;10:43:04
3887;29.9933;29.7703;-256.751;-256.25;-256.7;-256.888;-256.95;-256.003;10:43:04
3888;29.9933;29.7703;-256.751;-256.25;-256.7;-256.888;-256.942;-256.003;10:43:05
3889;29.9855;29.7781;-256.755;-256.25;-256.7;-256.888;-256.95;-256.003;10:43:05
3890;29.9933;29.7703;-256.751;-256.254;-256.7;-256.888;-256.942;-256.003;10:43:06
3891;29.9855;29.7703;-256.751;-256.25;-256.7;-256.888;-256.95;-256.003;10:43:06
3892;30.0011;29.7703;-256.747;-256.254;-256.7;-256.888;-256.942;-256.003;10:43:07
3893;29.9933;29.7703;-256.747;-256.254;-256.692;-256.888;-256.942;-256.003;10:43:07
3894;29.9933;29.7703;-256.751;-256.254;-256.7;-256.888;-256.95;-256.003;10:43:08
3895;29.9933;29.7625;-256.751;-256.262;-256.692;-256.888;-256.942;-256.011;10:43:08
3896;29.9855;29.7703;-256.751;-256.254;-256.692;-256.888;-256.942;-255.996;10:43:09
3897;29.9933;29.7625;-256.747;-256.254;-256.692;-256.888;-256.95;-256.003;10:43:09
3898;29.9855;29.7625;-256.751;-256.254;-256.7;-256.888;-256.942;-256.003;10:43:10
3899;29.9933;29.7625;-256.755;-256.254;-256.692;-256.888;-256.942;-256.003;10:43:10
3900;29.9855;29.7625;-256.751;-256.254;-256.7;-256.888;-256.95;-256.003;10:43:11
3901;29.9855;29.7703;-256.747;-256.254;-256.7;-256.888;-256.958;-256.003;10:43:11
3902;29.9933;29.7703;-256.751;-256.262;-256.7;-256.888;-256.95;-256.003;10:43:12
3903;29.9855;29.7625;-256.747;-256.254;-256.7;-256.895;-256.95;-256.003;10:43:12
3904;29.9933;29.7625;-256.751;-256.254;-256.7;-256.88;-256.958;-255.996;10:43:13
3905;29.9933;29.7703;-256.751;-256.254;-256.7;-256.888;-256.95;-256.003;10:43:13
3906;29.9855;29.7625;-256.747;-256.254;-256.692;-256.895;-256.95;-256.003;10:43:14
3907;29.9933;29.7625;-256.755;-256.254;-256.692;-256.888;-256.95;-256.003;10:43:14
3908;29.9933;29.7703;-256.751;-256.254;-256.7;-256.888;-256.958;-256.011;10:43:15
3909;29.9933;29.7703;-256.755;-256.254;-256.692;-256.888;-256.95;-256.011;10:43:15
3910;29.9855;29.7625;-256.751;-256.254;-256.7;-256.888;-256.958;-256.011;10:43:16
3911;29.9933;29.7703;-256.758;-256.262;-256.692;-256.888;-256.95;-256.011;10:43:16
3912;29.9855;29.7703;-256.755;-256.254;-256.7;-256.888;-256.958;-256.003;10:43:17
3913;29.9933;29.7703;-256.758;-256.262;-256.692;-256.888;-256.95;-256.003;10:43:17
3914;29.9933;29.7703;-256.751;-256.254;-256.692;-256.888;-256.95;-256.011;10:43:18
3915;29.9855;29.7703;-256.755;-256.262;-256.7;-256.888;-256.95;-256.003;10:43:18
3916;30.0011;29.7625;-256.755;-256.262;-256.692;-256.888;-256.95;-256.003;10:43:19
3917;29.9933;29.7703;-256.755;-256.262;-256.7;-256.888;-256.942;-256.011;10:43:19
3918;29.9933;29.7625;-256.751;-256.254;-256.7;-256.888;-256.942;-256.003;10:43:20
3919;29.9933;29.7625;-256.751;-256.254;-256.7;-256.895;-256.942;-256.011;10:43:20
3920;29.9933;29.7625;-256.755;-256.254;-256.7;-256.888;-256.942;-256.003;10:43:21
3921;29.9933;29.7703;-256.751;-256.25;-256.708;-256.888;-256.95;-256.003;10:43:21
3922;29.9933;29.7703;-256.751;-256.254;-256.7;-256.888;-256.942;-256.003;10:43:22
3923;29.9933;29.7625;-256.751;-256.254;-256.7;-256.888;-256.942;-256.011;10:43:22
3924;29.9933;29.7703;-256.751;-256.254;-256.708;-256.88;-256.942;-256.003;10:43:23
3925;29.9933;29.7703;-256.755;-256.262;-256.7;-256.88;-256.942;-256.003;10:43:23
3926;29.9933;29.7625;-256.751;-256.25;-256.7;-256.888;-256.935;-256.011;10:43:24
3927;29.9933;29.7703;-256.751;-256.262;-256.7;-256.888;-256.935;-256.003;10:43:24
3928;29.9933;29.7625;-256.755;-256.254;-256.708;-256.888;-256.95;-256.011;10:43:25
3929;29.9855;29.7703;-256.755;-256.254;-256.708;-256.88;-256.95;-255.996;10:43:25
3930;29.9933;29.7703;-256.755;-256.262;-256.7;-256.895;-256.95;-256.003;10:43:26
3931;30.0011;29.7703;-256.751;-256.262;-256.7;-256.888;-256.95;-256.003;10:43:26
3932;29.9933;29.7703;-256.755;-256.262;-256.7;-256.888;-256.95;-256.003;10:43:27
3933;29.9933;29.7703;-256.758;-256.254;-256.7;-256.895;-256.942;-256.011;10:43:27
3934;29.9933;29.7781;-256.755;-256.254;-256.7;-256.888;-256.95;-256.003;10:43:28
3935;29.9933;29.7703;-256.755;-256.254;-256.7;-256.88;-256.95;-256.003;10:43:28
3936;29.9933;29.7703;-256.755;-256.262;-256.708;-256.895;-256.942;-256.003;10:43:29
3937;29.9855;29.7703;-256.758;-256.262;-256.7;-256.888;-256.942;-256.003;10:43:29
3938;29.9933;29.7703;-256.755;-256.254;-256.7;-256.888;-256.95;-256.003;10:43:30
3939;29.9933;29.7703;-256.755;-256.262;-256.7;-256.888;-256.95;-255.996;10:43:30
3940;29.9933;29.7703;-256.755;-256.254;-256.708;-256.895;-256.95;-256.003;10:43:31
3941;29.9933;29.7781;-256.755;-256.262;-256.7;-256.888;-256.95;-256.003;10:43:31
3942;29.9855;29.7625;-256.758;-256.262;-256.7;-256.88;-256.95;-256.003;10:43:32
3943;29.9933;29.7703;-256.755;-256.25;-256.708;-256.872;-256.966;-256.003;10:43:32
3944;29.9933;29.7703;-256.758;-256.258;-256.692;-256.88;-256.95;-256.003;10:43:33
3945;29.9933;29.7703;-256.755;-256.254;-256.7;-256.88;-256.958;-256.003;10:43:33
3946;29.9933;29.7703;-256.758;-256.254;-256.7;-256.88;-256.95;-255.996;10:43:34
3947;29.9777;29.7703;-256.755;-256.25;-256.692;-256.88;-256.95;-255.996;10:43:34
3948;29.9855;29.7625;-256.758;-256.254;-256.7;-256.888;-256.942;-256.003;10:43:35
3949;29.9933;29.7625;-256.755;-256.254;-256.692;-256.88;-256.95;-255.996;10:43:35
3950;29.9777;29.7625;-256.755;-256.254;-256.7;-256.88;-256.95;-256.003;10:43:36
3951;29.9777;29.7625;-256.755;-256.262;-256.7;-256.88;-256.95;-256.003;10:43:36
3952;29.9855;29.7703;-256.755;-256.254;-256.7;-256.88;-256.95;-255.996;10:43:37
3953;29.9855;29.7703;-256.755;-256.262;-256.7;-256.888;-256.95;-256.003;10:43:37
3954;29.9777;29.7703;-256.755;-256.262;-256.7;-256.88;-256.958;-256.003;10:43:38
3955;29.9777;29.7703;-256.758;-256.254;-256.7;-256.88;-256.958;-255.996;10:43:38
3956;29.9855;29.7703;-256.755;-256.262;-256.7;-256.88;-256.942;-256.003;10:43:39
3957;29.9855;29.7703;-256.755;-256.254;-256.7;-256.88;-256.942;-256.003;10:43:39
3958;29.9777;29.7703;-256.755;-256.262;-256.7;-256.888;-256.95;-256.003;10:43:40
3959;29.9777;29.7625;-256.758;-256.254;-256.7;-256.88;-256.942;-256.003;10:43:40
3960;29.9855;29.7703;-256.751;-256.265;-256.708;-256.88;-256.95;-256.003;10:43:41
3961;29.9777;29.7703;-256.755;-256.254;-256.7;-256.888;-256.95;-256.003;10:43:41
3962;29.9855;29.7703;-256.751;-256.262;-256.708;-256.88;-256.958;-256.003;10:43:42
3963;29.9855;29.7703;-256.755;-256.262;-256.7;-256.88;-256.95;-256.003;10:43:42
3964;29.9933;29.7703;-256.755;-256.262;-256.692;-256.88;-256.95;-256.003;10:43:43
3965;29.9855;29.7703;-256.755;-256.262;-256.708;-256.888;-256.95;-256.003;10:43:43
3966;29.9933;29.7703;-256.755;-256.262;-256.7;-256.888;-256.942;-256.003;10:43:44
3967;29.9855;29.7703;-256.758;-256.262;-256.7;-256.888;-256.95;-256.003;10:43:44
3968;29.9933;29.7625;-256.758;-256.254;-256.7;-256.888;-256.95;-256.003;10:43:45
3969;29.9855;29.7625;-256.755;-256.258;-256.7;-256.895;-256.95;-256.003;10:43:45
3970;29.9855;29.7625;-256.755;-256.254;-256.692;-256.888;-256.942;-256.003;10:43:46
3971;29.9855;29.7625;-256.755;-256.254;-256.7;-256.88;-256.95;-256.011;10:43:46
3972;29.9933;29.7703;-256.758;-256.262;-256.7;-256.888;-256.95;-256.003;10:43:47
3973;29.9933;29.7625;-256.755;-256.254;-256.7;-256.895;-256.95;-256.003;10:43:47
3974;29.9933;29.7703;-256.755;-256.254;-256.708;-256.88;-256.95;-256.003;10:43:48
3975;30.0011;29.7625;-256.755;-256.254;-256.7;-256.888;-256.95;-256.003;10:43:48
3976;29.9855;29.7625;-256.755;-256.25;-256.708;-256.888;-256.95;-256.003;10:43:49
3977;29.9933;29.7703;-256.755;-256.254;-256.692;-256.888;-256.95;-256.003;10:43:49
3978;29.9933;29.7703;-256.758;-256.25;-256.7;-256.888;-256.942;-256.003;10:43:50
3979;29.9933;29.7781;-256.758;-256.25;-256.7;-256.888;-256.942;-256.011;10:43:50
3980;29.9855;29.7703;-256.762;-256.262;-256.7;-256.888;-256.95;-256.003;10:43:51
3981;29.9933;29.7703;-256.758;-256.25;-256.708;-256.888;-256.942;-256.003;10:43:51
3982;29.9933;29.7703;-256.755;-256.262;-256.7;-256.888;-256.95;-256.011;10:43:52
3983;29.9933;29.7625;-256.758;-256.254;-256.692;-256.895;-256.935;-256.003;10:43:52
3984;29.9933;29.7625;-256.755;-256.262;-256.708;-256.88;-256.942;-256.003;10:43:53
3985;29.9855;29.7625;-256.758;-256.254;-256.692;-256.888;-256.95;-255.996;10:43:53
3986;29.9855;29.7703;-256.758;-256.254;-256.7;-256.888;-256.935;-256.003;10:43:54
3987;29.9855;29.7703;-256.755;-256.25;-256.7;-256.888;-256.95;-256.011;10:43:54
3988;29.9855;29.7703;-256.758;-256.254;-256.7;-256.88;-256.95;-255.996;10:43:55
3989;29.9777;29.7703;-256.755;-256.254;-256.7;-256.88;-256.942;-256.003;10:43:55
3990;29.9855;29.7703;-256.755;-256.254;-256.7;-256.888;-256.942;-256.011;10:43:56
3991;29.9933;29.7703;-256.758;-256.262;-256.7;-256.895;-256.935;-256.003;10:43:56
3992;29.9933;29.7703;-256.758;-256.254;-256.7;-256.88;-256.942;-256.011;10:43:57
3993;29.9933;29.7625;-256.762;-256.254;-256.708;-256.888;-256.942;-256.003;10:43:57
3994;29.9933;29.7703;-256.758;-256.262;-256.7;-256.888;-256.942;-256.003;10:43:58
3995;29.9933;29.7625;-256.758;-256.254;-256.7;-256.888;-256.935;-256.003;10:43:58
3996;29.9933;29.7546;-256.758;-256.258;-256.7;-256.888;-256.935;-256.003;10:43:59
3997;29.9933;29.7546;-256.758;-256.262;-256.7;-256.88;-256.935;-256.003;10:43:59
3998;29.9933;29.7625;-256.758;-256.254;-256.7;-256.895;-256.935;-256.003;10:44:00
3999;29.9855;29.7625;-256.755;-256.254;-256.7;-256.888;-256.942;-256.011;10:44:00
4000;30.0011;29.7625;-256.751;-256.254;-256.7;-256.888;-256.942;-255.996;10:44:01
4001;29.9933;29.7703;-256.755;-256.254;-256.708;-256.88;-256.942;-255.996;10:44:01
4002;29.9855;29.7625;-256.751;-256.254;-256.692;-256.888;-256.942;-256.003;10:44:02
4003;29.9855;29.7703;-256.755;-256.262;-256.7;-256.888;-256.942;-256.011;10:44:02
4004;29.9855;29.7625;-256.755;-256.262;-256.7;-256.888;-256.942;-256.003;10:44:03
4005;29.9855;29.7625;-256.755;-256.262;-256.708;-256.895;-256.942;-256.011;10:44:03
4006;29.9933;29.7625;-256.755;-256.262;-256.7;-256.888;-256.942;-256.003;10:44:04
4007;29.9933;29.7625;-256.755;-256.254;-256.708;-256.88;-256.935;-256.011;10:44:04
4008;29.9855;29.7625;-256.751;-256.262;-256.708;-256.888;-256.942;-256.003;10:44:05
4009;29.9933;29.7546;-256.755;-256.262;-256.7;-256.88;-256.942;-256.011;10:44:05
4010;29.9855;29.7546;-256.751;-256.262;-256.708;-256.888;-256.942;-255.996;10:44:06
4011;29.9777;29.7625;-256.751;-256.262;-256.7;-256.888;-256.935;-256.011;10:44:06
4012;29.9855;29.7546;-256.755;-256.254;-256.708;-256.888;-256.942;-256.003;10:44:07
4013;29.9777;29.7468;-256.751;-256.262;-256.708;-256.888;-256.942;-256.011;10:44:07
4014;29.9855;29.7625;-256.755;-256.262;-256.708;-256.88;-256.942;-256.019;10:44:08
4015;29.9777;29.7546;-256.751;-256.269;-256.7;-256.895;-256.935;-256.011;10:44:08
4016;29.9855;29.7625;-256.755;-256.262;-256.7;-256.88;-256.942;-256.011;10:44:09
4017;29.9777;29.7625;-256.758;-256.254;-256.708;-256.888;-256.942;-256.011;10:44:09
4018;29.9777;29.7546;-256.755;-256.262;-256.692;-256.888;-256.935;-256.003;10:44:10
4019;29.9855;29.7625;-256.751;-256.262;-256.7;-256.895;-256.935;-256.019;10:44:10
4020;29.9698;29.7625;-256.755;-256.254;-256.7;-256.888;-256.95;-256.003;10:44:11
4021;29.9855;29.7625;-256.751;-256.254;-256.7;-256.88;-256.942;-256.011;10:44:11
4022;29.9777;29.7625;-256.751;-256.262;-256.7;-256.888;-256.942;-256.011;10:44:12
4023;29.9855;29.7625;-256.755;-256.254;-256.7;-256.888;-256.927;-256.011;10:44:12
4024;29.9855;29.7625;-256.755;-256.254;-256.7;-256.888;-256.95;-256.003;10:44:13
4025;29.9855;29.7625;-256.751;-256.254;-256.7;-256.888;-256.942;-256.011;10:44:13
4026;29.9933;29.7625;-256.755;-256.262;-256.7;-256.888;-256.942;-256.011;10:44:14
4027;29.9933;29.7703;-256.751;-256.262;-256.7;-256.88;-256.95;-256.011;10:44:14
4028;29.9933;29.7703;-256.755;-256.262;-256.708;-256.888;-256.95;-256.003;10:44:15
4029;29.9933;29.7546;-256.751;-256.262;-256.708;-256.888;-256.95;-256.011;10:44:15
4030;29.9933;29.7703;-256.755;-256.254;-256.7;-256.888;-256.935;-256.011;10:44:16
4031;29.9933;29.7703;-256.755;-256.269;-256.7;-256.888;-256.935;-256.011;10:44:16
4032;29.9855;29.7703;-256.755;-256.254;-256.708;-256.888;-256.935;-256.011;10:44:17
4033;29.9933;29.7781;-256.751;-256.262;-256.708;-256.88;-256.935;-256.003;10:44:17
4034;29.9933;29.7781;-256.755;-256.254;-256.708;-256.888;-256.942;-256.011;10:44:18
4035;29.9933;29.7703;-256.758;-256.262;-256.7;-256.888;-256.942;-256.011;10:44:18
4036;29.9933;29.7781;-256.755;-256.254;-256.708;-256.888;-256.942;-256.003;10:44:19
4037;29.9933;29.7781;-256.755;-256.262;-256.708;-256.888;-256.942;-256.011;10:44:19
4038;29.9855;29.7781;-256.755;-256.254;-256.708;-256.888;-256.942;-256.003;10:44:20
4039;29.9855;29.7703;-256.758;-256.262;-256.708;-256.895;-256.942;-256.003;10:44:20
4040;29.9855;29.7781;-256.755;-256.262;-256.708;-256.888;-256.942;-256.011;10:44:21
4041;29.9855;29.7703;-256.758;-256.254;-256.708;-256.888;-256.942;-256.003;10:44:21
4042;29.9933;29.7703;-256.751;-256.262;-256.708;-256.895;-256.942;-256.011;10:44:22
4043;29.9933;29.7703;-256.755;-256.254;-256.7;-256.888;-256.942;-256.003;10:44:22
4044;29.9777;29.7703;-256.751;-256.254;-256.708;-256.895;-256.942;-256.011;10:44:23
4045;29.9855;29.7625;-256.758;-256.262;-256.708;-256.895;-256.942;-256.003;10:44:23
4046;29.9777;29.7703;-256.755;-256.254;-256.708;-256.895;-256.942;-256.011;10:44:24
4047;29.9777;29.7703;-256.755;-256.254;-256.7;-256.895;-256.935;-256.011;10:44:24
4048;29.9777;29.7625;-256.755;-256.262;-256.708;-256.895;-256.942;-256.003;10:44:25
4049;29.9698;29.7703;-256.755;-256.254;-256.692;-256.888;-256.942;-256.011;10:44:25
4050;29.9698;29.7781;-256.755;-256.254;-256.708;-256.888;-256.95;-256.003;10:44:26
4051;29.9698;29.7703;-256.755;-256.254;-256.7;-256.895;-256.942;-256.011;10:44:26
4052;29.9698;29.7703;-256.762;-256.262;-256.7;-256.888;-256.95;-256.011;10:44:27
4053;29.962;29.7781;-256.758;-256.262;-256.7;-256.895;-256.95;-256.011;10:44:27
4054;29.9698;29.7703;-256.758;-256.262;-256.715;-256.888;-256.942;-256.011;10:44:28
4055;29.9777;29.7781;-256.758;-256.254;-256.708;-256.888;-256.935;-256.011;10:44:28
4056;29.9698;29.7781;-256.755;-256.262;-256.7;-256.888;-256.935;-256.011;10:44:29
4057;29.9698;29.7781;-256.758;-256.262;-256.7;-256.895;-256.942;-256.011;10:44:29
4058;29.9777;29.7859;-256.755;-256.262;-256.708;-256.895;-256.942;-256.011;10:44:30
4059;29.9777;29.7859;-256.758;-256.269;-256.7;-256.888;-256.942;-256.011;10:44:30
4060;29.9777;29.7781;-256.755;-256.262;-256.7;-256.895;-256.942;-256.003;10:44:31
4061;29.9777;29.7703;-256.762;-256.269;-256.708;-256.888;-256.942;-256.003;10:44:31
4062;29.9777;29.7781;-256.755;-256.262;-256.708;-256.888;-256.942;-256.011;10:44:32
4063;29.9855;29.7781;-256.758;-256.269;-256.7;-256.895;-256.942;-256.011;10:44:32
4064;29.9777;29.7859;-256.762;-256.254;-256.708;-256.888;-256.95;-256.003;10:44:33
4065;29.9777;29.7703;-256.758;-256.262;-256.708;-256.888;-256.942;-256.003;10:44:33
4066;29.9855;29.7781;-256.762;-256.262;-256.708;-256.895;-256.942;-256.011;10:44:34
4067;29.9855;29.7781;-256.758;-256.254;-256.708;-256.888;-256.942;-256.011;10:44:34
4068;29.9777;29.7703;-256.755;-256.262;-256.708;-256.895;-256.942;-256.011;10:44:35
4069;29.9777;29.7781;-256.758;-256.254;-256.7;-256.888;-256.95;-256.011;10:44:35
4070;29.9777;29.7703;-256.755;-256.262;-256.708;-256.888;-256.935;-256.019;10:44:36
4071;29.9698;29.7781;-256.755;-256.254;-256.708;-256.888;-256.942;-256.011;10:44:36
4072;29.9777;29.7781;-256.751;-256.262;-256.708;-256.895;-256.958;-256.011;10:44:37
4073;29.9777;29.7703;-256.751;-256.254;-256.7;-256.88;-256.942;-256.011;10:44:37
4074;29.9855;29.7703;-256.751;-256.254;-256.7;-256.88;-256.942;-256.011;10:44:38
4075;29.9777;29.7625;-256.751;-256.262;-256.7;-256.888;-256.95;-256.003;10:44:38
4076;29.9777;29.7703;-256.747;-256.254;-256.708;-256.895;-256.95;-256.011;10:44:39
4077;29.9777;29.7625;-256.747;-256.254;-256.7;-256.888;-256.942;-256.011;10:44:39
4078;29.9698;29.7703;-256.751;-256.262;-256.7;-256.888;-256.942;-256.011;10:44:40
4079;29.9777;29.7703;-256.743;-256.254;-256.708;-256.895;-256.942;-256.003;10:44:40
4080;29.9777;29.7703;-256.743;-256.262;-256.7;-256.888;-256.942;-256.003;10:44:41
4081;29.9698;29.7703;-256.743;-256.262;-256.7;-256.895;-256.95;-256.011;10:44:41
4082;29.9698;29.7625;-256.747;-256.262;-256.7;-256.888;-256.935;-256.003;10:44:42
4083;29.9777;29.7703;-256.747;-256.254;-256.692;-256.895;-256.942;-256.011;10:44:42
4084;29.9777;29.7703;-256.751;-256.262;-256.7;-256.888;-256.95;-256.003;10:44:43
4085;29.9698;29.7703;-256.747;-256.262;-256.7;-256.888;-256.95;-256.003;10:44:43
4086;29.962;29.7703;-256.747;-256.269;-256.692;-256.888;-256.958;-256.003;10:44:44
4087;29.9698;29.7703;-256.747;-256.262;-256.7;-256.895;-256.942;-256.003;10:44:44
4088;29.962;29.7703;-256.747;-256.262;-256.692;-256.888;-256.942;-256.011;10:44:45
4089;29.9698;29.7703;-256.739;-256.262;-256.7;-256.888;-256.95;-256.011;10:44:45
4090;29.9698;29.7781;-256.735;-256.269;-256.7;-256.888;-256.95;-256.003;10:44:46
4091;29.9777;29.7703;-256.735;-256.262;-256.692;-256.895;-256.95;-256.011;10:44:46
4092;29.9777;29.7781;-256.743;-256.262;-256.7;-256.888;-256.95;-256.003;10:44:47
4093;29.9698;29.7703;-256.735;-256.262;-256.708;-256.88;-256.95;-256.003;10:44:47
4094;29.9777;29.7703;-256.743;-256.262;-256.708;-256.888;-256.95;-256.011;10:44:48
4095;29.9698;29.7781;-256.735;-256.269;-256.7;-256.888;-256.95;-256.003;10:44:48
4096;29.9698;29.7703;-256.735;-256.262;-256.7;-256.888;-256.942;-256.003;10:44:49
4097;29.9777;29.7703;-256.735;-256.262;-256.708;-256.895;-256.95;-256.003;10:44:49
4098;29.9777;29.7625;-256.735;-256.269;-256.708;-256.888;-256.95;-256.011;10:44:50
4099;29.9777;29.7703;-256.743;-256.269;-256.692;-256.895;-256.95;-256.011;10:44:50
4100;29.9777;29.7703;-256.743;-256.269;-256.708;-256.888;-256.95;-256.011;10:44:51
4101;29.9777;29.7781;-256.747;-256.262;-256.7;-256.895;-256.95;-256.011;10:44:51
4102;29.9777;29.7703;-256.743;-256.269;-256.7;-256.888;-256.95;-256.011;10:44:52
4103;29.9698;29.7781;-256.751;-256.262;-256.708;-256.895;-256.942;-256.011;10:44:52
4104;29.9698;29.7703;-256.751;-256.269;-256.7;-256.888;-256.942;-256.019;10:44:53
4105;29.9698;29.7703;-256.747;-256.262;-256.708;-256.88;-256.95;-256.003;10:44:53
4106;29.962;29.7703;-256.747;-256.269;-256.708;-256.88;-256.95;-256.003;10:44:54
4107;29.962;29.7781;-256.751;-256.262;-256.692;-256.888;-256.95;-256.011;10:44:54
4108;29.9698;29.7703;-256.747;-256.262;-256.7;-256.88;-256.95;-256.011;10:44:55
4109;29.962;29.7781;-256.747;-256.262;-256.7;-256.88;-256.95;-256.003;10:44:55
4110;29.9698;29.7703;-256.747;-256.262;-256.7;-256.888;-256.95;-256.011;10:44:56
4111;29.9698;29.7703;-256.747;-256.269;-256.7;-256.88;-256.942;-256.003;10:44:56
4112;29.9777;29.7703;-256.747;-256.254;-256.7;-256.888;-256.942;-256.011;10:44:57
4113;29.9698;29.7703;-256.747;-256.269;-256.708;-256.88;-256.95;-256.003;10:44:57
4114;29.9777;29.7703;-256.747;-256.262;-256.7;-256.888;-256.95;-256.003;10:44:58
4115;29.9777;29.7703;-256.747;-256.262;-256.7;-256.895;-256.942;-256.011;10:44:58
4116;29.9777;29.7703;-256.747;-256.262;-256.7;-256.888;-256.942;-256.003;10:44:59
4117;29.9777;29.7703;-256.751;-256.269;-256.708;-256.888;-256.958;-255.996;10:44:59
4118;29.9855;29.7703;-256.755;-256.262;-256.7;-256.895;-256.95;-256.003;10:45:00
4119;29.9777;29.7859;-256.751;-256.262;-256.708;-256.888;-256.942;-256.003;10:45:00
4120;29.9777;29.7781;-256.755;-256.269;-256.7;-256.895;-256.95;-255.996;10:45:01
4121;29.9855;29.7781;-256.755;-256.262;-256.708;-256.888;-256.95;-256.003;10:45:01
4122;29.9698;29.7781;-256.751;-256.262;-256.7;-256.888;-256.95;-255.996;10:45:02
4123;29.9855;29.7781;-256.755;-256.262;-256.708;-256.895;-256.958;-256.003;10:45:02
4124;29.9698;29.7703;-256.751;-256.262;-256.7;-256.888;-256.95;-256.003;10:45:03
4125;29.9777;29.7859;-256.751;-256.262;-256.708;-256.888;-256.95;-255.996;10:45:03
4126;29.9777;29.7781;-256.755;-256.262;-256.7;-256.888;-256.942;-256.003;10:45:04
4127;29.9777;29.7781;-256.751;-256.269;-256.7;-256.888;-256.95;-256.003;10:45:04
4128;29.9698;29.7781;-256.755;-256.262;-256.7;-256.888;-256.942;-256.003;10:45:05
4129;29.9698;29.7703;-256.751;-256.269;-256.7;-256.888;-256.95;-256.003;10:45:05
4130;29.9698;29.7703;-256.751;-256.262;-256.692;-256.88;-256.95;-256.003;10:45:06
4131;29.9698;29.7703;-256.751;-256.262;-256.708;-256.895;-256.935;-255.996;10:45:06
4132;29.9698;29.7625;-256.751;-256.262;-256.7;-256.88;-256.95;-256.003;10:45:07
4133;29.9777;29.7781;-256.747;-256.262;-256.7;-256.888;-256.942;-255.996;10:45:07
4134;29.9777;29.7703;-256.751;-256.262;-256.7;-256.88;-256.942;-256.003;10:45:08
4135;29.9777;29.7703;-256.747;-256.262;-256.7;-256.895;-256.935;-256.003;10:45:08
4136;29.9698;29.7703;-256.747;-256.262;-256.7;-256.888;-256.95;-256.003;10:45:09
4137;29.9698;29.7703;-256.747;-256.262;-256.708;-256.88;-256.95;-256.003;10:45:09
4138;29.9698;29.7703;-256.751;-256.254;-256.708;-256.895;-256.95;-255.996;10:45:10
4139;29.9777;29.7703;-256.747;-256.262;-256.7;-256.888;-256.942;-256.003;10:45:10
4140;29.9777;29.7703;-256.747;-256.254;-256.708;-256.888;-256.942;-256.003;10:45:11
4141;29.9777;29.7703;-256.747;-256.262;-256.7;-256.895;-256.95;-256.003;10:45:11
4142;29.9855;29.7703;-256.751;-256.262;-256.7;-256.888;-256.95;-256.003;10:45:12
4143;29.9777;29.7703;-256.751;-256.254;-256.7;-256.895;-256.95;-256.003;10:45:12
4144;29.9698;29.7703;-256.751;-256.254;-256.7;-256.888;-256.942;-256.003;10:45:13
4145;29.9777;29.7625;-256.747;-256.262;-256.708;-256.895;-256.95;-256.003;10:45:13
4146;29.9777;29.7703;-256.751;-256.254;-256.7;-256.895;-256.942;-255.996;10:45:14
4147;29.9698;29.7781;-256.751;-256.254;-256.708;-256.888;-256.935;-256.011;10:45:14
4148;29.9777;29.7703;-256.751;-256.254;-256.7;-256.903;-256.942;-256.003;10:45:15
4149;29.9855;29.7703;-256.751;-256.262;-256.7;-256.895;-256.942;-256.003;10:45:15
4150;29.9777;29.7781;-256.747;-256.254;-256.708;-256.895;-256.942;-256.003;10:45:16
4151;29.9777;29.7703;-256.755;-256.254;-256.7;-256.888;-256.935;-256.003;10:45:16
4152;29.9855;29.7703;-256.747;-256.262;-256.708;-256.903;-256.935;-256.011;10:45:17
4153;29.9777;29.7781;-256.751;-256.269;-256.7;-256.888;-256.942;-256.011;10:45:17
4154;29.9777;29.7703;-256.751;-256.262;-256.7;-256.895;-256.942;-256.011;10:45:18
4155;29.9777;29.7703;-256.747;-256.262;-256.708;-256.895;-256.942;-256.003;10:45:18
4156;29.9777;29.7781;-256.751;-256.269;-256.7;-256.895;-256.942;-256.011;10:45:19
4157;29.9777;29.7703;-256.751;-256.262;-256.692;-256.895;-256.942;-256.003;10:45:19
4158;29.9777;29.7703;-256.747;-256.262;-256.7;-256.895;-256.95;-256.003;10:45:20
4159;29.9777;29.7703;-256.751;-256.262;-256.692;-256.888;-256.942;-256.003;10:45:20
4160;29.9777;29.7703;-256.751;-256.262;-256.7;-256.895;-256.95;-256.011;10:45:21
4161;29.9777;29.7625;-256.747;-256.262;-256.7;-256.888;-256.942;-256.003;10:45:21
4162;29.9698;29.7703;-256.747;-256.269;-256.692;-256.888;-256.95;-256.011;10:45:22
4163;29.9698;29.7703;-256.747;-256.262;-256.7;-256.888;-256.95;-256.003;10:45:22
4164;29.9777;29.7625;-256.751;-256.262;-256.7;-256.888;-256.942;-256.011;10:45:23
4165;29.9777;29.7625;-256.747;-256.262;-256.7;-256.888;-256.95;-256.003;10:45:23
4166;29.9698;29.7625;-256.747;-256.262;-256.7;-256.888;-256.958;-256.003;10:45:24
4167;29.9777;29.7703;-256.751;-256.262;-256.7;-256.888;-256.942;-256.003;10:45:24
4168;29.9698;29.7703;-256.755;-256.262;-256.692;-256.895;-256.95;-256.003;10:45:25
4169;29.9698;29.7703;-256.751;-256.269;-256.7;-256.888;-256.95;-256.003;10:45:25
4170;29.9698;29.7625;-256.751;-256.262;-256.7;-256.888;-256.95;-256.003;10:45:26
4171;29.9698;29.7781;-256.751;-256.269;-256.692;-256.903;-256.942;-256.011;10:45:26
4172;29.9698;29.7781;-256.751;-256.269;-256.7;-256.895;-256.95;-256.011;10:45:27
4173;29.9698;29.7703;-256.751;-256.262;-256.7;-256.888;-256.958;-256.003;10:45:27
4174;29.9698;29.7781;-256.751;-256.269;-256.7;-256.895;-256.95;-256.011;10:45:28
4175;29.9777;29.7703;-256.755;-256.262;-256.692;-256.895;-256.95;-256.011;10:45:28
4176;29.9777;29.7781;-256.751;-256.269;-256.7;-256.895;-256.942;-256.019;10:45:29
4177;29.9698;29.7703;-256.751;-256.269;-256.692;-256.895;-256.95;-256.011;10:45:29
4178;29.9777;29.7781;-256.755;-256.262;-256.692;-256.888;-256.942;-256.019;10:45:30
4179;29.962;29.7781;-256.751;-256.262;-256.7;-256.903;-256.942;-256.011;10:45:30
4180;29.9698;29.7781;-256.751;-256.269;-256.7;-256.895;-256.95;-256.011;10:45:31
4181;29.962;29.7781;-256.751;-256.262;-256.692;-256.888;-256.95;-256.011;10:45:31
4182;29.9698;29.7781;-256.751;-256.262;-256.7;-256.895;-256.95;-256.011;10:45:32
4183;29.9698;29.7859;-256.751;-256.269;-256.7;-256.895;-256.942;-256.003;10:45:32
4184;29.9698;29.7781;-256.751;-256.269;-256.7;-256.895;-256.942;-256.003;10:45:33
4185;29.962;29.7781;-256.755;-256.262;-256.692;-256.895;-256.95;-256.011;10:45:33
4186;29.9698;29.7781;-256.751;-256.269;-256.7;-256.895;-256.942;-256.003;10:45:34
4187;29.9698;29.7859;-256.751;-256.262;-256.708;-256.895;-256.95;-256.011;10:45:34
4188;29.9698;29.7781;-256.755;-256.269;-256.692;-256.895;-256.942;-256.003;10:45:35
4189;29.962;29.7781;-256.751;-256.262;-256.7;-256.888;-256.942;-256.011;10:45:35
4190;29.9698;29.7781;-256.755;-256.269;-256.7;-256.888;-256.942;-256.003;10:45:36
4191;29.9777;29.7781;-256.751;-256.269;-256.692;-256.895;-256.935;-256.011;10:45:36
4192;29.9777;29.7781;-256.751;-256.269;-256.692;-256.888;-256.935;-256.003;10:45:37
4193;29.9698;29.7781;-256.755;-256.262;-256.692;-256.888;-256.935;-256.003;10:45:37
4194;29.9855;29.7781;-256.755;-256.269;-256.692;-256.895;-256.942;-256.003;10:45:38
4195;29.9777;29.7781;-256.755;-256.269;-256.7;-256.888;-256.942;-256.011;10:45:38
4196;29.9698;29.7781;-256.755;-256.269;-256.692;-256.895;-256.935;-256.011;10:45:39
4197;29.9777;29.7781;-256.751;-256.269;-256.7;-256.895;-256.942;-256.003;10:45:39
4198;29.9698;29.7703;-256.751;-256.269;-256.692;-256.895;-256.942;-256.011;10:45:40
4199;29.9777;29.7781;-256.751;-256.269;-256.7;-256.888;-256.942;-256.011;10:45:40
4200;29.9777;29.7781;-256.755;-256.269;-256.692;-256.895;-256.942;-256.003;10:45:41
4201;29.9698;29.7781;-256.755;-256.269;-256.692;-256.895;-256.942;-256.011;10:45:41
4202;29.9698;29.7781;-256.751;-256.269;-256.692;-256.888;-256.942;-256.011;10:45:42
4203;29.9777;29.7781;-256.751;-256.277;-256.692;-256.903;-256.942;-256.011;10:45:42
4204;29.9777;29.7781;-256.755;-256.269;-256.692;-256.888;-256.942;-256.011;10:45:43
4205;29.9777;29.7703;-256.751;-256.269;-256.7;-256.895;-256.942;-256.011;10:45:43
4206;29.9698;29.7781;-256.755;-256.262;-256.692;-256.88;-256.942;-256.003;10:45:44
4207;29.9698;29.7703;-256.751;-256.262;-256.7;-256.895;-256.942;-256.011;10:45:44
4208;29.9698;29.7859;-256.755;-256.269;-256.692;-256.888;-256.942;-256.019;10:45:45
4209;29.9698;29.7781;-256.751;-256.262;-256.7;-256.888;-256.942;-256.011;10:45:45
4210;29.9698;29.7859;-256.755;-256.269;-256.692;-256.888;-256.95;-256.019;10:45:46
4211;29.9777;29.7703;-256.751;-256.269;-256.692;-256.895;-256.942;-256.011;10:45:46
4212;29.9698;29.7703;-256.755;-256.269;-256.692;-256.895;-256.935;-256.011;10:45:47
4213;29.9698;29.7703;-256.755;-256.262;-256.7;-256.888;-256.942;-256.003;10:45:47
4214;29.9698;29.7625;-256.755;-256.254;-256.692;-256.888;-256.935;-256.011;10:45:48
4215;29.9698;29.7781;-256.751;-256.254;-256.7;-256.895;-256.942;-256.003;10:45:48
4216;29.9698;29.7703;-256.755;-256.254;-256.7;-256.895;-256.942;-256.011;10:45:49
4217;29.9777;29.7781;-256.755;-256.254;-256.692;-256.888;-256.95;-256.003;10:45:49
4218;29.9855;29.7703;-256.755;-256.254;-256.7;-256.888;-256.942;-256.011;10:45:50
4219;29.9698;29.7625;-256.758;-256.262;-256.692;-256.895;-256.95;-256.003;10:45:50
4220;29.9777;29.7703;-256.758;-256.254;-256.692;-256.888;-256.942;-256.011;10:45:51
4221;29.9698;29.7703;-256.755;-256.254;-256.692;-256.888;-256.95;-256.003;10:45:51
4222;29.9698;29.7625;-256.755;-256.254;-256.7;-256.888;-256.95;-255.996;10:45:52
4223;29.9698;29.7703;-256.755;-256.262;-256.7;-256.888;-256.935;-256.003;10:45:52
4224;29.9777;29.7625;-256.755;-256.254;-256.7;-256.888;-256.935;-256.011;10:45:53
4225;29.9777;29.7703;-256.758;-256.254;-256.7;-256.888;-256.942;-256.003;10:45:53
4226;29.9777;29.7703;-256.755;-256.254;-256.692;-256.888;-256.935;-256.003;10:45:54
4227;29.9777;29.7703;-256.755;-256.254;-256.7;-256.888;-256.942;-256.003;10:45:54
4228;29.9698;29.7625;-256.751;-256.262;-256.7;-256.888;-256.935;-256.003;10:45:55
4229;29.9698;29.7703;-256.751;-256.262;-256.7;-256.888;-256.935;-256.003;10:45:55
4230;29.962;29.7625;-256.747;-256.254;-256.7;-256.88;-256.942;-255.996;10:45:56
4231;29.9698;29.7703;-256.751;-256.262;-256.692;-256.888;-256.942;-256.003;10:45:56
4232;29.9698;29.7625;-256.751;-256.254;-256.708;-256.888;-256.935;-256.003;10:45:57
4233;29.962;29.7703;-256.751;-256.262;-256.7;-256.888;-256.935;-255.996;10:45:57
4234;29.962;29.7703;-256.751;-256.254;-256.692;-256.88;-256.942;-255.996;10:45:58
4235;29.9698;29.7703;-256.751;-256.262;-256.7;-256.888;-256.942;-256.003;10:45:58
4236;29.9698;29.7703;-256.755;-256.254;-256.7;-256.888;-256.935;-256.003;10:45:59
4237;29.9698;29.7703;-256.751;-256.254;-256.7;-256.888;-256.942;-256.003;10:45:59
4238;29.9698;29.7703;-256.751;-256.254;-256.7;-256.88;-256.942;-255.996;10:46:00
4239;29.962;29.7703;-256.751;-256.262;-256.7;-256.888;-256.942;-256.003;10:46:00
4240;29.9777;29.7703;-256.755;-256.262;-256.692;-256.895;-256.942;-256.003;10:46:01
4241;29.9698;29.7703;-256.751;-256.262;-256.7;-256.888;-256.95;-255.996;10:46:01
4242;29.9698;29.7625;-256.755;-256.262;-256.7;-256.888;-256.95;-256.003;10:46:02
4243;29.9698;29.7781;-256.751;-256.262;-256.692;-256.888;-256.95;-256.003;10:46:02
4244;29.9777;29.7703;-256.755;-256.262;-256.692;-256.895;-256.95;-256.003;10:46:03
4245;29.9777;29.7703;-256.751;-256.262;-256.7;-256.895;-256.958;-256.011;10:46:03
4246;29.9698;29.7781;-256.751;-256.254;-256.692;-256.888;-256.958;-256.003;10:46:04
4247;29.9698;29.7781;-256.751;-256.254;-256.692;-256.895;-256.95;-256.003;10:46:04
4248;29.962;29.7781;-256.751;-256.262;-256.7;-256.895;-256.942;-256.011;10:46:05
4249;29.9698;29.7781;-256.755;-256.254;-256.684;-256.888;-256.942;-256.011;10:46:05
4250;29.9698;29.7781;-256.755;-256.254;-256.7;-256.895;-256.95;-256.003;10:46:06
4251;29.962;29.7781;-256.755;-256.258;-256.692;-256.895;-256.942;-256.003;10:46:06
4252;29.9698;29.7781;-256.755;-256.254;-256.692;-256.895;-256.935;-256.011;10:46:07
4253;29.962;29.7703;-256.751;-256.262;-256.692;-256.888;-256.942;-256.011;10:46:07
4254;29.9698;29.7781;-256.751;-256.269;-256.692;-256.895;-256.95;-256.003;10:46:08
4255;29.962;29.7781;-256.755;-256.254;-256.692;-256.895;-256.935;-256.003;10:46:08
4256;29.962;29.7781;-256.751;-256.262;-256.7;-256.895;-256.935;-256.011;10:46:09
4257;29.9698;29.7781;-256.751;-256.262;-256.684;-256.895;-256.935;-255.996;10:46:09
4258;29.962;29.7859;-256.755;-256.262;-256.692;-256.903;-256.942;-256.003;10:46:10
4259;29.962;29.7781;-256.751;-256.269;-256.7;-256.895;-256.942;-256.003;10:46:10
4260;29.9698;29.7781;-256.758;-256.262;-256.7;-256.895;-256.935;-256.003;10:46:11
4261;29.962;29.7703;-256.755;-256.262;-256.692;-256.895;-256.935;-256.003;10:46:11
4262;29.9698;29.7781;-256.751;-256.269;-256.7;-256.903;-256.95;-256.003;10:46:12
4263;29.9698;29.7703;-256.758;-256.262;-256.692;-256.895;-256.935;-256.003;10:46:12
4264;29.9698;29.7703;-256.751;-256.262;-256.692;-256.903;-256.935;-256.011;10:46:13
4265;29.9698;29.7703;-256.755;-256.262;-256.7;-256.895;-256.935;-256.003;10:46:13
4266;29.9698;29.7781;-256.755;-256.262;-256.692;-256.888;-256.942;-256.003;10:46:14
4267;29.9777;29.7781;-256.751;-256.262;-256.692;-256.895;-256.942;-256.003;10:46:14
4268;29.9698;29.7781;-256.755;-256.262;-256.7;-256.903;-256.935;-256.003;10:46:15
4269;29.9698;29.7781;-256.751;-256.254;-256.7;-256.903;-256.935;-255.996;10:46:15
4270;29.9698;29.7703;-256.751;-256.262;-256.692;-256.895;-256.942;-256.003;10:46:16
4271;29.9698;29.7781;-256.751;-256.262;-256.692;-256.895;-256.95;-255.996;10:46:16
4272;29.9777;29.7625;-256.751;-256.262;-256.692;-256.903;-256.927;-256.003;10:46:17
4273;29.9698;29.7625;-256.751;-256.262;-256.692;-256.895;-256.942;-256.003;10:46:17
4274;29.9777;29.7625;-256.747;-256.262;-256.692;-256.895;-256.935;-256.003;10:46:18
4275;29.9698;29.7625;-256.747;-256.269;-256.692;-256.895;-256.942;-256.003;10:46:18
4276;29.9698;29.7703;-256.751;-256.269;-256.692;-256.903;-256.935;-255.996;10:46:19
4277;29.9698;29.7625;-256.747;-256.254;-256.692;-256.895;-256.935;-255.996;10:46:19
4278;29.9698;29.7703;-256.747;-256.262;-256.692;-256.895;-256.942;-255.996;10:46:20
4279;29.9698;29.7625;-256.747;-256.254;-256.7;-256.888;-256.942;-256.003;10:46:20
4280;29.9777;29.7703;-256.751;-256.254;-256.7;-256.895;-256.942;-256.011;10:46:21
4281;29.9698;29.7703;-256.743;-256.262;-256.7;-256.903;-256.935;-256.003;10:46:21
4282;29.9698;29.7781;-256.751;-256.262;-256.692;-256.888;-256.942;-256.003;10:46:22
4283;29.9698;29.7625;-256.747;-256.262;-256.7;-256.888;-256.935;-256.011;10:46:22
4284;29.9698;29.7703;-256.747;-256.254;-256.692;-256.888;-256.935;-256.003;10:46:23
4285;29.9777;29.7703;-256.751;-256.254;-256.692;-256.895;-256.942;-256.003;10:46:23
4286;29.9698;29.7625;-256.747;-256.254;-256.7;-256.888;-256.942;-255.996;10:46:24
4287;29.9777;29.7625;-256.751;-256.254;-256.692;-256.888;-256.942;-256.003;10:46:24
4288;29.9777;29.7703;-256.755;-256.262;-256.692;-256.888;-256.935;-256.003;10:46:25
4289;29.9777;29.7703;-256.751;-256.254;-256.7;-256.888;-256.942;-256.003;10:46:25
4290;29.9777;29.7703;-256.755;-256.262;-256.692;-256.895;-256.95;-256.003;10:46:26
4291;29.9777;29.7625;-256.755;-256.262;-256.7;-256.888;-256.942;-256.003;10:46:26
4292;29.9777;29.7703;-256.755;-256.262;-256.692;-256.888;-256.935;-256.011;10:46:27
4293;29.9777;29.7625;-256.751;-256.262;-256.684;-256.895;-256.942;-256.003;10:46:27
4294;29.9777;29.7703;-256.751;-256.262;-256.692;-256.895;-256.942;-256.003;10:46:28
4295;29.9698;29.7703;-256.755;-256.262;-256.692;-256.888;-256.942;-256.003;10:46:28
4296;29.9698;29.7703;-256.755;-256.262;-256.692;-256.888;-256.935;-255.996;10:46:29
4297;29.9698;29.7625;-256.751;-256.262;-256.692;-256.895;-256.942;-255.996;10:46:29
4298;29.9698;29.7703;-256.755;-256.262;-256.7;-256.888;-256.95;-256.003;10:46:30
4299;29.962;29.7781;-256.747;-256.262;-256.684;-256.88;-256.942;-256.003;10:46:30
4300;29.9698;29.7703;-256.755;-256.254;-256.692;-256.895;-256.935;-256.003;10:46:31
4301;29.9777;29.7703;-256.747;-256.262;-256.684;-256.888;-256.942;-256.003;10:46:31
4302;29.962;29.7625;-256.751;-256.254;-256.7;-256.888;-256.942;-256.003;10:46:32
4303;29.9698;29.7703;-256.747;-256.254;-256.692;-256.888;-256.942;-256.003;10:46:32
4304;29.962;29.7781;-256.751;-256.262;-256.692;-256.888;-256.935;-256.003;10:46:33
4305;29.962;29.7625;-256.747;-256.254;-256.692;-256.88;-256.935;-256.003;10:46:33
4306;29.962;29.7703;-256.743;-256.254;-256.692;-256.888;-256.95;-256.011;10:46:34
4307;29.962;29.7703;-256.751;-256.262;-256.7;-256.88;-256.935;-256.003;10:46:34
4308;29.9698;29.7703;-256.751;-256.254;-256.692;-256.888;-256.942;-256.003;10:46:35
4309;29.9698;29.7781;-256.751;-256.254;-256.7;-256.888;-256.935;-256.011;10:46:35
4310;29.9698;29.7703;-256.751;-256.258;-256.692;-256.888;-256.95;-256.011;10:46:36
4311;29.962;29.7781;-256.751;-256.254;-256.692;-256.88;-256.95;-256.011;10:46:36
4312;29.9698;29.7703;-256.751;-256.262;-256.692;-256.888;-256.942;-256.003;10:46:37
4313;29.9698;29.7703;-256.751;-256.254;-256.7;-256.888;-256.935;-256.011;10:46:37
4314;29.9698;29.7703;-256.747;-256.262;-256.692;-256.888;-256.942;-256.003;10:46:38
4315;29.9698;29.7703;-256.751;-256.254;-256.7;-256.88;-256.935;-256.003;10:46:38
4316;29.9855;29.7703;-256.755;-256.262;-256.692;-256.895;-256.942;-256.003;10:46:39
4317;29.9777;29.7703;-256.751;-256.254;-256.7;-256.888;-256.935;-256.011;10:46:39
4318;29.9698;29.7703;-256.751;-256.262;-256.692;-256.888;-256.935;-256.003;10:46:40
4319;29.9777;29.7703;-256.755;-256.254;-256.692;-256.888;-256.935;-256.003;10:46:40
4320;29.9698;29.7703;-256.755;-256.262;-256.692;-256.888;-256.935;-256.011;10:46:41
4321;29.9777;29.7703;-256.755;-256.258;-256.692;-256.895;-256.935;-256.003;10:46:41
4322;29.9698;29.7703;-256.755;-256.25;-256.692;-256.888;-256.942;-256.003;10:46:42
4323;29.9698;29.7703;-256.755;-256.254;-256.7;-256.888;-256.942;-256.003;10:46:42
4324;29.9698;29.7703;-256.758;-256.254;-256.7;-256.888;-256.942;-256.003;10:46:43
4325;29.9777;29.7781;-256.751;-256.258;-256.692;-256.895;-256.95;-256.003;10:46:43
4326;29.9777;29.7703;-256.751;-256.254;-256.7;-256.895;-256.95;-256.003;10:46:44
4327;29.9777;29.7703;-256.755;-256.262;-256.692;-256.895;-256.958;-256.003;10:46:44
4328;29.9777;29.7703;-256.751;-256.254;-256.692;-256.895;-256.95;-256.003;10:46:45
4329;29.9777;29.7703;-256.751;-256.262;-256.7;-256.895;-256.942;-256.003;10:46:45
4330;29.9777;29.7703;-256.751;-256.262;-256.692;-256.888;-256.942;-256.003;10:46:46
4331;29.9698;29.7703;-256.751;-256.262;-256.7;-256.895;-256.942;-255.996;10:46:46
4332;29.9855;29.7625;-256.751;-256.262;-256.692;-256.903;-256.935;-256.003;10:46:47
4333;29.9855;29.7703;-256.755;-256.262;-256.7;-256.895;-256.942;-256.003;10:46:47
4334;29.9777;29.7703;-256.751;-256.254;-256.7;-256.888;-256.935;-256.003;10:46:48
4335;29.9777;29.7703;-256.755;-256.262;-256.692;-256.895;-256.942;-255.996;10:46:48
4336;29.9777;29.7703;-256.755;-256.262;-256.7;-256.903;-256.935;-255.996;10:46:49
4337;29.9698;29.7703;-256.755;-256.262;-256.692;-256.895;-256.935;-256.003;10:46:49
4338;29.9698;29.7703;-256.758;-256.262;-256.7;-256.888;-256.942;-255.996;10:46:50
4339;29.9777;29.7625;-256.755;-256.262;-256.692;-256.895;-256.942;-256.003;10:46:50
4340;29.9777;29.7703;-256.755;-256.254;-256.7;-256.895;-256.935;-255.996;10:46:51
4341;29.9777;29.7703;-256.758;-256.262;-256.692;-256.895;-256.935;-256.003;10:46:51
4342;29.9777;29.7703;-256.755;-256.262;-256.692;-256.895;-256.942;-256.003;10:46:52
4343;29.9777;29.7703;-256.758;-256.262;-256.7;-256.888;-256.942;-255.996;10:46:52
4344;29.9698;29.7703;-256.755;-256.254;-256.692;-256.895;-256.942;-256.003;10:46:53
4345;29.9698;29.7703;-256.755;-256.262;-256.7;-256.895;-256.95;-255.996;10:46:53
4346;29.9777;29.7703;-256.751;-256.262;-256.692;-256.888;-256.95;-256.003;10:46:54
4347;29.9698;29.7703;-256.751;-256.262;-256.7;-256.895;-256.95;-256.011;10:46:54
4348;29.9698;29.7703;-256.751;-256.262;-256.692;-256.888;-256.942;-256.003;10:46:55
4349;29.9698;29.7703;-256.747;-256.269;-256.7;-256.895;-256.95;-256.003;10:46:55
4350;29.9698;29.7703;-256.751;-256.262;-256.7;-256.888;-256.95;-256.003;10:46:56
4351;29.9698;29.7781;-256.747;-256.262;-256.692;-256.895;-256.958;-255.996;10:46:56
4352;29.9698;29.7703;-256.747;-256.262;-256.7;-256.895;-256.95;-256.011;10:46:57
4353;29.9698;29.7703;-256.747;-256.269;-256.692;-256.895;-256.942;-256.003;10:46:57
4354;29.9698;29.7703;-256.747;-256.262;-256.692;-256.895;-256.942;-255.996;10:46:58
4355;29.9698;29.7703;-256.751;-256.254;-256.7;-256.895;-256.95;-256.003;10:46:58
4356;29.9777;29.7781;-256.747;-256.254;-256.692;-256.903;-256.935;-255.996;10:46:59
4357;29.9777;29.7703;-256.747;-256.254;-256.692;-256.895;-256.942;-256.003;10:46:59
4358;29.9777;29.7781;-256.751;-256.254;-256.684;-256.903;-256.942;-255.996;10:47:00
4359;29.9698;29.7781;-256.747;-256.262;-256.684;-256.895;-256.942;-255.996;10:47:00
4360;29.9698;29.7859;-256.751;-256.254;-256.692;-256.895;-256.942;-256.011;10:47:01
4361;29.9777;29.7703;-256.751;-256.262;-256.692;-256.895;-256.935;-256.003;10:47:01
4362;29.962;29.7703;-256.755;-256.254;-256.692;-256.888;-256.95;-255.996;10:47:02
4363;29.962;29.7781;-256.751;-256.262;-256.692;-256.895;-256.935;-255.996;10:47:02
4364;29.9698;29.7703;-256.755;-256.254;-256.692;-256.895;-256.935;-256.003;10:47:03
4365;29.9698;29.7703;-256.755;-256.262;-256.692;-256.895;-256.935;-256.011;10:47:03
4366;29.9698;29.7703;-256.751;-256.262;-256.692;-256.895;-256.942;-256.003;10:47:04
4367;29.9698;29.7781;-256.755;-256.262;-256.692;-256.888;-256.935;-256.003;10:47:04
4368;29.962;29.7703;-256.751;-256.262;-256.692;-256.895;-256.935;-256.011;10:47:05
4369;29.9698;29.7703;-256.751;-256.262;-256.692;-256.903;-256.935;-256.003;10:47:05
4370;29.9698;29.7781;-256.751;-256.254;-256.692;-256.895;-256.942;-256.011;10:47:06
4371;29.9698;29.7703;-256.751;-256.254;-256.692;-256.895;-256.935;-256.003;10:47:06
4372;29.9698;29.7703;-256.755;-256.254;-256.7;-256.895;-256.935;-256.003;10:47:07
4373;29.9777;29.7781;-256.751;-256.262;-256.692;-256.895;-256.942;-256.003;10:47:07
4374;29.9698;29.7703;-256.751;-256.262;-256.7;-256.888;-256.935;-256.003;10:47:08
4375;29.9698;29.7781;-256.755;-256.262;-256.7;-256.895;-256.942;-256.003;10:47:08
4376;29.9777;29.7781;-256.751;-256.254;-256.7;-256.888;-256.942;-256.003;10:47:09
4377;29.9698;29.7703;-256.755;-256.254;-256.7;-256.895;-256.935;-255.996;10:47:09
4378;29.9777;29.7781;-256.755;-256.254;-256.7;-256.888;-256.942;-256.003;10:47:10
4379;29.962;29.7781;-256.755;-256.262;-256.7;-256.895;-256.935;-256.003;10:47:10
4380;29.9698;29.7703;-256.755;-256.254;-256.7;-256.895;-256.935;-256.003;10:47:11
4381;29.9698;29.7781;-256.751;-256.262;-256.692;-256.903;-256.942;-256.003;10:47:11
4382;29.962;29.7703;-256.751;-256.254;-256.7;-256.895;-256.942;-256.011;10:47:12
4383;29.962;29.7703;-256.751;-256.262;-256.7;-256.895;-256.942;-256.003;10:47:12
4384;29.962;29.7781;-256.755;-256.254;-256.692;-256.895;-256.942;-256.011;10:47:13
4385;29.962;29.7703;-256.751;-256.262;-256.692;-256.895;-256.942;-256.003;10:47:13
4386;29.9698;29.7703;-256.755;-256.254;-256.7;-256.895;-256.95;-256.003;10:47:14
4387;29.962;29.7781;-256.755;-256.262;-256.692;-256.895;-256.942;-256.003;10:47:14
4388;29.962;29.7781;-256.755;-256.254;-256.7;-256.903;-256.942;-256.003;10:47:15
4389;29.9542;29.7703;-256.751;-256.262;-256.692;-256.903;-256.935;-256.003;10:47:15
4390;29.962;29.7781;-256.755;-256.254;-256.708;-256.895;-256.958;-255.996;10:47:16
4391;29.962;29.7781;-256.751;-256.262;-256.692;-256.903;-256.95;-255.996;10:47:16
4392;29.962;29.7703;-256.751;-256.262;-256.7;-256.903;-256.942;-256.003;10:47:17
4393;29.9698;29.7781;-256.755;-256.254;-256.7;-256.895;-256.942;-256.003;10:47:17
4394;29.9542;29.7703;-256.755;-256.262;-256.7;-256.895;-256.95;-255.996;10:47:18
4395;29.9698;29.7703;-256.751;-256.254;-256.7;-256.895;-256.942;-256.003;10:47:18
4396;29.962;29.7703;-256.751;-256.254;-256.692;-256.895;-256.942;-256.003;10:47:19
4397;29.9698;29.7703;-256.751;-256.254;-256.7;-256.903;-256.942;-256.003;10:47:19
4398;29.962;29.7703;-256.751;-256.254;-256.7;-256.888;-256.942;-256.003;10:47:20
4399;29.9777;29.7703;-256.751;-256.262;-256.692;-256.895;-256.95;-256.003;10:47:20
4400;29.9698;29.7703;-256.755;-256.254;-256.7;-256.895;-256.935;-255.996;10:47:21
4401;29.9698;29.7703;-256.751;-256.262;-256.692;-256.903;-256.935;-256.003;10:47:21
4402;29.9698;29.7703;-256.751;-256.258;-256.7;-256.895;-256.942;-256.003;10:47:22
4403;29.9542;29.7781;-256.751;-256.254;-256.692;-256.895;-256.942;-256.003;10:47:22
4404;29.9777;29.7781;-256.755;-256.262;-256.7;-256.895;-256.942;-256.003;10:47:23
4405;29.962;29.7781;-256.751;-256.262;-256.7;-256.895;-256.942;-256.003;10:47:23
4406;29.962;29.7781;-256.751;-256.262;-256.692;-256.895;-256.942;-255.996;10:47:24
4407;29.9698;29.7703;-256.747;-256.254;-256.7;-256.895;-256.942;-256.003;10:47:24
4408;29.962;29.7781;-256.747;-256.262;-256.7;-256.895;-256.942;-255.996;10:47:25
4409;29.9698;29.7781;-256.747;-256.254;-256.692;-256.895;-256.95;-256.011;10:47:25
4410;29.9698;29.7703;-256.747;-256.254;-256.7;-256.895;-256.942;-255.996;10:47:26
4411;29.9542;29.7781;-256.751;-256.254;-256.708;-256.895;-256.95;-255.996;10:47:26
4412;29.9698;29.7703;-256.751;-256.254;-256.7;-256.888;-256.95;-256.003;10:47:27
4413;29.962;29.7781;-256.751;-256.254;-256.708;-256.888;-256.942;-256.003;10:47:27
4414;29.9542;29.7703;-256.751;-256.254;-256.7;-256.888;-256.942;-255.988;10:47:28
4415;29.962;29.7703;-256.751;-256.254;-256.692;-256.888;-256.942;-255.996;10:47:28
4416;29.962;29.7781;-256.747;-256.262;-256.7;-256.895;-256.942;-255.996;10:47:29
4417;29.962;29.7703;-256.747;-256.254;-256.692;-256.888;-256.942;-255.996;10:47:29
4418;29.9542;29.7781;-256.751;-256.262;-256.7;-256.895;-256.942;-256.003;10:47:30
4419;29.9698;29.7703;-256.747;-256.262;-256.692;-256.888;-256.95;-255.996;10:47:30
4420;29.9542;29.7781;-256.755;-256.254;-256.692;-256.895;-256.95;-256.003;10:47:31
4421;29.962;29.7703;-256.751;-256.262;-256.7;-256.895;-256.95;-256.003;10:47:31
4422;29.962;29.7625;-256.751;-256.262;-256.692;-256.888;-256.942;-256.003;10:47:32
4423;29.9698;29.7703;-256.758;-256.254;-256.7;-256.895;-256.942;-255.996;10:47:32
4424;29.9698;29.7703;-256.755;-256.254;-256.7;-256.903;-256.942;-256.003;10:47:33
4425;29.962;29.7703;-256.755;-256.262;-256.7;-256.895;-256.942;-256.003;10:47:33
4426;29.962;29.7781;-256.758;-256.262;-256.7;-256.895;-256.95;-256.003;10:47:34
4427;29.9698;29.7781;-256.755;-256.262;-256.7;-256.888;-256.942;-255.996;10:47:34
4428;29.9698;29.7703;-256.758;-256.262;-256.708;-256.903;-256.942;-256.003;10:47:35
4429;29.9698;29.7703;-256.758;-256.262;-256.7;-256.895;-256.935;-256.003;10:47:35
4430;29.9698;29.7703;-256.755;-256.254;-256.7;-256.895;-256.942;-256.003;10:47:36
4431;29.9698;29.7625;-256.758;-256.254;-256.7;-256.888;-256.935;-255.996;10:47:36
4432;29.9698;29.7703;-256.755;-256.262;-256.7;-256.895;-256.942;-255.996;10:47:37
4433;29.9698;29.7703;-256.758;-256.262;-256.7;-256.903;-256.935;-255.996;10:47:37
4434;29.9777;29.7703;-256.755;-256.254;-256.7;-256.895;-256.942;-255.988;10:47:38
4435;29.9698;29.7703;-256.755;-256.262;-256.7;-256.895;-256.942;-255.996;10:47:38
4436;29.9698;29.7703;-256.755;-256.262;-256.7;-256.903;-256.942;-255.996;10:47:39
4437;29.9698;29.7625;-256.755;-256.262;-256.7;-256.895;-256.935;-256.003;10:47:39
4438;29.9777;29.7703;-256.755;-256.262;-256.7;-256.888;-256.95;-255.996;10:47:40
4439;29.962;29.7625;-256.755;-256.262;-256.7;-256.895;-256.942;-255.996;10:47:40
4440;29.9698;29.7703;-256.755;-256.254;-256.7;-256.895;-256.942;-255.996;10:47:41
4441;29.9698;29.7625;-256.751;-256.269;-256.7;-256.903;-256.942;-255.996;10:47:41
4442;29.9777;29.7546;-256.755;-256.262;-256.7;-256.895;-256.935;-255.996;10:47:42
4443;29.9698;29.7625;-256.755;-256.262;-256.7;-256.895;-256.927;-255.988;10:47:42
4444;29.9777;29.7625;-256.758;-256.262;-256.692;-256.895;-256.935;-255.996;10:47:43
4445;29.9698;29.7625;-256.751;-256.269;-256.7;-256.895;-256.935;-255.996;10:47:43
4446;29.9698;29.7625;-256.751;-256.262;-256.692;-256.903;-256.942;-255.996;10:47:44
4447;29.9698;29.7625;-256.755;-256.262;-256.7;-256.903;-256.935;-255.996;10:47:44
4448;29.9777;29.7703;-256.755;-256.262;-256.7;-256.903;-256.942;-255.996;10:47:45
4449;29.9777;29.7781;-256.751;-256.269;-256.7;-256.895;-256.927;-255.988;10:47:45
4450;29.9777;29.7625;-256.751;-256.254;-256.7;-256.895;-256.942;-255.996;10:47:46
4451;29.9777;29.7703;-256.755;-256.262;-256.7;-256.895;-256.942;-255.996;10:47:46
4452;29.9777;29.7703;-256.755;-256.262;-256.692;-256.895;-256.935;-255.996;10:47:47
4453;29.9777;29.7781;-256.751;-256.262;-256.7;-256.903;-256.935;-255.996;10:47:47
4454;29.9698;29.7703;-256.755;-256.262;-256.7;-256.888;-256.95;-255.996;10:47:48
4455;29.9698;29.7703;-256.755;-256.254;-256.7;-256.895;-256.95;-255.996;10:47:48
4456;29.9777;29.7703;-256.751;-256.262;-256.7;-256.903;-256.942;-255.996;10:47:49
4457;29.9777;29.7781;-256.755;-256.262;-256.7;-256.895;-256.942;-255.996;10:47:49
4458;29.9777;29.7703;-256.755;-256.262;-256.7;-256.895;-256.942;-255.996;10:47:50
4459;29.9777;29.7703;-256.751;-256.262;-256.7;-256.895;-256.95;-255.996;10:47:50
4460;29.9698;29.7703;-256.758;-256.262;-256.7;-256.895;-256.942;-255.996;10:47:51
4461;29.9698;29.7625;-256.751;-256.254;-256.7;-256.895;-256.942;-256.003;10:47:51
4462;29.9777;29.7703;-256.755;-256.262;-256.7;-256.888;-256.942;-255.996;10:47:52
4463;29.9698;29.7703;-256.755;-256.262;-256.692;-256.895;-256.95;-255.996;10:47:52
4464;29.9777;29.7703;-256.751;-256.25;-256.7;-256.895;-256.942;-256.003;10:47:53
4465;29.9777;29.7703;-256.751;-256.254;-256.692;-256.895;-256.942;-255.996;10:47:53
4466;29.9777;29.7703;-256.751;-256.25;-256.7;-256.895;-256.942;-255.996;10:47:54
4467;29.9777;29.7703;-256.755;-256.25;-256.7;-256.895;-256.942;-255.996;10:47:54
4468;29.9777;29.7703;-256.755;-256.25;-256.7;-256.888;-256.95;-255.996;10:47:55
4469;29.9855;29.7703;-256.755;-256.254;-256.692;-256.895;-256.935;-256.003;10:47:55
4470;29.9777;29.7703;-256.755;-256.25;-256.692;-256.895;-256.942;-255.996;10:47:56
4471;29.9855;29.7625;-256.755;-256.254;-256.7;-256.895;-256.95;-255.996;10:47:56
4472;29.9777;29.7703;-256.758;-256.254;-256.692;-256.895;-256.935;-256.003;10:47:57
4473;29.9777;29.7625;-256.755;-256.254;-256.684;-256.895;-256.942;-255.996;10:47:57
4474;29.9777;29.7703;-256.755;-256.254;-256.692;-256.895;-256.942;-255.996;10:47:58
4475;29.9855;29.7625;-256.751;-256.262;-256.692;-256.895;-256.95;-255.996;10:47:58
4476;29.9855;29.7703;-256.751;-256.262;-256.692;-256.895;-256.935;-255.988;10:47:59
4477;29.9777;29.7625;-256.755;-256.262;-256.692;-256.895;-256.942;-255.996;10:47:59
4478;29.9698;29.7703;-256.755;-256.269;-256.684;-256.888;-256.942;-255.996;10:48:00
4479;29.9698;29.7625;-256.755;-256.262;-256.692;-256.895;-256.942;-256.003;10:48:00
4480;29.9698;29.7625;-256.755;-256.262;-256.692;-256.895;-256.942;-256.003;10:48:01
4481;29.9698;29.7703;-256.755;-256.262;-256.692;-256.895;-256.95;-256.003;10:48:01
4482;29.9698;29.7703;-256.755;-256.262;-256.692;-256.895;-256.942;-255.996;10:48:02
4483;29.9698;29.7625;-256.755;-256.269;-256.7;-256.895;-256.95;-256.003;10:48:02
4484;29.9698;29.7703;-256.755;-256.262;-256.692;-256.895;-256.942;-256.003;10:48:03
4485;29.9698;29.7625;-256.755;-256.269;-256.7;-256.895;-256.942;-255.996;10:48:03
4486;29.9698;29.7781;-256.751;-256.262;-256.7;-256.895;-256.935;-256.003;10:48:04
4487;29.9777;29.7703;-256.751;-256.269;-256.692;-256.903;-256.942;-256.003;10:48:04
4488;29.9698;29.7703;-256.755;-256.269;-256.7;-256.895;-256.942;-256.003;10:48:05
4489;29.9777;29.7625;-256.758;-256.269;-256.692;-256.895;-256.942;-255.996;10:48:05
4490;29.9698;29.7703;-256.755;-256.277;-256.7;-256.895;-256.942;-256.003;10:48:06
4491;29.962;29.7625;-256.755;-256.269;-256.7;-256.903;-256.95;-255.996;10:48:06
4492;29.9698;29.7781;-256.755;-256.262;-256.692;-256.895;-256.935;-256.003;10:48:07
4493;29.962;29.7625;-256.751;-256.269;-256.692;-256.895;-256.935;-256.003;10:48:07
4494;29.962;29.7781;-256.755;-256.269;-256.7;-256.895;-256.942;-256.003;10:48:08
4495;29.9698;29.7703;-256.758;-256.269;-256.692;-256.895;-256.942;-256.003;10:48:08
4496;29.962;29.7781;-256.755;-256.269;-256.7;-256.895;-256.935;-255.996;10:48:09
4497;29.962;29.7703;-256.755;-256.262;-256.692;-256.903;-256.942;-256.003;10:48:09
4498;29.9698;29.7781;-256.755;-256.269;-256.7;-256.895;-256.935;-255.996;10:48:10
4499;29.9698;29.7703;-256.755;-256.269;-256.7;-256.895;-256.942;-256.003;10:48:10
4500;29.9698;29.7781;-256.755;-256.269;-256.7;-256.895;-256.942;-255.996;10:48:11
4501;29.9777;29.7703;-256.751;-256.269;-256.7;-256.903;-256.95;-256.003;10:48:11
4502;29.9698;29.7781;-256.755;-256.269;-256.7;-256.888;-256.95;-255.996;10:48:12
4503;29.9698;29.7703;-256.755;-256.269;-256.7;-256.895;-256.95;-255.996;10:48:12
4504;29.9698;29.7703;-256.755;-256.269;-256.7;-256.895;-256.942;-255.996;10:48:13
4505;29.962;29.7781;-256.751;-256.269;-256.7;-256.895;-256.942;-256.003;10:48:13
4506;29.962;29.7703;-256.758;-256.262;-256.7;-256.895;-256.95;-255.996;10:48:14
4507;29.962;29.7781;-256.755;-256.269;-256.708;-256.895;-256.95;-255.996;10:48:14
4508;29.962;29.7703;-256.755;-256.269;-256.692;-256.895;-256.942;-256.003;10:48:15
4509;29.962;29.7703;-256.751;-256.269;-256.7;-256.895;-256.942;-256.003;10:48:15
4510;29.962;29.7703;-256.758;-256.262;-256.708;-256.895;-256.942;-255.996;10:48:16
4511;29.9542;29.7625;-256.755;-256.262;-256.7;-256.895;-256.942;-255.996;10:48:16
4512;29.962;29.7781;-256.755;-256.269;-256.7;-256.895;-256.942;-255.996;10:48:17
4513;29.962;29.7703;-256.758;-256.262;-256.7;-256.895;-256.942;-255.996;10:48:17
4514;29.9542;29.7625;-256.755;-256.269;-256.7;-256.903;-256.958;-255.996;10:48:18
4515;29.9542;29.7625;-256.755;-256.262;-256.7;-256.903;-256.958;-255.996;10:48:18
4516;29.9542;29.7781;-256.751;-256.269;-256.708;-256.895;-256.95;-255.996;10:48:19
4517;29.9542;29.7703;-256.755;-256.262;-256.7;-256.895;-256.95;-255.996;10:48:19
4518;29.9542;29.7625;-256.755;-256.269;-256.7;-256.895;-256.942;-255.996;10:48:20
4519;29.9542;29.7703;-256.755;-256.262;-256.7;-256.903;-256.95;-255.996;10:48:20
4520;29.9542;29.7625;-256.755;-256.269;-256.7;-256.895;-256.942;-256.003;10:48:21
4521;29.9542;29.7625;-256.755;-256.262;-256.708;-256.903;-256.942;-255.996;10:48:21
4522;29.9542;29.7625;-256.755;-256.269;-256.7;-256.895;-256.942;-255.996;10:48:22
4523;29.962;29.7625;-256.758;-256.262;-256.7;-256.895;-256.942;-256.003;10:48:22
4524;29.962;29.7781;-256.751;-256.262;-256.692;-256.903;-256.942;-255.996;10:48:23
4525;29.9542;29.7625;-256.758;-256.269;-256.7;-256.895;-256.942;-256.003;10:48:23
4526;29.962;29.7625;-256.755;-256.262;-256.7;-256.903;-256.95;-255.996;10:48:24
4527;29.962;29.7703;-256.755;-256.269;-256.7;-256.895;-256.942;-256.003;10:48:24
4528;29.962;29.7625;-256.755;-256.269;-256.7;-256.903;-256.95;-255.996;10:48:25
4529;29.9542;29.7703;-256.755;-256.262;-256.7;-256.895;-256.942;-256.003;10:48:25
4530;29.9542;29.7703;-256.751;-256.262;-256.708;-256.895;-256.95;-255.996;10:48:26
4531;29.962;29.7625;-256.755;-256.269;-256.708;-256.903;-256.942;-256.003;10:48:26
4532;29.9542;29.7703;-256.755;-256.262;-256.7;-256.895;-256.95;-255.996;10:48:27
4533;29.9542;29.7703;-256.755;-256.269;-256.7;-256.903;-256.95;-256.003;10:48:27
4534;29.962;29.7703;-256.755;-256.277;-256.715;-256.903;-256.95;-256.003;10:48:28
4535;29.9698;29.7703;-256.755;-256.262;-256.7;-256.895;-256.95;-255.996;10:48:28
4536;29.962;29.7703;-256.758;-256.269;-256.708;-256.903;-256.95;-256.003;10:48:29
4537;29.962;29.7625;-256.755;-256.269;-256.708;-256.895;-256.95;-256.003;10:48:29
4538;29.9542;29.7703;-256.755;-256.262;-256.708;-256.895;-256.95;-255.996;10:48:30
4539;29.962;29.7625;-256.758;-256.269;-256.7;-256.903;-256.95;-256.003;10:48:30
4540;29.9542;29.7781;-256.755;-256.269;-256.7;-256.903;-256.942;-256.003;10:48:31
4541;29.9542;29.7703;-256.755;-256.269;-256.7;-256.895;-256.942;-255.996;10:48:31
4542;29.9698;29.7781;-256.755;-256.269;-256.692;-256.903;-256.95;-256.003;10:48:32
4543;29.9542;29.7703;-256.751;-256.262;-256.7;-256.895;-256.95;-255.996;10:48:32
4544;29.962;29.7625;-256.747;-256.269;-256.692;-256.903;-256.958;-256.003;10:48:33
4545;29.9542;29.7703;-256.747;-256.269;-256.7;-256.895;-256.95;-255.996;10:48:33
4546;29.9542;29.7625;-256.751;-256.262;-256.708;-256.895;-256.966;-256.003;10:48:34
4547;29.9542;29.7703;-256.751;-256.262;-256.7;-256.903;-256.958;-255.996;10:48:34
4548;29.9542;29.7781;-256.751;-256.269;-256.7;-256.903;-256.958;-256.003;10:48:35
4549;29.9542;29.7781;-256.747;-256.262;-256.708;-256.903;-256.95;-255.996;10:48:35
4550;29.962;29.7781;-256.755;-256.269;-256.7;-256.903;-256.958;-255.996;10:48:36
4551;29.9542;29.7781;-256.751;-256.262;-256.7;-256.895;-256.95;-255.988;10:48:36
4552;29.9542;29.7781;-256.747;-256.262;-256.708;-256.895;-256.942;-255.996;10:48:37
4553;29.9542;29.7703;-256.751;-256.269;-256.708;-256.903;-256.95;-255.996;10:48:37
4554;29.9464;29.7781;-256.751;-256.269;-256.7;-256.903;-256.942;-255.988;10:48:38
4555;29.9542;29.7703;-256.747;-256.269;-256.7;-256.895;-256.95;-255.996;10:48:38
4556;29.9464;29.7781;-256.751;-256.269;-256.7;-256.903;-256.942;-255.996;10:48:39
4557;29.9542;29.7703;-256.747;-256.269;-256.7;-256.895;-256.942;-255.996;10:48:39
4558;29.9542;29.7781;-256.751;-256.269;-256.708;-256.888;-256.95;-255.996;10:48:40
4559;29.9464;29.7859;-256.747;-256.269;-256.7;-256.895;-256.958;-255.996;10:48:40
4560;29.9464;29.7781;-256.751;-256.269;-256.7;-256.895;-256.95;-255.988;10:48:41
4561;29.9464;29.7781;-256.751;-256.269;-256.708;-256.903;-256.95;-256.003;10:48:41
4562;29.9464;29.7781;-256.755;-256.262;-256.708;-256.895;-256.95;-255.996;10:48:42
4563;29.9542;29.7781;-256.747;-256.262;-256.692;-256.888;-256.942;-255.996;10:48:42
4564;29.9542;29.7703;-256.755;-256.269;-256.708;-256.895;-256.95;-256.003;10:48:43
4565;29.9542;29.7781;-256.751;-256.262;-256.7;-256.903;-256.942;-256.003;10:48:43
4566;29.9542;29.7781;-256.751;-256.254;-256.7;-256.895;-256.95;-255.996;10:48:44
4567;29.962;29.7703;-256.751;-256.262;-256.7;-256.895;-256.958;-255.996;10:48:44
4568;29.9542;29.7781;-256.751;-256.254;-256.692;-256.895;-256.95;-255.996;10:48:45
4569;29.962;29.7781;-256.751;-256.262;-256.7;-256.895;-256.95;-256.003;10:48:45
4570;29.962;29.7781;-256.751;-256.254;-256.692;-256.895;-256.942;-255.996;10:48:46
4571;29.962;29.7703;-256.751;-256.265;-256.7;-256.888;-256.942;-256.003;10:48:46
4572;29.962;29.7781;-256.747;-256.254;-256.7;-256.895;-256.942;-255.996;10:48:47
4573;29.962;29.7781;-256.751;-256.254;-256.7;-256.895;-256.935;-256.003;10:48:47
4574;29.962;29.7781;-256.751;-256.254;-256.708;-256.895;-256.942;-256.003;10:48:48
4575;29.962;29.7781;-256.751;-256.262;-256.692;-256.903;-256.935;-255.996;10:48:48
4576;29.962;29.7703;-256.751;-256.262;-256.7;-256.903;-256.95;-255.996;10:48:49
4577;29.962;29.7859;-256.751;-256.262;-256.692;-256.895;-256.935;-255.996;10:48:49
4578;29.962;29.7781;-256.751;-256.262;-256.7;-256.903;-256.95;-256.003;10:48:50
4579;29.962;29.7703;-256.751;-256.262;-256.7;-256.895;-256.95;-255.996;10:48:50
4580;29.962;29.7781;-256.751;-256.262;-256.692;-256.895;-256.942;-255.996;10:48:51
4581;29.9542;29.7781;-256.751;-256.254;-256.7;-256.903;-256.942;-256.003;10:48:51
4582;29.962;29.7703;-256.751;-256.262;-256.7;-256.895;-256.95;-255.996;10:48:52
4583;29.9542;29.7781;-256.751;-256.269;-256.7;-256.895;-256.95;-255.988;10:48:52
4584;29.962;29.7703;-256.747;-256.269;-256.7;-256.903;-256.935;-256.003;10:48:53
4585;29.962;29.7703;-256.751;-256.262;-256.708;-256.895;-256.942;-255.996;10:48:53
4586;29.9542;29.7703;-256.751;-256.269;-256.7;-256.895;-256.942;-255.988;10:48:54
4587;29.962;29.7625;-256.751;-256.262;-256.708;-256.903;-256.942;-256.003;10:48:54
4588;29.9542;29.7703;-256.751;-256.262;-256.7;-256.895;-256.942;-255.996;10:48:55
4589;29.962;29.7625;-256.751;-256.269;-256.7;-256.903;-256.942;-256.003;10:48:55
4590;29.962;29.7703;-256.751;-256.262;-256.7;-256.903;-256.942;-255.996;10:48:56
4591;29.962;29.7625;-256.751;-256.262;-256.692;-256.895;-256.942;-255.996;10:48:56
4592;29.9542;29.7703;-256.751;-256.269;-256.7;-256.903;-256.942;-255.996;10:48:57
4593;29.962;29.7625;-256.751;-256.269;-256.692;-256.903;-256.942;-255.996;10:48:57
4594;29.962;29.7703;-256.747;-256.262;-256.7;-256.895;-256.95;-255.996;10:48:58
4595;29.962;29.7625;-256.751;-256.269;-256.708;-256.903;-256.95;-255.996;10:48:58
4596;29.9542;29.7703;-256.751;-256.262;-256.7;-256.895;-256.95;-255.996;10:48:59
4597;29.9464;29.7625;-256.751;-256.269;-256.7;-256.903;-256.942;-256.003;10:48:59
4598;29.9542;29.7703;-256.751;-256.269;-256.7;-256.895;-256.95;-255.988;10:49:00
4599;29.9542;29.7703;-256.747;-256.269;-256.7;-256.895;-256.942;-255.996;10:49:00
4600;29.9542;29.7703;-256.751;-256.262;-256.708;-256.895;-256.942;-255.996;10:49:01
4601;29.9542;29.7781;-256.755;-256.262;-256.7;-256.895;-256.942;-255.996;10:49:01
4602;29.962;29.7703;-256.747;-256.269;-256.7;-256.888;-256.942;-255.996;10:49:02
4603;29.962;29.7625;-256.751;-256.269;-256.708;-256.888;-256.942;-255.988;10:49:02
4604;29.962;29.7781;-256.747;-256.262;-256.7;-256.895;-256.942;-255.996;10:49:03
4605;29.962;29.7703;-256.747;-256.262;-256.708;-256.895;-256.942;-255.988;10:49:03
4606;29.9698;29.7781;-256.751;-256.262;-256.7;-256.895;-256.942;-255.996;10:49:04
4607;29.962;29.7781;-256.743;-256.269;-256.708;-256.888;-256.95;-255.996;10:49:04
4608;29.9698;29.7781;-256.747;-256.262;-256.708;-256.903;-256.942;-255.996;10:49:05
4609;29.9698;29.7781;-256.747;-256.262;-256.7;-256.895;-256.942;-255.996;10:49:05
4610;29.9698;29.7781;-256.747;-256.262;-256.7;-256.895;-256.942;-255.996;10:49:06
4611;29.9777;29.7781;-256.743;-256.269;-256.7;-256.895;-256.95;-255.996;10:49:06
4612;29.9698;29.7781;-256.751;-256.262;-256.7;-256.903;-256.935;-256.003;10:49:07
4613;29.962;29.7781;-256.747;-256.269;-256.7;-256.895;-256.942;-255.996;10:49:07
4614;29.9698;29.7703;-256.747;-256.269;-256.7;-256.903;-256.942;-256.003;10:49:08
4615;29.962;29.7703;-256.747;-256.254;-256.708;-256.895;-256.935;-255.996;10:49:08
4616;29.9777;29.7703;-256.755;-256.254;-256.7;-256.895;-256.935;-255.996;10:49:09
4617;29.962;29.7703;-256.751;-256.262;-256.7;-256.895;-256.935;-256.003;10:49:09
4618;29.962;29.7703;-256.751;-256.262;-256.692;-256.895;-256.942;-255.996;10:49:10
4619;29.962;29.7703;-256.751;-256.262;-256.692;-256.895;-256.942;-256.003;10:49:10
4620;29.962;29.7703;-256.755;-256.262;-256.7;-256.895;-256.942;-256.003;10:49:11
4621;29.9698;29.7703;-256.751;-256.262;-256.7;-256.895;-256.942;-256.003;10:49:11
4622;29.9698;29.7625;-256.758;-256.262;-256.692;-256.895;-256.95;-256.003;10:49:12
4623;29.9698;29.7625;-256.751;-256.262;-256.7;-256.895;-256.942;-255.996;10:49:12
4624;29.9698;29.7703;-256.758;-256.254;-256.692;-256.895;-256.935;-256.003;10:49:13
4625;29.9698;29.7625;-256.755;-256.262;-256.692;-256.895;-256.942;-256.003;10:49:13
4626;29.962;29.7625;-256.755;-256.254;-256.7;-256.903;-256.942;-256.003;10:49:14
4627;29.962;29.7625;-256.751;-256.254;-256.7;-256.888;-256.942;-256.003;10:49:14
4628;29.9698;29.7703;-256.755;-256.262;-256.7;-256.903;-256.942;-256.003;10:49:15
4629;29.962;29.7625;-256.751;-256.254;-256.692;-256.895;-256.935;-256.003;10:49:15
4630;29.962;29.7703;-256.751;-256.262;-256.692;-256.903;-256.935;-255.996;10:49:16
4631;29.9698;29.7703;-256.755;-256.262;-256.692;-256.895;-256.942;-255.996;10:49:16
4632;29.962;29.7703;-256.751;-256.269;-256.692;-256.895;-256.935;-256.003;10:49:17
4633;29.9698;29.7703;-256.751;-256.254;-256.7;-256.895;-256.942;-256.003;10:49:17
4634;29.962;29.7703;-256.755;-256.262;-256.692;-256.903;-256.935;-255.996;10:49:18
4635;29.9542;29.7625;-256.751;-256.254;-256.7;-256.895;-256.935;-255.996;10:49:18
4636;29.9698;29.7703;-256.751;-256.254;-256.692;-256.903;-256.935;-255.996;10:49:19
4637;29.962;29.7625;-256.755;-256.254;-256.692;-256.895;-256.935;-256.003;10:49:19
4638;29.9698;29.7625;-256.751;-256.262;-256.692;-256.903;-256.942;-255.996;10:49:20
4639;29.962;29.7703;-256.751;-256.254;-256.692;-256.888;-256.935;-256.003;10:49:20
4640;29.962;29.7703;-256.755;-256.262;-256.692;-256.895;-256.935;-256.003;10:49:21
4641;29.9777;29.7781;-256.755;-256.254;-256.692;-256.903;-256.935;-256.003;10:49:21
4642;29.9698;29.7703;-256.751;-256.262;-256.692;-256.888;-256.935;-255.996;10:49:22
4643;29.9698;29.7703;-256.751;-256.262;-256.7;-256.895;-256.942;-256.003;10:49:22
4644;29.9777;29.7859;-256.755;-256.254;-256.692;-256.895;-256.942;-255.996;10:49:23
4645;29.9777;29.7781;-256.755;-256.262;-256.684;-256.895;-256.935;-256.003;10:49:23
4646;29.9698;29.7781;-256.755;-256.262;-256.692;-256.895;-256.942;-256.003;10:49:24
4647;29.9698;29.7781;-256.751;-256.262;-256.692;-256.895;-256.95;-255.996;10:49:24
4648;29.9777;29.7781;-256.755;-256.262;-256.692;-256.895;-256.942;-256.003;10:49:25
4649;29.9777;29.7703;-256.755;-256.254;-256.692;-256.903;-256.942;-255.996;10:49:25
4650;29.9777;29.7781;-256.751;-256.262;-256.692;-256.895;-256.942;-255.996;10:49:26
4651;29.9777;29.7703;-256.751;-256.262;-256.692;-256.895;-256.95;-255.996;10:49:26
4652;29.9777;29.7703;-256.755;-256.262;-256.692;-256.895;-256.95;-255.996;10:49:27
4653;29.9777;29.7703;-256.755;-256.254;-256.692;-256.903;-256.95;-256.003;10:49:27
4654;29.9698;29.7625;-256.755;-256.262;-256.684;-256.895;-256.942;-256.003;10:49:28
4655;29.9777;29.7781;-256.755;-256.262;-256.7;-256.895;-256.942;-255.996;10:49:28
4656;29.9777;29.7703;-256.751;-256.269;-256.692;-256.895;-256.942;-256.003;10:49:29
4657;29.9777;29.7625;-256.755;-256.262;-256.7;-256.895;-256.935;-256.003;10:49:29
4658;29.9698;29.7703;-256.755;-256.262;-256.692;-256.895;-256.942;-256.003;10:49:30
4659;29.9777;29.7781;-256.755;-256.269;-256.692;-256.895;-256.95;-256.003;10:49:30
4660;29.9777;29.7703;-256.755;-256.262;-256.7;-256.895;-256.942;-255.996;10:49:31
4661;29.9698;29.7703;-256.755;-256.262;-256.7;-256.895;-256.942;-256.011;10:49:31
4662;29.9777;29.7625;-256.755;-256.262;-256.708;-256.895;-256.942;-256.003;10:49:32
4663;29.9698;29.7625;-256.751;-256.262;-256.7;-256.903;-256.935;-256.003;10:49:32
4664;29.9698;29.7781;-256.751;-256.254;-256.7;-256.895;-256.942;-255.996;10:49:33
4665;29.9698;29.7625;-256.747;-256.262;-256.7;-256.903;-256.935;-256.003;10:49:33
4666;29.962;29.7781;-256.751;-256.254;-256.7;-256.888;-256.942;-255.996;10:49:34
4667;29.9777;29.7703;-256.751;-256.262;-256.692;-256.895;-256.935;-255.996;10:49:34
4668;29.9698;29.7703;-256.755;-256.262;-256.692;-256.895;-256.95;-255.996;10:49:35
4669;29.9698;29.7703;-256.751;-256.262;-256.692;-256.903;-256.942;-255.996;10:49:35
4670;29.9698;29.7703;-256.755;-256.262;-256.7;-256.888;-256.942;-256.003;10:49:36
4671;29.9698;29.7703;-256.751;-256.262;-256.692;-256.903;-256.942;-255.988;10:49:36
4672;29.9698;29.7703;-256.755;-256.262;-256.708;-256.895;-256.942;-255.996;10:49:37
4673;29.9698;29.7781;-256.747;-256.254;-256.692;-256.903;-256.935;-256.003;10:49:37
4674;29.9698;29.7703;-256.751;-256.262;-256.7;-256.895;-256.95;-255.996;10:49:38
4675;29.962;29.7703;-256.743;-256.262;-256.7;-256.895;-256.95;-255.996;10:49:38
4676;29.9698;29.7703;-256.747;-256.254;-256.7;-256.903;-256.942;-255.996;10:49:39
4677;29.9698;29.7703;-256.747;-256.262;-256.7;-256.895;-256.95;-255.996;10:49:39
4678;29.9698;29.7781;-256.747;-256.262;-256.708;-256.888;-256.942;-256.003;10:49:40
4679;29.962;29.7703;-256.747;-256.258;-256.7;-256.895;-256.958;-255.988;10:49:40
4680;29.9777;29.7703;-256.743;-256.262;-256.7;-256.895;-256.942;-255.996;10:49:41
4681;29.9698;29.7703;-256.747;-256.262;-256.7;-256.903;-256.942;-255.996;10:49:41
4682;29.9698;29.7781;-256.743;-256.262;-256.7;-256.895;-256.95;-256.003;10:49:42
4683;29.9698;29.7781;-256.747;-256.254;-256.708;-256.895;-256.95;-255.988;10:49:42
4684;29.9777;29.7703;-256.747;-256.269;-256.7;-256.903;-256.95;-256.003;10:49:43
4685;29.9777;29.7781;-256.747;-256.262;-256.7;-256.895;-256.942;-255.996;10:49:43
4686;29.9777;29.7703;-256.747;-256.262;-256.7;-256.895;-256.942;-256.003;10:49:44
4687;29.9777;29.7781;-256.751;-256.262;-256.692;-256.895;-256.942;-255.996;10:49:44
4688;29.9855;29.7703;-256.743;-256.262;-256.7;-256.895;-256.935;-255.996;10:49:45
4689;29.9777;29.7781;-256.751;-256.254;-256.708;-256.903;-256.942;-255.996;10:49:45
4690;29.9777;29.7859;-256.747;-256.262;-256.7;-256.895;-256.935;-255.996;10:49:46
4691;29.9777;29.7781;-256.747;-256.262;-256.7;-256.895;-256.95;-255.988;10:49:46
4692;29.9777;29.7781;-256.747;-256.254;-256.7;-256.903;-256.942;-255.996;10:49:47
4693;29.9855;29.7703;-256.751;-256.254;-256.692;-256.903;-256.95;-255.996;10:49:47
4694;29.9777;29.7625;-256.747;-256.258;-256.7;-256.903;-256.942;-255.996;10:49:48
4695;29.9698;29.7781;-256.747;-256.262;-256.7;-256.895;-256.95;-255.996;10:49:48
4696;29.9777;29.7703;-256.743;-256.254;-256.692;-256.903;-256.95;-255.996;10:49:49
4697;29.9698;29.7703;-256.747;-256.269;-256.7;-256.895;-256.942;-255.996;10:49:49
4698;29.9777;29.7625;-256.747;-256.262;-256.7;-256.903;-256.95;-255.996;10:49:50
4699;29.9777;29.7625;-256.747;-256.269;-256.7;-256.895;-256.942;-255.996;10:49:50
4700;29.9777;29.7625;-256.743;-256.262;-256.692;-256.903;-256.95;-255.996;10:49:51
4701;29.9777;29.7625;-256.743;-256.262;-256.7;-256.895;-256.95;-255.996;10:49:51
4702;29.9777;29.7703;-256.743;-256.262;-256.692;-256.895;-256.95;-255.996;10:49:52
4703;29.9777;29.7625;-256.743;-256.269;-256.692;-256.895;-256.95;-255.988;10:49:52
4704;29.9777;29.7546;-256.743;-256.254;-256.7;-256.903;-256.95;-255.996;10:49:53
4705;29.9777;29.7625;-256.747;-256.262;-256.692;-256.895;-256.95;-255.996;10:49:53
4706;29.9777;29.7625;-256.743;-256.262;-256.692;-256.895;-256.95;-255.996;10:49:54
4707;29.9777;29.7625;-256.743;-256.262;-256.692;-256.895;-256.95;-255.988;10:49:54
4708;29.9698;29.7703;-256.747;-256.262;-256.7;-256.903;-256.942;-255.98;10:49:55
4709;29.9698;29.7625;-256.743;-256.262;-256.692;-256.895;-256.935;-255.988;10:49:55
4710;29.9777;29.7625;-256.743;-256.269;-256.7;-256.895;-256.942;-255.988;10:49:56
4711;29.9777;29.7625;-256.735;-256.262;-256.7;-256.903;-256.942;-255.98;10:49:56
4712;29.9777;29.7703;-256.735;-256.262;-256.7;-256.895;-256.942;-255.988;10:49:57
4713;29.9777;29.7625;-256.735;-256.262;-256.692;-256.903;-256.942;-255.988;10:49:57
4714;29.9855;29.7625;-256.743;-256.262;-256.7;-256.895;-256.942;-255.98;10:49:58
4715;29.9777;29.7625;-256.743;-256.262;-256.7;-256.895;-256.942;-255.988;10:49:58
4716;29.9855;29.7703;-256.739;-256.262;-256.708;-256.903;-256.95;-255.988;10:49:59
4717;29.9855;29.7703;-256.735;-256.262;-256.7;-256.895;-256.935;-255.98;10:49:59
4718;29.9777;29.7703;-256.743;-256.262;-256.708;-256.903;-256.942;-255.988;10:50:00
4719;29.9777;29.7703;-256.747;-256.262;-256.708;-256.895;-256.935;-255.98;10:50:00
4720;29.9777;29.7625;-256.743;-256.269;-256.708;-256.903;-256.942;-255.98;10:50:01
4721;29.9777;29.7703;-256.747;-256.262;-256.7;-256.911;-256.942;-255.988;10:50:01
4722;29.9698;29.7625;-256.747;-256.269;-256.692;-256.895;-256.942;-255.98;10:50:02
4723;29.9777;29.7625;-256.743;-256.262;-256.708;-256.903;-256.942;-255.98;10:50:02
4724;29.9698;29.7703;-256.747;-256.262;-256.7;-256.903;-256.942;-255.98;10:50:03
4725;29.9698;29.7781;-256.747;-256.262;-256.708;-256.903;-256.935;-255.98;10:50:03
4726;29.9698;29.7703;-256.743;-256.269;-256.708;-256.903;-256.942;-255.98;10:50:04
4727;29.9698;29.7625;-256.743;-256.262;-256.7;-256.895;-256.95;-255.988;10:50:04
4728;29.9777;29.7625;-256.735;-256.269;-256.708;-256.903;-256.942;-255.988;10:50:05
4729;29.9698;29.7703;-256.743;-256.262;-256.692;-256.903;-256.942;-255.98;10:50:05
4730;29.9698;29.7703;-256.735;-256.269;-256.708;-256.895;-256.942;-255.996;10:50:06
4731;29.9698;29.7703;-256.735;-256.262;-256.7;-256.895;-256.942;-255.98;10:50:06
4732;29.9698;29.7703;-256.743;-256.262;-256.708;-256.895;-256.95;-255.98;10:50:07
4733;29.9698;29.7703;-256.743;-256.262;-256.708;-256.888;-256.935;-255.988;10:50:07
4734;29.9698;29.7703;-256.747;-256.262;-256.708;-256.895;-256.95;-255.988;10:50:08
4735;29.962;29.7703;-256.743;-256.262;-256.7;-256.895;-256.95;-255.98;10:50:08
4736;29.9698;29.7703;-256.747;-256.262;-256.7;-256.895;-256.95;-255.988;10:50:09
4737;29.9698;29.7703;-256.747;-256.262;-256.7;-256.895;-256.935;-255.98;10:50:09
4738;29.962;29.7781;-256.747;-256.262;-256.708;-256.888;-256.942;-255.98;10:50:10
4739;29.962;29.7703;-256.747;-256.269;-256.692;-256.895;-256.942;-255.988;10:50:10
4740;29.962;29.7781;-256.751;-256.262;-256.7;-256.895;-256.935;-255.988;10:50:11
4741;29.962;29.7703;-256.751;-256.262;-256.692;-256.895;-256.942;-255.988;10:50:11
4742;29.962;29.7781;-256.747;-256.262;-256.708;-256.895;-256.935;-255.988;10:50:12
4743;29.9698;29.7703;-256.747;-256.269;-256.7;-256.895;-256.942;-255.988;10:50:12
4744;29.9698;29.7703;-256.751;-256.262;-256.7;-256.903;-256.935;-255.988;10:50:13
4745;29.962;29.7781;-256.751;-256.262;-256.692;-256.903;-256.935;-255.98;10:50:13
4746;29.9698;29.7703;-256.755;-256.269;-256.7;-256.895;-256.942;-255.988;10:50:14
4747;29.9698;29.7703;-256.755;-256.262;-256.7;-256.895;-256.942;-255.98;10:50:14
4748;29.962;29.7703;-256.751;-256.262;-256.7;-256.903;-256.935;-255.988;10:50:15
4749;29.962;29.7781;-256.755;-256.262;-256.7;-256.895;-256.942;-255.98;10:50:15
4750;29.9777;29.7703;-256.751;-256.262;-256.7;-256.903;-256.935;-255.988;10:50:16
4751;29.9698;29.7781;-256.751;-256.262;-256.7;-256.895;-256.942;-255.98;10:50:16
4752;29.9698;29.7781;-256.751;-256.262;-256.7;-256.895;-256.942;-255.98;10:50:17
4753;29.9698;29.7703;-256.751;-256.262;-256.7;-256.903;-256.935;-255.98;10:50:17
4754;29.9698;29.7781;-256.751;-256.262;-256.7;-256.895;-256.942;-255.988;10:50:18
4755;29.9698;29.7703;-256.755;-256.254;-256.7;-256.903;-256.942;-255.98;10:50:18
4756;29.9698;29.7781;-256.751;-256.262;-256.7;-256.895;-256.935;-255.988;10:50:19
4757;29.9698;29.7703;-256.751;-256.269;-256.7;-256.895;-256.935;-255.988;10:50:19
4758;29.9698;29.7703;-256.755;-256.262;-256.7;-256.903;-256.942;-255.98;10:50:20
4759;29.9698;29.7703;-256.755;-256.262;-256.7;-256.895;-256.942;-255.98;10:50:20
4760;29.9777;29.7703;-256.751;-256.269;-256.7;-256.888;-256.935;-255.98;10:50:21
4761;29.9698;29.7781;-256.755;-256.262;-256.7;-256.895;-256.935;-255.988;10:50:21
4762;29.9698;29.7703;-256.755;-256.262;-256.708;-256.895;-256.935;-255.98;10:50:22
4763;29.9777;29.7781;-256.751;-256.269;-256.7;-256.895;-256.935;-255.988;10:50:22
4764;29.962;29.7859;-256.751;-256.269;-256.708;-256.895;-256.95;-255.98;10:50:23
4765;29.9777;29.7703;-256.751;-256.269;-256.7;-256.903;-256.935;-255.98;10:50:23
4766;29.9698;29.7781;-256.751;-256.262;-256.7;-256.895;-256.942;-255.988;10:50:24
4767;29.9698;29.7781;-256.751;-256.269;-256.7;-256.895;-256.942;-255.98;10:50:24
4768;29.9777;29.7703;-256.747;-256.277;-256.7;-256.895;-256.942;-255.98;10:50:25
4769;29.9698;29.7703;-256.751;-256.269;-256.692;-256.903;-256.942;-255.988;10:50:25
4770;29.962;29.7781;-256.751;-256.262;-256.692;-256.895;-256.942;-255.988;10:50:26
4771;29.9698;29.7703;-256.751;-256.269;-256.692;-256.895;-256.95;-255.98;10:50:26
4772;29.9698;29.7781;-256.755;-256.269;-256.7;-256.888;-256.95;-255.988;10:50:27
4773;29.9698;29.7625;-256.751;-256.269;-256.708;-256.903;-256.942;-255.988;10:50:27
4774;29.9777;29.7703;-256.755;-256.269;-256.708;-256.895;-256.935;-255.988;10:50:28
4775;29.9698;29.7703;-256.751;-256.269;-256.708;-256.895;-256.935;-255.988;10:50:28
4776;29.962;29.7625;-256.755;-256.269;-256.7;-256.888;-256.942;-255.988;10:50:29
4777;29.9698;29.7703;-256.751;-256.262;-256.7;-256.903;-256.935;-255.988;10:50:29
4778;29.962;29.7703;-256.755;-256.269;-256.7;-256.895;-256.942;-255.988;10:50:30
4779;29.962;29.7703;-256.755;-256.269;-256.708;-256.895;-256.95;-255.98;10:50:30
4780;29.9542;29.7625;-256.751;-256.269;-256.692;-256.895;-256.942;-255.988;10:50:31
4781;29.9542;29.7703;-256.755;-256.269;-256.708;-256.903;-256.935;-255.988;10:50:31
4782;29.962;29.7703;-256.755;-256.262;-256.708;-256.895;-256.942;-255.988;10:50:32
4783;29.962;29.7703;-256.751;-256.269;-256.708;-256.903;-256.942;-255.988;10:50:32
4784;29.9542;29.7703;-256.751;-256.269;-256.708;-256.895;-256.942;-255.98;10:50:33
4785;29.962;29.7781;-256.751;-256.262;-256.7;-256.895;-256.942;-255.988;10:50:33
4786;29.962;29.7625;-256.755;-256.262;-256.715;-256.903;-256.935;-255.98;10:50:34
4787;29.9542;29.7703;-256.755;-256.269;-256.7;-256.895;-256.95;-255.98;10:50:34
4788;29.962;29.7625;-256.751;-256.262;-256.708;-256.903;-256.95;-255.98;10:50:35
4789;29.9542;29.7703;-256.755;-256.269;-256.7;-256.903;-256.942;-255.98;10:50:35
4790;29.962;29.7703;-256.755;-256.269;-256.708;-256.903;-256.935;-255.98;10:50:36
4791;29.9698;29.7703;-256.751;-256.269;-256.708;-256.895;-256.942;-255.98;10:50:36
4792;29.962;29.7625;-256.755;-256.269;-256.715;-256.895;-256.942;-255.98;10:50:37
4793;29.9698;29.7781;-256.751;-256.269;-256.7;-256.903;-256.942;-255.98;10:50:37
4794;29.9698;29.7625;-256.751;-256.269;-256.708;-256.903;-256.95;-255.988;10:50:38
4795;29.962;29.7703;-256.751;-256.269;-256.7;-256.895;-256.942;-255.98;10:50:38
4796;29.9698;29.7781;-256.751;-256.269;-256.708;-256.895;-256.942;-255.98;10:50:39
4797;29.9698;29.7703;-256.755;-256.262;-256.7;-256.903;-256.942;-255.98;10:50:39
4798;29.9698;29.7781;-256.751;-256.269;-256.7;-256.895;-256.942;-255.98;10:50:40
4799;29.9698;29.7703;-256.747;-256.262;-256.692;-256.895;-256.935;-255.98;10:50:40
4800;29.9698;29.7703;-256.751;-256.262;-256.7;-256.895;-256.942;-255.98;10:50:41
4801;29.962;29.7781;-256.751;-256.269;-256.684;-256.903;-256.935;-255.988;10:50:41
4802;29.9777;29.7625;-256.751;-256.262;-256.692;-256.895;-256.942;-255.988;10:50:42
4803;29.9698;29.7703;-256.755;-256.262;-256.692;-256.895;-256.942;-255.98;10:50:42
4804;29.9698;29.7703;-256.751;-256.269;-256.692;-256.895;-256.942;-255.988;10:50:43
4805;29.9777;29.7703;-256.751;-256.262;-256.692;-256.895;-256.935;-255.98;10:50:43
4806;29.9698;29.7703;-256.751;-256.262;-256.7;-256.903;-256.942;-255.98;10:50:44
4807;29.9698;29.7781;-256.751;-256.269;-256.692;-256.895;-256.942;-255.988;10:50:44
4808;29.962;29.7781;-256.751;-256.269;-256.7;-256.895;-256.95;-255.98;10:50:45
4809;29.962;29.7781;-256.751;-256.269;-256.692;-256.903;-256.935;-255.988;10:50:45
4810;29.962;29.7781;-256.751;-256.269;-256.692;-256.895;-256.942;-255.988;10:50:46
4811;29.9698;29.7781;-256.751;-256.269;-256.7;-256.895;-256.95;-255.98;10:50:46
4812;29.962;29.7703;-256.751;-256.269;-256.7;-256.895;-256.942;-255.98;10:50:47
4813;29.9698;29.7703;-256.747;-256.269;-256.7;-256.903;-256.95;-255.988;10:50:47
4814;29.962;29.7703;-256.751;-256.262;-256.7;-256.895;-256.942;-255.996;10:50:48
4815;29.9698;29.7781;-256.747;-256.262;-256.692;-256.895;-256.95;-255.988;10:50:48
4816;29.962;29.7703;-256.751;-256.262;-256.7;-256.903;-256.95;-255.988;10:50:49
4817;29.9698;29.7703;-256.747;-256.262;-256.7;-256.895;-256.942;-255.988;10:50:49
4818;29.962;29.7703;-256.747;-256.262;-256.692;-256.903;-256.958;-255.988;10:50:50
4819;29.9698;29.7703;-256.743;-256.262;-256.692;-256.895;-256.958;-255.988;10:50:50
4820;29.962;29.7703;-256.743;-256.269;-256.692;-256.895;-256.958;-255.988;10:50:51
4821;29.962;29.7625;-256.743;-256.262;-256.692;-256.903;-256.95;-255.98;10:50:51
4822;29.962;29.7781;-256.747;-256.262;-256.692;-256.895;-256.95;-255.996;10:50:52
4823;29.9698;29.7781;-256.743;-256.269;-256.7;-256.903;-256.935;-255.98;10:50:52
4824;29.9698;29.7703;-256.747;-256.262;-256.692;-256.903;-256.935;-255.98;10:50:53
4825;29.9698;29.7781;-256.743;-256.262;-256.7;-256.903;-256.942;-255.988;10:50:53
4826;29.9777;29.7781;-256.751;-256.262;-256.7;-256.903;-256.935;-255.988;10:50:54
4827;29.9698;29.7703;-256.743;-256.262;-256.692;-256.895;-256.942;-255.988;10:50:54
4828;29.962;29.7703;-256.747;-256.262;-256.7;-256.903;-256.935;-255.98;10:50:55
4829;29.9698;29.7703;-256.743;-256.262;-256.692;-256.895;-256.942;-255.996;10:50:55
4830;29.9698;29.7781;-256.743;-256.262;-256.7;-256.903;-256.935;-255.988;10:50:56
4831;29.962;29.7625;-256.747;-256.269;-256.692;-256.903;-256.935;-255.98;10:50:56
4832;29.962;29.7703;-256.747;-256.254;-256.692;-256.895;-256.942;-255.988;10:50:57
4833;29.9698;29.7781;-256.747;-256.262;-256.7;-256.903;-256.927;-255.988;10:50:57
4834;29.9698;29.7781;-256.747;-256.262;-256.7;-256.903;-256.935;-255.988;10:50:58
4835;29.962;29.7703;-256.747;-256.254;-256.7;-256.903;-256.935;-255.98;10:50:58
4836;29.962;29.7703;-256.747;-256.262;-256.692;-256.895;-256.935;-255.98;10:50:59
4837;29.962;29.7781;-256.751;-256.262;-256.7;-256.903;-256.942;-255.98;10:50:59
4838;29.962;29.7781;-256.747;-256.262;-256.7;-256.903;-256.942;-255.988;10:51:00
4839;29.962;29.7703;-256.747;-256.262;-256.7;-256.895;-256.942;-255.988;10:51:00
4840;29.962;29.7703;-256.747;-256.262;-256.692;-256.895;-256.95;-255.988;10:51:01
4841;29.9542;29.7781;-256.747;-256.262;-256.7;-256.895;-256.942;-255.988;10:51:01
4842;29.962;29.7625;-256.747;-256.262;-256.692;-256.903;-256.935;-255.98;10:51:02
4843;29.9542;29.7703;-256.751;-256.254;-256.7;-256.895;-256.942;-255.988;10:51:02
4844;29.9542;29.7703;-256.743;-256.262;-256.7;-256.903;-256.942;-255.988;10:51:03
4845;29.962;29.7703;-256.735;-256.269;-256.692;-256.895;-256.942;-255.988;10:51:03
4846;29.9698;29.7781;-256.743;-256.262;-256.7;-256.895;-256.935;-255.98;10:51:04
4847;29.9542;29.7703;-256.743;-256.262;-256.7;-256.903;-256.942;-255.988;10:51:04
4848;29.9698;29.7703;-256.743;-256.262;-256.692;-256.895;-256.942;-255.988;10:51:05
4849;29.962;29.7625;-256.743;-256.254;-256.7;-256.895;-256.942;-255.988;10:51:05
4850;29.9698;29.7625;-256.743;-256.254;-256.7;-256.903;-256.942;-255.988;10:51:06
4851;29.9698;29.7703;-256.739;-256.262;-256.692;-256.895;-256.942;-255.988;10:51:06
4852;29.962;29.7625;-256.747;-256.262;-256.7;-256.895;-256.95;-255.988;10:51:07
4853;29.962;29.7703;-256.743;-256.262;-256.7;-256.903;-256.942;-255.988;10:51:07
4854;29.9542;29.7703;-256.743;-256.262;-256.692;-256.895;-256.942;-255.988;10:51:08
4855;29.962;29.7625;-256.747;-256.262;-256.692;-256.895;-256.95;-255.988;10:51:08
4856;29.9542;29.7703;-256.739;-256.262;-256.7;-256.895;-256.942;-255.988;10:51:09
4857;29.9698;29.7703;-256.747;-256.262;-256.7;-256.895;-256.942;-255.988;10:51:09
4858;29.9542;29.7781;-256.743;-256.262;-256.7;-256.903;-256.935;-255.996;10:51:10
4859;29.9542;29.7703;-256.735;-256.254;-256.692;-256.895;-256.942;-255.98;10:51:10
4860;29.962;29.7781;-256.747;-256.262;-256.7;-256.895;-256.942;-255.98;10:51:11
4861;29.962;29.7703;-256.743;-256.254;-256.692;-256.895;-256.942;-255.988;10:51:11
4862;29.9542;29.7703;-256.747;-256.262;-256.7;-256.903;-256.935;-255.996;10:51:12
4863;29.9542;29.7703;-256.747;-256.262;-256.7;-256.895;-256.942;-255.98;10:51:12
4864;29.9542;29.7703;-256.747;-256.254;-256.7;-256.895;-256.95;-255.988;10:51:13
4865;29.9542;29.7703;-256.747;-256.262;-256.7;-256.903;-256.942;-255.988;10:51:13
4866;29.9542;29.7781;-256.751;-256.269;-256.7;-256.903;-256.942;-255.988;10:51:14
4867;29.962;29.7703;-256.743;-256.262;-256.7;-256.895;-256.942;-255.988;10:51:14
4868;29.9542;29.7781;-256.747;-256.262;-256.7;-256.895;-256.942;-255.988;10:51:15
4869;29.962;29.7859;-256.743;-256.269;-256.7;-256.903;-256.935;-255.988;10:51:15
4870;29.962;29.7781;-256.743;-256.262;-256.7;-256.895;-256.942;-255.988;10:51:16
4871;29.9542;29.7781;-256.747;-256.262;-256.7;-256.895;-256.942;-255.988;10:51:16
4872;29.962;29.7781;-256.743;-256.269;-256.7;-256.895;-256.95;-255.98;10:51:17
4873;29.962;29.7859;-256.743;-256.269;-256.7;-256.895;-256.942;-255.98;10:51:17
4874;29.9698;29.7781;-256.743;-256.262;-256.7;-256.895;-256.95;-255.988;10:51:18
4875;29.962;29.7781;-256.747;-256.269;-256.7;-256.895;-256.942;-255.988;10:51:18
4876;29.9698;29.7781;-256.747;-256.262;-256.7;-256.895;-256.95;-255.988;10:51:19
4877;29.962;29.7781;-256.743;-256.269;-256.7;-256.895;-256.942;-255.988;10:51:19
4878;29.962;29.7781;-256.751;-256.262;-256.7;-256.895;-256.942;-255.988;10:51:20
4879;29.962;29.7703;-256.743;-256.269;-256.7;-256.895;-256.95;-255.98;10:51:20
4880;29.962;29.7781;-256.747;-256.269;-256.7;-256.895;-256.95;-255.988;10:51:21
4881;29.962;29.7781;-256.747;-256.262;-256.7;-256.895;-256.95;-255.988;10:51:21
4882;29.9777;29.7859;-256.751;-256.269;-256.692;-256.895;-256.95;-255.988;10:51:22
4883;29.962;29.7781;-256.751;-256.269;-256.7;-256.888;-256.942;-255.988;10:51:22
4884;29.9698;29.7781;-256.747;-256.262;-256.7;-256.888;-256.95;-255.996;10:51:23
4885;29.9698;29.7781;-256.751;-256.269;-256.7;-256.895;-256.942;-255.988;10:51:23
4886;29.9698;29.7781;-256.751;-256.262;-256.7;-256.888;-256.95;-255.988;10:51:24
4887;29.962;29.7781;-256.751;-256.262;-256.708;-256.895;-256.95;-255.988;10:51:24
4888;29.962;29.7781;-256.755;-256.269;-256.7;-256.888;-256.958;-255.988;10:51:25
4889;29.9698;29.7781;-256.751;-256.254;-256.7;-256.895;-256.942;-255.98;10:51:25
4890;29.9698;29.7781;-256.747;-256.262;-256.7;-256.888;-256.942;-255.988;10:51:26
4891;29.9698;29.7781;-256.751;-256.262;-256.7;-256.895;-256.942;-255.988;10:51:26
4892;29.9698;29.7781;-256.743;-256.262;-256.692;-256.888;-256.942;-255.988;10:51:27
4893;29.9777;29.7703;-256.747;-256.262;-256.7;-256.888;-256.95;-255.988;10:51:27
4894;29.9777;29.7781;-256.743;-256.262;-256.7;-256.888;-256.942;-255.988;10:51:28
4895;29.9698;29.7859;-256.747;-256.262;-256.7;-256.888;-256.942;-255.988;10:51:28
4896;29.9777;29.7703;-256.747;-256.262;-256.7;-256.888;-256.942;-255.988;10:51:29
4897;29.9698;29.7781;-256.747;-256.269;-256.692;-256.888;-256.942;-255.988;10:51:29
4898;29.9777;29.7703;-256.743;-256.262;-256.692;-256.888;-256.942;-255.988;10:51:30
4899;29.9698;29.7781;-256.747;-256.262;-256.684;-256.88;-256.95;-255.98;10:51:30
4900;29.9698;29.7781;-256.747;-256.262;-256.684;-256.888;-256.942;-255.988;10:51:31
4901;29.9698;29.7859;-256.747;-256.262;-256.692;-256.888;-256.942;-255.98;10:51:31
4902;29.9698;29.7781;-256.747;-256.254;-256.7;-256.895;-256.942;-255.98;10:51:32
4903;29.9698;29.7859;-256.751;-256.262;-256.692;-256.903;-256.942;-255.98;10:51:32
4904;29.962;29.7781;-256.751;-256.262;-256.7;-256.888;-256.95;-255.98;10:51:33
4905;29.9777;29.7859;-256.751;-256.262;-256.692;-256.895;-256.942;-255.988;10:51:33
4906;29.962;29.7859;-256.751;-256.262;-256.692;-256.895;-256.942;-255.988;10:51:34
4907;29.962;29.7859;-256.751;-256.262;-256.692;-256.903;-256.95;-255.98;10:51:34
4908;29.9542;29.7781;-256.751;-256.262;-256.7;-256.895;-256.95;-255.988;10:51:35
4909;29.9542;29.7781;-256.751;-256.262;-256.7;-256.895;-256.942;-255.98;10:51:35
4910;29.962;29.7859;-256.751;-256.262;-256.7;-256.888;-256.95;-255.988;10:51:36
4911;29.962;29.7859;-256.755;-256.262;-256.7;-256.895;-256.95;-255.988;10:51:36
4912;29.9542;29.7859;-256.751;-256.262;-256.708;-256.888;-256.95;-255.98;10:51:37
4913;29.9542;29.7859;-256.751;-256.262;-256.7;-256.888;-256.942;-255.98;10:51:37
4914;29.9464;29.7859;-256.751;-256.262;-256.7;-256.888;-256.942;-255.988;10:51:38
4915;29.9542;29.7781;-256.751;-256.262;-256.692;-256.895;-256.942;-255.98;10:51:38
4916;29.9464;29.7859;-256.751;-256.258;-256.7;-256.888;-256.942;-255.98;10:51:39
4917;29.9542;29.7859;-256.747;-256.254;-256.7;-256.895;-256.95;-255.98;10:51:39
4918;29.962;29.7859;-256.751;-256.262;-256.7;-256.888;-256.935;-255.98;10:51:40
4919;29.962;29.7781;-256.747;-256.254;-256.692;-256.888;-256.942;-255.972;10:51:40
4920;29.962;29.7781;-256.751;-256.262;-256.692;-256.888;-256.95;-255.972;10:51:41
4921;29.962;29.7781;-256.751;-256.254;-256.692;-256.895;-256.942;-255.98;10:51:41
4922;29.9542;29.7703;-256.751;-256.262;-256.692;-256.888;-256.935;-255.98;10:51:42
4923;29.9542;29.7781;-256.747;-256.254;-256.692;-256.88;-256.95;-255.98;10:51:42
4924;29.962;29.7781;-256.751;-256.262;-256.7;-256.895;-256.95;-255.98;10:51:43
4925;29.9542;29.7781;-256.747;-256.254;-256.7;-256.888;-256.942;-255.98;10:51:43
4926;29.962;29.7703;-256.751;-256.254;-256.692;-256.895;-256.942;-255.98;10:51:44
4927;29.9542;29.7781;-256.751;-256.254;-256.7;-256.888;-256.935;-255.98;10:51:44
4928;29.962;29.7781;-256.751;-256.254;-256.692;-256.888;-256.95;-255.988;10:51:45
4929;29.9464;29.7781;-256.751;-256.258;-256.7;-256.888;-256.95;-255.98;10:51:45
4930;29.9542;29.7781;-256.751;-256.262;-256.692;-256.888;-256.942;-255.988;10:51:46
4931;29.962;29.7703;-256.751;-256.254;-256.7;-256.888;-256.942;-255.988;10:51:46
4932;29.9542;29.7781;-256.751;-256.254;-256.692;-256.88;-256.942;-255.98;10:51:47
4933;29.962;29.7781;-256.755;-256.254;-256.7;-256.888;-256.942;-255.98;10:51:47
4934;29.962;29.7703;-256.755;-256.254;-256.7;-256.888;-256.935;-255.98;10:51:48
4935;29.962;29.7781;-256.751;-256.262;-256.692;-256.888;-256.942;-255.988;10:51:48
4936;29.9542;29.7781;-256.751;-256.254;-256.708;-256.88;-256.942;-255.98;10:51:49
4937;29.9542;29.7703;-256.755;-256.262;-256.7;-256.888;-256.942;-255.98;10:51:49
4938;29.9542;29.7703;-256.751;-256.254;-256.7;-256.895;-256.942;-255.98;10:51:50
4939;29.962;29.7625;-256.755;-256.254;-256.708;-256.888;-256.935;-255.98;10:51:50
4940;29.962;29.7703;-256.751;-256.254;-256.7;-256.895;-256.942;-255.988;10:51:51
4941;29.9542;29.7781;-256.751;-256.254;-256.7;-256.895;-256.942;-255.98;10:51:51
4942;29.962;29.7703;-256.751;-256.262;-256.7;-256.895;-256.942;-255.98;10:51:52
4943;29.9542;29.7703;-256.755;-256.262;-256.692;-256.895;-256.942;-255.988;10:51:52
4944;29.9542;29.7703;-256.747;-256.254;-256.7;-256.895;-256.942;-255.988;10:51:53
4945;29.9542;29.7703;-256.751;-256.254;-256.692;-256.895;-256.942;-255.98;10:51:53
4946;29.9464;29.7625;-256.751;-256.254;-256.692;-256.903;-256.935;-255.988;10:51:54
4947;29.9464;29.7703;-256.751;-256.25;-256.692;-256.895;-256.935;-255.98;10:51:54
4948;29.9464;29.7781;-256.751;-256.25;-256.7;-256.903;-256.942;-255.988;10:51:55
4949;29.9464;29.7703;-256.755;-256.25;-256.7;-256.895;-256.942;-255.988;10:51:55
4950;29.9542;29.7703;-256.751;-256.254;-256.7;-256.895;-256.942;-255.996;10:51:56
4951;29.9542;29.7703;-256.755;-256.254;-256.7;-256.895;-256.95;-255.98;10:51:56
4952;29.962;29.7703;-256.751;-256.25;-256.692;-256.888;-256.95;-255.988;10:51:57
4953;29.962;29.7703;-256.751;-256.25;-256.692;-256.888;-256.95;-255.98;10:51:57
4954;29.962;29.7625;-256.751;-256.25;-256.7;-256.895;-256.95;-255.988;10:51:58
4955;29.9698;29.7703;-256.747;-256.25;-256.692;-256.895;-256.95;-255.988;10:51:58
4956;29.9698;29.7625;-256.747;-256.254;-256.692;-256.895;-256.95;-255.98;10:51:59
4957;29.9698;29.7703;-256.747;-256.25;-256.692;-256.888;-256.95;-255.98;10:51:59
4958;29.9698;29.7703;-256.747;-256.254;-256.692;-256.895;-256.942;-255.988;10:52:00
4959;29.9698;29.7625;-256.751;-256.254;-256.692;-256.888;-256.942;-255.988;10:52:00
4960;29.9698;29.7625;-256.751;-256.262;-256.684;-256.888;-256.95;-255.98;10:52:01
4961;29.9698;29.7625;-256.751;-256.254;-256.692;-256.88;-256.95;-255.98;10:52:01
4962;29.9698;29.7625;-256.747;-256.254;-256.692;-256.888;-256.935;-255.98;10:52:02
4963;29.9698;29.7625;-256.747;-256.262;-256.692;-256.895;-256.942;-255.988;10:52:02
4964;29.9777;29.7703;-256.747;-256.254;-256.7;-256.88;-256.958;-255.98;10:52:03
4965;29.9698;29.7625;-256.747;-256.254;-256.692;-256.888;-256.95;-255.988;10:52:03
4966;29.9777;29.7703;-256.743;-256.254;-256.7;-256.888;-256.95;-255.988;10:52:04
4967;29.9855;29.7703;-256.747;-256.254;-256.7;-256.888;-256.942;-255.98;10:52:04
4968;29.9777;29.7625;-256.747;-256.254;-256.7;-256.88;-256.95;-255.988;10:52:05
4969;29.9698;29.7703;-256.747;-256.254;-256.7;-256.888;-256.942;-255.98;10:52:05
4970;29.9777;29.7703;-256.747;-256.254;-256.7;-256.888;-256.95;-255.988;10:52:06
4971;29.9777;29.7703;-256.747;-256.254;-256.7;-256.888;-256.942;-255.988;10:52:06
4972;29.9698;29.7703;-256.743;-256.254;-256.7;-256.888;-256.95;-255.988;10:52:07
4973;29.9777;29.7703;-256.743;-256.25;-256.7;-256.88;-256.95;-255.98;10:52:07
4974;29.9777;29.7703;-256.751;-256.254;-256.692;-256.888;-256.942;-255.996;10:52:08
4975;29.9777;29.7703;-256.747;-256.258;-256.7;-256.88;-256.95;-255.988;10:52:08
4976;29.9777;29.7625;-256.747;-256.254;-256.7;-256.888;-256.95;-255.98;10:52:09
4977;29.9777;29.7703;-256.747;-256.254;-256.692;-256.888;-256.95;-255.988;10:52:09
4978;29.9698;29.7625;-256.747;-256.262;-256.7;-256.888;-256.95;-255.98;10:52:10
4979;29.9855;29.7625;-256.751;-256.254;-256.692;-256.888;-256.942;-255.988;10:52:10
4980;29.9777;29.7625;-256.747;-256.25;-256.7;-256.88;-256.95;-255.988;10:52:11
4981;29.9777;29.7625;-256.747;-256.254;-256.692;-256.888;-256.95;-255.988;10:52:11
4982;29.9777;29.7625;-256.751;-256.254;-256.692;-256.888;-256.942;-255.988;10:52:12
4983;29.9855;29.7546;-256.747;-256.254;-256.7;-256.888;-256.942;-255.988;10:52:12
4984;29.9855;29.7625;-256.751;-256.254;-256.7;-256.88;-256.942;-255.98;10:52:13
4985;29.9777;29.7703;-256.747;-256.254;-256.7;-256.888;-256.95;-255.996;10:52:13
4986;29.9777;29.7703;-256.747;-256.254;-256.708;-256.888;-256.942;-255.988;10:52:14
4987;29.9777;29.7703;-256.747;-256.254;-256.7;-256.895;-256.935;-255.988;10:52:14
4988;29.9698;29.7703;-256.747;-256.254;-256.7;-256.888;-256.942;-255.98;10:52:15
4989;29.9777;29.7703;-256.751;-256.262;-256.7;-256.895;-256.942;-255.988;10:52:15
4990;29.9777;29.7703;-256.751;-256.254;-256.7;-256.888;-256.942;-255.98;10:52:16
4991;29.9777;29.7703;-256.747;-256.254;-256.692;-256.888;-256.942;-255.996;10:52:16
4992;29.9855;29.7781;-256.747;-256.254;-256.7;-256.888;-256.942;-255.988;10:52:17
4993;29.9777;29.7703;-256.751;-256.254;-256.7;-256.88;-256.95;-255.98;10:52:17
4994;29.9855;29.7703;-256.747;-256.254;-256.7;-256.888;-256.942;-255.988;10:52:18
4995;29.9698;29.7703;-256.751;-256.254;-256.7;-256.888;-256.942;-255.988;10:52:18
4996;29.9777;29.7859;-256.751;-256.254;-256.7;-256.88;-256.95;-255.98;10:52:19
4997;29.9777;29.7703;-256.751;-256.25;-256.7;-256.88;-256.942;-255.988;10:52:19
4998;29.9777;29.7703;-256.747;-256.254;-256.692;-256.888;-256.942;-255.98;10:52:20
4999;29.9777;29.7703;-256.751;-256.265;-256.692;-256.88;-256.942;-255.988;10:52:20
5000;29.9777;29.7781;-256.747;-256.254;-256.7;-256.888;-256.942;-255.98;10:52:21
5001;29.9777;29.7703;-256.747;-256.25;-256.7;-256.888;-256.942;-255.988;10:52:21
5002;29.9777;29.7703;-256.747;-256.262;-256.692;-256.888;-256.935;-255.988;10:52:22
5003;29.9777;29.7781;-256.751;-256.254;-256.692;-256.888;-256.942;-255.988;10:52:22
5004;29.9777;29.7625;-256.751;-256.254;-256.7;-256.88;-256.95;-255.98;10:52:23
5005;29.9777;29.7781;-256.751;-256.254;-256.692;-256.888;-256.942;-255.98;10:52:23
5006;29.9777;29.7703;-256.751;-256.25;-256.7;-256.88;-256.95;-255.988;10:52:24
5007;29.9777;29.7781;-256.751;-256.254;-256.708;-256.895;-256.942;-255.988;10:52:24
5008;29.9698;29.7703;-256.751;-256.25;-256.692;-256.88;-256.95;-255.98;10:52:25
5009;29.9698;29.7625;-256.755;-256.25;-256.7;-256.88;-256.935;-255.98;10:52:25
5010;29.9698;29.7703;-256.751;-256.254;-256.7;-256.888;-256.95;-255.988;10:52:26
5011;29.962;29.7625;-256.755;-256.254;-256.7;-256.895;-256.942;-255.98;10:52:26
5012;29.962;29.7546;-256.755;-256.254;-256.7;-256.88;-256.942;-255.988;10:52:27
5013;29.962;29.7625;-256.751;-256.254;-256.692;-256.888;-256.942;-255.988;10:52:27
5014;29.9542;29.7703;-256.755;-256.254;-256.7;-256.888;-256.95;-255.988;10:52:28
5015;29.962;29.7625;-256.751;-256.262;-256.692;-256.888;-256.942;-255.98;10:52:28
5016;29.9698;29.7703;-256.755;-256.262;-256.7;-256.888;-256.95;-255.988;10:52:29
5017;29.962;29.7703;-256.755;-256.254;-256.692;-256.888;-256.942;-255.98;10:52:29
5018;29.9698;29.7703;-256.751;-256.262;-256.692;-256.895;-256.942;-255.988;10:52:30
5019;29.9777;29.7625;-256.755;-256.254;-256.7;-256.895;-256.942;-255.98;10:52:30
5020;29.962;29.7625;-256.755;-256.262;-256.692;-256.888;-256.95;-255.988;10:52:31
5021;29.962;29.7625;-256.751;-256.254;-256.7;-256.888;-256.95;-255.988;10:52:31
5022;29.9698;29.7625;-256.751;-256.262;-256.692;-256.888;-256.958;-255.98;10:52:32
5023;29.962;29.7625;-256.751;-256.254;-256.7;-256.888;-256.95;-255.988;10:52:32
5024;29.9698;29.7625;-256.751;-256.262;-256.7;-256.888;-256.958;-255.988;10:52:33
5025;29.9777;29.7703;-256.751;-256.262;-256.692;-256.888;-256.95;-255.988;10:52:33
5026;29.9777;29.7625;-256.751;-256.254;-256.7;-256.888;-256.942;-255.996;10:52:34
5027;29.9777;29.7625;-256.751;-256.262;-256.7;-256.888;-256.95;-255.988;10:52:34
5028;29.9698;29.7703;-256.755;-256.262;-256.7;-256.895;-256.95;-255.988;10:52:35
5029;29.9698;29.7703;-256.747;-256.262;-256.7;-256.888;-256.95;-255.988;10:52:35
5030;29.9698;29.7703;-256.755;-256.254;-256.692;-256.895;-256.942;-255.988;10:52:36
5031;29.9698;29.7703;-256.751;-256.262;-256.7;-256.888;-256.95;-255.988;10:52:36
5032;29.9698;29.7625;-256.751;-256.254;-256.692;-256.895;-256.942;-255.98;10:52:37
5033;29.9698;29.7703;-256.747;-256.262;-256.692;-256.888;-256.942;-255.98;10:52:37
5034;29.9777;29.7703;-256.751;-256.254;-256.692;-256.895;-256.942;-255.988;10:52:38
5035;29.9698;29.7703;-256.751;-256.262;-256.7;-256.895;-256.95;-255.988;10:52:38
5036;29.9777;29.7625;-256.751;-256.262;-256.692;-256.888;-256.95;-255.972;10:52:39
5037;29.9698;29.7703;-256.751;-256.262;-256.7;-256.895;-256.942;-255.98;10:52:39
5038;29.9777;29.7703;-256.755;-256.262;-256.7;-256.895;-256.942;-255.988;10:52:40
5039;29.9698;29.7703;-256.751;-256.254;-256.7;-256.895;-256.935;-255.988;10:52:40
5040;29.9777;29.7781;-256.755;-256.254;-256.692;-256.895;-256.95;-255.98;10:52:41
5041;29.9698;29.7781;-256.751;-256.254;-256.692;-256.895;-256.95;-255.988;10:52:41
5042;29.9777;29.7703;-256.751;-256.262;-256.7;-256.895;-256.935;-255.988;10:52:42
5043;29.9855;29.7703;-256.747;-256.254;-256.684;-256.895;-256.942;-255.98;10:52:42
5044;29.9777;29.7703;-256.747;-256.262;-256.7;-256.895;-256.942;-255.98;10:52:43
5045;29.9777;29.7703;-256.751;-256.254;-256.692;-256.888;-256.942;-255.988;10:52:43
5046;29.9777;29.7703;-256.747;-256.262;-256.692;-256.895;-256.942;-255.988;10:52:44
5047;29.9855;29.7703;-256.747;-256.254;-256.7;-256.895;-256.942;-255.98;10:52:44
5048;29.9698;29.7703;-256.747;-256.254;-256.692;-256.888;-256.942;-255.98;10:52:45
5049;29.9698;29.7703;-256.751;-256.254;-256.7;-256.895;-256.95;-255.98;10:52:45
5050;29.9777;29.7703;-256.755;-256.254;-256.692;-256.895;-256.95;-255.988;10:52:46
5051;29.9698;29.7703;-256.743;-256.254;-256.692;-256.895;-256.935;-255.988;10:52:46
5052;29.9698;29.7703;-256.743;-256.254;-256.692;-256.895;-256.942;-255.988;10:52:47
5053;29.9698;29.7625;-256.743;-256.25;-256.7;-256.895;-256.942;-255.988;10:52:47
5054;29.9777;29.7625;-256.743;-256.262;-256.692;-256.895;-256.95;-255.996;10:52:48
5055;29.9698;29.7703;-256.751;-256.254;-256.692;-256.895;-256.942;-255.988;10:52:48
5056;29.9777;29.7703;-256.747;-256.254;-256.692;-256.895;-256.95;-255.988;10:52:49
5057;29.9698;29.7703;-256.751;-256.254;-256.7;-256.903;-256.95;-255.98;10:52:49
5058;29.9777;29.7625;-256.751;-256.262;-256.692;-256.895;-256.942;-255.988;10:52:50
5059;29.9777;29.7625;-256.751;-256.254;-256.692;-256.895;-256.95;-255.988;10:52:50
5060;29.9698;29.7703;-256.751;-256.254;-256.7;-256.895;-256.942;-255.988;10:52:51
5061;29.9698;29.7703;-256.747;-256.262;-256.692;-256.895;-256.95;-255.988;10:52:51
5062;29.9698;29.7625;-256.755;-256.254;-256.7;-256.895;-256.942;-255.988;10:52:52
5063;29.9777;29.7703;-256.747;-256.254;-256.7;-256.895;-256.942;-255.98;10:52:52
5064;29.962;29.7625;-256.751;-256.262;-256.7;-256.895;-256.95;-255.988;10:52:53
5065;29.962;29.7625;-256.751;-256.254;-256.7;-256.895;-256.95;-255.988;10:52:53
5066;29.9698;29.7625;-256.751;-256.254;-256.7;-256.895;-256.95;-255.988;10:52:54
5067;29.9698;29.7546;-256.755;-256.254;-256.7;-256.895;-256.95;-255.988;10:52:54
5068;29.9698;29.7625;-256.751;-256.262;-256.7;-256.895;-256.958;-255.988;10:52:55
5069;29.9698;29.7625;-256.751;-256.254;-256.7;-256.888;-256.95;-255.98;10:52:55
5070;29.962;29.7625;-256.751;-256.254;-256.708;-256.895;-256.942;-255.988;10:52:56
5071;29.9698;29.7625;-256.747;-256.254;-256.692;-256.888;-256.942;-255.996;10:52:56
5072;29.9698;29.7546;-256.747;-256.262;-256.7;-256.895;-256.95;-255.98;10:52:57
5073;29.9698;29.7703;-256.747;-256.254;-256.692;-256.888;-256.942;-255.988;10:52:57
5074;29.9698;29.7625;-256.747;-256.262;-256.7;-256.895;-256.942;-255.988;10:52:58
5075;29.9698;29.7625;-256.747;-256.254;-256.7;-256.895;-256.935;-255.988;10:52:58
5076;29.962;29.7703;-256.747;-256.254;-256.7;-256.895;-256.95;-255.988;10:52:59
5077;29.962;29.7703;-256.747;-256.262;-256.7;-256.895;-256.942;-255.988;10:52:59
5078;29.9698;29.7625;-256.751;-256.262;-256.692;-256.888;-256.935;-255.988;10:53:00
5079;29.962;29.7625;-256.751;-256.254;-256.692;-256.903;-256.935;-255.98;10:53:00
5080;29.9542;29.7703;-256.747;-256.254;-256.7;-256.895;-256.95;-255.988;10:53:01
5081;29.962;29.7625;-256.747;-256.254;-256.708;-256.888;-256.95;-255.98;10:53:01
5082;29.962;29.7625;-256.751;-256.254;-256.7;-256.895;-256.95;-255.988;10:53:02
5083;29.9542;29.7625;-256.747;-256.254;-256.708;-256.895;-256.942;-255.98;10:53:02
5084;29.962;29.7625;-256.751;-256.254;-256.7;-256.895;-256.95;-255.988;10:53:03
5085;29.9698;29.7703;-256.747;-256.262;-256.7;-256.888;-256.95;-255.98;10:53:03
5086;29.9698;29.7625;-256.751;-256.254;-256.708;-256.903;-256.942;-255.988;10:53:04
5087;29.962;29.7703;-256.747;-256.262;-256.7;-256.895;-256.935;-255.988;10:53:04
5088;29.962;29.7625;-256.747;-256.254;-256.708;-256.895;-256.942;-255.98;10:53:05
5089;29.9542;29.7625;-256.747;-256.262;-256.692;-256.895;-256.935;-255.988;10:53:05
5090;29.9542;29.7703;-256.743;-256.262;-256.708;-256.895;-256.935;-255.988;10:53:06
5091;29.9698;29.7625;-256.747;-256.262;-256.7;-256.888;-256.942;-255.98;10:53:06
5092;29.962;29.7703;-256.747;-256.262;-256.708;-256.895;-256.942;-255.98;10:53:07
5093;29.9542;29.7703;-256.747;-256.262;-256.708;-256.895;-256.942;-255.988;10:53:07
5094;29.962;29.7703;-256.751;-256.262;-256.7;-256.888;-256.935;-255.988;10:53:08
5095;29.962;29.7625;-256.747;-256.262;-256.708;-256.888;-256.942;-255.988;10:53:08
5096;29.9542;29.7703;-256.751;-256.254;-256.708;-256.895;-256.942;-255.988;10:53:09
5097;29.9542;29.7703;-256.751;-256.262;-256.708;-256.88;-256.95;-255.988;10:53:09
5098;29.962;29.7703;-256.751;-256.262;-256.7;-256.888;-256.942;-255.988;10:53:10
5099;29.9542;29.7703;-256.751;-256.254;-256.708;-256.888;-256.942;-255.98;10:53:10
5100;29.962;29.7703;-256.751;-256.262;-256.708;-256.888;-256.935;-255.988;10:53:11
5101;29.9542;29.7703;-256.751;-256.262;-256.692;-256.888;-256.942;-255.988;10:53:11
5102;29.962;29.7703;-256.751;-256.254;-256.7;-256.888;-256.935;-255.996;10:53:12
5103;29.9542;29.7625;-256.755;-256.254;-256.708;-256.895;-256.942;-255.988;10:53:12
5104;29.9542;29.7703;-256.751;-256.269;-256.7;-256.88;-256.935;-255.988;10:53:13
5105;29.9542;29.7703;-256.747;-256.262;-256.7;-256.888;-256.942;-255.98;10:53:13
5106;29.9542;29.7625;-256.755;-256.254;-256.7;-256.888;-256.935;-255.988;10:53:14
5107;29.9542;29.7703;-256.751;-256.254;-256.708;-256.895;-256.935;-255.988;10:53:14
5108;29.9542;29.7703;-256.747;-256.262;-256.7;-256.888;-256.935;-255.988;10:53:15
5109;29.9464;29.7703;-256.751;-256.254;-256.7;-256.888;-256.942;-255.988;10:53:15
5110;29.962;29.7703;-256.747;-256.254;-256.708;-256.888;-256.935;-255.988;10:53:16
5111;29.9464;29.7625;-256.747;-256.254;-256.7;-256.888;-256.927;-255.988;10:53:16
5112;29.9542;29.7625;-256.747;-256.262;-256.708;-256.888;-256.942;-255.996;10:53:17
5113;29.962;29.7625;-256.747;-256.262;-256.7;-256.888;-256.927;-255.988;10:53:17
5114;29.962;29.7703;-256.747;-256.262;-256.7;-256.895;-256.935;-255.996;10:53:18
5115;29.962;29.7625;-256.751;-256.262;-256.7;-256.895;-256.935;-255.988;10:53:18
5116;29.962;29.7781;-256.747;-256.262;-256.708;-256.888;-256.935;-255.988;10:53:19
5117;29.962;29.7703;-256.747;-256.269;-256.7;-256.895;-256.935;-255.988;10:53:19
5118;29.962;29.7703;-256.747;-256.262;-256.7;-256.888;-256.927;-255.988;10:53:20
5119;29.962;29.7703;-256.747;-256.262;-256.7;-256.88;-256.935;-255.988;10:53:20
5120;29.962;29.7625;-256.747;-256.269;-256.7;-256.888;-256.935;-255.988;10:53:21
5121;29.9698;29.7625;-256.747;-256.262;-256.708;-256.88;-256.942;-255.988;10:53:21
5122;29.9698;29.7703;-256.751;-256.269;-256.708;-256.888;-256.935;-255.988;10:53:22
5123;29.962;29.7625;-256.747;-256.262;-256.7;-256.888;-256.935;-255.988;10:53:22
5124;29.962;29.7781;-256.747;-256.262;-256.708;-256.888;-256.935;-255.996;10:53:23
5125;29.9698;29.7703;-256.747;-256.269;-256.708;-256.888;-256.935;-255.988;10:53:23
5126;29.962;29.7703;-256.751;-256.262;-256.708;-256.888;-256.935;-255.988;10:53:24
5127;29.962;29.7703;-256.755;-256.262;-256.7;-256.895;-256.935;-255.996;10:53:24
5128;29.962;29.7703;-256.751;-256.262;-256.7;-256.888;-256.942;-255.988;10:53:25
5129;29.9542;29.7625;-256.751;-256.262;-256.7;-256.888;-256.942;-255.988;10:53:25
5130;29.9542;29.7703;-256.755;-256.262;-256.7;-256.888;-256.942;-255.988;10:53:26
5131;29.9698;29.7781;-256.751;-256.269;-256.7;-256.888;-256.942;-255.98;10:53:26
5132;29.9542;29.7703;-256.747;-256.262;-256.708;-256.88;-256.942;-255.988;10:53:27
5133;29.962;29.7703;-256.743;-256.262;-256.7;-256.888;-256.95;-255.988;10:53:27
5134;29.9542;29.7625;-256.747;-256.269;-256.708;-256.895;-256.95;-255.98;10:53:28
5135;29.962;29.7703;-256.743;-256.262;-256.7;-256.888;-256.942;-255.988;10:53:28
5136;29.9542;29.7781;-256.747;-256.269;-256.7;-256.888;-256.95;-255.988;10:53:29
5137;29.962;29.7781;-256.747;-256.262;-256.7;-256.888;-256.942;-255.98;10:53:29
5138;29.9542;29.7781;-256.747;-256.262;-256.692;-256.895;-256.942;-255.988;10:53:30
5139;29.9542;29.7859;-256.747;-256.262;-256.7;-256.895;-256.935;-255.988;10:53:30
5140;29.9542;29.7781;-256.747;-256.269;-256.7;-256.888;-256.935;-255.98;10:53:31
5141;29.9542;29.7781;-256.743;-256.262;-256.7;-256.895;-256.942;-255.98;10:53:31
5142;29.9542;29.7781;-256.747;-256.269;-256.7;-256.895;-256.935;-255.98;10:53:32
5143;29.9542;29.7781;-256.747;-256.269;-256.708;-256.895;-256.942;-255.98;10:53:32
5144;29.962;29.7703;-256.743;-256.262;-256.7;-256.895;-256.935;-255.98;10:53:33
5145;29.9542;29.7625;-256.743;-256.269;-256.7;-256.895;-256.942;-255.988;10:53:33
5146;29.9464;29.7781;-256.743;-256.269;-256.692;-256.903;-256.95;-255.98;10:53:34
5147;29.9542;29.7703;-256.747;-256.269;-256.7;-256.895;-256.935;-255.98;10:53:34
5148;29.9542;29.7781;-256.747;-256.269;-256.7;-256.888;-256.942;-255.98;10:53:35
5149;29.9464;29.7703;-256.743;-256.269;-256.708;-256.895;-256.95;-255.98;10:53:35
5150;29.9464;29.7781;-256.747;-256.269;-256.692;-256.895;-256.942;-255.98;10:53:36
5151;29.9542;29.7781;-256.747;-256.262;-256.708;-256.895;-256.942;-255.98;10:53:36
5152;29.9464;29.7781;-256.747;-256.269;-256.7;-256.888;-256.95;-255.972;10:53:37
5153;29.9542;29.7703;-256.747;-256.269;-256.7;-256.895;-256.95;-255.98;10:53:37
5154;29.9464;29.7781;-256.751;-256.269;-256.708;-256.895;-256.942;-255.98;10:53:38
5155;29.9542;29.7781;-256.747;-256.262;-256.7;-256.895;-256.95;-255.988;10:53:38
5156;29.9464;29.7781;-256.747;-256.269;-256.7;-256.888;-256.942;-255.98;10:53:39
5157;29.9385;29.7703;-256.751;-256.262;-256.7;-256.895;-256.942;-255.98;10:53:39
5158;29.9464;29.7781;-256.747;-256.262;-256.708;-256.895;-256.942;-255.988;10:53:40
5159;29.9464;29.7859;-256.747;-256.269;-256.708;-256.888;-256.942;-255.98;10:53:40
5160;29.9464;29.7781;-256.747;-256.269;-256.7;-256.895;-256.942;-255.988;10:53:41
5161;29.9464;29.7781;-256.747;-256.262;-256.708;-256.888;-256.942;-255.98;10:53:41
5162;29.9542;29.7703;-256.747;-256.262;-256.708;-256.888;-256.942;-255.98;10:53:42
5163;29.9542;29.7703;-256.747;-256.269;-256.708;-256.895;-256.942;-255.98;10:53:42
5164;29.9542;29.7625;-256.747;-256.262;-256.708;-256.888;-256.942;-255.98;10:53:43
5165;29.9542;29.7703;-256.747;-256.262;-256.708;-256.888;-256.95;-255.98;10:53:43
5166;29.9542;29.7703;-256.747;-256.269;-256.708;-256.888;-256.942;-255.98;10:53:44
5167;29.962;29.7703;-256.747;-256.269;-256.708;-256.895;-256.942;-255.98;10:53:44
5168;29.962;29.7781;-256.747;-256.262;-256.715;-256.895;-256.942;-255.98;10:53:45
5169;29.9542;29.7781;-256.747;-256.262;-256.708;-256.895;-256.942;-255.98;10:53:45
5170;29.962;29.7703;-256.747;-256.269;-256.708;-256.895;-256.942;-255.98;10:53:46
5171;29.9542;29.7703;-256.751;-256.262;-256.708;-256.895;-256.942;-255.98;10:53:46
5172;29.962;29.7703;-256.747;-256.269;-256.715;-256.895;-256.935;-255.972;10:53:47
5173;29.962;29.7781;-256.747;-256.262;-256.7;-256.903;-256.95;-255.98;10:53:47
5174;29.9698;29.7703;-256.751;-256.277;-256.708;-256.895;-256.942;-255.972;10:53:48
5175;29.962;29.7703;-256.747;-256.269;-256.708;-256.895;-256.942;-255.98;10:53:48
5176;29.962;29.7781;-256.751;-256.269;-256.708;-256.895;-256.95;-255.98;10:53:49
5177;29.9698;29.7859;-256.747;-256.269;-256.708;-256.888;-256.942;-255.98;10:53:49
5178;29.9698;29.7781;-256.747;-256.269;-256.715;-256.895;-256.95;-255.98;10:53:50
5179;29.9698;29.7781;-256.751;-256.262;-256.7;-256.903;-256.95;-255.98;10:53:50
5180;29.962;29.7781;-256.747;-256.269;-256.708;-256.888;-256.942;-255.98;10:53:51
5181;29.9698;29.7703;-256.751;-256.262;-256.708;-256.895;-256.95;-255.972;10:53:51
5182;29.9777;29.7625;-256.747;-256.262;-256.7;-256.903;-256.942;-255.98;10:53:52
5183;29.9698;29.7703;-256.743;-256.269;-256.708;-256.895;-256.942;-255.98;10:53:52
5184;29.962;29.7703;-256.743;-256.269;-256.708;-256.888;-256.942;-255.98;10:53:53
5185;29.962;29.7703;-256.743;-256.269;-256.708;-256.895;-256.935;-255.972;10:53:53
5186;29.962;29.7625;-256.747;-256.269;-256.7;-256.895;-256.95;-255.98;10:53:54
5187;29.9698;29.7703;-256.747;-256.262;-256.715;-256.895;-256.942;-255.98;10:53:54
5188;29.962;29.7625;-256.751;-256.269;-256.7;-256.895;-256.942;-255.972;10:53:55
5189;29.962;29.7703;-256.747;-256.269;-256.708;-256.895;-256.942;-255.98;10:53:55
5190;29.962;29.7703;-256.751;-256.269;-256.708;-256.903;-256.95;-255.98;10:53:56
5191;29.9698;29.7703;-256.751;-256.262;-256.708;-256.895;-256.935;-255.98;10:53:56
5192;29.962;29.7703;-256.747;-256.269;-256.708;-256.895;-256.95;-255.988;10:53:57
5193;29.962;29.7781;-256.751;-256.269;-256.708;-256.895;-256.942;-255.98;10:53:57
5194;29.962;29.7703;-256.747;-256.262;-256.708;-256.888;-256.935;-255.98;10:53:58
5195;29.9542;29.7703;-256.747;-256.269;-256.708;-256.895;-256.942;-255.98;10:53:58
5196;29.962;29.7781;-256.743;-256.269;-256.708;-256.895;-256.95;-255.98;10:53:59
5197;29.962;29.7625;-256.751;-256.254;-256.708;-256.888;-256.942;-255.98;10:53:59
5198;29.962;29.7703;-256.747;-256.262;-256.7;-256.888;-256.942;-255.98;10:54:00
5199;29.9698;29.7703;-256.751;-256.262;-256.708;-256.895;-256.942;-255.988;10:54:00
5200;29.962;29.7703;-256.751;-256.262;-256.708;-256.895;-256.935;-255.98;10:54:01
5201;29.962;29.7703;-256.747;-256.269;-256.708;-256.895;-256.942;-255.98;10:54:01
5202;29.9698;29.7703;-256.751;-256.262;-256.708;-256.895;-256.942;-255.98;10:54:02
5203;29.962;29.7703;-256.751;-256.262;-256.7;-256.903;-256.942;-255.98;10:54:02
5204;29.962;29.7625;-256.743;-256.262;-256.708;-256.895;-256.935;-255.988;10:54:03
5205;29.9698;29.7625;-256.751;-256.262;-256.708;-256.895;-256.95;-255.98;10:54:03
5206;29.962;29.7625;-256.747;-256.262;-256.708;-256.895;-256.935;-255.98;10:54:04
5207;29.962;29.7625;-256.751;-256.262;-256.708;-256.895;-256.942;-255.988;10:54:04
5208;29.962;29.7703;-256.747;-256.269;-256.7;-256.895;-256.942;-255.98;10:54:05
5209;29.962;29.7781;-256.747;-256.262;-256.708;-256.895;-256.95;-255.988;10:54:05
5210;29.962;29.7625;-256.747;-256.269;-256.7;-256.888;-256.942;-255.98;10:54:06
5211;29.962;29.7781;-256.743;-256.262;-256.708;-256.895;-256.942;-255.988;10:54:06
5212;29.962;29.7703;-256.747;-256.269;-256.7;-256.895;-256.95;-255.98;10:54:07
5213;29.9698;29.7781;-256.747;-256.262;-256.708;-256.895;-256.95;-255.98;10:54:07
5214;29.9542;29.7781;-256.743;-256.262;-256.7;-256.895;-256.95;-255.988;10:54:08
5215;29.9777;29.7859;-256.751;-256.262;-256.7;-256.895;-256.942;-255.98;10:54:08
5216;29.9698;29.7781;-256.751;-256.262;-256.708;-256.895;-256.95;-255.988;10:54:09
5217;29.9777;29.7703;-256.747;-256.269;-256.708;-256.895;-256.942;-255.988;10:54:09
5218;29.9777;29.7781;-256.747;-256.262;-256.7;-256.895;-256.95;-255.98;10:54:10
5219;29.9698;29.7781;-256.747;-256.262;-256.708;-256.895;-256.942;-255.988;10:54:10
5220;29.9698;29.7703;-256.747;-256.262;-256.7;-256.895;-256.942;-255.988;10:54:11
5221;29.9777;29.7781;-256.743;-256.262;-256.708;-256.895;-256.95;-255.988;10:54:11
5222;29.9698;29.7703;-256.747;-256.262;-256.7;-256.895;-256.942;-255.98;10:54:12
5223;29.9777;29.7781;-256.751;-256.262;-256.708;-256.888;-256.927;-255.988;10:54:12
5224;29.9777;29.7781;-256.751;-256.269;-256.708;-256.895;-256.935;-255.988;10:54:13
5225;29.9777;29.7703;-256.747;-256.269;-256.7;-256.888;-256.942;-255.98;10:54:13
5226;29.9777;29.7859;-256.755;-256.262;-256.708;-256.888;-256.942;-255.98;10:54:14
5227;29.9777;29.7703;-256.755;-256.269;-256.708;-256.895;-256.942;-255.98;10:54:14
5228;29.9698;29.7781;-256.751;-256.262;-256.708;-256.888;-256.942;-255.98;10:54:15
5229;29.9698;29.7781;-256.755;-256.262;-256.7;-256.888;-256.942;-255.98;10:54:15
5230;29.9698;29.7781;-256.755;-256.269;-256.715;-256.888;-256.95;-255.98;10:54:16
5231;29.9777;29.7781;-256.755;-256.269;-256.7;-256.895;-256.935;-255.98;10:54:16
5232;29.9698;29.7781;-256.755;-256.262;-256.708;-256.895;-256.942;-255.98;10:54:17
5233;29.9777;29.7781;-256.755;-256.269;-256.708;-256.895;-256.95;-255.972;10:54:17
5234;29.9698;29.7781;-256.755;-256.262;-256.708;-256.895;-256.95;-255.98;10:54:18
5235;29.9777;29.7781;-256.755;-256.269;-256.708;-256.895;-256.942;-255.98;10:54:18
5236;29.9855;29.7703;-256.751;-256.262;-256.708;-256.895;-256.942;-255.972;10:54:19
5237;29.9777;29.7859;-256.755;-256.262;-256.708;-256.888;-256.942;-255.972;10:54:19
5238;29.9698;29.7781;-256.755;-256.262;-256.708;-256.895;-256.95;-255.98;10:54:20
5239;29.9855;29.7703;-256.751;-256.269;-256.715;-256.895;-256.935;-255.98;10:54:20
5240;29.9855;29.7781;-256.755;-256.262;-256.708;-256.895;-256.935;-255.988;10:54:21
5241;29.9855;29.7703;-256.755;-256.269;-256.708;-256.895;-256.942;-255.98;10:54:21
5242;29.9777;29.7703;-256.755;-256.269;-256.708;-256.895;-256.942;-255.98;10:54:22
5243;29.9855;29.7625;-256.755;-256.269;-256.715;-256.895;-256.942;-255.98;10:54:22
5244;29.9777;29.7625;-256.755;-256.262;-256.708;-256.895;-256.942;-255.98;10:54:23
5245;29.9777;29.7703;-256.755;-256.262;-256.708;-256.888;-256.935;-255.972;10:54:23
5246;29.9855;29.7625;-256.751;-256.269;-256.708;-256.895;-256.935;-255.972;10:54:24
5247;29.9777;29.7625;-256.747;-256.254;-256.708;-256.895;-256.935;-255.98;10:54:24
5248;29.9777;29.7625;-256.751;-256.269;-256.715;-256.895;-256.942;-255.972;10:54:25
5249;29.9777;29.7781;-256.751;-256.262;-256.708;-256.888;-256.95;-255.972;10:54:25
5250;29.9777;29.7703;-256.751;-256.262;-256.708;-256.895;-256.942;-255.972;10:54:26
5251;29.9777;29.7703;-256.751;-256.262;-256.715;-256.895;-256.942;-255.972;10:54:26
5252;29.9777;29.7703;-256.751;-256.269;-256.715;-256.888;-256.95;-255.98;10:54:27
5253;29.9698;29.7703;-256.751;-256.269;-256.708;-256.888;-256.95;-255.98;10:54:27
5254;29.9777;29.7703;-256.751;-256.269;-256.7;-256.895;-256.942;-255.98;10:54:28
5255;29.9698;29.7781;-256.751;-256.269;-256.708;-256.895;-256.942;-255.988;10:54:28
5256;29.9777;29.7703;-256.751;-256.269;-256.708;-256.895;-256.942;-255.98;10:54:29
5257;29.9698;29.7781;-256.747;-256.262;-256.708;-256.895;-256.95;-255.98;10:54:29
5258;29.9855;29.7781;-256.747;-256.269;-256.715;-256.888;-256.942;-255.972;10:54:30
5259;29.9855;29.7703;-256.751;-256.269;-256.708;-256.895;-256.942;-255.98;10:54:30
5260;29.9777;29.7703;-256.751;-256.262;-256.715;-256.895;-256.942;-255.98;10:54:31
5261;29.9698;29.7703;-256.751;-256.262;-256.708;-256.895;-256.95;-255.98;10:54:31
5262;29.9777;29.7781;-256.755;-256.269;-256.708;-256.888;-256.935;-255.98;10:54:32
5263;29.9698;29.7703;-256.755;-256.262;-256.715;-256.895;-256.942;-255.98;10:54:32
5264;29.9777;29.7781;-256.758;-256.269;-256.715;-256.888;-256.935;-255.98;10:54:33
5265;29.9777;29.7703;-256.755;-256.262;-256.715;-256.895;-256.942;-255.972;10:54:33
5266;29.9777;29.7625;-256.755;-256.269;-256.715;-256.888;-256.942;-255.98;10:54:34
5267;29.9777;29.7703;-256.758;-256.262;-256.708;-256.888;-256.935;-255.98;10:54:34
5268;29.9855;29.7703;-256.755;-256.262;-256.715;-256.895;-256.942;-255.972;10:54:35
5269;29.9855;29.7703;-256.755;-256.262;-256.715;-256.888;-256.942;-255.972;10:54:35
5270;29.9777;29.7703;-256.751;-256.262;-256.708;-256.895;-256.942;-255.98;10:54:36
5271;29.9855;29.7781;-256.755;-256.262;-256.715;-256.895;-256.942;-255.988;10:54:36
5272;29.9777;29.7781;-256.755;-256.262;-256.708;-256.888;-256.942;-255.98;10:54:37
5273;29.9777;29.7703;-256.747;-256.254;-256.708;-256.888;-256.942;-255.98;10:54:37
5274;29.9777;29.7625;-256.751;-256.262;-256.715;-256.895;-256.95;-255.972;10:54:37
5275;29.9855;29.7781;-256.755;-256.269;-256.708;-256.895;-256.958;-255.98;10:54:38
5276;29.9777;29.7703;-256.755;-256.262;-256.708;-256.903;-256.95;-255.98;10:54:39
5277;29.9698;29.7781;-256.751;-256.262;-256.708;-256.888;-256.95;-255.98;10:54:39
5278;29.9777;29.7625;-256.755;-256.262;-256.7;-256.888;-256.942;-255.98;10:54:40
5279;29.9777;29.7781;-256.751;-256.254;-256.715;-256.888;-256.942;-255.988;10:54:40
5280;29.9777;29.7625;-256.751;-256.262;-256.708;-256.895;-256.942;-255.98;10:54:41
5281;29.9777;29.7781;-256.751;-256.262;-256.708;-256.888;-256.942;-255.98;10:54:41
5282;29.9777;29.7625;-256.751;-256.262;-256.708;-256.895;-256.95;-255.98;10:54:42
5283;29.9777;29.7781;-256.755;-256.262;-256.708;-256.895;-256.942;-255.98;10:54:42
5284;29.9777;29.7703;-256.755;-256.254;-256.708;-256.895;-256.942;-255.98;10:54:43
5285;29.9777;29.7781;-256.755;-256.262;-256.708;-256.895;-256.942;-255.972;10:54:43
5286;29.9698;29.7703;-256.755;-256.254;-256.708;-256.895;-256.942;-255.98;10:54:44
5287;29.9777;29.7703;-256.755;-256.262;-256.7;-256.895;-256.935;-255.972;10:54:44
5288;29.9698;29.7625;-256.758;-256.254;-256.708;-256.895;-256.935;-255.972;10:54:45
5289;29.9855;29.7625;-256.755;-256.262;-256.708;-256.895;-256.942;-255.972;10:54:45
5290;29.9698;29.7625;-256.755;-256.254;-256.7;-256.895;-256.942;-255.98;10:54:46
5291;29.9777;29.7703;-256.755;-256.262;-256.708;-256.895;-256.942;-255.972;10:54:46
5292;29.9698;29.7703;-256.758;-256.254;-256.708;-256.895;-256.942;-255.972;10:54:47
5293;29.9698;29.7781;-256.751;-256.258;-256.7;-256.895;-256.942;-255.972;10:54:47
5294;29.962;29.7625;-256.747;-256.254;-256.708;-256.895;-256.935;-255.98;10:54:48
5295;29.9698;29.7703;-256.751;-256.262;-256.708;-256.895;-256.942;-255.988;10:54:48
5296;29.9698;29.7703;-256.755;-256.254;-256.708;-256.895;-256.942;-255.972;10:54:49
5297;29.9698;29.7703;-256.755;-256.262;-256.708;-256.888;-256.935;-255.972;10:54:49
5298;29.9698;29.7703;-256.751;-256.254;-256.7;-256.895;-256.95;-255.972;10:54:50
5299;29.9777;29.7625;-256.751;-256.262;-256.708;-256.895;-256.942;-255.98;10:54:50
5300;29.9855;29.7703;-256.755;-256.262;-256.7;-256.895;-256.942;-255.98;10:54:51
5301;29.9777;29.7625;-256.755;-256.254;-256.708;-256.895;-256.942;-255.972;10:54:51
5302;29.9698;29.7625;-256.755;-256.262;-256.7;-256.895;-256.942;-255.972;10:54:52
5303;29.9855;29.7625;-256.755;-256.254;-256.7;-256.895;-256.942;-255.98;10:54:52
5304;29.9777;29.7703;-256.755;-256.262;-256.708;-256.903;-256.935;-255.98;10:54:53
5305;29.9698;29.7703;-256.755;-256.269;-256.7;-256.895;-256.95;-255.98;10:54:53
5306;29.9777;29.7703;-256.755;-256.262;-256.7;-256.895;-256.942;-255.98;10:54:54
5307;29.9777;29.7703;-256.755;-256.262;-256.7;-256.903;-256.942;-255.98;10:54:54
5308;29.9777;29.7703;-256.751;-256.262;-256.7;-256.895;-256.935;-255.98;10:54:55
5309;29.9777;29.7703;-256.755;-256.269;-256.692;-256.895;-256.95;-255.98;10:54:55
5310;29.9777;29.7703;-256.755;-256.262;-256.708;-256.895;-256.95;-255.972;10:54:56
5311;29.9777;29.7703;-256.755;-256.254;-256.7;-256.895;-256.942;-255.98;10:54:56
5312;29.9698;29.7703;-256.755;-256.262;-256.708;-256.895;-256.95;-255.98;10:54:57
5313;29.9777;29.7703;-256.758;-256.262;-256.692;-256.895;-256.942;-255.98;10:54:57
5314;29.9698;29.7625;-256.755;-256.254;-256.7;-256.888;-256.95;-255.972;10:54:58
5315;29.9698;29.7781;-256.758;-256.262;-256.708;-256.895;-256.935;-255.988;10:54:58
5316;29.9777;29.7625;-256.751;-256.262;-256.7;-256.895;-256.942;-255.98;10:54:59
5317;29.9698;29.7703;-256.755;-256.262;-256.7;-256.895;-256.95;-255.98;10:54:59
5318;29.9698;29.7703;-256.755;-256.262;-256.708;-256.895;-256.95;-255.98;10:55:00
5319;29.962;29.7703;-256.751;-256.262;-256.7;-256.888;-256.95;-255.98;10:55:00
5320;29.962;29.7703;-256.755;-256.262;-256.708;-256.895;-256.942;-255.988;10:55:01
5321;29.9698;29.7703;-256.755;-256.269;-256.7;-256.895;-256.95;-255.98;10:55:01
5322;29.962;29.7781;-256.751;-256.262;-256.708;-256.895;-256.95;-255.98;10:55:02
5323;29.9698;29.7625;-256.755;-256.262;-256.708;-256.888;-256.942;-255.98;10:55:02
5324;29.962;29.7703;-256.755;-256.269;-256.692;-256.895;-256.95;-255.98;10:55:03
5325;29.9777;29.7703;-256.755;-256.262;-256.708;-256.895;-256.942;-255.98;10:55:03
5326;29.9777;29.7703;-256.755;-256.262;-256.7;-256.888;-256.942;-255.98;10:55:04
5327;29.9777;29.7781;-256.755;-256.269;-256.7;-256.895;-256.942;-255.98;10:55:04
5328;29.9777;29.7703;-256.751;-256.262;-256.7;-256.895;-256.935;-255.98;10:55:05
5329;29.9698;29.7703;-256.747;-256.262;-256.7;-256.895;-256.95;-255.98;10:55:05
5330;29.962;29.7703;-256.751;-256.262;-256.7;-256.895;-256.942;-255.98;10:55:06
5331;29.9698;29.7703;-256.751;-256.269;-256.7;-256.895;-256.942;-255.988;10:55:06
5332;29.9698;29.7703;-256.755;-256.262;-256.7;-256.895;-256.942;-255.98;10:55:07
5333;29.9698;29.7625;-256.751;-256.262;-256.708;-256.895;-256.935;-255.98;10:55:07
5334;29.9698;29.7703;-256.755;-256.262;-256.7;-256.888;-256.942;-255.98;10:55:08
5335;29.9777;29.7703;-256.755;-256.254;-256.708;-256.895;-256.935;-255.98;10:55:08
5336;29.9698;29.7625;-256.755;-256.269;-256.7;-256.895;-256.935;-255.988;10:55:09
5337;29.9698;29.7703;-256.751;-256.262;-256.708;-256.895;-256.942;-255.98;10:55:09
5338;29.962;29.7625;-256.751;-256.262;-256.708;-256.888;-256.95;-255.972;10:55:10
5339;29.9698;29.7703;-256.751;-256.262;-256.7;-256.895;-256.935;-255.988;10:55:10
5340;29.962;29.7625;-256.747;-256.254;-256.708;-256.895;-256.927;-255.988;10:55:11
5341;29.962;29.7625;-256.751;-256.262;-256.7;-256.888;-256.942;-255.98;10:55:11
5342;29.9698;29.7625;-256.751;-256.262;-256.708;-256.895;-256.942;-255.98;10:55:12
5343;29.9698;29.7625;-256.755;-256.254;-256.7;-256.895;-256.942;-255.988;10:55:12
5344;29.9698;29.7625;-256.755;-256.262;-256.708;-256.895;-256.935;-255.988;10:55:13
5345;29.9698;29.7625;-256.758;-256.262;-256.708;-256.888;-256.942;-255.98;10:55:13
5346;29.9698;29.7625;-256.755;-256.254;-256.708;-256.895;-256.95;-255.988;10:55:14
5347;29.9698;29.7703;-256.751;-256.262;-256.708;-256.895;-256.942;-255.98;10:55:14
5348;29.962;29.7781;-256.758;-256.269;-256.708;-256.895;-256.942;-255.988;10:55:15
5349;29.9698;29.7625;-256.755;-256.262;-256.708;-256.888;-256.95;-255.988;10:55:15
5350;29.962;29.7703;-256.755;-256.254;-256.708;-256.888;-256.935;-255.988;10:55:16
5351;29.9698;29.7703;-256.755;-256.262;-256.715;-256.888;-256.95;-255.98;10:55:16
5352;29.9698;29.7703;-256.751;-256.262;-256.708;-256.895;-256.935;-255.988;10:55:16
5353;29.962;29.7781;-256.747;-256.262;-256.708;-256.888;-256.942;-255.988;10:55:17
5354;29.9698;29.7703;-256.747;-256.254;-256.708;-256.888;-256.95;-255.98;10:55:17
5355;29.962;29.7703;-256.747;-256.262;-256.7;-256.895;-256.942;-255.988;10:55:18
5356;29.962;29.7625;-256.747;-256.262;-256.708;-256.895;-256.95;-255.988;10:55:19
5357;29.9698;29.7703;-256.743;-256.269;-256.708;-256.895;-256.935;-255.98;10:55:19
5358;29.962;29.7703;-256.743;-256.262;-256.708;-256.895;-256.942;-255.988;10:55:20
5359;29.962;29.7703;-256.743;-256.262;-256.708;-256.895;-256.942;-255.988;10:55:20
5360;29.962;29.7781;-256.747;-256.269;-256.715;-256.903;-256.942;-255.988;10:55:21
5361;29.962;29.7703;-256.743;-256.262;-256.708;-256.895;-256.95;-255.996;10:55:21
5362;29.962;29.7703;-256.743;-256.262;-256.7;-256.895;-256.942;-255.98;10:55:22
5363;29.962;29.7703;-256.747;-256.262;-256.708;-256.895;-256.942;-255.996;10:55:22
5364;29.962;29.7703;-256.743;-256.269;-256.708;-256.895;-256.942;-255.988;10:55:22
5365;29.962;29.7703;-256.743;-256.262;-256.708;-256.895;-256.95;-255.988;10:55:23
5366;29.962;29.7625;-256.747;-256.269;-256.708;-256.895;-256.942;-255.988;10:55:23
5367;29.9698;29.7703;-256.747;-256.269;-256.708;-256.903;-256.942;-255.996;10:55:24
5368;29.962;29.7703;-256.747;-256.262;-256.708;-256.903;-256.942;-255.98;10:55:25
5369;29.9698;29.7703;-256.747;-256.269;-256.708;-256.895;-256.942;-255.988;10:55:25
5370;29.962;29.7703;-256.747;-256.262;-256.708;-256.895;-256.942;-255.988;10:55:26
5371;29.9698;29.7703;-256.747;-256.262;-256.708;-256.903;-256.942;-255.988;10:55:26
5372;29.9698;29.7703;-256.747;-256.269;-256.708;-256.895;-256.935;-255.988;10:55:27
5373;29.9698;29.7703;-256.743;-256.262;-256.708;-256.895;-256.942;-255.98;10:55:27
5374;29.9698;29.7703;-256.743;-256.262;-256.708;-256.888;-256.95;-255.988;10:55:28
5375;29.9698;29.7703;-256.735;-256.269;-256.708;-256.895;-256.935;-255.98;10:55:28
5376;29.9698;29.7703;-256.743;-256.269;-256.708;-256.895;-256.942;-255.988;10:55:29
5377;29.9698;29.7781;-256.747;-256.262;-256.715;-256.895;-256.942;-255.98;10:55:29
5378;29.9698;29.7703;-256.743;-256.269;-256.708;-256.895;-256.942;-255.98;10:55:30
5379;29.9777;29.7781;-256.743;-256.269;-256.708;-256.895;-256.935;-255.98;10:55:30
5380;29.9698;29.7781;-256.747;-256.262;-256.708;-256.895;-256.935;-255.988;10:55:31
5381;29.9777;29.7781;-256.747;-256.262;-256.708;-256.895;-256.935;-255.98;10:55:31
5382;29.9777;29.7781;-256.747;-256.262;-256.708;-256.888;-256.942;-255.98;10:55:32
5383;29.9698;29.7781;-256.751;-256.269;-256.708;-256.895;-256.935;-255.988;10:55:32
5384;29.9855;29.7781;-256.747;-256.269;-256.715;-256.895;-256.942;-255.988;10:55:33
5385;29.9777;29.7859;-256.747;-256.262;-256.708;-256.895;-256.95;-255.988;10:55:33
5386;29.9855;29.7781;-256.747;-256.269;-256.708;-256.895;-256.942;-255.98;10:55:34
5387;29.9777;29.7781;-256.747;-256.262;-256.7;-256.895;-256.942;-255.988;10:55:34
5388;29.9855;29.7703;-256.747;-256.269;-256.7;-256.895;-256.935;-255.988;10:55:35
5389;29.9855;29.7781;-256.747;-256.262;-256.708;-256.895;-256.95;-255.98;10:55:35
5390;29.9777;29.7781;-256.751;-256.269;-256.708;-256.895;-256.942;-255.98;10:55:35
5391;29.9777;29.7781;-256.751;-256.262;-256.7;-256.895;-256.942;-255.988;10:55:36
5392;29.9855;29.7781;-256.747;-256.269;-256.708;-256.903;-256.942;-255.98;10:55:37
5393;29.9777;29.7781;-256.747;-256.269;-256.7;-256.895;-256.942;-255.98;10:55:37
5394;29.9777;29.7781;-256.751;-256.269;-256.708;-256.895;-256.942;-255.988;10:55:38
5395;29.9855;29.7703;-256.751;-256.262;-256.7;-256.895;-256.942;-255.98;10:55:38
5396;29.9777;29.7703;-256.747;-256.269;-256.708;-256.895;-256.942;-255.988;10:55:39
5397;29.9855;29.7703;-256.747;-256.262;-256.7;-256.895;-256.942;-255.98;10:55:39
5398;29.9777;29.7781;-256.747;-256.262;-256.708;-256.895;-256.942;-255.98;10:55:40
5399;29.9855;29.7781;-256.747;-256.262;-256.7;-256.895;-256.942;-255.988;10:55:40
5400;29.9855;29.7781;-256.743;-256.269;-256.708;-256.895;-256.942;-255.988;10:55:41
5401;29.9855;29.7781;-256.747;-256.262;-256.708;-256.895;-256.95;-255.988;10:55:41
5402;29.9777;29.7703;-256.747;-256.262;-256.708;-256.895;-256.95;-255.988;10:55:41
5403;29.9777;29.7781;-256.747;-256.269;-256.7;-256.888;-256.95;-255.988;10:55:42
5404;29.9855;29.7625;-256.747;-256.269;-256.7;-256.903;-256.95;-255.988;10:55:42
5405;29.9777;29.7625;-256.751;-256.262;-256.708;-256.888;-256.942;-255.98;10:55:43
5406;29.9777;29.7703;-256.747;-256.269;-256.7;-256.895;-256.942;-255.988;10:55:44
5407;29.9855;29.7703;-256.747;-256.262;-256.708;-256.895;-256.95;-255.988;10:55:44
5408;29.9698;29.7703;-256.751;-256.262;-256.7;-256.895;-256.942;-255.988;10:55:45
5409;29.9698;29.7625;-256.747;-256.262;-256.708;-256.895;-256.942;-255.988;10:55:45
5410;29.9698;29.7625;-256.747;-256.262;-256.708;-256.895;-256.942;-255.98;10:55:46
5411;29.962;29.7625;-256.747;-256.262;-256.7;-256.888;-256.942;-255.98;10:55:46
5412;29.9698;29.7703;-256.751;-256.254;-256.708;-256.888;-256.942;-255.988;10:55:47
5413;29.962;29.7625;-256.751;-256.262;-256.7;-256.895;-256.95;-255.98;10:55:47
5414;29.9698;29.7703;-256.751;-256.254;-256.708;-256.895;-256.95;-255.988;10:55:47
5415;29.9698;29.7703;-256.743;-256.254;-256.708;-256.895;-256.942;-255.988;10:55:48
5416;29.9698;29.7625;-256.747;-256.262;-256.7;-256.895;-256.935;-255.988;10:55:49
5417;29.9698;29.7546;-256.747;-256.254;-256.708;-256.888;-256.942;-255.988;10:55:49
5418;29.9777;29.7703;-256.751;-256.262;-256.7;-256.895;-256.95;-255.98;10:55:50
5419;29.9698;29.7625;-256.747;-256.262;-256.708;-256.888;-256.942;-255.988;10:55:50
5420;29.9777;29.7625;-256.751;-256.262;-256.7;-256.895;-256.942;-255.988;10:55:51
5421;29.9777;29.7625;-256.751;-256.262;-256.7;-256.888;-256.942;-255.988;10:55:51
5422;29.9777;29.7703;-256.747;-256.254;-256.708;-256.895;-256.942;-255.988;10:55:52
5423;29.9777;29.7625;-256.747;-256.262;-256.708;-256.895;-256.95;-255.988;10:55:52
5424;29.9777;29.7703;-256.751;-256.254;-256.708;-256.903;-256.935;-255.996;10:55:53
5425;29.9777;29.7703;-256.747;-256.262;-256.708;-256.895;-256.942;-255.996;10:55:53
5426;29.9855;29.7781;-256.743;-256.262;-256.7;-256.895;-256.942;-255.988;10:55:54
5427;29.9855;29.7703;-256.747;-256.254;-256.7;-256.888;-256.942;-255.988;10:55:54
5428;29.9777;29.7703;-256.743;-256.262;-256.708;-256.895;-256.942;-255.988;10:55:54
5429;29.9777;29.7703;-256.751;-256.254;-256.708;-256.895;-256.935;-255.996;10:55:55
5430;29.9777;29.7625;-256.747;-256.254;-256.7;-256.895;-256.95;-255.98;10:55:56
5431;29.9777;29.7546;-256.747;-256.262;-256.708;-256.895;-256.942;-255.988;10:55:56
5432;29.9855;29.7625;-256.747;-256.254;-256.7;-256.895;-256.942;-255.988;10:55:57
5433;29.9777;29.7625;-256.747;-256.262;-256.7;-256.895;-256.95;-255.988;10:55:57
5434;29.9698;29.7703;-256.735;-256.262;-256.708;-256.895;-256.942;-255.996;10:55:57
5435;29.9698;29.7625;-256.747;-256.262;-256.7;-256.895;-256.942;-255.988;10:55:58
5436;29.9777;29.7703;-256.747;-256.262;-256.7;-256.895;-256.935;-255.988;10:55:59
5437;29.9698;29.7546;-256.747;-256.262;-256.708;-256.895;-256.935;-255.988;10:55:59
5438;29.9698;29.7625;-256.747;-256.262;-256.708;-256.888;-256.942;-255.988;10:56:00
5439;29.9777;29.7625;-256.739;-256.269;-256.692;-256.903;-256.935;-255.988;10:56:00
5440;29.9777;29.7546;-256.747;-256.262;-256.7;-256.888;-256.935;-255.996;10:56:01
5441;29.9777;29.7625;-256.747;-256.262;-256.7;-256.895;-256.935;-255.988;10:56:01
5442;29.9777;29.7625;-256.747;-256.262;-256.7;-256.888;-256.942;-255.996;10:56:02
5443;29.9855;29.7625;-256.747;-256.262;-256.708;-256.888;-256.935;-255.988;10:56:02
5444;29.9777;29.7625;-256.747;-256.262;-256.7;-256.888;-256.935;-255.996;10:56:03
5445;29.9777;29.7625;-256.747;-256.269;-256.708;-256.888;-256.935;-255.988;10:56:03
5446;29.9777;29.7625;-256.747;-256.262;-256.7;-256.88;-256.942;-255.988;10:56:04
5447;29.9777;29.7625;-256.743;-256.262;-256.708;-256.888;-256.935;-255.996;10:56:04
5448;29.9698;29.7546;-256.747;-256.262;-256.708;-256.888;-256.942;-255.988;10:56:05
5449;29.9698;29.7625;-256.747;-256.262;-256.708;-256.888;-256.942;-255.988;10:56:05
5450;29.9777;29.7703;-256.735;-256.262;-256.7;-256.888;-256.95;-255.988;10:56:06
5451;29.962;29.7703;-256.747;-256.262;-256.715;-256.888;-256.935;-255.988;10:56:06
5452;29.9698;29.7625;-256.747;-256.262;-256.708;-256.888;-256.942;-255.988;10:56:07
5453;29.962;29.7703;-256.747;-256.262;-256.708;-256.895;-256.935;-255.98;10:56:07
5454;29.962;29.7703;-256.743;-256.262;-256.715;-256.888;-256.942;-255.988;10:56:08
5455;29.962;29.7625;-256.743;-256.269;-256.708;-256.888;-256.935;-255.988;10:56:08
5456;29.9698;29.7625;-256.751;-256.262;-256.715;-256.895;-256.935;-255.988;10:56:09
5457;29.9698;29.7703;-256.747;-256.277;-256.708;-256.895;-256.927;-255.988;10:56:09
5458;29.9698;29.7703;-256.747;-256.269;-256.715;-256.888;-256.935;-255.988;10:56:09
5459;29.9698;29.7703;-256.747;-256.269;-256.715;-256.895;-256.935;-255.988;10:56:10
5460;29.9698;29.7703;-256.747;-256.269;-256.715;-256.895;-256.935;-255.988;10:56:10
5461;29.9698;29.7703;-256.747;-256.269;-256.708;-256.888;-256.935;-255.988;10:56:11
5462;29.9777;29.7703;-256.747;-256.269;-256.715;-256.895;-256.935;-255.988;10:56:12
5463;29.9698;29.7625;-256.747;-256.269;-256.708;-256.895;-256.95;-255.988;10:56:12
5464;29.9698;29.7703;-256.743;-256.269;-256.715;-256.895;-256.942;-255.988;10:56:13
5465;29.9698;29.7703;-256.747;-256.277;-256.708;-256.895;-256.935;-255.988;10:56:13
5466;29.9777;29.7703;-256.747;-256.262;-256.708;-256.895;-256.942;-255.988;10:56:13
5467;29.962;29.7781;-256.747;-256.269;-256.708;-256.888;-256.935;-255.988;10:56:14
5468;29.9777;29.7703;-256.743;-256.262;-256.708;-256.895;-256.935;-255.988;10:56:15
5469;29.9698;29.7703;-256.743;-256.262;-256.715;-256.888;-256.927;-255.988;10:56:15
5470;29.9698;29.7703;-256.743;-256.269;-256.715;-256.895;-256.935;-255.988;10:56:16
5471;29.962;29.7703;-256.747;-256.262;-256.708;-256.888;-256.942;-255.98;10:56:16
5472;29.9698;29.7703;-256.743;-256.269;-256.715;-256.888;-256.942;-255.988;10:56:17
5473;29.9698;29.7703;-256.747;-256.262;-256.715;-256.895;-256.942;-255.98;10:56:17
5474;29.9698;29.7703;-256.747;-256.269;-256.708;-256.888;-256.95;-255.988;10:56:18
5475;29.9777;29.7625;-256.747;-256.262;-256.708;-256.888;-256.958;-255.98;10:56:18
5476;29.9777;29.7781;-256.747;-256.262;-256.708;-256.895;-256.95;-255.98;10:56:19
5477;29.9698;29.7703;-256.743;-256.262;-256.708;-256.888;-256.95;-255.98;10:56:19
5478;29.9777;29.7781;-256.747;-256.269;-256.715;-256.895;-256.95;-255.98;10:56:20
5479;29.9777;29.7703;-256.747;-256.269;-256.708;-256.888;-256.942;-255.98;10:56:20
5480;29.9777;29.7703;-256.743;-256.269;-256.708;-256.895;-256.942;-255.98;10:56:20
5481;29.9777;29.7625;-256.747;-256.269;-256.708;-256.888;-256.95;-255.98;10:56:21
5482;29.9777;29.7781;-256.747;-256.262;-256.708;-256.895;-256.958;-255.98;10:56:21
5483;29.9777;29.7703;-256.747;-256.262;-256.708;-256.895;-256.95;-255.988;10:56:22
5484;29.9698;29.7703;-256.743;-256.262;-256.715;-256.895;-256.942;-255.98;10:56:23
5485;29.9777;29.7781;-256.747;-256.269;-256.708;-256.895;-256.95;-255.988;10:56:23
5486;29.9698;29.7625;-256.747;-256.262;-256.715;-256.888;-256.942;-255.98;10:56:23
5487;29.9698;29.7703;-256.743;-256.269;-256.708;-256.895;-256.95;-255.98;10:56:24
5488;29.9698;29.7703;-256.747;-256.262;-256.715;-256.888;-256.95;-255.988;10:56:25
5489;29.9698;29.7781;-256.747;-256.269;-256.708;-256.895;-256.958;-255.98;10:56:25
5490;29.9777;29.7703;-256.747;-256.269;-256.708;-256.888;-256.95;-255.988;10:56:26
5491;29.9698;29.7703;-256.747;-256.269;-256.708;-256.888;-256.95;-255.98;10:56:26
5492;29.962;29.7781;-256.751;-256.262;-256.708;-256.895;-256.95;-255.988;10:56:27
5493;29.9698;29.7781;-256.755;-256.262;-256.708;-256.895;-256.95;-255.98;10:56:27
5494;29.9698;29.7781;-256.755;-256.269;-256.715;-256.895;-256.95;-255.988;10:56:27
5495;29.9698;29.7703;-256.755;-256.262;-256.715;-256.888;-256.95;-255.988;10:56:28
5496;29.9698;29.7703;-256.751;-256.269;-256.708;-256.895;-256.95;-255.98;10:56:28
5497;29.962;29.7781;-256.755;-256.269;-256.708;-256.895;-256.942;-255.98;10:56:29
5498;29.9698;29.7781;-256.751;-256.269;-256.708;-256.888;-256.95;-255.988;10:56:30
5499;29.9698;29.7781;-256.751;-256.262;-256.708;-256.895;-256.958;-255.98;10:56:30
5500;29.9698;29.7781;-256.755;-256.269;-256.7;-256.895;-256.942;-255.988;10:56:31
5501;29.9777;29.7703;-256.751;-256.269;-256.708;-256.895;-256.958;-255.98;10:56:31
5502;29.9698;29.7703;-256.751;-256.269;-256.708;-256.895;-256.95;-255.98;10:56:32
5503;29.9698;29.7703;-256.755;-256.269;-256.715;-256.895;-256.958;-255.988;10:56:32
5504;29.9698;29.7703;-256.755;-256.262;-256.708;-256.888;-256.95;-255.988;10:56:33
5505;29.9777;29.7781;-256.755;-256.269;-256.715;-256.888;-256.95;-255.988;10:56:33
5506;29.962;29.7625;-256.751;-256.262;-256.715;-256.888;-256.942;-255.988;10:56:33
5507;29.9698;29.7781;-256.751;-256.269;-256.708;-256.888;-256.95;-255.988;10:56:34
5508;29.9777;29.7703;-256.755;-256.269;-256.708;-256.895;-256.942;-255.988;10:56:35
5509;29.9698;29.7703;-256.751;-256.269;-256.708;-256.888;-256.95;-255.988;10:56:35
5510;29.9698;29.7781;-256.755;-256.269;-256.7;-256.895;-256.95;-255.988;10:56:35
5511;29.9777;29.7703;-256.751;-256.269;-256.708;-256.888;-256.95;-255.988;10:56:36
5512;29.9698;29.7703;-256.755;-256.269;-256.708;-256.895;-256.95;-255.988;10:56:37
5513;29.9698;29.7703;-256.755;-256.269;-256.708;-256.895;-256.95;-255.98;10:56:37
5514;29.9698;29.7703;-256.755;-256.269;-256.7;-256.888;-256.95;-255.988;10:56:38
5515;29.9698;29.7781;-256.751;-256.269;-256.708;-256.895;-256.95;-255.98;10:56:38
5516;29.962;29.7781;-256.755;-256.269;-256.708;-256.888;-256.942;-255.988;10:56:39
5517;29.9698;29.7703;-256.755;-256.262;-256.7;-256.895;-256.935;-255.988;10:56:39
5518;29.9698;29.7781;-256.755;-256.262;-256.708;-256.888;-256.935;-255.988;10:56:39
5519;29.9698;29.7781;-256.755;-256.269;-256.7;-256.888;-256.942;-255.988;10:56:40
5520;29.9777;29.7781;-256.755;-256.262;-256.708;-256.895;-256.942;-255.988;10:56:40
5521;29.9698;29.7781;-256.755;-256.269;-256.708;-256.895;-256.942;-255.988;10:56:41
5522;29.9698;29.7703;-256.755;-256.262;-256.7;-256.888;-256.95;-255.996;10:56:41
5523;29.9698;29.7781;-256.755;-256.262;-256.708;-256.895;-256.942;-255.988;10:56:42
5524;29.9698;29.7781;-256.755;-256.254;-256.7;-256.895;-256.942;-255.988;10:56:42
5525;29.9777;29.7859;-256.758;-256.254;-256.708;-256.888;-256.942;-255.988;10:56:43
5526;29.9698;29.7703;-256.755;-256.262;-256.708;-256.895;-256.95;-255.988;10:56:44
5527;29.9698;29.7781;-256.755;-256.262;-256.7;-256.888;-256.942;-255.988;10:56:44
5528;29.9698;29.7781;-256.755;-256.269;-256.715;-256.895;-256.942;-255.98;10:56:45
5529;29.9698;29.7703;-256.751;-256.262;-256.708;-256.888;-256.95;-255.996;10:56:45
5530;29.9698;29.7703;-256.747;-256.262;-256.708;-256.895;-256.958;-255.988;10:56:46
5531;29.9698;29.7781;-256.751;-256.262;-256.708;-256.888;-256.95;-255.98;10:56:46
5532;29.9777;29.7781;-256.747;-256.269;-256.708;-256.895;-256.95;-255.988;10:56:46
5533;29.9777;29.7781;-256.751;-256.269;-256.715;-256.888;-256.942;-255.988;10:56:47
5534;29.9777;29.7703;-256.755;-256.262;-256.7;-256.895;-256.95;-255.996;10:56:47
5535;29.9777;29.7703;-256.751;-256.269;-256.708;-256.888;-256.942;-255.988;10:56:48
5536;29.9777;29.7703;-256.755;-256.262;-256.708;-256.888;-256.942;-255.988;10:56:49
5537;29.9777;29.7781;-256.747;-256.269;-256.708;-256.888;-256.95;-255.996;10:56:49
5538;29.9777;29.7703;-256.751;-256.269;-256.7;-256.895;-256.942;-255.988;10:56:50
5539;29.9777;29.7781;-256.743;-256.262;-256.708;-256.888;-256.95;-255.988;10:56:50
5540;29.9777;29.7703;-256.747;-256.269;-256.715;-256.895;-256.942;-255.988;10:56:51
5541;29.9777;29.7781;-256.747;-256.269;-256.708;-256.895;-256.942;-255.996;10:56:51
5542;29.9777;29.7703;-256.747;-256.262;-256.708;-256.888;-256.935;-255.98;10:56:51
5543;29.9698;29.7781;-256.747;-256.269;-256.7;-256.895;-256.942;-255.988;10:56:52
5544;29.9777;29.7859;-256.751;-256.269;-256.708;-256.888;-256.95;-255.988;10:56:52
5545;29.9698;29.7859;-256.747;-256.262;-256.708;-256.888;-256.942;-255.988;10:56:53
5546;29.962;29.7781;-256.751;-256.262;-256.7;-256.895;-256.95;-255.988;10:56:53
5547;29.9698;29.7703;-256.751;-256.269;-256.715;-256.895;-256.942;-255.988;10:56:54
5548;29.9698;29.7781;-256.747;-256.269;-256.708;-256.895;-256.942;-255.988;10:56:54
5549;29.9777;29.7781;-256.751;-256.262;-256.708;-256.888;-256.935;-255.988;10:56:55
5550;29.9698;29.7859;-256.751;-256.269;-256.708;-256.895;-256.942;-255.988;10:56:56
5551;29.9777;29.7703;-256.751;-256.262;-256.708;-256.888;-256.942;-255.98;10:56:56
5552;29.9698;29.7859;-256.747;-256.269;-256.7;-256.888;-256.942;-255.988;10:56:57
5553;29.9698;29.7703;-256.751;-256.262;-256.708;-256.895;-256.942;-255.988;10:56:57
5554;29.9698;29.7781;-256.747;-256.262;-256.7;-256.888;-256.95;-255.988;10:56:58
5555;29.9777;29.7781;-256.743;-256.262;-256.708;-256.895;-256.942;-255.988;10:56:58
5556;29.9698;29.7781;-256.747;-256.254;-256.708;-256.895;-256.942;-255.996;10:56:58
5557;29.962;29.7859;-256.751;-256.262;-256.708;-256.895;-256.942;-255.988;10:56:59
5558;29.9698;29.7781;-256.747;-256.254;-256.7;-256.895;-256.942;-255.988;10:56:59
5559;29.9698;29.7781;-256.751;-256.269;-256.708;-256.888;-256.95;-255.988;10:57:00
5560;29.9698;29.7859;-256.747;-256.262;-256.708;-256.895;-256.942;-255.988;10:57:00
5561;29.9698;29.7859;-256.747;-256.262;-256.708;-256.888;-256.935;-255.988;10:57:01
5562;29.9698;29.7859;-256.751;-256.262;-256.715;-256.888;-256.942;-255.988;10:57:01
5563;29.9698;29.7781;-256.755;-256.254;-256.7;-256.888;-256.95;-255.988;10:57:02
5564;29.9698;29.7859;-256.751;-256.262;-256.708;-256.895;-256.935;-255.996;10:57:02
5565;29.9698;29.7781;-256.755;-256.262;-256.708;-256.88;-256.935;-255.988;10:57:03
5566;29.962;29.7938;-256.751;-256.254;-256.708;-256.888;-256.942;-255.988;10:57:03
5567;29.9698;29.7781;-256.755;-256.262;-256.708;-256.888;-256.935;-255.988;10:57:04
5568;29.9698;29.7859;-256.755;-256.269;-256.708;-256.888;-256.935;-255.988;10:57:04
5569;29.9777;29.7859;-256.755;-256.269;-256.7;-256.888;-256.935;-255.988;10:57:05
5570;29.9698;29.7859;-256.751;-256.262;-256.715;-256.888;-256.95;-255.98;10:57:05
5571;29.9698;29.7859;-256.751;-256.262;-256.708;-256.888;-256.935;-255.988;10:57:06
5572;29.962;29.7781;-256.755;-256.269;-256.708;-256.895;-256.942;-255.988;10:57:06
5573;29.962;29.7859;-256.751;-256.262;-256.708;-256.888;-256.95;-255.988;10:57:07
5574;29.9698;29.7938;-256.751;-256.262;-256.715;-256.888;-256.95;-255.988;10:57:07
5575;29.9698;29.7859;-256.755;-256.262;-256.708;-256.895;-256.942;-255.988;10:57:08
5576;29.9698;29.7859;-256.751;-256.262;-256.708;-256.888;-256.942;-255.988;10:57:08
5577;29.9698;29.7938;-256.755;-256.262;-256.708;-256.888;-256.935;-255.988;10:57:09
5578;29.962;29.7859;-256.751;-256.262;-256.708;-256.895;-256.942;-255.98;10:57:09
5579;29.9698;29.7859;-256.751;-256.262;-256.715;-256.888;-256.95;-255.988;10:57:10
5580;29.962;29.7859;-256.751;-256.262;-256.708;-256.895;-256.942;-255.988;10:57:10
5581;29.9698;29.7859;-256.755;-256.262;-256.708;-256.903;-256.942;-255.988;10:57:11
5582;29.9698;29.7859;-256.747;-256.262;-256.708;-256.888;-256.942;-255.988;10:57:11
5583;29.9698;29.7781;-256.751;-256.262;-256.708;-256.895;-256.942;-255.98;10:57:12
5584;29.9698;29.7859;-256.751;-256.262;-256.715;-256.895;-256.935;-255.988;10:57:12
5585;29.9777;29.7859;-256.751;-256.254;-256.715;-256.895;-256.942;-255.988;10:57:13
5586;29.9698;29.7859;-256.747;-256.254;-256.708;-256.895;-256.95;-255.988;10:57:13
5587;29.9698;29.7859;-256.755;-256.262;-256.715;-256.895;-256.95;-255.98;10:57:14
5588;29.9698;29.7781;-256.751;-256.254;-256.715;-256.888;-256.935;-255.98;10:57:14
5589;29.9698;29.7859;-256.751;-256.262;-256.715;-256.895;-256.935;-255.996;10:57:15
5590;29.962;29.7781;-256.755;-256.262;-256.708;-256.888;-256.942;-255.988;10:57:15
5591;29.9698;29.7859;-256.755;-256.254;-256.715;-256.888;-256.942;-255.988;10:57:16
5592;29.962;29.7859;-256.751;-256.262;-256.715;-256.888;-256.942;-255.996;10:57:16
5593;29.9698;29.7703;-256.755;-256.254;-256.708;-256.888;-256.942;-255.988;10:57:17
5594;29.9698;29.7781;-256.758;-256.262;-256.715;-256.888;-256.95;-255.988;10:57:17
5595;29.962;29.7703;-256.751;-256.262;-256.715;-256.888;-256.942;-255.988;10:57:18
5596;29.9698;29.7781;-256.755;-256.254;-256.708;-256.895;-256.935;-255.996;10:57:18
5597;29.9698;29.7781;-256.758;-256.262;-256.708;-256.888;-256.935;-255.988;10:57:19
5598;29.962;29.7781;-256.755;-256.254;-256.715;-256.895;-256.95;-255.988;10:57:19
5599;29.9698;29.7781;-256.751;-256.262;-256.708;-256.888;-256.942;-255.988;10:57:20
5600;29.962;29.7703;-256.751;-256.262;-256.708;-256.895;-256.942;-255.996;10:57:20
5601;29.9698;29.7859;-256.751;-256.262;-256.715;-256.888;-256.942;-255.98;10:57:21
5602;29.9698;29.7781;-256.755;-256.262;-256.708;-256.888;-256.942;-255.988;10:57:21
5603;29.9698;29.7859;-256.755;-256.269;-256.708;-256.888;-256.95;-255.996;10:57:22
5604;29.962;29.7781;-256.751;-256.254;-256.708;-256.895;-256.95;-255.988;10:57:22
5605;29.962;29.7859;-256.751;-256.265;-256.708;-256.888;-256.942;-255.988;10:57:23
5606;29.962;29.7859;-256.751;-256.254;-256.708;-256.895;-256.95;-255.996;10:57:23
5607;29.962;29.7781;-256.747;-256.262;-256.708;-256.888;-256.95;-255.988;10:57:24
5608;29.962;29.7859;-256.751;-256.262;-256.708;-256.895;-256.942;-255.988;10:57:24
5609;29.962;29.7781;-256.755;-256.262;-256.708;-256.888;-256.95;-255.988;10:57:25
5610;29.962;29.7859;-256.755;-256.262;-256.708;-256.895;-256.942;-255.98;10:57:25
5611;29.962;29.7781;-256.755;-256.262;-256.7;-256.888;-256.95;-255.98;10:57:26
5612;29.962;29.7781;-256.751;-256.262;-256.7;-256.888;-256.942;-255.988;10:57:26
5613;29.962;29.7859;-256.755;-256.262;-256.708;-256.888;-256.935;-255.988;10:57:27
5614;29.962;29.7859;-256.751;-256.262;-256.708;-256.888;-256.95;-255.98;10:57:27
5615;29.9698;29.7859;-256.751;-256.254;-256.708;-256.888;-256.942;-255.988;10:57:28
5616;29.962;29.7859;-256.755;-256.262;-256.715;-256.88;-256.95;-255.98;10:57:28
5617;29.9698;29.7938;-256.751;-256.262;-256.708;-256.888;-256.942;-255.988;10:57:29
5618;29.962;29.7781;-256.755;-256.254;-256.708;-256.888;-256.942;-255.98;10:57:29
5619;29.962;29.7859;-256.751;-256.262;-256.708;-256.888;-256.942;-255.98;10:57:30
5620;29.9698;29.7781;-256.751;-256.262;-256.7;-256.888;-256.942;-255.98;10:57:30
5621;29.962;29.7781;-256.755;-256.254;-256.708;-256.888;-256.935;-255.988;10:57:31
5622;29.9698;29.7781;-256.751;-256.254;-256.7;-256.888;-256.942;-255.98;10:57:31
5623;29.962;29.7781;-256.751;-256.269;-256.708;-256.888;-256.942;-255.988;10:57:32
5624;29.9698;29.7859;-256.755;-256.262;-256.7;-256.895;-256.935;-255.988;10:57:32
5625;29.9698;29.7781;-256.751;-256.262;-256.7;-256.888;-256.935;-255.98;10:57:33
5626;29.962;29.7781;-256.755;-256.262;-256.7;-256.888;-256.942;-255.988;10:57:33
5627;29.962;29.7859;-256.751;-256.262;-256.7;-256.888;-256.935;-255.98;10:57:34
5628;29.9698;29.7859;-256.755;-256.262;-256.7;-256.888;-256.935;-255.988;10:57:34
5629;29.962;29.7859;-256.751;-256.269;-256.7;-256.888;-256.942;-255.98;10:57:35
5630;29.962;29.7859;-256.751;-256.262;-256.7;-256.888;-256.942;-255.988;10:57:35
5631;29.9542;29.7859;-256.751;-256.262;-256.692;-256.88;-256.935;-255.972;10:57:36
5632;29.962;29.7781;-256.751;-256.262;-256.7;-256.888;-256.942;-255.98;10:57:36
5633;29.962;29.7781;-256.755;-256.262;-256.7;-256.888;-256.935;-255.988;10:57:37
5634;29.962;29.7859;-256.755;-256.262;-256.708;-256.888;-256.95;-255.98;10:57:37
5635;29.962;29.7781;-256.751;-256.254;-256.7;-256.88;-256.95;-255.98;10:57:38
5636;29.962;29.7859;-256.751;-256.262;-256.708;-256.888;-256.942;-255.988;10:57:38
5637;29.962;29.7859;-256.751;-256.262;-256.708;-256.895;-256.942;-255.98;10:57:39
5638;29.962;29.7781;-256.751;-256.262;-256.715;-256.888;-256.942;-255.98;10:57:39
5639;29.9542;29.7781;-256.751;-256.269;-256.708;-256.888;-256.942;-255.988;10:57:40
5640;29.962;29.7781;-256.751;-256.262;-256.715;-256.895;-256.935;-255.98;10:57:40
5641;29.9542;29.7781;-256.751;-256.262;-256.708;-256.888;-256.95;-255.988;10:57:41
5642;29.9464;29.7703;-256.751;-256.262;-256.708;-256.895;-256.942;-255.98;10:57:41
5643;29.9542;29.7781;-256.755;-256.262;-256.708;-256.888;-256.95;-255.98;10:57:42
5644;29.9542;29.7781;-256.751;-256.262;-256.715;-256.895;-256.935;-255.98;10:57:42
5645;29.962;29.7859;-256.751;-256.262;-256.708;-256.895;-256.95;-255.98;10:57:43
5646;29.9542;29.7781;-256.751;-256.262;-256.708;-256.888;-256.942;-255.98;10:57:43
5647;29.962;29.7781;-256.751;-256.262;-256.708;-256.895;-256.942;-255.98;10:57:44
5648;29.962;29.7781;-256.747;-256.262;-256.708;-256.895;-256.942;-255.98;10:57:44
5649;29.9698;29.7781;-256.751;-256.254;-256.7;-256.895;-256.942;-255.988;10:57:45
5650;29.9698;29.7859;-256.755;-256.262;-256.708;-256.895;-256.942;-255.98;10:57:45
5651;29.9777;29.7781;-256.755;-256.262;-256.708;-256.888;-256.95;-255.98;10:57:46
5652;29.9777;29.7781;-256.751;-256.262;-256.708;-256.895;-256.942;-255.988;10:57:46
5653;29.9698;29.7781;-256.755;-256.254;-256.7;-256.903;-256.927;-255.988;10:57:47
5654;29.9698;29.7781;-256.751;-256.262;-256.708;-256.888;-256.942;-255.988;10:57:47
5655;29.9698;29.7781;-256.751;-256.254;-256.708;-256.895;-256.935;-255.98;10:57:48
5656;29.9698;29.7859;-256.755;-256.262;-256.708;-256.903;-256.935;-255.988;10:57:48
5657;29.962;29.7781;-256.755;-256.262;-256.7;-256.895;-256.935;-255.98;10:57:49
5658;29.9698;29.7859;-256.751;-256.262;-256.7;-256.895;-256.935;-255.988;10:57:49
5659;29.962;29.7781;-256.755;-256.269;-256.708;-256.888;-256.942;-255.988;10:57:50
5660;29.962;29.7781;-256.755;-256.262;-256.7;-256.903;-256.935;-255.988;10:57:50
5661;29.9698;29.7859;-256.755;-256.262;-256.7;-256.895;-256.935;-255.988;10:57:51
5662;29.962;29.7781;-256.755;-256.269;-256.7;-256.895;-256.935;-255.98;10:57:51
5663;29.962;29.7781;-256.751;-256.269;-256.708;-256.888;-256.942;-255.988;10:57:52
5664;29.9698;29.7781;-256.755;-256.269;-256.708;-256.895;-256.935;-255.98;10:57:52
5665;29.9698;29.7781;-256.755;-256.269;-256.7;-256.888;-256.935;-255.988;10:57:53
5666;29.9698;29.7859;-256.755;-256.269;-256.715;-256.895;-256.95;-255.988;10:57:53
5667;29.9698;29.7781;-256.755;-256.269;-256.708;-256.895;-256.942;-255.98;10:57:54
5668;29.9777;29.7781;-256.755;-256.269;-256.708;-256.895;-256.942;-255.988;10:57:54
5669;29.9855;29.7781;-256.755;-256.269;-256.708;-256.903;-256.942;-255.98;10:57:55
5670;29.9777;29.7859;-256.751;-256.269;-256.708;-256.895;-256.942;-255.988;10:57:55
5671;29.9777;29.7703;-256.751;-256.277;-256.708;-256.888;-256.942;-255.988;10:57:56
5672;29.9777;29.7781;-256.751;-256.269;-256.715;-256.895;-256.935;-255.98;10:57:56
5673;29.9855;29.7781;-256.751;-256.269;-256.708;-256.903;-256.942;-255.988;10:57:57
5674;29.9933;29.7703;-256.751;-256.262;-256.708;-256.895;-256.942;-255.98;10:57:57
5675;29.9855;29.7781;-256.747;-256.269;-256.7;-256.903;-256.942;-255.98;10:57:58
5676;29.9855;29.7781;-256.755;-256.269;-256.708;-256.895;-256.935;-255.988;10:57:58
5677;29.9855;29.7703;-256.751;-256.269;-256.715;-256.895;-256.935;-255.988;10:57:59
5678;29.9855;29.7781;-256.747;-256.269;-256.708;-256.903;-256.95;-255.98;10:57:59
5679;29.9855;29.7781;-256.751;-256.269;-256.708;-256.895;-256.935;-255.98;10:58:00
5680;29.9855;29.7703;-256.747;-256.269;-256.708;-256.895;-256.935;-255.988;10:58:00
5681;29.9855;29.7781;-256.751;-256.262;-256.708;-256.895;-256.935;-255.988;10:58:01
5682;29.9855;29.7703;-256.751;-256.269;-256.715;-256.895;-256.942;-255.98;10:58:01
5683;29.9855;29.7781;-256.751;-256.269;-256.715;-256.895;-256.942;-255.988;10:58:02
5684;29.9855;29.7859;-256.755;-256.262;-256.708;-256.895;-256.942;-255.98;10:58:02
5685;29.9777;29.7859;-256.755;-256.262;-256.715;-256.895;-256.942;-255.98;10:58:03
5686;29.9777;29.7781;-256.751;-256.269;-256.708;-256.888;-256.942;-255.988;10:58:03
5687;29.9777;29.7781;-256.751;-256.269;-256.708;-256.895;-256.95;-255.98;10:58:04
5688;29.9777;29.7859;-256.751;-256.262;-256.708;-256.888;-256.95;-255.98;10:58:04
5689;29.9777;29.7781;-256.751;-256.269;-256.715;-256.903;-256.95;-255.988;10:58:05
5690;29.9933;29.7938;-256.751;-256.269;-256.715;-256.895;-256.95;-255.988;10:58:05
5691;29.9855;29.7938;-256.751;-256.262;-256.715;-256.895;-256.95;-255.98;10:58:06
5692;29.9777;29.7938;-256.755;-256.269;-256.715;-256.895;-256.95;-255.98;10:58:06
5693;29.9777;29.7938;-256.755;-256.269;-256.715;-256.888;-256.942;-255.98;10:58:07
5694;29.9777;29.7859;-256.751;-256.262;-256.715;-256.895;-256.95;-255.98;10:58:07
5695;29.9855;29.7859;-256.751;-256.262;-256.715;-256.895;-256.95;-255.988;10:58:08
5696;29.9777;29.7859;-256.751;-256.269;-256.715;-256.895;-256.942;-255.988;10:58:08
5697;29.9855;29.7859;-256.751;-256.269;-256.715;-256.895;-256.942;-255.988;10:58:09
5698;29.9777;29.7859;-256.751;-256.262;-256.723;-256.895;-256.95;-255.98;10:58:09
5699;29.9855;29.7781;-256.758;-256.262;-256.715;-256.895;-256.95;-255.98;10:58:10
5700;29.9777;29.7859;-256.751;-256.269;-256.715;-256.888;-256.942;-255.988;10:58:10
5701;29.9855;29.7781;-256.755;-256.269;-256.715;-256.895;-256.935;-255.988;10:58:11
5702;29.9777;29.7781;-256.751;-256.262;-256.715;-256.895;-256.942;-255.98;10:58:11
5703;29.9777;29.7781;-256.751;-256.262;-256.715;-256.888;-256.95;-255.988;10:58:12
5704;29.9855;29.7781;-256.755;-256.269;-256.715;-256.888;-256.942;-255.98;10:58:12
5705;29.9777;29.7781;-256.751;-256.269;-256.715;-256.888;-256.95;-255.988;10:58:13
5706;29.9855;29.7781;-256.751;-256.269;-256.715;-256.895;-256.95;-255.98;10:58:13
5707;29.9933;29.7859;-256.751;-256.262;-256.715;-256.888;-256.958;-255.98;10:58:14
5708;29.9777;29.7703;-256.751;-256.262;-256.708;-256.895;-256.942;-255.988;10:58:14
5709;29.9933;29.7781;-256.751;-256.262;-256.715;-256.895;-256.942;-255.988;10:58:15
5710;29.9777;29.7781;-256.751;-256.262;-256.708;-256.895;-256.942;-255.988;10:58:16
5711;29.9855;29.7781;-256.751;-256.269;-256.715;-256.895;-256.95;-255.988;10:58:16
5712;29.9855;29.7703;-256.751;-256.269;-256.708;-256.895;-256.942;-255.988;10:58:16
5713;29.9855;29.7703;-256.755;-256.269;-256.715;-256.888;-256.942;-255.98;10:58:17
5714;29.9855;29.7781;-256.755;-256.262;-256.715;-256.895;-256.942;-255.988;10:58:17
5715;29.9855;29.7781;-256.751;-256.269;-256.708;-256.895;-256.95;-255.98;10:58:18
5716;29.9855;29.7703;-256.755;-256.269;-256.715;-256.895;-256.95;-255.996;10:58:18
5717;29.9855;29.7703;-256.751;-256.262;-256.708;-256.895;-256.95;-255.988;10:58:19
5718;29.9855;29.7625;-256.751;-256.269;-256.715;-256.888;-256.942;-255.988;10:58:19
5719;29.9855;29.7703;-256.751;-256.262;-256.715;-256.888;-256.95;-255.988;10:58:20
5720;29.9855;29.7625;-256.747;-256.262;-256.708;-256.895;-256.95;-255.988;10:58:20
5721;29.9855;29.7703;-256.751;-256.262;-256.715;-256.895;-256.942;-255.996;10:58:21
5722;29.9855;29.7703;-256.751;-256.269;-256.715;-256.895;-256.942;-255.988;10:58:21
5723;29.9855;29.7703;-256.751;-256.262;-256.708;-256.895;-256.95;-255.988;10:58:22
5724;29.9855;29.7703;-256.751;-256.262;-256.723;-256.895;-256.942;-255.988;10:58:22
5725;29.9855;29.7781;-256.755;-256.262;-256.715;-256.895;-256.935;-255.996;10:58:23
5726;29.9855;29.7781;-256.751;-256.262;-256.708;-256.888;-256.935;-255.98;10:58:23
5727;29.9777;29.7703;-256.747;-256.262;-256.708;-256.88;-256.942;-255.98;10:58:24
5728;29.9777;29.7703;-256.751;-256.269;-256.708;-256.888;-256.942;-255.988;10:58:24
5729;29.9777;29.7781;-256.751;-256.262;-256.708;-256.888;-256.942;-255.988;10:58:25
5730;29.9777;29.7703;-256.751;-256.269;-256.708;-256.888;-256.942;-255.98;10:58:25
5731;29.9777;29.7781;-256.755;-256.262;-256.708;-256.88;-256.958;-255.98;10:58:26
5732;29.9777;29.7703;-256.751;-256.262;-256.715;-256.888;-256.942;-255.988;10:58:26
5733;29.9777;29.7781;-256.751;-256.262;-256.715;-256.88;-256.95;-255.98;10:58:27
5734;29.9777;29.7703;-256.751;-256.262;-256.708;-256.888;-256.942;-255.98;10:58:27
5735;29.9777;29.7781;-256.747;-256.262;-256.708;-256.888;-256.95;-255.988;10:58:28
5736;29.9777;29.7781;-256.747;-256.262;-256.708;-256.888;-256.942;-255.988;10:58:28
5737;29.9855;29.7703;-256.751;-256.262;-256.708;-256.888;-256.95;-255.988;10:58:29
5738;29.9777;29.7625;-256.751;-256.262;-256.708;-256.888;-256.95;-255.988;10:58:29
5739;29.9777;29.7703;-256.751;-256.262;-256.708;-256.888;-256.95;-255.988;10:58:30
5740;29.9855;29.7781;-256.751;-256.254;-256.715;-256.888;-256.95;-255.988;10:58:30
5741;29.9855;29.7781;-256.755;-256.269;-256.715;-256.888;-256.942;-255.988;10:58:31
5742;29.9855;29.7703;-256.751;-256.262;-256.708;-256.88;-256.942;-255.988;10:58:31
5743;29.9777;29.7781;-256.751;-256.262;-256.708;-256.888;-256.95;-255.988;10:58:32
5744;29.9855;29.7781;-256.755;-256.262;-256.715;-256.88;-256.95;-255.988;10:58:32
5745;29.9855;29.7781;-256.751;-256.262;-256.708;-256.888;-256.942;-255.988;10:58:33
5746;29.9855;29.7781;-256.747;-256.262;-256.708;-256.888;-256.95;-255.988;10:58:33
5747;29.9777;29.7781;-256.747;-256.262;-256.708;-256.888;-256.942;-255.988;10:58:34
5748;29.9855;29.7859;-256.747;-256.254;-256.708;-256.888;-256.95;-255.988;10:58:34
5749;29.9777;29.7781;-256.747;-256.269;-256.715;-256.888;-256.942;-255.996;10:58:35
5750;29.9855;29.7781;-256.751;-256.262;-256.7;-256.888;-256.942;-255.98;10:58:35
5751;29.9855;29.7703;-256.747;-256.269;-256.708;-256.895;-256.95;-255.988;10:58:36
5752;29.9855;29.7781;-256.747;-256.262;-256.7;-256.895;-256.95;-255.988;10:58:36
5753;29.9855;29.7859;-256.751;-256.269;-256.708;-256.895;-256.95;-255.98;10:58:37
5754;29.9777;29.7781;-256.747;-256.269;-256.708;-256.888;-256.942;-255.98;10:58:37
5755;29.9698;29.7781;-256.747;-256.262;-256.7;-256.895;-256.942;-255.988;10:58:38
5756;29.9777;29.7781;-256.747;-256.262;-256.708;-256.895;-256.927;-255.988;10:58:38
5757;29.9777;29.7703;-256.747;-256.262;-256.708;-256.895;-256.942;-255.988;10:58:39
5758;29.9777;29.7859;-256.747;-256.262;-256.708;-256.888;-256.942;-255.98;10:58:39
5759;29.9777;29.7781;-256.751;-256.262;-256.708;-256.895;-256.942;-255.98;10:58:40
5760;29.9698;29.7859;-256.751;-256.262;-256.708;-256.895;-256.935;-255.988;10:58:40
5761;29.9698;29.7781;-256.751;-256.262;-256.708;-256.895;-256.942;-255.98;10:58:41
5762;29.9698;29.7703;-256.747;-256.262;-256.708;-256.888;-256.942;-255.988;10:58:41
5763;29.9698;29.7703;-256.751;-256.262;-256.708;-256.888;-256.942;-255.988;10:58:42
5764;29.9777;29.7781;-256.751;-256.262;-256.7;-256.895;-256.942;-255.98;10:58:42
5765;29.962;29.7781;-256.747;-256.269;-256.708;-256.895;-256.935;-255.98;10:58:43
5766;29.962;29.7703;-256.747;-256.262;-256.708;-256.895;-256.942;-255.98;10:58:43
5767;29.9698;29.7781;-256.735;-256.277;-256.7;-256.888;-256.942;-255.988;10:58:44
5768;29.9777;29.7781;-256.743;-256.269;-256.708;-256.903;-256.935;-255.988;10:58:44
5769;29.9777;29.7781;-256.743;-256.269;-256.7;-256.895;-256.942;-255.988;10:58:45
5770;29.9698;29.7781;-256.739;-256.269;-256.7;-256.895;-256.935;-255.988;10:58:45
5771;29.9777;29.7781;-256.735;-256.269;-256.708;-256.895;-256.942;-255.988;10:58:46
5772;29.9698;29.7781;-256.743;-256.269;-256.7;-256.895;-256.927;-255.996;10:58:46
5773;29.9698;29.7781;-256.743;-256.269;-256.708;-256.895;-256.927;-255.988;10:58:47
5774;29.9777;29.7781;-256.735;-256.269;-256.7;-256.895;-256.935;-255.988;10:58:47
5775;29.9777;29.7859;-256.735;-256.269;-256.708;-256.895;-256.935;-255.988;10:58:48
5776;29.9698;29.7781;-256.735;-256.262;-256.708;-256.888;-256.935;-255.988;10:58:48
5777;29.9777;29.7781;-256.743;-256.269;-256.7;-256.903;-256.935;-255.988;10:58:49
5778;29.9698;29.7703;-256.743;-256.269;-256.708;-256.895;-256.935;-255.98;10:58:49
5779;29.9698;29.7781;-256.739;-256.262;-256.7;-256.895;-256.942;-255.988;10:58:50
5780;29.9777;29.7703;-256.747;-256.269;-256.7;-256.895;-256.935;-255.988;10:58:50
5781;29.9698;29.7781;-256.735;-256.269;-256.708;-256.895;-256.935;-255.988;10:58:51
5782;29.9777;29.7781;-256.743;-256.269;-256.692;-256.895;-256.935;-255.988;10:58:51
5783;29.9777;29.7703;-256.743;-256.269;-256.7;-256.895;-256.935;-255.988;10:58:52
5784;29.9777;29.7781;-256.743;-256.269;-256.7;-256.895;-256.935;-255.988;10:58:52
5785;29.9777;29.7703;-256.747;-256.269;-256.7;-256.895;-256.927;-255.988;10:58:53
5786;29.9855;29.7781;-256.743;-256.277;-256.7;-256.895;-256.935;-255.98;10:58:53
5787;29.9698;29.7781;-256.735;-256.269;-256.708;-256.888;-256.935;-255.988;10:58:54
5788;29.9777;29.7781;-256.743;-256.269;-256.7;-256.888;-256.927;-255.988;10:58:54
5789;29.9777;29.7781;-256.743;-256.269;-256.7;-256.895;-256.927;-255.98;10:58:55
5790;29.9777;29.7781;-256.743;-256.269;-256.7;-256.888;-256.935;-255.988;10:58:55
5791;29.9855;29.7703;-256.747;-256.269;-256.7;-256.888;-256.942;-255.98;10:58:56
5792;29.9777;29.7703;-256.743;-256.269;-256.7;-256.895;-256.935;-255.988;10:58:56
5793;29.9777;29.7781;-256.747;-256.269;-256.7;-256.895;-256.927;-255.988;10:58:57
5794;29.9855;29.7781;-256.743;-256.269;-256.708;-256.888;-256.935;-255.988;10:58:57
5795;29.9777;29.7703;-256.743;-256.269;-256.7;-256.895;-256.942;-255.988;10:58:58
5796;29.9933;29.7781;-256.747;-256.269;-256.708;-256.888;-256.942;-255.98;10:58:58
5797;29.9777;29.7781;-256.743;-256.269;-256.708;-256.895;-256.935;-255.988;10:58:59
5798;29.9855;29.7781;-256.743;-256.269;-256.7;-256.895;-256.942;-255.98;10:58:59
5799;29.9855;29.7859;-256.747;-256.262;-256.715;-256.888;-256.935;-255.988;10:59:00
5800;29.9777;29.7938;-256.747;-256.269;-256.708;-256.895;-256.95;-255.98;10:59:00
5801;29.9855;29.7938;-256.747;-256.269;-256.7;-256.888;-256.935;-255.988;10:59:01
5802;29.9777;29.7859;-256.751;-256.269;-256.708;-256.895;-256.935;-255.988;10:59:01
5803;29.9855;29.7859;-256.747;-256.262;-256.7;-256.888;-256.942;-255.98;10:59:02
5804;29.9777;29.7781;-256.747;-256.269;-256.7;-256.895;-256.935;-255.98;10:59:02
5805;29.9777;29.7938;-256.747;-256.262;-256.692;-256.888;-256.935;-255.988;10:59:03
5806;29.9777;29.7859;-256.747;-256.269;-256.7;-256.895;-256.935;-255.988;10:59:03
5807;29.9855;29.7781;-256.747;-256.262;-256.7;-256.888;-256.95;-255.988;10:59:04
5808;29.9855;29.7781;-256.751;-256.269;-256.7;-256.888;-256.942;-255.988;10:59:04
5809;29.9855;29.7938;-256.747;-256.269;-256.7;-256.888;-256.942;-255.988;10:59:05
5810;29.9777;29.7859;-256.747;-256.269;-256.7;-256.888;-256.935;-255.988;10:59:05
5811;29.9777;29.7859;-256.747;-256.262;-256.708;-256.888;-256.935;-255.988;10:59:06
5812;29.9777;29.7781;-256.747;-256.269;-256.7;-256.888;-256.935;-255.988;10:59:06
5813;29.9855;29.7859;-256.751;-256.262;-256.7;-256.895;-256.942;-255.98;10:59:07
5814;29.9777;29.7859;-256.751;-256.269;-256.7;-256.888;-256.935;-255.988;10:59:07
5815;29.9855;29.7859;-256.747;-256.262;-256.7;-256.888;-256.942;-255.98;10:59:08
5816;29.9777;29.7781;-256.747;-256.262;-256.692;-256.888;-256.942;-255.988;10:59:08
5817;29.9933;29.7859;-256.751;-256.262;-256.708;-256.895;-256.935;-255.98;10:59:09
5818;29.9777;29.7781;-256.747;-256.262;-256.7;-256.895;-256.935;-255.988;10:59:09
5819;29.9855;29.7781;-256.751;-256.262;-256.7;-256.888;-256.942;-255.98;10:59:10
5820;29.9777;29.7781;-256.747;-256.262;-256.7;-256.895;-256.935;-255.98;10:59:10
5821;29.9777;29.7781;-256.751;-256.262;-256.708;-256.895;-256.935;-255.98;10:59:11
5822;29.9855;29.7781;-256.747;-256.254;-256.7;-256.895;-256.942;-255.988;10:59:11
5823;29.9777;29.7781;-256.747;-256.262;-256.7;-256.895;-256.935;-255.98;10:59:12
5824;29.9855;29.7703;-256.747;-256.262;-256.7;-256.895;-256.942;-255.98;10:59:12
5825;29.9855;29.7781;-256.747;-256.262;-256.7;-256.895;-256.935;-255.988;10:59:13
5826;29.9855;29.7781;-256.743;-256.262;-256.708;-256.895;-256.927;-255.988;10:59:13
5827;29.9933;29.7781;-256.747;-256.262;-256.708;-256.888;-256.942;-255.98;10:59:14
5828;29.9855;29.7703;-256.747;-256.262;-256.692;-256.888;-256.935;-255.98;10:59:14
5829;29.9933;29.7703;-256.751;-256.262;-256.7;-256.872;-256.935;-255.98;10:59:15
5830;29.9855;29.7781;-256.747;-256.269;-256.7;-256.888;-256.927;-255.98;10:59:15
5831;29.9777;29.7781;-256.743;-256.254;-256.692;-256.88;-256.942;-255.98;10:59:16
5832;29.9855;29.7781;-256.747;-256.269;-256.7;-256.888;-256.935;-255.972;10:59:16
5833;29.9855;29.7703;-256.743;-256.262;-256.7;-256.888;-256.935;-255.98;10:59:17
5834;29.9855;29.7781;-256.747;-256.254;-256.7;-256.888;-256.935;-255.972;10:59:17
5835;29.9855;29.7703;-256.743;-256.262;-256.708;-256.895;-256.95;-255.972;10:59:18
5836;29.9855;29.7781;-256.747;-256.269;-256.7;-256.895;-256.942;-255.972;10:59:18
5837;29.9777;29.7781;-256.751;-256.262;-256.7;-256.895;-256.927;-255.98;10:59:19
5838;29.9855;29.7703;-256.747;-256.269;-256.7;-256.895;-256.935;-255.972;10:59:19
5839;29.9855;29.7703;-256.747;-256.262;-256.708;-256.895;-256.935;-255.98;10:59:20
5840;29.9855;29.7703;-256.743;-256.254;-256.7;-256.895;-256.935;-255.972;10:59:20
5841;29.9933;29.7625;-256.747;-256.269;-256.708;-256.895;-256.935;-255.972;10:59:21
5842;29.9777;29.7703;-256.743;-256.262;-256.708;-256.895;-256.935;-255.98;10:59:21
5843;29.9855;29.7625;-256.747;-256.262;-256.7;-256.888;-256.942;-255.972;10:59:22
5844;29.9855;29.7703;-256.743;-256.254;-256.708;-256.888;-256.935;-255.98;10:59:22
5845;29.9855;29.7703;-256.747;-256.262;-256.708;-256.903;-256.942;-255.98;10:59:23
5846;29.9855;29.7625;-256.747;-256.254;-256.708;-256.888;-256.935;-255.972;10:59:23
5847;29.9855;29.7703;-256.747;-256.262;-256.7;-256.888;-256.942;-255.98;10:59:24
5848;29.9777;29.7703;-256.743;-256.262;-256.7;-256.888;-256.935;-255.972;10:59:24
5849;29.9777;29.7781;-256.743;-256.254;-256.708;-256.895;-256.935;-255.988;10:59:25
5850;29.9777;29.7781;-256.747;-256.254;-256.708;-256.888;-256.935;-255.98;10:59:25
5851;29.9777;29.7781;-256.735;-256.262;-256.7;-256.895;-256.942;-255.98;10:59:26
5852;29.9777;29.7703;-256.743;-256.262;-256.708;-256.895;-256.935;-255.98;10:59:26
5853;29.9777;29.7859;-256.735;-256.254;-256.708;-256.895;-256.935;-255.98;10:59:27
5854;29.9777;29.7781;-256.743;-256.262;-256.708;-256.895;-256.942;-255.988;10:59:27
5855;29.9698;29.7781;-256.735;-256.254;-256.7;-256.888;-256.942;-255.98;10:59:28
5856;29.9855;29.7859;-256.747;-256.262;-256.708;-256.888;-256.942;-255.98;10:59:28
5857;29.9777;29.7859;-256.747;-256.269;-256.708;-256.895;-256.942;-255.988;10:59:29
5858;29.9777;29.7781;-256.747;-256.262;-256.708;-256.895;-256.935;-255.988;10:59:29
5859;29.9855;29.7859;-256.747;-256.262;-256.7;-256.895;-256.935;-255.988;10:59:30
5860;29.9777;29.7781;-256.747;-256.269;-256.708;-256.895;-256.935;-255.988;10:59:30
5861;29.9855;29.7781;-256.751;-256.262;-256.7;-256.895;-256.927;-255.988;10:59:31
5862;29.9777;29.7859;-256.747;-256.262;-256.708;-256.895;-256.935;-255.98;10:59:31
5863;29.9855;29.7781;-256.751;-256.262;-256.7;-256.895;-256.935;-255.988;10:59:32
5864;29.9855;29.7781;-256.751;-256.262;-256.7;-256.895;-256.935;-255.988;10:59:32
5865;29.9855;29.7781;-256.751;-256.262;-256.708;-256.903;-256.935;-255.988;10:59:33
5866;29.9855;29.7781;-256.751;-256.262;-256.7;-256.895;-256.935;-255.988;10:59:33
5867;29.9855;29.7781;-256.755;-256.269;-256.708;-256.895;-256.935;-255.988;10:59:34
5868;29.9855;29.7781;-256.751;-256.262;-256.7;-256.888;-256.935;-255.98;10:59:34
5869;29.9855;29.7781;-256.751;-256.269;-256.708;-256.895;-256.935;-255.996;10:59:35
5870;29.9855;29.7859;-256.751;-256.262;-256.708;-256.895;-256.935;-255.996;10:59:35
5871;29.9698;29.7703;-256.751;-256.262;-256.708;-256.895;-256.935;-255.988;10:59:36
5872;29.9777;29.7781;-256.751;-256.262;-256.7;-256.895;-256.942;-255.98;10:59:36
5873;29.9777;29.7703;-256.747;-256.262;-256.708;-256.895;-256.927;-255.988;10:59:37
5874;29.9855;29.7859;-256.751;-256.262;-256.7;-256.895;-256.942;-255.98;10:59:37
5875;29.9777;29.7703;-256.751;-256.262;-256.708;-256.895;-256.942;-255.988;10:59:38
5876;29.9698;29.7781;-256.751;-256.262;-256.708;-256.888;-256.942;-255.98;10:59:38
5877;29.9698;29.7625;-256.751;-256.254;-256.708;-256.895;-256.935;-255.988;10:59:39
5878;29.9777;29.7703;-256.751;-256.262;-256.708;-256.903;-256.935;-255.988;10:59:39
5879;29.9698;29.7703;-256.751;-256.262;-256.708;-256.895;-256.942;-255.98;10:59:40
5880;29.9777;29.7781;-256.751;-256.262;-256.708;-256.895;-256.95;-255.988;10:59:40
5881;29.9698;29.7703;-256.751;-256.254;-256.715;-256.903;-256.935;-255.988;10:59:41
5882;29.9777;29.7703;-256.755;-256.262;-256.708;-256.903;-256.927;-255.988;10:59:41
5883;29.9698;29.7703;-256.755;-256.262;-256.708;-256.895;-256.942;-255.988;10:59:42
5884;29.9777;29.7781;-256.755;-256.262;-256.708;-256.903;-256.935;-255.98;10:59:42
5885;29.9777;29.7703;-256.758;-256.254;-256.708;-256.895;-256.935;-255.988;10:59:43
5886;29.9777;29.7625;-256.755;-256.262;-256.708;-256.903;-256.935;-255.98;10:59:43
5887;29.9777;29.7703;-256.755;-256.262;-256.715;-256.895;-256.942;-255.988;10:59:44
5888;29.9698;29.7703;-256.758;-256.262;-256.708;-256.895;-256.942;-255.988;10:59:44
5889;29.9698;29.7703;-256.751;-256.262;-256.708;-256.903;-256.942;-255.988;10:59:45
5890;29.9777;29.7625;-256.751;-256.262;-256.708;-256.903;-256.935;-255.988;10:59:45
5891;29.9777;29.7703;-256.751;-256.262;-256.708;-256.895;-256.942;-255.98;10:59:46
5892;29.9698;29.7703;-256.751;-256.262;-256.708;-256.903;-256.942;-255.988;10:59:46
5893;29.9855;29.7703;-256.751;-256.254;-256.708;-256.895;-256.942;-255.988;10:59:47
5894;29.9777;29.7703;-256.751;-256.269;-256.708;-256.895;-256.942;-255.988;10:59:47
5895;29.9698;29.7625;-256.755;-256.262;-256.708;-256.895;-256.942;-255.98;10:59:48
5896;29.9855;29.7703;-256.751;-256.269;-256.7;-256.903;-256.95;-255.988;10:59:48
5897;29.9933;29.7625;-256.751;-256.262;-256.708;-256.903;-256.935;-255.988;10:59:49
5898;29.9855;29.7703;-256.751;-256.262;-256.7;-256.903;-256.935;-255.98;10:59:49
5899;29.9855;29.7703;-256.751;-256.262;-256.708;-256.895;-256.942;-255.98;10:59:50
5900;29.9855;29.7781;-256.751;-256.262;-256.708;-256.895;-256.927;-255.988;10:59:50
5901;29.9933;29.7703;-256.747;-256.269;-256.7;-256.903;-256.942;-255.98;10:59:51
5902;29.9933;29.7703;-256.751;-256.269;-256.715;-256.895;-256.935;-255.988;10:59:51
5903;29.9855;29.7781;-256.755;-256.262;-256.708;-256.895;-256.942;-255.98;10:59:52
5904;29.9933;29.7703;-256.755;-256.262;-256.708;-256.903;-256.935;-255.988;10:59:52
5905;29.9933;29.7781;-256.755;-256.262;-256.708;-256.895;-256.935;-255.98;10:59:53
5906;29.9855;29.7781;-256.755;-256.262;-256.708;-256.903;-256.927;-255.988;10:59:53
5907;29.9933;29.7703;-256.751;-256.262;-256.708;-256.895;-256.935;-255.98;10:59:54
5908;29.9933;29.7781;-256.755;-256.262;-256.708;-256.895;-256.935;-255.98;10:59:54
5909;29.9933;29.7781;-256.755;-256.262;-256.7;-256.895;-256.935;-255.988;10:59:55
5910;29.9933;29.7781;-256.755;-256.262;-256.708;-256.895;-256.935;-255.98;10:59:55
5911;30.0011;29.7781;-256.751;-256.262;-256.708;-256.895;-256.942;-255.98;10:59:56
5912;30.009;29.7703;-256.751;-256.262;-256.708;-256.895;-256.942;-255.988;10:59:56
5913;30.0011;29.7703;-256.751;-256.262;-256.715;-256.895;-256.942;-255.996;10:59:57
5914;30.0011;29.7781;-256.755;-256.254;-256.708;-256.895;-256.942;-255.988;10:59:57
5915;30.0011;29.7703;-256.755;-256.262;-256.708;-256.903;-256.95;-255.98;10:59:58
5916;30.0011;29.7781;-256.755;-256.254;-256.708;-256.888;-256.942;-255.988;10:59:58
5917;30.009;29.7781;-256.751;-256.254;-256.715;-256.903;-256.942;-255.98;10:59:59
5918;30.0011;29.7703;-256.755;-256.262;-256.708;-256.895;-256.942;-255.988;10:59:59
5919;30.0168;29.7859;-256.755;-256.254;-256.708;-256.895;-256.95;-255.98;11:00:00
5920;30.009;29.7859;-256.755;-256.262;-256.708;-256.895;-256.942;-255.988;11:00:00
5921;30.0168;29.7781;-256.751;-256.254;-256.715;-256.895;-256.942;-255.988;11:00:01
5922;30.0168;29.7859;-256.755;-256.254;-256.715;-256.895;-256.942;-255.988;11:00:01
5923;30.0168;29.7859;-256.755;-256.254;-256.715;-256.895;-256.935;-255.98;11:00:02
5924;30.0168;29.7781;-256.755;-256.254;-256.708;-256.888;-256.942;-255.988;11:00:02
5925;30.0168;29.7781;-256.755;-256.254;-256.715;-256.895;-256.942;-255.988;11:00:03
5926;30.0246;29.7859;-256.751;-256.25;-256.708;-256.895;-256.942;-255.98;11:00:03
5927;30.0168;29.7781;-256.755;-256.25;-256.715;-256.895;-256.942;-255.996;11:00:04
5928;30.0246;29.7859;-256.755;-256.254;-256.708;-256.895;-256.935;-255.98;11:00:04
5929;30.0246;29.7781;-256.751;-256.254;-256.715;-256.895;-256.935;-255.988;11:00:05
5930;30.0168;29.7859;-256.755;-256.262;-256.708;-256.895;-256.942;-255.988;11:00:05
5931;30.0168;29.7859;-256.755;-256.262;-256.708;-256.895;-256.935;-255.98;11:00:06
5932;30.0168;29.7781;-256.755;-256.254;-256.715;-256.903;-256.935;-255.98;11:00:06
5933;30.0168;29.7859;-256.755;-256.262;-256.708;-256.895;-256.935;-255.98;11:00:07
5934;30.0168;29.7859;-256.755;-256.254;-256.715;-256.895;-256.935;-255.988;11:00:07
5935;30.0168;29.7859;-256.751;-256.262;-256.715;-256.895;-256.935;-255.988;11:00:08
5936;30.0246;29.7938;-256.751;-256.254;-256.715;-256.895;-256.935;-255.98;11:00:08
5937;30.009;29.7938;-256.755;-256.262;-256.715;-256.895;-256.942;-255.988;11:00:09
5938;30.0168;29.7859;-256.751;-256.254;-256.715;-256.903;-256.942;-255.996;11:00:09
5939;30.0246;29.7938;-256.755;-256.262;-256.723;-256.895;-256.942;-255.988;11:00:10
5940;30.0168;29.7859;-256.755;-256.262;-256.715;-256.895;-256.942;-255.988;11:00:10
5941;30.0168;29.7859;-256.755;-256.262;-256.715;-256.895;-256.935;-255.988;11:00:11
5942;30.009;29.7859;-256.755;-256.254;-256.708;-256.903;-256.942;-255.988;11:00:11
5943;30.0168;29.7859;-256.751;-256.262;-256.723;-256.895;-256.942;-255.996;11:00:12
5944;30.0168;29.7859;-256.755;-256.254;-256.715;-256.903;-256.935;-255.988;11:00:12
5945;30.0168;29.7859;-256.755;-256.254;-256.708;-256.903;-256.942;-255.996;11:00:13
5946;30.0168;29.7859;-256.751;-256.262;-256.715;-256.895;-256.95;-255.988;11:00:13
5947;30.0168;29.7859;-256.755;-256.254;-256.715;-256.895;-256.942;-255.996;11:00:14
5948;30.009;29.7859;-256.751;-256.262;-256.715;-256.903;-256.942;-255.988;11:00:14
5949;30.009;29.8016;-256.755;-256.262;-256.708;-256.895;-256.95;-255.988;11:00:15
5950;30.0011;29.7859;-256.751;-256.262;-256.715;-256.903;-256.942;-255.988;11:00:15
5951;30.009;29.8016;-256.755;-256.254;-256.708;-256.895;-256.942;-255.996;11:00:16
5952;30.009;29.7938;-256.751;-256.25;-256.715;-256.895;-256.942;-255.98;11:00:16
5953;30.0011;29.8016;-256.755;-256.254;-256.708;-256.903;-256.935;-255.996;11:00:17
5954;30.009;29.7938;-256.751;-256.254;-256.708;-256.895;-256.942;-255.988;11:00:17
5955;30.0011;29.8016;-256.751;-256.25;-256.708;-256.895;-256.942;-255.988;11:00:18
5956;30.009;29.8016;-256.755;-256.254;-256.708;-256.895;-256.935;-255.988;11:00:18
5957;30.009;29.7938;-256.751;-256.25;-256.708;-256.903;-256.942;-255.988;11:00:19
5958;30.0168;29.8016;-256.751;-256.254;-256.708;-256.903;-256.942;-255.988;11:00:19
5959;30.009;29.8016;-256.755;-256.25;-256.7;-256.895;-256.935;-255.988;11:00:20
5960;30.0168;29.8016;-256.751;-256.25;-256.715;-256.895;-256.935;-255.988;11:00:20
5961;30.0168;29.8016;-256.755;-256.254;-256.708;-256.895;-256.935;-255.988;11:00:21
5962;30.009;29.8016;-256.755;-256.262;-256.708;-256.895;-256.935;-255.98;11:00:21
5963;30.0168;29.8094;-256.755;-256.262;-256.708;-256.895;-256.935;-255.98;11:00:22
5964;30.009;29.8016;-256.751;-256.254;-256.715;-256.903;-256.935;-255.988;11:00:22
5965;30.009;29.8016;-256.755;-256.262;-256.715;-256.895;-256.942;-255.98;11:00:23
5966;30.0168;29.8094;-256.751;-256.254;-256.715;-256.903;-256.927;-255.996;11:00:23
5967;30.0168;29.8016;-256.755;-256.262;-256.715;-256.895;-256.935;-255.988;11:00:24
5968;30.0168;29.8016;-256.751;-256.262;-256.715;-256.903;-256.935;-255.988;11:00:24
5969;30.0168;29.8016;-256.755;-256.269;-256.715;-256.895;-256.935;-255.98;11:00:25
5970;30.0246;29.8016;-256.751;-256.262;-256.715;-256.903;-256.935;-255.988;11:00:25
5971;30.0168;29.7938;-256.755;-256.262;-256.708;-256.895;-256.935;-255.988;11:00:26
5972;30.0168;29.8016;-256.755;-256.269;-256.708;-256.903;-256.935;-255.988;11:00:26
5973;30.009;29.7938;-256.755;-256.262;-256.708;-256.895;-256.935;-255.988;11:00:27
5974;30.009;29.7938;-256.751;-256.269;-256.715;-256.903;-256.935;-255.988;11:00:27
5975;30.0168;29.8016;-256.755;-256.269;-256.715;-256.895;-256.935;-255.988;11:00:28
5976;30.009;29.8016;-256.755;-256.262;-256.715;-256.895;-256.942;-255.98;11:00:28
5977;30.009;29.7938;-256.755;-256.262;-256.723;-256.895;-256.927;-255.988;11:00:29
5978;30.0168;29.8016;-256.755;-256.269;-256.708;-256.895;-256.935;-255.988;11:00:29
5979;30.009;29.7938;-256.751;-256.262;-256.715;-256.903;-256.927;-255.988;11:00:30
5980;30.0168;29.8016;-256.755;-256.262;-256.715;-256.895;-256.942;-255.98;11:00:30
5981;30.009;29.8016;-256.755;-256.262;-256.715;-256.895;-256.935;-255.988;11:00:31
5982;30.009;29.8016;-256.755;-256.262;-256.708;-256.895;-256.942;-255.988;11:00:31
5983;30.0168;29.8016;-256.751;-256.262;-256.715;-256.903;-256.935;-255.996;11:00:32
5984;30.0168;29.7938;-256.755;-256.262;-256.715;-256.895;-256.935;-255.988;11:00:32
5985;30.0168;29.8016;-256.751;-256.262;-256.708;-256.895;-256.942;-255.98;11:00:33
5986;30.0168;29.8016;-256.751;-256.269;-256.715;-256.895;-256.935;-255.988;11:00:33
5987;30.0168;29.8016;-256.755;-256.262;-256.723;-256.895;-256.942;-255.988;11:00:34
5988;30.0168;29.8016;-256.751;-256.269;-256.715;-256.895;-256.95;-255.988;11:00:35
5989;30.009;29.8016;-256.755;-256.262;-256.723;-256.895;-256.942;-255.98;11:00:35
5990;30.0168;29.8016;-256.751;-256.269;-256.715;-256.895;-256.942;-255.988;11:00:35
5991;30.0168;29.8016;-256.751;-256.262;-256.723;-256.895;-256.935;-255.988;11:00:36
5992;30.0168;29.8094;-256.751;-256.262;-256.715;-256.895;-256.942;-255.98;11:00:36
5993;30.0168;29.8016;-256.747;-256.254;-256.715;-256.895;-256.935;-255.98;11:00:37
5994;30.0168;29.8094;-256.751;-256.262;-256.723;-256.895;-256.942;-255.988;11:00:37
5995;30.0168;29.8016;-256.747;-256.262;-256.723;-256.895;-256.942;-255.98;11:00:38
5996;30.0168;29.8016;-256.747;-256.262;-256.715;-256.895;-256.95;-255.98;11:00:38
5997;30.009;29.8094;-256.747;-256.269;-256.715;-256.895;-256.95;-255.988;11:00:39
5998;30.0168;29.8094;-256.751;-256.254;-256.715;-256.895;-256.942;-255.98;11:00:40
5999;30.0168;29.8094;-256.747;-256.262;-256.715;-256.888;-256.942;-255.988;11:00:40
6000;30.0168;29.8094;-256.751;-256.262;-256.715;-256.895;-256.935;-255.98;11:00:40
6001;30.0246;29.8172;-256.751;-256.254;-256.715;-256.895;-256.942;-255.988;11:00:41
6002;30.0246;29.8172;-256.747;-256.269;-256.723;-256.888;-256.942;-255.972;11:00:41
6003;30.0246;29.8251;-256.755;-256.262;-256.723;-256.895;-256.935;-255.98;11:00:42
6004;30.0168;29.8094;-256.751;-256.269;-256.723;-256.895;-256.942;-255.98;11:00:43
6005;30.0246;29.8094;-256.751;-256.269;-256.715;-256.895;-256.935;-255.98;11:00:43
6006;30.0246;29.8172;-256.747;-256.262;-256.715;-256.895;-256.935;-255.98;11:00:43
6007;30.0285;29.8094;-256.751;-256.262;-256.715;-256.888;-256.935;-255.98;11:00:44
6008;30.0246;29.8094;-256.751;-256.262;-256.715;-256.895;-256.942;-255.988;11:00:44
6009;30.0246;29.8172;-256.751;-256.262;-256.715;-256.888;-256.935;-255.988;11:00:45
6010;30.0285;29.8172;-256.751;-256.269;-256.715;-256.895;-256.942;-255.98;11:00:45
6011;30.0285;29.8094;-256.751;-256.262;-256.715;-256.895;-256.942;-255.98;11:00:46
6012;30.0168;29.8172;-256.751;-256.269;-256.715;-256.888;-256.935;-255.98;11:00:47
6013;30.0285;29.8172;-256.747;-256.262;-256.715;-256.895;-256.935;-255.988;11:00:47
6014;30.0246;29.8094;-256.751;-256.254;-256.708;-256.895;-256.935;-255.98;11:00:48
6015;30.0246;29.8251;-256.743;-256.262;-256.708;-256.895;-256.942;-255.98;11:00:48
6016;30.0246;29.8172;-256.751;-256.269;-256.723;-256.895;-256.935;-255.988;11:00:48
6017;30.0207;29.8172;-256.747;-256.262;-256.715;-256.895;-256.935;-255.988;11:00:49
6018;30.0246;29.8172;-256.747;-256.269;-256.708;-256.888;-256.942;-255.988;11:00:50
6019;30.0246;29.8172;-256.743;-256.262;-256.715;-256.888;-256.942;-255.988;11:00:50
6020;30.0246;29.8251;-256.735;-256.269;-256.708;-256.895;-256.942;-255.988;11:00:51
6021;30.0246;29.8172;-256.735;-256.262;-256.708;-256.895;-256.942;-255.988;11:00:51
6022;30.0285;29.8172;-256.735;-256.262;-256.708;-256.895;-256.935;-255.988;11:00:52
6023;30.0246;29.8251;-256.743;-256.269;-256.708;-256.888;-256.942;-255.988;11:00:52
6024;30.0285;29.8172;-256.743;-256.262;-256.708;-256.895;-256.942;-255.988;11:00:53
6025;30.0246;29.8172;-256.747;-256.262;-256.715;-256.895;-256.942;-255.988;11:00:53
6026;30.0285;29.8172;-256.747;-256.262;-256.715;-256.895;-256.942;-255.988;11:00:54
6027;30.0246;29.8172;-256.747;-256.262;-256.708;-256.895;-256.942;-255.988;11:00:54
6028;30.0246;29.8172;-256.743;-256.262;-256.708;-256.895;-256.942;-255.988;11:00:55
6029;30.0285;29.8172;-256.747;-256.262;-256.708;-256.888;-256.95;-255.996;11:00:55
6030;30.0285;29.8172;-256.743;-256.262;-256.708;-256.895;-256.95;-255.988;11:00:56
6031;30.0285;29.8251;-256.747;-256.269;-256.715;-256.895;-256.95;-255.98;11:00:56
6032;30.0246;29.8172;-256.747;-256.262;-256.708;-256.895;-256.942;-255.988;11:00:56
6033;30.0285;29.8172;-256.743;-256.262;-256.708;-256.888;-256.942;-255.988;11:00:57
6034;30.0285;29.8251;-256.743;-256.269;-256.715;-256.895;-256.942;-255.98;11:00:58
6035;30.0324;29.8251;-256.747;-256.262;-256.715;-256.895;-256.942;-255.988;11:00:58
6036;30.0324;29.8251;-256.743;-256.262;-256.708;-256.888;-256.95;-255.988;11:00:58
6037;30.0285;29.8172;-256.743;-256.269;-256.708;-256.888;-256.942;-255.988;11:00:59
6038;30.0324;29.8251;-256.743;-256.262;-256.715;-256.895;-256.95;-255.972;11:00:59
6039;30.0285;29.8251;-256.735;-256.262;-256.708;-256.888;-256.95;-255.98;11:01:00
6040;30.0324;29.8329;-256.743;-256.262;-256.715;-256.895;-256.942;-255.98;11:01:01
6041;30.0324;29.8251;-256.743;-256.269;-256.715;-256.895;-256.95;-255.988;11:01:01
6042;30.0324;29.8172;-256.751;-256.262;-256.708;-256.888;-256.958;-255.98;11:01:02
6043;30.0324;29.8251;-256.747;-256.269;-256.708;-256.895;-256.958;-255.98;11:01:02
6044;30.0324;29.8251;-256.747;-256.262;-256.708;-256.888;-256.95;-255.988;11:01:03
6045;30.0324;29.8172;-256.743;-256.269;-256.708;-256.895;-256.95;-255.988;11:01:03
6046;30.0324;29.8329;-256.747;-256.269;-256.708;-256.895;-256.95;-255.988;11:01:04
6047;30.0324;29.8172;-256.743;-256.269;-256.7;-256.895;-256.942;-255.988;11:01:04
6048;30.0324;29.8251;-256.747;-256.269;-256.708;-256.895;-256.95;-255.988;11:01:04
6049;30.0324;29.8251;-256.747;-256.269;-256.7;-256.903;-256.958;-255.98;11:01:05
6050;30.0363;29.8172;-256.743;-256.269;-256.708;-256.888;-256.958;-255.98;11:01:05
6051;30.0324;29.8251;-256.743;-256.262;-256.708;-256.903;-256.95;-255.988;11:01:06
6052;30.0363;29.8329;-256.747;-256.269;-256.708;-256.895;-256.95;-255.988;11:01:07
6053;30.0324;29.8251;-256.743;-256.269;-256.715;-256.895;-256.942;-255.988;11:01:07
6054;30.0363;29.8251;-256.747;-256.269;-256.708;-256.903;-256.95;-255.988;11:01:08
6055;30.0324;29.8251;-256.747;-256.262;-256.708;-256.888;-256.942;-255.98;11:01:08
6056;30.0363;29.8251;-256.747;-256.262;-256.715;-256.895;-256.942;-255.988;11:01:09
6057;30.0324;29.8251;-256.747;-256.269;-256.708;-256.895;-256.942;-255.98;11:01:09
6058;30.0285;29.8172;-256.747;-256.269;-256.715;-256.88;-256.95;-255.98;11:01:10
6059;30.0324;29.8251;-256.743;-256.262;-256.708;-256.888;-256.942;-255.988;11:01:10
6060;30.0363;29.8251;-256.743;-256.262;-256.7;-256.895;-256.942;-255.98;11:01:11
6061;30.0363;29.8172;-256.747;-256.269;-256.708;-256.888;-256.942;-255.988;11:01:11
6062;30.0324;29.8329;-256.743;-256.262;-256.7;-256.895;-256.942;-255.98;11:01:12
6063;30.0285;29.8251;-256.751;-256.269;-256.7;-256.895;-256.942;-255.988;11:01:12
6064;30.0324;29.8251;-256.747;-256.269;-256.7;-256.888;-256.942;-255.988;11:01:13
6065;30.0324;29.8251;-256.743;-256.262;-256.7;-256.895;-256.942;-255.988;11:01:13
6066;30.0285;29.8172;-256.747;-256.269;-256.708;-256.895;-256.942;-255.98;11:01:14
6067;30.0324;29.8251;-256.743;-256.269;-256.7;-256.903;-256.942;-255.988;11:01:14
6068;30.0324;29.8329;-256.747;-256.262;-256.7;-256.888;-256.942;-255.988;11:01:15
6069;30.0324;29.8251;-256.747;-256.262;-256.692;-256.895;-256.942;-255.98;11:01:15
6070;30.0285;29.8329;-256.743;-256.269;-256.7;-256.895;-256.942;-255.988;11:01:16
6071;30.0285;29.8251;-256.747;-256.262;-256.7;-256.888;-256.95;-255.98;11:01:16
6072;30.0324;29.8251;-256.751;-256.262;-256.7;-256.895;-256.95;-255.98;11:01:17
6073;30.0285;29.8251;-256.743;-256.262;-256.7;-256.895;-256.942;-255.988;11:01:17
6074;30.0285;29.8329;-256.747;-256.262;-256.692;-256.895;-256.942;-255.988;11:01:17
6075;30.0324;29.8251;-256.743;-256.269;-256.7;-256.895;-256.95;-255.996;11:01:18
6076;30.0324;29.8329;-256.747;-256.262;-256.692;-256.895;-256.942;-255.98;11:01:19
6077;30.0324;29.8329;-256.747;-256.269;-256.7;-256.895;-256.942;-255.988;11:01:19
6078;30.0324;29.8251;-256.747;-256.262;-256.7;-256.895;-256.935;-255.988;11:01:20
6079;30.0363;29.8329;-256.751;-256.269;-256.7;-256.895;-256.942;-255.988;11:01:20
6080;30.0324;29.8329;-256.747;-256.269;-256.7;-256.888;-256.95;-255.988;11:01:21
6081;30.0363;29.8329;-256.751;-256.262;-256.7;-256.895;-256.942;-255.988;11:01:21
6082;30.0403;29.8329;-256.755;-256.262;-256.7;-256.888;-256.942;-255.988;11:01:22
6083;30.0403;29.8329;-256.755;-256.269;-256.7;-256.895;-256.942;-255.98;11:01:22
6084;30.0363;29.8329;-256.751;-256.269;-256.708;-256.895;-256.942;-255.988;11:01:23
6085;30.0363;29.8407;-256.755;-256.262;-256.7;-256.895;-256.935;-255.988;11:01:23
6086;30.0363;29.8251;-256.751;-256.262;-256.708;-256.888;-256.942;-255.988;11:01:24
6087;30.0285;29.8329;-256.755;-256.262;-256.7;-256.895;-256.942;-255.988;11:01:24
6088;30.0324;29.8329;-256.751;-256.254;-256.708;-256.888;-256.942;-255.988;11:01:25
6089;30.0285;29.8329;-256.751;-256.262;-256.7;-256.895;-256.95;-255.988;11:01:25
6090;30.0324;29.8329;-256.751;-256.262;-256.7;-256.895;-256.958;-255.98;11:01:26
6091;30.0285;29.8329;-256.751;-256.262;-256.7;-256.895;-256.95;-255.988;11:01:26
6092;30.0324;29.8329;-256.755;-256.254;-256.7;-256.895;-256.942;-255.988;11:01:27
6093;30.0324;29.8407;-256.755;-256.262;-256.692;-256.903;-256.95;-255.988;11:01:27
6094;30.0363;29.8407;-256.751;-256.262;-256.692;-256.895;-256.95;-255.988;11:01:28
6095;30.0324;29.8329;-256.755;-256.254;-256.7;-256.888;-256.942;-255.98;11:01:28
6096;30.0363;29.8329;-256.755;-256.262;-256.7;-256.895;-256.942;-255.98;11:01:29
6097;30.0324;29.8407;-256.751;-256.262;-256.692;-256.895;-256.942;-255.988;11:01:29
6098;30.0363;29.8329;-256.755;-256.254;-256.7;-256.903;-256.942;-255.98;11:01:30
6099;30.0363;29.8407;-256.755;-256.262;-256.7;-256.895;-256.935;-255.988;11:01:30
6100;30.0363;29.8407;-256.751;-256.262;-256.7;-256.895;-256.942;-255.988;11:01:31
6101;30.0363;29.8329;-256.751;-256.254;-256.7;-256.888;-256.935;-255.98;11:01:31
6102;30.0363;29.8407;-256.755;-256.262;-256.708;-256.895;-256.935;-255.988;11:01:32
6103;30.0403;29.8407;-256.751;-256.254;-256.708;-256.895;-256.935;-255.988;11:01:32
6104;30.0363;29.8407;-256.751;-256.254;-256.7;-256.903;-256.935;-255.98;11:01:33
6105;30.0363;29.8407;-256.755;-256.254;-256.708;-256.895;-256.942;-255.988;11:01:33
6106;30.0324;29.8329;-256.755;-256.262;-256.7;-256.895;-256.942;-255.988;11:01:34
6107;30.0363;29.8407;-256.751;-256.254;-256.708;-256.895;-256.942;-255.972;11:01:34
6108;30.0363;29.8329;-256.755;-256.262;-256.7;-256.903;-256.942;-255.98;11:01:35
6109;30.0324;29.8407;-256.755;-256.262;-256.715;-256.895;-256.942;-255.988;11:01:35
6110;30.0363;29.8329;-256.758;-256.262;-256.708;-256.895;-256.95;-255.98;11:01:36
6111;30.0324;29.8407;-256.751;-256.262;-256.708;-256.903;-256.935;-255.988;11:01:36
6112;30.0324;29.8329;-256.755;-256.254;-256.708;-256.895;-256.942;-255.98;11:01:37
6113;30.0403;29.8329;-256.755;-256.262;-256.708;-256.895;-256.95;-255.988;11:01:37
6114;30.0324;29.8329;-256.751;-256.254;-256.715;-256.895;-256.95;-255.98;11:01:38
6115;30.0363;29.8407;-256.755;-256.254;-256.708;-256.903;-256.95;-255.988;11:01:38
6116;30.0363;29.8407;-256.751;-256.262;-256.708;-256.895;-256.95;-255.98;11:01:39
6117;30.0363;29.8407;-256.755;-256.254;-256.708;-256.895;-256.95;-255.988;11:01:39
6118;30.0363;29.8407;-256.755;-256.254;-256.715;-256.888;-256.942;-255.98;11:01:40
6119;30.0363;29.8407;-256.755;-256.262;-256.708;-256.895;-256.95;-255.988;11:01:40
6120;30.0363;29.8407;-256.751;-256.254;-256.715;-256.895;-256.95;-255.98;11:01:41
6121;30.0363;29.8407;-256.755;-256.254;-256.708;-256.895;-256.942;-255.98;11:01:41
6122;30.0403;29.8407;-256.755;-256.25;-256.708;-256.895;-256.942;-255.98;11:01:42
6123;30.0403;29.8485;-256.755;-256.254;-256.715;-256.895;-256.95;-255.98;11:01:42
6124;30.0403;29.8407;-256.755;-256.254;-256.708;-256.895;-256.95;-255.988;11:01:43
6125;30.0442;29.8407;-256.755;-256.254;-256.708;-256.903;-256.942;-255.98;11:01:43
6126;30.0403;29.8525;-256.751;-256.254;-256.708;-256.895;-256.95;-255.988;11:01:44
6127;30.0442;29.8485;-256.751;-256.262;-256.708;-256.895;-256.942;-255.98;11:01:44
6128;30.0403;29.8485;-256.751;-256.25;-256.708;-256.895;-256.95;-255.98;11:01:45
6129;30.0442;29.8525;-256.755;-256.254;-256.708;-256.903;-256.95;-255.988;11:01:45
6130;30.0403;29.8446;-256.758;-256.25;-256.708;-256.895;-256.942;-255.98;11:01:46
6131;30.0403;29.8485;-256.755;-256.258;-256.708;-256.903;-256.95;-255.988;11:01:46
6132;30.0442;29.8525;-256.758;-256.254;-256.708;-256.895;-256.95;-255.988;11:01:47
6133;30.0442;29.8485;-256.758;-256.25;-256.715;-256.895;-256.942;-255.98;11:01:47
6134;30.0442;29.8485;-256.755;-256.254;-256.7;-256.895;-256.95;-255.98;11:01:48
6135;30.0442;29.8525;-256.755;-256.25;-256.708;-256.895;-256.942;-255.988;11:01:48
6136;30.0403;29.8485;-256.755;-256.254;-256.708;-256.895;-256.942;-255.988;11:01:49
6137;30.0442;29.8485;-256.755;-256.254;-256.708;-256.895;-256.95;-255.988;11:01:49
6138;30.0442;29.8525;-256.755;-256.25;-256.708;-256.903;-256.942;-255.996;11:01:50
6139;30.0442;29.8525;-256.755;-256.254;-256.715;-256.895;-256.942;-256.003;11:01:50
6140;30.052;29.8525;-256.755;-256.254;-256.708;-256.903;-256.935;-256.011;11:01:51
6141;30.0442;29.8485;-256.755;-256.262;-256.708;-256.903;-256.935;-256.003;11:01:51
6142;30.0481;29.8564;-256.755;-256.254;-256.708;-256.895;-256.935;-256.003;11:01:52
6143;30.052;29.8525;-256.755;-256.254;-256.708;-256.911;-256.942;-256.003;11:01:52
6144;30.0442;29.8525;-256.758;-256.254;-256.708;-256.903;-256.942;-256.003;11:01:53
6145;30.052;29.8564;-256.751;-256.254;-256.708;-256.903;-256.95;-256.003;11:01:53
6146;30.0442;29.8564;-256.755;-256.254;-256.708;-256.895;-256.935;-256.003;11:01:54
6147;30.0442;29.8564;-256.755;-256.254;-256.708;-256.903;-256.935;-256.003;11:01:54
6148;30.052;29.8525;-256.751;-256.254;-256.708;-256.903;-256.935;-256.003;11:01:55
6149;30.0442;29.8525;-256.755;-256.254;-256.708;-256.895;-256.942;-256.003;11:01:55
6150;30.0442;29.8525;-256.755;-256.254;-256.708;-256.903;-256.95;-255.996;11:01:56
6151;30.0442;29.8525;-256.751;-256.254;-256.708;-256.903;-256.942;-256.003;11:01:56
6152;30.0403;29.8485;-256.751;-256.258;-256.7;-256.895;-256.95;-256.003;11:01:57
6153;30.0403;29.8525;-256.751;-256.254;-256.715;-256.903;-256.95;-255.996;11:01:57
6154;30.0403;29.8485;-256.747;-256.254;-256.708;-256.895;-256.958;-256.003;11:01:58
6155;30.0363;29.8485;-256.755;-256.254;-256.7;-256.895;-256.942;-256.003;11:01:58
6156;30.0363;29.8485;-256.751;-256.25;-256.708;-256.903;-256.942;-255.996;11:01:59
6157;30.0363;29.8407;-256.751;-256.262;-256.708;-256.895;-256.95;-255.996;11:01:59
6158;30.0363;29.8407;-256.755;-256.254;-256.7;-256.895;-256.942;-256.003;11:02:00
6159;30.0324;29.8485;-256.755;-256.269;-256.708;-256.903;-256.95;-255.996;11:02:00
6160;30.0324;29.8407;-256.755;-256.262;-256.708;-256.895;-256.942;-256.003;11:02:01
6161;30.0324;29.8407;-256.751;-256.254;-256.7;-256.895;-256.942;-255.996;11:02:01
6162;30.0324;29.8407;-256.751;-256.262;-256.708;-256.903;-256.95;-256.003;11:02:02
6163;30.0285;29.8407;-256.747;-256.262;-256.708;-256.895;-256.95;-255.996;11:02:02
6164;30.0285;29.8329;-256.755;-256.262;-256.708;-256.895;-256.95;-256.003;11:02:03
6165;30.0285;29.8407;-256.755;-256.262;-256.708;-256.903;-256.935;-255.996;11:02:03
6166;30.0285;29.8329;-256.755;-256.262;-256.708;-256.895;-256.95;-255.996;11:02:04
6167;30.0246;29.8251;-256.755;-256.269;-256.708;-256.903;-256.95;-255.996;11:02:04
6168;30.0285;29.8329;-256.758;-256.262;-256.708;-256.895;-256.95;-255.996;11:02:05
6169;30.0246;29.8251;-256.755;-256.262;-256.708;-256.903;-256.95;-255.996;11:02:05
6170;30.0168;29.8251;-256.755;-256.269;-256.708;-256.895;-256.942;-256.003;11:02:06
6171;30.0168;29.8251;-256.755;-256.269;-256.708;-256.903;-256.942;-255.996;11:02:06
6172;30.0168;29.8172;-256.755;-256.262;-256.708;-256.895;-256.942;-255.996;11:02:07
6173;30.0168;29.8172;-256.755;-256.254;-256.708;-256.895;-256.942;-255.996;11:02:07
6174;30.009;29.8172;-256.758;-256.262;-256.708;-256.903;-256.942;-255.996;11:02:08
6175;30.009;29.8172;-256.755;-256.262;-256.708;-256.895;-256.942;-255.996;11:02:08
6176;30.0011;29.8172;-256.751;-256.262;-256.708;-256.903;-256.95;-255.996;11:02:09
6177;30.0011;29.8094;-256.755;-256.254;-256.708;-256.895;-256.942;-255.996;11:02:09
6178;30.0011;29.8016;-256.755;-256.262;-256.708;-256.895;-256.95;-255.996;11:02:10
6179;29.9933;29.8016;-256.755;-256.262;-256.708;-256.911;-256.935;-255.996;11:02:10
6180;30.0011;29.8094;-256.758;-256.254;-256.708;-256.895;-256.942;-255.996;11:02:11
6181;29.9933;29.8016;-256.755;-256.254;-256.708;-256.895;-256.935;-256.003;11:02:11
6182;29.9933;29.8016;-256.751;-256.254;-256.708;-256.895;-256.95;-255.996;11:02:12
6183;29.9855;29.8016;-256.755;-256.25;-256.708;-256.895;-256.95;-256.003;11:02:12
6184;29.9855;29.8016;-256.755;-256.254;-256.715;-256.903;-256.935;-256.003;11:02:13
6185;29.9777;29.8016;-256.755;-256.254;-256.715;-256.895;-256.95;-255.996;11:02:13
6186;29.9777;29.7938;-256.755;-256.25;-256.708;-256.895;-256.942;-256.003;11:02:14
6187;29.9698;29.8016;-256.755;-256.254;-256.715;-256.903;-256.95;-255.996;11:02:14
6188;29.9698;29.7938;-256.751;-256.254;-256.708;-256.895;-256.935;-255.996;11:02:15
6189;29.9698;29.7938;-256.755;-256.254;-256.715;-256.903;-256.942;-256.003;11:02:15
6190;29.962;29.7859;-256.751;-256.254;-256.715;-256.895;-256.942;-255.996;11:02:16
6191;29.9698;29.8016;-256.747;-256.254;-256.708;-256.895;-256.942;-256.003;11:02:16
6192;29.962;29.7859;-256.747;-256.262;-256.708;-256.895;-256.942;-255.996;11:02:17
6193;29.9542;29.8016;-256.751;-256.262;-256.708;-256.903;-256.942;-255.988;11:02:17
6194;29.962;29.7938;-256.751;-256.254;-256.7;-256.895;-256.942;-255.996;11:02:18
6195;29.962;29.7938;-256.747;-256.262;-256.708;-256.895;-256.95;-256.003;11:02:18
6196;29.962;29.7859;-256.751;-256.254;-256.708;-256.903;-256.942;-255.996;11:02:19
6197;29.962;29.7859;-256.747;-256.262;-256.7;-256.895;-256.95;-255.996;11:02:19
6198;29.962;29.7859;-256.747;-256.262;-256.708;-256.895;-256.935;-256.003;11:02:20
6199;29.9542;29.7859;-256.747;-256.262;-256.708;-256.903;-256.942;-255.996;11:02:20
6200;29.9542;29.7781;-256.743;-256.254;-256.708;-256.903;-256.942;-256.003;11:02:21
6201;29.9542;29.7859;-256.747;-256.262;-256.708;-256.903;-256.935;-255.996;11:02:21
6202;29.962;29.7859;-256.743;-256.262;-256.708;-256.895;-256.95;-256.003;11:02:22
6203;29.9698;29.7859;-256.747;-256.254;-256.708;-256.903;-256.942;-255.996;11:02:22
6204;29.962;29.7859;-256.747;-256.254;-256.7;-256.903;-256.935;-256.003;11:02:23
6205;29.962;29.7938;-256.747;-256.262;-256.708;-256.895;-256.942;-256.003;11:02:23
6206;29.962;29.7859;-256.743;-256.254;-256.715;-256.895;-256.942;-255.996;11:02:24
6207;29.962;29.7859;-256.747;-256.254;-256.708;-256.895;-256.942;-256.003;11:02:24
6208;29.9698;29.7781;-256.747;-256.254;-256.708;-256.903;-256.935;-255.996;11:02:25
6209;29.962;29.7859;-256.743;-256.254;-256.715;-256.895;-256.942;-256.003;11:02:25
6210;29.9698;29.7781;-256.747;-256.254;-256.708;-256.895;-256.942;-255.996;11:02:26
6211;29.962;29.7859;-256.747;-256.254;-256.708;-256.903;-256.942;-255.996;11:02:26
6212;29.962;29.7859;-256.747;-256.262;-256.723;-256.895;-256.942;-256.003;11:02:27
6213;29.9542;29.7859;-256.751;-256.254;-256.708;-256.895;-256.935;-256.003;11:02:27
6214;29.962;29.7859;-256.747;-256.262;-256.715;-256.895;-256.95;-255.996;11:02:28
6215;29.9542;29.7859;-256.751;-256.254;-256.7;-256.903;-256.942;-256.003;11:02:28
6216;29.962;29.7859;-256.751;-256.254;-256.708;-256.895;-256.935;-255.996;11:02:29
6217;29.962;29.7781;-256.747;-256.254;-256.708;-256.903;-256.942;-256.003;11:02:29
6218;29.9542;29.7781;-256.751;-256.254;-256.708;-256.895;-256.935;-255.996;11:02:30
6219;29.962;29.7781;-256.743;-256.254;-256.715;-256.895;-256.942;-255.996;11:02:30
6220;29.962;29.7781;-256.747;-256.25;-256.708;-256.903;-256.942;-255.996;11:02:31
6221;29.9542;29.7781;-256.747;-256.258;-256.715;-256.903;-256.935;-255.996;11:02:31
6222;29.962;29.7781;-256.735;-256.254;-256.715;-256.895;-256.942;-255.996;11:02:32
6223;29.962;29.7781;-256.735;-256.25;-256.708;-256.895;-256.942;-255.996;11:02:32
6224;29.962;29.7703;-256.743;-256.254;-256.715;-256.895;-256.942;-256.003;11:02:33
6225;29.9698;29.7781;-256.739;-256.254;-256.708;-256.903;-256.942;-255.996;11:02:33
6226;29.962;29.7703;-256.735;-256.254;-256.715;-256.895;-256.942;-255.996;11:02:34
6227;29.9698;29.7781;-256.743;-256.262;-256.708;-256.895;-256.942;-255.996;11:02:34
6228;29.962;29.7781;-256.747;-256.254;-256.715;-256.895;-256.935;-255.996;11:02:35
6229;29.962;29.7859;-256.743;-256.254;-256.715;-256.895;-256.942;-255.996;11:02:35
6230;29.962;29.7859;-256.743;-256.254;-256.708;-256.903;-256.942;-255.996;11:02:36
6231;29.962;29.7859;-256.743;-256.254;-256.715;-256.895;-256.942;-255.996;11:02:36
6232;29.962;29.7938;-256.743;-256.254;-256.708;-256.895;-256.942;-256.003;11:02:37
6233;29.9542;29.7859;-256.747;-256.254;-256.715;-256.895;-256.942;-255.996;11:02:37
6234;29.962;29.7859;-256.743;-256.262;-256.708;-256.895;-256.942;-255.996;11:02:38
6235;29.9542;29.7859;-256.735;-256.262;-256.708;-256.903;-256.942;-255.996;11:02:38
6236;29.9542;29.7859;-256.743;-256.262;-256.715;-256.895;-256.935;-255.996;11:02:39
6237;29.962;29.7859;-256.743;-256.262;-256.715;-256.903;-256.935;-255.996;11:02:39
6238;29.9542;29.7859;-256.735;-256.262;-256.715;-256.888;-256.95;-255.996;11:02:40
6239;29.962;29.7859;-256.735;-256.262;-256.715;-256.895;-256.935;-255.996;11:02:40
6240;29.9542;29.7859;-256.735;-256.262;-256.708;-256.888;-256.942;-255.988;11:02:41
6241;29.962;29.7781;-256.743;-256.262;-256.708;-256.895;-256.935;-255.988;11:02:41
6242;29.9698;29.7859;-256.747;-256.269;-256.708;-256.895;-256.95;-255.996;11:02:42
6243;29.9777;29.7781;-256.751;-256.262;-256.715;-256.888;-256.935;-255.988;11:02:42
6244;29.9698;29.7859;-256.747;-256.269;-256.708;-256.895;-256.942;-255.988;11:02:43
6245;29.9777;29.7859;-256.751;-256.262;-256.708;-256.903;-256.935;-255.996;11:02:43
6246;29.9777;29.7781;-256.747;-256.269;-256.715;-256.895;-256.942;-255.98;11:02:44
6247;29.9777;29.7859;-256.751;-256.262;-256.708;-256.895;-256.942;-255.996;11:02:44
6248;29.9855;29.7859;-256.751;-256.262;-256.708;-256.895;-256.942;-255.988;11:02:45
6249;29.9855;29.7938;-256.751;-256.269;-256.708;-256.895;-256.95;-255.988;11:02:45
6250;29.9777;29.7781;-256.751;-256.262;-256.715;-256.895;-256.95;-255.988;11:02:46
6251;29.9855;29.7859;-256.747;-256.269;-256.708;-256.895;-256.942;-255.988;11:02:46
6252;29.9777;29.7859;-256.747;-256.262;-256.708;-256.895;-256.942;-255.988;11:02:47
6253;29.9855;29.7859;-256.751;-256.262;-256.715;-256.895;-256.95;-255.988;11:02:47
6254;29.9777;29.7859;-256.758;-256.262;-256.708;-256.888;-256.942;-255.988;11:02:48
6255;29.9777;29.7859;-256.751;-256.262;-256.715;-256.888;-256.95;-255.988;11:02:48
6256;29.9855;29.7859;-256.751;-256.269;-256.708;-256.888;-256.942;-255.996;11:02:49
6257;29.9777;29.7938;-256.747;-256.262;-256.715;-256.895;-256.958;-255.988;11:02:49
6258;29.9777;29.7859;-256.751;-256.262;-256.715;-256.888;-256.958;-255.996;11:02:50
6259;29.9855;29.7859;-256.755;-256.269;-256.708;-256.895;-256.95;-255.988;11:02:50
6260;29.9855;29.7859;-256.751;-256.262;-256.715;-256.903;-256.95;-255.988;11:02:51
6261;29.9855;29.8016;-256.751;-256.254;-256.708;-256.895;-256.942;-255.988;11:02:51
6262;29.9777;29.7859;-256.751;-256.262;-256.715;-256.895;-256.95;-255.988;11:02:52
6263;29.9855;29.7859;-256.751;-256.262;-256.715;-256.903;-256.95;-255.996;11:02:52
6264;29.9855;29.7938;-256.751;-256.262;-256.715;-256.895;-256.95;-255.988;11:02:53
6265;29.9855;29.7859;-256.755;-256.269;-256.708;-256.895;-256.942;-255.988;11:02:53
6266;29.9855;29.7938;-256.743;-256.254;-256.715;-256.903;-256.95;-255.996;11:02:54
6267;29.9855;29.7938;-256.747;-256.262;-256.715;-256.895;-256.95;-255.988;11:02:54
6268;29.9855;29.7938;-256.747;-256.262;-256.708;-256.895;-256.95;-255.996;11:02:55
6269;29.9855;29.8016;-256.747;-256.262;-256.708;-256.903;-256.942;-255.996;11:02:55
6270;29.9855;29.7938;-256.743;-256.262;-256.715;-256.895;-256.942;-255.996;11:02:56
6271;29.9855;29.8016;-256.747;-256.262;-256.708;-256.903;-256.95;-255.996;11:02:56
6272;29.9855;29.7938;-256.747;-256.262;-256.715;-256.895;-256.942;-255.996;11:02:57
6273;29.9855;29.8016;-256.743;-256.262;-256.708;-256.895;-256.935;-255.996;11:02:57
6274;29.9855;29.7938;-256.743;-256.262;-256.708;-256.895;-256.958;-255.996;11:02:58
6275;29.9933;29.7938;-256.743;-256.262;-256.715;-256.895;-256.95;-255.996;11:02:58
6276;29.9855;29.8016;-256.747;-256.262;-256.708;-256.895;-256.942;-256.003;11:02:59
6277;29.9855;29.7938;-256.743;-256.262;-256.7;-256.895;-256.95;-255.996;11:02:59
6278;29.9933;29.8016;-256.747;-256.262;-256.708;-256.888;-256.95;-255.996;11:03:00
6279;29.9855;29.7938;-256.747;-256.262;-256.7;-256.888;-256.958;-255.996;11:03:00
6280;29.9855;29.7938;-256.743;-256.269;-256.7;-256.903;-256.942;-256.003;11:03:01
6281;29.9933;29.7938;-256.747;-256.262;-256.708;-256.888;-256.942;-256.003;11:03:01
6282;29.9933;29.7938;-256.747;-256.262;-256.7;-256.895;-256.95;-255.988;11:03:02
6283;29.9933;29.7938;-256.747;-256.262;-256.708;-256.888;-256.95;-255.996;11:03:02
6284;29.9933;29.7938;-256.747;-256.269;-256.715;-256.895;-256.942;-255.996;11:03:03
6285;29.9933;29.8016;-256.747;-256.269;-256.715;-256.895;-256.95;-255.996;11:03:03
6286;29.9933;29.8016;-256.743;-256.262;-256.708;-256.895;-256.95;-255.988;11:03:04
6287;30.0011;29.7938;-256.747;-256.262;-256.708;-256.895;-256.95;-255.996;11:03:04
6288;29.9933;29.8016;-256.747;-256.262;-256.7;-256.895;-256.942;-255.988;11:03:05
6289;30.0011;29.7938;-256.743;-256.262;-256.708;-256.895;-256.95;-255.988;11:03:05
6290;29.9933;29.7859;-256.743;-256.262;-256.715;-256.895;-256.942;-255.996;11:03:06
6291;30.0011;29.7938;-256.747;-256.262;-256.708;-256.895;-256.942;-255.988;11:03:06
6292;30.0011;29.7938;-256.743;-256.262;-256.708;-256.895;-256.942;-255.996;11:03:07
6293;29.9933;29.7938;-256.747;-256.262;-256.708;-256.895;-256.95;-255.988;11:03:07
6294;30.0011;29.7938;-256.747;-256.269;-256.715;-256.895;-256.95;-255.996;11:03:08
6295;30.0011;29.7938;-256.743;-256.262;-256.708;-256.895;-256.95;-255.996;11:03:08
6296;30.0011;29.7938;-256.747;-256.269;-256.708;-256.895;-256.942;-255.996;11:03:09
6297;30.0011;29.8016;-256.743;-256.262;-256.715;-256.888;-256.95;-255.988;11:03:09
6298;30.0011;29.8016;-256.743;-256.262;-256.708;-256.895;-256.942;-255.996;11:03:10
6299;30.0011;29.7938;-256.743;-256.269;-256.715;-256.888;-256.95;-255.988;11:03:10
6300;30.0011;29.8016;-256.747;-256.262;-256.708;-256.888;-256.942;-255.996;11:03:11
6301;30.0011;29.8016;-256.743;-256.269;-256.708;-256.895;-256.95;-255.996;11:03:11
6302;30.0011;29.8016;-256.747;-256.262;-256.708;-256.888;-256.942;-255.996;11:03:12
6303;30.0011;29.8016;-256.743;-256.269;-256.708;-256.888;-256.942;-255.996;11:03:12
6304;30.0011;29.8016;-256.743;-256.269;-256.708;-256.895;-256.942;-255.996;11:03:13
6305;30.009;29.7938;-256.747;-256.269;-256.708;-256.888;-256.935;-255.996;11:03:13
6306;29.9933;29.8016;-256.747;-256.269;-256.715;-256.888;-256.95;-255.996;11:03:14
6307;29.9933;29.8094;-256.743;-256.269;-256.708;-256.888;-256.942;-255.996;11:03:14
6308;30.0011;29.7938;-256.747;-256.262;-256.708;-256.888;-256.958;-255.996;11:03:15
6309;29.9933;29.8094;-256.747;-256.269;-256.715;-256.888;-256.95;-255.996;11:03:15
6310;30.0011;29.8094;-256.751;-256.269;-256.708;-256.895;-256.942;-255.996;11:03:16
6311;30.0011;29.8016;-256.739;-256.269;-256.708;-256.895;-256.95;-256.003;11:03:16
6312;30.009;29.8016;-256.747;-256.269;-256.715;-256.888;-256.942;-255.996;11:03:17
6313;30.0011;29.8016;-256.743;-256.269;-256.708;-256.895;-256.942;-256.003;11:03:17
6314;30.0011;29.7938;-256.747;-256.262;-256.715;-256.895;-256.95;-255.996;11:03:18
6315;30.009;29.7938;-256.743;-256.269;-256.708;-256.888;-256.95;-255.996;11:03:18
6316;30.009;29.8016;-256.747;-256.269;-256.715;-256.888;-256.95;-255.996;11:03:19
6317;30.0011;29.8016;-256.747;-256.262;-256.715;-256.895;-256.95;-255.988;11:03:19
6318;30.0011;29.8016;-256.743;-256.262;-256.708;-256.888;-256.95;-255.996;11:03:20
6319;30.0011;29.8094;-256.743;-256.262;-256.715;-256.888;-256.958;-256.003;11:03:20
6320;30.0011;29.8094;-256.747;-256.269;-256.708;-256.888;-256.95;-255.996;11:03:21
6321;30.009;29.8094;-256.735;-256.262;-256.708;-256.888;-256.942;-255.996;11:03:21
6322;30.0011;29.8016;-256.751;-256.269;-256.708;-256.895;-256.942;-255.996;11:03:22
6323;30.0011;29.8094;-256.751;-256.262;-256.715;-256.888;-256.95;-255.996;11:03:22
6324;30.0011;29.8016;-256.751;-256.262;-256.708;-256.895;-256.935;-255.996;11:03:23
6325;30.0011;29.8094;-256.747;-256.262;-256.708;-256.888;-256.942;-255.996;11:03:23
6326;30.009;29.8016;-256.751;-256.262;-256.708;-256.888;-256.95;-255.988;11:03:24
6327;30.0011;29.8094;-256.751;-256.262;-256.708;-256.895;-256.942;-255.988;11:03:24
6328;30.0011;29.8094;-256.751;-256.269;-256.708;-256.895;-256.95;-255.996;11:03:25
6329;30.009;29.8094;-256.751;-256.254;-256.708;-256.895;-256.942;-256.003;11:03:25
6330;30.009;29.8094;-256.747;-256.262;-256.715;-256.895;-256.942;-255.988;11:03:26
6331;30.009;29.8094;-256.751;-256.262;-256.708;-256.895;-256.935;-256.003;11:03:26
6332;30.009;29.8172;-256.751;-256.269;-256.708;-256.895;-256.942;-255.996;11:03:27
6333;30.0011;29.8094;-256.751;-256.262;-256.715;-256.895;-256.942;-255.996;11:03:27
6334;30.009;29.8094;-256.747;-256.262;-256.708;-256.895;-256.942;-255.996;11:03:28
6335;30.009;29.8172;-256.751;-256.262;-256.7;-256.903;-256.942;-255.996;11:03:28
6336;30.0168;29.8172;-256.751;-256.262;-256.708;-256.895;-256.942;-255.996;11:03:29
6337;30.009;29.8094;-256.747;-256.262;-256.708;-256.895;-256.942;-255.988;11:03:29
6338;30.0168;29.8094;-256.747;-256.262;-256.7;-256.903;-256.95;-255.996;11:03:30
6339;30.0168;29.8172;-256.751;-256.262;-256.715;-256.895;-256.942;-255.996;11:03:30
6340;30.0168;29.8094;-256.747;-256.262;-256.708;-256.895;-256.95;-255.996;11:03:31
6341;30.0168;29.8094;-256.751;-256.262;-256.708;-256.895;-256.942;-255.996;11:03:31
6342;30.009;29.8172;-256.747;-256.262;-256.715;-256.903;-256.958;-255.988;11:03:32
6343;30.0168;29.8094;-256.747;-256.254;-256.708;-256.895;-256.95;-255.996;11:03:32
6344;30.0168;29.8094;-256.747;-256.262;-256.708;-256.903;-256.942;-255.996;11:03:33
6345;30.0168;29.8094;-256.751;-256.262;-256.708;-256.895;-256.95;-255.996;11:03:33
6346;30.0246;29.8172;-256.751;-256.262;-256.708;-256.903;-256.942;-255.996;11:03:34
6347;30.0168;29.8094;-256.743;-256.262;-256.708;-256.895;-256.95;-255.996;11:03:34
6348;30.0246;29.8094;-256.751;-256.262;-256.708;-256.895;-256.95;-256.003;11:03:35
6349;30.0168;29.8172;-256.743;-256.262;-256.708;-256.903;-256.95;-255.996;11:03:35
6350;30.0168;29.8094;-256.747;-256.254;-256.708;-256.895;-256.95;-256.003;11:03:36
6351;30.0168;29.8172;-256.743;-256.254;-256.715;-256.895;-256.942;-255.996;11:03:36
6352;30.0168;29.8094;-256.747;-256.269;-256.708;-256.895;-256.95;-255.996;11:03:37
6353;30.0168;29.8251;-256.747;-256.262;-256.715;-256.895;-256.95;-255.996;11:03:37
6354;30.0168;29.8094;-256.747;-256.269;-256.708;-256.895;-256.942;-255.996;11:03:38
6355;30.0168;29.8172;-256.743;-256.262;-256.708;-256.903;-256.95;-255.996;11:03:38
6356;30.0246;29.8094;-256.747;-256.262;-256.715;-256.895;-256.95;-255.996;11:03:39
6357;30.0285;29.8172;-256.751;-256.269;-256.708;-256.895;-256.95;-255.988;11:03:39
6358;30.0285;29.8251;-256.747;-256.262;-256.708;-256.895;-256.95;-255.988;11:03:40
6359;30.0285;29.8251;-256.751;-256.262;-256.708;-256.895;-256.95;-255.996;11:03:40
6360;30.0285;29.8172;-256.747;-256.262;-256.708;-256.895;-256.958;-255.996;11:03:41
6361;30.0285;29.8172;-256.751;-256.269;-256.708;-256.888;-256.942;-255.988;11:03:41
6362;30.0285;29.8172;-256.747;-256.262;-256.715;-256.903;-256.95;-255.996;11:03:42
6363;30.0246;29.8172;-256.751;-256.262;-256.715;-256.895;-256.942;-255.988;11:03:42
6364;30.0285;29.8172;-256.751;-256.269;-256.715;-256.895;-256.95;-255.996;11:03:43
6365;30.0285;29.8172;-256.751;-256.262;-256.708;-256.895;-256.958;-255.996;11:03:43
6366;30.0285;29.8172;-256.751;-256.262;-256.723;-256.895;-256.95;-255.996;11:03:44
6367;30.0285;29.8094;-256.751;-256.262;-256.715;-256.888;-256.95;-255.996;11:03:44
6368;30.0246;29.8251;-256.747;-256.269;-256.708;-256.895;-256.958;-255.996;11:03:45
6369;30.0285;29.8251;-256.751;-256.262;-256.715;-256.903;-256.95;-255.996;11:03:45
6370;30.0324;29.8251;-256.751;-256.262;-256.708;-256.895;-256.95;-255.996;11:03:46
6371;30.0285;29.8172;-256.751;-256.269;-256.708;-256.895;-256.958;-255.988;11:03:46
6372;30.0285;29.8251;-256.755;-256.269;-256.708;-256.903;-256.95;-255.996;11:03:47
6373;30.0324;29.8172;-256.755;-256.269;-256.715;-256.895;-256.95;-255.988;11:03:47
6374;30.0285;29.8172;-256.751;-256.269;-256.708;-256.895;-256.942;-255.996;11:03:48
6375;30.0285;29.8172;-256.747;-256.277;-256.708;-256.895;-256.95;-255.988;11:03:48
6376;30.0285;29.8251;-256.747;-256.262;-256.708;-256.888;-256.942;-255.996;11:03:49
6377;30.0363;29.8251;-256.747;-256.269;-256.708;-256.888;-256.942;-255.996;11:03:49
6378;30.0324;29.8172;-256.747;-256.269;-256.708;-256.888;-256.942;-255.996;11:03:50
6379;30.0363;29.8251;-256.755;-256.254;-256.715;-256.88;-256.942;-255.988;11:03:50
6380;30.0285;29.8329;-256.751;-256.262;-256.708;-256.888;-256.935;-255.988;11:03:51
6381;30.0363;29.8172;-256.751;-256.262;-256.708;-256.888;-256.942;-255.988;11:03:51
6382;30.0285;29.8172;-256.755;-256.262;-256.708;-256.888;-256.942;-255.996;11:03:52
6383;30.0324;29.8251;-256.755;-256.262;-256.708;-256.888;-256.942;-255.988;11:03:52
6384;30.0285;29.8172;-256.751;-256.269;-256.708;-256.888;-256.935;-255.996;11:03:53
6385;30.0324;29.8329;-256.755;-256.262;-256.715;-256.888;-256.942;-255.996;11:03:53
6386;30.0324;29.8329;-256.751;-256.269;-256.708;-256.888;-256.942;-255.996;11:03:54
6387;30.0363;29.8329;-256.743;-256.262;-256.708;-256.888;-256.935;-255.988;11:03:54
6388;30.0285;29.8407;-256.747;-256.262;-256.7;-256.88;-256.942;-255.996;11:03:55
6389;30.0207;29.8329;-256.747;-256.262;-256.708;-256.888;-256.942;-255.988;11:03:55
6390;30.0285;29.8251;-256.743;-256.269;-256.708;-256.888;-256.95;-255.988;11:03:56
6391;30.0246;29.8329;-256.747;-256.269;-256.715;-256.88;-256.942;-255.996;11:03:56
6392;30.0324;29.8329;-256.743;-256.269;-256.708;-256.888;-256.95;-255.988;11:03:57
6393;30.0285;29.8329;-256.747;-256.269;-256.715;-256.888;-256.942;-255.988;11:03:57
6394;30.0324;29.8251;-256.747;-256.269;-256.708;-256.88;-256.935;-255.996;11:03:58
6395;30.0324;29.8329;-256.743;-256.262;-256.708;-256.88;-256.935;-255.988;11:03:58
6396;30.0324;29.8329;-256.743;-256.269;-256.715;-256.88;-256.942;-255.988;11:03:59
6397;30.0324;29.8329;-256.743;-256.269;-256.715;-256.895;-256.942;-255.996;11:03:59
6398;30.0324;29.8329;-256.743;-256.269;-256.708;-256.888;-256.942;-255.996;11:04:00
6399;30.0363;29.8329;-256.747;-256.262;-256.715;-256.888;-256.942;-256.003;11:04:00
6400;30.0324;29.8251;-256.743;-256.262;-256.708;-256.888;-256.942;-255.996;11:04:01
6401;30.0363;29.8329;-256.747;-256.262;-256.708;-256.895;-256.942;-255.996;11:04:01
6402;30.0324;29.8329;-256.743;-256.262;-256.708;-256.895;-256.95;-256.003;11:04:02
6403;30.0363;29.8329;-256.747;-256.269;-256.715;-256.895;-256.95;-255.988;11:04:02
6404;30.0363;29.8251;-256.743;-256.262;-256.715;-256.895;-256.95;-256.003;11:04:03
6405;30.0363;29.8251;-256.743;-256.269;-256.708;-256.895;-256.942;-255.996;11:04:03
6406;30.0285;29.8251;-256.743;-256.269;-256.715;-256.903;-256.95;-255.996;11:04:04
6407;30.0363;29.8329;-256.747;-256.269;-256.715;-256.895;-256.95;-255.996;11:04:04
6408;30.0324;29.8251;-256.743;-256.277;-256.715;-256.895;-256.95;-255.996;11:04:05
6409;30.0363;29.8329;-256.743;-256.269;-256.715;-256.903;-256.95;-256.003;11:04:05
6410;30.0363;29.8329;-256.747;-256.262;-256.708;-256.895;-256.942;-255.996;11:04:06
6411;30.0363;29.8407;-256.743;-256.269;-256.708;-256.903;-256.95;-255.996;11:04:06
6412;30.0363;29.8329;-256.743;-256.262;-256.715;-256.903;-256.935;-255.996;11:04:07
6413;30.0324;29.8407;-256.743;-256.269;-256.715;-256.895;-256.942;-255.996;11:04:07
6414;30.0324;29.8407;-256.747;-256.262;-256.715;-256.895;-256.942;-256.003;11:04:08
6415;30.0363;29.8329;-256.743;-256.269;-256.715;-256.895;-256.942;-255.996;11:04:08
6416;30.0324;29.8407;-256.747;-256.262;-256.708;-256.903;-256.942;-255.988;11:04:09
6417;30.0324;29.8329;-256.743;-256.269;-256.715;-256.895;-256.942;-256.003;11:04:09
6418;30.0363;29.8329;-256.743;-256.269;-256.708;-256.903;-256.95;-255.996;11:04:10
6419;30.0363;29.8407;-256.747;-256.262;-256.708;-256.895;-256.95;-256.003;11:04:10
6420;30.0403;29.8407;-256.743;-256.269;-256.708;-256.903;-256.95;-256.003;11:04:11
6421;30.0403;29.8407;-256.743;-256.269;-256.7;-256.895;-256.95;-256.003;11:04:11
6422;30.0442;29.8485;-256.743;-256.269;-256.708;-256.903;-256.95;-255.996;11:04:12
6423;30.0403;29.8329;-256.735;-256.269;-256.715;-256.895;-256.942;-255.996;11:04:12
6424;30.0403;29.8329;-256.743;-256.277;-256.708;-256.903;-256.935;-256.003;11:04:13
6425;30.0403;29.8407;-256.735;-256.262;-256.708;-256.895;-256.942;-256.003;11:04:13
6426;30.0403;29.8251;-256.743;-256.269;-256.715;-256.903;-256.942;-255.996;11:04:14
6427;30.0403;29.8407;-256.747;-256.269;-256.715;-256.895;-256.942;-256.003;11:04:14
6428;30.0403;29.8407;-256.743;-256.269;-256.715;-256.895;-256.942;-255.996;11:04:15
6429;30.0403;29.8251;-256.743;-256.269;-256.715;-256.903;-256.942;-256.003;11:04:15
6430;30.0403;29.8407;-256.735;-256.269;-256.708;-256.903;-256.942;-255.996;11:04:16
6431;30.0363;29.8407;-256.743;-256.269;-256.708;-256.895;-256.95;-256.003;11:04:16
6432;30.0403;29.8329;-256.743;-256.262;-256.715;-256.895;-256.942;-255.996;11:04:17
6433;30.0363;29.8329;-256.735;-256.269;-256.708;-256.895;-256.95;-255.996;11:04:17
6434;30.0403;29.8329;-256.743;-256.269;-256.708;-256.895;-256.942;-256.003;11:04:18
6435;30.0403;29.8329;-256.743;-256.262;-256.715;-256.888;-256.95;-255.996;11:04:18
6436;30.0442;29.8329;-256.743;-256.262;-256.708;-256.888;-256.942;-255.996;11:04:19
6437;30.0403;29.8407;-256.739;-256.269;-256.708;-256.903;-256.95;-256.003;11:04:19
6438;30.0403;29.8329;-256.735;-256.262;-256.715;-256.895;-256.942;-255.996;11:04:20
6439;30.0403;29.8407;-256.743;-256.269;-256.715;-256.895;-256.958;-256.003;11:04:20
6440;30.0403;29.8329;-256.735;-256.262;-256.715;-256.895;-256.95;-255.996;11:04:21
6441;30.0403;29.8407;-256.747;-256.262;-256.708;-256.903;-256.942;-256.003;11:04:21
6442;30.0403;29.8329;-256.735;-256.269;-256.715;-256.895;-256.95;-256.003;11:04:22
6443;30.0403;29.8329;-256.747;-256.262;-256.708;-256.895;-256.95;-256.003;11:04:22
6444;30.0363;29.8329;-256.735;-256.262;-256.715;-256.895;-256.95;-256.003;11:04:23
6445;30.0403;29.8407;-256.747;-256.269;-256.708;-256.903;-256.942;-256.003;11:04:23
6446;30.0403;29.8329;-256.743;-256.262;-256.708;-256.895;-256.942;-256.003;11:04:24
6447;30.0442;29.8407;-256.735;-256.262;-256.715;-256.903;-256.95;-256.003;11:04:24
6448;30.0403;29.8329;-256.743;-256.262;-256.715;-256.895;-256.935;-256.003;11:04:25
6449;30.0403;29.8407;-256.735;-256.262;-256.7;-256.903;-256.942;-256.003;11:04:25
6450;30.0403;29.8407;-256.735;-256.262;-256.708;-256.895;-256.95;-255.996;11:04:26
6451;30.0442;29.8407;-256.735;-256.269;-256.708;-256.895;-256.942;-256.003;11:04:26
6452;30.0442;29.8407;-256.743;-256.262;-256.7;-256.895;-256.942;-255.996;11:04:27
6453;30.052;29.8329;-256.743;-256.262;-256.708;-256.895;-256.942;-256.003;11:04:27
6454;30.052;29.8407;-256.735;-256.262;-256.708;-256.895;-256.942;-256.003;11:04:28
6455;30.052;29.8407;-256.735;-256.262;-256.708;-256.895;-256.95;-256.003;11:04:28
6456;30.0442;29.8329;-256.727;-256.262;-256.708;-256.888;-256.942;-256.003;11:04:29
6457;30.0481;29.8407;-256.743;-256.262;-256.715;-256.895;-256.942;-256.003;11:04:29
6458;30.0442;29.8407;-256.735;-256.262;-256.708;-256.903;-256.95;-256.003;11:04:30
6459;30.052;29.8407;-256.735;-256.262;-256.708;-256.895;-256.942;-256.003;11:04:30
6460;30.0442;29.8407;-256.743;-256.262;-256.708;-256.895;-256.95;-256.011;11:04:31
6461;30.0442;29.8329;-256.743;-256.262;-256.708;-256.888;-256.95;-256.003;11:04:31
6462;30.0403;29.8407;-256.747;-256.262;-256.7;-256.895;-256.958;-256.003;11:04:32
6463;30.0403;29.8407;-256.747;-256.262;-256.708;-256.895;-256.95;-256.011;11:04:32
6464;30.0403;29.8407;-256.747;-256.262;-256.7;-256.888;-256.95;-256.003;11:04:33
6465;30.0403;29.8329;-256.743;-256.262;-256.708;-256.888;-256.95;-256.011;11:04:33
6466;30.0363;29.8329;-256.747;-256.262;-256.708;-256.895;-256.958;-256.003;11:04:34
6467;30.0363;29.8407;-256.747;-256.254;-256.715;-256.895;-256.958;-256.003;11:04:34
6468;30.0363;29.8407;-256.747;-256.269;-256.708;-256.888;-256.958;-256.003;11:04:35
6469;30.0363;29.8329;-256.747;-256.262;-256.715;-256.888;-256.95;-256.011;11:04:35
6470;30.0324;29.8251;-256.743;-256.262;-256.715;-256.888;-256.95;-256.003;11:04:36
6471;30.0324;29.8329;-256.747;-256.262;-256.708;-256.895;-256.958;-256.011;11:04:36
6472;30.0285;29.8251;-256.735;-256.254;-256.715;-256.888;-256.95;-256.003;11:04:37
6473;30.0285;29.8172;-256.743;-256.262;-256.715;-256.895;-256.95;-256.003;11:04:37
6474;30.0246;29.8172;-256.743;-256.262;-256.708;-256.888;-256.942;-256.003;11:04:38
6475;30.0285;29.8172;-256.743;-256.262;-256.708;-256.895;-256.95;-256.003;11:04:38
6476;30.0246;29.8094;-256.743;-256.262;-256.708;-256.888;-256.95;-256.003;11:04:39
6477;30.0246;29.8172;-256.747;-256.262;-256.715;-256.888;-256.942;-255.996;11:04:39
6478;30.0168;29.8094;-256.747;-256.262;-256.708;-256.895;-256.942;-256.003;11:04:40
6479;30.0168;29.8172;-256.747;-256.262;-256.708;-256.888;-256.942;-256.003;11:04:40
6480;30.0168;29.8094;-256.747;-256.262;-256.715;-256.895;-256.95;-255.996;11:04:41
6481;30.0246;29.8094;-256.747;-256.262;-256.715;-256.888;-256.942;-256.003;11:04:41
6482;30.009;29.8094;-256.743;-256.262;-256.715;-256.895;-256.942;-255.996;11:04:42
6483;30.0011;29.7938;-256.747;-256.262;-256.708;-256.895;-256.95;-256.003;11:04:42
6484;30.0011;29.8016;-256.747;-256.254;-256.715;-256.895;-256.942;-256.003;11:04:43
6485;30.0011;29.8016;-256.747;-256.269;-256.708;-256.903;-256.942;-256.003;11:04:43
6486;29.9933;29.7938;-256.747;-256.262;-256.715;-256.888;-256.942;-256.003;11:04:44
6487;30.0011;29.7938;-256.747;-256.262;-256.708;-256.895;-256.942;-256.003;11:04:44
6488;30.0011;29.8016;-256.751;-256.262;-256.715;-256.895;-256.95;-255.996;11:04:45
6489;29.9933;29.7938;-256.747;-256.262;-256.715;-256.895;-256.942;-256.003;11:04:45
6490;29.9933;29.8016;-256.747;-256.262;-256.708;-256.895;-256.942;-256.003;11:04:46
6491;29.9933;29.8016;-256.747;-256.254;-256.715;-256.895;-256.942;-256.011;11:04:46
6492;29.9855;29.7938;-256.743;-256.262;-256.708;-256.903;-256.958;-256.003;11:04:47
6493;29.9777;29.7859;-256.747;-256.262;-256.708;-256.895;-256.95;-256.003;11:04:47
6494;29.9933;29.7938;-256.743;-256.262;-256.708;-256.888;-256.95;-256.003;11:04:48
6495;29.9777;29.7938;-256.743;-256.262;-256.708;-256.895;-256.95;-256.003;11:04:48
6496;29.962;29.7859;-256.743;-256.262;-256.715;-256.88;-256.95;-256.003;11:04:49
6497;29.9698;29.7781;-256.743;-256.262;-256.715;-256.888;-256.95;-255.996;11:04:49
6498;29.962;29.7859;-256.743;-256.262;-256.708;-256.88;-256.942;-256.011;11:04:50
6499;29.9698;29.7859;-256.747;-256.262;-256.715;-256.888;-256.942;-256.003;11:04:50
6500;29.9698;29.7859;-256.743;-256.262;-256.715;-256.888;-256.95;-256.003;11:04:51
6501;29.9698;29.7781;-256.743;-256.254;-256.715;-256.888;-256.95;-256.003;11:04:51
6502;29.9698;29.7938;-256.743;-256.262;-256.708;-256.888;-256.942;-256.003;11:04:52
6503;29.9777;29.7938;-256.743;-256.262;-256.715;-256.888;-256.942;-256.003;11:04:52
6504;29.9698;29.7859;-256.739;-256.262;-256.715;-256.888;-256.95;-256.003;11:04:53
6505;29.9698;29.7781;-256.743;-256.254;-256.708;-256.888;-256.95;-256.003;11:04:53
6506;29.9698;29.7938;-256.743;-256.262;-256.715;-256.888;-256.942;-256.003;11:04:54
6507;29.9777;29.7781;-256.747;-256.262;-256.715;-256.888;-256.942;-256.003;11:04:54
6508;29.9777;29.7859;-256.743;-256.254;-256.708;-256.888;-256.942;-256.011;11:04:55
6509;29.9698;29.7703;-256.743;-256.262;-256.715;-256.888;-256.95;-256.003;11:04:55
6510;29.9777;29.7781;-256.747;-256.262;-256.715;-256.888;-256.95;-256.003;11:04:56
6511;29.9698;29.7703;-256.743;-256.254;-256.715;-256.895;-256.95;-256.003;11:04:56
6512;29.9777;29.7703;-256.747;-256.262;-256.715;-256.888;-256.95;-255.996;11:04:57
6513;29.962;29.7625;-256.743;-256.262;-256.708;-256.888;-256.942;-256.003;11:04:57
6514;29.9698;29.7625;-256.743;-256.254;-256.708;-256.888;-256.95;-256.003;11:04:58
6515;29.962;29.7703;-256.743;-256.262;-256.708;-256.888;-256.942;-256.003;11:04:58
6516;29.9698;29.7703;-256.739;-256.254;-256.708;-256.888;-256.942;-256.011;11:04:59
6517;29.962;29.7625;-256.743;-256.262;-256.708;-256.888;-256.942;-256.003;11:04:59
6518;29.962;29.7703;-256.735;-256.262;-256.708;-256.888;-256.95;-255.996;11:05:00
6519;29.9698;29.7703;-256.735;-256.262;-256.715;-256.895;-256.942;-256.011;11:05:00
6520;29.9698;29.7625;-256.735;-256.254;-256.708;-256.888;-256.942;-256.011;11:05:01
6521;29.9698;29.7703;-256.743;-256.262;-256.708;-256.888;-256.942;-255.996;11:05:01
6522;29.9777;29.7781;-256.739;-256.262;-256.708;-256.895;-256.942;-256.003;11:05:02
6523;29.9698;29.7781;-256.739;-256.254;-256.708;-256.895;-256.942;-256.011;11:05:02
6524;29.9777;29.7781;-256.735;-256.262;-256.708;-256.888;-256.942;-256.011;11:05:03
6525;29.9698;29.7781;-256.735;-256.262;-256.7;-256.895;-256.95;-256.003;11:05:03
6526;29.9698;29.7781;-256.735;-256.262;-256.708;-256.888;-256.942;-256.011;11:05:04
6527;29.9777;29.7781;-256.747;-256.262;-256.7;-256.895;-256.95;-256.011;11:05:04
6528;29.9698;29.7781;-256.747;-256.262;-256.708;-256.888;-256.942;-256.011;11:05:05
6529;29.9698;29.7781;-256.751;-256.254;-256.7;-256.888;-256.942;-256.011;11:05:05
6530;29.9698;29.7781;-256.747;-256.262;-256.7;-256.895;-256.942;-256.011;11:05:06
6531;29.9777;29.7781;-256.747;-256.262;-256.708;-256.888;-256.942;-256.011;11:05:06
6532;29.9777;29.7859;-256.747;-256.254;-256.708;-256.895;-256.95;-256.011;11:05:07
6533;29.9777;29.7703;-256.743;-256.262;-256.7;-256.88;-256.95;-256.003;11:05:07
6534;29.9777;29.7781;-256.747;-256.262;-256.708;-256.888;-256.942;-256.011;11:05:08
6535;29.9698;29.7781;-256.751;-256.262;-256.7;-256.895;-256.95;-256.011;11:05:08
6536;29.9777;29.7781;-256.751;-256.262;-256.708;-256.888;-256.95;-256.011;11:05:09
6537;29.9698;29.7703;-256.751;-256.262;-256.708;-256.895;-256.95;-256.003;11:05:09
6538;29.9698;29.7703;-256.751;-256.262;-256.708;-256.888;-256.958;-256.003;11:05:10
6539;29.9698;29.7781;-256.747;-256.262;-256.715;-256.895;-256.95;-256.011;11:05:10
6540;29.9777;29.7781;-256.743;-256.262;-256.708;-256.895;-256.95;-256.011;11:05:11
6541;29.9698;29.7703;-256.751;-256.254;-256.708;-256.888;-256.95;-256.011;11:05:11
6542;29.9698;29.7781;-256.743;-256.262;-256.708;-256.88;-256.942;-256.011;11:05:12
6543;29.9698;29.7703;-256.747;-256.262;-256.708;-256.895;-256.95;-256.011;11:05:12
6544;29.9777;29.7781;-256.747;-256.262;-256.708;-256.895;-256.942;-256.011;11:05:13
6545;29.9777;29.7781;-256.747;-256.254;-256.7;-256.888;-256.958;-256.003;11:05:13
6546;29.9698;29.7703;-256.747;-256.254;-256.708;-256.888;-256.95;-256.011;11:05:14
6547;29.9777;29.7703;-256.743;-256.262;-256.715;-256.895;-256.942;-256.003;11:05:14
6548;29.9855;29.7703;-256.747;-256.254;-256.708;-256.888;-256.942;-256.003;11:05:15
6549;29.9855;29.7703;-256.743;-256.254;-256.708;-256.888;-256.958;-256.003;11:05:15
6550;29.9777;29.7703;-256.747;-256.262;-256.715;-256.895;-256.95;-256.003;11:05:16
6551;29.9855;29.7703;-256.743;-256.254;-256.708;-256.895;-256.942;-256.003;11:05:16
6552;29.9777;29.7703;-256.751;-256.254;-256.715;-256.888;-256.942;-256.003;11:05:17
6553;29.9855;29.7625;-256.747;-256.262;-256.708;-256.895;-256.935;-256.011;11:05:17
6554;29.9777;29.7703;-256.747;-256.262;-256.708;-256.888;-256.942;-256.003;11:05:18
6555;29.9777;29.7781;-256.747;-256.254;-256.715;-256.888;-256.935;-256.011;11:05:18
6556;29.9777;29.7781;-256.747;-256.262;-256.715;-256.895;-256.935;-256.011;11:05:19
6557;29.9777;29.7703;-256.747;-256.254;-256.708;-256.888;-256.935;-256.003;11:05:19
6558;29.9777;29.7859;-256.747;-256.262;-256.708;-256.888;-256.942;-256.011;11:05:20
6559;29.9698;29.7781;-256.747;-256.254;-256.715;-256.888;-256.927;-256.003;11:05:20
6560;29.9777;29.7781;-256.747;-256.262;-256.708;-256.895;-256.942;-256.003;11:05:21
6561;29.9855;29.7781;-256.751;-256.254;-256.715;-256.888;-256.942;-256.011;11:05:21
6562;29.9777;29.7781;-256.747;-256.262;-256.708;-256.895;-256.942;-256.003;11:05:22
6563;29.9777;29.7781;-256.751;-256.262;-256.715;-256.895;-256.935;-256.011;11:05:22
6564;29.9777;29.7781;-256.743;-256.254;-256.708;-256.888;-256.942;-256.011;11:05:23
6565;29.9777;29.7781;-256.743;-256.262;-256.715;-256.895;-256.942;-256.003;11:05:23
6566;29.9698;29.7703;-256.743;-256.262;-256.708;-256.888;-256.942;-256.011;11:05:24
6567;29.9777;29.7781;-256.743;-256.254;-256.708;-256.888;-256.935;-256.011;11:05:24
6568;29.9777;29.7781;-256.743;-256.262;-256.708;-256.903;-256.927;-256.011;11:05:25
6569;29.9777;29.7781;-256.743;-256.254;-256.708;-256.888;-256.935;-256.003;11:05:25
6570;29.9777;29.7859;-256.743;-256.254;-256.715;-256.895;-256.942;-256.019;11:05:26
6571;29.9855;29.7703;-256.739;-256.254;-256.708;-256.895;-256.935;-256.011;11:05:26
6572;29.9777;29.7781;-256.735;-256.262;-256.715;-256.895;-256.942;-256.011;11:05:27
6573;29.9855;29.7781;-256.743;-256.254;-256.708;-256.895;-256.942;-256.003;11:05:27
6574;29.9698;29.7859;-256.735;-256.254;-256.708;-256.895;-256.942;-256.011;11:05:28
6575;29.9855;29.7781;-256.747;-256.262;-256.715;-256.895;-256.935;-256.011;11:05:28
6576;29.9777;29.7859;-256.751;-256.254;-256.708;-256.895;-256.942;-256.011;11:05:29
6577;29.9777;29.7859;-256.747;-256.254;-256.708;-256.895;-256.935;-256.011;11:05:29
6578;29.9777;29.7781;-256.747;-256.262;-256.708;-256.888;-256.942;-256.011;11:05:30
6579;29.9855;29.7859;-256.747;-256.262;-256.708;-256.895;-256.935;-256.011;11:05:30
6580;29.9855;29.7781;-256.751;-256.262;-256.7;-256.895;-256.935;-256.003;11:05:31
6581;29.9777;29.7859;-256.751;-256.254;-256.708;-256.888;-256.942;-256.011;11:05:31
6582;29.9933;29.7859;-256.751;-256.254;-256.7;-256.895;-256.942;-256.011;11:05:32
6583;29.9933;29.7859;-256.751;-256.262;-256.708;-256.895;-256.942;-256.011;11:05:32
6584;29.9933;29.7938;-256.751;-256.254;-256.7;-256.903;-256.942;-256.011;11:05:33
6585;29.9933;29.7859;-256.751;-256.269;-256.7;-256.895;-256.95;-256.003;11:05:33
6586;29.9855;29.7859;-256.751;-256.262;-256.708;-256.895;-256.95;-256.011;11:05:34
6587;29.9933;29.7859;-256.751;-256.262;-256.708;-256.895;-256.942;-256.003;11:05:34
6588;30.0011;29.7859;-256.751;-256.254;-256.708;-256.895;-256.942;-256.011;11:05:35
6589;29.9933;29.7938;-256.755;-256.262;-256.708;-256.895;-256.942;-256.011;11:05:35
6590;29.9933;29.7859;-256.755;-256.262;-256.715;-256.903;-256.942;-256.003;11:05:36
6591;29.9855;29.7859;-256.755;-256.262;-256.708;-256.895;-256.95;-256.011;11:05:36
6592;29.9933;29.7938;-256.751;-256.254;-256.708;-256.888;-256.942;-256.003;11:05:37
6593;29.9933;29.7859;-256.755;-256.262;-256.708;-256.895;-256.935;-256.011;11:05:37
6594;29.9933;29.7859;-256.755;-256.262;-256.708;-256.895;-256.942;-256.011;11:05:38
6595;29.9855;29.7938;-256.755;-256.262;-256.708;-256.888;-256.942;-256.003;11:05:38
6596;29.9933;29.7781;-256.751;-256.262;-256.708;-256.895;-256.95;-256.003;11:05:39
6597;29.9855;29.7859;-256.747;-256.254;-256.708;-256.895;-256.935;-256.011;11:05:39
6598;30.0011;29.7781;-256.751;-256.262;-256.708;-256.903;-256.942;-256.011;11:05:40
6599;29.9933;29.7859;-256.751;-256.262;-256.708;-256.895;-256.935;-256.011;11:05:40
6600;29.9933;29.7938;-256.751;-256.262;-256.7;-256.895;-256.935;-256.011;11:05:41
6601;30.0011;29.7938;-256.751;-256.262;-256.715;-256.895;-256.935;-256.011;11:05:41
6602;30.0011;29.7938;-256.751;-256.262;-256.708;-256.895;-256.942;-256.003;11:05:42
6603;30.0011;29.7938;-256.755;-256.262;-256.715;-256.895;-256.95;-256.011;11:05:42
6604;30.0011;29.8016;-256.751;-256.262;-256.708;-256.895;-256.942;-256.003;11:05:43
6605;30.009;29.7938;-256.755;-256.262;-256.7;-256.903;-256.95;-256.003;11:05:43
6606;30.0011;29.8016;-256.751;-256.262;-256.708;-256.895;-256.95;-256.003;11:05:44
6607;30.009;29.7938;-256.751;-256.262;-256.708;-256.895;-256.95;-256.003;11:05:44
6608;30.0011;29.7938;-256.751;-256.262;-256.7;-256.888;-256.942;-256.011;11:05:45
6609;30.009;29.7938;-256.751;-256.262;-256.708;-256.888;-256.95;-256.003;11:05:45
6610;30.009;29.7938;-256.751;-256.269;-256.708;-256.888;-256.958;-256.003;11:05:46
6611;30.009;29.8016;-256.755;-256.262;-256.708;-256.895;-256.958;-256.011;11:05:46
6612;30.009;29.7938;-256.751;-256.262;-256.708;-256.888;-256.95;-256.011;11:05:47
6613;30.009;29.8016;-256.743;-256.262;-256.708;-256.888;-256.958;-256.011;11:05:47
6614;30.0168;29.7938;-256.743;-256.262;-256.708;-256.895;-256.95;-256.019;11:05:48
6615;30.0168;29.8016;-256.747;-256.262;-256.708;-256.895;-256.958;-256.011;11:05:48
6616;30.009;29.8016;-256.743;-256.269;-256.708;-256.888;-256.95;-256.011;11:05:49
6617;30.0168;29.8016;-256.747;-256.262;-256.708;-256.895;-256.95;-256.011;11:05:49
6618;30.0168;29.8016;-256.747;-256.262;-256.715;-256.895;-256.942;-256.011;11:05:50
6619;30.0168;29.7938;-256.747;-256.269;-256.708;-256.895;-256.95;-256.011;11:05:50
6620;30.0168;29.8016;-256.743;-256.269;-256.708;-256.888;-256.942;-256.003;11:05:51
6621;30.009;29.8016;-256.743;-256.262;-256.708;-256.888;-256.958;-256.003;11:05:51
6622;30.0168;29.8094;-256.743;-256.262;-256.7;-256.888;-256.95;-256.003;11:05:52
6623;30.0246;29.8016;-256.743;-256.269;-256.708;-256.895;-256.942;-256.011;11:05:52
6624;30.0246;29.8094;-256.735;-256.269;-256.708;-256.895;-256.942;-256.003;11:05:53
6625;30.0168;29.8016;-256.735;-256.269;-256.708;-256.895;-256.942;-256.003;11:05:53
6626;30.0246;29.8094;-256.743;-256.262;-256.708;-256.888;-256.95;-256.003;11:05:54
6627;30.0246;29.8016;-256.735;-256.262;-256.7;-256.888;-256.942;-256.011;11:05:54
6628;30.0246;29.7938;-256.743;-256.269;-256.7;-256.895;-256.942;-256.011;11:05:55
6629;30.0168;29.8016;-256.735;-256.262;-256.708;-256.888;-256.95;-256.003;11:05:55
6630;30.0246;29.8016;-256.743;-256.262;-256.7;-256.895;-256.942;-256.003;11:05:56
6631;30.0246;29.8016;-256.735;-256.269;-256.708;-256.895;-256.942;-256.003;11:05:56
6632;30.0246;29.8016;-256.743;-256.262;-256.708;-256.895;-256.942;-256.003;11:05:57
6633;30.0168;29.8094;-256.743;-256.262;-256.7;-256.888;-256.942;-256.003;11:05:57
6634;30.0246;29.7938;-256.747;-256.262;-256.7;-256.895;-256.95;-256.003;11:05:58
6635;30.0246;29.7938;-256.751;-256.262;-256.7;-256.88;-256.958;-256.011;11:05:58
6636;30.0246;29.8016;-256.751;-256.269;-256.708;-256.888;-256.95;-256.003;11:05:59
6637;30.0168;29.7938;-256.751;-256.262;-256.7;-256.88;-256.942;-256.003;11:05:59
6638;30.0168;29.7938;-256.751;-256.262;-256.708;-256.888;-256.95;-256.003;11:06:00
6639;30.0246;29.7938;-256.751;-256.262;-256.7;-256.895;-256.95;-256.003;11:06:00
6640;30.0246;29.8016;-256.747;-256.262;-256.7;-256.888;-256.95;-256.011;11:06:01
6641;30.0246;29.7938;-256.743;-256.262;-256.708;-256.888;-256.95;-256.003;11:06:01
6642;30.0246;29.7938;-256.739;-256.262;-256.715;-256.895;-256.942;-256.011;11:06:02
6643;30.0246;29.7938;-256.743;-256.262;-256.708;-256.895;-256.95;-256.003;11:06:02
6644;30.0168;29.8016;-256.743;-256.269;-256.708;-256.888;-256.95;-256.003;11:06:03
6645;30.0246;29.7938;-256.743;-256.262;-256.708;-256.895;-256.95;-256.011;11:06:03
6646;30.0168;29.8016;-256.747;-256.262;-256.7;-256.895;-256.95;-256.011;11:06:04
6647;30.0246;29.8016;-256.743;-256.262;-256.708;-256.888;-256.95;-256.003;11:06:04
6648;30.0246;29.8016;-256.743;-256.262;-256.708;-256.895;-256.942;-256.011;11:06:05
6649;30.0285;29.8016;-256.735;-256.262;-256.708;-256.888;-256.95;-256.003;11:06:05
6650;30.0246;29.8094;-256.743;-256.262;-256.708;-256.888;-256.942;-256.003;11:06:06
6651;30.0246;29.7938;-256.735;-256.262;-256.715;-256.895;-256.95;-256.003;11:06:06
6652;30.0246;29.8016;-256.743;-256.262;-256.708;-256.888;-256.942;-256.011;11:06:07
6653;30.0246;29.8016;-256.735;-256.269;-256.708;-256.895;-256.935;-256.003;11:06:07
6654;30.0285;29.8016;-256.735;-256.262;-256.708;-256.888;-256.942;-256.003;11:06:08
6655;30.0285;29.8094;-256.743;-256.269;-256.708;-256.888;-256.935;-256.011;11:06:08
6656;30.0285;29.8016;-256.743;-256.262;-256.715;-256.895;-256.942;-255.996;11:06:09
6657;30.0246;29.8172;-256.743;-256.269;-256.708;-256.888;-256.942;-256.003;11:06:09
6658;30.0285;29.8094;-256.743;-256.269;-256.715;-256.895;-256.942;-256.003;11:06:10
6659;30.0285;29.8094;-256.743;-256.262;-256.715;-256.895;-256.942;-256.011;11:06:10
6660;30.0285;29.8016;-256.743;-256.262;-256.708;-256.888;-256.942;-256.003;11:06:11
6661;30.0246;29.8016;-256.743;-256.269;-256.708;-256.888;-256.95;-256.003;11:06:11
6662;30.0285;29.8016;-256.735;-256.262;-256.715;-256.888;-256.942;-256.011;11:06:12
6663;30.0246;29.8016;-256.735;-256.262;-256.708;-256.895;-256.95;-256.003;11:06:12
6664;30.0246;29.8016;-256.735;-256.262;-256.708;-256.888;-256.942;-256.011;11:06:13
6665;30.0285;29.8016;-256.735;-256.269;-256.708;-256.888;-256.95;-256.011;11:06:13
6666;30.0285;29.8016;-256.743;-256.262;-256.708;-256.888;-256.935;-256.011;11:06:14
6667;30.0285;29.8094;-256.747;-256.254;-256.708;-256.888;-256.95;-256.003;11:06:14
6668;30.0285;29.8016;-256.743;-256.254;-256.708;-256.895;-256.942;-256.011;11:06:15
6669;30.0285;29.8016;-256.747;-256.254;-256.7;-256.888;-256.942;-256.011;11:06:15
6670;30.0324;29.8016;-256.747;-256.254;-256.708;-256.888;-256.942;-256.003;11:06:16
6671;30.0324;29.8094;-256.743;-256.254;-256.708;-256.888;-256.942;-256.011;11:06:16
6672;30.0324;29.8094;-256.743;-256.262;-256.708;-256.895;-256.942;-256.003;11:06:17
6673;30.0363;29.8172;-256.747;-256.254;-256.708;-256.88;-256.95;-256.011;11:06:17
6674;30.0324;29.8172;-256.751;-256.262;-256.708;-256.888;-256.942;-255.996;11:06:18
6675;30.0363;29.8172;-256.751;-256.254;-256.715;-256.888;-256.95;-256.011;11:06:18
6676;30.0324;29.8094;-256.747;-256.254;-256.708;-256.888;-256.942;-256.003;11:06:19
6677;30.0324;29.8094;-256.743;-256.254;-256.715;-256.888;-256.942;-256.011;11:06:19
6678;30.0363;29.8094;-256.751;-256.258;-256.7;-256.888;-256.942;-256.003;11:06:20
6679;30.0324;29.8094;-256.743;-256.258;-256.715;-256.88;-256.942;-256.011;11:06:20
6680;30.0324;29.8094;-256.747;-256.254;-256.7;-256.888;-256.942;-256.011;11:06:21
6681;30.0363;29.8172;-256.743;-256.254;-256.708;-256.888;-256.942;-256.003;11:06:21
6682;30.0324;29.8172;-256.747;-256.254;-256.708;-256.88;-256.935;-256.011;11:06:22
6683;30.0363;29.8094;-256.747;-256.254;-256.708;-256.88;-256.942;-256.019;11:06:22
6684;30.0324;29.8172;-256.747;-256.25;-256.708;-256.888;-256.95;-256.011;11:06:23
6685;30.0363;29.8172;-256.743;-256.254;-256.7;-256.888;-256.942;-256.011;11:06:23
6686;30.0363;29.8094;-256.743;-256.262;-256.708;-256.888;-256.942;-256.011;11:06:24
6687;30.0363;29.8172;-256.743;-256.254;-256.708;-256.888;-256.942;-256.003;11:06:24
6688;30.0363;29.8094;-256.743;-256.262;-256.7;-256.88;-256.95;-256.011;11:06:25
6689;30.0363;29.8094;-256.739;-256.262;-256.708;-256.888;-256.942;-256.003;11:06:25
6690;30.0403;29.8094;-256.743;-256.262;-256.708;-256.895;-256.95;-256.011;11:06:26
6691;30.0363;29.8172;-256.747;-256.262;-256.708;-256.888;-256.95;-256.003;11:06:26
6692;30.0403;29.8172;-256.743;-256.269;-256.708;-256.888;-256.942;-256.011;11:06:27
6693;30.0403;29.8094;-256.743;-256.262;-256.7;-256.888;-256.942;-256.003;11:06:27
6694;30.0363;29.8172;-256.747;-256.269;-256.708;-256.888;-256.958;-256.011;11:06:28
6695;30.0403;29.8094;-256.747;-256.254;-256.708;-256.888;-256.942;-256.003;11:06:28
6696;30.0403;29.8094;-256.747;-256.262;-256.708;-256.888;-256.95;-256.011;11:06:29
6697;30.0363;29.8172;-256.755;-256.262;-256.708;-256.88;-256.95;-256.011;11:06:29
6698;30.0403;29.8251;-256.747;-256.254;-256.708;-256.888;-256.95;-256.011;11:06:30
6699;30.0403;29.8172;-256.751;-256.262;-256.708;-256.888;-256.958;-256.011;11:06:30
6700;30.0363;29.8172;-256.751;-256.254;-256.708;-256.888;-256.958;-256.011;11:06:31
6701;30.0363;29.8251;-256.751;-256.262;-256.7;-256.888;-256.95;-256.003;11:06:31
6702;30.0403;29.8251;-256.751;-256.254;-256.708;-256.888;-256.95;-256.003;11:06:32
6703;30.0363;29.8251;-256.751;-256.254;-256.708;-256.888;-256.942;-256.011;11:06:32
6704;30.0403;29.8251;-256.751;-256.262;-256.708;-256.888;-256.95;-256.003;11:06:33
6705;30.0363;29.8329;-256.755;-256.258;-256.7;-256.888;-256.95;-256.011;11:06:33
6706;30.0403;29.8329;-256.755;-256.254;-256.708;-256.88;-256.942;-256.011;11:06:34
6707;30.0403;29.8329;-256.755;-256.254;-256.692;-256.888;-256.95;-256.011;11:06:34
6708;30.0403;29.8329;-256.755;-256.262;-256.7;-256.895;-256.942;-256.019;11:06:35
6709;30.0403;29.8329;-256.755;-256.254;-256.7;-256.88;-256.95;-256.003;11:06:35
6710;30.0363;29.8329;-256.755;-256.262;-256.7;-256.895;-256.95;-256.011;11:06:36
6711;30.0403;29.8329;-256.755;-256.254;-256.7;-256.888;-256.95;-256.003;11:06:36
6712;30.0403;29.8251;-256.755;-256.262;-256.708;-256.88;-256.942;-256.011;11:06:37
6713;30.0363;29.8329;-256.758;-256.262;-256.708;-256.888;-256.942;-256.003;11:06:37
6714;30.0403;29.8251;-256.755;-256.262;-256.7;-256.888;-256.95;-256.011;11:06:38
6715;30.0363;29.8329;-256.751;-256.262;-256.708;-256.88;-256.95;-256.003;11:06:38
6716;30.0403;29.8329;-256.755;-256.262;-256.708;-256.888;-256.95;-256.011;11:06:39
6717;30.0403;29.8251;-256.755;-256.262;-256.708;-256.888;-256.95;-256.003;11:06:39
6718;30.0363;29.8329;-256.751;-256.254;-256.708;-256.888;-256.95;-256.011;11:06:40
6719;30.0403;29.8329;-256.755;-256.262;-256.715;-256.88;-256.95;-256.011;11:06:40
6720;30.0403;29.8329;-256.758;-256.262;-256.708;-256.88;-256.942;-256.011;11:06:41
6721;30.0442;29.8329;-256.755;-256.254;-256.7;-256.872;-256.95;-256.003;11:06:41
6722;30.0403;29.8329;-256.755;-256.262;-256.708;-256.88;-256.942;-256.011;11:06:42
6723;30.0442;29.8329;-256.751;-256.262;-256.708;-256.88;-256.95;-256.011;11:06:42
6724;30.0403;29.8329;-256.751;-256.262;-256.7;-256.872;-256.942;-256.011;11:06:43
6725;30.0442;29.8329;-256.751;-256.262;-256.715;-256.88;-256.942;-256.011;11:06:43
6726;30.052;29.8251;-256.751;-256.254;-256.7;-256.88;-256.95;-256.011;11:06:44
6727;30.0403;29.8329;-256.751;-256.262;-256.715;-256.88;-256.95;-256.011;11:06:44
6728;30.0442;29.8407;-256.751;-256.254;-256.708;-256.88;-256.935;-256.019;11:06:45
6729;30.0363;29.8329;-256.755;-256.262;-256.708;-256.888;-256.95;-256.019;11:06:45
6730;30.0363;29.8329;-256.751;-256.262;-256.708;-256.88;-256.942;-256.011;11:06:46
6731;30.0363;29.8329;-256.751;-256.254;-256.708;-256.888;-256.942;-256.011;11:06:46
6732;30.0324;29.8329;-256.747;-256.262;-256.715;-256.88;-256.95;-256.019;11:06:47
6733;30.0363;29.8329;-256.751;-256.262;-256.7;-256.888;-256.942;-256.003;11:06:47
6734;30.0324;29.8329;-256.755;-256.262;-256.708;-256.88;-256.95;-256.011;11:06:48
6735;30.0324;29.8329;-256.751;-256.254;-256.708;-256.888;-256.942;-256.011;11:06:48
6736;30.0324;29.8251;-256.751;-256.262;-256.708;-256.88;-256.95;-256.019;11:06:49
6737;30.0324;29.8329;-256.755;-256.262;-256.708;-256.888;-256.942;-256.011;11:06:49
6738;30.0285;29.8251;-256.758;-256.262;-256.708;-256.895;-256.942;-256.011;11:06:50
6739;30.0285;29.8329;-256.751;-256.262;-256.7;-256.888;-256.95;-256.011;11:06:50
6740;30.0246;29.8172;-256.751;-256.262;-256.715;-256.895;-256.95;-256.011;11:06:51
6741;30.0246;29.8251;-256.747;-256.269;-256.708;-256.888;-256.95;-256.019;11:06:51
6742;30.0246;29.8251;-256.751;-256.262;-256.7;-256.895;-256.958;-256.011;11:06:52
6743;30.0285;29.8251;-256.747;-256.269;-256.715;-256.888;-256.958;-256.019;11:06:52
6744;30.0246;29.8251;-256.751;-256.254;-256.7;-256.888;-256.95;-256.011;11:06:53
6745;30.0246;29.8172;-256.747;-256.262;-256.7;-256.888;-256.95;-256.011;11:06:53
6746;30.0246;29.8094;-256.747;-256.262;-256.7;-256.888;-256.95;-256.011;11:06:54
6747;30.0168;29.8172;-256.751;-256.262;-256.708;-256.895;-256.942;-256.019;11:06:54
6748;30.0246;29.8172;-256.751;-256.262;-256.7;-256.895;-256.95;-256.011;11:06:55
6749;30.0168;29.8172;-256.747;-256.262;-256.708;-256.888;-256.942;-256.003;11:06:55
6750;30.0168;29.8094;-256.747;-256.262;-256.7;-256.895;-256.942;-256.011;11:06:56
6751;30.0168;29.8172;-256.747;-256.262;-256.708;-256.888;-256.95;-256.011;11:06:56
6752;30.0168;29.8094;-256.751;-256.269;-256.7;-256.888;-256.966;-256.011;11:06:57
6753;30.0168;29.8094;-256.747;-256.262;-256.708;-256.88;-256.942;-256.011;11:06:57
6754;30.0168;29.8094;-256.747;-256.262;-256.7;-256.888;-256.95;-256.019;11:06:58
6755;30.0011;29.8016;-256.747;-256.269;-256.7;-256.888;-256.95;-256.011;11:06:58
6756;30.009;29.8094;-256.743;-256.262;-256.708;-256.888;-256.958;-256.011;11:06:59
6757;29.9933;29.8016;-256.751;-256.254;-256.708;-256.888;-256.95;-256.011;11:06:59
6758;30.0011;29.8016;-256.751;-256.262;-256.7;-256.888;-256.95;-256.011;11:07:00
6759;30.0011;29.8016;-256.751;-256.262;-256.708;-256.888;-256.95;-256.011;11:07:00
6760;29.9933;29.7938;-256.758;-256.254;-256.7;-256.895;-256.95;-256.003;11:07:01
6761;30.0011;29.8016;-256.755;-256.262;-256.708;-256.895;-256.95;-256.011;11:07:01
6762;29.9933;29.8016;-256.755;-256.254;-256.708;-256.888;-256.958;-256.011;11:07:02
6763;29.9933;29.7859;-256.755;-256.262;-256.708;-256.895;-256.958;-256.003;11:07:02
6764;29.9855;29.7938;-256.755;-256.262;-256.7;-256.895;-256.942;-256.011;11:07:03
6765;29.9855;29.7938;-256.751;-256.254;-256.708;-256.895;-256.95;-256.011;11:07:03
6766;29.9777;29.7859;-256.755;-256.262;-256.708;-256.895;-256.958;-256.019;11:07:04
6767;29.9777;29.7859;-256.751;-256.254;-256.708;-256.895;-256.958;-256.011;11:07:04
6768;29.9777;29.7781;-256.755;-256.254;-256.708;-256.895;-256.958;-256.011;11:07:05
6769;29.9855;29.7859;-256.751;-256.262;-256.7;-256.895;-256.95;-256.003;11:07:05
6770;29.9777;29.7859;-256.755;-256.262;-256.7;-256.888;-256.966;-256.011;11:07:06
6771;29.9855;29.7859;-256.755;-256.254;-256.7;-256.895;-256.95;-256.011;11:07:06
6772;29.9777;29.7859;-256.751;-256.262;-256.7;-256.888;-256.95;-256.003;11:07:07
6773;29.9855;29.7859;-256.758;-256.254;-256.708;-256.895;-256.95;-256.011;11:07:07
6774;29.9777;29.7859;-256.755;-256.262;-256.7;-256.895;-256.958;-256.003;11:07:08
6775;29.9855;29.7781;-256.751;-256.254;-256.708;-256.895;-256.958;-256.011;11:07:08
6776;29.9698;29.7781;-256.755;-256.262;-256.7;-256.895;-256.95;-256.003;11:07:09
6777;29.9777;29.7859;-256.755;-256.262;-256.7;-256.895;-256.95;-256.019;11:07:09
6778;29.9777;29.7781;-256.751;-256.254;-256.708;-256.888;-256.95;-256.011;11:07:10
6779;29.9777;29.7703;-256.755;-256.262;-256.7;-256.895;-256.958;-256.011;11:07:10
6780;29.9698;29.7859;-256.751;-256.254;-256.7;-256.895;-256.95;-256.011;11:07:11
6781;29.9777;29.7781;-256.755;-256.262;-256.7;-256.895;-256.95;-256.011;11:07:11
6782;29.9698;29.7859;-256.755;-256.262;-256.7;-256.895;-256.958;-256.011;11:07:12
6783;29.962;29.7781;-256.755;-256.254;-256.7;-256.888;-256.95;-256.011;11:07:12
6784;29.9698;29.7781;-256.751;-256.254;-256.7;-256.895;-256.95;-256.011;11:07:13
6785;29.9698;29.7781;-256.755;-256.262;-256.7;-256.895;-256.95;-256.011;11:07:13
6786;29.9698;29.7781;-256.758;-256.254;-256.692;-256.895;-256.95;-256.011;11:07:14
6787;29.962;29.7703;-256.755;-256.262;-256.7;-256.888;-256.95;-256.011;11:07:14
6788;29.9698;29.7781;-256.751;-256.262;-256.7;-256.895;-256.942;-256.011;11:07:15
6789;29.9698;29.7703;-256.758;-256.254;-256.7;-256.895;-256.942;-256.011;11:07:15
6790;29.9698;29.7703;-256.751;-256.254;-256.692;-256.895;-256.942;-256.003;11:07:16
6791;29.9698;29.7703;-256.751;-256.254;-256.7;-256.895;-256.95;-256.011;11:07:16
6792;29.9698;29.7781;-256.755;-256.254;-256.692;-256.888;-256.942;-256.011;11:07:17
6793;29.9698;29.7781;-256.755;-256.258;-256.7;-256.895;-256.942;-256.019;11:07:17
6794;29.9698;29.7781;-256.751;-256.258;-256.7;-256.895;-256.95;-256.011;11:07:18
6795;29.9698;29.7781;-256.755;-256.25;-256.7;-256.895;-256.958;-256.011;11:07:18
6796;29.9698;29.7781;-256.751;-256.254;-256.692;-256.895;-256.95;-256.011;11:07:19
6797;29.962;29.7781;-256.755;-256.262;-256.7;-256.895;-256.942;-256.011;11:07:19
6798;29.9698;29.7781;-256.751;-256.254;-256.7;-256.895;-256.958;-256.003;11:07:20
6799;29.962;29.7703;-256.751;-256.254;-256.7;-256.895;-256.958;-256.011;11:07:20
6800;29.9698;29.7703;-256.755;-256.262;-256.7;-256.895;-256.95;-256.003;11:07:21
6801;29.9698;29.7781;-256.751;-256.262;-256.7;-256.895;-256.958;-256.011;11:07:21
6802;29.9777;29.7781;-256.751;-256.254;-256.692;-256.895;-256.958;-256.011;11:07:22
6803;29.9698;29.7703;-256.747;-256.262;-256.7;-256.895;-256.958;-256.003;11:07:22
6804;29.9777;29.7781;-256.751;-256.254;-256.692;-256.895;-256.95;-256.011;11:07:23
6805;29.9777;29.7859;-256.751;-256.254;-256.7;-256.888;-256.95;-256.011;11:07:23
6806;29.9777;29.7781;-256.755;-256.262;-256.7;-256.888;-256.95;-256.011;11:07:24
6807;29.9777;29.7703;-256.755;-256.254;-256.7;-256.888;-256.95;-256.011;11:07:24
6808;29.9855;29.7859;-256.751;-256.269;-256.692;-256.888;-256.95;-256.003;11:07:25
6809;29.9777;29.7859;-256.755;-256.254;-256.692;-256.888;-256.942;-256.011;11:07:25
6810;29.9855;29.7859;-256.755;-256.265;-256.692;-256.888;-256.95;-256.003;11:07:26
6811;29.9777;29.7938;-256.755;-256.254;-256.7;-256.888;-256.958;-256.003;11:07:26
6812;29.9777;29.7859;-256.758;-256.254;-256.692;-256.888;-256.95;-256.003;11:07:27
6813;29.9777;29.7859;-256.755;-256.254;-256.7;-256.895;-256.95;-256.011;11:07:27
6814;29.9698;29.7938;-256.755;-256.262;-256.692;-256.888;-256.942;-256.003;11:07:28
6815;29.9777;29.7781;-256.751;-256.254;-256.692;-256.895;-256.95;-255.996;11:07:28
6816;29.9777;29.7859;-256.755;-256.262;-256.692;-256.888;-256.942;-256.003;11:07:29
6817;29.9777;29.7859;-256.751;-256.262;-256.7;-256.895;-256.95;-256.003;11:07:29
6818;29.9777;29.7781;-256.755;-256.262;-256.692;-256.895;-256.95;-256.003;11:07:30
6819;29.9777;29.7859;-256.751;-256.269;-256.7;-256.895;-256.95;-256.003;11:07:30
6820;29.9777;29.7859;-256.755;-256.254;-256.7;-256.895;-256.95;-255.996;11:07:31
6821;29.9777;29.7938;-256.755;-256.262;-256.7;-256.895;-256.95;-256.003;11:07:31
6822;29.9855;29.7859;-256.755;-256.262;-256.692;-256.895;-256.942;-256.003;11:07:32
6823;29.9777;29.7938;-256.755;-256.262;-256.7;-256.888;-256.958;-256.003;11:07:32
6824;29.9933;29.7938;-256.751;-256.262;-256.7;-256.895;-256.95;-256.003;11:07:33
6825;29.9855;29.7938;-256.758;-256.269;-256.7;-256.888;-256.95;-256.003;11:07:33
6826;29.9855;29.7938;-256.751;-256.262;-256.7;-256.895;-256.95;-256.003;11:07:34
6827;29.9855;29.8016;-256.755;-256.269;-256.692;-256.888;-256.95;-255.996;11:07:34
6828;29.9855;29.7938;-256.755;-256.269;-256.7;-256.903;-256.942;-256.003;11:07:35
6829;29.9855;29.8016;-256.755;-256.262;-256.7;-256.895;-256.942;-256.003;11:07:35
6830;29.9855;29.8016;-256.755;-256.262;-256.7;-256.895;-256.95;-256.003;11:07:36
6831;29.9855;29.8016;-256.751;-256.262;-256.7;-256.895;-256.958;-255.996;11:07:36
6832;29.9855;29.8016;-256.755;-256.262;-256.7;-256.895;-256.95;-256.003;11:07:37
6833;29.9855;29.7938;-256.755;-256.262;-256.692;-256.895;-256.942;-256.003;11:07:37
6834;29.9855;29.8016;-256.751;-256.262;-256.7;-256.895;-256.95;-256.003;11:07:38
6835;29.9855;29.7938;-256.755;-256.262;-256.7;-256.895;-256.95;-256.011;11:07:38
6836;29.9855;29.7938;-256.751;-256.269;-256.7;-256.895;-256.95;-256.003;11:07:39
6837;29.9933;29.7938;-256.758;-256.262;-256.7;-256.903;-256.942;-256.011;11:07:39
6838;29.9855;29.8016;-256.755;-256.262;-256.7;-256.895;-256.942;-256.011;11:07:40
6839;29.9933;29.7938;-256.751;-256.262;-256.692;-256.895;-256.95;-256.003;11:07:40
6840;29.9933;29.8016;-256.747;-256.262;-256.7;-256.888;-256.95;-256.011;11:07:41
6841;29.9855;29.8016;-256.743;-256.262;-256.7;-256.895;-256.942;-256.003;11:07:41
6842;29.9855;29.7938;-256.743;-256.262;-256.7;-256.888;-256.95;-256.003;11:07:42
6843;29.9933;29.8016;-256.747;-256.262;-256.708;-256.895;-256.942;-256.003;11:07:42
6844;29.9933;29.8016;-256.743;-256.262;-256.7;-256.895;-256.942;-256.003;11:07:43
6845;29.9855;29.8094;-256.747;-256.269;-256.7;-256.903;-256.942;-256.003;11:07:43
6846;29.9933;29.8016;-256.747;-256.262;-256.7;-256.895;-256.95;-256.011;11:07:44
6847;29.9933;29.8016;-256.739;-256.269;-256.7;-256.895;-256.958;-256.003;11:07:44
6848;29.9933;29.8094;-256.747;-256.262;-256.708;-256.903;-256.942;-256.003;11:07:45
6849;29.9933;29.8016;-256.747;-256.262;-256.708;-256.895;-256.95;-256.011;11:07:45
6850;29.9933;29.8016;-256.747;-256.262;-256.7;-256.903;-256.95;-256.003;11:07:46
6851;29.9933;29.8094;-256.743;-256.254;-256.715;-256.888;-256.95;-256.003;11:07:46
6852;30.0011;29.8016;-256.747;-256.254;-256.7;-256.895;-256.942;-256.011;11:07:47
6853;29.9933;29.8094;-256.751;-256.254;-256.708;-256.888;-256.942;-256.011;11:07:47
6854;30.0011;29.8016;-256.747;-256.25;-256.708;-256.888;-256.942;-256.003;11:07:48
6855;29.9933;29.8094;-256.747;-256.254;-256.7;-256.888;-256.95;-256.011;11:07:48
6856;30.0011;29.8016;-256.747;-256.254;-256.7;-256.895;-256.95;-256.011;11:07:49
6857;29.9933;29.8016;-256.743;-256.262;-256.708;-256.888;-256.942;-256.003;11:07:49
6858;30.0011;29.7938;-256.747;-256.262;-256.7;-256.895;-256.95;-256.011;11:07:50
6859;29.9933;29.8016;-256.747;-256.254;-256.7;-256.888;-256.942;-256.003;11:07:50
6860;29.9933;29.8016;-256.743;-256.262;-256.708;-256.895;-256.942;-256.019;11:07:51
6861;30.0011;29.8094;-256.747;-256.254;-256.708;-256.895;-256.95;-256.011;11:07:51
6862;30.0011;29.8094;-256.747;-256.254;-256.7;-256.895;-256.942;-256.003;11:07:52
6863;30.0011;29.8094;-256.747;-256.254;-256.708;-256.895;-256.95;-256.011;11:07:52
6864;29.9933;29.8016;-256.747;-256.262;-256.708;-256.895;-256.942;-256.011;11:07:53
6865;30.0011;29.8094;-256.747;-256.254;-256.7;-256.888;-256.95;-256.003;11:07:53
6866;30.0011;29.7938;-256.751;-256.254;-256.708;-256.895;-256.935;-256.011;11:07:54
6867;29.9933;29.8016;-256.751;-256.262;-256.708;-256.895;-256.95;-256.003;11:07:54
6868;30.0011;29.8016;-256.747;-256.262;-256.7;-256.895;-256.958;-256.011;11:07:55
6869;30.0011;29.8016;-256.747;-256.254;-256.7;-256.888;-256.958;-256.003;11:07:55
6870;30.0011;29.7938;-256.755;-256.262;-256.708;-256.895;-256.958;-256.011;11:07:56
6871;30.009;29.8016;-256.755;-256.262;-256.7;-256.895;-256.95;-256.003;11:07:56
6872;30.0011;29.8016;-256.755;-256.254;-256.708;-256.895;-256.95;-256.011;11:07:57
6873;30.009;29.8094;-256.755;-256.262;-256.708;-256.895;-256.95;-256.003;11:07:57
6874;30.0011;29.8016;-256.755;-256.254;-256.7;-256.895;-256.95;-256.003;11:07:58
6875;30.0011;29.8016;-256.751;-256.262;-256.708;-256.895;-256.95;-256.003;11:07:58
6876;30.009;29.7938;-256.755;-256.262;-256.708;-256.903;-256.958;-255.996;11:07:59
6877;30.0011;29.8016;-256.751;-256.262;-256.715;-256.895;-256.95;-256.011;11:07:59
6878;30.009;29.8016;-256.755;-256.254;-256.708;-256.888;-256.95;-256.003;11:08:00
6879;30.0011;29.8016;-256.755;-256.262;-256.708;-256.888;-256.95;-256.011;11:08:00
6880;30.009;29.8016;-256.751;-256.254;-256.7;-256.895;-256.95;-256.003;11:08:01
6881;30.0011;29.8016;-256.751;-256.254;-256.708;-256.895;-256.95;-256.003;11:08:01
6882;30.0168;29.8016;-256.751;-256.262;-256.708;-256.895;-256.95;-256.003;11:08:02
6883;30.0011;29.8016;-256.755;-256.254;-256.708;-256.895;-256.958;-256.003;11:08:02
6884;30.0011;29.8094;-256.751;-256.262;-256.708;-256.895;-256.95;-256.003;11:08:03
6885;30.0011;29.8016;-256.755;-256.254;-256.708;-256.888;-256.942;-256.003;11:08:03
6886;30.0011;29.8016;-256.751;-256.254;-256.708;-256.888;-256.942;-255.996;11:08:04
6887;30.0011;29.8016;-256.755;-256.262;-256.715;-256.888;-256.95;-255.996;11:08:04
6888;30.0011;29.8016;-256.755;-256.254;-256.708;-256.888;-256.95;-256.003;11:08:05
6889;30.0011;29.8016;-256.751;-256.262;-256.708;-256.895;-256.95;-256.003;11:08:05
6890;30.0011;29.8016;-256.755;-256.254;-256.708;-256.888;-256.958;-256.003;11:08:06
6891;29.9933;29.8016;-256.755;-256.254;-256.715;-256.888;-256.95;-256.003;11:08:06
6892;30.0011;29.8016;-256.755;-256.254;-256.708;-256.895;-256.942;-256.003;11:08:07
6893;29.9933;29.8016;-256.755;-256.254;-256.708;-256.895;-256.95;-256.003;11:08:07
6894;29.9933;29.8016;-256.751;-256.254;-256.715;-256.888;-256.95;-256.003;11:08:08
6895;30.0011;29.8016;-256.751;-256.254;-256.708;-256.88;-256.966;-256.003;11:08:08
6896;30.0011;29.8094;-256.751;-256.262;-256.708;-256.895;-256.95;-255.996;11:08:09
6897;30.0011;29.8016;-256.751;-256.254;-256.715;-256.888;-256.95;-256.011;11:08:09
6898;30.0011;29.8094;-256.751;-256.254;-256.708;-256.88;-256.95;-256.003;11:08:10
6899;30.009;29.8016;-256.751;-256.254;-256.715;-256.888;-256.942;-256.003;11:08:10
6900;30.0011;29.8094;-256.751;-256.254;-256.708;-256.888;-256.95;-256.003;11:08:11
6901;30.009;29.8016;-256.747;-256.262;-256.708;-256.888;-256.95;-256.003;11:08:11
6902;30.009;29.8094;-256.747;-256.254;-256.7;-256.888;-256.942;-256.003;11:08:12
6903;30.009;29.8016;-256.743;-256.254;-256.708;-256.888;-256.95;-256.003;11:08:12
6904;30.0168;29.8094;-256.743;-256.262;-256.708;-256.888;-256.95;-256.003;11:08:13
6905;30.0168;29.8016;-256.747;-256.254;-256.708;-256.888;-256.95;-256.003;11:08:13
6906;30.0168;29.8094;-256.751;-256.262;-256.708;-256.88;-256.942;-256.003;11:08:14
6907;30.009;29.8094;-256.747;-256.254;-256.715;-256.888;-256.942;-256.003;11:08:14
6908;30.009;29.8094;-256.747;-256.262;-256.708;-256.895;-256.95;-256.003;11:08:15
6909;30.0168;29.8094;-256.743;-256.254;-256.708;-256.888;-256.942;-256.011;11:08:15
6910;30.0011;29.8094;-256.743;-256.254;-256.708;-256.895;-256.95;-256.003;11:08:16
6911;30.009;29.8016;-256.739;-256.254;-256.715;-256.895;-256.942;-256.003;11:08:16
6912;30.009;29.8172;-256.735;-256.262;-256.708;-256.895;-256.942;-256.003;11:08:17
6913;30.0168;29.8172;-256.743;-256.254;-256.715;-256.888;-256.95;-255.996;11:08:17
6914;30.0168;29.8094;-256.747;-256.254;-256.708;-256.895;-256.942;-256.011;11:08:18
6915;30.009;29.8094;-256.747;-256.254;-256.715;-256.888;-256.95;-256.003;11:08:18
6916;30.0168;29.8172;-256.743;-256.262;-256.708;-256.888;-256.95;-256.003;11:08:19
6917;30.009;29.8172;-256.743;-256.254;-256.708;-256.895;-256.95;-255.996;11:08:19
6918;30.009;29.8172;-256.751;-256.254;-256.708;-256.888;-256.958;-256.003;11:08:20
6919;30.009;29.8172;-256.747;-256.254;-256.708;-256.888;-256.958;-256.003;11:08:20
6920;30.0168;29.8172;-256.747;-256.258;-256.708;-256.895;-256.942;-256.003;11:08:21
6921;30.009;29.8172;-256.747;-256.258;-256.708;-256.895;-256.95;-256.003;11:08:21
6922;30.0168;29.8172;-256.747;-256.254;-256.708;-256.888;-256.95;-256.003;11:08:22
6923;30.009;29.8094;-256.747;-256.254;-256.708;-256.888;-256.942;-256.003;11:08:22
6924;30.0168;29.8172;-256.747;-256.254;-256.708;-256.888;-256.95;-256.011;11:08:23
6925;30.009;29.8094;-256.751;-256.25;-256.715;-256.888;-256.95;-256.003;11:08:23
6926;30.0168;29.8094;-256.747;-256.262;-256.708;-256.888;-256.942;-256.003;11:08:24
6927;30.0168;29.8094;-256.751;-256.25;-256.708;-256.888;-256.95;-256.011;11:08:24
6928;30.0168;29.8172;-256.751;-256.254;-256.708;-256.895;-256.942;-256.003;11:08:25
6929;30.0246;29.8016;-256.747;-256.262;-256.708;-256.888;-256.958;-256.003;11:08:25
6930;30.009;29.8172;-256.751;-256.254;-256.708;-256.888;-256.95;-256.003;11:08:26
6931;30.0168;29.8251;-256.751;-256.269;-256.7;-256.895;-256.95;-256.011;11:08:26
6932;30.009;29.8094;-256.747;-256.262;-256.708;-256.888;-256.958;-256.003;11:08:27
6933;30.009;29.8172;-256.747;-256.262;-256.708;-256.895;-256.95;-256.003;11:08:27
6934;30.0168;29.8172;-256.747;-256.262;-256.708;-256.888;-256.95;-256.003;11:08:28
6935;30.0168;29.8172;-256.747;-256.269;-256.708;-256.888;-256.95;-256.003;11:08:28
6936;30.0246;29.8172;-256.747;-256.269;-256.708;-256.895;-256.95;-256.011;11:08:29
6937;30.0168;29.8251;-256.747;-256.262;-256.708;-256.888;-256.958;-256.003;11:08:29
6938;30.0168;29.8172;-256.747;-256.269;-256.715;-256.888;-256.95;-256.011;11:08:30
6939;30.0246;29.8251;-256.747;-256.262;-256.7;-256.888;-256.95;-256.003;11:08:30
6940;30.0246;29.8172;-256.747;-256.262;-256.708;-256.888;-256.958;-256.003;11:08:31
6941;30.0168;29.8094;-256.743;-256.269;-256.708;-256.895;-256.95;-256.011;11:08:31
6942;30.0168;29.8172;-256.743;-256.254;-256.708;-256.888;-256.958;-256.003;11:08:32
6943;30.0168;29.8094;-256.747;-256.269;-256.7;-256.895;-256.95;-256.011;11:08:32
6944;30.0168;29.8172;-256.747;-256.262;-256.708;-256.895;-256.95;-256.003;11:08:33
6945;30.0285;29.8172;-256.747;-256.262;-256.7;-256.895;-256.95;-256.003;11:08:33
6946;30.0246;29.8172;-256.743;-256.262;-256.7;-256.895;-256.95;-256.003;11:08:34
6947;30.0207;29.8094;-256.747;-256.269;-256.708;-256.895;-256.95;-256.003;11:08:34
6948;30.0246;29.8016;-256.747;-256.262;-256.708;-256.895;-256.942;-256.003;11:08:35
6949;30.0246;29.8172;-256.743;-256.262;-256.708;-256.895;-256.95;-256.011;11:08:35
6950;30.0285;29.8094;-256.747;-256.269;-256.708;-256.895;-256.95;-256.003;11:08:36
6951;30.0246;29.8094;-256.743;-256.262;-256.708;-256.895;-256.95;-256.003;11:08:36
6952;30.0246;29.8172;-256.735;-256.269;-256.715;-256.888;-256.942;-256.011;11:08:37
6953;30.0246;29.8172;-256.743;-256.262;-256.708;-256.895;-256.95;-256.003;11:08:37
6954;30.0246;29.8251;-256.743;-256.269;-256.715;-256.888;-256.95;-256.003;11:08:38
6955;30.0246;29.8251;-256.743;-256.269;-256.715;-256.895;-256.95;-256.003;11:08:38
6956;30.0285;29.8172;-256.739;-256.269;-256.715;-256.888;-256.95;-256.011;11:08:39
6957;30.0285;29.8251;-256.743;-256.262;-256.708;-256.895;-256.942;-256.011;11:08:39
6958;30.0246;29.8172;-256.743;-256.269;-256.715;-256.895;-256.95;-256.003;11:08:40
6959;30.0246;29.8172;-256.743;-256.262;-256.715;-256.888;-256.95;-256.003;11:08:40
6960;30.0285;29.8172;-256.747;-256.262;-256.708;-256.895;-256.958;-256.011;11:08:41
6961;30.0285;29.8251;-256.747;-256.269;-256.708;-256.888;-256.958;-256.003;11:08:41
6962;30.0285;29.8172;-256.743;-256.262;-256.708;-256.903;-256.95;-256.003;11:08:42
6963;30.0285;29.8251;-256.743;-256.262;-256.715;-256.888;-256.958;-256.003;11:08:42
6964;30.0324;29.8329;-256.743;-256.254;-256.715;-256.895;-256.95;-256.003;11:08:43
6965;30.0324;29.8172;-256.747;-256.269;-256.708;-256.895;-256.95;-256.011;11:08:43
6966;30.0324;29.8251;-256.747;-256.262;-256.715;-256.895;-256.95;-256.011;11:08:44
6967;30.0246;29.8172;-256.747;-256.262;-256.715;-256.895;-256.95;-256.003;11:08:44
6968;30.0285;29.8172;-256.743;-256.262;-256.715;-256.895;-256.95;-256.003;11:08:45
6969;30.0324;29.8251;-256.747;-256.269;-256.715;-256.895;-256.958;-256.011;11:08:45
6970;30.0285;29.8172;-256.747;-256.262;-256.708;-256.888;-256.95;-256.011;11:08:46
6971;30.0285;29.8251;-256.747;-256.262;-256.708;-256.888;-256.958;-256.011;11:08:46
6972;30.0324;29.8251;-256.747;-256.269;-256.715;-256.895;-256.95;-256.011;11:08:47
6973;30.0246;29.8251;-256.747;-256.269;-256.708;-256.888;-256.958;-256.011;11:08:47
6974;30.0285;29.8329;-256.743;-256.262;-256.715;-256.888;-256.95;-256.003;11:08:48
6975;30.0324;29.8251;-256.747;-256.269;-256.708;-256.895;-256.958;-256.011;11:08:48
6976;30.0324;29.8329;-256.743;-256.262;-256.708;-256.895;-256.95;-256.003;11:08:49
6977;30.0324;29.8251;-256.747;-256.262;-256.715;-256.888;-256.966;-256.003;11:08:49
6978;30.0324;29.8251;-256.743;-256.269;-256.708;-256.888;-256.95;-256.011;11:08:50
6979;30.0324;29.8329;-256.743;-256.262;-256.708;-256.895;-256.95;-256.011;11:08:50
6980;30.0324;29.8329;-256.735;-256.262;-256.715;-256.895;-256.95;-256.003;11:08:51
6981;30.0324;29.8329;-256.743;-256.269;-256.708;-256.895;-256.942;-256.011;11:08:51
6982;30.0324;29.8407;-256.747;-256.262;-256.708;-256.888;-256.95;-256.011;11:08:52
6983;30.0285;29.8329;-256.747;-256.262;-256.708;-256.888;-256.942;-256.003;11:08:52
6984;30.0324;29.8407;-256.751;-256.262;-256.715;-256.888;-256.942;-256.011;11:08:53
6985;30.0324;29.8329;-256.747;-256.262;-256.708;-256.888;-256.942;-256.011;11:08:53
6986;30.0324;29.8329;-256.747;-256.262;-256.708;-256.895;-256.95;-256.003;11:08:54
6987;30.0363;29.8329;-256.751;-256.262;-256.708;-256.888;-256.95;-256.003;11:08:54
6988;30.0363;29.8251;-256.747;-256.254;-256.708;-256.895;-256.95;-256.003;11:08:55
6989;30.0363;29.8329;-256.751;-256.262;-256.708;-256.888;-256.942;-256.011;11:08:55
6990;30.0363;29.8251;-256.751;-256.262;-256.708;-256.895;-256.942;-256.011;11:08:56
6991;30.0363;29.8172;-256.751;-256.262;-256.708;-256.895;-256.95;-256.011;11:08:56
6992;30.0363;29.8251;-256.755;-256.262;-256.708;-256.895;-256.942;-256.003;11:08:57
6993;30.0403;29.8251;-256.755;-256.262;-256.708;-256.888;-256.95;-256.011;11:08:57
6994;30.0363;29.8251;-256.755;-256.262;-256.708;-256.895;-256.935;-256.003;11:08:58
6995;30.0363;29.8172;-256.751;-256.269;-256.715;-256.895;-256.935;-256.003;11:08:58
6996;30.0363;29.8329;-256.755;-256.262;-256.708;-256.888;-256.95;-256.003;11:08:59
6997;30.0363;29.8251;-256.755;-256.262;-256.708;-256.895;-256.942;-255.996;11:08:59
6998;30.0363;29.8251;-256.751;-256.269;-256.708;-256.895;-256.942;-256.003;11:09:00
6999;30.0324;29.8251;-256.755;-256.254;-256.715;-256.888;-256.942;-256.003;11:09:00
7000;30.0363;29.8329;-256.751;-256.269;-256.715;-256.895;-256.95;-255.996;11:09:01
7001;30.0324;29.8251;-256.755;-256.262;-256.715;-256.895;-256.935;-255.996;11:09:01
7002;30.0403;29.8251;-256.751;-256.254;-256.708;-256.888;-256.95;-256.003;11:09:02
7003;30.0363;29.8329;-256.751;-256.262;-256.715;-256.888;-256.935;-256.011;11:09:02
7004;30.0363;29.8251;-256.751;-256.254;-256.708;-256.888;-256.942;-256.003;11:09:03
7005;30.0442;29.8329;-256.751;-256.262;-256.715;-256.895;-256.942;-256.003;11:09:03
7006;30.0403;29.8251;-256.751;-256.254;-256.708;-256.888;-256.942;-255.996;11:09:04
7007;30.0363;29.8251;-256.747;-256.262;-256.708;-256.888;-256.935;-256.003;11:09:04
7008;30.0442;29.8251;-256.751;-256.262;-256.708;-256.888;-256.942;-255.996;11:09:05
7009;30.0403;29.8407;-256.747;-256.262;-256.715;-256.895;-256.95;-256.011;11:09:05
7010;30.0403;29.8329;-256.747;-256.262;-256.715;-256.888;-256.942;-256.003;11:09:06
7011;30.0363;29.8329;-256.751;-256.262;-256.708;-256.888;-256.942;-256.011;11:09:06
7012;30.0363;29.8407;-256.751;-256.262;-256.715;-256.888;-256.942;-256.003;11:09:07
7013;30.0403;29.8407;-256.747;-256.254;-256.708;-256.888;-256.95;-256.003;11:09:07
7014;30.0363;29.8407;-256.751;-256.262;-256.708;-256.888;-256.942;-256.011;11:09:08
7015;30.0403;29.8407;-256.751;-256.254;-256.708;-256.895;-256.95;-256.003;11:09:08
7016;30.0403;29.8329;-256.751;-256.254;-256.715;-256.895;-256.942;-256.003;11:09:09
7017;30.0363;29.8329;-256.751;-256.262;-256.7;-256.888;-256.95;-256.003;11:09:09
7018;30.0403;29.8407;-256.751;-256.254;-256.708;-256.888;-256.95;-255.996;11:09:10
7019;30.0363;29.8407;-256.747;-256.262;-256.708;-256.888;-256.942;-256.003;11:09:10
7020;30.0403;29.8407;-256.747;-256.269;-256.708;-256.895;-256.95;-256.003;11:09:11
7021;30.0442;29.8485;-256.751;-256.269;-256.715;-256.888;-256.95;-256.011;11:09:11
7022;30.0403;29.8485;-256.751;-256.269;-256.708;-256.895;-256.958;-256.011;11:09:12
7023;30.052;29.8407;-256.755;-256.262;-256.715;-256.888;-256.95;-256.003;11:09:12
7024;30.0442;29.8485;-256.747;-256.262;-256.708;-256.895;-256.95;-256.003;11:09:13
7025;30.0442;29.8407;-256.751;-256.262;-256.708;-256.895;-256.935;-256.011;11:09:13
7026;30.052;29.8485;-256.751;-256.262;-256.708;-256.895;-256.942;-256.011;11:09:14
7027;30.0403;29.8407;-256.751;-256.254;-256.708;-256.895;-256.935;-256.003;11:09:14
7028;30.0442;29.8407;-256.747;-256.25;-256.708;-256.895;-256.942;-256.011;11:09:15
7029;30.0442;29.8407;-256.755;-256.254;-256.708;-256.888;-256.942;-256.003;11:09:15
7030;30.0403;29.8329;-256.747;-256.262;-256.7;-256.888;-256.942;-256.011;11:09:16
7031;30.0442;29.8485;-256.751;-256.262;-256.708;-256.895;-256.942;-256.011;11:09:16
7032;30.0442;29.8407;-256.755;-256.262;-256.7;-256.888;-256.942;-256.011;11:09:17
7033;30.0403;29.8407;-256.751;-256.262;-256.708;-256.888;-256.942;-256.011;11:09:17
7034;30.0403;29.8407;-256.751;-256.262;-256.7;-256.888;-256.95;-256.003;11:09:18
7035;30.0363;29.8329;-256.755;-256.262;-256.715;-256.888;-256.95;-256.011;11:09:18
7036;30.0403;29.8407;-256.751;-256.269;-256.708;-256.888;-256.95;-256.003;11:09:19
7037;30.0363;29.8329;-256.751;-256.262;-256.708;-256.895;-256.935;-256.003;11:09:19
7038;30.0324;29.8407;-256.751;-256.269;-256.708;-256.888;-256.95;-256.003;11:09:20
7039;30.0285;29.8329;-256.751;-256.262;-256.7;-256.888;-256.942;-256.011;11:09:20
7040;30.0285;29.8329;-256.751;-256.262;-256.708;-256.888;-256.942;-256.011;11:09:21
7041;30.0324;29.8329;-256.751;-256.262;-256.708;-256.888;-256.942;-256.011;11:09:21
7042;30.0285;29.8329;-256.755;-256.262;-256.708;-256.888;-256.935;-256.011;11:09:22
7043;30.0285;29.8251;-256.751;-256.262;-256.708;-256.888;-256.942;-256.011;11:09:22
7044;30.0246;29.8251;-256.751;-256.262;-256.708;-256.88;-256.942;-256.011;11:09:23
7045;30.0246;29.8329;-256.758;-256.254;-256.708;-256.888;-256.95;-256.011;11:09:23
7046;30.0246;29.8251;-256.755;-256.262;-256.708;-256.895;-256.935;-256.003;11:09:24
7047;30.0168;29.8251;-256.755;-256.262;-256.708;-256.888;-256.942;-256.011;11:09:24
7048;30.0168;29.8172;-256.755;-256.269;-256.708;-256.895;-256.942;-256.003;11:09:25
7049;30.009;29.8172;-256.755;-256.269;-256.708;-256.895;-256.942;-256.011;11:09:25
7050;30.009;29.8172;-256.755;-256.262;-256.708;-256.895;-256.942;-256.011;11:09:26
7051;30.009;29.8172;-256.755;-256.269;-256.708;-256.895;-256.95;-256.003;11:09:26
7052;30.0011;29.8251;-256.755;-256.269;-256.708;-256.895;-256.942;-256.003;11:09:27
7053;30.009;29.8172;-256.751;-256.269;-256.708;-256.895;-256.942;-256.003;11:09:27
7054;30.0011;29.8172;-256.751;-256.269;-256.708;-256.895;-256.942;-256.003;11:09:28
7055;30.0011;29.8172;-256.758;-256.269;-256.708;-256.895;-256.942;-255.988;11:09:28
7056;30.0011;29.8172;-256.751;-256.277;-256.708;-256.895;-256.95;-255.996;11:09:29
7057;29.9933;29.8172;-256.755;-256.269;-256.7;-256.895;-256.95;-256.003;11:09:29
7058;29.9777;29.8016;-256.755;-256.269;-256.715;-256.895;-256.942;-256.003;11:09:30
7059;29.9855;29.8016;-256.751;-256.269;-256.708;-256.888;-256.95;-256.003;11:09:30
7060;29.9855;29.8016;-256.755;-256.262;-256.7;-256.888;-256.942;-256.003;11:09:31
7061;29.9777;29.8016;-256.755;-256.277;-256.7;-256.895;-256.942;-256.003;11:09:31
7062;29.9777;29.8016;-256.751;-256.262;-256.7;-256.895;-256.95;-256.011;11:09:32
7063;29.9777;29.7938;-256.755;-256.262;-256.708;-256.888;-256.935;-256.003;11:09:32
7064;29.9777;29.7938;-256.755;-256.269;-256.708;-256.895;-256.942;-256.003;11:09:33
7065;29.9698;29.8016;-256.751;-256.262;-256.7;-256.895;-256.942;-255.996;11:09:33
7066;29.9777;29.7938;-256.751;-256.262;-256.708;-256.903;-256.942;-256.011;11:09:34
7067;29.9698;29.7938;-256.751;-256.262;-256.708;-256.895;-256.942;-255.996;11:09:34
7068;29.9698;29.7938;-256.751;-256.262;-256.708;-256.895;-256.942;-255.996;11:09:35
7069;29.9777;29.7938;-256.755;-256.262;-256.7;-256.903;-256.942;-256.003;11:09:35
7070;29.9698;29.8016;-256.751;-256.254;-256.708;-256.895;-256.942;-256.003;11:09:36
7071;29.9777;29.8016;-256.751;-256.262;-256.708;-256.895;-256.942;-255.996;11:09:36
7072;29.9698;29.7938;-256.751;-256.262;-256.708;-256.903;-256.942;-256.003;11:09:37
7073;29.9698;29.8016;-256.751;-256.262;-256.7;-256.895;-256.935;-256.011;11:09:37
7074;29.9698;29.8016;-256.755;-256.262;-256.715;-256.903;-256.942;-256.003;11:09:38
7075;29.9698;29.7938;-256.751;-256.269;-256.7;-256.895;-256.935;-256.003;11:09:38
7076;29.9698;29.7859;-256.751;-256.262;-256.708;-256.895;-256.942;-256.003;11:09:39
7077;29.9698;29.7938;-256.755;-256.269;-256.708;-256.903;-256.935;-256.003;11:09:39
7078;29.962;29.8016;-256.751;-256.262;-256.708;-256.895;-256.942;-255.996;11:09:40
7079;29.962;29.7938;-256.751;-256.262;-256.7;-256.903;-256.942;-256.003;11:09:40
7080;29.962;29.7859;-256.751;-256.262;-256.708;-256.895;-256.935;-256.003;11:09:41
7081;29.962;29.7938;-256.751;-256.262;-256.708;-256.895;-256.935;-256.011;11:09:41
7082;29.962;29.7938;-256.747;-256.262;-256.708;-256.903;-256.95;-256.003;11:09:42
7083;29.962;29.7938;-256.747;-256.262;-256.708;-256.888;-256.942;-256.003;11:09:42
7084;29.9698;29.7938;-256.747;-256.262;-256.715;-256.903;-256.95;-256.003;11:09:43
7085;29.962;29.7859;-256.751;-256.262;-256.7;-256.895;-256.95;-256.011;11:09:43
7086;29.962;29.7938;-256.747;-256.262;-256.708;-256.895;-256.95;-256.003;11:09:44
7087;29.962;29.7859;-256.747;-256.262;-256.708;-256.895;-256.95;-256.011;11:09:44
7088;29.962;29.7938;-256.751;-256.262;-256.708;-256.895;-256.958;-256.003;11:09:45
7089;29.962;29.7859;-256.751;-256.262;-256.708;-256.895;-256.95;-256.003;11:09:45
7090;29.9698;29.7938;-256.747;-256.262;-256.708;-256.895;-256.942;-256.011;11:09:46
7091;29.9698;29.7938;-256.751;-256.269;-256.708;-256.888;-256.95;-256.003;11:09:46
7092;29.9698;29.7938;-256.751;-256.269;-256.708;-256.895;-256.95;-256.011;11:09:47
7093;29.9777;29.7859;-256.747;-256.262;-256.7;-256.888;-256.935;-256.003;11:09:47
7094;29.9698;29.7938;-256.751;-256.262;-256.708;-256.888;-256.95;-256.011;11:09:48
7095;29.962;29.7859;-256.751;-256.262;-256.708;-256.888;-256.95;-256.003;11:09:48
7096;29.9698;29.7859;-256.747;-256.262;-256.708;-256.888;-256.95;-256.011;11:09:49
7097;29.9698;29.7938;-256.747;-256.262;-256.708;-256.895;-256.95;-256.011;11:09:49
7098;29.9698;29.7781;-256.747;-256.262;-256.708;-256.895;-256.942;-256.011;11:09:50
7099;29.9698;29.7859;-256.747;-256.262;-256.708;-256.888;-256.95;-256.003;11:09:50
7100;29.9777;29.7859;-256.747;-256.262;-256.708;-256.895;-256.95;-256.011;11:09:51
7101;29.9777;29.7859;-256.747;-256.262;-256.708;-256.895;-256.95;-256.011;11:09:51
7102;29.9777;29.7938;-256.743;-256.262;-256.7;-256.895;-256.942;-256.011;11:09:52
7103;29.9855;29.7859;-256.747;-256.254;-256.708;-256.895;-256.942;-256.011;11:09:52
7104;29.9777;29.7859;-256.747;-256.258;-256.708;-256.888;-256.95;-256.019;11:09:53
7105;29.9855;29.7859;-256.751;-256.262;-256.708;-256.895;-256.942;-256.011;11:09:53
7106;29.9777;29.7781;-256.747;-256.262;-256.708;-256.903;-256.95;-256.019;11:09:54
7107;29.9777;29.7938;-256.747;-256.254;-256.708;-256.888;-256.942;-256.011;11:09:54
7108;29.9698;29.7938;-256.751;-256.262;-256.708;-256.895;-256.95;-256.011;11:09:55
7109;29.9777;29.7938;-256.747;-256.262;-256.715;-256.895;-256.95;-256.011;11:09:55
7110;29.9855;29.7938;-256.747;-256.262;-256.708;-256.895;-256.95;-256.011;11:09:56
7111;29.9698;29.8016;-256.751;-256.262;-256.715;-256.888;-256.958;-256.011;11:09:56
7112;29.9777;29.7938;-256.743;-256.254;-256.708;-256.895;-256.95;-256.003;11:09:57
7113;29.9777;29.8016;-256.747;-256.262;-256.708;-256.895;-256.942;-256.011;11:09:57
7114;29.9777;29.7938;-256.751;-256.254;-256.708;-256.895;-256.95;-256.011;11:09:58
7115;29.9777;29.7938;-256.747;-256.262;-256.715;-256.888;-256.95;-256.003;11:09:58
7116;29.9777;29.8016;-256.751;-256.254;-256.715;-256.888;-256.95;-256.003;11:09:59
7117;29.9777;29.8016;-256.751;-256.254;-256.7;-256.895;-256.95;-256.003;11:09:59
7118;29.9777;29.8016;-256.747;-256.25;-256.708;-256.888;-256.958;-256.011;11:10:00
7119;29.9777;29.8094;-256.751;-256.254;-256.708;-256.888;-256.95;-256.003;11:10:00
7120;29.9777;29.8016;-256.751;-256.262;-256.7;-256.895;-256.95;-256.003;11:10:01
7121;29.9777;29.8094;-256.747;-256.254;-256.708;-256.895;-256.942;-256.011;11:10:01
7122;29.9855;29.8016;-256.751;-256.269;-256.7;-256.888;-256.95;-256.003;11:10:02
7123;29.9855;29.8016;-256.747;-256.254;-256.708;-256.895;-256.958;-256.011;11:10:02
7124;29.9855;29.8016;-256.751;-256.262;-256.7;-256.888;-256.95;-256.003;11:10:03
7125;29.9855;29.8016;-256.751;-256.254;-256.708;-256.903;-256.942;-256.003;11:10:03
7126;29.9933;29.7938;-256.755;-256.262;-256.708;-256.903;-256.958;-256.003;11:10:04
7127;29.9855;29.8016;-256.755;-256.254;-256.7;-256.888;-256.95;-256.003;11:10:04
7128;29.9855;29.7938;-256.751;-256.262;-256.708;-256.895;-256.958;-256.011;11:10:05
7129;29.9855;29.8016;-256.755;-256.262;-256.708;-256.895;-256.95;-256.003;11:10:05
7130;29.9933;29.8016;-256.751;-256.262;-256.7;-256.903;-256.95;-256.011;11:10:06
7131;29.9855;29.8094;-256.755;-256.262;-256.708;-256.895;-256.95;-256.003;11:10:06
7132;29.9933;29.8016;-256.751;-256.269;-256.7;-256.895;-256.942;-256.003;11:10:07
7133;29.9933;29.8094;-256.747;-256.262;-256.708;-256.903;-256.95;-256.011;11:10:07
7134;29.9933;29.8094;-256.755;-256.269;-256.7;-256.895;-256.942;-256.011;11:10:08
7135;30.0011;29.8016;-256.747;-256.262;-256.7;-256.888;-256.95;-256.003;11:10:08
7136;29.9933;29.8016;-256.755;-256.269;-256.7;-256.895;-256.95;-256.003;11:10:09
7137;30.0011;29.8094;-256.751;-256.269;-256.708;-256.895;-256.95;-256.003;11:10:09
7138;29.9933;29.8094;-256.751;-256.262;-256.7;-256.888;-256.95;-256.003;11:10:10
7139;29.9933;29.8016;-256.755;-256.269;-256.7;-256.895;-256.95;-256.011;11:10:10
7140;29.9933;29.8094;-256.751;-256.262;-256.708;-256.895;-256.95;-256.003;11:10:11
7141;30.0011;29.8094;-256.755;-256.262;-256.7;-256.895;-256.935;-256.011;11:10:11
7142;30.0011;29.8094;-256.751;-256.262;-256.7;-256.903;-256.95;-256.003;11:10:12
7143;29.9933;29.8094;-256.755;-256.262;-256.7;-256.895;-256.95;-256.011;11:10:12
7144;30.0011;29.8094;-256.751;-256.254;-256.7;-256.895;-256.942;-256.003;11:10:13
7145;30.0011;29.8172;-256.751;-256.262;-256.7;-256.895;-256.958;-256.011;11:10:13
7146;30.0011;29.8094;-256.755;-256.254;-256.708;-256.895;-256.958;-256.003;11:10:14
7147;30.009;29.8094;-256.751;-256.262;-256.7;-256.895;-256.95;-256.011;11:10:14
7148;29.9933;29.8094;-256.751;-256.262;-256.7;-256.895;-256.958;-256.011;11:10:15
7149;30.0011;29.8094;-256.751;-256.262;-256.692;-256.895;-256.95;-256.003;11:10:15
7150;30.0011;29.8094;-256.751;-256.262;-256.7;-256.895;-256.95;-256.011;11:10:16
7151;30.009;29.8094;-256.751;-256.254;-256.7;-256.888;-256.958;-256.011;11:10:16
7152;30.0011;29.8094;-256.751;-256.262;-256.708;-256.895;-256.942;-256.003;11:10:17
7153;30.0011;29.8094;-256.751;-256.254;-256.692;-256.888;-256.95;-256.011;11:10:17
7154;30.0011;29.8016;-256.751;-256.254;-256.7;-256.888;-256.95;-256.011;11:10:18
7155;30.0011;29.8094;-256.751;-256.254;-256.7;-256.888;-256.95;-256.003;11:10:18
7156;30.0011;29.8094;-256.751;-256.254;-256.7;-256.888;-256.958;-256.003;11:10:19
7157;30.0011;29.8016;-256.751;-256.262;-256.692;-256.88;-256.95;-256.011;11:10:19
7158;30.009;29.8094;-256.751;-256.254;-256.7;-256.888;-256.958;-256.011;11:10:20
7159;30.009;29.8094;-256.751;-256.254;-256.7;-256.888;-256.95;-256.011;11:10:20
7160;30.0011;29.8016;-256.751;-256.262;-256.7;-256.88;-256.95;-256.011;11:10:21
7161;30.0168;29.8094;-256.751;-256.254;-256.7;-256.888;-256.95;-256.011;11:10:21
7162;30.009;29.8016;-256.751;-256.262;-256.7;-256.88;-256.958;-256.011;11:10:22
7163;30.0011;29.8094;-256.751;-256.254;-256.692;-256.888;-256.95;-256.011;11:10:22
7164;30.0011;29.8016;-256.751;-256.262;-256.692;-256.895;-256.95;-256.011;11:10:23
7165;30.009;29.8094;-256.747;-256.262;-256.708;-256.888;-256.958;-256.019;11:10:23
7166;30.009;29.8094;-256.747;-256.254;-256.7;-256.895;-256.95;-256.003;11:10:24
7167;30.009;29.8094;-256.747;-256.262;-256.708;-256.895;-256.95;-256.011;11:10:24
7168;30.0168;29.8016;-256.751;-256.254;-256.7;-256.895;-256.958;-256.011;11:10:25
7169;30.0011;29.8094;-256.751;-256.262;-256.708;-256.895;-256.942;-256.003;11:10:25
7170;30.0011;29.8172;-256.751;-256.262;-256.708;-256.888;-256.95;-256.003;11:10:26
7171;30.009;29.8094;-256.751;-256.262;-256.7;-256.888;-256.942;-256.003;11:10:26
7172;30.0011;29.8094;-256.747;-256.262;-256.708;-256.895;-256.95;-256.003;11:10:27
7173;30.0011;29.8094;-256.751;-256.262;-256.7;-256.888;-256.95;-256.003;11:10:27
7174;30.0011;29.8094;-256.751;-256.262;-256.708;-256.888;-256.958;-256.003;11:10:28
7175;30.009;29.8094;-256.747;-256.269;-256.708;-256.888;-256.966;-256.003;11:10:28
7176;30.009;29.8094;-256.751;-256.262;-256.708;-256.888;-256.958;-256.011;11:10:29
7177;30.0011;29.8094;-256.747;-256.262;-256.708;-256.895;-256.95;-256.003;11:10:29
7178;30.0011;29.8094;-256.751;-256.262;-256.7;-256.888;-256.958;-256.011;11:10:30
7179;29.9933;29.8172;-256.751;-256.262;-256.708;-256.895;-256.958;-256.003;11:10:30
7180;30.009;29.8172;-256.751;-256.262;-256.7;-256.888;-256.95;-256.011;11:10:31
7181;30.0011;29.8172;-256.751;-256.262;-256.708;-256.895;-256.966;-256.003;11:10:31
7182;30.0011;29.8172;-256.751;-256.262;-256.7;-256.888;-256.966;-256.003;11:10:32
7183;30.0168;29.8172;-256.747;-256.269;-256.708;-256.888;-256.958;-256.003;11:10:32
7184;30.009;29.8172;-256.747;-256.262;-256.692;-256.895;-256.958;-255.996;11:10:33
7185;30.009;29.8172;-256.751;-256.262;-256.708;-256.888;-256.958;-256.003;11:10:33
7186;30.009;29.8251;-256.747;-256.254;-256.7;-256.888;-256.958;-256.003;11:10:34
7187;30.0168;29.8172;-256.751;-256.262;-256.7;-256.888;-256.958;-256.003;11:10:34
7188;30.009;29.8329;-256.747;-256.269;-256.7;-256.895;-256.95;-256.003;11:10:35
7189;30.009;29.8251;-256.747;-256.254;-256.708;-256.888;-256.95;-256.011;11:10:35
7190;30.009;29.8172;-256.747;-256.269;-256.7;-256.888;-256.95;-256.003;11:10:36
7191;30.009;29.8251;-256.747;-256.269;-256.708;-256.888;-256.95;-256.011;11:10:36
7192;30.0168;29.8251;-256.747;-256.262;-256.7;-256.895;-256.95;-256.003;11:10:37
7193;30.009;29.8172;-256.747;-256.269;-256.708;-256.888;-256.958;-256.003;11:10:37
7194;30.0168;29.8172;-256.747;-256.269;-256.708;-256.895;-256.95;-256.011;11:10:38
7195;30.009;29.8172;-256.751;-256.262;-256.7;-256.895;-256.95;-256.003;11:10:38
7196;30.0168;29.8094;-256.747;-256.269;-256.7;-256.895;-256.958;-256.003;11:10:39
7197;30.009;29.8172;-256.751;-256.262;-256.708;-256.888;-256.95;-256.003;11:10:39
7198;30.009;29.8172;-256.751;-256.269;-256.708;-256.888;-256.958;-256.003;11:10:40
7199;30.009;29.8172;-256.755;-256.254;-256.708;-256.895;-256.958;-256.003;11:10:40
7200;30.0168;29.8172;-256.751;-256.262;-256.708;-256.888;-256.958;-256.011;11:10:41
7201;30.0168;29.8172;-256.747;-256.262;-256.7;-256.888;-256.95;-256.011;11:10:41
7202;30.0168;29.8172;-256.751;-256.262;-256.7;-256.888;-256.958;-256.011;11:10:42
7203;30.0168;29.8251;-256.751;-256.269;-256.708;-256.888;-256.95;-256.003;11:10:42
7204;30.0246;29.8094;-256.747;-256.262;-256.708;-256.895;-256.95;-256.011;11:10:43
7205;30.0168;29.8172;-256.751;-256.262;-256.708;-256.895;-256.942;-256.011;11:10:43
7206;30.0246;29.8251;-256.747;-256.262;-256.708;-256.888;-256.95;-256.011;11:10:44
7207;30.0246;29.8172;-256.751;-256.262;-256.7;-256.888;-256.942;-256.011;11:10:44
7208;30.0168;29.8172;-256.747;-256.262;-256.708;-256.888;-256.942;-256.011;11:10:45
7209;30.0246;29.8251;-256.747;-256.262;-256.708;-256.88;-256.95;-256.011;11:10:45
7210;30.0207;29.8172;-256.743;-256.262;-256.7;-256.88;-256.942;-256.003;11:10:46
7211;30.0246;29.8329;-256.743;-256.269;-256.708;-256.895;-256.942;-256.019;11:10:46
7212;30.0168;29.8251;-256.743;-256.262;-256.708;-256.888;-256.942;-256.003;11:10:47
7213;30.0168;29.8251;-256.743;-256.269;-256.708;-256.888;-256.95;-256.011;11:10:47
7214;30.0168;29.8251;-256.743;-256.262;-256.708;-256.895;-256.958;-256.003;11:10:48
7215;30.0168;29.8329;-256.743;-256.269;-256.715;-256.888;-256.942;-256.011;11:10:48
7216;30.009;29.8329;-256.743;-256.262;-256.7;-256.888;-256.942;-256.011;11:10:49
7217;30.0246;29.8329;-256.735;-256.269;-256.708;-256.888;-256.95;-256.011;11:10:49
7218;30.0207;29.8329;-256.743;-256.262;-256.708;-256.888;-256.942;-256.011;11:10:50
7219;30.0246;29.8407;-256.743;-256.269;-256.708;-256.895;-256.95;-256.003;11:10:50
7220;30.0285;29.8329;-256.743;-256.262;-256.7;-256.888;-256.95;-256.011;11:10:51
7221;30.0285;29.8407;-256.735;-256.277;-256.7;-256.895;-256.95;-256.019;11:10:51
7222;30.0285;29.8329;-256.743;-256.262;-256.708;-256.888;-256.95;-256.011;11:10:52
7223;30.0246;29.8329;-256.743;-256.269;-256.7;-256.895;-256.942;-256.011;11:10:52
7224;30.0246;29.8329;-256.747;-256.269;-256.708;-256.888;-256.942;-256.011;11:10:53
7225;30.0246;29.8407;-256.747;-256.262;-256.708;-256.895;-256.95;-256.011;11:10:53
7226;30.0246;29.8407;-256.743;-256.269;-256.708;-256.888;-256.95;-256.011;11:10:54
7227;30.0246;29.8329;-256.747;-256.262;-256.7;-256.895;-256.95;-256.019;11:10:54
7228;30.0246;29.8329;-256.743;-256.269;-256.708;-256.895;-256.95;-256.003;11:10:55
7229;30.0285;29.8329;-256.747;-256.262;-256.708;-256.888;-256.95;-256.011;11:10:55
7230;30.0285;29.8329;-256.743;-256.262;-256.7;-256.895;-256.95;-256.011;11:10:56
7231;30.0285;29.8329;-256.747;-256.262;-256.708;-256.888;-256.95;-256.011;11:10:56
7232;30.0324;29.8251;-256.739;-256.269;-256.708;-256.895;-256.95;-256.011;11:10:57
7233;30.0285;29.8329;-256.743;-256.262;-256.7;-256.888;-256.958;-256.003;11:10:57
7234;30.0324;29.8329;-256.743;-256.269;-256.7;-256.88;-256.95;-256.011;11:10:58
7235;30.0324;29.8407;-256.739;-256.262;-256.7;-256.895;-256.958;-256.003;11:10:58
7236;30.0285;29.8329;-256.743;-256.269;-256.708;-256.888;-256.95;-256.011;11:10:59
7237;30.0324;29.8329;-256.743;-256.262;-256.708;-256.888;-256.958;-256.011;11:10:59
7238;30.0285;29.8329;-256.743;-256.269;-256.7;-256.895;-256.95;-256.011;11:11:00
7239;30.0285;29.8251;-256.747;-256.269;-256.708;-256.888;-256.958;-256.011;11:11:00
7240;30.0324;29.8251;-256.743;-256.269;-256.7;-256.895;-256.958;-256.003;11:11:01
7241;30.0324;29.8251;-256.743;-256.262;-256.7;-256.888;-256.95;-256.011;11:11:01
7242;30.0324;29.8329;-256.735;-256.269;-256.708;-256.888;-256.958;-256.011;11:11:02
7243;30.0363;29.8251;-256.735;-256.262;-256.7;-256.895;-256.966;-256.011;11:11:02
7244;30.0324;29.8329;-256.743;-256.269;-256.7;-256.888;-256.958;-256.003;11:11:03
7245;30.0324;29.8251;-256.735;-256.262;-256.7;-256.895;-256.958;-256.011;11:11:03
7246;30.0324;29.8251;-256.735;-256.262;-256.7;-256.895;-256.95;-256.011;11:11:04
7247;30.0363;29.8329;-256.747;-256.262;-256.708;-256.888;-256.95;-256.003;11:11:04
7248;30.0285;29.8329;-256.743;-256.254;-256.7;-256.895;-256.95;-256.011;11:11:05
7249;30.0324;29.8329;-256.743;-256.262;-256.708;-256.888;-256.958;-256.011;11:11:05
7250;30.0285;29.8251;-256.747;-256.269;-256.7;-256.895;-256.95;-256.011;11:11:06
7251;30.0324;29.8407;-256.743;-256.254;-256.708;-256.888;-256.958;-256.003;11:11:06
7252;30.0324;29.8251;-256.747;-256.262;-256.7;-256.888;-256.95;-256.003;11:11:07
7253;30.0324;29.8329;-256.743;-256.262;-256.7;-256.888;-256.942;-256.011;11:11:07
7254;30.0324;29.8251;-256.747;-256.262;-256.708;-256.895;-256.958;-256.011;11:11:08
7255;30.0324;29.8329;-256.743;-256.262;-256.7;-256.895;-256.95;-256.003;11:11:08
7256;30.0363;29.8329;-256.747;-256.254;-256.708;-256.895;-256.95;-255.996;11:11:09
7257;30.0363;29.8329;-256.747;-256.262;-256.7;-256.888;-256.95;-256.003;11:11:09
7258;30.0363;29.8407;-256.743;-256.262;-256.708;-256.895;-256.95;-256.003;11:11:10
7259;30.0324;29.8329;-256.747;-256.262;-256.7;-256.895;-256.958;-255.996;11:11:10
7260;30.0285;29.8329;-256.751;-256.262;-256.708;-256.895;-256.95;-256.003;11:11:11
7261;30.0324;29.8329;-256.743;-256.254;-256.7;-256.895;-256.95;-256.003;11:11:11
7262;30.0324;29.8329;-256.743;-256.254;-256.7;-256.888;-256.95;-256.003;11:11:12
7263;30.0324;29.8329;-256.743;-256.254;-256.708;-256.903;-256.95;-256.011;11:11:12
7264;30.0324;29.8329;-256.743;-256.262;-256.7;-256.895;-256.95;-255.996;11:11:13
7265;30.0363;29.8329;-256.735;-256.254;-256.692;-256.895;-256.95;-256.003;11:11:13
7266;30.0324;29.8329;-256.743;-256.262;-256.708;-256.895;-256.942;-256.003;11:11:14
7267;30.0285;29.8329;-256.735;-256.254;-256.708;-256.895;-256.942;-256.003;11:11:14
7268;30.0363;29.8407;-256.735;-256.254;-256.7;-256.895;-256.95;-255.996;11:11:15
7269;30.0324;29.8329;-256.735;-256.254;-256.708;-256.895;-256.95;-256.011;11:11:15
7270;30.0363;29.8407;-256.735;-256.254;-256.708;-256.895;-256.95;-256.003;11:11:16
7271;30.0324;29.8329;-256.743;-256.25;-256.7;-256.895;-256.95;-256.003;11:11:16
7272;30.0363;29.8407;-256.735;-256.254;-256.7;-256.888;-256.95;-256.003;11:11:17
7273;30.0324;29.8407;-256.735;-256.254;-256.7;-256.888;-256.95;-256.003;11:11:17
7274;30.0324;29.8329;-256.735;-256.254;-256.7;-256.895;-256.95;-256.003;11:11:18
7275;30.0363;29.8329;-256.747;-256.254;-256.708;-256.895;-256.95;-256.003;11:11:18
7276;30.0363;29.8407;-256.739;-256.254;-256.7;-256.895;-256.958;-256.003;11:11:19
7277;30.0324;29.8329;-256.739;-256.262;-256.708;-256.895;-256.942;-256.003;11:11:19
7278;30.0363;29.8407;-256.743;-256.262;-256.7;-256.888;-256.95;-256.003;11:11:20
7279;30.0324;29.8407;-256.735;-256.254;-256.708;-256.895;-256.95;-256.003;11:11:20
7280;30.0324;29.8407;-256.747;-256.254;-256.7;-256.895;-256.95;-256.003;11:11:21
7281;30.0324;29.8407;-256.743;-256.254;-256.708;-256.895;-256.95;-256.003;11:11:21
7282;30.0363;29.8407;-256.743;-256.254;-256.7;-256.895;-256.958;-255.996;11:11:22
7283;30.0324;29.8485;-256.735;-256.262;-256.708;-256.888;-256.95;-256.003;11:11:22
7284;30.0363;29.8485;-256.735;-256.262;-256.708;-256.895;-256.942;-256.003;11:11:23
7285;30.0363;29.8407;-256.727;-256.254;-256.7;-256.895;-256.95;-256.003;11:11:23
7286;30.0363;29.8485;-256.727;-256.262;-256.715;-256.895;-256.95;-256.003;11:11:24
7287;30.0324;29.8368;-256.735;-256.262;-256.7;-256.895;-256.958;-256.003;11:11:24
7288;30.0363;29.8485;-256.727;-256.262;-256.708;-256.895;-256.95;-256.003;11:11:25
7289;30.0363;29.8407;-256.735;-256.262;-256.708;-256.895;-256.942;-256.011;11:11:25
7290;30.0324;29.8407;-256.727;-256.262;-256.7;-256.895;-256.958;-256.003;11:11:26
7291;30.0403;29.8485;-256.743;-256.262;-256.7;-256.888;-256.958;-256.011;11:11:26
7292;30.0363;29.8407;-256.747;-256.262;-256.708;-256.895;-256.95;-256.003;11:11:27
7293;30.0363;29.8407;-256.751;-256.254;-256.7;-256.895;-256.958;-256.003;11:11:27
7294;30.0403;29.8485;-256.747;-256.262;-256.7;-256.895;-256.95;-256.003;11:11:28
7295;30.0363;29.8407;-256.751;-256.254;-256.708;-256.895;-256.95;-256.003;11:11:28
7296;30.0403;29.8485;-256.747;-256.262;-256.7;-256.888;-256.95;-256.011;11:11:29
7297;30.0363;29.8407;-256.751;-256.254;-256.708;-256.895;-256.95;-256.003;11:11:29
7298;30.0403;29.8329;-256.751;-256.254;-256.708;-256.888;-256.958;-256.011;11:11:30
7299;30.0363;29.8407;-256.751;-256.254;-256.708;-256.888;-256.95;-256.011;11:11:30
7300;30.0403;29.8485;-256.751;-256.254;-256.708;-256.895;-256.958;-256.011;11:11:31
7301;30.0403;29.8407;-256.751;-256.262;-256.708;-256.888;-256.95;-255.996;11:11:31
7302;30.0403;29.8485;-256.751;-256.25;-256.708;-256.888;-256.958;-256.011;11:11:32
7303;30.0403;29.8407;-256.755;-256.254;-256.708;-256.895;-256.958;-256.003;11:11:32
7304;30.0363;29.8485;-256.751;-256.262;-256.708;-256.895;-256.95;-256.003;11:11:33
7305;30.0403;29.8446;-256.751;-256.254;-256.7;-256.895;-256.95;-256.011;11:11:33
7306;30.0363;29.8446;-256.747;-256.254;-256.708;-256.895;-256.958;-256.003;11:11:34
7307;30.0363;29.8485;-256.751;-256.254;-256.7;-256.888;-256.958;-256.003;11:11:34
7308;30.0403;29.8485;-256.751;-256.254;-256.708;-256.895;-256.95;-256.003;11:11:35
7309;30.0363;29.8485;-256.751;-256.254;-256.7;-256.895;-256.95;-256.003;11:11:35
7310;30.0403;29.8525;-256.755;-256.25;-256.708;-256.888;-256.95;-256.011;11:11:36
7311;30.0403;29.8485;-256.747;-256.254;-256.7;-256.888;-256.95;-256.003;11:11:36
7312;30.0403;29.8525;-256.751;-256.254;-256.708;-256.895;-256.95;-256.003;11:11:37
7313;30.0403;29.8407;-256.747;-256.254;-256.708;-256.895;-256.95;-256.003;11:11:37
7314;30.0403;29.8525;-256.751;-256.254;-256.7;-256.895;-256.95;-256.003;11:11:38
7315;30.0403;29.8446;-256.747;-256.254;-256.708;-256.888;-256.95;-256.003;11:11:38
7316;30.0403;29.8407;-256.751;-256.254;-256.708;-256.895;-256.958;-256.011;11:11:39
7317;30.0442;29.8525;-256.751;-256.254;-256.708;-256.888;-256.95;-256.003;11:11:39
7318;30.0442;29.8485;-256.751;-256.254;-256.7;-256.895;-256.95;-256.011;11:11:40
7319;30.0442;29.8525;-256.751;-256.254;-256.7;-256.895;-256.95;-256.003;11:11:40
7320;30.0442;29.8525;-256.751;-256.254;-256.708;-256.888;-256.95;-256.003;11:11:41
7321;30.0442;29.8407;-256.751;-256.254;-256.708;-256.888;-256.95;-256.003;11:11:41
7322;30.0442;29.8485;-256.751;-256.258;-256.708;-256.888;-256.95;-256.003;11:11:42
7323;30.0442;29.8525;-256.747;-256.254;-256.708;-256.888;-256.958;-256.011;11:11:42
7324;30.052;29.8525;-256.747;-256.254;-256.7;-256.888;-256.95;-256.003;11:11:43
7325;30.052;29.8485;-256.747;-256.254;-256.7;-256.895;-256.942;-256.011;11:11:43
7326;30.0442;29.8525;-256.747;-256.254;-256.708;-256.895;-256.95;-256.003;11:11:44
7327;30.052;29.8525;-256.743;-256.254;-256.708;-256.888;-256.95;-256.011;11:11:44
7328;30.0442;29.8564;-256.751;-256.25;-256.708;-256.895;-256.942;-256.011;11:11:45
7329;30.0442;29.8564;-256.747;-256.262;-256.708;-256.895;-256.942;-256.003;11:11:45
7330;30.0442;29.8564;-256.747;-256.258;-256.708;-256.895;-256.942;-256.011;11:11:46
7331;30.0403;29.8564;-256.747;-256.254;-256.708;-256.888;-256.95;-256.011;11:11:46
7332;30.0442;29.8525;-256.751;-256.262;-256.708;-256.895;-256.95;-256.003;11:11:47
7333;30.0403;29.8564;-256.751;-256.254;-256.708;-256.895;-256.95;-256.011;11:11:47
7334;30.0403;29.8525;-256.747;-256.262;-256.708;-256.895;-256.95;-256.011;11:11:48
7335;30.0403;29.8525;-256.751;-256.262;-256.7;-256.895;-256.95;-256.011;11:11:48
7336;30.0403;29.8525;-256.747;-256.254;-256.708;-256.895;-256.95;-256.011;11:11:49
7337;30.0363;29.8564;-256.747;-256.262;-256.708;-256.895;-256.95;-256.011;11:11:49
7338;30.0403;29.8525;-256.751;-256.262;-256.708;-256.903;-256.95;-256.011;11:11:50
7339;30.0363;29.8525;-256.751;-256.254;-256.708;-256.895;-256.942;-256.011;11:11:50
7340;30.0363;29.8564;-256.751;-256.262;-256.708;-256.903;-256.95;-256.019;11:11:51
7341;30.0324;29.8485;-256.751;-256.254;-256.708;-256.895;-256.95;-256.011;11:11:51
7342;30.0324;29.8525;-256.751;-256.254;-256.708;-256.903;-256.958;-256.011;11:11:52
7343;30.0324;29.8485;-256.747;-256.262;-256.7;-256.895;-256.95;-256.011;11:11:52
7344;30.0285;29.8485;-256.751;-256.262;-256.708;-256.895;-256.95;-256.011;11:11:53
7345;30.0324;29.8485;-256.751;-256.254;-256.715;-256.895;-256.958;-256.011;11:11:53
7346;30.0285;29.8485;-256.751;-256.265;-256.708;-256.888;-256.958;-256.003;11:11:54
7347;30.0285;29.8407;-256.751;-256.254;-256.7;-256.895;-256.942;-256.019;11:11:54
7348;30.0285;29.8525;-256.751;-256.254;-256.708;-256.903;-256.95;-256.003;11:11:55
7349;30.0246;29.8407;-256.751;-256.262;-256.708;-256.895;-256.95;-256.011;11:11:55
7350;30.0246;29.8407;-256.751;-256.262;-256.708;-256.903;-256.95;-256.011;11:11:56
7351;30.0168;29.8407;-256.751;-256.262;-256.708;-256.903;-256.95;-256.011;11:11:56
7352;30.0246;29.8407;-256.751;-256.254;-256.7;-256.895;-256.942;-256.003;11:11:57
7353;30.009;29.8329;-256.751;-256.262;-256.708;-256.903;-256.95;-256.003;11:11:57
7354;30.009;29.8407;-256.751;-256.254;-256.708;-256.895;-256.95;-256.011;11:11:58
7355;30.0168;29.8329;-256.755;-256.262;-256.7;-256.903;-256.95;-256.011;11:11:58
7356;30.0011;29.8329;-256.747;-256.262;-256.708;-256.895;-256.958;-256.011;11:11:59
7357;30.009;29.8251;-256.751;-256.262;-256.708;-256.895;-256.95;-256.011;11:11:59
7358;30.009;29.8172;-256.751;-256.254;-256.708;-256.895;-256.95;-256.011;11:12:00
7359;30.0011;29.8251;-256.747;-256.262;-256.708;-256.903;-256.95;-256.011;11:12:00
7360;29.9933;29.8172;-256.751;-256.254;-256.708;-256.895;-256.95;-256.011;11:12:01
7361;30.0011;29.8172;-256.747;-256.262;-256.715;-256.895;-256.958;-256.003;11:12:01
7362;29.9933;29.8094;-256.751;-256.254;-256.708;-256.903;-256.95;-256.011;11:12:02
7363;29.9933;29.8172;-256.747;-256.262;-256.715;-256.895;-256.942;-256.003;11:12:02
7364;30.0011;29.8094;-256.751;-256.262;-256.715;-256.903;-256.95;-256.011;11:12:03
7365;29.9933;29.8172;-256.751;-256.262;-256.715;-256.895;-256.95;-256.019;11:12:03
7366;29.9855;29.8016;-256.751;-256.262;-256.715;-256.895;-256.942;-256.011;11:12:04
7367;29.9777;29.8016;-256.755;-256.254;-256.715;-256.895;-256.942;-256.011;11:12:04
7368;29.9855;29.7938;-256.751;-256.262;-256.708;-256.895;-256.95;-256.011;11:12:05
7369;29.9777;29.7938;-256.747;-256.262;-256.715;-256.895;-256.942;-256.011;11:12:05
7370;29.9777;29.7859;-256.751;-256.262;-256.715;-256.895;-256.95;-256.011;11:12:06
7371;29.9777;29.7938;-256.747;-256.254;-256.715;-256.895;-256.95;-256.003;11:12:06
7372;29.9777;29.7938;-256.747;-256.262;-256.708;-256.895;-256.942;-256.003;11:12:07
7373;29.9777;29.7859;-256.747;-256.262;-256.715;-256.895;-256.95;-256.003;11:12:07
7374;29.9698;29.7938;-256.747;-256.262;-256.708;-256.895;-256.942;-256.011;11:12:08
7375;29.9777;29.7859;-256.747;-256.254;-256.715;-256.895;-256.95;-256.003;11:12:08
7376;29.9777;29.7859;-256.743;-256.262;-256.708;-256.895;-256.942;-256.011;11:12:09
7377;29.9777;29.7859;-256.751;-256.262;-256.715;-256.895;-256.942;-256.011;11:12:09
7378;29.9777;29.7938;-256.747;-256.254;-256.708;-256.903;-256.935;-256.003;11:12:10
7379;29.9698;29.7859;-256.743;-256.262;-256.715;-256.895;-256.942;-256.011;11:12:10
7380;29.9777;29.7938;-256.747;-256.254;-256.708;-256.895;-256.942;-256.003;11:12:11
7381;29.9855;29.7859;-256.743;-256.262;-256.715;-256.895;-256.942;-256.011;11:12:11
7382;29.9933;29.7859;-256.747;-256.262;-256.715;-256.895;-256.942;-256.003;11:12:12
7383;29.9855;29.7859;-256.735;-256.262;-256.708;-256.895;-256.95;-256.003;11:12:12
7384;29.9855;29.7938;-256.739;-256.254;-256.715;-256.895;-256.95;-256.003;11:12:13
7385;29.9933;29.7859;-256.747;-256.262;-256.708;-256.903;-256.942;-256.003;11:12:13
7386;29.9855;29.7859;-256.743;-256.254;-256.715;-256.895;-256.95;-256.019;11:12:14
7387;29.9855;29.7859;-256.743;-256.262;-256.715;-256.888;-256.935;-256.003;11:12:14
7388;29.9855;29.7938;-256.743;-256.262;-256.715;-256.895;-256.95;-256.011;11:12:15
7389;29.9855;29.7938;-256.743;-256.262;-256.708;-256.895;-256.942;-256.011;11:12:15
7390;29.9855;29.7938;-256.735;-256.262;-256.708;-256.895;-256.95;-256.003;11:12:16
7391;29.9933;29.7938;-256.743;-256.262;-256.708;-256.895;-256.942;-256.011;11:12:16
7392;29.9855;29.7859;-256.747;-256.254;-256.715;-256.888;-256.95;-256.003;11:12:17
7393;29.9933;29.7859;-256.747;-256.262;-256.708;-256.895;-256.942;-256.003;11:12:17
7394;29.9855;29.7938;-256.743;-256.254;-256.708;-256.895;-256.95;-256.011;11:12:18
7395;29.9855;29.7859;-256.743;-256.262;-256.715;-256.895;-256.942;-256.011;11:12:18
7396;29.9855;29.7859;-256.747;-256.262;-256.708;-256.888;-256.95;-256.003;11:12:19
7397;29.9933;29.7859;-256.743;-256.254;-256.715;-256.895;-256.942;-256.003;11:12:19
7398;29.9933;29.7859;-256.747;-256.262;-256.715;-256.895;-256.935;-256.003;11:12:20
7399;29.9933;29.7781;-256.743;-256.262;-256.708;-256.888;-256.942;-256.003;11:12:20
7400;29.9855;29.7859;-256.743;-256.262;-256.715;-256.895;-256.942;-256.003;11:12:21
7401;29.9933;29.7938;-256.751;-256.262;-256.708;-256.895;-256.942;-256.003;11:12:21
7402;29.9855;29.7938;-256.751;-256.269;-256.708;-256.895;-256.942;-256.011;11:12:22
7403;30.0011;29.7859;-256.747;-256.254;-256.715;-256.895;-256.942;-256.003;11:12:22
7404;29.9855;29.7859;-256.751;-256.269;-256.715;-256.895;-256.935;-256.003;11:12:23
7405;29.9933;29.7859;-256.751;-256.262;-256.715;-256.888;-256.942;-256.003;11:12:23
7406;29.9933;29.7938;-256.747;-256.262;-256.708;-256.895;-256.942;-256.003;11:12:24
7407;29.9933;29.8016;-256.751;-256.262;-256.715;-256.888;-256.942;-256.011;11:12:24
7408;29.9777;29.7938;-256.751;-256.262;-256.715;-256.895;-256.942;-256.003;11:12:25
7409;29.9855;29.8016;-256.751;-256.262;-256.715;-256.895;-256.942;-256.003;11:12:25
7410;29.9777;29.7859;-256.751;-256.262;-256.708;-256.895;-256.942;-256.011;11:12:26
7411;29.9777;29.7859;-256.751;-256.262;-256.715;-256.895;-256.942;-256.003;11:12:26
7412;29.9777;29.7938;-256.747;-256.254;-256.708;-256.888;-256.942;-256.011;11:12:27
7413;29.9777;29.7938;-256.747;-256.262;-256.708;-256.895;-256.942;-256.003;11:12:27
7414;29.9855;29.7938;-256.747;-256.254;-256.708;-256.895;-256.942;-256.011;11:12:28
7415;29.9777;29.7938;-256.751;-256.262;-256.715;-256.895;-256.95;-256.003;11:12:28
7416;29.9855;29.7938;-256.747;-256.262;-256.715;-256.888;-256.95;-256.003;11:12:29
7417;29.9855;29.8016;-256.743;-256.262;-256.715;-256.888;-256.95;-256.003;11:12:29
7418;29.9855;29.8016;-256.747;-256.262;-256.708;-256.888;-256.95;-256.003;11:12:30
7419;29.9933;29.7938;-256.743;-256.262;-256.708;-256.888;-256.942;-256.011;11:12:30
7420;29.9855;29.8016;-256.735;-256.269;-256.715;-256.895;-256.95;-256.003;11:12:31
7421;30.0011;29.8094;-256.735;-256.269;-256.708;-256.895;-256.95;-256.011;11:12:31
7422;29.9933;29.8016;-256.743;-256.262;-256.708;-256.888;-256.95;-256.011;11:12:32
7423;29.9933;29.8016;-256.743;-256.269;-256.708;-256.88;-256.95;-256.003;11:12:32
7424;30.0011;29.8016;-256.735;-256.262;-256.715;-256.88;-256.95;-256.011;11:12:33
7425;29.9933;29.7938;-256.735;-256.262;-256.708;-256.888;-256.95;-256.003;11:12:33
7426;29.9933;29.7938;-256.735;-256.269;-256.708;-256.88;-256.942;-256.003;11:12:34
7427;29.9933;29.8016;-256.743;-256.269;-256.715;-256.888;-256.958;-256.003;11:12:34
7428;29.9933;29.7938;-256.743;-256.262;-256.715;-256.88;-256.95;-256.011;11:12:35
7429;30.0011;29.7859;-256.743;-256.269;-256.723;-256.888;-256.958;-256.003;11:12:35
7430;29.9933;29.7938;-256.735;-256.269;-256.715;-256.888;-256.958;-256.011;11:12:36
7431;30.0011;29.7859;-256.747;-256.269;-256.715;-256.888;-256.95;-256.011;11:12:36
7432;29.9933;29.7781;-256.743;-256.262;-256.715;-256.895;-256.958;-256.011;11:12:37
7433;30.0011;29.7859;-256.743;-256.269;-256.708;-256.888;-256.958;-256.003;11:12:37
7434;29.9933;29.7859;-256.743;-256.262;-256.708;-256.888;-256.95;-256.011;11:12:38
7435;30.0011;29.7859;-256.743;-256.262;-256.715;-256.888;-256.958;-256.011;11:12:38
7436;30.0011;29.7781;-256.747;-256.269;-256.708;-256.888;-256.95;-256.011;11:12:39
7437;30.0011;29.7859;-256.747;-256.262;-256.715;-256.888;-256.95;-256.011;11:12:39
7438;30.0011;29.7781;-256.747;-256.269;-256.715;-256.895;-256.95;-256.003;11:12:40
7439;29.9933;29.7938;-256.747;-256.262;-256.708;-256.895;-256.95;-256.019;11:12:40
7440;30.0011;29.7938;-256.747;-256.269;-256.715;-256.895;-256.942;-256.003;11:12:41
7441;30.0011;29.7859;-256.747;-256.262;-256.715;-256.888;-256.95;-256.011;11:12:41
7442;30.0011;29.7859;-256.747;-256.269;-256.715;-256.895;-256.942;-256.011;11:12:42
7443;30.0011;29.7938;-256.751;-256.269;-256.715;-256.888;-256.95;-256.003;11:12:42
7444;30.0011;29.7859;-256.743;-256.269;-256.715;-256.895;-256.95;-256.011;11:12:43
7445;30.0011;29.7938;-256.747;-256.269;-256.715;-256.895;-256.95;-256.003;11:12:43
7446;30.0011;29.7938;-256.747;-256.262;-256.708;-256.895;-256.95;-256.003;11:12:44
7447;30.0011;29.7938;-256.743;-256.262;-256.715;-256.895;-256.942;-256.003;11:12:44
7448;30.009;29.7938;-256.747;-256.262;-256.7;-256.888;-256.95;-256.003;11:12:45
7449;30.0011;29.7938;-256.743;-256.262;-256.708;-256.895;-256.95;-256.011;11:12:45
7450;30.009;29.7938;-256.751;-256.269;-256.715;-256.888;-256.942;-256.003;11:12:46
7451;30.009;29.7938;-256.747;-256.262;-256.7;-256.895;-256.95;-255.996;11:12:46
7452;30.009;29.8016;-256.751;-256.262;-256.715;-256.895;-256.958;-256.003;11:12:47
7453;30.009;29.7938;-256.755;-256.269;-256.708;-256.895;-256.95;-256.003;11:12:47
7454;30.009;29.8016;-256.751;-256.262;-256.708;-256.888;-256.95;-256.011;11:12:48
7455;30.0168;29.8016;-256.755;-256.262;-256.708;-256.888;-256.95;-256.003;11:12:48
7456;30.0168;29.8094;-256.755;-256.269;-256.708;-256.888;-256.942;-256.003;11:12:49
7457;30.0168;29.8016;-256.751;-256.262;-256.715;-256.895;-256.95;-256.011;11:12:49
7458;30.0168;29.8094;-256.755;-256.269;-256.708;-256.888;-256.95;-256.003;11:12:50
7459;30.0168;29.8016;-256.755;-256.269;-256.708;-256.888;-256.935;-256.003;11:12:50
7460;30.0246;29.8016;-256.751;-256.262;-256.708;-256.88;-256.942;-256.003;11:12:51
7461;30.0168;29.8094;-256.755;-256.269;-256.715;-256.888;-256.942;-256.003;11:12:51
7462;30.0246;29.7938;-256.751;-256.269;-256.708;-256.888;-256.95;-256.003;11:12:52
7463;30.0168;29.8094;-256.751;-256.269;-256.715;-256.88;-256.942;-256.003;11:12:52
7464;30.0168;29.8016;-256.751;-256.262;-256.708;-256.888;-256.942;-256.003;11:12:53
7465;30.0168;29.8016;-256.747;-256.262;-256.708;-256.888;-256.942;-256.003;11:12:53
7466;30.0168;29.7938;-256.747;-256.269;-256.708;-256.888;-256.942;-256.003;11:12:54
7467;30.0246;29.8016;-256.747;-256.269;-256.708;-256.88;-256.95;-256.003;11:12:54
7468;30.0168;29.8016;-256.747;-256.262;-256.715;-256.888;-256.935;-256.003;11:12:55
7469;30.0246;29.8016;-256.751;-256.269;-256.708;-256.888;-256.942;-256.003;11:12:55
7470;30.0246;29.8016;-256.747;-256.269;-256.708;-256.888;-256.942;-256.003;11:12:56
7471;30.0246;29.8094;-256.747;-256.262;-256.708;-256.888;-256.942;-256.003;11:12:56
7472;30.0246;29.8094;-256.747;-256.269;-256.715;-256.888;-256.942;-256.003;11:12:57
7473;30.0246;29.7938;-256.747;-256.269;-256.715;-256.888;-256.95;-256.003;11:12:57
7474;30.0246;29.8016;-256.747;-256.262;-256.715;-256.888;-256.935;-256.003;11:12:58
7475;30.0246;29.7938;-256.751;-256.269;-256.708;-256.888;-256.942;-256.003;11:12:58
7476;30.0207;29.8016;-256.747;-256.269;-256.715;-256.888;-256.942;-256.003;11:12:59
7477;30.0246;29.8094;-256.751;-256.262;-256.715;-256.888;-256.95;-256.003;11:12:59
7478;30.0168;29.8094;-256.747;-256.269;-256.708;-256.888;-256.95;-256.003;11:13:00
7479;30.0246;29.8016;-256.747;-256.269;-256.715;-256.895;-256.95;-256.003;11:13:00
7480;30.0168;29.8094;-256.743;-256.269;-256.715;-256.88;-256.95;-256.003;11:13:01
7481;30.0246;29.8016;-256.743;-256.269;-256.715;-256.888;-256.95;-256.003;11:13:01
7482;30.0168;29.8016;-256.743;-256.262;-256.708;-256.88;-256.942;-256.003;11:13:02
7483;30.0168;29.8094;-256.743;-256.262;-256.715;-256.888;-256.95;-256.003;11:13:02
7484;30.0168;29.8016;-256.747;-256.269;-256.708;-256.88;-256.95;-255.996;11:13:03
7485;30.0246;29.8094;-256.743;-256.269;-256.708;-256.888;-256.95;-256.003;11:13:03
7486;30.0168;29.8094;-256.747;-256.262;-256.715;-256.888;-256.95;-256.003;11:13:04
7487;30.0168;29.8094;-256.735;-256.269;-256.715;-256.888;-256.95;-255.996;11:13:04
7488;30.0168;29.8094;-256.743;-256.262;-256.715;-256.888;-256.942;-256.003;11:13:05
7489;30.0168;29.8094;-256.743;-256.262;-256.708;-256.888;-256.942;-256.003;11:13:05
7490;30.0168;29.8016;-256.735;-256.262;-256.715;-256.88;-256.942;-255.996;11:13:06
7491;30.0246;29.8172;-256.735;-256.269;-256.708;-256.88;-256.95;-256.003;11:13:06
7492;30.0168;29.8172;-256.735;-256.262;-256.715;-256.88;-256.942;-255.996;11:13:07
7493;30.0246;29.8172;-256.743;-256.269;-256.708;-256.888;-256.95;-256.003;11:13:07
7494;30.0246;29.8094;-256.735;-256.262;-256.708;-256.895;-256.942;-255.996;11:13:08
7495;30.0246;29.8172;-256.735;-256.269;-256.708;-256.888;-256.942;-255.996;11:13:08
7496;30.0246;29.8016;-256.735;-256.262;-256.715;-256.888;-256.95;-256.003;11:13:09
7497;30.0285;29.8172;-256.735;-256.269;-256.708;-256.895;-256.942;-256.003;11:13:09
7498;30.0324;29.8172;-256.743;-256.262;-256.708;-256.895;-256.95;-256.003;11:13:10
7499;30.0285;29.8094;-256.743;-256.269;-256.715;-256.895;-256.95;-255.996;11:13:10
7500;30.0324;29.8094;-256.735;-256.262;-256.708;-256.888;-256.958;-256.003;11:13:11
7501;30.0285;29.8094;-256.743;-256.262;-256.708;-256.888;-256.95;-256.003;11:13:11
7502;30.0285;29.8172;-256.743;-256.269;-256.708;-256.895;-256.958;-255.996;11:13:12
7503;30.0285;29.8094;-256.735;-256.262;-256.708;-256.895;-256.95;-255.996;11:13:12
7504;30.0285;29.8172;-256.735;-256.269;-256.708;-256.895;-256.942;-255.996;11:13:13
7505;30.0324;29.8172;-256.735;-256.262;-256.715;-256.895;-256.942;-255.996;11:13:13
7506;30.0285;29.8172;-256.743;-256.262;-256.708;-256.888;-256.958;-256.003;11:13:14
7507;30.0285;29.8251;-256.739;-256.269;-256.708;-256.895;-256.95;-255.996;11:13:14
7508;30.0285;29.8172;-256.751;-256.262;-256.708;-256.895;-256.95;-255.996;11:13:15
7509;30.0285;29.8172;-256.751;-256.262;-256.708;-256.895;-256.95;-256.003;11:13:15
7510;30.0285;29.8094;-256.751;-256.269;-256.7;-256.888;-256.942;-255.996;11:13:16
7511;30.0246;29.8172;-256.751;-256.262;-256.708;-256.895;-256.95;-255.996;11:13:16
7512;30.0285;29.8172;-256.751;-256.269;-256.7;-256.895;-256.95;-256.003;11:13:17
7513;30.0285;29.8094;-256.755;-256.269;-256.7;-256.895;-256.942;-256.003;11:13:17
7514;30.0285;29.8172;-256.747;-256.269;-256.715;-256.888;-256.95;-256.011;11:13:18
7515;30.0285;29.8172;-256.755;-256.262;-256.708;-256.895;-256.958;-255.996;11:13:18
7516;30.0285;29.8094;-256.751;-256.269;-256.715;-256.903;-256.95;-256.011;11:13:19
7517;30.0285;29.8094;-256.751;-256.269;-256.708;-256.895;-256.95;-256.003;11:13:19
7518;30.0285;29.8094;-256.751;-256.262;-256.715;-256.895;-256.958;-256.003;11:13:20
