Number;DT1;DT2;DT3;DT4;DT5;DT6;DT7;DT8;Time
4;30.0598;29.8603;-256.747;-256.269;-256.708;-256.903;-256.95;-256.003;11:30:01
5;30.0598;29.8603;-256.747;-256.269;-256.708;-256.903;-256.95;-256.003;11:30:01
6;30.0676;29.8564;-256.747;-256.269;-256.7;-256.903;-256.958;-256.003;11:30:01
7;30.0755;29.8603;-256.747;-256.269;-256.708;-256.903;-256.942;-256.011;11:30:01
8;30.0598;29.8564;-256.747;-256.269;-256.708;-256.903;-256.958;-256.003;11:30:02
9;30.0676;29.8564;-256.747;-256.269;-256.7;-256.895;-256.95;-255.996;11:30:02
10;30.0598;29.8564;-256.747;-256.269;-256.715;-256.903;-256.95;-256.003;11:30:03
11;30.0676;29.8564;-256.743;-256.269;-256.708;-256.911;-256.95;-256.003;11:30:03
12;30.0676;29.8564;-256.747;-256.269;-256.715;-256.903;-256.95;-256.003;11:30:04
13;30.0676;29.8603;-256.743;-256.269;-256.7;-256.895;-256.958;-255.996;11:30:04
14;30.0676;29.8564;-256.747;-256.262;-256.715;-256.903;-256.95;-256.003;11:30:05
15;30.0676;29.8603;-256.743;-256.269;-256.708;-256.903;-256.958;-256.003;11:30:05
16;30.0676;29.8525;-256.747;-256.262;-256.708;-256.903;-256.95;-256.003;11:30:06
17;30.0676;29.8603;-256.747;-256.254;-256.708;-256.903;-256.942;-256.003;11:30:06
18;30.0755;29.8642;-256.747;-256.254;-256.708;-256.903;-256.942;-256.003;11:30:07
19;30.0676;29.8564;-256.751;-256.254;-256.7;-256.903;-256.942;-255.996;11:30:07
20;30.0755;29.8603;-256.747;-256.254;-256.7;-256.895;-256.942;-256.003;11:30:08
21;30.0676;29.8564;-256.743;-256.262;-256.708;-256.903;-256.95;-255.996;11:30:08
22;30.0755;29.8564;-256.747;-256.254;-256.708;-256.903;-256.95;-256.003;11:30:09
23;30.0676;29.8564;-256.747;-256.262;-256.708;-256.895;-256.95;-255.996;11:30:09
24;30.0598;29.8603;-256.743;-256.262;-256.708;-256.903;-256.958;-255.996;11:30:10
25;30.0598;29.8564;-256.743;-256.262;-256.7;-256.903;-256.95;-255.996;11:30:10
26;30.0598;29.8525;-256.743;-256.262;-256.708;-256.903;-256.95;-255.996;11:30:11
27;30.0598;29.8564;-256.743;-256.262;-256.708;-256.903;-256.958;-256.003;11:30:11
28;30.052;29.8564;-256.743;-256.262;-256.715;-256.903;-256.95;-255.996;11:30:12
29;30.0598;29.8564;-256.735;-256.262;-256.708;-256.903;-256.95;-255.996;11:30:12
30;30.0676;29.8564;-256.735;-256.269;-256.708;-256.903;-256.95;-256.003;11:30:13
31;30.0598;29.8564;-256.743;-256.262;-256.708;-256.895;-256.942;-255.996;11:30:13
32;30.052;29.8564;-256.735;-256.262;-256.708;-256.903;-256.942;-256.003;11:30:14
33;30.052;29.8603;-256.751;-256.269;-256.715;-256.911;-256.95;-255.996;11:30:14
34;30.052;29.8525;-256.747;-256.262;-256.715;-256.903;-256.942;-256.003;11:30:15
35;30.0442;29.8564;-256.747;-256.269;-256.708;-256.903;-256.942;-255.996;11:30:15
36;30.052;29.8525;-256.751;-256.262;-256.7;-256.903;-256.95;-256.003;11:30:16
37;30.0442;29.8525;-256.751;-256.269;-256.708;-256.903;-256.942;-256.011;11:30:16
38;30.0442;29.8525;-256.751;-256.269;-256.715;-256.903;-256.942;-255.996;11:30:17
39;30.0442;29.8564;-256.747;-256.262;-256.708;-256.903;-256.95;-256.003;11:30:17
40;30.0403;29.8485;-256.751;-256.269;-256.708;-256.903;-256.942;-256.003;11:30:18
41;30.0363;29.8485;-256.755;-256.262;-256.715;-256.903;-256.935;-256.003;11:30:18
42;30.0403;29.8525;-256.751;-256.262;-256.708;-256.911;-256.95;-256.003;11:30:19
43;30.0363;29.8485;-256.751;-256.269;-256.708;-256.903;-256.95;-256.003;11:30:19
44;30.0363;29.8407;-256.751;-256.269;-256.708;-256.911;-256.95;-256.011;11:30:20
45;30.0324;29.8407;-256.751;-256.269;-256.708;-256.911;-256.942;-255.996;11:30:20
46;30.0324;29.8407;-256.751;-256.262;-256.708;-256.903;-256.942;-256.003;11:30:21
47;30.0324;29.8329;-256.751;-256.269;-256.708;-256.903;-256.95;-255.996;11:30:21
48;30.0285;29.8329;-256.751;-256.262;-256.7;-256.911;-256.935;-256.003;11:30:22
49;30.0285;29.8329;-256.751;-256.269;-256.708;-256.903;-256.95;-256.003;11:30:22
50;30.0285;29.8329;-256.751;-256.262;-256.7;-256.903;-256.942;-255.996;11:30:23
51;30.0285;29.8329;-256.747;-256.262;-256.708;-256.895;-256.942;-255.996;11:30:23
52;30.0246;29.8329;-256.747;-256.269;-256.708;-256.903;-256.942;-255.996;11:30:24
53;30.0168;29.8251;-256.755;-256.262;-256.692;-256.895;-256.942;-256.003;11:30:24
54;30.0168;29.8251;-256.747;-256.262;-256.708;-256.895;-256.942;-256.003;11:30:25
55;30.0168;29.8251;-256.751;-256.262;-256.708;-256.895;-256.935;-256.003;11:30:25
56;30.0168;29.8251;-256.751;-256.262;-256.708;-256.895;-256.942;-255.996;11:30:26
57;30.0168;29.8172;-256.751;-256.262;-256.708;-256.895;-256.942;-256.003;11:30:26
58;30.009;29.8329;-256.751;-256.262;-256.708;-256.895;-256.942;-255.996;11:30:27
59;30.009;29.8172;-256.751;-256.262;-256.7;-256.895;-256.935;-256.003;11:30:27
60;30.009;29.8172;-256.747;-256.262;-256.708;-256.895;-256.942;-255.996;11:30:28
61;30.0168;29.8172;-256.751;-256.262;-256.7;-256.895;-256.942;-255.988;11:30:28
62;30.0011;29.8172;-256.751;-256.254;-256.7;-256.903;-256.942;-255.996;11:30:29
63;30.0011;29.8172;-256.751;-256.262;-256.708;-256.888;-256.942;-255.996;11:30:29
64;30.0011;29.8094;-256.747;-256.254;-256.708;-256.903;-256.935;-256.003;11:30:30
65;29.9933;29.8016;-256.755;-256.262;-256.7;-256.895;-256.942;-256.003;11:30:30
66;29.9933;29.8094;-256.751;-256.262;-256.715;-256.895;-256.95;-256.003;11:30:31
67;29.9855;29.8094;-256.747;-256.262;-256.708;-256.903;-256.942;-255.996;11:30:31
68;29.9933;29.8094;-256.751;-256.262;-256.7;-256.903;-256.95;-255.996;11:30:32
69;29.9933;29.8016;-256.755;-256.254;-256.708;-256.895;-256.942;-256.003;11:30:32
70;29.9855;29.8016;-256.751;-256.262;-256.715;-256.903;-256.942;-256.011;11:30:33
71;29.9855;29.8016;-256.755;-256.262;-256.7;-256.903;-256.95;-255.996;11:30:33
72;29.9777;29.7938;-256.751;-256.254;-256.708;-256.895;-256.942;-256.003;11:30:34
73;29.9855;29.7938;-256.755;-256.262;-256.708;-256.903;-256.95;-255.996;11:30:34
74;29.9777;29.7938;-256.751;-256.254;-256.708;-256.903;-256.95;-255.996;11:30:35
75;29.9777;29.7859;-256.755;-256.262;-256.7;-256.895;-256.942;-256.003;11:30:35
76;29.9777;29.7938;-256.751;-256.254;-256.708;-256.903;-256.942;-256.003;11:30:36
77;29.9777;29.7781;-256.755;-256.262;-256.708;-256.895;-256.942;-255.996;11:30:36
78;29.9698;29.7859;-256.751;-256.262;-256.7;-256.895;-256.942;-256.003;11:30:37
79;29.962;29.7859;-256.755;-256.254;-256.708;-256.895;-256.958;-255.996;11:30:37
80;29.9698;29.7859;-256.755;-256.262;-256.7;-256.895;-256.95;-255.996;11:30:38
81;29.9698;29.7859;-256.755;-256.262;-256.7;-256.895;-256.942;-255.996;11:30:38
82;29.9777;29.7859;-256.755;-256.262;-256.7;-256.895;-256.95;-256.003;11:30:39
83;29.9698;29.7781;-256.751;-256.269;-256.7;-256.895;-256.95;-255.996;11:30:39
84;29.9698;29.7859;-256.751;-256.262;-256.708;-256.888;-256.942;-256.003;11:30:40
85;29.9777;29.7781;-256.755;-256.269;-256.7;-256.895;-256.942;-256.003;11:30:40
86;29.962;29.7859;-256.751;-256.262;-256.708;-256.895;-256.95;-255.996;11:30:41
87;29.9698;29.7781;-256.751;-256.262;-256.708;-256.895;-256.95;-256.003;11:30:41
88;29.9777;29.7859;-256.751;-256.269;-256.7;-256.895;-256.958;-256.003;11:30:42
89;29.9698;29.7781;-256.751;-256.262;-256.7;-256.895;-256.95;-256.003;11:30:42
90;29.9777;29.7781;-256.747;-256.262;-256.715;-256.895;-256.942;-256.003;11:30:43
91;29.9698;29.7781;-256.747;-256.269;-256.7;-256.888;-256.95;-255.996;11:30:43
92;29.9777;29.7781;-256.747;-256.262;-256.7;-256.895;-256.942;-256.003;11:30:44
93;29.9777;29.7781;-256.747;-256.262;-256.7;-256.895;-256.942;-256.003;11:30:44
94;29.9698;29.7781;-256.747;-256.262;-256.708;-256.895;-256.942;-256.003;11:30:45
95;29.9777;29.7781;-256.751;-256.262;-256.708;-256.895;-256.95;-256.003;11:30:45
96;29.962;29.7703;-256.751;-256.269;-256.7;-256.895;-256.942;-256.003;11:30:46
97;29.9698;29.7703;-256.751;-256.269;-256.708;-256.895;-256.942;-255.996;11:30:46
98;29.9698;29.7781;-256.751;-256.262;-256.708;-256.895;-256.942;-256.003;11:30:47
99;29.9777;29.7781;-256.755;-256.269;-256.708;-256.895;-256.95;-256.003;11:30:47
100;29.9698;29.7781;-256.755;-256.262;-256.708;-256.888;-256.942;-256.003;11:30:48
101;29.9698;29.7781;-256.751;-256.262;-256.708;-256.895;-256.942;-256.003;11:30:48
102;29.962;29.7781;-256.751;-256.262;-256.708;-256.888;-256.95;-256.003;11:30:49
103;29.9698;29.7703;-256.755;-256.262;-256.708;-256.895;-256.95;-255.996;11:30:49
104;29.9698;29.7703;-256.751;-256.262;-256.708;-256.888;-256.95;-256.003;11:30:50
105;29.962;29.7781;-256.755;-256.254;-256.708;-256.895;-256.95;-256.003;11:30:50
106;29.9698;29.7703;-256.751;-256.262;-256.708;-256.895;-256.95;-256.003;11:30:51
107;29.962;29.7703;-256.751;-256.254;-256.708;-256.888;-256.942;-256.003;11:30:51
108;29.962;29.7703;-256.751;-256.262;-256.708;-256.895;-256.958;-256.011;11:30:52
109;29.962;29.7703;-256.755;-256.254;-256.708;-256.895;-256.95;-256.003;11:30:52
110;29.962;29.7625;-256.751;-256.254;-256.708;-256.895;-256.95;-256.011;11:30:53
111;29.962;29.7703;-256.751;-256.262;-256.708;-256.895;-256.95;-256.003;11:30:53
112;29.962;29.7703;-256.755;-256.254;-256.708;-256.895;-256.95;-256.011;11:30:54
113;29.9698;29.7781;-256.751;-256.254;-256.7;-256.895;-256.95;-256.003;11:30:54
114;29.9698;29.7781;-256.751;-256.254;-256.708;-256.895;-256.942;-256.011;11:30:55
115;29.9698;29.7859;-256.751;-256.254;-256.708;-256.895;-256.95;-256.003;11:30:55
116;29.962;29.7859;-256.755;-256.254;-256.7;-256.895;-256.95;-256.003;11:30:56
117;29.9698;29.7781;-256.755;-256.254;-256.708;-256.895;-256.942;-256.011;11:30:56
118;29.9777;29.7859;-256.755;-256.254;-256.7;-256.903;-256.935;-256.003;11:30:57
119;29.9698;29.7781;-256.755;-256.262;-256.708;-256.888;-256.95;-256.003;11:30:57
120;29.9698;29.7781;-256.755;-256.254;-256.7;-256.888;-256.935;-256.003;11:30:58
121;29.9698;29.7859;-256.755;-256.254;-256.7;-256.895;-256.942;-256.003;11:30:58
122;29.9698;29.7781;-256.755;-256.254;-256.708;-256.895;-256.942;-255.996;11:30:59
123;29.9698;29.7781;-256.755;-256.262;-256.7;-256.895;-256.95;-256.003;11:30:59
124;29.9777;29.7781;-256.751;-256.262;-256.7;-256.895;-256.942;-256.011;11:31:00
125;29.9698;29.7781;-256.755;-256.262;-256.7;-256.895;-256.942;-256.003;11:31:00
126;29.9777;29.7781;-256.751;-256.262;-256.7;-256.895;-256.942;-256.003;11:31:01
127;29.9777;29.7703;-256.755;-256.262;-256.7;-256.888;-256.95;-256.003;11:31:01
128;29.9698;29.7703;-256.755;-256.262;-256.708;-256.895;-256.95;-256.003;11:31:02
129;29.9698;29.7781;-256.755;-256.262;-256.7;-256.895;-256.95;-256.003;11:31:02
130;29.9777;29.7781;-256.755;-256.262;-256.708;-256.903;-256.958;-256.003;11:31:03
131;29.9777;29.7703;-256.755;-256.262;-256.7;-256.895;-256.958;-256.003;11:31:03
132;29.9698;29.7781;-256.755;-256.262;-256.7;-256.903;-256.958;-256.003;11:31:04
133;29.9777;29.7781;-256.755;-256.254;-256.708;-256.895;-256.942;-256.003;11:31:04
134;29.9698;29.7781;-256.751;-256.262;-256.708;-256.903;-256.942;-255.996;11:31:05
135;29.9777;29.7781;-256.751;-256.262;-256.7;-256.895;-256.95;-256.011;11:31:05
136;29.9855;29.7781;-256.755;-256.254;-256.708;-256.895;-256.958;-255.996;11:31:06
137;29.9777;29.7781;-256.751;-256.254;-256.708;-256.911;-256.958;-256.003;11:31:06
138;29.9855;29.7781;-256.755;-256.262;-256.715;-256.903;-256.958;-256.003;11:31:07
139;29.9777;29.7781;-256.755;-256.254;-256.7;-256.903;-256.966;-256.003;11:31:07
140;29.9855;29.7859;-256.751;-256.262;-256.7;-256.903;-256.958;-256.011;11:31:08
141;29.9933;29.7781;-256.755;-256.254;-256.708;-256.903;-256.95;-256.003;11:31:08
142;29.9855;29.7781;-256.751;-256.254;-256.7;-256.911;-256.95;-256.003;11:31:09
143;29.9855;29.7781;-256.755;-256.262;-256.708;-256.903;-256.958;-255.996;11:31:09
144;29.9855;29.7781;-256.755;-256.254;-256.708;-256.903;-256.958;-256.003;11:31:10
145;29.9933;29.7781;-256.751;-256.254;-256.708;-256.903;-256.95;-255.996;11:31:10
146;29.9855;29.7781;-256.751;-256.262;-256.708;-256.903;-256.95;-255.996;11:31:11
147;29.9933;29.7781;-256.755;-256.254;-256.7;-256.903;-256.95;-256.003;11:31:11
148;29.9855;29.7859;-256.751;-256.262;-256.708;-256.903;-256.95;-255.996;11:31:12
149;29.9933;29.7781;-256.747;-256.254;-256.7;-256.903;-256.95;-256.003;11:31:12
150;29.9855;29.7781;-256.751;-256.254;-256.7;-256.903;-256.95;-255.996;11:31:13
151;29.9855;29.7859;-256.751;-256.254;-256.7;-256.895;-256.95;-255.996;11:31:13
152;29.9855;29.7703;-256.747;-256.262;-256.7;-256.903;-256.95;-255.996;11:31:14
153;29.9777;29.7781;-256.751;-256.262;-256.708;-256.895;-256.95;-256.003;11:31:14
154;29.9855;29.7703;-256.755;-256.262;-256.708;-256.903;-256.95;-255.996;11:31:15
155;29.9855;29.7703;-256.751;-256.262;-256.7;-256.895;-256.958;-255.996;11:31:15
156;29.9855;29.7781;-256.751;-256.254;-256.708;-256.903;-256.95;-256.003;11:31:16
157;29.9855;29.7781;-256.751;-256.262;-256.7;-256.903;-256.95;-255.996;11:31:16
158;29.9855;29.7703;-256.755;-256.254;-256.708;-256.903;-256.942;-255.996;11:31:17
159;29.9933;29.7625;-256.755;-256.262;-256.7;-256.895;-256.942;-255.996;11:31:17
160;29.9855;29.7703;-256.751;-256.262;-256.708;-256.888;-256.95;-256.003;11:31:18
161;29.9855;29.7703;-256.758;-256.254;-256.708;-256.895;-256.942;-255.996;11:31:18
162;29.9855;29.7625;-256.755;-256.262;-256.708;-256.895;-256.942;-255.996;11:31:19
163;29.9777;29.7703;-256.751;-256.254;-256.708;-256.895;-256.95;-255.996;11:31:19
164;29.9777;29.7703;-256.755;-256.254;-256.708;-256.895;-256.942;-256.003;11:31:20
165;29.9855;29.7703;-256.755;-256.254;-256.7;-256.903;-256.942;-256.003;11:31:20
166;29.9855;29.7781;-256.758;-256.254;-256.708;-256.903;-256.95;-255.996;11:31:21
167;29.9698;29.7703;-256.755;-256.262;-256.708;-256.895;-256.95;-256.003;11:31:21
168;29.9777;29.7781;-256.755;-256.254;-256.708;-256.903;-256.95;-255.996;11:31:22
169;29.9777;29.7781;-256.755;-256.262;-256.7;-256.903;-256.942;-256.003;11:31:22
170;29.9777;29.7859;-256.751;-256.262;-256.708;-256.895;-256.95;-255.996;11:31:23
171;29.9777;29.7703;-256.755;-256.262;-256.7;-256.895;-256.95;-255.996;11:31:23
172;29.9698;29.7781;-256.751;-256.269;-256.708;-256.903;-256.958;-255.996;11:31:24
173;29.9698;29.7781;-256.755;-256.254;-256.7;-256.903;-256.95;-256.003;11:31:24
174;29.9698;29.7703;-256.755;-256.262;-256.7;-256.895;-256.95;-255.996;11:31:25
175;29.9698;29.7781;-256.747;-256.262;-256.708;-256.903;-256.95;-255.996;11:31:25
176;29.9777;29.7703;-256.751;-256.254;-256.7;-256.903;-256.95;-255.996;11:31:26
177;29.9777;29.7859;-256.751;-256.262;-256.7;-256.903;-256.95;-256.003;11:31:26
178;29.9698;29.7703;-256.747;-256.262;-256.708;-256.903;-256.942;-256.003;11:31:27
179;29.9777;29.7781;-256.751;-256.254;-256.7;-256.903;-256.958;-255.996;11:31:27
180;29.9698;29.7781;-256.747;-256.262;-256.7;-256.895;-256.95;-256.003;11:31:28
181;29.9698;29.7781;-256.747;-256.262;-256.7;-256.903;-256.95;-255.996;11:31:28
182;29.9777;29.7781;-256.747;-256.262;-256.7;-256.903;-256.942;-256.003;11:31:29
183;29.9698;29.7781;-256.747;-256.262;-256.7;-256.903;-256.95;-255.996;11:31:29
184;29.9777;29.7781;-256.751;-256.262;-256.7;-256.895;-256.958;-256.003;11:31:30
185;29.9698;29.7781;-256.747;-256.262;-256.692;-256.895;-256.95;-255.996;11:31:30
186;29.9777;29.7781;-256.751;-256.262;-256.7;-256.903;-256.95;-255.996;11:31:31
187;29.9698;29.7781;-256.751;-256.262;-256.7;-256.895;-256.942;-256.003;11:31:31
188;29.9698;29.7781;-256.751;-256.269;-256.692;-256.895;-256.958;-255.996;11:31:32
189;29.9698;29.7703;-256.747;-256.262;-256.708;-256.895;-256.95;-256.003;11:31:32
190;29.9698;29.7781;-256.751;-256.269;-256.708;-256.895;-256.942;-256.003;11:31:33
191;29.9777;29.7859;-256.751;-256.262;-256.7;-256.895;-256.95;-255.996;11:31:33
192;29.9698;29.7781;-256.747;-256.262;-256.7;-256.895;-256.95;-256.003;11:31:34
193;29.9698;29.7781;-256.747;-256.269;-256.708;-256.903;-256.935;-255.996;11:31:34
194;29.9777;29.7859;-256.751;-256.262;-256.7;-256.895;-256.935;-255.996;11:31:35
195;29.9777;29.7781;-256.751;-256.262;-256.708;-256.895;-256.95;-256.003;11:31:35
196;29.9777;29.7703;-256.751;-256.262;-256.708;-256.895;-256.942;-255.996;11:31:36
197;29.9855;29.7781;-256.751;-256.262;-256.7;-256.895;-256.935;-256.003;11:31:36
198;29.9777;29.7781;-256.755;-256.269;-256.708;-256.903;-256.942;-256.003;11:31:37
199;29.9855;29.7781;-256.755;-256.262;-256.708;-256.895;-256.95;-255.996;11:31:37
200;29.9777;29.7859;-256.751;-256.269;-256.708;-256.895;-256.95;-256.003;11:31:38
201;29.9777;29.7781;-256.755;-256.269;-256.708;-256.903;-256.942;-255.996;11:31:38
202;29.9777;29.7859;-256.751;-256.262;-256.708;-256.895;-256.942;-256.003;11:31:39
203;29.9777;29.7859;-256.751;-256.269;-256.708;-256.895;-256.942;-255.996;11:31:39
204;29.9777;29.7781;-256.755;-256.269;-256.7;-256.895;-256.95;-256.003;11:31:40
205;29.9855;29.7781;-256.755;-256.254;-256.708;-256.903;-256.95;-255.996;11:31:40
206;29.9777;29.7781;-256.755;-256.269;-256.708;-256.895;-256.935;-256.003;11:31:41
207;29.9698;29.7703;-256.758;-256.262;-256.715;-256.888;-256.942;-255.988;11:31:41
208;29.9855;29.7781;-256.755;-256.262;-256.708;-256.903;-256.95;-255.996;11:31:42
209;29.9777;29.7781;-256.755;-256.269;-256.715;-256.895;-256.942;-256.003;11:31:42
210;29.9855;29.7781;-256.755;-256.262;-256.708;-256.895;-256.942;-256.003;11:31:43
211;29.9777;29.7781;-256.755;-256.262;-256.708;-256.895;-256.958;-255.996;11:31:43
212;29.9855;29.7781;-256.755;-256.262;-256.708;-256.903;-256.95;-255.996;11:31:44
213;29.9855;29.7781;-256.755;-256.262;-256.7;-256.895;-256.95;-256.003;11:31:44
214;29.9777;29.7859;-256.755;-256.269;-256.7;-256.895;-256.95;-256.003;11:31:45
215;29.9855;29.7781;-256.755;-256.262;-256.708;-256.888;-256.966;-255.996;11:31:45
216;29.9777;29.7703;-256.755;-256.262;-256.708;-256.903;-256.958;-255.988;11:31:46
217;29.9698;29.7859;-256.755;-256.262;-256.708;-256.895;-256.95;-256.003;11:31:46
218;29.9777;29.7859;-256.755;-256.254;-256.7;-256.903;-256.942;-255.996;11:31:47
219;29.962;29.7781;-256.755;-256.262;-256.715;-256.895;-256.95;-256.003;11:31:47
220;29.9698;29.7859;-256.751;-256.269;-256.7;-256.895;-256.95;-255.996;11:31:48
221;29.9698;29.7781;-256.755;-256.254;-256.708;-256.895;-256.942;-256.003;11:31:48
222;29.9698;29.7781;-256.755;-256.269;-256.708;-256.903;-256.942;-256.003;11:31:49
223;29.9698;29.7781;-256.755;-256.254;-256.708;-256.895;-256.95;-256.003;11:31:49
224;29.9777;29.7859;-256.755;-256.269;-256.715;-256.895;-256.95;-255.996;11:31:50
225;29.9777;29.7859;-256.751;-256.262;-256.708;-256.895;-256.942;-256.003;11:31:50
226;29.9855;29.7938;-256.751;-256.269;-256.7;-256.895;-256.95;-256.003;11:31:51
227;29.9698;29.7781;-256.751;-256.269;-256.708;-256.903;-256.95;-255.996;11:31:51
228;29.9777;29.7859;-256.755;-256.269;-256.7;-256.895;-256.942;-255.996;11:31:52
229;29.9777;29.7781;-256.755;-256.262;-256.7;-256.895;-256.95;-256.003;11:31:52
230;29.9777;29.7859;-256.755;-256.269;-256.708;-256.903;-256.942;-255.996;11:31:53
231;29.9777;29.7703;-256.755;-256.269;-256.708;-256.895;-256.95;-255.996;11:31:53
232;29.9777;29.7859;-256.755;-256.269;-256.7;-256.903;-256.95;-255.988;11:31:54
233;29.9777;29.7781;-256.755;-256.269;-256.708;-256.895;-256.95;-256.003;11:31:54
234;29.9855;29.7859;-256.751;-256.269;-256.708;-256.895;-256.942;-256.003;11:31:55
235;29.9777;29.7703;-256.758;-256.262;-256.708;-256.895;-256.958;-256.003;11:31:55
236;29.9777;29.7703;-256.751;-256.269;-256.708;-256.895;-256.95;-256.003;11:31:56
237;29.9777;29.7781;-256.755;-256.269;-256.7;-256.895;-256.942;-256.003;11:31:56
238;29.9777;29.7781;-256.755;-256.269;-256.708;-256.895;-256.95;-256.011;11:31:57
239;29.9698;29.7703;-256.747;-256.262;-256.708;-256.895;-256.95;-255.996;11:31:57
240;29.9777;29.7781;-256.747;-256.269;-256.7;-256.895;-256.95;-256.003;11:31:58
241;29.9777;29.7781;-256.751;-256.269;-256.7;-256.895;-256.942;-256.011;11:31:58
242;29.9777;29.7781;-256.751;-256.269;-256.7;-256.903;-256.95;-256.011;11:31:59
243;29.9698;29.7781;-256.751;-256.269;-256.708;-256.895;-256.95;-256.003;11:31:59
244;29.9698;29.7703;-256.751;-256.269;-256.708;-256.895;-256.95;-256.003;11:32:00
245;29.9777;29.7781;-256.758;-256.262;-256.7;-256.895;-256.95;-256.011;11:32:00
246;29.9698;29.7859;-256.751;-256.269;-256.7;-256.895;-256.942;-256.003;11:32:01
247;29.9777;29.7781;-256.751;-256.262;-256.708;-256.895;-256.942;-256.003;11:32:01
248;29.9777;29.7859;-256.751;-256.269;-256.708;-256.895;-256.942;-256.003;11:32:02
249;29.9777;29.7781;-256.755;-256.262;-256.708;-256.895;-256.942;-256.003;11:32:02
250;29.9698;29.7859;-256.751;-256.269;-256.708;-256.895;-256.95;-256.003;11:32:03
251;29.9777;29.7781;-256.751;-256.262;-256.708;-256.895;-256.95;-256.003;11:32:03
252;29.9698;29.7859;-256.751;-256.269;-256.708;-256.888;-256.958;-256.003;11:32:04
253;29.9777;29.7859;-256.747;-256.262;-256.708;-256.895;-256.942;-256.011;11:32:04
254;29.9777;29.7781;-256.751;-256.262;-256.708;-256.895;-256.95;-256.003;11:32:05
255;29.9855;29.7859;-256.755;-256.262;-256.7;-256.903;-256.95;-256.003;11:32:05
256;29.9777;29.7859;-256.751;-256.262;-256.708;-256.895;-256.942;-256.003;11:32:06
257;29.9855;29.7938;-256.755;-256.262;-256.715;-256.895;-256.942;-256.011;11:32:06
258;29.9777;29.7859;-256.755;-256.262;-256.708;-256.895;-256.942;-256.003;11:32:07
259;29.9777;29.7859;-256.755;-256.262;-256.708;-256.903;-256.95;-256.003;11:32:07
260;29.9855;29.7859;-256.751;-256.269;-256.715;-256.895;-256.95;-256.003;11:32:08
261;29.9855;29.7781;-256.755;-256.262;-256.708;-256.903;-256.95;-256.003;11:32:08
262;29.9855;29.7859;-256.755;-256.262;-256.708;-256.895;-256.942;-256.003;11:32:09
263;29.9777;29.7781;-256.755;-256.269;-256.715;-256.895;-256.95;-256.003;11:32:09
264;29.9855;29.7781;-256.751;-256.262;-256.708;-256.895;-256.95;-256.003;11:32:10
265;29.9855;29.7859;-256.755;-256.262;-256.708;-256.895;-256.95;-256.011;11:32:10
266;29.9933;29.7781;-256.755;-256.262;-256.708;-256.903;-256.942;-255.996;11:32:11
267;29.9933;29.7938;-256.755;-256.262;-256.708;-256.895;-256.95;-256.003;11:32:11
268;29.9933;29.7781;-256.755;-256.262;-256.715;-256.895;-256.95;-255.996;11:32:12
269;29.9933;29.7859;-256.758;-256.262;-256.708;-256.895;-256.95;-256.003;11:32:12
270;30.0011;29.7859;-256.751;-256.254;-256.708;-256.895;-256.942;-256.003;11:32:13
271;29.9933;29.7859;-256.755;-256.262;-256.715;-256.903;-256.942;-256.003;11:32:13
272;29.9933;29.7938;-256.751;-256.262;-256.715;-256.888;-256.942;-256.003;11:32:14
273;29.9933;29.7859;-256.755;-256.269;-256.708;-256.895;-256.958;-256.003;11:32:14
274;29.9855;29.7938;-256.755;-256.262;-256.708;-256.888;-256.95;-256.003;11:32:15
275;29.9933;29.7859;-256.751;-256.262;-256.708;-256.895;-256.95;-256.003;11:32:15
276;29.9855;29.7938;-256.751;-256.269;-256.708;-256.895;-256.95;-256.003;11:32:16
277;29.9933;29.7859;-256.755;-256.254;-256.715;-256.895;-256.958;-256.003;11:32:16
278;29.9933;29.7859;-256.751;-256.262;-256.7;-256.888;-256.95;-255.996;11:32:17
279;30.0011;29.7938;-256.755;-256.254;-256.708;-256.888;-256.95;-256.003;11:32:17
280;30.0011;29.7859;-256.751;-256.262;-256.715;-256.895;-256.942;-255.996;11:32:18
281;29.9933;29.7859;-256.755;-256.262;-256.708;-256.895;-256.95;-256.003;11:32:18
282;30.0011;29.7859;-256.755;-256.262;-256.708;-256.895;-256.95;-256.011;11:32:19
283;30.0011;29.7938;-256.758;-256.254;-256.708;-256.895;-256.95;-256.003;11:32:19
284;30.0011;29.7938;-256.755;-256.262;-256.715;-256.895;-256.95;-256.003;11:32:20
285;29.9933;29.7938;-256.755;-256.254;-256.708;-256.895;-256.95;-256.003;11:32:20
286;30.0011;29.7938;-256.755;-256.262;-256.715;-256.903;-256.95;-256.003;11:32:21
287;30.0011;29.8016;-256.751;-256.269;-256.7;-256.895;-256.958;-255.996;11:32:21
288;29.9933;29.7938;-256.755;-256.254;-256.708;-256.895;-256.958;-256.003;11:32:22
289;30.0011;29.7859;-256.755;-256.262;-256.708;-256.888;-256.95;-256.003;11:32:22
290;30.0011;29.7938;-256.755;-256.262;-256.708;-256.903;-256.95;-255.996;11:32:23
291;30.0011;29.8016;-256.755;-256.269;-256.708;-256.895;-256.942;-256.003;11:32:23
292;30.0011;29.7938;-256.755;-256.269;-256.708;-256.903;-256.95;-256.011;11:32:24
293;29.9933;29.8016;-256.755;-256.262;-256.708;-256.895;-256.95;-256.003;11:32:24
294;30.0011;29.7938;-256.755;-256.262;-256.708;-256.903;-256.95;-256.003;11:32:25
295;30.0011;29.7859;-256.758;-256.262;-256.708;-256.903;-256.95;-256.003;11:32:25
296;29.9933;29.7938;-256.755;-256.269;-256.715;-256.903;-256.95;-256.003;11:32:26
297;29.9933;29.7859;-256.755;-256.262;-256.708;-256.895;-256.95;-255.996;11:32:26
298;30.0011;29.7859;-256.755;-256.262;-256.708;-256.903;-256.95;-255.996;11:32:27
299;30.0011;29.7938;-256.751;-256.269;-256.708;-256.895;-256.95;-255.996;11:32:27
300;30.0011;29.7859;-256.755;-256.262;-256.7;-256.903;-256.95;-256.003;11:32:28
301;30.0011;29.7938;-256.755;-256.262;-256.7;-256.895;-256.958;-256.003;11:32:28
302;29.9933;29.7859;-256.755;-256.262;-256.7;-256.903;-256.935;-256.003;11:32:29
303;30.0011;29.7938;-256.751;-256.262;-256.7;-256.895;-256.942;-256.003;11:32:29
304;30.0011;29.7938;-256.755;-256.269;-256.7;-256.903;-256.942;-256.011;11:32:30
305;29.9933;29.7859;-256.751;-256.262;-256.708;-256.903;-256.942;-256.003;11:32:30
306;30.009;29.7859;-256.755;-256.262;-256.7;-256.895;-256.942;-255.996;11:32:31
307;30.0011;29.7781;-256.751;-256.262;-256.7;-256.903;-256.942;-256.003;11:32:31
308;30.0011;29.7859;-256.747;-256.262;-256.7;-256.895;-256.942;-256.003;11:32:32
309;30.0011;29.7859;-256.747;-256.269;-256.7;-256.895;-256.942;-256.003;11:32:32
310;30.0011;29.7859;-256.735;-256.262;-256.708;-256.903;-256.942;-256.011;11:32:33
311;29.9933;29.7859;-256.735;-256.262;-256.7;-256.895;-256.942;-256.003;11:32:33
312;30.0011;29.7781;-256.747;-256.262;-256.708;-256.895;-256.942;-256.003;11:32:34
313;30.009;29.7859;-256.747;-256.269;-256.708;-256.895;-256.942;-256.003;11:32:34
314;30.0011;29.7938;-256.747;-256.269;-256.7;-256.895;-256.942;-256.003;11:32:35
315;30.009;29.7859;-256.747;-256.262;-256.7;-256.895;-256.942;-256.011;11:32:35
316;30.0011;29.7859;-256.751;-256.262;-256.708;-256.903;-256.942;-256.003;11:32:36
317;30.0011;29.7859;-256.747;-256.262;-256.708;-256.895;-256.942;-256.011;11:32:36
318;30.009;29.7859;-256.747;-256.262;-256.7;-256.903;-256.942;-256.011;11:32:37
319;30.009;29.7859;-256.743;-256.254;-256.708;-256.895;-256.942;-256.003;11:32:37
320;30.009;29.7859;-256.751;-256.262;-256.708;-256.895;-256.942;-256.011;11:32:38
321;30.009;29.7781;-256.747;-256.262;-256.708;-256.903;-256.95;-256.003;11:32:38
322;30.0011;29.7859;-256.747;-256.262;-256.7;-256.895;-256.942;-256.011;11:32:39
323;30.009;29.7859;-256.747;-256.254;-256.708;-256.895;-256.95;-256.003;11:32:39
324;30.009;29.7938;-256.747;-256.262;-256.7;-256.895;-256.942;-256.011;11:32:40
325;30.009;29.7781;-256.747;-256.262;-256.7;-256.895;-256.95;-256.003;11:32:40
326;30.009;29.7938;-256.755;-256.262;-256.708;-256.903;-256.942;-256.003;11:32:41
327;30.0011;29.7859;-256.751;-256.262;-256.7;-256.895;-256.942;-256.003;11:32:41
328;30.0011;29.7859;-256.751;-256.262;-256.708;-256.895;-256.942;-256.003;11:32:42
329;30.0011;29.7938;-256.751;-256.262;-256.7;-256.903;-256.95;-256.011;11:32:42
330;30.0011;29.7938;-256.747;-256.262;-256.708;-256.895;-256.95;-256.003;11:32:43
331;30.0011;29.7938;-256.751;-256.262;-256.7;-256.903;-256.942;-256.011;11:32:43
332;30.009;29.7938;-256.747;-256.269;-256.7;-256.903;-256.942;-256.011;11:32:44
333;30.0011;29.8016;-256.747;-256.262;-256.708;-256.903;-256.942;-256.003;11:32:44
334;29.9933;29.8016;-256.747;-256.262;-256.708;-256.895;-256.942;-256.011;11:32:45
335;30.0011;29.7938;-256.747;-256.262;-256.7;-256.895;-256.958;-255.996;11:32:45
336;29.9933;29.7938;-256.747;-256.262;-256.708;-256.895;-256.95;-256.003;11:32:46
337;30.0011;29.7859;-256.747;-256.262;-256.7;-256.903;-256.95;-256.011;11:32:46
338;29.9933;29.7938;-256.747;-256.262;-256.708;-256.903;-256.95;-256.003;11:32:47
339;29.9933;29.7859;-256.751;-256.262;-256.7;-256.895;-256.95;-256.011;11:32:47
340;30.009;29.7859;-256.751;-256.269;-256.7;-256.895;-256.95;-256.003;11:32:48
341;30.009;29.7859;-256.747;-256.254;-256.708;-256.895;-256.95;-256.003;11:32:48
342;30.009;29.7859;-256.747;-256.262;-256.7;-256.903;-256.95;-256.003;11:32:49
343;30.009;29.7859;-256.747;-256.262;-256.708;-256.903;-256.95;-256.011;11:32:49
344;30.009;29.7859;-256.747;-256.262;-256.7;-256.895;-256.942;-256.003;11:32:50
345;30.0011;29.7859;-256.747;-256.262;-256.7;-256.903;-256.942;-256.003;11:32:50
346;30.009;29.7859;-256.755;-256.262;-256.7;-256.895;-256.942;-256.011;11:32:51
347;30.009;29.7859;-256.751;-256.262;-256.708;-256.903;-256.95;-255.996;11:32:51
348;30.009;29.7859;-256.751;-256.269;-256.7;-256.903;-256.95;-256.011;11:32:52
349;30.009;29.7938;-256.755;-256.262;-256.7;-256.895;-256.95;-256.003;11:32:52
350;30.009;29.7859;-256.755;-256.262;-256.7;-256.903;-256.95;-255.996;11:32:53
351;30.009;29.7859;-256.755;-256.262;-256.7;-256.895;-256.942;-255.996;11:32:53
352;30.0168;29.7938;-256.755;-256.262;-256.708;-256.903;-256.958;-256.003;11:32:54
353;30.009;29.7859;-256.751;-256.269;-256.7;-256.903;-256.942;-255.996;11:32:54
354;30.009;29.7859;-256.755;-256.262;-256.7;-256.895;-256.942;-255.996;11:32:55
355;30.009;29.8016;-256.755;-256.262;-256.708;-256.903;-256.942;-255.996;11:32:55
356;30.0011;29.7938;-256.755;-256.262;-256.7;-256.903;-256.95;-256.003;11:32:56
357;30.009;29.7938;-256.755;-256.262;-256.708;-256.895;-256.95;-255.996;11:32:56
358;30.009;29.7938;-256.755;-256.254;-256.7;-256.895;-256.95;-255.996;11:32:57
359;30.0011;29.7938;-256.755;-256.262;-256.708;-256.895;-256.95;-256.003;11:32:57
360;30.009;29.7859;-256.755;-256.262;-256.7;-256.895;-256.942;-256.011;11:32:58
361;30.009;29.7859;-256.758;-256.262;-256.708;-256.895;-256.95;-256.003;11:32:58
362;30.0011;29.7859;-256.755;-256.262;-256.7;-256.903;-256.95;-256.003;11:32:59
363;30.009;29.7859;-256.755;-256.262;-256.708;-256.895;-256.95;-256.011;11:32:59
364;30.0011;29.7859;-256.755;-256.262;-256.7;-256.895;-256.95;-256.003;11:33:00
365;30.009;29.7938;-256.751;-256.262;-256.708;-256.895;-256.95;-256.003;11:33:00
366;30.009;29.7859;-256.755;-256.269;-256.7;-256.903;-256.958;-256.003;11:33:01
367;30.0011;29.7859;-256.751;-256.262;-256.708;-256.895;-256.95;-256.003;11:33:01
368;30.0168;29.7859;-256.755;-256.262;-256.7;-256.903;-256.958;-256.003;11:33:02
369;30.009;29.7859;-256.751;-256.262;-256.708;-256.895;-256.958;-256.003;11:33:02
370;30.0168;29.7938;-256.755;-256.269;-256.708;-256.895;-256.942;-255.996;11:33:03
371;30.009;29.7938;-256.755;-256.262;-256.7;-256.895;-256.958;-256.003;11:33:03
372;30.0168;29.7859;-256.751;-256.262;-256.708;-256.888;-256.95;-256.003;11:33:04
373;30.009;29.8016;-256.758;-256.262;-256.7;-256.895;-256.95;-256.003;11:33:04
374;30.009;29.7859;-256.755;-256.262;-256.708;-256.895;-256.95;-256.003;11:33:05
375;30.0011;29.7938;-256.755;-256.262;-256.7;-256.903;-256.958;-256.003;11:33:05
376;30.009;29.7938;-256.751;-256.262;-256.708;-256.895;-256.95;-255.996;11:33:06
377;30.0011;29.7938;-256.755;-256.254;-256.7;-256.895;-256.95;-256.003;11:33:06
378;30.009;29.7938;-256.755;-256.254;-256.7;-256.895;-256.95;-256.003;11:33:07
379;30.0011;29.7938;-256.755;-256.254;-256.708;-256.903;-256.95;-255.996;11:33:07
380;30.0011;29.7938;-256.755;-256.262;-256.7;-256.895;-256.95;-256.003;11:33:08
381;30.009;29.7938;-256.755;-256.254;-256.7;-256.903;-256.95;-256.003;11:33:08
382;30.0011;29.7938;-256.751;-256.262;-256.708;-256.895;-256.95;-255.996;11:33:09
383;30.009;29.7938;-256.755;-256.254;-256.7;-256.895;-256.958;-256.003;11:33:09
384;30.0011;29.7859;-256.755;-256.254;-256.708;-256.903;-256.95;-255.996;11:33:10
385;30.0011;29.7938;-256.755;-256.262;-256.7;-256.895;-256.958;-255.996;11:33:10
386;30.0011;29.8016;-256.758;-256.254;-256.7;-256.895;-256.95;-256.003;11:33:11
387;29.9933;29.8094;-256.755;-256.262;-256.7;-256.895;-256.95;-255.996;11:33:11
388;30.0011;29.8016;-256.755;-256.254;-256.7;-256.888;-256.95;-256.003;11:33:12
389;30.0011;29.8016;-256.755;-256.254;-256.7;-256.895;-256.95;-255.996;11:33:12
390;29.9933;29.8094;-256.755;-256.254;-256.7;-256.895;-256.95;-255.996;11:33:13
391;30.0011;29.8016;-256.755;-256.254;-256.692;-256.895;-256.95;-256.003;11:33:13
392;29.9933;29.8016;-256.755;-256.262;-256.7;-256.895;-256.942;-255.996;11:33:14
393;30.0011;29.8094;-256.751;-256.262;-256.7;-256.903;-256.95;-255.996;11:33:14
394;29.9933;29.8016;-256.755;-256.254;-256.7;-256.895;-256.958;-256.003;11:33:15
395;29.9933;29.7938;-256.758;-256.254;-256.708;-256.903;-256.95;-256.003;11:33:15
396;29.9933;29.8016;-256.758;-256.254;-256.7;-256.895;-256.95;-255.996;11:33:16
397;29.9933;29.8016;-256.755;-256.254;-256.708;-256.895;-256.942;-256.003;11:33:16
398;29.9933;29.8016;-256.755;-256.262;-256.708;-256.903;-256.958;-256.011;11:33:17
399;29.9933;29.7938;-256.758;-256.254;-256.708;-256.895;-256.942;-256.003;11:33:17
400;29.9933;29.8016;-256.755;-256.254;-256.7;-256.903;-256.95;-256.003;11:33:18
401;29.9933;29.8016;-256.755;-256.254;-256.7;-256.895;-256.942;-256.003;11:33:18
402;29.9933;29.8016;-256.755;-256.254;-256.7;-256.895;-256.942;-256.003;11:33:19
403;29.9933;29.8016;-256.758;-256.262;-256.708;-256.895;-256.942;-256.003;11:33:19
404;29.9933;29.8016;-256.755;-256.254;-256.7;-256.903;-256.942;-256.003;11:33:20
405;29.9855;29.8016;-256.758;-256.254;-256.708;-256.895;-256.958;-256.003;11:33:20
406;29.9855;29.7938;-256.751;-256.262;-256.7;-256.895;-256.95;-256.003;11:33:21
407;29.9933;29.8094;-256.758;-256.254;-256.7;-256.895;-256.942;-256.003;11:33:21
408;29.9933;29.8016;-256.755;-256.254;-256.708;-256.903;-256.95;-256.003;11:33:22
409;29.9933;29.8016;-256.755;-256.254;-256.708;-256.895;-256.95;-255.996;11:33:22
410;29.9933;29.8016;-256.755;-256.254;-256.7;-256.895;-256.958;-256.003;11:33:23
411;29.9933;29.7938;-256.755;-256.254;-256.7;-256.895;-256.942;-256.003;11:33:23
412;30.0011;29.8016;-256.751;-256.262;-256.708;-256.903;-256.942;-256.003;11:33:24
413;29.9933;29.8016;-256.755;-256.254;-256.7;-256.888;-256.942;-256.003;11:33:24
414;29.9933;29.8094;-256.758;-256.262;-256.7;-256.895;-256.942;-256.003;11:33:25
415;29.9933;29.8016;-256.755;-256.254;-256.708;-256.895;-256.95;-255.996;11:33:25
416;29.9933;29.8094;-256.755;-256.262;-256.708;-256.895;-256.95;-255.996;11:33:26
417;29.9933;29.8016;-256.755;-256.254;-256.7;-256.888;-256.95;-256.003;11:33:26
418;29.9933;29.8016;-256.755;-256.254;-256.708;-256.895;-256.95;-255.996;11:33:27
419;30.0011;29.8094;-256.755;-256.258;-256.7;-256.895;-256.95;-256.003;11:33:27
420;29.9933;29.8016;-256.755;-256.254;-256.7;-256.895;-256.958;-256.003;11:33:28
421;29.9933;29.8094;-256.751;-256.254;-256.708;-256.895;-256.95;-256.003;11:33:28
422;30.0011;29.8016;-256.755;-256.254;-256.7;-256.895;-256.942;-255.996;11:33:29
423;30.0011;29.8016;-256.751;-256.254;-256.7;-256.895;-256.95;-256.003;11:33:29
424;29.9933;29.8016;-256.751;-256.254;-256.708;-256.888;-256.95;-256.003;11:33:30
425;30.0011;29.8016;-256.751;-256.254;-256.7;-256.895;-256.95;-255.996;11:33:30
426;29.9933;29.8016;-256.755;-256.262;-256.708;-256.888;-256.958;-256.003;11:33:31
427;29.9933;29.8016;-256.755;-256.25;-256.7;-256.888;-256.95;-255.996;11:33:31
428;30.0011;29.8094;-256.751;-256.254;-256.708;-256.888;-256.95;-256.003;11:33:32
429;30.0011;29.8016;-256.755;-256.254;-256.708;-256.895;-256.95;-256.003;11:33:32
430;29.9933;29.8016;-256.758;-256.254;-256.708;-256.888;-256.942;-255.996;11:33:33
431;30.0011;29.8016;-256.755;-256.254;-256.708;-256.888;-256.958;-256.003;11:33:33
432;29.9933;29.8016;-256.755;-256.258;-256.708;-256.895;-256.95;-255.996;11:33:34
433;29.9933;29.8016;-256.758;-256.254;-256.708;-256.888;-256.95;-255.996;11:33:34
434;30.009;29.8016;-256.751;-256.262;-256.708;-256.895;-256.942;-255.996;11:33:35
435;29.9933;29.8016;-256.751;-256.254;-256.7;-256.888;-256.942;-255.996;11:33:35
436;29.9933;29.8094;-256.755;-256.254;-256.708;-256.888;-256.95;-255.996;11:33:36
437;29.9933;29.8016;-256.751;-256.254;-256.708;-256.895;-256.95;-255.996;11:33:36
438;30.0011;29.8094;-256.755;-256.254;-256.708;-256.888;-256.95;-255.996;11:33:37
439;29.9855;29.8016;-256.751;-256.262;-256.7;-256.888;-256.95;-255.996;11:33:37
440;29.9933;29.8094;-256.755;-256.262;-256.7;-256.895;-256.95;-255.988;11:33:38
441;30.0011;29.8094;-256.747;-256.262;-256.708;-256.895;-256.942;-255.996;11:33:38
442;29.9933;29.8016;-256.751;-256.254;-256.7;-256.895;-256.942;-255.996;11:33:39
443;30.0011;29.8094;-256.751;-256.262;-256.708;-256.888;-256.942;-255.988;11:33:39
444;29.9933;29.8016;-256.755;-256.254;-256.7;-256.895;-256.95;-256.003;11:33:40
445;30.0011;29.8016;-256.751;-256.262;-256.7;-256.903;-256.942;-255.996;11:33:40
446;29.9933;29.8016;-256.751;-256.254;-256.7;-256.903;-256.942;-256.003;11:33:41
447;30.0011;29.8094;-256.751;-256.262;-256.708;-256.895;-256.95;-255.996;11:33:41
448;30.0011;29.8094;-256.751;-256.254;-256.708;-256.895;-256.95;-255.996;11:33:42
449;30.0011;29.8016;-256.751;-256.262;-256.7;-256.895;-256.942;-256.003;11:33:42
450;29.9933;29.8094;-256.751;-256.269;-256.708;-256.888;-256.942;-255.996;11:33:43
451;30.0011;29.8016;-256.755;-256.254;-256.7;-256.895;-256.942;-256.003;11:33:43
452;30.0011;29.8016;-256.755;-256.262;-256.7;-256.895;-256.942;-255.996;11:33:44
453;30.009;29.8016;-256.758;-256.254;-256.7;-256.895;-256.935;-255.996;11:33:44
454;30.0011;29.8094;-256.755;-256.262;-256.7;-256.895;-256.942;-256.003;11:33:45
455;30.0011;29.8094;-256.751;-256.262;-256.7;-256.895;-256.95;-256.003;11:33:45
456;30.009;29.8016;-256.755;-256.262;-256.7;-256.895;-256.942;-255.996;11:33:46
457;30.0011;29.8094;-256.755;-256.262;-256.7;-256.895;-256.942;-255.996;11:33:46
458;30.0011;29.8094;-256.758;-256.262;-256.7;-256.895;-256.95;-256.003;11:33:47
459;30.0011;29.8016;-256.751;-256.262;-256.708;-256.895;-256.942;-255.996;11:33:47
460;30.009;29.8016;-256.755;-256.269;-256.7;-256.895;-256.95;-255.996;11:33:48
461;29.9933;29.8016;-256.755;-256.262;-256.692;-256.895;-256.935;-256.003;11:33:48
462;30.009;29.8094;-256.755;-256.269;-256.708;-256.895;-256.942;-255.996;11:33:49
463;30.009;29.8094;-256.758;-256.269;-256.7;-256.895;-256.942;-256.003;11:33:49
464;30.0011;29.8094;-256.755;-256.262;-256.7;-256.903;-256.942;-255.996;11:33:50
465;30.009;29.8016;-256.755;-256.269;-256.708;-256.895;-256.942;-255.996;11:33:50
466;30.009;29.8094;-256.755;-256.262;-256.7;-256.895;-256.942;-256.003;11:33:51
467;30.009;29.8094;-256.751;-256.262;-256.7;-256.888;-256.942;-255.996;11:33:51
468;30.0011;29.8094;-256.751;-256.262;-256.7;-256.895;-256.935;-255.996;11:33:52
469;29.9933;29.8016;-256.751;-256.262;-256.708;-256.888;-256.942;-256.003;11:33:52
470;30.009;29.8094;-256.755;-256.262;-256.708;-256.895;-256.95;-255.996;11:33:53
471;30.009;29.8016;-256.751;-256.262;-256.7;-256.895;-256.942;-256.003;11:33:53
472;30.009;29.8094;-256.755;-256.262;-256.708;-256.888;-256.935;-255.996;11:33:54
473;30.0011;29.8016;-256.751;-256.262;-256.7;-256.895;-256.942;-255.996;11:33:54
474;30.009;29.8094;-256.755;-256.262;-256.708;-256.888;-256.958;-256.003;11:33:55
475;30.009;29.8016;-256.755;-256.262;-256.708;-256.895;-256.95;-255.996;11:33:55
476;30.0168;29.8016;-256.755;-256.262;-256.7;-256.895;-256.942;-256.003;11:33:56
477;30.0168;29.8016;-256.751;-256.262;-256.708;-256.895;-256.942;-255.996;11:33:56
478;30.0168;29.8016;-256.751;-256.269;-256.7;-256.903;-256.935;-255.996;11:33:57
479;30.009;29.8016;-256.751;-256.262;-256.7;-256.895;-256.95;-255.996;11:33:57
480;30.0168;29.8016;-256.751;-256.262;-256.7;-256.903;-256.935;-255.996;11:33:58
481;30.0168;29.8016;-256.747;-256.269;-256.708;-256.895;-256.942;-255.996;11:33:58
482;30.0168;29.8016;-256.747;-256.262;-256.7;-256.895;-256.935;-255.996;11:33:59
483;30.0168;29.7938;-256.747;-256.262;-256.708;-256.895;-256.935;-255.996;11:33:59
484;30.0168;29.8016;-256.743;-256.269;-256.708;-256.895;-256.942;-255.996;11:34:00
485;30.009;29.7938;-256.751;-256.262;-256.708;-256.895;-256.942;-255.996;11:34:00
486;30.009;29.8016;-256.747;-256.262;-256.7;-256.895;-256.942;-255.996;11:34:01
487;30.009;29.7938;-256.747;-256.269;-256.708;-256.895;-256.935;-255.996;11:34:01
488;30.0168;29.8094;-256.751;-256.269;-256.7;-256.903;-256.942;-255.996;11:34:02
489;30.009;29.8094;-256.751;-256.269;-256.708;-256.895;-256.942;-255.996;11:34:02
490;30.009;29.8094;-256.751;-256.269;-256.708;-256.895;-256.95;-255.988;11:34:03
491;30.0168;29.8016;-256.751;-256.269;-256.708;-256.895;-256.95;-255.996;11:34:03
492;30.009;29.8094;-256.751;-256.262;-256.7;-256.903;-256.942;-256.003;11:34:04
493;30.0168;29.8016;-256.751;-256.269;-256.708;-256.903;-256.95;-255.996;11:34:04
494;30.009;29.8094;-256.755;-256.262;-256.7;-256.895;-256.95;-256.003;11:34:05
495;30.0168;29.8016;-256.755;-256.254;-256.708;-256.903;-256.95;-256.003;11:34:05
496;30.0168;29.8016;-256.755;-256.262;-256.7;-256.895;-256.942;-255.996;11:34:06
497;30.0168;29.8094;-256.755;-256.262;-256.7;-256.895;-256.95;-255.996;11:34:06
498;30.0168;29.8016;-256.758;-256.262;-256.708;-256.895;-256.942;-256.003;11:34:07
499;30.0168;29.8016;-256.755;-256.254;-256.7;-256.895;-256.935;-256.003;11:34:07
500;30.0168;29.8094;-256.758;-256.262;-256.708;-256.888;-256.942;-255.996;11:34:08
501;30.0168;29.7938;-256.751;-256.262;-256.708;-256.903;-256.942;-255.996;11:34:08
502;30.0168;29.8016;-256.751;-256.262;-256.7;-256.895;-256.935;-256.003;11:34:09
503;30.0168;29.8016;-256.755;-256.262;-256.708;-256.903;-256.942;-255.996;11:34:09
504;30.009;29.8094;-256.755;-256.262;-256.708;-256.895;-256.942;-255.996;11:34:10
505;30.0168;29.8016;-256.755;-256.262;-256.715;-256.895;-256.942;-256.003;11:34:10
506;30.0168;29.8094;-256.755;-256.262;-256.708;-256.895;-256.942;-255.988;11:34:11
507;30.0168;29.8016;-256.755;-256.262;-256.715;-256.895;-256.942;-255.996;11:34:11
508;30.0168;29.8094;-256.758;-256.262;-256.715;-256.895;-256.942;-255.996;11:34:12
509;30.0168;29.8016;-256.755;-256.262;-256.708;-256.895;-256.95;-255.996;11:34:12
510;30.0246;29.8094;-256.758;-256.262;-256.708;-256.895;-256.95;-255.996;11:34:13
511;30.0168;29.8094;-256.755;-256.262;-256.708;-256.895;-256.942;-256.003;11:34:13
512;30.0168;29.8016;-256.755;-256.269;-256.708;-256.895;-256.942;-256.003;11:34:14
513;30.0168;29.8172;-256.755;-256.269;-256.7;-256.895;-256.935;-255.996;11:34:14
514;30.0168;29.8094;-256.755;-256.269;-256.708;-256.895;-256.935;-255.996;11:34:15
515;30.0246;29.8172;-256.755;-256.262;-256.708;-256.895;-256.935;-256.003;11:34:15
516;30.0246;29.8172;-256.755;-256.269;-256.708;-256.903;-256.935;-255.996;11:34:16
517;30.0246;29.8094;-256.755;-256.269;-256.708;-256.895;-256.935;-255.996;11:34:16
518;30.0168;29.8172;-256.755;-256.262;-256.708;-256.895;-256.942;-255.996;11:34:17
519;30.0168;29.8172;-256.751;-256.262;-256.708;-256.903;-256.942;-255.996;11:34:17
520;30.0246;29.8094;-256.755;-256.262;-256.708;-256.895;-256.935;-255.996;11:34:18
521;30.0168;29.8172;-256.755;-256.269;-256.708;-256.903;-256.942;-256.003;11:34:18
522;30.0246;29.8094;-256.747;-256.262;-256.708;-256.888;-256.935;-255.996;11:34:19
523;30.0246;29.8172;-256.751;-256.269;-256.715;-256.903;-256.935;-255.988;11:34:19
524;30.0246;29.8094;-256.743;-256.262;-256.715;-256.895;-256.942;-256.003;11:34:20
525;30.0246;29.8172;-256.751;-256.262;-256.715;-256.895;-256.935;-255.996;11:34:20
526;30.0246;29.8094;-256.751;-256.269;-256.715;-256.895;-256.942;-255.996;11:34:21
527;30.0246;29.8094;-256.751;-256.262;-256.715;-256.903;-256.935;-255.996;11:34:21
528;30.0246;29.8094;-256.747;-256.262;-256.708;-256.895;-256.942;-255.996;11:34:22
529;30.0246;29.8094;-256.747;-256.262;-256.715;-256.903;-256.942;-255.996;11:34:22
530;30.0168;29.8094;-256.747;-256.269;-256.708;-256.903;-256.935;-255.996;11:34:23
531;30.0285;29.8094;-256.747;-256.262;-256.715;-256.895;-256.942;-256.003;11:34:23
532;30.0246;29.8094;-256.751;-256.262;-256.708;-256.888;-256.935;-255.996;11:34:24
533;30.0246;29.8094;-256.747;-256.262;-256.715;-256.903;-256.935;-256.003;11:34:24
534;30.0246;29.8094;-256.747;-256.269;-256.715;-256.895;-256.935;-255.996;11:34:25
535;30.0168;29.8094;-256.747;-256.262;-256.715;-256.895;-256.935;-256.003;11:34:25
536;30.0168;29.8094;-256.751;-256.269;-256.715;-256.895;-256.942;-256.003;11:34:26
537;30.0246;29.8016;-256.747;-256.269;-256.708;-256.903;-256.942;-255.996;11:34:26
538;30.009;29.8172;-256.751;-256.262;-256.715;-256.903;-256.95;-256.003;11:34:27
539;30.0246;29.8094;-256.751;-256.269;-256.715;-256.895;-256.942;-255.996;11:34:27
540;30.0168;29.8094;-256.747;-256.269;-256.715;-256.895;-256.942;-256.003;11:34:28
541;30.0168;29.8172;-256.751;-256.262;-256.715;-256.895;-256.935;-255.996;11:34:28
542;30.0246;29.8172;-256.751;-256.269;-256.708;-256.895;-256.942;-256.003;11:34:29
543;30.0168;29.8016;-256.747;-256.262;-256.715;-256.895;-256.942;-255.996;11:34:29
544;30.0168;29.8094;-256.751;-256.269;-256.708;-256.888;-256.942;-256.011;11:34:30
545;30.0246;29.8172;-256.747;-256.254;-256.708;-256.895;-256.935;-255.996;11:34:30
546;30.0246;29.8094;-256.747;-256.269;-256.715;-256.895;-256.935;-256.003;11:34:31
547;30.0246;29.8094;-256.747;-256.269;-256.708;-256.895;-256.942;-256.003;11:34:31
548;30.0168;29.8016;-256.743;-256.262;-256.708;-256.903;-256.935;-256.003;11:34:32
549;30.0168;29.8094;-256.747;-256.269;-256.715;-256.895;-256.95;-256.003;11:34:32
550;30.0246;29.8094;-256.747;-256.269;-256.708;-256.895;-256.942;-255.996;11:34:33
551;30.0168;29.8172;-256.743;-256.262;-256.715;-256.903;-256.935;-256.003;11:34:33
552;30.0246;29.8094;-256.747;-256.269;-256.7;-256.895;-256.942;-256.003;11:34:34
553;30.0168;29.8094;-256.743;-256.269;-256.708;-256.903;-256.942;-255.988;11:34:34
554;30.0285;29.8094;-256.747;-256.269;-256.708;-256.895;-256.935;-256.003;11:34:35
555;30.0246;29.8094;-256.743;-256.262;-256.708;-256.895;-256.942;-255.996;11:34:35
556;30.0285;29.8094;-256.747;-256.262;-256.715;-256.903;-256.935;-255.996;11:34:36
557;30.0285;29.8094;-256.747;-256.254;-256.715;-256.895;-256.95;-255.996;11:34:36
558;30.0285;29.8094;-256.743;-256.269;-256.715;-256.895;-256.942;-255.996;11:34:37
559;30.0246;29.8094;-256.743;-256.262;-256.715;-256.895;-256.942;-255.996;11:34:37
560;30.0246;29.8094;-256.743;-256.262;-256.715;-256.895;-256.942;-256.003;11:34:38
561;30.0246;29.8094;-256.747;-256.262;-256.708;-256.895;-256.942;-255.996;11:34:38
562;30.0246;29.8094;-256.747;-256.269;-256.715;-256.895;-256.935;-255.996;11:34:39
563;30.0246;29.8172;-256.751;-256.262;-256.708;-256.895;-256.942;-256.003;11:34:39
564;30.0246;29.8172;-256.747;-256.262;-256.7;-256.895;-256.935;-255.996;11:34:40
565;30.0285;29.8251;-256.751;-256.262;-256.708;-256.895;-256.935;-256.003;11:34:40
566;30.0246;29.8251;-256.747;-256.262;-256.708;-256.895;-256.927;-255.996;11:34:41
567;30.0246;29.8251;-256.751;-256.262;-256.708;-256.895;-256.942;-256.003;11:34:41
568;30.0285;29.8251;-256.747;-256.269;-256.715;-256.895;-256.942;-255.996;11:34:42
569;30.0285;29.8172;-256.747;-256.262;-256.708;-256.895;-256.942;-256.003;11:34:42
570;30.0246;29.8251;-256.751;-256.262;-256.708;-256.895;-256.935;-256.003;11:34:43
571;30.0246;29.8251;-256.751;-256.262;-256.708;-256.895;-256.935;-255.996;11:34:43
572;30.0285;29.8251;-256.747;-256.262;-256.708;-256.895;-256.935;-256.003;11:34:44
573;30.0246;29.8172;-256.755;-256.254;-256.708;-256.895;-256.935;-256.003;11:34:44
574;30.0285;29.8329;-256.755;-256.262;-256.708;-256.903;-256.942;-256.003;11:34:45
575;30.0285;29.8251;-256.755;-256.262;-256.715;-256.895;-256.935;-256.003;11:34:45
576;30.0285;29.8251;-256.755;-256.254;-256.708;-256.895;-256.942;-256.003;11:34:46
577;30.0285;29.8251;-256.751;-256.262;-256.708;-256.903;-256.942;-256.003;11:34:46
578;30.0363;29.8172;-256.747;-256.254;-256.715;-256.903;-256.935;-256.003;11:34:47
579;30.0324;29.8251;-256.755;-256.254;-256.715;-256.888;-256.935;-255.996;11:34:47
580;30.0285;29.8172;-256.751;-256.262;-256.708;-256.895;-256.935;-256.003;11:34:48
581;30.0324;29.8251;-256.751;-256.254;-256.715;-256.895;-256.935;-256.003;11:34:48
582;30.0285;29.8172;-256.751;-256.262;-256.708;-256.888;-256.942;-256.003;11:34:49
583;30.0285;29.8251;-256.755;-256.254;-256.708;-256.888;-256.942;-256.003;11:34:49
584;30.0324;29.8251;-256.751;-256.262;-256.715;-256.888;-256.942;-255.996;11:34:50
585;30.0324;29.8251;-256.751;-256.254;-256.715;-256.895;-256.942;-255.996;11:34:50
586;30.0246;29.8251;-256.751;-256.262;-256.715;-256.895;-256.942;-256.003;11:34:51
587;30.0285;29.8172;-256.751;-256.262;-256.715;-256.903;-256.942;-256.003;11:34:51
588;30.0324;29.8172;-256.751;-256.262;-256.715;-256.895;-256.95;-255.996;11:34:52
589;30.0285;29.8251;-256.751;-256.254;-256.715;-256.903;-256.942;-256.003;11:34:52
590;30.0285;29.8172;-256.751;-256.265;-256.708;-256.895;-256.942;-256.003;11:34:53
591;30.0285;29.8172;-256.751;-256.254;-256.715;-256.895;-256.942;-255.988;11:34:53
592;30.0285;29.8251;-256.755;-256.262;-256.715;-256.903;-256.942;-255.996;11:34:54
593;30.0285;29.8172;-256.747;-256.262;-256.708;-256.903;-256.942;-255.988;11:34:54
594;30.0285;29.8251;-256.751;-256.262;-256.715;-256.903;-256.95;-256.003;11:34:55
595;30.0246;29.8251;-256.747;-256.262;-256.715;-256.895;-256.95;-255.996;11:34:55
596;30.0285;29.8172;-256.743;-256.262;-256.708;-256.903;-256.942;-255.996;11:34:56
597;30.0285;29.8251;-256.747;-256.262;-256.708;-256.895;-256.95;-255.996;11:34:56
598;30.0324;29.8172;-256.751;-256.262;-256.723;-256.895;-256.95;-255.996;11:34:57
599;30.0324;29.8251;-256.747;-256.254;-256.715;-256.895;-256.942;-255.996;11:34:57
600;30.0285;29.8329;-256.751;-256.254;-256.715;-256.903;-256.942;-255.996;11:34:58
601;30.0285;29.8172;-256.747;-256.262;-256.708;-256.903;-256.95;-255.996;11:34:58
602;30.0246;29.8251;-256.743;-256.254;-256.715;-256.903;-256.942;-255.996;11:34:59
603;30.0246;29.8251;-256.747;-256.262;-256.715;-256.895;-256.95;-255.996;11:34:59
604;30.0246;29.8251;-256.751;-256.269;-256.708;-256.903;-256.942;-255.988;11:35:00
605;30.0168;29.8251;-256.747;-256.254;-256.723;-256.903;-256.942;-255.996;11:35:00
606;30.0246;29.8251;-256.747;-256.262;-256.708;-256.895;-256.95;-255.996;11:35:01
607;30.0246;29.8251;-256.751;-256.269;-256.723;-256.895;-256.942;-255.996;11:35:01
608;30.0246;29.8329;-256.747;-256.262;-256.715;-256.903;-256.942;-255.996;11:35:02
609;30.0246;29.8251;-256.747;-256.262;-256.708;-256.895;-256.942;-255.996;11:35:02
610;30.0246;29.8251;-256.747;-256.269;-256.715;-256.903;-256.942;-255.996;11:35:03
611;30.0246;29.8329;-256.743;-256.262;-256.715;-256.895;-256.935;-256.003;11:35:03
612;30.0246;29.8172;-256.747;-256.262;-256.715;-256.895;-256.935;-256.003;11:35:04
613;30.0246;29.8172;-256.751;-256.269;-256.715;-256.895;-256.942;-255.996;11:35:04
614;30.0168;29.8172;-256.751;-256.262;-256.715;-256.903;-256.935;-255.996;11:35:05
615;30.0285;29.8251;-256.751;-256.262;-256.708;-256.895;-256.942;-255.996;11:35:05
616;30.0246;29.8251;-256.755;-256.262;-256.715;-256.903;-256.942;-256.003;11:35:06
617;30.0285;29.8172;-256.755;-256.262;-256.715;-256.895;-256.935;-255.996;11:35:06
618;30.0285;29.8172;-256.747;-256.262;-256.715;-256.903;-256.942;-256.003;11:35:07
619;30.0246;29.8094;-256.751;-256.262;-256.715;-256.895;-256.935;-255.996;11:35:07
620;30.0246;29.8172;-256.751;-256.269;-256.715;-256.895;-256.942;-256.003;11:35:08
621;30.0285;29.8172;-256.747;-256.262;-256.708;-256.895;-256.935;-256.003;11:35:08
622;30.0246;29.8172;-256.747;-256.262;-256.708;-256.895;-256.942;-256.003;11:35:09
623;30.0285;29.8172;-256.751;-256.269;-256.715;-256.903;-256.942;-256.003;11:35:09
624;30.0285;29.8094;-256.747;-256.262;-256.708;-256.895;-256.935;-256.003;11:35:10
625;30.0285;29.8172;-256.751;-256.262;-256.708;-256.903;-256.935;-256.011;11:35:10
626;30.0285;29.8094;-256.751;-256.262;-256.715;-256.895;-256.935;-256.003;11:35:11
627;30.0285;29.8251;-256.751;-256.262;-256.708;-256.895;-256.95;-256.011;11:35:11
628;30.0324;29.8172;-256.747;-256.262;-256.708;-256.895;-256.942;-255.996;11:35:12
629;30.0324;29.8172;-256.755;-256.262;-256.715;-256.903;-256.935;-256.003;11:35:12
630;30.0285;29.8172;-256.755;-256.262;-256.708;-256.895;-256.95;-255.996;11:35:13
631;30.0246;29.8172;-256.755;-256.262;-256.708;-256.895;-256.942;-256.003;11:35:13
632;30.0285;29.8094;-256.751;-256.262;-256.708;-256.895;-256.942;-256.003;11:35:14
633;30.0285;29.8094;-256.751;-256.269;-256.708;-256.903;-256.942;-256.003;11:35:14
634;30.0285;29.8172;-256.751;-256.254;-256.708;-256.903;-256.95;-255.996;11:35:15
635;30.0285;29.8094;-256.751;-256.262;-256.7;-256.895;-256.942;-255.996;11:35:15
636;30.0285;29.8172;-256.751;-256.262;-256.708;-256.903;-256.942;-256.003;11:35:16
637;30.0246;29.8172;-256.751;-256.254;-256.708;-256.895;-256.942;-255.996;11:35:16
638;30.0285;29.8172;-256.751;-256.269;-256.7;-256.903;-256.942;-256.003;11:35:17
639;30.0285;29.8172;-256.751;-256.254;-256.708;-256.895;-256.942;-255.996;11:35:17
640;30.0324;29.8172;-256.751;-256.262;-256.708;-256.895;-256.95;-256.003;11:35:18
641;30.0324;29.8172;-256.755;-256.262;-256.708;-256.903;-256.942;-255.996;11:35:18
642;30.0324;29.8172;-256.758;-256.262;-256.708;-256.895;-256.942;-256.003;11:35:19
643;30.0363;29.8251;-256.755;-256.262;-256.715;-256.903;-256.942;-256.003;11:35:19
644;30.0363;29.8172;-256.755;-256.262;-256.708;-256.911;-256.95;-255.996;11:35:20
645;30.0324;29.8251;-256.755;-256.262;-256.708;-256.895;-256.942;-255.996;11:35:20
646;30.0324;29.8172;-256.755;-256.262;-256.708;-256.903;-256.942;-255.996;11:35:21
647;30.0363;29.8094;-256.751;-256.262;-256.708;-256.895;-256.942;-255.996;11:35:21
648;30.0324;29.8172;-256.751;-256.262;-256.715;-256.903;-256.942;-255.996;11:35:22
649;30.0324;29.8251;-256.755;-256.269;-256.708;-256.903;-256.95;-255.996;11:35:22
650;30.0363;29.8172;-256.755;-256.262;-256.7;-256.903;-256.942;-255.996;11:35:23
651;30.0363;29.8094;-256.751;-256.269;-256.708;-256.895;-256.942;-255.988;11:35:23
652;30.0403;29.8329;-256.755;-256.262;-256.708;-256.895;-256.95;-255.996;11:35:24
653;30.0324;29.8172;-256.751;-256.262;-256.708;-256.895;-256.942;-255.996;11:35:24
654;30.0363;29.8172;-256.755;-256.262;-256.708;-256.895;-256.942;-255.996;11:35:25
655;30.0363;29.8251;-256.755;-256.262;-256.715;-256.895;-256.942;-255.996;11:35:25
656;30.0403;29.8251;-256.755;-256.269;-256.708;-256.895;-256.935;-255.996;11:35:26
657;30.0363;29.8172;-256.751;-256.262;-256.708;-256.895;-256.935;-256.003;11:35:26
658;30.0403;29.8251;-256.755;-256.262;-256.708;-256.895;-256.942;-255.996;11:35:27
659;30.0363;29.8251;-256.755;-256.269;-256.7;-256.895;-256.942;-255.996;11:35:27
660;30.0363;29.8329;-256.755;-256.262;-256.708;-256.895;-256.942;-256.003;11:35:28
661;30.0363;29.8251;-256.755;-256.254;-256.708;-256.895;-256.942;-256.003;11:35:28
662;30.0363;29.8251;-256.755;-256.254;-256.708;-256.895;-256.935;-256.003;11:35:29
663;30.0363;29.8251;-256.755;-256.262;-256.708;-256.895;-256.942;-255.996;11:35:29
664;30.0363;29.8251;-256.755;-256.262;-256.708;-256.895;-256.942;-256.003;11:35:30
665;30.0403;29.8251;-256.751;-256.254;-256.7;-256.903;-256.942;-255.996;11:35:30
666;30.0403;29.8251;-256.755;-256.262;-256.7;-256.895;-256.942;-256.003;11:35:31
667;30.0363;29.8251;-256.755;-256.262;-256.7;-256.895;-256.942;-255.996;11:35:31
668;30.0363;29.8251;-256.755;-256.269;-256.7;-256.895;-256.942;-256.003;11:35:32
669;30.0363;29.8251;-256.755;-256.262;-256.7;-256.895;-256.942;-255.996;11:35:32
670;30.0363;29.8172;-256.751;-256.262;-256.7;-256.895;-256.942;-256.003;11:35:33
671;30.0324;29.8251;-256.755;-256.262;-256.708;-256.895;-256.942;-256.003;11:35:33
672;30.0363;29.8251;-256.755;-256.269;-256.708;-256.888;-256.95;-255.996;11:35:34
673;30.0363;29.8251;-256.755;-256.269;-256.708;-256.895;-256.942;-256.003;11:35:34
674;30.0363;29.8329;-256.755;-256.262;-256.708;-256.895;-256.942;-256.003;11:35:35
675;30.0403;29.8251;-256.755;-256.277;-256.715;-256.895;-256.942;-255.996;11:35:35
676;30.0403;29.8251;-256.758;-256.269;-256.708;-256.888;-256.942;-256.003;11:35:36
677;30.0363;29.8251;-256.758;-256.269;-256.708;-256.895;-256.935;-255.996;11:35:36
678;30.0403;29.8251;-256.755;-256.262;-256.715;-256.895;-256.942;-256.003;11:35:37
679;30.0403;29.8251;-256.762;-256.269;-256.708;-256.888;-256.935;-255.996;11:35:37
680;30.0403;29.8251;-256.758;-256.262;-256.7;-256.895;-256.942;-256.003;11:35:38
681;30.0403;29.8251;-256.755;-256.269;-256.715;-256.895;-256.935;-255.996;11:35:38
682;30.0442;29.8251;-256.755;-256.262;-256.708;-256.895;-256.935;-256.003;11:35:39
683;30.0403;29.8172;-256.758;-256.262;-256.7;-256.895;-256.942;-255.988;11:35:39
684;30.0403;29.8172;-256.755;-256.269;-256.708;-256.895;-256.935;-255.996;11:35:40
685;30.0403;29.8251;-256.758;-256.269;-256.7;-256.888;-256.942;-256.003;11:35:40
686;30.0403;29.8172;-256.751;-256.269;-256.7;-256.895;-256.95;-255.996;11:35:41
687;30.0442;29.8251;-256.751;-256.269;-256.708;-256.895;-256.935;-255.996;11:35:41
688;30.0442;29.8172;-256.755;-256.262;-256.7;-256.888;-256.95;-255.996;11:35:42
689;30.0442;29.8094;-256.751;-256.262;-256.708;-256.888;-256.95;-255.996;11:35:42
690;30.0403;29.8172;-256.755;-256.269;-256.708;-256.895;-256.942;-255.996;11:35:43
691;30.0403;29.8094;-256.755;-256.262;-256.7;-256.895;-256.95;-255.996;11:35:43
692;30.0363;29.8094;-256.751;-256.262;-256.708;-256.895;-256.942;-255.996;11:35:44
693;30.0403;29.8094;-256.755;-256.269;-256.708;-256.895;-256.95;-255.996;11:35:44
694;30.0442;29.8094;-256.755;-256.262;-256.708;-256.895;-256.942;-256.003;11:35:45
695;30.0442;29.8172;-256.758;-256.269;-256.7;-256.895;-256.942;-255.996;11:35:45
696;30.0442;29.8172;-256.755;-256.262;-256.708;-256.903;-256.942;-255.996;11:35:46
697;30.0442;29.8094;-256.755;-256.269;-256.708;-256.903;-256.942;-255.996;11:35:46
698;30.0442;29.8251;-256.755;-256.262;-256.708;-256.903;-256.958;-255.996;11:35:47
699;30.052;29.8172;-256.751;-256.262;-256.708;-256.903;-256.95;-255.996;11:35:47
700;30.0442;29.8172;-256.755;-256.269;-256.708;-256.903;-256.95;-255.996;11:35:48
701;30.0442;29.8172;-256.751;-256.262;-256.708;-256.903;-256.95;-255.996;11:35:48
702;30.0442;29.8172;-256.755;-256.262;-256.715;-256.903;-256.95;-255.988;11:35:49
703;30.0403;29.8094;-256.755;-256.254;-256.708;-256.903;-256.942;-255.988;11:35:49
704;30.0403;29.8172;-256.751;-256.262;-256.708;-256.903;-256.95;-255.988;11:35:50
705;30.0403;29.8172;-256.755;-256.262;-256.715;-256.903;-256.95;-255.996;11:35:50
706;30.0363;29.8094;-256.755;-256.262;-256.708;-256.903;-256.958;-255.988;11:35:51
707;30.0363;29.8172;-256.751;-256.262;-256.7;-256.895;-256.95;-255.996;11:35:51
708;30.0363;29.8094;-256.751;-256.254;-256.708;-256.903;-256.95;-255.996;11:35:52
709;30.0324;29.8094;-256.751;-256.269;-256.7;-256.903;-256.95;-255.988;11:35:52
710;30.0324;29.8094;-256.755;-256.262;-256.708;-256.903;-256.95;-255.996;11:35:53
711;30.0363;29.8016;-256.751;-256.254;-256.7;-256.911;-256.95;-255.996;11:35:53
712;30.0324;29.8016;-256.751;-256.262;-256.708;-256.895;-256.958;-255.996;11:35:54
713;30.0363;29.8016;-256.751;-256.262;-256.7;-256.903;-256.95;-255.988;11:35:54
714;30.0324;29.8016;-256.755;-256.262;-256.708;-256.911;-256.95;-255.996;11:35:55
715;30.0363;29.8016;-256.747;-256.254;-256.7;-256.903;-256.958;-255.996;11:35:55
716;30.0285;29.7938;-256.755;-256.262;-256.708;-256.903;-256.95;-255.996;11:35:56
717;30.0285;29.7859;-256.751;-256.262;-256.708;-256.903;-256.95;-256.003;11:35:56
718;30.0246;29.7938;-256.751;-256.254;-256.7;-256.903;-256.942;-255.996;11:35:57
719;30.0246;29.7938;-256.755;-256.262;-256.708;-256.903;-256.95;-255.988;11:35:57
720;30.0285;29.7938;-256.751;-256.262;-256.7;-256.911;-256.942;-255.988;11:35:58
721;30.0168;29.7938;-256.755;-256.262;-256.7;-256.903;-256.942;-255.996;11:35:58
722;30.0168;29.7938;-256.755;-256.262;-256.7;-256.895;-256.95;-255.996;11:35:59
723;30.009;29.7938;-256.751;-256.269;-256.7;-256.895;-256.95;-255.988;11:35:59
724;30.009;29.7938;-256.755;-256.262;-256.7;-256.895;-256.95;-255.996;11:36:00
725;30.009;29.7859;-256.751;-256.262;-256.7;-256.895;-256.935;-255.988;11:36:00
726;30.0011;29.7938;-256.755;-256.262;-256.7;-256.895;-256.95;-256.003;11:36:01
727;30.0011;29.7859;-256.751;-256.262;-256.7;-256.895;-256.95;-255.996;11:36:01
728;30.009;29.7938;-256.751;-256.262;-256.7;-256.903;-256.95;-255.996;11:36:02
729;30.0011;29.7859;-256.755;-256.262;-256.708;-256.903;-256.958;-255.996;11:36:02
730;30.0011;29.7859;-256.751;-256.262;-256.7;-256.895;-256.95;-255.996;11:36:03
731;30.0011;29.7859;-256.751;-256.262;-256.708;-256.903;-256.95;-255.988;11:36:03
732;29.9933;29.7938;-256.755;-256.262;-256.7;-256.903;-256.95;-255.996;11:36:04
733;29.9855;29.7859;-256.755;-256.262;-256.708;-256.895;-256.958;-255.996;11:36:04
734;29.9855;29.7781;-256.751;-256.269;-256.7;-256.903;-256.95;-255.996;11:36:05
735;29.9855;29.7781;-256.755;-256.262;-256.708;-256.903;-256.942;-255.996;11:36:05
736;29.9698;29.7781;-256.751;-256.262;-256.708;-256.903;-256.95;-256.003;11:36:06
737;29.9698;29.7703;-256.755;-256.262;-256.708;-256.895;-256.95;-255.996;11:36:06
738;29.9777;29.7703;-256.751;-256.254;-256.708;-256.903;-256.942;-255.996;11:36:07
739;29.9777;29.7703;-256.755;-256.262;-256.708;-256.903;-256.942;-256.003;11:36:07
740;29.9698;29.7703;-256.747;-256.254;-256.7;-256.895;-256.95;-256.003;11:36:08
741;29.9698;29.7703;-256.751;-256.262;-256.708;-256.895;-256.95;-255.996;11:36:08
742;29.9698;29.7625;-256.755;-256.254;-256.708;-256.903;-256.935;-255.996;11:36:09
743;29.9542;29.7703;-256.747;-256.262;-256.708;-256.895;-256.942;-255.996;11:36:09
744;29.962;29.7625;-256.751;-256.269;-256.708;-256.903;-256.942;-255.996;11:36:10
745;29.9542;29.7703;-256.751;-256.262;-256.708;-256.903;-256.942;-256.003;11:36:10
746;29.9464;29.7703;-256.751;-256.262;-256.708;-256.911;-256.935;-255.996;11:36:11
747;29.9542;29.7625;-256.747;-256.269;-256.708;-256.903;-256.942;-255.996;11:36:11
748;29.9464;29.7625;-256.747;-256.262;-256.7;-256.903;-256.942;-255.996;11:36:12
749;29.9464;29.7625;-256.751;-256.262;-256.708;-256.903;-256.942;-256.003;11:36:12
750;29.9464;29.7625;-256.751;-256.262;-256.708;-256.903;-256.935;-255.996;11:36:13
751;29.9385;29.7625;-256.751;-256.269;-256.708;-256.895;-256.942;-255.996;11:36:13
752;29.9385;29.7625;-256.747;-256.262;-256.708;-256.903;-256.942;-255.996;11:36:14
753;29.9385;29.7625;-256.751;-256.269;-256.708;-256.903;-256.942;-256.003;11:36:14
754;29.9464;29.7703;-256.751;-256.269;-256.708;-256.903;-256.942;-255.996;11:36:15
755;29.9464;29.7703;-256.751;-256.262;-256.715;-256.903;-256.942;-256.003;11:36:15
756;29.9464;29.7625;-256.751;-256.269;-256.715;-256.903;-256.942;-255.996;11:36:16
757;29.9464;29.7703;-256.751;-256.262;-256.708;-256.903;-256.942;-256.003;11:36:16
758;29.9464;29.7625;-256.751;-256.262;-256.715;-256.903;-256.942;-255.996;11:36:17
759;29.9464;29.7703;-256.751;-256.262;-256.715;-256.903;-256.942;-256.003;11:36:17
760;29.9464;29.7625;-256.747;-256.254;-256.715;-256.895;-256.942;-256.003;11:36:18
761;29.9464;29.7625;-256.751;-256.262;-256.708;-256.895;-256.95;-255.996;11:36:18
762;29.9464;29.7703;-256.755;-256.262;-256.708;-256.895;-256.935;-255.996;11:36:19
763;29.9464;29.7625;-256.751;-256.262;-256.708;-256.903;-256.942;-256.003;11:36:19
764;29.9385;29.7703;-256.751;-256.262;-256.708;-256.911;-256.95;-256.003;11:36:20
765;29.9464;29.7703;-256.751;-256.262;-256.708;-256.903;-256.942;-255.996;11:36:20
766;29.9307;29.7625;-256.755;-256.254;-256.708;-256.903;-256.942;-256.003;11:36:21
767;29.9385;29.7625;-256.755;-256.262;-256.708;-256.911;-256.942;-255.996;11:36:21
768;29.9307;29.7625;-256.751;-256.254;-256.715;-256.903;-256.95;-256.003;11:36:22
769;29.9464;29.7625;-256.755;-256.262;-256.708;-256.903;-256.95;-255.988;11:36:22
770;29.9385;29.7625;-256.747;-256.262;-256.715;-256.903;-256.942;-255.996;11:36:23
771;29.9464;29.7468;-256.747;-256.254;-256.708;-256.911;-256.935;-255.996;11:36:23
772;29.9542;29.7546;-256.747;-256.262;-256.715;-256.903;-256.95;-255.996;11:36:24
773;29.9464;29.7468;-256.747;-256.262;-256.708;-256.903;-256.942;-255.988;11:36:24
774;29.9542;29.7625;-256.743;-256.269;-256.715;-256.903;-256.95;-255.996;11:36:25
775;29.9464;29.7625;-256.747;-256.254;-256.708;-256.911;-256.942;-256.003;11:36:25
776;29.9542;29.7625;-256.739;-256.262;-256.715;-256.903;-256.942;-255.988;11:36:26
777;29.9464;29.7625;-256.743;-256.262;-256.723;-256.903;-256.942;-256.003;11:36:26
778;29.9542;29.7625;-256.747;-256.262;-256.708;-256.911;-256.95;-255.996;11:36:27
779;29.9542;29.7625;-256.747;-256.254;-256.715;-256.903;-256.942;-255.988;11:36:27
780;29.9464;29.7625;-256.747;-256.262;-256.708;-256.895;-256.942;-255.988;11:36:28
781;29.9464;29.7703;-256.747;-256.262;-256.715;-256.903;-256.95;-255.996;11:36:28
782;29.9385;29.7625;-256.747;-256.262;-256.715;-256.903;-256.942;-255.996;11:36:29
783;29.9464;29.7703;-256.747;-256.262;-256.708;-256.911;-256.935;-255.996;11:36:29
784;29.9464;29.7625;-256.747;-256.254;-256.715;-256.903;-256.95;-256.003;11:36:30
785;29.9464;29.7625;-256.743;-256.262;-256.708;-256.903;-256.942;-255.996;11:36:30
786;29.9464;29.7625;-256.751;-256.262;-256.708;-256.911;-256.942;-255.996;11:36:31
787;29.9542;29.7546;-256.751;-256.262;-256.715;-256.903;-256.935;-255.996;11:36:31
788;29.9542;29.7546;-256.755;-256.254;-256.7;-256.911;-256.942;-255.988;11:36:32
789;29.962;29.7546;-256.751;-256.254;-256.708;-256.903;-256.942;-255.996;11:36:32
790;29.9542;29.7625;-256.751;-256.262;-256.7;-256.911;-256.942;-255.996;11:36:33
791;29.9542;29.7546;-256.751;-256.254;-256.715;-256.903;-256.942;-255.996;11:36:33
792;29.962;29.7625;-256.755;-256.262;-256.708;-256.895;-256.942;-255.996;11:36:34
793;29.9464;29.7625;-256.751;-256.262;-256.715;-256.903;-256.95;-255.996;11:36:34
794;29.9464;29.7625;-256.755;-256.254;-256.708;-256.895;-256.942;-255.996;11:36:35
795;29.962;29.7625;-256.751;-256.262;-256.715;-256.903;-256.95;-255.996;11:36:35
796;29.9542;29.7703;-256.755;-256.254;-256.715;-256.903;-256.95;-255.996;11:36:36
797;29.9542;29.7625;-256.751;-256.262;-256.708;-256.895;-256.942;-255.996;11:36:36
798;29.9542;29.7625;-256.751;-256.262;-256.715;-256.903;-256.942;-255.996;11:36:37
799;29.9464;29.7703;-256.751;-256.262;-256.708;-256.895;-256.95;-255.996;11:36:37
800;29.9542;29.7703;-256.751;-256.262;-256.715;-256.903;-256.958;-255.996;11:36:38
801;29.9385;29.7625;-256.751;-256.254;-256.715;-256.895;-256.95;-255.988;11:36:38
802;29.9464;29.7625;-256.751;-256.262;-256.715;-256.895;-256.95;-255.996;11:36:39
803;29.9385;29.7781;-256.751;-256.262;-256.708;-256.895;-256.95;-255.996;11:36:39
804;29.9464;29.7703;-256.751;-256.262;-256.715;-256.903;-256.95;-256.003;11:36:40
805;29.9385;29.7625;-256.755;-256.254;-256.715;-256.895;-256.95;-255.996;11:36:40
806;29.9464;29.7703;-256.751;-256.262;-256.715;-256.895;-256.95;-255.996;11:36:41
807;29.9385;29.7703;-256.751;-256.254;-256.708;-256.903;-256.95;-256.003;11:36:41
808;29.9385;29.7703;-256.751;-256.262;-256.708;-256.903;-256.958;-255.996;11:36:42
809;29.9385;29.7703;-256.751;-256.262;-256.715;-256.895;-256.966;-256.003;11:36:42
810;29.9464;29.7703;-256.751;-256.262;-256.708;-256.895;-256.95;-256.003;11:36:43
811;29.9307;29.7625;-256.747;-256.262;-256.715;-256.903;-256.95;-255.996;11:36:43
812;29.9385;29.7703;-256.747;-256.262;-256.715;-256.903;-256.95;-255.988;11:36:44
813;29.9385;29.7625;-256.751;-256.262;-256.708;-256.895;-256.958;-255.996;11:36:44
814;29.9464;29.7625;-256.747;-256.262;-256.708;-256.903;-256.95;-255.996;11:36:45
815;29.9542;29.7546;-256.751;-256.269;-256.708;-256.903;-256.942;-255.996;11:36:45
816;29.9385;29.7625;-256.747;-256.262;-256.715;-256.895;-256.942;-255.996;11:36:46
817;29.9464;29.7546;-256.751;-256.262;-256.708;-256.895;-256.95;-255.996;11:36:46
818;29.9464;29.7625;-256.751;-256.269;-256.708;-256.903;-256.958;-255.996;11:36:47
819;29.9464;29.7625;-256.751;-256.262;-256.708;-256.903;-256.942;-255.996;11:36:47
820;29.9464;29.7625;-256.751;-256.269;-256.715;-256.895;-256.95;-256.003;11:36:48
821;29.9385;29.7625;-256.755;-256.269;-256.708;-256.903;-256.942;-255.988;11:36:48
822;29.9542;29.7625;-256.747;-256.269;-256.715;-256.903;-256.942;-256.003;11:36:49
823;29.9464;29.7625;-256.758;-256.262;-256.708;-256.903;-256.95;-255.996;11:36:49
824;29.9542;29.7546;-256.755;-256.269;-256.708;-256.903;-256.942;-255.988;11:36:50
825;29.9464;29.7546;-256.755;-256.269;-256.715;-256.903;-256.95;-255.988;11:36:50
826;29.9542;29.7625;-256.755;-256.269;-256.708;-256.895;-256.95;-255.996;11:36:51
827;29.9464;29.7546;-256.751;-256.269;-256.708;-256.903;-256.95;-255.996;11:36:51
828;29.9464;29.7625;-256.751;-256.262;-256.715;-256.903;-256.95;-255.996;11:36:52
829;29.9542;29.7546;-256.755;-256.277;-256.708;-256.903;-256.958;-255.996;11:36:52
830;29.9542;29.7625;-256.751;-256.269;-256.708;-256.903;-256.95;-255.988;11:36:53
831;29.9542;29.7546;-256.751;-256.269;-256.708;-256.903;-256.942;-255.988;11:36:53
832;29.9542;29.7625;-256.751;-256.269;-256.708;-256.903;-256.95;-255.996;11:36:54
833;29.9542;29.7625;-256.755;-256.269;-256.715;-256.895;-256.958;-255.996;11:36:54
834;29.9542;29.7625;-256.751;-256.269;-256.715;-256.903;-256.95;-255.996;11:36:55
835;29.9542;29.7625;-256.751;-256.269;-256.708;-256.903;-256.958;-255.996;11:36:55
836;29.962;29.7703;-256.755;-256.269;-256.715;-256.903;-256.95;-255.996;11:36:56
837;29.962;29.7546;-256.751;-256.277;-256.708;-256.903;-256.95;-256.003;11:36:56
838;29.9698;29.7703;-256.751;-256.269;-256.708;-256.903;-256.95;-255.996;11:36:57
839;29.962;29.7625;-256.747;-256.269;-256.715;-256.911;-256.95;-256.003;11:36:57
840;29.9698;29.7703;-256.747;-256.269;-256.715;-256.903;-256.95;-255.996;11:36:58
841;29.962;29.7625;-256.751;-256.269;-256.708;-256.903;-256.958;-256.003;11:36:58
842;29.9698;29.7625;-256.747;-256.269;-256.715;-256.903;-256.95;-256.003;11:36:59
843;29.962;29.7546;-256.743;-256.269;-256.708;-256.903;-256.942;-255.996;11:36:59
844;29.9698;29.7625;-256.743;-256.269;-256.708;-256.903;-256.95;-256.003;11:37:00
845;29.9698;29.7703;-256.743;-256.269;-256.708;-256.895;-256.958;-255.996;11:37:00
846;29.962;29.7625;-256.743;-256.277;-256.715;-256.903;-256.942;-256.003;11:37:01
847;29.9698;29.7625;-256.735;-256.269;-256.715;-256.903;-256.942;-256.003;11:37:01
848;29.9698;29.7546;-256.735;-256.277;-256.715;-256.895;-256.95;-255.996;11:37:02
849;29.962;29.7546;-256.743;-256.269;-256.708;-256.903;-256.95;-255.996;11:37:02
850;29.9698;29.7625;-256.735;-256.277;-256.715;-256.895;-256.95;-255.988;11:37:03
851;29.9698;29.7546;-256.743;-256.269;-256.708;-256.895;-256.958;-256.003;11:37:03
852;29.9698;29.7546;-256.747;-256.262;-256.715;-256.903;-256.95;-256.003;11:37:04
853;29.9698;29.7625;-256.747;-256.269;-256.708;-256.895;-256.958;-255.996;11:37:04
854;29.9698;29.7625;-256.747;-256.269;-256.715;-256.903;-256.95;-256.003;11:37:05
855;29.9698;29.7625;-256.743;-256.269;-256.708;-256.895;-256.95;-255.996;11:37:05
856;29.9777;29.7625;-256.747;-256.269;-256.708;-256.903;-256.95;-256.003;11:37:06
857;29.9698;29.7625;-256.743;-256.269;-256.715;-256.895;-256.942;-256.003;11:37:06
858;29.9698;29.7703;-256.743;-256.269;-256.715;-256.903;-256.95;-256.003;11:37:07
859;29.9698;29.7546;-256.747;-256.269;-256.715;-256.895;-256.942;-256.003;11:37:07
860;29.9698;29.7703;-256.743;-256.269;-256.708;-256.895;-256.95;-256.003;11:37:08
861;29.9698;29.7625;-256.743;-256.262;-256.715;-256.895;-256.95;-255.996;11:37:08
862;29.9698;29.7625;-256.743;-256.269;-256.715;-256.888;-256.95;-256.003;11:37:09
863;29.9698;29.7625;-256.747;-256.262;-256.715;-256.895;-256.95;-256.003;11:37:09
864;29.9777;29.7625;-256.743;-256.262;-256.715;-256.895;-256.95;-256.003;11:37:10
865;29.9698;29.7703;-256.747;-256.269;-256.715;-256.888;-256.95;-255.996;11:37:10
866;29.9698;29.7625;-256.743;-256.269;-256.723;-256.895;-256.942;-255.996;11:37:11
867;29.9777;29.7703;-256.743;-256.262;-256.715;-256.888;-256.942;-256.003;11:37:11
868;29.9698;29.7625;-256.747;-256.269;-256.723;-256.888;-256.942;-256.003;11:37:12
869;29.962;29.7703;-256.751;-256.262;-256.715;-256.888;-256.95;-256.003;11:37:12
870;29.9777;29.7703;-256.755;-256.262;-256.715;-256.895;-256.942;-256.003;11:37:13
871;29.9777;29.7625;-256.755;-256.262;-256.723;-256.895;-256.942;-255.996;11:37:13
872;29.9698;29.7781;-256.755;-256.262;-256.715;-256.895;-256.942;-256.003;11:37:14
873;29.9698;29.7625;-256.751;-256.262;-256.715;-256.888;-256.95;-255.996;11:37:14
874;29.9698;29.7625;-256.755;-256.262;-256.723;-256.895;-256.942;-256.003;11:37:15
875;29.9698;29.7546;-256.751;-256.262;-256.715;-256.895;-256.935;-255.996;11:37:15
876;29.9777;29.7625;-256.751;-256.262;-256.715;-256.903;-256.95;-256.003;11:37:16
877;29.9777;29.7546;-256.751;-256.262;-256.715;-256.895;-256.942;-255.996;11:37:16
878;29.9777;29.7625;-256.751;-256.254;-256.723;-256.895;-256.95;-256.003;11:37:17
879;29.9777;29.7546;-256.755;-256.262;-256.715;-256.895;-256.942;-256.003;11:37:17
880;29.9777;29.7625;-256.751;-256.262;-256.715;-256.895;-256.942;-255.996;11:37:18
881;29.9777;29.7546;-256.755;-256.254;-256.715;-256.895;-256.942;-255.996;11:37:18
882;29.9698;29.7625;-256.751;-256.269;-256.715;-256.903;-256.942;-255.996;11:37:19
883;29.9777;29.7703;-256.755;-256.254;-256.715;-256.895;-256.935;-255.996;11:37:19
884;29.9698;29.7625;-256.751;-256.262;-256.715;-256.903;-256.942;-255.996;11:37:20
885;29.9698;29.7625;-256.755;-256.262;-256.715;-256.888;-256.942;-255.996;11:37:20
886;29.9777;29.7625;-256.747;-256.254;-256.723;-256.895;-256.935;-256.003;11:37:21
887;29.9777;29.7625;-256.747;-256.262;-256.715;-256.903;-256.942;-256.003;11:37:21
888;29.9777;29.7625;-256.747;-256.262;-256.715;-256.895;-256.942;-255.996;11:37:22
889;29.9777;29.7703;-256.751;-256.262;-256.715;-256.895;-256.942;-256.003;11:37:22
890;29.9777;29.7625;-256.747;-256.254;-256.715;-256.903;-256.942;-255.996;11:37:23
891;29.9777;29.7625;-256.747;-256.262;-256.715;-256.895;-256.942;-256.003;11:37:23
892;29.9777;29.7625;-256.751;-256.254;-256.723;-256.895;-256.942;-256.003;11:37:24
893;29.9777;29.7625;-256.747;-256.262;-256.708;-256.903;-256.95;-255.996;11:37:24
894;29.9698;29.7625;-256.743;-256.254;-256.715;-256.895;-256.942;-256.003;11:37:25
895;29.9777;29.7703;-256.747;-256.262;-256.708;-256.895;-256.935;-256.003;11:37:25
896;29.9777;29.7625;-256.743;-256.262;-256.715;-256.903;-256.942;-255.996;11:37:26
897;29.9855;29.7703;-256.747;-256.262;-256.708;-256.888;-256.942;-256.003;11:37:26
898;29.9777;29.7703;-256.747;-256.262;-256.708;-256.903;-256.942;-255.996;11:37:27
899;29.9855;29.7703;-256.743;-256.269;-256.715;-256.895;-256.942;-256.003;11:37:27
900;29.9855;29.7625;-256.747;-256.269;-256.715;-256.895;-256.942;-255.996;11:37:28
901;29.9777;29.7625;-256.743;-256.269;-256.708;-256.903;-256.935;-255.996;11:37:28
902;29.9777;29.7703;-256.743;-256.262;-256.715;-256.903;-256.942;-255.996;11:37:29
903;29.9855;29.7703;-256.743;-256.269;-256.723;-256.903;-256.942;-255.996;11:37:29
904;29.9855;29.7625;-256.735;-256.262;-256.708;-256.895;-256.935;-255.988;11:37:30
905;29.9698;29.7703;-256.743;-256.269;-256.715;-256.895;-256.942;-255.988;11:37:30
906;29.9777;29.7625;-256.743;-256.262;-256.715;-256.895;-256.942;-255.996;11:37:31
907;29.9698;29.7703;-256.747;-256.262;-256.708;-256.903;-256.935;-255.996;11:37:31
908;29.9777;29.7625;-256.747;-256.269;-256.715;-256.903;-256.935;-255.996;11:37:32
909;29.9777;29.7703;-256.747;-256.262;-256.708;-256.895;-256.95;-255.996;11:37:32
910;29.9777;29.7703;-256.747;-256.269;-256.708;-256.903;-256.935;-255.988;11:37:33
911;29.9777;29.7625;-256.747;-256.262;-256.7;-256.895;-256.935;-255.996;11:37:33
912;29.9777;29.7625;-256.743;-256.269;-256.708;-256.903;-256.935;-256.003;11:37:34
913;29.9855;29.7703;-256.751;-256.262;-256.708;-256.895;-256.95;-255.996;11:37:34
914;29.9855;29.7625;-256.747;-256.262;-256.708;-256.895;-256.95;-255.996;11:37:35
915;29.9933;29.7625;-256.747;-256.269;-256.708;-256.903;-256.942;-256.003;11:37:35
916;29.9855;29.7703;-256.747;-256.269;-256.708;-256.895;-256.95;-256.003;11:37:36
917;29.9855;29.7625;-256.747;-256.262;-256.715;-256.895;-256.942;-256.003;11:37:36
918;29.9855;29.7625;-256.743;-256.269;-256.708;-256.903;-256.942;-256.003;11:37:37
919;29.9933;29.7625;-256.743;-256.262;-256.7;-256.895;-256.942;-256.003;11:37:37
920;29.9855;29.7703;-256.747;-256.269;-256.708;-256.895;-256.942;-256.003;11:37:38
921;29.9933;29.7703;-256.743;-256.269;-256.7;-256.903;-256.95;-255.996;11:37:38
922;29.9933;29.7703;-256.743;-256.269;-256.715;-256.895;-256.95;-256.003;11:37:39
923;29.9855;29.7625;-256.747;-256.269;-256.7;-256.903;-256.942;-256.003;11:37:39
924;29.9933;29.7625;-256.747;-256.262;-256.715;-256.895;-256.95;-255.996;11:37:40
925;29.9933;29.7625;-256.747;-256.269;-256.708;-256.895;-256.95;-256.003;11:37:40
926;29.9855;29.7546;-256.747;-256.269;-256.715;-256.903;-256.935;-256.003;11:37:41
927;29.9933;29.7625;-256.751;-256.269;-256.708;-256.895;-256.942;-255.996;11:37:41
928;29.9933;29.7625;-256.747;-256.269;-256.715;-256.903;-256.95;-255.996;11:37:42
929;29.9933;29.7703;-256.747;-256.262;-256.708;-256.895;-256.942;-255.996;11:37:42
930;29.9933;29.7546;-256.755;-256.269;-256.708;-256.895;-256.95;-256.003;11:37:43
931;30.0011;29.7625;-256.755;-256.269;-256.715;-256.895;-256.942;-255.996;11:37:43
932;29.9933;29.7625;-256.751;-256.269;-256.715;-256.895;-256.95;-256.011;11:37:44
933;29.9855;29.7703;-256.751;-256.269;-256.708;-256.895;-256.942;-255.996;11:37:44
934;29.9855;29.7625;-256.751;-256.262;-256.708;-256.888;-256.958;-255.996;11:37:45
935;29.9933;29.7703;-256.747;-256.262;-256.708;-256.88;-256.942;-255.996;11:37:45
936;29.9933;29.7625;-256.751;-256.269;-256.708;-256.888;-256.942;-255.996;11:37:46
937;30.0011;29.7703;-256.755;-256.262;-256.708;-256.888;-256.942;-255.996;11:37:46
938;30.0011;29.7703;-256.751;-256.269;-256.708;-256.88;-256.942;-256.003;11:37:47
939;30.0011;29.7781;-256.751;-256.269;-256.708;-256.888;-256.95;-255.996;11:37:47
940;29.9933;29.7703;-256.747;-256.269;-256.715;-256.888;-256.95;-255.988;11:37:48
941;30.0011;29.7781;-256.751;-256.269;-256.708;-256.895;-256.942;-255.996;11:37:48
942;30.0011;29.7703;-256.751;-256.262;-256.715;-256.895;-256.95;-256.003;11:37:49
943;29.9933;29.7781;-256.747;-256.269;-256.708;-256.895;-256.935;-255.996;11:37:49
944;29.9933;29.7781;-256.751;-256.269;-256.708;-256.895;-256.95;-255.996;11:37:50
945;29.9933;29.7703;-256.751;-256.269;-256.708;-256.888;-256.942;-255.996;11:37:50
946;29.9933;29.7703;-256.751;-256.269;-256.715;-256.895;-256.942;-255.988;11:37:51
947;29.9933;29.7703;-256.755;-256.269;-256.715;-256.888;-256.935;-255.996;11:37:51
948;30.0011;29.7703;-256.755;-256.269;-256.715;-256.895;-256.942;-256.003;11:37:52
949;29.9933;29.7625;-256.755;-256.269;-256.708;-256.888;-256.942;-255.996;11:37:52
950;29.9933;29.7625;-256.751;-256.269;-256.715;-256.888;-256.942;-256.003;11:37:53
951;29.9933;29.7781;-256.755;-256.269;-256.715;-256.895;-256.942;-256.003;11:37:53
952;30.0011;29.7703;-256.755;-256.262;-256.715;-256.888;-256.95;-256.003;11:37:54
953;29.9933;29.7859;-256.755;-256.269;-256.708;-256.895;-256.942;-256.003;11:37:54
954;29.9933;29.7703;-256.751;-256.262;-256.723;-256.895;-256.942;-255.996;11:37:55
955;29.9933;29.7781;-256.755;-256.254;-256.708;-256.895;-256.942;-256.003;11:37:55
956;29.9933;29.7781;-256.751;-256.262;-256.715;-256.895;-256.935;-255.996;11:37:56
957;29.9933;29.7703;-256.755;-256.269;-256.723;-256.888;-256.942;-255.996;11:37:56
958;30.0011;29.7859;-256.751;-256.269;-256.723;-256.895;-256.942;-256.003;11:37:57
959;29.9933;29.7781;-256.751;-256.269;-256.715;-256.895;-256.935;-255.996;11:37:57
960;30.0011;29.7781;-256.751;-256.269;-256.723;-256.895;-256.942;-256.003;11:37:58
961;30.0011;29.7781;-256.751;-256.269;-256.723;-256.895;-256.942;-255.996;11:37:58
962;30.0011;29.7781;-256.751;-256.269;-256.715;-256.888;-256.95;-255.996;11:37:59
963;30.0011;29.7781;-256.747;-256.262;-256.715;-256.895;-256.942;-255.996;11:37:59
964;29.9933;29.7781;-256.751;-256.262;-256.715;-256.88;-256.942;-255.996;11:38:00
965;30.0011;29.7703;-256.751;-256.269;-256.715;-256.895;-256.95;-255.996;11:38:00
966;29.9933;29.7781;-256.747;-256.262;-256.715;-256.88;-256.942;-255.996;11:38:01
967;30.0011;29.7781;-256.743;-256.269;-256.715;-256.888;-256.95;-255.996;11:38:01
968;29.9933;29.7703;-256.743;-256.262;-256.715;-256.88;-256.95;-255.996;11:38:02
969;29.9933;29.7703;-256.743;-256.269;-256.715;-256.88;-256.942;-255.996;11:38:02
970;30.0011;29.7703;-256.743;-256.269;-256.715;-256.888;-256.95;-255.996;11:38:03
971;29.9933;29.7781;-256.747;-256.269;-256.708;-256.888;-256.942;-255.996;11:38:03
972;30.0011;29.7703;-256.743;-256.269;-256.715;-256.88;-256.95;-255.996;11:38:04
973;30.0011;29.7703;-256.743;-256.277;-256.715;-256.888;-256.95;-255.996;11:38:04
974;29.9933;29.7781;-256.747;-256.269;-256.708;-256.888;-256.942;-255.996;11:38:05
975;30.0011;29.7703;-256.747;-256.262;-256.715;-256.888;-256.942;-255.996;11:38:05
976;29.9933;29.7781;-256.747;-256.269;-256.715;-256.888;-256.942;-256.003;11:38:06
977;30.0011;29.7703;-256.739;-256.262;-256.715;-256.888;-256.95;-256.003;11:38:06
978;29.9933;29.7781;-256.747;-256.269;-256.708;-256.888;-256.95;-255.988;11:38:07
979;29.9933;29.7781;-256.751;-256.269;-256.708;-256.888;-256.942;-255.996;11:38:07
980;30.0011;29.7781;-256.747;-256.262;-256.708;-256.888;-256.942;-256.003;11:38:08
981;30.0011;29.7781;-256.747;-256.269;-256.715;-256.895;-256.935;-256.003;11:38:08
982;30.0011;29.7703;-256.743;-256.262;-256.708;-256.888;-256.942;-255.996;11:38:09
983;30.0011;29.7781;-256.743;-256.269;-256.708;-256.895;-256.935;-256.003;11:38:09
984;29.9933;29.7625;-256.747;-256.262;-256.715;-256.888;-256.942;-255.996;11:38:10
985;29.9933;29.7703;-256.743;-256.269;-256.708;-256.888;-256.95;-255.996;11:38:10
986;29.9933;29.7703;-256.743;-256.262;-256.715;-256.895;-256.95;-255.996;11:38:11
987;30.0011;29.7703;-256.747;-256.262;-256.715;-256.888;-256.966;-256.003;11:38:11
988;29.9933;29.7625;-256.743;-256.262;-256.708;-256.895;-256.942;-256.003;11:38:12
989;29.9933;29.7703;-256.743;-256.269;-256.715;-256.888;-256.942;-255.996;11:38:12
990;30.0011;29.7625;-256.743;-256.262;-256.715;-256.888;-256.942;-256.003;11:38:13
991;30.0011;29.7703;-256.743;-256.269;-256.715;-256.888;-256.942;-256.003;11:38:13
992;29.9933;29.7625;-256.747;-256.269;-256.715;-256.895;-256.942;-256.003;11:38:14
993;30.009;29.7625;-256.739;-256.269;-256.715;-256.888;-256.942;-256.011;11:38:14
994;30.0011;29.7703;-256.747;-256.262;-256.715;-256.895;-256.942;-256.003;11:38:15
995;30.009;29.7625;-256.747;-256.269;-256.715;-256.888;-256.95;-256.003;11:38:15
996;30.0011;29.7625;-256.735;-256.269;-256.723;-256.895;-256.942;-256.003;11:38:16
997;30.0011;29.7625;-256.743;-256.262;-256.715;-256.895;-256.942;-256.011;11:38:16
998;30.0011;29.7546;-256.743;-256.269;-256.708;-256.895;-256.942;-256.003;11:38:17
999;29.9933;29.7781;-256.743;-256.269;-256.715;-256.888;-256.942;-256.003;11:38:17
1000;29.9933;29.7703;-256.747;-256.262;-256.715;-256.895;-256.942;-255.996;11:38:18
1001;29.9855;29.7703;-256.743;-256.269;-256.708;-256.888;-256.958;-256.003;11:38:18
1002;29.9933;29.7703;-256.739;-256.269;-256.715;-256.895;-256.95;-256.003;11:38:19
1003;29.9933;29.7703;-256.743;-256.269;-256.708;-256.888;-256.942;-256.011;11:38:19
1004;29.9933;29.7781;-256.747;-256.262;-256.708;-256.895;-256.95;-256.003;11:38:20
1005;29.9933;29.7703;-256.747;-256.269;-256.708;-256.888;-256.942;-256.003;11:38:20
1006;29.9933;29.7781;-256.747;-256.262;-256.708;-256.895;-256.942;-255.996;11:38:21
1007;29.9855;29.7781;-256.747;-256.262;-256.715;-256.895;-256.942;-256.003;11:38:21
1008;29.9933;29.7781;-256.747;-256.262;-256.708;-256.895;-256.95;-256.003;11:38:22
1009;29.9855;29.7703;-256.743;-256.269;-256.715;-256.888;-256.95;-256.003;11:38:22
1010;29.9933;29.7781;-256.747;-256.262;-256.708;-256.895;-256.942;-256.003;11:38:23
1011;29.9933;29.7781;-256.747;-256.262;-256.708;-256.888;-256.95;-256.003;11:38:23
1012;29.9933;29.7781;-256.747;-256.262;-256.708;-256.895;-256.95;-256.003;11:38:24
1013;29.9933;29.7781;-256.747;-256.269;-256.715;-256.888;-256.942;-255.996;11:38:24
1014;29.9933;29.7781;-256.743;-256.262;-256.708;-256.888;-256.95;-256.003;11:38:25
1015;29.9933;29.7781;-256.747;-256.262;-256.708;-256.895;-256.942;-256.003;11:38:25
1016;29.9855;29.7781;-256.743;-256.262;-256.7;-256.888;-256.942;-255.988;11:38:26
1017;29.9855;29.7703;-256.747;-256.269;-256.708;-256.888;-256.942;-256.003;11:38:26
1018;29.9933;29.7781;-256.743;-256.269;-256.7;-256.895;-256.942;-255.996;11:38:27
1019;29.9933;29.7781;-256.747;-256.262;-256.715;-256.895;-256.942;-256.003;11:38:27
1020;29.9933;29.7781;-256.743;-256.269;-256.715;-256.888;-256.942;-256.003;11:38:28
1021;29.9933;29.7781;-256.747;-256.269;-256.708;-256.895;-256.95;-255.996;11:38:28
1022;30.0011;29.7781;-256.747;-256.269;-256.715;-256.895;-256.942;-256.003;11:38:29
1023;30.0011;29.7859;-256.747;-256.269;-256.708;-256.888;-256.942;-256.011;11:38:29
1024;29.9933;29.7781;-256.743;-256.262;-256.715;-256.888;-256.935;-255.996;11:38:30
1025;30.0011;29.7781;-256.751;-256.269;-256.715;-256.888;-256.935;-256.011;11:38:30
1026;29.9933;29.7781;-256.747;-256.262;-256.708;-256.888;-256.935;-256.003;11:38:31
1027;29.9933;29.7781;-256.747;-256.269;-256.708;-256.903;-256.95;-256.011;11:38:31
1028;30.0011;29.7703;-256.751;-256.269;-256.708;-256.895;-256.942;-256.003;11:38:32
1029;29.9855;29.7781;-256.747;-256.262;-256.715;-256.895;-256.958;-256.003;11:38:32
1030;30.0011;29.7781;-256.747;-256.269;-256.708;-256.888;-256.942;-256.003;11:38:33
1031;29.9933;29.7781;-256.747;-256.269;-256.708;-256.903;-256.942;-256.011;11:38:33
1032;30.0011;29.7781;-256.751;-256.269;-256.715;-256.895;-256.95;-256.003;11:38:34
1033;29.9855;29.7781;-256.747;-256.269;-256.708;-256.888;-256.942;-256.003;11:38:34
1034;29.9933;29.7703;-256.751;-256.269;-256.708;-256.895;-256.942;-256.011;11:38:35
1035;29.9933;29.7703;-256.747;-256.269;-256.708;-256.888;-256.942;-256.011;11:38:35
1036;29.9933;29.7781;-256.747;-256.269;-256.708;-256.895;-256.927;-256.003;11:38:36
1037;29.9855;29.7781;-256.743;-256.269;-256.708;-256.895;-256.942;-256.011;11:38:36
1038;29.9933;29.7781;-256.747;-256.262;-256.715;-256.895;-256.935;-256.003;11:38:37
1039;29.9855;29.7859;-256.743;-256.277;-256.708;-256.895;-256.942;-255.996;11:38:37
1040;29.9855;29.7781;-256.743;-256.269;-256.708;-256.888;-256.935;-256.003;11:38:38
1041;29.9777;29.7859;-256.743;-256.269;-256.708;-256.888;-256.942;-256.003;11:38:38
1042;29.9933;29.7781;-256.743;-256.269;-256.708;-256.888;-256.935;-255.996;11:38:39
1043;29.9777;29.7781;-256.747;-256.262;-256.715;-256.888;-256.935;-256.003;11:38:39
1044;29.9855;29.7781;-256.743;-256.269;-256.708;-256.895;-256.942;-255.996;11:38:40
1045;29.9933;29.7781;-256.743;-256.262;-256.708;-256.895;-256.942;-256.003;11:38:40
1046;29.9855;29.7781;-256.743;-256.269;-256.708;-256.888;-256.95;-255.996;11:38:41
1047;29.9933;29.7781;-256.743;-256.269;-256.708;-256.895;-256.935;-256.003;11:38:41
1048;29.9855;29.7781;-256.743;-256.262;-256.708;-256.895;-256.942;-256.003;11:38:42
1049;29.9933;29.7703;-256.743;-256.262;-256.708;-256.888;-256.942;-256.003;11:38:42
1050;29.9777;29.7703;-256.735;-256.269;-256.708;-256.895;-256.942;-256.003;11:38:43
1051;29.9933;29.7781;-256.743;-256.262;-256.715;-256.903;-256.935;-256.011;11:38:43
1052;29.9855;29.7781;-256.735;-256.269;-256.708;-256.895;-256.927;-256.003;11:38:44
1053;29.9855;29.7703;-256.743;-256.262;-256.715;-256.888;-256.935;-256.003;11:38:44
1054;29.9933;29.7781;-256.747;-256.269;-256.708;-256.895;-256.942;-256.011;11:38:45
1055;29.9933;29.7781;-256.747;-256.262;-256.715;-256.895;-256.935;-256.011;11:38:45
1056;29.9933;29.7703;-256.747;-256.262;-256.715;-256.895;-256.935;-256.011;11:38:46
1057;29.9933;29.7781;-256.751;-256.262;-256.715;-256.895;-256.95;-255.996;11:38:46
1058;29.9933;29.7781;-256.747;-256.262;-256.715;-256.895;-256.935;-256.011;11:38:47
1059;29.9855;29.7859;-256.751;-256.269;-256.708;-256.895;-256.942;-256.011;11:38:47
1060;29.9933;29.7859;-256.751;-256.262;-256.715;-256.895;-256.935;-256.011;11:38:48
1061;29.9933;29.7781;-256.743;-256.269;-256.708;-256.895;-256.935;-256.003;11:38:48
1062;29.9933;29.7859;-256.747;-256.269;-256.715;-256.895;-256.935;-256.003;11:38:49
1063;29.9933;29.7859;-256.747;-256.262;-256.715;-256.895;-256.942;-256.003;11:38:49
1064;30.0011;29.7781;-256.751;-256.269;-256.708;-256.895;-256.935;-256.011;11:38:50
1065;29.9933;29.7859;-256.751;-256.262;-256.715;-256.895;-256.95;-256.003;11:38:50
1066;29.9933;29.7859;-256.751;-256.262;-256.715;-256.895;-256.942;-256.003;11:38:51
1067;29.9855;29.7859;-256.747;-256.262;-256.715;-256.895;-256.942;-256.011;11:38:51
1068;29.9933;29.7938;-256.747;-256.262;-256.715;-256.895;-256.935;-256.003;11:38:52
1069;29.9933;29.7859;-256.751;-256.262;-256.708;-256.895;-256.95;-256.011;11:38:52
1070;30.0011;29.7938;-256.755;-256.262;-256.715;-256.895;-256.95;-256.003;11:38:53
1071;30.0011;29.7938;-256.751;-256.262;-256.708;-256.895;-256.942;-256.003;11:38:53
1072;30.0011;29.7859;-256.751;-256.262;-256.715;-256.895;-256.95;-256.011;11:38:54
1073;29.9933;29.7938;-256.751;-256.262;-256.715;-256.895;-256.935;-256.011;11:38:54
1074;30.0011;29.7938;-256.755;-256.262;-256.723;-256.895;-256.942;-256.003;11:38:55
1075;29.9933;29.7859;-256.751;-256.254;-256.708;-256.895;-256.95;-256.003;11:38:55
1076;29.9855;29.7938;-256.755;-256.262;-256.715;-256.895;-256.942;-256.003;11:38:56
1077;29.9855;29.7938;-256.751;-256.254;-256.715;-256.895;-256.942;-256.003;11:38:56
1078;29.9855;29.7859;-256.747;-256.254;-256.715;-256.895;-256.942;-256.003;11:38:57
1079;29.9855;29.7859;-256.747;-256.262;-256.723;-256.895;-256.942;-256.003;11:38:57
1080;29.9933;29.7859;-256.743;-256.262;-256.715;-256.895;-256.942;-256.003;11:38:58
1081;29.9933;29.7859;-256.747;-256.254;-256.715;-256.895;-256.942;-256.003;11:38:58
1082;30.0011;29.7859;-256.743;-256.262;-256.715;-256.895;-256.95;-256.011;11:38:59
1083;30.0011;29.7859;-256.743;-256.254;-256.708;-256.895;-256.935;-255.996;11:38:59
1084;29.9933;29.7938;-256.747;-256.254;-256.708;-256.895;-256.95;-256.003;11:39:00
1085;29.9855;29.7859;-256.747;-256.254;-256.715;-256.895;-256.942;-255.996;11:39:00
1086;29.9855;29.7859;-256.747;-256.262;-256.715;-256.895;-256.942;-256.003;11:39:01
1087;29.9933;29.7859;-256.751;-256.262;-256.708;-256.895;-256.942;-256.003;11:39:01
1088;29.9855;29.7859;-256.743;-256.262;-256.715;-256.895;-256.935;-256.003;11:39:02
1089;29.9933;29.7859;-256.743;-256.262;-256.715;-256.903;-256.942;-256.003;11:39:02
1090;29.9933;29.7859;-256.751;-256.262;-256.715;-256.895;-256.958;-256.003;11:39:03
1091;29.9933;29.7859;-256.747;-256.254;-256.708;-256.895;-256.942;-256.003;11:39:03
1092;29.9855;29.7859;-256.747;-256.262;-256.708;-256.903;-256.942;-256.003;11:39:04
1093;29.9933;29.7938;-256.751;-256.262;-256.715;-256.895;-256.95;-256.003;11:39:04
1094;29.9933;29.7859;-256.751;-256.262;-256.708;-256.888;-256.95;-256.003;11:39:05
1095;29.9933;29.7938;-256.751;-256.262;-256.708;-256.903;-256.95;-256.003;11:39:05
1096;29.9933;29.7859;-256.747;-256.262;-256.715;-256.903;-256.942;-256.011;11:39:06
1097;30.0011;29.7938;-256.751;-256.262;-256.708;-256.895;-256.958;-256.003;11:39:06
1098;29.9933;29.7859;-256.747;-256.262;-256.708;-256.895;-256.95;-256.003;11:39:07
1099;30.0011;29.7859;-256.755;-256.262;-256.708;-256.895;-256.95;-256.003;11:39:07
1100;30.009;29.7938;-256.751;-256.262;-256.715;-256.895;-256.942;-255.996;11:39:08
1101;30.0011;29.7938;-256.755;-256.262;-256.708;-256.895;-256.95;-256.003;11:39:08
1102;30.009;29.7859;-256.751;-256.262;-256.715;-256.903;-256.935;-256.003;11:39:09
1103;30.0011;29.7938;-256.751;-256.262;-256.715;-256.895;-256.942;-256.003;11:39:09
1104;30.009;29.7938;-256.751;-256.262;-256.715;-256.895;-256.942;-255.996;11:39:10
1105;30.0011;29.7859;-256.751;-256.269;-256.708;-256.895;-256.942;-256.003;11:39:10
1106;30.0011;29.7859;-256.751;-256.262;-256.715;-256.895;-256.942;-256.003;11:39:11
1107;30.0011;29.7781;-256.751;-256.254;-256.715;-256.903;-256.942;-256.003;11:39:11
1108;30.009;29.7859;-256.755;-256.254;-256.708;-256.895;-256.95;-256.003;11:39:12
1109;30.009;29.7859;-256.755;-256.254;-256.715;-256.895;-256.935;-256.003;11:39:12
1110;30.0011;29.7781;-256.755;-256.254;-256.715;-256.895;-256.935;-256.003;11:39:13
1111;30.0011;29.7859;-256.751;-256.262;-256.715;-256.888;-256.942;-256.003;11:39:13
1112;30.0011;29.7859;-256.755;-256.262;-256.715;-256.895;-256.942;-256.011;11:39:14
1113;30.0011;29.7781;-256.751;-256.262;-256.708;-256.895;-256.935;-256.003;11:39:14
1114;30.009;29.7859;-256.755;-256.262;-256.715;-256.903;-256.942;-256.003;11:39:15
1115;30.0011;29.7859;-256.755;-256.262;-256.715;-256.895;-256.942;-256.003;11:39:15
1116;30.0011;29.7938;-256.751;-256.254;-256.715;-256.888;-256.935;-256.003;11:39:16
1117;30.0011;29.7859;-256.751;-256.269;-256.715;-256.888;-256.935;-256.003;11:39:16
1118;30.0011;29.7938;-256.755;-256.254;-256.715;-256.895;-256.942;-256.003;11:39:17
1119;30.0011;29.7859;-256.751;-256.262;-256.715;-256.895;-256.935;-255.996;11:39:17
1120;30.009;29.7781;-256.747;-256.254;-256.715;-256.888;-256.935;-256.003;11:39:18
1121;30.0011;29.7859;-256.751;-256.262;-256.708;-256.895;-256.935;-256.003;11:39:18
1122;30.0011;29.7859;-256.751;-256.262;-256.715;-256.895;-256.935;-255.996;11:39:19
1123;30.0011;29.7859;-256.751;-256.262;-256.715;-256.895;-256.942;-256.003;11:39:19
1124;30.009;29.7859;-256.751;-256.262;-256.715;-256.888;-256.935;-256.003;11:39:20
1125;30.0011;29.7781;-256.751;-256.262;-256.708;-256.888;-256.927;-256.003;11:39:20
1126;30.0011;29.7938;-256.755;-256.262;-256.715;-256.895;-256.935;-256.003;11:39:21
1127;30.0011;29.7781;-256.751;-256.254;-256.715;-256.888;-256.935;-255.996;11:39:21
1128;30.009;29.7859;-256.755;-256.262;-256.708;-256.888;-256.927;-255.996;11:39:22
1129;30.009;29.7703;-256.751;-256.254;-256.723;-256.895;-256.942;-256.003;11:39:22
1130;30.009;29.7781;-256.751;-256.262;-256.715;-256.888;-256.935;-256.003;11:39:23
1131;30.0011;29.7781;-256.755;-256.262;-256.715;-256.888;-256.942;-256.003;11:39:23
1132;30.009;29.7781;-256.751;-256.262;-256.715;-256.88;-256.935;-256.003;11:39:24
1133;30.0011;29.7781;-256.755;-256.262;-256.715;-256.895;-256.935;-256.003;11:39:24
1134;29.9933;29.7859;-256.755;-256.262;-256.715;-256.888;-256.927;-256.003;11:39:25
1135;30.009;29.7781;-256.751;-256.262;-256.715;-256.888;-256.942;-255.996;11:39:25
1136;30.0011;29.7859;-256.751;-256.262;-256.708;-256.88;-256.942;-255.996;11:39:26
1137;30.009;29.7781;-256.751;-256.254;-256.723;-256.88;-256.942;-255.996;11:39:26
1138;30.0011;29.7781;-256.755;-256.269;-256.715;-256.888;-256.942;-255.996;11:39:27
1139;30.0011;29.7859;-256.751;-256.254;-256.708;-256.888;-256.95;-255.996;11:39:27
1140;30.0011;29.7859;-256.751;-256.262;-256.715;-256.888;-256.942;-255.988;11:39:28
1141;30.0011;29.7859;-256.755;-256.254;-256.708;-256.888;-256.935;-255.996;11:39:28
1142;30.0011;29.7859;-256.751;-256.254;-256.715;-256.888;-256.942;-255.996;11:39:29
1143;30.009;29.7859;-256.751;-256.254;-256.715;-256.888;-256.935;-256.003;11:39:29
1144;30.009;29.7781;-256.751;-256.254;-256.715;-256.888;-256.942;-255.988;11:39:30
1145;30.0168;29.7781;-256.751;-256.262;-256.708;-256.888;-256.942;-255.996;11:39:30
1146;30.009;29.7859;-256.751;-256.254;-256.715;-256.888;-256.942;-255.996;11:39:31
1147;30.0168;29.7781;-256.755;-256.269;-256.708;-256.888;-256.942;-256.003;11:39:31
1148;30.0168;29.7859;-256.755;-256.262;-256.708;-256.888;-256.942;-255.996;11:39:32
1149;30.0168;29.7781;-256.755;-256.262;-256.708;-256.888;-256.942;-256.003;11:39:32
1150;30.009;29.7781;-256.751;-256.269;-256.708;-256.895;-256.935;-255.996;11:39:33
1151;30.0168;29.7859;-256.755;-256.262;-256.708;-256.895;-256.942;-255.996;11:39:33
1152;30.0168;29.7781;-256.751;-256.269;-256.708;-256.895;-256.942;-255.996;11:39:34
1153;30.0246;29.7781;-256.755;-256.262;-256.708;-256.888;-256.942;-255.996;11:39:34
1154;30.0168;29.7859;-256.751;-256.262;-256.708;-256.895;-256.942;-255.996;11:39:35
1155;30.0168;29.7781;-256.751;-256.262;-256.708;-256.888;-256.942;-255.996;11:39:35
1156;30.0168;29.7859;-256.751;-256.269;-256.7;-256.895;-256.942;-256.003;11:39:36
1157;30.0168;29.7859;-256.751;-256.269;-256.715;-256.888;-256.942;-255.996;11:39:36
1158;30.0168;29.7859;-256.755;-256.262;-256.708;-256.895;-256.942;-255.996;11:39:37
1159;30.0168;29.7859;-256.755;-256.269;-256.715;-256.895;-256.942;-255.996;11:39:37
1160;30.009;29.7938;-256.755;-256.269;-256.715;-256.888;-256.942;-255.988;11:39:38
1161;30.0168;29.7859;-256.755;-256.262;-256.715;-256.895;-256.942;-255.996;11:39:38
1162;30.009;29.7859;-256.755;-256.269;-256.715;-256.895;-256.935;-256.003;11:39:39
1163;30.009;29.7938;-256.751;-256.269;-256.708;-256.895;-256.942;-256.003;11:39:39
1164;30.009;29.7859;-256.755;-256.269;-256.723;-256.888;-256.942;-255.996;11:39:40
1165;30.0168;29.7859;-256.755;-256.262;-256.715;-256.895;-256.935;-255.996;11:39:40
1166;30.0168;29.7859;-256.751;-256.269;-256.715;-256.895;-256.942;-255.996;11:39:41
1167;30.0168;29.7781;-256.751;-256.269;-256.715;-256.895;-256.935;-255.996;11:39:41
1168;30.009;29.7703;-256.755;-256.262;-256.715;-256.895;-256.942;-255.988;11:39:42
1169;30.009;29.7781;-256.751;-256.262;-256.715;-256.895;-256.942;-256.003;11:39:42
1170;30.0168;29.7703;-256.751;-256.269;-256.723;-256.888;-256.935;-255.996;11:39:43
1171;30.009;29.7703;-256.755;-256.262;-256.715;-256.895;-256.935;-255.996;11:39:43
1172;30.009;29.7703;-256.751;-256.269;-256.723;-256.895;-256.942;-255.996;11:39:44
1173;30.009;29.7703;-256.755;-256.269;-256.723;-256.895;-256.942;-256.003;11:39:44
1174;30.009;29.7625;-256.751;-256.262;-256.715;-256.888;-256.942;-255.996;11:39:45
1175;30.009;29.7625;-256.751;-256.262;-256.723;-256.895;-256.942;-256.003;11:39:45
1176;29.9933;29.7625;-256.747;-256.262;-256.723;-256.888;-256.942;-256.003;11:39:46
1177;30.0011;29.7625;-256.751;-256.262;-256.715;-256.888;-256.935;-256.003;11:39:46
1178;30.0011;29.7546;-256.751;-256.262;-256.723;-256.895;-256.942;-256.003;11:39:47
1179;30.0011;29.7546;-256.755;-256.262;-256.723;-256.888;-256.935;-256.003;11:39:47
1180;30.0011;29.7546;-256.751;-256.262;-256.723;-256.888;-256.942;-256.003;11:39:48
1181;30.0011;29.7468;-256.755;-256.269;-256.715;-256.895;-256.935;-256.003;11:39:48
1182;29.9933;29.739;-256.755;-256.262;-256.723;-256.895;-256.935;-256.011;11:39:49
1183;29.9855;29.739;-256.751;-256.262;-256.723;-256.895;-256.942;-255.996;11:39:49
1184;29.9933;29.739;-256.751;-256.262;-256.715;-256.895;-256.942;-256.003;11:39:50
1185;30.0011;29.7468;-256.755;-256.262;-256.708;-256.895;-256.935;-256.003;11:39:50
1186;29.9933;29.739;-256.755;-256.262;-256.715;-256.895;-256.935;-256.011;11:39:51
1187;29.9933;29.7468;-256.751;-256.262;-256.708;-256.895;-256.935;-256.003;11:39:51
1188;29.9933;29.7468;-256.747;-256.262;-256.715;-256.895;-256.935;-256.003;11:39:52
1189;29.9933;29.7468;-256.747;-256.269;-256.708;-256.895;-256.942;-256.011;11:39:52
1190;29.9855;29.739;-256.751;-256.262;-256.708;-256.895;-256.927;-256.011;11:39:53
1191;29.9933;29.739;-256.755;-256.269;-256.715;-256.895;-256.942;-256.003;11:39:53
1192;29.9933;29.739;-256.755;-256.262;-256.708;-256.895;-256.942;-256.003;11:39:54
1193;30.0011;29.7312;-256.751;-256.269;-256.715;-256.895;-256.942;-256.011;11:39:54
1194;29.9933;29.739;-256.755;-256.262;-256.708;-256.903;-256.935;-256.011;11:39:55
1195;29.9933;29.739;-256.751;-256.269;-256.708;-256.895;-256.942;-256.003;11:39:55
1196;29.9933;29.7312;-256.755;-256.262;-256.715;-256.895;-256.942;-256.003;11:39:56
1197;29.9933;29.7312;-256.751;-256.269;-256.708;-256.903;-256.935;-256.003;11:39:56
1198;29.9855;29.7468;-256.758;-256.262;-256.708;-256.895;-256.935;-256.003;11:39:57
1199;30.0011;29.7468;-256.755;-256.269;-256.708;-256.903;-256.95;-256.011;11:39:57
1200;29.9933;29.7468;-256.751;-256.262;-256.708;-256.895;-256.942;-255.996;11:39:58
1201;30.0011;29.7468;-256.747;-256.262;-256.715;-256.903;-256.935;-256.003;11:39:58
1202;30.0011;29.7546;-256.751;-256.262;-256.715;-256.895;-256.942;-256.003;11:39:59
1203;30.0011;29.7546;-256.751;-256.262;-256.708;-256.903;-256.942;-256.011;11:39:59
1204;30.0011;29.7625;-256.751;-256.262;-256.715;-256.903;-256.942;-256.003;11:40:00
1205;30.0011;29.7703;-256.751;-256.254;-256.715;-256.903;-256.942;-256.011;11:40:00
1206;30.0011;29.7546;-256.751;-256.254;-256.708;-256.903;-256.942;-256.003;11:40:01
1207;30.009;29.7625;-256.755;-256.262;-256.715;-256.903;-256.935;-256.003;11:40:01
1208;30.0011;29.7625;-256.751;-256.254;-256.708;-256.895;-256.942;-256.003;11:40:02
1209;29.9933;29.7625;-256.755;-256.262;-256.708;-256.903;-256.942;-256.003;11:40:02
1210;29.9855;29.7625;-256.755;-256.269;-256.708;-256.903;-256.935;-256.011;11:40:03
1211;30.0011;29.7546;-256.751;-256.262;-256.715;-256.895;-256.942;-255.996;11:40:03
1212;29.9933;29.7625;-256.755;-256.262;-256.7;-256.895;-256.942;-256.003;11:40:04
1213;29.9933;29.7703;-256.755;-256.262;-256.7;-256.895;-256.942;-256.011;11:40:04
1214;29.9933;29.7625;-256.751;-256.254;-256.708;-256.903;-256.942;-256.003;11:40:05
1215;29.9933;29.7703;-256.755;-256.262;-256.7;-256.888;-256.95;-255.996;11:40:05
1216;29.9933;29.7625;-256.755;-256.262;-256.708;-256.895;-256.958;-256.003;11:40:06
1217;29.9933;29.7625;-256.755;-256.269;-256.7;-256.903;-256.942;-256.003;11:40:06
1218;29.9933;29.7703;-256.755;-256.262;-256.708;-256.903;-256.95;-256.003;11:40:07
1219;29.9933;29.7625;-256.755;-256.262;-256.708;-256.895;-256.95;-255.996;11:40:07
1220;30.0011;29.7703;-256.755;-256.269;-256.708;-256.903;-256.942;-256.003;11:40:08
1221;29.9933;29.7703;-256.751;-256.262;-256.708;-256.895;-256.958;-256.003;11:40:08
1222;29.9933;29.7703;-256.751;-256.254;-256.708;-256.895;-256.95;-255.996;11:40:09
1223;29.9933;29.7703;-256.743;-256.262;-256.7;-256.903;-256.935;-256.003;11:40:09
1224;29.9933;29.7781;-256.743;-256.262;-256.708;-256.903;-256.95;-256.011;11:40:10
1225;29.9855;29.7625;-256.743;-256.262;-256.7;-256.895;-256.942;-256.003;11:40:10
1226;29.9855;29.7703;-256.735;-256.262;-256.7;-256.903;-256.95;-255.996;11:40:11
1227;29.9855;29.7703;-256.747;-256.262;-256.7;-256.895;-256.942;-256.003;11:40:11
1228;29.9855;29.7781;-256.739;-256.262;-256.708;-256.903;-256.95;-255.996;11:40:12
1229;29.9933;29.7703;-256.743;-256.262;-256.7;-256.895;-256.95;-255.996;11:40:12
1230;29.9933;29.7703;-256.747;-256.269;-256.7;-256.895;-256.95;-255.996;11:40:13
1231;29.9933;29.7781;-256.743;-256.262;-256.7;-256.895;-256.95;-256.003;11:40:13
1232;30.0011;29.7703;-256.747;-256.269;-256.7;-256.895;-256.942;-256.003;11:40:14
1233;30.0011;29.7781;-256.751;-256.262;-256.7;-256.895;-256.942;-256.003;11:40:14
1234;30.0011;29.7703;-256.751;-256.269;-256.7;-256.903;-256.942;-256.003;11:40:15
1235;30.0011;29.7781;-256.751;-256.269;-256.708;-256.895;-256.942;-256.003;11:40:15
1236;30.009;29.7703;-256.755;-256.262;-256.7;-256.903;-256.942;-256.003;11:40:16
1237;30.0011;29.7781;-256.755;-256.262;-256.708;-256.895;-256.935;-256.003;11:40:16
1238;30.009;29.7781;-256.755;-256.262;-256.7;-256.888;-256.95;-256.003;11:40:17
1239;29.9933;29.7703;-256.751;-256.269;-256.708;-256.903;-256.942;-256.003;11:40:17
1240;30.0011;29.7703;-256.751;-256.262;-256.715;-256.895;-256.942;-255.996;11:40:18
1241;30.0011;29.7703;-256.751;-256.269;-256.708;-256.895;-256.942;-256.003;11:40:18
1242;30.0011;29.7703;-256.755;-256.262;-256.708;-256.903;-256.942;-255.996;11:40:19
1243;30.0011;29.7781;-256.755;-256.262;-256.708;-256.895;-256.942;-256.003;11:40:19
1244;30.009;29.7781;-256.755;-256.262;-256.715;-256.895;-256.95;-256.003;11:40:20
1245;30.0011;29.7781;-256.751;-256.269;-256.708;-256.903;-256.935;-256.003;11:40:20
1246;30.0011;29.7859;-256.751;-256.262;-256.715;-256.895;-256.935;-256.003;11:40:21
1247;30.009;29.7703;-256.747;-256.269;-256.708;-256.895;-256.935;-256.003;11:40:21
1248;30.0011;29.7781;-256.747;-256.262;-256.715;-256.903;-256.935;-256.011;11:40:22
1249;30.009;29.7781;-256.747;-256.269;-256.715;-256.903;-256.935;-255.996;11:40:22
1250;30.0011;29.7781;-256.743;-256.262;-256.715;-256.903;-256.942;-256.003;11:40:23
1251;30.0011;29.7703;-256.747;-256.269;-256.715;-256.903;-256.935;-255.996;11:40:23
1252;30.0011;29.7781;-256.747;-256.262;-256.708;-256.903;-256.935;-256.003;11:40:24
1253;30.0011;29.7703;-256.747;-256.262;-256.715;-256.903;-256.942;-256.003;11:40:24
1254;29.9933;29.7781;-256.747;-256.262;-256.708;-256.903;-256.942;-256.003;11:40:25
1255;30.0011;29.7781;-256.751;-256.262;-256.708;-256.903;-256.935;-256.003;11:40:25
1256;29.9933;29.7781;-256.747;-256.262;-256.708;-256.903;-256.942;-256.003;11:40:26
1257;29.9933;29.7781;-256.743;-256.262;-256.708;-256.911;-256.935;-256.011;11:40:26
1258;30.0011;29.7859;-256.751;-256.262;-256.715;-256.903;-256.942;-256.003;11:40:27
1259;30.009;29.7781;-256.747;-256.262;-256.708;-256.903;-256.942;-256.003;11:40:27
1260;30.0011;29.7781;-256.743;-256.262;-256.708;-256.903;-256.935;-256.003;11:40:28
1261;30.009;29.7859;-256.743;-256.269;-256.708;-256.903;-256.942;-256.011;11:40:28
1262;30.009;29.7781;-256.747;-256.254;-256.715;-256.903;-256.935;-256.003;11:40:29
1263;30.009;29.7781;-256.747;-256.262;-256.708;-256.903;-256.95;-256.011;11:40:29
1264;30.0168;29.7859;-256.747;-256.254;-256.708;-256.895;-256.95;-256.003;11:40:30
1265;30.009;29.7781;-256.747;-256.262;-256.708;-256.895;-256.942;-256.003;11:40:30
1266;30.009;29.7781;-256.747;-256.254;-256.715;-256.895;-256.95;-256.003;11:40:31
1267;30.0168;29.7859;-256.747;-256.262;-256.708;-256.895;-256.942;-256.011;11:40:31
1268;30.0011;29.7781;-256.747;-256.254;-256.708;-256.903;-256.942;-256.003;11:40:32
1269;30.0168;29.7781;-256.747;-256.254;-256.715;-256.903;-256.942;-256.011;11:40:32
1270;30.009;29.7859;-256.743;-256.254;-256.708;-256.903;-256.95;-256.003;11:40:33
1271;30.0168;29.7781;-256.751;-256.254;-256.708;-256.895;-256.942;-256.003;11:40:33
1272;30.0168;29.7938;-256.747;-256.254;-256.7;-256.903;-256.95;-256.011;11:40:34
1273;30.0168;29.7859;-256.739;-256.262;-256.715;-256.903;-256.935;-256.003;11:40:34
1274;30.0246;29.7859;-256.747;-256.258;-256.708;-256.903;-256.95;-256.011;11:40:35
1275;30.0168;29.7859;-256.751;-256.262;-256.708;-256.903;-256.942;-255.996;11:40:35
1276;30.0246;29.7859;-256.747;-256.254;-256.715;-256.895;-256.942;-256.003;11:40:36
1277;30.0168;29.7859;-256.751;-256.262;-256.708;-256.903;-256.942;-256.003;11:40:36
1278;30.0168;29.7859;-256.751;-256.262;-256.708;-256.903;-256.942;-256.003;11:40:37
1279;30.0246;29.7859;-256.751;-256.262;-256.715;-256.903;-256.95;-256.003;11:40:37
1280;30.0246;29.7859;-256.751;-256.262;-256.715;-256.903;-256.95;-256.003;11:40:38
1281;30.0168;29.7859;-256.751;-256.254;-256.715;-256.903;-256.942;-256.003;11:40:38
1282;30.0168;29.7859;-256.751;-256.262;-256.715;-256.888;-256.942;-256.003;11:40:39
1283;30.0246;29.7859;-256.751;-256.262;-256.715;-256.903;-256.942;-256.003;11:40:39
1284;30.0246;29.7938;-256.751;-256.254;-256.723;-256.903;-256.942;-255.996;11:40:40
1285;30.0246;29.7859;-256.751;-256.262;-256.715;-256.903;-256.942;-256.003;11:40:40
1286;30.0207;29.8016;-256.751;-256.262;-256.715;-256.903;-256.935;-256.003;11:40:41
1287;30.0246;29.7859;-256.755;-256.262;-256.715;-256.903;-256.935;-255.996;11:40:41
1288;30.0285;29.7938;-256.747;-256.254;-256.715;-256.903;-256.935;-256.003;11:40:42
1289;30.0246;29.7938;-256.751;-256.262;-256.715;-256.895;-256.942;-256.003;11:40:42
1290;30.0285;29.7938;-256.747;-256.254;-256.723;-256.903;-256.942;-256.003;11:40:43
1291;30.0285;29.7859;-256.747;-256.262;-256.715;-256.895;-256.935;-256.003;11:40:43
1292;30.0285;29.8016;-256.747;-256.254;-256.715;-256.903;-256.95;-256.003;11:40:44
1293;30.0246;29.7938;-256.747;-256.254;-256.723;-256.895;-256.935;-255.996;11:40:44
1294;30.0246;29.7859;-256.747;-256.262;-256.715;-256.903;-256.935;-256.003;11:40:45
1295;30.0285;29.7938;-256.747;-256.254;-256.723;-256.903;-256.935;-255.996;11:40:45
1296;30.0246;29.7859;-256.743;-256.262;-256.715;-256.903;-256.935;-256.003;11:40:46
1297;30.0285;29.7859;-256.735;-256.254;-256.715;-256.895;-256.942;-256.003;11:40:46
1298;30.0285;29.7938;-256.735;-256.262;-256.715;-256.903;-256.935;-256.003;11:40:47
1299;30.0285;29.7859;-256.743;-256.254;-256.715;-256.903;-256.942;-256.003;11:40:47
1300;30.0324;29.7938;-256.735;-256.262;-256.723;-256.903;-256.95;-255.996;11:40:48
1301;30.0285;29.7859;-256.743;-256.262;-256.708;-256.903;-256.942;-255.996;11:40:48
1302;30.0285;29.7859;-256.743;-256.262;-256.715;-256.895;-256.942;-256.003;11:40:49
1303;30.0285;29.7859;-256.743;-256.254;-256.715;-256.911;-256.935;-255.996;11:40:49
1304;30.0246;29.7938;-256.743;-256.254;-256.715;-256.895;-256.927;-256.003;11:40:50
1305;30.0246;29.7781;-256.743;-256.262;-256.715;-256.903;-256.935;-256.003;11:40:50
1306;30.0246;29.7859;-256.743;-256.254;-256.715;-256.903;-256.942;-256.003;11:40:51
1307;30.0285;29.7859;-256.735;-256.254;-256.723;-256.903;-256.935;-256.003;11:40:51
1308;30.0246;29.7781;-256.743;-256.262;-256.715;-256.895;-256.935;-256.003;11:40:52
1309;30.0246;29.7859;-256.743;-256.262;-256.715;-256.903;-256.935;-256.003;11:40:52
1310;30.0168;29.7859;-256.747;-256.262;-256.715;-256.903;-256.927;-256.003;11:40:53
1311;30.0246;29.7859;-256.747;-256.262;-256.723;-256.895;-256.942;-256.003;11:40:53
1312;30.0168;29.7938;-256.747;-256.254;-256.715;-256.903;-256.935;-256.003;11:40:54
1313;30.0168;29.7859;-256.751;-256.262;-256.723;-256.903;-256.942;-255.996;11:40:54
1314;30.0246;29.7859;-256.747;-256.254;-256.723;-256.903;-256.935;-256.003;11:40:55
1315;30.0285;29.7938;-256.751;-256.262;-256.715;-256.895;-256.935;-256.003;11:40:55
1316;30.0246;29.7859;-256.747;-256.262;-256.723;-256.903;-256.935;-256.003;11:40:56
1317;30.0246;29.7781;-256.747;-256.262;-256.715;-256.895;-256.935;-256.003;11:40:56
1318;30.0285;29.7859;-256.747;-256.262;-256.723;-256.903;-256.935;-256.003;11:40:57
1319;30.0246;29.7781;-256.751;-256.254;-256.715;-256.895;-256.942;-256.003;11:40:57
1320;30.0285;29.7781;-256.751;-256.262;-256.715;-256.903;-256.935;-256.003;11:40:58
1321;30.0246;29.7859;-256.747;-256.254;-256.715;-256.895;-256.95;-255.996;11:40:58
1322;30.0246;29.7781;-256.755;-256.262;-256.715;-256.903;-256.95;-256.003;11:40:59
1323;30.0168;29.7859;-256.751;-256.262;-256.715;-256.903;-256.942;-256.003;11:40:59
1324;30.0246;29.7781;-256.751;-256.262;-256.708;-256.903;-256.942;-256.003;11:41:00
1325;30.0168;29.7859;-256.755;-256.262;-256.715;-256.895;-256.942;-256.003;11:41:00
1326;30.0168;29.7781;-256.751;-256.262;-256.715;-256.903;-256.95;-256.003;11:41:01
1327;30.0168;29.7781;-256.755;-256.262;-256.708;-256.903;-256.942;-256.003;11:41:01
1328;30.0246;29.7781;-256.747;-256.254;-256.715;-256.895;-256.942;-256.003;11:41:02
1329;30.0246;29.7859;-256.751;-256.254;-256.708;-256.903;-256.942;-256.003;11:41:02
1330;30.0246;29.7781;-256.747;-256.262;-256.715;-256.895;-256.935;-256.003;11:41:03
1331;30.0246;29.7859;-256.747;-256.254;-256.708;-256.903;-256.935;-255.996;11:41:03
1332;30.0285;29.7938;-256.751;-256.262;-256.715;-256.895;-256.935;-256.011;11:41:04
1333;30.0168;29.7859;-256.751;-256.254;-256.708;-256.895;-256.935;-256.003;11:41:04
1334;30.0168;29.7781;-256.751;-256.262;-256.708;-256.903;-256.942;-256.003;11:41:05
1335;30.0246;29.7859;-256.751;-256.262;-256.715;-256.895;-256.942;-256.003;11:41:05
1336;30.0246;29.7938;-256.747;-256.262;-256.708;-256.888;-256.942;-256.011;11:41:06
1337;30.0246;29.7859;-256.751;-256.254;-256.715;-256.895;-256.935;-256.003;11:41:06
1338;30.0246;29.7938;-256.751;-256.262;-256.708;-256.895;-256.942;-256.011;11:41:07
1339;30.0285;29.7938;-256.751;-256.254;-256.715;-256.903;-256.95;-256.003;11:41:07
1340;30.0246;29.7859;-256.751;-256.262;-256.708;-256.903;-256.935;-256.003;11:41:08
1341;30.0168;29.7938;-256.747;-256.262;-256.708;-256.903;-256.95;-256.011;11:41:08
1342;30.0246;29.7938;-256.747;-256.262;-256.708;-256.903;-256.942;-256.003;11:41:09
1343;30.0168;29.7938;-256.747;-256.269;-256.7;-256.903;-256.95;-256.011;11:41:09
1344;30.0246;29.8016;-256.747;-256.262;-256.708;-256.895;-256.942;-256.003;11:41:10
1345;30.0168;29.7859;-256.751;-256.262;-256.7;-256.903;-256.942;-256.003;11:41:10
1346;30.0168;29.8016;-256.751;-256.269;-256.715;-256.903;-256.95;-256.011;11:41:11
1347;30.0168;29.8016;-256.747;-256.262;-256.708;-256.903;-256.942;-256.011;11:41:11
1348;30.0168;29.8016;-256.747;-256.269;-256.708;-256.895;-256.942;-256.003;11:41:12
1349;30.0168;29.7938;-256.747;-256.269;-256.715;-256.895;-256.95;-256.011;11:41:12
1350;30.0168;29.8016;-256.747;-256.262;-256.708;-256.903;-256.942;-256.003;11:41:13
1351;30.0168;29.7938;-256.747;-256.269;-256.708;-256.903;-256.95;-256.011;11:41:13
1352;30.0246;29.7938;-256.747;-256.262;-256.708;-256.903;-256.935;-256.003;11:41:14
1353;30.0168;29.8016;-256.751;-256.269;-256.715;-256.895;-256.95;-256.011;11:41:14
1354;30.0246;29.8016;-256.747;-256.262;-256.708;-256.903;-256.942;-256.011;11:41:15
1355;30.0207;29.7938;-256.747;-256.262;-256.715;-256.903;-256.942;-256.003;11:41:15
1356;30.0246;29.8016;-256.751;-256.262;-256.715;-256.895;-256.935;-256.003;11:41:16
1357;30.0246;29.8016;-256.747;-256.262;-256.708;-256.903;-256.942;-256.003;11:41:16
1358;30.0246;29.7938;-256.747;-256.269;-256.715;-256.903;-256.935;-256.003;11:41:17
1359;30.0246;29.7938;-256.747;-256.262;-256.708;-256.903;-256.942;-256.003;11:41:17
1360;30.0168;29.7938;-256.747;-256.262;-256.715;-256.903;-256.935;-256.003;11:41:18
1361;30.0246;29.7938;-256.751;-256.262;-256.715;-256.903;-256.95;-256.003;11:41:18
1362;30.0168;29.8016;-256.751;-256.269;-256.715;-256.888;-256.935;-256.003;11:41:19
1363;30.0246;29.7938;-256.747;-256.254;-256.715;-256.895;-256.942;-256.003;11:41:19
1364;30.0168;29.7938;-256.751;-256.262;-256.715;-256.895;-256.942;-256.011;11:41:20
1365;30.0246;29.8016;-256.747;-256.262;-256.715;-256.888;-256.935;-256.003;11:41:20
1366;30.0168;29.8016;-256.735;-256.262;-256.708;-256.895;-256.935;-256.003;11:41:21
1367;30.0168;29.8016;-256.747;-256.262;-256.715;-256.895;-256.942;-256.003;11:41:21
1368;30.0168;29.8016;-256.751;-256.262;-256.715;-256.888;-256.935;-256.003;11:41:22
1369;30.0168;29.8016;-256.747;-256.262;-256.715;-256.895;-256.942;-256.011;11:41:22
1370;30.0168;29.8016;-256.747;-256.262;-256.715;-256.888;-256.942;-256.011;11:41:23
1371;30.0168;29.8016;-256.747;-256.262;-256.715;-256.895;-256.935;-256.011;11:41:23
1372;30.009;29.8016;-256.751;-256.269;-256.715;-256.888;-256.935;-256.003;11:41:24
1373;30.0168;29.8016;-256.747;-256.262;-256.715;-256.895;-256.935;-256.011;11:41:24
1374;30.0168;29.7938;-256.747;-256.262;-256.708;-256.895;-256.942;-256.003;11:41:25
1375;30.0168;29.8094;-256.751;-256.269;-256.708;-256.895;-256.935;-256.011;11:41:25
1376;30.0168;29.8016;-256.743;-256.262;-256.715;-256.895;-256.935;-256.011;11:41:26
1377;30.0168;29.8016;-256.747;-256.262;-256.708;-256.888;-256.935;-256.003;11:41:26
1378;30.009;29.8016;-256.743;-256.254;-256.715;-256.888;-256.927;-256.011;11:41:27
1379;30.0246;29.8094;-256.751;-256.254;-256.708;-256.895;-256.935;-256.011;11:41:27
1380;30.0168;29.8094;-256.747;-256.254;-256.715;-256.895;-256.935;-256.011;11:41:28
1381;30.009;29.8094;-256.751;-256.254;-256.715;-256.903;-256.942;-256.011;11:41:28
1382;30.0246;29.8094;-256.747;-256.254;-256.708;-256.888;-256.935;-256.003;11:41:29
1383;30.0168;29.8094;-256.747;-256.254;-256.715;-256.895;-256.942;-256.011;11:41:29
1384;30.0168;29.8016;-256.751;-256.262;-256.715;-256.895;-256.942;-256.003;11:41:30
1385;30.0246;29.8094;-256.751;-256.254;-256.715;-256.895;-256.942;-256.011;11:41:30
1386;30.0246;29.8172;-256.751;-256.262;-256.715;-256.903;-256.942;-256.003;11:41:31
1387;30.0246;29.8172;-256.751;-256.262;-256.723;-256.895;-256.935;-256.011;11:41:31
1388;30.0246;29.8172;-256.747;-256.262;-256.715;-256.888;-256.942;-256.003;11:41:32
1389;30.0207;29.8172;-256.747;-256.262;-256.723;-256.895;-256.935;-256.011;11:41:32
1390;30.0246;29.8094;-256.751;-256.262;-256.715;-256.895;-256.942;-256.003;11:41:33
1391;30.0168;29.8094;-256.751;-256.254;-256.715;-256.895;-256.95;-256.003;11:41:33
1392;30.0168;29.8094;-256.751;-256.262;-256.715;-256.895;-256.942;-256.003;11:41:34
1393;30.0168;29.8094;-256.751;-256.262;-256.715;-256.895;-256.935;-256.003;11:41:34
1394;30.0246;29.8094;-256.751;-256.25;-256.715;-256.895;-256.942;-256.011;11:41:35
1395;30.0246;29.8251;-256.751;-256.262;-256.715;-256.895;-256.942;-256.011;11:41:35
1396;30.0246;29.8094;-256.755;-256.254;-256.715;-256.895;-256.942;-256.011;11:41:36
1397;30.0246;29.8172;-256.747;-256.262;-256.715;-256.895;-256.942;-256.003;11:41:36
1398;30.009;29.8094;-256.747;-256.254;-256.715;-256.895;-256.935;-256.011;11:41:37
1399;30.0168;29.8251;-256.751;-256.262;-256.723;-256.895;-256.942;-256.003;11:41:37
1400;30.0168;29.8172;-256.747;-256.254;-256.715;-256.888;-256.95;-256.011;11:41:38
1401;30.0168;29.8094;-256.751;-256.262;-256.715;-256.888;-256.942;-256.003;11:41:38
1402;30.0168;29.8172;-256.747;-256.262;-256.723;-256.895;-256.935;-256.003;11:41:39
1403;30.0246;29.8251;-256.747;-256.254;-256.715;-256.888;-256.935;-256.011;11:41:39
1404;30.0168;29.8251;-256.747;-256.262;-256.708;-256.895;-256.935;-256.003;11:41:40
1405;30.0246;29.8172;-256.747;-256.254;-256.715;-256.888;-256.935;-256.003;11:41:40
1406;30.0168;29.8251;-256.747;-256.254;-256.715;-256.895;-256.935;-256.011;11:41:41
1407;30.0246;29.8172;-256.743;-256.254;-256.715;-256.888;-256.942;-256.003;11:41:41
1408;30.0246;29.8172;-256.747;-256.254;-256.715;-256.888;-256.942;-256.011;11:41:42
1409;30.0168;29.8094;-256.747;-256.254;-256.715;-256.895;-256.942;-256.003;11:41:42
1410;30.0246;29.8172;-256.747;-256.262;-256.723;-256.888;-256.942;-256.003;11:41:43
1411;30.0168;29.8094;-256.743;-256.262;-256.715;-256.895;-256.935;-256.011;11:41:43
1412;30.0168;29.8172;-256.751;-256.254;-256.715;-256.895;-256.935;-256.003;11:41:44
1413;30.0168;29.8172;-256.743;-256.262;-256.715;-256.895;-256.935;-256.003;11:41:44
1414;30.0168;29.8172;-256.747;-256.262;-256.715;-256.895;-256.935;-256.003;11:41:45
1415;30.0246;29.8094;-256.747;-256.254;-256.715;-256.903;-256.942;-256.011;11:41:45
1416;30.0168;29.8094;-256.747;-256.262;-256.715;-256.895;-256.942;-256.003;11:41:46
1417;30.0168;29.8172;-256.747;-256.262;-256.715;-256.895;-256.942;-256.003;11:41:46
1418;30.0168;29.8094;-256.747;-256.254;-256.715;-256.895;-256.95;-256.003;11:41:47
1419;30.0246;29.8094;-256.747;-256.262;-256.715;-256.895;-256.942;-256.003;11:41:47
1420;30.0168;29.8094;-256.747;-256.254;-256.715;-256.895;-256.942;-256.011;11:41:48
1421;30.0168;29.8094;-256.747;-256.262;-256.715;-256.895;-256.942;-256.011;11:41:48
1422;30.0168;29.8172;-256.751;-256.254;-256.723;-256.895;-256.95;-256.003;11:41:49
1423;30.0168;29.8251;-256.751;-256.262;-256.715;-256.888;-256.942;-256.003;11:41:49
1424;30.0168;29.8094;-256.743;-256.254;-256.708;-256.888;-256.942;-256.003;11:41:50
1425;30.009;29.8172;-256.747;-256.254;-256.715;-256.888;-256.935;-256.003;11:41:50
1426;30.0168;29.8251;-256.751;-256.254;-256.708;-256.888;-256.942;-256.003;11:41:51
1427;30.0168;29.8172;-256.747;-256.262;-256.715;-256.895;-256.942;-256.011;11:41:51
1428;30.0168;29.8251;-256.751;-256.254;-256.715;-256.895;-256.942;-256.003;11:41:52
1429;30.0246;29.8172;-256.747;-256.262;-256.715;-256.895;-256.95;-256.003;11:41:52
1430;30.0285;29.8251;-256.747;-256.262;-256.715;-256.895;-256.942;-256.003;11:41:53
1431;30.0246;29.8251;-256.747;-256.254;-256.715;-256.888;-256.942;-256.011;11:41:53
1432;30.0246;29.8172;-256.747;-256.254;-256.715;-256.895;-256.935;-256.003;11:41:54
1433;30.0246;29.8172;-256.747;-256.262;-256.723;-256.903;-256.935;-256.003;11:41:54
1434;30.0168;29.8251;-256.747;-256.254;-256.715;-256.895;-256.935;-255.996;11:41:55
1435;30.0246;29.8172;-256.747;-256.254;-256.715;-256.895;-256.935;-256.003;11:41:55
1436;30.0246;29.8251;-256.751;-256.254;-256.715;-256.888;-256.942;-256.003;11:41:56
1437;30.0246;29.8172;-256.747;-256.254;-256.715;-256.895;-256.942;-256.003;11:41:56
1438;30.0246;29.8251;-256.751;-256.254;-256.715;-256.888;-256.942;-256.003;11:41:57
1439;30.0246;29.8251;-256.747;-256.254;-256.715;-256.888;-256.95;-255.996;11:41:57
1440;30.0168;29.8251;-256.747;-256.254;-256.715;-256.888;-256.95;-256.003;11:41:58
1441;30.0285;29.8251;-256.747;-256.262;-256.715;-256.888;-256.935;-256.003;11:41:58
1442;30.0246;29.8172;-256.747;-256.262;-256.715;-256.895;-256.95;-255.996;11:41:59
1443;30.0246;29.8094;-256.751;-256.262;-256.715;-256.895;-256.935;-256.003;11:41:59
1444;30.0246;29.8172;-256.751;-256.254;-256.723;-256.888;-256.935;-256.003;11:42:00
1445;30.0246;29.8094;-256.751;-256.262;-256.708;-256.895;-256.935;-256.003;11:42:00
1446;30.0285;29.8172;-256.751;-256.262;-256.715;-256.888;-256.935;-256.003;11:42:01
1447;30.0285;29.8094;-256.751;-256.262;-256.723;-256.895;-256.942;-256.003;11:42:01
1448;30.0246;29.8172;-256.747;-256.254;-256.708;-256.895;-256.942;-255.996;11:42:02
1449;30.0285;29.8172;-256.751;-256.262;-256.715;-256.888;-256.942;-256.011;11:42:02
1450;30.0285;29.8172;-256.747;-256.262;-256.708;-256.895;-256.942;-256.003;11:42:03
1451;30.0285;29.8094;-256.743;-256.262;-256.708;-256.895;-256.935;-255.996;11:42:03
1452;30.0285;29.8251;-256.751;-256.262;-256.715;-256.895;-256.942;-256.003;11:42:04
1453;30.0285;29.8172;-256.747;-256.262;-256.715;-256.895;-256.935;-256.011;11:42:04
1454;30.0246;29.8172;-256.751;-256.262;-256.715;-256.895;-256.942;-255.996;11:42:05
1455;30.0285;29.8094;-256.751;-256.262;-256.715;-256.895;-256.935;-256.003;11:42:05
1456;30.0324;29.8172;-256.755;-256.262;-256.715;-256.888;-256.942;-256.003;11:42:06
1457;30.0285;29.8251;-256.751;-256.262;-256.723;-256.895;-256.942;-256.003;11:42:06
1458;30.0285;29.8172;-256.751;-256.254;-256.715;-256.888;-256.935;-256.011;11:42:07
1459;30.0285;29.8172;-256.751;-256.262;-256.715;-256.895;-256.942;-256.011;11:42:07
1460;30.0285;29.8172;-256.751;-256.262;-256.715;-256.895;-256.942;-256.003;11:42:08
1461;30.0246;29.8172;-256.755;-256.262;-256.715;-256.895;-256.942;-256.003;11:42:08
1462;30.0246;29.8094;-256.755;-256.262;-256.715;-256.895;-256.942;-256.003;11:42:09
1463;30.0246;29.8251;-256.751;-256.254;-256.715;-256.895;-256.942;-256.003;11:42:09
1464;30.0207;29.8172;-256.755;-256.262;-256.723;-256.888;-256.942;-256.011;11:42:10
1465;30.0285;29.8172;-256.755;-256.269;-256.715;-256.895;-256.95;-256.003;11:42:10
1466;30.0246;29.8094;-256.751;-256.262;-256.723;-256.895;-256.942;-256.011;11:42:11
1467;30.0285;29.8172;-256.755;-256.262;-256.715;-256.888;-256.95;-256.003;11:42:11
1468;30.0285;29.8094;-256.751;-256.262;-256.715;-256.895;-256.942;-255.996;11:42:12
1469;30.0246;29.8172;-256.751;-256.262;-256.723;-256.888;-256.95;-256.003;11:42:12
1470;30.0246;29.8172;-256.751;-256.269;-256.715;-256.888;-256.942;-256.003;11:42:13
1471;30.0285;29.8172;-256.751;-256.262;-256.715;-256.895;-256.942;-256.003;11:42:13
1472;30.0246;29.8172;-256.751;-256.262;-256.715;-256.88;-256.942;-256.003;11:42:14
1473;30.0285;29.8172;-256.751;-256.269;-256.715;-256.88;-256.95;-256.003;11:42:14
1474;30.0246;29.8172;-256.755;-256.262;-256.723;-256.888;-256.942;-256.003;11:42:15
1475;30.0246;29.8172;-256.751;-256.262;-256.715;-256.888;-256.935;-255.996;11:42:15
1476;30.0285;29.8172;-256.755;-256.269;-256.708;-256.888;-256.95;-256.003;11:42:16
1477;30.0285;29.8172;-256.751;-256.262;-256.715;-256.888;-256.935;-256.003;11:42:16
1478;30.0285;29.8172;-256.755;-256.262;-256.715;-256.88;-256.942;-256.003;11:42:17
1479;30.0324;29.8172;-256.758;-256.262;-256.715;-256.888;-256.935;-256.003;11:42:17
1480;30.0285;29.8172;-256.755;-256.262;-256.723;-256.88;-256.942;-256.003;11:42:18
1481;30.0324;29.8094;-256.755;-256.262;-256.715;-256.895;-256.942;-255.996;11:42:18
1482;30.0246;29.8172;-256.755;-256.262;-256.715;-256.888;-256.942;-256.003;11:42:19
1483;30.0285;29.8172;-256.751;-256.262;-256.715;-256.888;-256.95;-256.003;11:42:19
1484;30.0246;29.8172;-256.751;-256.262;-256.708;-256.888;-256.935;-256.003;11:42:20
1485;30.0285;29.8094;-256.751;-256.262;-256.715;-256.888;-256.942;-255.996;11:42:20
1486;30.0246;29.8094;-256.755;-256.262;-256.715;-256.888;-256.935;-256.003;11:42:21
1487;30.0285;29.8172;-256.751;-256.262;-256.708;-256.888;-256.942;-256.003;11:42:21
1488;30.0324;29.8172;-256.755;-256.269;-256.715;-256.888;-256.935;-256.003;11:42:22
1489;30.0324;29.8094;-256.751;-256.262;-256.715;-256.88;-256.935;-256.003;11:42:22
1490;30.0324;29.8094;-256.755;-256.262;-256.715;-256.888;-256.942;-255.996;11:42:23
1491;30.0363;29.8172;-256.755;-256.262;-256.723;-256.88;-256.935;-256.011;11:42:23
1492;30.0324;29.8094;-256.751;-256.262;-256.708;-256.888;-256.942;-256.003;11:42:24
1493;30.0363;29.8094;-256.755;-256.269;-256.715;-256.888;-256.942;-256.011;11:42:24
1494;30.0363;29.8016;-256.751;-256.269;-256.715;-256.895;-256.942;-256.003;11:42:25
1495;30.0363;29.8094;-256.751;-256.262;-256.715;-256.888;-256.942;-256.003;11:42:25
1496;30.0363;29.8094;-256.755;-256.269;-256.708;-256.888;-256.942;-256.003;11:42:26
1497;30.0363;29.8094;-256.751;-256.262;-256.715;-256.888;-256.942;-255.996;11:42:26
1498;30.0324;29.8094;-256.755;-256.262;-256.708;-256.895;-256.942;-256.003;11:42:27
1499;30.0324;29.8016;-256.751;-256.262;-256.715;-256.88;-256.942;-256.003;11:42:27
1500;30.0363;29.8094;-256.755;-256.269;-256.708;-256.895;-256.935;-256.003;11:42:28
1501;30.0324;29.8094;-256.751;-256.269;-256.708;-256.888;-256.942;-255.996;11:42:28
1502;30.0363;29.8016;-256.755;-256.277;-256.715;-256.888;-256.935;-256.003;11:42:29
1503;30.0324;29.8016;-256.751;-256.262;-256.708;-256.888;-256.935;-255.996;11:42:29
1504;30.0324;29.8094;-256.751;-256.269;-256.715;-256.895;-256.935;-255.996;11:42:30
1505;30.0285;29.8094;-256.751;-256.269;-256.715;-256.888;-256.935;-255.996;11:42:30
1506;30.0324;29.8016;-256.755;-256.262;-256.708;-256.888;-256.942;-256.003;11:42:31
1507;30.0285;29.8094;-256.751;-256.269;-256.715;-256.895;-256.942;-255.996;11:42:31
1508;30.0285;29.8016;-256.755;-256.262;-256.715;-256.888;-256.942;-255.996;11:42:32
1509;30.0285;29.8094;-256.751;-256.269;-256.715;-256.895;-256.935;-256.003;11:42:32
1510;30.0285;29.8016;-256.751;-256.262;-256.715;-256.888;-256.942;-255.996;11:42:33
1511;30.0285;29.8094;-256.751;-256.262;-256.715;-256.895;-256.942;-255.996;11:42:33
1512;30.0285;29.7938;-256.755;-256.262;-256.715;-256.895;-256.942;-255.996;11:42:34
1513;30.0324;29.8016;-256.751;-256.262;-256.715;-256.888;-256.935;-256.003;11:42:34
1514;30.0285;29.8094;-256.755;-256.262;-256.708;-256.888;-256.942;-255.996;11:42:35
1515;30.0324;29.8016;-256.755;-256.254;-256.715;-256.895;-256.935;-255.996;11:42:35
1516;30.0285;29.8016;-256.755;-256.262;-256.715;-256.895;-256.935;-255.996;11:42:36
1517;30.0324;29.8016;-256.755;-256.262;-256.715;-256.895;-256.935;-256.003;11:42:36
1518;30.0285;29.8094;-256.755;-256.262;-256.708;-256.888;-256.935;-255.996;11:42:37
1519;30.0285;29.8094;-256.755;-256.262;-256.715;-256.895;-256.927;-255.996;11:42:37
1520;30.0285;29.8094;-256.755;-256.254;-256.715;-256.895;-256.935;-255.996;11:42:38
1521;30.0285;29.8094;-256.751;-256.262;-256.708;-256.895;-256.935;-255.996;11:42:38
1522;30.0285;29.8094;-256.751;-256.254;-256.723;-256.895;-256.935;-255.996;11:42:39
1523;30.0285;29.8172;-256.751;-256.262;-256.715;-256.895;-256.935;-256.003;11:42:39
1524;30.0285;29.8172;-256.755;-256.262;-256.715;-256.888;-256.935;-256.003;11:42:40
1525;30.0246;29.8172;-256.751;-256.262;-256.723;-256.888;-256.935;-255.996;11:42:40
1526;30.0324;29.8172;-256.758;-256.262;-256.708;-256.895;-256.935;-255.996;11:42:41
1527;30.0324;29.8172;-256.755;-256.262;-256.715;-256.895;-256.935;-256.003;11:42:41
1528;30.0285;29.8251;-256.755;-256.269;-256.708;-256.895;-256.942;-255.996;11:42:42
1529;30.0285;29.8172;-256.755;-256.262;-256.715;-256.888;-256.935;-256.003;11:42:42
1530;30.0324;29.8172;-256.755;-256.262;-256.708;-256.895;-256.927;-255.996;11:42:43
1531;30.0285;29.8172;-256.751;-256.262;-256.723;-256.888;-256.935;-255.996;11:42:43
1532;30.0324;29.8251;-256.751;-256.262;-256.715;-256.895;-256.942;-255.996;11:42:44
1533;30.0363;29.8172;-256.751;-256.269;-256.723;-256.888;-256.935;-255.996;11:42:44
1534;30.0324;29.8172;-256.747;-256.262;-256.715;-256.888;-256.935;-255.996;11:42:45
1535;30.0285;29.8251;-256.755;-256.262;-256.715;-256.895;-256.935;-255.988;11:42:45
1536;30.0324;29.8172;-256.751;-256.269;-256.708;-256.888;-256.935;-255.996;11:42:46
1537;30.0324;29.8251;-256.751;-256.269;-256.715;-256.88;-256.935;-255.996;11:42:46
1538;30.0324;29.8251;-256.751;-256.262;-256.715;-256.895;-256.942;-255.988;11:42:47
1539;30.0324;29.8251;-256.747;-256.269;-256.715;-256.888;-256.935;-255.996;11:42:47
1540;30.0285;29.8251;-256.751;-256.262;-256.708;-256.88;-256.935;-255.996;11:42:48
1541;30.0285;29.8251;-256.747;-256.262;-256.708;-256.895;-256.935;-255.996;11:42:48
1542;30.0285;29.8251;-256.751;-256.262;-256.715;-256.888;-256.935;-255.996;11:42:49
1543;30.0285;29.8251;-256.751;-256.269;-256.715;-256.888;-256.935;-255.996;11:42:49
1544;30.0285;29.8329;-256.751;-256.254;-256.715;-256.895;-256.942;-256.003;11:42:50
1545;30.0285;29.8329;-256.747;-256.262;-256.708;-256.888;-256.942;-255.996;11:42:50
1546;30.0285;29.8251;-256.751;-256.262;-256.723;-256.88;-256.935;-255.996;11:42:51
1547;30.0324;29.8251;-256.755;-256.262;-256.715;-256.888;-256.942;-255.996;11:42:51
1548;30.0363;29.8329;-256.755;-256.262;-256.715;-256.888;-256.935;-255.988;11:42:52
1549;30.0324;29.8251;-256.755;-256.262;-256.715;-256.888;-256.942;-255.988;11:42:52
1550;30.0285;29.8251;-256.755;-256.262;-256.708;-256.888;-256.942;-255.996;11:42:53
1551;30.0285;29.8251;-256.755;-256.254;-256.723;-256.888;-256.935;-255.988;11:42:53
1552;30.0324;29.8251;-256.755;-256.262;-256.715;-256.888;-256.942;-255.988;11:42:54
1553;30.0285;29.8329;-256.751;-256.254;-256.723;-256.888;-256.935;-255.988;11:42:54
1554;30.0285;29.8329;-256.747;-256.262;-256.715;-256.895;-256.942;-255.988;11:42:55
1555;30.0324;29.8329;-256.747;-256.262;-256.715;-256.888;-256.935;-255.996;11:42:55
1556;30.0285;29.8251;-256.755;-256.262;-256.715;-256.888;-256.942;-255.996;11:42:56
1557;30.0324;29.8329;-256.751;-256.262;-256.715;-256.888;-256.935;-255.988;11:42:56
1558;30.0363;29.8251;-256.751;-256.269;-256.715;-256.888;-256.935;-255.988;11:42:57
1559;30.0324;29.8329;-256.755;-256.262;-256.723;-256.895;-256.942;-255.996;11:42:57
1560;30.0363;29.8251;-256.755;-256.269;-256.715;-256.888;-256.95;-255.988;11:42:58
1561;30.0363;29.8251;-256.751;-256.262;-256.715;-256.895;-256.935;-255.98;11:42:58
1562;30.0324;29.8329;-256.755;-256.269;-256.723;-256.888;-256.942;-255.988;11:42:59
1563;30.0324;29.8251;-256.751;-256.262;-256.715;-256.888;-256.942;-255.988;11:42:59
1564;30.0324;29.8329;-256.751;-256.262;-256.715;-256.895;-256.942;-255.988;11:43:00
1565;30.0285;29.8251;-256.755;-256.269;-256.715;-256.888;-256.942;-255.988;11:43:00
1566;30.0363;29.8329;-256.755;-256.262;-256.715;-256.888;-256.942;-255.996;11:43:01
1567;30.0363;29.8172;-256.755;-256.262;-256.715;-256.888;-256.942;-255.988;11:43:01
1568;30.0363;29.8329;-256.755;-256.262;-256.715;-256.895;-256.942;-255.98;11:43:02
1569;30.0363;29.8251;-256.755;-256.262;-256.715;-256.888;-256.95;-255.988;11:43:02
1570;30.0363;29.8329;-256.755;-256.262;-256.715;-256.895;-256.935;-255.98;11:43:03
1571;30.0363;29.8329;-256.758;-256.262;-256.715;-256.88;-256.942;-255.988;11:43:03
1572;30.0363;29.8329;-256.755;-256.254;-256.723;-256.888;-256.942;-255.988;11:43:04
1573;30.0324;29.8329;-256.755;-256.262;-256.708;-256.888;-256.935;-255.988;11:43:04
1574;30.0363;29.8329;-256.755;-256.262;-256.715;-256.888;-256.935;-255.988;11:43:05
1575;30.0363;29.8329;-256.755;-256.262;-256.715;-256.895;-256.95;-255.996;11:43:05
1576;30.0403;29.8251;-256.755;-256.262;-256.708;-256.888;-256.942;-255.996;11:43:06
1577;30.0363;29.8329;-256.751;-256.262;-256.708;-256.888;-256.942;-255.996;11:43:06
1578;30.0403;29.8251;-256.751;-256.254;-256.708;-256.895;-256.942;-255.988;11:43:07
1579;30.0363;29.8251;-256.755;-256.262;-256.715;-256.895;-256.942;-255.996;11:43:07
1580;30.0403;29.8329;-256.751;-256.254;-256.715;-256.888;-256.942;-255.988;11:43:08
1581;30.0403;29.8251;-256.755;-256.262;-256.708;-256.895;-256.942;-255.988;11:43:08
1582;30.0442;29.8329;-256.751;-256.254;-256.715;-256.888;-256.958;-255.996;11:43:09
1583;30.0363;29.8251;-256.755;-256.254;-256.715;-256.888;-256.95;-255.996;11:43:09
1584;30.0363;29.8329;-256.751;-256.262;-256.715;-256.895;-256.942;-255.996;11:43:10
1585;30.0363;29.8329;-256.755;-256.254;-256.715;-256.895;-256.942;-255.996;11:43:10
1586;30.0403;29.8329;-256.751;-256.254;-256.708;-256.895;-256.942;-255.996;11:43:11
1587;30.0363;29.8329;-256.755;-256.262;-256.715;-256.895;-256.942;-255.996;11:43:11
1588;30.0403;29.8329;-256.755;-256.254;-256.715;-256.895;-256.95;-255.996;11:43:12
1589;30.0403;29.8251;-256.755;-256.262;-256.715;-256.888;-256.942;-255.996;11:43:12
1590;30.0363;29.8329;-256.755;-256.262;-256.723;-256.895;-256.942;-256.003;11:43:13
1591;30.0363;29.8251;-256.755;-256.262;-256.715;-256.895;-256.942;-255.988;11:43:13
1592;30.0403;29.8251;-256.755;-256.262;-256.723;-256.888;-256.95;-255.996;11:43:14
1593;30.0403;29.8251;-256.751;-256.254;-256.715;-256.888;-256.942;-255.996;11:43:14
1594;30.0363;29.8329;-256.751;-256.254;-256.715;-256.895;-256.942;-256.003;11:43:15
1595;30.0442;29.8172;-256.751;-256.262;-256.715;-256.895;-256.942;-256.003;11:43:15
1596;30.0403;29.8251;-256.751;-256.254;-256.723;-256.888;-256.95;-255.988;11:43:16
1597;30.0403;29.8172;-256.747;-256.262;-256.715;-256.888;-256.95;-255.996;11:43:16
1598;30.0403;29.8251;-256.743;-256.262;-256.715;-256.888;-256.95;-255.996;11:43:17
1599;30.0403;29.8172;-256.751;-256.254;-256.715;-256.888;-256.95;-255.996;11:43:17
1600;30.0403;29.8251;-256.747;-256.262;-256.715;-256.895;-256.95;-255.996;11:43:18
1601;30.0442;29.8329;-256.751;-256.262;-256.723;-256.888;-256.958;-255.996;11:43:18
1602;30.0403;29.8251;-256.751;-256.254;-256.715;-256.895;-256.95;-255.996;11:43:19
1603;30.0442;29.8251;-256.751;-256.262;-256.715;-256.888;-256.95;-255.988;11:43:19
1604;30.0403;29.8251;-256.755;-256.262;-256.708;-256.888;-256.942;-255.996;11:43:20
1605;30.0403;29.8251;-256.751;-256.254;-256.715;-256.888;-256.95;-255.996;11:43:20
1606;30.0403;29.8251;-256.755;-256.254;-256.715;-256.895;-256.942;-255.996;11:43:21
1607;30.0403;29.8329;-256.751;-256.254;-256.715;-256.895;-256.95;-255.996;11:43:21
1608;30.0403;29.8329;-256.751;-256.254;-256.723;-256.888;-256.942;-255.996;11:43:22
1609;30.0363;29.8329;-256.751;-256.254;-256.715;-256.888;-256.95;-255.996;11:43:22
1610;30.0403;29.8407;-256.747;-256.254;-256.723;-256.895;-256.942;-255.996;11:43:23
1611;30.0403;29.8329;-256.751;-256.254;-256.715;-256.888;-256.942;-256.003;11:43:23
1612;30.0403;29.8407;-256.755;-256.254;-256.723;-256.888;-256.95;-255.996;11:43:24
1613;30.0403;29.8251;-256.751;-256.254;-256.715;-256.895;-256.942;-255.996;11:43:24
1614;30.0403;29.8329;-256.751;-256.262;-256.708;-256.888;-256.95;-255.996;11:43:25
1615;30.0403;29.8329;-256.755;-256.254;-256.715;-256.895;-256.942;-256.003;11:43:25
1616;30.0403;29.8485;-256.751;-256.262;-256.723;-256.895;-256.942;-255.996;11:43:26
1617;30.0363;29.8407;-256.751;-256.254;-256.715;-256.888;-256.95;-256.003;11:43:26
1618;30.0403;29.8407;-256.751;-256.262;-256.715;-256.895;-256.95;-255.996;11:43:27
1619;30.0363;29.8407;-256.751;-256.262;-256.708;-256.888;-256.942;-255.996;11:43:27
1620;30.0403;29.8407;-256.755;-256.262;-256.715;-256.895;-256.95;-256.003;11:43:28
1621;30.0403;29.8485;-256.751;-256.254;-256.708;-256.888;-256.942;-255.996;11:43:28
1622;30.0403;29.8407;-256.755;-256.262;-256.715;-256.895;-256.95;-256.011;11:43:29
1623;30.0403;29.8407;-256.751;-256.254;-256.708;-256.888;-256.95;-255.996;11:43:29
1624;30.0403;29.8329;-256.751;-256.262;-256.715;-256.888;-256.942;-256.003;11:43:30
1625;30.0403;29.8329;-256.751;-256.254;-256.715;-256.888;-256.942;-256.003;11:43:30
1626;30.0363;29.8407;-256.755;-256.262;-256.715;-256.895;-256.95;-256.003;11:43:31
1627;30.0363;29.8407;-256.755;-256.262;-256.715;-256.888;-256.942;-256.011;11:43:31
1628;30.0363;29.8407;-256.747;-256.262;-256.715;-256.895;-256.942;-256.003;11:43:32
1629;30.0403;29.8407;-256.751;-256.262;-256.715;-256.895;-256.942;-256.003;11:43:32
1630;30.0363;29.8407;-256.755;-256.262;-256.723;-256.888;-256.935;-255.996;11:43:33
1631;30.0403;29.8329;-256.747;-256.254;-256.715;-256.888;-256.927;-256.003;11:43:33
1632;30.0403;29.8407;-256.751;-256.262;-256.715;-256.895;-256.935;-255.996;11:43:34
1633;30.0363;29.8485;-256.751;-256.254;-256.715;-256.888;-256.935;-256.003;11:43:34
1634;30.0403;29.8329;-256.751;-256.262;-256.723;-256.888;-256.935;-256.003;11:43:35
1635;30.0363;29.8407;-256.751;-256.262;-256.715;-256.888;-256.942;-255.996;11:43:35
1636;30.0363;29.8329;-256.747;-256.262;-256.723;-256.895;-256.935;-256.003;11:43:36
1637;30.0403;29.8407;-256.751;-256.254;-256.708;-256.888;-256.95;-255.996;11:43:36
1638;30.0403;29.8329;-256.755;-256.262;-256.723;-256.895;-256.942;-256.003;11:43:37
1639;30.0403;29.8329;-256.755;-256.254;-256.715;-256.888;-256.942;-255.996;11:43:37
1640;30.0363;29.8407;-256.751;-256.262;-256.723;-256.895;-256.942;-256.003;11:43:38
1641;30.0363;29.8329;-256.755;-256.254;-256.715;-256.895;-256.935;-256.003;11:43:38
1642;30.0403;29.8329;-256.755;-256.254;-256.715;-256.888;-256.942;-255.996;11:43:39
1643;30.0363;29.8329;-256.751;-256.262;-256.723;-256.888;-256.95;-255.996;11:43:39
1644;30.0403;29.8329;-256.755;-256.254;-256.708;-256.895;-256.942;-255.996;11:43:40
1645;30.0363;29.8407;-256.751;-256.254;-256.715;-256.895;-256.935;-256.003;11:43:40
1646;30.0363;29.8329;-256.755;-256.262;-256.715;-256.888;-256.935;-255.996;11:43:41
1647;30.0363;29.8329;-256.751;-256.262;-256.715;-256.895;-256.942;-256.003;11:43:41
1648;30.0363;29.8407;-256.758;-256.262;-256.715;-256.895;-256.942;-255.996;11:43:42
1649;30.0324;29.8329;-256.755;-256.269;-256.715;-256.888;-256.942;-255.996;11:43:42
1650;30.0363;29.8407;-256.755;-256.262;-256.723;-256.895;-256.95;-255.988;11:43:43
1651;30.0363;29.8329;-256.755;-256.262;-256.715;-256.888;-256.942;-255.996;11:43:43
1652;30.0403;29.8407;-256.751;-256.262;-256.723;-256.888;-256.942;-255.988;11:43:44
1653;30.0403;29.8407;-256.751;-256.262;-256.715;-256.888;-256.942;-255.988;11:43:44
1654;30.0363;29.8329;-256.755;-256.262;-256.715;-256.895;-256.942;-256.003;11:43:45
1655;30.0363;29.8485;-256.755;-256.254;-256.715;-256.888;-256.95;-255.988;11:43:45
1656;30.0403;29.8407;-256.751;-256.262;-256.715;-256.895;-256.942;-256.003;11:43:46
1657;30.0363;29.8407;-256.751;-256.269;-256.715;-256.888;-256.942;-255.996;11:43:46
1658;30.0363;29.8329;-256.751;-256.269;-256.715;-256.888;-256.935;-255.996;11:43:47
1659;30.0363;29.8407;-256.755;-256.262;-256.715;-256.888;-256.942;-256.003;11:43:47
1660;30.0363;29.8485;-256.751;-256.269;-256.708;-256.888;-256.935;-256.003;11:43:48
1661;30.0403;29.8329;-256.755;-256.262;-256.715;-256.888;-256.942;-255.996;11:43:48
1662;30.0363;29.8485;-256.755;-256.269;-256.715;-256.895;-256.935;-255.996;11:43:49
1663;30.0363;29.8407;-256.755;-256.269;-256.715;-256.895;-256.942;-256.003;11:43:49
1664;30.0403;29.8485;-256.755;-256.269;-256.708;-256.895;-256.942;-255.996;11:43:50
1665;30.0363;29.8407;-256.758;-256.269;-256.708;-256.895;-256.942;-255.996;11:43:50
1666;30.0403;29.8407;-256.755;-256.262;-256.715;-256.888;-256.95;-256.003;11:43:51
1667;30.0363;29.8329;-256.751;-256.269;-256.708;-256.895;-256.942;-256.003;11:43:51
1668;30.0363;29.8485;-256.755;-256.269;-256.708;-256.888;-256.942;-256.003;11:43:52
1669;30.0403;29.8407;-256.755;-256.269;-256.708;-256.895;-256.95;-255.996;11:43:52
1670;30.0363;29.8407;-256.755;-256.269;-256.708;-256.888;-256.935;-255.996;11:43:53
1671;30.0403;29.8329;-256.755;-256.262;-256.708;-256.895;-256.95;-255.996;11:43:53
1672;30.0363;29.8329;-256.755;-256.269;-256.708;-256.895;-256.935;-255.996;11:43:54
1673;30.0363;29.8329;-256.755;-256.262;-256.708;-256.895;-256.942;-255.996;11:43:54
1674;30.0363;29.8329;-256.755;-256.269;-256.708;-256.888;-256.942;-255.996;11:43:55
1675;30.0403;29.8329;-256.755;-256.269;-256.715;-256.895;-256.935;-255.996;11:43:55
1676;30.0324;29.8329;-256.755;-256.262;-256.708;-256.888;-256.942;-256.003;11:43:56
1677;30.0363;29.8407;-256.751;-256.269;-256.715;-256.895;-256.935;-255.996;11:43:56
1678;30.0403;29.8407;-256.755;-256.262;-256.715;-256.895;-256.942;-255.996;11:43:57
1679;30.0363;29.8485;-256.755;-256.269;-256.708;-256.903;-256.942;-255.996;11:43:57
1680;30.0363;29.8407;-256.751;-256.269;-256.715;-256.895;-256.935;-256.003;11:43:58
1681;30.0363;29.8407;-256.755;-256.262;-256.715;-256.888;-256.935;-255.996;11:43:58
1682;30.0363;29.8485;-256.751;-256.269;-256.708;-256.895;-256.942;-256.003;11:43:59
1683;30.0324;29.8407;-256.751;-256.269;-256.715;-256.895;-256.942;-255.996;11:43:59
1684;30.0324;29.8407;-256.747;-256.262;-256.708;-256.895;-256.935;-255.996;11:44:00
1685;30.0363;29.8407;-256.751;-256.269;-256.715;-256.888;-256.935;-256.003;11:44:00
1686;30.0324;29.8407;-256.751;-256.262;-256.715;-256.895;-256.942;-255.996;11:44:01
1687;30.0324;29.8407;-256.755;-256.262;-256.715;-256.888;-256.942;-256.003;11:44:01
1688;30.0324;29.8407;-256.751;-256.262;-256.715;-256.895;-256.935;-255.996;11:44:02
1689;30.0363;29.8407;-256.751;-256.262;-256.715;-256.895;-256.935;-255.996;11:44:02
1690;30.0363;29.8407;-256.751;-256.269;-256.708;-256.895;-256.935;-255.996;11:44:03
1691;30.0363;29.8407;-256.751;-256.262;-256.715;-256.888;-256.935;-255.996;11:44:03
1692;30.0363;29.8407;-256.751;-256.269;-256.708;-256.895;-256.942;-255.996;11:44:04
1693;30.0363;29.8485;-256.751;-256.262;-256.708;-256.888;-256.942;-255.988;11:44:04
1694;30.0363;29.8407;-256.751;-256.262;-256.708;-256.895;-256.95;-255.996;11:44:05
1695;30.0363;29.8485;-256.755;-256.262;-256.715;-256.888;-256.942;-255.988;11:44:05
1696;30.0403;29.8407;-256.755;-256.262;-256.708;-256.895;-256.942;-255.996;11:44:06
1697;30.0403;29.8407;-256.755;-256.269;-256.715;-256.888;-256.935;-255.996;11:44:06
1698;30.0403;29.8485;-256.755;-256.269;-256.708;-256.888;-256.935;-255.988;11:44:07
1699;30.0363;29.8407;-256.751;-256.262;-256.715;-256.895;-256.935;-255.996;11:44:07
1700;30.0403;29.8329;-256.747;-256.262;-256.715;-256.888;-256.942;-255.996;11:44:08
1701;30.0363;29.8485;-256.755;-256.269;-256.708;-256.903;-256.927;-255.996;11:44:08
1702;30.0442;29.8485;-256.751;-256.269;-256.715;-256.888;-256.935;-255.996;11:44:09
1703;30.0363;29.8525;-256.751;-256.262;-256.715;-256.895;-256.942;-256.003;11:44:09
1704;30.0403;29.8485;-256.747;-256.269;-256.723;-256.895;-256.935;-255.996;11:44:10
1705;30.0363;29.8485;-256.751;-256.262;-256.715;-256.895;-256.95;-255.988;11:44:10
1706;30.0403;29.8525;-256.755;-256.269;-256.708;-256.903;-256.942;-255.996;11:44:11
1707;30.0403;29.8485;-256.751;-256.262;-256.715;-256.888;-256.942;-255.996;11:44:11
1708;30.0403;29.8525;-256.751;-256.269;-256.715;-256.895;-256.942;-255.996;11:44:12
1709;30.0403;29.8485;-256.755;-256.262;-256.715;-256.895;-256.95;-255.996;11:44:12
1710;30.0403;29.8525;-256.751;-256.262;-256.708;-256.895;-256.935;-255.996;11:44:13
1711;30.0403;29.8485;-256.751;-256.254;-256.715;-256.895;-256.95;-255.996;11:44:13
1712;30.0403;29.8485;-256.751;-256.262;-256.723;-256.895;-256.95;-255.996;11:44:14
1713;30.0403;29.8485;-256.755;-256.262;-256.715;-256.903;-256.95;-255.996;11:44:14
1714;30.0403;29.8525;-256.751;-256.262;-256.715;-256.895;-256.942;-256.003;11:44:15
1715;30.0363;29.8485;-256.755;-256.262;-256.723;-256.895;-256.935;-255.996;11:44:15
1716;30.0363;29.8485;-256.755;-256.262;-256.715;-256.903;-256.935;-256.003;11:44:16
1717;30.0324;29.8525;-256.755;-256.262;-256.708;-256.895;-256.942;-255.996;11:44:16
1718;30.0363;29.8485;-256.751;-256.262;-256.715;-256.903;-256.935;-255.996;11:44:17
1719;30.0363;29.8485;-256.751;-256.262;-256.723;-256.895;-256.935;-255.996;11:44:17
1720;30.0363;29.8525;-256.751;-256.262;-256.708;-256.903;-256.935;-255.996;11:44:18
1721;30.0324;29.8368;-256.747;-256.262;-256.715;-256.895;-256.935;-256.003;11:44:18
1722;30.0363;29.8525;-256.751;-256.269;-256.708;-256.895;-256.942;-255.988;11:44:19
1723;30.0324;29.8407;-256.751;-256.254;-256.715;-256.895;-256.935;-255.996;11:44:19
1724;30.0363;29.8485;-256.751;-256.262;-256.708;-256.895;-256.95;-255.996;11:44:20
1725;30.0363;29.8485;-256.735;-256.262;-256.715;-256.895;-256.935;-255.996;11:44:20
1726;30.0403;29.8485;-256.739;-256.262;-256.715;-256.895;-256.942;-255.996;11:44:21
1727;30.0363;29.8485;-256.743;-256.262;-256.715;-256.895;-256.942;-255.996;11:44:21
1728;30.0403;29.8485;-256.747;-256.262;-256.715;-256.903;-256.942;-255.996;11:44:22
1729;30.0363;29.8525;-256.747;-256.262;-256.715;-256.895;-256.935;-256.003;11:44:22
1730;30.0403;29.8485;-256.747;-256.254;-256.715;-256.895;-256.942;-256.003;11:44:23
1731;30.0403;29.8525;-256.743;-256.269;-256.715;-256.895;-256.942;-256.003;11:44:23
1732;30.0403;29.8525;-256.747;-256.262;-256.715;-256.895;-256.942;-256.003;11:44:24
1733;30.0403;29.8525;-256.747;-256.262;-256.715;-256.895;-256.942;-255.996;11:44:24
1734;30.0403;29.8485;-256.747;-256.262;-256.715;-256.903;-256.95;-255.988;11:44:25
1735;30.0403;29.8525;-256.747;-256.262;-256.708;-256.895;-256.942;-255.988;11:44:25
1736;30.0403;29.8485;-256.747;-256.269;-256.723;-256.895;-256.95;-255.988;11:44:26
1737;30.0403;29.8485;-256.743;-256.262;-256.715;-256.895;-256.942;-255.98;11:44:26
1738;30.0403;29.8525;-256.747;-256.262;-256.715;-256.903;-256.95;-255.988;11:44:27
1739;30.0403;29.8525;-256.751;-256.269;-256.715;-256.895;-256.942;-255.988;11:44:27
1740;30.0403;29.8485;-256.747;-256.262;-256.715;-256.903;-256.942;-255.98;11:44:28
1741;30.0403;29.8525;-256.747;-256.269;-256.715;-256.895;-256.942;-255.988;11:44:28
1742;30.0403;29.8407;-256.747;-256.262;-256.715;-256.903;-256.942;-255.988;11:44:29
1743;30.0363;29.8485;-256.751;-256.262;-256.708;-256.903;-256.942;-255.988;11:44:29
1744;30.0403;29.8485;-256.743;-256.262;-256.715;-256.895;-256.942;-255.98;11:44:30
1745;30.0363;29.8485;-256.747;-256.269;-256.708;-256.895;-256.942;-255.988;11:44:30
1746;30.0403;29.8407;-256.747;-256.262;-256.715;-256.903;-256.942;-255.988;11:44:31
1747;30.0363;29.8485;-256.751;-256.262;-256.715;-256.895;-256.942;-255.988;11:44:31
1748;30.0403;29.8485;-256.755;-256.262;-256.708;-256.895;-256.942;-255.98;11:44:32
1749;30.0403;29.8485;-256.755;-256.262;-256.715;-256.895;-256.942;-255.988;11:44:32
1750;30.0363;29.8485;-256.751;-256.254;-256.715;-256.895;-256.942;-255.988;11:44:33
1751;30.0403;29.8485;-256.751;-256.262;-256.723;-256.895;-256.942;-255.988;11:44:33
1752;30.0442;29.8485;-256.755;-256.254;-256.715;-256.895;-256.942;-255.98;11:44:34
1753;30.0403;29.8525;-256.751;-256.262;-256.715;-256.895;-256.95;-255.988;11:44:34
1754;30.0403;29.8525;-256.751;-256.254;-256.715;-256.888;-256.95;-255.988;11:44:35
1755;30.0442;29.8485;-256.755;-256.254;-256.715;-256.895;-256.942;-255.996;11:44:35
1756;30.0363;29.8525;-256.747;-256.254;-256.715;-256.895;-256.942;-255.988;11:44:36
1757;30.0403;29.8525;-256.751;-256.262;-256.715;-256.895;-256.942;-255.988;11:44:36
1758;30.0403;29.8525;-256.747;-256.262;-256.708;-256.888;-256.95;-255.988;11:44:37
1759;30.0403;29.8525;-256.751;-256.254;-256.715;-256.895;-256.942;-255.996;11:44:37
1760;30.0403;29.8525;-256.751;-256.262;-256.723;-256.888;-256.942;-255.988;11:44:38
1761;30.0442;29.8525;-256.751;-256.262;-256.715;-256.888;-256.95;-255.988;11:44:38
1762;30.0442;29.8525;-256.751;-256.254;-256.715;-256.888;-256.942;-255.98;11:44:39
1763;30.0442;29.8525;-256.747;-256.254;-256.715;-256.895;-256.95;-255.98;11:44:39
1764;30.0442;29.8564;-256.747;-256.254;-256.715;-256.888;-256.942;-255.988;11:44:40
1765;30.052;29.8525;-256.747;-256.254;-256.723;-256.895;-256.942;-255.98;11:44:40
1766;30.0442;29.8485;-256.755;-256.262;-256.715;-256.903;-256.942;-255.988;11:44:41
1767;30.0442;29.8525;-256.751;-256.262;-256.715;-256.895;-256.942;-255.98;11:44:41
1768;30.0442;29.8485;-256.751;-256.254;-256.708;-256.895;-256.942;-255.988;11:44:42
1769;30.0403;29.8525;-256.751;-256.254;-256.715;-256.895;-256.95;-255.98;11:44:42
1770;30.0442;29.8525;-256.751;-256.254;-256.715;-256.895;-256.935;-255.98;11:44:43
1771;30.0403;29.8525;-256.751;-256.254;-256.708;-256.895;-256.942;-255.988;11:44:43
1772;30.0403;29.8525;-256.747;-256.262;-256.708;-256.895;-256.942;-255.98;11:44:44
1773;30.0363;29.8485;-256.751;-256.254;-256.715;-256.895;-256.942;-255.98;11:44:44
1774;30.0363;29.8485;-256.755;-256.254;-256.715;-256.895;-256.95;-255.988;11:44:45
1775;30.0363;29.8485;-256.751;-256.254;-256.723;-256.903;-256.95;-255.98;11:44:45
1776;30.0324;29.8485;-256.751;-256.262;-256.723;-256.895;-256.935;-255.988;11:44:46
1777;30.0285;29.8485;-256.751;-256.262;-256.715;-256.895;-256.942;-255.98;11:44:46
1778;30.0285;29.8407;-256.751;-256.254;-256.715;-256.895;-256.942;-255.988;11:44:47
1779;30.0285;29.8485;-256.751;-256.262;-256.715;-256.895;-256.95;-255.988;11:44:47
1780;30.0324;29.8407;-256.755;-256.254;-256.723;-256.895;-256.942;-255.98;11:44:48
1781;30.0246;29.8407;-256.747;-256.254;-256.715;-256.895;-256.935;-255.98;11:44:48
1782;30.0246;29.8329;-256.751;-256.262;-256.715;-256.895;-256.95;-255.98;11:44:49
1783;30.0168;29.8329;-256.751;-256.262;-256.715;-256.895;-256.95;-255.988;11:44:49
1784;30.0168;29.8329;-256.751;-256.262;-256.715;-256.895;-256.942;-255.98;11:44:50
1785;30.009;29.8251;-256.751;-256.262;-256.723;-256.888;-256.942;-255.98;11:44:50
1786;30.009;29.8329;-256.755;-256.254;-256.715;-256.895;-256.942;-255.988;11:44:51
1787;30.009;29.8329;-256.755;-256.262;-256.708;-256.888;-256.942;-255.98;11:44:51
1788;30.0011;29.8251;-256.755;-256.254;-256.715;-256.895;-256.942;-255.98;11:44:52
1789;30.009;29.8251;-256.755;-256.254;-256.715;-256.895;-256.942;-255.988;11:44:52
1790;30.009;29.8251;-256.755;-256.254;-256.715;-256.895;-256.942;-255.988;11:44:53
1791;30.0011;29.8172;-256.751;-256.262;-256.715;-256.895;-256.942;-255.98;11:44:53
1792;30.0011;29.8172;-256.751;-256.254;-256.708;-256.895;-256.935;-255.988;11:44:54
1793;30.0011;29.8094;-256.751;-256.262;-256.715;-256.895;-256.95;-255.98;11:44:54
1794;29.9933;29.8172;-256.755;-256.262;-256.708;-256.895;-256.958;-255.98;11:44:55
1795;29.9933;29.8172;-256.755;-256.254;-256.715;-256.895;-256.95;-255.98;11:44:55
1796;29.9855;29.8094;-256.755;-256.262;-256.715;-256.895;-256.942;-255.988;11:44:56
1797;29.9855;29.8094;-256.755;-256.262;-256.715;-256.895;-256.942;-255.98;11:44:56
1798;29.9855;29.8094;-256.751;-256.254;-256.715;-256.903;-256.942;-255.988;11:44:57
1799;29.9777;29.8094;-256.755;-256.254;-256.715;-256.895;-256.95;-255.98;11:44:57
1800;29.9777;29.8094;-256.755;-256.262;-256.715;-256.895;-256.942;-255.988;11:44:58
1801;29.9855;29.8094;-256.751;-256.262;-256.715;-256.895;-256.95;-255.98;11:44:58
1802;29.9855;29.8172;-256.755;-256.254;-256.708;-256.895;-256.942;-255.98;11:44:59
1803;29.9855;29.8094;-256.755;-256.262;-256.723;-256.88;-256.95;-255.98;11:44:59
1804;29.9933;29.8172;-256.755;-256.254;-256.715;-256.888;-256.95;-255.98;11:45:00
1805;29.9855;29.8172;-256.751;-256.258;-256.715;-256.895;-256.942;-255.988;11:45:00
1806;29.9855;29.8094;-256.751;-256.262;-256.715;-256.895;-256.942;-255.98;11:45:01
1807;29.9933;29.8016;-256.751;-256.262;-256.715;-256.895;-256.942;-255.988;11:45:01
1808;29.9933;29.8094;-256.751;-256.262;-256.723;-256.895;-256.942;-255.98;11:45:02
1809;29.9933;29.8016;-256.751;-256.262;-256.715;-256.903;-256.942;-255.988;11:45:02
1810;29.9933;29.8094;-256.751;-256.262;-256.708;-256.895;-256.95;-255.98;11:45:03
1811;29.9933;29.8094;-256.747;-256.262;-256.723;-256.895;-256.942;-255.98;11:45:03
1812;29.9933;29.8094;-256.751;-256.262;-256.715;-256.888;-256.935;-255.98;11:45:04
1813;29.9933;29.8094;-256.747;-256.262;-256.715;-256.895;-256.942;-255.988;11:45:04
1814;29.9933;29.8094;-256.755;-256.262;-256.715;-256.895;-256.942;-255.988;11:45:05
1815;29.9855;29.8016;-256.751;-256.269;-256.708;-256.895;-256.95;-255.988;11:45:05
1816;29.9855;29.8172;-256.751;-256.262;-256.715;-256.888;-256.95;-255.98;11:45:06
1817;29.9855;29.8094;-256.751;-256.262;-256.715;-256.903;-256.942;-255.988;11:45:06
1818;29.9855;29.8094;-256.751;-256.262;-256.715;-256.895;-256.935;-255.988;11:45:07
1819;29.9855;29.8016;-256.751;-256.262;-256.715;-256.895;-256.942;-255.988;11:45:07
1820;29.9855;29.8094;-256.751;-256.262;-256.708;-256.888;-256.95;-255.98;11:45:08
1821;29.9855;29.8016;-256.751;-256.254;-256.715;-256.895;-256.95;-255.988;11:45:08
1822;29.9855;29.8094;-256.751;-256.269;-256.715;-256.895;-256.942;-255.988;11:45:09
1823;29.9777;29.8016;-256.747;-256.262;-256.723;-256.895;-256.942;-255.98;11:45:09
1824;29.9855;29.8016;-256.751;-256.262;-256.715;-256.895;-256.942;-255.98;11:45:10
1825;30.0011;29.8016;-256.747;-256.269;-256.715;-256.895;-256.942;-255.996;11:45:10
1826;29.9933;29.8094;-256.755;-256.262;-256.708;-256.895;-256.935;-255.988;11:45:11
1827;29.9933;29.8094;-256.747;-256.254;-256.723;-256.903;-256.95;-255.988;11:45:11
1828;29.9855;29.8016;-256.755;-256.269;-256.715;-256.895;-256.942;-255.988;11:45:12
1829;29.9855;29.8094;-256.751;-256.262;-256.715;-256.895;-256.95;-255.98;11:45:12
1830;29.9933;29.8016;-256.747;-256.262;-256.715;-256.895;-256.95;-255.988;11:45:13
1831;30.0011;29.7938;-256.747;-256.254;-256.723;-256.903;-256.95;-255.996;11:45:13
1832;29.9933;29.8016;-256.751;-256.254;-256.715;-256.895;-256.942;-255.98;11:45:14
1833;29.9855;29.8016;-256.747;-256.262;-256.715;-256.903;-256.942;-255.988;11:45:14
1834;29.9933;29.8016;-256.747;-256.262;-256.715;-256.895;-256.95;-255.988;11:45:15
1835;29.9855;29.8094;-256.747;-256.254;-256.715;-256.903;-256.95;-255.988;11:45:15
1836;30.0011;29.8016;-256.747;-256.262;-256.723;-256.903;-256.95;-255.988;11:45:16
1837;29.9933;29.8172;-256.747;-256.254;-256.715;-256.895;-256.942;-255.98;11:45:16
1838;30.0011;29.8094;-256.747;-256.254;-256.715;-256.895;-256.942;-255.988;11:45:17
1839;29.9933;29.8094;-256.747;-256.262;-256.715;-256.895;-256.95;-255.996;11:45:17
1840;29.9933;29.7938;-256.751;-256.254;-256.723;-256.903;-256.95;-255.988;11:45:18
1841;29.9855;29.8016;-256.747;-256.262;-256.715;-256.888;-256.958;-255.988;11:45:18
1842;29.9933;29.7938;-256.751;-256.262;-256.715;-256.895;-256.95;-255.988;11:45:19
1843;29.9933;29.8016;-256.747;-256.262;-256.715;-256.903;-256.95;-255.988;11:45:19
1844;29.9933;29.8016;-256.755;-256.262;-256.715;-256.895;-256.942;-255.996;11:45:20
1845;29.9933;29.8016;-256.751;-256.262;-256.723;-256.895;-256.95;-255.988;11:45:20
1846;29.9933;29.8094;-256.751;-256.262;-256.715;-256.895;-256.95;-255.996;11:45:21
1847;29.9933;29.8016;-256.747;-256.262;-256.715;-256.903;-256.942;-255.996;11:45:21
1848;30.0011;29.7938;-256.751;-256.262;-256.723;-256.903;-256.942;-255.996;11:45:22
1849;29.9933;29.8016;-256.751;-256.262;-256.715;-256.895;-256.95;-255.988;11:45:22
1850;30.0011;29.7938;-256.751;-256.254;-256.723;-256.903;-256.942;-255.996;11:45:23
1851;30.0011;29.7938;-256.751;-256.254;-256.715;-256.895;-256.942;-255.988;11:45:23
1852;30.0011;29.7938;-256.755;-256.262;-256.723;-256.895;-256.942;-255.988;11:45:24
1853;29.9933;29.7859;-256.755;-256.254;-256.723;-256.895;-256.95;-255.988;11:45:24
1854;29.9933;29.7938;-256.751;-256.254;-256.715;-256.903;-256.935;-255.988;11:45:25
1855;29.9933;29.7938;-256.755;-256.254;-256.723;-256.903;-256.95;-255.988;11:45:25
1856;30.0011;29.7938;-256.755;-256.262;-256.708;-256.903;-256.95;-255.988;11:45:26
1857;30.0011;29.7938;-256.751;-256.262;-256.715;-256.895;-256.942;-255.996;11:45:26
1858;29.9933;29.7938;-256.755;-256.262;-256.708;-256.895;-256.935;-255.988;11:45:27
1859;30.0011;29.8016;-256.751;-256.262;-256.715;-256.903;-256.942;-255.988;11:45:27
1860;30.0011;29.7938;-256.758;-256.262;-256.708;-256.895;-256.942;-255.996;11:45:28
1861;30.009;29.8016;-256.755;-256.262;-256.715;-256.903;-256.942;-255.996;11:45:28
1862;30.0011;29.8016;-256.755;-256.262;-256.715;-256.903;-256.942;-255.996;11:45:29
1863;30.0011;29.8016;-256.755;-256.262;-256.723;-256.895;-256.942;-255.988;11:45:29
1864;30.0011;29.8016;-256.755;-256.262;-256.715;-256.903;-256.942;-255.996;11:45:30
1865;30.009;29.7938;-256.755;-256.262;-256.715;-256.895;-256.95;-255.988;11:45:30
1866;30.009;29.8016;-256.755;-256.262;-256.715;-256.903;-256.942;-255.988;11:45:31
1867;30.0011;29.7938;-256.755;-256.262;-256.708;-256.903;-256.95;-255.988;11:45:31
1868;30.009;29.8016;-256.755;-256.262;-256.715;-256.895;-256.942;-255.988;11:45:32
1869;30.009;29.7938;-256.751;-256.269;-256.708;-256.888;-256.942;-255.996;11:45:32
1870;30.0011;29.8016;-256.751;-256.262;-256.715;-256.895;-256.942;-255.988;11:45:33
1871;30.009;29.8016;-256.751;-256.254;-256.715;-256.895;-256.95;-255.988;11:45:33
1872;30.0011;29.8016;-256.751;-256.262;-256.715;-256.895;-256.942;-255.988;11:45:34
1873;30.009;29.7938;-256.755;-256.262;-256.715;-256.888;-256.935;-255.98;11:45:34
1874;30.009;29.7938;-256.755;-256.262;-256.708;-256.888;-256.942;-255.98;11:45:35
1875;30.009;29.7938;-256.751;-256.262;-256.715;-256.888;-256.935;-255.996;11:45:35
1876;30.0011;29.7938;-256.755;-256.262;-256.708;-256.903;-256.95;-255.988;11:45:36
1877;30.009;29.7938;-256.755;-256.262;-256.715;-256.895;-256.935;-255.988;11:45:36
1878;30.009;29.7938;-256.751;-256.262;-256.715;-256.895;-256.935;-255.988;11:45:37
1879;30.009;29.7938;-256.755;-256.262;-256.715;-256.895;-256.935;-255.988;11:45:37
1880;30.009;29.7938;-256.751;-256.262;-256.715;-256.895;-256.935;-255.988;11:45:38
1881;30.009;29.8016;-256.758;-256.254;-256.715;-256.895;-256.935;-255.988;11:45:38
1882;30.009;29.7938;-256.751;-256.262;-256.708;-256.895;-256.942;-255.988;11:45:39
1883;30.009;29.7938;-256.755;-256.262;-256.708;-256.895;-256.942;-255.98;11:45:39
1884;30.009;29.7938;-256.755;-256.254;-256.715;-256.895;-256.935;-255.988;11:45:40
1885;30.009;29.8016;-256.755;-256.262;-256.715;-256.895;-256.935;-255.988;11:45:40
1886;30.009;29.8016;-256.751;-256.262;-256.715;-256.888;-256.935;-255.988;11:45:41
1887;30.009;29.7938;-256.751;-256.262;-256.708;-256.895;-256.935;-255.996;11:45:41
1888;30.0168;29.8016;-256.751;-256.254;-256.715;-256.888;-256.935;-255.988;11:45:42
1889;30.009;29.7938;-256.751;-256.254;-256.715;-256.888;-256.942;-255.996;11:45:42
1890;30.009;29.7938;-256.755;-256.262;-256.708;-256.895;-256.935;-255.988;11:45:43
1891;30.0168;29.7938;-256.755;-256.262;-256.715;-256.888;-256.942;-255.988;11:45:43
1892;30.009;29.7938;-256.751;-256.254;-256.715;-256.88;-256.95;-255.996;11:45:44
1893;30.009;29.8016;-256.755;-256.262;-256.715;-256.888;-256.935;-255.988;11:45:44
1894;30.0168;29.7938;-256.751;-256.262;-256.715;-256.888;-256.942;-255.988;11:45:45
1895;30.0168;29.7938;-256.751;-256.254;-256.723;-256.888;-256.935;-255.988;11:45:45
1896;30.0168;29.8016;-256.751;-256.262;-256.715;-256.88;-256.942;-255.988;11:45:46
1897;30.0246;29.8016;-256.751;-256.262;-256.715;-256.888;-256.942;-255.988;11:45:46
1898;30.0168;29.8016;-256.747;-256.262;-256.715;-256.888;-256.935;-255.988;11:45:47
1899;30.0168;29.8016;-256.755;-256.262;-256.715;-256.888;-256.95;-255.988;11:45:47
1900;30.0168;29.8016;-256.751;-256.262;-256.715;-256.88;-256.935;-255.988;11:45:48
1901;30.009;29.7938;-256.751;-256.262;-256.715;-256.888;-256.942;-255.988;11:45:48
1902;30.0168;29.7938;-256.747;-256.269;-256.715;-256.888;-256.935;-255.98;11:45:49
1903;30.0168;29.8016;-256.755;-256.262;-256.708;-256.888;-256.942;-255.988;11:45:49
1904;30.0168;29.7938;-256.751;-256.254;-256.715;-256.888;-256.942;-255.988;11:45:50
1905;30.0246;29.7859;-256.751;-256.262;-256.708;-256.895;-256.942;-255.988;11:45:50
1906;30.0168;29.7859;-256.755;-256.254;-256.715;-256.895;-256.942;-255.996;11:45:51
1907;30.009;29.7859;-256.755;-256.262;-256.708;-256.888;-256.942;-255.988;11:45:51
1908;30.0246;29.7781;-256.755;-256.254;-256.723;-256.895;-256.942;-255.996;11:45:52
1909;30.009;29.7859;-256.755;-256.262;-256.715;-256.888;-256.942;-255.988;11:45:52
1910;30.009;29.7938;-256.755;-256.254;-256.715;-256.895;-256.942;-255.98;11:45:53
1911;30.009;29.7938;-256.755;-256.254;-256.715;-256.888;-256.935;-255.988;11:45:53
1912;30.009;29.7938;-256.751;-256.254;-256.715;-256.888;-256.935;-255.98;11:45:54
1913;30.009;29.7859;-256.755;-256.254;-256.708;-256.888;-256.942;-255.996;11:45:54
1914;30.0168;29.7938;-256.751;-256.262;-256.715;-256.888;-256.942;-255.988;11:45:55
1915;30.0011;29.7938;-256.755;-256.262;-256.715;-256.895;-256.942;-255.98;11:45:55
1916;30.009;29.7938;-256.751;-256.254;-256.715;-256.88;-256.942;-255.988;11:45:56
1917;30.0011;29.7938;-256.755;-256.254;-256.715;-256.895;-256.935;-255.996;11:45:56
1918;30.0011;29.7938;-256.755;-256.262;-256.723;-256.888;-256.935;-255.988;11:45:57
1919;30.0011;29.7938;-256.755;-256.262;-256.715;-256.895;-256.935;-255.988;11:45:57
1920;30.0011;29.7938;-256.751;-256.262;-256.715;-256.895;-256.942;-255.988;11:45:58
1921;30.0011;29.8016;-256.751;-256.262;-256.723;-256.888;-256.942;-255.996;11:45:58
1922;30.0011;29.7938;-256.751;-256.262;-256.715;-256.903;-256.95;-255.996;11:45:59
1923;30.0011;29.8016;-256.747;-256.262;-256.715;-256.895;-256.935;-255.988;11:45:59
1924;30.0011;29.7938;-256.751;-256.262;-256.723;-256.895;-256.942;-255.996;11:46:00
1925;30.0011;29.7938;-256.755;-256.262;-256.715;-256.903;-256.942;-255.996;11:46:00
1926;30.0011;29.7938;-256.751;-256.262;-256.715;-256.895;-256.935;-255.996;11:46:01
1927;30.009;29.7938;-256.751;-256.262;-256.715;-256.895;-256.942;-255.996;11:46:01
1928;30.0011;29.8016;-256.751;-256.262;-256.715;-256.888;-256.942;-256.003;11:46:02
1929;30.009;29.8016;-256.755;-256.262;-256.715;-256.895;-256.942;-255.988;11:46:02
1930;30.009;29.8016;-256.747;-256.262;-256.715;-256.895;-256.942;-255.996;11:46:03
1931;30.009;29.7938;-256.751;-256.262;-256.715;-256.888;-256.935;-255.988;11:46:03
1932;30.0011;29.7938;-256.755;-256.262;-256.708;-256.895;-256.942;-255.996;11:46:04
1933;30.009;29.7938;-256.755;-256.262;-256.715;-256.895;-256.935;-255.988;11:46:04
1934;30.009;29.7938;-256.755;-256.254;-256.715;-256.895;-256.935;-255.988;11:46:05
1935;30.0168;29.7938;-256.755;-256.262;-256.715;-256.895;-256.942;-255.988;11:46:05
1936;30.0168;29.8016;-256.751;-256.254;-256.708;-256.895;-256.935;-255.996;11:46:06
1937;30.0168;29.8016;-256.755;-256.254;-256.708;-256.895;-256.935;-255.98;11:46:06
1938;30.0168;29.7938;-256.751;-256.262;-256.708;-256.903;-256.942;-255.988;11:46:07
1939;30.0168;29.8016;-256.751;-256.262;-256.708;-256.895;-256.942;-255.988;11:46:07
1940;30.009;29.8016;-256.751;-256.262;-256.715;-256.888;-256.935;-255.988;11:46:08
1941;30.0011;29.7938;-256.755;-256.254;-256.708;-256.895;-256.935;-255.988;11:46:08
1942;30.0011;29.7938;-256.755;-256.265;-256.715;-256.888;-256.935;-255.988;11:46:09
1943;30.0011;29.8016;-256.751;-256.262;-256.708;-256.888;-256.935;-255.996;11:46:09
1944;30.009;29.7938;-256.755;-256.254;-256.715;-256.888;-256.935;-255.98;11:46:10
1945;30.009;29.7938;-256.755;-256.269;-256.715;-256.888;-256.935;-255.988;11:46:10
1946;30.009;29.8016;-256.755;-256.262;-256.708;-256.888;-256.942;-255.996;11:46:11
1947;30.0168;29.7938;-256.751;-256.262;-256.715;-256.888;-256.935;-255.988;11:46:11
1948;30.0168;29.8016;-256.755;-256.269;-256.715;-256.895;-256.942;-255.988;11:46:12
1949;30.0168;29.7938;-256.755;-256.262;-256.708;-256.895;-256.935;-255.988;11:46:12
1950;30.0168;29.7938;-256.751;-256.262;-256.708;-256.895;-256.935;-255.996;11:46:13
1951;30.0168;29.8016;-256.755;-256.269;-256.715;-256.895;-256.942;-255.988;11:46:13
1952;30.0168;29.8016;-256.755;-256.262;-256.715;-256.895;-256.935;-255.996;11:46:14
1953;30.0246;29.8016;-256.751;-256.262;-256.715;-256.895;-256.935;-255.988;11:46:14
1954;30.0246;29.8016;-256.751;-256.254;-256.708;-256.895;-256.942;-255.988;11:46:15
1955;30.0246;29.8016;-256.751;-256.262;-256.708;-256.895;-256.935;-255.98;11:46:15
1956;30.0168;29.8094;-256.747;-256.262;-256.723;-256.895;-256.942;-255.988;11:46:16
1957;30.0246;29.8016;-256.751;-256.262;-256.715;-256.895;-256.935;-255.988;11:46:16
1958;30.0246;29.8016;-256.751;-256.269;-256.715;-256.895;-256.935;-255.988;11:46:17
1959;30.0168;29.8094;-256.751;-256.262;-256.715;-256.895;-256.927;-255.988;11:46:17
1960;30.0168;29.8016;-256.747;-256.269;-256.708;-256.895;-256.935;-255.996;11:46:18
1961;30.0246;29.8016;-256.747;-256.262;-256.715;-256.895;-256.935;-255.988;11:46:18
1962;30.0246;29.8016;-256.751;-256.269;-256.715;-256.895;-256.942;-255.988;11:46:19
1963;30.0246;29.8094;-256.755;-256.262;-256.708;-256.895;-256.935;-255.988;11:46:19
1964;30.0246;29.8016;-256.747;-256.269;-256.715;-256.895;-256.95;-255.996;11:46:20
1965;30.0246;29.8016;-256.751;-256.262;-256.715;-256.903;-256.95;-255.988;11:46:20
1966;30.0168;29.8016;-256.755;-256.269;-256.708;-256.903;-256.942;-255.996;11:46:21
1967;30.0168;29.8016;-256.747;-256.262;-256.715;-256.895;-256.95;-255.988;11:46:21
1968;30.0168;29.8094;-256.747;-256.269;-256.715;-256.903;-256.942;-255.996;11:46:22
1969;30.0168;29.8016;-256.755;-256.254;-256.723;-256.895;-256.942;-255.988;11:46:22
1970;30.0168;29.8016;-256.747;-256.269;-256.708;-256.895;-256.942;-255.988;11:46:23
1971;30.0168;29.8016;-256.755;-256.262;-256.715;-256.903;-256.942;-255.988;11:46:23
1972;30.0246;29.7938;-256.755;-256.262;-256.715;-256.895;-256.942;-255.98;11:46:24
1973;30.0246;29.7938;-256.751;-256.269;-256.715;-256.895;-256.935;-255.988;11:46:24
1974;30.0168;29.8016;-256.755;-256.262;-256.715;-256.895;-256.935;-255.988;11:46:25
1975;30.0168;29.8094;-256.758;-256.262;-256.715;-256.903;-256.935;-255.988;11:46:25
1976;30.0168;29.8094;-256.755;-256.269;-256.715;-256.888;-256.942;-255.98;11:46:26
1977;30.0168;29.8016;-256.751;-256.262;-256.715;-256.895;-256.927;-255.988;11:46:26
1978;30.0168;29.8016;-256.755;-256.269;-256.715;-256.895;-256.927;-255.988;11:46:27
1979;30.0246;29.8094;-256.755;-256.262;-256.708;-256.895;-256.935;-255.98;11:46:27
1980;30.0168;29.8094;-256.755;-256.262;-256.715;-256.903;-256.927;-255.988;11:46:28
1981;30.009;29.8016;-256.758;-256.262;-256.715;-256.895;-256.935;-255.988;11:46:28
1982;30.0168;29.8016;-256.755;-256.269;-256.708;-256.903;-256.935;-255.988;11:46:29
1983;30.0168;29.8016;-256.755;-256.269;-256.708;-256.895;-256.935;-255.98;11:46:29
1984;30.0168;29.8016;-256.755;-256.262;-256.708;-256.895;-256.935;-255.988;11:46:30
1985;30.009;29.8016;-256.751;-256.262;-256.715;-256.903;-256.935;-255.988;11:46:30
1986;30.009;29.7938;-256.751;-256.262;-256.715;-256.903;-256.942;-255.98;11:46:31
1987;30.009;29.8016;-256.747;-256.262;-256.708;-256.895;-256.927;-255.972;11:46:31
1988;30.0168;29.7938;-256.747;-256.262;-256.715;-256.903;-256.935;-255.988;11:46:32
1989;30.009;29.7938;-256.743;-256.269;-256.715;-256.895;-256.935;-255.988;11:46:32
1990;30.009;29.7938;-256.735;-256.262;-256.715;-256.895;-256.935;-255.98;11:46:33
1991;30.009;29.7938;-256.747;-256.262;-256.715;-256.903;-256.942;-255.988;11:46:33
1992;30.0168;29.7938;-256.747;-256.269;-256.715;-256.895;-256.935;-255.988;11:46:34
1993;30.0168;29.7938;-256.751;-256.262;-256.708;-256.903;-256.935;-255.98;11:46:34
1994;30.0168;29.7938;-256.751;-256.269;-256.708;-256.895;-256.942;-255.988;11:46:35
1995;30.0168;29.7938;-256.751;-256.262;-256.715;-256.903;-256.935;-255.988;11:46:35
1996;30.009;29.7938;-256.747;-256.269;-256.715;-256.903;-256.942;-255.996;11:46:36
1997;30.0168;29.7938;-256.747;-256.262;-256.708;-256.888;-256.935;-255.988;11:46:36
1998;30.0168;29.7938;-256.755;-256.262;-256.715;-256.903;-256.927;-255.988;11:46:37
1999;30.009;29.8016;-256.751;-256.262;-256.715;-256.895;-256.942;-255.996;11:46:37
2000;30.0168;29.8016;-256.751;-256.262;-256.715;-256.895;-256.935;-255.988;11:46:38
2001;30.0168;29.8094;-256.751;-256.262;-256.715;-256.903;-256.935;-255.996;11:46:38
2002;30.0246;29.8016;-256.751;-256.262;-256.715;-256.895;-256.95;-255.988;11:46:39
2003;30.0246;29.8016;-256.755;-256.269;-256.708;-256.903;-256.935;-255.988;11:46:39
2004;30.0246;29.8094;-256.755;-256.269;-256.715;-256.895;-256.935;-255.996;11:46:40
2005;30.0285;29.8016;-256.755;-256.262;-256.715;-256.895;-256.935;-255.988;11:46:40
2006;30.0246;29.8016;-256.751;-256.269;-256.708;-256.895;-256.935;-255.988;11:46:41
2007;30.0246;29.8016;-256.755;-256.262;-256.715;-256.895;-256.927;-255.988;11:46:41
2008;30.0246;29.8094;-256.755;-256.262;-256.715;-256.903;-256.935;-255.996;11:46:42
2009;30.0285;29.8016;-256.755;-256.262;-256.715;-256.895;-256.935;-255.996;11:46:42
2010;30.0246;29.8094;-256.758;-256.262;-256.715;-256.895;-256.942;-255.996;11:46:43
2011;30.0246;29.8016;-256.751;-256.269;-256.708;-256.895;-256.942;-255.988;11:46:43
2012;30.0246;29.8094;-256.755;-256.262;-256.715;-256.903;-256.935;-255.996;11:46:44
2013;30.0285;29.8094;-256.751;-256.262;-256.723;-256.903;-256.942;-255.996;11:46:44
2014;30.0246;29.8094;-256.755;-256.262;-256.715;-256.903;-256.935;-255.98;11:46:45
2015;30.0246;29.8016;-256.758;-256.262;-256.715;-256.903;-256.935;-255.996;11:46:45
2016;30.0246;29.8094;-256.751;-256.262;-256.715;-256.903;-256.942;-255.996;11:46:46
2017;30.0246;29.8172;-256.755;-256.269;-256.715;-256.903;-256.95;-255.996;11:46:46
2018;30.0246;29.8016;-256.751;-256.269;-256.715;-256.895;-256.942;-255.996;11:46:47
2019;30.0246;29.8094;-256.751;-256.269;-256.708;-256.903;-256.942;-255.996;11:46:47
2020;30.0246;29.8094;-256.755;-256.269;-256.715;-256.895;-256.95;-255.996;11:46:48
2021;30.0246;29.8016;-256.751;-256.269;-256.708;-256.895;-256.942;-255.996;11:46:48
2022;30.0246;29.8094;-256.755;-256.269;-256.715;-256.895;-256.935;-255.988;11:46:49
2023;30.0168;29.8016;-256.755;-256.269;-256.708;-256.895;-256.935;-255.996;11:46:49
2024;30.0246;29.8016;-256.755;-256.269;-256.708;-256.895;-256.935;-255.996;11:46:50
2025;30.0168;29.8016;-256.758;-256.269;-256.708;-256.895;-256.95;-255.988;11:46:50
2026;30.0168;29.7938;-256.755;-256.269;-256.715;-256.895;-256.942;-255.988;11:46:51
2027;30.0246;29.8094;-256.755;-256.269;-256.708;-256.895;-256.935;-255.988;11:46:51
2028;30.009;29.8094;-256.758;-256.269;-256.715;-256.903;-256.942;-255.996;11:46:52
2029;30.0168;29.8094;-256.755;-256.262;-256.708;-256.888;-256.935;-255.988;11:46:52
2030;30.009;29.8094;-256.751;-256.269;-256.715;-256.895;-256.942;-255.988;11:46:53
2031;30.0168;29.8016;-256.755;-256.269;-256.715;-256.895;-256.942;-255.996;11:46:53
2032;30.0168;29.8094;-256.751;-256.262;-256.715;-256.895;-256.942;-255.988;11:46:54
2033;30.009;29.8094;-256.755;-256.269;-256.715;-256.888;-256.942;-255.988;11:46:54
2034;30.009;29.8016;-256.755;-256.262;-256.708;-256.895;-256.935;-255.988;11:46:55
2035;30.0011;29.8094;-256.751;-256.262;-256.715;-256.895;-256.942;-255.996;11:46:55
2036;30.009;29.8094;-256.755;-256.269;-256.708;-256.903;-256.935;-255.996;11:46:56
2037;30.009;29.8094;-256.751;-256.262;-256.715;-256.895;-256.935;-255.988;11:46:56
2038;30.0011;29.8172;-256.755;-256.269;-256.715;-256.895;-256.942;-255.996;11:46:57
2039;30.0011;29.8016;-256.751;-256.262;-256.708;-256.895;-256.935;-255.988;11:46:57
2040;30.009;29.8094;-256.755;-256.269;-256.715;-256.895;-256.935;-255.996;11:46:58
2041;30.0011;29.8094;-256.755;-256.262;-256.715;-256.895;-256.935;-255.996;11:46:58
2042;30.009;29.8172;-256.755;-256.269;-256.715;-256.895;-256.935;-255.996;11:46:59
2043;30.009;29.8172;-256.755;-256.269;-256.715;-256.888;-256.927;-255.996;11:46:59
2044;30.0168;29.8172;-256.758;-256.269;-256.723;-256.895;-256.935;-255.996;11:47:00
2045;30.0168;29.8172;-256.755;-256.269;-256.723;-256.888;-256.942;-255.996;11:47:00
2046;30.0168;29.8172;-256.755;-256.269;-256.715;-256.895;-256.935;-255.996;11:47:01
2047;30.0246;29.8094;-256.758;-256.269;-256.723;-256.895;-256.942;-255.996;11:47:01
2048;30.009;29.8172;-256.755;-256.262;-256.708;-256.895;-256.935;-255.988;11:47:02
2049;30.0246;29.8094;-256.758;-256.269;-256.723;-256.888;-256.935;-255.996;11:47:02
2050;30.0168;29.8172;-256.758;-256.269;-256.715;-256.895;-256.935;-255.996;11:47:03
2051;30.0168;29.8094;-256.755;-256.262;-256.715;-256.895;-256.942;-255.988;11:47:03
2052;30.009;29.8172;-256.755;-256.262;-256.715;-256.888;-256.935;-255.996;11:47:04
2053;30.0168;29.8094;-256.755;-256.269;-256.715;-256.895;-256.942;-255.996;11:47:04
2054;30.0168;29.8094;-256.755;-256.262;-256.715;-256.888;-256.935;-255.988;11:47:05
2055;30.009;29.8172;-256.755;-256.262;-256.723;-256.895;-256.935;-255.988;11:47:05
2056;30.0168;29.8094;-256.758;-256.269;-256.715;-256.895;-256.95;-255.988;11:47:06
2057;30.0168;29.8094;-256.755;-256.269;-256.723;-256.895;-256.935;-255.996;11:47:06
2058;30.009;29.8094;-256.755;-256.269;-256.715;-256.895;-256.942;-255.988;11:47:07
2059;30.0168;29.8094;-256.758;-256.262;-256.715;-256.888;-256.935;-255.996;11:47:07
2060;30.0246;29.8172;-256.751;-256.269;-256.715;-256.895;-256.942;-255.996;11:47:08
2061;30.0246;29.8094;-256.755;-256.269;-256.715;-256.895;-256.942;-255.996;11:47:08
2062;30.0246;29.8094;-256.751;-256.262;-256.723;-256.895;-256.942;-255.988;11:47:09
2063;30.0246;29.8094;-256.755;-256.269;-256.715;-256.895;-256.942;-255.996;11:47:09
2064;30.0246;29.8172;-256.755;-256.262;-256.723;-256.895;-256.942;-255.996;11:47:10
2065;30.0168;29.8172;-256.751;-256.269;-256.715;-256.895;-256.935;-255.996;11:47:10
2066;30.0168;29.8172;-256.743;-256.262;-256.715;-256.895;-256.95;-255.988;11:47:11
2067;30.0168;29.8172;-256.747;-256.269;-256.715;-256.895;-256.935;-255.988;11:47:11
2068;30.0168;29.8172;-256.747;-256.269;-256.715;-256.903;-256.935;-255.988;11:47:12
2069;30.0168;29.8251;-256.747;-256.269;-256.708;-256.895;-256.927;-255.988;11:47:12
2070;30.0246;29.8172;-256.747;-256.269;-256.708;-256.895;-256.942;-255.988;11:47:13
2071;30.0246;29.8251;-256.747;-256.262;-256.715;-256.895;-256.927;-255.988;11:47:13
2072;30.0168;29.8172;-256.747;-256.269;-256.715;-256.895;-256.935;-255.996;11:47:14
2073;30.0168;29.8251;-256.747;-256.262;-256.715;-256.895;-256.927;-255.996;11:47:14
2074;30.0246;29.8172;-256.747;-256.262;-256.708;-256.895;-256.927;-255.996;11:47:15
2075;30.0168;29.8172;-256.747;-256.262;-256.715;-256.895;-256.927;-255.996;11:47:15
2076;30.0168;29.8251;-256.751;-256.262;-256.715;-256.895;-256.935;-255.996;11:47:16
2077;30.0168;29.8251;-256.747;-256.254;-256.708;-256.895;-256.927;-256.003;11:47:16
2078;30.0168;29.8251;-256.743;-256.262;-256.708;-256.895;-256.935;-255.996;11:47:17
2079;30.009;29.8329;-256.747;-256.262;-256.715;-256.895;-256.927;-255.996;11:47:17
2080;30.0246;29.8251;-256.743;-256.262;-256.708;-256.903;-256.927;-255.996;11:47:18
2081;30.009;29.8251;-256.747;-256.262;-256.708;-256.895;-256.935;-255.996;11:47:18
2082;30.0246;29.8251;-256.743;-256.277;-256.715;-256.888;-256.927;-255.996;11:47:19
2083;30.0168;29.8251;-256.743;-256.262;-256.715;-256.903;-256.927;-256.003;11:47:19
2084;30.0246;29.8251;-256.743;-256.269;-256.715;-256.895;-256.927;-255.996;11:47:20
2085;30.0246;29.8251;-256.743;-256.262;-256.715;-256.888;-256.935;-255.988;11:47:20
2086;30.0168;29.8251;-256.743;-256.262;-256.715;-256.903;-256.935;-255.996;11:47:21
2087;30.0168;29.8251;-256.747;-256.269;-256.715;-256.895;-256.935;-255.988;11:47:21
2088;30.0168;29.8329;-256.747;-256.262;-256.715;-256.903;-256.935;-255.988;11:47:22
2089;30.0168;29.8329;-256.747;-256.269;-256.708;-256.903;-256.935;-255.988;11:47:22
2090;30.0168;29.8329;-256.747;-256.262;-256.708;-256.903;-256.927;-255.996;11:47:23
2091;30.0168;29.8251;-256.743;-256.262;-256.715;-256.895;-256.942;-255.996;11:47:23
2092;30.0246;29.8329;-256.743;-256.262;-256.723;-256.903;-256.942;-255.988;11:47:24
2093;30.0207;29.8329;-256.747;-256.269;-256.723;-256.903;-256.942;-255.996;11:47:24
2094;30.0246;29.8329;-256.747;-256.262;-256.723;-256.903;-256.942;-255.988;11:47:25
2095;30.0168;29.8329;-256.747;-256.269;-256.715;-256.903;-256.942;-255.988;11:47:25
2096;30.0246;29.8251;-256.747;-256.262;-256.715;-256.903;-256.95;-255.996;11:47:26
2097;30.0168;29.8172;-256.743;-256.262;-256.715;-256.903;-256.935;-255.988;11:47:26
2098;30.0168;29.8172;-256.747;-256.262;-256.723;-256.903;-256.935;-255.996;11:47:27
2099;30.0168;29.8251;-256.747;-256.254;-256.715;-256.903;-256.942;-256.003;11:47:27
2100;30.0168;29.8172;-256.747;-256.269;-256.708;-256.903;-256.942;-255.996;11:47:28
2101;30.0168;29.8172;-256.747;-256.254;-256.723;-256.903;-256.942;-255.988;11:47:28
2102;30.0168;29.8172;-256.747;-256.269;-256.715;-256.903;-256.942;-255.996;11:47:29
2103;30.009;29.8172;-256.747;-256.262;-256.708;-256.895;-256.935;-255.988;11:47:29
2104;30.0168;29.8251;-256.747;-256.262;-256.715;-256.903;-256.935;-255.988;11:47:30
2105;30.0246;29.8172;-256.747;-256.262;-256.723;-256.903;-256.942;-255.988;11:47:30
2106;30.0168;29.8172;-256.747;-256.262;-256.715;-256.903;-256.935;-255.988;11:47:31
2107;30.0168;29.8094;-256.747;-256.269;-256.715;-256.903;-256.935;-255.988;11:47:31
2108;30.0168;29.8172;-256.747;-256.262;-256.715;-256.903;-256.942;-255.996;11:47:32
2109;30.0168;29.8094;-256.751;-256.262;-256.715;-256.895;-256.927;-255.98;11:47:32
2110;30.0246;29.8172;-256.747;-256.262;-256.715;-256.903;-256.935;-255.988;11:47:33
2111;30.0168;29.8329;-256.747;-256.262;-256.715;-256.903;-256.935;-255.98;11:47:33
2112;30.0285;29.8251;-256.751;-256.262;-256.723;-256.903;-256.942;-255.988;11:47:34
2113;30.0168;29.8329;-256.751;-256.262;-256.715;-256.903;-256.935;-255.988;11:47:34
2114;30.0246;29.8172;-256.747;-256.254;-256.715;-256.903;-256.942;-255.988;11:47:35
2115;30.0246;29.8251;-256.751;-256.269;-256.708;-256.903;-256.935;-255.988;11:47:35
2116;30.0168;29.8251;-256.747;-256.262;-256.715;-256.895;-256.935;-255.988;11:47:36
2117;30.0285;29.8251;-256.747;-256.262;-256.715;-256.903;-256.942;-255.988;11:47:36
2118;30.0246;29.8251;-256.747;-256.269;-256.715;-256.903;-256.95;-255.988;11:47:37
2119;30.0285;29.8251;-256.747;-256.262;-256.715;-256.895;-256.95;-255.996;11:47:37
2120;30.0246;29.8329;-256.751;-256.254;-256.715;-256.903;-256.95;-255.988;11:47:38
2121;30.0246;29.8251;-256.747;-256.262;-256.715;-256.903;-256.935;-255.988;11:47:38
2122;30.0246;29.8329;-256.751;-256.262;-256.715;-256.895;-256.95;-255.988;11:47:39
2123;30.0285;29.8329;-256.747;-256.262;-256.715;-256.895;-256.942;-255.988;11:47:39
2124;30.0246;29.8251;-256.751;-256.262;-256.708;-256.888;-256.942;-255.988;11:47:40
2125;30.0285;29.8172;-256.758;-256.269;-256.708;-256.895;-256.942;-255.988;11:47:40
2126;30.0246;29.8329;-256.755;-256.262;-256.723;-256.895;-256.942;-255.988;11:47:41
2127;30.0285;29.8251;-256.755;-256.254;-256.715;-256.895;-256.942;-255.996;11:47:41
2128;30.0246;29.8251;-256.755;-256.262;-256.715;-256.895;-256.942;-255.996;11:47:42
2129;30.0285;29.8172;-256.755;-256.254;-256.715;-256.895;-256.942;-255.988;11:47:42
2130;30.0246;29.8251;-256.758;-256.254;-256.715;-256.888;-256.942;-255.996;11:47:43
2131;30.0246;29.8251;-256.751;-256.262;-256.708;-256.895;-256.935;-255.988;11:47:43
2132;30.0246;29.8329;-256.755;-256.262;-256.708;-256.895;-256.935;-255.996;11:47:44
2133;30.0246;29.8172;-256.755;-256.254;-256.715;-256.895;-256.942;-255.996;11:47:44
2134;30.0285;29.8251;-256.755;-256.254;-256.708;-256.895;-256.942;-255.996;11:47:45
2135;30.0324;29.8172;-256.755;-256.262;-256.715;-256.888;-256.942;-255.996;11:47:45
2136;30.0246;29.8329;-256.751;-256.254;-256.708;-256.895;-256.942;-255.996;11:47:46
2137;30.0285;29.8172;-256.755;-256.254;-256.708;-256.895;-256.942;-255.996;11:47:46
2138;30.0285;29.8251;-256.755;-256.262;-256.715;-256.895;-256.942;-255.988;11:47:47
2139;30.0285;29.8251;-256.751;-256.269;-256.708;-256.888;-256.942;-255.996;11:47:47
2140;30.0324;29.8172;-256.751;-256.262;-256.715;-256.895;-256.942;-255.996;11:47:48
2141;30.0285;29.8251;-256.755;-256.254;-256.708;-256.895;-256.942;-255.996;11:47:48
2142;30.0285;29.8172;-256.755;-256.262;-256.708;-256.895;-256.95;-255.996;11:47:49
2143;30.0246;29.8172;-256.755;-256.254;-256.708;-256.903;-256.95;-255.988;11:47:49
2144;30.0285;29.8094;-256.751;-256.254;-256.708;-256.903;-256.935;-256.003;11:47:50
2145;30.0285;29.8251;-256.747;-256.262;-256.7;-256.903;-256.942;-255.988;11:47:50
2146;30.0285;29.8172;-256.747;-256.254;-256.708;-256.895;-256.942;-255.996;11:47:51
2147;30.0285;29.8172;-256.747;-256.262;-256.708;-256.895;-256.942;-255.996;11:47:51
2148;30.0246;29.8094;-256.751;-256.254;-256.7;-256.895;-256.942;-255.988;11:47:52
2149;30.0246;29.8172;-256.751;-256.262;-256.715;-256.903;-256.942;-255.996;11:47:52
2150;30.0285;29.8172;-256.751;-256.262;-256.715;-256.903;-256.942;-255.996;11:47:53
2151;30.0324;29.8172;-256.751;-256.262;-256.708;-256.903;-256.935;-255.988;11:47:53
2152;30.0285;29.8172;-256.751;-256.262;-256.715;-256.903;-256.942;-255.996;11:47:54
2153;30.0285;29.8172;-256.751;-256.262;-256.708;-256.911;-256.942;-255.996;11:47:54
2154;30.0246;29.8172;-256.751;-256.254;-256.715;-256.903;-256.935;-255.996;11:47:55
2155;30.0324;29.8172;-256.755;-256.262;-256.708;-256.895;-256.942;-255.988;11:47:55
2156;30.0285;29.8172;-256.751;-256.269;-256.715;-256.903;-256.935;-256.003;11:47:56
2157;30.0246;29.8172;-256.755;-256.262;-256.708;-256.895;-256.935;-255.996;11:47:56
2158;30.0324;29.8094;-256.751;-256.262;-256.715;-256.911;-256.942;-255.996;11:47:57
2159;30.0324;29.8172;-256.755;-256.254;-256.708;-256.895;-256.942;-256.003;11:47:57
2160;30.0324;29.8251;-256.751;-256.262;-256.708;-256.903;-256.95;-255.996;11:47:58
2161;30.0324;29.8172;-256.751;-256.254;-256.715;-256.911;-256.942;-255.996;11:47:58
2162;30.0363;29.8172;-256.751;-256.262;-256.723;-256.903;-256.942;-255.996;11:47:59
2163;30.0324;29.8094;-256.751;-256.262;-256.715;-256.903;-256.935;-255.996;11:47:59
2164;30.0324;29.8094;-256.755;-256.269;-256.708;-256.903;-256.942;-256.003;11:48:00
2165;30.0324;29.8172;-256.755;-256.254;-256.715;-256.903;-256.935;-255.996;11:48:00
2166;30.0363;29.8094;-256.755;-256.262;-256.715;-256.903;-256.935;-255.988;11:48:01
2167;30.0324;29.8172;-256.755;-256.254;-256.708;-256.903;-256.935;-255.996;11:48:01
2168;30.0324;29.8172;-256.751;-256.254;-256.708;-256.895;-256.935;-255.996;11:48:02
2169;30.0324;29.8172;-256.755;-256.262;-256.715;-256.895;-256.935;-255.988;11:48:02
2170;30.0363;29.8172;-256.755;-256.262;-256.708;-256.903;-256.942;-255.996;11:48:03
2171;30.0363;29.8172;-256.755;-256.254;-256.715;-256.895;-256.942;-255.988;11:48:03
2172;30.0324;29.8094;-256.755;-256.262;-256.715;-256.903;-256.935;-255.988;11:48:04
2173;30.0363;29.8172;-256.751;-256.254;-256.715;-256.903;-256.927;-255.996;11:48:04
2174;30.0285;29.8172;-256.755;-256.254;-256.708;-256.903;-256.935;-255.988;11:48:05
2175;30.0324;29.8251;-256.755;-256.254;-256.715;-256.903;-256.935;-255.988;11:48:05
2176;30.0324;29.8172;-256.751;-256.262;-256.708;-256.895;-256.935;-255.996;11:48:06
2177;30.0363;29.8172;-256.751;-256.254;-256.708;-256.903;-256.927;-255.996;11:48:06
2178;30.0363;29.8172;-256.755;-256.254;-256.715;-256.903;-256.935;-256.003;11:48:07
2179;30.0363;29.8172;-256.751;-256.254;-256.708;-256.903;-256.935;-255.988;11:48:07
2180;30.0363;29.8172;-256.755;-256.262;-256.7;-256.903;-256.935;-255.996;11:48:08
2181;30.0363;29.8172;-256.751;-256.262;-256.715;-256.903;-256.927;-255.996;11:48:08
2182;30.0363;29.8172;-256.755;-256.262;-256.708;-256.903;-256.942;-255.988;11:48:09
2183;30.0363;29.8172;-256.751;-256.262;-256.708;-256.903;-256.942;-255.996;11:48:09
2184;30.0324;29.8094;-256.751;-256.262;-256.715;-256.903;-256.935;-255.996;11:48:10
2185;30.0363;29.8251;-256.751;-256.262;-256.708;-256.903;-256.942;-255.996;11:48:10
2186;30.0403;29.8251;-256.755;-256.262;-256.715;-256.911;-256.935;-255.996;11:48:11
2187;30.0324;29.8172;-256.755;-256.262;-256.715;-256.903;-256.942;-256.003;11:48:11
2188;30.0363;29.8251;-256.751;-256.262;-256.715;-256.895;-256.935;-255.996;11:48:12
2189;30.0363;29.8251;-256.751;-256.254;-256.708;-256.903;-256.942;-255.996;11:48:12
2190;30.0324;29.8251;-256.751;-256.262;-256.708;-256.895;-256.942;-256.003;11:48:13
2191;30.0324;29.8172;-256.751;-256.254;-256.7;-256.903;-256.935;-255.996;11:48:13
2192;30.0324;29.8172;-256.751;-256.262;-256.708;-256.895;-256.935;-256.003;11:48:14
2193;30.0324;29.8251;-256.747;-256.258;-256.708;-256.895;-256.935;-255.996;11:48:14
2194;30.0285;29.8329;-256.751;-256.254;-256.708;-256.903;-256.935;-256.003;11:48:15
2195;30.0324;29.8251;-256.747;-256.254;-256.708;-256.895;-256.927;-255.996;11:48:15
2196;30.0285;29.8251;-256.755;-256.262;-256.715;-256.903;-256.935;-255.988;11:48:16
2197;30.0324;29.8251;-256.751;-256.254;-256.708;-256.895;-256.927;-256.003;11:48:16
2198;30.0324;29.8251;-256.747;-256.254;-256.715;-256.895;-256.935;-255.988;11:48:17
2199;30.0324;29.8251;-256.747;-256.262;-256.708;-256.903;-256.935;-255.996;11:48:17
2200;30.0324;29.8251;-256.747;-256.254;-256.708;-256.895;-256.935;-255.996;11:48:18
2201;30.0324;29.8329;-256.751;-256.254;-256.715;-256.895;-256.935;-255.996;11:48:18
2202;30.0324;29.8329;-256.747;-256.254;-256.708;-256.903;-256.927;-255.996;11:48:19
2203;30.0324;29.8329;-256.747;-256.262;-256.715;-256.895;-256.942;-255.996;11:48:19
2204;30.0324;29.8251;-256.751;-256.254;-256.708;-256.903;-256.935;-255.996;11:48:20
2205;30.0285;29.8251;-256.747;-256.262;-256.708;-256.888;-256.942;-255.996;11:48:20
2206;30.0324;29.8251;-256.751;-256.254;-256.715;-256.895;-256.935;-255.996;11:48:21
2207;30.0363;29.8329;-256.751;-256.254;-256.715;-256.895;-256.942;-255.988;11:48:21
2208;30.0324;29.8329;-256.755;-256.254;-256.708;-256.895;-256.95;-255.996;11:48:22
2209;30.0324;29.8251;-256.755;-256.254;-256.715;-256.895;-256.942;-255.996;11:48:22
2210;30.0324;29.8329;-256.755;-256.25;-256.708;-256.895;-256.935;-255.988;11:48:23
2211;30.0363;29.8251;-256.751;-256.262;-256.715;-256.895;-256.927;-255.996;11:48:23
2212;30.0363;29.8329;-256.751;-256.254;-256.715;-256.895;-256.935;-255.996;11:48:24
2213;30.0324;29.8251;-256.755;-256.25;-256.708;-256.895;-256.927;-255.996;11:48:24
2214;30.0363;29.8329;-256.751;-256.254;-256.708;-256.895;-256.935;-255.996;11:48:25
2215;30.0324;29.8251;-256.751;-256.254;-256.708;-256.903;-256.935;-255.996;11:48:25
2216;30.0363;29.8251;-256.755;-256.254;-256.715;-256.895;-256.927;-255.996;11:48:26
2217;30.0363;29.8251;-256.751;-256.254;-256.715;-256.903;-256.942;-255.996;11:48:26
2218;30.0363;29.8251;-256.755;-256.254;-256.715;-256.895;-256.935;-255.996;11:48:27
2219;30.0403;29.8329;-256.755;-256.254;-256.708;-256.903;-256.935;-255.988;11:48:27
2220;30.0403;29.8251;-256.751;-256.254;-256.708;-256.895;-256.935;-255.996;11:48:28
2221;30.0403;29.8329;-256.755;-256.262;-256.715;-256.895;-256.935;-255.996;11:48:28
2222;30.0363;29.8329;-256.755;-256.254;-256.715;-256.903;-256.927;-255.996;11:48:29
2223;30.0324;29.8329;-256.755;-256.262;-256.715;-256.895;-256.927;-255.996;11:48:29
2224;30.0363;29.8329;-256.755;-256.254;-256.715;-256.903;-256.935;-255.996;11:48:30
2225;30.0324;29.8407;-256.751;-256.254;-256.715;-256.895;-256.935;-255.996;11:48:30
2226;30.0363;29.8329;-256.755;-256.262;-256.708;-256.895;-256.942;-255.996;11:48:31
2227;30.0363;29.8329;-256.751;-256.262;-256.715;-256.903;-256.935;-255.996;11:48:31
2228;30.0363;29.8329;-256.755;-256.254;-256.715;-256.895;-256.942;-255.996;11:48:32
2229;30.0324;29.8329;-256.751;-256.254;-256.708;-256.895;-256.942;-255.996;11:48:32
2230;30.0324;29.8329;-256.755;-256.254;-256.715;-256.888;-256.942;-255.996;11:48:33
2231;30.0285;29.8251;-256.755;-256.25;-256.715;-256.895;-256.942;-255.996;11:48:33
2232;30.0324;29.8329;-256.755;-256.254;-256.715;-256.888;-256.942;-255.996;11:48:34
2233;30.0363;29.8329;-256.755;-256.262;-256.715;-256.895;-256.935;-255.996;11:48:34
2234;30.0324;29.8251;-256.755;-256.262;-256.723;-256.895;-256.942;-255.996;11:48:35
2235;30.0285;29.8251;-256.755;-256.254;-256.715;-256.888;-256.942;-255.996;11:48:35
2236;30.0324;29.8329;-256.751;-256.262;-256.715;-256.895;-256.942;-255.996;11:48:36
2237;30.0324;29.8329;-256.751;-256.262;-256.715;-256.895;-256.935;-255.996;11:48:36
2238;30.0324;29.8329;-256.751;-256.262;-256.715;-256.903;-256.935;-255.988;11:48:37
2239;30.0363;29.8329;-256.751;-256.262;-256.708;-256.895;-256.942;-255.996;11:48:37
2240;30.0285;29.8407;-256.751;-256.254;-256.715;-256.895;-256.935;-255.988;11:48:38
2241;30.0324;29.8329;-256.751;-256.269;-256.715;-256.903;-256.935;-255.988;11:48:38
2242;30.0324;29.8329;-256.751;-256.262;-256.708;-256.895;-256.942;-255.988;11:48:39
2243;30.0324;29.8329;-256.751;-256.262;-256.715;-256.895;-256.942;-255.996;11:48:39
2244;30.0363;29.8329;-256.755;-256.269;-256.708;-256.895;-256.935;-256.003;11:48:40
2245;30.0324;29.8407;-256.751;-256.269;-256.708;-256.888;-256.95;-255.996;11:48:40
2246;30.0324;29.8329;-256.755;-256.262;-256.715;-256.895;-256.942;-255.996;11:48:41
2247;30.0324;29.8329;-256.751;-256.269;-256.715;-256.895;-256.95;-255.996;11:48:41
2248;30.0324;29.8407;-256.751;-256.262;-256.708;-256.895;-256.942;-255.996;11:48:42
2249;30.0285;29.8329;-256.755;-256.262;-256.708;-256.888;-256.942;-255.996;11:48:42
2250;30.0324;29.8329;-256.755;-256.269;-256.708;-256.903;-256.942;-255.996;11:48:43
2251;30.0324;29.8407;-256.751;-256.262;-256.708;-256.895;-256.942;-255.996;11:48:43
2252;30.0324;29.8407;-256.755;-256.262;-256.708;-256.895;-256.942;-255.996;11:48:44
2253;30.0324;29.8407;-256.755;-256.262;-256.708;-256.895;-256.935;-255.996;11:48:44
2254;30.0285;29.8329;-256.755;-256.269;-256.7;-256.895;-256.942;-255.996;11:48:45
2255;30.0324;29.8407;-256.751;-256.262;-256.708;-256.895;-256.935;-255.996;11:48:45
2256;30.0363;29.8329;-256.747;-256.262;-256.708;-256.895;-256.942;-255.996;11:48:46
2257;30.0324;29.8329;-256.755;-256.269;-256.7;-256.895;-256.942;-255.988;11:48:46
2258;30.0363;29.8251;-256.751;-256.262;-256.715;-256.895;-256.942;-255.988;11:48:47
2259;30.0324;29.8329;-256.755;-256.262;-256.7;-256.895;-256.942;-255.996;11:48:47
2260;30.0363;29.8329;-256.751;-256.262;-256.715;-256.895;-256.95;-255.996;11:48:48
2261;30.0363;29.8407;-256.751;-256.262;-256.708;-256.895;-256.942;-255.996;11:48:48
2262;30.0324;29.8329;-256.751;-256.262;-256.715;-256.888;-256.935;-255.988;11:48:49
2263;30.0363;29.8329;-256.751;-256.262;-256.715;-256.895;-256.935;-255.996;11:48:49
2264;30.0363;29.8251;-256.755;-256.269;-256.715;-256.895;-256.935;-255.996;11:48:50
2265;30.0363;29.8407;-256.751;-256.262;-256.708;-256.895;-256.935;-255.988;11:48:50
2266;30.0363;29.8251;-256.755;-256.262;-256.715;-256.888;-256.927;-255.996;11:48:51
2267;30.0363;29.8329;-256.751;-256.262;-256.708;-256.895;-256.927;-255.988;11:48:51
2268;30.0363;29.8251;-256.755;-256.269;-256.715;-256.895;-256.935;-255.988;11:48:52
2269;30.0403;29.8329;-256.751;-256.262;-256.715;-256.895;-256.942;-255.988;11:48:52
2270;30.0363;29.8329;-256.751;-256.269;-256.715;-256.888;-256.927;-255.996;11:48:53
2271;30.0403;29.8251;-256.747;-256.262;-256.708;-256.903;-256.927;-255.988;11:48:53
2272;30.0403;29.8329;-256.755;-256.262;-256.708;-256.895;-256.935;-255.996;11:48:54
2273;30.0403;29.8407;-256.751;-256.262;-256.708;-256.903;-256.935;-255.988;11:48:54
2274;30.0363;29.8329;-256.758;-256.269;-256.715;-256.895;-256.942;-255.996;11:48:55
2275;30.0403;29.8251;-256.751;-256.269;-256.708;-256.888;-256.935;-255.988;11:48:55
2276;30.0403;29.8251;-256.755;-256.269;-256.715;-256.895;-256.935;-255.996;11:48:56
2277;30.0403;29.8251;-256.755;-256.262;-256.715;-256.888;-256.935;-255.996;11:48:56
2278;30.0403;29.8172;-256.751;-256.262;-256.715;-256.888;-256.942;-255.996;11:48:57
2279;30.0403;29.8251;-256.755;-256.262;-256.715;-256.895;-256.942;-255.988;11:48:57
2280;30.0403;29.8251;-256.751;-256.269;-256.715;-256.903;-256.942;-255.996;11:48:58
2281;30.0403;29.8251;-256.755;-256.262;-256.715;-256.888;-256.942;-255.988;11:48:58
2282;30.0363;29.8251;-256.751;-256.262;-256.708;-256.888;-256.942;-255.996;11:48:59
2283;30.0363;29.8329;-256.751;-256.262;-256.715;-256.895;-256.935;-255.988;11:48:59
2284;30.0403;29.8251;-256.751;-256.269;-256.708;-256.888;-256.942;-255.996;11:49:00
2285;30.0363;29.8329;-256.755;-256.262;-256.715;-256.895;-256.935;-255.988;11:49:00
2286;30.0363;29.8251;-256.751;-256.269;-256.708;-256.895;-256.942;-255.996;11:49:01
2287;30.0363;29.8251;-256.751;-256.262;-256.708;-256.895;-256.935;-255.988;11:49:01
2288;30.0403;29.8329;-256.751;-256.262;-256.715;-256.888;-256.942;-255.996;11:49:02
2289;30.0403;29.8251;-256.755;-256.262;-256.708;-256.895;-256.935;-255.988;11:49:02
2290;30.0363;29.8329;-256.751;-256.269;-256.715;-256.888;-256.942;-255.996;11:49:03
2291;30.0363;29.8251;-256.751;-256.262;-256.715;-256.888;-256.935;-255.988;11:49:03
2292;30.0363;29.8329;-256.751;-256.262;-256.708;-256.895;-256.942;-255.996;11:49:04
2293;30.0363;29.8329;-256.751;-256.254;-256.715;-256.895;-256.942;-255.988;11:49:04
2294;30.0403;29.8329;-256.755;-256.262;-256.708;-256.888;-256.942;-255.996;11:49:05
2295;30.0403;29.8329;-256.755;-256.254;-256.715;-256.895;-256.942;-255.988;11:49:05
2296;30.0363;29.8329;-256.751;-256.254;-256.708;-256.895;-256.935;-255.988;11:49:06
2297;30.0363;29.8329;-256.755;-256.262;-256.715;-256.888;-256.942;-255.988;11:49:06
2298;30.0363;29.8329;-256.755;-256.262;-256.715;-256.888;-256.935;-255.996;11:49:07
2299;30.0403;29.8329;-256.755;-256.269;-256.708;-256.888;-256.942;-255.988;11:49:07
2300;30.0403;29.8407;-256.758;-256.262;-256.715;-256.895;-256.935;-255.996;11:49:08
2301;30.0481;29.8407;-256.755;-256.254;-256.715;-256.888;-256.935;-255.988;11:49:08
2302;30.052;29.8251;-256.758;-256.269;-256.708;-256.895;-256.935;-255.996;11:49:09
2303;30.0403;29.8329;-256.758;-256.262;-256.715;-256.88;-256.935;-255.996;11:49:09
2304;30.052;29.8329;-256.755;-256.262;-256.715;-256.888;-256.935;-255.988;11:49:10
2305;30.0403;29.8329;-256.755;-256.262;-256.708;-256.88;-256.927;-255.996;11:49:10
2306;30.0442;29.8329;-256.755;-256.262;-256.715;-256.888;-256.935;-255.996;11:49:11
2307;30.0403;29.8407;-256.755;-256.262;-256.715;-256.888;-256.927;-255.996;11:49:11
2308;30.0403;29.8329;-256.755;-256.262;-256.723;-256.88;-256.935;-255.996;11:49:12
2309;30.0442;29.8251;-256.758;-256.262;-256.708;-256.895;-256.935;-255.988;11:49:12
2310;30.0442;29.8329;-256.751;-256.254;-256.715;-256.888;-256.935;-255.996;11:49:13
2311;30.0442;29.8329;-256.755;-256.254;-256.715;-256.888;-256.927;-255.996;11:49:13
2312;30.0442;29.8251;-256.751;-256.262;-256.723;-256.888;-256.927;-255.996;11:49:14
2313;30.0442;29.8329;-256.751;-256.254;-256.715;-256.888;-256.935;-255.996;11:49:14
2314;30.0442;29.8251;-256.755;-256.262;-256.715;-256.888;-256.935;-255.988;11:49:15
2315;30.0442;29.8329;-256.751;-256.262;-256.715;-256.888;-256.935;-255.996;11:49:15
2316;30.0442;29.8251;-256.751;-256.269;-256.715;-256.888;-256.935;-255.988;11:49:16
2317;30.0442;29.8251;-256.751;-256.262;-256.715;-256.895;-256.927;-256.003;11:49:16
2318;30.0481;29.8251;-256.755;-256.262;-256.708;-256.888;-256.935;-255.996;11:49:17
2319;30.0403;29.8251;-256.755;-256.262;-256.708;-256.888;-256.927;-255.996;11:49:17
2320;30.0442;29.8251;-256.751;-256.269;-256.715;-256.888;-256.942;-255.996;11:49:18
2321;30.0481;29.8251;-256.755;-256.262;-256.708;-256.888;-256.935;-255.988;11:49:18
2322;30.052;29.8329;-256.755;-256.269;-256.708;-256.888;-256.935;-255.996;11:49:19
2323;30.0442;29.8329;-256.751;-256.262;-256.708;-256.895;-256.935;-255.996;11:49:19
2324;30.0442;29.8251;-256.755;-256.269;-256.708;-256.888;-256.935;-255.988;11:49:20
2325;30.0442;29.8329;-256.751;-256.262;-256.715;-256.888;-256.935;-255.988;11:49:20
2326;30.052;29.8251;-256.755;-256.262;-256.708;-256.888;-256.927;-255.988;11:49:21
2327;30.052;29.8329;-256.751;-256.262;-256.715;-256.895;-256.935;-255.996;11:49:21
2328;30.052;29.8251;-256.747;-256.269;-256.708;-256.888;-256.935;-255.988;11:49:22
2329;30.0442;29.8251;-256.751;-256.262;-256.708;-256.888;-256.942;-255.996;11:49:22
2330;30.0442;29.8251;-256.751;-256.262;-256.715;-256.888;-256.935;-255.988;11:49:23
2331;30.0481;29.8251;-256.751;-256.269;-256.708;-256.88;-256.942;-255.98;11:49:23
2332;30.0403;29.8329;-256.747;-256.262;-256.715;-256.888;-256.942;-255.98;11:49:24
2333;30.0442;29.8251;-256.747;-256.269;-256.708;-256.888;-256.942;-255.988;11:49:24
2334;30.0403;29.8251;-256.747;-256.262;-256.708;-256.888;-256.942;-255.996;11:49:25
2335;30.0442;29.8329;-256.747;-256.262;-256.708;-256.888;-256.942;-255.98;11:49:25
2336;30.0403;29.8251;-256.747;-256.269;-256.708;-256.888;-256.942;-255.988;11:49:26
2337;30.0363;29.8251;-256.747;-256.262;-256.708;-256.888;-256.942;-255.988;11:49:26
2338;30.0403;29.8172;-256.747;-256.277;-256.7;-256.888;-256.942;-255.98;11:49:27
2339;30.0363;29.8172;-256.751;-256.269;-256.708;-256.888;-256.942;-255.988;11:49:27
2340;30.0363;29.8251;-256.747;-256.269;-256.708;-256.888;-256.95;-255.988;11:49:28
2341;30.0324;29.8094;-256.743;-256.269;-256.708;-256.888;-256.942;-255.988;11:49:28
2342;30.0324;29.8172;-256.751;-256.262;-256.715;-256.895;-256.942;-255.98;11:49:29
2343;30.0285;29.8172;-256.747;-256.269;-256.7;-256.895;-256.942;-255.988;11:49:29
2344;30.0285;29.8172;-256.747;-256.262;-256.708;-256.888;-256.942;-255.988;11:49:30
2345;30.0285;29.8094;-256.751;-256.262;-256.708;-256.888;-256.942;-255.988;11:49:30
2346;30.0285;29.8172;-256.751;-256.262;-256.708;-256.888;-256.95;-255.988;11:49:31
2347;30.0246;29.8094;-256.743;-256.269;-256.715;-256.872;-256.95;-255.98;11:49:31
2348;30.0246;29.8094;-256.747;-256.262;-256.708;-256.888;-256.942;-255.988;11:49:32
2349;30.0246;29.8016;-256.747;-256.262;-256.708;-256.888;-256.958;-255.988;11:49:32
2350;30.0168;29.8094;-256.751;-256.269;-256.708;-256.88;-256.958;-255.98;11:49:33
2351;30.009;29.8016;-256.751;-256.262;-256.708;-256.888;-256.95;-255.988;11:49:33
2352;30.0168;29.8094;-256.747;-256.262;-256.715;-256.888;-256.935;-255.98;11:49:34
2353;30.0168;29.8016;-256.751;-256.262;-256.708;-256.888;-256.95;-255.988;11:49:34
2354;30.0168;29.8094;-256.747;-256.262;-256.715;-256.888;-256.942;-255.98;11:49:35
2355;30.009;29.8016;-256.747;-256.262;-256.708;-256.888;-256.942;-255.988;11:49:35
2356;30.0168;29.8094;-256.747;-256.262;-256.708;-256.888;-256.95;-255.996;11:49:36
2357;30.009;29.7938;-256.747;-256.262;-256.715;-256.888;-256.942;-255.988;11:49:36
2358;30.009;29.8016;-256.747;-256.262;-256.715;-256.895;-256.942;-255.988;11:49:37
2359;30.009;29.7938;-256.743;-256.262;-256.708;-256.895;-256.942;-255.988;11:49:37
2360;30.0011;29.7938;-256.747;-256.262;-256.715;-256.888;-256.935;-255.988;11:49:38
2361;30.0011;29.8016;-256.747;-256.262;-256.708;-256.888;-256.95;-255.98;11:49:38
2362;30.0011;29.7938;-256.751;-256.269;-256.715;-256.895;-256.942;-255.988;11:49:39
2363;29.9933;29.7859;-256.747;-256.262;-256.715;-256.888;-256.935;-255.988;11:49:39
2364;29.9933;29.7859;-256.747;-256.262;-256.715;-256.895;-256.942;-255.988;11:49:40
2365;29.9933;29.7938;-256.743;-256.262;-256.715;-256.895;-256.942;-255.996;11:49:40
2366;29.9933;29.7938;-256.747;-256.269;-256.723;-256.895;-256.942;-255.988;11:49:41
2367;29.9933;29.7859;-256.751;-256.262;-256.715;-256.888;-256.935;-255.988;11:49:41
2368;29.9855;29.7781;-256.747;-256.262;-256.708;-256.895;-256.935;-255.988;11:49:42
2369;29.9777;29.7859;-256.743;-256.262;-256.708;-256.895;-256.935;-255.996;11:49:42
2370;29.9777;29.7859;-256.747;-256.262;-256.715;-256.888;-256.935;-255.996;11:49:43
2371;29.9777;29.7781;-256.743;-256.262;-256.715;-256.895;-256.935;-255.996;11:49:43
2372;29.9777;29.7781;-256.747;-256.254;-256.715;-256.895;-256.942;-255.996;11:49:44
2373;29.9777;29.7781;-256.751;-256.262;-256.715;-256.888;-256.935;-255.996;11:49:44
2374;29.9855;29.7703;-256.747;-256.269;-256.715;-256.895;-256.942;-255.988;11:49:45
2375;29.9777;29.7859;-256.747;-256.262;-256.715;-256.895;-256.942;-255.996;11:49:45
2376;29.9855;29.7781;-256.747;-256.269;-256.723;-256.888;-256.942;-255.988;11:49:46
2377;29.9855;29.7859;-256.747;-256.262;-256.715;-256.895;-256.942;-255.996;11:49:46
2378;29.9855;29.7781;-256.751;-256.262;-256.731;-256.895;-256.942;-255.996;11:49:47
2379;29.9698;29.7781;-256.747;-256.262;-256.723;-256.895;-256.942;-255.988;11:49:47
2380;29.9777;29.7781;-256.747;-256.262;-256.715;-256.888;-256.942;-255.988;11:49:48
2381;29.9933;29.7703;-256.751;-256.262;-256.715;-256.903;-256.927;-255.996;11:49:48
2382;29.9855;29.7781;-256.751;-256.262;-256.715;-256.895;-256.927;-255.996;11:49:49
2383;29.9855;29.7781;-256.747;-256.262;-256.708;-256.895;-256.935;-255.988;11:49:49
2384;29.9855;29.7781;-256.751;-256.262;-256.708;-256.903;-256.942;-255.988;11:49:50
2385;29.9777;29.7703;-256.747;-256.262;-256.715;-256.895;-256.942;-255.996;11:49:50
2386;29.9777;29.7781;-256.747;-256.262;-256.715;-256.895;-256.942;-255.996;11:49:51
2387;29.9777;29.7703;-256.751;-256.262;-256.715;-256.895;-256.942;-255.996;11:49:51
2388;29.9855;29.7781;-256.747;-256.262;-256.708;-256.895;-256.942;-255.988;11:49:52
2389;29.9777;29.7703;-256.743;-256.262;-256.715;-256.903;-256.935;-255.996;11:49:52
2390;29.9855;29.7859;-256.735;-256.254;-256.715;-256.895;-256.942;-255.996;11:49:53
2391;29.9777;29.7703;-256.735;-256.262;-256.708;-256.903;-256.95;-255.988;11:49:53
2392;29.9777;29.7781;-256.743;-256.269;-256.723;-256.895;-256.95;-255.996;11:49:54
2393;29.9855;29.7781;-256.743;-256.269;-256.715;-256.903;-256.942;-255.988;11:49:54
2394;29.9777;29.7781;-256.747;-256.262;-256.723;-256.903;-256.935;-255.988;11:49:55
2395;29.9777;29.7781;-256.747;-256.269;-256.723;-256.895;-256.942;-255.988;11:49:55
2396;29.9777;29.7781;-256.743;-256.269;-256.715;-256.895;-256.935;-255.988;11:49:56
2397;29.9777;29.7781;-256.747;-256.262;-256.715;-256.903;-256.935;-255.988;11:49:56
2398;29.9855;29.7781;-256.747;-256.269;-256.723;-256.895;-256.942;-255.996;11:49:57
2399;29.9777;29.7859;-256.747;-256.269;-256.715;-256.903;-256.942;-255.98;11:49:57
2400;29.9777;29.7859;-256.747;-256.269;-256.723;-256.895;-256.935;-255.988;11:49:58
2401;29.9777;29.7781;-256.747;-256.262;-256.715;-256.903;-256.942;-255.988;11:49:58
2402;29.9777;29.7781;-256.747;-256.269;-256.723;-256.903;-256.935;-255.988;11:49:59
2403;29.9777;29.7781;-256.751;-256.262;-256.715;-256.895;-256.942;-255.988;11:49:59
2404;29.9698;29.7703;-256.751;-256.269;-256.723;-256.895;-256.935;-255.996;11:50:00
2405;29.9698;29.7781;-256.755;-256.262;-256.715;-256.895;-256.935;-255.988;11:50:00
2406;29.9777;29.7781;-256.751;-256.269;-256.715;-256.903;-256.935;-255.996;11:50:01
2407;29.9777;29.7703;-256.747;-256.262;-256.715;-256.895;-256.942;-255.988;11:50:01
2408;29.9777;29.7781;-256.751;-256.269;-256.715;-256.903;-256.942;-255.996;11:50:02
2409;29.9777;29.7703;-256.751;-256.262;-256.715;-256.895;-256.935;-255.996;11:50:02
2410;29.9855;29.7703;-256.747;-256.269;-256.723;-256.903;-256.935;-255.996;11:50:03
2411;29.9777;29.7546;-256.751;-256.269;-256.723;-256.895;-256.935;-255.988;11:50:03
2412;29.9855;29.7703;-256.747;-256.262;-256.715;-256.895;-256.935;-255.996;11:50:04
2413;29.9777;29.7625;-256.755;-256.262;-256.723;-256.903;-256.935;-255.996;11:50:04
2414;29.9855;29.7625;-256.755;-256.269;-256.715;-256.895;-256.935;-255.988;11:50:05
2415;29.9855;29.7703;-256.755;-256.262;-256.723;-256.903;-256.927;-255.996;11:50:05
2416;29.9777;29.7703;-256.758;-256.269;-256.715;-256.895;-256.935;-255.988;11:50:06
2417;29.9855;29.7625;-256.758;-256.262;-256.715;-256.895;-256.942;-255.996;11:50:06
2418;29.9698;29.7703;-256.755;-256.269;-256.715;-256.903;-256.935;-255.988;11:50:07
2419;29.9777;29.7703;-256.755;-256.269;-256.715;-256.903;-256.942;-255.996;11:50:07
2420;29.9698;29.7625;-256.755;-256.269;-256.723;-256.895;-256.95;-255.988;11:50:08
2421;29.9777;29.7703;-256.755;-256.262;-256.715;-256.895;-256.935;-255.988;11:50:08
2422;29.9777;29.7625;-256.755;-256.269;-256.715;-256.911;-256.935;-255.996;11:50:09
2423;29.9855;29.7703;-256.755;-256.269;-256.715;-256.895;-256.942;-255.988;11:50:09
2424;29.9855;29.7703;-256.755;-256.262;-256.715;-256.903;-256.942;-255.988;11:50:10
2425;29.9777;29.7703;-256.755;-256.262;-256.715;-256.903;-256.942;-255.988;11:50:10
2426;29.9855;29.7703;-256.755;-256.262;-256.715;-256.903;-256.942;-255.988;11:50:11
2427;29.9777;29.7703;-256.751;-256.262;-256.715;-256.903;-256.935;-255.988;11:50:11
2428;29.9855;29.7625;-256.751;-256.262;-256.715;-256.895;-256.935;-255.988;11:50:12
2429;29.9777;29.7625;-256.755;-256.262;-256.715;-256.903;-256.935;-255.988;11:50:12
2430;29.9855;29.7703;-256.755;-256.262;-256.715;-256.895;-256.927;-255.996;11:50:13
2431;29.9855;29.7703;-256.751;-256.262;-256.715;-256.895;-256.935;-255.988;11:50:13
2432;29.9777;29.7703;-256.755;-256.262;-256.715;-256.903;-256.935;-255.988;11:50:14
2433;29.9855;29.7781;-256.755;-256.269;-256.715;-256.903;-256.927;-255.988;11:50:14
2434;29.9933;29.7703;-256.755;-256.262;-256.715;-256.903;-256.935;-255.988;11:50:15
2435;29.9777;29.7703;-256.755;-256.269;-256.715;-256.895;-256.942;-255.996;11:50:15
2436;29.9777;29.7703;-256.751;-256.262;-256.715;-256.903;-256.942;-255.98;11:50:16
2437;29.9855;29.7703;-256.755;-256.262;-256.708;-256.895;-256.927;-255.996;11:50:16
2438;29.9933;29.7703;-256.755;-256.262;-256.715;-256.895;-256.935;-255.988;11:50:17
2439;29.9855;29.7703;-256.751;-256.269;-256.715;-256.903;-256.942;-255.996;11:50:17
2440;29.9855;29.7625;-256.755;-256.269;-256.723;-256.895;-256.935;-255.988;11:50:18
2441;29.9933;29.7781;-256.758;-256.269;-256.723;-256.895;-256.927;-255.988;11:50:18
2442;29.9933;29.7703;-256.758;-256.269;-256.715;-256.903;-256.942;-255.996;11:50:19
2443;29.9933;29.7781;-256.755;-256.269;-256.723;-256.895;-256.927;-255.996;11:50:19
2444;29.9933;29.7625;-256.755;-256.262;-256.723;-256.903;-256.942;-255.988;11:50:20
2445;29.9933;29.7625;-256.755;-256.269;-256.715;-256.903;-256.927;-255.988;11:50:20
2446;29.9933;29.7703;-256.755;-256.269;-256.723;-256.903;-256.935;-255.996;11:50:21
2447;29.9855;29.7703;-256.751;-256.262;-256.723;-256.895;-256.935;-255.988;11:50:21
2448;29.9855;29.7703;-256.755;-256.269;-256.715;-256.903;-256.942;-255.988;11:50:22
2449;29.9933;29.7703;-256.755;-256.262;-256.715;-256.895;-256.935;-255.996;11:50:22
2450;29.9933;29.7781;-256.755;-256.269;-256.723;-256.895;-256.935;-255.996;11:50:23
2451;29.9855;29.7703;-256.755;-256.269;-256.715;-256.895;-256.942;-255.98;11:50:23
2452;29.9933;29.7703;-256.755;-256.262;-256.715;-256.895;-256.935;-255.988;11:50:24
2453;29.9933;29.7859;-256.755;-256.262;-256.723;-256.903;-256.942;-255.98;11:50:24
2454;29.9855;29.7781;-256.755;-256.269;-256.723;-256.895;-256.935;-255.988;11:50:25
2455;29.9933;29.7781;-256.758;-256.269;-256.715;-256.903;-256.935;-255.988;11:50:25
2456;30.0011;29.7781;-256.755;-256.269;-256.715;-256.888;-256.935;-255.988;11:50:26
2457;29.9855;29.7859;-256.751;-256.262;-256.715;-256.895;-256.935;-255.98;11:50:26
2458;29.9933;29.7781;-256.755;-256.269;-256.715;-256.895;-256.935;-255.988;11:50:27
2459;29.9933;29.7703;-256.751;-256.254;-256.715;-256.895;-256.935;-255.996;11:50:27
2460;29.9933;29.7781;-256.755;-256.262;-256.715;-256.895;-256.935;-255.988;11:50:28
2461;29.9933;29.7703;-256.755;-256.262;-256.715;-256.888;-256.942;-255.988;11:50:28
2462;29.9855;29.7703;-256.755;-256.262;-256.723;-256.888;-256.942;-255.988;11:50:29
2463;30.0011;29.7703;-256.755;-256.269;-256.715;-256.895;-256.942;-255.988;11:50:29
2464;29.9933;29.7703;-256.755;-256.262;-256.723;-256.895;-256.935;-255.988;11:50:30
2465;30.0011;29.7703;-256.751;-256.262;-256.715;-256.903;-256.942;-255.98;11:50:30
2466;29.9933;29.7781;-256.755;-256.262;-256.715;-256.895;-256.942;-255.988;11:50:31
2467;30.0011;29.7781;-256.755;-256.262;-256.723;-256.903;-256.942;-255.98;11:50:31
2468;29.9855;29.7703;-256.755;-256.262;-256.715;-256.895;-256.935;-255.988;11:50:32
2469;29.9933;29.7781;-256.755;-256.262;-256.715;-256.895;-256.935;-255.988;11:50:32
2470;29.9855;29.7781;-256.755;-256.262;-256.708;-256.895;-256.942;-255.98;11:50:33
2471;30.0011;29.7781;-256.755;-256.254;-256.715;-256.903;-256.935;-255.988;11:50:33
2472;29.9933;29.7703;-256.755;-256.254;-256.723;-256.903;-256.935;-255.988;11:50:34
2473;29.9933;29.7781;-256.751;-256.262;-256.715;-256.903;-256.935;-255.988;11:50:34
2474;29.9933;29.7703;-256.747;-256.254;-256.715;-256.895;-256.942;-255.988;11:50:35
2475;29.9933;29.7703;-256.747;-256.254;-256.715;-256.903;-256.935;-255.996;11:50:35
2476;30.0011;29.7781;-256.747;-256.254;-256.715;-256.903;-256.927;-255.988;11:50:36
2477;29.9933;29.7781;-256.747;-256.262;-256.715;-256.895;-256.935;-255.996;11:50:36
2478;29.9855;29.7781;-256.747;-256.262;-256.723;-256.895;-256.935;-255.98;11:50:37
2479;29.9933;29.7703;-256.743;-256.262;-256.715;-256.903;-256.935;-255.98;11:50:37
2480;29.9933;29.7703;-256.747;-256.262;-256.715;-256.895;-256.942;-255.988;11:50:38
2481;29.9933;29.7781;-256.751;-256.262;-256.715;-256.903;-256.935;-255.988;11:50:38
2482;29.9933;29.7703;-256.751;-256.254;-256.715;-256.895;-256.942;-255.988;11:50:39
2483;29.9933;29.7703;-256.751;-256.262;-256.723;-256.895;-256.942;-255.988;11:50:39
2484;30.0011;29.7703;-256.755;-256.262;-256.708;-256.903;-256.942;-255.988;11:50:40
2485;30.0011;29.7703;-256.751;-256.262;-256.715;-256.895;-256.942;-255.988;11:50:40
2486;29.9933;29.7781;-256.755;-256.262;-256.715;-256.895;-256.942;-255.988;11:50:41
2487;30.0011;29.7703;-256.755;-256.254;-256.715;-256.903;-256.935;-255.98;11:50:41
2488;30.0011;29.7781;-256.751;-256.262;-256.708;-256.895;-256.935;-255.988;11:50:42
2489;29.9933;29.7781;-256.755;-256.262;-256.715;-256.903;-256.935;-255.988;11:50:42
2490;29.9933;29.7781;-256.751;-256.262;-256.708;-256.903;-256.935;-255.988;11:50:43
2491;29.9933;29.7781;-256.755;-256.262;-256.715;-256.895;-256.935;-255.98;11:50:43
2492;30.0011;29.7703;-256.751;-256.254;-256.708;-256.895;-256.95;-255.988;11:50:44
2493;29.9933;29.7703;-256.755;-256.262;-256.715;-256.888;-256.95;-255.988;11:50:44
2494;29.9933;29.7703;-256.751;-256.262;-256.708;-256.903;-256.942;-255.988;11:50:45
2495;29.9933;29.7703;-256.755;-256.262;-256.723;-256.895;-256.942;-255.988;11:50:45
2496;30.0011;29.7703;-256.747;-256.254;-256.715;-256.903;-256.942;-255.996;11:50:46
2497;30.009;29.7781;-256.751;-256.262;-256.723;-256.895;-256.942;-255.988;11:50:46
2498;30.009;29.7781;-256.755;-256.254;-256.715;-256.895;-256.935;-255.988;11:50:47
2499;30.0011;29.7703;-256.751;-256.254;-256.708;-256.903;-256.927;-255.988;11:50:47
2500;30.0011;29.7703;-256.755;-256.262;-256.708;-256.895;-256.935;-255.988;11:50:48
2501;30.0011;29.7703;-256.755;-256.254;-256.708;-256.895;-256.935;-255.988;11:50:48
2502;30.0011;29.7781;-256.755;-256.262;-256.708;-256.903;-256.942;-255.988;11:50:49
2503;30.0011;29.7781;-256.755;-256.254;-256.708;-256.895;-256.935;-255.98;11:50:49
2504;30.0011;29.7703;-256.751;-256.254;-256.708;-256.903;-256.942;-255.988;11:50:50
2505;30.0011;29.7703;-256.751;-256.262;-256.715;-256.903;-256.935;-255.988;11:50:50
2506;30.009;29.7781;-256.747;-256.254;-256.708;-256.903;-256.942;-255.98;11:50:51
2507;30.0011;29.7781;-256.751;-256.254;-256.708;-256.895;-256.942;-255.98;11:50:51
2508;30.0011;29.7859;-256.747;-256.254;-256.708;-256.903;-256.942;-255.98;11:50:52
2509;30.009;29.7781;-256.751;-256.254;-256.715;-256.895;-256.942;-255.98;11:50:52
2510;30.0011;29.7859;-256.751;-256.254;-256.715;-256.903;-256.942;-255.988;11:50:53
2511;30.0011;29.7781;-256.751;-256.254;-256.715;-256.895;-256.95;-255.972;11:50:53
2512;30.0011;29.7781;-256.751;-256.254;-256.715;-256.895;-256.935;-255.98;11:50:54
2513;30.0011;29.7859;-256.755;-256.262;-256.715;-256.903;-256.942;-255.988;11:50:54
2514;30.009;29.7781;-256.751;-256.254;-256.708;-256.895;-256.942;-255.988;11:50:55
2515;29.9933;29.7781;-256.751;-256.254;-256.708;-256.895;-256.942;-255.988;11:50:55
2516;30.0011;29.7859;-256.751;-256.254;-256.715;-256.903;-256.942;-255.988;11:50:56
2517;30.0011;29.7859;-256.751;-256.254;-256.708;-256.895;-256.935;-255.988;11:50:56
2518;30.0011;29.7781;-256.751;-256.254;-256.715;-256.895;-256.935;-255.98;11:50:57
2519;30.0011;29.7859;-256.751;-256.262;-256.715;-256.895;-256.935;-255.98;11:50:57
2520;30.0011;29.7781;-256.751;-256.254;-256.715;-256.888;-256.942;-255.988;11:50:58
2521;30.0011;29.7859;-256.755;-256.258;-256.715;-256.903;-256.927;-255.988;11:50:58
2522;30.009;29.7781;-256.751;-256.254;-256.708;-256.895;-256.935;-255.988;11:50:59
2523;30.009;29.7859;-256.755;-256.262;-256.715;-256.895;-256.935;-255.98;11:50:59
2524;30.009;29.7781;-256.755;-256.262;-256.715;-256.895;-256.942;-255.988;11:51:00
2525;30.0011;29.7781;-256.755;-256.254;-256.708;-256.895;-256.935;-255.988;11:51:00
2526;30.0011;29.7859;-256.755;-256.262;-256.708;-256.888;-256.942;-255.988;11:51:01
2527;29.9933;29.7938;-256.755;-256.254;-256.715;-256.895;-256.942;-255.988;11:51:01
2528;29.9933;29.7781;-256.755;-256.262;-256.715;-256.895;-256.935;-255.98;11:51:02
2529;30.0011;29.7781;-256.751;-256.262;-256.708;-256.895;-256.935;-255.988;11:51:02
2530;29.9933;29.7703;-256.751;-256.254;-256.715;-256.895;-256.95;-255.988;11:51:03
2531;29.9933;29.7781;-256.751;-256.262;-256.708;-256.888;-256.942;-255.98;11:51:03
2532;30.0011;29.7859;-256.747;-256.262;-256.708;-256.895;-256.935;-255.988;11:51:04
2533;29.9933;29.7781;-256.751;-256.262;-256.708;-256.903;-256.935;-255.98;11:51:04
2534;29.9933;29.7781;-256.751;-256.254;-256.708;-256.888;-256.935;-255.988;11:51:05
2535;29.9933;29.7781;-256.751;-256.262;-256.715;-256.895;-256.942;-255.972;11:51:05
2536;29.9933;29.7781;-256.751;-256.262;-256.708;-256.895;-256.95;-255.988;11:51:06
2537;29.9933;29.7859;-256.751;-256.262;-256.708;-256.888;-256.942;-255.98;11:51:06
2538;29.9933;29.7781;-256.747;-256.262;-256.708;-256.895;-256.927;-255.988;11:51:07
2539;30.0011;29.7781;-256.743;-256.262;-256.715;-256.895;-256.942;-255.988;11:51:07
2540;30.0011;29.7781;-256.747;-256.262;-256.715;-256.895;-256.942;-255.98;11:51:08
2541;29.9933;29.7938;-256.747;-256.262;-256.708;-256.888;-256.942;-255.98;11:51:08
2542;29.9855;29.7781;-256.747;-256.254;-256.708;-256.895;-256.942;-255.98;11:51:09
2543;30.0011;29.7781;-256.747;-256.262;-256.708;-256.895;-256.942;-255.98;11:51:09
2544;30.0011;29.7781;-256.751;-256.254;-256.715;-256.888;-256.935;-255.988;11:51:10
2545;29.9933;29.7781;-256.751;-256.262;-256.715;-256.903;-256.942;-255.98;11:51:10
2546;30.0011;29.7859;-256.751;-256.254;-256.715;-256.888;-256.935;-255.988;11:51:11
2547;29.9933;29.7859;-256.755;-256.262;-256.715;-256.895;-256.942;-255.98;11:51:11
2548;29.9855;29.7859;-256.751;-256.254;-256.708;-256.888;-256.942;-255.988;11:51:12
2549;29.9933;29.7859;-256.751;-256.254;-256.715;-256.895;-256.942;-255.98;11:51:12
2550;30.0011;29.7938;-256.747;-256.254;-256.715;-256.888;-256.95;-255.98;11:51:13
2551;29.9933;29.7938;-256.751;-256.262;-256.715;-256.895;-256.95;-255.98;11:51:13
2552;29.9933;29.7859;-256.751;-256.262;-256.708;-256.888;-256.942;-255.98;11:51:14
2553;29.9933;29.7859;-256.751;-256.254;-256.715;-256.895;-256.95;-255.98;11:51:14
2554;29.9855;29.7859;-256.755;-256.262;-256.715;-256.888;-256.935;-255.98;11:51:15
2555;29.9933;29.7859;-256.755;-256.254;-256.708;-256.888;-256.935;-255.98;11:51:15
2556;29.9933;29.7938;-256.755;-256.254;-256.708;-256.895;-256.942;-255.98;11:51:16
2557;29.9855;29.7938;-256.751;-256.254;-256.715;-256.888;-256.935;-255.988;11:51:16
2558;29.9933;29.7859;-256.755;-256.262;-256.715;-256.895;-256.942;-255.98;11:51:17
2559;30.0011;29.7938;-256.755;-256.254;-256.715;-256.888;-256.935;-255.98;11:51:17
2560;30.0011;29.7859;-256.751;-256.254;-256.723;-256.895;-256.935;-255.98;11:51:18
2561;29.9933;29.7781;-256.751;-256.254;-256.715;-256.895;-256.942;-255.98;11:51:18
2562;29.9933;29.7859;-256.751;-256.254;-256.723;-256.888;-256.935;-255.988;11:51:19
2563;29.9933;29.7859;-256.751;-256.262;-256.715;-256.895;-256.942;-255.988;11:51:19
2564;29.9933;29.7938;-256.751;-256.254;-256.715;-256.888;-256.942;-255.988;11:51:20
2565;30.0011;29.7938;-256.755;-256.262;-256.715;-256.895;-256.942;-255.988;11:51:20
2566;30.0011;29.7859;-256.747;-256.254;-256.723;-256.895;-256.942;-255.98;11:51:21
2567;29.9933;29.8016;-256.743;-256.262;-256.715;-256.888;-256.942;-255.98;11:51:21
2568;29.9933;29.7938;-256.747;-256.262;-256.715;-256.895;-256.942;-255.988;11:51:22
2569;29.9855;29.7859;-256.751;-256.262;-256.708;-256.888;-256.95;-255.98;11:51:22
2570;29.9933;29.7938;-256.747;-256.254;-256.715;-256.895;-256.935;-255.988;11:51:23
2571;29.9933;29.7859;-256.751;-256.254;-256.723;-256.903;-256.935;-255.988;11:51:23
2572;29.9855;29.8016;-256.747;-256.254;-256.715;-256.895;-256.927;-255.988;11:51:24
2573;29.9933;29.7938;-256.747;-256.258;-256.715;-256.895;-256.935;-255.988;11:51:24
2574;29.9933;29.7938;-256.751;-256.254;-256.715;-256.895;-256.935;-255.988;11:51:25
2575;29.9933;29.7938;-256.751;-256.254;-256.715;-256.895;-256.935;-255.988;11:51:25
2576;30.0011;29.7859;-256.751;-256.262;-256.715;-256.895;-256.942;-255.988;11:51:26
2577;29.9855;29.7938;-256.755;-256.254;-256.708;-256.895;-256.935;-255.988;11:51:26
2578;29.9933;29.7859;-256.755;-256.254;-256.715;-256.895;-256.942;-255.98;11:51:27
2579;29.9933;29.7938;-256.751;-256.262;-256.715;-256.895;-256.935;-255.988;11:51:27
2580;30.0011;29.7938;-256.758;-256.254;-256.708;-256.903;-256.935;-255.988;11:51:28
2581;29.9933;29.7938;-256.755;-256.254;-256.715;-256.895;-256.935;-255.988;11:51:28
2582;29.9933;29.7938;-256.758;-256.254;-256.715;-256.895;-256.935;-255.988;11:51:29
2583;30.0011;29.7859;-256.755;-256.262;-256.715;-256.895;-256.927;-255.988;11:51:29
2584;30.0011;29.7859;-256.755;-256.254;-256.715;-256.895;-256.935;-255.988;11:51:30
2585;30.0011;29.7938;-256.758;-256.254;-256.723;-256.903;-256.927;-255.98;11:51:30
2586;29.9855;29.7938;-256.751;-256.262;-256.715;-256.895;-256.935;-255.988;11:51:31
2587;30.0011;29.7859;-256.751;-256.262;-256.715;-256.888;-256.927;-255.988;11:51:31
2588;30.0011;29.7781;-256.755;-256.262;-256.715;-256.903;-256.935;-255.988;11:51:32
2589;30.0011;29.7859;-256.747;-256.262;-256.723;-256.895;-256.927;-255.988;11:51:32
2590;30.0011;29.7938;-256.751;-256.254;-256.715;-256.895;-256.942;-255.988;11:51:33
2591;30.0011;29.7859;-256.751;-256.254;-256.723;-256.895;-256.942;-255.988;11:51:33
2592;29.9933;29.7859;-256.751;-256.262;-256.715;-256.895;-256.935;-255.988;11:51:34
2593;30.0011;29.7859;-256.755;-256.254;-256.715;-256.903;-256.935;-255.98;11:51:34
2594;29.9933;29.7859;-256.747;-256.262;-256.708;-256.888;-256.935;-255.988;11:51:35
2595;29.9933;29.7859;-256.747;-256.262;-256.723;-256.895;-256.935;-255.98;11:51:35
2596;30.0011;29.7781;-256.751;-256.262;-256.708;-256.895;-256.942;-255.98;11:51:36
2597;30.0011;29.7859;-256.751;-256.262;-256.715;-256.888;-256.935;-255.98;11:51:36
2598;30.009;29.7781;-256.755;-256.262;-256.708;-256.888;-256.942;-255.996;11:51:37
2599;30.0011;29.7859;-256.755;-256.254;-256.708;-256.895;-256.935;-255.996;11:51:37
2600;30.009;29.7859;-256.747;-256.262;-256.708;-256.888;-256.935;-255.996;11:51:38
2601;30.0011;29.7859;-256.747;-256.262;-256.708;-256.888;-256.935;-255.996;11:51:38
2602;30.0011;29.7781;-256.747;-256.254;-256.715;-256.895;-256.927;-255.988;11:51:39
2603;30.009;29.7859;-256.751;-256.262;-256.708;-256.895;-256.927;-255.996;11:51:39
2604;29.9933;29.7859;-256.747;-256.254;-256.708;-256.888;-256.935;-255.988;11:51:40
2605;30.0011;29.7938;-256.743;-256.262;-256.708;-256.903;-256.927;-255.988;11:51:40
2606;30.009;29.7859;-256.743;-256.269;-256.708;-256.888;-256.935;-255.988;11:51:41
2607;30.009;29.7859;-256.743;-256.262;-256.715;-256.895;-256.935;-255.988;11:51:41
2608;30.0011;29.7859;-256.747;-256.254;-256.715;-256.895;-256.935;-255.988;11:51:42
2609;30.009;29.7859;-256.743;-256.262;-256.715;-256.895;-256.942;-255.988;11:51:42
2610;30.0011;29.7781;-256.743;-256.262;-256.715;-256.888;-256.935;-255.988;11:51:43
2611;30.0011;29.7938;-256.747;-256.262;-256.708;-256.895;-256.935;-255.98;11:51:43
2612;30.0011;29.7859;-256.747;-256.258;-256.715;-256.888;-256.942;-255.98;11:51:44
2613;29.9855;29.7781;-256.747;-256.254;-256.708;-256.888;-256.935;-255.988;11:51:44
2614;29.9855;29.7859;-256.743;-256.262;-256.715;-256.888;-256.935;-255.98;11:51:45
2615;29.9855;29.7859;-256.747;-256.254;-256.708;-256.888;-256.935;-255.988;11:51:45
2616;29.9855;29.7781;-256.747;-256.262;-256.708;-256.895;-256.927;-255.988;11:51:46
2617;29.9777;29.7781;-256.755;-256.262;-256.715;-256.895;-256.935;-255.988;11:51:46
2618;29.9855;29.7781;-256.751;-256.262;-256.715;-256.895;-256.935;-255.988;11:51:47
2619;29.9933;29.7859;-256.755;-256.254;-256.715;-256.888;-256.935;-255.98;11:51:47
2620;29.9855;29.7781;-256.755;-256.262;-256.715;-256.895;-256.942;-255.98;11:51:48
2621;29.9855;29.7859;-256.751;-256.254;-256.715;-256.895;-256.927;-255.98;11:51:48
2622;29.9855;29.7859;-256.755;-256.262;-256.723;-256.888;-256.935;-255.988;11:51:49
2623;29.9933;29.7938;-256.755;-256.254;-256.708;-256.895;-256.942;-255.98;11:51:49
2624;29.9933;29.7938;-256.751;-256.254;-256.715;-256.895;-256.927;-255.98;11:51:50
2625;30.0011;29.7859;-256.751;-256.262;-256.723;-256.895;-256.927;-255.98;11:51:50
2626;30.0011;29.7938;-256.755;-256.254;-256.708;-256.895;-256.927;-255.988;11:51:51
2627;30.0011;29.7859;-256.755;-256.254;-256.715;-256.903;-256.935;-255.988;11:51:51
2628;30.0011;29.7859;-256.751;-256.25;-256.715;-256.895;-256.935;-255.988;11:51:52
2629;29.9933;29.7938;-256.755;-256.265;-256.715;-256.895;-256.935;-255.988;11:51:52
2630;29.9933;29.7938;-256.755;-256.254;-256.715;-256.903;-256.935;-255.98;11:51:53
2631;30.0011;29.8016;-256.755;-256.262;-256.708;-256.895;-256.935;-255.98;11:51:53
2632;30.0011;29.7938;-256.751;-256.262;-256.715;-256.888;-256.942;-255.98;11:51:54
2633;30.0011;29.7938;-256.755;-256.262;-256.715;-256.895;-256.942;-255.988;11:51:54
2634;30.0011;29.7938;-256.755;-256.269;-256.708;-256.888;-256.935;-255.98;11:51:55
2635;30.0011;29.7938;-256.755;-256.262;-256.715;-256.895;-256.935;-255.988;11:51:55
2636;30.0011;29.7859;-256.755;-256.262;-256.708;-256.888;-256.942;-255.988;11:51:56
2637;29.9933;29.7938;-256.755;-256.262;-256.715;-256.888;-256.935;-255.98;11:51:56
2638;30.0011;29.8016;-256.751;-256.262;-256.715;-256.895;-256.935;-255.98;11:51:57
2639;30.0011;29.7938;-256.755;-256.262;-256.708;-256.895;-256.942;-255.98;11:51:57
2640;30.0011;29.8016;-256.755;-256.262;-256.715;-256.888;-256.935;-255.98;11:51:58
2641;30.0011;29.7938;-256.751;-256.262;-256.715;-256.888;-256.927;-255.988;11:51:58
2642;30.009;29.8016;-256.751;-256.269;-256.715;-256.888;-256.935;-255.98;11:51:59
2643;30.009;29.7938;-256.755;-256.262;-256.715;-256.888;-256.927;-255.98;11:51:59
2644;30.009;29.8016;-256.751;-256.269;-256.715;-256.895;-256.942;-255.98;11:52:00
2645;30.0011;29.8016;-256.755;-256.262;-256.708;-256.895;-256.927;-255.98;11:52:00
2646;30.0011;29.8016;-256.751;-256.262;-256.715;-256.895;-256.942;-255.988;11:52:01
2647;30.0011;29.8094;-256.751;-256.262;-256.708;-256.895;-256.927;-255.996;11:52:01
2648;30.009;29.8016;-256.751;-256.262;-256.715;-256.888;-256.935;-255.988;11:52:02
2649;30.009;29.8016;-256.751;-256.262;-256.708;-256.895;-256.927;-255.988;11:52:02
2650;30.009;29.8016;-256.751;-256.269;-256.715;-256.888;-256.935;-255.988;11:52:03
2651;30.009;29.7938;-256.751;-256.269;-256.708;-256.895;-256.942;-255.988;11:52:03
2652;30.0011;29.7938;-256.751;-256.269;-256.715;-256.895;-256.935;-255.988;11:52:04
2653;30.0011;29.7938;-256.751;-256.269;-256.708;-256.895;-256.935;-255.996;11:52:04
2654;30.0011;29.8016;-256.747;-256.269;-256.708;-256.895;-256.927;-255.996;11:52:05
2655;30.009;29.7859;-256.751;-256.269;-256.708;-256.895;-256.942;-255.996;11:52:05
2656;30.0011;29.7938;-256.758;-256.269;-256.708;-256.895;-256.942;-255.988;11:52:06
2657;30.0011;29.7938;-256.751;-256.269;-256.708;-256.888;-256.935;-255.996;11:52:06
2658;30.0011;29.7938;-256.755;-256.269;-256.708;-256.895;-256.942;-255.996;11:52:07
2659;30.0011;29.7938;-256.755;-256.262;-256.7;-256.895;-256.935;-255.988;11:52:07
2660;30.0011;29.7938;-256.751;-256.269;-256.715;-256.895;-256.935;-255.988;11:52:08
2661;30.0011;29.8016;-256.751;-256.262;-256.7;-256.895;-256.935;-255.988;11:52:08
2662;30.0011;29.7938;-256.755;-256.277;-256.708;-256.895;-256.935;-255.996;11:52:09
2663;30.009;29.7938;-256.751;-256.262;-256.708;-256.895;-256.935;-255.98;11:52:09
2664;30.009;29.7938;-256.751;-256.262;-256.715;-256.895;-256.935;-255.988;11:52:10
2665;30.009;29.8016;-256.751;-256.262;-256.708;-256.895;-256.935;-255.98;11:52:10
2666;30.009;29.7938;-256.751;-256.262;-256.715;-256.888;-256.935;-255.988;11:52:11
2667;30.009;29.8016;-256.751;-256.262;-256.715;-256.895;-256.935;-255.98;11:52:11
2668;30.0168;29.8016;-256.751;-256.254;-256.715;-256.888;-256.927;-255.988;11:52:12
2669;30.009;29.8016;-256.755;-256.254;-256.708;-256.895;-256.927;-255.988;11:52:12
2670;30.0168;29.7938;-256.743;-256.262;-256.715;-256.888;-256.927;-255.988;11:52:13
2671;30.009;29.8016;-256.747;-256.262;-256.708;-256.888;-256.935;-255.988;11:52:13
2672;30.009;29.7938;-256.747;-256.262;-256.708;-256.888;-256.927;-255.98;11:52:14
2673;30.009;29.8016;-256.743;-256.262;-256.708;-256.888;-256.927;-255.988;11:52:14
2674;30.009;29.8094;-256.747;-256.262;-256.715;-256.895;-256.927;-255.988;11:52:15
2675;30.009;29.8016;-256.739;-256.262;-256.708;-256.888;-256.935;-255.988;11:52:15
2676;30.009;29.8016;-256.743;-256.262;-256.708;-256.895;-256.942;-255.988;11:52:16
2677;30.009;29.8016;-256.743;-256.262;-256.708;-256.903;-256.927;-255.98;11:52:16
2678;30.009;29.8016;-256.743;-256.269;-256.708;-256.895;-256.927;-255.988;11:52:17
2679;30.0168;29.7938;-256.747;-256.254;-256.715;-256.895;-256.935;-255.988;11:52:17
2680;30.009;29.8016;-256.743;-256.262;-256.708;-256.895;-256.927;-255.996;11:52:18
2681;30.0168;29.7938;-256.751;-256.269;-256.715;-256.895;-256.927;-255.98;11:52:18
2682;30.0168;29.8016;-256.747;-256.262;-256.708;-256.895;-256.935;-255.988;11:52:19
2683;30.0011;29.7938;-256.751;-256.262;-256.715;-256.888;-256.927;-255.996;11:52:19
2684;30.009;29.8016;-256.743;-256.262;-256.708;-256.895;-256.927;-255.988;11:52:20
2685;30.009;29.8016;-256.747;-256.262;-256.708;-256.895;-256.935;-255.988;11:52:20
2686;30.009;29.7938;-256.747;-256.269;-256.708;-256.895;-256.935;-255.988;11:52:21
2687;30.009;29.7938;-256.747;-256.254;-256.708;-256.903;-256.935;-255.988;11:52:21
2688;30.009;29.7938;-256.743;-256.269;-256.708;-256.895;-256.935;-255.98;11:52:22
2689;30.009;29.7938;-256.747;-256.269;-256.715;-256.895;-256.935;-255.988;11:52:22
2690;30.0168;29.7938;-256.743;-256.262;-256.708;-256.895;-256.935;-255.988;11:52:23
2691;30.009;29.7938;-256.747;-256.269;-256.715;-256.895;-256.927;-255.988;11:52:23
2692;30.0168;29.7859;-256.743;-256.269;-256.708;-256.888;-256.919;-255.988;11:52:24
2693;30.009;29.7859;-256.747;-256.269;-256.708;-256.903;-256.927;-255.988;11:52:24
2694;30.0168;29.7859;-256.747;-256.269;-256.715;-256.895;-256.927;-255.988;11:52:25
2695;30.009;29.7938;-256.747;-256.269;-256.715;-256.888;-256.927;-255.988;11:52:25
2696;30.009;29.7938;-256.743;-256.262;-256.715;-256.895;-256.927;-255.988;11:52:26
2697;30.0168;29.7859;-256.747;-256.269;-256.715;-256.895;-256.927;-255.988;11:52:26
2698;30.009;29.7938;-256.747;-256.262;-256.708;-256.895;-256.927;-255.98;11:52:27
2699;30.0168;29.7859;-256.743;-256.269;-256.715;-256.895;-256.927;-255.996;11:52:27
2700;30.0168;29.7859;-256.743;-256.262;-256.715;-256.895;-256.927;-255.98;11:52:28
2701;30.009;29.7938;-256.751;-256.254;-256.708;-256.895;-256.927;-255.988;11:52:28
2702;30.009;29.7859;-256.743;-256.262;-256.715;-256.895;-256.935;-255.988;11:52:29
2703;30.009;29.7938;-256.747;-256.254;-256.708;-256.895;-256.927;-255.988;11:52:29
2704;30.0168;29.7859;-256.743;-256.262;-256.708;-256.895;-256.927;-255.988;11:52:30
2705;30.009;29.7938;-256.747;-256.262;-256.708;-256.895;-256.919;-255.988;11:52:30
2706;30.009;29.7938;-256.747;-256.262;-256.715;-256.895;-256.935;-255.988;11:52:31
2707;30.0168;29.7938;-256.747;-256.262;-256.715;-256.903;-256.919;-255.98;11:52:31
2708;30.009;29.7938;-256.751;-256.262;-256.708;-256.895;-256.935;-255.988;11:52:32
2709;30.0168;29.7938;-256.751;-256.254;-256.715;-256.895;-256.927;-255.988;11:52:32
2710;30.0168;29.8016;-256.747;-256.262;-256.715;-256.903;-256.935;-255.98;11:52:33
2711;30.009;29.8016;-256.751;-256.262;-256.715;-256.903;-256.927;-255.98;11:52:33
2712;30.0011;29.8016;-256.751;-256.269;-256.723;-256.911;-256.927;-255.988;11:52:34
2713;30.009;29.7938;-256.747;-256.269;-256.715;-256.903;-256.927;-255.988;11:52:34
2714;30.009;29.8016;-256.751;-256.262;-256.715;-256.903;-256.935;-255.98;11:52:35
2715;30.0168;29.8094;-256.751;-256.269;-256.715;-256.903;-256.927;-255.988;11:52:35
2716;30.0011;29.8094;-256.747;-256.262;-256.715;-256.903;-256.927;-255.996;11:52:36
2717;30.009;29.8094;-256.747;-256.269;-256.708;-256.911;-256.927;-255.988;11:52:36
2718;30.0011;29.8016;-256.747;-256.262;-256.715;-256.903;-256.935;-255.988;11:52:37
2719;30.009;29.8016;-256.747;-256.269;-256.708;-256.903;-256.927;-255.988;11:52:37
2720;30.009;29.8094;-256.747;-256.262;-256.715;-256.903;-256.935;-255.98;11:52:38
2721;30.0168;29.8016;-256.747;-256.269;-256.715;-256.903;-256.927;-255.988;11:52:38
2722;30.0168;29.8016;-256.751;-256.269;-256.715;-256.911;-256.927;-255.98;11:52:39
2723;30.0168;29.8016;-256.751;-256.269;-256.715;-256.903;-256.927;-255.988;11:52:39
2724;30.0168;29.8016;-256.751;-256.262;-256.715;-256.903;-256.935;-255.988;11:52:40
2725;30.009;29.8016;-256.751;-256.269;-256.715;-256.903;-256.927;-255.98;11:52:40
2726;30.009;29.7938;-256.751;-256.269;-256.715;-256.903;-256.927;-255.988;11:52:41
2727;30.009;29.8016;-256.755;-256.269;-256.715;-256.911;-256.927;-255.988;11:52:41
2728;30.0011;29.8016;-256.758;-256.269;-256.715;-256.903;-256.927;-255.98;11:52:42
2729;30.009;29.7938;-256.755;-256.269;-256.708;-256.895;-256.927;-255.988;11:52:42
2730;30.009;29.8016;-256.755;-256.269;-256.715;-256.903;-256.935;-255.98;11:52:43
2731;30.0168;29.8016;-256.751;-256.269;-256.715;-256.903;-256.927;-255.988;11:52:43
2732;30.0011;29.8016;-256.755;-256.269;-256.715;-256.895;-256.935;-255.988;11:52:44
2733;30.009;29.7938;-256.755;-256.269;-256.715;-256.903;-256.927;-255.98;11:52:44
2734;30.0011;29.7938;-256.751;-256.262;-256.708;-256.895;-256.935;-255.988;11:52:45
2735;30.009;29.7859;-256.755;-256.269;-256.715;-256.903;-256.942;-255.988;11:52:45
2736;30.0011;29.7938;-256.755;-256.262;-256.708;-256.903;-256.927;-255.98;11:52:46
2737;30.009;29.7859;-256.755;-256.262;-256.715;-256.903;-256.935;-255.988;11:52:46
2738;30.0011;29.7938;-256.758;-256.262;-256.715;-256.903;-256.935;-255.988;11:52:47
2739;30.009;29.7938;-256.755;-256.269;-256.715;-256.903;-256.942;-255.988;11:52:47
2740;30.009;29.7938;-256.755;-256.262;-256.715;-256.903;-256.942;-255.98;11:52:48
2741;30.0011;29.7859;-256.755;-256.269;-256.715;-256.903;-256.935;-255.988;11:52:48
2742;30.0011;29.7938;-256.758;-256.262;-256.708;-256.903;-256.935;-255.988;11:52:49
2743;30.009;29.7938;-256.755;-256.269;-256.715;-256.903;-256.935;-255.98;11:52:49
2744;30.0011;29.7938;-256.758;-256.269;-256.708;-256.895;-256.927;-255.988;11:52:50
2745;30.0011;29.7938;-256.755;-256.269;-256.715;-256.911;-256.927;-255.988;11:52:50
2746;30.0011;29.7938;-256.758;-256.262;-256.708;-256.903;-256.935;-255.98;11:52:51
2747;30.009;29.8016;-256.758;-256.269;-256.708;-256.903;-256.935;-255.988;11:52:51
2748;30.0011;29.7938;-256.758;-256.269;-256.708;-256.903;-256.935;-255.988;11:52:52
2749;30.009;29.8016;-256.755;-256.269;-256.708;-256.895;-256.935;-255.98;11:52:52
2750;30.0011;29.8016;-256.755;-256.269;-256.708;-256.903;-256.927;-255.988;11:52:53
2751;30.009;29.8016;-256.758;-256.262;-256.708;-256.895;-256.927;-255.988;11:52:53
2752;30.009;29.7859;-256.758;-256.269;-256.7;-256.903;-256.935;-255.98;11:52:54
2753;30.009;29.8016;-256.758;-256.269;-256.708;-256.895;-256.927;-255.988;11:52:54
2754;30.0168;29.7938;-256.755;-256.269;-256.708;-256.903;-256.927;-255.988;11:52:55
2755;30.009;29.7938;-256.755;-256.262;-256.708;-256.895;-256.935;-255.972;11:52:55
2756;30.009;29.7938;-256.755;-256.269;-256.708;-256.903;-256.927;-255.988;11:52:56
2757;30.009;29.8016;-256.751;-256.269;-256.708;-256.895;-256.935;-255.98;11:52:56
2758;30.0011;29.8016;-256.755;-256.262;-256.7;-256.903;-256.927;-255.988;11:52:57
2759;30.0168;29.8016;-256.747;-256.269;-256.7;-256.895;-256.935;-255.988;11:52:57
2760;30.009;29.8016;-256.751;-256.262;-256.715;-256.895;-256.935;-255.98;11:52:58
2761;30.009;29.8094;-256.755;-256.269;-256.7;-256.903;-256.935;-255.98;11:52:58
2762;30.0168;29.8016;-256.755;-256.262;-256.708;-256.895;-256.935;-255.988;11:52:59
2763;30.009;29.8016;-256.755;-256.262;-256.708;-256.895;-256.935;-255.98;11:52:59
2764;30.0168;29.8094;-256.751;-256.262;-256.708;-256.895;-256.927;-255.988;11:53:00
2765;30.0168;29.8094;-256.751;-256.262;-256.7;-256.895;-256.935;-255.996;11:53:00
2766;30.0168;29.8094;-256.747;-256.269;-256.708;-256.895;-256.935;-255.988;11:53:01
2767;30.0168;29.8094;-256.751;-256.262;-256.7;-256.895;-256.935;-255.988;11:53:01
2768;30.0168;29.8016;-256.755;-256.254;-256.708;-256.903;-256.935;-255.98;11:53:02
2769;30.0246;29.8016;-256.751;-256.262;-256.708;-256.895;-256.935;-255.988;11:53:02
2770;30.0246;29.8016;-256.751;-256.262;-256.708;-256.888;-256.935;-255.988;11:53:03
2771;30.0168;29.8016;-256.755;-256.254;-256.708;-256.895;-256.927;-255.988;11:53:03
2772;30.0168;29.8094;-256.751;-256.262;-256.7;-256.895;-256.935;-255.98;11:53:04
2773;30.0168;29.8016;-256.755;-256.262;-256.7;-256.895;-256.935;-255.988;11:53:04
2774;30.0168;29.8016;-256.755;-256.254;-256.708;-256.895;-256.927;-255.988;11:53:05
2775;30.0168;29.8016;-256.755;-256.269;-256.7;-256.903;-256.927;-255.988;11:53:05
2776;30.009;29.8016;-256.751;-256.262;-256.708;-256.895;-256.927;-255.988;11:53:06
2777;30.0168;29.7938;-256.755;-256.262;-256.7;-256.903;-256.927;-255.98;11:53:06
2778;30.009;29.7938;-256.755;-256.262;-256.7;-256.895;-256.927;-255.98;11:53:07
2779;30.009;29.8016;-256.751;-256.262;-256.708;-256.895;-256.942;-255.98;11:53:07
2780;30.009;29.8094;-256.755;-256.262;-256.7;-256.888;-256.935;-255.98;11:53:08
2781;30.0168;29.8016;-256.755;-256.262;-256.7;-256.895;-256.935;-255.98;11:53:08
2782;30.0168;29.8094;-256.755;-256.262;-256.7;-256.903;-256.935;-255.972;11:53:09
2783;30.0207;29.8016;-256.755;-256.262;-256.708;-256.895;-256.935;-255.98;11:53:09
2784;30.0246;29.8094;-256.755;-256.269;-256.708;-256.895;-256.942;-255.98;11:53:10
2785;30.0168;29.8016;-256.755;-256.262;-256.708;-256.903;-256.935;-255.98;11:53:10
2786;30.0246;29.8172;-256.758;-256.262;-256.708;-256.895;-256.935;-255.98;11:53:11
2787;30.0168;29.8172;-256.755;-256.269;-256.708;-256.895;-256.935;-255.98;11:53:11
2788;30.0246;29.8094;-256.758;-256.262;-256.7;-256.895;-256.935;-255.98;11:53:12
2789;30.0246;29.8172;-256.755;-256.262;-256.7;-256.895;-256.935;-255.98;11:53:12
2790;30.0168;29.8094;-256.755;-256.262;-256.708;-256.903;-256.927;-255.98;11:53:13
2791;30.0246;29.8172;-256.758;-256.262;-256.7;-256.903;-256.935;-255.988;11:53:13
2792;30.0246;29.8172;-256.755;-256.262;-256.7;-256.903;-256.927;-255.988;11:53:14
2793;30.0168;29.8094;-256.755;-256.254;-256.708;-256.895;-256.935;-255.98;11:53:14
2794;30.0246;29.8094;-256.751;-256.262;-256.7;-256.903;-256.935;-255.988;11:53:15
2795;30.009;29.8251;-256.755;-256.269;-256.708;-256.903;-256.935;-255.988;11:53:15
2796;30.0246;29.8172;-256.755;-256.262;-256.715;-256.911;-256.935;-255.988;11:53:16
2797;30.0168;29.8172;-256.755;-256.269;-256.708;-256.903;-256.95;-255.98;11:53:16
2798;30.0246;29.8094;-256.755;-256.262;-256.708;-256.903;-256.935;-255.988;11:53:17
2799;30.0168;29.8172;-256.755;-256.262;-256.708;-256.911;-256.942;-255.98;11:53:17
2800;30.0168;29.8172;-256.758;-256.269;-256.708;-256.903;-256.942;-255.988;11:53:18
2801;30.0246;29.8094;-256.755;-256.262;-256.708;-256.903;-256.942;-255.988;11:53:18
2802;30.0168;29.8172;-256.755;-256.262;-256.708;-256.903;-256.942;-255.988;11:53:19
2803;30.0246;29.8172;-256.755;-256.262;-256.708;-256.903;-256.935;-255.988;11:53:19
2804;30.0168;29.8172;-256.755;-256.262;-256.708;-256.903;-256.935;-255.988;11:53:20
2805;30.0168;29.8251;-256.755;-256.262;-256.715;-256.911;-256.942;-255.988;11:53:20
2806;30.0168;29.8172;-256.755;-256.262;-256.708;-256.903;-256.942;-255.996;11:53:21
2807;30.0246;29.8172;-256.755;-256.262;-256.715;-256.895;-256.942;-255.988;11:53:21
2808;30.0246;29.8251;-256.758;-256.262;-256.715;-256.903;-256.95;-255.988;11:53:22
2809;30.0246;29.8172;-256.755;-256.269;-256.708;-256.903;-256.935;-255.988;11:53:22
2810;30.0285;29.8172;-256.755;-256.262;-256.708;-256.903;-256.935;-255.988;11:53:23
2811;30.0285;29.8094;-256.755;-256.262;-256.708;-256.903;-256.935;-255.988;11:53:23
2812;30.0285;29.8172;-256.758;-256.269;-256.708;-256.903;-256.935;-255.988;11:53:24
2813;30.0246;29.8251;-256.755;-256.262;-256.715;-256.903;-256.942;-255.996;11:53:24
2814;30.0246;29.8172;-256.755;-256.262;-256.7;-256.903;-256.942;-255.98;11:53:25
2815;30.0246;29.8172;-256.751;-256.269;-256.715;-256.903;-256.935;-255.996;11:53:25
2816;30.0246;29.8172;-256.755;-256.262;-256.7;-256.895;-256.935;-255.996;11:53:26
2817;30.0246;29.8251;-256.755;-256.269;-256.708;-256.903;-256.927;-255.988;11:53:26
2818;30.0285;29.8094;-256.755;-256.262;-256.708;-256.903;-256.935;-255.988;11:53:27
2819;30.0246;29.8172;-256.755;-256.277;-256.708;-256.895;-256.935;-255.988;11:53:27
2820;30.0246;29.8094;-256.755;-256.262;-256.708;-256.888;-256.935;-255.996;11:53:28
2821;30.0285;29.8094;-256.758;-256.269;-256.708;-256.895;-256.927;-255.988;11:53:28
2822;30.0246;29.8094;-256.751;-256.269;-256.708;-256.895;-256.935;-255.988;11:53:29
2823;30.0246;29.8016;-256.755;-256.269;-256.708;-256.903;-256.935;-255.988;11:53:29
2824;30.0168;29.8094;-256.747;-256.269;-256.708;-256.911;-256.935;-255.988;11:53:30
2825;30.0168;29.8172;-256.755;-256.262;-256.708;-256.895;-256.927;-255.988;11:53:30
2826;30.0168;29.8094;-256.751;-256.269;-256.7;-256.903;-256.927;-255.988;11:53:31
2827;30.0168;29.8094;-256.751;-256.262;-256.708;-256.895;-256.935;-255.996;11:53:31
2828;30.0168;29.8094;-256.751;-256.269;-256.708;-256.895;-256.942;-255.98;11:53:32
2829;30.0168;29.8094;-256.751;-256.269;-256.708;-256.903;-256.942;-255.988;11:53:32
2830;30.009;29.8094;-256.747;-256.262;-256.715;-256.903;-256.927;-255.996;11:53:33
2831;30.0168;29.8251;-256.743;-256.269;-256.7;-256.903;-256.935;-255.988;11:53:33
2832;30.009;29.8172;-256.747;-256.262;-256.715;-256.911;-256.927;-255.988;11:53:34
2833;30.009;29.8172;-256.751;-256.269;-256.708;-256.903;-256.935;-255.988;11:53:34
2834;30.009;29.8172;-256.751;-256.262;-256.708;-256.911;-256.935;-255.988;11:53:35
2835;30.0011;29.8251;-256.751;-256.262;-256.715;-256.911;-256.935;-255.996;11:53:35
2836;30.0011;29.8172;-256.751;-256.262;-256.715;-256.903;-256.935;-255.996;11:53:36
2837;30.009;29.8172;-256.747;-256.262;-256.715;-256.903;-256.935;-255.988;11:53:36
2838;30.009;29.8251;-256.755;-256.262;-256.708;-256.903;-256.942;-255.988;11:53:37
2839;30.0011;29.8172;-256.751;-256.269;-256.715;-256.903;-256.935;-255.988;11:53:37
2840;30.0168;29.8251;-256.747;-256.262;-256.715;-256.911;-256.927;-255.988;11:53:38
2841;30.0168;29.8251;-256.755;-256.269;-256.715;-256.903;-256.935;-255.996;11:53:38
2842;30.009;29.8251;-256.751;-256.262;-256.708;-256.903;-256.935;-255.988;11:53:39
2843;30.0168;29.8172;-256.755;-256.269;-256.715;-256.903;-256.935;-255.988;11:53:39
2844;30.009;29.8329;-256.755;-256.262;-256.715;-256.911;-256.927;-255.996;11:53:40
2845;30.009;29.8251;-256.751;-256.269;-256.715;-256.903;-256.935;-255.996;11:53:40
2846;30.0168;29.8172;-256.755;-256.269;-256.715;-256.903;-256.935;-255.996;11:53:41
2847;30.0168;29.8172;-256.751;-256.269;-256.715;-256.903;-256.935;-255.988;11:53:41
2848;30.0168;29.8172;-256.751;-256.269;-256.708;-256.903;-256.942;-255.996;11:53:42
2849;30.0168;29.8251;-256.751;-256.269;-256.715;-256.903;-256.935;-255.988;11:53:42
2850;30.0168;29.8172;-256.751;-256.269;-256.7;-256.903;-256.935;-255.988;11:53:43
2851;30.0168;29.8172;-256.751;-256.262;-256.708;-256.903;-256.935;-255.988;11:53:43
2852;30.0168;29.8172;-256.751;-256.269;-256.708;-256.888;-256.927;-255.996;11:53:44
2853;30.0246;29.8172;-256.755;-256.269;-256.708;-256.903;-256.942;-255.988;11:53:44
2854;30.0168;29.8172;-256.751;-256.269;-256.715;-256.895;-256.935;-255.996;11:53:45
2855;30.0168;29.8172;-256.755;-256.269;-256.708;-256.895;-256.927;-255.988;11:53:45
2856;30.0168;29.8172;-256.751;-256.269;-256.708;-256.895;-256.935;-255.988;11:53:46
2857;30.0168;29.8172;-256.751;-256.262;-256.708;-256.903;-256.935;-255.988;11:53:46
2858;30.0246;29.8172;-256.747;-256.269;-256.708;-256.895;-256.935;-255.988;11:53:47
2859;30.0168;29.8172;-256.751;-256.269;-256.708;-256.895;-256.927;-255.98;11:53:47
2860;30.0168;29.8172;-256.751;-256.269;-256.708;-256.903;-256.942;-255.98;11:53:48
2861;30.0168;29.8172;-256.751;-256.269;-256.708;-256.895;-256.935;-255.988;11:53:48
2862;30.009;29.8172;-256.751;-256.269;-256.708;-256.903;-256.935;-255.988;11:53:49
2863;30.0168;29.8251;-256.751;-256.269;-256.715;-256.895;-256.95;-255.988;11:53:49
2864;30.0168;29.8172;-256.758;-256.269;-256.715;-256.903;-256.942;-255.988;11:53:50
2865;30.0168;29.8251;-256.755;-256.269;-256.708;-256.895;-256.927;-255.988;11:53:50
2866;30.0168;29.8172;-256.755;-256.269;-256.708;-256.895;-256.942;-255.988;11:53:51
2867;30.0168;29.8172;-256.755;-256.269;-256.708;-256.903;-256.942;-255.988;11:53:51
2868;30.0246;29.8251;-256.751;-256.269;-256.708;-256.903;-256.935;-255.988;11:53:52
2869;30.0168;29.8251;-256.751;-256.269;-256.708;-256.895;-256.935;-255.996;11:53:52
2870;30.0168;29.8251;-256.751;-256.262;-256.715;-256.903;-256.919;-255.988;11:53:53
2871;30.009;29.8251;-256.755;-256.269;-256.708;-256.903;-256.935;-255.996;11:53:53
2872;30.0246;29.8172;-256.747;-256.269;-256.715;-256.895;-256.927;-255.996;11:53:54
2873;30.0168;29.8251;-256.755;-256.269;-256.708;-256.903;-256.935;-255.988;11:53:54
2874;30.0285;29.8251;-256.747;-256.262;-256.715;-256.903;-256.935;-255.996;11:53:55
2875;30.0246;29.8329;-256.751;-256.262;-256.7;-256.888;-256.935;-255.988;11:53:55
2876;30.0246;29.8251;-256.751;-256.269;-256.708;-256.895;-256.942;-255.996;11:53:56
2877;30.0285;29.8172;-256.755;-256.262;-256.715;-256.895;-256.935;-255.988;11:53:56
2878;30.0168;29.8251;-256.751;-256.262;-256.708;-256.903;-256.935;-255.996;11:53:57
2879;30.0285;29.8251;-256.751;-256.262;-256.715;-256.903;-256.935;-255.988;11:53:57
2880;30.0246;29.8251;-256.755;-256.262;-256.7;-256.903;-256.927;-255.988;11:53:58
2881;30.0285;29.8251;-256.751;-256.262;-256.708;-256.895;-256.935;-255.996;11:53:58
2882;30.0246;29.8251;-256.751;-256.262;-256.708;-256.903;-256.935;-255.988;11:53:59
2883;30.0324;29.8251;-256.751;-256.262;-256.715;-256.895;-256.935;-255.988;11:53:59
2884;30.0246;29.8329;-256.755;-256.262;-256.708;-256.903;-256.935;-255.996;11:54:00
2885;30.0285;29.8251;-256.751;-256.262;-256.708;-256.895;-256.935;-255.988;11:54:00
2886;30.0246;29.8251;-256.755;-256.262;-256.708;-256.903;-256.935;-255.996;11:54:01
2887;30.0246;29.8251;-256.755;-256.254;-256.715;-256.895;-256.942;-255.988;11:54:01
2888;30.0246;29.8329;-256.755;-256.262;-256.708;-256.903;-256.935;-255.988;11:54:02
2889;30.0168;29.8251;-256.751;-256.254;-256.708;-256.895;-256.935;-255.988;11:54:02
2890;30.0168;29.8251;-256.755;-256.262;-256.715;-256.903;-256.935;-255.996;11:54:03
2891;30.0168;29.8251;-256.755;-256.262;-256.708;-256.895;-256.927;-255.988;11:54:03
2892;30.0246;29.8251;-256.758;-256.269;-256.708;-256.903;-256.927;-255.988;11:54:04
2893;30.0168;29.8251;-256.762;-256.262;-256.715;-256.895;-256.935;-255.988;11:54:04
2894;30.0246;29.8329;-256.755;-256.254;-256.708;-256.903;-256.935;-255.988;11:54:05
2895;30.0246;29.8407;-256.758;-256.254;-256.708;-256.895;-256.935;-255.988;11:54:05
2896;30.0246;29.8329;-256.755;-256.254;-256.708;-256.903;-256.935;-255.98;11:54:06
2897;30.0168;29.8251;-256.762;-256.254;-256.708;-256.895;-256.935;-255.996;11:54:06
2898;30.0246;29.8329;-256.758;-256.269;-256.715;-256.895;-256.935;-255.996;11:54:07
2899;30.0168;29.8407;-256.758;-256.262;-256.715;-256.903;-256.935;-255.996;11:54:07
2900;30.0246;29.8329;-256.755;-256.254;-256.708;-256.895;-256.935;-255.988;11:54:08
2901;30.0207;29.8329;-256.755;-256.262;-256.715;-256.895;-256.935;-255.996;11:54:08
2902;30.0246;29.8329;-256.758;-256.262;-256.708;-256.895;-256.935;-255.988;11:54:09
2903;30.0246;29.8329;-256.755;-256.262;-256.715;-256.903;-256.935;-255.996;11:54:09
2904;30.0246;29.8329;-256.758;-256.254;-256.708;-256.895;-256.935;-255.988;11:54:10
2905;30.0246;29.8329;-256.755;-256.262;-256.708;-256.903;-256.935;-255.996;11:54:10
2906;30.0246;29.8407;-256.755;-256.262;-256.715;-256.903;-256.935;-255.996;11:54:11
2907;30.0246;29.8329;-256.755;-256.262;-256.708;-256.903;-256.927;-255.996;11:54:11
2908;30.0246;29.8485;-256.758;-256.262;-256.715;-256.903;-256.935;-255.996;11:54:12
2909;30.0285;29.8329;-256.755;-256.262;-256.715;-256.903;-256.935;-255.988;11:54:12
2910;30.0246;29.8407;-256.751;-256.262;-256.708;-256.903;-256.935;-255.996;11:54:13
2911;30.0285;29.8329;-256.755;-256.269;-256.708;-256.903;-256.935;-255.988;11:54:13
2912;30.0246;29.8407;-256.755;-256.262;-256.708;-256.903;-256.942;-255.988;11:54:14
2913;30.0168;29.8485;-256.751;-256.262;-256.715;-256.903;-256.927;-255.988;11:54:14
2914;30.0246;29.8407;-256.755;-256.262;-256.708;-256.911;-256.935;-255.996;11:54:15
2915;30.0168;29.8407;-256.755;-256.262;-256.708;-256.903;-256.935;-255.988;11:54:15
2916;30.0246;29.8407;-256.751;-256.262;-256.708;-256.903;-256.935;-255.988;11:54:16
2917;30.0168;29.8407;-256.755;-256.262;-256.708;-256.895;-256.935;-255.98;11:54:16
2918;30.0246;29.8329;-256.755;-256.262;-256.7;-256.911;-256.935;-255.988;11:54:17
2919;30.0168;29.8407;-256.755;-256.269;-256.708;-256.903;-256.927;-255.988;11:54:17
2920;30.0168;29.8329;-256.751;-256.254;-256.708;-256.903;-256.935;-255.988;11:54:18
2921;30.0168;29.8407;-256.751;-256.262;-256.715;-256.903;-256.927;-255.988;11:54:18
2922;30.0168;29.8407;-256.755;-256.262;-256.708;-256.903;-256.935;-255.98;11:54:19
2923;30.0285;29.8329;-256.755;-256.262;-256.715;-256.903;-256.927;-255.988;11:54:19
2924;30.0246;29.8407;-256.755;-256.262;-256.715;-256.903;-256.935;-255.98;11:54:20
2925;30.0246;29.8329;-256.755;-256.262;-256.708;-256.903;-256.927;-255.988;11:54:20
2926;30.0246;29.8251;-256.755;-256.262;-256.715;-256.895;-256.935;-255.988;11:54:21
2927;30.0285;29.8329;-256.758;-256.262;-256.708;-256.911;-256.927;-255.98;11:54:21
2928;30.0168;29.8251;-256.751;-256.262;-256.715;-256.903;-256.935;-255.98;11:54:22
2929;30.0246;29.8251;-256.755;-256.262;-256.723;-256.903;-256.935;-255.988;11:54:22
2930;30.0285;29.8407;-256.751;-256.269;-256.715;-256.903;-256.935;-255.988;11:54:23
2931;30.0246;29.8251;-256.755;-256.262;-256.715;-256.903;-256.935;-255.988;11:54:23
2932;30.0285;29.8251;-256.751;-256.262;-256.708;-256.911;-256.935;-255.988;11:54:24
2933;30.0324;29.8329;-256.751;-256.269;-256.715;-256.903;-256.935;-255.98;11:54:24
2934;30.0285;29.8172;-256.755;-256.262;-256.715;-256.903;-256.935;-255.996;11:54:25
2935;30.0285;29.8329;-256.751;-256.269;-256.715;-256.903;-256.935;-255.988;11:54:25
2936;30.0246;29.8251;-256.751;-256.262;-256.708;-256.903;-256.942;-255.988;11:54:26
2937;30.0285;29.8251;-256.751;-256.269;-256.715;-256.903;-256.942;-255.988;11:54:26
2938;30.0246;29.8251;-256.755;-256.269;-256.708;-256.911;-256.935;-255.98;11:54:27
2939;30.0285;29.8251;-256.755;-256.269;-256.715;-256.903;-256.942;-255.988;11:54:27
2940;30.0246;29.8251;-256.755;-256.262;-256.708;-256.895;-256.935;-255.988;11:54:28
2941;30.0285;29.8251;-256.751;-256.269;-256.715;-256.911;-256.935;-255.988;11:54:28
2942;30.0324;29.8329;-256.755;-256.262;-256.708;-256.895;-256.935;-255.988;11:54:29
2943;30.0285;29.8251;-256.755;-256.262;-256.715;-256.903;-256.942;-255.988;11:54:29
2944;30.0285;29.8251;-256.751;-256.269;-256.708;-256.903;-256.935;-255.988;11:54:30
2945;30.0246;29.8251;-256.755;-256.262;-256.715;-256.895;-256.942;-255.988;11:54:30
2946;30.0285;29.8251;-256.751;-256.262;-256.708;-256.911;-256.935;-255.996;11:54:31
2947;30.0285;29.8251;-256.751;-256.262;-256.715;-256.911;-256.935;-255.988;11:54:31
2948;30.0285;29.8251;-256.755;-256.262;-256.708;-256.903;-256.942;-255.988;11:54:32
2949;30.0285;29.8329;-256.755;-256.262;-256.708;-256.903;-256.95;-255.988;11:54:32
2950;30.0324;29.8251;-256.751;-256.262;-256.708;-256.903;-256.942;-255.988;11:54:33
2951;30.0324;29.8329;-256.758;-256.254;-256.708;-256.903;-256.942;-255.98;11:54:33
2952;30.0363;29.8251;-256.751;-256.262;-256.715;-256.903;-256.942;-255.988;11:54:34
2953;30.0324;29.8329;-256.755;-256.262;-256.708;-256.903;-256.942;-255.98;11:54:34
2954;30.0324;29.8329;-256.751;-256.254;-256.708;-256.903;-256.942;-255.988;11:54:35
2955;30.0324;29.8329;-256.751;-256.262;-256.708;-256.903;-256.935;-255.988;11:54:35
2956;30.0324;29.8329;-256.755;-256.262;-256.708;-256.903;-256.935;-255.988;11:54:36
2957;30.0285;29.8329;-256.755;-256.254;-256.708;-256.903;-256.935;-255.996;11:54:36
2958;30.0324;29.8329;-256.755;-256.262;-256.715;-256.903;-256.935;-255.988;11:54:37
2959;30.0324;29.8251;-256.755;-256.254;-256.708;-256.903;-256.935;-255.988;11:54:37
2960;30.0324;29.8251;-256.755;-256.254;-256.715;-256.911;-256.942;-255.996;11:54:38
2961;30.0324;29.8251;-256.751;-256.254;-256.715;-256.903;-256.942;-255.988;11:54:38
2962;30.0285;29.8251;-256.755;-256.262;-256.708;-256.911;-256.942;-255.996;11:54:39
2963;30.0285;29.8251;-256.755;-256.254;-256.715;-256.903;-256.935;-255.988;11:54:39
2964;30.0285;29.8251;-256.755;-256.254;-256.715;-256.903;-256.935;-255.988;11:54:40
2965;30.0285;29.8251;-256.755;-256.254;-256.708;-256.903;-256.942;-255.988;11:54:40
2966;30.0285;29.8251;-256.751;-256.262;-256.708;-256.911;-256.935;-255.988;11:54:41
2967;30.0324;29.8251;-256.755;-256.254;-256.708;-256.903;-256.942;-255.988;11:54:41
2968;30.0285;29.8251;-256.755;-256.262;-256.708;-256.903;-256.942;-255.988;11:54:42
2969;30.0285;29.8172;-256.751;-256.262;-256.708;-256.903;-256.935;-255.988;11:54:42
2970;30.0324;29.8329;-256.755;-256.262;-256.715;-256.903;-256.942;-255.98;11:54:43
2971;30.0285;29.8251;-256.755;-256.262;-256.708;-256.911;-256.935;-255.996;11:54:43
2972;30.0246;29.8251;-256.751;-256.262;-256.708;-256.903;-256.935;-255.98;11:54:44
2973;30.0285;29.8329;-256.755;-256.262;-256.715;-256.903;-256.942;-255.996;11:54:44
2974;30.0285;29.8251;-256.751;-256.262;-256.708;-256.911;-256.942;-255.988;11:54:45
2975;30.0246;29.8329;-256.755;-256.262;-256.715;-256.903;-256.935;-255.98;11:54:45
2976;30.0285;29.8329;-256.755;-256.262;-256.715;-256.911;-256.935;-255.988;11:54:46
2977;30.0285;29.8251;-256.755;-256.262;-256.708;-256.911;-256.942;-255.988;11:54:46
2978;30.0246;29.8251;-256.755;-256.262;-256.708;-256.903;-256.942;-255.988;11:54:47
2979;30.0285;29.8329;-256.755;-256.269;-256.715;-256.903;-256.942;-255.988;11:54:47
2980;30.0246;29.8172;-256.747;-256.269;-256.708;-256.911;-256.942;-255.988;11:54:48
2981;30.0246;29.8251;-256.747;-256.262;-256.708;-256.895;-256.942;-255.988;11:54:48
2982;30.0246;29.8251;-256.747;-256.269;-256.708;-256.911;-256.935;-255.996;11:54:49
2983;30.0285;29.8251;-256.747;-256.262;-256.708;-256.903;-256.942;-255.996;11:54:49
2984;30.0246;29.8172;-256.747;-256.269;-256.715;-256.903;-256.927;-255.996;11:54:50
2985;30.0246;29.8172;-256.751;-256.262;-256.708;-256.903;-256.927;-255.988;11:54:50
2986;30.0285;29.8251;-256.747;-256.262;-256.708;-256.903;-256.927;-255.988;11:54:51
2987;30.0285;29.8172;-256.747;-256.269;-256.708;-256.903;-256.927;-255.988;11:54:51
2988;30.0285;29.8251;-256.743;-256.262;-256.708;-256.903;-256.935;-255.988;11:54:52
2989;30.0285;29.8251;-256.743;-256.262;-256.708;-256.903;-256.927;-255.988;11:54:52
2990;30.0285;29.8172;-256.743;-256.262;-256.708;-256.903;-256.927;-255.988;11:54:53
2991;30.0285;29.8251;-256.743;-256.262;-256.708;-256.895;-256.927;-255.988;11:54:53
2992;30.0285;29.8172;-256.743;-256.262;-256.715;-256.903;-256.935;-255.988;11:54:54
2993;30.0285;29.8251;-256.743;-256.269;-256.708;-256.903;-256.942;-255.988;11:54:54
2994;30.0285;29.8251;-256.743;-256.262;-256.715;-256.903;-256.935;-255.98;11:54:55
2995;30.0324;29.8329;-256.743;-256.262;-256.708;-256.895;-256.935;-255.988;11:54:55
2996;30.0246;29.8251;-256.743;-256.262;-256.708;-256.911;-256.942;-255.988;11:54:56
2997;30.0285;29.8251;-256.739;-256.269;-256.715;-256.903;-256.935;-255.988;11:54:56
2998;30.0285;29.8251;-256.743;-256.262;-256.708;-256.903;-256.935;-255.988;11:54:57
2999;30.0324;29.8329;-256.735;-256.262;-256.715;-256.903;-256.935;-255.98;11:54:57
3000;30.0285;29.8251;-256.743;-256.262;-256.708;-256.903;-256.927;-255.988;11:54:58
3001;30.0285;29.8329;-256.743;-256.269;-256.708;-256.903;-256.935;-255.98;11:54:58
3002;30.0285;29.8251;-256.739;-256.262;-256.715;-256.903;-256.935;-255.988;11:54:59
3003;30.0285;29.8251;-256.735;-256.269;-256.708;-256.895;-256.935;-255.98;11:54:59
3004;30.0324;29.8251;-256.735;-256.269;-256.708;-256.895;-256.935;-255.98;11:55:00
3005;30.0285;29.8329;-256.735;-256.262;-256.715;-256.903;-256.927;-255.988;11:55:00
3006;30.0285;29.8329;-256.735;-256.269;-256.715;-256.903;-256.927;-255.988;11:55:01
3007;30.0324;29.8329;-256.747;-256.269;-256.708;-256.903;-256.935;-255.988;11:55:01
3008;30.0324;29.8329;-256.747;-256.277;-256.708;-256.903;-256.935;-255.988;11:55:02
3009;30.0324;29.8329;-256.747;-256.269;-256.715;-256.903;-256.942;-255.996;11:55:02
3010;30.0324;29.8329;-256.747;-256.269;-256.715;-256.903;-256.935;-255.988;11:55:03
3011;30.0285;29.8329;-256.743;-256.269;-256.715;-256.903;-256.935;-255.988;11:55:03
3012;30.0363;29.8329;-256.743;-256.269;-256.715;-256.903;-256.935;-255.988;11:55:04
3013;30.0324;29.8329;-256.747;-256.269;-256.715;-256.903;-256.935;-255.988;11:55:04
3014;30.0324;29.8407;-256.743;-256.269;-256.715;-256.903;-256.935;-255.988;11:55:05
3015;30.0285;29.8329;-256.743;-256.269;-256.715;-256.911;-256.942;-255.988;11:55:05
3016;30.0363;29.8329;-256.735;-256.262;-256.715;-256.895;-256.927;-255.988;11:55:06
3017;30.0324;29.8407;-256.743;-256.262;-256.715;-256.903;-256.935;-255.988;11:55:06
3018;30.0324;29.8329;-256.735;-256.262;-256.715;-256.903;-256.935;-255.98;11:55:07
3019;30.0324;29.8407;-256.743;-256.262;-256.715;-256.911;-256.942;-255.98;11:55:07
3020;30.0285;29.8407;-256.747;-256.269;-256.715;-256.903;-256.935;-255.98;11:55:08
3021;30.0324;29.8407;-256.751;-256.262;-256.715;-256.903;-256.942;-255.988;11:55:08
3022;30.0324;29.8407;-256.751;-256.262;-256.715;-256.903;-256.935;-255.98;11:55:09
3023;30.0324;29.8329;-256.751;-256.269;-256.708;-256.895;-256.935;-255.988;11:55:09
3024;30.0285;29.8407;-256.751;-256.269;-256.715;-256.903;-256.927;-255.988;11:55:10
3025;30.0324;29.8407;-256.751;-256.262;-256.715;-256.903;-256.935;-255.988;11:55:10
3026;30.0285;29.8407;-256.751;-256.269;-256.715;-256.903;-256.927;-255.988;11:55:11
3027;30.0324;29.8407;-256.751;-256.269;-256.708;-256.895;-256.935;-255.98;11:55:11
3028;30.0285;29.8407;-256.747;-256.262;-256.708;-256.903;-256.927;-255.988;11:55:12
3029;30.0285;29.8329;-256.751;-256.262;-256.715;-256.903;-256.935;-255.988;11:55:12
3030;30.0285;29.8407;-256.751;-256.269;-256.715;-256.903;-256.927;-255.988;11:55:13
3031;30.0285;29.8407;-256.747;-256.269;-256.715;-256.903;-256.935;-255.98;11:55:13
3032;30.0324;29.8407;-256.747;-256.277;-256.708;-256.903;-256.927;-255.988;11:55:14
3033;30.0324;29.8407;-256.751;-256.269;-256.715;-256.895;-256.927;-255.988;11:55:14
3034;30.0285;29.8485;-256.747;-256.262;-256.715;-256.903;-256.935;-255.98;11:55:15
3035;30.0285;29.8407;-256.747;-256.269;-256.715;-256.903;-256.935;-255.988;11:55:15
3036;30.0324;29.8485;-256.747;-256.262;-256.715;-256.895;-256.927;-255.988;11:55:16
3037;30.0324;29.8485;-256.751;-256.262;-256.715;-256.903;-256.927;-255.988;11:55:16
3038;30.0285;29.8407;-256.747;-256.269;-256.708;-256.903;-256.927;-255.996;11:55:17
3039;30.0246;29.8485;-256.747;-256.254;-256.715;-256.903;-256.935;-255.98;11:55:17
3040;30.0285;29.8407;-256.747;-256.262;-256.708;-256.903;-256.935;-255.988;11:55:18
3041;30.0285;29.8407;-256.747;-256.262;-256.715;-256.903;-256.935;-255.988;11:55:18
3042;30.0285;29.8485;-256.751;-256.262;-256.715;-256.895;-256.935;-255.988;11:55:19
3043;30.0246;29.8407;-256.751;-256.269;-256.723;-256.903;-256.935;-255.988;11:55:19
3044;30.0246;29.8407;-256.751;-256.262;-256.708;-256.903;-256.935;-255.988;11:55:20
3045;30.0285;29.8407;-256.751;-256.262;-256.715;-256.903;-256.935;-255.996;11:55:20
3046;30.0285;29.8407;-256.747;-256.262;-256.715;-256.903;-256.927;-255.988;11:55:21
3047;30.0246;29.8407;-256.747;-256.269;-256.708;-256.903;-256.935;-255.996;11:55:21
3048;30.0285;29.8407;-256.747;-256.262;-256.715;-256.903;-256.935;-255.98;11:55:22
3049;30.0285;29.8485;-256.747;-256.262;-256.715;-256.903;-256.935;-255.988;11:55:22
3050;30.0246;29.8407;-256.751;-256.262;-256.708;-256.903;-256.935;-255.988;11:55:23
3051;30.0246;29.8407;-256.747;-256.262;-256.715;-256.903;-256.935;-255.988;11:55:23
3052;30.0246;29.8407;-256.751;-256.269;-256.708;-256.903;-256.942;-255.988;11:55:24
3053;30.0246;29.8407;-256.747;-256.262;-256.715;-256.895;-256.935;-255.988;11:55:24
3054;30.0285;29.8407;-256.751;-256.269;-256.715;-256.903;-256.942;-255.996;11:55:25
3055;30.0285;29.8407;-256.747;-256.269;-256.723;-256.903;-256.942;-255.98;11:55:25
3056;30.0285;29.8407;-256.751;-256.262;-256.715;-256.903;-256.942;-255.988;11:55:26
3057;30.0246;29.8485;-256.747;-256.262;-256.715;-256.903;-256.942;-255.988;11:55:26
3058;30.0285;29.8446;-256.751;-256.254;-256.715;-256.895;-256.935;-255.988;11:55:27
3059;30.0285;29.8485;-256.747;-256.254;-256.708;-256.903;-256.935;-255.98;11:55:27
3060;30.0246;29.8329;-256.747;-256.262;-256.715;-256.903;-256.935;-255.996;11:55:28
3061;30.0246;29.8407;-256.755;-256.254;-256.715;-256.903;-256.942;-255.98;11:55:28
3062;30.0285;29.8407;-256.751;-256.254;-256.715;-256.903;-256.935;-255.988;11:55:29
3063;30.0246;29.8407;-256.747;-256.262;-256.715;-256.903;-256.935;-255.988;11:55:29
3064;30.0285;29.8407;-256.751;-256.254;-256.715;-256.895;-256.935;-255.988;11:55:30
3065;30.0285;29.8407;-256.751;-256.262;-256.723;-256.903;-256.935;-255.98;11:55:30
3066;30.0285;29.8407;-256.751;-256.262;-256.723;-256.903;-256.935;-255.988;11:55:31
3067;30.0285;29.8407;-256.751;-256.262;-256.715;-256.903;-256.935;-255.988;11:55:31
3068;30.0285;29.8407;-256.751;-256.254;-256.715;-256.903;-256.935;-255.988;11:55:32
3069;30.0246;29.8329;-256.751;-256.262;-256.715;-256.903;-256.935;-255.988;11:55:32
3070;30.0285;29.8485;-256.755;-256.254;-256.715;-256.903;-256.935;-255.988;11:55:33
3071;30.0285;29.8407;-256.751;-256.262;-256.715;-256.903;-256.942;-255.98;11:55:33
3072;30.0285;29.8407;-256.751;-256.262;-256.715;-256.903;-256.942;-255.988;11:55:34
3073;30.0324;29.8407;-256.751;-256.254;-256.723;-256.895;-256.935;-255.98;11:55:34
3074;30.0285;29.8407;-256.755;-256.262;-256.723;-256.911;-256.935;-255.988;11:55:35
3075;30.0363;29.8485;-256.751;-256.254;-256.715;-256.895;-256.927;-255.98;11:55:35
3076;30.0324;29.8485;-256.747;-256.262;-256.723;-256.903;-256.935;-255.988;11:55:36
3077;30.0363;29.8407;-256.751;-256.262;-256.723;-256.903;-256.935;-255.988;11:55:36
3078;30.0324;29.8407;-256.751;-256.254;-256.715;-256.903;-256.942;-255.98;11:55:37
3079;30.0324;29.8407;-256.751;-256.262;-256.715;-256.895;-256.935;-255.988;11:55:37
3080;30.0363;29.8485;-256.751;-256.262;-256.723;-256.903;-256.927;-255.988;11:55:38
3081;30.0363;29.8485;-256.751;-256.254;-256.715;-256.903;-256.935;-255.98;11:55:38
3082;30.0363;29.8407;-256.751;-256.262;-256.715;-256.903;-256.942;-255.988;11:55:39
3083;30.0324;29.8485;-256.751;-256.258;-256.723;-256.895;-256.942;-255.98;11:55:39
3084;30.0324;29.8485;-256.751;-256.262;-256.715;-256.903;-256.935;-255.996;11:55:40
3085;30.0324;29.8485;-256.747;-256.254;-256.723;-256.903;-256.935;-255.98;11:55:40
3086;30.0324;29.8407;-256.751;-256.269;-256.715;-256.895;-256.942;-255.988;11:55:41
3087;30.0363;29.8525;-256.751;-256.254;-256.715;-256.903;-256.942;-255.988;11:55:41
3088;30.0324;29.8407;-256.751;-256.262;-256.715;-256.903;-256.942;-255.988;11:55:42
3089;30.0324;29.8485;-256.751;-256.254;-256.715;-256.895;-256.942;-255.988;11:55:42
3090;30.0363;29.8407;-256.751;-256.262;-256.715;-256.903;-256.942;-255.988;11:55:43
3091;30.0324;29.8485;-256.751;-256.262;-256.723;-256.903;-256.95;-255.988;11:55:43
3092;30.0363;29.8485;-256.755;-256.262;-256.715;-256.895;-256.942;-255.988;11:55:44
3093;30.0324;29.8407;-256.755;-256.262;-256.723;-256.903;-256.942;-255.996;11:55:44
3094;30.0285;29.8485;-256.755;-256.269;-256.715;-256.903;-256.942;-255.988;11:55:45
3095;30.0285;29.8407;-256.755;-256.262;-256.723;-256.895;-256.942;-255.98;11:55:45
3096;30.0285;29.8407;-256.755;-256.269;-256.723;-256.903;-256.942;-255.988;11:55:46
3097;30.0285;29.8407;-256.755;-256.262;-256.723;-256.895;-256.935;-255.988;11:55:46
3098;30.0285;29.8407;-256.755;-256.262;-256.715;-256.903;-256.935;-255.996;11:55:47
3099;30.0324;29.8407;-256.755;-256.269;-256.723;-256.903;-256.927;-255.988;11:55:47
3100;30.0324;29.8407;-256.755;-256.262;-256.715;-256.895;-256.935;-255.996;11:55:48
3101;30.0324;29.8407;-256.758;-256.262;-256.723;-256.903;-256.927;-255.988;11:55:48
3102;30.0324;29.8407;-256.755;-256.262;-256.715;-256.903;-256.942;-255.988;11:55:49
3103;30.0363;29.8329;-256.755;-256.254;-256.715;-256.903;-256.942;-255.988;11:55:49
3104;30.0324;29.8485;-256.755;-256.262;-256.715;-256.903;-256.942;-255.996;11:55:50
3105;30.0324;29.8407;-256.751;-256.254;-256.715;-256.895;-256.942;-255.988;11:55:50
3106;30.0324;29.8407;-256.755;-256.262;-256.715;-256.895;-256.942;-255.988;11:55:51
3107;30.0324;29.8485;-256.751;-256.262;-256.708;-256.895;-256.942;-255.988;11:55:51
3108;30.0285;29.8407;-256.755;-256.262;-256.715;-256.888;-256.935;-255.988;11:55:52
3109;30.0324;29.8407;-256.755;-256.254;-256.715;-256.895;-256.942;-255.988;11:55:52
3110;30.0246;29.8485;-256.751;-256.254;-256.723;-256.895;-256.942;-255.988;11:55:53
3111;30.0285;29.8446;-256.755;-256.254;-256.715;-256.903;-256.942;-255.98;11:55:53
3112;30.0285;29.8407;-256.751;-256.262;-256.708;-256.895;-256.95;-255.988;11:55:54
3113;30.0285;29.8485;-256.751;-256.254;-256.715;-256.895;-256.935;-255.98;11:55:54
3114;30.0246;29.8485;-256.755;-256.262;-256.715;-256.895;-256.935;-255.98;11:55:55
3115;30.0285;29.8407;-256.755;-256.254;-256.715;-256.903;-256.935;-255.988;11:55:55
3116;30.0285;29.8485;-256.755;-256.254;-256.723;-256.895;-256.935;-255.996;11:55:56
3117;30.0246;29.8407;-256.755;-256.254;-256.715;-256.903;-256.935;-255.98;11:55:56
3118;30.0285;29.8525;-256.751;-256.262;-256.723;-256.895;-256.927;-255.988;11:55:57
3119;30.0246;29.8485;-256.755;-256.262;-256.723;-256.903;-256.935;-255.988;11:55:57
3120;30.0285;29.8525;-256.755;-256.262;-256.715;-256.903;-256.935;-255.98;11:55:58
3121;30.0285;29.8485;-256.755;-256.254;-256.715;-256.895;-256.927;-255.988;11:55:58
3122;30.0285;29.8485;-256.758;-256.262;-256.715;-256.903;-256.935;-255.988;11:55:59
3123;30.0285;29.8485;-256.755;-256.262;-256.723;-256.895;-256.935;-255.996;11:55:59
3124;30.0324;29.8525;-256.755;-256.269;-256.715;-256.903;-256.942;-255.988;11:56:00
3125;30.0324;29.8485;-256.755;-256.254;-256.715;-256.895;-256.927;-255.988;11:56:00
3126;30.0324;29.8485;-256.755;-256.269;-256.723;-256.895;-256.935;-255.988;11:56:01
3127;30.0324;29.8485;-256.758;-256.262;-256.715;-256.903;-256.942;-255.988;11:56:01
3128;30.0324;29.8407;-256.755;-256.262;-256.723;-256.903;-256.942;-255.988;11:56:02
3129;30.0285;29.8485;-256.755;-256.262;-256.723;-256.895;-256.942;-255.988;11:56:02
3130;30.0324;29.8485;-256.755;-256.262;-256.715;-256.903;-256.942;-255.988;11:56:03
3131;30.0324;29.8485;-256.755;-256.262;-256.723;-256.895;-256.942;-255.988;11:56:03
3132;30.0324;29.8485;-256.755;-256.269;-256.715;-256.895;-256.942;-255.98;11:56:04
3133;30.0324;29.8485;-256.755;-256.269;-256.723;-256.895;-256.942;-255.988;11:56:04
3134;30.0324;29.8525;-256.755;-256.262;-256.715;-256.903;-256.935;-255.988;11:56:05
3135;30.0285;29.8485;-256.755;-256.269;-256.723;-256.895;-256.95;-255.98;11:56:05
3136;30.0285;29.8485;-256.755;-256.269;-256.715;-256.903;-256.935;-255.988;11:56:06
3137;30.0324;29.8407;-256.755;-256.269;-256.723;-256.895;-256.95;-255.98;11:56:06
3138;30.0324;29.8485;-256.755;-256.269;-256.715;-256.895;-256.942;-255.988;11:56:07
3139;30.0324;29.8485;-256.751;-256.262;-256.715;-256.903;-256.942;-255.988;11:56:07
3140;30.0363;29.8485;-256.751;-256.269;-256.715;-256.895;-256.95;-255.988;11:56:08
3141;30.0324;29.8485;-256.751;-256.262;-256.715;-256.903;-256.942;-255.988;11:56:08
3142;30.0324;29.8525;-256.751;-256.262;-256.715;-256.895;-256.935;-255.98;11:56:09
3143;30.0324;29.8485;-256.747;-256.269;-256.723;-256.903;-256.95;-255.988;11:56:09
3144;30.0285;29.8525;-256.751;-256.262;-256.723;-256.895;-256.942;-255.98;11:56:10
3145;30.0324;29.8446;-256.751;-256.262;-256.708;-256.895;-256.95;-255.98;11:56:10
3146;30.0324;29.8525;-256.751;-256.262;-256.723;-256.888;-256.942;-255.988;11:56:11
3147;30.0324;29.8485;-256.751;-256.262;-256.715;-256.888;-256.942;-255.988;11:56:11
3148;30.0324;29.8485;-256.751;-256.262;-256.715;-256.888;-256.942;-255.988;11:56:12
3149;30.0324;29.8485;-256.747;-256.262;-256.715;-256.888;-256.942;-255.98;11:56:12
3150;30.0324;29.8407;-256.751;-256.262;-256.723;-256.895;-256.942;-255.988;11:56:13
3151;30.0324;29.8485;-256.751;-256.254;-256.715;-256.888;-256.95;-255.98;11:56:13
3152;30.0363;29.8407;-256.747;-256.254;-256.715;-256.888;-256.942;-255.98;11:56:14
3153;30.0285;29.8485;-256.751;-256.262;-256.715;-256.888;-256.942;-255.988;11:56:14
3154;30.0324;29.8485;-256.751;-256.262;-256.723;-256.895;-256.935;-255.988;11:56:15
3155;30.0324;29.8407;-256.751;-256.262;-256.715;-256.895;-256.942;-255.988;11:56:15
3156;30.0324;29.8525;-256.751;-256.254;-256.715;-256.895;-256.95;-255.988;11:56:16
3157;30.0363;29.8485;-256.755;-256.262;-256.715;-256.895;-256.935;-255.98;11:56:16
3158;30.0363;29.8485;-256.755;-256.262;-256.723;-256.903;-256.935;-255.988;11:56:17
3159;30.0363;29.8485;-256.751;-256.254;-256.715;-256.903;-256.935;-255.98;11:56:17
3160;30.0363;29.8485;-256.751;-256.254;-256.731;-256.911;-256.927;-255.98;11:56:18
3161;30.0363;29.8485;-256.751;-256.262;-256.715;-256.903;-256.935;-255.98;11:56:18
3162;30.0324;29.8407;-256.755;-256.254;-256.723;-256.903;-256.927;-255.98;11:56:19
3163;30.0324;29.8446;-256.751;-256.262;-256.723;-256.903;-256.935;-255.972;11:56:19
3164;30.0324;29.8485;-256.755;-256.262;-256.731;-256.903;-256.935;-255.988;11:56:20
3165;30.0363;29.8485;-256.751;-256.262;-256.723;-256.903;-256.935;-255.98;11:56:20
3166;30.0324;29.8446;-256.751;-256.262;-256.723;-256.895;-256.942;-255.972;11:56:21
3167;30.0363;29.8525;-256.747;-256.269;-256.723;-256.903;-256.927;-255.98;11:56:21
3168;30.0363;29.8485;-256.751;-256.269;-256.715;-256.895;-256.935;-255.972;11:56:22
3169;30.0324;29.8485;-256.751;-256.262;-256.723;-256.903;-256.942;-255.98;11:56:22
3170;30.0363;29.8485;-256.747;-256.269;-256.715;-256.903;-256.935;-255.98;11:56:23
3171;30.0324;29.8485;-256.747;-256.262;-256.715;-256.903;-256.942;-255.98;11:56:23
3172;30.0324;29.8525;-256.747;-256.269;-256.723;-256.903;-256.942;-255.98;11:56:24
3173;30.0324;29.8525;-256.743;-256.262;-256.715;-256.895;-256.935;-255.972;11:56:24
3174;30.0363;29.8564;-256.747;-256.262;-256.715;-256.903;-256.935;-255.98;11:56:25
3175;30.0363;29.8525;-256.747;-256.269;-256.715;-256.895;-256.935;-255.98;11:56:25
3176;30.0363;29.8525;-256.747;-256.262;-256.715;-256.903;-256.935;-255.98;11:56:26
3177;30.0363;29.8525;-256.747;-256.262;-256.715;-256.903;-256.935;-255.98;11:56:26
3178;30.0324;29.8525;-256.747;-256.269;-256.715;-256.895;-256.935;-255.98;11:56:27
3179;30.0324;29.8525;-256.751;-256.262;-256.715;-256.903;-256.935;-255.98;11:56:27
3180;30.0324;29.8564;-256.751;-256.269;-256.715;-256.895;-256.935;-255.98;11:56:28
3181;30.0324;29.8525;-256.747;-256.269;-256.715;-256.903;-256.935;-255.98;11:56:28
3182;30.0363;29.8564;-256.747;-256.277;-256.723;-256.895;-256.935;-255.972;11:56:29
3183;30.0363;29.8525;-256.747;-256.269;-256.715;-256.895;-256.935;-255.988;11:56:29
3184;30.0324;29.8525;-256.751;-256.269;-256.715;-256.903;-256.935;-255.98;11:56:30
3185;30.0363;29.8525;-256.747;-256.269;-256.715;-256.911;-256.927;-255.98;11:56:30
3186;30.0324;29.8407;-256.751;-256.262;-256.715;-256.911;-256.935;-255.988;11:56:31
3187;30.0324;29.8485;-256.747;-256.254;-256.715;-256.903;-256.935;-255.98;11:56:31
3188;30.0324;29.8485;-256.751;-256.269;-256.723;-256.903;-256.935;-255.988;11:56:32
3189;30.0324;29.8485;-256.751;-256.262;-256.715;-256.903;-256.935;-255.98;11:56:32
3190;30.0324;29.8525;-256.751;-256.262;-256.715;-256.895;-256.935;-255.988;11:56:33
3191;30.0363;29.8525;-256.755;-256.269;-256.715;-256.903;-256.935;-255.988;11:56:33
3192;30.0363;29.8525;-256.751;-256.262;-256.715;-256.903;-256.935;-255.988;11:56:34
3193;30.0324;29.8525;-256.751;-256.269;-256.715;-256.903;-256.935;-255.988;11:56:34
3194;30.0324;29.8525;-256.751;-256.262;-256.723;-256.895;-256.935;-255.98;11:56:35
3195;30.0324;29.8525;-256.751;-256.269;-256.708;-256.903;-256.942;-255.988;11:56:35
3196;30.0324;29.8485;-256.755;-256.269;-256.723;-256.903;-256.935;-255.988;11:56:36
3197;30.0363;29.8525;-256.755;-256.269;-256.715;-256.895;-256.942;-255.98;11:56:36
3198;30.0403;29.8485;-256.755;-256.269;-256.715;-256.903;-256.942;-255.988;11:56:37
3199;30.0363;29.8525;-256.751;-256.269;-256.723;-256.903;-256.935;-255.988;11:56:37
3200;30.0403;29.8485;-256.751;-256.269;-256.715;-256.895;-256.935;-255.988;11:56:38
3201;30.0363;29.8525;-256.751;-256.269;-256.723;-256.903;-256.935;-255.996;11:56:38
3202;30.0403;29.8525;-256.751;-256.262;-256.715;-256.895;-256.935;-255.98;11:56:39
3203;30.0403;29.8564;-256.747;-256.269;-256.715;-256.903;-256.935;-255.988;11:56:39
3204;30.0403;29.8525;-256.751;-256.269;-256.715;-256.895;-256.935;-255.98;11:56:40
3205;30.0403;29.8525;-256.747;-256.269;-256.715;-256.903;-256.942;-255.988;11:56:40
3206;30.0442;29.8525;-256.747;-256.269;-256.723;-256.895;-256.935;-255.996;11:56:41
3207;30.0403;29.8564;-256.751;-256.269;-256.715;-256.895;-256.935;-255.988;11:56:41
3208;30.0403;29.8525;-256.751;-256.269;-256.715;-256.895;-256.935;-255.988;11:56:42
3209;30.0442;29.8564;-256.747;-256.262;-256.723;-256.895;-256.942;-255.98;11:56:42
3210;30.0403;29.8564;-256.751;-256.262;-256.715;-256.888;-256.935;-255.996;11:56:43
3211;30.0442;29.8525;-256.751;-256.269;-256.715;-256.895;-256.942;-255.988;11:56:43
3212;30.0442;29.8564;-256.751;-256.262;-256.715;-256.895;-256.935;-255.988;11:56:44
3213;30.0403;29.8525;-256.751;-256.269;-256.723;-256.888;-256.935;-255.988;11:56:44
3214;30.0442;29.8564;-256.755;-256.269;-256.723;-256.895;-256.935;-255.988;11:56:45
3215;30.0442;29.8525;-256.751;-256.262;-256.715;-256.888;-256.942;-255.98;11:56:45
3216;30.0442;29.8525;-256.751;-256.269;-256.723;-256.895;-256.935;-255.988;11:56:46
3217;30.0481;29.8564;-256.751;-256.269;-256.723;-256.895;-256.935;-255.98;11:56:46
3218;30.0442;29.8525;-256.751;-256.262;-256.715;-256.895;-256.935;-255.98;11:56:47
3219;30.0442;29.8564;-256.751;-256.262;-256.715;-256.895;-256.95;-255.988;11:56:47
3220;30.0442;29.8525;-256.751;-256.269;-256.723;-256.895;-256.942;-255.98;11:56:48
3221;30.0442;29.8525;-256.751;-256.262;-256.715;-256.895;-256.935;-255.988;11:56:48
3222;30.0442;29.8564;-256.751;-256.269;-256.715;-256.895;-256.942;-255.98;11:56:49
3223;30.0442;29.8564;-256.751;-256.262;-256.715;-256.895;-256.927;-255.988;11:56:49
3224;30.0442;29.8564;-256.751;-256.262;-256.715;-256.895;-256.935;-255.98;11:56:50
3225;30.052;29.8564;-256.751;-256.262;-256.715;-256.895;-256.935;-255.988;11:56:50
3226;30.0442;29.8564;-256.747;-256.269;-256.715;-256.895;-256.942;-255.98;11:56:51
3227;30.0442;29.8564;-256.755;-256.254;-256.715;-256.895;-256.935;-255.988;11:56:51
3228;30.0442;29.8525;-256.747;-256.262;-256.723;-256.895;-256.942;-255.988;11:56:52
3229;30.0442;29.8525;-256.747;-256.254;-256.708;-256.903;-256.935;-255.988;11:56:52
3230;30.0442;29.8564;-256.747;-256.254;-256.715;-256.895;-256.942;-255.988;11:56:53
3231;30.0442;29.8603;-256.751;-256.262;-256.715;-256.888;-256.942;-255.988;11:56:53
3232;30.0403;29.8525;-256.751;-256.254;-256.708;-256.903;-256.935;-255.988;11:56:54
3233;30.0403;29.8603;-256.747;-256.262;-256.723;-256.903;-256.935;-255.996;11:56:54
3234;30.0403;29.8525;-256.755;-256.254;-256.715;-256.903;-256.935;-255.988;11:56:55
3235;30.0403;29.8525;-256.747;-256.254;-256.708;-256.895;-256.935;-255.988;11:56:55
3236;30.0363;29.8564;-256.751;-256.262;-256.715;-256.903;-256.942;-255.988;11:56:56
3237;30.0324;29.8485;-256.747;-256.254;-256.715;-256.903;-256.942;-255.988;11:56:56
3238;30.0363;29.8564;-256.755;-256.262;-256.715;-256.903;-256.942;-255.988;11:56:57
3239;30.0363;29.8525;-256.751;-256.262;-256.715;-256.903;-256.942;-255.988;11:56:57
3240;30.0363;29.8525;-256.755;-256.262;-256.715;-256.895;-256.95;-255.988;11:56:58
3241;30.0403;29.8564;-256.751;-256.262;-256.723;-256.903;-256.942;-255.988;11:56:58
3242;30.0363;29.8564;-256.751;-256.254;-256.715;-256.903;-256.95;-255.996;11:56:59
3243;30.0363;29.8564;-256.755;-256.262;-256.723;-256.903;-256.942;-255.988;11:56:59
3244;30.0363;29.8564;-256.751;-256.254;-256.715;-256.895;-256.95;-255.996;11:57:00
3245;30.0363;29.8564;-256.755;-256.254;-256.715;-256.903;-256.942;-255.988;11:57:00
3246;30.0363;29.8564;-256.751;-256.262;-256.715;-256.895;-256.95;-255.996;11:57:01
3247;30.0403;29.8564;-256.747;-256.254;-256.708;-256.903;-256.942;-255.996;11:57:01
3248;30.0403;29.8564;-256.751;-256.262;-256.715;-256.903;-256.942;-255.988;11:57:02
3249;30.0442;29.8564;-256.747;-256.254;-256.723;-256.911;-256.942;-255.98;11:57:02
3250;30.0403;29.8564;-256.751;-256.262;-256.708;-256.903;-256.942;-255.988;11:57:03
3251;30.0403;29.8564;-256.747;-256.262;-256.715;-256.895;-256.942;-255.98;11:57:03
3252;30.0403;29.8564;-256.755;-256.269;-256.723;-256.903;-256.942;-255.988;11:57:04
3253;30.0403;29.8603;-256.747;-256.262;-256.715;-256.903;-256.942;-255.988;11:57:04
3254;30.0403;29.8525;-256.751;-256.262;-256.715;-256.903;-256.95;-255.98;11:57:05
3255;30.0363;29.8564;-256.747;-256.262;-256.715;-256.903;-256.942;-255.98;11:57:05
3256;30.0403;29.8525;-256.747;-256.262;-256.723;-256.903;-256.942;-255.98;11:57:06
3257;30.0363;29.8525;-256.751;-256.262;-256.715;-256.903;-256.942;-255.988;11:57:06
3258;30.0403;29.8564;-256.747;-256.269;-256.715;-256.903;-256.95;-255.98;11:57:07
3259;30.0403;29.8564;-256.735;-256.262;-256.708;-256.903;-256.95;-255.988;11:57:07
3260;30.052;29.8525;-256.743;-256.262;-256.723;-256.895;-256.942;-255.988;11:57:08
3261;30.052;29.8564;-256.735;-256.269;-256.708;-256.903;-256.95;-255.98;11:57:08
3262;30.0442;29.8525;-256.735;-256.269;-256.715;-256.895;-256.95;-255.972;11:57:09
3263;30.052;29.8525;-256.743;-256.269;-256.715;-256.895;-256.95;-255.98;11:57:09
3264;30.052;29.8525;-256.735;-256.269;-256.715;-256.903;-256.935;-255.98;11:57:10
3265;30.052;29.8525;-256.743;-256.262;-256.715;-256.895;-256.935;-255.988;11:57:10
3266;30.0442;29.8564;-256.743;-256.269;-256.715;-256.895;-256.942;-255.988;11:57:11
3267;30.052;29.8525;-256.743;-256.262;-256.715;-256.903;-256.935;-255.988;11:57:11
3268;30.052;29.8525;-256.747;-256.262;-256.715;-256.895;-256.935;-255.988;11:57:12
3269;30.0442;29.8564;-256.747;-256.269;-256.715;-256.903;-256.942;-255.98;11:57:12
3270;30.0403;29.8564;-256.747;-256.262;-256.715;-256.895;-256.942;-255.988;11:57:13
3271;30.0442;29.8564;-256.743;-256.262;-256.715;-256.895;-256.942;-255.98;11:57:13
3272;30.0403;29.8485;-256.743;-256.262;-256.715;-256.895;-256.95;-255.988;11:57:14
3273;30.0363;29.8525;-256.743;-256.262;-256.715;-256.903;-256.942;-255.988;11:57:14
3274;30.0403;29.8485;-256.747;-256.262;-256.715;-256.895;-256.958;-255.988;11:57:15
3275;30.0403;29.8485;-256.743;-256.262;-256.715;-256.903;-256.95;-255.988;11:57:15
3276;30.0324;29.8485;-256.735;-256.262;-256.723;-256.895;-256.942;-255.988;11:57:16
3277;30.0363;29.8485;-256.735;-256.262;-256.715;-256.903;-256.95;-255.988;11:57:16
3278;30.0285;29.8485;-256.743;-256.262;-256.723;-256.895;-256.935;-255.98;11:57:17
3279;30.0324;29.8407;-256.735;-256.262;-256.715;-256.903;-256.942;-255.98;11:57:17
3280;30.0324;29.8407;-256.735;-256.262;-256.715;-256.903;-256.942;-255.988;11:57:18
3281;30.0285;29.8407;-256.747;-256.262;-256.715;-256.888;-256.942;-255.98;11:57:18
3282;30.0324;29.8329;-256.743;-256.269;-256.715;-256.895;-256.95;-255.988;11:57:19
3283;30.0285;29.8329;-256.743;-256.262;-256.715;-256.903;-256.95;-255.972;11:57:19
3284;30.0246;29.8251;-256.743;-256.262;-256.715;-256.895;-256.95;-255.98;11:57:20
3285;30.0285;29.8251;-256.743;-256.269;-256.715;-256.903;-256.95;-255.988;11:57:20
3286;30.0285;29.8172;-256.747;-256.262;-256.715;-256.895;-256.942;-255.98;11:57:21
3287;30.0246;29.8251;-256.747;-256.262;-256.715;-256.903;-256.942;-255.98;11:57:21
3288;30.0168;29.8094;-256.751;-256.262;-256.715;-256.903;-256.942;-255.972;11:57:22
3289;30.0168;29.8172;-256.747;-256.262;-256.715;-256.895;-256.95;-255.988;11:57:22
3290;30.009;29.8251;-256.747;-256.262;-256.715;-256.903;-256.942;-255.98;11:57:23
3291;30.0168;29.8094;-256.747;-256.269;-256.715;-256.895;-256.942;-255.988;11:57:23
3292;30.009;29.8172;-256.743;-256.269;-256.723;-256.903;-256.942;-255.98;11:57:24
3293;30.009;29.8172;-256.743;-256.269;-256.715;-256.903;-256.95;-255.996;11:57:24
3294;30.009;29.8094;-256.743;-256.269;-256.715;-256.895;-256.942;-255.988;11:57:25
3295;30.0011;29.8094;-256.743;-256.269;-256.723;-256.903;-256.942;-255.988;11:57:25
3296;30.0011;29.8094;-256.747;-256.269;-256.715;-256.895;-256.942;-255.988;11:57:26
3297;29.9933;29.8094;-256.743;-256.262;-256.715;-256.903;-256.942;-255.988;11:57:26
3298;29.9933;29.8094;-256.747;-256.262;-256.723;-256.903;-256.935;-255.988;11:57:27
3299;29.9933;29.8094;-256.747;-256.262;-256.715;-256.903;-256.942;-255.996;11:57:27
3300;30.0011;29.8016;-256.747;-256.262;-256.723;-256.895;-256.935;-255.988;11:57:28
3301;29.9855;29.7938;-256.747;-256.262;-256.715;-256.903;-256.935;-255.988;11:57:28
3302;29.9933;29.8016;-256.751;-256.262;-256.715;-256.895;-256.927;-255.988;11:57:29
3303;29.9855;29.7938;-256.751;-256.262;-256.723;-256.895;-256.942;-255.988;11:57:29
3304;29.9855;29.8016;-256.751;-256.262;-256.715;-256.895;-256.942;-255.98;11:57:30
3305;29.9777;29.7938;-256.755;-256.262;-256.715;-256.903;-256.942;-255.996;11:57:30
3306;29.9777;29.7938;-256.751;-256.262;-256.715;-256.895;-256.942;-255.988;11:57:31
3307;29.9777;29.7859;-256.755;-256.262;-256.708;-256.903;-256.942;-255.988;11:57:31
3308;29.9777;29.7859;-256.755;-256.269;-256.715;-256.895;-256.942;-255.98;11:57:32
3309;29.9698;29.7938;-256.755;-256.262;-256.715;-256.903;-256.942;-255.988;11:57:32
3310;29.9777;29.7859;-256.755;-256.262;-256.715;-256.895;-256.935;-255.988;11:57:33
3311;29.9698;29.7938;-256.755;-256.262;-256.708;-256.903;-256.942;-255.98;11:57:33
3312;29.9698;29.7938;-256.751;-256.262;-256.715;-256.903;-256.942;-255.988;11:57:34
3313;29.962;29.7938;-256.751;-256.262;-256.708;-256.903;-256.942;-255.988;11:57:34
3314;29.962;29.7859;-256.747;-256.262;-256.708;-256.903;-256.942;-255.972;11:57:35
3315;29.962;29.7938;-256.751;-256.262;-256.708;-256.903;-256.935;-255.98;11:57:35
3316;29.962;29.7938;-256.751;-256.262;-256.715;-256.903;-256.942;-255.98;11:57:36
3317;29.962;29.7938;-256.751;-256.254;-256.708;-256.895;-256.935;-255.98;11:57:36
3318;29.9698;29.7938;-256.747;-256.262;-256.708;-256.903;-256.935;-255.988;11:57:37
3319;29.962;29.7859;-256.751;-256.262;-256.708;-256.895;-256.942;-255.988;11:57:37
3320;29.962;29.7938;-256.751;-256.262;-256.715;-256.895;-256.942;-255.98;11:57:38
3321;29.962;29.7859;-256.751;-256.262;-256.708;-256.903;-256.935;-255.988;11:57:38
3322;29.962;29.7938;-256.751;-256.262;-256.715;-256.895;-256.942;-255.988;11:57:39
3323;29.962;29.7781;-256.751;-256.262;-256.708;-256.903;-256.942;-255.98;11:57:39
3324;29.962;29.7859;-256.747;-256.269;-256.708;-256.895;-256.95;-255.98;11:57:40
3325;29.962;29.7859;-256.747;-256.262;-256.715;-256.895;-256.942;-255.98;11:57:40
3326;29.9698;29.7859;-256.747;-256.262;-256.708;-256.903;-256.935;-255.988;11:57:41
3327;29.962;29.7859;-256.747;-256.262;-256.715;-256.895;-256.942;-255.98;11:57:41
3328;29.9698;29.7859;-256.747;-256.262;-256.715;-256.888;-256.942;-255.988;11:57:42
3329;29.962;29.7938;-256.747;-256.269;-256.715;-256.895;-256.942;-255.988;11:57:42
3330;29.962;29.7938;-256.751;-256.262;-256.715;-256.895;-256.942;-255.988;11:57:43
3331;29.962;29.7859;-256.751;-256.269;-256.708;-256.895;-256.942;-255.988;11:57:43
3332;29.962;29.7781;-256.751;-256.262;-256.715;-256.895;-256.935;-255.988;11:57:44
3333;29.962;29.7938;-256.751;-256.262;-256.715;-256.895;-256.942;-255.988;11:57:44
3334;29.9698;29.7859;-256.747;-256.269;-256.723;-256.888;-256.935;-255.996;11:57:45
3335;29.9698;29.7859;-256.751;-256.262;-256.708;-256.895;-256.95;-255.98;11:57:45
3336;29.962;29.7859;-256.747;-256.254;-256.715;-256.888;-256.942;-255.988;11:57:46
3337;29.962;29.7859;-256.751;-256.269;-256.708;-256.903;-256.95;-255.988;11:57:46
3338;29.962;29.7859;-256.747;-256.269;-256.715;-256.895;-256.935;-255.988;11:57:47
3339;29.9698;29.7859;-256.751;-256.262;-256.708;-256.888;-256.95;-255.996;11:57:47
3340;29.9542;29.7859;-256.747;-256.262;-256.715;-256.895;-256.95;-255.988;11:57:48
3341;29.962;29.7859;-256.751;-256.262;-256.715;-256.895;-256.942;-255.988;11:57:48
3342;29.962;29.7938;-256.751;-256.262;-256.715;-256.895;-256.942;-255.988;11:57:49
3343;29.9542;29.7938;-256.751;-256.254;-256.715;-256.903;-256.935;-255.988;11:57:49
3344;29.962;29.7781;-256.751;-256.262;-256.715;-256.895;-256.95;-255.988;11:57:50
3345;29.9698;29.7859;-256.747;-256.254;-256.715;-256.895;-256.942;-255.98;11:57:50
3346;29.962;29.7859;-256.751;-256.254;-256.715;-256.888;-256.942;-255.988;11:57:51
3347;29.962;29.7938;-256.747;-256.262;-256.715;-256.895;-256.942;-255.988;11:57:51
3348;29.962;29.7859;-256.751;-256.254;-256.715;-256.895;-256.95;-255.988;11:57:52
3349;29.962;29.7781;-256.751;-256.262;-256.708;-256.895;-256.942;-255.98;11:57:52
3350;29.962;29.7859;-256.755;-256.254;-256.7;-256.895;-256.942;-255.988;11:57:53
3351;29.962;29.7781;-256.751;-256.262;-256.715;-256.895;-256.935;-255.988;11:57:53
3352;29.962;29.7781;-256.755;-256.262;-256.708;-256.895;-256.935;-255.988;11:57:54
3353;29.9542;29.7781;-256.758;-256.262;-256.708;-256.895;-256.942;-255.988;11:57:54
3354;29.9698;29.7859;-256.751;-256.269;-256.708;-256.895;-256.942;-255.988;11:57:55
3355;29.9698;29.7781;-256.751;-256.262;-256.715;-256.895;-256.942;-255.988;11:57:55
3356;29.962;29.7859;-256.751;-256.262;-256.708;-256.888;-256.95;-255.98;11:57:56
3357;29.9698;29.7859;-256.747;-256.262;-256.708;-256.895;-256.942;-255.98;11:57:56
3358;29.9698;29.7859;-256.751;-256.269;-256.715;-256.895;-256.942;-255.988;11:57:57
3359;29.9777;29.7859;-256.751;-256.269;-256.7;-256.895;-256.95;-255.98;11:57:57
3360;29.9698;29.7859;-256.751;-256.262;-256.708;-256.888;-256.95;-255.988;11:57:58
3361;29.9777;29.7781;-256.751;-256.269;-256.708;-256.895;-256.942;-255.98;11:57:58
3362;29.9698;29.7781;-256.747;-256.262;-256.715;-256.895;-256.942;-255.988;11:57:59
3363;29.9777;29.7781;-256.751;-256.269;-256.715;-256.895;-256.942;-255.98;11:57:59
3364;29.9777;29.7781;-256.747;-256.262;-256.715;-256.895;-256.95;-255.98;11:58:00
3365;29.9698;29.7781;-256.751;-256.269;-256.715;-256.903;-256.95;-255.98;11:58:00
3366;29.9777;29.7781;-256.751;-256.269;-256.715;-256.895;-256.942;-255.98;11:58:01
3367;29.9698;29.7781;-256.747;-256.262;-256.715;-256.895;-256.935;-255.98;11:58:01
3368;29.9777;29.7703;-256.747;-256.262;-256.715;-256.895;-256.95;-255.98;11:58:02
3369;29.9777;29.7781;-256.755;-256.262;-256.708;-256.888;-256.942;-255.98;11:58:02
3370;29.9777;29.7781;-256.755;-256.262;-256.723;-256.895;-256.95;-255.98;11:58:03
3371;29.9855;29.7781;-256.751;-256.262;-256.715;-256.903;-256.95;-255.98;11:58:03
3372;29.9855;29.7859;-256.747;-256.262;-256.715;-256.895;-256.95;-255.98;11:58:04
3373;29.9777;29.7781;-256.747;-256.262;-256.715;-256.895;-256.942;-255.988;11:58:04
3374;29.9777;29.7859;-256.751;-256.262;-256.715;-256.895;-256.935;-255.98;11:58:05
3375;29.9855;29.7781;-256.755;-256.254;-256.715;-256.895;-256.942;-255.988;11:58:05
3376;29.9777;29.7859;-256.751;-256.262;-256.715;-256.895;-256.95;-255.98;11:58:06
3377;29.9777;29.7859;-256.755;-256.262;-256.715;-256.895;-256.942;-255.98;11:58:06
3378;29.9777;29.7938;-256.755;-256.262;-256.715;-256.888;-256.942;-255.98;11:58:07
3379;29.9777;29.7859;-256.755;-256.269;-256.715;-256.888;-256.942;-255.988;11:58:07
3380;29.9777;29.7859;-256.755;-256.262;-256.715;-256.88;-256.942;-255.98;11:58:08
3381;29.9777;29.7781;-256.755;-256.269;-256.715;-256.888;-256.942;-255.98;11:58:08
3382;29.9777;29.7859;-256.755;-256.262;-256.715;-256.888;-256.95;-255.988;11:58:09
3383;29.9777;29.7781;-256.751;-256.269;-256.708;-256.888;-256.942;-255.98;11:58:09
3384;29.9698;29.7938;-256.755;-256.269;-256.715;-256.895;-256.942;-255.988;11:58:10
3385;29.9698;29.7859;-256.755;-256.262;-256.708;-256.888;-256.95;-255.988;11:58:10
3386;29.9855;29.7938;-256.747;-256.262;-256.715;-256.895;-256.95;-255.988;11:58:11
3387;29.9777;29.7859;-256.747;-256.262;-256.708;-256.895;-256.942;-255.98;11:58:11
3388;29.9777;29.7938;-256.747;-256.262;-256.715;-256.895;-256.958;-255.988;11:58:12
3389;29.9855;29.7938;-256.747;-256.269;-256.708;-256.888;-256.966;-255.988;11:58:12
3390;29.9777;29.7938;-256.751;-256.262;-256.715;-256.895;-256.95;-255.988;11:58:13
3391;29.9777;29.8016;-256.747;-256.262;-256.708;-256.903;-256.942;-255.988;11:58:13
3392;29.9777;29.7938;-256.747;-256.254;-256.708;-256.888;-256.95;-255.98;11:58:14
3393;29.9698;29.7938;-256.747;-256.262;-256.708;-256.895;-256.942;-255.98;11:58:14
3394;29.9777;29.7938;-256.747;-256.262;-256.715;-256.895;-256.95;-255.98;11:58:15
3395;29.9777;29.8016;-256.747;-256.269;-256.715;-256.895;-256.942;-255.98;11:58:15
3396;29.9777;29.7938;-256.747;-256.262;-256.708;-256.895;-256.95;-255.98;11:58:16
3397;29.9698;29.7938;-256.747;-256.262;-256.708;-256.895;-256.95;-255.98;11:58:16
3398;29.9777;29.7938;-256.747;-256.262;-256.708;-256.903;-256.942;-255.988;11:58:17
3399;29.9777;29.8016;-256.751;-256.262;-256.708;-256.888;-256.942;-255.98;11:58:17
3400;29.9777;29.7938;-256.747;-256.262;-256.7;-256.895;-256.942;-255.972;11:58:18
3401;29.9855;29.7938;-256.743;-256.262;-256.708;-256.895;-256.942;-255.98;11:58:18
3402;29.9855;29.8016;-256.747;-256.262;-256.715;-256.895;-256.942;-255.98;11:58:19
3403;29.9933;29.7938;-256.751;-256.262;-256.715;-256.895;-256.95;-255.988;11:58:19
3404;29.9855;29.7938;-256.747;-256.262;-256.715;-256.895;-256.95;-255.972;11:58:20
3405;29.9777;29.7938;-256.751;-256.262;-256.715;-256.895;-256.942;-255.98;11:58:20
3406;29.9855;29.8016;-256.747;-256.254;-256.715;-256.895;-256.95;-255.98;11:58:21
3407;29.9855;29.7938;-256.747;-256.269;-256.715;-256.903;-256.935;-255.98;11:58:21
3408;29.9777;29.7859;-256.747;-256.262;-256.708;-256.895;-256.95;-255.972;11:58:22
3409;29.9777;29.7859;-256.747;-256.254;-256.708;-256.895;-256.942;-255.972;11:58:22
3410;29.9698;29.7938;-256.751;-256.262;-256.708;-256.895;-256.942;-255.98;11:58:23
3411;29.9855;29.7938;-256.747;-256.262;-256.708;-256.895;-256.942;-255.98;11:58:23
3412;29.9698;29.7859;-256.747;-256.262;-256.708;-256.895;-256.942;-255.98;11:58:24
3413;29.9855;29.7859;-256.747;-256.262;-256.715;-256.895;-256.942;-255.98;11:58:24
3414;29.9777;29.7859;-256.743;-256.262;-256.708;-256.903;-256.942;-255.98;11:58:25
3415;29.9698;29.7859;-256.747;-256.262;-256.715;-256.895;-256.942;-255.98;11:58:25
3416;29.9698;29.8016;-256.743;-256.269;-256.708;-256.895;-256.942;-255.98;11:58:26
3417;29.9777;29.8016;-256.747;-256.262;-256.708;-256.895;-256.95;-255.98;11:58:26
3418;29.9698;29.8016;-256.747;-256.269;-256.708;-256.903;-256.935;-255.988;11:58:27
3419;29.9777;29.7938;-256.743;-256.262;-256.708;-256.895;-256.942;-255.988;11:58:27
3420;29.9777;29.8016;-256.747;-256.262;-256.708;-256.895;-256.942;-255.988;11:58:28
3421;29.9777;29.8016;-256.743;-256.262;-256.708;-256.895;-256.935;-255.98;11:58:28
3422;29.9855;29.8016;-256.747;-256.262;-256.708;-256.895;-256.942;-255.988;11:58:29
3423;29.9855;29.7938;-256.743;-256.262;-256.708;-256.888;-256.942;-255.996;11:58:29
3424;29.9855;29.8016;-256.747;-256.262;-256.708;-256.895;-256.942;-255.98;11:58:30
3425;29.9777;29.7938;-256.739;-256.262;-256.708;-256.895;-256.95;-255.988;11:58:30
3426;29.9855;29.8016;-256.747;-256.269;-256.715;-256.895;-256.942;-255.996;11:58:31
3427;29.9855;29.7938;-256.743;-256.262;-256.708;-256.888;-256.942;-255.988;11:58:31
3428;29.9933;29.7938;-256.747;-256.262;-256.708;-256.895;-256.95;-255.988;11:58:32
3429;29.9933;29.7938;-256.743;-256.262;-256.7;-256.895;-256.958;-255.988;11:58:32
3430;29.9933;29.7938;-256.747;-256.262;-256.708;-256.895;-256.942;-255.988;11:58:33
3431;29.9777;29.7938;-256.743;-256.269;-256.708;-256.903;-256.95;-255.988;11:58:33
3432;29.9855;29.7938;-256.743;-256.262;-256.715;-256.888;-256.95;-255.98;11:58:34
3433;29.9855;29.7938;-256.751;-256.269;-256.715;-256.895;-256.95;-255.988;11:58:34
3434;29.9933;29.7938;-256.743;-256.262;-256.715;-256.895;-256.942;-255.98;11:58:35
3435;29.9855;29.7938;-256.747;-256.262;-256.715;-256.895;-256.935;-255.988;11:58:35
3436;29.9855;29.7938;-256.747;-256.269;-256.708;-256.888;-256.942;-255.98;11:58:36
3437;29.9855;29.8016;-256.751;-256.262;-256.708;-256.895;-256.95;-255.98;11:58:36
3438;29.9855;29.7859;-256.747;-256.269;-256.715;-256.903;-256.942;-255.98;11:58:37
3439;29.9855;29.7938;-256.751;-256.262;-256.708;-256.895;-256.95;-255.988;11:58:37
3440;29.9777;29.7938;-256.751;-256.262;-256.708;-256.895;-256.95;-255.98;11:58:38
3441;29.9855;29.7859;-256.747;-256.269;-256.715;-256.895;-256.95;-255.988;11:58:38
3442;29.9855;29.7938;-256.743;-256.262;-256.708;-256.903;-256.942;-255.98;11:58:39
3443;29.9855;29.7938;-256.747;-256.254;-256.708;-256.895;-256.942;-255.988;11:58:39
3444;29.9933;29.7938;-256.747;-256.262;-256.7;-256.895;-256.942;-255.98;11:58:40
3445;29.9933;29.7938;-256.747;-256.262;-256.708;-256.888;-256.95;-255.988;11:58:40
3446;30.0011;29.8016;-256.747;-256.254;-256.708;-256.903;-256.935;-255.988;11:58:41
3447;29.9933;29.7938;-256.747;-256.254;-256.708;-256.895;-256.95;-255.988;11:58:41
3448;29.9933;29.7859;-256.743;-256.262;-256.708;-256.895;-256.942;-255.98;11:58:42
3449;29.9933;29.7938;-256.747;-256.262;-256.708;-256.888;-256.942;-255.988;11:58:42
3450;30.0011;29.8016;-256.747;-256.262;-256.708;-256.903;-256.942;-255.988;11:58:43
3451;29.9933;29.7938;-256.747;-256.254;-256.708;-256.895;-256.942;-255.988;11:58:43
3452;30.0011;29.7938;-256.751;-256.262;-256.715;-256.895;-256.95;-255.98;11:58:44
3453;29.9933;29.7938;-256.751;-256.254;-256.708;-256.895;-256.942;-255.98;11:58:44
3454;30.0011;29.7938;-256.747;-256.262;-256.715;-256.895;-256.942;-255.98;11:58:45
3455;30.0011;29.8016;-256.751;-256.254;-256.708;-256.895;-256.942;-255.988;11:58:45
3456;29.9933;29.7938;-256.747;-256.262;-256.715;-256.895;-256.942;-255.996;11:58:46
3457;29.9933;29.8016;-256.747;-256.262;-256.715;-256.895;-256.942;-255.98;11:58:46
3458;29.9855;29.7938;-256.747;-256.262;-256.708;-256.895;-256.95;-255.988;11:58:47
3459;29.9855;29.7938;-256.747;-256.262;-256.708;-256.895;-256.958;-255.988;11:58:47
3460;29.9933;29.7938;-256.747;-256.262;-256.708;-256.903;-256.942;-255.988;11:58:48
3461;29.9933;29.7938;-256.747;-256.262;-256.708;-256.895;-256.942;-255.988;11:58:48
3462;29.9855;29.7938;-256.747;-256.262;-256.7;-256.895;-256.942;-255.98;11:58:49
3463;29.9933;29.7938;-256.751;-256.262;-256.708;-256.895;-256.942;-255.98;11:58:49
3464;29.9933;29.7938;-256.747;-256.269;-256.7;-256.895;-256.942;-255.988;11:58:50
3465;29.9933;29.7938;-256.751;-256.262;-256.708;-256.888;-256.935;-255.988;11:58:50
3466;29.9933;29.7859;-256.747;-256.262;-256.708;-256.888;-256.95;-255.996;11:58:51
3467;29.9855;29.7938;-256.751;-256.262;-256.708;-256.888;-256.95;-255.98;11:58:51
3468;30.0011;29.7938;-256.751;-256.262;-256.708;-256.895;-256.942;-255.988;11:58:52
3469;29.9933;29.7938;-256.751;-256.262;-256.7;-256.895;-256.95;-255.996;11:58:52
3470;29.9933;29.7938;-256.751;-256.262;-256.708;-256.895;-256.935;-255.988;11:58:53
3471;30.0011;29.7938;-256.751;-256.262;-256.7;-256.903;-256.95;-255.988;11:58:53
3472;29.9933;29.7938;-256.751;-256.262;-256.715;-256.888;-256.95;-255.988;11:58:54
3473;30.0011;29.7938;-256.751;-256.262;-256.715;-256.895;-256.942;-255.988;11:58:54
3474;29.9933;29.7938;-256.751;-256.262;-256.708;-256.903;-256.958;-255.988;11:58:55
3475;30.0011;29.7938;-256.751;-256.269;-256.708;-256.895;-256.95;-255.988;11:58:55
3476;30.0011;29.8016;-256.751;-256.269;-256.708;-256.895;-256.95;-255.98;11:58:56
3477;29.9933;29.7938;-256.751;-256.269;-256.708;-256.895;-256.95;-255.98;11:58:56
3478;30.0011;29.8016;-256.751;-256.262;-256.708;-256.903;-256.942;-255.98;11:58:57
3479;29.9933;29.8094;-256.747;-256.269;-256.715;-256.903;-256.942;-255.98;11:58:57
3480;29.9933;29.8094;-256.751;-256.269;-256.708;-256.895;-256.942;-255.98;11:58:58
3481;30.0011;29.8016;-256.751;-256.262;-256.708;-256.903;-256.942;-255.98;11:58:58
3482;30.0011;29.8016;-256.755;-256.262;-256.708;-256.895;-256.942;-255.98;11:58:59
3483;29.9933;29.8094;-256.751;-256.269;-256.708;-256.903;-256.95;-255.98;11:58:59
3484;30.0011;29.8094;-256.751;-256.269;-256.715;-256.895;-256.942;-255.98;11:59:00
3485;30.0011;29.8094;-256.751;-256.262;-256.708;-256.903;-256.942;-255.98;11:59:00
3486;30.0168;29.8016;-256.755;-256.269;-256.708;-256.895;-256.935;-255.988;11:59:01
3487;30.009;29.8094;-256.751;-256.262;-256.715;-256.895;-256.935;-255.988;11:59:01
3488;30.0011;29.8016;-256.755;-256.269;-256.708;-256.903;-256.935;-255.98;11:59:02
3489;30.009;29.7938;-256.751;-256.262;-256.708;-256.895;-256.942;-255.98;11:59:02
3490;30.0011;29.8094;-256.755;-256.269;-256.7;-256.895;-256.942;-255.988;11:59:03
3491;30.009;29.8016;-256.751;-256.262;-256.708;-256.895;-256.935;-255.98;11:59:03
3492;30.0011;29.8016;-256.747;-256.269;-256.708;-256.888;-256.942;-255.988;11:59:04
3493;30.009;29.7938;-256.755;-256.254;-256.708;-256.895;-256.942;-255.988;11:59:04
3494;30.009;29.7938;-256.751;-256.269;-256.708;-256.888;-256.935;-255.98;11:59:05
3495;30.009;29.7938;-256.751;-256.262;-256.715;-256.888;-256.942;-255.988;11:59:05
3496;30.009;29.7859;-256.751;-256.262;-256.708;-256.895;-256.942;-255.988;11:59:06
3497;30.009;29.7938;-256.751;-256.262;-256.708;-256.888;-256.942;-255.988;11:59:06
3498;30.0011;29.7938;-256.751;-256.262;-256.708;-256.895;-256.935;-255.988;11:59:07
3499;30.009;29.8016;-256.751;-256.262;-256.715;-256.895;-256.942;-255.988;11:59:07
3500;30.009;29.8016;-256.751;-256.254;-256.715;-256.895;-256.935;-255.988;11:59:08
3501;30.0011;29.7938;-256.751;-256.269;-256.708;-256.895;-256.935;-255.988;11:59:08
3502;30.009;29.8016;-256.751;-256.254;-256.715;-256.888;-256.942;-255.988;11:59:09
3503;30.009;29.8016;-256.751;-256.269;-256.715;-256.895;-256.942;-255.988;11:59:09
3504;29.9933;29.8016;-256.751;-256.254;-256.715;-256.903;-256.935;-255.98;11:59:10
3505;30.0011;29.8016;-256.751;-256.262;-256.715;-256.895;-256.942;-255.988;11:59:10
3506;30.0011;29.8016;-256.751;-256.254;-256.715;-256.903;-256.942;-255.98;11:59:11
3507;30.0011;29.8094;-256.751;-256.262;-256.715;-256.911;-256.935;-255.98;11:59:11
3508;30.0011;29.8016;-256.751;-256.262;-256.715;-256.903;-256.942;-255.988;11:59:12
3509;30.0011;29.7938;-256.747;-256.262;-256.715;-256.911;-256.935;-255.98;11:59:12
3510;30.0011;29.8016;-256.755;-256.262;-256.715;-256.903;-256.935;-255.988;11:59:13
3511;29.9933;29.8016;-256.751;-256.269;-256.708;-256.903;-256.935;-255.98;11:59:13
3512;30.0011;29.8016;-256.751;-256.262;-256.715;-256.911;-256.942;-255.98;11:59:14
3513;30.009;29.8094;-256.751;-256.262;-256.715;-256.903;-256.942;-255.988;11:59:14
3514;30.0011;29.8016;-256.755;-256.269;-256.715;-256.911;-256.942;-255.98;11:59:15
3515;30.0011;29.8016;-256.755;-256.262;-256.708;-256.903;-256.942;-255.98;11:59:15
3516;30.0011;29.8016;-256.751;-256.269;-256.715;-256.903;-256.935;-255.98;11:59:16
3517;30.0011;29.8016;-256.751;-256.254;-256.715;-256.911;-256.942;-255.98;11:59:16
3518;30.0011;29.8016;-256.747;-256.269;-256.715;-256.903;-256.942;-255.98;11:59:17
3519;29.9933;29.8094;-256.747;-256.262;-256.708;-256.903;-256.935;-255.98;11:59:17
3520;30.0011;29.8094;-256.751;-256.262;-256.708;-256.903;-256.942;-255.98;11:59:18
3521;30.0011;29.8094;-256.751;-256.269;-256.723;-256.903;-256.942;-255.98;11:59:18
3522;29.9933;29.8016;-256.751;-256.269;-256.715;-256.903;-256.942;-255.98;11:59:19
3523;29.9933;29.8016;-256.751;-256.269;-256.708;-256.911;-256.95;-255.988;11:59:19
3524;30.0011;29.8016;-256.755;-256.262;-256.715;-256.895;-256.95;-255.972;11:59:20
3525;29.9933;29.8016;-256.751;-256.277;-256.715;-256.903;-256.942;-255.98;11:59:20
3526;30.0011;29.8016;-256.751;-256.262;-256.715;-256.911;-256.942;-255.98;11:59:21
3527;29.9933;29.8094;-256.747;-256.262;-256.715;-256.903;-256.942;-255.98;11:59:21
3528;30.0011;29.8094;-256.747;-256.262;-256.715;-256.911;-256.942;-255.98;11:59:22
3529;30.0011;29.8016;-256.743;-256.262;-256.715;-256.903;-256.95;-255.98;11:59:22
3530;30.0011;29.8094;-256.751;-256.269;-256.708;-256.903;-256.95;-255.972;11:59:23
3531;30.0011;29.8094;-256.747;-256.262;-256.708;-256.903;-256.942;-255.98;11:59:23
3532;29.9933;29.8016;-256.751;-256.269;-256.715;-256.903;-256.95;-255.98;11:59:24
3533;29.9933;29.8094;-256.747;-256.262;-256.715;-256.903;-256.942;-255.98;11:59:24
3534;29.9933;29.8094;-256.751;-256.269;-256.715;-256.911;-256.942;-255.98;11:59:25
3535;29.9933;29.8094;-256.751;-256.262;-256.715;-256.903;-256.942;-255.988;11:59:25
3536;29.9933;29.8016;-256.751;-256.269;-256.708;-256.911;-256.95;-255.972;11:59:26
3537;29.9855;29.8016;-256.751;-256.262;-256.708;-256.903;-256.95;-255.98;11:59:26
3538;30.0011;29.8016;-256.751;-256.254;-256.708;-256.903;-256.935;-255.988;11:59:27
3539;29.9933;29.8094;-256.751;-256.262;-256.708;-256.903;-256.942;-255.98;11:59:27
3540;29.9933;29.8016;-256.751;-256.269;-256.715;-256.903;-256.942;-255.98;11:59:28
3541;29.9933;29.8016;-256.751;-256.262;-256.7;-256.903;-256.935;-255.98;11:59:28
3542;30.0011;29.8094;-256.751;-256.269;-256.708;-256.895;-256.942;-255.98;11:59:29
3543;29.9933;29.8094;-256.751;-256.262;-256.708;-256.903;-256.935;-255.98;11:59:29
3544;30.0011;29.8016;-256.751;-256.269;-256.708;-256.895;-256.95;-255.98;11:59:30
3545;30.0011;29.8094;-256.751;-256.262;-256.708;-256.895;-256.935;-255.98;11:59:30
3546;30.009;29.8172;-256.751;-256.269;-256.708;-256.903;-256.942;-255.988;11:59:31
3547;30.0011;29.8094;-256.755;-256.269;-256.715;-256.895;-256.942;-255.98;11:59:31
3548;30.009;29.8094;-256.751;-256.269;-256.7;-256.895;-256.942;-255.98;11:59:32
3549;30.0011;29.8094;-256.751;-256.262;-256.715;-256.903;-256.942;-255.98;11:59:32
3550;30.0011;29.8094;-256.751;-256.262;-256.708;-256.903;-256.942;-255.98;11:59:33
3551;30.0011;29.8094;-256.755;-256.262;-256.715;-256.895;-256.95;-255.972;11:59:33
3552;30.009;29.8094;-256.751;-256.262;-256.715;-256.903;-256.942;-255.972;11:59:34
3553;30.009;29.8172;-256.755;-256.262;-256.708;-256.903;-256.942;-255.98;11:59:34
3554;30.0011;29.8172;-256.751;-256.269;-256.715;-256.911;-256.95;-255.972;11:59:35
3555;30.0011;29.8172;-256.755;-256.262;-256.708;-256.903;-256.942;-255.972;11:59:35
3556;30.0011;29.8172;-256.755;-256.262;-256.708;-256.903;-256.95;-255.972;11:59:36
3557;30.009;29.8172;-256.751;-256.262;-256.708;-256.903;-256.95;-255.98;11:59:36
3558;30.009;29.8172;-256.751;-256.269;-256.708;-256.895;-256.95;-255.98;11:59:37
3559;30.009;29.8172;-256.751;-256.262;-256.708;-256.895;-256.942;-255.972;11:59:37
3560;30.0168;29.8172;-256.755;-256.269;-256.7;-256.895;-256.95;-255.98;11:59:38
3561;30.009;29.8172;-256.751;-256.262;-256.708;-256.895;-256.958;-255.98;11:59:38
3562;30.0168;29.8251;-256.751;-256.262;-256.708;-256.903;-256.95;-255.98;11:59:39
3563;30.009;29.8172;-256.751;-256.269;-256.708;-256.895;-256.942;-255.972;11:59:39
3564;30.0168;29.8094;-256.751;-256.269;-256.708;-256.895;-256.95;-255.98;11:59:40
3565;30.0168;29.8094;-256.751;-256.269;-256.7;-256.903;-256.95;-255.98;11:59:40
3566;30.009;29.8094;-256.751;-256.269;-256.708;-256.895;-256.95;-255.98;11:59:41
3567;30.0011;29.8172;-256.747;-256.269;-256.7;-256.903;-256.95;-255.972;11:59:41
3568;30.0168;29.8172;-256.743;-256.262;-256.7;-256.895;-256.95;-255.98;11:59:42
3569;30.009;29.8172;-256.743;-256.269;-256.708;-256.895;-256.95;-255.98;11:59:42
3570;30.0168;29.8172;-256.735;-256.269;-256.708;-256.903;-256.942;-255.972;11:59:43
3571;30.0168;29.8172;-256.743;-256.262;-256.7;-256.895;-256.942;-255.98;11:59:43
3572;30.0168;29.8094;-256.735;-256.269;-256.708;-256.903;-256.942;-255.98;11:59:44
3573;30.009;29.8172;-256.743;-256.269;-256.708;-256.895;-256.942;-255.972;11:59:44
3574;30.009;29.8251;-256.743;-256.269;-256.7;-256.903;-256.935;-255.98;11:59:45
3575;30.0168;29.8172;-256.747;-256.269;-256.7;-256.903;-256.935;-255.972;11:59:45
3576;30.0168;29.8172;-256.743;-256.269;-256.708;-256.895;-256.942;-255.98;11:59:46
3577;30.0168;29.8172;-256.743;-256.277;-256.708;-256.903;-256.95;-255.972;11:59:46
3578;30.009;29.8172;-256.743;-256.262;-256.708;-256.895;-256.942;-255.98;11:59:47
3579;30.0168;29.8251;-256.743;-256.269;-256.708;-256.903;-256.942;-255.98;11:59:47
3580;30.0168;29.8172;-256.747;-256.269;-256.715;-256.903;-256.935;-255.98;11:59:48
3581;30.0168;29.8251;-256.743;-256.269;-256.708;-256.895;-256.935;-255.972;11:59:48
3582;30.0246;29.8172;-256.747;-256.269;-256.708;-256.895;-256.942;-255.972;11:59:49
3583;30.0168;29.8094;-256.747;-256.269;-256.715;-256.895;-256.935;-255.972;11:59:49
3584;30.0168;29.8172;-256.747;-256.262;-256.715;-256.895;-256.942;-255.972;11:59:50
3585;30.0168;29.8251;-256.747;-256.269;-256.708;-256.895;-256.942;-255.972;11:59:50
3586;30.0168;29.8172;-256.747;-256.269;-256.708;-256.895;-256.935;-255.98;11:59:51
3587;30.0246;29.8251;-256.743;-256.269;-256.708;-256.903;-256.935;-255.972;11:59:51
3588;30.0168;29.8172;-256.747;-256.269;-256.715;-256.895;-256.942;-255.98;11:59:52
3589;30.0168;29.8251;-256.743;-256.262;-256.708;-256.895;-256.942;-255.98;11:59:52
3590;30.0246;29.8251;-256.747;-256.269;-256.715;-256.903;-256.942;-255.98;11:59:53
3591;30.0168;29.8172;-256.743;-256.269;-256.708;-256.903;-256.935;-255.972;11:59:53
3592;30.0168;29.8251;-256.739;-256.269;-256.715;-256.903;-256.942;-255.98;11:59:54
3593;30.0168;29.8329;-256.743;-256.262;-256.708;-256.895;-256.942;-255.98;11:59:54
3594;30.0168;29.8251;-256.743;-256.269;-256.715;-256.903;-256.935;-255.972;11:59:55
3595;30.0168;29.8251;-256.743;-256.269;-256.708;-256.895;-256.942;-255.98;11:59:55
3596;30.0168;29.8251;-256.743;-256.269;-256.7;-256.895;-256.942;-255.972;11:59:56
3597;30.0246;29.8251;-256.743;-256.269;-256.708;-256.895;-256.942;-255.98;11:59:56
3598;30.0168;29.8251;-256.747;-256.269;-256.7;-256.895;-256.942;-255.98;11:59:57
3599;30.0168;29.8251;-256.743;-256.262;-256.708;-256.903;-256.95;-255.98;11:59:57
3600;30.0246;29.8251;-256.747;-256.269;-256.7;-256.895;-256.942;-255.98;11:59:58
3601;30.0246;29.8251;-256.747;-256.269;-256.7;-256.895;-256.942;-255.98;11:59:58
3602;30.0246;29.8251;-256.743;-256.269;-256.7;-256.895;-256.935;-255.98;11:59:59
3603;30.0168;29.8172;-256.747;-256.269;-256.708;-256.895;-256.95;-255.98;11:59:59
3604;30.0246;29.8172;-256.743;-256.269;-256.715;-256.888;-256.942;-255.98;12:00:00
3605;30.0246;29.8251;-256.747;-256.269;-256.708;-256.895;-256.942;-255.98;12:00:00
3606;30.0168;29.8172;-256.743;-256.269;-256.708;-256.895;-256.95;-255.98;12:00:01
3607;30.0168;29.8251;-256.747;-256.269;-256.708;-256.895;-256.942;-255.98;12:00:01
3608;30.0246;29.8172;-256.743;-256.269;-256.708;-256.903;-256.942;-255.98;12:00:02
3609;30.0168;29.8172;-256.747;-256.269;-256.715;-256.895;-256.942;-255.98;12:00:02
3610;30.0168;29.8172;-256.747;-256.269;-256.708;-256.903;-256.942;-255.98;12:00:03
3611;30.0168;29.8251;-256.747;-256.262;-256.708;-256.895;-256.95;-255.98;12:00:03
3612;30.009;29.8251;-256.747;-256.269;-256.715;-256.895;-256.95;-255.98;12:00:04
3613;30.0168;29.8251;-256.747;-256.254;-256.708;-256.895;-256.935;-255.98;12:00:04
3614;30.009;29.8251;-256.743;-256.269;-256.7;-256.903;-256.95;-255.988;12:00:05
3615;30.009;29.8251;-256.751;-256.262;-256.715;-256.903;-256.942;-255.98;12:00:05
3616;30.009;29.8251;-256.747;-256.262;-256.715;-256.895;-256.942;-255.98;12:00:06
3617;30.009;29.8172;-256.747;-256.269;-256.708;-256.903;-256.942;-255.972;12:00:06
3618;30.0168;29.8172;-256.747;-256.262;-256.715;-256.895;-256.942;-255.98;12:00:07
3619;30.009;29.8094;-256.743;-256.262;-256.708;-256.903;-256.942;-255.98;12:00:07
3620;30.009;29.8094;-256.747;-256.262;-256.708;-256.895;-256.942;-255.98;12:00:08
3621;30.0168;29.8172;-256.747;-256.269;-256.708;-256.903;-256.942;-255.98;12:00:08
3622;30.009;29.8172;-256.747;-256.262;-256.7;-256.895;-256.942;-255.98;12:00:09
3623;30.0168;29.8094;-256.747;-256.262;-256.708;-256.895;-256.95;-255.988;12:00:09
3624;30.0168;29.8094;-256.747;-256.262;-256.708;-256.895;-256.942;-255.98;12:00:10
3625;30.0168;29.8172;-256.751;-256.262;-256.708;-256.895;-256.942;-255.98;12:00:10
3626;30.0168;29.8172;-256.747;-256.262;-256.708;-256.888;-256.942;-255.988;12:00:11
3627;30.009;29.8172;-256.747;-256.262;-256.708;-256.895;-256.942;-255.988;12:00:11
3628;30.0246;29.8251;-256.747;-256.262;-256.708;-256.895;-256.942;-255.988;12:00:12
3629;30.0168;29.8251;-256.747;-256.269;-256.708;-256.895;-256.942;-255.988;12:00:12
3630;30.0246;29.8172;-256.751;-256.262;-256.715;-256.903;-256.95;-255.996;12:00:13
3631;30.009;29.8172;-256.751;-256.262;-256.715;-256.895;-256.942;-255.988;12:00:13
3632;30.0246;29.8251;-256.747;-256.262;-256.715;-256.895;-256.95;-255.988;12:00:14
3633;30.0168;29.8172;-256.747;-256.262;-256.708;-256.895;-256.95;-255.988;12:00:14
3634;30.0246;29.8329;-256.743;-256.254;-256.715;-256.903;-256.942;-255.996;12:00:15
3635;30.0168;29.8251;-256.751;-256.262;-256.715;-256.903;-256.95;-255.988;12:00:15
3636;30.009;29.8251;-256.751;-256.262;-256.708;-256.895;-256.942;-255.988;12:00:16
3637;30.0168;29.8251;-256.755;-256.262;-256.715;-256.903;-256.935;-255.988;12:00:16
3638;30.0168;29.8251;-256.755;-256.262;-256.715;-256.903;-256.942;-255.98;12:00:17
3639;30.0168;29.8172;-256.755;-256.262;-256.715;-256.895;-256.935;-255.988;12:00:17
3640;30.0168;29.8251;-256.755;-256.262;-256.715;-256.888;-256.942;-255.988;12:00:18
3641;30.009;29.8251;-256.751;-256.254;-256.715;-256.895;-256.942;-255.988;12:00:18
3642;30.0168;29.8251;-256.751;-256.262;-256.708;-256.895;-256.942;-255.988;12:00:19
3643;30.0168;29.8329;-256.751;-256.262;-256.715;-256.895;-256.942;-255.98;12:00:19
3644;30.0168;29.8251;-256.751;-256.262;-256.708;-256.888;-256.942;-255.988;12:00:20
3645;30.0168;29.8172;-256.747;-256.254;-256.715;-256.888;-256.935;-255.996;12:00:20
3646;30.0168;29.8251;-256.751;-256.262;-256.715;-256.888;-256.942;-255.988;12:00:21
3647;30.0246;29.8329;-256.743;-256.262;-256.708;-256.895;-256.942;-255.988;12:00:21
3648;30.0246;29.8329;-256.747;-256.254;-256.715;-256.888;-256.935;-255.988;12:00:22
3649;30.0246;29.8251;-256.743;-256.262;-256.708;-256.895;-256.942;-255.988;12:00:22
3650;30.0246;29.8251;-256.747;-256.254;-256.708;-256.888;-256.942;-255.988;12:00:23
3651;30.0168;29.8251;-256.743;-256.262;-256.715;-256.895;-256.958;-255.988;12:00:23
3652;30.0285;29.8251;-256.743;-256.269;-256.715;-256.888;-256.95;-255.98;12:00:24
3653;30.0246;29.8329;-256.747;-256.262;-256.715;-256.888;-256.935;-255.988;12:00:24
3654;30.0285;29.8407;-256.743;-256.269;-256.715;-256.895;-256.935;-255.98;12:00:25
3655;30.0246;29.8251;-256.747;-256.269;-256.708;-256.895;-256.942;-255.98;12:00:25
3656;30.0285;29.8329;-256.747;-256.269;-256.715;-256.895;-256.935;-255.98;12:00:26
3657;30.0246;29.8251;-256.747;-256.269;-256.715;-256.895;-256.95;-255.988;12:00:26
3658;30.0246;29.8251;-256.747;-256.269;-256.708;-256.895;-256.942;-255.98;12:00:27
3659;30.0246;29.8251;-256.751;-256.269;-256.708;-256.895;-256.935;-255.98;12:00:27
3660;30.0246;29.8251;-256.747;-256.262;-256.715;-256.895;-256.942;-255.988;12:00:28
3661;30.0285;29.8251;-256.755;-256.262;-256.715;-256.895;-256.935;-255.98;12:00:28
3662;30.0285;29.8251;-256.751;-256.269;-256.708;-256.888;-256.942;-255.988;12:00:29
3663;30.0285;29.8172;-256.751;-256.269;-256.715;-256.895;-256.958;-255.98;12:00:29
3664;30.0246;29.8251;-256.751;-256.269;-256.715;-256.903;-256.95;-255.98;12:00:30
3665;30.0285;29.8251;-256.751;-256.269;-256.708;-256.895;-256.942;-255.98;12:00:30
3666;30.0168;29.8251;-256.747;-256.277;-256.715;-256.895;-256.942;-255.988;12:00:31
3667;30.0285;29.8251;-256.751;-256.269;-256.715;-256.895;-256.942;-255.98;12:00:31
3668;30.0246;29.8172;-256.747;-256.269;-256.708;-256.895;-256.942;-255.988;12:00:32
3669;30.0246;29.8251;-256.755;-256.269;-256.708;-256.888;-256.95;-255.98;12:00:32
3670;30.0285;29.8172;-256.751;-256.262;-256.715;-256.895;-256.942;-255.988;12:00:33
3671;30.0285;29.8251;-256.751;-256.269;-256.715;-256.895;-256.942;-255.988;12:00:33
3672;30.0285;29.8172;-256.751;-256.269;-256.715;-256.895;-256.942;-255.988;12:00:34
3673;30.0285;29.8329;-256.747;-256.269;-256.708;-256.895;-256.95;-255.98;12:00:34
3674;30.0285;29.8251;-256.755;-256.269;-256.708;-256.895;-256.935;-255.988;12:00:35
3675;30.0324;29.8251;-256.751;-256.269;-256.708;-256.895;-256.942;-255.98;12:00:35
3676;30.0285;29.8329;-256.751;-256.269;-256.715;-256.895;-256.95;-255.98;12:00:36
3677;30.0324;29.8251;-256.755;-256.269;-256.708;-256.895;-256.935;-255.988;12:00:36
3678;30.0285;29.8251;-256.755;-256.269;-256.715;-256.888;-256.942;-255.98;12:00:37
3679;30.0285;29.8251;-256.755;-256.269;-256.715;-256.903;-256.942;-255.98;12:00:37
3680;30.0285;29.8329;-256.751;-256.262;-256.715;-256.895;-256.935;-255.988;12:00:38
3681;30.0168;29.8251;-256.747;-256.262;-256.715;-256.895;-256.942;-255.98;12:00:38
3682;30.0246;29.8251;-256.747;-256.269;-256.708;-256.895;-256.942;-255.988;12:00:39
3683;30.0168;29.8329;-256.743;-256.269;-256.723;-256.903;-256.942;-255.98;12:00:39
3684;30.0168;29.8251;-256.743;-256.262;-256.708;-256.895;-256.942;-255.98;12:00:40
3685;30.0168;29.8329;-256.747;-256.269;-256.715;-256.895;-256.942;-255.972;12:00:40
3686;30.0246;29.8251;-256.751;-256.269;-256.715;-256.895;-256.942;-255.98;12:00:41
3687;30.0168;29.8329;-256.747;-256.269;-256.708;-256.895;-256.942;-255.972;12:00:41
3688;30.0246;29.8251;-256.751;-256.262;-256.715;-256.895;-256.942;-255.98;12:00:42
3689;30.0168;29.8329;-256.747;-256.262;-256.715;-256.895;-256.95;-255.98;12:00:42
3690;30.0168;29.8329;-256.755;-256.269;-256.708;-256.895;-256.942;-255.98;12:00:43
3691;30.0168;29.8329;-256.747;-256.262;-256.715;-256.895;-256.942;-255.988;12:00:43
3692;30.0168;29.8329;-256.751;-256.269;-256.715;-256.895;-256.95;-255.988;12:00:44
3693;30.0246;29.8329;-256.751;-256.262;-256.715;-256.903;-256.942;-255.98;12:00:44
3694;30.0168;29.8407;-256.747;-256.269;-256.715;-256.888;-256.942;-255.98;12:00:45
3695;30.0168;29.8329;-256.743;-256.269;-256.708;-256.895;-256.95;-255.98;12:00:45
3696;30.0246;29.8407;-256.747;-256.262;-256.723;-256.895;-256.942;-255.972;12:00:46
3697;30.009;29.8329;-256.747;-256.262;-256.715;-256.895;-256.95;-255.98;12:00:46
3698;30.0168;29.8251;-256.751;-256.269;-256.715;-256.888;-256.942;-255.98;12:00:47
3699;30.0207;29.8329;-256.747;-256.269;-256.723;-256.895;-256.942;-255.98;12:00:47
3700;30.0246;29.8251;-256.747;-256.262;-256.715;-256.888;-256.95;-255.972;12:00:48
3701;30.0246;29.8251;-256.747;-256.262;-256.715;-256.895;-256.95;-255.972;12:00:48
3702;30.0246;29.8329;-256.751;-256.262;-256.715;-256.888;-256.942;-255.98;12:00:49
3703;30.0168;29.8329;-256.747;-256.262;-256.715;-256.895;-256.95;-255.98;12:00:49
3704;30.0168;29.8251;-256.747;-256.269;-256.715;-256.895;-256.942;-255.98;12:00:50
3705;30.0168;29.8251;-256.747;-256.262;-256.715;-256.888;-256.942;-255.98;12:00:50
3706;30.009;29.8172;-256.747;-256.269;-256.723;-256.895;-256.935;-255.98;12:00:51
3707;30.009;29.8172;-256.747;-256.269;-256.715;-256.895;-256.942;-255.98;12:00:51
3708;30.009;29.8172;-256.747;-256.269;-256.715;-256.895;-256.942;-255.972;12:00:52
3709;30.009;29.8251;-256.747;-256.262;-256.715;-256.903;-256.95;-255.98;12:00:52
3710;30.009;29.8329;-256.747;-256.269;-256.715;-256.888;-256.95;-255.972;12:00:53
3711;30.0168;29.8251;-256.747;-256.269;-256.715;-256.895;-256.958;-255.972;12:00:53
3712;30.0168;29.8251;-256.751;-256.269;-256.708;-256.888;-256.95;-255.98;12:00:54
3713;30.009;29.8329;-256.751;-256.262;-256.715;-256.888;-256.942;-255.98;12:00:54
3714;30.0168;29.8329;-256.755;-256.262;-256.715;-256.895;-256.95;-255.972;12:00:55
3715;30.0168;29.8407;-256.751;-256.262;-256.715;-256.888;-256.942;-255.98;12:00:55
3716;30.009;29.8329;-256.755;-256.262;-256.715;-256.888;-256.942;-255.972;12:00:56
3717;30.0168;29.8485;-256.751;-256.262;-256.708;-256.895;-256.942;-255.98;12:00:56
3718;30.0168;29.8407;-256.755;-256.262;-256.723;-256.895;-256.942;-255.964;12:00:57
3719;30.0168;29.8407;-256.751;-256.262;-256.715;-256.895;-256.942;-255.98;12:00:57
3720;30.0246;29.8407;-256.755;-256.269;-256.715;-256.895;-256.935;-255.98;12:00:58
3721;30.0246;29.8329;-256.751;-256.262;-256.708;-256.903;-256.942;-255.972;12:00:58
3722;30.0246;29.8407;-256.751;-256.269;-256.715;-256.903;-256.95;-255.972;12:00:59
3723;30.0168;29.8329;-256.755;-256.262;-256.708;-256.895;-256.942;-255.972;12:00:59
3724;30.0168;29.8407;-256.755;-256.269;-256.708;-256.895;-256.942;-255.98;12:01:00
3725;30.0168;29.8329;-256.755;-256.269;-256.708;-256.895;-256.935;-255.98;12:01:00
3726;30.0168;29.8251;-256.755;-256.269;-256.708;-256.895;-256.942;-255.98;12:01:01
3727;30.0168;29.8329;-256.755;-256.269;-256.715;-256.895;-256.942;-255.98;12:01:01
3728;30.0168;29.8329;-256.747;-256.262;-256.7;-256.903;-256.942;-255.98;12:01:02
3729;30.0168;29.8407;-256.747;-256.262;-256.715;-256.895;-256.942;-255.988;12:01:02
3730;30.0168;29.8329;-256.747;-256.262;-256.708;-256.895;-256.935;-255.972;12:01:03
3731;30.0168;29.8407;-256.743;-256.269;-256.708;-256.888;-256.95;-255.98;12:01:03
3732;30.0168;29.8329;-256.743;-256.269;-256.715;-256.895;-256.942;-255.98;12:01:04
3733;30.009;29.8407;-256.743;-256.262;-256.715;-256.895;-256.942;-255.98;12:01:04
3734;30.009;29.8251;-256.743;-256.262;-256.708;-256.895;-256.942;-255.98;12:01:05
3735;30.009;29.8251;-256.735;-256.262;-256.715;-256.903;-256.95;-255.98;12:01:05
3736;30.0168;29.8407;-256.743;-256.269;-256.715;-256.903;-256.95;-255.98;12:01:06
3737;30.009;29.8329;-256.743;-256.262;-256.708;-256.895;-256.95;-255.98;12:01:06
3738;30.009;29.8407;-256.743;-256.262;-256.708;-256.903;-256.95;-255.972;12:01:07
3739;30.0168;29.8329;-256.743;-256.262;-256.715;-256.903;-256.942;-255.98;12:01:07
3740;30.0168;29.8329;-256.743;-256.269;-256.715;-256.895;-256.95;-255.98;12:01:08
3741;30.0168;29.8329;-256.743;-256.254;-256.708;-256.903;-256.95;-255.972;12:01:08
3742;30.0129;29.8407;-256.743;-256.262;-256.708;-256.895;-256.958;-255.98;12:01:09
3743;30.0168;29.8329;-256.743;-256.262;-256.715;-256.903;-256.942;-255.98;12:01:09
3744;30.0168;29.8407;-256.743;-256.258;-256.715;-256.895;-256.935;-255.98;12:01:10
3745;30.0246;29.8407;-256.735;-256.262;-256.715;-256.903;-256.935;-255.98;12:01:10
3746;30.0246;29.8407;-256.743;-256.262;-256.715;-256.895;-256.942;-255.98;12:01:11
3747;30.0246;29.8407;-256.747;-256.262;-256.715;-256.903;-256.942;-255.98;12:01:11
3748;30.0246;29.8329;-256.747;-256.262;-256.708;-256.895;-256.942;-255.98;12:01:12
3749;30.0285;29.8407;-256.747;-256.262;-256.715;-256.903;-256.942;-255.98;12:01:12
3750;30.0246;29.8329;-256.747;-256.262;-256.715;-256.895;-256.942;-255.98;12:01:13
3751;30.0285;29.8251;-256.747;-256.262;-256.715;-256.903;-256.942;-255.98;12:01:13
3752;30.0324;29.8329;-256.747;-256.262;-256.715;-256.895;-256.942;-255.98;12:01:14
3753;30.0285;29.8329;-256.743;-256.262;-256.708;-256.895;-256.942;-255.98;12:01:14
3754;30.0324;29.8329;-256.747;-256.262;-256.708;-256.903;-256.942;-255.98;12:01:15
3755;30.0324;29.8329;-256.739;-256.254;-256.715;-256.895;-256.942;-255.98;12:01:15
3756;30.0324;29.8251;-256.731;-256.262;-256.708;-256.903;-256.935;-255.988;12:01:16
3757;30.0324;29.8251;-256.743;-256.262;-256.708;-256.895;-256.942;-255.98;12:01:16
3758;30.0324;29.8329;-256.743;-256.262;-256.708;-256.895;-256.95;-255.98;12:01:17
3759;30.0324;29.8251;-256.747;-256.262;-256.7;-256.895;-256.935;-255.98;12:01:17
3760;30.0363;29.8251;-256.743;-256.254;-256.708;-256.895;-256.935;-255.98;12:01:18
3761;30.0324;29.8329;-256.743;-256.262;-256.708;-256.895;-256.935;-255.98;12:01:18
3762;30.0324;29.8329;-256.747;-256.262;-256.708;-256.895;-256.942;-255.98;12:01:19
3763;30.0246;29.8329;-256.743;-256.262;-256.7;-256.895;-256.942;-255.98;12:01:19
3764;30.0285;29.8329;-256.743;-256.254;-256.715;-256.903;-256.942;-255.98;12:01:20
3765;30.0285;29.8329;-256.747;-256.262;-256.708;-256.895;-256.942;-255.972;12:01:20
3766;30.0285;29.8329;-256.743;-256.269;-256.708;-256.903;-256.942;-255.98;12:01:21
3767;30.0168;29.8329;-256.747;-256.254;-256.715;-256.895;-256.95;-255.972;12:01:21
3768;30.0285;29.8329;-256.755;-256.262;-256.708;-256.903;-256.942;-255.972;12:01:22
3769;30.0246;29.8329;-256.751;-256.262;-256.708;-256.903;-256.95;-255.98;12:01:22
3770;30.0246;29.8329;-256.747;-256.262;-256.715;-256.903;-256.95;-255.972;12:01:23
3771;30.0168;29.8407;-256.751;-256.262;-256.708;-256.903;-256.942;-255.972;12:01:23
3772;30.0246;29.8407;-256.751;-256.269;-256.715;-256.903;-256.942;-255.98;12:01:24
3773;30.0285;29.8407;-256.751;-256.262;-256.708;-256.903;-256.942;-255.98;12:01:24
3774;30.0285;29.8329;-256.747;-256.269;-256.715;-256.895;-256.935;-255.972;12:01:25
3775;30.0285;29.8329;-256.747;-256.269;-256.715;-256.911;-256.942;-255.98;12:01:25
3776;30.0285;29.8407;-256.751;-256.269;-256.715;-256.895;-256.95;-255.98;12:01:26
3777;30.0285;29.8407;-256.747;-256.269;-256.708;-256.903;-256.95;-255.98;12:01:26
3778;30.0285;29.8485;-256.747;-256.269;-256.715;-256.895;-256.95;-255.98;12:01:27
3779;30.0285;29.8407;-256.747;-256.269;-256.715;-256.895;-256.958;-255.972;12:01:27
3780;30.0285;29.8485;-256.747;-256.269;-256.715;-256.888;-256.958;-255.98;12:01:28
3781;30.0285;29.8407;-256.751;-256.262;-256.708;-256.895;-256.935;-255.988;12:01:28
3782;30.0246;29.8485;-256.747;-256.269;-256.715;-256.895;-256.942;-255.972;12:01:29
3783;30.0285;29.8407;-256.751;-256.269;-256.708;-256.888;-256.935;-255.98;12:01:29
3784;30.0246;29.8485;-256.747;-256.269;-256.708;-256.895;-256.935;-255.98;12:01:30
3785;30.0246;29.8407;-256.747;-256.269;-256.715;-256.895;-256.935;-255.98;12:01:30
3786;30.0246;29.8407;-256.747;-256.269;-256.715;-256.903;-256.942;-255.98;12:01:31
3787;30.0324;29.8407;-256.747;-256.269;-256.708;-256.895;-256.935;-255.98;12:01:31
3788;30.0285;29.8329;-256.755;-256.262;-256.715;-256.895;-256.935;-255.972;12:01:32
3789;30.0324;29.8329;-256.751;-256.262;-256.715;-256.895;-256.942;-255.972;12:01:32
3790;30.0246;29.8407;-256.755;-256.269;-256.715;-256.895;-256.942;-255.98;12:01:33
3791;30.0285;29.8251;-256.751;-256.262;-256.715;-256.895;-256.935;-255.98;12:01:33
3792;30.0324;29.8329;-256.747;-256.269;-256.715;-256.888;-256.935;-255.98;12:01:34
3793;30.0285;29.8329;-256.747;-256.262;-256.715;-256.895;-256.935;-255.988;12:01:34
3794;30.0285;29.8407;-256.751;-256.262;-256.708;-256.895;-256.935;-255.98;12:01:35
3795;30.0363;29.8407;-256.747;-256.262;-256.715;-256.895;-256.935;-255.98;12:01:35
3796;30.0324;29.8329;-256.747;-256.269;-256.715;-256.903;-256.942;-255.98;12:01:36
3797;30.0363;29.8485;-256.751;-256.269;-256.715;-256.895;-256.935;-255.98;12:01:36
3798;30.0324;29.8329;-256.747;-256.269;-256.708;-256.895;-256.942;-255.98;12:01:37
3799;30.0324;29.8407;-256.751;-256.269;-256.715;-256.903;-256.942;-255.98;12:01:37
3800;30.0324;29.8407;-256.747;-256.269;-256.708;-256.895;-256.935;-255.98;12:01:38
3801;30.0363;29.8407;-256.751;-256.262;-256.715;-256.903;-256.942;-255.98;12:01:38
3802;30.0363;29.8407;-256.755;-256.269;-256.715;-256.903;-256.942;-255.98;12:01:39
3803;30.0363;29.8485;-256.755;-256.262;-256.715;-256.903;-256.935;-255.98;12:01:39
3804;30.0363;29.8407;-256.751;-256.269;-256.715;-256.903;-256.942;-255.988;12:01:40
3805;30.0363;29.8407;-256.755;-256.269;-256.723;-256.903;-256.942;-255.972;12:01:40
3806;30.0403;29.8485;-256.751;-256.262;-256.715;-256.903;-256.95;-255.98;12:01:41
3807;30.0363;29.8485;-256.747;-256.269;-256.715;-256.903;-256.942;-255.988;12:01:41
3808;30.0363;29.8485;-256.747;-256.269;-256.708;-256.903;-256.95;-255.98;12:01:42
3809;30.0363;29.8485;-256.747;-256.262;-256.715;-256.903;-256.942;-255.98;12:01:42
3810;30.0403;29.8525;-256.747;-256.269;-256.723;-256.903;-256.942;-255.988;12:01:43
3811;30.0363;29.8485;-256.747;-256.269;-256.715;-256.903;-256.935;-255.988;12:01:43
3812;30.0403;29.8485;-256.747;-256.269;-256.723;-256.911;-256.942;-255.98;12:01:44
3813;30.0363;29.8485;-256.751;-256.269;-256.715;-256.903;-256.942;-255.988;12:01:44
3814;30.0363;29.8407;-256.751;-256.269;-256.715;-256.903;-256.95;-255.98;12:01:45
3815;30.0363;29.8485;-256.751;-256.269;-256.708;-256.903;-256.942;-255.98;12:01:45
3816;30.0363;29.8407;-256.755;-256.269;-256.715;-256.903;-256.942;-255.98;12:01:46
3817;30.0403;29.8407;-256.755;-256.262;-256.723;-256.903;-256.935;-255.98;12:01:46
3818;30.0363;29.8407;-256.755;-256.262;-256.715;-256.895;-256.942;-255.98;12:01:47
3819;30.0403;29.8407;-256.755;-256.262;-256.715;-256.903;-256.935;-255.98;12:01:47
3820;30.0363;29.8407;-256.751;-256.262;-256.708;-256.903;-256.935;-255.98;12:01:48
3821;30.0363;29.8485;-256.751;-256.262;-256.715;-256.895;-256.942;-255.98;12:01:48
3822;30.0363;29.8485;-256.755;-256.262;-256.708;-256.903;-256.935;-255.98;12:01:49
3823;30.0403;29.8407;-256.751;-256.262;-256.715;-256.903;-256.935;-255.98;12:01:49
3824;30.0363;29.8407;-256.755;-256.269;-256.715;-256.895;-256.942;-255.98;12:01:50
3825;30.0363;29.8407;-256.751;-256.262;-256.708;-256.903;-256.935;-255.972;12:01:50
3826;30.0324;29.8407;-256.751;-256.269;-256.715;-256.903;-256.942;-255.98;12:01:51
3827;30.0324;29.8407;-256.755;-256.262;-256.715;-256.903;-256.942;-255.98;12:01:51
3828;30.0285;29.8329;-256.755;-256.262;-256.723;-256.911;-256.935;-255.98;12:01:52
3829;30.0324;29.8407;-256.755;-256.269;-256.708;-256.903;-256.942;-255.98;12:01:52
3830;30.0324;29.8407;-256.751;-256.262;-256.715;-256.911;-256.95;-255.98;12:01:53
3831;30.0285;29.8329;-256.751;-256.262;-256.715;-256.903;-256.942;-255.98;12:01:53
3832;30.0285;29.8407;-256.751;-256.262;-256.708;-256.903;-256.935;-255.98;12:01:54
3833;30.0324;29.8329;-256.751;-256.262;-256.715;-256.903;-256.942;-255.98;12:01:54
3834;30.0285;29.8329;-256.751;-256.262;-256.715;-256.895;-256.935;-255.988;12:01:55
3835;30.0285;29.8329;-256.751;-256.254;-256.708;-256.903;-256.927;-255.988;12:01:55
3836;30.0324;29.8407;-256.751;-256.262;-256.715;-256.903;-256.942;-255.98;12:01:56
3837;30.0324;29.8407;-256.755;-256.262;-256.715;-256.911;-256.935;-255.988;12:01:56
3838;30.0285;29.8329;-256.755;-256.262;-256.708;-256.903;-256.935;-255.988;12:01:57
3839;30.0324;29.8407;-256.751;-256.262;-256.715;-256.903;-256.942;-255.988;12:01:57
3840;30.0285;29.8329;-256.751;-256.254;-256.708;-256.903;-256.95;-255.98;12:01:58
3841;30.0285;29.8329;-256.747;-256.262;-256.715;-256.903;-256.942;-255.98;12:01:58
3842;30.0324;29.8329;-256.751;-256.262;-256.708;-256.903;-256.942;-255.988;12:01:59
3843;30.0363;29.8329;-256.755;-256.262;-256.715;-256.911;-256.935;-255.98;12:01:59
3844;30.0324;29.8329;-256.747;-256.262;-256.715;-256.903;-256.935;-255.98;12:02:00
3845;30.0324;29.8329;-256.755;-256.254;-256.715;-256.903;-256.935;-255.98;12:02:00
3846;30.0324;29.8329;-256.751;-256.262;-256.715;-256.911;-256.935;-255.988;12:02:01
3847;30.0324;29.8329;-256.751;-256.254;-256.708;-256.903;-256.935;-255.98;12:02:01
3848;30.0324;29.8329;-256.751;-256.269;-256.715;-256.903;-256.935;-255.98;12:02:02
3849;30.0324;29.8407;-256.751;-256.262;-256.708;-256.895;-256.942;-255.98;12:02:02
3850;30.0363;29.8251;-256.751;-256.262;-256.708;-256.903;-256.942;-255.988;12:02:03
3851;30.0324;29.8407;-256.751;-256.262;-256.715;-256.911;-256.935;-255.98;12:02:03
3852;30.0285;29.8329;-256.751;-256.262;-256.708;-256.895;-256.935;-255.98;12:02:04
3853;30.0324;29.8407;-256.751;-256.262;-256.715;-256.911;-256.935;-255.98;12:02:04
3854;30.0324;29.8329;-256.751;-256.262;-256.708;-256.903;-256.942;-255.98;12:02:05
3855;30.0363;29.8329;-256.747;-256.262;-256.708;-256.903;-256.942;-255.98;12:02:05
3856;30.0324;29.8407;-256.751;-256.262;-256.715;-256.903;-256.942;-255.98;12:02:06
3857;30.0324;29.8329;-256.751;-256.262;-256.715;-256.903;-256.942;-255.98;12:02:06
3858;30.0324;29.8251;-256.747;-256.262;-256.708;-256.895;-256.942;-255.98;12:02:07
3859;30.0324;29.8329;-256.743;-256.262;-256.708;-256.903;-256.935;-255.98;12:02:07
3860;30.0363;29.8407;-256.751;-256.262;-256.708;-256.903;-256.935;-255.98;12:02:08
3861;30.0363;29.8329;-256.751;-256.262;-256.715;-256.911;-256.927;-255.98;12:02:08
3862;30.0363;29.8329;-256.751;-256.262;-256.708;-256.895;-256.935;-255.98;12:02:09
3863;30.0403;29.8329;-256.751;-256.254;-256.708;-256.903;-256.942;-255.988;12:02:09
3864;30.0403;29.8251;-256.751;-256.262;-256.715;-256.903;-256.942;-255.972;12:02:10
3865;30.0403;29.8251;-256.755;-256.262;-256.708;-256.903;-256.942;-255.98;12:02:10
3866;30.0403;29.8329;-256.751;-256.262;-256.708;-256.911;-256.935;-255.988;12:02:11
3867;30.0403;29.8329;-256.751;-256.262;-256.708;-256.903;-256.942;-255.98;12:02:11
3868;30.0403;29.8329;-256.755;-256.262;-256.708;-256.903;-256.927;-255.972;12:02:12
3869;30.0403;29.8251;-256.751;-256.269;-256.715;-256.903;-256.935;-255.98;12:02:12
3870;30.0403;29.8329;-256.751;-256.262;-256.708;-256.903;-256.935;-255.98;12:02:13
3871;30.0363;29.8407;-256.751;-256.262;-256.715;-256.903;-256.935;-255.98;12:02:13
3872;30.0403;29.8329;-256.755;-256.269;-256.708;-256.903;-256.935;-255.98;12:02:14
3873;30.0363;29.8329;-256.751;-256.262;-256.715;-256.903;-256.942;-255.98;12:02:14
3874;30.0403;29.8329;-256.751;-256.269;-256.708;-256.903;-256.927;-255.972;12:02:15
3875;30.0403;29.8329;-256.755;-256.269;-256.715;-256.911;-256.935;-255.972;12:02:15
3876;30.0403;29.8407;-256.755;-256.262;-256.715;-256.903;-256.927;-255.972;12:02:16
3877;30.0403;29.8329;-256.758;-256.269;-256.715;-256.903;-256.927;-255.98;12:02:16
3878;30.0442;29.8407;-256.751;-256.262;-256.708;-256.903;-256.927;-255.972;12:02:17
3879;30.0442;29.8329;-256.755;-256.269;-256.715;-256.903;-256.935;-255.98;12:02:17
3880;30.0403;29.8329;-256.755;-256.262;-256.708;-256.903;-256.927;-255.972;12:02:18
3881;30.0442;29.8329;-256.755;-256.269;-256.708;-256.911;-256.935;-255.972;12:02:18
3882;30.0442;29.8407;-256.755;-256.262;-256.715;-256.903;-256.927;-255.98;12:02:19
3883;30.0442;29.8329;-256.755;-256.262;-256.715;-256.903;-256.935;-255.98;12:02:19
3884;30.0442;29.8407;-256.758;-256.269;-256.708;-256.903;-256.927;-255.98;12:02:20
3885;30.0442;29.8485;-256.751;-256.262;-256.715;-256.903;-256.927;-255.98;12:02:20
3886;30.0442;29.8485;-256.755;-256.262;-256.708;-256.895;-256.927;-255.98;12:02:21
3887;30.052;29.8446;-256.751;-256.262;-256.715;-256.903;-256.927;-255.98;12:02:21
3888;30.0442;29.8407;-256.758;-256.262;-256.708;-256.895;-256.919;-255.972;12:02:22
3889;30.052;29.8485;-256.755;-256.262;-256.708;-256.895;-256.927;-255.972;12:02:22
3890;30.052;29.8407;-256.755;-256.262;-256.708;-256.903;-256.927;-255.98;12:02:23
3891;30.052;29.8485;-256.755;-256.262;-256.715;-256.903;-256.927;-255.98;12:02:23
3892;30.052;29.8407;-256.758;-256.262;-256.708;-256.903;-256.927;-255.98;12:02:24
3893;30.0442;29.8485;-256.755;-256.269;-256.715;-256.903;-256.927;-255.98;12:02:24
3894;30.052;29.8407;-256.751;-256.262;-256.708;-256.895;-256.935;-255.988;12:02:25
3895;30.052;29.8485;-256.755;-256.262;-256.7;-256.903;-256.927;-255.98;12:02:25
3896;30.052;29.8485;-256.755;-256.269;-256.708;-256.903;-256.935;-255.98;12:02:26
3897;30.052;29.8525;-256.755;-256.262;-256.708;-256.903;-256.927;-255.98;12:02:26
3898;30.052;29.8485;-256.758;-256.269;-256.708;-256.903;-256.927;-255.98;12:02:27
3899;30.052;29.8485;-256.758;-256.269;-256.708;-256.903;-256.935;-255.98;12:02:27
3900;30.0598;29.8407;-256.755;-256.262;-256.708;-256.903;-256.919;-255.988;12:02:28
3901;30.052;29.8485;-256.751;-256.269;-256.715;-256.903;-256.935;-255.98;12:02:28
3902;30.052;29.8485;-256.751;-256.262;-256.708;-256.903;-256.935;-255.98;12:02:29
3903;30.0598;29.8407;-256.751;-256.269;-256.708;-256.911;-256.927;-255.98;12:02:29
3904;30.0442;29.8407;-256.751;-256.269;-256.708;-256.903;-256.935;-255.98;12:02:30
3905;30.052;29.8407;-256.755;-256.262;-256.708;-256.895;-256.927;-255.98;12:02:30
3906;30.0403;29.8485;-256.751;-256.269;-256.708;-256.903;-256.919;-255.98;12:02:31
3907;30.0403;29.8407;-256.751;-256.269;-256.708;-256.903;-256.927;-255.988;12:02:31
3908;30.0442;29.8407;-256.751;-256.269;-256.715;-256.911;-256.919;-255.98;12:02:32
3909;30.0363;29.8329;-256.751;-256.262;-256.715;-256.903;-256.927;-255.988;12:02:32
3910;30.0403;29.8407;-256.751;-256.262;-256.715;-256.903;-256.919;-255.996;12:02:33
3911;30.0324;29.8407;-256.755;-256.262;-256.708;-256.903;-256.927;-255.996;12:02:33
3912;30.0363;29.8329;-256.751;-256.262;-256.708;-256.895;-256.927;-255.996;12:02:34
3913;30.0324;29.8329;-256.751;-256.269;-256.715;-256.903;-256.927;-255.996;12:02:34
3914;30.0363;29.8329;-256.751;-256.262;-256.708;-256.903;-256.927;-255.996;12:02:35
3915;30.0285;29.8329;-256.755;-256.262;-256.708;-256.895;-256.935;-255.996;12:02:35
3916;30.0285;29.8251;-256.751;-256.269;-256.715;-256.903;-256.927;-255.996;12:02:36
3917;30.0285;29.8251;-256.755;-256.262;-256.708;-256.895;-256.927;-255.996;12:02:36
3918;30.0285;29.8251;-256.758;-256.262;-256.715;-256.903;-256.927;-255.996;12:02:37
3919;30.0285;29.8172;-256.755;-256.254;-256.715;-256.903;-256.927;-255.996;12:02:37
3920;30.0168;29.8251;-256.751;-256.262;-256.715;-256.895;-256.935;-255.988;12:02:38
3921;30.0246;29.8172;-256.751;-256.269;-256.715;-256.903;-256.927;-255.996;12:02:38
3922;30.009;29.8172;-256.751;-256.269;-256.723;-256.903;-256.935;-255.988;12:02:39
3923;30.009;29.8172;-256.751;-256.262;-256.715;-256.903;-256.927;-255.996;12:02:39
3924;30.009;29.8094;-256.755;-256.269;-256.715;-256.911;-256.927;-255.988;12:02:40
3925;30.009;29.8172;-256.751;-256.262;-256.708;-256.903;-256.927;-255.996;12:02:40
3926;30.009;29.8094;-256.755;-256.269;-256.715;-256.895;-256.935;-255.988;12:02:41
3927;30.009;29.8094;-256.755;-256.262;-256.715;-256.903;-256.935;-255.988;12:02:41
3928;30.0011;29.8094;-256.751;-256.262;-256.715;-256.903;-256.927;-255.988;12:02:42
3929;30.0011;29.8094;-256.755;-256.262;-256.715;-256.895;-256.935;-255.988;12:02:42
3930;29.9933;29.8016;-256.751;-256.277;-256.715;-256.895;-256.935;-255.996;12:02:43
3931;30.0011;29.8094;-256.751;-256.262;-256.708;-256.895;-256.935;-255.988;12:02:43
3932;29.9933;29.7938;-256.751;-256.269;-256.715;-256.895;-256.927;-255.996;12:02:44
3933;29.9933;29.8016;-256.755;-256.262;-256.715;-256.895;-256.927;-255.988;12:02:44
3934;29.9933;29.8016;-256.751;-256.262;-256.715;-256.895;-256.935;-255.988;12:02:45
3935;29.9855;29.8016;-256.755;-256.269;-256.715;-256.895;-256.935;-255.988;12:02:45
3936;29.9855;29.7938;-256.755;-256.262;-256.708;-256.895;-256.927;-255.996;12:02:46
3937;29.9855;29.7938;-256.751;-256.269;-256.715;-256.895;-256.935;-255.996;12:02:46
3938;29.9777;29.7938;-256.755;-256.254;-256.715;-256.895;-256.935;-255.988;12:02:47
3939;29.9855;29.7938;-256.751;-256.262;-256.708;-256.888;-256.935;-255.988;12:02:47
3940;29.9933;29.7938;-256.751;-256.262;-256.715;-256.895;-256.935;-255.988;12:02:48
3941;29.9855;29.8016;-256.755;-256.262;-256.723;-256.888;-256.927;-255.996;12:02:48
3942;29.9777;29.7938;-256.755;-256.262;-256.723;-256.888;-256.935;-255.988;12:02:49
3943;29.9855;29.7859;-256.755;-256.262;-256.715;-256.888;-256.935;-255.988;12:02:49
3944;29.9698;29.7938;-256.751;-256.262;-256.723;-256.888;-256.935;-255.98;12:02:50
3945;29.9777;29.7938;-256.751;-256.269;-256.715;-256.895;-256.935;-255.988;12:02:50
3946;29.9855;29.7859;-256.755;-256.269;-256.723;-256.895;-256.935;-255.996;12:02:51
3947;29.9777;29.8016;-256.751;-256.262;-256.715;-256.895;-256.942;-255.98;12:02:51
3948;29.9698;29.7859;-256.747;-256.262;-256.715;-256.895;-256.935;-255.988;12:02:52
3949;29.9777;29.7938;-256.751;-256.269;-256.723;-256.888;-256.927;-255.996;12:02:52
3950;29.9698;29.7938;-256.755;-256.262;-256.715;-256.888;-256.935;-255.988;12:02:53
3951;29.9698;29.7859;-256.747;-256.262;-256.715;-256.895;-256.935;-255.988;12:02:53
3952;29.9777;29.7859;-256.751;-256.262;-256.715;-256.895;-256.927;-255.988;12:02:54
3953;29.9698;29.7938;-256.755;-256.262;-256.715;-256.888;-256.927;-255.988;12:02:54
3954;29.9698;29.7938;-256.747;-256.262;-256.708;-256.895;-256.935;-255.996;12:02:55
3955;29.9698;29.7859;-256.751;-256.269;-256.708;-256.895;-256.935;-255.996;12:02:55
3956;29.9777;29.7938;-256.755;-256.269;-256.715;-256.903;-256.942;-255.988;12:02:56
3957;29.9777;29.7938;-256.747;-256.262;-256.708;-256.895;-256.935;-255.996;12:02:56
3958;29.9777;29.7859;-256.755;-256.269;-256.715;-256.895;-256.935;-255.996;12:02:57
3959;29.9777;29.7781;-256.747;-256.254;-256.715;-256.903;-256.942;-255.996;12:02:57
3960;29.9777;29.7859;-256.755;-256.262;-256.723;-256.903;-256.935;-255.988;12:02:58
3961;29.9777;29.7859;-256.751;-256.262;-256.715;-256.903;-256.942;-255.996;12:02:58
3962;29.9777;29.7859;-256.747;-256.269;-256.715;-256.895;-256.927;-255.996;12:02:59
3963;29.9855;29.7859;-256.751;-256.262;-256.715;-256.895;-256.942;-255.988;12:02:59
3964;29.9777;29.7938;-256.747;-256.262;-256.723;-256.895;-256.935;-255.988;12:03:00
3965;29.9855;29.7859;-256.751;-256.262;-256.723;-256.903;-256.942;-255.988;12:03:00
3966;29.9777;29.7938;-256.751;-256.262;-256.715;-256.895;-256.935;-255.996;12:03:01
3967;29.9855;29.7859;-256.747;-256.262;-256.723;-256.895;-256.935;-255.988;12:03:01
3968;29.9777;29.7859;-256.747;-256.262;-256.715;-256.895;-256.927;-255.988;12:03:02
3969;29.9777;29.7859;-256.751;-256.269;-256.723;-256.903;-256.935;-255.996;12:03:02
3970;29.9777;29.7938;-256.751;-256.254;-256.715;-256.903;-256.935;-255.996;12:03:03
3971;29.9777;29.7859;-256.751;-256.269;-256.715;-256.895;-256.927;-255.988;12:03:03
3972;29.9698;29.7781;-256.751;-256.262;-256.715;-256.903;-256.935;-255.988;12:03:04
3973;29.9777;29.7859;-256.755;-256.262;-256.723;-256.895;-256.927;-255.996;12:03:04
3974;29.9777;29.7938;-256.755;-256.254;-256.723;-256.895;-256.927;-255.996;12:03:05
3975;29.9777;29.7859;-256.755;-256.262;-256.715;-256.903;-256.935;-255.988;12:03:05
3976;29.9698;29.7859;-256.755;-256.269;-256.715;-256.903;-256.935;-255.996;12:03:06
3977;29.9777;29.7859;-256.755;-256.269;-256.723;-256.895;-256.935;-255.988;12:03:06
3978;29.9698;29.7938;-256.755;-256.269;-256.715;-256.903;-256.935;-255.996;12:03:07
3979;29.9698;29.7859;-256.751;-256.262;-256.715;-256.903;-256.935;-255.996;12:03:07
3980;29.9698;29.7859;-256.755;-256.262;-256.715;-256.895;-256.935;-255.996;12:03:08
3981;29.9698;29.7859;-256.751;-256.269;-256.723;-256.895;-256.942;-255.996;12:03:08
3982;29.9777;29.7938;-256.755;-256.262;-256.715;-256.903;-256.927;-255.996;12:03:09
3983;29.9777;29.7859;-256.755;-256.262;-256.715;-256.895;-256.927;-255.996;12:03:09
3984;29.9777;29.7859;-256.751;-256.262;-256.723;-256.903;-256.935;-256.003;12:03:10
3985;29.9777;29.7938;-256.755;-256.269;-256.715;-256.903;-256.942;-255.996;12:03:10
3986;29.9698;29.7859;-256.755;-256.262;-256.715;-256.903;-256.935;-255.996;12:03:11
3987;29.9777;29.7938;-256.751;-256.262;-256.715;-256.895;-256.935;-255.996;12:03:11
3988;29.9698;29.7859;-256.751;-256.262;-256.715;-256.895;-256.935;-255.988;12:03:12
3989;29.9777;29.7938;-256.751;-256.262;-256.715;-256.895;-256.927;-255.996;12:03:12
3990;29.9777;29.7938;-256.755;-256.269;-256.715;-256.895;-256.935;-255.988;12:03:13
3991;29.9777;29.7938;-256.755;-256.262;-256.708;-256.903;-256.935;-255.996;12:03:13
3992;29.9777;29.7859;-256.751;-256.262;-256.715;-256.903;-256.935;-255.988;12:03:14
3993;29.9698;29.7938;-256.747;-256.254;-256.715;-256.895;-256.942;-255.996;12:03:14
3994;29.9855;29.7859;-256.751;-256.262;-256.708;-256.903;-256.927;-255.996;12:03:15
3995;29.9777;29.7859;-256.751;-256.262;-256.715;-256.903;-256.927;-255.988;12:03:15
3996;29.9777;29.7859;-256.755;-256.262;-256.715;-256.895;-256.927;-255.996;12:03:16
3997;29.9855;29.7938;-256.751;-256.254;-256.708;-256.903;-256.935;-255.988;12:03:16
3998;29.9777;29.7781;-256.755;-256.262;-256.715;-256.903;-256.927;-256.003;12:03:17
3999;29.9777;29.7859;-256.747;-256.262;-256.715;-256.895;-256.935;-255.996;12:03:17
4000;29.9855;29.7859;-256.755;-256.269;-256.715;-256.903;-256.927;-255.996;12:03:18
4001;29.9777;29.7938;-256.747;-256.262;-256.715;-256.903;-256.927;-255.988;12:03:18
4002;29.9855;29.7859;-256.751;-256.269;-256.715;-256.903;-256.927;-255.988;12:03:19
4003;29.9855;29.7859;-256.755;-256.262;-256.708;-256.903;-256.927;-255.988;12:03:19
4004;29.9855;29.7859;-256.751;-256.269;-256.715;-256.895;-256.942;-255.996;12:03:20
4005;29.9855;29.7938;-256.747;-256.269;-256.715;-256.903;-256.927;-255.996;12:03:20
4006;29.9855;29.7859;-256.751;-256.269;-256.715;-256.903;-256.935;-255.996;12:03:21
4007;29.9855;29.7938;-256.751;-256.262;-256.715;-256.903;-256.927;-255.996;12:03:21
4008;29.9855;29.7938;-256.751;-256.269;-256.715;-256.895;-256.935;-255.988;12:03:22
4009;29.9855;29.7938;-256.755;-256.269;-256.715;-256.903;-256.942;-255.996;12:03:22
4010;29.9855;29.7938;-256.751;-256.262;-256.715;-256.903;-256.942;-255.996;12:03:23
4011;29.9777;29.8016;-256.751;-256.262;-256.715;-256.903;-256.927;-255.996;12:03:23
4012;29.9777;29.7938;-256.755;-256.262;-256.715;-256.903;-256.935;-255.988;12:03:24
4013;29.9777;29.8016;-256.751;-256.262;-256.715;-256.903;-256.935;-255.996;12:03:24
4014;29.9855;29.8016;-256.755;-256.262;-256.715;-256.903;-256.927;-255.988;12:03:25
4015;29.9777;29.8016;-256.751;-256.262;-256.708;-256.903;-256.927;-255.996;12:03:25
4016;29.9855;29.7938;-256.755;-256.262;-256.708;-256.903;-256.942;-255.996;12:03:26
4017;29.9777;29.7938;-256.751;-256.254;-256.715;-256.911;-256.935;-255.988;12:03:26
4018;29.9777;29.7938;-256.755;-256.262;-256.708;-256.903;-256.935;-255.988;12:03:27
4019;29.9855;29.7938;-256.751;-256.254;-256.715;-256.903;-256.935;-255.988;12:03:27
4020;29.9777;29.7938;-256.755;-256.262;-256.708;-256.903;-256.942;-255.98;12:03:28
4021;29.9855;29.7938;-256.755;-256.254;-256.723;-256.903;-256.942;-255.988;12:03:28
4022;29.9855;29.7938;-256.751;-256.254;-256.715;-256.903;-256.927;-255.996;12:03:29
4023;29.9855;29.7859;-256.758;-256.262;-256.715;-256.903;-256.935;-255.988;12:03:29
4024;29.9855;29.7859;-256.751;-256.254;-256.715;-256.903;-256.935;-255.988;12:03:30
4025;29.9777;29.7859;-256.755;-256.254;-256.708;-256.903;-256.942;-255.996;12:03:30
4026;29.9855;29.7859;-256.758;-256.254;-256.715;-256.895;-256.935;-255.996;12:03:31
4027;29.9855;29.7859;-256.755;-256.254;-256.715;-256.903;-256.935;-255.996;12:03:31
4028;29.9855;29.7859;-256.755;-256.262;-256.708;-256.895;-256.935;-255.988;12:03:32
4029;29.9855;29.7781;-256.755;-256.262;-256.715;-256.903;-256.935;-255.988;12:03:32
4030;29.9855;29.7859;-256.755;-256.254;-256.708;-256.903;-256.927;-255.996;12:03:33
4031;29.9855;29.7859;-256.755;-256.262;-256.715;-256.903;-256.935;-255.988;12:03:33
4032;29.9933;29.7781;-256.751;-256.269;-256.715;-256.903;-256.942;-255.996;12:03:34
4033;29.9933;29.7781;-256.751;-256.262;-256.708;-256.895;-256.927;-255.988;12:03:34
4034;29.9933;29.7938;-256.751;-256.269;-256.708;-256.903;-256.935;-255.996;12:03:35
4035;29.9855;29.7859;-256.751;-256.262;-256.715;-256.903;-256.927;-255.988;12:03:35
4036;29.9855;29.7859;-256.751;-256.262;-256.708;-256.895;-256.942;-255.996;12:03:36
4037;29.9933;29.7781;-256.751;-256.262;-256.708;-256.895;-256.935;-255.988;12:03:36
4038;29.9855;29.7859;-256.747;-256.269;-256.708;-256.903;-256.935;-255.996;12:03:37
4039;29.9933;29.7859;-256.751;-256.262;-256.715;-256.903;-256.935;-255.988;12:03:37
4040;29.9933;29.7859;-256.751;-256.269;-256.708;-256.903;-256.935;-255.988;12:03:38
4041;29.9933;29.7938;-256.747;-256.269;-256.708;-256.895;-256.935;-255.996;12:03:38
4042;29.9933;29.7938;-256.747;-256.262;-256.7;-256.895;-256.935;-255.996;12:03:39
4043;29.9855;29.7938;-256.747;-256.262;-256.708;-256.895;-256.927;-255.988;12:03:39
4044;29.9933;29.7781;-256.743;-256.262;-256.715;-256.903;-256.935;-255.988;12:03:40
4045;29.9777;29.7859;-256.747;-256.262;-256.715;-256.888;-256.935;-255.988;12:03:40
4046;29.9933;29.7859;-256.751;-256.262;-256.708;-256.895;-256.935;-255.996;12:03:41
4047;29.9855;29.7938;-256.743;-256.262;-256.715;-256.903;-256.927;-255.996;12:03:41
4048;29.9855;29.7859;-256.747;-256.254;-256.715;-256.895;-256.942;-255.988;12:03:42
4049;29.9855;29.7859;-256.747;-256.262;-256.715;-256.895;-256.942;-255.988;12:03:42
4050;29.9933;29.7859;-256.747;-256.269;-256.708;-256.903;-256.935;-255.996;12:03:43
4051;29.9933;29.7859;-256.751;-256.262;-256.715;-256.895;-256.927;-255.988;12:03:43
4052;29.9933;29.7859;-256.747;-256.262;-256.708;-256.888;-256.935;-255.988;12:03:44
4053;29.9777;29.7859;-256.747;-256.262;-256.715;-256.895;-256.942;-255.988;12:03:44
4054;29.9855;29.7938;-256.751;-256.262;-256.715;-256.903;-256.935;-255.988;12:03:45
4055;29.9933;29.7938;-256.751;-256.254;-256.715;-256.895;-256.927;-255.996;12:03:45
4056;29.9855;29.7938;-256.751;-256.262;-256.708;-256.895;-256.935;-255.98;12:03:46
4057;29.9855;29.7938;-256.747;-256.262;-256.715;-256.895;-256.95;-255.988;12:03:46
4058;29.9855;29.7938;-256.747;-256.262;-256.715;-256.895;-256.927;-255.988;12:03:47
4059;29.9855;29.7938;-256.751;-256.262;-256.715;-256.903;-256.935;-255.988;12:03:47
4060;29.9777;29.7938;-256.751;-256.262;-256.708;-256.895;-256.935;-255.988;12:03:48
4061;29.9855;29.7859;-256.751;-256.262;-256.708;-256.903;-256.935;-255.988;12:03:48
4062;29.9777;29.7938;-256.751;-256.262;-256.708;-256.903;-256.927;-255.988;12:03:49
4063;29.9855;29.7938;-256.747;-256.262;-256.715;-256.903;-256.935;-255.988;12:03:49
4064;29.9777;29.7859;-256.751;-256.262;-256.715;-256.903;-256.942;-255.988;12:03:50
4065;29.9855;29.7938;-256.747;-256.262;-256.708;-256.903;-256.942;-255.988;12:03:50
4066;29.9777;29.7938;-256.751;-256.269;-256.715;-256.903;-256.927;-255.988;12:03:51
4067;29.9855;29.7938;-256.747;-256.262;-256.708;-256.903;-256.935;-255.988;12:03:51
4068;29.9777;29.7859;-256.751;-256.262;-256.708;-256.903;-256.927;-255.988;12:03:52
4069;29.9777;29.7938;-256.751;-256.269;-256.708;-256.903;-256.942;-255.98;12:03:52
4070;29.9855;29.7859;-256.751;-256.262;-256.708;-256.911;-256.927;-255.988;12:03:53
4071;29.9777;29.7859;-256.755;-256.262;-256.708;-256.903;-256.935;-255.996;12:03:53
4072;29.9855;29.7938;-256.751;-256.262;-256.708;-256.903;-256.935;-255.988;12:03:54
4073;29.9855;29.7859;-256.747;-256.262;-256.708;-256.903;-256.935;-255.98;12:03:54
4074;29.9933;29.7859;-256.751;-256.262;-256.708;-256.911;-256.935;-255.988;12:03:55
4075;29.9855;29.7938;-256.751;-256.262;-256.708;-256.903;-256.935;-255.996;12:03:55
4076;29.9933;29.7938;-256.751;-256.262;-256.715;-256.903;-256.935;-255.98;12:03:56
4077;29.9855;29.7938;-256.751;-256.262;-256.708;-256.895;-256.935;-255.988;12:03:56
4078;29.9933;29.7859;-256.751;-256.254;-256.708;-256.903;-256.935;-255.996;12:03:57
4079;29.9855;29.7938;-256.751;-256.262;-256.715;-256.903;-256.927;-255.988;12:03:57
4080;29.9933;29.7859;-256.751;-256.262;-256.708;-256.903;-256.935;-255.988;12:03:58
4081;29.9855;29.7938;-256.747;-256.254;-256.708;-256.903;-256.935;-255.996;12:03:58
4082;29.9933;29.7859;-256.747;-256.262;-256.708;-256.903;-256.927;-255.988;12:03:59
4083;29.9933;29.7938;-256.747;-256.262;-256.715;-256.903;-256.927;-255.996;12:03:59
4084;29.9933;29.7859;-256.751;-256.254;-256.708;-256.903;-256.935;-255.988;12:04:00
4085;29.9855;29.7938;-256.747;-256.262;-256.715;-256.895;-256.935;-255.988;12:04:00
4086;29.9933;29.7859;-256.751;-256.262;-256.708;-256.895;-256.935;-255.988;12:04:01
4087;29.9855;29.7938;-256.747;-256.262;-256.708;-256.911;-256.927;-255.996;12:04:01
4088;29.9855;29.7859;-256.751;-256.254;-256.708;-256.895;-256.927;-255.988;12:04:02
4089;29.9933;29.7938;-256.755;-256.269;-256.708;-256.903;-256.935;-255.988;12:04:02
4090;29.9933;29.7859;-256.751;-256.254;-256.7;-256.903;-256.927;-255.996;12:04:03
4091;29.9933;29.7938;-256.751;-256.262;-256.708;-256.895;-256.935;-255.996;12:04:03
4092;29.9933;29.7859;-256.755;-256.262;-256.7;-256.903;-256.935;-255.996;12:04:04
4093;29.9855;29.7859;-256.751;-256.269;-256.708;-256.903;-256.927;-255.996;12:04:04
4094;29.9933;29.7859;-256.755;-256.254;-256.708;-256.903;-256.927;-255.988;12:04:05
4095;29.9933;29.7859;-256.751;-256.262;-256.708;-256.895;-256.935;-255.996;12:04:05
4096;29.9933;29.7859;-256.751;-256.262;-256.715;-256.895;-256.927;-255.996;12:04:06
4097;29.9933;29.7859;-256.747;-256.262;-256.708;-256.903;-256.935;-255.996;12:04:06
4098;29.9933;29.7859;-256.751;-256.262;-256.708;-256.903;-256.927;-255.996;12:04:07
4099;29.9933;29.7859;-256.755;-256.254;-256.715;-256.903;-256.927;-255.996;12:04:07
4100;29.9855;29.7859;-256.751;-256.262;-256.715;-256.903;-256.935;-255.996;12:04:08
4101;29.9855;29.7859;-256.751;-256.262;-256.708;-256.911;-256.935;-255.988;12:04:08
4102;29.9855;29.7859;-256.751;-256.254;-256.708;-256.903;-256.927;-255.996;12:04:09
4103;29.9855;29.7859;-256.755;-256.262;-256.708;-256.911;-256.935;-255.996;12:04:09
4104;29.9933;29.7781;-256.751;-256.262;-256.708;-256.903;-256.935;-255.996;12:04:10
4105;29.9933;29.7781;-256.747;-256.262;-256.708;-256.911;-256.935;-255.988;12:04:10
4106;29.9933;29.7781;-256.751;-256.254;-256.708;-256.903;-256.927;-255.988;12:04:11
4107;30.0011;29.7859;-256.755;-256.262;-256.715;-256.911;-256.927;-255.996;12:04:11
4108;29.9933;29.7859;-256.751;-256.262;-256.708;-256.903;-256.935;-255.988;12:04:12
4109;30.0011;29.7781;-256.755;-256.262;-256.715;-256.903;-256.935;-255.988;12:04:12
4110;29.9933;29.7781;-256.755;-256.262;-256.708;-256.903;-256.935;-255.988;12:04:13
4111;29.9855;29.7781;-256.755;-256.262;-256.715;-256.903;-256.927;-255.988;12:04:13
4112;29.9933;29.7859;-256.755;-256.269;-256.708;-256.903;-256.927;-255.988;12:04:14
4113;29.9933;29.7859;-256.755;-256.269;-256.723;-256.903;-256.927;-255.996;12:04:14
4114;29.9855;29.7859;-256.751;-256.262;-256.708;-256.903;-256.927;-255.988;12:04:15
4115;29.9933;29.7859;-256.755;-256.262;-256.715;-256.903;-256.919;-255.996;12:04:15
4116;29.9855;29.7781;-256.751;-256.269;-256.715;-256.895;-256.935;-255.988;12:04:16
4117;29.9933;29.7859;-256.755;-256.262;-256.715;-256.895;-256.935;-255.996;12:04:16
4118;29.9933;29.7938;-256.751;-256.269;-256.715;-256.911;-256.927;-255.996;12:04:17
4119;29.9933;29.7938;-256.755;-256.262;-256.715;-256.903;-256.927;-255.996;12:04:17
4120;29.9933;29.7859;-256.751;-256.269;-256.715;-256.903;-256.942;-255.988;12:04:18
4121;29.9933;29.7938;-256.751;-256.269;-256.715;-256.903;-256.935;-255.996;12:04:18
4122;29.9933;29.7859;-256.755;-256.262;-256.708;-256.911;-256.927;-255.996;12:04:19
4123;29.9933;29.7859;-256.751;-256.277;-256.708;-256.903;-256.927;-256.003;12:04:19
4124;29.9933;29.7859;-256.755;-256.262;-256.708;-256.911;-256.927;-255.988;12:04:20
4125;30.0011;29.7859;-256.755;-256.269;-256.715;-256.903;-256.935;-255.996;12:04:20
4126;29.9933;29.7938;-256.755;-256.269;-256.715;-256.911;-256.927;-255.988;12:04:21
4127;29.9933;29.7938;-256.751;-256.269;-256.708;-256.903;-256.919;-255.996;12:04:21
4128;29.9933;29.7938;-256.755;-256.277;-256.708;-256.903;-256.927;-255.996;12:04:22
4129;30.0011;29.7938;-256.755;-256.269;-256.715;-256.911;-256.919;-255.996;12:04:22
4130;30.0011;29.7938;-256.755;-256.269;-256.708;-256.903;-256.927;-255.996;12:04:23
4131;29.9933;29.7938;-256.751;-256.269;-256.715;-256.911;-256.927;-255.996;12:04:23
4132;29.9933;29.7938;-256.755;-256.262;-256.715;-256.911;-256.927;-255.996;12:04:24
4133;29.9855;29.7938;-256.751;-256.269;-256.715;-256.903;-256.935;-255.996;12:04:24
4134;29.9855;29.8016;-256.751;-256.269;-256.715;-256.911;-256.927;-255.996;12:04:25
4135;29.9933;29.7938;-256.751;-256.262;-256.715;-256.911;-256.919;-255.996;12:04:25
4136;29.9855;29.8016;-256.755;-256.262;-256.708;-256.903;-256.927;-255.996;12:04:26
4137;29.9855;29.7859;-256.755;-256.262;-256.715;-256.903;-256.935;-255.98;12:04:26
4138;29.9933;29.8016;-256.755;-256.269;-256.715;-256.911;-256.927;-255.996;12:04:27
4139;29.9855;29.7938;-256.755;-256.254;-256.715;-256.903;-256.927;-255.996;12:04:27
4140;29.9855;29.7938;-256.747;-256.269;-256.708;-256.895;-256.927;-255.988;12:04:28
4141;29.9933;29.7859;-256.751;-256.269;-256.708;-256.903;-256.927;-255.996;12:04:28
4142;29.9933;29.7938;-256.755;-256.262;-256.723;-256.903;-256.919;-255.988;12:04:29
4143;29.9855;29.8016;-256.751;-256.269;-256.708;-256.895;-256.927;-255.996;12:04:29
4144;29.9933;29.7859;-256.747;-256.269;-256.715;-256.888;-256.927;-255.988;12:04:30
4145;29.9933;29.7938;-256.747;-256.269;-256.708;-256.895;-256.919;-255.988;12:04:30
4146;29.9855;29.8016;-256.751;-256.269;-256.715;-256.895;-256.919;-255.988;12:04:31
4147;29.9933;29.7859;-256.747;-256.262;-256.708;-256.903;-256.919;-255.988;12:04:31
4148;29.9933;29.7859;-256.747;-256.269;-256.708;-256.903;-256.927;-255.988;12:04:32
4149;29.9855;29.7938;-256.751;-256.269;-256.715;-256.903;-256.927;-255.988;12:04:32
4150;29.9933;29.7859;-256.747;-256.262;-256.715;-256.903;-256.919;-255.988;12:04:33
4151;29.9933;29.7938;-256.751;-256.269;-256.715;-256.895;-256.927;-255.988;12:04:33
4152;30.0011;29.7859;-256.751;-256.262;-256.715;-256.903;-256.927;-255.988;12:04:34
4153;29.9933;29.7938;-256.747;-256.269;-256.715;-256.895;-256.927;-255.988;12:04:34
4154;29.9933;29.7859;-256.747;-256.262;-256.715;-256.903;-256.927;-255.988;12:04:35
4155;29.9933;29.7859;-256.747;-256.262;-256.715;-256.903;-256.919;-255.996;12:04:35
4156;29.9855;29.7938;-256.751;-256.262;-256.715;-256.903;-256.919;-255.98;12:04:36
4157;29.9933;29.7938;-256.747;-256.269;-256.715;-256.895;-256.927;-255.988;12:04:36
4158;29.9933;29.7938;-256.747;-256.262;-256.715;-256.903;-256.927;-255.988;12:04:37
4159;29.9933;29.7938;-256.747;-256.262;-256.708;-256.903;-256.935;-255.988;12:04:37
4160;29.9855;29.7859;-256.747;-256.269;-256.715;-256.903;-256.927;-255.98;12:04:38
4161;29.9777;29.7938;-256.743;-256.262;-256.715;-256.903;-256.935;-255.988;12:04:38
4162;29.9855;29.7859;-256.747;-256.269;-256.715;-256.895;-256.927;-255.996;12:04:39
4163;29.9855;29.7859;-256.743;-256.269;-256.715;-256.895;-256.927;-255.988;12:04:39
4164;29.9855;29.7938;-256.743;-256.269;-256.715;-256.903;-256.935;-255.988;12:04:40
4165;29.9933;29.7938;-256.747;-256.262;-256.715;-256.903;-256.935;-255.988;12:04:40
4166;30.0011;29.7938;-256.743;-256.269;-256.708;-256.895;-256.927;-255.988;12:04:41
4167;30.0011;29.7938;-256.747;-256.262;-256.715;-256.903;-256.927;-255.996;12:04:41
4168;29.9933;29.7938;-256.751;-256.262;-256.708;-256.903;-256.927;-255.996;12:04:42
4169;29.9933;29.7859;-256.747;-256.262;-256.708;-256.903;-256.927;-255.996;12:04:42
4170;30.0011;29.8016;-256.747;-256.269;-256.715;-256.911;-256.935;-255.988;12:04:43
4171;29.9933;29.7938;-256.751;-256.269;-256.715;-256.903;-256.935;-255.988;12:04:43
4172;29.9933;29.7859;-256.751;-256.269;-256.715;-256.895;-256.935;-255.996;12:04:44
4173;30.0011;29.7938;-256.747;-256.262;-256.708;-256.903;-256.942;-255.988;12:04:44
4174;30.0011;29.8016;-256.747;-256.269;-256.715;-256.895;-256.935;-255.988;12:04:45
4175;30.0011;29.7938;-256.747;-256.269;-256.715;-256.903;-256.927;-255.988;12:04:45
4176;29.9933;29.7938;-256.747;-256.269;-256.715;-256.903;-256.935;-255.988;12:04:46
4177;29.9933;29.7938;-256.747;-256.262;-256.708;-256.903;-256.919;-255.988;12:04:46
4178;29.9933;29.7938;-256.747;-256.269;-256.708;-256.903;-256.942;-255.996;12:04:47
4179;29.9933;29.7859;-256.747;-256.269;-256.708;-256.895;-256.935;-255.988;12:04:47
4180;29.9933;29.7938;-256.747;-256.262;-256.708;-256.895;-256.935;-255.988;12:04:48
4181;30.0011;29.7859;-256.751;-256.269;-256.7;-256.903;-256.935;-255.996;12:04:48
4182;30.0011;29.7938;-256.747;-256.262;-256.715;-256.903;-256.935;-255.996;12:04:49
4183;29.9933;29.7938;-256.747;-256.262;-256.708;-256.903;-256.942;-255.988;12:04:49
4184;29.9855;29.7938;-256.747;-256.269;-256.708;-256.895;-256.942;-255.996;12:04:50
4185;29.9933;29.7938;-256.743;-256.262;-256.708;-256.895;-256.935;-255.988;12:04:50
4186;29.9933;29.7859;-256.743;-256.262;-256.708;-256.895;-256.942;-255.996;12:04:51
4187;29.9933;29.7938;-256.743;-256.262;-256.708;-256.903;-256.927;-255.996;12:04:51
4188;30.0011;29.7859;-256.747;-256.262;-256.715;-256.895;-256.942;-255.996;12:04:52
4189;29.9933;29.7859;-256.743;-256.262;-256.708;-256.895;-256.942;-255.988;12:04:52
4190;30.0011;29.7938;-256.747;-256.262;-256.708;-256.888;-256.935;-255.996;12:04:53
4191;29.9933;29.7938;-256.747;-256.262;-256.7;-256.895;-256.935;-255.996;12:04:53
4192;30.009;29.7938;-256.751;-256.262;-256.708;-256.903;-256.935;-255.988;12:04:54
4193;29.9933;29.7859;-256.747;-256.262;-256.708;-256.895;-256.935;-255.996;12:04:54
4194;30.0011;29.8016;-256.747;-256.262;-256.708;-256.895;-256.942;-255.988;12:04:55
4195;30.0011;29.7859;-256.747;-256.269;-256.708;-256.903;-256.927;-255.996;12:04:55
4196;30.009;29.7938;-256.751;-256.269;-256.715;-256.895;-256.935;-255.996;12:04:56
4197;30.0168;29.7938;-256.751;-256.269;-256.7;-256.895;-256.927;-255.996;12:04:56
4198;30.0168;29.7859;-256.747;-256.269;-256.708;-256.895;-256.927;-255.996;12:04:57
4199;30.0168;29.7859;-256.747;-256.269;-256.7;-256.895;-256.927;-256.003;12:04:57
4200;30.009;29.7938;-256.751;-256.269;-256.708;-256.903;-256.935;-255.996;12:04:58
4201;30.0168;29.7938;-256.755;-256.269;-256.708;-256.903;-256.935;-255.996;12:04:58
4202;30.009;29.7859;-256.751;-256.262;-256.708;-256.903;-256.935;-255.996;12:04:59
4203;30.009;29.7938;-256.755;-256.269;-256.708;-256.903;-256.935;-256.003;12:04:59
4204;30.0011;29.7859;-256.747;-256.262;-256.708;-256.911;-256.927;-255.996;12:05:00
4205;30.0011;29.7859;-256.747;-256.262;-256.708;-256.903;-256.935;-255.996;12:05:00
4206;30.009;29.7938;-256.747;-256.269;-256.715;-256.895;-256.935;-255.996;12:05:01
4207;30.009;29.7859;-256.747;-256.262;-256.708;-256.903;-256.927;-255.988;12:05:01
4208;30.009;29.7938;-256.751;-256.254;-256.708;-256.895;-256.919;-255.996;12:05:02
4209;30.009;29.7859;-256.747;-256.269;-256.708;-256.903;-256.927;-255.996;12:05:02
4210;30.009;29.7938;-256.747;-256.262;-256.708;-256.895;-256.927;-255.988;12:05:03
4211;30.0168;29.7938;-256.747;-256.269;-256.715;-256.903;-256.927;-255.996;12:05:03
4212;30.0011;29.8016;-256.747;-256.262;-256.708;-256.895;-256.927;-255.996;12:05:04
4213;30.009;29.8016;-256.747;-256.269;-256.708;-256.903;-256.927;-255.988;12:05:04
4214;30.009;29.8016;-256.751;-256.269;-256.708;-256.895;-256.927;-255.996;12:05:05
4215;30.0168;29.7938;-256.751;-256.262;-256.708;-256.903;-256.927;-255.996;12:05:05
4216;30.009;29.8016;-256.755;-256.262;-256.708;-256.895;-256.935;-255.988;12:05:06
4217;30.009;29.8016;-256.751;-256.262;-256.708;-256.903;-256.927;-255.996;12:05:06
4218;30.0168;29.8016;-256.751;-256.254;-256.715;-256.895;-256.927;-255.996;12:05:07
4219;30.009;29.8016;-256.755;-256.254;-256.708;-256.903;-256.935;-255.988;12:05:07
4220;30.009;29.8016;-256.755;-256.262;-256.715;-256.903;-256.927;-255.988;12:05:08
4221;30.0168;29.8016;-256.755;-256.254;-256.715;-256.903;-256.935;-255.996;12:05:08
4222;30.0168;29.8016;-256.758;-256.262;-256.715;-256.895;-256.942;-255.988;12:05:09
4223;30.0168;29.7938;-256.751;-256.262;-256.715;-256.895;-256.935;-255.996;12:05:09
4224;30.0168;29.7938;-256.751;-256.262;-256.715;-256.903;-256.942;-255.996;12:05:10
4225;30.009;29.8016;-256.755;-256.262;-256.715;-256.895;-256.935;-255.988;12:05:10
4226;30.0168;29.8016;-256.751;-256.254;-256.715;-256.895;-256.927;-255.988;12:05:11
4227;30.009;29.8016;-256.755;-256.262;-256.715;-256.895;-256.927;-255.988;12:05:11
4228;30.0168;29.7938;-256.755;-256.262;-256.715;-256.895;-256.927;-255.988;12:05:12
4229;30.009;29.8016;-256.751;-256.262;-256.723;-256.903;-256.927;-255.996;12:05:12
4230;30.0168;29.7938;-256.755;-256.262;-256.708;-256.895;-256.935;-255.988;12:05:13
4231;30.0168;29.8016;-256.751;-256.269;-256.723;-256.895;-256.927;-255.996;12:05:13
4232;30.009;29.8016;-256.751;-256.262;-256.715;-256.895;-256.935;-255.996;12:05:14
4233;30.0168;29.7938;-256.751;-256.262;-256.715;-256.895;-256.935;-255.996;12:05:14
4234;30.0168;29.8016;-256.755;-256.262;-256.715;-256.903;-256.935;-255.996;12:05:15
4235;30.0168;29.8094;-256.751;-256.262;-256.715;-256.895;-256.935;-256.003;12:05:15
4236;30.009;29.8094;-256.751;-256.262;-256.715;-256.895;-256.935;-255.996;12:05:16
4237;30.009;29.8016;-256.751;-256.254;-256.715;-256.895;-256.927;-255.996;12:05:16
4238;30.009;29.8094;-256.751;-256.254;-256.708;-256.895;-256.927;-255.996;12:05:17
4239;30.0168;29.8016;-256.755;-256.254;-256.715;-256.895;-256.935;-255.988;12:05:17
4240;30.0168;29.8094;-256.751;-256.254;-256.708;-256.895;-256.935;-255.988;12:05:18
4241;30.0168;29.8016;-256.747;-256.254;-256.715;-256.903;-256.935;-255.996;12:05:18
4242;30.0168;29.8094;-256.755;-256.254;-256.715;-256.895;-256.942;-255.996;12:05:19
4243;30.0168;29.8094;-256.751;-256.254;-256.715;-256.895;-256.927;-255.996;12:05:19
4244;30.009;29.8016;-256.755;-256.254;-256.715;-256.903;-256.935;-255.996;12:05:20
4245;30.0168;29.8094;-256.751;-256.254;-256.715;-256.895;-256.935;-255.996;12:05:20
4246;30.0168;29.7938;-256.755;-256.254;-256.715;-256.903;-256.935;-255.988;12:05:21
4247;30.009;29.8094;-256.755;-256.262;-256.715;-256.903;-256.935;-255.988;12:05:21
4248;30.0168;29.8016;-256.755;-256.254;-256.715;-256.895;-256.942;-255.996;12:05:22
4249;30.0168;29.8016;-256.751;-256.254;-256.708;-256.903;-256.935;-255.988;12:05:22
4250;30.0168;29.8094;-256.755;-256.254;-256.715;-256.903;-256.935;-255.996;12:05:23
4251;30.0168;29.8172;-256.751;-256.254;-256.7;-256.895;-256.942;-255.988;12:05:23
4252;30.009;29.8094;-256.755;-256.254;-256.715;-256.903;-256.935;-255.996;12:05:24
4253;30.0168;29.8094;-256.755;-256.254;-256.708;-256.895;-256.935;-255.988;12:05:24
4254;30.009;29.8094;-256.755;-256.254;-256.708;-256.911;-256.935;-255.996;12:05:25
4255;30.0168;29.8094;-256.755;-256.254;-256.708;-256.903;-256.935;-255.996;12:05:25
4256;30.009;29.8016;-256.755;-256.254;-256.715;-256.895;-256.935;-255.996;12:05:26
4257;30.0168;29.8016;-256.755;-256.254;-256.715;-256.903;-256.935;-255.996;12:05:26
4258;30.009;29.8016;-256.751;-256.254;-256.715;-256.903;-256.935;-255.996;12:05:27
4259;30.009;29.8094;-256.755;-256.262;-256.708;-256.895;-256.935;-255.996;12:05:27
4260;30.009;29.8016;-256.751;-256.254;-256.715;-256.895;-256.935;-255.996;12:05:28
4261;30.009;29.8094;-256.755;-256.262;-256.708;-256.895;-256.935;-255.996;12:05:28
4262;30.0011;29.8016;-256.755;-256.262;-256.715;-256.895;-256.927;-255.988;12:05:29
4263;30.009;29.8016;-256.755;-256.262;-256.708;-256.895;-256.935;-255.996;12:05:29
4264;30.0011;29.8094;-256.755;-256.262;-256.715;-256.903;-256.935;-255.988;12:05:30
4265;30.009;29.8094;-256.755;-256.262;-256.715;-256.895;-256.935;-255.996;12:05:30
4266;30.009;29.8016;-256.755;-256.262;-256.708;-256.895;-256.942;-255.988;12:05:31
4267;30.0011;29.8094;-256.755;-256.262;-256.715;-256.903;-256.935;-255.996;12:05:31
4268;30.009;29.8016;-256.758;-256.254;-256.708;-256.903;-256.942;-255.988;12:05:32
4269;30.009;29.8016;-256.755;-256.262;-256.715;-256.895;-256.935;-255.996;12:05:32
4270;30.009;29.8094;-256.758;-256.262;-256.708;-256.903;-256.942;-255.996;12:05:33
4271;30.0011;29.8172;-256.747;-256.262;-256.715;-256.903;-256.935;-255.996;12:05:33
4272;30.009;29.8094;-256.751;-256.254;-256.708;-256.903;-256.935;-255.996;12:05:34
4273;30.0011;29.8094;-256.747;-256.262;-256.715;-256.903;-256.935;-255.996;12:05:34
4274;30.0011;29.8016;-256.747;-256.254;-256.715;-256.895;-256.942;-255.988;12:05:35
4275;30.0011;29.8094;-256.751;-256.262;-256.708;-256.895;-256.935;-255.996;12:05:35
4276;30.0011;29.8094;-256.747;-256.262;-256.708;-256.903;-256.935;-255.988;12:05:36
4277;30.0011;29.8094;-256.751;-256.262;-256.708;-256.895;-256.935;-255.988;12:05:36
4278;30.0011;29.8094;-256.747;-256.262;-256.708;-256.903;-256.942;-255.988;12:05:37
4279;30.009;29.8094;-256.751;-256.262;-256.715;-256.895;-256.935;-255.988;12:05:37
4280;30.0011;29.8016;-256.747;-256.262;-256.708;-256.895;-256.927;-255.988;12:05:38
4281;30.0011;29.8016;-256.751;-256.262;-256.708;-256.888;-256.942;-255.988;12:05:38
4282;30.0011;29.8172;-256.747;-256.262;-256.708;-256.895;-256.935;-255.988;12:05:39
4283;29.9933;29.8094;-256.747;-256.262;-256.708;-256.895;-256.942;-255.988;12:05:39
4284;29.9855;29.8172;-256.751;-256.269;-256.715;-256.888;-256.942;-255.996;12:05:40
4285;29.9933;29.8172;-256.747;-256.262;-256.708;-256.895;-256.942;-255.988;12:05:40
4286;29.9933;29.8172;-256.747;-256.269;-256.715;-256.895;-256.942;-255.996;12:05:41
4287;29.9933;29.8172;-256.747;-256.262;-256.708;-256.895;-256.935;-255.996;12:05:41
4288;30.0011;29.8094;-256.747;-256.269;-256.708;-256.888;-256.95;-255.996;12:05:42
4289;29.9933;29.8172;-256.751;-256.269;-256.708;-256.895;-256.95;-255.988;12:05:42
4290;29.9933;29.8172;-256.747;-256.262;-256.708;-256.888;-256.942;-255.996;12:05:43
4291;29.9933;29.8172;-256.751;-256.269;-256.708;-256.888;-256.935;-255.988;12:05:43
4292;30.0011;29.8094;-256.751;-256.262;-256.708;-256.888;-256.935;-255.988;12:05:44
4293;30.0011;29.8172;-256.747;-256.269;-256.715;-256.888;-256.935;-255.988;12:05:44
4294;30.009;29.8016;-256.751;-256.262;-256.7;-256.88;-256.935;-255.996;12:05:45
4295;30.0011;29.8094;-256.751;-256.269;-256.708;-256.888;-256.935;-255.996;12:05:45
4296;30.0011;29.8172;-256.751;-256.262;-256.7;-256.888;-256.935;-255.988;12:05:46
4297;29.9933;29.8172;-256.751;-256.269;-256.715;-256.888;-256.935;-255.988;12:05:46
4298;30.0011;29.8172;-256.751;-256.262;-256.7;-256.88;-256.935;-255.988;12:05:47
4299;29.9933;29.8094;-256.747;-256.269;-256.715;-256.888;-256.935;-255.988;12:05:47
4300;30.0011;29.8094;-256.751;-256.269;-256.708;-256.888;-256.927;-255.996;12:05:48
4301;29.9933;29.8094;-256.751;-256.262;-256.708;-256.888;-256.935;-255.98;12:05:48
4302;30.0011;29.8094;-256.755;-256.269;-256.715;-256.88;-256.927;-255.98;12:05:49
4303;29.9933;29.8016;-256.758;-256.269;-256.715;-256.888;-256.927;-255.988;12:05:49
4304;29.9933;29.8172;-256.758;-256.262;-256.708;-256.888;-256.935;-255.988;12:05:50
4305;29.9933;29.8016;-256.755;-256.269;-256.708;-256.888;-256.935;-255.98;12:05:50
4306;29.9933;29.8172;-256.755;-256.262;-256.708;-256.895;-256.927;-255.988;12:05:51
4307;30.0011;29.8172;-256.758;-256.269;-256.715;-256.888;-256.935;-255.988;12:05:51
4308;29.9933;29.8172;-256.755;-256.262;-256.715;-256.888;-256.935;-255.988;12:05:52
4309;30.0011;29.8094;-256.755;-256.269;-256.715;-256.895;-256.927;-255.98;12:05:52
4310;30.0011;29.8094;-256.758;-256.262;-256.715;-256.888;-256.927;-255.988;12:05:53
4311;29.9933;29.8172;-256.758;-256.277;-256.715;-256.888;-256.935;-255.988;12:05:53
4312;30.0011;29.8094;-256.755;-256.262;-256.708;-256.895;-256.927;-255.988;12:05:54
4313;30.0011;29.8172;-256.755;-256.269;-256.708;-256.888;-256.935;-255.988;12:05:54
4314;29.9933;29.8094;-256.758;-256.262;-256.708;-256.888;-256.927;-255.98;12:05:55
4315;30.0011;29.8016;-256.755;-256.269;-256.715;-256.895;-256.935;-255.98;12:05:55
4316;30.0011;29.8172;-256.755;-256.269;-256.708;-256.895;-256.935;-255.988;12:05:56
4317;30.0011;29.8094;-256.755;-256.269;-256.708;-256.888;-256.935;-255.988;12:05:56
4318;30.009;29.8172;-256.755;-256.262;-256.708;-256.895;-256.935;-255.988;12:05:57
4319;30.009;29.8094;-256.751;-256.269;-256.708;-256.888;-256.935;-255.996;12:05:57
4320;30.0011;29.8172;-256.755;-256.262;-256.7;-256.888;-256.935;-255.988;12:05:58
4321;30.0011;29.8094;-256.755;-256.269;-256.708;-256.88;-256.935;-255.988;12:05:58
4322;30.0011;29.8094;-256.758;-256.269;-256.708;-256.888;-256.935;-255.996;12:05:59
4323;30.009;29.8016;-256.751;-256.262;-256.715;-256.88;-256.935;-255.988;12:05:59
4324;30.0011;29.8094;-256.751;-256.262;-256.708;-256.888;-256.935;-255.988;12:06:00
4325;30.009;29.8016;-256.751;-256.262;-256.708;-256.888;-256.935;-255.988;12:06:00
4326;30.0168;29.8016;-256.747;-256.269;-256.708;-256.88;-256.935;-255.988;12:06:01
4327;30.009;29.8016;-256.751;-256.269;-256.708;-256.888;-256.935;-255.996;12:06:01
4328;30.009;29.8016;-256.747;-256.262;-256.708;-256.888;-256.935;-255.988;12:06:02
4329;30.009;29.8016;-256.751;-256.269;-256.708;-256.888;-256.942;-255.98;12:06:02
4330;30.009;29.8094;-256.751;-256.269;-256.7;-256.888;-256.935;-255.988;12:06:03
4331;30.0168;29.8094;-256.751;-256.269;-256.708;-256.895;-256.942;-255.98;12:06:03
4332;30.009;29.8172;-256.751;-256.262;-256.708;-256.895;-256.942;-255.988;12:06:04
4333;30.009;29.8094;-256.751;-256.269;-256.708;-256.903;-256.935;-255.996;12:06:04
4334;30.009;29.8094;-256.755;-256.262;-256.708;-256.903;-256.927;-255.98;12:06:05
4335;30.0011;29.8172;-256.751;-256.262;-256.708;-256.895;-256.942;-255.988;12:06:05
4336;30.009;29.8016;-256.751;-256.269;-256.708;-256.903;-256.935;-255.988;12:06:06
4337;30.0168;29.8094;-256.755;-256.269;-256.708;-256.895;-256.935;-255.988;12:06:06
4338;30.0168;29.8016;-256.755;-256.269;-256.708;-256.895;-256.942;-255.996;12:06:07
4339;30.0246;29.8094;-256.751;-256.269;-256.715;-256.895;-256.935;-255.988;12:06:07
4340;30.0168;29.8172;-256.755;-256.269;-256.708;-256.895;-256.942;-255.98;12:06:08
4341;30.0168;29.8094;-256.755;-256.262;-256.715;-256.895;-256.927;-255.988;12:06:08
4342;30.0168;29.8094;-256.758;-256.269;-256.715;-256.888;-256.935;-255.996;12:06:09
4343;30.0168;29.8094;-256.755;-256.269;-256.715;-256.895;-256.935;-255.988;12:06:09
4344;30.0168;29.8172;-256.755;-256.269;-256.708;-256.895;-256.95;-255.988;12:06:10
4345;30.0168;29.8094;-256.755;-256.277;-256.715;-256.895;-256.942;-255.988;12:06:10
4346;30.0168;29.8094;-256.758;-256.269;-256.715;-256.895;-256.935;-255.988;12:06:11
4347;30.0246;29.8016;-256.755;-256.262;-256.723;-256.888;-256.95;-255.988;12:06:11
4348;30.0168;29.8094;-256.755;-256.269;-256.708;-256.895;-256.942;-255.988;12:06:12
4349;30.0246;29.8172;-256.751;-256.262;-256.708;-256.895;-256.942;-255.98;12:06:12
4350;30.0246;29.8094;-256.751;-256.269;-256.708;-256.895;-256.935;-255.988;12:06:13
4351;30.0207;29.8094;-256.758;-256.269;-256.708;-256.888;-256.927;-255.988;12:06:13
4352;30.0246;29.8094;-256.758;-256.269;-256.715;-256.895;-256.935;-255.988;12:06:14
4353;30.0168;29.8016;-256.758;-256.269;-256.708;-256.888;-256.935;-255.988;12:06:14
4354;30.0168;29.8094;-256.758;-256.262;-256.708;-256.888;-256.927;-255.98;12:06:15
4355;30.0168;29.8094;-256.755;-256.269;-256.708;-256.895;-256.935;-255.98;12:06:15
4356;30.0168;29.8172;-256.755;-256.269;-256.708;-256.895;-256.935;-255.988;12:06:16
4357;30.0168;29.8172;-256.755;-256.269;-256.708;-256.903;-256.927;-255.988;12:06:16
4358;30.0246;29.8094;-256.755;-256.269;-256.715;-256.895;-256.935;-255.988;12:06:17
4359;30.009;29.8094;-256.751;-256.269;-256.708;-256.903;-256.935;-255.988;12:06:17
4360;30.009;29.8172;-256.751;-256.269;-256.708;-256.895;-256.935;-255.988;12:06:18
4361;30.0168;29.8094;-256.751;-256.269;-256.708;-256.895;-256.935;-255.988;12:06:18
4362;30.009;29.8172;-256.751;-256.277;-256.708;-256.895;-256.935;-255.996;12:06:19
4363;30.0246;29.8172;-256.751;-256.269;-256.7;-256.895;-256.942;-255.988;12:06:19
4364;30.0168;29.8172;-256.755;-256.277;-256.708;-256.895;-256.927;-255.988;12:06:20
4365;30.0168;29.8172;-256.755;-256.277;-256.708;-256.895;-256.942;-255.988;12:06:20
4366;30.0246;29.8094;-256.755;-256.269;-256.708;-256.895;-256.935;-255.98;12:06:21
4367;30.0168;29.8172;-256.755;-256.277;-256.7;-256.895;-256.935;-255.98;12:06:21
4368;30.0246;29.8172;-256.755;-256.269;-256.708;-256.903;-256.927;-255.988;12:06:22
4369;30.0168;29.8172;-256.751;-256.277;-256.7;-256.895;-256.942;-255.996;12:06:22
4370;30.0168;29.8172;-256.758;-256.262;-256.7;-256.895;-256.927;-255.98;12:06:23
4371;30.009;29.8094;-256.755;-256.269;-256.7;-256.888;-256.927;-255.988;12:06:23
4372;30.0168;29.8094;-256.755;-256.269;-256.7;-256.895;-256.935;-255.98;12:06:24
4373;30.0246;29.8094;-256.755;-256.269;-256.708;-256.88;-256.935;-255.988;12:06:24
4374;30.0168;29.8094;-256.751;-256.277;-256.7;-256.888;-256.935;-255.988;12:06:25
4375;30.0246;29.8094;-256.751;-256.269;-256.7;-256.895;-256.935;-255.98;12:06:25
4376;30.0246;29.8094;-256.758;-256.269;-256.708;-256.895;-256.927;-255.98;12:06:26
4377;30.0246;29.8094;-256.758;-256.269;-256.708;-256.895;-256.927;-255.988;12:06:26
4378;30.0285;29.8094;-256.751;-256.277;-256.715;-256.895;-256.935;-255.98;12:06:27
4379;30.0246;29.8172;-256.755;-256.262;-256.715;-256.888;-256.935;-255.988;12:06:27
4380;30.0285;29.8094;-256.758;-256.269;-256.708;-256.888;-256.927;-255.98;12:06:28
4381;30.0285;29.8094;-256.755;-256.269;-256.715;-256.895;-256.935;-255.988;12:06:28
4382;30.0285;29.8172;-256.755;-256.269;-256.715;-256.895;-256.935;-255.988;12:06:29
4383;30.0246;29.8172;-256.755;-256.269;-256.715;-256.895;-256.935;-255.988;12:06:29
4384;30.0285;29.8172;-256.755;-256.269;-256.723;-256.903;-256.935;-255.996;12:06:30
4385;30.0246;29.8251;-256.751;-256.269;-256.708;-256.895;-256.935;-255.98;12:06:30
4386;30.0246;29.8172;-256.755;-256.269;-256.715;-256.888;-256.942;-255.988;12:06:31
4387;30.0285;29.8094;-256.755;-256.269;-256.715;-256.895;-256.935;-255.988;12:06:31
4388;30.0285;29.8172;-256.755;-256.269;-256.715;-256.895;-256.935;-255.988;12:06:32
4389;30.0285;29.8172;-256.755;-256.269;-256.723;-256.895;-256.935;-255.988;12:06:32
4390;30.0285;29.8172;-256.755;-256.269;-256.708;-256.888;-256.942;-255.98;12:06:33
4391;30.0324;29.8251;-256.755;-256.269;-256.715;-256.895;-256.935;-255.988;12:06:33
4392;30.0324;29.8172;-256.755;-256.269;-256.715;-256.888;-256.942;-255.98;12:06:34
4393;30.0285;29.8172;-256.758;-256.269;-256.715;-256.888;-256.942;-255.988;12:06:34
4394;30.0285;29.8094;-256.758;-256.269;-256.715;-256.895;-256.942;-255.98;12:06:35
4395;30.0246;29.8172;-256.751;-256.262;-256.715;-256.895;-256.95;-255.988;12:06:35
4396;30.0324;29.8094;-256.751;-256.262;-256.715;-256.895;-256.935;-255.988;12:06:36
4397;30.0285;29.8172;-256.751;-256.269;-256.715;-256.895;-256.942;-255.988;12:06:36
4398;30.0324;29.8094;-256.747;-256.269;-256.715;-256.895;-256.935;-255.988;12:06:37
4399;30.0324;29.8094;-256.755;-256.262;-256.715;-256.895;-256.942;-255.98;12:06:37
4400;30.0324;29.8172;-256.755;-256.269;-256.715;-256.895;-256.935;-255.996;12:06:38
4401;30.0285;29.8094;-256.755;-256.269;-256.708;-256.895;-256.942;-255.988;12:06:38
4402;30.0363;29.8094;-256.751;-256.269;-256.715;-256.903;-256.935;-255.98;12:06:39
4403;30.0324;29.8094;-256.751;-256.262;-256.708;-256.895;-256.942;-255.988;12:06:39
4404;30.0324;29.8016;-256.751;-256.269;-256.708;-256.895;-256.935;-255.988;12:06:40
4405;30.0324;29.8094;-256.751;-256.269;-256.715;-256.895;-256.942;-255.988;12:06:40
4406;30.0324;29.8094;-256.755;-256.269;-256.715;-256.903;-256.942;-255.988;12:06:41
4407;30.0363;29.8094;-256.751;-256.262;-256.723;-256.895;-256.942;-255.988;12:06:41
4408;30.0324;29.8172;-256.751;-256.269;-256.708;-256.895;-256.95;-255.988;12:06:42
4409;30.0363;29.8094;-256.747;-256.262;-256.715;-256.895;-256.942;-255.98;12:06:42
4410;30.0324;29.8172;-256.751;-256.262;-256.708;-256.903;-256.942;-255.988;12:06:43
4411;30.0324;29.8172;-256.751;-256.269;-256.708;-256.895;-256.95;-255.98;12:06:43
4412;30.0324;29.8094;-256.751;-256.262;-256.708;-256.903;-256.95;-255.988;12:06:44
4413;30.0324;29.8172;-256.751;-256.269;-256.715;-256.903;-256.942;-255.988;12:06:44
4414;30.0285;29.8094;-256.751;-256.262;-256.715;-256.895;-256.942;-255.98;12:06:45
4415;30.0285;29.8172;-256.751;-256.269;-256.708;-256.895;-256.942;-255.98;12:06:45
4416;30.0285;29.8172;-256.747;-256.262;-256.715;-256.895;-256.942;-255.98;12:06:46
4417;30.0324;29.8172;-256.751;-256.262;-256.708;-256.895;-256.942;-255.988;12:06:46
4418;30.0285;29.8172;-256.755;-256.262;-256.715;-256.903;-256.935;-255.98;12:06:47
4419;30.0285;29.8172;-256.751;-256.262;-256.715;-256.895;-256.942;-255.98;12:06:47
4420;30.0246;29.8172;-256.751;-256.262;-256.715;-256.895;-256.942;-255.988;12:06:48
4421;30.0324;29.8094;-256.755;-256.262;-256.708;-256.903;-256.935;-255.988;12:06:48
4422;30.0285;29.8172;-256.751;-256.262;-256.715;-256.895;-256.935;-255.988;12:06:49
4423;30.0285;29.8094;-256.758;-256.262;-256.708;-256.895;-256.942;-255.988;12:06:49
4424;30.0246;29.8094;-256.751;-256.269;-256.708;-256.903;-256.942;-255.988;12:06:50
4425;30.0285;29.8172;-256.755;-256.262;-256.7;-256.895;-256.935;-255.996;12:06:50
4426;30.0285;29.8172;-256.751;-256.262;-256.708;-256.903;-256.935;-255.98;12:06:51
4427;30.0285;29.8094;-256.755;-256.262;-256.692;-256.903;-256.935;-255.988;12:06:51
4428;30.0285;29.8172;-256.751;-256.262;-256.708;-256.895;-256.935;-255.988;12:06:52
4429;30.0324;29.8172;-256.755;-256.262;-256.708;-256.895;-256.942;-255.988;12:06:52
4430;30.0324;29.8251;-256.751;-256.269;-256.715;-256.903;-256.942;-255.988;12:06:53
4431;30.0285;29.8172;-256.755;-256.262;-256.715;-256.903;-256.935;-255.988;12:06:53
4432;30.0285;29.8172;-256.755;-256.262;-256.715;-256.903;-256.942;-255.988;12:06:54
4433;30.0285;29.8172;-256.755;-256.262;-256.708;-256.895;-256.95;-255.988;12:06:54
4434;30.0324;29.8172;-256.755;-256.262;-256.715;-256.895;-256.942;-255.996;12:06:55
4435;30.0285;29.8172;-256.751;-256.262;-256.708;-256.895;-256.935;-255.988;12:06:55
4436;30.0285;29.8094;-256.751;-256.254;-256.715;-256.888;-256.942;-255.988;12:06:56
4437;30.0324;29.8172;-256.751;-256.262;-256.708;-256.895;-256.935;-255.988;12:06:56
4438;30.0324;29.8251;-256.755;-256.262;-256.715;-256.903;-256.942;-255.98;12:06:57
4439;30.0363;29.8172;-256.751;-256.262;-256.708;-256.895;-256.927;-255.988;12:06:57
4440;30.0285;29.8251;-256.755;-256.262;-256.715;-256.903;-256.935;-255.988;12:06:58
4441;30.0324;29.8172;-256.755;-256.262;-256.715;-256.888;-256.935;-255.98;12:06:58
4442;30.0324;29.8172;-256.755;-256.254;-256.715;-256.903;-256.935;-255.988;12:06:59
4443;30.0324;29.8251;-256.755;-256.262;-256.715;-256.895;-256.935;-255.988;12:06:59
4444;30.0324;29.8251;-256.751;-256.262;-256.708;-256.895;-256.935;-255.98;12:07:00
4445;30.0285;29.8251;-256.751;-256.262;-256.715;-256.903;-256.942;-255.996;12:07:00
4446;30.0324;29.8251;-256.751;-256.254;-256.708;-256.903;-256.927;-255.988;12:07:01
4447;30.0285;29.8251;-256.755;-256.262;-256.708;-256.903;-256.927;-255.988;12:07:01
4448;30.0285;29.8251;-256.751;-256.262;-256.715;-256.895;-256.935;-255.988;12:07:02
4449;30.0324;29.8251;-256.755;-256.262;-256.708;-256.903;-256.927;-255.988;12:07:02
4450;30.0324;29.8251;-256.751;-256.262;-256.708;-256.895;-256.935;-255.996;12:07:03
4451;30.0324;29.8172;-256.751;-256.262;-256.715;-256.903;-256.935;-255.988;12:07:03
4452;30.0285;29.8251;-256.755;-256.262;-256.708;-256.895;-256.935;-255.988;12:07:04
4453;30.0324;29.8251;-256.751;-256.262;-256.708;-256.895;-256.942;-255.988;12:07:04
4454;30.0285;29.8251;-256.755;-256.262;-256.708;-256.903;-256.935;-255.988;12:07:05
4455;30.0324;29.8329;-256.751;-256.254;-256.715;-256.903;-256.942;-255.988;12:07:05
4456;30.0363;29.8251;-256.755;-256.265;-256.708;-256.895;-256.935;-255.988;12:07:06
4457;30.0363;29.8251;-256.747;-256.254;-256.715;-256.903;-256.935;-255.98;12:07:06
4458;30.0363;29.8251;-256.755;-256.262;-256.708;-256.895;-256.935;-255.988;12:07:07
4459;30.0324;29.8251;-256.755;-256.269;-256.708;-256.895;-256.935;-255.98;12:07:07
4460;30.0363;29.8251;-256.751;-256.262;-256.715;-256.895;-256.927;-255.98;12:07:08
4461;30.0324;29.8329;-256.755;-256.262;-256.708;-256.895;-256.927;-255.988;12:07:08
4462;30.0363;29.8329;-256.751;-256.269;-256.715;-256.903;-256.927;-255.988;12:07:09
4463;30.0363;29.8329;-256.755;-256.254;-256.715;-256.895;-256.935;-255.988;12:07:09
4464;30.0363;29.8329;-256.755;-256.262;-256.708;-256.903;-256.935;-255.996;12:07:10
4465;30.0363;29.8251;-256.751;-256.269;-256.715;-256.895;-256.935;-255.988;12:07:10
4466;30.0363;29.8329;-256.755;-256.269;-256.715;-256.895;-256.942;-255.98;12:07:11
4467;30.0363;29.8329;-256.751;-256.262;-256.708;-256.903;-256.927;-255.988;12:07:11
4468;30.0363;29.8172;-256.751;-256.262;-256.708;-256.903;-256.935;-255.988;12:07:12
4469;30.0363;29.8251;-256.747;-256.269;-256.708;-256.895;-256.935;-255.996;12:07:12
4470;30.0363;29.8251;-256.751;-256.262;-256.708;-256.903;-256.927;-255.988;12:07:13
4471;30.0363;29.8251;-256.751;-256.262;-256.708;-256.895;-256.935;-255.988;12:07:13
4472;30.0363;29.8329;-256.751;-256.269;-256.708;-256.895;-256.935;-255.988;12:07:14
4473;30.0403;29.8251;-256.755;-256.262;-256.715;-256.903;-256.927;-255.98;12:07:14
4474;30.0363;29.8251;-256.751;-256.262;-256.708;-256.903;-256.927;-255.988;12:07:15
4475;30.0363;29.8251;-256.755;-256.262;-256.7;-256.903;-256.935;-255.988;12:07:15
4476;30.0363;29.8407;-256.755;-256.262;-256.715;-256.895;-256.935;-255.98;12:07:16
4477;30.0363;29.8329;-256.751;-256.262;-256.708;-256.903;-256.935;-255.98;12:07:16
4478;30.0324;29.8407;-256.758;-256.262;-256.715;-256.895;-256.935;-255.98;12:07:17
4479;30.0363;29.8329;-256.751;-256.262;-256.708;-256.895;-256.935;-255.988;12:07:17
4480;30.0324;29.8407;-256.751;-256.262;-256.708;-256.895;-256.935;-255.988;12:07:18
4481;30.0403;29.8407;-256.751;-256.269;-256.708;-256.895;-256.935;-255.988;12:07:18
4482;30.0324;29.8407;-256.755;-256.262;-256.715;-256.903;-256.935;-255.988;12:07:19
4483;30.0363;29.8329;-256.751;-256.262;-256.708;-256.895;-256.935;-255.988;12:07:19
4484;30.0363;29.8329;-256.751;-256.269;-256.715;-256.895;-256.935;-255.996;12:07:20
4485;30.0324;29.8329;-256.751;-256.262;-256.708;-256.895;-256.935;-255.988;12:07:20
4486;30.0363;29.8329;-256.751;-256.269;-256.708;-256.903;-256.942;-255.988;12:07:21
4487;30.0324;29.8329;-256.751;-256.262;-256.708;-256.895;-256.935;-255.98;12:07:21
4488;30.0363;29.8407;-256.751;-256.269;-256.7;-256.903;-256.942;-255.988;12:07:22
4489;30.0285;29.8407;-256.755;-256.269;-256.708;-256.903;-256.935;-255.996;12:07:22
4490;30.0363;29.8407;-256.751;-256.262;-256.708;-256.895;-256.935;-255.988;12:07:23
4491;30.0363;29.8407;-256.755;-256.262;-256.708;-256.903;-256.935;-255.988;12:07:23
4492;30.0363;29.8407;-256.751;-256.269;-256.715;-256.895;-256.942;-255.988;12:07:24
4493;30.0363;29.8329;-256.755;-256.262;-256.708;-256.895;-256.927;-255.988;12:07:24
4494;30.0324;29.8485;-256.751;-256.262;-256.715;-256.888;-256.935;-255.988;12:07:25
4495;30.0363;29.8407;-256.751;-256.262;-256.708;-256.903;-256.935;-255.98;12:07:25
4496;30.0363;29.8407;-256.751;-256.262;-256.708;-256.895;-256.942;-255.996;12:07:26
4497;30.0363;29.8485;-256.755;-256.262;-256.715;-256.903;-256.942;-255.988;12:07:26
4498;30.0403;29.8407;-256.751;-256.262;-256.708;-256.895;-256.935;-255.988;12:07:27
4499;30.0363;29.8485;-256.747;-256.262;-256.7;-256.895;-256.935;-255.996;12:07:27
4500;30.0363;29.8407;-256.751;-256.262;-256.708;-256.895;-256.935;-255.988;12:07:28
4501;30.0403;29.8407;-256.747;-256.262;-256.708;-256.895;-256.927;-255.988;12:07:28
4502;30.0403;29.8407;-256.747;-256.262;-256.7;-256.903;-256.935;-255.996;12:07:29
4503;30.0403;29.8329;-256.751;-256.269;-256.708;-256.895;-256.935;-255.988;12:07:29
4504;30.0363;29.8329;-256.751;-256.269;-256.708;-256.895;-256.935;-255.988;12:07:30
4505;30.0363;29.8251;-256.747;-256.277;-256.708;-256.888;-256.935;-255.988;12:07:30
4506;30.0403;29.8329;-256.751;-256.269;-256.708;-256.895;-256.942;-255.98;12:07:31
4507;30.0403;29.8329;-256.747;-256.269;-256.708;-256.895;-256.935;-255.988;12:07:31
4508;30.0363;29.8329;-256.755;-256.262;-256.708;-256.895;-256.942;-255.988;12:07:32
4509;30.0363;29.8329;-256.755;-256.262;-256.7;-256.895;-256.95;-255.988;12:07:32
4510;30.0363;29.8329;-256.755;-256.269;-256.708;-256.895;-256.942;-255.988;12:07:33
4511;30.0363;29.8329;-256.755;-256.269;-256.708;-256.895;-256.935;-255.988;12:07:33
4512;30.0363;29.8329;-256.758;-256.262;-256.708;-256.895;-256.935;-255.996;12:07:34
4513;30.0324;29.8329;-256.755;-256.262;-256.708;-256.895;-256.95;-255.988;12:07:34
4514;30.0363;29.8251;-256.755;-256.262;-256.708;-256.888;-256.942;-255.988;12:07:35
4515;30.0363;29.8329;-256.755;-256.269;-256.715;-256.895;-256.935;-255.988;12:07:35
4516;30.0363;29.8251;-256.755;-256.262;-256.708;-256.895;-256.935;-255.988;12:07:36
4517;30.0363;29.8251;-256.751;-256.262;-256.708;-256.895;-256.927;-255.988;12:07:36
4518;30.0324;29.8329;-256.755;-256.262;-256.708;-256.903;-256.927;-255.988;12:07:37
4519;30.0363;29.8251;-256.751;-256.269;-256.715;-256.895;-256.927;-255.988;12:07:37
4520;30.0324;29.8251;-256.751;-256.262;-256.708;-256.895;-256.927;-255.988;12:07:38
4521;30.0324;29.8329;-256.751;-256.277;-256.715;-256.895;-256.935;-255.98;12:07:38
4522;30.0363;29.8407;-256.751;-256.269;-256.708;-256.903;-256.935;-255.988;12:07:39
4523;30.0324;29.8329;-256.751;-256.269;-256.708;-256.895;-256.935;-255.988;12:07:39
4524;30.0363;29.8329;-256.751;-256.269;-256.708;-256.895;-256.935;-255.996;12:07:40
4525;30.0363;29.8329;-256.751;-256.269;-256.708;-256.895;-256.935;-255.996;12:07:40
4526;30.0363;29.8407;-256.751;-256.269;-256.708;-256.903;-256.927;-255.996;12:07:41
4527;30.0324;29.8329;-256.751;-256.262;-256.708;-256.895;-256.935;-255.996;12:07:41
4528;30.0403;29.8329;-256.751;-256.269;-256.708;-256.903;-256.935;-255.988;12:07:42
4529;30.0363;29.8251;-256.747;-256.262;-256.7;-256.895;-256.935;-255.996;12:07:42
4530;30.0363;29.8329;-256.751;-256.269;-256.708;-256.895;-256.942;-255.988;12:07:43
4531;30.0403;29.8407;-256.751;-256.262;-256.708;-256.903;-256.927;-255.996;12:07:43
4532;30.0403;29.8251;-256.751;-256.262;-256.715;-256.895;-256.935;-255.988;12:07:44
4533;30.0363;29.8407;-256.751;-256.262;-256.708;-256.895;-256.935;-255.996;12:07:44
4534;30.0403;29.8329;-256.755;-256.269;-256.708;-256.911;-256.935;-255.996;12:07:45
4535;30.0363;29.8329;-256.751;-256.262;-256.708;-256.903;-256.942;-255.988;12:07:45
4536;30.0403;29.8329;-256.751;-256.254;-256.715;-256.895;-256.942;-255.996;12:07:46
4537;30.0403;29.8329;-256.755;-256.262;-256.708;-256.895;-256.95;-255.996;12:07:46
4538;30.0403;29.8407;-256.751;-256.254;-256.708;-256.895;-256.942;-255.996;12:07:47
4539;30.0363;29.8329;-256.755;-256.265;-256.715;-256.895;-256.935;-255.996;12:07:47
4540;30.0403;29.8407;-256.755;-256.262;-256.708;-256.895;-256.95;-255.996;12:07:48
4541;30.0442;29.8329;-256.758;-256.269;-256.715;-256.888;-256.942;-255.996;12:07:48
4542;30.0403;29.8485;-256.751;-256.269;-256.708;-256.895;-256.942;-255.996;12:07:49
4543;30.0363;29.8329;-256.751;-256.262;-256.708;-256.895;-256.942;-255.988;12:07:49
4544;30.0442;29.8329;-256.755;-256.262;-256.708;-256.895;-256.942;-255.988;12:07:50
4545;30.0403;29.8329;-256.755;-256.269;-256.708;-256.895;-256.942;-255.988;12:07:50
4546;30.0363;29.8329;-256.751;-256.262;-256.708;-256.895;-256.942;-255.996;12:07:51
4547;30.0403;29.8329;-256.755;-256.262;-256.708;-256.895;-256.95;-255.996;12:07:51
4548;30.0403;29.8329;-256.751;-256.262;-256.7;-256.895;-256.95;-255.988;12:07:52
4549;30.0403;29.8407;-256.751;-256.262;-256.708;-256.895;-256.95;-255.996;12:07:52
4550;30.0363;29.8329;-256.751;-256.262;-256.7;-256.903;-256.942;-255.996;12:07:53
4551;30.0363;29.8407;-256.751;-256.269;-256.7;-256.895;-256.95;-255.988;12:07:53
4552;30.0363;29.8407;-256.755;-256.262;-256.7;-256.895;-256.942;-255.988;12:07:54
4553;30.0363;29.8329;-256.751;-256.269;-256.708;-256.895;-256.942;-255.988;12:07:54
4554;30.0403;29.8329;-256.755;-256.262;-256.7;-256.895;-256.95;-255.996;12:07:55
4555;30.0403;29.8329;-256.747;-256.269;-256.7;-256.888;-256.942;-255.98;12:07:55
4556;30.0403;29.8329;-256.747;-256.262;-256.708;-256.895;-256.942;-255.988;12:07:56
4557;30.0442;29.8329;-256.755;-256.262;-256.7;-256.888;-256.942;-255.996;12:07:56
4558;30.0403;29.8407;-256.751;-256.262;-256.715;-256.888;-256.942;-255.996;12:07:57
4559;30.0363;29.8329;-256.751;-256.262;-256.708;-256.895;-256.942;-255.996;12:07:57
4560;30.0403;29.8407;-256.747;-256.269;-256.708;-256.88;-256.95;-255.988;12:07:58
4561;30.0363;29.8407;-256.751;-256.262;-256.708;-256.895;-256.95;-255.996;12:07:58
4562;30.0363;29.8329;-256.747;-256.269;-256.715;-256.888;-256.942;-255.988;12:07:59
4563;30.0363;29.8329;-256.751;-256.262;-256.708;-256.888;-256.95;-255.996;12:07:59
4564;30.0403;29.8329;-256.751;-256.269;-256.715;-256.88;-256.942;-255.996;12:08:00
4565;30.0403;29.8407;-256.751;-256.269;-256.708;-256.895;-256.95;-255.996;12:08:00
4566;30.0363;29.8329;-256.751;-256.269;-256.708;-256.888;-256.95;-255.988;12:08:01
4567;30.0403;29.8251;-256.751;-256.262;-256.708;-256.888;-256.942;-255.996;12:08:01
4568;30.0363;29.8329;-256.751;-256.262;-256.715;-256.888;-256.942;-255.996;12:08:02
4569;30.0363;29.8329;-256.751;-256.262;-256.715;-256.888;-256.935;-255.988;12:08:02
4570;30.0403;29.8329;-256.751;-256.262;-256.708;-256.888;-256.935;-255.988;12:08:03
4571;30.0363;29.8251;-256.751;-256.262;-256.708;-256.888;-256.942;-255.996;12:08:03
4572;30.0363;29.8251;-256.747;-256.262;-256.715;-256.895;-256.935;-255.988;12:08:04
4573;30.0403;29.8172;-256.743;-256.262;-256.708;-256.888;-256.935;-255.988;12:08:04
4574;30.0363;29.8172;-256.755;-256.262;-256.708;-256.895;-256.935;-255.996;12:08:05
4575;30.0403;29.8172;-256.751;-256.269;-256.715;-256.895;-256.935;-255.996;12:08:05
4576;30.0363;29.8172;-256.747;-256.269;-256.708;-256.903;-256.935;-255.988;12:08:06
4577;30.0403;29.8172;-256.747;-256.262;-256.708;-256.895;-256.942;-255.988;12:08:06
4578;30.0363;29.8172;-256.747;-256.262;-256.708;-256.895;-256.935;-255.996;12:08:07
4579;30.0403;29.8172;-256.751;-256.262;-256.708;-256.895;-256.935;-255.988;12:08:07
4580;30.0363;29.8172;-256.747;-256.262;-256.708;-256.895;-256.935;-255.988;12:08:08
4581;30.0363;29.8251;-256.747;-256.262;-256.708;-256.895;-256.942;-255.988;12:08:08
4582;30.0363;29.8172;-256.747;-256.262;-256.708;-256.903;-256.942;-255.988;12:08:09
4583;30.0363;29.8251;-256.751;-256.262;-256.708;-256.895;-256.942;-255.996;12:08:09
4584;30.0363;29.8172;-256.747;-256.262;-256.715;-256.895;-256.935;-255.988;12:08:10
4585;30.0363;29.8094;-256.755;-256.262;-256.715;-256.903;-256.942;-255.98;12:08:10
4586;30.0403;29.8172;-256.751;-256.254;-256.715;-256.895;-256.935;-255.988;12:08:11
4587;30.0363;29.8172;-256.751;-256.258;-256.715;-256.895;-256.942;-255.988;12:08:11
4588;30.0403;29.8094;-256.755;-256.262;-256.723;-256.895;-256.942;-255.988;12:08:12
4589;30.0363;29.8094;-256.747;-256.254;-256.715;-256.895;-256.935;-255.988;12:08:12
4590;30.0403;29.8172;-256.751;-256.262;-256.708;-256.895;-256.942;-255.98;12:08:13
4591;30.0403;29.8172;-256.751;-256.262;-256.715;-256.895;-256.942;-255.988;12:08:13
4592;30.0363;29.8172;-256.751;-256.262;-256.715;-256.895;-256.935;-255.988;12:08:14
4593;30.0363;29.8172;-256.751;-256.269;-256.715;-256.895;-256.935;-255.988;12:08:14
4594;30.0363;29.8251;-256.755;-256.262;-256.708;-256.895;-256.935;-255.988;12:08:15
4595;30.0363;29.8172;-256.751;-256.262;-256.708;-256.888;-256.935;-255.988;12:08:15
4596;30.0403;29.8251;-256.755;-256.269;-256.715;-256.895;-256.942;-255.988;12:08:16
4597;30.0363;29.8251;-256.751;-256.262;-256.708;-256.903;-256.935;-255.988;12:08:16
4598;30.0363;29.8251;-256.755;-256.262;-256.715;-256.895;-256.942;-255.996;12:08:17
4599;30.0403;29.8329;-256.755;-256.269;-256.708;-256.895;-256.942;-255.988;12:08:17
4600;30.0403;29.8251;-256.755;-256.262;-256.715;-256.903;-256.935;-255.996;12:08:18
4601;30.0363;29.8251;-256.751;-256.262;-256.708;-256.895;-256.935;-255.988;12:08:18
4602;30.0363;29.8251;-256.755;-256.262;-256.708;-256.895;-256.942;-255.996;12:08:19
4603;30.0403;29.8172;-256.751;-256.269;-256.715;-256.895;-256.935;-255.988;12:08:19
4604;30.0363;29.8172;-256.751;-256.262;-256.715;-256.895;-256.942;-255.996;12:08:20
4605;30.0403;29.8251;-256.751;-256.269;-256.715;-256.895;-256.942;-255.996;12:08:20
4606;30.0403;29.8172;-256.758;-256.269;-256.708;-256.895;-256.942;-255.988;12:08:21
4607;30.0403;29.8251;-256.755;-256.262;-256.708;-256.895;-256.935;-255.996;12:08:21
4608;30.0403;29.8251;-256.751;-256.269;-256.715;-256.895;-256.935;-255.996;12:08:22
4609;30.0363;29.8329;-256.751;-256.262;-256.708;-256.888;-256.942;-255.988;12:08:22
4610;30.0403;29.8251;-256.755;-256.262;-256.708;-256.895;-256.942;-255.98;12:08:23
4611;30.0363;29.8172;-256.751;-256.262;-256.715;-256.903;-256.942;-255.988;12:08:23
4612;30.0363;29.8251;-256.751;-256.269;-256.708;-256.888;-256.935;-255.988;12:08:24
4613;30.0324;29.8251;-256.751;-256.262;-256.708;-256.895;-256.935;-255.98;12:08:24
4614;30.0363;29.8251;-256.751;-256.269;-256.7;-256.895;-256.935;-255.988;12:08:25
4615;30.0324;29.8172;-256.751;-256.262;-256.708;-256.888;-256.935;-255.988;12:08:25
4616;30.0324;29.8172;-256.751;-256.254;-256.708;-256.895;-256.927;-255.988;12:08:26
4617;30.0324;29.8172;-256.751;-256.262;-256.708;-256.895;-256.935;-255.988;12:08:26
4618;30.0324;29.8094;-256.755;-256.262;-256.708;-256.895;-256.935;-255.988;12:08:27
4619;30.0285;29.8094;-256.751;-256.262;-256.708;-256.895;-256.942;-255.988;12:08:27
4620;30.0324;29.8094;-256.755;-256.262;-256.715;-256.895;-256.935;-255.988;12:08:28
4621;30.0285;29.8016;-256.755;-256.262;-256.708;-256.888;-256.935;-255.988;12:08:28
4622;30.0285;29.8094;-256.755;-256.262;-256.708;-256.895;-256.942;-255.98;12:08:29
4623;30.0285;29.8016;-256.758;-256.262;-256.708;-256.895;-256.942;-255.988;12:08:29
4624;30.0324;29.7938;-256.755;-256.262;-256.708;-256.895;-256.942;-255.988;12:08:30
4625;30.0285;29.8094;-256.751;-256.262;-256.708;-256.888;-256.95;-255.988;12:08:30
4626;30.0285;29.8016;-256.751;-256.269;-256.7;-256.895;-256.942;-255.98;12:08:31
4627;30.0324;29.8094;-256.755;-256.262;-256.708;-256.888;-256.942;-255.988;12:08:31
4628;30.0285;29.8016;-256.755;-256.262;-256.708;-256.888;-256.95;-255.98;12:08:32
4629;30.0324;29.8016;-256.755;-256.254;-256.7;-256.895;-256.942;-255.988;12:08:32
4630;30.0285;29.8094;-256.755;-256.269;-256.708;-256.895;-256.942;-255.988;12:08:33
4631;30.0324;29.8016;-256.755;-256.262;-256.715;-256.888;-256.95;-255.988;12:08:33
4632;30.0324;29.7938;-256.751;-256.269;-256.708;-256.888;-256.942;-255.996;12:08:34
4633;30.0324;29.8016;-256.755;-256.262;-256.708;-256.895;-256.942;-255.98;12:08:34
4634;30.0324;29.8016;-256.758;-256.269;-256.7;-256.888;-256.95;-255.988;12:08:35
4635;30.0285;29.7859;-256.755;-256.262;-256.708;-256.895;-256.942;-255.996;12:08:35
4636;30.0324;29.7938;-256.755;-256.269;-256.7;-256.888;-256.942;-255.98;12:08:36
4637;30.0285;29.7938;-256.755;-256.262;-256.708;-256.895;-256.942;-255.988;12:08:36
4638;30.0324;29.7859;-256.755;-256.262;-256.708;-256.888;-256.942;-255.988;12:08:37
4639;30.0324;29.8016;-256.755;-256.254;-256.708;-256.895;-256.942;-255.988;12:08:37
