Number;DT1;DT2;DT3;DT4;DT5;DT6;DT7;DT8;Time;Delta T1;DeltaT2;
1605;30.0011;29.6842;-256.762;-256.254;-256.684;-256.903;-256.942;-255.972;9:33:00;0.3169;30.0755;0.3404
1606;29.9855;29.6842;-256.762;-256.254;-256.684;-256.919;-256.95;-255.972;9:33:01;0.3013;29.9542;0.1213
1607;29.9933;29.692;-256.762;-256.254;-256.684;-256.911;-256.942;-255.972;9:33:01;0.3013;;
1608;29.9933;29.692;-256.77;-256.254;-256.684;-256.911;-256.935;-255.964;9:33:02;0.3013;;
1609;29.9933;29.692;-256.762;-256.262;-256.692;-256.911;-256.95;-255.964;9:33:02;0.3013;;
1610;30.0011;29.6999;-256.77;-256.254;-256.684;-256.911;-256.942;-255.972;9:33:03;0.3012;;
1611;30.0011;29.6999;-256.762;-256.258;-256.684;-256.903;-256.942;-255.972;9:33:03;0.3012;;
1612;29.9933;29.7155;-256.77;-256.258;-256.684;-256.911;-256.95;-255.972;9:33:04;0.2778;;
1613;29.9933;29.7077;-256.77;-256.262;-256.684;-256.911;-256.95;-255.964;9:33:04;0.2856;;
1614;29.9933;29.6999;-256.77;-256.254;-256.684;-256.911;-256.942;-255.972;9:33:05;0.2934;;
1615;29.9855;29.7155;-256.762;-256.25;-256.692;-256.903;-256.95;-255.964;9:33:05;0.27;;
1616;30.0011;29.7233;-256.762;-256.262;-256.692;-256.911;-256.95;-255.972;9:33:06;0.2778;;
1617;30.009;29.7155;-256.77;-256.254;-256.692;-256.911;-256.942;-255.972;9:33:06;0.2935;;
1618;30.009;29.7155;-256.762;-256.254;-256.692;-256.911;-256.95;-255.972;9:33:07;0.2935;;
1619;30.009;29.7077;-256.762;-256.254;-256.692;-256.919;-256.942;-255.972;9:33:07;0.3013;;
1620;30.009;29.7155;-256.762;-256.262;-256.7;-256.911;-256.95;-255.964;9:33:08;0.2935;;
1621;30.0246;29.7155;-256.77;-256.254;-256.692;-256.911;-256.942;-255.972;9:33:08;0.3091;;
1622;30.0168;29.7155;-256.762;-256.25;-256.692;-256.919;-256.95;-255.972;9:33:09;0.3013;;
1623;30.0168;29.7155;-256.762;-256.254;-256.692;-256.911;-256.942;-255.964;9:33:09;0.3013;;
1624;30.0168;29.7233;-256.77;-256.254;-256.692;-256.911;-256.95;-255.972;9:33:10;0.2935;;
1625;30.0168;29.7233;-256.762;-256.25;-256.692;-256.919;-256.942;-255.98;9:33:10;0.2935;;
1626;30.0168;29.7312;-256.762;-256.254;-256.692;-256.903;-256.942;-255.972;9:33:11;0.2856;;
1627;30.0168;29.7233;-256.762;-256.254;-256.692;-256.911;-256.95;-255.972;9:33:11;0.2935;;
1628;30.0246;29.7312;-256.762;-256.254;-256.684;-256.919;-256.95;-255.98;9:33:12;0.2934;;
1629;30.0168;29.7312;-256.762;-256.25;-256.692;-256.911;-256.95;-255.972;9:33:12;0.2856;;
1630;30.0168;29.739;-256.762;-256.254;-256.692;-256.911;-256.942;-255.98;9:33:13;0.2778;;
1631;30.0285;29.739;-256.77;-256.25;-256.692;-256.911;-256.942;-255.972;9:33:13;0.2895;;
1632;30.0168;29.7312;-256.77;-256.254;-256.692;-256.911;-256.95;-255.972;9:33:14;0.2856;;
1633;30.0285;29.739;-256.77;-256.254;-256.692;-256.919;-256.95;-255.972;9:33:14;0.2895;;
1634;30.0246;29.739;-256.762;-256.254;-256.692;-256.911;-256.95;-255.98;9:33:15;0.2856;;
1635;30.0285;29.7468;-256.762;-256.254;-256.692;-256.919;-256.958;-255.972;9:33:15;0.2817;;
1636;30.0285;29.7312;-256.77;-256.254;-256.7;-256.911;-256.95;-255.98;9:33:16;0.2973;;
1637;30.0285;29.739;-256.762;-256.258;-256.692;-256.919;-256.95;-255.98;9:33:16;0.2895;;
1638;30.0363;29.739;-256.77;-256.254;-256.684;-256.919;-256.942;-255.98;9:33:17;0.2973;;
1639;30.0363;29.739;-256.77;-256.254;-256.692;-256.919;-256.942;-255.98;9:33:17;0.2973;;
1640;30.0363;29.739;-256.77;-256.254;-256.684;-256.919;-256.935;-255.972;9:33:18;0.2973;;
1641;30.0363;29.7468;-256.762;-256.25;-256.684;-256.919;-256.942;-255.98;9:33:18;0.2895;;
1642;30.0403;29.739;-256.77;-256.265;-256.684;-256.919;-256.942;-255.98;9:33:19;0.3013;;
1643;30.0403;29.7468;-256.77;-256.254;-256.692;-256.919;-256.942;-255.98;9:33:19;0.2935;;
1644;30.0403;29.7546;-256.762;-256.254;-256.684;-256.911;-256.95;-255.98;9:33:20;0.2857;;
1645;30.0403;29.7546;-256.762;-256.254;-256.692;-256.919;-256.95;-255.972;9:33:20;0.2857;;
1646;30.0403;29.7546;-256.762;-256.254;-256.692;-256.911;-256.95;-255.972;9:33:21;0.2857;;
1647;30.0403;29.7546;-256.758;-256.254;-256.692;-256.911;-256.95;-255.972;9:33:21;0.2857;;
1648;30.0403;29.7546;-256.762;-256.25;-256.684;-256.919;-256.958;-255.972;9:33:22;0.2857;;
1649;30.0442;29.7546;-256.762;-256.262;-256.692;-256.919;-256.95;-255.972;9:33:22;0.2896;;
1650;30.0442;29.7468;-256.762;-256.258;-256.684;-256.911;-256.95;-255.972;9:33:23;0.2974;;
1651;30.052;29.7546;-256.758;-256.254;-256.692;-256.919;-256.95;-255.972;9:33:23;0.2974;;
1652;30.0442;29.7625;-256.762;-256.254;-256.684;-256.919;-256.95;-255.964;9:33:24;0.2817;;
1653;30.0481;29.7625;-256.758;-256.254;-256.692;-256.911;-256.95;-255.98;9:33:24;0.2856;;
1654;30.0442;29.7546;-256.762;-256.254;-256.692;-256.919;-256.942;-255.972;9:33:25;0.2896;;
1655;30.052;29.7625;-256.77;-256.254;-256.684;-256.919;-256.942;-255.972;9:33:25;0.2895;;
1656;30.0442;29.7625;-256.77;-256.254;-256.692;-256.911;-256.95;-255.98;9:33:26;0.2817;;
1657;30.0442;29.7625;-256.762;-256.254;-256.684;-256.919;-256.95;-255.972;9:33:26;0.2817;;
1658;30.0442;29.7625;-256.762;-256.254;-256.692;-256.919;-256.95;-255.98;9:33:27;0.2817;;
1659;30.0403;29.7546;-256.762;-256.254;-256.692;-256.911;-256.95;-255.972;9:33:27;0.2857;;
1660;30.0442;29.7546;-256.762;-256.254;-256.684;-256.919;-256.95;-255.972;9:33:28;0.2896;;
1661;30.0442;29.7468;-256.77;-256.254;-256.692;-256.919;-256.958;-255.98;9:33:28;0.2974;;
1662;30.0442;29.7468;-256.766;-256.258;-256.692;-256.911;-256.95;-255.972;9:33:29;0.2974;;
1663;30.052;29.7468;-256.762;-256.254;-256.692;-256.911;-256.942;-255.972;9:33:29;0.3052;;
1664;30.0442;29.739;-256.762;-256.262;-256.692;-256.919;-256.95;-255.972;9:33:30;0.3052;;
1665;30.0403;29.739;-256.762;-256.254;-256.692;-256.911;-256.95;-255.972;9:33:30;0.3013;;
1666;30.0442;29.7312;-256.762;-256.254;-256.692;-256.919;-256.95;-255.972;9:33:31;0.313;;
1667;30.0403;29.7155;-256.762;-256.254;-256.692;-256.919;-256.95;-255.972;9:33:31;0.3248;;
1668;30.0403;29.7233;-256.762;-256.254;-256.692;-256.919;-256.942;-255.972;9:33:32;0.317;;
1669;30.0403;29.7155;-256.762;-256.254;-256.692;-256.911;-256.95;-255.972;9:33:32;0.3248;;
1670;30.0403;29.7233;-256.77;-256.258;-256.7;-256.919;-256.95;-255.972;9:33:33;0.317;;
1671;30.0363;29.7077;-256.762;-256.254;-256.692;-256.919;-256.95;-255.972;9:33:33;0.3286;;
1672;30.0363;29.7077;-256.762;-256.254;-256.692;-256.911;-256.942;-255.964;9:33:34;0.3286;;
1673;30.0324;29.7077;-256.77;-256.262;-256.684;-256.919;-256.95;-255.972;9:33:34;0.3247;;
1674;30.0363;29.7077;-256.762;-256.258;-256.684;-256.919;-256.935;-255.972;9:33:35;0.3286;;
1675;30.0324;29.692;-256.762;-256.254;-256.692;-256.911;-256.942;-255.972;9:33:35;0.3404;;
1676;30.0285;29.6999;-256.766;-256.254;-256.692;-256.919;-256.942;-255.972;9:33:36;0.3286;;
1677;30.0324;29.692;-256.762;-256.262;-256.684;-256.911;-256.942;-255.972;9:33:36;0.3404;;
1678;30.0324;29.692;-256.762;-256.254;-256.692;-256.903;-256.95;-255.972;9:33:37;0.3404;;
1679;30.0285;29.692;-256.762;-256.254;-256.684;-256.903;-256.935;-255.972;9:33:37;0.3365;;
1680;30.0246;29.692;-256.762;-256.254;-256.692;-256.919;-256.942;-255.972;9:33:38;0.3326;;
1681;30.0285;29.692;-256.762;-256.254;-256.684;-256.911;-256.935;-255.972;9:33:38;0.3365;;
1682;30.0246;29.692;-256.762;-256.262;-256.684;-256.911;-256.942;-255.972;9:33:39;0.3326;;
1683;30.0168;29.6842;-256.762;-256.254;-256.684;-256.911;-256.942;-255.972;9:33:39;0.3326;;
1684;30.0168;29.692;-256.766;-256.262;-256.684;-256.919;-256.942;-255.972;9:33:40;0.3248;;
1685;30.0246;29.6842;-256.762;-256.254;-256.692;-256.911;-256.95;-255.972;9:33:40;0.3404;;
1686;30.009;29.6842;-256.762;-256.254;-256.684;-256.911;-256.942;-255.964;9:33:41;0.3248;;
1687;30.0011;29.692;-256.762;-256.254;-256.684;-256.919;-256.942;-255.972;9:33:41;0.3091;;
1688;30.0011;29.6842;-256.762;-256.254;-256.684;-256.919;-256.942;-255.972;9:33:42;0.3169;;
1689;30.0011;29.6842;-256.762;-256.269;-256.692;-256.919;-256.942;-255.972;9:33:42;0.3169;;
1690;29.9933;29.6842;-256.762;-256.254;-256.684;-256.919;-256.942;-255.972;9:33:43;0.3091;;
1691;30.0011;29.6842;-256.758;-256.262;-256.692;-256.919;-256.942;-255.972;9:33:43;0.3169;;
1692;29.9855;29.692;-256.762;-256.254;-256.684;-256.911;-256.942;-255.972;9:33:44;0.2935;;
1693;29.9933;29.6764;-256.762;-256.262;-256.684;-256.919;-256.935;-255.972;9:33:44;0.3169;;
1694;29.9933;29.692;-256.766;-256.262;-256.684;-256.911;-256.942;-255.964;9:33:45;0.3013;;
1695;30.0011;29.6842;-256.762;-256.262;-256.692;-256.911;-256.95;-255.972;9:33:45;0.3169;;
1696;29.9933;29.6842;-256.762;-256.254;-256.684;-256.919;-256.942;-255.972;9:33:46;0.3091;;
1697;29.9855;29.6842;-256.762;-256.25;-256.684;-256.919;-256.942;-255.972;9:33:46;0.3013;;
1698;29.9855;29.6842;-256.762;-256.254;-256.692;-256.919;-256.935;-255.972;9:33:47;0.3013;;
1699;29.9855;29.692;-256.766;-256.25;-256.692;-256.919;-256.935;-255.98;9:33:47;0.2935;;
1700;29.9855;29.692;-256.762;-256.246;-256.684;-256.911;-256.935;-255.964;9:33:48;0.2935;;
1701;29.9855;29.692;-256.762;-256.25;-256.692;-256.919;-256.942;-255.972;9:33:48;0.2935;;
1702;29.9855;29.692;-256.758;-256.25;-256.684;-256.919;-256.942;-255.972;9:33:49;0.2935;;
1703;29.9855;29.6999;-256.758;-256.254;-256.684;-256.911;-256.95;-255.972;9:33:49;0.2856;;
1704;29.9933;29.6999;-256.762;-256.25;-256.692;-256.919;-256.942;-255.972;9:33:50;0.2934;;
1705;29.9933;29.6999;-256.762;-256.254;-256.692;-256.919;-256.95;-255.972;9:33:50;0.2934;;
1706;29.9855;29.6999;-256.758;-256.246;-256.692;-256.911;-256.95;-255.972;9:33:51;0.2856;;
1707;29.9933;29.692;-256.762;-256.254;-256.684;-256.919;-256.958;-255.98;9:33:51;0.3013;;
1708;29.9933;29.6999;-256.762;-256.25;-256.684;-256.911;-256.958;-255.972;9:33:52;0.2934;;
1709;29.9933;29.692;-256.758;-256.254;-256.692;-256.919;-256.958;-255.972;9:33:52;0.3013;;
1710;29.9933;29.6999;-256.758;-256.25;-256.692;-256.911;-256.958;-255.964;9:33:53;0.2934;;
1711;29.9933;29.7077;-256.758;-256.25;-256.684;-256.911;-256.942;-255.972;9:33:53;0.2856;;
1712;29.9933;29.6999;-256.755;-256.25;-256.684;-256.919;-256.95;-255.972;9:33:54;0.2934;;
1713;30.0011;29.7077;-256.758;-256.25;-256.684;-256.911;-256.942;-255.972;9:33:54;0.2934;;
1714;29.9933;29.7077;-256.758;-256.25;-256.684;-256.919;-256.95;-255.972;9:33:55;0.2856;;
1715;30.0011;29.7077;-256.755;-256.246;-256.684;-256.911;-256.942;-255.972;9:33:55;0.2934;;
1716;30.0011;29.7077;-256.758;-256.25;-256.692;-256.911;-256.95;-255.972;9:33:56;0.2934;;
1717;30.0011;29.7155;-256.758;-256.246;-256.684;-256.919;-256.95;-255.964;9:33:56;0.2856;;
1718;30.009;29.7155;-256.762;-256.25;-256.684;-256.919;-256.95;-255.972;9:33:57;0.2935;;
1719;30.0011;29.7233;-256.758;-256.25;-256.684;-256.911;-256.95;-255.972;9:33:57;0.2778;;
1720;30.0011;29.7155;-256.762;-256.25;-256.684;-256.919;-256.95;-255.972;9:33:58;0.2856;;
1721;30.0168;29.7233;-256.758;-256.254;-256.684;-256.911;-256.95;-255.98;9:33:58;0.2935;;
1722;30.0168;29.7233;-256.758;-256.25;-256.7;-256.911;-256.95;-255.972;9:33:59;0.2935;;
1723;30.0168;29.7233;-256.755;-256.25;-256.684;-256.919;-256.942;-255.972;9:33:59;0.2935;;
1724;30.0246;29.7233;-256.758;-256.25;-256.684;-256.911;-256.942;-255.972;9:34:00;0.3013;;
1725;30.0246;29.7312;-256.758;-256.25;-256.676;-256.919;-256.942;-255.972;9:34:00;0.2934;;
1726;30.0246;29.7312;-256.762;-256.25;-256.692;-256.919;-256.95;-255.98;9:34:01;0.2934;;
1727;30.0285;29.7312;-256.758;-256.25;-256.684;-256.911;-256.942;-255.972;9:34:01;0.2973;;
1728;30.0246;29.739;-256.758;-256.25;-256.684;-256.919;-256.942;-255.972;9:34:02;0.2856;;
1729;30.0246;29.739;-256.758;-256.25;-256.684;-256.919;-256.942;-255.98;9:34:02;0.2856;;
1730;30.0246;29.739;-256.755;-256.25;-256.684;-256.911;-256.942;-255.972;9:34:03;0.2856;;
1731;30.0285;29.739;-256.758;-256.25;-256.684;-256.919;-256.95;-255.972;9:34:03;0.2895;;
1732;30.0285;29.7468;-256.762;-256.254;-256.692;-256.911;-256.942;-255.972;9:34:04;0.2817;;
1733;30.0285;29.7468;-256.758;-256.25;-256.684;-256.911;-256.95;-255.98;9:34:04;0.2817;;
1734;30.0285;29.7468;-256.758;-256.25;-256.684;-256.919;-256.942;-255.972;9:34:05;0.2817;;
1735;30.0324;29.7468;-256.755;-256.254;-256.692;-256.919;-256.942;-255.972;9:34:05;0.2856;;
1736;30.0324;29.7546;-256.755;-256.25;-256.684;-256.919;-256.95;-255.98;9:34:06;0.2778;;
1737;30.0324;29.7625;-256.755;-256.25;-256.692;-256.911;-256.95;-255.972;9:34:06;0.2699;;
1738;30.0363;29.7546;-256.758;-256.25;-256.684;-256.919;-256.95;-255.972;9:34:07;0.2817;;
1739;30.0363;29.7546;-256.758;-256.25;-256.684;-256.919;-256.95;-255.98;9:34:07;0.2817;;
1740;30.0363;29.7625;-256.755;-256.254;-256.692;-256.919;-256.95;-255.972;9:34:08;0.2738;;
1741;30.0403;29.7625;-256.751;-256.254;-256.684;-256.919;-256.942;-255.972;9:34:08;0.2778;;
1742;30.0403;29.7703;-256.751;-256.25;-256.692;-256.919;-256.95;-255.972;9:34:09;0.27;;
1743;30.0403;29.7625;-256.755;-256.25;-256.684;-256.919;-256.942;-255.964;9:34:09;0.2778;;
1744;30.0403;29.7625;-256.751;-256.254;-256.684;-256.911;-256.942;-255.964;9:34:10;0.2778;;
1745;30.0442;29.7703;-256.751;-256.25;-256.692;-256.919;-256.942;-255.972;9:34:10;0.2739;;
1746;30.0403;29.7703;-256.755;-256.254;-256.692;-256.919;-256.942;-255.972;9:34:11;0.27;;
1747;30.0442;29.7703;-256.755;-256.254;-256.692;-256.919;-256.95;-255.964;9:34:11;0.2739;;
1748;30.0442;29.7781;-256.758;-256.254;-256.692;-256.911;-256.942;-255.972;9:34:12;0.2661;;
1749;30.0442;29.7781;-256.755;-256.254;-256.684;-256.911;-256.95;-255.964;9:34:12;0.2661;;
1750;30.0442;29.7781;-256.751;-256.254;-256.692;-256.911;-256.942;-255.972;9:34:13;0.2661;;
1751;30.052;29.7781;-256.751;-256.258;-256.684;-256.911;-256.95;-255.972;9:34:13;0.2739;;
1752;30.0442;29.7781;-256.751;-256.254;-256.684;-256.919;-256.95;-255.98;9:34:14;0.2661;;
1753;30.0442;29.7859;-256.755;-256.254;-256.692;-256.911;-256.942;-255.98;9:34:14;0.2583;;
1754;30.0442;29.7781;-256.758;-256.254;-256.684;-256.911;-256.942;-255.98;9:34:15;0.2661;;
1755;30.0442;29.7859;-256.758;-256.254;-256.684;-256.919;-256.942;-255.98;9:34:15;0.2583;;
1756;30.0442;29.7781;-256.766;-256.262;-256.684;-256.911;-256.942;-255.972;9:34:16;0.2661;;
1757;30.0442;29.7625;-256.762;-256.254;-256.692;-256.911;-256.942;-255.972;9:34:16;0.2817;;
1758;30.0598;29.7703;-256.755;-256.254;-256.684;-256.903;-256.935;-255.98;9:34:17;0.2895;;
1759;30.052;29.7781;-256.758;-256.254;-256.684;-256.911;-256.935;-255.972;9:34:17;0.2739;;
1760;30.052;29.7703;-256.755;-256.254;-256.684;-256.903;-256.942;-255.972;9:34:18;0.2817;;
1761;30.0442;29.7781;-256.751;-256.254;-256.692;-256.911;-256.942;-255.964;9:34:18;0.2661;;
1762;30.052;29.7703;-256.755;-256.262;-256.684;-256.911;-256.95;-255.98;9:34:19;0.2817;;
1763;30.0442;29.7703;-256.755;-256.254;-256.684;-256.911;-256.95;-255.972;9:34:19;0.2739;;
1764;30.0442;29.7703;-256.755;-256.254;-256.692;-256.903;-256.942;-255.972;9:34:20;0.2739;;
1765;30.0442;29.7703;-256.755;-256.25;-256.684;-256.903;-256.95;-255.98;9:34:20;0.2739;;
1766;30.0442;29.7703;-256.758;-256.254;-256.692;-256.911;-256.942;-255.972;9:34:21;0.2739;;
1767;30.0442;29.7625;-256.758;-256.254;-256.692;-256.903;-256.95;-255.98;9:34:21;0.2817;;
1768;30.0363;29.7625;-256.755;-256.262;-256.692;-256.903;-256.942;-255.972;9:34:22;0.2738;;
1769;30.0442;29.7625;-256.762;-256.254;-256.7;-256.903;-256.95;-255.972;9:34:22;0.2817;;
1770;30.0363;29.7625;-256.758;-256.262;-256.692;-256.903;-256.942;-255.972;9:34:23;0.2738;;
1771;30.0363;29.7546;-256.758;-256.262;-256.692;-256.903;-256.95;-255.98;9:34:23;0.2817;;
1772;30.0324;29.7546;-256.762;-256.262;-256.7;-256.911;-256.942;-255.98;9:34:24;0.2778;;
1773;30.0363;29.7468;-256.758;-256.254;-256.692;-256.903;-256.95;-255.98;9:34:24;0.2895;;
1774;30.0324;29.7546;-256.758;-256.262;-256.692;-256.911;-256.942;-255.98;9:34:25;0.2778;;
1775;30.0363;29.739;-256.758;-256.254;-256.7;-256.919;-256.942;-255.98;9:34:25;0.2973;;
1776;30.0285;29.7546;-256.758;-256.262;-256.692;-256.911;-256.942;-255.98;9:34:26;0.2739;;
1777;30.0285;29.7468;-256.758;-256.254;-256.692;-256.911;-256.942;-255.98;9:34:26;0.2817;;
1778;30.0168;29.7468;-256.758;-256.262;-256.684;-256.903;-256.942;-255.98;9:34:27;0.27;;
1779;30.0246;29.7468;-256.758;-256.254;-256.692;-256.903;-256.942;-255.98;9:34:27;0.2778;;
1780;30.0168;29.7546;-256.758;-256.262;-256.684;-256.911;-256.942;-255.98;9:34:28;0.2622;;
1781;30.0168;29.739;-256.758;-256.254;-256.684;-256.903;-256.95;-255.98;9:34:28;0.2778;;
1782;30.0168;29.7468;-256.758;-256.269;-256.684;-256.911;-256.942;-255.98;9:34:29;0.27;;
1783;30.0246;29.7546;-256.758;-256.262;-256.676;-256.911;-256.942;-255.972;9:34:29;0.27;;
1784;30.009;29.739;-256.758;-256.262;-256.684;-256.903;-256.935;-255.972;9:34:30;0.27;;
1785;30.0011;29.7546;-256.758;-256.254;-256.684;-256.911;-256.942;-255.98;9:34:30;0.2465;;
1786;30.009;29.739;-256.758;-256.262;-256.692;-256.911;-256.942;-255.972;9:34:31;0.27;;
1787;30.0011;29.739;-256.758;-256.262;-256.684;-256.911;-256.942;-255.972;9:34:31;0.2621;;
1788;30.0011;29.7312;-256.755;-256.262;-256.692;-256.911;-256.942;-255.98;9:34:32;0.2699;;
1789;29.9933;29.7312;-256.758;-256.254;-256.692;-256.911;-256.935;-255.98;9:34:32;0.2621;;
1790;29.9933;29.7312;-256.762;-256.254;-256.7;-256.903;-256.935;-255.972;9:34:33;0.2621;;
1791;29.9933;29.7312;-256.755;-256.262;-256.692;-256.911;-256.942;-255.98;9:34:33;0.2621;;
1792;29.9855;29.7233;-256.755;-256.254;-256.692;-256.911;-256.935;-255.972;9:34:34;0.2622;;
1793;29.9855;29.7312;-256.751;-256.262;-256.692;-256.911;-256.935;-255.972;9:34:34;0.2543;;
1794;29.9933;29.739;-256.755;-256.254;-256.692;-256.911;-256.935;-255.972;9:34:35;0.2543;;
1795;29.9855;29.7312;-256.755;-256.262;-256.684;-256.903;-256.942;-255.964;9:34:35;0.2543;;
1796;29.9855;29.7312;-256.755;-256.254;-256.684;-256.911;-256.942;-255.972;9:34:36;0.2543;;
1797;29.9855;29.7312;-256.751;-256.262;-256.692;-256.919;-256.935;-255.98;9:34:36;0.2543;;
1798;29.9855;29.7312;-256.755;-256.262;-256.684;-256.911;-256.942;-255.98;9:34:37;0.2543;;
1799;29.9855;29.7233;-256.758;-256.254;-256.692;-256.911;-256.942;-255.98;9:34:37;0.2622;;
1800;29.9855;29.7312;-256.755;-256.269;-256.692;-256.919;-256.942;-255.964;9:34:38;0.2543;;
1801;29.9855;29.7312;-256.758;-256.262;-256.692;-256.919;-256.935;-255.98;9:34:38;0.2543;;
1802;29.9855;29.739;-256.755;-256.254;-256.692;-256.919;-256.935;-255.98;9:34:39;0.2465;;
1803;29.9855;29.7312;-256.758;-256.262;-256.684;-256.919;-256.95;-255.98;9:34:39;0.2543;;
1804;29.9855;29.7312;-256.751;-256.262;-256.692;-256.911;-256.942;-255.98;9:34:40;0.2543;;
1805;29.9933;29.739;-256.758;-256.262;-256.684;-256.911;-256.95;-255.98;9:34:40;0.2543;;
1806;29.9855;29.7312;-256.755;-256.254;-256.692;-256.919;-256.942;-255.98;9:34:41;0.2543;;
1807;29.9933;29.739;-256.758;-256.262;-256.684;-256.911;-256.942;-255.972;9:34:41;0.2543;;
1808;29.9933;29.739;-256.755;-256.254;-256.684;-256.919;-256.942;-255.98;9:34:42;0.2543;;
1809;29.9933;29.739;-256.758;-256.254;-256.684;-256.919;-256.942;-255.98;9:34:42;0.2543;;
1810;30.0011;29.739;-256.755;-256.254;-256.692;-256.911;-256.95;-255.972;9:34:43;0.2621;;
1811;29.9933;29.739;-256.755;-256.262;-256.692;-256.911;-256.942;-255.98;9:34:43;0.2543;;
1812;29.9933;29.7468;-256.758;-256.254;-256.692;-256.911;-256.95;-255.98;9:34:44;0.2465;;
1813;30.0011;29.7468;-256.758;-256.254;-256.684;-256.911;-256.935;-255.98;9:34:44;0.2543;;
1814;30.0011;29.739;-256.755;-256.254;-256.692;-256.919;-256.942;-255.98;9:34:45;0.2621;;
1815;30.0011;29.7468;-256.755;-256.254;-256.692;-256.919;-256.942;-255.98;9:34:45;0.2543;;
1816;30.009;29.7546;-256.751;-256.254;-256.692;-256.919;-256.95;-255.972;9:34:46;0.2544;;
1817;30.0011;29.7546;-256.755;-256.254;-256.692;-256.911;-256.958;-255.98;9:34:46;0.2465;;
1818;30.0011;29.7546;-256.758;-256.25;-256.692;-256.919;-256.942;-255.988;9:34:47;0.2465;;
1819;30.009;29.7625;-256.755;-256.254;-256.684;-256.911;-256.942;-255.98;9:34:47;0.2465;;
1820;30.009;29.7546;-256.755;-256.25;-256.684;-256.919;-256.942;-255.972;9:34:48;0.2544;;
1821;30.0168;29.7625;-256.755;-256.25;-256.684;-256.911;-256.942;-255.988;9:34:48;0.2543;;
1822;30.0168;29.7625;-256.758;-256.25;-256.684;-256.919;-256.942;-255.98;9:34:49;0.2543;;
1823;30.009;29.7703;-256.758;-256.254;-256.692;-256.911;-256.942;-255.972;9:34:49;0.2387;;
1824;30.0168;29.7703;-256.758;-256.254;-256.684;-256.911;-256.942;-255.98;9:34:50;0.2465;;
1825;30.0168;29.7703;-256.755;-256.25;-256.692;-256.911;-256.95;-255.98;9:34:50;0.2465;;
1826;30.0168;29.7625;-256.758;-256.254;-256.684;-256.911;-256.95;-255.98;9:34:51;0.2543;;
1827;30.0246;29.7703;-256.758;-256.258;-256.684;-256.919;-256.935;-255.98;9:34:51;0.2543;;
1828;30.0246;29.7703;-256.755;-256.258;-256.692;-256.919;-256.942;-255.98;9:34:52;0.2543;;
1829;30.0246;29.7703;-256.758;-256.254;-256.684;-256.911;-256.942;-255.98;9:34:52;0.2543;;
1830;30.0246;29.7781;-256.755;-256.25;-256.692;-256.911;-256.942;-255.988;9:34:53;0.2465;;
1831;30.0285;29.7703;-256.758;-256.262;-256.684;-256.911;-256.95;-255.988;9:34:53;0.2582;;
1832;30.0285;29.7859;-256.758;-256.25;-256.692;-256.903;-256.935;-255.98;9:34:54;0.2426;;
1833;30.0285;29.7781;-256.755;-256.254;-256.692;-256.903;-256.942;-255.98;9:34:54;0.2504;;
1834;30.0285;29.7703;-256.758;-256.254;-256.692;-256.903;-256.935;-255.988;9:34:55;0.2582;;
1835;30.0363;29.7781;-256.755;-256.254;-256.684;-256.911;-256.942;-255.98;9:34:55;0.2582;;
1836;30.0363;29.7703;-256.758;-256.25;-256.684;-256.903;-256.942;-255.98;9:34:56;0.266;;
1837;30.0403;29.7703;-256.758;-256.254;-256.692;-256.911;-256.935;-255.98;9:34:56;0.27;;
1838;30.0324;29.7703;-256.758;-256.25;-256.692;-256.911;-256.935;-255.988;9:34:57;0.2621;;
1839;30.0363;29.7781;-256.755;-256.254;-256.692;-256.903;-256.935;-255.98;9:34:57;0.2582;;
1840;30.0363;29.7781;-256.755;-256.254;-256.692;-256.911;-256.935;-255.988;9:34:58;0.2582;;
1841;30.0403;29.7859;-256.755;-256.254;-256.684;-256.903;-256.942;-255.98;9:34:58;0.2544;;
1842;30.0363;29.7938;-256.755;-256.254;-256.692;-256.903;-256.935;-255.988;9:34:59;0.2425;;
1843;30.0363;29.7859;-256.755;-256.254;-256.692;-256.903;-256.942;-255.98;9:34:59;0.2504;;
1844;30.0403;29.7938;-256.758;-256.25;-256.692;-256.903;-256.927;-255.988;9:35:00;0.2465;;
1845;30.0363;29.7938;-256.758;-256.254;-256.692;-256.911;-256.942;-255.98;9:35:00;0.2425;;
1846;30.0363;29.7938;-256.762;-256.25;-256.692;-256.903;-256.935;-255.988;9:35:01;0.2425;;
1847;30.0403;29.8016;-256.758;-256.254;-256.692;-256.911;-256.935;-255.98;9:35:01;0.2387;;
1848;30.0363;29.7938;-256.762;-256.25;-256.692;-256.911;-256.935;-255.98;9:35:02;0.2425;;
1849;30.0442;29.8016;-256.762;-256.254;-256.692;-256.903;-256.935;-255.98;9:35:02;0.2426;;
1850;30.0442;29.8016;-256.762;-256.25;-256.684;-256.903;-256.935;-255.98;9:35:03;0.2426;;
1851;30.0442;29.8016;-256.762;-256.25;-256.7;-256.903;-256.942;-255.98;9:35:03;0.2426;;
1852;30.0442;29.8094;-256.762;-256.25;-256.692;-256.911;-256.942;-255.98;9:35:04;0.2348;;
1853;30.0442;29.8016;-256.762;-256.25;-256.692;-256.903;-256.942;-255.98;9:35:04;0.2426;;
1854;30.052;29.8094;-256.762;-256.254;-256.684;-256.911;-256.942;-255.98;9:35:05;0.2426;;
1855;30.0442;29.8094;-256.758;-256.254;-256.692;-256.911;-256.942;-255.98;9:35:05;0.2348;;
1856;30.0442;29.8094;-256.762;-256.262;-256.692;-256.903;-256.935;-255.98;9:35:06;0.2348;;
1857;30.0442;29.8094;-256.758;-256.254;-256.7;-256.911;-256.942;-255.98;9:35:06;0.2348;;
1858;30.0442;29.8172;-256.762;-256.254;-256.692;-256.911;-256.942;-255.98;9:35:07;0.227;;
1859;30.052;29.8094;-256.758;-256.254;-256.692;-256.911;-256.942;-255.98;9:35:07;0.2426;;
1860;30.052;29.8094;-256.758;-256.254;-256.692;-256.911;-256.935;-255.98;9:35:08;0.2426;;
1861;30.052;29.8094;-256.758;-256.262;-256.692;-256.903;-256.958;-255.972;9:35:08;0.2426;;
1862;30.052;29.8172;-256.762;-256.254;-256.692;-256.911;-256.95;-255.988;9:35:09;0.2348;;
1863;30.0598;29.8172;-256.758;-256.25;-256.692;-256.903;-256.942;-255.98;9:35:09;0.2426;;
1864;30.052;29.8094;-256.758;-256.254;-256.692;-256.911;-256.942;-255.98;9:35:10;0.2426;;
1865;30.0598;29.8172;-256.758;-256.254;-256.692;-256.903;-256.942;-255.98;9:35:10;0.2426;;
1866;30.052;29.8094;-256.758;-256.254;-256.692;-256.911;-256.935;-255.988;9:35:11;0.2426;;
1867;30.0442;29.8172;-256.758;-256.254;-256.684;-256.911;-256.935;-255.98;9:35:11;0.227;;
1868;30.0442;29.8094;-256.755;-256.254;-256.692;-256.903;-256.942;-255.98;9:35:12;0.2348;;
1869;30.0442;29.8094;-256.755;-256.254;-256.692;-256.911;-256.942;-255.98;9:35:12;0.2348;;
1870;30.0442;29.8094;-256.758;-256.25;-256.692;-256.911;-256.935;-255.972;9:35:13;0.2348;;
1871;30.052;29.8094;-256.758;-256.25;-256.692;-256.911;-256.942;-255.972;9:35:13;0.2426;;
1872;30.0403;29.8094;-256.762;-256.254;-256.692;-256.911;-256.935;-255.98;9:35:14;0.2309;;
1873;30.0403;29.8094;-256.762;-256.25;-256.692;-256.919;-256.935;-255.988;9:35:14;0.2309;;
1874;30.0363;29.8016;-256.762;-256.25;-256.692;-256.911;-256.935;-255.972;9:35:15;0.2347;;
1875;30.0403;29.8094;-256.77;-256.254;-256.692;-256.911;-256.935;-255.98;9:35:15;0.2309;;
1876;30.0403;29.8016;-256.762;-256.258;-256.692;-256.911;-256.935;-255.988;9:35:16;0.2387;;
1877;30.0363;29.7938;-256.762;-256.25;-256.692;-256.919;-256.935;-255.98;9:35:16;0.2425;;
1878;30.0363;29.7938;-256.762;-256.25;-256.7;-256.911;-256.942;-255.988;9:35:17;0.2425;;
1879;30.0363;29.7938;-256.762;-256.254;-256.692;-256.911;-256.935;-255.988;9:35:17;0.2425;;
1880;30.0363;29.7859;-256.762;-256.254;-256.692;-256.919;-256.935;-255.98;9:35:18;0.2504;;
1881;30.0324;29.7938;-256.762;-256.262;-256.7;-256.911;-256.935;-255.988;9:35:18;0.2386;;
1882;30.0324;29.7859;-256.762;-256.25;-256.692;-256.911;-256.935;-255.988;9:35:19;0.2465;;
1883;30.0285;29.7938;-256.758;-256.254;-256.692;-256.919;-256.935;-255.988;9:35:19;0.2347;;
1884;30.0324;29.7859;-256.762;-256.254;-256.692;-256.911;-256.935;-255.98;9:35:20;0.2465;;
1885;30.0285;29.7859;-256.758;-256.25;-256.684;-256.919;-256.942;-255.98;9:35:20;0.2426;;
1886;30.0246;29.7938;-256.762;-256.25;-256.692;-256.919;-256.935;-255.98;9:35:21;0.2308;;
1887;30.0246;29.7781;-256.762;-256.25;-256.684;-256.919;-256.942;-255.98;9:35:21;0.2465;;
1888;30.0168;29.7859;-256.762;-256.254;-256.692;-256.919;-256.935;-255.972;9:35:22;0.2309;;
1889;30.009;29.7703;-256.762;-256.254;-256.684;-256.911;-256.942;-255.972;9:35:22;0.2387;;
1890;30.0168;29.7781;-256.762;-256.254;-256.692;-256.911;-256.942;-255.972;9:35:23;0.2387;;
1891;30.009;29.7703;-256.762;-256.254;-256.692;-256.911;-256.935;-255.98;9:35:23;0.2387;;
1892;30.009;29.7625;-256.77;-256.254;-256.692;-256.911;-256.942;-255.98;9:35:24;0.2465;;
1893;29.9933;29.7625;-256.762;-256.262;-256.692;-256.919;-256.95;-255.98;9:35:24;0.2308;;
1894;29.9933;29.7625;-256.758;-256.254;-256.7;-256.919;-256.942;-255.972;9:35:25;0.2308;;
1895;29.9933;29.7546;-256.762;-256.254;-256.692;-256.919;-256.935;-255.98;9:35:25;0.2387;;
1896;29.9933;29.7468;-256.755;-256.254;-256.7;-256.919;-256.935;-255.972;9:35:26;0.2465;;
1897;29.9777;29.7546;-256.762;-256.254;-256.692;-256.911;-256.942;-255.972;9:35:26;0.2231;;
1898;29.9855;29.7468;-256.758;-256.25;-256.692;-256.911;-256.935;-255.972;9:35:27;0.2387;;
1899;29.9855;29.7546;-256.758;-256.25;-256.692;-256.911;-256.942;-255.972;9:35:27;0.2309;;
1900;29.9855;29.7546;-256.758;-256.254;-256.692;-256.911;-256.942;-255.972;9:35:28;0.2309;;
1901;29.9855;29.7468;-256.762;-256.254;-256.684;-256.911;-256.942;-255.972;9:35:28;0.2387;;
1902;29.9777;29.7546;-256.758;-256.25;-256.692;-256.911;-256.935;-255.972;9:35:29;0.2231;;
1903;29.9855;29.7546;-256.758;-256.25;-256.692;-256.911;-256.95;-255.964;9:35:29;0.2309;;
1904;29.9855;29.7468;-256.762;-256.254;-256.692;-256.903;-256.942;-255.98;9:35:30;0.2387;;
1905;29.9855;29.7625;-256.758;-256.25;-256.684;-256.911;-256.95;-255.972;9:35:30;0.223;;
1906;29.9855;29.7546;-256.758;-256.254;-256.692;-256.911;-256.942;-255.972;9:35:31;0.2309;;
1907;29.9777;29.7625;-256.762;-256.25;-256.684;-256.911;-256.95;-255.98;9:35:31;0.2152;;
1908;29.9855;29.7625;-256.758;-256.25;-256.692;-256.911;-256.95;-255.98;9:35:32;0.223;;
1909;29.9855;29.7546;-256.758;-256.25;-256.692;-256.911;-256.95;-255.972;9:35:32;0.2309;;
1910;29.9855;29.7625;-256.758;-256.25;-256.684;-256.911;-256.942;-255.98;9:35:33;0.223;;
1911;29.9855;29.7625;-256.762;-256.254;-256.692;-256.911;-256.935;-255.972;9:35:33;0.223;;
1912;29.9777;29.7625;-256.762;-256.25;-256.684;-256.919;-256.935;-255.98;9:35:34;0.2152;;
1913;29.9855;29.7625;-256.762;-256.25;-256.692;-256.911;-256.942;-255.98;9:35:34;0.223;;
1914;29.9855;29.7625;-256.762;-256.254;-256.684;-256.919;-256.942;-255.972;9:35:35;0.223;;
1915;29.9855;29.7703;-256.762;-256.25;-256.692;-256.911;-256.942;-255.98;9:35:35;0.2152;;
1916;29.9855;29.7625;-256.758;-256.25;-256.676;-256.919;-256.958;-255.98;9:35:36;0.223;;
1917;29.9933;29.7703;-256.762;-256.254;-256.684;-256.911;-256.942;-255.98;9:35:36;0.223;;
1918;29.9855;29.7625;-256.758;-256.25;-256.676;-256.911;-256.95;-255.972;9:35:37;0.223;;
1919;29.9855;29.7703;-256.758;-256.25;-256.684;-256.911;-256.95;-255.972;9:35:37;0.2152;;
1920;29.9933;29.7703;-256.758;-256.25;-256.684;-256.919;-256.958;-255.972;9:35:38;0.223;;
1921;29.9933;29.7625;-256.758;-256.25;-256.684;-256.911;-256.95;-255.972;9:35:38;0.2308;;
1922;29.9933;29.7703;-256.755;-256.25;-256.684;-256.911;-256.95;-255.98;9:35:39;0.223;;
1923;30.0011;29.7781;-256.755;-256.25;-256.676;-256.911;-256.958;-255.972;9:35:39;0.223;;
1924;29.9933;29.7703;-256.755;-256.254;-256.684;-256.911;-256.942;-255.972;9:35:40;0.223;;
1925;30.0011;29.7703;-256.755;-256.254;-256.684;-256.919;-256.942;-255.98;9:35:40;0.2308;;
1926;30.009;29.7703;-256.758;-256.25;-256.684;-256.919;-256.95;-255.972;9:35:41;0.2387;;
1927;30.0011;29.7781;-256.755;-256.254;-256.684;-256.911;-256.942;-255.98;9:35:41;0.223;;
1928;30.0011;29.7781;-256.758;-256.254;-256.684;-256.911;-256.95;-255.98;9:35:42;0.223;;
1929;29.9933;29.7859;-256.755;-256.254;-256.684;-256.911;-256.942;-255.98;9:35:42;0.2074;;
1930;30.0011;29.7781;-256.755;-256.254;-256.684;-256.911;-256.942;-255.972;9:35:43;0.223;;
1931;30.0011;29.7859;-256.755;-256.254;-256.684;-256.919;-256.942;-255.972;9:35:43;0.2152;;
1932;30.009;29.7781;-256.758;-256.254;-256.684;-256.911;-256.942;-255.98;9:35:44;0.2309;;
1933;30.0011;29.7859;-256.758;-256.254;-256.684;-256.911;-256.942;-255.98;9:35:44;0.2152;;
1934;30.0168;29.7859;-256.758;-256.254;-256.684;-256.911;-256.942;-255.972;9:35:45;0.2309;;
1935;30.009;29.7859;-256.758;-256.262;-256.692;-256.919;-256.942;-255.98;9:35:45;0.2231;;
1936;30.009;29.7859;-256.755;-256.254;-256.684;-256.911;-256.942;-255.98;9:35:46;0.2231;;
1937;30.0168;29.7859;-256.755;-256.254;-256.684;-256.911;-256.95;-255.98;9:35:46;0.2309;;
1938;30.0168;29.7938;-256.755;-256.25;-256.684;-256.919;-256.95;-255.972;9:35:47;0.223;;
1939;30.0168;29.7938;-256.758;-256.25;-256.684;-256.911;-256.942;-255.98;9:35:47;0.223;;
1940;30.0246;29.7938;-256.758;-256.254;-256.684;-256.919;-256.95;-255.98;9:35:48;0.2308;;
1941;30.0246;29.7938;-256.758;-256.254;-256.684;-256.919;-256.935;-255.98;9:35:48;0.2308;;
1942;30.0285;29.7938;-256.758;-256.254;-256.684;-256.911;-256.942;-255.972;9:35:49;0.2347;;
1943;30.0207;29.7938;-256.758;-256.254;-256.692;-256.919;-256.942;-255.972;9:35:49;0.2269;;
1944;30.0246;29.8016;-256.758;-256.254;-256.684;-256.911;-256.942;-255.98;9:35:50;0.223;;
1945;30.0324;29.8016;-256.762;-256.254;-256.684;-256.919;-256.942;-255.972;9:35:50;0.2308;;
1946;30.0324;29.8016;-256.755;-256.25;-256.692;-256.903;-256.942;-255.98;9:35:51;0.2308;;
1947;30.0324;29.8016;-256.758;-256.254;-256.684;-256.911;-256.935;-255.972;9:35:51;0.2308;;
1948;30.0363;29.8016;-256.758;-256.262;-256.692;-256.911;-256.942;-255.98;9:35:52;0.2347;;
1949;30.0403;29.8016;-256.758;-256.25;-256.684;-256.919;-256.942;-255.972;9:35:52;0.2387;;
1950;30.0403;29.8094;-256.758;-256.25;-256.684;-256.911;-256.935;-255.972;9:35:53;0.2309;;
1951;30.0403;29.8172;-256.762;-256.254;-256.684;-256.911;-256.942;-255.972;9:35:53;0.2231;;
1952;30.0442;29.8172;-256.758;-256.25;-256.692;-256.919;-256.942;-255.98;9:35:54;0.227;;
1953;30.0442;29.8172;-256.758;-256.254;-256.684;-256.911;-256.935;-255.972;9:35:54;0.227;;
1954;30.0442;29.8172;-256.762;-256.25;-256.684;-256.911;-256.942;-255.98;9:35:55;0.227;;
1955;30.052;29.8172;-256.758;-256.254;-256.684;-256.919;-256.942;-255.972;9:35:55;0.2348;;
1956;30.052;29.8094;-256.755;-256.254;-256.684;-256.911;-256.942;-255.972;9:35:56;0.2426;;
1957;30.052;29.8172;-256.762;-256.254;-256.692;-256.911;-256.942;-255.98;9:35:56;0.2348;;
1958;30.052;29.8172;-256.758;-256.254;-256.684;-256.911;-256.95;-255.972;9:35:57;0.2348;;
1959;30.0442;29.8172;-256.758;-256.254;-256.684;-256.919;-256.942;-255.964;9:35:57;0.227;;
1960;30.0442;29.8251;-256.762;-256.254;-256.684;-256.911;-256.942;-255.956;9:35:58;0.2191;;
1961;30.052;29.8172;-256.758;-256.258;-256.692;-256.911;-256.942;-255.964;9:35:58;0.2348;;
1962;30.052;29.8251;-256.758;-256.254;-256.684;-256.911;-256.942;-255.956;9:35:59;0.2269;;
1963;30.052;29.8251;-256.762;-256.262;-256.676;-256.919;-256.942;-255.964;9:35:59;0.2269;;
1964;30.052;29.8172;-256.755;-256.254;-256.684;-256.911;-256.95;-255.956;9:36:00;0.2348;;
1965;30.052;29.8251;-256.758;-256.25;-256.684;-256.919;-256.935;-255.964;9:36:00;0.2269;;
1966;30.052;29.8172;-256.758;-256.254;-256.684;-256.911;-256.942;-255.956;9:36:01;0.2348;;
1967;30.0442;29.8251;-256.762;-256.254;-256.684;-256.911;-256.942;-255.956;9:36:01;0.2191;;
1968;30.0442;29.8251;-256.758;-256.25;-256.676;-256.911;-256.942;-255.956;9:36:02;0.2191;;
1969;30.0442;29.8172;-256.762;-256.25;-256.676;-256.919;-256.942;-255.964;9:36:02;0.227;;
1970;30.0442;29.8251;-256.77;-256.254;-256.684;-256.911;-256.942;-255.956;9:36:03;0.2191;;
1971;30.0442;29.8329;-256.77;-256.25;-256.684;-256.919;-256.958;-255.964;9:36:03;0.2113;;
1972;30.0403;29.8172;-256.762;-256.258;-256.684;-256.919;-256.95;-255.956;9:36:04;0.2231;;
1973;30.0442;29.8172;-256.762;-256.262;-256.684;-256.919;-256.95;-255.964;9:36:04;0.227;;
1974;30.0442;29.8172;-256.766;-256.254;-256.684;-256.919;-256.95;-255.964;9:36:05;0.227;;
1975;30.0403;29.8094;-256.758;-256.258;-256.684;-256.911;-256.942;-255.956;9:36:05;0.2309;;
1976;30.0403;29.8094;-256.755;-256.254;-256.676;-256.919;-256.942;-255.964;9:36:06;0.2309;;
1977;30.0442;29.8016;-256.751;-256.262;-256.692;-256.911;-256.942;-255.964;9:36:06;0.2426;;
1978;30.0363;29.8094;-256.758;-256.254;-256.684;-256.919;-256.95;-255.956;9:36:07;0.2269;;
1979;30.0363;29.8094;-256.758;-256.262;-256.684;-256.911;-256.942;-255.964;9:36:07;0.2269;;
1980;30.0403;29.8016;-256.755;-256.254;-256.684;-256.911;-256.942;-255.956;9:36:08;0.2387;;
1981;30.0363;29.8016;-256.755;-256.262;-256.684;-256.911;-256.942;-255.964;9:36:08;0.2347;;
1982;30.0363;29.8016;-256.755;-256.254;-256.684;-256.919;-256.935;-255.964;9:36:09;0.2347;;
1983;30.0324;29.8016;-256.755;-256.254;-256.692;-256.911;-256.95;-255.964;9:36:09;0.2308;;
1984;30.0285;29.7938;-256.758;-256.262;-256.684;-256.911;-256.935;-255.956;9:36:10;0.2347;;
1985;30.0324;29.8094;-256.755;-256.262;-256.692;-256.911;-256.942;-255.964;9:36:10;0.223;;
1986;30.0285;29.7938;-256.758;-256.254;-256.684;-256.911;-256.935;-255.956;9:36:11;0.2347;;
1987;30.0285;29.8016;-256.758;-256.262;-256.692;-256.911;-256.95;-255.964;9:36:11;0.2269;;
1988;30.0246;29.8016;-256.755;-256.254;-256.684;-256.911;-256.935;-255.964;9:36:12;0.223;;
1989;30.0168;29.8016;-256.758;-256.262;-256.676;-256.911;-256.942;-255.964;9:36:12;0.2152;;
1990;30.009;29.8016;-256.758;-256.254;-256.684;-256.911;-256.942;-255.964;9:36:13;0.2074;;
1991;30.009;29.7938;-256.755;-256.254;-256.684;-256.911;-256.942;-255.964;9:36:13;0.2152;;
1992;30.0168;29.7938;-256.758;-256.254;-256.684;-256.911;-256.942;-255.964;9:36:14;0.223;;
1993;30.0168;29.7938;-256.762;-256.254;-256.684;-256.919;-256.942;-255.964;9:36:14;0.223;;
1994;30.009;29.7938;-256.758;-256.254;-256.684;-256.911;-256.942;-255.964;9:36:15;0.2152;;
1995;30.009;29.7859;-256.758;-256.254;-256.676;-256.911;-256.942;-255.964;9:36:15;0.2231;;
1996;30.0011;29.7859;-256.758;-256.25;-256.692;-256.903;-256.942;-255.964;9:36:16;0.2152;;
1997;30.009;29.7781;-256.758;-256.25;-256.684;-256.911;-256.95;-255.972;9:36:16;0.2309;;
1998;30.0011;29.7781;-256.762;-256.254;-256.684;-256.903;-256.958;-255.956;9:36:17;0.223;;
1999;29.9933;29.7781;-256.758;-256.246;-256.676;-256.903;-256.942;-255.972;9:36:17;0.2152;;
2000;29.9933;29.7703;-256.762;-256.25;-256.684;-256.903;-256.942;-255.964;9:36:18;0.223;;
2001;30.0011;29.7781;-256.755;-256.25;-256.684;-256.911;-256.942;-255.964;9:36:18;0.223;;
2002;29.9855;29.7625;-256.758;-256.254;-256.684;-256.911;-256.942;-255.964;9:36:19;0.223;;
2003;29.9933;29.7625;-256.758;-256.25;-256.684;-256.903;-256.942;-255.964;9:36:19;0.2308;;
2004;29.9855;29.7625;-256.758;-256.25;-256.684;-256.903;-256.935;-255.972;9:36:20;0.223;;
2005;29.9855;29.7546;-256.758;-256.254;-256.684;-256.911;-256.942;-255.956;9:36:20;0.2309;;
2006;29.9855;29.7625;-256.758;-256.25;-256.684;-256.911;-256.942;-255.964;9:36:21;0.223;;
2007;29.9855;29.7546;-256.755;-256.25;-256.684;-256.911;-256.942;-255.964;9:36:21;0.2309;;
2008;29.9933;29.7625;-256.758;-256.25;-256.684;-256.911;-256.942;-255.972;9:36:22;0.2308;;
2009;29.9855;29.7625;-256.755;-256.25;-256.692;-256.911;-256.95;-255.964;9:36:22;0.223;;
2010;29.9855;29.7625;-256.758;-256.25;-256.684;-256.911;-256.942;-255.964;9:36:23;0.223;;
2011;29.9777;29.7546;-256.755;-256.25;-256.684;-256.911;-256.95;-255.972;9:36:23;0.2231;;
2012;29.9855;29.7625;-256.758;-256.25;-256.684;-256.919;-256.935;-255.964;9:36:24;0.223;;
2013;29.9855;29.7546;-256.755;-256.25;-256.684;-256.919;-256.942;-255.972;9:36:24;0.2309;;
2014;29.9855;29.7625;-256.758;-256.254;-256.684;-256.911;-256.942;-255.964;9:36:25;0.223;;
2015;29.9855;29.7468;-256.758;-256.25;-256.692;-256.911;-256.95;-255.972;9:36:25;0.2387;;
2016;29.9855;29.7546;-256.755;-256.254;-256.684;-256.919;-256.942;-255.964;9:36:26;0.2309;;
2017;29.9855;29.739;-256.758;-256.254;-256.684;-256.911;-256.942;-255.972;9:36:26;0.2465;;
2018;29.9933;29.7468;-256.755;-256.25;-256.684;-256.919;-256.942;-255.964;9:36:27;0.2465;;
2019;29.9855;29.7546;-256.755;-256.254;-256.692;-256.919;-256.95;-255.964;9:36:27;0.2309;;
2020;29.9855;29.7546;-256.762;-256.25;-256.676;-256.911;-256.942;-255.956;9:36:28;0.2309;;
2021;29.9933;29.7468;-256.758;-256.254;-256.684;-256.919;-256.95;-255.964;9:36:28;0.2465;;
2022;29.9933;29.7546;-256.758;-256.25;-256.684;-256.911;-256.942;-255.964;9:36:29;0.2387;;
2023;30.0011;29.7546;-256.762;-256.254;-256.676;-256.919;-256.935;-255.964;9:36:29;0.2465;;
2024;29.9933;29.7468;-256.762;-256.25;-256.684;-256.919;-256.942;-255.964;9:36:30;0.2465;;
2025;30.0011;29.7468;-256.758;-256.25;-256.684;-256.919;-256.935;-255.956;9:36:30;0.2543;;
2026;30.0011;29.7546;-256.762;-256.25;-256.676;-256.919;-256.942;-255.972;9:36:31;0.2465;;
2027;30.0011;29.7546;-256.758;-256.254;-256.684;-256.911;-256.95;-255.964;9:36:31;0.2465;;
2028;30.0011;29.7468;-256.762;-256.25;-256.684;-256.919;-256.95;-255.964;9:36:32;0.2543;;
2029;30.009;29.7546;-256.755;-256.25;-256.684;-256.919;-256.935;-255.964;9:36:32;0.2544;;
2030;30.0011;29.7468;-256.755;-256.254;-256.676;-256.919;-256.95;-255.956;9:36:33;0.2543;;
2031;30.009;29.7546;-256.755;-256.254;-256.684;-256.911;-256.95;-255.964;9:36:33;0.2544;;
2032;30.0168;29.7468;-256.751;-256.254;-256.676;-256.919;-256.95;-255.972;9:36:34;0.27;;
2033;30.0168;29.7546;-256.755;-256.25;-256.684;-256.919;-256.935;-255.964;9:36:34;0.2622;;
2034;30.0011;29.7546;-256.755;-256.25;-256.676;-256.911;-256.942;-255.972;9:36:35;0.2465;;
2035;30.009;29.7546;-256.755;-256.25;-256.684;-256.919;-256.942;-255.972;9:36:35;0.2544;;
2036;30.0168;29.7625;-256.751;-256.25;-256.676;-256.911;-256.935;-255.964;9:36:36;0.2543;;
2037;30.0168;29.7625;-256.758;-256.25;-256.684;-256.919;-256.942;-255.972;9:36:36;0.2543;;
2038;30.0168;29.7625;-256.755;-256.254;-256.684;-256.911;-256.95;-255.964;9:36:37;0.2543;;
2039;30.0246;29.7625;-256.751;-256.25;-256.676;-256.911;-256.942;-255.956;9:36:37;0.2621;;
2040;30.0168;29.7703;-256.751;-256.254;-256.684;-256.919;-256.935;-255.972;9:36:38;0.2465;;
2041;30.0285;29.7703;-256.758;-256.25;-256.684;-256.911;-256.935;-255.956;9:36:38;0.2582;;
2042;30.0168;29.7625;-256.762;-256.25;-256.684;-256.919;-256.935;-255.964;9:36:39;0.2543;;
2043;30.0246;29.7703;-256.758;-256.254;-256.684;-256.919;-256.935;-255.964;9:36:39;0.2543;;
2044;30.0246;29.7625;-256.762;-256.254;-256.676;-256.911;-256.935;-255.964;9:36:40;0.2621;;
2045;30.0285;29.7703;-256.758;-256.254;-256.684;-256.919;-256.935;-255.956;9:36:40;0.2582;;
2046;30.0285;29.7781;-256.762;-256.254;-256.684;-256.911;-256.942;-255.972;9:36:41;0.2504;;
2047;30.0285;29.7781;-256.762;-256.254;-256.684;-256.919;-256.935;-255.964;9:36:41;0.2504;;
2048;30.0285;29.7859;-256.758;-256.254;-256.684;-256.911;-256.935;-255.956;9:36:42;0.2426;;
2049;30.0324;29.7859;-256.758;-256.262;-256.684;-256.911;-256.935;-255.964;9:36:42;0.2465;;
2050;30.0285;29.7859;-256.751;-256.254;-256.692;-256.919;-256.935;-255.964;9:36:43;0.2426;;
2051;30.0324;29.7859;-256.755;-256.258;-256.684;-256.919;-256.942;-255.964;9:36:43;0.2465;;
2052;30.0324;29.8016;-256.755;-256.254;-256.684;-256.911;-256.95;-255.964;9:36:44;0.2308;;
2053;30.0363;29.7938;-256.755;-256.254;-256.684;-256.911;-256.942;-255.964;9:36:44;0.2425;;
2054;30.0363;29.7938;-256.758;-256.254;-256.684;-256.911;-256.95;-255.964;9:36:45;0.2425;;
2055;30.0324;29.8016;-256.755;-256.254;-256.684;-256.919;-256.958;-255.964;9:36:45;0.2308;;
2056;30.0363;29.7938;-256.755;-256.254;-256.684;-256.903;-256.942;-255.964;9:36:46;0.2425;;
2057;30.0324;29.7938;-256.758;-256.254;-256.684;-256.911;-256.95;-255.956;9:36:46;0.2386;;
2058;30.0363;29.8016;-256.758;-256.254;-256.676;-256.919;-256.95;-255.964;9:36:47;0.2347;;
2059;30.0363;29.8016;-256.758;-256.25;-256.692;-256.911;-256.942;-255.964;9:36:47;0.2347;;
2060;30.0403;29.8016;-256.755;-256.254;-256.676;-256.911;-256.95;-255.956;9:36:48;0.2387;;
2061;30.0403;29.8016;-256.758;-256.262;-256.684;-256.911;-256.942;-255.964;9:36:48;0.2387;;
2062;30.0442;29.8094;-256.755;-256.254;-256.692;-256.911;-256.95;-255.964;9:36:49;0.2348;;
2063;30.0442;29.8094;-256.758;-256.25;-256.692;-256.919;-256.942;-255.964;9:36:49;0.2348;;
2064;30.052;29.8094;-256.755;-256.254;-256.676;-256.919;-256.942;-255.956;9:36:50;0.2426;;
2065;30.052;29.8094;-256.755;-256.254;-256.684;-256.911;-256.942;-255.956;9:36:50;0.2426;;
2066;30.052;29.8172;-256.758;-256.254;-256.684;-256.919;-256.942;-255.964;9:36:51;0.2348;;
2067;30.0442;29.8172;-256.758;-256.258;-256.684;-256.919;-256.942;-255.956;9:36:51;0.227;;
2068;30.052;29.8172;-256.758;-256.25;-256.676;-256.911;-256.942;-255.956;9:36:52;0.2348;;
2069;30.0598;29.8172;-256.758;-256.25;-256.692;-256.911;-256.942;-255.956;9:36:52;0.2426;;
2070;30.052;29.8172;-256.755;-256.25;-256.684;-256.919;-256.942;-255.956;9:36:53;0.2348;;
2071;30.0598;29.8172;-256.762;-256.254;-256.684;-256.911;-256.935;-255.956;9:36:53;0.2426;;
2072;30.0598;29.8172;-256.755;-256.25;-256.684;-256.911;-256.942;-255.956;9:36:54;0.2426;;
2073;30.0598;29.8094;-256.758;-256.254;-256.692;-256.903;-256.935;-255.964;9:36:54;0.2504;;
2074;30.0598;29.8172;-256.758;-256.254;-256.684;-256.911;-256.942;-255.956;9:36:55;0.2426;;
2075;30.0598;29.8172;-256.758;-256.25;-256.692;-256.911;-256.935;-255.972;9:36:55;0.2426;;
2076;30.052;29.8094;-256.758;-256.25;-256.684;-256.919;-256.942;-255.956;9:36:56;0.2426;;
2077;30.052;29.8172;-256.762;-256.25;-256.692;-256.903;-256.935;-255.964;9:36:56;0.2348;;
2078;30.0598;29.8094;-256.758;-256.25;-256.684;-256.919;-256.942;-255.964;9:36:57;0.2504;;
2079;30.052;29.8094;-256.762;-256.254;-256.684;-256.911;-256.942;-255.964;9:36:57;0.2426;;
2080;30.0598;29.8172;-256.758;-256.254;-256.684;-256.919;-256.942;-255.956;9:36:58;0.2426;;
2081;30.052;29.8016;-256.758;-256.254;-256.684;-256.911;-256.935;-255.964;9:36:58;0.2504;;
2082;30.0442;29.8094;-256.762;-256.262;-256.692;-256.911;-256.942;-255.956;9:36:59;0.2348;;
2083;30.0363;29.8094;-256.762;-256.254;-256.684;-256.911;-256.95;-255.964;9:36:59;0.2269;;
2084;30.0403;29.8094;-256.758;-256.262;-256.684;-256.911;-256.942;-255.956;9:37:00;0.2309;;
2085;30.0442;29.8094;-256.762;-256.254;-256.692;-256.919;-256.927;-255.956;9:37:00;0.2348;;
2086;30.0363;29.8094;-256.758;-256.254;-256.684;-256.911;-256.942;-255.956;9:37:01;0.2269;;
2087;30.0403;29.8094;-256.758;-256.254;-256.684;-256.919;-256.942;-255.956;9:37:01;0.2309;;
2088;30.0403;29.8094;-256.755;-256.25;-256.684;-256.911;-256.935;-255.956;9:37:02;0.2309;;
2089;30.0324;29.8016;-256.758;-256.246;-256.692;-256.919;-256.942;-255.956;9:37:02;0.2308;;
2090;30.0363;29.8016;-256.758;-256.254;-256.684;-256.911;-256.935;-255.964;9:37:03;0.2347;;
2091;30.0324;29.8016;-256.755;-256.254;-256.692;-256.919;-256.942;-255.964;9:37:03;0.2308;;
2092;30.0363;29.8016;-256.758;-256.254;-256.692;-256.919;-256.942;-255.956;9:37:04;0.2347;;
2093;30.0324;29.7938;-256.755;-256.262;-256.692;-256.919;-256.942;-255.964;9:37:04;0.2386;;
2094;30.0324;29.7938;-256.755;-256.254;-256.692;-256.911;-256.942;-255.964;9:37:05;0.2386;;
2095;30.0324;29.7938;-256.758;-256.254;-256.692;-256.919;-256.942;-255.956;9:37:05;0.2386;;
2096;30.0285;29.7859;-256.755;-256.254;-256.684;-256.919;-256.935;-255.964;9:37:06;0.2426;;
2097;30.0285;29.7938;-256.755;-256.254;-256.684;-256.903;-256.942;-255.964;9:37:06;0.2347;;
2098;30.0246;29.7859;-256.755;-256.262;-256.692;-256.911;-256.942;-255.956;9:37:07;0.2387;;
2099;30.0246;29.7859;-256.755;-256.254;-256.684;-256.903;-256.935;-255.956;9:37:07;0.2387;;
2100;30.0168;29.7859;-256.755;-256.254;-256.684;-256.911;-256.942;-255.956;9:37:08;0.2309;;
2101;30.0246;29.7859;-256.751;-256.254;-256.684;-256.911;-256.935;-255.964;9:37:08;0.2387;;
2102;30.0168;29.7781;-256.751;-256.262;-256.692;-256.903;-256.942;-255.964;9:37:09;0.2387;;
2103;30.0246;29.7781;-256.758;-256.254;-256.684;-256.911;-256.942;-255.964;9:37:09;0.2465;;
2104;30.009;29.7781;-256.755;-256.254;-256.692;-256.911;-256.942;-255.964;9:37:10;0.2309;;
2105;30.0168;29.7781;-256.758;-256.262;-256.684;-256.911;-256.935;-255.964;9:37:10;0.2387;;
2106;30.009;29.7781;-256.755;-256.262;-256.692;-256.911;-256.942;-255.964;9:37:11;0.2309;;
2107;30.0011;29.7703;-256.755;-256.254;-256.684;-256.911;-256.942;-255.964;9:37:11;0.2308;;
2108;30.0011;29.7625;-256.751;-256.254;-256.692;-256.911;-256.942;-255.964;9:37:12;0.2386;;
2109;30.0011;29.7703;-256.755;-256.254;-256.692;-256.911;-256.942;-255.964;9:37:12;0.2308;;
2110;29.9933;29.7625;-256.758;-256.254;-256.684;-256.911;-256.958;-255.956;9:37:13;0.2308;;
2111;29.9933;29.7703;-256.755;-256.254;-256.684;-256.919;-256.95;-255.956;9:37:13;0.223;;
2112;29.9855;29.7546;-256.755;-256.254;-256.684;-256.911;-256.95;-255.964;9:37:14;0.2309;;
2113;29.9855;29.7625;-256.755;-256.254;-256.684;-256.911;-256.942;-255.964;9:37:14;0.223;;
2114;29.9777;29.7625;-256.755;-256.254;-256.684;-256.911;-256.942;-255.964;9:37:15;0.2152;;
2115;29.9777;29.7546;-256.758;-256.254;-256.692;-256.911;-256.942;-255.964;9:37:15;0.2231;;
2116;29.9855;29.7546;-256.755;-256.25;-256.684;-256.911;-256.942;-255.964;9:37:16;0.2309;;
2117;29.9777;29.7546;-256.755;-256.254;-256.692;-256.911;-256.95;-255.964;9:37:16;0.2231;;
2118;29.9777;29.7468;-256.755;-256.254;-256.684;-256.919;-256.95;-255.964;9:37:17;0.2309;;
2119;29.9698;29.7468;-256.755;-256.254;-256.684;-256.911;-256.927;-255.964;9:37:17;0.223;;
2120;29.9777;29.7546;-256.755;-256.254;-256.692;-256.919;-256.927;-255.964;9:37:18;0.2231;;
2121;29.9777;29.7468;-256.758;-256.258;-256.684;-256.911;-256.927;-255.964;9:37:18;0.2309;;
2122;29.9777;29.7546;-256.755;-256.254;-256.684;-256.919;-256.935;-255.964;9:37:19;0.2231;;
2123;29.9855;29.7468;-256.758;-256.254;-256.692;-256.911;-256.935;-255.972;9:37:19;0.2387;;
2124;29.9777;29.7468;-256.755;-256.254;-256.684;-256.919;-256.942;-255.964;9:37:20;0.2309;;
2125;29.9855;29.7468;-256.755;-256.262;-256.684;-256.911;-256.935;-255.964;9:37:20;0.2387;;
2126;29.9855;29.7468;-256.758;-256.254;-256.684;-256.919;-256.935;-255.964;9:37:21;0.2387;;
2127;29.9777;29.739;-256.758;-256.262;-256.692;-256.911;-256.942;-255.964;9:37:21;0.2387;;
2128;29.9777;29.7468;-256.755;-256.254;-256.692;-256.919;-256.942;-255.964;9:37:22;0.2309;;
2129;29.9855;29.7468;-256.755;-256.262;-256.692;-256.919;-256.935;-255.972;9:37:22;0.2387;;
2130;29.9777;29.7468;-256.755;-256.254;-256.692;-256.911;-256.942;-255.956;9:37:23;0.2309;;
2131;29.9777;29.7468;-256.758;-256.254;-256.692;-256.919;-256.942;-255.964;9:37:23;0.2309;;
2132;29.9777;29.7468;-256.758;-256.254;-256.684;-256.911;-256.942;-255.964;9:37:24;0.2309;;
2133;29.9698;29.739;-256.755;-256.254;-256.692;-256.911;-256.935;-255.964;9:37:24;0.2308;;
2134;29.9777;29.739;-256.751;-256.254;-256.684;-256.911;-256.935;-255.964;9:37:25;0.2387;;
2135;29.9777;29.7468;-256.755;-256.254;-256.7;-256.911;-256.942;-255.964;9:37:25;0.2309;;
2136;29.9855;29.739;-256.755;-256.254;-256.684;-256.911;-256.942;-255.956;9:37:26;0.2465;;
2137;29.9777;29.7468;-256.758;-256.254;-256.692;-256.903;-256.935;-255.964;9:37:26;0.2309;;
2138;29.9855;29.7468;-256.751;-256.254;-256.684;-256.919;-256.942;-255.956;9:37:27;0.2387;;
2139;29.9933;29.7468;-256.755;-256.254;-256.692;-256.911;-256.935;-255.964;9:37:27;0.2465;;
2140;29.9933;29.739;-256.755;-256.254;-256.692;-256.911;-256.927;-255.956;9:37:28;0.2543;;
2141;30.0011;29.7468;-256.755;-256.258;-256.692;-256.911;-256.935;-255.964;9:37:28;0.2543;;
2142;29.9933;29.739;-256.762;-256.254;-256.684;-256.911;-256.942;-255.964;9:37:29;0.2543;;
2143;30.0011;29.7468;-256.755;-256.25;-256.692;-256.911;-256.942;-255.964;9:37:29;0.2543;;
2144;30.0011;29.739;-256.758;-256.254;-256.684;-256.911;-256.942;-255.964;9:37:30;0.2621;;
2145;29.9933;29.7468;-256.758;-256.254;-256.692;-256.919;-256.95;-255.964;9:37:30;0.2465;;
2146;30.009;29.7468;-256.751;-256.254;-256.692;-256.911;-256.942;-255.964;9:37:31;0.2622;;
2147;30.009;29.7546;-256.751;-256.254;-256.684;-256.911;-256.95;-255.972;9:37:31;0.2544;;
2148;30.009;29.7546;-256.751;-256.254;-256.692;-256.919;-256.935;-255.964;9:37:32;0.2544;;
2149;30.009;29.7468;-256.751;-256.262;-256.692;-256.911;-256.942;-255.964;9:37:32;0.2622;;
2150;30.0168;29.7546;-256.751;-256.254;-256.692;-256.911;-256.95;-255.964;9:37:33;0.2622;;
2151;30.0246;29.7546;-256.755;-256.262;-256.684;-256.911;-256.942;-255.964;9:37:33;0.27;;
2152;30.0168;29.7625;-256.751;-256.254;-256.692;-256.919;-256.958;-255.972;9:37:34;0.2543;;
2153;30.0168;29.7625;-256.755;-256.254;-256.684;-256.911;-256.95;-255.964;9:37:34;0.2543;;
2154;30.0246;29.7625;-256.751;-256.262;-256.692;-256.903;-256.942;-255.964;9:37:35;0.2621;;
2155;30.0285;29.7546;-256.755;-256.254;-256.684;-256.911;-256.95;-255.964;9:37:35;0.2739;;
2156;30.0246;29.7703;-256.758;-256.254;-256.692;-256.903;-256.95;-255.964;9:37:36;0.2543;;
2157;30.0285;29.7625;-256.755;-256.262;-256.692;-256.911;-256.942;-255.972;9:37:36;0.266;;
2158;30.0285;29.7703;-256.758;-256.25;-256.684;-256.911;-256.95;-255.964;9:37:37;0.2582;;
2159;30.0285;29.7625;-256.755;-256.254;-256.692;-256.911;-256.942;-255.964;9:37:37;0.266;;
2160;30.0363;29.7703;-256.755;-256.262;-256.692;-256.919;-256.942;-255.964;9:37:38;0.266;;
2161;30.0363;29.7781;-256.755;-256.254;-256.684;-256.911;-256.95;-255.964;9:37:38;0.2582;;
2162;30.0324;29.7781;-256.755;-256.262;-256.684;-256.919;-256.942;-255.972;9:37:39;0.2543;;
2163;30.0363;29.7781;-256.755;-256.254;-256.684;-256.919;-256.95;-255.964;9:37:39;0.2582;;
2164;30.0403;29.7859;-256.758;-256.254;-256.676;-256.911;-256.935;-255.964;9:37:40;0.2544;;
2165;30.0403;29.7938;-256.755;-256.254;-256.684;-256.911;-256.942;-255.964;9:37:40;0.2465;;
2166;30.0403;29.7859;-256.755;-256.258;-256.684;-256.919;-256.95;-255.972;9:37:41;0.2544;;
2167;30.0403;29.7859;-256.755;-256.258;-256.684;-256.919;-256.942;-255.964;9:37:41;0.2544;;
2168;30.0403;29.7938;-256.755;-256.254;-256.684;-256.911;-256.942;-255.972;9:37:42;0.2465;;
2169;30.0403;29.7938;-256.755;-256.262;-256.684;-256.919;-256.935;-255.964;9:37:42;0.2465;;
2170;30.0403;29.8016;-256.758;-256.254;-256.684;-256.911;-256.942;-255.972;9:37:43;0.2387;;
2171;30.0403;29.8016;-256.755;-256.254;-256.684;-256.911;-256.942;-255.964;9:37:43;0.2387;;
2172;30.052;29.8094;-256.762;-256.254;-256.684;-256.911;-256.942;-255.972;9:37:44;0.2426;;
2173;30.0442;29.8094;-256.755;-256.25;-256.684;-256.919;-256.942;-255.964;9:37:44;0.2348;;
2174;30.0598;29.8094;-256.762;-256.254;-256.692;-256.911;-256.942;-255.964;9:37:45;0.2504;;
2175;30.052;29.8016;-256.758;-256.254;-256.684;-256.919;-256.942;-255.972;9:37:45;0.2504;;
2176;30.052;29.8172;-256.762;-256.254;-256.684;-256.919;-256.942;-255.972;9:37:46;0.2348;;
2177;30.0598;29.8016;-256.758;-256.25;-256.692;-256.911;-256.942;-255.972;9:37:46;0.2582;;
2178;30.052;29.8094;-256.762;-256.254;-256.684;-256.919;-256.95;-255.956;9:37:47;0.2426;;
2179;30.0598;29.8016;-256.762;-256.254;-256.684;-256.911;-256.95;-255.972;9:37:47;0.2582;;
2180;30.0598;29.8016;-256.758;-256.25;-256.676;-256.919;-256.95;-255.972;9:37:48;0.2582;;
2181;30.052;29.8094;-256.762;-256.25;-256.684;-256.911;-256.942;-255.964;9:37:48;0.2426;;
2182;30.0442;29.8016;-256.762;-256.254;-256.684;-256.911;-256.95;-255.972;9:37:49;0.2426;;
2183;30.0403;29.8094;-256.758;-256.25;-256.684;-256.911;-256.95;-255.972;9:37:49;0.2309;;
2184;30.0403;29.8094;-256.758;-256.25;-256.684;-256.911;-256.942;-255.964;9:37:50;0.2309;;
2185;30.0403;29.8016;-256.758;-256.25;-256.684;-256.911;-256.95;-255.972;9:37:50;0.2387;;
2186;30.0403;29.8016;-256.762;-256.25;-256.684;-256.911;-256.95;-255.964;9:37:51;0.2387;;
2187;30.0363;29.7938;-256.762;-256.254;-256.684;-256.919;-256.95;-255.964;9:37:51;0.2425;;
2188;30.0363;29.7938;-256.762;-256.254;-256.684;-256.911;-256.958;-255.964;9:37:52;0.2425;;
2189;30.0363;29.7859;-256.758;-256.25;-256.684;-256.919;-256.95;-255.964;9:37:52;0.2504;;
2190;30.0363;29.7938;-256.762;-256.254;-256.684;-256.919;-256.95;-255.964;9:37:53;0.2425;;
2191;30.0363;29.7859;-256.758;-256.254;-256.692;-256.911;-256.95;-255.964;9:37:53;0.2504;;
2192;30.0285;29.7781;-256.755;-256.25;-256.684;-256.919;-256.95;-255.972;9:37:54;0.2504;;
2193;30.0363;29.7859;-256.758;-256.254;-256.684;-256.919;-256.942;-255.956;9:37:54;0.2504;;
2194;30.0285;29.7781;-256.755;-256.25;-256.684;-256.911;-256.942;-255.964;9:37:55;0.2504;;
2195;30.0324;29.7781;-256.758;-256.254;-256.692;-256.919;-256.942;-255.964;9:37:55;0.2543;;
2196;30.0324;29.7859;-256.758;-256.25;-256.684;-256.911;-256.942;-255.964;9:37:56;0.2465;;
2197;30.0285;29.7781;-256.758;-256.254;-256.684;-256.911;-256.95;-255.964;9:37:56;0.2504;;
2198;30.0285;29.7781;-256.755;-256.25;-256.684;-256.919;-256.942;-255.964;9:37:57;0.2504;;
2199;30.0285;29.7859;-256.758;-256.25;-256.684;-256.911;-256.942;-255.964;9:37:57;0.2426;;
2200;30.0246;29.7781;-256.758;-256.254;-256.684;-256.919;-256.942;-255.972;9:37:58;0.2465;;
2201;30.0246;29.7703;-256.755;-256.25;-256.692;-256.911;-256.935;-255.964;9:37:58;0.2543;;
2202;30.0246;29.7781;-256.751;-256.254;-256.684;-256.919;-256.942;-255.964;9:37:59;0.2465;;
2203;30.0246;29.7703;-256.755;-256.254;-256.684;-256.911;-256.942;-255.972;9:37:59;0.2543;;
2204;30.0168;29.7781;-256.755;-256.254;-256.684;-256.919;-256.942;-255.964;9:38:00;0.2387;;
2205;30.009;29.7703;-256.755;-256.25;-256.684;-256.911;-256.95;-255.964;9:38:00;0.2387;;
2206;30.0168;29.7703;-256.751;-256.25;-256.676;-256.911;-256.95;-255.972;9:38:01;0.2465;;
2207;30.0168;29.7781;-256.755;-256.254;-256.684;-256.911;-256.942;-255.964;9:38:01;0.2387;;
2208;30.0168;29.7781;-256.758;-256.254;-256.684;-256.911;-256.942;-255.972;9:38:02;0.2387;;
2209;30.009;29.7625;-256.758;-256.254;-256.684;-256.919;-256.95;-255.964;9:38:02;0.2465;;
2210;30.0011;29.7703;-256.755;-256.254;-256.692;-256.911;-256.942;-255.964;9:38:03;0.2308;;
2211;30.009;29.7703;-256.758;-256.254;-256.684;-256.911;-256.942;-255.964;9:38:03;0.2387;;
2212;30.0011;29.7546;-256.762;-256.254;-256.684;-256.919;-256.95;-255.972;9:38:04;0.2465;;
2213;29.9933;29.7546;-256.758;-256.254;-256.684;-256.911;-256.942;-255.964;9:38:04;0.2387;;
2214;29.9933;29.7546;-256.762;-256.254;-256.684;-256.911;-256.942;-255.972;9:38:05;0.2387;;
2215;29.9933;29.7468;-256.758;-256.254;-256.692;-256.911;-256.95;-255.972;9:38:05;0.2465;;
2216;29.9933;29.7546;-256.762;-256.254;-256.676;-256.911;-256.942;-255.964;9:38:06;0.2387;;
2217;29.9933;29.7546;-256.758;-256.25;-256.692;-256.911;-256.942;-255.964;9:38:06;0.2387;;
2218;29.9933;29.7546;-256.762;-256.254;-256.684;-256.911;-256.942;-255.972;9:38:07;0.2387;;
2219;29.9855;29.7468;-256.755;-256.25;-256.684;-256.911;-256.95;-255.964;9:38:07;0.2387;;
2220;29.9933;29.7468;-256.755;-256.25;-256.7;-256.903;-256.95;-255.972;9:38:08;0.2465;;
2221;29.9933;29.7546;-256.758;-256.254;-256.684;-256.911;-256.942;-255.964;9:38:08;0.2387;;
2222;29.9933;29.7625;-256.758;-256.254;-256.684;-256.895;-256.95;-255.972;9:38:09;0.2308;;
2223;29.9855;29.7546;-256.758;-256.25;-256.684;-256.911;-256.942;-255.964;9:38:09;0.2309;;
2224;29.9933;29.7546;-256.755;-256.254;-256.684;-256.903;-256.942;-255.964;9:38:10;0.2387;;
2225;29.9933;29.7546;-256.755;-256.25;-256.692;-256.911;-256.95;-255.972;9:38:10;0.2387;;
2226;29.9855;29.7468;-256.755;-256.254;-256.684;-256.903;-256.942;-255.964;9:38:11;0.2387;;
2227;29.9933;29.7546;-256.755;-256.254;-256.692;-256.903;-256.95;-255.964;9:38:11;0.2387;;
2228;29.9933;29.7546;-256.755;-256.254;-256.684;-256.903;-256.942;-255.964;9:38:12;0.2387;;
2229;29.9933;29.7546;-256.755;-256.262;-256.684;-256.903;-256.95;-255.964;9:38:12;0.2387;;
2230;29.9933;29.7546;-256.758;-256.254;-256.684;-256.895;-256.942;-255.964;9:38:13;0.2387;;
2231;29.9855;29.7546;-256.755;-256.254;-256.684;-256.903;-256.942;-255.964;9:38:13;0.2309;;
2232;29.9933;29.7546;-256.758;-256.254;-256.676;-256.895;-256.95;-255.964;9:38:14;0.2387;;
2233;29.9933;29.7625;-256.758;-256.254;-256.692;-256.903;-256.95;-255.956;9:38:14;0.2308;;
2234;29.9933;29.7546;-256.758;-256.258;-256.684;-256.903;-256.95;-255.972;9:38:15;0.2387;;
2235;29.9933;29.7625;-256.758;-256.254;-256.684;-256.903;-256.95;-255.964;9:38:15;0.2308;;
2236;29.9933;29.7625;-256.762;-256.254;-256.684;-256.903;-256.95;-255.964;9:38:16;0.2308;;
2237;29.9933;29.7546;-256.755;-256.25;-256.684;-256.895;-256.95;-255.964;9:38:16;0.2387;;
2238;29.9933;29.7625;-256.758;-256.258;-256.684;-256.903;-256.95;-255.964;9:38:17;0.2308;;
2239;29.9933;29.7703;-256.755;-256.262;-256.684;-256.888;-256.942;-255.956;9:38:17;0.223;;
2240;29.9933;29.7625;-256.762;-256.254;-256.684;-256.903;-256.942;-255.972;9:38:18;0.2308;;
2241;30.0011;29.7703;-256.758;-256.262;-256.684;-256.903;-256.942;-255.964;9:38:18;0.2308;;
2242;30.0011;29.7625;-256.762;-256.254;-256.684;-256.903;-256.942;-255.956;9:38:19;0.2386;;
2243;30.0011;29.7625;-256.758;-256.262;-256.684;-256.911;-256.95;-255.964;9:38:19;0.2386;;
2244;30.0011;29.7703;-256.758;-256.262;-256.684;-256.903;-256.958;-255.964;9:38:20;0.2308;;
2245;30.0011;29.7703;-256.762;-256.254;-256.692;-256.903;-256.942;-255.956;9:38:20;0.2308;;
2246;30.0011;29.7703;-256.758;-256.262;-256.684;-256.903;-256.942;-255.964;9:38:21;0.2308;;
2247;30.009;29.7703;-256.762;-256.25;-256.692;-256.903;-256.942;-255.964;9:38:21;0.2387;;
2248;30.009;29.7781;-256.758;-256.254;-256.676;-256.895;-256.95;-255.956;9:38:22;0.2309;;
2249;30.0168;29.7781;-256.762;-256.254;-256.692;-256.903;-256.942;-255.964;9:38:22;0.2387;;
2250;30.0246;29.7781;-256.762;-256.254;-256.684;-256.903;-256.942;-255.964;9:38:23;0.2465;;
2251;30.0246;29.7781;-256.758;-256.25;-256.684;-256.903;-256.95;-255.964;9:38:23;0.2465;;
2252;30.0246;29.7781;-256.758;-256.254;-256.684;-256.911;-256.942;-255.956;9:38:24;0.2465;;
2253;30.0246;29.7859;-256.762;-256.254;-256.684;-256.903;-256.942;-255.972;9:38:24;0.2387;;
2254;30.0168;29.7781;-256.758;-256.25;-256.692;-256.911;-256.935;-255.964;9:38:25;0.2387;;
2255;30.0246;29.7859;-256.758;-256.254;-256.684;-256.903;-256.95;-255.956;9:38:25;0.2387;;
2256;30.0285;29.7859;-256.758;-256.25;-256.684;-256.911;-256.95;-255.964;9:38:26;0.2426;;
2257;30.0246;29.7859;-256.758;-256.25;-256.692;-256.903;-256.942;-255.964;9:38:26;0.2387;;
2258;30.0285;29.7859;-256.755;-256.254;-256.684;-256.911;-256.942;-255.964;9:38:27;0.2426;;
2259;30.0285;29.7859;-256.758;-256.25;-256.684;-256.903;-256.95;-255.964;9:38:27;0.2426;;
2260;30.0324;29.7938;-256.758;-256.254;-256.692;-256.911;-256.942;-255.964;9:38:28;0.2386;;
2261;30.0324;29.7859;-256.758;-256.254;-256.684;-256.903;-256.942;-255.964;9:38:28;0.2465;;
2262;30.0324;29.8016;-256.758;-256.254;-256.684;-256.903;-256.942;-255.956;9:38:29;0.2308;;
2263;30.0363;29.7938;-256.755;-256.25;-256.684;-256.895;-256.942;-255.949;9:38:29;0.2425;;
2264;30.0363;29.7938;-256.751;-256.254;-256.684;-256.911;-256.935;-255.956;9:38:30;0.2425;;
2265;30.0324;29.8016;-256.755;-256.254;-256.684;-256.903;-256.942;-255.956;9:38:30;0.2308;;
2266;30.0403;29.7938;-256.751;-256.25;-256.676;-256.911;-256.942;-255.956;9:38:31;0.2465;;
2267;30.0442;29.8016;-256.755;-256.25;-256.692;-256.903;-256.942;-255.964;9:38:31;0.2426;;
2268;30.0442;29.8016;-256.751;-256.25;-256.676;-256.903;-256.942;-255.964;9:38:32;0.2426;;
2269;30.0442;29.8016;-256.755;-256.25;-256.684;-256.903;-256.95;-255.956;9:38:32;0.2426;;
2270;30.052;29.8094;-256.751;-256.254;-256.684;-256.895;-256.942;-255.964;9:38:33;0.2426;;
2271;30.052;29.8094;-256.755;-256.25;-256.684;-256.903;-256.95;-255.964;9:38:33;0.2426;;
2272;30.052;29.8016;-256.755;-256.25;-256.692;-256.895;-256.95;-255.972;9:38:34;0.2504;;
2273;30.0442;29.8016;-256.755;-256.258;-256.684;-256.903;-256.95;-255.964;9:38:34;0.2426;;
2274;30.0442;29.8172;-256.755;-256.254;-256.692;-256.903;-256.95;-255.964;9:38:35;0.227;;
2275;30.0442;29.8094;-256.755;-256.258;-256.692;-256.903;-256.935;-255.972;9:38:35;0.2348;;
2276;30.0442;29.8094;-256.751;-256.254;-256.692;-256.903;-256.95;-255.964;9:38:36;0.2348;;
2277;30.052;29.8172;-256.755;-256.254;-256.692;-256.911;-256.942;-255.964;9:38:36;0.2348;;
2278;30.052;29.8016;-256.751;-256.262;-256.692;-256.903;-256.942;-255.972;9:38:37;0.2504;;
2279;30.052;29.8094;-256.755;-256.262;-256.684;-256.911;-256.942;-255.964;9:38:37;0.2426;;
2280;30.0442;29.8094;-256.755;-256.254;-256.692;-256.903;-256.942;-255.964;9:38:38;0.2348;;
2281;30.052;29.8094;-256.751;-256.262;-256.684;-256.911;-256.942;-255.964;9:38:38;0.2426;;
2282;30.0442;29.8016;-256.751;-256.25;-256.692;-256.903;-256.927;-255.964;9:38:39;0.2426;;
2283;30.0442;29.7938;-256.755;-256.254;-256.692;-256.911;-256.942;-255.964;9:38:39;0.2504;;
2284;30.0442;29.7938;-256.755;-256.254;-256.684;-256.911;-256.942;-255.964;9:38:40;0.2504;;
2285;30.0403;29.7938;-256.751;-256.254;-256.692;-256.903;-256.935;-255.964;9:38:40;0.2465;;
2286;30.0403;29.7938;-256.751;-256.254;-256.684;-256.911;-256.942;-255.972;9:38:41;0.2465;;
2287;30.0403;29.7938;-256.751;-256.25;-256.684;-256.911;-256.927;-255.972;9:38:41;0.2465;;
2288;30.0403;29.7938;-256.751;-256.25;-256.692;-256.911;-256.935;-255.964;9:38:42;0.2465;;
2289;30.0403;29.7938;-256.755;-256.25;-256.684;-256.911;-256.942;-255.964;9:38:42;0.2465;;
2290;30.0403;29.7938;-256.751;-256.25;-256.684;-256.911;-256.942;-255.964;9:38:43;0.2465;;
2291;30.0363;29.7938;-256.747;-256.25;-256.684;-256.911;-256.942;-255.972;9:38:43;0.2425;;
2292;30.0363;29.8016;-256.751;-256.25;-256.692;-256.911;-256.942;-255.964;9:38:44;0.2347;;
2293;30.0324;29.8016;-256.747;-256.25;-256.692;-256.903;-256.935;-255.964;9:38:44;0.2308;;
2294;30.0324;29.7938;-256.755;-256.254;-256.684;-256.911;-256.942;-255.964;9:38:45;0.2386;;
2295;30.0324;29.7859;-256.751;-256.25;-256.692;-256.903;-256.942;-255.956;9:38:45;0.2465;;
2296;30.0285;29.7938;-256.751;-256.254;-256.692;-256.903;-256.95;-255.964;9:38:46;0.2347;;
2297;30.0324;29.7859;-256.751;-256.254;-256.692;-256.911;-256.95;-255.956;9:38:46;0.2465;;
2298;30.0285;29.7938;-256.751;-256.254;-256.7;-256.903;-256.95;-255.972;9:38:47;0.2347;;
2299;30.0246;29.7859;-256.755;-256.25;-256.692;-256.911;-256.942;-255.964;9:38:47;0.2387;;
2300;30.0285;29.7859;-256.751;-256.254;-256.692;-256.911;-256.935;-255.972;9:38:48;0.2426;;
2301;30.0246;29.7859;-256.755;-256.254;-256.7;-256.911;-256.942;-255.964;9:38:48;0.2387;;
2302;30.0285;29.7781;-256.751;-256.262;-256.7;-256.903;-256.942;-255.972;9:38:49;0.2504;;
2303;30.0168;29.7859;-256.751;-256.262;-256.692;-256.903;-256.942;-255.98;9:38:49;0.2309;;
2304;30.0246;29.7781;-256.747;-256.254;-256.692;-256.911;-256.942;-255.972;9:38:50;0.2465;;
2305;30.0168;29.7781;-256.747;-256.254;-256.692;-256.903;-256.935;-255.972;9:38:50;0.2387;;
2306;30.009;29.7781;-256.751;-256.262;-256.692;-256.903;-256.942;-255.964;9:38:51;0.2309;;
2307;30.0168;29.7781;-256.747;-256.262;-256.692;-256.911;-256.935;-255.972;9:38:51;0.2387;;
2308;30.0168;29.7703;-256.747;-256.262;-256.692;-256.903;-256.935;-255.972;9:38:52;0.2465;;
2309;30.009;29.7703;-256.747;-256.262;-256.692;-256.911;-256.935;-255.972;9:38:52;0.2387;;
2310;30.0011;29.7703;-256.743;-256.254;-256.692;-256.903;-256.942;-255.972;9:38:53;0.2308;;
2311;30.0011;29.7703;-256.743;-256.254;-256.692;-256.911;-256.935;-255.972;9:38:53;0.2308;;
2312;30.0011;29.7625;-256.747;-256.262;-256.7;-256.911;-256.942;-255.98;9:38:54;0.2386;;
2313;29.9933;29.7625;-256.743;-256.254;-256.692;-256.903;-256.935;-255.972;9:38:54;0.2308;;
2314;29.9933;29.7625;-256.747;-256.254;-256.7;-256.911;-256.927;-255.98;9:38:55;0.2308;;
2315;29.9855;29.7625;-256.751;-256.262;-256.692;-256.911;-256.942;-255.972;9:38:55;0.223;;
2316;29.9855;29.7625;-256.747;-256.254;-256.692;-256.903;-256.935;-255.972;9:38:56;0.223;;
2317;29.9777;29.7546;-256.747;-256.254;-256.692;-256.911;-256.942;-255.964;9:38:56;0.2231;;
2318;29.9855;29.7546;-256.747;-256.254;-256.692;-256.911;-256.95;-255.972;9:38:57;0.2309;;
2319;29.9698;29.7546;-256.751;-256.25;-256.692;-256.911;-256.95;-255.964;9:38:57;0.2152;;
2320;29.9698;29.7546;-256.755;-256.246;-256.684;-256.911;-256.942;-255.972;9:38:58;0.2152;;
2321;29.9698;29.7546;-256.755;-256.254;-256.692;-256.911;-256.942;-255.972;9:38:58;0.2152;;
2322;29.9698;29.739;-256.755;-256.25;-256.684;-256.903;-256.935;-255.964;9:38:59;0.2308;;
2323;29.962;29.7468;-256.755;-256.25;-256.692;-256.911;-256.942;-255.972;9:38:59;0.2152;;
2324;29.9698;29.7468;-256.758;-256.25;-256.684;-256.911;-256.942;-255.964;9:39:00;0.223;;
2325;29.9542;29.7468;-256.758;-256.25;-256.684;-256.911;-256.942;-255.972;9:39:00;0.2074;;
2326;29.962;29.7468;-256.762;-256.25;-256.692;-256.911;-256.942;-255.964;9:39:01;0.2152;;
2327;29.962;29.7468;-256.758;-256.254;-256.684;-256.911;-256.942;-255.964;9:39:01;0.2152;;
2328;29.962;29.7468;-256.758;-256.25;-256.692;-256.903;-256.942;-255.964;9:39:02;0.2152;;
2329;29.9698;29.7468;-256.758;-256.254;-256.684;-256.903;-256.942;-255.972;9:39:02;0.223;;
2330;29.9777;29.7468;-256.758;-256.254;-256.692;-256.903;-256.935;-255.972;9:39:03;0.2309;;
2331;29.9698;29.7468;-256.758;-256.25;-256.692;-256.911;-256.95;-255.972;9:39:03;0.223;;
2332;29.9698;29.7468;-256.758;-256.25;-256.692;-256.903;-256.942;-255.964;9:39:04;0.223;;
2333;29.962;29.7546;-256.758;-256.254;-256.692;-256.903;-256.942;-255.964;9:39:04;0.2074;;
2334;29.9698;29.7546;-256.758;-256.25;-256.684;-256.903;-256.942;-255.964;9:39:05;0.2152;;
2335;29.9698;29.7625;-256.762;-256.25;-256.684;-256.911;-256.935;-255.972;9:39:05;0.2073;;
2336;29.9698;29.7625;-256.762;-256.25;-256.692;-256.895;-256.935;-255.964;9:39:06;0.2073;;
2337;29.9698;29.7625;-256.758;-256.254;-256.676;-256.911;-256.95;-255.972;9:39:06;0.2073;;
2338;29.9698;29.7703;-256.762;-256.254;-256.684;-256.903;-256.935;-255.964;9:39:07;0.1995;;
2339;29.9777;29.7703;-256.758;-256.254;-256.692;-256.903;-256.927;-255.964;9:39:07;0.2074;;
2340;29.9777;29.7703;-256.762;-256.254;-256.692;-256.911;-256.935;-255.972;9:39:08;0.2074;;
2341;29.9777;29.7703;-256.762;-256.254;-256.684;-256.903;-256.935;-255.964;9:39:08;0.2074;;
2342;29.9855;29.7781;-256.762;-256.25;-256.692;-256.903;-256.935;-255.964;9:39:09;0.2074;;
2343;29.9855;29.7703;-256.758;-256.258;-256.692;-256.911;-256.942;-255.972;9:39:09;0.2152;;
2344;29.9855;29.7703;-256.758;-256.254;-256.692;-256.911;-256.935;-255.964;9:39:10;0.2152;;
2345;29.9855;29.7781;-256.758;-256.254;-256.7;-256.903;-256.935;-255.964;9:39:10;0.2074;;
2346;29.9933;29.7781;-256.758;-256.254;-256.684;-256.911;-256.935;-255.964;9:39:11;0.2152;;
2347;29.9933;29.7703;-256.755;-256.254;-256.692;-256.895;-256.935;-255.964;9:39:11;0.223;;
2348;29.9933;29.7703;-256.758;-256.254;-256.692;-256.903;-256.942;-255.972;9:39:12;0.223;;
2349;30.0011;29.7781;-256.755;-256.262;-256.692;-256.903;-256.942;-255.964;9:39:12;0.223;;
2350;29.9933;29.7781;-256.755;-256.254;-256.692;-256.903;-256.935;-255.964;9:39:13;0.2152;;
2351;30.0011;29.7781;-256.755;-256.269;-256.692;-256.903;-256.942;-255.964;9:39:13;0.223;;
2352;30.0011;29.7781;-256.755;-256.262;-256.684;-256.903;-256.935;-255.972;9:39:14;0.223;;
2353;30.009;29.7781;-256.755;-256.254;-256.692;-256.903;-256.935;-255.964;9:39:14;0.2309;;
2354;30.0011;29.7781;-256.758;-256.262;-256.7;-256.903;-256.942;-255.972;9:39:15;0.223;;
2355;30.009;29.7859;-256.758;-256.254;-256.692;-256.903;-256.935;-255.964;9:39:15;0.2231;;
2356;30.009;29.7859;-256.77;-256.262;-256.692;-256.911;-256.942;-255.972;9:39:16;0.2231;;
2357;30.0168;29.7859;-256.762;-256.262;-256.7;-256.895;-256.935;-255.972;9:39:16;0.2309;;
2358;30.0168;29.7781;-256.758;-256.262;-256.692;-256.895;-256.935;-255.964;9:39:17;0.2387;;
2359;30.0168;29.7859;-256.766;-256.262;-256.692;-256.895;-256.942;-255.972;9:39:17;0.2309;;
2360;30.0168;29.7938;-256.762;-256.254;-256.692;-256.895;-256.935;-255.964;9:39:18;0.223;;
2361;30.0168;29.7859;-256.762;-256.262;-256.684;-256.903;-256.935;-255.972;9:39:18;0.2309;;
2362;30.0285;29.7859;-256.762;-256.254;-256.684;-256.903;-256.935;-255.964;9:39:19;0.2426;;
2363;30.0246;29.7938;-256.755;-256.262;-256.692;-256.903;-256.942;-255.972;9:39:19;0.2308;;
2364;30.0246;29.7938;-256.758;-256.254;-256.692;-256.911;-256.95;-255.964;9:39:20;0.2308;;
2365;30.0285;29.7938;-256.758;-256.25;-256.684;-256.895;-256.935;-255.964;9:39:20;0.2347;;
2366;30.0324;29.8016;-256.762;-256.254;-256.692;-256.895;-256.942;-255.964;9:39:21;0.2308;;
2367;30.0285;29.7938;-256.762;-256.262;-256.692;-256.888;-256.935;-255.964;9:39:21;0.2347;;
2368;30.0285;29.7938;-256.762;-256.254;-256.692;-256.895;-256.935;-255.972;9:39:22;0.2347;;
2369;30.0324;29.7938;-256.758;-256.262;-256.692;-256.888;-256.942;-255.956;9:39:22;0.2386;;
2370;30.0324;29.8016;-256.762;-256.254;-256.692;-256.895;-256.942;-255.964;9:39:23;0.2308;;
2371;30.0324;29.8016;-256.758;-256.254;-256.692;-256.895;-256.942;-255.964;9:39:23;0.2308;;
2372;30.0363;29.8016;-256.762;-256.262;-256.692;-256.895;-256.942;-255.972;9:39:24;0.2347;;
2373;30.0324;29.8016;-256.758;-256.262;-256.692;-256.895;-256.95;-255.964;9:39:24;0.2308;;
2374;30.0403;29.8094;-256.762;-256.254;-256.692;-256.895;-256.942;-255.972;9:39:25;0.2309;;
2375;30.0403;29.8016;-256.758;-256.262;-256.692;-256.895;-256.942;-255.964;9:39:25;0.2387;;
2376;30.0403;29.8094;-256.758;-256.254;-256.692;-256.903;-256.935;-255.972;9:39:26;0.2309;;
2377;30.0403;29.8094;-256.755;-256.254;-256.7;-256.895;-256.942;-255.964;9:39:26;0.2309;;
2378;30.0403;29.8016;-256.762;-256.25;-256.692;-256.895;-256.935;-255.964;9:39:27;0.2387;;
2379;30.0442;29.8172;-256.758;-256.254;-256.692;-256.895;-256.935;-255.964;9:39:27;0.227;;
2380;30.0442;29.8094;-256.758;-256.262;-256.692;-256.895;-256.935;-255.964;9:39:28;0.2348;;
2381;30.0481;29.8172;-256.758;-256.254;-256.692;-256.903;-256.942;-255.956;9:39:28;0.2309;;
2382;30.052;29.8094;-256.762;-256.254;-256.692;-256.895;-256.935;-255.972;9:39:29;0.2426;;
2383;30.052;29.8172;-256.758;-256.254;-256.692;-256.895;-256.942;-255.972;9:39:29;0.2348;;
2384;30.052;29.8094;-256.758;-256.262;-256.692;-256.895;-256.942;-255.964;9:39:30;0.2426;;
2385;30.0442;29.8172;-256.758;-256.254;-256.7;-256.903;-256.942;-255.972;9:39:30;0.227;;
2386;30.0598;29.8094;-256.758;-256.25;-256.692;-256.895;-256.935;-255.964;9:39:31;0.2504;;
2387;30.052;29.8172;-256.758;-256.25;-256.692;-256.895;-256.942;-255.972;9:39:31;0.2348;;
2388;30.052;29.8094;-256.758;-256.25;-256.692;-256.903;-256.942;-255.964;9:39:32;0.2426;;
2389;30.052;29.8094;-256.758;-256.254;-256.684;-256.895;-256.942;-255.972;9:39:32;0.2426;;
2390;30.052;29.8172;-256.758;-256.25;-256.7;-256.895;-256.95;-255.98;9:39:33;0.2348;;
2391;30.0442;29.8172;-256.758;-256.254;-256.692;-256.903;-256.942;-255.964;9:39:33;0.227;;
2392;30.0442;29.8094;-256.755;-256.25;-256.692;-256.903;-256.942;-255.972;9:39:34;0.2348;;
2393;30.0403;29.8094;-256.758;-256.254;-256.692;-256.903;-256.942;-255.972;9:39:34;0.2309;;
2394;30.052;29.8016;-256.758;-256.25;-256.692;-256.903;-256.942;-255.972;9:39:35;0.2504;;
2395;30.0442;29.8094;-256.758;-256.254;-256.7;-256.903;-256.942;-255.972;9:39:35;0.2348;;
2396;30.0403;29.7938;-256.755;-256.254;-256.692;-256.895;-256.942;-255.972;9:39:36;0.2465;;
2397;30.0363;29.8016;-256.758;-256.25;-256.7;-256.903;-256.942;-255.972;9:39:36;0.2347;;
2398;30.0363;29.7859;-256.762;-256.254;-256.692;-256.903;-256.935;-255.964;9:39:37;0.2504;;
2399;30.0324;29.7938;-256.758;-256.254;-256.692;-256.903;-256.942;-255.964;9:39:37;0.2386;;
2400;30.0324;29.7938;-256.758;-256.254;-256.7;-256.903;-256.942;-255.972;9:39:38;0.2386;;
2401;30.0324;29.7938;-256.758;-256.254;-256.692;-256.895;-256.942;-255.972;9:39:38;0.2386;;
2402;30.0285;29.7859;-256.758;-256.254;-256.7;-256.903;-256.935;-255.972;9:39:39;0.2426;;
2403;30.0285;29.7938;-256.762;-256.25;-256.7;-256.903;-256.942;-255.964;9:39:39;0.2347;;
2404;30.0246;29.7859;-256.758;-256.25;-256.692;-256.903;-256.942;-255.964;9:39:40;0.2387;;
2405;30.0168;29.7859;-256.762;-256.254;-256.692;-256.903;-256.935;-255.972;9:39:40;0.2309;;
2406;30.0168;29.7781;-256.758;-256.25;-256.692;-256.903;-256.942;-255.964;9:39:41;0.2387;;
2407;30.009;29.7781;-256.758;-256.254;-256.692;-256.903;-256.942;-255.972;9:39:41;0.2309;;
2408;30.009;29.7859;-256.758;-256.262;-256.692;-256.903;-256.942;-255.964;9:39:42;0.2231;;
2409;30.009;29.7781;-256.758;-256.254;-256.692;-256.903;-256.935;-255.964;9:39:42;0.2309;;
2410;30.0011;29.7781;-256.762;-256.262;-256.692;-256.903;-256.942;-255.972;9:39:43;0.223;;
2411;30.0011;29.7703;-256.762;-256.254;-256.692;-256.903;-256.942;-255.964;9:39:43;0.2308;;
2412;30.0011;29.7703;-256.758;-256.262;-256.692;-256.903;-256.942;-255.972;9:39:44;0.2308;;
2413;29.9933;29.7781;-256.762;-256.254;-256.692;-256.903;-256.935;-255.964;9:39:44;0.2152;;
2414;29.9933;29.7625;-256.766;-256.25;-256.684;-256.903;-256.942;-255.964;9:39:45;0.2308;;
2415;30.0011;29.7625;-256.762;-256.254;-256.692;-256.895;-256.942;-255.964;9:39:45;0.2386;;
2416;29.9933;29.7625;-256.758;-256.25;-256.692;-256.903;-256.935;-255.956;9:39:46;0.2308;;
2417;29.9933;29.7625;-256.762;-256.254;-256.692;-256.888;-256.95;-255.964;9:39:46;0.2308;;
2418;29.9855;29.7625;-256.758;-256.262;-256.692;-256.895;-256.935;-255.964;9:39:47;0.223;;
2419;29.9933;29.7546;-256.762;-256.254;-256.692;-256.903;-256.942;-255.964;9:39:47;0.2387;;
2420;29.9855;29.7546;-256.758;-256.262;-256.692;-256.895;-256.942;-255.964;9:39:48;0.2309;;
2421;29.9855;29.7546;-256.758;-256.262;-256.684;-256.895;-256.942;-255.964;9:39:48;0.2309;;
2422;29.9933;29.7468;-256.762;-256.262;-256.692;-256.895;-256.935;-255.956;9:39:49;0.2465;;
2423;30.0011;29.7546;-256.762;-256.254;-256.692;-256.895;-256.95;-255.964;9:39:49;0.2465;;
2424;30.0011;29.7468;-256.762;-256.254;-256.684;-256.903;-256.935;-255.972;9:39:50;0.2543;;
2425;30.0011;29.7546;-256.762;-256.262;-256.692;-256.903;-256.942;-255.964;9:39:50;0.2465;;
2426;30.009;29.7468;-256.755;-256.262;-256.692;-256.903;-256.935;-255.964;9:39:51;0.2622;;
2427;30.0011;29.7546;-256.762;-256.254;-256.692;-256.895;-256.942;-255.972;9:39:51;0.2465;;
2428;30.009;29.7546;-256.758;-256.262;-256.7;-256.903;-256.942;-255.964;9:39:52;0.2544;;
2429;30.009;29.7546;-256.758;-256.262;-256.692;-256.895;-256.935;-255.964;9:39:52;0.2544;;
2430;30.009;29.7546;-256.758;-256.254;-256.684;-256.903;-256.927;-255.964;9:39:53;0.2544;;
2431;30.0168;29.7546;-256.758;-256.262;-256.7;-256.895;-256.935;-255.956;9:39:53;0.2622;;
2432;30.009;29.7625;-256.755;-256.254;-256.692;-256.895;-256.935;-255.964;9:39:54;0.2465;;
2433;30.0168;29.7546;-256.755;-256.254;-256.692;-256.888;-256.935;-255.964;9:39:54;0.2622;;
2434;30.0168;29.7546;-256.758;-256.262;-256.692;-256.895;-256.935;-255.964;9:39:55;0.2622;;
2435;30.0168;29.7625;-256.755;-256.254;-256.692;-256.895;-256.942;-255.956;9:39:55;0.2543;;
2436;30.0246;29.7625;-256.758;-256.262;-256.692;-256.895;-256.935;-255.964;9:39:56;0.2621;;
2437;30.0285;29.7703;-256.755;-256.269;-256.692;-256.895;-256.942;-255.972;9:39:56;0.2582;;
2438;30.0285;29.7703;-256.755;-256.254;-256.692;-256.895;-256.942;-255.964;9:39:57;0.2582;;
2439;30.0324;29.7703;-256.755;-256.262;-256.692;-256.895;-256.935;-255.972;9:39:57;0.2621;;
2440;30.0285;29.7703;-256.755;-256.262;-256.684;-256.895;-256.942;-255.964;9:39:58;0.2582;;
2441;30.0324;29.7703;-256.755;-256.254;-256.684;-256.888;-256.927;-255.964;9:39:58;0.2621;;
2442;30.0324;29.7781;-256.755;-256.262;-256.692;-256.895;-256.935;-255.972;9:39:59;0.2543;;
2443;30.0363;29.7859;-256.758;-256.254;-256.692;-256.895;-256.935;-255.972;9:39:59;0.2504;;
2444;30.0363;29.7781;-256.755;-256.254;-256.684;-256.903;-256.935;-255.964;9:40:00;0.2582;;
2445;30.0363;29.7781;-256.755;-256.254;-256.692;-256.903;-256.935;-255.964;9:40:00;0.2582;;
2446;30.0403;29.7859;-256.755;-256.265;-256.676;-256.911;-256.942;-255.972;9:40:01;0.2544;;
2447;30.0403;29.7859;-256.758;-256.254;-256.684;-256.903;-256.942;-255.964;9:40:01;0.2544;;
2448;30.0403;29.7781;-256.755;-256.25;-256.692;-256.903;-256.935;-255.964;9:40:02;0.2622;;
2449;30.0442;29.7938;-256.758;-256.25;-256.684;-256.903;-256.935;-255.972;9:40:02;0.2504;;
2450;30.0442;29.7859;-256.755;-256.254;-256.684;-256.903;-256.935;-255.964;9:40:03;0.2583;;
2451;30.052;29.7938;-256.755;-256.25;-256.684;-256.903;-256.935;-255.972;9:40:03;0.2582;;
2452;30.0442;29.7938;-256.755;-256.254;-256.684;-256.895;-256.935;-255.972;9:40:04;0.2504;;
2453;30.0442;29.7938;-256.751;-256.25;-256.692;-256.903;-256.935;-255.964;9:40:04;0.2504;;
2454;30.052;29.7859;-256.758;-256.254;-256.684;-256.895;-256.942;-255.972;9:40:05;0.2661;;
2455;30.0442;29.7938;-256.755;-256.254;-256.684;-256.903;-256.935;-255.964;9:40:05;0.2504;;
2456;30.0442;29.7938;-256.751;-256.254;-256.692;-256.911;-256.935;-255.964;9:40:06;0.2504;;
2457;30.0442;29.7859;-256.755;-256.254;-256.692;-256.903;-256.942;-255.972;9:40:06;0.2583;;
2458;30.052;29.7938;-256.755;-256.254;-256.692;-256.903;-256.95;-255.964;9:40:07;0.2582;;
2459;30.0403;29.7859;-256.758;-256.254;-256.692;-256.895;-256.935;-255.964;9:40:07;0.2544;;
2460;30.0403;29.7781;-256.758;-256.254;-256.692;-256.903;-256.942;-255.98;9:40:08;0.2622;;
2461;30.0403;29.7859;-256.755;-256.254;-256.684;-256.895;-256.935;-255.964;9:40:08;0.2544;;
2462;30.0403;29.7859;-256.755;-256.254;-256.692;-256.911;-256.942;-255.972;9:40:09;0.2544;;
2463;30.0363;29.7781;-256.758;-256.254;-256.684;-256.895;-256.935;-255.972;9:40:09;0.2582;;
2464;30.0403;29.7859;-256.755;-256.25;-256.692;-256.911;-256.942;-255.964;9:40:10;0.2544;;
2465;30.0403;29.7859;-256.758;-256.254;-256.692;-256.895;-256.942;-255.964;9:40:10;0.2544;;
2466;30.0403;29.7859;-256.755;-256.254;-256.692;-256.895;-256.935;-255.972;9:40:11;0.2544;;
2467;30.0363;29.7781;-256.758;-256.254;-256.692;-256.903;-256.935;-255.972;9:40:11;0.2582;;
2468;30.0403;29.7781;-256.755;-256.254;-256.692;-256.895;-256.942;-255.972;9:40:12;0.2622;;
2469;30.0403;29.7781;-256.755;-256.254;-256.7;-256.903;-256.942;-255.972;9:40:12;0.2622;;
2470;30.0363;29.7703;-256.758;-256.262;-256.692;-256.895;-256.935;-255.964;9:40:13;0.266;;
2471;30.0363;29.7781;-256.758;-256.254;-256.692;-256.903;-256.935;-255.972;9:40:13;0.2582;;
2472;30.0324;29.7703;-256.758;-256.254;-256.7;-256.903;-256.935;-255.972;9:40:14;0.2621;;
2473;30.0363;29.7625;-256.762;-256.254;-256.692;-256.895;-256.935;-255.964;9:40:14;0.2738;;
2474;30.0363;29.7781;-256.758;-256.254;-256.7;-256.911;-256.942;-255.972;9:40:15;0.2582;;
2475;30.0285;29.7625;-256.755;-256.254;-256.692;-256.903;-256.942;-255.972;9:40:15;0.266;;
2476;30.0324;29.7703;-256.758;-256.254;-256.7;-256.903;-256.942;-255.972;9:40:16;0.2621;;
2477;30.0285;29.7703;-256.758;-256.254;-256.7;-256.903;-256.935;-255.972;9:40:16;0.2582;;
2478;30.0285;29.7703;-256.755;-256.25;-256.692;-256.903;-256.942;-255.964;9:40:17;0.2582;;
2479;30.0246;29.7625;-256.758;-256.254;-256.7;-256.911;-256.95;-255.972;9:40:17;0.2621;;
2480;30.0246;29.7703;-256.758;-256.25;-256.692;-256.903;-256.95;-255.964;9:40:18;0.2543;;
2481;30.0246;29.7625;-256.755;-256.254;-256.692;-256.903;-256.942;-255.964;9:40:18;0.2621;;
2482;30.0168;29.7625;-256.758;-256.25;-256.692;-256.911;-256.942;-255.964;9:40:19;0.2543;;
2483;30.009;29.7703;-256.755;-256.254;-256.692;-256.895;-256.942;-255.972;9:40:19;0.2387;;
2484;30.0168;29.7625;-256.755;-256.254;-256.7;-256.903;-256.942;-255.972;9:40:20;0.2543;;
2485;30.0168;29.7546;-256.755;-256.254;-256.7;-256.903;-256.935;-255.964;9:40:20;0.2622;;
2486;30.009;29.7546;-256.755;-256.254;-256.692;-256.903;-256.942;-255.972;9:40:21;0.2544;;
2487;30.009;29.7546;-256.751;-256.254;-256.7;-256.903;-256.95;-255.972;9:40:21;0.2544;;
2488;30.009;29.7546;-256.755;-256.254;-256.692;-256.903;-256.942;-255.972;9:40:22;0.2544;;
2489;30.0011;29.7468;-256.755;-256.254;-256.7;-256.903;-256.942;-255.972;9:40:22;0.2543;;
2490;30.0011;29.7546;-256.755;-256.254;-256.7;-256.911;-256.95;-255.964;9:40:23;0.2465;;
2491;30.0011;29.7468;-256.755;-256.254;-256.7;-256.903;-256.935;-255.972;9:40:23;0.2543;;
2492;30.0011;29.7468;-256.755;-256.258;-256.7;-256.903;-256.942;-255.98;9:40:24;0.2543;;
2493;30.0011;29.7468;-256.755;-256.254;-256.692;-256.903;-256.942;-255.964;9:40:24;0.2543;;
2494;29.9933;29.739;-256.758;-256.254;-256.692;-256.903;-256.942;-255.98;9:40:25;0.2543;;
2495;29.9855;29.739;-256.755;-256.254;-256.692;-256.903;-256.95;-255.972;9:40:25;0.2465;;
2496;29.9777;29.739;-256.758;-256.254;-256.692;-256.903;-256.942;-255.972;9:40:26;0.2387;;
2497;29.9777;29.739;-256.758;-256.254;-256.692;-256.903;-256.942;-255.972;9:40:26;0.2387;;
2498;29.9777;29.739;-256.755;-256.25;-256.692;-256.903;-256.942;-255.972;9:40:27;0.2387;;
2499;29.9777;29.7468;-256.762;-256.254;-256.692;-256.903;-256.942;-255.972;9:40:27;0.2309;;
2500;29.9777;29.7468;-256.758;-256.254;-256.692;-256.903;-256.942;-255.972;9:40:28;0.2309;;
2501;29.9698;29.739;-256.758;-256.254;-256.692;-256.903;-256.942;-255.964;9:40:28;0.2308;;
2502;29.9698;29.7468;-256.758;-256.254;-256.692;-256.903;-256.942;-255.98;9:40:29;0.223;;
2503;29.9698;29.739;-256.758;-256.254;-256.692;-256.903;-256.942;-255.972;9:40:29;0.2308;;
2504;29.9698;29.7468;-256.762;-256.262;-256.692;-256.903;-256.935;-255.964;9:40:30;0.223;;
2505;29.9698;29.7312;-256.758;-256.262;-256.692;-256.903;-256.935;-255.972;9:40:30;0.2386;;
2506;29.9698;29.7468;-256.762;-256.254;-256.692;-256.903;-256.935;-255.972;9:40:31;0.223;;
2507;29.9777;29.739;-256.755;-256.262;-256.692;-256.895;-256.935;-255.964;9:40:31;0.2387;;
2508;29.9698;29.739;-256.758;-256.262;-256.684;-256.903;-256.935;-255.98;9:40:32;0.2308;;
2509;29.9777;29.739;-256.762;-256.262;-256.692;-256.903;-256.927;-255.972;9:40:32;0.2387;;
2510;29.9777;29.7468;-256.758;-256.262;-256.692;-256.903;-256.935;-255.98;9:40:33;0.2309;;
2511;29.9777;29.7468;-256.758;-256.262;-256.692;-256.895;-256.935;-255.972;9:40:33;0.2309;;
2512;29.9777;29.7468;-256.758;-256.254;-256.692;-256.903;-256.935;-255.972;9:40:34;0.2309;;
2513;29.9855;29.739;-256.758;-256.262;-256.692;-256.903;-256.935;-255.972;9:40:34;0.2465;;
2514;29.9777;29.7468;-256.758;-256.262;-256.684;-256.903;-256.942;-255.98;9:40:35;0.2309;;
2515;29.9777;29.7546;-256.755;-256.254;-256.692;-256.903;-256.942;-255.972;9:40:35;0.2231;;
2516;29.9855;29.7468;-256.755;-256.25;-256.692;-256.895;-256.935;-255.972;9:40:36;0.2387;;
2517;29.9777;29.7468;-256.758;-256.254;-256.684;-256.895;-256.935;-255.98;9:40:36;0.2309;;
2518;29.9855;29.739;-256.755;-256.254;-256.692;-256.895;-256.942;-255.972;9:40:37;0.2465;;
2519;29.9855;29.7468;-256.755;-256.254;-256.692;-256.903;-256.935;-255.972;9:40:37;0.2387;;
2520;29.9855;29.739;-256.755;-256.25;-256.684;-256.895;-256.935;-255.972;9:40:38;0.2465;;
2521;29.9855;29.7546;-256.758;-256.254;-256.684;-256.895;-256.935;-255.972;9:40:38;0.2309;;
2522;29.9855;29.7468;-256.755;-256.254;-256.692;-256.895;-256.935;-255.972;9:40:39;0.2387;;
2523;29.9933;29.7546;-256.758;-256.254;-256.692;-256.895;-256.935;-255.972;9:40:39;0.2387;;
2524;29.9855;29.7468;-256.755;-256.254;-256.7;-256.895;-256.927;-255.972;9:40:40;0.2387;;
2525;29.9933;29.7546;-256.758;-256.254;-256.692;-256.903;-256.935;-255.972;9:40:40;0.2387;;
2526;29.9855;29.7468;-256.755;-256.262;-256.7;-256.903;-256.942;-255.972;9:40:41;0.2387;;
2527;29.9933;29.7546;-256.758;-256.254;-256.7;-256.903;-256.95;-255.972;9:40:41;0.2387;;
2528;29.9855;29.7546;-256.755;-256.254;-256.692;-256.895;-256.942;-255.972;9:40:42;0.2309;;
2529;29.9933;29.7546;-256.758;-256.254;-256.692;-256.903;-256.935;-255.964;9:40:42;0.2387;;
2530;30.0011;29.7625;-256.758;-256.254;-256.692;-256.903;-256.935;-255.972;9:40:43;0.2386;;
2531;30.009;29.7625;-256.755;-256.254;-256.7;-256.895;-256.935;-255.964;9:40:43;0.2465;;
2532;30.009;29.7703;-256.758;-256.254;-256.692;-256.903;-256.935;-255.972;9:40:44;0.2387;;
2533;30.009;29.7625;-256.758;-256.254;-256.7;-256.895;-256.935;-255.972;9:40:44;0.2465;;
2534;30.009;29.7703;-256.758;-256.254;-256.692;-256.903;-256.935;-255.972;9:40:45;0.2387;;
2535;30.009;29.7703;-256.755;-256.25;-256.7;-256.895;-256.935;-255.964;9:40:45;0.2387;;
2536;30.0168;29.7625;-256.755;-256.254;-256.7;-256.895;-256.95;-255.964;9:40:46;0.2543;;
2537;30.009;29.7625;-256.758;-256.25;-256.7;-256.895;-256.942;-255.972;9:40:46;0.2465;;
2538;30.0168;29.7703;-256.755;-256.254;-256.692;-256.895;-256.942;-255.972;9:40:47;0.2465;;
2539;30.0168;29.7781;-256.755;-256.25;-256.692;-256.895;-256.95;-255.972;9:40:47;0.2387;;
2540;30.0168;29.7703;-256.758;-256.254;-256.684;-256.903;-256.942;-255.964;9:40:48;0.2465;;
2541;30.0246;29.7703;-256.755;-256.254;-256.692;-256.903;-256.942;-255.98;9:40:48;0.2543;;
2542;30.0246;29.7703;-256.758;-256.25;-256.692;-256.903;-256.95;-255.972;9:40:49;0.2543;;
2543;30.0246;29.7781;-256.755;-256.254;-256.692;-256.903;-256.942;-255.972;9:40:49;0.2465;;
2544;30.0246;29.7859;-256.751;-256.254;-256.7;-256.895;-256.95;-255.964;9:40:50;0.2387;;
2545;30.0285;29.7781;-256.755;-256.254;-256.692;-256.903;-256.942;-255.972;9:40:50;0.2504;;
2546;30.0285;29.7781;-256.751;-256.254;-256.692;-256.903;-256.95;-255.98;9:40:51;0.2504;;
2547;30.0285;29.7859;-256.751;-256.25;-256.692;-256.903;-256.942;-255.972;9:40:51;0.2426;;
2548;30.0324;29.7938;-256.751;-256.258;-256.692;-256.903;-256.942;-255.972;9:40:52;0.2386;;
2549;30.0324;29.7859;-256.755;-256.254;-256.692;-256.903;-256.942;-255.972;9:40:52;0.2465;;
2550;30.0363;29.7781;-256.755;-256.254;-256.692;-256.903;-256.95;-255.972;9:40:53;0.2582;;
2551;30.0324;29.7859;-256.758;-256.25;-256.692;-256.903;-256.942;-255.972;9:40:53;0.2465;;
2552;30.0363;29.7859;-256.755;-256.254;-256.692;-256.903;-256.942;-255.972;9:40:54;0.2504;;
2553;30.0363;29.7859;-256.755;-256.25;-256.692;-256.903;-256.942;-255.972;9:40:54;0.2504;;
2554;30.0403;29.7859;-256.751;-256.254;-256.692;-256.911;-256.95;-255.972;9:40:55;0.2544;;
2555;30.0442;29.8016;-256.755;-256.254;-256.684;-256.903;-256.942;-255.972;9:40:55;0.2426;;
2556;30.0403;29.7938;-256.755;-256.262;-256.692;-256.903;-256.935;-255.98;9:40:56;0.2465;;
2557;30.0442;29.7938;-256.751;-256.254;-256.692;-256.895;-256.942;-255.972;9:40:56;0.2504;;
2558;30.052;29.7938;-256.755;-256.254;-256.7;-256.903;-256.942;-255.964;9:40:57;0.2582;;
2559;30.052;29.8016;-256.755;-256.262;-256.692;-256.903;-256.935;-255.98;9:40:57;0.2504;;
2560;30.052;29.7938;-256.755;-256.254;-256.684;-256.903;-256.942;-255.964;9:40:58;0.2582;;
2561;30.0598;29.8016;-256.755;-256.254;-256.692;-256.903;-256.935;-255.972;9:40:58;0.2582;;
2562;30.0598;29.7938;-256.758;-256.262;-256.692;-256.903;-256.935;-255.972;9:40:59;0.266;;
2563;30.0598;29.8016;-256.758;-256.262;-256.684;-256.903;-256.935;-255.964;9:40:59;0.2582;;
2564;30.0598;29.7938;-256.758;-256.254;-256.692;-256.888;-256.935;-255.972;9:41:00;0.266;;
2565;30.0598;29.8016;-256.758;-256.262;-256.684;-256.895;-256.935;-255.964;9:41:00;0.2582;;
2566;30.0676;29.7938;-256.755;-256.25;-256.692;-256.903;-256.942;-255.964;9:41:01;0.2738;;
2567;30.0598;29.7859;-256.758;-256.254;-256.684;-256.895;-256.935;-255.964;9:41:01;0.2739;;
2568;30.0598;29.7859;-256.755;-256.254;-256.692;-256.895;-256.942;-255.972;9:41:02;0.2739;;
2569;30.0676;29.7859;-256.755;-256.254;-256.684;-256.895;-256.942;-255.964;9:41:02;0.2817;;
2570;30.0598;29.7938;-256.755;-256.25;-256.692;-256.903;-256.935;-255.972;9:41:03;0.266;;
2571;30.0598;29.8016;-256.755;-256.254;-256.684;-256.895;-256.942;-255.964;9:41:03;0.2582;;
2572;30.0598;29.7859;-256.755;-256.25;-256.692;-256.895;-256.942;-255.972;9:41:04;0.2739;;
2573;30.052;29.7938;-256.758;-256.25;-256.692;-256.903;-256.942;-255.956;9:41:04;0.2582;;
2574;30.052;29.7938;-256.758;-256.254;-256.692;-256.895;-256.942;-255.972;9:41:05;0.2582;;
2575;30.0442;29.7938;-256.758;-256.25;-256.692;-256.903;-256.942;-255.964;9:41:05;0.2504;;
2576;30.0442;29.7938;-256.755;-256.254;-256.692;-256.903;-256.942;-255.964;9:41:06;0.2504;;
2577;30.052;29.7859;-256.758;-256.25;-256.692;-256.911;-256.942;-255.964;9:41:06;0.2661;;
2578;30.0403;29.8016;-256.755;-256.25;-256.692;-256.895;-256.935;-255.964;9:41:07;0.2387;;
2579;30.0403;29.7859;-256.758;-256.25;-256.684;-256.903;-256.942;-255.972;9:41:07;0.2544;;
2580;30.0363;29.7859;-256.758;-256.25;-256.684;-256.903;-256.942;-255.964;9:41:08;0.2504;;
2581;30.0403;29.7781;-256.758;-256.25;-256.692;-256.903;-256.942;-255.964;9:41:08;0.2622;;
2582;30.0363;29.7859;-256.758;-256.25;-256.684;-256.903;-256.942;-255.964;9:41:09;0.2504;;
2583;30.0324;29.7859;-256.758;-256.25;-256.684;-256.895;-256.942;-255.972;9:41:09;0.2465;;
2584;30.0363;29.7703;-256.758;-256.25;-256.7;-256.895;-256.942;-255.972;9:41:10;0.266;;
2585;30.0324;29.7781;-256.758;-256.25;-256.684;-256.895;-256.942;-255.964;9:41:10;0.2543;;
2586;30.0324;29.7781;-256.758;-256.25;-256.692;-256.895;-256.95;-255.972;9:41:11;0.2543;;
2587;30.0324;29.7703;-256.758;-256.254;-256.684;-256.895;-256.958;-255.972;9:41:11;0.2621;;
2588;30.0363;29.7703;-256.758;-256.25;-256.7;-256.895;-256.942;-255.964;9:41:12;0.266;;
2589;30.0324;29.7703;-256.758;-256.25;-256.684;-256.903;-256.95;-255.964;9:41:12;0.2621;;
2590;30.0285;29.7703;-256.755;-256.25;-256.692;-256.903;-256.942;-255.972;9:41:13;0.2582;;
2591;30.0285;29.7625;-256.762;-256.254;-256.684;-256.895;-256.942;-255.964;9:41:13;0.266;;
2592;30.0285;29.7625;-256.758;-256.25;-256.684;-256.903;-256.942;-255.972;9:41:14;0.266;;
2593;30.0246;29.7625;-256.758;-256.25;-256.684;-256.895;-256.942;-255.972;9:41:14;0.2621;;
2594;30.0168;29.7546;-256.762;-256.25;-256.692;-256.895;-256.935;-255.972;9:41:15;0.2622;;
2595;30.0246;29.7546;-256.758;-256.25;-256.684;-256.895;-256.942;-255.972;9:41:15;0.27;;
2596;30.009;29.7468;-256.762;-256.25;-256.692;-256.903;-256.935;-255.972;9:41:16;0.2622;;
2597;30.009;29.7468;-256.758;-256.25;-256.684;-256.895;-256.942;-255.972;9:41:16;0.2622;;
2598;30.0168;29.7468;-256.762;-256.254;-256.684;-256.895;-256.942;-255.964;9:41:17;0.27;;
2599;30.009;29.739;-256.758;-256.254;-256.684;-256.895;-256.942;-255.972;9:41:17;0.27;;
2600;30.009;29.739;-256.758;-256.254;-256.684;-256.903;-256.942;-255.972;9:41:18;0.27;;
2601;30.0011;29.739;-256.758;-256.254;-256.692;-256.895;-256.935;-255.964;9:41:18;0.2621;;
2602;30.0011;29.739;-256.755;-256.25;-256.684;-256.895;-256.95;-255.972;9:41:19;0.2621;;
2603;30.0011;29.7312;-256.758;-256.254;-256.692;-256.895;-256.942;-255.972;9:41:19;0.2699;;
2604;29.9933;29.739;-256.758;-256.262;-256.692;-256.903;-256.942;-255.964;9:41:20;0.2543;;
2605;29.9933;29.7312;-256.755;-256.254;-256.692;-256.895;-256.95;-255.972;9:41:20;0.2621;;
2606;29.9855;29.7312;-256.762;-256.254;-256.692;-256.895;-256.95;-255.972;9:41:21;0.2543;;
2607;29.9855;29.739;-256.758;-256.254;-256.684;-256.895;-256.942;-255.972;9:41:21;0.2465;;
2608;29.9855;29.7312;-256.758;-256.254;-256.684;-256.895;-256.935;-255.972;9:41:22;0.2543;;
2609;29.9777;29.7312;-256.758;-256.258;-256.676;-256.895;-256.942;-255.972;9:41:22;0.2465;;
2610;29.9855;29.7312;-256.758;-256.254;-256.692;-256.888;-256.935;-255.972;9:41:23;0.2543;;
2611;29.9777;29.739;-256.762;-256.254;-256.684;-256.895;-256.942;-255.972;9:41:23;0.2387;;
2612;29.9855;29.739;-256.755;-256.254;-256.692;-256.895;-256.935;-255.964;9:41:24;0.2465;;
2613;29.9777;29.739;-256.758;-256.262;-256.684;-256.895;-256.935;-255.972;9:41:24;0.2387;;
2614;29.9777;29.7312;-256.755;-256.262;-256.684;-256.895;-256.935;-255.964;9:41:25;0.2465;;
2615;29.9777;29.7312;-256.758;-256.262;-256.692;-256.895;-256.935;-255.972;9:41:25;0.2465;;
2616;29.9698;29.739;-256.758;-256.254;-256.684;-256.895;-256.942;-255.98;9:41:26;0.2308;;
2617;29.9698;29.739;-256.751;-256.262;-256.692;-256.895;-256.942;-255.972;9:41:26;0.2308;;
2618;29.9777;29.7468;-256.758;-256.254;-256.692;-256.903;-256.942;-255.98;9:41:27;0.2309;;
2619;29.9777;29.739;-256.762;-256.262;-256.684;-256.895;-256.942;-255.98;9:41:27;0.2387;;
2620;29.9698;29.739;-256.758;-256.254;-256.692;-256.895;-256.942;-255.98;9:41:28;0.2308;;
2621;29.9777;29.7546;-256.762;-256.262;-256.684;-256.895;-256.942;-255.972;9:41:28;0.2231;;
2622;29.9855;29.7468;-256.762;-256.254;-256.7;-256.888;-256.942;-255.98;9:41:29;0.2387;;
2623;29.9855;29.7468;-256.758;-256.254;-256.684;-256.895;-256.942;-255.972;9:41:29;0.2387;;
2624;29.9855;29.7468;-256.758;-256.254;-256.692;-256.895;-256.942;-255.988;9:41:30;0.2387;;
2625;29.9855;29.7546;-256.762;-256.262;-256.684;-256.895;-256.942;-255.972;9:41:30;0.2309;;
2626;29.9933;29.739;-256.758;-256.254;-256.7;-256.903;-256.942;-255.988;9:41:31;0.2543;;
2627;29.9933;29.7468;-256.762;-256.254;-256.684;-256.903;-256.935;-255.98;9:41:31;0.2465;;
2628;29.9855;29.7468;-256.762;-256.254;-256.692;-256.903;-256.935;-255.98;9:41:32;0.2387;;
2629;29.9933;29.7468;-256.758;-256.262;-256.684;-256.903;-256.935;-255.98;9:41:32;0.2465;;
2630;29.9933;29.739;-256.762;-256.254;-256.692;-256.903;-256.942;-255.972;9:41:33;0.2543;;
2631;29.9933;29.7546;-256.758;-256.262;-256.684;-256.895;-256.935;-255.98;9:41:33;0.2387;;
2632;29.9933;29.7468;-256.762;-256.254;-256.692;-256.903;-256.942;-255.972;9:41:34;0.2465;;
2633;30.0011;29.7546;-256.762;-256.262;-256.684;-256.895;-256.95;-255.972;9:41:34;0.2465;;
2634;29.9933;29.7546;-256.762;-256.262;-256.676;-256.895;-256.942;-255.98;9:41:35;0.2387;;
2635;30.0011;29.7625;-256.762;-256.262;-256.692;-256.903;-256.935;-255.98;9:41:35;0.2386;;
2636;30.0011;29.7546;-256.762;-256.262;-256.684;-256.895;-256.942;-255.98;9:41:36;0.2465;;
2637;30.0011;29.7703;-256.762;-256.262;-256.692;-256.903;-256.935;-255.98;9:41:36;0.2308;;
2638;30.0011;29.7703;-256.766;-256.262;-256.692;-256.903;-256.942;-255.98;9:41:37;0.2308;;
2639;30.0011;29.7546;-256.758;-256.254;-256.692;-256.903;-256.942;-255.972;9:41:37;0.2465;;
2640;30.009;29.7703;-256.758;-256.254;-256.692;-256.903;-256.942;-255.98;9:41:38;0.2387;;
2641;30.009;29.7703;-256.758;-256.254;-256.684;-256.903;-256.942;-255.98;9:41:38;0.2387;;
2642;30.009;29.7703;-256.758;-256.254;-256.692;-256.903;-256.942;-255.98;9:41:39;0.2387;;
2643;30.009;29.7703;-256.758;-256.254;-256.692;-256.903;-256.935;-255.972;9:41:39;0.2387;;
2644;30.009;29.7781;-256.758;-256.254;-256.684;-256.895;-256.927;-255.98;9:41:40;0.2309;;
2645;30.009;29.7781;-256.758;-256.254;-256.692;-256.903;-256.935;-255.972;9:41:40;0.2309;;
2646;30.0168;29.7781;-256.758;-256.262;-256.684;-256.903;-256.935;-255.972;9:41:41;0.2387;;
2647;30.009;29.7859;-256.758;-256.254;-256.684;-256.903;-256.942;-255.972;9:41:41;0.2231;;
2648;30.0168;29.7781;-256.762;-256.254;-256.684;-256.911;-256.935;-255.972;9:41:42;0.2387;;
2649;30.0168;29.7859;-256.758;-256.262;-256.692;-256.903;-256.942;-255.972;9:41:42;0.2309;;
2650;30.0168;29.7859;-256.758;-256.254;-256.684;-256.903;-256.942;-255.98;9:41:43;0.2309;;
2651;30.0168;29.7781;-256.758;-256.254;-256.684;-256.895;-256.927;-255.972;9:41:43;0.2387;;
2652;30.0246;29.7781;-256.758;-256.262;-256.692;-256.895;-256.942;-255.972;9:41:44;0.2465;;
2653;30.0246;29.7781;-256.758;-256.254;-256.692;-256.903;-256.935;-255.972;9:41:44;0.2465;;
2654;30.0246;29.7859;-256.762;-256.254;-256.684;-256.895;-256.942;-255.964;9:41:45;0.2387;;
2655;30.0285;29.7859;-256.758;-256.254;-256.692;-256.903;-256.942;-255.972;9:41:45;0.2426;;
2656;30.0285;29.7781;-256.762;-256.262;-256.692;-256.903;-256.942;-255.972;9:41:46;0.2504;;
2657;30.0285;29.7859;-256.758;-256.262;-256.684;-256.895;-256.927;-255.972;9:41:46;0.2426;;
2658;30.0324;29.7859;-256.758;-256.254;-256.692;-256.903;-256.942;-255.972;9:41:47;0.2465;;
2659;30.0363;29.7859;-256.762;-256.262;-256.692;-256.903;-256.935;-255.972;9:41:47;0.2504;;
2660;30.0363;29.7859;-256.758;-256.262;-256.684;-256.903;-256.942;-255.972;9:41:48;0.2504;;
2661;30.0324;29.7781;-256.762;-256.254;-256.692;-256.903;-256.942;-255.972;9:41:48;0.2543;;
2662;30.0363;29.7781;-256.758;-256.262;-256.684;-256.895;-256.942;-255.972;9:41:49;0.2582;;
2663;30.0363;29.7859;-256.758;-256.262;-256.692;-256.903;-256.927;-255.964;9:41:49;0.2504;;
2664;30.0363;29.7859;-256.758;-256.254;-256.692;-256.903;-256.942;-255.972;9:41:50;0.2504;;
2665;30.0363;29.7859;-256.758;-256.25;-256.684;-256.895;-256.95;-255.972;9:41:50;0.2504;;
2666;30.0363;29.7938;-256.758;-256.254;-256.676;-256.903;-256.935;-255.972;9:41:51;0.2425;;
2667;30.0363;29.7859;-256.758;-256.25;-256.684;-256.903;-256.942;-255.972;9:41:51;0.2504;;
2668;30.0403;29.7859;-256.758;-256.25;-256.684;-256.895;-256.942;-255.972;9:41:52;0.2544;;
2669;30.0363;29.7859;-256.758;-256.254;-256.692;-256.903;-256.935;-255.972;9:41:52;0.2504;;
2670;30.0363;29.7938;-256.755;-256.25;-256.676;-256.903;-256.935;-255.964;9:41:53;0.2425;;
2671;30.0403;29.7859;-256.755;-256.25;-256.684;-256.903;-256.942;-255.972;9:41:53;0.2544;;
2672;30.0442;29.7938;-256.758;-256.254;-256.684;-256.895;-256.935;-255.972;9:41:54;0.2504;;
2673;30.0442;29.7938;-256.755;-256.25;-256.676;-256.895;-256.942;-255.972;9:41:54;0.2504;;
2674;30.0442;29.7938;-256.758;-256.254;-256.692;-256.895;-256.942;-255.972;9:41:55;0.2504;;
2675;30.052;29.8016;-256.755;-256.254;-256.684;-256.903;-256.935;-255.972;9:41:55;0.2504;;
2676;30.052;29.7938;-256.758;-256.25;-256.684;-256.903;-256.935;-255.964;9:41:56;0.2582;;
2677;30.052;29.8094;-256.755;-256.254;-256.684;-256.895;-256.935;-255.972;9:41:56;0.2426;;
2678;30.052;29.8016;-256.758;-256.25;-256.684;-256.903;-256.942;-255.972;9:41:57;0.2504;;
2679;30.0598;29.8094;-256.755;-256.25;-256.684;-256.903;-256.942;-255.972;9:41:57;0.2504;;
2680;30.0598;29.8094;-256.751;-256.25;-256.684;-256.903;-256.942;-255.964;9:41:58;0.2504;;
2681;30.0598;29.8094;-256.751;-256.25;-256.684;-256.895;-256.935;-255.972;9:41:58;0.2504;;
2682;30.0676;29.8094;-256.747;-256.25;-256.684;-256.903;-256.942;-255.972;9:41:59;0.2582;;
2683;30.0598;29.8016;-256.751;-256.25;-256.692;-256.895;-256.942;-255.964;9:41:59;0.2582;;
2684;30.0598;29.8016;-256.751;-256.254;-256.684;-256.895;-256.935;-255.972;9:42:00;0.2582;;
2685;30.0598;29.8016;-256.751;-256.25;-256.692;-256.903;-256.935;-255.972;9:42:00;0.2582;;
2686;30.0598;29.8016;-256.747;-256.254;-256.7;-256.895;-256.942;-255.972;9:42:01;0.2582;;
2687;30.0598;29.7938;-256.751;-256.25;-256.692;-256.903;-256.942;-255.972;9:42:01;0.266;;
2688;30.052;29.7938;-256.755;-256.254;-256.684;-256.895;-256.95;-255.972;9:42:02;0.2582;;
2689;30.052;29.8016;-256.755;-256.254;-256.692;-256.888;-256.942;-255.964;9:42:02;0.2504;;
2690;30.0598;29.7938;-256.755;-256.25;-256.692;-256.895;-256.942;-255.98;9:42:03;0.266;;
2691;30.052;29.7938;-256.755;-256.25;-256.684;-256.903;-256.935;-255.964;9:42:03;0.2582;;
2692;30.052;29.8016;-256.755;-256.254;-256.684;-256.895;-256.942;-255.972;9:42:04;0.2504;;
2693;30.052;29.8016;-256.755;-256.254;-256.692;-256.903;-256.942;-255.964;9:42:04;0.2504;;
2694;30.052;29.7938;-256.758;-256.254;-256.684;-256.895;-256.935;-255.964;9:42:05;0.2582;;
2695;30.0442;29.7938;-256.758;-256.25;-256.684;-256.895;-256.935;-255.972;9:42:05;0.2504;;
2696;30.0403;29.7859;-256.755;-256.254;-256.692;-256.888;-256.942;-255.972;9:42:06;0.2544;;
2697;30.0442;29.7938;-256.758;-256.25;-256.684;-256.895;-256.935;-255.964;9:42:06;0.2504;;
2698;30.0403;29.7859;-256.755;-256.254;-256.692;-256.895;-256.95;-255.972;9:42:07;0.2544;;
2699;30.0363;29.7859;-256.755;-256.254;-256.692;-256.895;-256.942;-255.972;9:42:07;0.2504;;
2700;30.0403;29.7938;-256.755;-256.25;-256.692;-256.903;-256.942;-255.964;9:42:08;0.2465;;
2701;30.0363;29.7781;-256.758;-256.25;-256.692;-256.895;-256.942;-255.964;9:42:08;0.2582;;
2702;30.0363;29.7859;-256.755;-256.254;-256.692;-256.895;-256.942;-255.972;9:42:09;0.2504;;
2703;30.0324;29.7859;-256.758;-256.254;-256.692;-256.895;-256.935;-255.972;9:42:09;0.2465;;
2704;30.0324;29.7859;-256.755;-256.254;-256.7;-256.903;-256.935;-255.964;9:42:10;0.2465;;
2705;30.0363;29.7859;-256.758;-256.254;-256.692;-256.895;-256.935;-255.972;9:42:10;0.2504;;
2706;30.0324;29.7859;-256.755;-256.254;-256.684;-256.895;-256.935;-255.972;9:42:11;0.2465;;
2707;30.0324;29.7859;-256.755;-256.254;-256.7;-256.895;-256.935;-255.964;9:42:11;0.2465;;
2708;30.0324;29.7781;-256.755;-256.254;-256.684;-256.895;-256.935;-255.972;9:42:12;0.2543;;
2709;30.0285;29.7859;-256.751;-256.254;-256.692;-256.903;-256.935;-255.964;9:42:12;0.2426;;
2710;30.0246;29.7781;-256.751;-256.262;-256.692;-256.895;-256.942;-255.972;9:42:13;0.2465;;
2711;30.0285;29.7781;-256.755;-256.254;-256.684;-256.895;-256.935;-255.972;9:42:13;0.2504;;
2712;30.0246;29.7781;-256.751;-256.262;-256.7;-256.903;-256.942;-255.964;9:42:14;0.2465;;
2713;30.0168;29.7703;-256.751;-256.254;-256.684;-256.895;-256.942;-255.972;9:42:14;0.2465;;
2714;30.0246;29.7781;-256.755;-256.254;-256.692;-256.895;-256.935;-255.972;9:42:15;0.2465;;
2715;30.0168;29.7781;-256.751;-256.258;-256.692;-256.895;-256.95;-255.972;9:42:15;0.2387;;
2716;30.0168;29.7703;-256.751;-256.254;-256.692;-256.888;-256.935;-255.972;9:42:16;0.2465;;
2717;30.0168;29.7781;-256.751;-256.254;-256.692;-256.888;-256.95;-255.972;9:42:16;0.2387;;
2718;30.009;29.7703;-256.755;-256.254;-256.7;-256.895;-256.942;-255.964;9:42:17;0.2387;;
2719;30.0011;29.7625;-256.755;-256.254;-256.692;-256.888;-256.942;-255.972;9:42:17;0.2386;;
2720;30.0011;29.7625;-256.755;-256.254;-256.7;-256.895;-256.942;-255.972;9:42:18;0.2386;;
2721;29.9933;29.7625;-256.755;-256.262;-256.7;-256.888;-256.942;-255.972;9:42:18;0.2308;;
2722;29.9933;29.7625;-256.751;-256.254;-256.692;-256.895;-256.942;-255.972;9:42:19;0.2308;;
2723;29.9933;29.7625;-256.755;-256.254;-256.7;-256.895;-256.935;-255.964;9:42:19;0.2308;;
2724;29.9855;29.7625;-256.755;-256.262;-256.692;-256.888;-256.935;-255.972;9:42:20;0.223;;
2725;29.9855;29.7546;-256.755;-256.254;-256.7;-256.895;-256.935;-255.972;9:42:20;0.2309;;
2726;29.9855;29.7468;-256.755;-256.25;-256.692;-256.895;-256.927;-255.972;9:42:21;0.2387;;
2727;29.9777;29.7468;-256.755;-256.254;-256.684;-256.895;-256.942;-255.972;9:42:21;0.2309;;
2728;29.9855;29.7468;-256.755;-256.254;-256.684;-256.895;-256.942;-255.972;9:42:22;0.2387;;
2729;29.9777;29.739;-256.755;-256.254;-256.692;-256.895;-256.935;-255.972;9:42:22;0.2387;;
2730;29.9855;29.7468;-256.751;-256.254;-256.692;-256.895;-256.95;-255.972;9:42:23;0.2387;;
2731;29.9777;29.7546;-256.755;-256.25;-256.684;-256.903;-256.942;-255.972;9:42:23;0.2231;;
2732;29.9855;29.7468;-256.755;-256.254;-256.692;-256.895;-256.942;-255.98;9:42:24;0.2387;;
2733;29.9777;29.7546;-256.755;-256.25;-256.684;-256.895;-256.935;-255.964;9:42:24;0.2231;;
2734;29.9777;29.7468;-256.755;-256.254;-256.692;-256.895;-256.935;-255.98;9:42:25;0.2309;;
2735;29.9777;29.7468;-256.758;-256.254;-256.684;-256.895;-256.927;-255.964;9:42:25;0.2309;;
2736;29.9777;29.7468;-256.758;-256.25;-256.7;-256.895;-256.935;-255.972;9:42:26;0.2309;;
2737;29.9855;29.7546;-256.755;-256.254;-256.692;-256.895;-256.935;-255.972;9:42:26;0.2309;;
2738;29.9777;29.7468;-256.758;-256.254;-256.692;-256.895;-256.942;-255.972;9:42:27;0.2309;;
2739;29.9855;29.7546;-256.755;-256.254;-256.692;-256.895;-256.942;-255.964;9:42:27;0.2309;;
2740;29.9777;29.7468;-256.755;-256.25;-256.692;-256.895;-256.935;-255.972;9:42:28;0.2309;;
2741;29.9855;29.7546;-256.755;-256.262;-256.684;-256.895;-256.935;-255.956;9:42:28;0.2309;;
2742;29.9933;29.7468;-256.755;-256.25;-256.692;-256.895;-256.942;-255.972;9:42:29;0.2465;;
2743;29.9855;29.7546;-256.758;-256.25;-256.692;-256.895;-256.935;-255.964;9:42:29;0.2309;;
2744;29.9933;29.7468;-256.755;-256.254;-256.684;-256.895;-256.935;-255.964;9:42:30;0.2465;;
2745;29.9933;29.7546;-256.755;-256.25;-256.692;-256.903;-256.942;-255.972;9:42:30;0.2387;;
2746;29.9933;29.7625;-256.755;-256.25;-256.7;-256.895;-256.935;-255.964;9:42:31;0.2308;;
2747;29.9933;29.7546;-256.755;-256.25;-256.692;-256.895;-256.935;-255.972;9:42:31;0.2387;;
2748;29.9933;29.7546;-256.755;-256.25;-256.692;-256.895;-256.942;-255.964;9:42:32;0.2387;;
2749;29.9933;29.7703;-256.751;-256.254;-256.684;-256.888;-256.935;-255.972;9:42:32;0.223;;
2750;29.9933;29.7625;-256.755;-256.25;-256.692;-256.895;-256.942;-255.964;9:42:33;0.2308;;
2751;29.9933;29.7625;-256.755;-256.254;-256.684;-256.895;-256.935;-255.972;9:42:33;0.2308;;
2752;29.9933;29.7625;-256.755;-256.25;-256.692;-256.888;-256.942;-255.964;9:42:34;0.2308;;
2753;30.0011;29.7546;-256.755;-256.254;-256.684;-256.895;-256.935;-255.972;9:42:34;0.2465;;
2754;29.9933;29.7703;-256.755;-256.254;-256.692;-256.895;-256.942;-255.964;9:42:35;0.223;;
2755;30.0011;29.7625;-256.755;-256.25;-256.684;-256.895;-256.935;-255.972;9:42:35;0.2386;;
2756;30.0011;29.7703;-256.751;-256.25;-256.692;-256.895;-256.935;-255.964;9:42:36;0.2308;;
2757;30.009;29.7703;-256.755;-256.254;-256.692;-256.895;-256.927;-255.98;9:42:36;0.2387;;
2758;30.0011;29.7781;-256.755;-256.25;-256.692;-256.895;-256.942;-255.972;9:42:37;0.223;;
2759;30.0011;29.7703;-256.751;-256.254;-256.692;-256.895;-256.927;-255.972;9:42:37;0.2308;;
2760;30.0168;29.7781;-256.758;-256.254;-256.684;-256.903;-256.935;-255.98;9:42:38;0.2387;;
2761;30.0168;29.7703;-256.755;-256.254;-256.692;-256.895;-256.942;-255.972;9:42:38;0.2465;;
2762;30.0246;29.7781;-256.755;-256.254;-256.7;-256.895;-256.935;-255.972;9:42:39;0.2465;;
2763;30.0246;29.7781;-256.755;-256.25;-256.692;-256.903;-256.942;-255.98;9:42:39;0.2465;;
2764;30.0168;29.7781;-256.755;-256.254;-256.692;-256.888;-256.95;-255.964;9:42:40;0.2387;;
2765;30.0285;29.7859;-256.755;-256.25;-256.692;-256.895;-256.935;-255.972;9:42:40;0.2426;;
2766;30.0246;29.7859;-256.751;-256.254;-256.692;-256.895;-256.935;-255.972;9:42:41;0.2387;;
2767;30.0324;29.7938;-256.755;-256.254;-256.684;-256.895;-256.935;-255.972;9:42:41;0.2386;;
2768;30.0285;29.7859;-256.755;-256.25;-256.684;-256.895;-256.935;-255.972;9:42:42;0.2426;;
2769;30.0324;29.7938;-256.755;-256.254;-256.692;-256.903;-256.942;-255.964;9:42:42;0.2386;;
2770;30.0324;29.7781;-256.751;-256.25;-256.684;-256.895;-256.95;-255.972;9:42:43;0.2543;;
2771;30.0324;29.7859;-256.755;-256.254;-256.692;-256.895;-256.942;-255.972;9:42:43;0.2465;;
2772;30.0324;29.7938;-256.747;-256.254;-256.684;-256.895;-256.942;-255.972;9:42:44;0.2386;;
2773;30.0324;29.7859;-256.755;-256.25;-256.684;-256.895;-256.942;-255.972;9:42:44;0.2465;;
2774;30.0363;29.8016;-256.755;-256.254;-256.692;-256.895;-256.942;-255.972;9:42:45;0.2347;;
2775;30.0363;29.7938;-256.758;-256.25;-256.692;-256.895;-256.935;-255.972;9:42:45;0.2425;;
2776;30.0403;29.8016;-256.758;-256.25;-256.684;-256.895;-256.942;-255.972;9:42:46;0.2387;;
2777;30.0442;29.8016;-256.755;-256.254;-256.692;-256.888;-256.942;-255.972;9:42:46;0.2426;;
2778;30.0403;29.8094;-256.755;-256.25;-256.692;-256.895;-256.942;-255.98;9:42:47;0.2309;;
2779;30.0442;29.8016;-256.755;-256.254;-256.692;-256.895;-256.942;-255.972;9:42:47;0.2426;;
2780;30.0403;29.8094;-256.758;-256.254;-256.684;-256.903;-256.942;-255.972;9:42:48;0.2309;;
2781;30.052;29.8094;-256.758;-256.254;-256.684;-256.895;-256.942;-255.98;9:42:48;0.2426;;
2782;30.052;29.8172;-256.755;-256.262;-256.684;-256.895;-256.942;-255.972;9:42:49;0.2348;;
2783;30.0442;29.8094;-256.758;-256.25;-256.692;-256.888;-256.942;-255.98;9:42:49;0.2348;;
2784;30.052;29.8094;-256.751;-256.254;-256.692;-256.895;-256.942;-255.972;9:42:50;0.2426;;
2785;30.052;29.8172;-256.751;-256.254;-256.684;-256.895;-256.942;-255.98;9:42:50;0.2348;;
2786;30.0598;29.8094;-256.755;-256.254;-256.684;-256.895;-256.935;-255.98;9:42:51;0.2504;;
2787;30.052;29.8094;-256.751;-256.254;-256.692;-256.895;-256.942;-255.972;9:42:51;0.2426;;
2788;30.0598;29.8172;-256.751;-256.25;-256.692;-256.895;-256.942;-255.98;9:42:52;0.2426;;
2789;30.052;29.8094;-256.751;-256.254;-256.684;-256.895;-256.942;-255.972;9:42:52;0.2426;;
2790;30.052;29.8094;-256.751;-256.25;-256.692;-256.895;-256.942;-255.972;9:42:53;0.2426;;
2791;30.0442;29.8094;-256.755;-256.25;-256.684;-256.895;-256.935;-255.964;9:42:53;0.2348;;
2792;30.052;29.8172;-256.751;-256.262;-256.692;-256.895;-256.942;-255.972;9:42:54;0.2348;;
2793;30.0442;29.8094;-256.755;-256.254;-256.684;-256.895;-256.942;-255.972;9:42:54;0.2348;;
2794;30.0442;29.8016;-256.755;-256.25;-256.692;-256.895;-256.935;-255.972;9:42:55;0.2426;;
2795;30.0442;29.8016;-256.755;-256.254;-256.692;-256.895;-256.935;-255.972;9:42:55;0.2426;;
2796;30.0403;29.7938;-256.755;-256.25;-256.684;-256.895;-256.935;-255.972;9:42:56;0.2465;;
2797;30.0403;29.8016;-256.755;-256.254;-256.692;-256.895;-256.935;-255.972;9:42:56;0.2387;;
2798;30.0363;29.7938;-256.755;-256.254;-256.692;-256.895;-256.942;-255.972;9:42:57;0.2425;;
2799;30.0363;29.8016;-256.755;-256.25;-256.692;-256.903;-256.942;-255.972;9:42:57;0.2347;;
2800;30.0403;29.7938;-256.755;-256.254;-256.692;-256.895;-256.942;-255.98;9:42:58;0.2465;;
2801;30.0363;29.7938;-256.751;-256.254;-256.684;-256.903;-256.935;-255.972;9:42:58;0.2425;;
2802;30.0324;29.8016;-256.755;-256.254;-256.692;-256.903;-256.942;-255.98;9:42:59;0.2308;;
2803;30.0324;29.8016;-256.751;-256.262;-256.692;-256.895;-256.942;-255.972;9:42:59;0.2308;;
2804;30.0324;29.7938;-256.758;-256.254;-256.692;-256.903;-256.935;-255.972;9:43:00;0.2386;;
2805;30.0324;29.7938;-256.758;-256.262;-256.692;-256.888;-256.935;-255.98;9:43:00;0.2386;;
2806;30.0285;29.7781;-256.758;-256.262;-256.692;-256.903;-256.95;-255.972;9:43:01;0.2504;;
2807;30.0285;29.7938;-256.755;-256.262;-256.684;-256.895;-256.935;-255.972;9:43:01;0.2347;;
2808;30.0285;29.7781;-256.758;-256.254;-256.692;-256.895;-256.95;-255.972;9:43:02;0.2504;;
2809;30.0246;29.7938;-256.755;-256.262;-256.692;-256.895;-256.942;-255.964;9:43:02;0.2308;;
2810;30.0285;29.7859;-256.755;-256.254;-256.692;-256.895;-256.95;-255.972;9:43:03;0.2426;;
2811;30.0246;29.7859;-256.758;-256.254;-256.7;-256.895;-256.942;-255.972;9:43:03;0.2387;;
2812;30.009;29.7781;-256.755;-256.254;-256.684;-256.903;-256.935;-255.972;9:43:04;0.2309;;
2813;30.0246;29.7859;-256.758;-256.254;-256.7;-256.895;-256.942;-255.964;9:43:04;0.2387;;
2814;30.0168;29.7859;-256.758;-256.254;-256.692;-256.903;-256.942;-255.972;9:43:05;0.2309;;
2815;30.009;29.7703;-256.755;-256.254;-256.7;-256.888;-256.935;-255.972;9:43:05;0.2387;;
2816;30.009;29.7781;-256.758;-256.254;-256.692;-256.895;-256.942;-255.972;9:43:06;0.2309;;
2817;30.009;29.7781;-256.751;-256.254;-256.7;-256.888;-256.95;-255.964;9:43:06;0.2309;;
2818;30.0011;29.7703;-256.755;-256.254;-256.692;-256.888;-256.942;-255.964;9:43:07;0.2308;;
2819;29.9933;29.7703;-256.758;-256.254;-256.692;-256.888;-256.942;-255.972;9:43:07;0.223;;
2820;30.0011;29.7625;-256.755;-256.254;-256.7;-256.888;-256.935;-255.964;9:43:08;0.2386;;
2821;30.0011;29.7703;-256.755;-256.25;-256.692;-256.888;-256.942;-255.972;9:43:08;0.2308;;
2822;30.0011;29.7625;-256.751;-256.25;-256.692;-256.895;-256.942;-255.964;9:43:09;0.2386;;
2823;29.9933;29.7546;-256.747;-256.258;-256.692;-256.888;-256.942;-255.972;9:43:09;0.2387;;
2824;29.9855;29.7625;-256.747;-256.254;-256.692;-256.895;-256.942;-255.972;9:43:10;0.223;;
2825;29.9933;29.7546;-256.747;-256.254;-256.692;-256.895;-256.942;-255.964;9:43:10;0.2387;;
2826;29.9933;29.7546;-256.747;-256.254;-256.692;-256.888;-256.942;-255.964;9:43:11;0.2387;;
2827;29.9855;29.7546;-256.743;-256.246;-256.692;-256.895;-256.942;-255.964;9:43:11;0.2309;;
2828;29.9855;29.7468;-256.743;-256.254;-256.692;-256.888;-256.935;-255.972;9:43:12;0.2387;;
2829;29.9933;29.7468;-256.747;-256.25;-256.692;-256.895;-256.942;-255.964;9:43:12;0.2465;;
2830;29.9855;29.7468;-256.747;-256.25;-256.684;-256.888;-256.942;-255.972;9:43:13;0.2387;;
2831;29.9855;29.739;-256.743;-256.254;-256.692;-256.895;-256.942;-255.964;9:43:13;0.2465;;
2832;29.9933;29.7468;-256.751;-256.25;-256.692;-256.888;-256.942;-255.972;9:43:14;0.2465;;
2833;29.9933;29.7468;-256.747;-256.254;-256.692;-256.895;-256.935;-255.964;9:43:14;0.2465;;
2834;29.9933;29.7546;-256.747;-256.25;-256.692;-256.888;-256.942;-255.972;9:43:15;0.2387;;
2835;29.9855;29.7468;-256.751;-256.254;-256.692;-256.888;-256.935;-255.972;9:43:15;0.2387;;
2836;29.9855;29.7546;-256.751;-256.25;-256.692;-256.888;-256.935;-255.972;9:43:16;0.2309;;
2837;29.9855;29.7468;-256.747;-256.254;-256.692;-256.888;-256.935;-255.98;9:43:16;0.2387;;
2838;29.9855;29.7546;-256.751;-256.25;-256.692;-256.895;-256.942;-255.972;9:43:17;0.2309;;
2839;29.9855;29.7468;-256.747;-256.25;-256.684;-256.895;-256.942;-255.972;9:43:17;0.2387;;
2840;29.9933;29.7546;-256.747;-256.258;-256.692;-256.895;-256.95;-255.972;9:43:18;0.2387;;
2841;29.9933;29.7546;-256.747;-256.254;-256.692;-256.888;-256.95;-255.972;9:43:18;0.2387;;
2842;29.9855;29.7546;-256.747;-256.25;-256.684;-256.895;-256.942;-255.972;9:43:19;0.2309;;
2843;29.9933;29.7546;-256.747;-256.254;-256.692;-256.888;-256.95;-255.98;9:43:19;0.2387;;
2844;29.9855;29.7468;-256.751;-256.254;-256.684;-256.903;-256.942;-255.972;9:43:20;0.2387;;
2845;29.9933;29.7546;-256.743;-256.254;-256.692;-256.895;-256.95;-255.972;9:43:20;0.2387;;
2846;29.9933;29.7546;-256.747;-256.254;-256.692;-256.888;-256.95;-255.972;9:43:21;0.2387;;
2847;29.9933;29.7625;-256.747;-256.254;-256.684;-256.895;-256.942;-255.972;9:43:21;0.2308;;
2848;30.0011;29.7625;-256.747;-256.262;-256.692;-256.903;-256.942;-255.972;9:43:22;0.2386;;
2849;29.9933;29.7625;-256.743;-256.254;-256.7;-256.895;-256.942;-255.972;9:43:22;0.2308;;
2850;30.0011;29.7625;-256.747;-256.254;-256.692;-256.895;-256.935;-255.972;9:43:23;0.2386;;
2851;30.009;29.7625;-256.747;-256.254;-256.692;-256.895;-256.935;-255.972;9:43:23;0.2465;;
2852;30.0011;29.7625;-256.755;-256.25;-256.692;-256.888;-256.942;-255.964;9:43:24;0.2386;;
2853;30.009;29.7625;-256.758;-256.254;-256.676;-256.888;-256.935;-255.972;9:43:24;0.2465;;
2854;30.009;29.7625;-256.755;-256.254;-256.692;-256.888;-256.942;-255.972;9:43:25;0.2465;;
2855;30.0168;29.7703;-256.755;-256.25;-256.684;-256.895;-256.935;-255.972;9:43:25;0.2465;;
2856;30.009;29.7625;-256.758;-256.254;-256.692;-256.88;-256.935;-255.972;9:43:26;0.2465;;
2857;30.0168;29.7781;-256.755;-256.254;-256.692;-256.888;-256.935;-255.972;9:43:26;0.2387;;
2858;30.0168;29.7703;-256.755;-256.254;-256.692;-256.888;-256.935;-255.98;9:43:27;0.2465;;
2859;30.0246;29.7781;-256.755;-256.254;-256.684;-256.888;-256.935;-255.972;9:43:27;0.2465;;
2860;30.0168;29.7703;-256.751;-256.25;-256.692;-256.888;-256.935;-255.98;9:43:28;0.2465;;
2861;30.0246;29.7859;-256.755;-256.254;-256.684;-256.888;-256.935;-255.972;9:43:28;0.2387;;
2862;30.0168;29.7781;-256.755;-256.25;-256.692;-256.888;-256.942;-255.98;9:43:29;0.2387;;
2863;30.0285;29.7781;-256.755;-256.254;-256.684;-256.888;-256.95;-255.972;9:43:29;0.2504;;
2864;30.0285;29.7781;-256.755;-256.25;-256.692;-256.888;-256.942;-255.964;9:43:30;0.2504;;
2865;30.0246;29.7781;-256.755;-256.254;-256.692;-256.895;-256.942;-255.972;9:43:30;0.2465;;
2866;30.0324;29.7781;-256.758;-256.254;-256.684;-256.888;-256.942;-255.972;9:43:31;0.2543;;
2867;30.0285;29.7781;-256.751;-256.254;-256.684;-256.888;-256.942;-255.972;9:43:31;0.2504;;
2868;30.0324;29.7859;-256.755;-256.254;-256.692;-256.888;-256.942;-255.972;9:43:32;0.2465;;
2869;30.0285;29.7781;-256.747;-256.254;-256.684;-256.895;-256.942;-255.972;9:43:32;0.2504;;
2870;30.0324;29.7703;-256.751;-256.254;-256.692;-256.888;-256.942;-255.964;9:43:33;0.2621;;
2871;30.0324;29.7781;-256.755;-256.25;-256.684;-256.888;-256.942;-255.972;9:43:33;0.2543;;
2872;30.0324;29.7781;-256.755;-256.254;-256.692;-256.895;-256.942;-255.972;9:43:34;0.2543;;
2873;30.0403;29.7859;-256.751;-256.254;-256.684;-256.888;-256.935;-255.972;9:43:34;0.2544;;
2874;30.0363;29.7781;-256.751;-256.254;-256.684;-256.888;-256.95;-255.972;9:43:35;0.2582;;
2875;30.0403;29.7859;-256.751;-256.254;-256.684;-256.895;-256.942;-255.972;9:43:35;0.2544;;
2876;30.0403;29.7859;-256.751;-256.25;-256.692;-256.888;-256.942;-255.964;9:43:36;0.2544;;
2877;30.0403;29.7859;-256.751;-256.254;-256.684;-256.888;-256.942;-255.972;9:43:36;0.2544;;
2878;30.0442;29.7859;-256.755;-256.25;-256.692;-256.895;-256.935;-255.972;9:43:37;0.2583;;
2879;30.0442;29.8016;-256.751;-256.25;-256.692;-256.888;-256.942;-255.972;9:43:37;0.2426;;
2880;30.0442;29.7859;-256.751;-256.25;-256.684;-256.888;-256.935;-255.972;9:43:38;0.2583;;
2881;30.0598;29.8016;-256.751;-256.25;-256.692;-256.888;-256.935;-255.964;9:43:38;0.2582;;
2882;30.0442;29.7938;-256.751;-256.25;-256.692;-256.888;-256.935;-255.972;9:43:39;0.2504;;
2883;30.052;29.8016;-256.747;-256.254;-256.692;-256.888;-256.942;-255.98;9:43:39;0.2504;;
2884;30.0442;29.8094;-256.751;-256.25;-256.692;-256.895;-256.927;-255.972;9:43:40;0.2348;;
2885;30.052;29.8016;-256.751;-256.25;-256.692;-256.888;-256.942;-255.972;9:43:40;0.2504;;
2886;30.0442;29.8094;-256.747;-256.25;-256.692;-256.895;-256.942;-255.972;9:43:41;0.2348;;
2887;30.052;29.8094;-256.751;-256.254;-256.7;-256.888;-256.942;-255.972;9:43:41;0.2426;;
2888;30.052;29.8016;-256.751;-256.254;-256.692;-256.895;-256.942;-255.972;9:43:42;0.2504;;
2889;30.052;29.8094;-256.755;-256.246;-256.692;-256.888;-256.935;-255.972;9:43:42;0.2426;;
2890;30.052;29.8016;-256.751;-256.254;-256.692;-256.888;-256.942;-255.964;9:43:43;0.2504;;
2891;30.052;29.8016;-256.751;-256.254;-256.692;-256.895;-256.935;-255.972;9:43:43;0.2504;;
2892;30.052;29.8016;-256.751;-256.25;-256.684;-256.895;-256.942;-255.972;9:43:44;0.2504;;
2893;30.052;29.7938;-256.755;-256.254;-256.692;-256.895;-256.935;-255.964;9:43:44;0.2582;;
2894;30.0442;29.8016;-256.751;-256.254;-256.684;-256.895;-256.935;-255.972;9:43:45;0.2426;;
2895;30.0442;29.8016;-256.758;-256.25;-256.684;-256.895;-256.942;-255.972;9:43:45;0.2426;;
2896;30.0442;29.8016;-256.755;-256.25;-256.692;-256.895;-256.935;-255.964;9:43:46;0.2426;;
2897;30.052;29.8016;-256.751;-256.254;-256.684;-256.895;-256.935;-255.972;9:43:46;0.2504;;
2898;30.0403;29.8016;-256.751;-256.246;-256.684;-256.888;-256.935;-255.964;9:43:47;0.2387;;
2899;30.0403;29.7938;-256.755;-256.254;-256.684;-256.895;-256.942;-255.972;9:43:47;0.2465;;
2900;30.0442;29.8016;-256.755;-256.25;-256.684;-256.888;-256.942;-255.964;9:43:48;0.2426;;
2901;30.0363;29.7938;-256.751;-256.25;-256.684;-256.895;-256.942;-255.972;9:43:48;0.2425;;
2902;30.0363;29.7938;-256.751;-256.25;-256.676;-256.903;-256.935;-255.972;9:43:49;0.2425;;
2903;30.0363;29.7938;-256.751;-256.254;-256.684;-256.895;-256.942;-255.98;9:43:49;0.2425;;
2904;30.0363;29.7938;-256.751;-256.262;-256.684;-256.895;-256.927;-255.972;9:43:50;0.2425;;
2905;30.0324;29.7859;-256.755;-256.262;-256.684;-256.895;-256.942;-255.972;9:43:50;0.2465;;
2906;30.0363;29.7938;-256.755;-256.254;-256.676;-256.895;-256.935;-255.972;9:43:51;0.2425;;
2907;30.0324;29.7859;-256.755;-256.262;-256.684;-256.903;-256.935;-255.972;9:43:51;0.2465;;
2908;30.0285;29.7781;-256.755;-256.254;-256.684;-256.895;-256.935;-255.972;9:43:52;0.2504;;
2909;30.0246;29.7859;-256.755;-256.262;-256.684;-256.903;-256.942;-255.972;9:43:52;0.2387;;
2910;30.0168;29.7859;-256.755;-256.262;-256.684;-256.903;-256.95;-255.972;9:43:53;0.2309;;
2911;30.0246;29.7781;-256.755;-256.262;-256.684;-256.895;-256.942;-255.964;9:43:53;0.2465;;
2912;30.0168;29.7781;-256.751;-256.254;-256.684;-256.903;-256.942;-255.98;9:43:54;0.2387;;
2913;30.009;29.7781;-256.751;-256.262;-256.684;-256.895;-256.942;-255.972;9:43:54;0.2309;;
2914;30.0168;29.7859;-256.755;-256.262;-256.692;-256.895;-256.942;-255.972;9:43:55;0.2309;;
2915;30.009;29.7781;-256.751;-256.262;-256.684;-256.895;-256.942;-255.972;9:43:55;0.2309;;
2916;30.009;29.7703;-256.751;-256.254;-256.684;-256.895;-256.942;-255.972;9:43:56;0.2387;;
2917;30.009;29.7703;-256.751;-256.254;-256.692;-256.895;-256.942;-255.972;9:43:56;0.2387;;
2918;30.0011;29.7703;-256.755;-256.25;-256.684;-256.895;-256.942;-255.972;9:43:57;0.2308;;
2919;30.0011;29.7625;-256.747;-256.254;-256.684;-256.895;-256.935;-255.972;9:43:57;0.2386;;
2920;29.9933;29.7625;-256.751;-256.254;-256.692;-256.888;-256.942;-255.98;9:43:58;0.2308;;
2921;29.9933;29.7703;-256.751;-256.254;-256.692;-256.895;-256.935;-255.988;9:43:58;0.223;;
2922;30.0011;29.7703;-256.747;-256.25;-256.692;-256.895;-256.942;-255.988;9:43:59;0.2308;;
2923;29.9933;29.7625;-256.751;-256.262;-256.692;-256.895;-256.935;-255.988;9:43:59;0.2308;;
2924;29.9855;29.7546;-256.747;-256.254;-256.692;-256.895;-256.935;-255.996;9:44:00;0.2309;;
2925;29.9933;29.7625;-256.751;-256.262;-256.692;-256.895;-256.942;-255.988;9:44:00;0.2308;;
2926;29.9933;29.7625;-256.751;-256.254;-256.676;-256.895;-256.935;-255.996;9:44:01;0.2308;;
2927;29.9855;29.7625;-256.747;-256.262;-256.684;-256.903;-256.935;-255.988;9:44:01;0.223;;
2928;29.9933;29.7546;-256.751;-256.262;-256.684;-256.895;-256.935;-255.996;9:44:02;0.2387;;
2929;29.9855;29.7625;-256.751;-256.254;-256.684;-256.895;-256.935;-255.988;9:44:02;0.223;;
2930;29.9933;29.7625;-256.751;-256.262;-256.684;-256.903;-256.927;-256.003;9:44:03;0.2308;;
2931;29.9855;29.7625;-256.747;-256.262;-256.684;-256.895;-256.935;-255.988;9:44:03;0.223;;
2932;29.9933;29.7625;-256.751;-256.262;-256.692;-256.903;-256.935;-255.988;9:44:04;0.2308;;
2933;29.9855;29.7625;-256.747;-256.254;-256.692;-256.911;-256.942;-255.996;9:44:04;0.223;;
2934;29.9933;29.7546;-256.743;-256.262;-256.684;-256.895;-256.942;-255.996;9:44:05;0.2387;;
2935;29.9933;29.7625;-256.751;-256.254;-256.684;-256.911;-256.935;-255.988;9:44:05;0.2308;;
2936;29.9933;29.7546;-256.747;-256.269;-256.692;-256.895;-256.942;-255.988;9:44:06;0.2387;;
2937;29.9855;29.7625;-256.747;-256.262;-256.684;-256.903;-256.942;-255.988;9:44:06;0.223;;
2938;29.9933;29.7546;-256.751;-256.269;-256.684;-256.903;-256.935;-255.996;9:44:07;0.2387;;
2939;29.9933;29.7703;-256.747;-256.262;-256.684;-256.903;-256.942;-255.988;9:44:07;0.223;;
2940;29.9933;29.7625;-256.747;-256.254;-256.684;-256.903;-256.942;-255.996;9:44:08;0.2308;;
2941;29.9933;29.7703;-256.747;-256.262;-256.692;-256.903;-256.935;-255.996;9:44:08;0.223;;
2942;30.0011;29.7703;-256.743;-256.254;-256.692;-256.895;-256.942;-255.996;9:44:09;0.2308;;
2943;30.0011;29.7703;-256.747;-256.262;-256.692;-256.903;-256.935;-255.988;9:44:09;0.2308;;
2944;30.0011;29.7703;-256.743;-256.262;-256.7;-256.903;-256.935;-255.996;9:44:10;0.2308;;
2945;29.9933;29.7703;-256.743;-256.254;-256.692;-256.903;-256.942;-255.988;9:44:10;0.223;;
2946;30.009;29.7703;-256.747;-256.262;-256.692;-256.903;-256.935;-255.988;9:44:11;0.2387;;
2947;30.0011;29.7781;-256.747;-256.262;-256.692;-256.903;-256.935;-255.988;9:44:11;0.223;;
2948;30.0011;29.7703;-256.743;-256.262;-256.684;-256.903;-256.935;-255.988;9:44:12;0.2308;;
2949;30.0011;29.7781;-256.747;-256.254;-256.684;-256.903;-256.935;-255.98;9:44:12;0.223;;
2950;30.009;29.7703;-256.747;-256.262;-256.692;-256.911;-256.942;-255.988;9:44:13;0.2387;;
2951;30.009;29.7781;-256.743;-256.262;-256.684;-256.903;-256.935;-255.988;9:44:13;0.2309;;
2952;30.0168;29.7859;-256.747;-256.262;-256.684;-256.903;-256.95;-255.98;9:44:14;0.2309;;
2953;30.009;29.7781;-256.747;-256.262;-256.684;-256.903;-256.935;-255.988;9:44:14;0.2309;;
2954;30.0168;29.7859;-256.743;-256.254;-256.692;-256.903;-256.935;-255.988;9:44:15;0.2309;;
2955;30.0168;29.7781;-256.743;-256.262;-256.692;-256.895;-256.942;-255.98;9:44:15;0.2387;;
2956;30.0168;29.7859;-256.743;-256.262;-256.692;-256.895;-256.927;-255.988;9:44:16;0.2309;;
2957;30.0168;29.7859;-256.743;-256.254;-256.692;-256.895;-256.942;-255.988;9:44:16;0.2309;;
2958;30.009;29.7781;-256.747;-256.254;-256.7;-256.895;-256.942;-255.988;9:44:17;0.2309;;
2959;30.0246;29.7859;-256.747;-256.254;-256.684;-256.895;-256.935;-255.988;9:44:17;0.2387;;
2960;30.0168;29.7859;-256.747;-256.262;-256.692;-256.888;-256.935;-255.988;9:44:18;0.2309;;
2961;30.0246;29.7859;-256.747;-256.254;-256.7;-256.895;-256.942;-255.98;9:44:18;0.2387;;
2962;30.0168;29.7859;-256.747;-256.254;-256.684;-256.895;-256.935;-255.98;9:44:19;0.2309;;
2963;30.0246;29.7938;-256.743;-256.254;-256.692;-256.888;-256.935;-255.98;9:44:19;0.2308;;
2964;30.0246;29.7859;-256.739;-256.254;-256.692;-256.895;-256.935;-255.988;9:44:20;0.2387;;
2965;30.0246;29.7938;-256.743;-256.254;-256.684;-256.895;-256.935;-255.98;9:44:20;0.2308;;
2966;30.0168;29.7938;-256.747;-256.262;-256.692;-256.895;-256.935;-255.98;9:44:21;0.223;;
2967;30.0246;29.7938;-256.743;-256.254;-256.692;-256.895;-256.927;-255.988;9:44:21;0.2308;;
2968;30.0285;29.7938;-256.743;-256.262;-256.692;-256.895;-256.935;-255.98;9:44:22;0.2347;;
2969;30.0246;29.7938;-256.743;-256.262;-256.684;-256.895;-256.935;-255.98;9:44:22;0.2308;;
2970;30.0285;29.8016;-256.743;-256.254;-256.692;-256.888;-256.942;-255.98;9:44:23;0.2269;;
2971;30.0285;29.7938;-256.743;-256.258;-256.692;-256.895;-256.935;-255.98;9:44:23;0.2347;;
2972;30.0285;29.7938;-256.735;-256.254;-256.684;-256.895;-256.942;-255.972;9:44:24;0.2347;;
2973;30.0285;29.7938;-256.727;-256.262;-256.684;-256.895;-256.935;-255.98;9:44:24;0.2347;;
2974;30.0324;29.8016;-256.735;-256.254;-256.684;-256.888;-256.935;-255.98;9:44:25;0.2308;;
2975;30.0324;29.8016;-256.735;-256.262;-256.684;-256.895;-256.927;-255.98;9:44:25;0.2308;;
2976;30.0363;29.7938;-256.747;-256.254;-256.684;-256.895;-256.935;-255.98;9:44:26;0.2425;;
2977;30.0324;29.8016;-256.735;-256.254;-256.684;-256.895;-256.935;-255.988;9:44:26;0.2308;;
2978;30.0363;29.8016;-256.743;-256.25;-256.684;-256.895;-256.935;-255.988;9:44:27;0.2347;;
2979;30.0363;29.8094;-256.743;-256.254;-256.684;-256.888;-256.935;-255.98;9:44:27;0.2269;;
2980;30.0403;29.8016;-256.743;-256.254;-256.684;-256.895;-256.935;-255.988;9:44:28;0.2387;;
2981;30.0363;29.8094;-256.743;-256.254;-256.676;-256.895;-256.935;-255.988;9:44:28;0.2269;;
2982;30.0403;29.8094;-256.747;-256.254;-256.684;-256.888;-256.942;-255.988;9:44:29;0.2309;;
2983;30.0363;29.8172;-256.743;-256.254;-256.684;-256.895;-256.935;-255.988;9:44:29;0.2191;;
2984;30.0442;29.8094;-256.743;-256.254;-256.676;-256.895;-256.942;-255.988;9:44:30;0.2348;;
2985;30.0403;29.8172;-256.747;-256.25;-256.692;-256.895;-256.935;-255.988;9:44:30;0.2231;;
2986;30.0442;29.8172;-256.743;-256.25;-256.684;-256.895;-256.942;-255.988;9:44:31;0.227;;
2987;30.052;29.8172;-256.743;-256.25;-256.684;-256.903;-256.935;-255.988;9:44:31;0.2348;;
2988;30.0442;29.8172;-256.747;-256.254;-256.676;-256.903;-256.942;-255.98;9:44:32;0.227;;
2989;30.0442;29.8172;-256.747;-256.246;-256.692;-256.895;-256.942;-255.988;9:44:32;0.227;;
2990;30.052;29.8251;-256.743;-256.25;-256.684;-256.895;-256.942;-255.988;9:44:33;0.2269;;
2991;30.0442;29.8251;-256.751;-256.25;-256.684;-256.888;-256.942;-255.988;9:44:33;0.2191;;
2992;30.052;29.8251;-256.743;-256.25;-256.684;-256.895;-256.935;-255.98;9:44:34;0.2269;;
2993;30.052;29.8329;-256.747;-256.254;-256.692;-256.895;-256.935;-255.98;9:44:34;0.2191;;
2994;30.052;29.8172;-256.747;-256.25;-256.684;-256.888;-256.935;-255.988;9:44:35;0.2348;;
2995;30.052;29.8329;-256.747;-256.246;-256.692;-256.895;-256.942;-255.98;9:44:35;0.2191;;
2996;30.0442;29.8251;-256.743;-256.25;-256.692;-256.903;-256.942;-255.988;9:44:36;0.2191;;
2997;30.052;29.8251;-256.751;-256.25;-256.684;-256.895;-256.942;-255.988;9:44:36;0.2269;;
2998;30.0442;29.8251;-256.747;-256.254;-256.684;-256.895;-256.942;-255.98;9:44:37;0.2191;;
2999;30.0442;29.8251;-256.743;-256.25;-256.684;-256.903;-256.942;-255.988;9:44:37;0.2191;;
3000;30.0442;29.8172;-256.747;-256.25;-256.684;-256.895;-256.942;-255.98;9:44:38;0.227;;
3001;30.0403;29.8251;-256.747;-256.25;-256.692;-256.903;-256.942;-255.988;9:44:38;0.2152;;
3002;30.0403;29.8251;-256.747;-256.25;-256.684;-256.895;-256.935;-255.988;9:44:39;0.2152;;
3003;30.0363;29.8172;-256.747;-256.254;-256.684;-256.903;-256.927;-255.988;9:44:39;0.2191;;
3004;30.0363;29.8251;-256.747;-256.25;-256.692;-256.903;-256.927;-255.988;9:44:40;0.2112;;
3005;30.0324;29.8172;-256.747;-256.25;-256.684;-256.895;-256.935;-255.988;9:44:40;0.2152;;
3006;30.0363;29.8172;-256.755;-256.25;-256.684;-256.903;-256.927;-255.98;9:44:41;0.2191;;
3007;30.0324;29.8172;-256.755;-256.25;-256.684;-256.903;-256.935;-255.988;9:44:41;0.2152;;
3008;30.0324;29.8016;-256.758;-256.254;-256.692;-256.903;-256.935;-255.988;9:44:42;0.2308;;
3009;30.0324;29.8016;-256.755;-256.25;-256.684;-256.903;-256.935;-255.98;9:44:42;0.2308;;
3010;30.0324;29.8094;-256.755;-256.254;-256.684;-256.895;-256.942;-255.98;9:44:43;0.223;;
3011;30.0324;29.8016;-256.758;-256.25;-256.684;-256.903;-256.935;-255.98;9:44:43;0.2308;;
3012;30.0324;29.8094;-256.755;-256.254;-256.684;-256.895;-256.935;-255.972;9:44:44;0.223;;
3013;30.0285;29.8016;-256.755;-256.25;-256.684;-256.895;-256.935;-255.98;9:44:44;0.2269;;
3014;30.0285;29.8094;-256.755;-256.254;-256.692;-256.895;-256.935;-255.98;9:44:45;0.2191;;
3015;30.0285;29.8094;-256.755;-256.25;-256.692;-256.895;-256.927;-255.988;9:44:45;0.2191;;
3016;30.0246;29.8016;-256.751;-256.254;-256.692;-256.888;-256.935;-255.98;9:44:46;0.223;;
3017;30.0246;29.8016;-256.755;-256.254;-256.692;-256.895;-256.935;-255.988;9:44:46;0.223;;
3018;30.0246;29.7938;-256.747;-256.254;-256.684;-256.888;-256.935;-255.98;9:44:47;0.2308;;
3019;30.0168;29.7938;-256.747;-256.262;-256.684;-256.895;-256.927;-255.98;9:44:47;0.223;;
3020;30.0168;29.7938;-256.747;-256.262;-256.692;-256.895;-256.935;-255.988;9:44:48;0.223;;
3021;30.009;29.7938;-256.751;-256.262;-256.684;-256.895;-256.927;-255.988;9:44:48;0.2152;;
3022;30.0168;29.7938;-256.755;-256.25;-256.684;-256.903;-256.935;-255.98;9:44:49;0.223;;
3023;30.0168;29.7859;-256.755;-256.262;-256.676;-256.903;-256.935;-255.988;9:44:49;0.2309;;
3024;30.009;29.7859;-256.755;-256.262;-256.684;-256.895;-256.942;-255.98;9:44:50;0.2231;;
3025;30.009;29.7859;-256.758;-256.262;-256.676;-256.903;-256.942;-255.988;9:44:50;0.2231;;
3026;30.0011;29.7938;-256.755;-256.262;-256.684;-256.895;-256.935;-255.988;9:44:51;0.2073;;
3027;29.9933;29.7859;-256.751;-256.262;-256.676;-256.895;-256.935;-255.98;9:44:51;0.2074;;
3028;29.9933;29.7938;-256.747;-256.254;-256.684;-256.903;-256.927;-255.988;9:44:52;0.1995;;
3029;29.9933;29.7859;-256.755;-256.262;-256.676;-256.895;-256.942;-255.988;9:44:52;0.2074;;
3030;29.9933;29.7859;-256.751;-256.254;-256.684;-256.903;-256.935;-255.972;9:44:53;0.2074;;
3031;29.9855;29.7859;-256.751;-256.254;-256.684;-256.895;-256.942;-255.98;9:44:53;0.1996;;
3032;29.9855;29.7859;-256.751;-256.254;-256.676;-256.895;-256.935;-255.988;9:44:54;0.1996;;
3033;29.9855;29.7781;-256.747;-256.254;-256.676;-256.895;-256.935;-255.98;9:44:54;0.2074;;
3034;29.9855;29.7703;-256.751;-256.262;-256.676;-256.895;-256.935;-255.98;9:44:55;0.2152;;
3035;29.9777;29.7703;-256.751;-256.254;-256.676;-256.895;-256.942;-255.98;9:44:55;0.2074;;
3036;29.9777;29.7625;-256.751;-256.258;-256.684;-256.895;-256.935;-255.98;9:44:56;0.2152;;
3037;29.9855;29.7703;-256.751;-256.254;-256.684;-256.895;-256.935;-255.98;9:44:56;0.2152;;
3038;29.9855;29.7625;-256.755;-256.262;-256.684;-256.895;-256.935;-255.98;9:44:57;0.223;;
3039;29.9855;29.7859;-256.751;-256.254;-256.692;-256.895;-256.935;-255.988;9:44:57;0.1996;;
3040;29.9777;29.7703;-256.751;-256.254;-256.684;-256.895;-256.935;-255.98;9:44:58;0.2074;;
3041;29.9777;29.7781;-256.751;-256.254;-256.692;-256.895;-256.935;-255.98;9:44:58;0.1996;;
3042;29.9855;29.7703;-256.751;-256.254;-256.692;-256.888;-256.935;-255.98;9:44:59;0.2152;;
3043;29.9933;29.7781;-256.751;-256.254;-256.692;-256.903;-256.942;-255.98;9:44:59;0.2152;;
3044;29.9855;29.7859;-256.755;-256.254;-256.692;-256.888;-256.927;-255.98;9:45:00;0.1996;;
3045;29.9855;29.7703;-256.751;-256.254;-256.692;-256.895;-256.942;-255.98;9:45:00;0.2152;;
3046;29.9933;29.7781;-256.751;-256.25;-256.684;-256.895;-256.935;-255.98;9:45:01;0.2152;;
3047;29.9855;29.7781;-256.751;-256.25;-256.684;-256.895;-256.927;-255.988;9:45:01;0.2074;;
3048;29.9933;29.7781;-256.755;-256.25;-256.684;-256.895;-256.935;-255.98;9:45:02;0.2152;;
3049;29.9855;29.7781;-256.755;-256.25;-256.676;-256.888;-256.927;-255.98;9:45:02;0.2074;;
3050;29.9933;29.7859;-256.751;-256.25;-256.684;-256.895;-256.935;-255.972;9:45:03;0.2074;;
3051;29.9933;29.7781;-256.751;-256.25;-256.684;-256.888;-256.942;-255.988;9:45:03;0.2152;;
3052;29.9933;29.7938;-256.751;-256.25;-256.684;-256.895;-256.935;-255.972;9:45:04;0.1995;;
3053;29.9933;29.7859;-256.751;-256.25;-256.684;-256.895;-256.935;-255.98;9:45:04;0.2074;;
3054;30.0011;29.7859;-256.755;-256.25;-256.676;-256.895;-256.935;-255.98;9:45:05;0.2152;;
3055;30.0011;29.7859;-256.747;-256.25;-256.684;-256.895;-256.935;-255.98;9:45:05;0.2152;;
3056;30.009;29.7938;-256.751;-256.25;-256.692;-256.895;-256.935;-255.98;9:45:06;0.2152;;
3057;30.009;29.7938;-256.751;-256.25;-256.684;-256.888;-256.942;-255.996;9:45:06;0.2152;;
3058;30.009;29.7938;-256.755;-256.25;-256.676;-256.895;-256.942;-255.98;9:45:07;0.2152;;
3059;30.009;29.8016;-256.751;-256.25;-256.692;-256.888;-256.942;-255.98;9:45:07;0.2074;;
3060;30.009;29.7938;-256.751;-256.25;-256.676;-256.895;-256.935;-255.988;9:45:08;0.2152;;
3061;30.0011;29.7938;-256.747;-256.25;-256.692;-256.888;-256.935;-255.988;9:45:08;0.2073;;
3062;30.0168;29.8016;-256.751;-256.254;-256.684;-256.895;-256.942;-255.988;9:45:09;0.2152;;
3063;30.0168;29.8016;-256.751;-256.25;-256.684;-256.888;-256.935;-255.988;9:45:09;0.2152;;
3064;30.0168;29.8016;-256.751;-256.246;-256.692;-256.895;-256.935;-255.98;9:45:10;0.2152;;
3065;30.0168;29.7938;-256.751;-256.25;-256.692;-256.888;-256.942;-255.98;9:45:10;0.223;;
3066;30.0168;29.8016;-256.751;-256.246;-256.692;-256.895;-256.935;-255.988;9:45:11;0.2152;;
3067;30.0246;29.8016;-256.751;-256.25;-256.684;-256.895;-256.95;-255.988;9:45:11;0.223;;
3068;30.0246;29.8016;-256.755;-256.25;-256.692;-256.895;-256.935;-255.988;9:45:12;0.223;;
3069;30.0246;29.8094;-256.751;-256.25;-256.692;-256.895;-256.942;-255.988;9:45:12;0.2152;;
3070;30.0207;29.8094;-256.755;-256.25;-256.692;-256.888;-256.935;-255.988;9:45:13;0.2113;;
3071;30.0246;29.8016;-256.751;-256.25;-256.692;-256.903;-256.942;-255.98;9:45:13;0.223;;
3072;30.0246;29.8094;-256.751;-256.246;-256.692;-256.895;-256.942;-255.996;9:45:14;0.2152;;
3073;30.0285;29.8094;-256.755;-256.25;-256.692;-256.895;-256.942;-255.988;9:45:14;0.2191;;
3074;30.0285;29.8094;-256.751;-256.246;-256.692;-256.895;-256.935;-255.988;9:45:15;0.2191;;
3075;30.0285;29.8016;-256.755;-256.25;-256.7;-256.895;-256.935;-255.988;9:45:15;0.2269;;
3076;30.0246;29.8172;-256.755;-256.246;-256.692;-256.895;-256.935;-255.996;9:45:16;0.2074;;
3077;30.0285;29.8172;-256.755;-256.246;-256.692;-256.903;-256.935;-255.988;9:45:16;0.2113;;
3078;30.0285;29.8094;-256.751;-256.25;-256.692;-256.895;-256.935;-255.988;9:45:17;0.2191;;
3079;30.0285;29.8172;-256.755;-256.254;-256.692;-256.895;-256.935;-255.996;9:45:17;0.2113;;
3080;30.0285;29.8172;-256.751;-256.25;-256.7;-256.895;-256.935;-255.988;9:45:18;0.2113;;
3081;30.0324;29.8094;-256.751;-256.254;-256.692;-256.895;-256.935;-255.996;9:45:18;0.223;;
3082;30.0324;29.8172;-256.758;-256.25;-256.692;-256.895;-256.935;-255.996;9:45:19;0.2152;;
3083;30.0363;29.8094;-256.751;-256.25;-256.692;-256.895;-256.935;-255.988;9:45:19;0.2269;;
3084;30.0403;29.8094;-256.751;-256.25;-256.7;-256.888;-256.942;-255.988;9:45:20;0.2309;;
3085;30.0442;29.8094;-256.751;-256.25;-256.684;-256.895;-256.935;-255.996;9:45:20;0.2348;;
3086;30.052;29.8172;-256.751;-256.25;-256.692;-256.895;-256.935;-255.988;9:45:21;0.2348;;
3087;30.0442;29.8094;-256.755;-256.254;-256.7;-256.903;-256.942;-255.988;9:45:21;0.2348;;
3088;30.052;29.8094;-256.755;-256.25;-256.692;-256.888;-256.95;-255.996;9:45:22;0.2426;;
3089;30.0598;29.8251;-256.755;-256.25;-256.692;-256.895;-256.942;-255.988;9:45:22;0.2347;;
3090;30.052;29.8094;-256.755;-256.25;-256.692;-256.895;-256.935;-255.988;9:45:23;0.2426;;
3091;30.052;29.8172;-256.755;-256.254;-256.692;-256.888;-256.942;-255.996;9:45:23;0.2348;;
3092;30.0598;29.8251;-256.755;-256.25;-256.692;-256.888;-256.942;-255.996;9:45:24;0.2347;;
3093;30.0598;29.8094;-256.751;-256.25;-256.692;-256.903;-256.935;-255.988;9:45:24;0.2504;;
3094;30.0598;29.8251;-256.747;-256.25;-256.692;-256.895;-256.942;-255.996;9:45:25;0.2347;;
3095;30.0598;29.8251;-256.751;-256.254;-256.684;-256.895;-256.935;-255.988;9:45:25;0.2347;;
3096;30.0598;29.8172;-256.751;-256.25;-256.692;-256.895;-256.942;-255.988;9:45:26;0.2426;;
3097;30.0598;29.8251;-256.751;-256.254;-256.692;-256.895;-256.927;-255.988;9:45:26;0.2347;;
3098;30.0598;29.8251;-256.751;-256.254;-256.684;-256.895;-256.95;-255.988;9:45:27;0.2347;;
3099;30.0598;29.8251;-256.751;-256.25;-256.684;-256.895;-256.935;-255.988;9:45:27;0.2347;;
3100;30.0598;29.8172;-256.751;-256.25;-256.692;-256.895;-256.935;-255.988;9:45:28;0.2426;;
3101;30.0676;29.8251;-256.751;-256.25;-256.684;-256.888;-256.942;-255.988;9:45:28;0.2425;;
3102;30.0598;29.8172;-256.751;-256.254;-256.684;-256.888;-256.942;-255.988;9:45:29;0.2426;;
3103;30.052;29.8172;-256.755;-256.25;-256.684;-256.895;-256.935;-255.98;9:45:29;0.2348;;
3104;30.0598;29.8172;-256.755;-256.25;-256.692;-256.895;-256.935;-255.996;9:45:30;0.2426;;
3105;30.052;29.8172;-256.755;-256.254;-256.684;-256.895;-256.935;-255.988;9:45:30;0.2348;;
3106;30.0598;29.8172;-256.755;-256.254;-256.676;-256.895;-256.942;-255.988;9:45:31;0.2426;;
3107;30.052;29.8094;-256.751;-256.254;-256.684;-256.895;-256.935;-255.996;9:45:31;0.2426;;
3108;30.0442;29.8094;-256.751;-256.254;-256.684;-256.888;-256.935;-255.988;9:45:32;0.2348;;
3109;30.052;29.8172;-256.758;-256.254;-256.684;-256.903;-256.935;-255.988;9:45:32;0.2348;;
3110;30.0442;29.8172;-256.755;-256.254;-256.684;-256.895;-256.927;-255.988;9:45:33;0.227;;
3111;30.0442;29.8094;-256.755;-256.25;-256.676;-256.895;-256.927;-255.988;9:45:33;0.2348;;
3112;30.0403;29.8172;-256.751;-256.254;-256.684;-256.895;-256.935;-255.988;9:45:34;0.2231;;
3113;30.0442;29.8172;-256.758;-256.254;-256.684;-256.895;-256.935;-255.98;9:45:34;0.227;;
3114;30.0363;29.8094;-256.751;-256.254;-256.684;-256.895;-256.942;-255.98;9:45:35;0.2269;;
3115;30.0363;29.8094;-256.758;-256.262;-256.684;-256.895;-256.935;-255.988;9:45:35;0.2269;;
3116;30.0363;29.8016;-256.755;-256.262;-256.676;-256.903;-256.935;-255.988;9:45:36;0.2347;;
3117;30.0324;29.8094;-256.758;-256.262;-256.684;-256.895;-256.935;-255.98;9:45:36;0.223;;
3118;30.0324;29.8016;-256.758;-256.262;-256.676;-256.895;-256.935;-255.988;9:45:37;0.2308;;
3119;30.0324;29.8094;-256.755;-256.254;-256.684;-256.895;-256.927;-255.988;9:45:37;0.223;;
3120;30.0285;29.8016;-256.755;-256.262;-256.684;-256.895;-256.942;-255.988;9:45:38;0.2269;;
3121;30.0285;29.8094;-256.755;-256.254;-256.684;-256.895;-256.942;-255.988;9:45:38;0.2191;;
3122;30.0324;29.8016;-256.751;-256.262;-256.692;-256.895;-256.935;-255.988;9:45:39;0.2308;;
3123;30.0285;29.8016;-256.755;-256.254;-256.684;-256.895;-256.942;-255.988;9:45:39;0.2269;;
3124;30.0285;29.7938;-256.755;-256.262;-256.684;-256.895;-256.95;-255.988;9:45:40;0.2347;;
3125;30.0246;29.8016;-256.758;-256.262;-256.684;-256.895;-256.942;-255.996;9:45:40;0.223;;
3126;30.0168;29.7938;-256.755;-256.262;-256.684;-256.903;-256.942;-255.988;9:45:41;0.223;;
3127;30.0246;29.7938;-256.755;-256.254;-256.676;-256.895;-256.935;-255.996;9:45:41;0.2308;;
3128;30.0168;29.7859;-256.755;-256.269;-256.684;-256.895;-256.935;-255.988;9:45:42;0.2309;;
3129;30.0168;29.7938;-256.755;-256.254;-256.684;-256.895;-256.942;-255.996;9:45:42;0.223;;
3130;30.009;29.7859;-256.758;-256.254;-256.684;-256.895;-256.935;-255.988;9:45:43;0.2231;;
3131;30.0168;29.7938;-256.755;-256.262;-256.684;-256.895;-256.942;-255.988;9:45:43;0.223;;
3132;30.0168;29.7859;-256.751;-256.25;-256.684;-256.895;-256.942;-255.996;9:45:44;0.2309;;
3133;30.009;29.7859;-256.758;-256.254;-256.684;-256.903;-256.95;-255.988;9:45:44;0.2231;;
3134;30.009;29.7781;-256.755;-256.254;-256.684;-256.895;-256.942;-255.988;9:45:45;0.2309;;
3135;30.009;29.7859;-256.755;-256.254;-256.692;-256.895;-256.942;-255.988;9:45:45;0.2231;;
3136;30.0011;29.7781;-256.755;-256.254;-256.692;-256.888;-256.942;-255.996;9:45:46;0.223;;
3137;29.9933;29.7781;-256.758;-256.25;-256.684;-256.895;-256.942;-255.988;9:45:46;0.2152;;
3138;30.0011;29.7781;-256.755;-256.254;-256.692;-256.888;-256.935;-255.988;9:45:47;0.223;;
3139;29.9855;29.7703;-256.758;-256.25;-256.684;-256.888;-256.935;-255.996;9:45:47;0.2152;;
3140;29.9855;29.7703;-256.758;-256.262;-256.684;-256.895;-256.927;-255.988;9:45:48;0.2152;;
3141;29.9933;29.7703;-256.751;-256.254;-256.692;-256.888;-256.935;-255.988;9:45:48;0.223;;
3142;29.9855;29.7781;-256.755;-256.254;-256.676;-256.895;-256.935;-255.988;9:45:49;0.2074;;
3143;29.9777;29.7703;-256.755;-256.262;-256.692;-256.895;-256.935;-255.988;9:45:49;0.2074;;
3144;29.9855;29.7703;-256.755;-256.254;-256.692;-256.888;-256.927;-255.996;9:45:50;0.2152;;
3145;29.9698;29.7703;-256.755;-256.254;-256.684;-256.888;-256.942;-255.988;9:45:50;0.1995;;
3146;29.9855;29.7781;-256.755;-256.269;-256.684;-256.895;-256.935;-255.988;9:45:51;0.2074;;
3147;29.9777;29.7703;-256.755;-256.254;-256.692;-256.888;-256.935;-255.996;9:45:51;0.2074;;
3148;29.9855;29.7703;-256.751;-256.262;-256.684;-256.895;-256.935;-255.988;9:45:52;0.2152;;
3149;29.9855;29.7703;-256.755;-256.254;-256.692;-256.888;-256.935;-255.988;9:45:52;0.2152;;
3150;29.9855;29.7703;-256.758;-256.262;-256.684;-256.888;-256.935;-255.996;9:45:53;0.2152;;
3151;29.9698;29.7703;-256.755;-256.254;-256.692;-256.895;-256.942;-255.988;9:45:53;0.1995;;
3152;29.9777;29.7703;-256.758;-256.254;-256.692;-256.895;-256.935;-255.996;9:45:54;0.2074;;
3153;29.9777;29.7703;-256.755;-256.254;-256.7;-256.888;-256.942;-255.996;9:45:54;0.2074;;
3154;29.9855;29.7781;-256.751;-256.262;-256.684;-256.888;-256.935;-255.988;9:45:55;0.2074;;
3155;29.9855;29.7781;-256.751;-256.254;-256.7;-256.888;-256.942;-255.988;9:45:55;0.2074;;
3156;29.9855;29.7781;-256.755;-256.262;-256.684;-256.88;-256.942;-255.996;9:45:56;0.2074;;
3157;29.9855;29.7859;-256.755;-256.254;-256.692;-256.888;-256.942;-255.988;9:45:56;0.1996;;
3158;29.9933;29.7859;-256.755;-256.254;-256.692;-256.888;-256.935;-255.996;9:45:57;0.2074;;
3159;29.9933;29.7781;-256.755;-256.25;-256.692;-256.888;-256.942;-255.988;9:45:57;0.2152;;
3160;29.9933;29.7703;-256.755;-256.254;-256.684;-256.888;-256.935;-255.996;9:45:58;0.223;;
3161;29.9933;29.7781;-256.751;-256.25;-256.692;-256.88;-256.935;-255.988;9:45:58;0.2152;;
3162;29.9855;29.7781;-256.755;-256.25;-256.692;-256.888;-256.935;-255.988;9:45:59;0.2074;;
3163;29.9855;29.7781;-256.755;-256.254;-256.692;-256.88;-256.935;-255.988;9:45:59;0.2074;;
3164;29.9777;29.7859;-256.755;-256.254;-256.684;-256.888;-256.935;-255.988;9:46:00;0.1918;;
3165;29.9855;29.7859;-256.758;-256.262;-256.692;-256.888;-256.942;-255.988;9:46:00;0.1996;;
3166;29.9855;29.7859;-256.751;-256.254;-256.692;-256.888;-256.942;-255.988;9:46:01;0.1996;;
3167;29.9933;29.7781;-256.755;-256.254;-256.692;-256.88;-256.935;-255.98;9:46:01;0.2152;;
3168;29.9933;29.7859;-256.751;-256.258;-256.692;-256.895;-256.935;-255.988;9:46:02;0.2074;;
3169;30.0011;29.7781;-256.755;-256.258;-256.684;-256.88;-256.935;-255.988;9:46:02;0.223;;
3170;29.9933;29.7859;-256.751;-256.254;-256.7;-256.88;-256.935;-255.98;9:46:03;0.2074;;
3171;30.0011;29.7781;-256.755;-256.262;-256.684;-256.872;-256.942;-255.988;9:46:03;0.223;;
3172;29.9933;29.7938;-256.755;-256.254;-256.684;-256.88;-256.942;-255.98;9:46:04;0.1995;;
3173;30.0011;29.7859;-256.751;-256.254;-256.692;-256.88;-256.95;-255.988;9:46:04;0.2152;;
3174;29.9933;29.7938;-256.755;-256.262;-256.684;-256.88;-256.942;-255.98;9:46:05;0.1995;;
3175;30.0168;29.7938;-256.751;-256.254;-256.692;-256.88;-256.942;-255.988;9:46:05;0.223;;
3176;30.009;29.8016;-256.751;-256.254;-256.684;-256.872;-256.942;-255.988;9:46:06;0.2074;;
3177;30.009;29.7938;-256.747;-256.254;-256.684;-256.88;-256.942;-255.988;9:46:06;0.2152;;
3178;30.009;29.7938;-256.747;-256.254;-256.692;-256.88;-256.935;-255.98;9:46:07;0.2152;;
3179;30.0168;29.8016;-256.747;-256.254;-256.676;-256.888;-256.935;-255.988;9:46:07;0.2152;;
3180;30.0246;29.8016;-256.747;-256.262;-256.692;-256.888;-256.942;-255.988;9:46:08;0.223;;
3181;30.0246;29.8016;-256.747;-256.254;-256.684;-256.88;-256.942;-255.988;9:46:08;0.223;;
3182;30.0285;29.8016;-256.751;-256.254;-256.684;-256.895;-256.942;-255.98;9:46:09;0.2269;;
3183;30.0285;29.8016;-256.743;-256.262;-256.684;-256.888;-256.927;-255.988;9:46:09;0.2269;;
3184;30.0285;29.8016;-256.751;-256.262;-256.692;-256.888;-256.935;-255.98;9:46:10;0.2269;;
3185;30.0324;29.8016;-256.743;-256.262;-256.692;-256.888;-256.935;-255.988;9:46:10;0.2308;;
3186;30.0363;29.8016;-256.751;-256.262;-256.692;-256.888;-256.942;-255.988;9:46:11;0.2347;;
3187;30.0363;29.8016;-256.747;-256.254;-256.692;-256.888;-256.935;-255.988;9:46:11;0.2347;;
3188;30.0403;29.8094;-256.751;-256.262;-256.692;-256.895;-256.942;-255.988;9:46:12;0.2309;;
3189;30.0363;29.8094;-256.747;-256.25;-256.692;-256.888;-256.935;-255.988;9:46:12;0.2269;;
3190;30.0403;29.8094;-256.747;-256.265;-256.684;-256.888;-256.942;-255.988;9:46:13;0.2309;;
3191;30.0403;29.8251;-256.747;-256.254;-256.676;-256.895;-256.927;-255.988;9:46:13;0.2152;;
3192;30.0403;29.8172;-256.751;-256.254;-256.684;-256.888;-256.927;-255.972;9:46:14;0.2231;;
3193;30.052;29.8251;-256.751;-256.262;-256.676;-256.888;-256.927;-255.988;9:46:14;0.2269;;
3194;30.0442;29.8172;-256.751;-256.254;-256.684;-256.895;-256.935;-255.988;9:46:15;0.227;;
3195;30.0442;29.8251;-256.751;-256.254;-256.692;-256.888;-256.935;-255.98;9:46:15;0.2191;;
3196;30.0442;29.8172;-256.751;-256.25;-256.692;-256.888;-256.935;-255.988;9:46:16;0.227;;
3197;30.0442;29.8251;-256.747;-256.254;-256.684;-256.888;-256.942;-255.98;9:46:16;0.2191;;
3198;30.0442;29.8172;-256.751;-256.254;-256.692;-256.895;-256.935;-255.988;9:46:17;0.227;;
3199;30.052;29.8329;-256.743;-256.25;-256.692;-256.895;-256.942;-255.98;9:46:17;0.2191;;
3200;30.052;29.8251;-256.747;-256.254;-256.684;-256.895;-256.935;-255.988;9:46:18;0.2269;;
3201;30.0442;29.8251;-256.747;-256.262;-256.692;-256.895;-256.935;-255.988;9:46:18;0.2191;;
3202;30.0598;29.8251;-256.747;-256.254;-256.692;-256.888;-256.942;-255.98;9:46:19;0.2347;;
3203;30.052;29.8172;-256.751;-256.254;-256.684;-256.888;-256.927;-255.988;9:46:19;0.2348;;
3204;30.052;29.8251;-256.758;-256.254;-256.692;-256.88;-256.942;-255.988;9:46:20;0.2269;;
3205;30.0442;29.8172;-256.755;-256.254;-256.684;-256.888;-256.935;-255.988;9:46:20;0.227;;
3206;30.052;29.8251;-256.755;-256.254;-256.684;-256.88;-256.935;-255.988;9:46:21;0.2269;;
3207;30.052;29.8251;-256.751;-256.25;-256.684;-256.88;-256.935;-255.988;9:46:21;0.2269;;
3208;30.0442;29.8172;-256.758;-256.254;-256.684;-256.888;-256.942;-255.988;9:46:22;0.227;;
3209;30.052;29.8251;-256.762;-256.25;-256.692;-256.888;-256.935;-255.988;9:46:22;0.2269;;
3210;30.0442;29.8172;-256.758;-256.254;-256.684;-256.888;-256.935;-255.98;9:46:23;0.227;;
3211;30.0442;29.8172;-256.755;-256.25;-256.692;-256.888;-256.942;-255.988;9:46:23;0.227;;
3212;30.0442;29.8251;-256.755;-256.254;-256.684;-256.888;-256.942;-255.996;9:46:24;0.2191;;
3213;30.0442;29.8094;-256.751;-256.254;-256.692;-256.895;-256.935;-255.98;9:46:24;0.2348;;
3214;30.0403;29.8094;-256.751;-256.254;-256.684;-256.888;-256.935;-255.988;9:46:25;0.2309;;
3215;30.0363;29.8094;-256.755;-256.254;-256.692;-256.895;-256.935;-255.988;9:46:25;0.2269;;
3216;30.0403;29.8016;-256.751;-256.254;-256.692;-256.895;-256.942;-255.988;9:46:26;0.2387;;
3217;30.0363;29.8094;-256.751;-256.254;-256.692;-256.888;-256.942;-255.988;9:46:26;0.2269;;
3218;30.0363;29.8016;-256.755;-256.262;-256.692;-256.895;-256.942;-255.988;9:46:27;0.2347;;
3219;30.0363;29.8016;-256.751;-256.254;-256.692;-256.895;-256.942;-255.988;9:46:27;0.2347;;
3220;30.0324;29.8094;-256.755;-256.254;-256.692;-256.895;-256.935;-255.988;9:46:28;0.223;;
3221;30.0285;29.8016;-256.755;-256.262;-256.692;-256.888;-256.95;-255.988;9:46:28;0.2269;;
3222;30.0285;29.7938;-256.751;-256.254;-256.7;-256.888;-256.935;-255.98;9:46:29;0.2347;;
3223;30.0285;29.7859;-256.751;-256.254;-256.692;-256.895;-256.942;-255.988;9:46:29;0.2426;;
3224;30.0285;29.7938;-256.751;-256.254;-256.692;-256.888;-256.942;-255.988;9:46:30;0.2347;;
3225;30.0285;29.7859;-256.755;-256.262;-256.692;-256.895;-256.942;-255.988;9:46:30;0.2426;;
3226;30.0246;29.7859;-256.755;-256.262;-256.692;-256.888;-256.935;-255.98;9:46:31;0.2387;;
3227;30.0285;29.7938;-256.755;-256.254;-256.692;-256.88;-256.942;-255.988;9:46:31;0.2347;;
3228;30.0246;29.7938;-256.751;-256.262;-256.692;-256.888;-256.935;-255.98;9:46:32;0.2308;;
3229;30.0246;29.7938;-256.755;-256.254;-256.692;-256.895;-256.935;-255.98;9:46:32;0.2308;;
3230;30.0168;29.7859;-256.755;-256.262;-256.692;-256.888;-256.942;-255.988;9:46:33;0.2309;;
3231;30.0168;29.7938;-256.755;-256.262;-256.692;-256.895;-256.95;-255.988;9:46:33;0.223;;
3232;30.009;29.7859;-256.755;-256.262;-256.684;-256.888;-256.942;-255.98;9:46:34;0.2231;;
3233;30.0011;29.7938;-256.751;-256.262;-256.7;-256.888;-256.935;-255.988;9:46:34;0.2073;;
3234;30.0011;29.7859;-256.755;-256.262;-256.692;-256.895;-256.942;-255.98;9:46:35;0.2152;;
3235;30.0011;29.7859;-256.755;-256.262;-256.684;-256.895;-256.942;-255.98;9:46:35;0.2152;;
3236;30.0011;29.7859;-256.755;-256.254;-256.692;-256.895;-256.935;-255.988;9:46:36;0.2152;;
3237;30.0011;29.7781;-256.751;-256.262;-256.692;-256.888;-256.942;-255.988;9:46:36;0.223;;
3238;29.9933;29.7781;-256.755;-256.262;-256.684;-256.895;-256.95;-255.98;9:46:37;0.2152;;
3239;29.9933;29.7859;-256.747;-256.262;-256.692;-256.888;-256.942;-255.988;9:46:37;0.2074;;
3240;29.9855;29.7781;-256.755;-256.262;-256.684;-256.895;-256.935;-255.98;9:46:38;0.2074;;
3241;29.9933;29.7703;-256.751;-256.262;-256.692;-256.895;-256.942;-255.988;9:46:38;0.223;;
3242;29.9855;29.7703;-256.751;-256.262;-256.692;-256.895;-256.935;-255.988;9:46:39;0.2152;;
3243;29.9855;29.7625;-256.751;-256.269;-256.692;-256.895;-256.942;-255.98;9:46:39;0.223;;
3244;29.9933;29.7703;-256.747;-256.262;-256.684;-256.895;-256.935;-255.98;9:46:40;0.223;;
3245;29.9855;29.7703;-256.747;-256.262;-256.692;-256.903;-256.935;-255.98;9:46:40;0.2152;;
3246;29.9933;29.7625;-256.743;-256.262;-256.692;-256.895;-256.935;-255.98;9:46:41;0.2308;;
3247;29.9933;29.7703;-256.747;-256.262;-256.692;-256.895;-256.935;-255.98;9:46:41;0.223;;
3248;29.9855;29.7703;-256.747;-256.262;-256.684;-256.895;-256.935;-255.988;9:46:42;0.2152;;
3249;29.9933;29.7625;-256.747;-256.262;-256.692;-256.895;-256.935;-255.98;9:46:42;0.2308;;
3250;29.9855;29.7703;-256.751;-256.269;-256.692;-256.903;-256.927;-255.988;9:46:43;0.2152;;
3251;29.9933;29.7546;-256.747;-256.262;-256.692;-256.895;-256.927;-255.988;9:46:43;0.2387;;
3252;29.9933;29.7703;-256.751;-256.254;-256.692;-256.903;-256.935;-255.98;9:46:44;0.223;;
3253;29.9933;29.7625;-256.747;-256.262;-256.692;-256.895;-256.935;-255.988;9:46:44;0.2308;;
3254;29.9933;29.7703;-256.751;-256.262;-256.692;-256.895;-256.927;-255.988;9:46:45;0.223;;
3255;30.0011;29.7625;-256.751;-256.254;-256.684;-256.895;-256.935;-255.988;9:46:45;0.2386;;
3256;29.9933;29.7703;-256.751;-256.254;-256.684;-256.903;-256.942;-255.98;9:46:46;0.223;;
3257;29.9933;29.7703;-256.755;-256.254;-256.692;-256.895;-256.942;-255.988;9:46:46;0.223;;
3258;30.0011;29.7625;-256.751;-256.262;-256.684;-256.903;-256.95;-255.988;9:46:47;0.2386;;
3259;30.0011;29.7703;-256.755;-256.262;-256.692;-256.888;-256.942;-255.98;9:46:47;0.2308;;
3260;30.0011;29.7625;-256.755;-256.254;-256.692;-256.895;-256.95;-255.988;9:46:48;0.2386;;
3261;30.0011;29.7625;-256.755;-256.262;-256.692;-256.895;-256.95;-255.98;9:46:48;0.2386;;
3262;30.009;29.7703;-256.755;-256.262;-256.684;-256.895;-256.942;-255.988;9:46:49;0.2387;;
3263;30.0011;29.7625;-256.755;-256.254;-256.692;-256.895;-256.935;-255.98;9:46:49;0.2386;;
3264;30.009;29.7625;-256.755;-256.254;-256.684;-256.888;-256.942;-255.988;9:46:50;0.2465;;
3265;30.009;29.7703;-256.755;-256.254;-256.692;-256.895;-256.942;-255.98;9:46:50;0.2387;;
3266;30.0168;29.7625;-256.758;-256.254;-256.692;-256.895;-256.942;-255.98;9:46:51;0.2543;;
3267;30.0168;29.7703;-256.755;-256.254;-256.684;-256.888;-256.942;-255.988;9:46:51;0.2465;;
3268;30.009;29.7625;-256.758;-256.254;-256.692;-256.888;-256.935;-255.98;9:46:52;0.2465;;
3269;30.0246;29.7703;-256.755;-256.254;-256.692;-256.888;-256.942;-255.98;9:46:52;0.2543;;
3270;30.0168;29.7703;-256.758;-256.262;-256.7;-256.888;-256.942;-255.988;9:46:53;0.2465;;
3271;30.0246;29.7781;-256.755;-256.25;-256.684;-256.888;-256.935;-255.996;9:46:53;0.2465;;
3272;30.0246;29.7703;-256.758;-256.254;-256.684;-256.888;-256.935;-255.988;9:46:54;0.2543;;
3273;30.0246;29.7703;-256.755;-256.254;-256.692;-256.888;-256.942;-255.988;9:46:54;0.2543;;
3274;30.0246;29.7625;-256.755;-256.254;-256.684;-256.888;-256.942;-255.988;9:46:55;0.2621;;
3275;30.0285;29.7781;-256.755;-256.254;-256.684;-256.888;-256.935;-255.988;9:46:55;0.2504;;
3276;30.0324;29.7703;-256.758;-256.25;-256.684;-256.888;-256.935;-255.988;9:46:56;0.2621;;
3277;30.0285;29.7781;-256.755;-256.254;-256.684;-256.895;-256.935;-255.98;9:46:56;0.2504;;
3278;30.0285;29.7781;-256.755;-256.254;-256.692;-256.888;-256.942;-255.988;9:46:57;0.2504;;
3279;30.0324;29.7781;-256.751;-256.25;-256.684;-256.88;-256.942;-255.988;9:46:57;0.2543;;
3280;30.0324;29.7781;-256.755;-256.254;-256.684;-256.888;-256.942;-255.988;9:46:58;0.2543;;
3281;30.0324;29.7859;-256.755;-256.254;-256.684;-256.888;-256.935;-255.996;9:46:58;0.2465;;
3282;30.0285;29.7859;-256.755;-256.254;-256.692;-256.888;-256.935;-255.98;9:46:59;0.2426;;
3283;30.0324;29.7859;-256.755;-256.254;-256.684;-256.88;-256.935;-255.988;9:46:59;0.2465;;
3284;30.0324;29.7938;-256.755;-256.254;-256.684;-256.888;-256.942;-255.98;9:47:00;0.2386;;
3285;30.0363;29.7938;-256.758;-256.254;-256.692;-256.888;-256.935;-255.988;9:47:00;0.2425;;
3286;30.0363;29.7938;-256.758;-256.262;-256.692;-256.895;-256.935;-255.996;9:47:01;0.2425;;
3287;30.0403;29.7938;-256.758;-256.254;-256.692;-256.888;-256.935;-255.988;9:47:01;0.2465;;
3288;30.0324;29.7938;-256.755;-256.262;-256.692;-256.895;-256.95;-255.988;9:47:02;0.2386;;
3289;30.0324;29.7938;-256.758;-256.254;-256.692;-256.895;-256.942;-255.988;9:47:02;0.2386;;
3290;30.0363;29.7938;-256.758;-256.262;-256.684;-256.895;-256.942;-255.98;9:47:03;0.2425;;
3291;30.0363;29.7859;-256.755;-256.262;-256.684;-256.895;-256.95;-255.98;9:47:03;0.2504;;
3292;30.0324;29.7938;-256.755;-256.262;-256.684;-256.888;-256.935;-255.98;9:47:04;0.2386;;
3293;30.0324;29.7938;-256.751;-256.254;-256.692;-256.895;-256.942;-255.98;9:47:04;0.2386;;
3294;30.0324;29.7938;-256.751;-256.262;-256.692;-256.888;-256.942;-255.988;9:47:05;0.2386;;
3295;30.0363;29.8094;-256.751;-256.254;-256.684;-256.888;-256.942;-255.98;9:47:05;0.2269;;
3296;30.0324;29.8016;-256.755;-256.262;-256.684;-256.895;-256.95;-255.98;9:47:06;0.2308;;
3297;30.0324;29.8016;-256.758;-256.262;-256.692;-256.895;-256.942;-255.98;9:47:06;0.2308;;
3298;30.0363;29.8016;-256.755;-256.262;-256.692;-256.895;-256.942;-255.988;9:47:07;0.2347;;
3299;30.0363;29.8172;-256.755;-256.262;-256.692;-256.888;-256.942;-255.98;9:47:07;0.2191;;
3300;30.0363;29.8094;-256.758;-256.262;-256.684;-256.895;-256.942;-255.988;9:47:08;0.2269;;
3301;30.0363;29.8094;-256.755;-256.262;-256.692;-256.888;-256.95;-255.98;9:47:08;0.2269;;
3302;30.0363;29.8016;-256.755;-256.262;-256.684;-256.895;-256.942;-255.98;9:47:09;0.2347;;
3303;30.0403;29.8094;-256.758;-256.262;-256.684;-256.895;-256.942;-255.98;9:47:09;0.2309;;
3304;30.0442;29.8172;-256.755;-256.269;-256.684;-256.888;-256.95;-255.98;9:47:10;0.227;;
3305;30.0403;29.8094;-256.755;-256.262;-256.692;-256.895;-256.942;-255.98;9:47:10;0.2309;;
3306;30.0442;29.8094;-256.751;-256.262;-256.684;-256.895;-256.942;-255.988;9:47:11;0.2348;;
3307;30.0442;29.8172;-256.751;-256.269;-256.692;-256.888;-256.95;-255.98;9:47:11;0.227;;
3308;30.052;29.8172;-256.755;-256.269;-256.692;-256.895;-256.942;-255.988;9:47:12;0.2348;;
3309;30.052;29.8172;-256.758;-256.262;-256.692;-256.888;-256.942;-255.988;9:47:12;0.2348;;
3310;30.052;29.8172;-256.755;-256.262;-256.692;-256.888;-256.942;-255.988;9:47:13;0.2348;;
3311;30.0598;29.8172;-256.751;-256.269;-256.692;-256.888;-256.942;-255.988;9:47:13;0.2426;;
3312;30.052;29.8172;-256.755;-256.262;-256.684;-256.895;-256.942;-255.988;9:47:14;0.2348;;
3313;30.0598;29.8172;-256.751;-256.269;-256.692;-256.888;-256.942;-255.988;9:47:14;0.2426;;
3314;30.0676;29.8094;-256.755;-256.269;-256.692;-256.895;-256.935;-255.988;9:47:15;0.2582;;
3315;30.0598;29.8172;-256.751;-256.262;-256.684;-256.888;-256.95;-255.98;9:47:15;0.2426;;
3316;30.0598;29.8094;-256.751;-256.262;-256.692;-256.888;-256.942;-255.988;9:47:16;0.2504;;
3317;30.0598;29.8172;-256.751;-256.262;-256.7;-256.895;-256.942;-255.988;9:47:16;0.2426;;
3318;30.0598;29.8094;-256.755;-256.262;-256.684;-256.888;-256.942;-255.988;9:47:17;0.2504;;
3319;30.052;29.8094;-256.751;-256.262;-256.692;-256.895;-256.942;-255.988;9:47:17;0.2426;;
3320;30.0598;29.8172;-256.755;-256.254;-256.692;-256.888;-256.95;-255.988;9:47:18;0.2426;;
3321;30.052;29.8094;-256.751;-256.262;-256.692;-256.895;-256.942;-255.988;9:47:18;0.2426;;
3322;30.0598;29.8172;-256.755;-256.262;-256.692;-256.888;-256.95;-255.988;9:47:19;0.2426;;
3323;30.0598;29.8094;-256.755;-256.262;-256.692;-256.895;-256.942;-255.98;9:47:19;0.2504;;
3324;30.052;29.8094;-256.755;-256.254;-256.684;-256.895;-256.942;-255.988;9:47:20;0.2426;;
3325;30.0442;29.8094;-256.747;-256.262;-256.692;-256.888;-256.95;-255.988;9:47:20;0.2348;;
3326;30.0442;29.8094;-256.751;-256.262;-256.692;-256.888;-256.935;-255.98;9:47:21;0.2348;;
3327;30.0403;29.8016;-256.751;-256.262;-256.692;-256.895;-256.942;-255.988;9:47:21;0.2387;;
3328;30.0403;29.8016;-256.751;-256.262;-256.692;-256.888;-256.942;-255.988;9:47:22;0.2387;;
3329;30.0363;29.8094;-256.755;-256.254;-256.692;-256.895;-256.942;-255.988;9:47:22;0.2269;;
3330;30.0403;29.7938;-256.751;-256.262;-256.692;-256.895;-256.942;-255.988;9:47:23;0.2465;;
3331;30.0403;29.8016;-256.751;-256.269;-256.692;-256.888;-256.942;-255.988;9:47:23;0.2387;;
3332;30.0403;29.8016;-256.755;-256.262;-256.692;-256.895;-256.942;-255.988;9:47:24;0.2387;;
3333;30.0363;29.8016;-256.751;-256.262;-256.7;-256.895;-256.935;-255.988;9:47:24;0.2347;;
3334;30.0363;29.8016;-256.755;-256.269;-256.692;-256.888;-256.95;-255.996;9:47:25;0.2347;;
3335;30.0363;29.8016;-256.755;-256.262;-256.692;-256.888;-256.95;-255.98;9:47:25;0.2347;;
3336;30.0324;29.8094;-256.751;-256.269;-256.692;-256.888;-256.942;-255.996;9:47:26;0.223;;
3337;30.0324;29.8016;-256.755;-256.262;-256.7;-256.888;-256.942;-255.988;9:47:26;0.2308;;
3338;30.0324;29.8016;-256.755;-256.262;-256.692;-256.888;-256.935;-255.996;9:47:27;0.2308;;
3339;30.0285;29.8094;-256.755;-256.262;-256.708;-256.888;-256.942;-255.988;9:47:27;0.2191;;
3340;30.0324;29.8016;-256.755;-256.269;-256.7;-256.895;-256.942;-255.988;9:47:28;0.2308;;
3341;30.0246;29.8094;-256.755;-256.262;-256.7;-256.888;-256.942;-255.988;9:47:28;0.2152;;
3342;30.0285;29.8016;-256.755;-256.262;-256.7;-256.895;-256.942;-255.988;9:47:29;0.2269;;
3343;30.0324;29.8016;-256.751;-256.262;-256.692;-256.888;-256.95;-255.98;9:47:29;0.2308;;
3344;30.0285;29.7938;-256.755;-256.262;-256.692;-256.895;-256.942;-255.988;9:47:30;0.2347;;
3345;30.0246;29.7859;-256.755;-256.262;-256.692;-256.888;-256.942;-255.98;9:47:30;0.2387;;
3346;30.0168;29.7938;-256.755;-256.262;-256.692;-256.888;-256.942;-255.988;9:47:31;0.223;;
3347;30.0246;29.7938;-256.755;-256.262;-256.692;-256.888;-256.942;-255.996;9:47:31;0.2308;;
3348;30.0168;29.7859;-256.758;-256.269;-256.692;-256.888;-256.95;-255.988;9:47:32;0.2309;;
3349;30.0168;29.7859;-256.755;-256.254;-256.692;-256.895;-256.95;-255.988;9:47:32;0.2309;;
3350;30.0168;29.7859;-256.755;-256.262;-256.7;-256.888;-256.95;-255.988;9:47:33;0.2309;;
3351;30.009;29.7781;-256.758;-256.269;-256.7;-256.888;-256.942;-255.98;9:47:33;0.2309;;
3352;30.0011;29.7859;-256.751;-256.262;-256.692;-256.895;-256.942;-255.988;9:47:34;0.2152;;
3353;30.0011;29.7859;-256.755;-256.262;-256.692;-256.888;-256.942;-255.98;9:47:34;0.2152;;
3354;30.009;29.7781;-256.755;-256.262;-256.692;-256.888;-256.942;-255.988;9:47:35;0.2309;;
3355;30.0011;29.7781;-256.755;-256.262;-256.7;-256.888;-256.942;-255.98;9:47:35;0.223;;
3356;30.0011;29.7703;-256.755;-256.262;-256.692;-256.895;-256.942;-255.988;9:47:36;0.2308;;
3357;29.9933;29.7703;-256.755;-256.262;-256.708;-256.888;-256.942;-255.98;9:47:36;0.223;;
3358;29.9933;29.7781;-256.755;-256.262;-256.692;-256.888;-256.942;-255.98;9:47:37;0.2152;;
3359;29.9933;29.7703;-256.751;-256.262;-256.7;-256.888;-256.935;-255.98;9:47:37;0.223;;
3360;29.9777;29.7625;-256.755;-256.262;-256.692;-256.888;-256.942;-255.98;9:47:38;0.2152;;
3361;29.9855;29.7703;-256.758;-256.254;-256.692;-256.888;-256.95;-255.988;9:47:38;0.2152;;
3362;29.9777;29.7625;-256.751;-256.262;-256.692;-256.888;-256.935;-255.98;9:47:39;0.2152;;
3363;29.9777;29.7625;-256.755;-256.262;-256.692;-256.888;-256.942;-255.98;9:47:39;0.2152;;
3364;29.9777;29.7625;-256.758;-256.262;-256.692;-256.888;-256.942;-255.972;9:47:40;0.2152;;
3365;29.9855;29.7625;-256.758;-256.262;-256.692;-256.888;-256.942;-255.98;9:47:40;0.223;;
3366;29.9777;29.7625;-256.755;-256.262;-256.692;-256.895;-256.942;-255.988;9:47:41;0.2152;;
3367;29.9855;29.7703;-256.755;-256.254;-256.7;-256.888;-256.942;-255.98;9:47:41;0.2152;;
3368;29.9855;29.7703;-256.758;-256.262;-256.7;-256.895;-256.95;-255.98;9:47:42;0.2152;;
3369;29.9777;29.7625;-256.751;-256.254;-256.692;-256.895;-256.935;-255.98;9:47:42;0.2152;;
3370;29.9855;29.7781;-256.755;-256.262;-256.692;-256.888;-256.942;-255.988;9:47:43;0.2074;;
3371;29.9855;29.7703;-256.758;-256.254;-256.692;-256.895;-256.935;-255.98;9:47:43;0.2152;;
3372;29.9933;29.7703;-256.755;-256.262;-256.7;-256.895;-256.942;-255.988;9:47:44;0.223;;
3373;29.9933;29.7703;-256.755;-256.262;-256.692;-256.888;-256.942;-255.988;9:47:44;0.223;;
3374;30.0011;29.7703;-256.755;-256.262;-256.7;-256.895;-256.95;-255.98;9:47:45;0.2308;;
3375;29.9933;29.7703;-256.755;-256.262;-256.692;-256.903;-256.942;-255.988;9:47:45;0.223;;
3376;30.0011;29.7703;-256.751;-256.262;-256.692;-256.895;-256.942;-255.988;9:47:46;0.2308;;
3377;30.0011;29.7781;-256.751;-256.262;-256.692;-256.903;-256.95;-255.988;9:47:46;0.223;;
3378;30.0011;29.7781;-256.751;-256.254;-256.7;-256.895;-256.942;-255.988;9:47:47;0.223;;
3379;30.0011;29.7703;-256.751;-256.262;-256.692;-256.895;-256.95;-255.98;9:47:47;0.2308;;
3380;29.9933;29.7781;-256.751;-256.254;-256.692;-256.895;-256.95;-255.98;9:47:48;0.2152;;
3381;30.009;29.7781;-256.751;-256.254;-256.684;-256.895;-256.95;-255.988;9:47:48;0.2309;;
3382;29.9933;29.7859;-256.751;-256.262;-256.692;-256.903;-256.95;-255.98;9:47:49;0.2074;;
3383;29.9933;29.7938;-256.751;-256.254;-256.684;-256.895;-256.95;-255.988;9:47:49;0.1995;;
3384;29.9855;29.7781;-256.751;-256.262;-256.692;-256.903;-256.95;-255.98;9:47:50;0.2074;;
3385;29.9933;29.7859;-256.751;-256.254;-256.684;-256.895;-256.95;-255.988;9:47:50;0.2074;;
3386;29.9855;29.7859;-256.751;-256.254;-256.692;-256.895;-256.95;-255.98;9:47:51;0.1996;;
3387;29.9933;29.7859;-256.755;-256.254;-256.692;-256.903;-256.942;-255.988;9:47:51;0.2074;;
3388;29.9933;29.7938;-256.751;-256.262;-256.692;-256.895;-256.95;-255.996;9:47:52;0.1995;;
3389;29.9933;29.7938;-256.751;-256.262;-256.692;-256.903;-256.942;-255.988;9:47:52;0.1995;;
3390;29.9855;29.7859;-256.751;-256.262;-256.692;-256.903;-256.95;-255.996;9:47:53;0.1996;;
3391;29.9933;29.7859;-256.747;-256.262;-256.684;-256.903;-256.95;-255.996;9:47:53;0.2074;;
3392;29.9855;29.7859;-256.747;-256.262;-256.692;-256.895;-256.942;-255.988;9:47:54;0.1996;;
3393;29.9933;29.7859;-256.747;-256.262;-256.684;-256.895;-256.942;-255.996;9:47:54;0.2074;;
3394;29.9933;29.7938;-256.751;-256.254;-256.692;-256.903;-256.942;-255.988;9:47:55;0.1995;;
3395;30.0011;29.7859;-256.751;-256.262;-256.692;-256.895;-256.942;-255.988;9:47:55;0.2152;;
3396;29.9933;29.7781;-256.751;-256.254;-256.692;-256.895;-256.935;-255.988;9:47:56;0.2152;;
3397;29.9933;29.7859;-256.751;-256.262;-256.7;-256.895;-256.942;-255.988;9:47:56;0.2074;;
3398;30.0011;29.7859;-256.751;-256.262;-256.692;-256.903;-256.95;-255.988;9:47:57;0.2152;;
3399;29.9933;29.7859;-256.755;-256.254;-256.692;-256.895;-256.942;-255.988;9:47:57;0.2074;;
3400;30.0011;29.7859;-256.751;-256.262;-256.7;-256.903;-256.942;-255.98;9:47:58;0.2152;;
3401;30.009;29.7938;-256.751;-256.254;-256.692;-256.895;-256.942;-255.988;9:47:58;0.2152;;
3402;30.0011;29.7859;-256.755;-256.262;-256.692;-256.895;-256.942;-255.988;9:47:59;0.2152;;
3403;30.009;29.8016;-256.751;-256.254;-256.692;-256.895;-256.942;-255.988;9:47:59;0.2074;;
3404;30.009;29.7938;-256.747;-256.262;-256.692;-256.895;-256.942;-255.988;9:48:00;0.2152;;
3405;30.0168;29.8016;-256.751;-256.254;-256.684;-256.903;-256.942;-255.988;9:48:00;0.2152;;
3406;30.0246;29.7938;-256.751;-256.262;-256.684;-256.895;-256.942;-255.988;9:48:01;0.2308;;
3407;30.0246;29.8094;-256.751;-256.254;-256.692;-256.895;-256.942;-255.988;9:48:01;0.2152;;
3408;30.0246;29.8172;-256.755;-256.254;-256.684;-256.903;-256.942;-255.988;9:48:02;0.2074;;
3409;30.0246;29.8016;-256.751;-256.254;-256.684;-256.895;-256.935;-255.98;9:48:02;0.223;;
3410;30.0285;29.8172;-256.751;-256.254;-256.684;-256.903;-256.935;-255.98;9:48:03;0.2113;;
3411;30.0285;29.8172;-256.755;-256.254;-256.692;-256.903;-256.935;-255.972;9:48:03;0.2113;;
3412;30.0324;29.8094;-256.755;-256.25;-256.684;-256.895;-256.942;-255.988;9:48:04;0.223;;
3413;30.0324;29.8094;-256.755;-256.262;-256.692;-256.903;-256.935;-255.98;9:48:04;0.223;;
3414;30.0324;29.8172;-256.755;-256.254;-256.684;-256.903;-256.935;-255.988;9:48:05;0.2152;;
3415;30.0324;29.8172;-256.755;-256.262;-256.692;-256.895;-256.942;-255.972;9:48:05;0.2152;;
3416;30.0324;29.8172;-256.755;-256.254;-256.692;-256.895;-256.942;-255.98;9:48:06;0.2152;;
3417;30.0403;29.8172;-256.747;-256.262;-256.692;-256.903;-256.935;-255.98;9:48:06;0.2231;;
3418;30.0363;29.8251;-256.755;-256.262;-256.684;-256.895;-256.935;-255.98;9:48:07;0.2112;;
3419;30.0363;29.8251;-256.755;-256.262;-256.692;-256.895;-256.935;-255.98;9:48:07;0.2112;;
3420;30.0363;29.8251;-256.758;-256.262;-256.692;-256.895;-256.942;-255.988;9:48:08;0.2112;;
3421;30.0403;29.8251;-256.755;-256.262;-256.684;-256.895;-256.942;-255.98;9:48:08;0.2152;;
3422;30.0403;29.8251;-256.755;-256.262;-256.7;-256.903;-256.95;-255.98;9:48:09;0.2152;;
3423;30.0481;29.8251;-256.751;-256.269;-256.692;-256.895;-256.935;-255.988;9:48:09;0.223;;
3424;30.0403;29.8172;-256.755;-256.262;-256.692;-256.903;-256.935;-255.98;9:48:10;0.2231;;
3425;30.052;29.8329;-256.755;-256.262;-256.684;-256.895;-256.942;-255.988;9:48:10;0.2191;;
3426;30.0442;29.8251;-256.755;-256.254;-256.692;-256.895;-256.935;-255.988;9:48:11;0.2191;;
3427;30.052;29.8172;-256.755;-256.254;-256.692;-256.895;-256.942;-255.98;9:48:11;0.2348;;
3428;30.052;29.8329;-256.751;-256.262;-256.692;-256.903;-256.935;-255.988;9:48:12;0.2191;;
3429;30.0676;29.8251;-256.751;-256.254;-256.684;-256.895;-256.942;-255.988;9:48:12;0.2425;;
3430;30.0676;29.8407;-256.755;-256.262;-256.692;-256.895;-256.942;-255.98;9:48:13;0.2269;;
3431;30.0676;29.8251;-256.751;-256.262;-256.692;-256.895;-256.942;-255.988;9:48:13;0.2425;;
3432;30.0676;29.8329;-256.758;-256.262;-256.692;-256.903;-256.942;-255.98;9:48:14;0.2347;;
3433;30.0676;29.8329;-256.755;-256.262;-256.7;-256.895;-256.942;-255.98;9:48:14;0.2347;;
3434;30.0755;29.8407;-256.758;-256.254;-256.692;-256.903;-256.942;-255.98;9:48:15;0.2348;;
3435;30.0755;29.8407;-256.755;-256.262;-256.7;-256.895;-256.95;-255.988;9:48:15;0.2348;;
3436;30.0676;29.8329;-256.755;-256.262;-256.692;-256.895;-256.935;-255.988;9:48:16;0.2347;;
3437;30.0598;29.8407;-256.758;-256.262;-256.7;-256.895;-256.95;-255.98;9:48:16;0.2191;;
3438;30.0598;29.8329;-256.755;-256.254;-256.692;-256.903;-256.942;-255.988;9:48:17;0.2269;;
3439;30.0598;29.8407;-256.755;-256.262;-256.7;-256.895;-256.95;-255.98;9:48:17;0.2191;;
3440;30.0598;29.8329;-256.751;-256.262;-256.692;-256.895;-256.95;-255.988;9:48:18;0.2269;;
3441;30.0676;29.8329;-256.755;-256.262;-256.7;-256.895;-256.95;-255.988;9:48:18;0.2347;;
3442;30.0598;29.8329;-256.755;-256.262;-256.7;-256.903;-256.942;-255.98;9:48:19;0.2269;;
3443;30.0598;29.8329;-256.755;-256.254;-256.7;-256.888;-256.95;-255.988;9:48:19;0.2269;;
3444;30.052;29.8329;-256.755;-256.262;-256.692;-256.903;-256.95;-255.98;9:48:20;0.2191;;
3445;30.052;29.8329;-256.755;-256.262;-256.692;-256.895;-256.95;-255.988;9:48:20;0.2191;;
3446;30.052;29.8251;-256.751;-256.269;-256.7;-256.895;-256.942;-255.98;9:48:21;0.2269;;
3447;30.0442;29.8251;-256.755;-256.262;-256.692;-256.895;-256.942;-255.98;9:48:21;0.2191;;
3448;30.0403;29.8329;-256.755;-256.269;-256.692;-256.895;-256.95;-255.988;9:48:22;0.2074;;
3449;30.0403;29.8251;-256.751;-256.262;-256.692;-256.903;-256.935;-255.988;9:48:22;0.2152;;
3450;30.0403;29.8251;-256.755;-256.262;-256.7;-256.895;-256.942;-255.98;9:48:23;0.2152;;
3451;30.0403;29.8172;-256.755;-256.262;-256.692;-256.903;-256.942;-255.972;9:48:23;0.2231;;
3452;30.0403;29.8172;-256.755;-256.254;-256.692;-256.895;-256.942;-255.988;9:48:24;0.2231;;
3453;30.0403;29.8172;-256.755;-256.262;-256.7;-256.895;-256.935;-255.98;9:48:24;0.2231;;
3454;30.0403;29.8251;-256.755;-256.262;-256.692;-256.903;-256.935;-255.988;9:48:25;0.2152;;
3455;30.0363;29.8172;-256.755;-256.258;-256.692;-256.895;-256.935;-255.972;9:48:25;0.2191;;
3456;30.0363;29.8172;-256.751;-256.262;-256.692;-256.903;-256.935;-255.988;9:48:26;0.2191;;
3457;30.0363;29.8251;-256.755;-256.254;-256.692;-256.895;-256.935;-255.98;9:48:26;0.2112;;
3458;30.0363;29.8172;-256.758;-256.258;-256.692;-256.903;-256.942;-255.98;9:48:27;0.2191;;
3459;30.0324;29.8094;-256.751;-256.254;-256.692;-256.895;-256.942;-255.98;9:48:27;0.223;;
3460;30.0324;29.8094;-256.755;-256.254;-256.692;-256.903;-256.95;-255.988;9:48:28;0.223;;
3461;30.0363;29.8094;-256.755;-256.262;-256.692;-256.895;-256.942;-255.98;9:48:28;0.2269;;
3462;30.0324;29.8094;-256.751;-256.254;-256.692;-256.903;-256.935;-255.98;9:48:29;0.223;;
3463;30.0363;29.8094;-256.755;-256.262;-256.692;-256.895;-256.935;-255.98;9:48:29;0.2269;;
3464;30.0363;29.8016;-256.751;-256.262;-256.692;-256.895;-256.927;-255.988;9:48:30;0.2347;;
3465;30.0324;29.8016;-256.751;-256.254;-256.684;-256.895;-256.935;-255.988;9:48:30;0.2308;;
3466;30.0285;29.8016;-256.751;-256.25;-256.692;-256.895;-256.935;-255.988;9:48:31;0.2269;;
3467;30.0285;29.8016;-256.751;-256.262;-256.684;-256.895;-256.927;-255.988;9:48:31;0.2269;;
3468;30.0324;29.8016;-256.751;-256.254;-256.684;-256.895;-256.927;-255.98;9:48:32;0.2308;;
3469;30.0285;29.7938;-256.751;-256.254;-256.692;-256.895;-256.935;-255.988;9:48:32;0.2347;;
3470;30.0246;29.7938;-256.747;-256.262;-256.692;-256.895;-256.942;-255.98;9:48:33;0.2308;;
3471;30.0246;29.7938;-256.751;-256.254;-256.692;-256.903;-256.935;-255.988;9:48:33;0.2308;;
3472;30.0168;29.7859;-256.755;-256.254;-256.684;-256.895;-256.935;-255.988;9:48:34;0.2309;;
3473;30.0168;29.7859;-256.751;-256.254;-256.692;-256.903;-256.935;-255.988;9:48:34;0.2309;;
3474;30.0168;29.7859;-256.751;-256.254;-256.692;-256.895;-256.942;-255.98;9:48:35;0.2309;;
3475;30.009;29.7859;-256.751;-256.258;-256.692;-256.903;-256.942;-255.988;9:48:35;0.2231;;
3476;30.009;29.7859;-256.755;-256.262;-256.692;-256.903;-256.935;-255.98;9:48:36;0.2231;;
3477;30.009;29.7781;-256.751;-256.25;-256.692;-256.895;-256.942;-255.98;9:48:36;0.2309;;
3478;30.0011;29.7859;-256.755;-256.254;-256.692;-256.888;-256.942;-255.98;9:48:37;0.2152;;
3479;30.009;29.7781;-256.751;-256.25;-256.7;-256.895;-256.942;-255.988;9:48:37;0.2309;;
3480;30.0011;29.7781;-256.751;-256.254;-256.684;-256.888;-256.942;-255.988;9:48:38;0.223;;
3481;29.9933;29.7703;-256.755;-256.254;-256.692;-256.895;-256.95;-255.988;9:48:38;0.223;;
3482;30.0011;29.7703;-256.751;-256.25;-256.692;-256.895;-256.935;-255.988;9:48:39;0.2308;;
3483;30.0011;29.7781;-256.755;-256.254;-256.692;-256.888;-256.942;-255.996;9:48:39;0.223;;
3484;29.9855;29.7781;-256.755;-256.254;-256.692;-256.895;-256.942;-255.98;9:48:40;0.2074;;
3485;29.9933;29.7703;-256.755;-256.262;-256.684;-256.895;-256.942;-255.996;9:48:40;0.223;;
3486;29.9933;29.7625;-256.751;-256.254;-256.684;-256.895;-256.942;-255.988;9:48:41;0.2308;;
3487;29.9933;29.7703;-256.758;-256.254;-256.692;-256.903;-256.935;-255.98;9:48:41;0.223;;
3488;29.9855;29.7625;-256.755;-256.262;-256.692;-256.895;-256.942;-255.988;9:48:42;0.223;;
3489;29.9855;29.7625;-256.751;-256.254;-256.692;-256.895;-256.935;-255.988;9:48:42;0.223;;
3490;29.9855;29.7625;-256.751;-256.262;-256.692;-256.903;-256.935;-255.988;9:48:43;0.223;;
3491;29.9777;29.7625;-256.755;-256.254;-256.692;-256.895;-256.942;-255.988;9:48:43;0.2152;;
3492;29.9855;29.7625;-256.755;-256.262;-256.684;-256.895;-256.942;-255.988;9:48:44;0.223;;
3493;29.9855;29.7703;-256.755;-256.262;-256.692;-256.895;-256.942;-255.988;9:48:44;0.2152;;
3494;29.9855;29.7546;-256.751;-256.262;-256.684;-256.903;-256.942;-255.988;9:48:45;0.2309;;
3495;29.9777;29.7625;-256.751;-256.254;-256.692;-256.895;-256.942;-255.996;9:48:45;0.2152;;
3496;29.9855;29.7625;-256.751;-256.254;-256.684;-256.888;-256.935;-255.988;9:48:46;0.223;;
3497;29.9855;29.7625;-256.751;-256.254;-256.692;-256.895;-256.935;-255.988;9:48:46;0.223;;
3498;29.9855;29.7625;-256.755;-256.262;-256.684;-256.888;-256.935;-255.98;9:48:47;0.223;;
3499;29.9855;29.7625;-256.755;-256.254;-256.684;-256.895;-256.935;-255.988;9:48:47;0.223;;
3500;29.9855;29.7625;-256.755;-256.254;-256.692;-256.895;-256.942;-255.988;9:48:48;0.223;;
3501;29.9933;29.7625;-256.751;-256.254;-256.692;-256.895;-256.942;-255.988;9:48:48;0.2308;;
3502;29.9933;29.7625;-256.751;-256.262;-256.692;-256.903;-256.935;-255.98;9:48:49;0.2308;;
3503;29.9933;29.7546;-256.755;-256.262;-256.684;-256.895;-256.942;-255.988;9:48:49;0.2387;;
3504;29.9933;29.7625;-256.751;-256.25;-256.692;-256.903;-256.935;-255.98;9:48:50;0.2308;;
3505;29.9855;29.7625;-256.751;-256.254;-256.692;-256.895;-256.942;-255.98;9:48:50;0.223;;
3506;29.9933;29.7703;-256.751;-256.254;-256.692;-256.903;-256.935;-255.988;9:48:51;0.223;;
3507;29.9933;29.7625;-256.755;-256.262;-256.692;-256.895;-256.935;-255.988;9:48:51;0.2308;;
3508;30.0011;29.7625;-256.747;-256.262;-256.684;-256.903;-256.935;-255.988;9:48:52;0.2386;;
3509;30.0011;29.7703;-256.751;-256.254;-256.692;-256.895;-256.927;-255.98;9:48:52;0.2308;;
3510;30.0011;29.7703;-256.751;-256.254;-256.684;-256.903;-256.942;-255.988;9:48:53;0.2308;;
3511;30.0011;29.7703;-256.755;-256.254;-256.692;-256.895;-256.927;-255.988;9:48:53;0.2308;;
3512;30.0011;29.7703;-256.751;-256.254;-256.692;-256.895;-256.935;-255.98;9:48:54;0.2308;;
3513;30.0011;29.7703;-256.751;-256.262;-256.684;-256.895;-256.927;-255.988;9:48:54;0.2308;;
3514;29.9933;29.7703;-256.751;-256.254;-256.692;-256.895;-256.935;-255.98;9:48:55;0.223;;
3515;29.9933;29.7781;-256.755;-256.254;-256.684;-256.888;-256.935;-255.988;9:48:55;0.2152;;
3516;30.009;29.7703;-256.751;-256.254;-256.692;-256.895;-256.935;-255.988;9:48:56;0.2387;;
3517;30.009;29.7703;-256.751;-256.262;-256.684;-256.888;-256.935;-255.98;9:48:56;0.2387;;
3518;30.0011;29.7781;-256.751;-256.254;-256.692;-256.895;-256.942;-255.988;9:48:57;0.223;;
3519;30.0168;29.7781;-256.755;-256.254;-256.692;-256.895;-256.935;-255.988;9:48:57;0.2387;;
3520;30.0168;29.7781;-256.751;-256.262;-256.684;-256.895;-256.942;-255.98;9:48:58;0.2387;;
3521;30.0168;29.7781;-256.751;-256.254;-256.684;-256.895;-256.935;-255.98;9:48:58;0.2387;;
3522;30.0246;29.7859;-256.755;-256.262;-256.692;-256.895;-256.935;-255.988;9:48:59;0.2387;;
3523;30.0168;29.7859;-256.755;-256.262;-256.684;-256.888;-256.942;-255.98;9:48:59;0.2309;;
3524;30.0246;29.7859;-256.751;-256.262;-256.692;-256.895;-256.935;-255.988;9:49:00;0.2387;;
3525;30.0285;29.7859;-256.755;-256.262;-256.692;-256.895;-256.942;-255.988;9:49:00;0.2426;;
3526;30.0246;29.7859;-256.755;-256.254;-256.692;-256.895;-256.942;-255.98;9:49:01;0.2387;;
3527;30.0246;29.7859;-256.755;-256.262;-256.692;-256.903;-256.942;-255.98;9:49:01;0.2387;;
3528;30.0285;29.7938;-256.755;-256.262;-256.692;-256.895;-256.942;-255.988;9:49:02;0.2347;;
3529;30.0285;29.7859;-256.751;-256.258;-256.692;-256.895;-256.942;-255.98;9:49:02;0.2426;;
3530;30.0285;29.7938;-256.747;-256.254;-256.692;-256.895;-256.942;-255.972;9:49:03;0.2347;;
3531;30.0324;29.7938;-256.755;-256.254;-256.692;-256.888;-256.942;-255.98;9:49:03;0.2386;;
3532;30.0324;29.8016;-256.751;-256.262;-256.692;-256.888;-256.942;-255.972;9:49:04;0.2308;;
3533;30.0363;29.7938;-256.751;-256.262;-256.692;-256.895;-256.942;-255.972;9:49:04;0.2425;;
3534;30.0363;29.8094;-256.751;-256.25;-256.684;-256.903;-256.942;-255.972;9:49:05;0.2269;;
3535;30.0363;29.8016;-256.751;-256.262;-256.692;-256.888;-256.942;-255.98;9:49:05;0.2347;;
3536;30.0403;29.8016;-256.751;-256.262;-256.692;-256.895;-256.942;-255.98;9:49:06;0.2387;;
3537;30.0363;29.8016;-256.751;-256.262;-256.692;-256.903;-256.942;-255.98;9:49:06;0.2347;;
3538;30.0403;29.8016;-256.751;-256.262;-256.692;-256.895;-256.942;-255.98;9:49:07;0.2387;;
3539;30.0442;29.8094;-256.751;-256.254;-256.684;-256.895;-256.942;-255.98;9:49:07;0.2348;;
3540;30.0403;29.8016;-256.755;-256.262;-256.692;-256.903;-256.942;-255.98;9:49:08;0.2387;;
3541;30.052;29.8172;-256.751;-256.254;-256.692;-256.895;-256.942;-255.988;9:49:08;0.2348;;
3542;30.052;29.8094;-256.755;-256.262;-256.692;-256.895;-256.935;-255.98;9:49:09;0.2426;;
3543;30.0442;29.8094;-256.751;-256.254;-256.7;-256.888;-256.942;-255.988;9:49:09;0.2348;;
3544;30.0598;29.8172;-256.751;-256.262;-256.692;-256.903;-256.942;-255.98;9:49:10;0.2426;;
3545;30.052;29.8094;-256.755;-256.254;-256.692;-256.895;-256.942;-255.98;9:49:10;0.2426;;
3546;30.052;29.8094;-256.751;-256.262;-256.692;-256.895;-256.942;-255.988;9:49:11;0.2426;;
3547;30.0598;29.8016;-256.751;-256.262;-256.7;-256.888;-256.942;-255.98;9:49:11;0.2582;;
3548;30.0598;29.8094;-256.751;-256.262;-256.692;-256.895;-256.95;-255.988;9:49:12;0.2504;;
3549;30.0598;29.8016;-256.751;-256.254;-256.692;-256.895;-256.95;-255.988;9:49:12;0.2582;;
3550;30.052;29.8094;-256.755;-256.262;-256.692;-256.895;-256.942;-255.98;9:49:13;0.2426;;
3551;30.052;29.7938;-256.751;-256.254;-256.684;-256.888;-256.942;-255.98;9:49:13;0.2582;;
3552;30.0676;29.8016;-256.751;-256.254;-256.692;-256.895;-256.942;-255.988;9:49:14;0.266;;
3553;30.0598;29.8016;-256.755;-256.262;-256.692;-256.895;-256.942;-255.972;9:49:14;0.2582;;
3554;30.052;29.8016;-256.755;-256.254;-256.692;-256.888;-256.95;-255.988;9:49:15;0.2504;;
3555;30.052;29.8016;-256.751;-256.254;-256.684;-256.895;-256.95;-255.98;9:49:15;0.2504;;
3556;30.052;29.8016;-256.751;-256.262;-256.692;-256.895;-256.95;-255.98;9:49:16;0.2504;;
3557;30.052;29.7938;-256.751;-256.254;-256.692;-256.895;-256.942;-255.98;9:49:16;0.2582;;
3558;30.0442;29.7938;-256.747;-256.262;-256.692;-256.895;-256.958;-255.98;9:49:17;0.2504;;
3559;30.052;29.8016;-256.751;-256.254;-256.684;-256.903;-256.942;-255.972;9:49:17;0.2504;;
3560;30.052;29.7938;-256.751;-256.258;-256.684;-256.903;-256.958;-255.988;9:49:18;0.2582;;
3561;30.0403;29.7938;-256.751;-256.254;-256.684;-256.895;-256.95;-255.98;9:49:18;0.2465;;
3562;30.0442;29.8016;-256.751;-256.254;-256.676;-256.895;-256.942;-255.98;9:49:19;0.2426;;
3563;30.0442;29.8016;-256.755;-256.254;-256.684;-256.903;-256.942;-255.988;9:49:19;0.2426;;
3564;30.0363;29.8016;-256.751;-256.254;-256.676;-256.903;-256.942;-255.98;9:49:20;0.2347;;
3565;30.0403;29.8016;-256.751;-256.254;-256.692;-256.895;-256.942;-255.98;9:49:20;0.2387;;
3566;30.0363;29.8016;-256.755;-256.262;-256.676;-256.895;-256.942;-255.98;9:49:21;0.2347;;
3567;30.0324;29.7938;-256.751;-256.254;-256.684;-256.895;-256.935;-255.988;9:49:21;0.2386;;
3568;30.0363;29.8016;-256.751;-256.254;-256.676;-256.895;-256.942;-255.98;9:49:22;0.2347;;
3569;30.0324;29.7938;-256.755;-256.254;-256.684;-256.895;-256.942;-255.972;9:49:22;0.2386;;
3570;30.0324;29.7938;-256.755;-256.254;-256.684;-256.903;-256.942;-255.972;9:49:23;0.2386;;
3571;30.0285;29.7938;-256.751;-256.254;-256.684;-256.895;-256.935;-255.964;9:49:23;0.2347;;
3572;30.0324;29.7938;-256.755;-256.254;-256.684;-256.895;-256.942;-255.972;9:49:24;0.2386;;
3573;30.0285;29.7859;-256.751;-256.254;-256.676;-256.895;-256.935;-255.964;9:49:24;0.2426;;
3574;30.0324;29.7938;-256.751;-256.254;-256.684;-256.888;-256.935;-255.964;9:49:25;0.2386;;
3575;30.0285;29.7938;-256.755;-256.262;-256.684;-256.895;-256.935;-255.964;9:49:25;0.2347;;
3576;30.0246;29.7859;-256.755;-256.254;-256.684;-256.888;-256.927;-255.972;9:49:26;0.2387;;
3577;30.0285;29.7859;-256.751;-256.254;-256.684;-256.888;-256.935;-255.964;9:49:26;0.2426;;
3578;30.0246;29.7781;-256.751;-256.254;-256.684;-256.895;-256.935;-255.972;9:49:27;0.2465;;
3579;30.0285;29.7781;-256.751;-256.254;-256.692;-256.888;-256.942;-255.972;9:49:27;0.2504;;
3580;30.0246;29.7859;-256.747;-256.262;-256.692;-256.888;-256.95;-255.964;9:49:28;0.2387;;
3581;30.0246;29.7781;-256.751;-256.262;-256.692;-256.895;-256.95;-255.964;9:49:28;0.2465;;
3582;30.0246;29.7781;-256.751;-256.262;-256.692;-256.895;-256.942;-255.972;9:49:29;0.2465;;
3583;30.0168;29.7703;-256.747;-256.262;-256.7;-256.903;-256.942;-255.964;9:49:29;0.2465;;
3584;30.0168;29.7781;-256.751;-256.254;-256.684;-256.895;-256.95;-255.972;9:49:30;0.2387;;
3585;30.0246;29.7703;-256.751;-256.262;-256.692;-256.895;-256.95;-255.964;9:49:30;0.2543;;
3586;30.009;29.7703;-256.751;-256.262;-256.684;-256.895;-256.942;-255.972;9:49:31;0.2387;;
3587;30.009;29.7703;-256.751;-256.269;-256.692;-256.903;-256.942;-255.964;9:49:31;0.2387;;
3588;30.0011;29.7625;-256.751;-256.262;-256.692;-256.895;-256.942;-255.972;9:49:32;0.2386;;
3589;30.0011;29.7703;-256.751;-256.262;-256.692;-256.903;-256.942;-255.964;9:49:32;0.2308;;
3590;29.9933;29.7546;-256.751;-256.262;-256.692;-256.903;-256.942;-255.972;9:49:33;0.2387;;
3591;29.9933;29.7625;-256.751;-256.262;-256.7;-256.895;-256.95;-255.964;9:49:33;0.2308;;
3592;29.9855;29.7546;-256.755;-256.262;-256.684;-256.895;-256.942;-255.972;9:49:34;0.2309;;
3593;29.9855;29.7625;-256.751;-256.262;-256.692;-256.895;-256.95;-255.964;9:49:34;0.223;;
3594;29.9855;29.7468;-256.755;-256.262;-256.684;-256.895;-256.942;-255.964;9:49:35;0.2387;;
3595;29.9777;29.7546;-256.755;-256.254;-256.692;-256.895;-256.958;-255.972;9:49:35;0.2231;;
3596;29.9855;29.7625;-256.751;-256.254;-256.684;-256.895;-256.95;-255.972;9:49:36;0.223;;
3597;29.9777;29.7546;-256.755;-256.262;-256.684;-256.895;-256.95;-255.972;9:49:36;0.2231;;
3598;29.9777;29.7546;-256.751;-256.254;-256.684;-256.888;-256.95;-255.964;9:49:37;0.2231;;
3599;29.9777;29.7546;-256.755;-256.254;-256.684;-256.888;-256.942;-255.972;9:49:37;0.2231;;
3600;29.9777;29.7468;-256.755;-256.25;-256.692;-256.895;-256.95;-255.964;9:49:38;0.2309;;
3601;29.9777;29.7546;-256.755;-256.262;-256.684;-256.895;-256.942;-255.98;9:49:38;0.2231;;
3602;29.9777;29.7468;-256.755;-256.254;-256.684;-256.888;-256.95;-255.964;9:49:39;0.2309;;
3603;29.9855;29.7546;-256.751;-256.254;-256.692;-256.895;-256.942;-255.972;9:49:39;0.2309;;
3604;29.9777;29.7546;-256.751;-256.25;-256.692;-256.895;-256.95;-255.972;9:49:40;0.2231;;
3605;29.9698;29.7546;-256.751;-256.254;-256.684;-256.895;-256.942;-255.972;9:49:40;0.2152;;
3606;29.9777;29.7546;-256.751;-256.254;-256.692;-256.895;-256.95;-255.972;9:49:41;0.2231;;
3607;29.9777;29.7468;-256.751;-256.254;-256.684;-256.888;-256.942;-255.972;9:49:41;0.2309;;
3608;29.9777;29.7468;-256.747;-256.254;-256.684;-256.895;-256.942;-255.964;9:49:42;0.2309;;
3609;29.9777;29.7468;-256.747;-256.254;-256.692;-256.895;-256.95;-255.972;9:49:42;0.2309;;
3610;29.9777;29.7468;-256.747;-256.254;-256.684;-256.895;-256.95;-255.972;9:49:43;0.2309;;
3611;29.9855;29.7468;-256.751;-256.262;-256.692;-256.903;-256.942;-255.964;9:49:43;0.2387;;
3612;29.9777;29.7546;-256.751;-256.25;-256.692;-256.895;-256.95;-255.972;9:49:44;0.2231;;
3613;29.9777;29.7546;-256.747;-256.254;-256.684;-256.895;-256.942;-255.972;9:49:44;0.2231;;
3614;29.9777;29.7546;-256.751;-256.254;-256.692;-256.895;-256.95;-255.972;9:49:45;0.2231;;
3615;29.9855;29.7546;-256.751;-256.254;-256.684;-256.903;-256.942;-255.972;9:49:45;0.2309;;
3616;29.9855;29.7546;-256.755;-256.25;-256.684;-256.895;-256.95;-255.972;9:49:46;0.2309;;
3617;29.9855;29.7546;-256.755;-256.254;-256.684;-256.903;-256.95;-255.972;9:49:46;0.2309;;
3618;29.9933;29.7546;-256.755;-256.254;-256.684;-256.888;-256.942;-255.972;9:49:47;0.2387;;
3619;29.9933;29.7546;-256.751;-256.262;-256.692;-256.903;-256.95;-255.964;9:49:47;0.2387;;
3620;29.9933;29.7546;-256.755;-256.254;-256.692;-256.888;-256.942;-255.964;9:49:48;0.2387;;
3621;29.9933;29.7546;-256.747;-256.254;-256.684;-256.888;-256.935;-255.972;9:49:48;0.2387;;
3622;29.9933;29.7546;-256.751;-256.254;-256.7;-256.888;-256.935;-255.972;9:49:49;0.2387;;
3623;30.0011;29.7625;-256.747;-256.262;-256.684;-256.895;-256.935;-255.964;9:49:49;0.2386;;
3624;30.0011;29.7546;-256.755;-256.254;-256.7;-256.888;-256.942;-255.972;9:49:50;0.2465;;
3625;30.0011;29.7625;-256.755;-256.254;-256.692;-256.895;-256.935;-255.98;9:49:50;0.2386;;
3626;30.009;29.7625;-256.751;-256.254;-256.684;-256.888;-256.942;-255.972;9:49:51;0.2465;;
3627;30.009;29.7625;-256.755;-256.254;-256.692;-256.888;-256.935;-255.972;9:49:51;0.2465;;
3628;30.0168;29.7625;-256.755;-256.254;-256.692;-256.888;-256.935;-255.972;9:49:52;0.2543;;
3629;30.009;29.7625;-256.755;-256.254;-256.692;-256.895;-256.942;-255.972;9:49:52;0.2465;;
3630;30.009;29.7625;-256.751;-256.262;-256.692;-256.895;-256.942;-255.98;9:49:53;0.2465;;
3631;30.0168;29.7703;-256.751;-256.254;-256.692;-256.888;-256.942;-255.972;9:49:53;0.2465;;
3632;30.0168;29.7625;-256.751;-256.254;-256.692;-256.888;-256.942;-255.964;9:49:54;0.2543;;
3633;30.0168;29.7703;-256.755;-256.254;-256.692;-256.895;-256.935;-255.972;9:49:54;0.2465;;
3634;30.0246;29.7703;-256.755;-256.254;-256.692;-256.895;-256.942;-255.964;9:49:55;0.2543;;
3635;30.0285;29.7781;-256.755;-256.262;-256.692;-256.888;-256.942;-255.972;9:49:55;0.2504;;
3636;30.0207;29.7703;-256.751;-256.254;-256.692;-256.888;-256.942;-255.972;9:49:56;0.2504;;
3637;30.0246;29.7703;-256.758;-256.254;-256.684;-256.888;-256.942;-255.972;9:49:56;0.2543;;
3638;30.0285;29.7781;-256.755;-256.254;-256.692;-256.895;-256.942;-255.972;9:49:57;0.2504;;
3639;30.0324;29.7703;-256.751;-256.254;-256.684;-256.888;-256.942;-255.964;9:49:57;0.2621;;
3640;30.0324;29.7859;-256.755;-256.25;-256.692;-256.888;-256.942;-255.98;9:49:58;0.2465;;
3641;30.0246;29.7859;-256.751;-256.25;-256.692;-256.895;-256.95;-255.972;9:49:58;0.2387;;
3642;30.0324;29.7859;-256.747;-256.254;-256.692;-256.895;-256.942;-255.972;9:49:59;0.2465;;
3643;30.0324;29.7859;-256.743;-256.25;-256.684;-256.903;-256.935;-255.98;9:49:59;0.2465;;
3644;30.0324;29.7859;-256.747;-256.254;-256.684;-256.895;-256.942;-255.972;9:50:00;0.2465;;
3645;30.0324;29.7938;-256.743;-256.262;-256.684;-256.895;-256.935;-255.972;9:50:00;0.2386;;
3646;30.0363;29.7938;-256.747;-256.254;-256.684;-256.895;-256.95;-255.972;9:50:01;0.2425;;
3647;30.0363;29.7938;-256.751;-256.254;-256.692;-256.903;-256.942;-255.972;9:50:01;0.2425;;
3648;30.0363;29.7938;-256.743;-256.254;-256.684;-256.888;-256.935;-255.972;9:50:02;0.2425;;
3649;30.0403;29.8016;-256.743;-256.262;-256.684;-256.895;-256.942;-255.972;9:50:02;0.2387;;
3650;30.0363;29.8016;-256.747;-256.25;-256.684;-256.888;-256.935;-255.98;9:50:03;0.2347;;
3651;30.0403;29.8016;-256.743;-256.262;-256.684;-256.888;-256.942;-255.972;9:50:03;0.2387;;
3652;30.0403;29.7938;-256.743;-256.25;-256.692;-256.895;-256.935;-255.972;9:50:04;0.2465;;
3653;30.0403;29.8016;-256.747;-256.254;-256.7;-256.895;-256.942;-255.972;9:50:04;0.2387;;
3654;30.0442;29.8016;-256.743;-256.254;-256.7;-256.888;-256.942;-255.972;9:50:05;0.2426;;
3655;30.0442;29.8016;-256.747;-256.254;-256.7;-256.895;-256.942;-255.98;9:50:05;0.2426;;
3656;30.052;29.8016;-256.743;-256.254;-256.692;-256.895;-256.942;-255.972;9:50:06;0.2504;;
3657;30.052;29.7938;-256.743;-256.258;-256.7;-256.888;-256.942;-255.972;9:50:06;0.2582;;
3658;30.0442;29.8016;-256.731;-256.25;-256.7;-256.888;-256.942;-255.972;9:50:07;0.2426;;
3659;30.052;29.8016;-256.743;-256.254;-256.7;-256.895;-256.942;-255.964;9:50:07;0.2504;;
3660;30.0598;29.8094;-256.743;-256.254;-256.7;-256.895;-256.942;-255.964;9:50:08;0.2504;;
3661;30.0598;29.8094;-256.731;-256.254;-256.692;-256.895;-256.95;-255.964;9:50:08;0.2504;;
3662;30.0598;29.8094;-256.747;-256.254;-256.692;-256.895;-256.95;-255.972;9:50:09;0.2504;;
3663;30.0598;29.8172;-256.735;-256.254;-256.692;-256.895;-256.942;-255.964;9:50:09;0.2426;;
3664;30.052;29.8094;-256.743;-256.25;-256.7;-256.895;-256.942;-255.972;9:50:10;0.2426;;
3665;30.052;29.8172;-256.743;-256.262;-256.692;-256.895;-256.935;-255.972;9:50:10;0.2348;;
3666;30.0598;29.8251;-256.743;-256.254;-256.7;-256.888;-256.95;-255.972;9:50:11;0.2347;;
3667;30.052;29.8172;-256.747;-256.254;-256.692;-256.895;-256.942;-255.972;9:50:11;0.2348;;
3668;30.0598;29.8172;-256.747;-256.25;-256.692;-256.895;-256.95;-255.98;9:50:12;0.2426;;
3669;30.052;29.8094;-256.751;-256.258;-256.692;-256.903;-256.942;-255.964;9:50:12;0.2426;;
3670;30.052;29.8172;-256.747;-256.254;-256.692;-256.895;-256.95;-255.972;9:50:13;0.2348;;
3671;30.0442;29.8172;-256.751;-256.254;-256.692;-256.888;-256.942;-255.972;9:50:13;0.227;;
3672;30.052;29.8172;-256.747;-256.254;-256.684;-256.895;-256.95;-255.964;9:50:14;0.2348;;
3673;30.0442;29.8094;-256.751;-256.25;-256.692;-256.888;-256.95;-255.972;9:50:14;0.2348;;
3674;30.0442;29.8094;-256.751;-256.262;-256.692;-256.888;-256.95;-255.972;9:50:15;0.2348;;
3675;30.0403;29.8016;-256.755;-256.254;-256.692;-256.895;-256.95;-255.972;9:50:15;0.2387;;
3676;30.0363;29.8094;-256.747;-256.262;-256.692;-256.888;-256.942;-255.972;9:50:16;0.2269;;
3677;30.0403;29.8172;-256.743;-256.254;-256.692;-256.895;-256.942;-255.98;9:50:16;0.2231;;
3678;30.0363;29.8172;-256.743;-256.262;-256.692;-256.888;-256.935;-255.972;9:50:17;0.2191;;
3679;30.0363;29.8172;-256.735;-256.262;-256.7;-256.888;-256.942;-255.972;9:50:17;0.2191;;
3680;30.0363;29.8172;-256.743;-256.254;-256.7;-256.888;-256.942;-255.98;9:50:18;0.2191;;
3681;30.0324;29.8172;-256.747;-256.254;-256.7;-256.888;-256.942;-255.972;9:50:18;0.2152;;
3682;30.0324;29.8172;-256.743;-256.254;-256.692;-256.888;-256.942;-255.972;9:50:19;0.2152;;
3683;30.0324;29.8094;-256.743;-256.254;-256.684;-256.888;-256.942;-255.972;9:50:19;0.223;;
3684;30.0324;29.8172;-256.743;-256.254;-256.692;-256.895;-256.942;-255.972;9:50:20;0.2152;;
3685;30.0285;29.8172;-256.743;-256.254;-256.692;-256.895;-256.942;-255.972;9:50:20;0.2113;;
3686;30.0324;29.8094;-256.743;-256.254;-256.7;-256.895;-256.942;-255.98;9:50:21;0.223;;
3687;30.0285;29.8172;-256.743;-256.25;-256.692;-256.895;-256.942;-255.972;9:50:21;0.2113;;
3688;30.0285;29.8094;-256.743;-256.254;-256.692;-256.895;-256.942;-255.98;9:50:22;0.2191;;
3689;30.0285;29.8094;-256.743;-256.25;-256.692;-256.888;-256.942;-255.972;9:50:22;0.2191;;
3690;30.0285;29.8094;-256.743;-256.25;-256.692;-256.895;-256.95;-255.972;9:50:23;0.2191;;
3691;30.0285;29.7938;-256.743;-256.254;-256.692;-256.895;-256.942;-255.98;9:50:23;0.2347;;
3692;30.0285;29.8016;-256.743;-256.25;-256.692;-256.888;-256.942;-255.98;9:50:24;0.2269;;
3693;30.0168;29.7938;-256.743;-256.25;-256.692;-256.895;-256.942;-255.98;9:50:24;0.223;;
3694;30.0246;29.7938;-256.743;-256.254;-256.692;-256.895;-256.942;-255.972;9:50:25;0.2308;;
3695;30.0246;29.7938;-256.743;-256.258;-256.692;-256.895;-256.942;-255.98;9:50:25;0.2308;;
3696;30.0168;29.7859;-256.747;-256.254;-256.692;-256.903;-256.935;-255.98;9:50:26;0.2309;;
3697;30.0168;29.7938;-256.747;-256.254;-256.692;-256.888;-256.95;-255.972;9:50:26;0.223;;
3698;30.009;29.7859;-256.747;-256.254;-256.692;-256.895;-256.942;-255.98;9:50:27;0.2231;;
3699;30.0011;29.7859;-256.743;-256.262;-256.684;-256.888;-256.942;-255.972;9:50:27;0.2152;;
3700;30.0011;29.7781;-256.747;-256.254;-256.7;-256.895;-256.942;-255.972;9:50:28;0.223;;
3701;29.9933;29.7781;-256.743;-256.262;-256.7;-256.895;-256.942;-255.98;9:50:28;0.2152;;
3702;29.9933;29.7703;-256.743;-256.254;-256.7;-256.895;-256.935;-255.972;9:50:29;0.223;;
3703;29.9933;29.7703;-256.743;-256.262;-256.692;-256.895;-256.95;-255.972;9:50:29;0.223;;
3704;29.9933;29.7625;-256.747;-256.254;-256.692;-256.895;-256.935;-255.972;9:50:30;0.2308;;
3705;29.9855;29.7625;-256.735;-256.254;-256.7;-256.895;-256.942;-255.972;9:50:30;0.223;;
3706;29.9855;29.7703;-256.743;-256.254;-256.684;-256.895;-256.942;-255.972;9:50:31;0.2152;;
3707;29.9933;29.7703;-256.743;-256.254;-256.692;-256.903;-256.942;-255.972;9:50:31;0.223;;
3708;29.9855;29.7625;-256.735;-256.262;-256.684;-256.903;-256.942;-255.972;9:50:32;0.223;;
3709;29.9855;29.7546;-256.735;-256.254;-256.7;-256.895;-256.942;-255.972;9:50:32;0.2309;;
3710;29.9933;29.7625;-256.743;-256.254;-256.692;-256.903;-256.942;-255.972;9:50:33;0.2308;;
3711;29.9855;29.7546;-256.743;-256.254;-256.684;-256.895;-256.935;-255.964;9:50:33;0.2309;;
3712;29.9933;29.7546;-256.735;-256.254;-256.692;-256.903;-256.935;-255.964;9:50:34;0.2387;;
3713;30.0011;29.7546;-256.743;-256.262;-256.684;-256.895;-256.935;-255.972;9:50:34;0.2465;;
3714;30.0011;29.7546;-256.743;-256.254;-256.684;-256.895;-256.935;-255.972;9:50:35;0.2465;;
3715;30.0011;29.7468;-256.739;-256.254;-256.684;-256.895;-256.935;-255.972;9:50:35;0.2543;;
3716;30.009;29.7468;-256.735;-256.254;-256.692;-256.903;-256.942;-255.964;9:50:36;0.2622;;
3717;30.0011;29.7468;-256.743;-256.254;-256.692;-256.895;-256.935;-255.972;9:50:36;0.2543;;
3718;30.009;29.7468;-256.743;-256.254;-256.684;-256.888;-256.942;-255.964;9:50:37;0.2622;;
3719;30.0011;29.7468;-256.735;-256.262;-256.684;-256.895;-256.935;-255.964;9:50:37;0.2543;;
3720;30.009;29.7468;-256.743;-256.262;-256.692;-256.888;-256.942;-255.964;9:50:38;0.2622;;
3721;30.0011;29.7546;-256.743;-256.254;-256.692;-256.895;-256.95;-255.972;9:50:38;0.2465;;
3722;30.0011;29.7468;-256.743;-256.254;-256.7;-256.888;-256.942;-255.972;9:50:39;0.2543;;
3723;30.009;29.7546;-256.743;-256.262;-256.692;-256.895;-256.95;-255.972;9:50:39;0.2544;;
3724;30.009;29.7546;-256.743;-256.262;-256.692;-256.888;-256.942;-255.98;9:50:40;0.2544;;
3725;30.009;29.7468;-256.743;-256.262;-256.684;-256.888;-256.95;-255.964;9:50:40;0.2622;;
3726;30.009;29.7546;-256.735;-256.262;-256.684;-256.888;-256.942;-255.972;9:50:41;0.2544;;
3727;30.0168;29.7546;-256.743;-256.254;-256.692;-256.895;-256.942;-255.972;9:50:41;0.2622;;
3728;30.0168;29.7546;-256.743;-256.262;-256.692;-256.888;-256.95;-255.972;9:50:42;0.2622;;
3729;30.0168;29.7468;-256.743;-256.262;-256.684;-256.895;-256.935;-255.972;9:50:42;0.27;;
3730;30.009;29.7625;-256.747;-256.262;-256.692;-256.888;-256.942;-255.98;9:50:43;0.2465;;
3731;30.0168;29.7625;-256.743;-256.262;-256.684;-256.895;-256.95;-255.972;9:50:43;0.2543;;
3732;30.0168;29.7625;-256.747;-256.262;-256.692;-256.888;-256.942;-255.972;9:50:44;0.2543;;
3733;30.0246;29.7625;-256.743;-256.262;-256.692;-256.895;-256.942;-255.972;9:50:44;0.2621;;
3734;30.0246;29.7625;-256.747;-256.262;-256.684;-256.895;-256.942;-255.964;9:50:45;0.2621;;
3735;30.0246;29.7703;-256.735;-256.262;-256.692;-256.895;-256.942;-255.972;9:50:45;0.2543;;
3736;30.0246;29.7781;-256.739;-256.254;-256.692;-256.895;-256.935;-255.972;9:50:46;0.2465;;
3737;30.0285;29.7781;-256.747;-256.254;-256.684;-256.895;-256.942;-255.972;9:50:46;0.2504;;
3738;30.0285;29.7781;-256.747;-256.254;-256.692;-256.888;-256.935;-255.972;9:50:47;0.2504;;
3739;30.0324;29.7703;-256.743;-256.254;-256.684;-256.895;-256.942;-255.972;9:50:47;0.2621;;
3740;30.0285;29.7859;-256.743;-256.262;-256.684;-256.895;-256.942;-255.964;9:50:48;0.2426;;
3741;30.0324;29.7859;-256.747;-256.254;-256.692;-256.895;-256.942;-255.972;9:50:48;0.2465;;
3742;30.0363;29.7781;-256.743;-256.254;-256.692;-256.888;-256.935;-255.972;9:50:49;0.2582;;
3743;30.0324;29.7859;-256.743;-256.262;-256.692;-256.895;-256.935;-255.972;9:50:49;0.2465;;
3744;30.0324;29.7859;-256.747;-256.254;-256.684;-256.895;-256.935;-255.964;9:50:50;0.2465;;
3745;30.0363;29.7859;-256.747;-256.254;-256.692;-256.888;-256.935;-255.972;9:50:50;0.2504;;
3746;30.0363;29.7938;-256.747;-256.254;-256.684;-256.895;-256.942;-255.972;9:50:51;0.2425;;
3747;30.0403;29.7938;-256.743;-256.254;-256.684;-256.888;-256.942;-255.972;9:50:51;0.2465;;
3748;30.0363;29.7938;-256.735;-256.254;-256.692;-256.895;-256.95;-255.964;9:50:52;0.2425;;
3749;30.0442;29.7938;-256.743;-256.262;-256.684;-256.888;-256.942;-255.964;9:50:52;0.2504;;
3750;30.0403;29.8016;-256.735;-256.254;-256.692;-256.888;-256.942;-255.972;9:50:53;0.2387;;
3751;30.0403;29.7938;-256.735;-256.262;-256.692;-256.895;-256.935;-255.964;9:50:53;0.2465;;
3752;30.0442;29.8016;-256.727;-256.254;-256.692;-256.895;-256.935;-255.972;9:50:54;0.2426;;
3753;30.0442;29.8016;-256.735;-256.262;-256.684;-256.888;-256.935;-255.964;9:50:54;0.2426;;
3754;30.052;29.8016;-256.735;-256.262;-256.692;-256.895;-256.935;-255.964;9:50:55;0.2504;;
3755;30.0442;29.8016;-256.743;-256.254;-256.684;-256.888;-256.935;-255.964;9:50:55;0.2426;;
3756;30.052;29.8172;-256.743;-256.254;-256.684;-256.895;-256.935;-255.964;9:50:56;0.2348;;
3757;30.052;29.8094;-256.743;-256.262;-256.692;-256.895;-256.935;-255.964;9:50:56;0.2426;;
3758;30.052;29.8172;-256.735;-256.254;-256.692;-256.888;-256.935;-255.964;9:50:57;0.2348;;
3759;30.052;29.8172;-256.735;-256.254;-256.692;-256.888;-256.935;-255.972;9:50:57;0.2348;;
3760;30.0676;29.8172;-256.735;-256.254;-256.7;-256.895;-256.942;-255.964;9:50:58;0.2504;;
3761;30.052;29.8172;-256.743;-256.262;-256.692;-256.895;-256.942;-255.972;9:50:58;0.2348;;
3762;30.0598;29.8251;-256.735;-256.262;-256.692;-256.888;-256.935;-255.956;9:50:59;0.2347;;
3763;30.0598;29.8172;-256.735;-256.254;-256.684;-256.888;-256.935;-255.964;9:50:59;0.2426;;
3764;30.0598;29.8251;-256.735;-256.262;-256.692;-256.88;-256.942;-255.972;9:51:00;0.2347;;
3765;30.0598;29.8172;-256.727;-256.262;-256.692;-256.895;-256.942;-255.964;9:51:00;0.2426;;
3766;30.052;29.8172;-256.743;-256.254;-256.692;-256.888;-256.942;-255.972;9:51:01;0.2348;;
3767;30.052;29.8172;-256.735;-256.262;-256.692;-256.895;-256.935;-255.964;9:51:01;0.2348;;
3768;30.0598;29.8172;-256.735;-256.254;-256.692;-256.888;-256.95;-255.972;9:51:02;0.2426;;
3769;30.0598;29.8172;-256.743;-256.262;-256.692;-256.888;-256.942;-255.964;9:51:02;0.2426;;
3770;30.052;29.8172;-256.731;-256.258;-256.692;-256.895;-256.942;-255.98;9:51:03;0.2348;;
3771;30.052;29.8172;-256.743;-256.254;-256.692;-256.888;-256.935;-255.964;9:51:03;0.2348;;
3772;30.052;29.8251;-256.743;-256.254;-256.692;-256.888;-256.942;-255.972;9:51:04;0.2269;;
3773;30.052;29.8172;-256.743;-256.254;-256.692;-256.895;-256.95;-255.964;9:51:04;0.2348;;
3774;30.052;29.8172;-256.747;-256.262;-256.7;-256.88;-256.95;-255.964;9:51:05;0.2348;;
3775;30.0442;29.8172;-256.743;-256.262;-256.684;-256.88;-256.942;-255.964;9:51:05;0.227;;
3776;30.0442;29.8172;-256.747;-256.262;-256.684;-256.88;-256.942;-255.964;9:51:06;0.227;;
3777;30.0442;29.8172;-256.747;-256.262;-256.684;-256.88;-256.935;-255.964;9:51:06;0.227;;
3778;30.0442;29.8094;-256.747;-256.254;-256.684;-256.88;-256.942;-255.972;9:51:07;0.2348;;
3779;30.0403;29.8094;-256.747;-256.254;-256.684;-256.88;-256.935;-255.964;9:51:07;0.2309;;
3780;30.0403;29.8016;-256.747;-256.254;-256.684;-256.888;-256.942;-255.956;9:51:08;0.2387;;
3781;30.0442;29.8094;-256.743;-256.25;-256.684;-256.88;-256.942;-255.972;9:51:08;0.2348;;
3782;30.0363;29.8172;-256.747;-256.254;-256.676;-256.888;-256.942;-255.964;9:51:09;0.2191;;
3783;30.0363;29.8094;-256.743;-256.254;-256.684;-256.888;-256.95;-255.964;9:51:09;0.2269;;
3784;30.0363;29.8094;-256.743;-256.254;-256.684;-256.888;-256.935;-255.964;9:51:10;0.2269;;
3785;30.0324;29.8172;-256.743;-256.254;-256.684;-256.888;-256.95;-255.964;9:51:10;0.2152;;
3786;30.0324;29.8094;-256.743;-256.254;-256.692;-256.88;-256.95;-255.964;9:51:11;0.223;;
3787;30.0285;29.8094;-256.743;-256.254;-256.692;-256.888;-256.95;-255.964;9:51:11;0.2191;;
3788;30.0246;29.8016;-256.747;-256.254;-256.684;-256.888;-256.935;-255.964;9:51:12;0.223;;
3789;30.0246;29.8016;-256.743;-256.254;-256.684;-256.88;-256.95;-255.972;9:51:12;0.223;;
3790;30.0246;29.8016;-256.739;-256.265;-256.692;-256.888;-256.942;-255.964;9:51:13;0.223;;
3791;30.0246;29.8016;-256.743;-256.254;-256.692;-256.888;-256.942;-255.964;9:51:13;0.223;;
3792;30.0246;29.7938;-256.743;-256.262;-256.692;-256.88;-256.95;-255.972;9:51:14;0.2308;;
3793;30.0168;29.7938;-256.747;-256.254;-256.684;-256.888;-256.942;-255.964;9:51:14;0.223;;
3794;30.0168;29.7938;-256.735;-256.262;-256.692;-256.888;-256.942;-255.972;9:51:15;0.223;;
3795;30.0168;29.7938;-256.735;-256.262;-256.692;-256.88;-256.95;-255.972;9:51:15;0.223;;
3796;30.0168;29.7938;-256.735;-256.262;-256.692;-256.888;-256.942;-255.972;9:51:16;0.223;;
3797;30.009;29.7938;-256.735;-256.262;-256.684;-256.88;-256.942;-255.972;9:51:16;0.2152;;
3798;30.009;29.7859;-256.743;-256.262;-256.692;-256.888;-256.942;-255.972;9:51:17;0.2231;;
3799;30.0011;29.7859;-256.735;-256.262;-256.692;-256.88;-256.95;-255.964;9:51:17;0.2152;;
3800;30.009;29.7859;-256.743;-256.262;-256.684;-256.88;-256.95;-255.972;9:51:18;0.2231;;
3801;29.9933;29.7859;-256.735;-256.262;-256.692;-256.888;-256.95;-255.972;9:51:18;0.2074;;
3802;29.9933;29.7781;-256.743;-256.262;-256.692;-256.888;-256.942;-255.964;9:51:19;0.2152;;
3803;29.9933;29.7781;-256.743;-256.262;-256.692;-256.88;-256.95;-255.972;9:51:19;0.2152;;
3804;29.9855;29.7703;-256.743;-256.262;-256.692;-256.888;-256.942;-255.972;9:51:20;0.2152;;
3805;29.9933;29.7703;-256.743;-256.262;-256.7;-256.88;-256.942;-255.964;9:51:20;0.223;;
3806;29.9855;29.7703;-256.743;-256.254;-256.684;-256.88;-256.935;-255.972;9:51:21;0.2152;;
3807;29.9698;29.7625;-256.735;-256.262;-256.692;-256.88;-256.95;-255.972;9:51:21;0.2073;;
3808;29.9777;29.7625;-256.743;-256.269;-256.692;-256.895;-256.942;-255.972;9:51:22;0.2152;;
3809;29.9777;29.7625;-256.743;-256.254;-256.692;-256.888;-256.942;-255.972;9:51:22;0.2152;;
3810;29.9698;29.7546;-256.735;-256.262;-256.7;-256.888;-256.942;-255.972;9:51:23;0.2152;;
3811;29.9698;29.7468;-256.743;-256.269;-256.692;-256.88;-256.95;-255.972;9:51:23;0.223;;
3812;29.9698;29.7546;-256.735;-256.262;-256.684;-256.888;-256.95;-255.972;9:51:24;0.2152;;
3813;29.9698;29.7468;-256.747;-256.262;-256.684;-256.88;-256.95;-255.964;9:51:24;0.223;;
3814;29.9698;29.7468;-256.743;-256.262;-256.684;-256.88;-256.942;-255.972;9:51:25;0.223;;
3815;29.962;29.7546;-256.743;-256.262;-256.684;-256.88;-256.942;-255.972;9:51:25;0.2074;;
3816;29.9698;29.7468;-256.743;-256.262;-256.684;-256.888;-256.95;-255.972;9:51:26;0.223;;
3817;29.9777;29.7546;-256.743;-256.262;-256.692;-256.88;-256.942;-255.972;9:51:26;0.2231;;
3818;29.9698;29.7468;-256.747;-256.262;-256.692;-256.888;-256.95;-255.964;9:51:27;0.223;;
3819;29.9777;29.7546;-256.747;-256.262;-256.692;-256.888;-256.942;-255.972;9:51:27;0.2231;;
3820;29.9698;29.7546;-256.747;-256.262;-256.684;-256.888;-256.95;-255.972;9:51:28;0.2152;;
3821;29.9777;29.7625;-256.747;-256.262;-256.692;-256.88;-256.95;-255.972;9:51:28;0.2152;;
3822;29.9698;29.7625;-256.747;-256.262;-256.692;-256.888;-256.942;-255.972;9:51:29;0.2073;;
3823;29.9777;29.7625;-256.743;-256.262;-256.684;-256.888;-256.958;-255.972;9:51:29;0.2152;;
3824;29.9855;29.7625;-256.743;-256.262;-256.692;-256.895;-256.95;-255.972;9:51:30;0.223;;
3825;29.9777;29.7625;-256.747;-256.262;-256.7;-256.888;-256.95;-255.972;9:51:30;0.2152;;
3826;29.9777;29.7703;-256.743;-256.262;-256.692;-256.888;-256.958;-255.972;9:51:31;0.2074;;
3827;29.9777;29.7703;-256.739;-256.262;-256.692;-256.888;-256.95;-255.972;9:51:31;0.2074;;
3828;29.9777;29.7625;-256.735;-256.262;-256.684;-256.895;-256.95;-255.972;9:51:32;0.2152;;
3829;29.9855;29.7625;-256.743;-256.262;-256.692;-256.888;-256.958;-255.972;9:51:32;0.223;;
3830;29.9855;29.7703;-256.743;-256.262;-256.684;-256.895;-256.942;-255.964;9:51:33;0.2152;;
3831;29.9855;29.7625;-256.743;-256.262;-256.692;-256.888;-256.95;-255.972;9:51:33;0.223;;
3832;29.9933;29.7703;-256.743;-256.262;-256.684;-256.895;-256.95;-255.972;9:51:34;0.223;;
3833;29.9933;29.7781;-256.743;-256.262;-256.684;-256.888;-256.95;-255.972;9:51:34;0.2152;;
3834;30.0011;29.7781;-256.751;-256.262;-256.684;-256.895;-256.95;-255.972;9:51:35;0.223;;
3835;30.0011;29.7703;-256.743;-256.262;-256.684;-256.895;-256.942;-255.972;9:51:35;0.2308;;
3836;30.0011;29.7781;-256.747;-256.254;-256.692;-256.895;-256.95;-255.972;9:51:36;0.223;;
3837;30.0011;29.7859;-256.743;-256.262;-256.684;-256.888;-256.942;-255.964;9:51:36;0.2152;;
3838;30.0011;29.7781;-256.747;-256.262;-256.684;-256.895;-256.95;-255.972;9:51:37;0.223;;
3839;30.0011;29.7859;-256.743;-256.262;-256.684;-256.895;-256.935;-255.972;9:51:37;0.2152;;
3840;30.0168;29.7781;-256.743;-256.269;-256.676;-256.895;-256.95;-255.972;9:51:38;0.2387;;
3841;30.009;29.7859;-256.743;-256.262;-256.692;-256.895;-256.942;-255.972;9:51:38;0.2231;;
3842;30.0168;29.7859;-256.747;-256.254;-256.676;-256.895;-256.942;-255.972;9:51:39;0.2309;;
3843;30.0207;29.7781;-256.747;-256.262;-256.684;-256.895;-256.942;-255.972;9:51:39;0.2426;;
3844;30.0246;29.7859;-256.747;-256.254;-256.676;-256.888;-256.942;-255.98;9:51:40;0.2387;;
3845;30.0246;29.7938;-256.743;-256.254;-256.684;-256.888;-256.935;-255.972;9:51:40;0.2308;;
3846;30.0246;29.7859;-256.747;-256.254;-256.684;-256.895;-256.95;-255.98;9:51:41;0.2387;;
3847;30.0168;29.7859;-256.743;-256.254;-256.692;-256.895;-256.942;-255.972;9:51:41;0.2309;;
3848;30.0285;29.7859;-256.735;-256.254;-256.684;-256.888;-256.935;-255.972;9:51:42;0.2426;;
3849;30.0168;29.7938;-256.743;-256.262;-256.684;-256.895;-256.942;-255.972;9:51:42;0.223;;
3850;30.0246;29.7938;-256.747;-256.262;-256.684;-256.888;-256.942;-255.98;9:51:43;0.2308;;
3851;30.0246;29.7938;-256.747;-256.254;-256.692;-256.895;-256.95;-255.964;9:51:43;0.2308;;
3852;30.0285;29.7938;-256.747;-256.262;-256.692;-256.888;-256.942;-255.972;9:51:44;0.2347;;
3853;30.0285;29.8016;-256.743;-256.254;-256.692;-256.895;-256.942;-255.964;9:51:44;0.2269;;
3854;30.0324;29.8016;-256.747;-256.262;-256.692;-256.888;-256.95;-255.972;9:51:45;0.2308;;
3855;30.0324;29.8094;-256.747;-256.254;-256.692;-256.888;-256.942;-255.972;9:51:45;0.223;;
3856;30.0324;29.8094;-256.747;-256.254;-256.684;-256.895;-256.942;-255.972;9:51:46;0.223;;
3857;30.0324;29.8094;-256.747;-256.254;-256.692;-256.888;-256.942;-255.972;9:51:46;0.223;;
3858;30.0285;29.8094;-256.747;-256.262;-256.692;-256.895;-256.95;-255.964;9:51:47;0.2191;;
3859;30.0324;29.8172;-256.747;-256.254;-256.692;-256.888;-256.95;-255.964;9:51:47;0.2152;;
3860;30.0324;29.8172;-256.743;-256.254;-256.684;-256.895;-256.95;-255.972;9:51:48;0.2152;;
3861;30.0324;29.8172;-256.747;-256.262;-256.692;-256.895;-256.942;-255.972;9:51:48;0.2152;;
3862;30.0363;29.8172;-256.743;-256.254;-256.692;-256.888;-256.942;-255.972;9:51:49;0.2191;;
3863;30.0363;29.8251;-256.751;-256.262;-256.684;-256.888;-256.942;-255.98;9:51:49;0.2112;;
3864;30.0363;29.8251;-256.751;-256.262;-256.692;-256.895;-256.95;-255.972;9:51:50;0.2112;;
3865;30.0363;29.8251;-256.751;-256.262;-256.692;-256.888;-256.942;-255.972;9:51:50;0.2112;;
3866;30.0403;29.8251;-256.755;-256.262;-256.684;-256.88;-256.942;-255.972;9:51:51;0.2152;;
3867;30.0403;29.8251;-256.755;-256.262;-256.692;-256.888;-256.942;-255.972;9:51:51;0.2152;;
3868;30.0363;29.8251;-256.751;-256.262;-256.692;-256.888;-256.942;-255.98;9:51:52;0.2112;;
3869;30.0442;29.8251;-256.751;-256.262;-256.684;-256.895;-256.942;-255.972;9:51:52;0.2191;;
3870;30.0403;29.8329;-256.751;-256.262;-256.692;-256.888;-256.95;-255.98;9:51:53;0.2074;;
3871;30.0442;29.8329;-256.751;-256.269;-256.692;-256.895;-256.95;-255.972;9:51:53;0.2113;;
3872;30.0442;29.8251;-256.747;-256.262;-256.684;-256.895;-256.95;-255.972;9:51:54;0.2191;;
3873;30.0442;29.8251;-256.751;-256.254;-256.692;-256.888;-256.942;-255.972;9:51:54;0.2191;;
3874;30.0598;29.8329;-256.751;-256.262;-256.692;-256.888;-256.942;-255.972;9:51:55;0.2269;;
3875;30.052;29.8329;-256.751;-256.254;-256.692;-256.888;-256.935;-255.972;9:51:55;0.2191;;
3876;30.052;29.8329;-256.747;-256.262;-256.692;-256.88;-256.942;-255.972;9:51:56;0.2191;;
3877;30.0598;29.8329;-256.751;-256.254;-256.692;-256.895;-256.942;-255.972;9:51:56;0.2269;;
3878;30.0598;29.8407;-256.751;-256.262;-256.684;-256.888;-256.935;-255.98;9:51:57;0.2191;;
3879;30.052;29.8329;-256.755;-256.254;-256.692;-256.888;-256.95;-255.98;9:51:57;0.2191;;
3880;30.0676;29.8407;-256.751;-256.254;-256.692;-256.895;-256.942;-255.972;9:51:58;0.2269;;
3881;30.0598;29.8407;-256.755;-256.262;-256.684;-256.895;-256.942;-255.98;9:51:58;0.2191;;
3882;30.0598;29.8407;-256.755;-256.254;-256.692;-256.895;-256.942;-255.98;9:51:59;0.2191;;
3883;30.0598;29.8485;-256.755;-256.262;-256.692;-256.888;-256.942;-255.972;9:51:59;0.2113;;
3884;30.0598;29.8407;-256.755;-256.25;-256.692;-256.895;-256.95;-255.972;9:52:00;0.2191;;
3885;30.0598;29.8407;-256.751;-256.254;-256.7;-256.895;-256.942;-255.972;9:52:00;0.2191;;
3886;30.052;29.8407;-256.751;-256.25;-256.692;-256.895;-256.942;-255.98;9:52:01;0.2113;;
3887;30.052;29.8329;-256.755;-256.254;-256.7;-256.895;-256.95;-255.972;9:52:01;0.2191;;
3888;30.0442;29.8329;-256.751;-256.25;-256.7;-256.895;-256.942;-255.98;9:52:02;0.2113;;
3889;30.052;29.8251;-256.751;-256.254;-256.692;-256.895;-256.935;-255.972;9:52:02;0.2269;;
3890;30.052;29.8329;-256.755;-256.254;-256.692;-256.888;-256.95;-255.98;9:52:03;0.2191;;
3891;30.052;29.8329;-256.747;-256.25;-256.692;-256.895;-256.942;-255.98;9:52:03;0.2191;;
3892;30.0442;29.8329;-256.751;-256.254;-256.692;-256.88;-256.95;-255.972;9:52:04;0.2113;;
3893;30.0403;29.8251;-256.747;-256.25;-256.692;-256.888;-256.942;-255.972;9:52:04;0.2152;;
3894;30.0403;29.8251;-256.751;-256.25;-256.7;-256.888;-256.95;-255.98;9:52:05;0.2152;;
3895;30.0363;29.8251;-256.751;-256.254;-256.692;-256.88;-256.942;-255.972;9:52:05;0.2112;;
3896;30.0403;29.8172;-256.755;-256.254;-256.7;-256.888;-256.942;-255.98;9:52:06;0.2231;;
3897;30.0324;29.8094;-256.751;-256.25;-256.7;-256.888;-256.942;-255.98;9:52:06;0.223;;
3898;30.0363;29.8251;-256.755;-256.25;-256.7;-256.895;-256.942;-255.98;9:52:07;0.2112;;
3899;30.0403;29.8094;-256.755;-256.254;-256.7;-256.888;-256.935;-255.972;9:52:07;0.2309;;
3900;30.0324;29.8172;-256.751;-256.25;-256.692;-256.888;-256.942;-255.98;9:52:08;0.2152;;
3901;30.0403;29.8094;-256.755;-256.254;-256.7;-256.88;-256.95;-255.98;9:52:08;0.2309;;
3902;30.0363;29.8094;-256.755;-256.25;-256.692;-256.88;-256.958;-255.988;9:52:09;0.2269;;
3903;30.0363;29.8094;-256.751;-256.25;-256.7;-256.888;-256.95;-255.996;9:52:09;0.2269;;
3904;30.0324;29.8094;-256.755;-256.25;-256.7;-256.88;-256.942;-255.98;9:52:10;0.223;;
3905;30.0363;29.8016;-256.751;-256.254;-256.7;-256.895;-256.95;-255.988;9:52:10;0.2347;;
3906;30.0285;29.8016;-256.758;-256.25;-256.692;-256.888;-256.958;-255.988;9:52:11;0.2269;;
3907;30.0324;29.7938;-256.755;-256.25;-256.692;-256.888;-256.95;-255.988;9:52:11;0.2386;;
3908;30.0285;29.7938;-256.751;-256.25;-256.7;-256.888;-256.95;-255.988;9:52:12;0.2347;;
3909;30.0285;29.7938;-256.758;-256.25;-256.692;-256.888;-256.958;-255.98;9:52:12;0.2347;;
3910;30.0285;29.7938;-256.755;-256.254;-256.7;-256.888;-256.95;-255.988;9:52:13;0.2347;;
3911;30.0246;29.8016;-256.755;-256.25;-256.7;-256.888;-256.958;-255.988;9:52:13;0.223;;
3912;30.0246;29.7938;-256.751;-256.25;-256.692;-256.888;-256.95;-255.98;9:52:14;0.2308;;
3913;30.0246;29.7938;-256.755;-256.258;-256.692;-256.888;-256.95;-255.988;9:52:14;0.2308;;
3914;30.0246;29.7859;-256.755;-256.262;-256.692;-256.88;-256.95;-255.988;9:52:15;0.2387;;
3915;30.0168;29.7859;-256.755;-256.254;-256.7;-256.888;-256.958;-255.988;9:52:15;0.2309;;
3916;30.0246;29.7859;-256.751;-256.254;-256.692;-256.888;-256.95;-255.988;9:52:16;0.2387;;
3917;30.0168;29.7859;-256.758;-256.254;-256.692;-256.888;-256.958;-255.98;9:52:16;0.2309;;
3918;30.0168;29.7781;-256.755;-256.254;-256.7;-256.888;-256.95;-255.98;9:52:17;0.2387;;
3919;30.0011;29.7781;-256.755;-256.254;-256.684;-256.888;-256.95;-255.98;9:52:17;0.223;;
3920;30.009;29.7859;-256.755;-256.25;-256.692;-256.895;-256.958;-255.98;9:52:18;0.2231;;
3921;30.0011;29.7781;-256.755;-256.254;-256.7;-256.888;-256.958;-255.988;9:52:18;0.223;;
3922;30.0011;29.7781;-256.758;-256.254;-256.692;-256.888;-256.95;-255.988;9:52:19;0.223;;
3923;29.9933;29.7859;-256.755;-256.262;-256.7;-256.888;-256.958;-255.988;9:52:19;0.2074;;
3924;29.9933;29.7781;-256.755;-256.254;-256.692;-256.888;-256.942;-255.988;9:52:20;0.2152;;
3925;29.9855;29.7859;-256.755;-256.254;-256.692;-256.888;-256.95;-255.98;9:52:20;0.1996;;
3926;29.9855;29.7781;-256.758;-256.254;-256.692;-256.888;-256.942;-255.988;9:52:21;0.2074;;
3927;29.9855;29.7781;-256.755;-256.254;-256.7;-256.888;-256.935;-255.988;9:52:21;0.2074;;
3928;29.9855;29.7703;-256.758;-256.254;-256.692;-256.888;-256.942;-255.98;9:52:22;0.2152;;
3929;29.9777;29.7703;-256.758;-256.254;-256.692;-256.895;-256.942;-255.988;9:52:22;0.2074;;
3930;29.9777;29.7703;-256.755;-256.254;-256.7;-256.888;-256.942;-255.988;9:52:23;0.2074;;
3931;29.9777;29.7703;-256.755;-256.258;-256.684;-256.888;-256.95;-255.98;9:52:23;0.2074;;
3932;29.9777;29.7781;-256.755;-256.265;-256.7;-256.888;-256.95;-255.988;9:52:24;0.1996;;
3933;29.9698;29.7703;-256.755;-256.25;-256.692;-256.895;-256.942;-255.98;9:52:24;0.1995;;
3934;29.9777;29.7781;-256.755;-256.254;-256.692;-256.888;-256.95;-255.98;9:52:25;0.1996;;
3935;29.9777;29.7781;-256.755;-256.25;-256.7;-256.888;-256.95;-255.98;9:52:25;0.1996;;
3936;29.9855;29.7781;-256.743;-256.254;-256.684;-256.895;-256.935;-255.988;9:52:26;0.2074;;
3937;29.9855;29.7781;-256.747;-256.25;-256.692;-256.888;-256.95;-255.988;9:52:26;0.2074;;
3938;29.9855;29.7859;-256.747;-256.254;-256.7;-256.895;-256.942;-255.98;9:52:27;0.1996;;
3939;29.9855;29.7703;-256.747;-256.254;-256.692;-256.888;-256.942;-255.988;9:52:27;0.2152;;
3940;29.9855;29.7781;-256.747;-256.254;-256.692;-256.895;-256.942;-255.988;9:52:28;0.2074;;
3941;29.9855;29.7781;-256.747;-256.254;-256.684;-256.888;-256.942;-255.988;9:52:28;0.2074;;
3942;29.9855;29.7703;-256.751;-256.254;-256.684;-256.888;-256.95;-255.98;9:52:29;0.2152;;
3943;29.9933;29.7781;-256.747;-256.262;-256.692;-256.888;-256.95;-255.988;9:52:29;0.2152;;
3944;29.9855;29.7781;-256.747;-256.262;-256.692;-256.888;-256.958;-255.988;9:52:30;0.2074;;
3945;29.9855;29.7781;-256.751;-256.262;-256.692;-256.895;-256.95;-255.996;9:52:30;0.2074;;
3946;29.9933;29.7781;-256.747;-256.262;-256.684;-256.895;-256.95;-255.988;9:52:31;0.2152;;
3947;29.9933;29.7703;-256.747;-256.269;-256.692;-256.903;-256.95;-255.988;9:52:31;0.223;;
3948;29.9933;29.7703;-256.747;-256.254;-256.692;-256.895;-256.942;-255.98;9:52:32;0.223;;
3949;30.0011;29.7781;-256.751;-256.254;-256.684;-256.895;-256.95;-255.988;9:52:32;0.223;;
3950;30.0011;29.7781;-256.751;-256.254;-256.692;-256.888;-256.942;-255.988;9:52:33;0.223;;
3951;30.0011;29.7781;-256.747;-256.254;-256.692;-256.895;-256.942;-255.988;9:52:33;0.223;;
3952;30.0011;29.7781;-256.751;-256.254;-256.692;-256.888;-256.935;-255.988;9:52:34;0.223;;
3953;30.0011;29.7781;-256.747;-256.262;-256.684;-256.888;-256.935;-255.996;9:52:34;0.223;;
3954;30.0011;29.7859;-256.751;-256.254;-256.692;-256.895;-256.942;-255.988;9:52:35;0.2152;;
3955;30.009;29.7859;-256.747;-256.262;-256.684;-256.888;-256.942;-255.988;9:52:35;0.2231;;
3956;30.0011;29.7859;-256.751;-256.262;-256.7;-256.895;-256.942;-255.988;9:52:36;0.2152;;
3957;30.009;29.7938;-256.751;-256.254;-256.692;-256.903;-256.935;-255.996;9:52:36;0.2152;;
3958;30.0168;29.7938;-256.751;-256.254;-256.692;-256.895;-256.935;-255.988;9:52:37;0.223;;
3959;30.0168;29.7938;-256.751;-256.262;-256.684;-256.888;-256.935;-255.988;9:52:37;0.223;;
3960;30.0168;29.7938;-256.747;-256.262;-256.692;-256.895;-256.942;-255.988;9:52:38;0.223;;
3961;30.0246;29.7859;-256.743;-256.254;-256.692;-256.895;-256.942;-255.988;9:52:38;0.2387;;
3962;30.0246;29.7938;-256.747;-256.254;-256.692;-256.895;-256.935;-255.98;9:52:39;0.2308;;
3963;30.0207;29.7938;-256.743;-256.254;-256.684;-256.888;-256.942;-255.988;9:52:39;0.2269;;
3964;30.0285;29.8016;-256.747;-256.25;-256.692;-256.895;-256.935;-255.98;9:52:40;0.2269;;
3965;30.0285;29.7938;-256.747;-256.262;-256.684;-256.895;-256.942;-255.98;9:52:40;0.2347;;
3966;30.0324;29.8016;-256.743;-256.254;-256.692;-256.895;-256.927;-255.98;9:52:41;0.2308;;
3967;30.0324;29.7938;-256.743;-256.254;-256.692;-256.895;-256.942;-255.98;9:52:41;0.2386;;
3968;30.0324;29.8016;-256.751;-256.258;-256.692;-256.895;-256.942;-255.98;9:52:42;0.2308;;
3969;30.0324;29.7938;-256.747;-256.254;-256.692;-256.888;-256.942;-255.988;9:52:42;0.2386;;
3970;30.0324;29.8094;-256.747;-256.254;-256.692;-256.895;-256.942;-255.988;9:52:43;0.223;;
3971;30.0363;29.8094;-256.743;-256.25;-256.692;-256.888;-256.942;-255.988;9:52:43;0.2269;;
3972;30.0363;29.8172;-256.747;-256.262;-256.692;-256.895;-256.935;-255.988;9:52:44;0.2191;;
3973;30.0403;29.8094;-256.751;-256.254;-256.7;-256.895;-256.942;-255.988;9:52:44;0.2309;;
3974;30.0363;29.8172;-256.751;-256.262;-256.692;-256.895;-256.935;-255.98;9:52:45;0.2191;;
3975;30.0403;29.8172;-256.747;-256.262;-256.692;-256.888;-256.935;-255.98;9:52:45;0.2231;;
3976;30.0403;29.8094;-256.751;-256.25;-256.684;-256.895;-256.942;-255.988;9:52:46;0.2309;;
3977;30.0442;29.8172;-256.751;-256.254;-256.692;-256.895;-256.935;-255.98;9:52:46;0.227;;
3978;30.0442;29.8251;-256.747;-256.254;-256.692;-256.888;-256.942;-255.988;9:52:47;0.2191;;
3979;30.0442;29.8172;-256.751;-256.25;-256.692;-256.903;-256.942;-255.98;9:52:47;0.227;;
3980;30.0442;29.8251;-256.747;-256.254;-256.692;-256.895;-256.942;-255.98;9:52:48;0.2191;;
3981;30.0442;29.8329;-256.751;-256.254;-256.692;-256.895;-256.942;-255.988;9:52:48;0.2113;;
3982;30.0598;29.8329;-256.751;-256.254;-256.692;-256.895;-256.942;-255.98;9:52:49;0.2269;;
3983;30.0598;29.8251;-256.747;-256.258;-256.692;-256.895;-256.942;-255.988;9:52:49;0.2347;;
3984;30.0598;29.8329;-256.755;-256.25;-256.692;-256.903;-256.942;-255.98;9:52:50;0.2269;;
3985;30.0676;29.8407;-256.751;-256.254;-256.692;-256.895;-256.942;-255.988;9:52:50;0.2269;;
3986;30.0676;29.8329;-256.755;-256.254;-256.7;-256.895;-256.942;-255.988;9:52:51;0.2347;;
3987;30.0755;29.8407;-256.751;-256.25;-256.7;-256.903;-256.942;-255.98;9:52:51;0.2348;;
3988;30.0755;29.8329;-256.751;-256.25;-256.692;-256.895;-256.935;-255.988;9:52:52;0.2426;;
3989;30.0676;29.8407;-256.751;-256.254;-256.692;-256.895;-256.942;-255.98;9:52:52;0.2269;;
3990;30.0755;29.8329;-256.751;-256.25;-256.692;-256.888;-256.942;-255.988;9:52:53;0.2426;;
3991;30.0755;29.8407;-256.758;-256.254;-256.692;-256.903;-256.942;-255.988;9:52:53;0.2348;;
3992;30.0755;29.8407;-256.755;-256.254;-256.692;-256.895;-256.942;-255.98;9:52:54;0.2348;;
3993;30.0755;29.8407;-256.751;-256.25;-256.692;-256.895;-256.935;-255.972;9:52:54;0.2348;;
3994;30.0676;29.8407;-256.755;-256.254;-256.7;-256.895;-256.942;-255.98;9:52:55;0.2269;;
3995;30.0755;29.8329;-256.751;-256.254;-256.7;-256.903;-256.942;-255.98;9:52:55;0.2426;;
3996;30.0598;29.8407;-256.751;-256.25;-256.7;-256.895;-256.95;-255.988;9:52:56;0.2191;;
3997;30.0676;29.8329;-256.751;-256.254;-256.692;-256.895;-256.935;-255.98;9:52:56;0.2347;;
3998;30.0598;29.8407;-256.751;-256.254;-256.7;-256.888;-256.935;-255.98;9:52:57;0.2191;;
3999;30.0598;29.8251;-256.751;-256.254;-256.692;-256.903;-256.942;-255.98;9:52:57;0.2347;;
4000;30.0598;29.8329;-256.747;-256.254;-256.692;-256.895;-256.935;-255.988;9:52:58;0.2269;;
4001;30.052;29.8172;-256.747;-256.254;-256.692;-256.895;-256.935;-255.98;9:52:58;0.2348;;
4002;30.052;29.8329;-256.751;-256.254;-256.692;-256.903;-256.942;-255.98;9:52:59;0.2191;;
4003;30.052;29.8172;-256.751;-256.254;-256.7;-256.903;-256.935;-255.98;9:52:59;0.2348;;
4004;30.0442;29.8251;-256.747;-256.254;-256.692;-256.895;-256.942;-255.972;9:53:00;0.2191;;
4005;30.0442;29.8251;-256.751;-256.262;-256.7;-256.895;-256.942;-255.972;9:53:00;0.2191;;
4006;30.0403;29.8251;-256.751;-256.262;-256.692;-256.888;-256.95;-255.98;9:53:01;0.2152;;
4007;30.0442;29.8251;-256.751;-256.262;-256.692;-256.895;-256.95;-255.98;9:53:01;0.2191;;
4008;30.0442;29.8172;-256.751;-256.262;-256.692;-256.895;-256.942;-255.972;9:53:02;0.227;;
4009;30.0403;29.8094;-256.751;-256.254;-256.692;-256.903;-256.942;-255.98;9:53:02;0.2309;;
4010;30.0403;29.8172;-256.751;-256.262;-256.692;-256.895;-256.95;-255.98;9:53:03;0.2231;;
4011;30.0363;29.8172;-256.751;-256.262;-256.692;-256.903;-256.95;-255.98;9:53:03;0.2191;;
4012;30.0403;29.8094;-256.747;-256.262;-256.7;-256.895;-256.958;-255.98;9:53:04;0.2309;;
4013;30.0324;29.8172;-256.747;-256.254;-256.684;-256.895;-256.95;-255.98;9:53:04;0.2152;;
4014;30.0363;29.8094;-256.751;-256.262;-256.7;-256.895;-256.958;-255.972;9:53:05;0.2269;;
4015;30.0324;29.8172;-256.747;-256.262;-256.684;-256.903;-256.95;-255.972;9:53:05;0.2152;;
4016;30.0324;29.8016;-256.751;-256.262;-256.692;-256.903;-256.95;-255.98;9:53:06;0.2308;;
4017;30.0324;29.7938;-256.755;-256.262;-256.692;-256.895;-256.942;-255.988;9:53:06;0.2386;;
4018;30.0285;29.8016;-256.755;-256.269;-256.692;-256.895;-256.942;-255.98;9:53:07;0.2269;;
4019;30.0246;29.8016;-256.751;-256.262;-256.692;-256.888;-256.95;-255.98;9:53:07;0.223;;
4020;30.0246;29.8016;-256.758;-256.254;-256.692;-256.903;-256.942;-255.988;9:53:08;0.223;;
4021;30.0246;29.7938;-256.758;-256.254;-256.692;-256.903;-256.95;-255.98;9:53:08;0.2308;;
4022;30.0168;29.8016;-256.758;-256.262;-256.684;-256.895;-256.95;-255.988;9:53:09;0.2152;;
4023;30.0168;29.7938;-256.755;-256.262;-256.684;-256.895;-256.942;-255.98;9:53:09;0.223;;
4024;30.0168;29.7859;-256.755;-256.262;-256.692;-256.903;-256.95;-255.98;9:53:10;0.2309;;
4025;30.0168;29.7859;-256.755;-256.254;-256.692;-256.895;-256.95;-255.98;9:53:10;0.2309;;
4026;30.0168;29.7859;-256.755;-256.262;-256.692;-256.895;-256.95;-255.972;9:53:11;0.2309;;
4027;30.0011;29.7859;-256.755;-256.254;-256.7;-256.903;-256.935;-255.988;9:53:11;0.2152;;
4028;30.009;29.7859;-256.755;-256.254;-256.692;-256.895;-256.95;-255.972;9:53:12;0.2231;;
4029;30.0011;29.7938;-256.751;-256.262;-256.692;-256.895;-256.942;-255.98;9:53:12;0.2073;;
4030;29.9933;29.7859;-256.755;-256.262;-256.692;-256.895;-256.95;-255.98;9:53:13;0.2074;;
4031;30.009;29.7859;-256.747;-256.254;-256.684;-256.903;-256.935;-255.972;9:53:13;0.2231;;
4032;29.9933;29.7703;-256.739;-256.262;-256.692;-256.895;-256.942;-255.98;9:53:14;0.223;;
4033;29.9933;29.7781;-256.743;-256.262;-256.692;-256.888;-256.95;-255.98;9:53:14;0.2152;;
4034;29.9933;29.7703;-256.747;-256.269;-256.684;-256.895;-256.935;-255.98;9:53:15;0.223;;
4035;29.9933;29.7781;-256.747;-256.254;-256.692;-256.895;-256.95;-255.972;9:53:15;0.2152;;
4036;29.9933;29.7781;-256.743;-256.269;-256.692;-256.895;-256.942;-255.972;9:53:16;0.2152;;
4037;29.9933;29.7781;-256.743;-256.262;-256.692;-256.903;-256.95;-255.98;9:53:16;0.2152;;
4038;29.9933;29.7781;-256.743;-256.254;-256.684;-256.895;-256.95;-255.98;9:53:17;0.2152;;
4039;29.9933;29.7781;-256.747;-256.254;-256.692;-256.895;-256.95;-255.98;9:53:17;0.2152;;
4040;30.0011;29.7703;-256.743;-256.254;-256.684;-256.888;-256.942;-255.98;9:53:18;0.2308;;
4041;30.0011;29.7781;-256.743;-256.254;-256.684;-256.903;-256.95;-255.988;9:53:18;0.223;;
4042;29.9933;29.7781;-256.743;-256.254;-256.676;-256.911;-256.942;-255.988;9:53:19;0.2152;;
4043;29.9933;29.7781;-256.743;-256.254;-256.684;-256.895;-256.958;-255.98;9:53:19;0.2152;;
4044;30.0011;29.7703;-256.743;-256.262;-256.676;-256.903;-256.95;-255.988;9:53:20;0.2308;;
4045;30.0011;29.7781;-256.739;-256.254;-256.684;-256.888;-256.95;-255.988;9:53:20;0.223;;
4046;30.0011;29.7781;-256.743;-256.262;-256.684;-256.903;-256.95;-255.98;9:53:21;0.223;;
4047;29.9933;29.7781;-256.743;-256.254;-256.676;-256.895;-256.958;-255.98;9:53:21;0.2152;;
4048;30.0011;29.7781;-256.743;-256.254;-256.684;-256.895;-256.95;-255.988;9:53:22;0.223;;
4049;30.009;29.7781;-256.747;-256.262;-256.684;-256.903;-256.95;-255.98;9:53:22;0.2309;;
4050;30.009;29.7781;-256.735;-256.254;-256.684;-256.895;-256.95;-255.98;9:53:23;0.2309;;
4051;30.009;29.7859;-256.743;-256.254;-256.692;-256.895;-256.942;-255.988;9:53:23;0.2231;;
4052;30.0168;29.7781;-256.747;-256.262;-256.684;-256.903;-256.942;-255.988;9:53:24;0.2387;;
4053;30.0168;29.7859;-256.743;-256.25;-256.692;-256.895;-256.958;-255.98;9:53:24;0.2309;;
4054;30.0246;29.7781;-256.743;-256.254;-256.684;-256.903;-256.95;-255.988;9:53:25;0.2465;;
4055;30.0246;29.7859;-256.743;-256.25;-256.7;-256.895;-256.95;-255.988;9:53:25;0.2387;;
4056;30.0207;29.7938;-256.743;-256.262;-256.684;-256.903;-256.95;-255.98;9:53:26;0.2269;;
4057;30.0246;29.7859;-256.743;-256.254;-256.7;-256.895;-256.935;-255.988;9:53:26;0.2387;;
4058;30.0285;29.7859;-256.743;-256.262;-256.692;-256.895;-256.95;-255.988;9:53:27;0.2426;;
4059;30.0285;29.7938;-256.743;-256.254;-256.692;-256.895;-256.95;-255.98;9:53:27;0.2347;;
4060;30.0285;29.7938;-256.743;-256.262;-256.692;-256.888;-256.95;-255.98;9:53:28;0.2347;;
4061;30.0246;29.7938;-256.747;-256.262;-256.692;-256.888;-256.95;-255.98;9:53:28;0.2308;;
4062;30.0285;29.7938;-256.747;-256.262;-256.692;-256.895;-256.942;-255.98;9:53:29;0.2347;;
4063;30.0285;29.7938;-256.747;-256.269;-256.692;-256.888;-256.942;-255.98;9:53:29;0.2347;;
4064;30.0285;29.8016;-256.747;-256.262;-256.692;-256.895;-256.95;-255.98;9:53:30;0.2269;;
4065;30.0285;29.7938;-256.747;-256.254;-256.7;-256.888;-256.942;-255.972;9:53:30;0.2347;;
4066;30.0285;29.8016;-256.743;-256.262;-256.692;-256.895;-256.95;-255.98;9:53:31;0.2269;;
4067;30.0285;29.7938;-256.751;-256.262;-256.692;-256.888;-256.942;-255.98;9:53:31;0.2347;;
4068;30.0324;29.8016;-256.747;-256.262;-256.692;-256.895;-256.942;-255.988;9:53:32;0.2308;;
4069;30.0324;29.8016;-256.739;-256.262;-256.692;-256.888;-256.942;-255.98;9:53:32;0.2308;;
4070;30.0324;29.7938;-256.747;-256.262;-256.692;-256.895;-256.942;-255.98;9:53:33;0.2386;;
4071;30.0363;29.8016;-256.743;-256.262;-256.692;-256.888;-256.942;-255.98;9:53:33;0.2347;;
4072;30.0403;29.8094;-256.747;-256.254;-256.684;-256.895;-256.95;-255.988;9:53:34;0.2309;;
4073;30.0403;29.8094;-256.747;-256.254;-256.692;-256.888;-256.942;-255.98;9:53:34;0.2309;;
4074;30.0403;29.8094;-256.747;-256.262;-256.692;-256.895;-256.935;-255.988;9:53:35;0.2309;;
4075;30.0403;29.8172;-256.747;-256.254;-256.692;-256.888;-256.942;-255.98;9:53:35;0.2231;;
4076;30.0403;29.8094;-256.751;-256.262;-256.692;-256.895;-256.942;-255.988;9:53:36;0.2309;;
4077;30.0403;29.8172;-256.747;-256.254;-256.692;-256.895;-256.942;-255.98;9:53:36;0.2231;;
4078;30.0442;29.8094;-256.743;-256.254;-256.684;-256.888;-256.942;-255.988;9:53:37;0.2348;;
4079;30.0403;29.8251;-256.751;-256.254;-256.684;-256.895;-256.942;-255.98;9:53:37;0.2152;;
4080;30.0442;29.8172;-256.747;-256.254;-256.692;-256.895;-256.942;-255.988;9:53:38;0.227;;
4081;30.0442;29.8251;-256.747;-256.254;-256.684;-256.895;-256.95;-255.98;9:53:38;0.2191;;
4082;30.0481;29.8172;-256.743;-256.254;-256.684;-256.895;-256.942;-255.988;9:53:39;0.2309;;
4083;30.0442;29.8251;-256.743;-256.254;-256.692;-256.903;-256.942;-255.98;9:53:39;0.2191;;
4084;30.0442;29.8251;-256.743;-256.254;-256.692;-256.895;-256.942;-255.972;9:53:40;0.2191;;
4085;30.052;29.8251;-256.747;-256.254;-256.692;-256.895;-256.942;-255.988;9:53:40;0.2269;;
4086;30.052;29.8251;-256.747;-256.254;-256.692;-256.903;-256.942;-255.98;9:53:41;0.2269;;
4087;30.0442;29.8329;-256.743;-256.254;-256.7;-256.895;-256.942;-255.988;9:53:41;0.2113;;
4088;30.0598;29.8251;-256.747;-256.262;-256.692;-256.903;-256.95;-255.988;9:53:42;0.2347;;
4089;30.052;29.8407;-256.747;-256.254;-256.7;-256.895;-256.958;-255.98;9:53:42;0.2113;;
4090;30.052;29.8329;-256.743;-256.254;-256.7;-256.903;-256.942;-255.988;9:53:43;0.2191;;
4091;30.0598;29.8329;-256.751;-256.25;-256.692;-256.895;-256.95;-255.98;9:53:43;0.2269;;
4092;30.0598;29.8329;-256.747;-256.262;-256.7;-256.903;-256.95;-255.988;9:53:44;0.2269;;
4093;30.052;29.8329;-256.755;-256.254;-256.692;-256.903;-256.95;-255.988;9:53:44;0.2191;;
4094;30.052;29.8407;-256.755;-256.262;-256.7;-256.895;-256.942;-255.98;9:53:45;0.2113;;
4095;30.0598;29.8407;-256.755;-256.254;-256.692;-256.903;-256.95;-255.996;9:53:45;0.2191;;
4096;30.0598;29.8329;-256.751;-256.262;-256.7;-256.895;-256.95;-255.988;9:53:46;0.2269;;
4097;30.052;29.8407;-256.751;-256.254;-256.7;-256.903;-256.942;-255.988;9:53:46;0.2113;;
4098;30.0598;29.8407;-256.751;-256.254;-256.7;-256.895;-256.958;-255.988;9:53:47;0.2191;;
4099;30.0598;29.8329;-256.755;-256.254;-256.7;-256.895;-256.942;-255.988;9:53:47;0.2269;;
4100;30.0598;29.8407;-256.751;-256.254;-256.7;-256.903;-256.942;-255.98;9:53:48;0.2191;;
4101;30.0598;29.8329;-256.755;-256.254;-256.692;-256.895;-256.942;-255.988;9:53:48;0.2269;;
4102;30.0598;29.8329;-256.755;-256.254;-256.692;-256.903;-256.95;-255.988;9:53:49;0.2269;;
4103;30.0598;29.8251;-256.751;-256.254;-256.7;-256.903;-256.95;-255.98;9:53:49;0.2347;;
4104;30.0598;29.8329;-256.755;-256.254;-256.692;-256.895;-256.942;-255.988;9:53:50;0.2269;;
4105;30.052;29.8172;-256.751;-256.254;-256.7;-256.903;-256.942;-255.98;9:53:50;0.2348;;
4106;30.0598;29.8251;-256.751;-256.25;-256.692;-256.895;-256.95;-255.988;9:53:51;0.2347;;
4107;30.052;29.8329;-256.751;-256.25;-256.692;-256.895;-256.942;-255.98;9:53:51;0.2191;;
4108;30.0598;29.8251;-256.751;-256.254;-256.692;-256.903;-256.942;-255.988;9:53:52;0.2347;;
4109;30.0598;29.8251;-256.751;-256.25;-256.692;-256.895;-256.942;-255.988;9:53:52;0.2347;;
4110;30.052;29.8251;-256.751;-256.262;-256.7;-256.895;-256.942;-255.98;9:53:53;0.2269;;
4111;30.0442;29.8251;-256.751;-256.254;-256.692;-256.903;-256.942;-255.98;9:53:53;0.2191;;
4112;30.052;29.8251;-256.751;-256.254;-256.692;-256.895;-256.942;-255.988;9:53:54;0.2269;;
4113;30.0442;29.8172;-256.751;-256.25;-256.7;-256.895;-256.942;-255.988;9:53:54;0.227;;
4114;30.0442;29.8172;-256.751;-256.25;-256.692;-256.903;-256.942;-255.98;9:53:55;0.227;;
4115;30.0442;29.8172;-256.751;-256.25;-256.7;-256.903;-256.942;-255.988;9:53:55;0.227;;
4116;30.0442;29.8172;-256.747;-256.254;-256.7;-256.903;-256.95;-255.98;9:53:56;0.227;;
4117;30.0403;29.8094;-256.747;-256.25;-256.7;-256.903;-256.942;-255.988;9:53:56;0.2309;;
4118;30.0403;29.8016;-256.755;-256.25;-256.7;-256.903;-256.942;-255.98;9:53:57;0.2387;;
4119;30.0363;29.8016;-256.751;-256.25;-256.7;-256.903;-256.942;-255.98;9:53:57;0.2347;;
4120;30.0363;29.8016;-256.751;-256.25;-256.7;-256.903;-256.95;-255.98;9:53:58;0.2347;;
4121;30.0363;29.7938;-256.751;-256.254;-256.7;-256.903;-256.95;-255.988;9:53:58;0.2425;;
4122;30.0324;29.8016;-256.751;-256.25;-256.7;-256.911;-256.942;-255.98;9:53:59;0.2308;;
4123;30.0285;29.7938;-256.755;-256.254;-256.7;-256.903;-256.942;-255.98;9:53:59;0.2347;;
4124;30.0285;29.8016;-256.751;-256.25;-256.692;-256.903;-256.942;-255.988;9:54:00;0.2269;;
4125;30.0285;29.8016;-256.751;-256.25;-256.7;-256.903;-256.95;-255.988;9:54:00;0.2269;;
4126;30.0285;29.7938;-256.751;-256.25;-256.692;-256.903;-256.942;-255.98;9:54:01;0.2347;;
4127;30.0246;29.7938;-256.755;-256.25;-256.692;-256.903;-256.935;-255.98;9:54:01;0.2308;;
4128;30.0246;29.7859;-256.751;-256.254;-256.7;-256.903;-256.942;-255.98;9:54:02;0.2387;;
4129;30.0168;29.7859;-256.751;-256.25;-256.692;-256.911;-256.942;-255.988;9:54:02;0.2309;;
4130;30.0246;29.7859;-256.755;-256.254;-256.7;-256.911;-256.942;-255.98;9:54:03;0.2387;;
4131;30.0246;29.7859;-256.751;-256.25;-256.7;-256.911;-256.935;-255.98;9:54:03;0.2387;;
4132;30.0168;29.7859;-256.755;-256.25;-256.692;-256.903;-256.942;-255.98;9:54:04;0.2309;;
4133;30.009;29.7781;-256.751;-256.25;-256.7;-256.903;-256.935;-255.988;9:54:04;0.2309;;
4134;30.009;29.7781;-256.755;-256.246;-256.7;-256.903;-256.942;-255.972;9:54:05;0.2309;;
4135;30.009;29.7781;-256.751;-256.25;-256.692;-256.911;-256.942;-255.98;9:54:05;0.2309;;
4136;30.009;29.7703;-256.751;-256.25;-256.692;-256.903;-256.942;-255.98;9:54:06;0.2387;;
4137;30.009;29.7703;-256.747;-256.25;-256.7;-256.903;-256.942;-255.988;9:54:06;0.2387;;
4138;30.0011;29.7703;-256.747;-256.254;-256.692;-256.903;-256.935;-255.98;9:54:07;0.2308;;
4139;29.9933;29.7703;-256.743;-256.25;-256.692;-256.903;-256.935;-255.98;9:54:07;0.223;;
4140;30.0011;29.7703;-256.751;-256.25;-256.7;-256.895;-256.935;-255.98;9:54:08;0.2308;;
4141;29.9933;29.7703;-256.747;-256.246;-256.692;-256.903;-256.942;-255.98;9:54:08;0.223;;
4142;29.9855;29.7703;-256.751;-256.25;-256.692;-256.903;-256.935;-255.98;9:54:09;0.2152;;
4143;29.9933;29.7625;-256.751;-256.25;-256.692;-256.903;-256.935;-255.972;9:54:09;0.2308;;
4144;29.9855;29.7546;-256.751;-256.254;-256.7;-256.903;-256.942;-255.98;9:54:10;0.2309;;
4145;29.9855;29.7625;-256.751;-256.25;-256.7;-256.903;-256.942;-255.98;9:54:10;0.223;;
4146;29.9777;29.7546;-256.747;-256.254;-256.692;-256.903;-256.935;-255.988;9:54:11;0.2231;;
4147;29.9777;29.7546;-256.751;-256.254;-256.7;-256.895;-256.942;-255.972;9:54:11;0.2231;;
4148;29.9698;29.7625;-256.751;-256.254;-256.7;-256.895;-256.942;-255.98;9:54:12;0.2073;;
4149;29.9777;29.7546;-256.751;-256.254;-256.692;-256.903;-256.942;-255.988;9:54:12;0.2231;;
4150;29.9698;29.7546;-256.751;-256.258;-256.7;-256.895;-256.942;-255.98;9:54:13;0.2152;;
4151;29.9777;29.7625;-256.755;-256.254;-256.7;-256.895;-256.942;-255.98;9:54:13;0.2152;;
4152;29.9777;29.7546;-256.751;-256.254;-256.7;-256.903;-256.942;-255.98;9:54:14;0.2231;;
4153;29.9698;29.7625;-256.751;-256.254;-256.7;-256.895;-256.942;-255.98;9:54:14;0.2073;;
4154;29.9855;29.7625;-256.751;-256.25;-256.7;-256.895;-256.942;-255.972;9:54:15;0.223;;
4155;29.9777;29.7625;-256.751;-256.262;-256.692;-256.903;-256.942;-255.98;9:54:15;0.2152;;
4156;29.9855;29.7546;-256.751;-256.254;-256.692;-256.895;-256.935;-255.98;9:54:16;0.2309;;
4157;29.9855;29.7625;-256.751;-256.25;-256.692;-256.903;-256.935;-255.98;9:54:16;0.223;;
4158;29.9855;29.7546;-256.751;-256.254;-256.692;-256.895;-256.935;-255.98;9:54:17;0.2309;;
4159;29.9855;29.7625;-256.747;-256.25;-256.692;-256.903;-256.942;-255.98;9:54:17;0.223;;
4160;29.9855;29.7625;-256.747;-256.25;-256.692;-256.895;-256.935;-255.98;9:54:18;0.223;;
4161;29.9933;29.7546;-256.751;-256.254;-256.692;-256.903;-256.935;-255.98;9:54:18;0.2387;;
4162;29.9933;29.7546;-256.751;-256.262;-256.692;-256.895;-256.942;-255.98;9:54:19;0.2387;;
4163;29.9933;29.7625;-256.751;-256.262;-256.7;-256.895;-256.935;-255.988;9:54:19;0.2308;;
4164;29.9933;29.7625;-256.743;-256.254;-256.692;-256.903;-256.942;-255.98;9:54:20;0.2308;;
4165;29.9933;29.7546;-256.735;-256.262;-256.692;-256.895;-256.935;-255.988;9:54:20;0.2387;;
4166;30.0011;29.7625;-256.743;-256.262;-256.684;-256.895;-256.942;-255.98;9:54:21;0.2386;;
4167;29.9933;29.7625;-256.751;-256.254;-256.7;-256.895;-256.935;-255.98;9:54:21;0.2308;;
4168;30.0011;29.7625;-256.751;-256.262;-256.692;-256.895;-256.935;-255.988;9:54:22;0.2386;;
4169;30.0011;29.7546;-256.751;-256.254;-256.692;-256.888;-256.935;-255.98;9:54:22;0.2465;;
4170;30.0011;29.7625;-256.751;-256.262;-256.684;-256.888;-256.935;-255.98;9:54:23;0.2386;;
4171;30.0011;29.7625;-256.751;-256.254;-256.692;-256.888;-256.935;-255.98;9:54:23;0.2386;;
4172;30.009;29.7625;-256.751;-256.254;-256.692;-256.903;-256.935;-255.98;9:54:24;0.2465;;
4173;30.0011;29.7625;-256.747;-256.254;-256.684;-256.895;-256.935;-255.972;9:54:24;0.2386;;
4174;30.009;29.7625;-256.751;-256.254;-256.684;-256.903;-256.935;-255.988;9:54:25;0.2465;;
4175;30.009;29.7625;-256.751;-256.254;-256.684;-256.888;-256.942;-255.98;9:54:25;0.2465;;
4176;30.009;29.7781;-256.751;-256.254;-256.684;-256.895;-256.935;-255.98;9:54:26;0.2309;;
4177;30.0168;29.7703;-256.747;-256.254;-256.684;-256.895;-256.942;-255.988;9:54:26;0.2465;;
4178;30.0168;29.7703;-256.751;-256.258;-256.676;-256.895;-256.942;-255.98;9:54:27;0.2465;;
4179;30.009;29.7703;-256.747;-256.262;-256.684;-256.895;-256.927;-255.988;9:54:27;0.2387;;
4180;30.0168;29.7703;-256.751;-256.254;-256.692;-256.895;-256.942;-255.98;9:54:28;0.2465;;
4181;30.0168;29.7703;-256.747;-256.254;-256.692;-256.888;-256.942;-255.988;9:54:28;0.2465;;
4182;30.0168;29.7781;-256.755;-256.254;-256.684;-256.895;-256.942;-255.98;9:54:29;0.2387;;
4183;30.0168;29.7781;-256.747;-256.262;-256.692;-256.895;-256.942;-255.98;9:54:29;0.2387;;
4184;30.0246;29.7781;-256.755;-256.262;-256.684;-256.888;-256.942;-255.98;9:54:30;0.2465;;
4185;30.0246;29.7781;-256.751;-256.254;-256.684;-256.895;-256.942;-255.98;9:54:30;0.2465;;
4186;30.0285;29.7859;-256.755;-256.262;-256.692;-256.888;-256.942;-255.98;9:54:31;0.2426;;
4187;30.0285;29.7859;-256.751;-256.254;-256.684;-256.903;-256.942;-255.988;9:54:31;0.2426;;
4188;30.0246;29.7859;-256.751;-256.254;-256.692;-256.895;-256.942;-255.988;9:54:32;0.2387;;
4189;30.0285;29.7859;-256.747;-256.262;-256.684;-256.895;-256.942;-255.988;9:54:32;0.2426;;
4190;30.0324;29.7938;-256.751;-256.258;-256.692;-256.895;-256.942;-255.988;9:54:33;0.2386;;
4191;30.0285;29.7859;-256.751;-256.254;-256.692;-256.895;-256.95;-255.996;9:54:33;0.2426;;
4192;30.0324;29.7859;-256.747;-256.254;-256.692;-256.895;-256.942;-255.988;9:54:34;0.2465;;
4193;30.0324;29.7938;-256.751;-256.262;-256.684;-256.888;-256.942;-255.988;9:54:34;0.2386;;
4194;30.0324;29.7938;-256.751;-256.254;-256.692;-256.895;-256.95;-255.996;9:54:35;0.2386;;
4195;30.0363;29.8016;-256.751;-256.262;-256.684;-256.888;-256.942;-255.988;9:54:35;0.2347;;
4196;30.0403;29.8094;-256.747;-256.254;-256.692;-256.888;-256.942;-255.98;9:54:36;0.2309;;
4197;30.0442;29.8016;-256.747;-256.254;-256.684;-256.895;-256.942;-255.988;9:54:36;0.2426;;
4198;30.0442;29.8016;-256.743;-256.262;-256.684;-256.888;-256.942;-255.98;9:54:37;0.2426;;
4199;30.0442;29.8016;-256.743;-256.262;-256.684;-256.888;-256.942;-255.988;9:54:37;0.2426;;
4200;30.052;29.8094;-256.743;-256.262;-256.692;-256.903;-256.935;-255.98;9:54:38;0.2426;;
4201;30.0442;29.8172;-256.747;-256.262;-256.684;-256.895;-256.935;-255.988;9:54:38;0.227;;
4202;30.052;29.8094;-256.747;-256.262;-256.684;-256.895;-256.942;-255.98;9:54:39;0.2426;;
4203;30.052;29.8094;-256.747;-256.262;-256.684;-256.903;-256.95;-255.98;9:54:39;0.2426;;
4204;30.052;29.8172;-256.747;-256.254;-256.684;-256.903;-256.935;-255.98;9:54:40;0.2348;;
4205;30.0442;29.8094;-256.751;-256.254;-256.692;-256.895;-256.935;-255.988;9:54:40;0.2348;;
4206;30.0481;29.8094;-256.747;-256.262;-256.684;-256.895;-256.935;-255.988;9:54:41;0.2387;;
4207;30.0442;29.8172;-256.751;-256.254;-256.692;-256.895;-256.935;-255.988;9:54:41;0.227;;
4208;30.0442;29.8172;-256.751;-256.262;-256.692;-256.888;-256.935;-255.988;9:54:42;0.227;;
4209;30.0442;29.8172;-256.751;-256.262;-256.684;-256.895;-256.942;-255.98;9:54:42;0.227;;
4210;30.0403;29.8172;-256.751;-256.262;-256.684;-256.895;-256.935;-255.988;9:54:43;0.2231;;
4211;30.0442;29.8172;-256.751;-256.262;-256.684;-256.895;-256.935;-255.98;9:54:43;0.227;;
4212;30.0442;29.8094;-256.747;-256.262;-256.692;-256.903;-256.935;-255.988;9:54:44;0.2348;;
4213;30.0442;29.8094;-256.747;-256.262;-256.692;-256.895;-256.942;-255.98;9:54:44;0.2348;;
4214;30.0403;29.8172;-256.751;-256.262;-256.692;-256.903;-256.942;-255.988;9:54:45;0.2231;;
4215;30.0403;29.8172;-256.751;-256.254;-256.692;-256.895;-256.935;-255.98;9:54:45;0.2231;;
4216;30.0363;29.8172;-256.747;-256.254;-256.692;-256.903;-256.942;-255.98;9:54:46;0.2191;;
4217;30.0363;29.8172;-256.751;-256.262;-256.692;-256.895;-256.935;-255.98;9:54:46;0.2191;;
4218;30.0324;29.8094;-256.751;-256.262;-256.684;-256.895;-256.935;-255.98;9:54:47;0.223;;
4219;30.0285;29.8094;-256.747;-256.254;-256.692;-256.895;-256.935;-255.98;9:54:47;0.2191;;
4220;30.0324;29.8094;-256.747;-256.262;-256.692;-256.895;-256.935;-255.98;9:54:48;0.223;;
4221;30.0285;29.8094;-256.751;-256.254;-256.684;-256.895;-256.935;-255.988;9:54:48;0.2191;;
4222;30.0324;29.8016;-256.747;-256.254;-256.692;-256.895;-256.935;-255.98;9:54:49;0.2308;;
4223;30.0285;29.8172;-256.751;-256.262;-256.692;-256.903;-256.935;-255.98;9:54:49;0.2113;;
4224;30.0246;29.8094;-256.751;-256.262;-256.692;-256.895;-256.927;-255.988;9:54:50;0.2152;;
4225;30.0246;29.8094;-256.747;-256.262;-256.692;-256.903;-256.942;-255.988;9:54:50;0.2152;;
4226;30.0168;29.8094;-256.751;-256.262;-256.692;-256.895;-256.935;-255.98;9:54:51;0.2074;;
4227;30.0168;29.8094;-256.747;-256.269;-256.692;-256.895;-256.935;-255.98;9:54:51;0.2074;;
4228;30.0168;29.8016;-256.747;-256.262;-256.692;-256.895;-256.942;-255.98;9:54:52;0.2152;;
4229;30.009;29.8016;-256.751;-256.262;-256.7;-256.903;-256.935;-255.988;9:54:52;0.2074;;
4230;30.0168;29.8016;-256.751;-256.262;-256.692;-256.895;-256.942;-255.98;9:54:53;0.2152;;
4231;30.0168;29.8016;-256.751;-256.254;-256.692;-256.903;-256.935;-255.98;9:54:53;0.2152;;
4232;30.009;29.8016;-256.755;-256.269;-256.7;-256.903;-256.927;-255.988;9:54:54;0.2074;;
4233;30.0168;29.8016;-256.751;-256.254;-256.7;-256.903;-256.935;-255.98;9:54:54;0.2152;;
4234;30.0168;29.7938;-256.755;-256.262;-256.692;-256.903;-256.942;-255.988;9:54:55;0.223;;
4235;30.009;29.7938;-256.755;-256.262;-256.692;-256.895;-256.942;-255.98;9:54:55;0.2152;;
4236;30.0011;29.7938;-256.751;-256.254;-256.7;-256.895;-256.942;-255.988;9:54:56;0.2073;;
4237;30.0011;29.7938;-256.751;-256.262;-256.692;-256.903;-256.942;-255.988;9:54:56;0.2073;;
4238;29.9933;29.8016;-256.755;-256.254;-256.692;-256.903;-256.942;-255.98;9:54:57;0.1917;;
4239;30.0011;29.7938;-256.747;-256.262;-256.692;-256.895;-256.942;-255.988;9:54:57;0.2073;;
4240;30.0011;29.7938;-256.755;-256.262;-256.692;-256.895;-256.942;-255.988;9:54:58;0.2073;;
4241;29.9933;29.7938;-256.755;-256.262;-256.684;-256.903;-256.942;-255.98;9:54:58;0.1995;;
4242;29.9933;29.7938;-256.751;-256.262;-256.7;-256.903;-256.942;-255.988;9:54:59;0.1995;;
4243;29.9933;29.7938;-256.751;-256.262;-256.692;-256.895;-256.942;-255.988;9:54:59;0.1995;;
4244;29.9933;29.7859;-256.751;-256.262;-256.7;-256.888;-256.942;-255.988;9:55:00;0.2074;;
4245;29.9855;29.7781;-256.755;-256.262;-256.7;-256.895;-256.942;-255.988;9:55:00;0.2074;;
4246;29.9933;29.7938;-256.751;-256.262;-256.7;-256.895;-256.95;-255.98;9:55:01;0.1995;;
4247;29.9933;29.7859;-256.755;-256.262;-256.692;-256.903;-256.942;-255.996;9:55:01;0.2074;;
4248;29.9855;29.7859;-256.755;-256.262;-256.692;-256.895;-256.942;-255.988;9:55:02;0.1996;;
4249;29.9933;29.7859;-256.755;-256.262;-256.7;-256.895;-256.942;-255.988;9:55:02;0.2074;;
4250;29.9933;29.7859;-256.755;-256.254;-256.692;-256.895;-256.935;-255.988;9:55:03;0.2074;;
4251;29.9855;29.7859;-256.755;-256.254;-256.692;-256.895;-256.942;-255.98;9:55:03;0.1996;;
4252;29.9933;29.7859;-256.751;-256.25;-256.7;-256.888;-256.942;-255.988;9:55:04;0.2074;;
4253;29.9933;29.7859;-256.755;-256.254;-256.692;-256.895;-256.942;-255.988;9:55:04;0.2074;;
4254;29.9933;29.7859;-256.751;-256.254;-256.692;-256.895;-256.942;-255.988;9:55:05;0.2074;;
4255;29.9933;29.7859;-256.747;-256.254;-256.692;-256.895;-256.935;-255.988;9:55:05;0.2074;;
4256;30.0011;29.7938;-256.747;-256.254;-256.692;-256.903;-256.942;-255.988;9:55:06;0.2073;;
4257;30.0011;29.7938;-256.751;-256.25;-256.7;-256.895;-256.942;-255.988;9:55:06;0.2073;;
4258;29.9855;29.7859;-256.751;-256.254;-256.692;-256.895;-256.95;-255.988;9:55:07;0.1996;;
4259;29.9933;29.7938;-256.751;-256.262;-256.692;-256.903;-256.935;-255.988;9:55:07;0.1995;;
4260;29.9933;29.7938;-256.751;-256.254;-256.692;-256.895;-256.942;-255.988;9:55:08;0.1995;;
4261;29.9933;29.8016;-256.751;-256.254;-256.692;-256.895;-256.935;-255.988;9:55:08;0.1917;;
4262;29.9933;29.7938;-256.751;-256.262;-256.7;-256.895;-256.942;-255.988;9:55:09;0.1995;;
4263;30.0011;29.7938;-256.751;-256.254;-256.692;-256.903;-256.942;-255.988;9:55:09;0.2073;;
4264;29.9933;29.8016;-256.751;-256.254;-256.692;-256.895;-256.942;-255.996;9:55:10;0.1917;;
4265;29.9933;29.8016;-256.755;-256.254;-256.692;-256.895;-256.942;-255.98;9:55:10;0.1917;;
4266;30.0011;29.8016;-256.751;-256.254;-256.692;-256.895;-256.942;-255.988;9:55:11;0.1995;;
4267;30.0011;29.8094;-256.751;-256.262;-256.684;-256.903;-256.942;-255.98;9:55:11;0.1917;;
4268;30.0011;29.8016;-256.751;-256.254;-256.7;-256.895;-256.942;-255.98;9:55:12;0.1995;;
4269;30.009;29.8016;-256.751;-256.254;-256.692;-256.903;-256.935;-255.988;9:55:12;0.2074;;
4270;30.009;29.8016;-256.751;-256.254;-256.692;-256.895;-256.942;-255.98;9:55:13;0.2074;;
4271;30.0168;29.8016;-256.751;-256.262;-256.692;-256.888;-256.935;-255.98;9:55:13;0.2152;;
4272;30.009;29.8094;-256.747;-256.254;-256.692;-256.903;-256.942;-255.972;9:55:14;0.1996;;
4273;30.0168;29.8016;-256.751;-256.254;-256.692;-256.895;-256.942;-255.98;9:55:14;0.2152;;
4274;30.0168;29.8094;-256.755;-256.254;-256.684;-256.895;-256.942;-255.98;9:55:15;0.2074;;
4275;30.0168;29.8094;-256.747;-256.254;-256.692;-256.895;-256.942;-255.972;9:55:15;0.2074;;
4276;30.0246;29.8094;-256.751;-256.254;-256.692;-256.895;-256.935;-255.98;9:55:16;0.2152;;
4277;30.0168;29.8094;-256.747;-256.254;-256.692;-256.903;-256.942;-255.98;9:55:16;0.2074;;
4278;30.0168;29.8094;-256.751;-256.254;-256.692;-256.895;-256.935;-255.98;9:55:17;0.2074;;
4279;30.0285;29.8172;-256.747;-256.254;-256.692;-256.895;-256.942;-255.98;9:55:17;0.2113;;
4280;30.0285;29.8094;-256.747;-256.258;-256.684;-256.895;-256.942;-255.98;9:55:18;0.2191;;
4281;30.0246;29.8172;-256.747;-256.254;-256.692;-256.903;-256.935;-255.98;9:55:18;0.2074;;
4282;30.0285;29.8172;-256.747;-256.254;-256.692;-256.888;-256.935;-255.98;9:55:19;0.2113;;
4283;30.0285;29.8094;-256.747;-256.262;-256.692;-256.903;-256.935;-255.972;9:55:19;0.2191;;
4284;30.0285;29.8172;-256.751;-256.25;-256.684;-256.895;-256.935;-255.98;9:55:20;0.2113;;
4285;30.0324;29.8251;-256.747;-256.254;-256.692;-256.895;-256.935;-255.98;9:55:20;0.2073;;
4286;30.0324;29.8172;-256.743;-256.262;-256.692;-256.895;-256.935;-255.972;9:55:21;0.2152;;
4287;30.0403;29.8172;-256.747;-256.254;-256.684;-256.895;-256.927;-255.98;9:55:21;0.2231;;
4288;30.0403;29.8172;-256.747;-256.254;-256.692;-256.895;-256.935;-255.972;9:55:22;0.2231;;
4289;30.0442;29.8172;-256.747;-256.254;-256.684;-256.895;-256.942;-255.98;9:55:22;0.227;;
4290;30.0442;29.8172;-256.747;-256.254;-256.692;-256.903;-256.935;-255.98;9:55:23;0.227;;
4291;30.0481;29.8251;-256.751;-256.254;-256.692;-256.895;-256.935;-255.972;9:55:23;0.223;;
4292;30.0481;29.8172;-256.751;-256.254;-256.684;-256.895;-256.927;-255.972;9:55:24;0.2309;;
4293;30.0442;29.8251;-256.751;-256.254;-256.692;-256.911;-256.927;-255.98;9:55:24;0.2191;;
4294;30.052;29.8172;-256.751;-256.254;-256.684;-256.895;-256.935;-255.988;9:55:25;0.2348;;
4295;30.0442;29.8251;-256.751;-256.254;-256.692;-256.903;-256.935;-255.98;9:55:25;0.2191;;
4296;30.0598;29.8251;-256.751;-256.254;-256.692;-256.895;-256.942;-255.98;9:55:26;0.2347;;
4297;30.052;29.8251;-256.751;-256.254;-256.692;-256.903;-256.942;-255.98;9:55:26;0.2269;;
4298;30.0676;29.8251;-256.755;-256.254;-256.684;-256.903;-256.927;-255.988;9:55:27;0.2425;;
4299;30.0598;29.8251;-256.747;-256.254;-256.692;-256.895;-256.942;-255.988;9:55:27;0.2347;;
4300;30.0598;29.8329;-256.755;-256.25;-256.692;-256.903;-256.935;-255.98;9:55:28;0.2269;;
4301;30.0676;29.8329;-256.751;-256.254;-256.692;-256.895;-256.942;-255.988;9:55:28;0.2347;;
4302;30.0598;29.8329;-256.755;-256.254;-256.684;-256.895;-256.942;-255.988;9:55:29;0.2269;;
4303;30.0676;29.8329;-256.751;-256.254;-256.692;-256.903;-256.935;-255.98;9:55:29;0.2347;;
4304;30.0676;29.8251;-256.751;-256.262;-256.684;-256.895;-256.935;-255.988;9:55:30;0.2425;;
4305;30.0676;29.8329;-256.751;-256.254;-256.692;-256.895;-256.935;-255.988;9:55:30;0.2347;;
4306;30.0598;29.8329;-256.751;-256.254;-256.684;-256.895;-256.927;-255.98;9:55:31;0.2269;;
4307;30.0598;29.8251;-256.751;-256.254;-256.692;-256.903;-256.942;-255.988;9:55:31;0.2347;;
4308;30.0676;29.8329;-256.751;-256.254;-256.684;-256.888;-256.927;-255.98;9:55:32;0.2347;;
4309;30.0676;29.8329;-256.751;-256.254;-256.684;-256.895;-256.942;-255.98;9:55:32;0.2347;;
4310;30.0598;29.8329;-256.755;-256.262;-256.692;-256.903;-256.935;-255.988;9:55:33;0.2269;;
4311;30.0598;29.8251;-256.751;-256.254;-256.684;-256.895;-256.935;-255.988;9:55:33;0.2347;;
4312;30.0676;29.8329;-256.755;-256.254;-256.692;-256.895;-256.942;-255.98;9:55:34;0.2347;;
4313;30.0598;29.8251;-256.755;-256.254;-256.676;-256.895;-256.935;-255.98;9:55:34;0.2347;;
4314;30.0598;29.8251;-256.755;-256.254;-256.684;-256.895;-256.935;-255.98;9:55:35;0.2347;;
4315;30.0598;29.8329;-256.755;-256.254;-256.684;-256.895;-256.935;-255.98;9:55:35;0.2269;;
4316;30.052;29.8251;-256.751;-256.25;-256.684;-256.895;-256.935;-255.98;9:55:36;0.2269;;
4317;30.052;29.8251;-256.751;-256.254;-256.684;-256.888;-256.942;-255.988;9:55:36;0.2269;;
4318;30.0598;29.8251;-256.751;-256.254;-256.684;-256.895;-256.942;-255.98;9:55:37;0.2347;;
4319;30.0442;29.8251;-256.755;-256.25;-256.692;-256.895;-256.942;-255.98;9:55:37;0.2191;;
4320;30.052;29.8172;-256.755;-256.254;-256.684;-256.895;-256.927;-255.98;9:55:38;0.2348;;
4321;30.0442;29.8172;-256.755;-256.254;-256.692;-256.895;-256.935;-255.98;9:55:38;0.227;;
4322;30.0442;29.8094;-256.755;-256.25;-256.692;-256.895;-256.942;-255.972;9:55:39;0.2348;;
4323;30.0363;29.8094;-256.751;-256.254;-256.692;-256.895;-256.935;-255.98;9:55:39;0.2269;;
4324;30.0403;29.8094;-256.755;-256.262;-256.692;-256.895;-256.942;-255.988;9:55:40;0.2309;;
4325;30.0403;29.8094;-256.755;-256.254;-256.7;-256.903;-256.942;-255.972;9:55:40;0.2309;;
4326;30.0403;29.8094;-256.755;-256.254;-256.692;-256.888;-256.942;-255.98;9:55:41;0.2309;;
4327;30.0363;29.8094;-256.751;-256.254;-256.692;-256.903;-256.935;-255.98;9:55:41;0.2269;;
4328;30.0403;29.8016;-256.755;-256.254;-256.692;-256.895;-256.935;-255.98;9:55:42;0.2387;;
4329;30.0324;29.7938;-256.758;-256.262;-256.692;-256.895;-256.935;-255.98;9:55:42;0.2386;;
4330;30.0324;29.8016;-256.755;-256.254;-256.684;-256.888;-256.935;-255.98;9:55:43;0.2308;;
4331;30.0285;29.8016;-256.751;-256.254;-256.692;-256.895;-256.935;-255.98;9:55:43;0.2269;;
4332;30.0285;29.7938;-256.755;-256.254;-256.684;-256.895;-256.942;-255.98;9:55:44;0.2347;;
4333;30.0246;29.7938;-256.755;-256.254;-256.692;-256.895;-256.935;-255.98;9:55:44;0.2308;;
4334;30.0285;29.7859;-256.758;-256.262;-256.692;-256.895;-256.942;-255.98;9:55:45;0.2426;;
4335;30.0246;29.7938;-256.755;-256.254;-256.684;-256.888;-256.935;-255.98;9:55:45;0.2308;;
4336;30.0168;29.7859;-256.755;-256.254;-256.692;-256.895;-256.935;-255.98;9:55:46;0.2309;;
4337;30.0168;29.7938;-256.755;-256.25;-256.692;-256.895;-256.935;-255.98;9:55:46;0.223;;
4338;30.0168;29.7781;-256.755;-256.262;-256.692;-256.895;-256.942;-255.98;9:55:47;0.2387;;
4339;30.0168;29.7938;-256.758;-256.262;-256.692;-256.888;-256.942;-255.98;9:55:47;0.223;;
4340;30.0246;29.7859;-256.755;-256.262;-256.684;-256.895;-256.942;-255.98;9:55:48;0.2387;;
4341;30.0168;29.7781;-256.758;-256.262;-256.684;-256.895;-256.942;-255.98;9:55:48;0.2387;;
4342;30.0246;29.7781;-256.751;-256.254;-256.684;-256.895;-256.942;-255.98;9:55:49;0.2465;;
4343;30.009;29.7781;-256.755;-256.262;-256.684;-256.888;-256.942;-255.98;9:55:49;0.2309;;
4344;30.009;29.7781;-256.751;-256.254;-256.692;-256.895;-256.942;-255.972;9:55:50;0.2309;;
4345;30.009;29.7859;-256.755;-256.262;-256.684;-256.888;-256.942;-255.98;9:55:50;0.2231;;
4346;30.009;29.7781;-256.755;-256.262;-256.684;-256.895;-256.942;-255.98;9:55:51;0.2309;;
4347;30.009;29.7859;-256.755;-256.254;-256.684;-256.895;-256.942;-255.98;9:55:51;0.2231;;
4348;30.009;29.7781;-256.755;-256.254;-256.684;-256.888;-256.942;-255.972;9:55:52;0.2309;;
4349;30.0011;29.7859;-256.755;-256.254;-256.684;-256.895;-256.942;-255.98;9:55:52;0.2152;;
4350;29.9933;29.7781;-256.758;-256.254;-256.692;-256.895;-256.942;-255.972;9:55:53;0.2152;;
4351;29.9933;29.7781;-256.755;-256.254;-256.684;-256.888;-256.942;-255.988;9:55:53;0.2152;;
4352;29.9933;29.7703;-256.755;-256.254;-256.684;-256.895;-256.935;-255.98;9:55:54;0.223;;
4353;29.9855;29.7703;-256.755;-256.25;-256.676;-256.895;-256.942;-255.98;9:55:54;0.2152;;
4354;29.9855;29.7703;-256.755;-256.254;-256.684;-256.895;-256.942;-255.972;9:55:55;0.2152;;
4355;29.9855;29.7703;-256.755;-256.254;-256.676;-256.888;-256.95;-255.98;9:55:55;0.2152;;
4356;29.9855;29.7625;-256.751;-256.254;-256.676;-256.895;-256.942;-255.98;9:55:56;0.223;;
4357;29.9933;29.7546;-256.751;-256.254;-256.684;-256.888;-256.95;-255.98;9:55:56;0.2387;;
4358;29.9933;29.7625;-256.755;-256.262;-256.684;-256.895;-256.95;-255.98;9:55:57;0.2308;;
4359;29.9777;29.7546;-256.751;-256.254;-256.692;-256.888;-256.95;-255.988;9:55:57;0.2231;;
4360;29.9855;29.7546;-256.751;-256.262;-256.684;-256.895;-256.942;-255.98;9:55:58;0.2309;;
4361;29.9855;29.7546;-256.755;-256.262;-256.692;-256.895;-256.942;-255.98;9:55:58;0.2309;;
4362;29.9855;29.7546;-256.751;-256.254;-256.684;-256.895;-256.942;-255.972;9:55:59;0.2309;;
4363;29.9777;29.7625;-256.755;-256.254;-256.684;-256.895;-256.942;-255.972;9:55:59;0.2152;;
4364;29.9855;29.7546;-256.755;-256.254;-256.692;-256.895;-256.935;-255.98;9:56:00;0.2309;;
4365;29.9855;29.7546;-256.758;-256.254;-256.684;-256.888;-256.942;-255.98;9:56:00;0.2309;;
4366;29.9855;29.7546;-256.755;-256.254;-256.684;-256.895;-256.935;-255.98;9:56:01;0.2309;;
4367;29.9855;29.7546;-256.758;-256.262;-256.692;-256.888;-256.942;-255.988;9:56:01;0.2309;;
4368;29.9855;29.7546;-256.755;-256.262;-256.684;-256.895;-256.935;-255.98;9:56:02;0.2309;;
4369;29.9777;29.7468;-256.755;-256.262;-256.692;-256.888;-256.942;-255.988;9:56:02;0.2309;;
4370;29.9855;29.7625;-256.758;-256.262;-256.692;-256.895;-256.935;-255.98;9:56:03;0.223;;
4371;29.9855;29.7468;-256.755;-256.254;-256.692;-256.895;-256.935;-255.98;9:56:03;0.2387;;
4372;29.9855;29.7468;-256.755;-256.262;-256.692;-256.895;-256.935;-255.988;9:56:04;0.2387;;
4373;29.9933;29.7625;-256.758;-256.262;-256.7;-256.888;-256.942;-255.98;9:56:04;0.2308;;
4374;29.9855;29.7546;-256.755;-256.254;-256.692;-256.895;-256.935;-255.98;9:56:05;0.2309;;
4375;29.9855;29.7546;-256.758;-256.265;-256.692;-256.888;-256.935;-255.98;9:56:05;0.2309;;
4376;29.9855;29.7546;-256.758;-256.254;-256.692;-256.895;-256.927;-255.98;9:56:06;0.2309;;
4377;29.9933;29.7546;-256.755;-256.254;-256.692;-256.895;-256.935;-255.98;9:56:06;0.2387;;
4378;29.9933;29.7468;-256.758;-256.262;-256.692;-256.895;-256.935;-255.988;9:56:07;0.2465;;
4379;30.0011;29.7546;-256.751;-256.269;-256.692;-256.895;-256.935;-255.972;9:56:07;0.2465;;
4380;29.9933;29.7546;-256.751;-256.262;-256.692;-256.895;-256.935;-255.98;9:56:08;0.2387;;
4381;30.0011;29.7468;-256.755;-256.254;-256.7;-256.895;-256.935;-255.98;9:56:08;0.2543;;
4382;30.0011;29.7625;-256.751;-256.262;-256.692;-256.895;-256.935;-255.972;9:56:09;0.2386;;
4383;30.0011;29.7625;-256.751;-256.254;-256.692;-256.903;-256.935;-255.98;9:56:09;0.2386;;
4384;30.009;29.7546;-256.751;-256.262;-256.692;-256.888;-256.927;-255.98;9:56:10;0.2544;;
4385;30.009;29.7625;-256.751;-256.258;-256.692;-256.888;-256.935;-255.98;9:56:10;0.2465;;
4386;30.0168;29.7625;-256.751;-256.262;-256.692;-256.895;-256.927;-255.98;9:56:11;0.2543;;
4387;30.009;29.7546;-256.751;-256.262;-256.692;-256.895;-256.927;-255.98;9:56:11;0.2544;;
4388;30.009;29.7546;-256.755;-256.254;-256.692;-256.895;-256.935;-255.98;9:56:12;0.2544;;
4389;30.0246;29.7625;-256.751;-256.262;-256.692;-256.895;-256.935;-255.98;9:56:12;0.2621;;
4390;30.0168;29.7625;-256.751;-256.254;-256.692;-256.888;-256.927;-255.988;9:56:13;0.2543;;
4391;30.0246;29.7546;-256.755;-256.254;-256.7;-256.895;-256.935;-255.98;9:56:13;0.27;;
4392;30.0246;29.7546;-256.758;-256.254;-256.692;-256.888;-256.935;-255.98;9:56:14;0.27;;
4393;30.0285;29.7625;-256.755;-256.262;-256.7;-256.895;-256.927;-255.98;9:56:14;0.266;;
4394;30.0285;29.7625;-256.755;-256.254;-256.692;-256.888;-256.935;-255.98;9:56:15;0.266;;
4395;30.0285;29.7703;-256.755;-256.262;-256.684;-256.888;-256.935;-255.98;9:56:15;0.2582;;
4396;30.0285;29.7703;-256.755;-256.262;-256.692;-256.895;-256.935;-255.988;9:56:16;0.2582;;
4397;30.0285;29.7703;-256.758;-256.262;-256.692;-256.895;-256.935;-255.98;9:56:16;0.2582;;
4398;30.0324;29.7703;-256.751;-256.262;-256.692;-256.895;-256.935;-255.98;9:56:17;0.2621;;
4399;30.0285;29.7781;-256.755;-256.262;-256.692;-256.895;-256.935;-255.98;9:56:17;0.2504;;
4400;30.0324;29.7781;-256.751;-256.262;-256.692;-256.895;-256.942;-255.98;9:56:18;0.2543;;
4401;30.0324;29.7703;-256.751;-256.262;-256.692;-256.895;-256.942;-255.98;9:56:18;0.2621;;
4402;30.0363;29.7781;-256.755;-256.262;-256.692;-256.895;-256.942;-255.988;9:56:19;0.2582;;
4403;30.0324;29.7781;-256.755;-256.262;-256.692;-256.895;-256.942;-255.98;9:56:19;0.2543;;
4404;30.0324;29.7703;-256.751;-256.262;-256.692;-256.903;-256.935;-255.98;9:56:20;0.2621;;
4405;30.0363;29.7781;-256.755;-256.262;-256.692;-256.903;-256.942;-255.98;9:56:20;0.2582;;
4406;30.0363;29.7781;-256.755;-256.269;-256.684;-256.895;-256.942;-255.988;9:56:21;0.2582;;
4407;30.0363;29.7781;-256.755;-256.262;-256.692;-256.895;-256.935;-255.98;9:56:21;0.2582;;
4408;30.0403;29.7781;-256.755;-256.262;-256.7;-256.895;-256.927;-255.98;9:56:22;0.2622;;
4409;30.0442;29.7781;-256.751;-256.262;-256.692;-256.895;-256.935;-255.98;9:56:22;0.2661;;
4410;30.0442;29.7859;-256.751;-256.269;-256.692;-256.895;-256.927;-255.98;9:56:23;0.2583;;
4411;30.052;29.7859;-256.755;-256.262;-256.684;-256.895;-256.942;-255.98;9:56:23;0.2661;;
4412;30.0442;29.7859;-256.755;-256.262;-256.7;-256.895;-256.935;-255.98;9:56:24;0.2583;;
4413;30.052;29.7859;-256.755;-256.269;-256.692;-256.895;-256.942;-255.988;9:56:24;0.2661;;
4414;30.052;29.7859;-256.755;-256.254;-256.692;-256.903;-256.935;-255.98;9:56:25;0.2661;;
4415;30.0598;29.7859;-256.755;-256.269;-256.692;-256.895;-256.942;-255.98;9:56:25;0.2739;;
4416;30.0598;29.7859;-256.751;-256.262;-256.676;-256.888;-256.942;-255.98;9:56:26;0.2739;;
4417;30.0598;29.7938;-256.755;-256.262;-256.684;-256.895;-256.942;-255.988;9:56:26;0.266;;
4418;30.0598;29.7938;-256.751;-256.262;-256.684;-256.895;-256.935;-255.98;9:56:27;0.266;;
4419;30.0598;29.7938;-256.751;-256.262;-256.692;-256.895;-256.942;-255.98;9:56:27;0.266;;
4420;30.0598;29.7938;-256.755;-256.269;-256.684;-256.895;-256.935;-255.98;9:56:28;0.266;;
4421;30.0598;29.8016;-256.755;-256.262;-256.692;-256.895;-256.935;-255.98;9:56:28;0.2582;;
4422;30.0755;29.7938;-256.751;-256.269;-256.692;-256.895;-256.935;-255.98;9:56:29;0.2817;;
4423;30.0598;29.7938;-256.755;-256.262;-256.684;-256.895;-256.935;-255.98;9:56:29;0.266;;
4424;30.0598;29.7938;-256.755;-256.269;-256.692;-256.895;-256.935;-255.98;9:56:30;0.266;;
4425;30.0598;29.7938;-256.755;-256.262;-256.684;-256.895;-256.935;-255.98;9:56:30;0.266;;
4426;30.0598;29.8016;-256.755;-256.269;-256.684;-256.903;-256.935;-255.98;9:56:31;0.2582;;
4427;30.0598;29.8016;-256.755;-256.269;-256.684;-256.888;-256.942;-255.98;9:56:31;0.2582;;
4428;30.0598;29.8016;-256.755;-256.262;-256.684;-256.903;-256.935;-255.98;9:56:32;0.2582;;
4429;30.0598;29.7938;-256.755;-256.269;-256.684;-256.895;-256.942;-255.972;9:56:32;0.266;;
4430;30.0442;29.8016;-256.755;-256.262;-256.676;-256.903;-256.935;-255.988;9:56:33;0.2426;;
4431;30.052;29.8016;-256.755;-256.262;-256.676;-256.895;-256.935;-255.98;9:56:33;0.2504;;
4432;30.0403;29.7938;-256.755;-256.262;-256.676;-256.888;-256.95;-255.98;9:56:34;0.2465;;
4433;30.0442;29.7938;-256.755;-256.269;-256.692;-256.895;-256.95;-255.98;9:56:34;0.2504;;
4434;30.0403;29.8016;-256.755;-256.269;-256.684;-256.888;-256.95;-255.98;9:56:35;0.2387;;
4435;30.0403;29.7938;-256.755;-256.262;-256.692;-256.895;-256.942;-255.988;9:56:35;0.2465;;
4436;30.0442;29.7859;-256.755;-256.262;-256.684;-256.888;-256.942;-255.98;9:56:36;0.2583;;
4437;30.0403;29.7859;-256.755;-256.262;-256.692;-256.888;-256.942;-255.98;9:56:36;0.2544;;
4438;30.0403;29.7938;-256.751;-256.262;-256.692;-256.895;-256.935;-255.98;9:56:37;0.2465;;
4439;30.0363;29.7859;-256.751;-256.262;-256.684;-256.888;-256.942;-255.98;9:56:37;0.2504;;
4440;30.0403;29.7938;-256.755;-256.262;-256.692;-256.895;-256.95;-255.98;9:56:38;0.2465;;
4441;30.0363;29.7859;-256.751;-256.262;-256.684;-256.888;-256.942;-255.98;9:56:38;0.2504;;
4442;30.0324;29.7781;-256.755;-256.269;-256.684;-256.895;-256.942;-255.98;9:56:39;0.2543;;
4443;30.0324;29.7781;-256.751;-256.262;-256.692;-256.895;-256.942;-255.988;9:56:39;0.2543;;
4444;30.0324;29.7781;-256.755;-256.269;-256.692;-256.888;-256.942;-255.988;9:56:40;0.2543;;
4445;30.0285;29.7703;-256.755;-256.262;-256.684;-256.888;-256.95;-255.98;9:56:40;0.2582;;
4446;30.0246;29.7781;-256.751;-256.262;-256.684;-256.903;-256.942;-255.98;9:56:41;0.2465;;
4447;30.0285;29.7703;-256.751;-256.269;-256.692;-256.888;-256.95;-255.988;9:56:41;0.2582;;
4448;30.0168;29.7703;-256.751;-256.262;-256.692;-256.888;-256.958;-255.988;9:56:42;0.2465;;
4449;30.0246;29.7703;-256.751;-256.269;-256.684;-256.88;-256.95;-255.98;9:56:42;0.2543;;
4450;30.0168;29.7703;-256.755;-256.262;-256.7;-256.888;-256.942;-255.98;9:56:43;0.2465;;
4451;30.0246;29.7703;-256.743;-256.269;-256.692;-256.888;-256.942;-255.988;9:56:43;0.2543;;
4452;30.0246;29.7703;-256.743;-256.262;-256.684;-256.888;-256.942;-255.98;9:56:44;0.2543;;
4453;30.0168;29.7546;-256.747;-256.269;-256.684;-256.88;-256.935;-255.972;9:56:44;0.2622;;
4454;30.009;29.7625;-256.743;-256.262;-256.692;-256.888;-256.95;-255.98;9:56:45;0.2465;;
4455;30.009;29.7546;-256.747;-256.262;-256.692;-256.88;-256.95;-255.972;9:56:45;0.2544;;
4456;30.0011;29.7546;-256.743;-256.262;-256.692;-256.88;-256.942;-255.98;9:56:46;0.2465;;
4457;30.0011;29.7546;-256.747;-256.269;-256.684;-256.888;-256.942;-255.98;9:56:46;0.2465;;
4458;29.9933;29.7546;-256.743;-256.254;-256.692;-256.888;-256.942;-255.972;9:56:47;0.2387;;
4459;29.9933;29.7546;-256.747;-256.269;-256.684;-256.888;-256.942;-255.988;9:56:47;0.2387;;
4460;29.9855;29.7546;-256.743;-256.254;-256.692;-256.888;-256.942;-255.98;9:56:48;0.2309;;
4461;29.9855;29.7468;-256.747;-256.269;-256.692;-256.888;-256.935;-255.98;9:56:48;0.2387;;
4462;29.9777;29.7468;-256.747;-256.254;-256.692;-256.888;-256.935;-255.98;9:56:49;0.2309;;
4463;29.9855;29.739;-256.747;-256.269;-256.692;-256.888;-256.935;-255.98;9:56:49;0.2465;;
4464;29.9777;29.739;-256.747;-256.262;-256.692;-256.888;-256.95;-255.98;9:56:50;0.2387;;
4465;29.9777;29.7312;-256.747;-256.262;-256.692;-256.895;-256.942;-255.98;9:56:50;0.2465;;
4466;29.9698;29.7312;-256.743;-256.262;-256.692;-256.888;-256.942;-255.972;9:56:51;0.2386;;
4467;29.9777;29.7312;-256.743;-256.262;-256.684;-256.895;-256.95;-255.98;9:56:51;0.2465;;
4468;29.9698;29.7233;-256.743;-256.262;-256.692;-256.888;-256.95;-255.972;9:56:52;0.2465;;
4469;29.9698;29.7312;-256.743;-256.262;-256.684;-256.895;-256.95;-255.98;9:56:52;0.2386;;
4470;29.9777;29.7233;-256.743;-256.262;-256.692;-256.888;-256.942;-255.98;9:56:53;0.2544;;
4471;29.9777;29.739;-256.743;-256.262;-256.684;-256.895;-256.942;-255.972;9:56:53;0.2387;;
4472;29.9855;29.7312;-256.739;-256.262;-256.684;-256.888;-256.942;-255.98;9:56:54;0.2543;;
4473;29.9855;29.7312;-256.743;-256.254;-256.684;-256.895;-256.942;-255.98;9:56:54;0.2543;;
4474;29.9855;29.7312;-256.747;-256.262;-256.684;-256.888;-256.942;-255.972;9:56:55;0.2543;;
4475;29.9933;29.739;-256.743;-256.262;-256.676;-256.888;-256.95;-255.98;9:56:55;0.2543;;
4476;29.9855;29.7312;-256.743;-256.269;-256.692;-256.895;-256.942;-255.98;9:56:56;0.2543;;
4477;29.9933;29.739;-256.743;-256.262;-256.684;-256.888;-256.942;-255.98;9:56:56;0.2543;;
4478;29.9933;29.7468;-256.743;-256.262;-256.692;-256.895;-256.942;-255.98;9:56:57;0.2465;;
4479;29.9933;29.7468;-256.743;-256.269;-256.692;-256.895;-256.942;-255.98;9:56:57;0.2465;;
4480;30.0011;29.739;-256.747;-256.262;-256.692;-256.895;-256.935;-255.988;9:56:58;0.2621;;
4481;30.0011;29.7468;-256.747;-256.262;-256.692;-256.895;-256.942;-255.988;9:56:58;0.2543;;
4482;30.0011;29.7546;-256.743;-256.262;-256.692;-256.895;-256.95;-255.98;9:56:59;0.2465;;
4483;30.0011;29.739;-256.747;-256.269;-256.684;-256.895;-256.95;-255.98;9:56:59;0.2621;;
4484;29.9933;29.7468;-256.747;-256.262;-256.692;-256.895;-256.95;-255.988;9:57:00;0.2465;;
4485;30.0011;29.7468;-256.743;-256.262;-256.692;-256.903;-256.95;-255.98;9:57:00;0.2543;;
4486;30.0011;29.7546;-256.751;-256.269;-256.692;-256.903;-256.958;-255.988;9:57:01;0.2465;;
4487;30.0011;29.7468;-256.747;-256.262;-256.692;-256.895;-256.942;-255.988;9:57:01;0.2543;;
4488;30.0011;29.7468;-256.747;-256.262;-256.692;-256.903;-256.95;-255.988;9:57:02;0.2543;;
4489;30.009;29.7546;-256.747;-256.262;-256.684;-256.903;-256.95;-255.988;9:57:02;0.2544;;
4490;30.009;29.7546;-256.747;-256.262;-256.692;-256.895;-256.958;-255.988;9:57:03;0.2544;;
4491;30.0168;29.7546;-256.747;-256.262;-256.684;-256.903;-256.942;-255.98;9:57:03;0.2622;;
4492;30.009;29.7546;-256.747;-256.262;-256.692;-256.903;-256.942;-255.988;9:57:04;0.2544;;
4493;30.0168;29.7625;-256.747;-256.262;-256.684;-256.895;-256.942;-255.988;9:57:04;0.2543;;
4494;30.0168;29.7703;-256.751;-256.269;-256.692;-256.895;-256.942;-255.98;9:57:05;0.2465;;
4495;30.0246;29.7625;-256.743;-256.262;-256.684;-256.903;-256.95;-255.988;9:57:05;0.2621;;
4496;30.0246;29.7546;-256.751;-256.269;-256.692;-256.895;-256.935;-255.98;9:57:06;0.27;;
4497;30.0246;29.7625;-256.743;-256.262;-256.7;-256.895;-256.95;-255.988;9:57:06;0.2621;;
4498;30.0246;29.7703;-256.751;-256.269;-256.684;-256.903;-256.942;-255.988;9:57:07;0.2543;;
4499;30.0246;29.7781;-256.747;-256.262;-256.7;-256.895;-256.935;-255.98;9:57:07;0.2465;;
4500;30.0285;29.7703;-256.743;-256.262;-256.684;-256.903;-256.942;-255.988;9:57:08;0.2582;;
4501;30.0285;29.7781;-256.751;-256.262;-256.692;-256.903;-256.935;-255.98;9:57:08;0.2504;;
4502;30.0285;29.7703;-256.747;-256.262;-256.7;-256.895;-256.942;-255.988;9:57:09;0.2582;;
4503;30.0324;29.7703;-256.751;-256.269;-256.692;-256.903;-256.942;-255.98;9:57:09;0.2621;;
4504;30.0324;29.7703;-256.747;-256.269;-256.7;-256.895;-256.942;-255.98;9:57:10;0.2621;;
4505;30.0324;29.7781;-256.747;-256.262;-256.692;-256.903;-256.942;-255.988;9:57:10;0.2543;;
4506;30.0363;29.7781;-256.751;-256.269;-256.692;-256.895;-256.942;-255.988;9:57:11;0.2582;;
4507;30.0324;29.7859;-256.747;-256.269;-256.692;-256.895;-256.942;-255.988;9:57:11;0.2465;;
4508;30.0363;29.7938;-256.751;-256.269;-256.692;-256.903;-256.942;-255.988;9:57:12;0.2425;;
4509;30.0363;29.7938;-256.747;-256.262;-256.692;-256.895;-256.942;-255.98;9:57:12;0.2425;;
4510;30.0363;29.8016;-256.747;-256.262;-256.692;-256.903;-256.935;-255.988;9:57:13;0.2347;;
4511;30.0403;29.8094;-256.751;-256.269;-256.692;-256.895;-256.942;-255.988;9:57:13;0.2309;;
4512;30.0442;29.8016;-256.755;-256.269;-256.692;-256.903;-256.95;-255.988;9:57:14;0.2426;;
4513;30.0403;29.8094;-256.751;-256.269;-256.7;-256.895;-256.942;-255.996;9:57:14;0.2309;;
4514;30.0442;29.8094;-256.755;-256.269;-256.692;-256.895;-256.942;-255.988;9:57:15;0.2348;;
4515;30.0403;29.8016;-256.755;-256.262;-256.692;-256.903;-256.942;-255.996;9:57:15;0.2387;;
4516;30.0403;29.8016;-256.755;-256.262;-256.684;-256.895;-256.942;-255.988;9:57:16;0.2387;;
4517;30.0403;29.8094;-256.755;-256.269;-256.692;-256.903;-256.95;-255.988;9:57:16;0.2309;;
4518;30.0403;29.8094;-256.751;-256.262;-256.692;-256.895;-256.942;-255.996;9:57:17;0.2309;;
4519;30.0442;29.8016;-256.755;-256.262;-256.7;-256.895;-256.942;-255.988;9:57:17;0.2426;;
4520;30.0403;29.8094;-256.755;-256.262;-256.684;-256.903;-256.95;-255.996;9:57:18;0.2309;;
4521;30.052;29.8094;-256.755;-256.262;-256.692;-256.903;-256.95;-255.98;9:57:18;0.2426;;
4522;30.0442;29.8172;-256.755;-256.262;-256.692;-256.895;-256.942;-255.988;9:57:19;0.227;;
4523;30.0442;29.8094;-256.755;-256.262;-256.684;-256.895;-256.95;-255.988;9:57:19;0.2348;;
4524;30.052;29.8094;-256.755;-256.262;-256.692;-256.895;-256.95;-255.98;9:57:20;0.2426;;
4525;30.052;29.8094;-256.751;-256.262;-256.7;-256.895;-256.95;-255.988;9:57:20;0.2426;;
4526;30.0598;29.8172;-256.743;-256.262;-256.692;-256.895;-256.95;-255.98;9:57:21;0.2426;;
4527;30.052;29.8094;-256.755;-256.269;-256.692;-256.895;-256.942;-255.988;9:57:21;0.2426;;
4528;30.052;29.8172;-256.751;-256.262;-256.692;-256.903;-256.942;-255.988;9:57:22;0.2348;;
4529;30.0598;29.8094;-256.751;-256.269;-256.692;-256.888;-256.95;-255.98;9:57:22;0.2504;;
4530;30.052;29.8172;-256.751;-256.262;-256.692;-256.895;-256.942;-255.988;9:57:23;0.2348;;
4531;30.052;29.8094;-256.755;-256.269;-256.692;-256.895;-256.935;-255.996;9:57:23;0.2426;;
4532;30.0598;29.8172;-256.755;-256.262;-256.7;-256.895;-256.942;-255.988;9:57:24;0.2426;;
4533;30.052;29.8251;-256.755;-256.269;-256.692;-256.895;-256.942;-255.98;9:57:24;0.2269;;
4534;30.052;29.8172;-256.755;-256.262;-256.692;-256.903;-256.942;-255.988;9:57:25;0.2348;;
4535;30.052;29.8172;-256.751;-256.254;-256.692;-256.895;-256.95;-255.988;9:57:25;0.2348;;
4536;30.052;29.8172;-256.751;-256.262;-256.692;-256.895;-256.942;-255.988;9:57:26;0.2348;;
4537;30.052;29.8094;-256.755;-256.254;-256.684;-256.895;-256.95;-255.996;9:57:26;0.2426;;
4538;30.052;29.8016;-256.751;-256.262;-256.692;-256.895;-256.95;-255.988;9:57:27;0.2504;;
4539;30.052;29.8016;-256.755;-256.254;-256.684;-256.895;-256.942;-255.996;9:57:27;0.2504;;
4540;30.0442;29.8094;-256.751;-256.254;-256.7;-256.895;-256.942;-255.988;9:57:28;0.2348;;
4541;30.0403;29.8016;-256.751;-256.262;-256.692;-256.888;-256.942;-255.988;9:57:28;0.2387;;
4542;30.0442;29.8016;-256.755;-256.262;-256.692;-256.88;-256.942;-255.988;9:57:29;0.2426;;
4543;30.0442;29.8016;-256.751;-256.254;-256.692;-256.888;-256.95;-255.988;9:57:29;0.2426;;
4544;30.0403;29.8094;-256.751;-256.254;-256.692;-256.895;-256.95;-255.988;9:57:30;0.2309;;
4545;30.0442;29.8094;-256.755;-256.254;-256.7;-256.88;-256.95;-255.98;9:57:30;0.2348;;
4546;30.0403;29.8094;-256.751;-256.254;-256.692;-256.895;-256.958;-255.988;9:57:31;0.2309;;
4547;30.0403;29.8016;-256.755;-256.254;-256.7;-256.888;-256.95;-255.988;9:57:31;0.2387;;
4548;30.0442;29.7938;-256.751;-256.254;-256.692;-256.895;-256.95;-255.988;9:57:32;0.2504;;
4549;30.0442;29.8094;-256.755;-256.254;-256.684;-256.888;-256.95;-255.98;9:57:32;0.2348;;
4550;30.0403;29.8016;-256.755;-256.262;-256.7;-256.895;-256.958;-255.988;9:57:33;0.2387;;
4551;30.0363;29.7938;-256.751;-256.254;-256.692;-256.888;-256.95;-255.988;9:57:33;0.2425;;
4552;30.0363;29.8016;-256.755;-256.262;-256.7;-256.888;-256.95;-255.988;9:57:34;0.2347;;
4553;30.0363;29.8016;-256.751;-256.262;-256.692;-256.888;-256.95;-255.98;9:57:34;0.2347;;
4554;30.0363;29.8016;-256.755;-256.254;-256.692;-256.895;-256.95;-255.988;9:57:35;0.2347;;
4555;30.0324;29.7938;-256.747;-256.262;-256.7;-256.888;-256.95;-255.98;9:57:35;0.2386;;
4556;30.0324;29.7938;-256.751;-256.254;-256.7;-256.895;-256.942;-255.988;9:57:36;0.2386;;
4557;30.0324;29.7938;-256.755;-256.254;-256.7;-256.888;-256.942;-255.988;9:57:36;0.2386;;
4558;30.0324;29.7859;-256.751;-256.262;-256.7;-256.888;-256.95;-255.988;9:57:37;0.2465;;
4559;30.0324;29.7938;-256.751;-256.254;-256.692;-256.895;-256.95;-255.996;9:57:37;0.2386;;
4560;30.0285;29.7859;-256.751;-256.254;-256.7;-256.888;-256.958;-255.988;9:57:38;0.2426;;
4561;30.0285;29.7938;-256.751;-256.254;-256.692;-256.888;-256.958;-255.996;9:57:38;0.2347;;
4562;30.0246;29.7859;-256.751;-256.254;-256.7;-256.888;-256.95;-255.988;9:57:39;0.2387;;
4563;30.0168;29.7859;-256.755;-256.262;-256.7;-256.888;-256.95;-255.988;9:57:39;0.2309;;
4564;30.0168;29.7781;-256.755;-256.262;-256.692;-256.888;-256.95;-255.988;9:57:40;0.2387;;
4565;30.009;29.7859;-256.751;-256.254;-256.692;-256.88;-256.95;-255.988;9:57:40;0.2231;;
4566;30.009;29.7781;-256.755;-256.262;-256.7;-256.888;-256.95;-255.988;9:57:41;0.2309;;
4567;30.009;29.7781;-256.747;-256.254;-256.692;-256.888;-256.958;-255.988;9:57:41;0.2309;;
4568;30.0011;29.7781;-256.743;-256.254;-256.7;-256.888;-256.95;-255.988;9:57:42;0.223;;
4569;30.0011;29.7781;-256.743;-256.262;-256.692;-256.888;-256.95;-255.98;9:57:42;0.223;;
4570;29.9933;29.7781;-256.751;-256.254;-256.7;-256.888;-256.95;-255.988;9:57:43;0.2152;;
4571;29.9933;29.7703;-256.747;-256.262;-256.692;-256.888;-256.95;-255.98;9:57:43;0.223;;
4572;29.9933;29.7703;-256.751;-256.254;-256.684;-256.895;-256.95;-255.988;9:57:44;0.223;;
4573;29.9855;29.7703;-256.751;-256.254;-256.692;-256.895;-256.95;-255.988;9:57:44;0.2152;;
4574;29.9777;29.7703;-256.747;-256.25;-256.7;-256.895;-256.95;-255.98;9:57:45;0.2074;;
4575;29.9777;29.7625;-256.751;-256.262;-256.692;-256.895;-256.942;-255.98;9:57:45;0.2152;;
4576;29.9777;29.7625;-256.747;-256.254;-256.7;-256.895;-256.95;-255.988;9:57:46;0.2152;;
4577;29.9777;29.7703;-256.747;-256.254;-256.692;-256.895;-256.95;-255.98;9:57:46;0.2074;;
4578;29.9855;29.7703;-256.743;-256.254;-256.7;-256.895;-256.935;-255.988;9:57:47;0.2152;;
4579;29.9698;29.7625;-256.743;-256.262;-256.7;-256.903;-256.942;-255.98;9:57:47;0.2073;;
4580;29.9777;29.7703;-256.747;-256.254;-256.692;-256.895;-256.95;-255.988;9:57:48;0.2074;;
4581;29.9777;29.7703;-256.747;-256.262;-256.7;-256.895;-256.935;-255.98;9:57:48;0.2074;;
4582;29.9777;29.7703;-256.747;-256.254;-256.692;-256.895;-256.942;-255.98;9:57:49;0.2074;;
4583;29.9777;29.7703;-256.747;-256.254;-256.692;-256.895;-256.942;-255.98;9:57:49;0.2074;;
4584;29.9855;29.7703;-256.743;-256.254;-256.7;-256.895;-256.942;-255.988;9:57:50;0.2152;;
4585;29.9855;29.7703;-256.743;-256.254;-256.692;-256.903;-256.942;-255.98;9:57:50;0.2152;;
4586;29.9855;29.7703;-256.743;-256.254;-256.692;-256.895;-256.95;-255.988;9:57:51;0.2152;;
4587;29.9855;29.7703;-256.747;-256.254;-256.692;-256.895;-256.935;-255.98;9:57:51;0.2152;;
4588;29.9933;29.7703;-256.743;-256.254;-256.7;-256.895;-256.942;-255.988;9:57:52;0.223;;
4589;29.9855;29.7703;-256.743;-256.262;-256.692;-256.895;-256.935;-255.98;9:57:52;0.2152;;
4590;29.9933;29.7781;-256.739;-256.254;-256.684;-256.895;-256.942;-255.988;9:57:53;0.2152;;
4591;30.0011;29.7703;-256.743;-256.254;-256.692;-256.895;-256.942;-255.98;9:57:53;0.2308;;
4592;30.0011;29.7781;-256.735;-256.262;-256.692;-256.895;-256.942;-255.988;9:57:54;0.223;;
4593;30.0011;29.7781;-256.735;-256.254;-256.692;-256.895;-256.942;-255.988;9:57:54;0.223;;
4594;30.0011;29.7859;-256.735;-256.262;-256.684;-256.903;-256.942;-255.988;9:57:55;0.2152;;
4595;30.009;29.7781;-256.735;-256.262;-256.692;-256.888;-256.942;-255.988;9:57:55;0.2309;;
4596;30.0011;29.7859;-256.735;-256.262;-256.7;-256.895;-256.942;-255.988;9:57:56;0.2152;;
4597;30.009;29.7938;-256.743;-256.262;-256.692;-256.895;-256.935;-255.988;9:57:56;0.2152;;
4598;30.009;29.7859;-256.747;-256.262;-256.692;-256.888;-256.942;-255.988;9:57:57;0.2231;;
4599;30.0168;29.7859;-256.747;-256.262;-256.692;-256.888;-256.935;-255.98;9:57:57;0.2309;;
4600;30.0168;29.7859;-256.751;-256.262;-256.692;-256.895;-256.942;-255.988;9:57:58;0.2309;;
4601;30.0168;29.7859;-256.747;-256.269;-256.684;-256.895;-256.942;-255.988;9:57:58;0.2309;;
4602;30.0168;29.7938;-256.751;-256.262;-256.692;-256.888;-256.935;-255.988;9:57:59;0.223;;
4603;30.0168;29.8016;-256.747;-256.262;-256.692;-256.895;-256.935;-255.988;9:57:59;0.2152;;
4604;30.0168;29.8016;-256.751;-256.254;-256.692;-256.895;-256.942;-255.988;9:58:00;0.2152;;
4605;30.0246;29.8016;-256.747;-256.254;-256.692;-256.895;-256.942;-255.988;9:58:00;0.223;;
4606;30.0168;29.8016;-256.751;-256.262;-256.692;-256.895;-256.942;-255.988;9:58:01;0.2152;;
4607;30.0285;29.8172;-256.751;-256.254;-256.7;-256.888;-256.935;-255.98;9:58:01;0.2113;;
4608;30.0246;29.8094;-256.747;-256.254;-256.692;-256.895;-256.935;-255.988;9:58:02;0.2152;;
4609;30.0246;29.8094;-256.755;-256.254;-256.692;-256.888;-256.942;-255.996;9:58:02;0.2152;;
4610;30.0246;29.8172;-256.751;-256.254;-256.692;-256.895;-256.942;-255.988;9:58:03;0.2074;;
4611;30.0285;29.8172;-256.751;-256.254;-256.684;-256.888;-256.942;-255.98;9:58:03;0.2113;;
4612;30.0285;29.8094;-256.747;-256.254;-256.692;-256.888;-256.942;-255.988;9:58:04;0.2191;;
4613;30.0285;29.8094;-256.751;-256.262;-256.692;-256.895;-256.95;-255.988;9:58:04;0.2191;;
4614;30.0363;29.8172;-256.751;-256.254;-256.7;-256.888;-256.942;-255.996;9:58:05;0.2191;;
4615;30.0324;29.8172;-256.751;-256.254;-256.692;-256.895;-256.942;-255.98;9:58:05;0.2152;;
4616;30.0324;29.8251;-256.751;-256.262;-256.7;-256.888;-256.942;-255.996;9:58:06;0.2073;;
4617;30.0363;29.8251;-256.751;-256.254;-256.692;-256.888;-256.942;-255.98;9:58:06;0.2112;;
4618;30.0363;29.8251;-256.751;-256.254;-256.7;-256.895;-256.935;-255.988;9:58:07;0.2112;;
4619;30.0363;29.8251;-256.751;-256.262;-256.7;-256.888;-256.935;-255.988;9:58:07;0.2112;;
4620;30.0403;29.8329;-256.751;-256.254;-256.7;-256.895;-256.935;-255.988;9:58:08;0.2074;;
4621;30.0442;29.8329;-256.751;-256.262;-256.7;-256.895;-256.942;-255.988;9:58:08;0.2113;;
4622;30.0403;29.8329;-256.751;-256.254;-256.7;-256.895;-256.942;-255.988;9:58:09;0.2074;;
4623;30.0442;29.8251;-256.747;-256.254;-256.692;-256.895;-256.942;-255.988;9:58:09;0.2191;;
4624;30.052;29.8329;-256.751;-256.262;-256.692;-256.888;-256.935;-255.988;9:58:10;0.2191;;
4625;30.0442;29.8329;-256.747;-256.254;-256.7;-256.895;-256.942;-255.988;9:58:10;0.2113;;
4626;30.052;29.8407;-256.747;-256.254;-256.692;-256.895;-256.942;-255.988;9:58:11;0.2113;;
4627;30.052;29.8329;-256.751;-256.262;-256.692;-256.903;-256.935;-255.988;9:58:11;0.2191;;
4628;30.052;29.8407;-256.747;-256.254;-256.7;-256.888;-256.942;-255.988;9:58:12;0.2113;;
4629;30.0598;29.8329;-256.747;-256.262;-256.7;-256.895;-256.942;-255.988;9:58:12;0.2269;;
4630;30.0598;29.8407;-256.751;-256.25;-256.692;-256.895;-256.935;-255.988;9:58:13;0.2191;;
4631;30.0598;29.8407;-256.747;-256.254;-256.692;-256.895;-256.935;-255.98;9:58:13;0.2191;;
4632;30.0676;29.8407;-256.747;-256.254;-256.692;-256.895;-256.935;-255.988;9:58:14;0.2269;;
4633;30.0676;29.8485;-256.747;-256.254;-256.7;-256.895;-256.942;-255.988;9:58:14;0.2191;;
4634;30.0598;29.8407;-256.747;-256.25;-256.692;-256.895;-256.942;-255.996;9:58:15;0.2191;;
4635;30.0676;29.8485;-256.743;-256.262;-256.692;-256.895;-256.935;-255.98;9:58:15;0.2191;;
4636;30.0676;29.8407;-256.751;-256.254;-256.7;-256.903;-256.935;-255.988;9:58:16;0.2269;;
4637;30.0598;29.8407;-256.747;-256.262;-256.7;-256.895;-256.935;-255.988;9:58:16;0.2191;;
4638;30.0598;29.8407;-256.747;-256.254;-256.692;-256.895;-256.935;-255.988;9:58:17;0.2191;;
4639;30.052;29.8407;-256.751;-256.262;-256.7;-256.903;-256.935;-255.988;9:58:17;0.2113;;
4640;30.0598;29.8329;-256.751;-256.254;-256.7;-256.895;-256.942;-255.988;9:58:18;0.2269;;
4641;30.052;29.8407;-256.751;-256.262;-256.684;-256.895;-256.942;-255.996;9:58:18;0.2113;;
4642;30.052;29.8407;-256.747;-256.254;-256.692;-256.895;-256.942;-255.988;9:58:19;0.2113;;
4643;30.0598;29.8329;-256.751;-256.262;-256.692;-256.903;-256.935;-255.988;9:58:19;0.2269;;
4644;30.0598;29.8407;-256.747;-256.254;-256.692;-256.895;-256.927;-255.988;9:58:20;0.2191;;
4645;30.052;29.8329;-256.751;-256.262;-256.692;-256.888;-256.935;-255.988;9:58:20;0.2191;;
4646;30.052;29.8329;-256.747;-256.254;-256.692;-256.888;-256.935;-255.988;9:58:21;0.2191;;
4647;30.052;29.8407;-256.747;-256.262;-256.7;-256.895;-256.942;-255.988;9:58:21;0.2113;;
4648;30.0442;29.8407;-256.747;-256.254;-256.7;-256.895;-256.942;-255.988;9:58:22;0.2035;;
4649;30.052;29.8329;-256.751;-256.254;-256.7;-256.895;-256.942;-255.988;9:58:22;0.2191;;
4650;30.0403;29.8329;-256.751;-256.262;-256.7;-256.895;-256.942;-255.988;9:58:23;0.2074;;
4651;30.0442;29.8329;-256.755;-256.254;-256.692;-256.895;-256.935;-255.988;9:58:23;0.2113;;
4652;30.0442;29.8251;-256.751;-256.262;-256.7;-256.903;-256.942;-255.988;9:58:24;0.2191;;
4653;30.0442;29.8251;-256.747;-256.254;-256.692;-256.895;-256.942;-255.988;9:58:24;0.2191;;
4654;30.0442;29.8329;-256.755;-256.254;-256.7;-256.895;-256.942;-255.996;9:58:25;0.2113;;
4655;30.0363;29.8251;-256.751;-256.262;-256.692;-256.888;-256.935;-255.988;9:58:25;0.2112;;
4656;30.0403;29.8172;-256.751;-256.254;-256.7;-256.888;-256.942;-255.988;9:58:26;0.2231;;
4657;30.0363;29.8251;-256.747;-256.254;-256.7;-256.888;-256.935;-255.988;9:58:26;0.2112;;
4658;30.0363;29.8172;-256.751;-256.254;-256.692;-256.888;-256.942;-255.988;9:58:27;0.2191;;
4659;30.0324;29.8172;-256.751;-256.254;-256.692;-256.888;-256.942;-255.98;9:58:27;0.2152;;
4660;30.0324;29.8172;-256.755;-256.262;-256.692;-256.888;-256.95;-255.988;9:58:28;0.2152;;
4661;30.0324;29.8172;-256.751;-256.254;-256.692;-256.888;-256.942;-255.98;9:58:28;0.2152;;
4662;30.0285;29.8172;-256.751;-256.262;-256.692;-256.888;-256.942;-255.988;9:58:29;0.2113;;
4663;30.0285;29.8094;-256.751;-256.254;-256.7;-256.88;-256.942;-255.98;9:58:29;0.2191;;
4664;30.0246;29.8016;-256.755;-256.254;-256.692;-256.888;-256.942;-255.988;9:58:30;0.223;;
4665;30.0246;29.8016;-256.751;-256.254;-256.7;-256.888;-256.95;-255.988;9:58:30;0.223;;
4666;30.0246;29.8016;-256.751;-256.25;-256.7;-256.895;-256.942;-255.988;9:58:31;0.223;;
4667;30.0246;29.8016;-256.755;-256.254;-256.692;-256.888;-256.942;-255.988;9:58:31;0.223;;
4668;30.0168;29.7938;-256.751;-256.25;-256.692;-256.895;-256.95;-255.98;9:58:32;0.223;;
4669;30.009;29.8016;-256.755;-256.25;-256.684;-256.888;-256.95;-255.988;9:58:32;0.2074;;
4670;30.009;29.7938;-256.751;-256.254;-256.7;-256.895;-256.942;-255.988;9:58:33;0.2152;;
4671;30.009;29.8016;-256.755;-256.254;-256.7;-256.888;-256.95;-255.988;9:58:33;0.2074;;
4672;30.0168;29.7938;-256.755;-256.25;-256.692;-256.888;-256.942;-255.988;9:58:34;0.223;;
4673;30.0011;29.7938;-256.755;-256.254;-256.692;-256.888;-256.935;-255.988;9:58:34;0.2073;;
4674;30.009;29.7859;-256.751;-256.254;-256.7;-256.888;-256.95;-255.996;9:58:35;0.2231;;
4675;30.009;29.7938;-256.751;-256.262;-256.7;-256.88;-256.942;-255.98;9:58:35;0.2152;;
4676;30.0011;29.7938;-256.755;-256.262;-256.692;-256.888;-256.935;-255.988;9:58:36;0.2073;;
4677;30.0011;29.7938;-256.751;-256.262;-256.7;-256.895;-256.95;-255.988;9:58:36;0.2073;;
4678;29.9933;29.7859;-256.751;-256.262;-256.7;-256.888;-256.942;-255.988;9:58:37;0.2074;;
4679;30.0011;29.7859;-256.751;-256.254;-256.692;-256.888;-256.935;-255.98;9:58:37;0.2152;;
4680;30.0011;29.7859;-256.751;-256.254;-256.7;-256.895;-256.935;-255.988;9:58:38;0.2152;;
4681;29.9933;29.7938;-256.747;-256.254;-256.692;-256.895;-256.935;-255.98;9:58:38;0.1995;;
4682;29.9933;29.7938;-256.751;-256.254;-256.692;-256.888;-256.942;-255.98;9:58:39;0.1995;;
4683;29.9855;29.7859;-256.747;-256.254;-256.692;-256.895;-256.935;-255.988;9:58:39;0.1996;;
4684;29.9933;29.7859;-256.751;-256.254;-256.7;-256.895;-256.942;-255.988;9:58:40;0.2074;;
4685;29.9855;29.7859;-256.755;-256.254;-256.692;-256.895;-256.927;-255.98;9:58:40;0.1996;;
4686;29.9855;29.7781;-256.751;-256.254;-256.7;-256.888;-256.935;-255.988;9:58:41;0.2074;;
4687;29.9933;29.7859;-256.751;-256.25;-256.7;-256.895;-256.942;-255.98;9:58:41;0.2074;;
4688;29.9933;29.7859;-256.755;-256.254;-256.692;-256.888;-256.942;-255.98;9:58:42;0.2074;;
4689;29.9933;29.7859;-256.751;-256.254;-256.7;-256.888;-256.942;-255.988;9:58:42;0.2074;;
4690;29.9933;29.7859;-256.755;-256.262;-256.692;-256.888;-256.942;-255.988;9:58:43;0.2074;;
4691;29.9933;29.7938;-256.751;-256.254;-256.7;-256.895;-256.935;-255.988;9:58:43;0.1995;;
4692;29.9933;29.7781;-256.755;-256.254;-256.692;-256.888;-256.935;-255.98;9:58:44;0.2152;;
4693;29.9933;29.7859;-256.747;-256.254;-256.7;-256.895;-256.942;-255.988;9:58:44;0.2074;;
4694;29.9933;29.7859;-256.755;-256.254;-256.7;-256.88;-256.942;-255.988;9:58:45;0.2074;;
4695;29.9933;29.7938;-256.751;-256.254;-256.7;-256.895;-256.942;-255.988;9:58:45;0.1995;;
4696;29.9777;29.7859;-256.755;-256.254;-256.7;-256.888;-256.95;-255.98;9:58:46;0.1918;;
4697;29.9855;29.7859;-256.747;-256.262;-256.692;-256.888;-256.935;-255.988;9:58:46;0.1996;;
4698;29.9855;29.7938;-256.751;-256.262;-256.7;-256.888;-256.942;-255.98;9:58:47;0.1917;;
4699;29.9933;29.7938;-256.751;-256.254;-256.7;-256.888;-256.935;-255.988;9:58:47;0.1995;;
4700;29.9933;29.7938;-256.751;-256.254;-256.692;-256.888;-256.935;-255.988;9:58:48;0.1995;;
4701;29.9933;29.7938;-256.751;-256.262;-256.7;-256.895;-256.942;-255.988;9:58:48;0.1995;;
4702;30.0011;29.7938;-256.755;-256.254;-256.692;-256.888;-256.942;-255.988;9:58:49;0.2073;;
4703;30.0011;29.8016;-256.751;-256.254;-256.7;-256.888;-256.942;-255.988;9:58:49;0.1995;;
4704;30.009;29.8094;-256.751;-256.254;-256.7;-256.88;-256.942;-255.98;9:58:50;0.1996;;
4705;30.0011;29.7938;-256.755;-256.262;-256.7;-256.888;-256.942;-255.98;9:58:50;0.2073;;
4706;30.009;29.8016;-256.751;-256.262;-256.7;-256.888;-256.95;-255.988;9:58:51;0.2074;;
4707;30.0011;29.7938;-256.751;-256.262;-256.7;-256.895;-256.942;-255.988;9:58:51;0.2073;;
4708;30.009;29.7938;-256.751;-256.262;-256.7;-256.888;-256.942;-255.98;9:58:52;0.2152;;
4709;30.0168;29.8016;-256.751;-256.254;-256.692;-256.888;-256.95;-255.988;9:58:52;0.2152;;
4710;30.009;29.8016;-256.751;-256.254;-256.692;-256.88;-256.942;-255.988;9:58:53;0.2074;;
4711;30.0168;29.8094;-256.755;-256.254;-256.692;-256.895;-256.942;-255.988;9:58:53;0.2074;;
4712;30.0168;29.8016;-256.751;-256.262;-256.692;-256.888;-256.942;-255.98;9:58:54;0.2152;;
4713;30.0168;29.8094;-256.751;-256.254;-256.692;-256.895;-256.942;-255.98;9:58:54;0.2074;;
4714;30.0168;29.8094;-256.751;-256.262;-256.7;-256.888;-256.942;-255.98;9:58:55;0.2074;;
4715;30.009;29.8172;-256.751;-256.254;-256.692;-256.888;-256.95;-255.98;9:58:55;0.1918;;
4716;30.0168;29.8172;-256.755;-256.254;-256.692;-256.888;-256.935;-255.988;9:58:56;0.1996;;
4717;30.0168;29.8094;-256.751;-256.254;-256.692;-256.888;-256.95;-255.988;9:58:56;0.2074;;
4718;30.0246;29.8094;-256.755;-256.262;-256.7;-256.888;-256.942;-255.98;9:58:57;0.2152;;
4719;30.0246;29.8094;-256.751;-256.254;-256.692;-256.88;-256.942;-255.98;9:58:57;0.2152;;
4720;30.0246;29.8094;-256.755;-256.254;-256.7;-256.888;-256.942;-255.98;9:58:58;0.2152;;
4721;30.0246;29.8172;-256.751;-256.254;-256.7;-256.888;-256.95;-255.988;9:58:58;0.2074;;
4722;30.0285;29.8172;-256.755;-256.254;-256.7;-256.88;-256.935;-255.98;9:58:59;0.2113;;
4723;30.0285;29.8172;-256.755;-256.254;-256.692;-256.888;-256.942;-255.988;9:58:59;0.2113;;
4724;30.0324;29.8251;-256.755;-256.262;-256.692;-256.88;-256.95;-255.988;9:59:00;0.2073;;
4725;30.0285;29.8172;-256.758;-256.262;-256.7;-256.888;-256.95;-255.98;9:59:00;0.2113;;
4726;30.0285;29.8251;-256.751;-256.254;-256.692;-256.88;-256.95;-255.988;9:59:01;0.2034;;
4727;30.0324;29.8172;-256.758;-256.262;-256.7;-256.88;-256.95;-255.98;9:59:01;0.2152;;
4728;30.0324;29.8251;-256.755;-256.254;-256.692;-256.888;-256.942;-255.988;9:59:02;0.2073;;
4729;30.0363;29.8172;-256.755;-256.262;-256.692;-256.895;-256.95;-255.988;9:59:02;0.2191;;
4730;30.0363;29.8251;-256.755;-256.262;-256.692;-256.888;-256.942;-255.988;9:59:03;0.2112;;
4731;30.0324;29.8329;-256.755;-256.254;-256.692;-256.888;-256.95;-255.988;9:59:03;0.1995;;
4732;30.0285;29.8329;-256.758;-256.269;-256.7;-256.888;-256.942;-255.988;9:59:04;0.1956;;
4733;30.0324;29.8329;-256.755;-256.262;-256.692;-256.888;-256.95;-255.98;9:59:04;0.1995;;
4734;30.0363;29.8251;-256.755;-256.262;-256.692;-256.888;-256.95;-255.988;9:59:05;0.2112;;
4735;30.0363;29.8329;-256.758;-256.269;-256.692;-256.895;-256.958;-255.988;9:59:05;0.2034;;
4736;30.0403;29.8407;-256.755;-256.262;-256.692;-256.888;-256.958;-255.98;9:59:06;0.1996;;
4737;30.0403;29.8407;-256.755;-256.254;-256.692;-256.888;-256.958;-255.988;9:59:06;0.1996;;
4738;30.0442;29.8407;-256.758;-256.262;-256.692;-256.888;-256.958;-255.988;9:59:07;0.2035;;
4739;30.052;29.8485;-256.755;-256.262;-256.692;-256.888;-256.958;-255.98;9:59:07;0.2035;;
4740;30.0442;29.8407;-256.751;-256.262;-256.692;-256.895;-256.95;-255.98;9:59:08;0.2035;;
4741;30.052;29.8485;-256.755;-256.269;-256.684;-256.895;-256.942;-255.988;9:59:08;0.2035;;
4742;30.052;29.8407;-256.751;-256.262;-256.684;-256.888;-256.95;-255.988;9:59:09;0.2113;;
4743;30.0598;29.8485;-256.755;-256.269;-256.692;-256.895;-256.942;-255.988;9:59:09;0.2113;;
4744;30.0598;29.8407;-256.751;-256.262;-256.692;-256.888;-256.942;-255.988;9:59:10;0.2191;;
4745;30.052;29.8485;-256.751;-256.262;-256.684;-256.895;-256.95;-255.98;9:59:10;0.2035;;
4746;30.0598;29.8485;-256.751;-256.262;-256.692;-256.888;-256.942;-255.988;9:59:11;0.2113;;
4747;30.052;29.8525;-256.751;-256.262;-256.692;-256.895;-256.95;-255.98;9:59:11;0.1995;;
4748;30.052;29.8446;-256.755;-256.262;-256.684;-256.895;-256.935;-255.988;9:59:12;0.2074;;
4749;30.0598;29.8485;-256.751;-256.262;-256.692;-256.895;-256.942;-255.98;9:59:12;0.2113;;
4750;30.0598;29.8407;-256.751;-256.262;-256.692;-256.895;-256.95;-255.988;9:59:13;0.2191;;
4751;30.052;29.8485;-256.751;-256.262;-256.684;-256.888;-256.942;-255.988;9:59:13;0.2035;;
4752;30.0598;29.8407;-256.747;-256.262;-256.692;-256.895;-256.95;-255.988;9:59:14;0.2191;;
4753;30.0598;29.8407;-256.739;-256.262;-256.684;-256.895;-256.95;-255.98;9:59:14;0.2191;;
4754;30.052;29.8407;-256.743;-256.269;-256.692;-256.903;-256.95;-255.988;9:59:15;0.2113;;
4755;30.052;29.8407;-256.735;-256.262;-256.684;-256.895;-256.95;-255.988;9:59:15;0.2113;;
4756;30.052;29.8407;-256.743;-256.262;-256.684;-256.903;-256.95;-255.98;9:59:16;0.2113;;
4757;30.052;29.8407;-256.743;-256.262;-256.684;-256.895;-256.95;-255.988;9:59:16;0.2113;;
4758;30.052;29.8251;-256.743;-256.262;-256.684;-256.895;-256.95;-255.988;9:59:17;0.2269;;
4759;30.052;29.8407;-256.735;-256.262;-256.692;-256.895;-256.95;-255.988;9:59:17;0.2113;;
4760;30.0442;29.8329;-256.743;-256.262;-256.692;-256.895;-256.95;-255.98;9:59:18;0.2113;;
4761;30.052;29.8329;-256.735;-256.254;-256.684;-256.895;-256.95;-255.988;9:59:18;0.2191;;
4762;30.0442;29.8329;-256.743;-256.262;-256.7;-256.888;-256.942;-255.988;9:59:19;0.2113;;
4763;30.0442;29.8329;-256.735;-256.262;-256.684;-256.895;-256.942;-255.988;9:59:19;0.2113;;
4764;30.0442;29.8251;-256.735;-256.254;-256.692;-256.895;-256.942;-255.988;9:59:20;0.2191;;
4765;30.0442;29.8329;-256.743;-256.262;-256.684;-256.903;-256.935;-255.988;9:59:20;0.2113;;
4766;30.0403;29.8251;-256.735;-256.262;-256.692;-256.895;-256.942;-255.996;9:59:21;0.2152;;
4767;30.0403;29.8251;-256.743;-256.262;-256.684;-256.903;-256.942;-255.988;9:59:21;0.2152;;
4768;30.0403;29.8172;-256.743;-256.254;-256.692;-256.895;-256.942;-255.988;9:59:22;0.2231;;
4769;30.0363;29.8251;-256.735;-256.262;-256.684;-256.895;-256.942;-255.988;9:59:22;0.2112;;
4770;30.0403;29.8251;-256.743;-256.254;-256.692;-256.895;-256.942;-255.988;9:59:23;0.2152;;
4771;30.0363;29.8251;-256.747;-256.262;-256.684;-256.895;-256.935;-255.988;9:59:23;0.2112;;
4772;30.0363;29.8251;-256.743;-256.262;-256.692;-256.895;-256.95;-255.988;9:59:24;0.2112;;
4773;30.0324;29.8172;-256.747;-256.262;-256.692;-256.903;-256.942;-255.988;9:59:24;0.2152;;
4774;30.0324;29.8172;-256.747;-256.254;-256.684;-256.895;-256.95;-255.988;9:59:25;0.2152;;
4775;30.0285;29.8172;-256.747;-256.262;-256.692;-256.895;-256.942;-255.996;9:59:25;0.2113;;
4776;30.0324;29.8172;-256.743;-256.262;-256.684;-256.888;-256.95;-255.996;9:59:26;0.2152;;
4777;30.0285;29.8172;-256.743;-256.254;-256.684;-256.895;-256.95;-255.996;9:59:26;0.2113;;
4778;30.0324;29.8094;-256.743;-256.269;-256.692;-256.895;-256.942;-255.988;9:59:27;0.223;;
4779;30.0285;29.8094;-256.743;-256.262;-256.692;-256.903;-256.942;-255.996;9:59:27;0.2191;;
4780;30.0285;29.8094;-256.743;-256.269;-256.692;-256.903;-256.95;-255.988;9:59:28;0.2191;;
4781;30.0285;29.8094;-256.743;-256.262;-256.692;-256.903;-256.95;-255.988;9:59:28;0.2191;;
4782;30.0246;29.8016;-256.743;-256.269;-256.7;-256.895;-256.942;-255.988;9:59:29;0.223;;
4783;30.0168;29.8016;-256.743;-256.262;-256.692;-256.903;-256.95;-255.988;9:59:29;0.2152;;
4784;30.009;29.8016;-256.743;-256.262;-256.692;-256.895;-256.95;-255.988;9:59:30;0.2074;;
4785;30.0011;29.8016;-256.743;-256.262;-256.692;-256.895;-256.95;-255.988;9:59:30;0.1995;;
4786;30.0011;29.7938;-256.747;-256.262;-256.692;-256.895;-256.95;-255.988;9:59:31;0.2073;;
4787;30.0168;29.8016;-256.743;-256.262;-256.692;-256.903;-256.942;-255.988;9:59:31;0.2152;;
4788;30.009;29.8016;-256.743;-256.254;-256.692;-256.895;-256.95;-255.996;9:59:32;0.2074;;
4789;30.009;29.7938;-256.743;-256.254;-256.692;-256.903;-256.942;-255.988;9:59:32;0.2152;;
4790;30.0011;29.7938;-256.747;-256.262;-256.684;-256.895;-256.935;-255.98;9:59:33;0.2073;;
4791;30.0011;29.7938;-256.747;-256.254;-256.684;-256.895;-256.942;-255.988;9:59:33;0.2073;;
4792;29.9933;29.7859;-256.743;-256.262;-256.692;-256.895;-256.935;-255.988;9:59:34;0.2074;;
4793;30.0011;29.7859;-256.743;-256.254;-256.692;-256.888;-256.95;-255.996;9:59:34;0.2152;;
4794;29.9933;29.7859;-256.735;-256.254;-256.692;-256.888;-256.942;-255.988;9:59:35;0.2074;;
4795;29.9933;29.7859;-256.743;-256.254;-256.692;-256.895;-256.95;-255.988;9:59:35;0.2074;;
4796;29.9855;29.7859;-256.743;-256.254;-256.692;-256.888;-256.935;-255.996;9:59:36;0.1996;;
4797;29.9777;29.7781;-256.735;-256.254;-256.692;-256.895;-256.942;-255.988;9:59:36;0.1996;;
4798;29.9777;29.7781;-256.743;-256.254;-256.692;-256.888;-256.942;-255.988;9:59:37;0.1996;;
4799;29.9855;29.7703;-256.735;-256.254;-256.7;-256.895;-256.942;-255.996;9:59:37;0.2152;;
4800;29.9777;29.7703;-256.743;-256.254;-256.684;-256.895;-256.935;-255.988;9:59:38;0.2074;;
4801;29.9777;29.7703;-256.743;-256.262;-256.692;-256.895;-256.942;-255.988;9:59:38;0.2074;;
4802;29.9855;29.7703;-256.743;-256.254;-256.7;-256.888;-256.935;-255.988;9:59:39;0.2152;;
4803;29.9777;29.7625;-256.743;-256.254;-256.692;-256.888;-256.942;-255.988;9:59:39;0.2152;;
4804;29.9777;29.7703;-256.747;-256.254;-256.692;-256.888;-256.935;-255.996;9:59:40;0.2074;;
4805;29.9855;29.7703;-256.743;-256.254;-256.684;-256.888;-256.942;-255.988;9:59:40;0.2152;;
4806;29.9777;29.7703;-256.735;-256.254;-256.684;-256.888;-256.935;-255.996;9:59:41;0.2074;;
