Number;DT1;DT2;DT3;DT4;DT5;DT6;DT7;DT8;P_now;T_imp;K_prop;T_stab;Time
11;22.7043;22.7473;22.1487;-256.269;-256.684;-256.895;-256.942;-255.98;0;None;1000;None;14:26:37.963
12;22.6965;22.7552;22.1565;-256.262;-256.684;-256.888;-256.942;-255.98;0;None;1000;None;14:26:38.068
13;22.6965;22.7473;22.1487;-256.262;-256.684;-256.888;-256.95;-255.98;0;None;1000;None;14:26:38.560
14;22.7043;22.7473;22.1487;-256.262;-256.684;-256.895;-256.942;-255.98;0;None;1000;None;14:26:39.058
15;22.7121;22.7473;22.1565;-256.269;-256.684;-256.895;-256.935;-255.988;0;None;1000;None;14:26:39.556
16;22.7043;22.7552;22.1565;-256.262;-256.684;-256.895;-256.935;-255.98;0;None;1000;None;14:26:40.068
17;22.7043;22.7473;22.1565;-256.262;-256.684;-256.888;-256.942;-255.98;0;None;1000;None;14:26:40.564
18;22.6965;22.7473;22.1565;-256.262;-256.684;-256.888;-256.942;-255.988;0;None;1000;None;14:26:41.057
19;22.7043;22.7473;22.1565;-256.262;-256.684;-256.888;-256.942;-255.98;0;None;1000;None;14:26:41.556
20;22.7043;22.7473;22.1565;-256.277;-256.692;-256.895;-256.942;-255.98;0;None;1000;None;14:26:42.052
21;22.7043;22.7552;22.1565;-256.269;-256.676;-256.888;-256.95;-255.98;0;None;1000;None;14:26:42.563
22;22.7043;22.7473;22.1565;-256.269;-256.684;-256.895;-256.942;-255.98;0;None;1000;None;14:26:43.066
23;22.7043;22.7473;22.1487;-256.269;-256.684;-256.888;-256.95;-255.98;0;None;1000;None;14:26:43.567
24;22.7043;22.7473;22.1644;-256.269;-256.684;-256.88;-256.95;-255.972;0;None;1000;None;14:26:44.066
25;22.7121;22.7552;22.1565;-256.262;-256.684;-256.888;-256.958;-255.98;0;None;1000;None;14:26:44.558
26;22.7043;22.7552;22.1565;-256.269;-256.684;-256.888;-256.942;-255.98;0;None;1000;None;14:26:45.055
27;22.7121;22.7552;22.1565;-256.262;-256.684;-256.88;-256.95;-255.972;0;None;1000;None;14:26:45.568
28;22.7043;22.7552;22.1644;-256.262;-256.676;-256.888;-256.95;-255.98;0;None;1000;None;14:26:46.066
29;22.7043;22.763;22.1565;-256.262;-256.684;-256.895;-256.95;-255.98;0;None;1000;None;14:26:46.562
30;22.7121;22.7473;22.1644;-256.262;-256.684;-256.88;-256.95;-255.98;0;None;1000;None;14:26:47.057
31;22.7043;22.763;22.1565;-256.262;-256.676;-256.888;-256.95;-255.98;0;None;1000;None;14:26:47.553
32;22.7199;22.763;22.1565;-256.269;-256.684;-256.895;-256.95;-255.98;0;None;1000;None;14:26:48.062
33;22.7199;22.7708;22.1487;-256.262;-256.684;-256.888;-256.942;-255.98;0;None;1000;None;14:26:48.554
34;22.7278;22.7708;22.1565;-256.262;-256.684;-256.888;-256.942;-255.98;0;None;1000;None;14:26:49.064
35;22.7434;22.7825;22.1487;-256.262;-256.684;-256.888;-256.942;-255.98;0;None;1000;None;14:26:49.567
36;22.7669;22.7943;22.1487;-256.269;-256.684;-256.888;-256.942;-255.98;0;None;1000;None;14:26:50.053
37;22.7669;22.7982;22.1487;-256.262;-256.676;-256.888;-256.942;-255.98;0;None;1000;None;14:26:50.564
38;22.7825;22.8021;22.1565;-256.269;-256.692;-256.895;-256.958;-255.98;0;None;1000;None;14:26:51.059
39;22.7982;22.806;22.1487;-256.269;-256.684;-256.888;-256.95;-255.98;0;None;1000;None;14:26:51.557
40;22.8099;22.8217;22.1487;-256.262;-256.684;-256.888;-256.942;-255.972;0;None;1000;None;14:26:52.053
41;22.8217;22.8295;22.1487;-256.269;-256.692;-256.895;-256.942;-255.98;0;None;1000;None;14:26:52.564
42;22.8256;22.853;22.1565;-256.269;-256.684;-256.888;-256.942;-255.972;0;None;1000;None;14:26:53.064
43;22.8491;22.8608;22.1487;-256.262;-256.684;-256.895;-256.95;-255.98;0;None;1000;None;14:26:53.555
44;22.8647;22.8843;22.1487;-256.262;-256.692;-256.888;-256.942;-255.972;0;None;1000;None;14:26:54.067
45;22.8804;22.8843;22.1487;-256.269;-256.684;-256.895;-256.942;-255.98;0;None;1000;None;14:26:54.561
46;22.9038;22.8999;22.1565;-256.269;-256.684;-256.895;-256.942;-255.98;0;None;1000;None;14:26:55.058
47;22.9195;22.9156;22.1487;-256.269;-256.676;-256.888;-256.95;-255.972;0;None;1000;None;14:26:55.553
48;22.943;22.9312;22.1565;-256.269;-256.692;-256.895;-256.942;-255.98;0;None;1000;None;14:26:56.066
49;22.9664;22.9312;22.1487;-256.269;-256.684;-256.895;-256.942;-255.98;0;None;1000;None;14:26:56.560
50;22.986;22.9625;22.1487;-256.269;-256.684;-256.895;-256.95;-255.98;0;None;1000;None;14:26:57.062
51;22.9938;22.9625;22.1565;-256.269;-256.692;-256.888;-256.942;-255.98;0;None;1000;None;14:26:57.565
52;22.9977;22.9703;22.1487;-256.269;-256.684;-256.895;-256.942;-255.98;0;None;1000;None;14:26:58.062
53;23.0251;22.9899;22.1487;-256.277;-256.692;-256.888;-256.942;-255.98;0;None;1000;None;14:26:58.562
54;23.0408;22.9977;22.1487;-256.269;-256.684;-256.895;-256.942;-255.98;0;None;1000;None;14:26:59.054
55;23.0642;23.0134;22.1487;-256.262;-256.684;-256.888;-256.942;-255.972;0;None;1000;None;14:26:59.564
56;23.0877;23.0447;22.1409;-256.269;-256.684;-256.888;-256.95;-255.98;0;None;1000;None;14:27:00.060
57;23.1034;23.0525;22.1487;-256.269;-256.684;-256.895;-256.942;-255.98;0;None;1000;None;14:27:00.568
58;23.1347;23.0603;22.1409;-256.269;-256.676;-256.895;-256.942;-255.972;0;None;1000;None;14:27:01.063
59;23.1503;23.076;22.1487;-256.277;-256.684;-256.888;-256.95;-255.98;0;None;1000;None;14:27:01.556
60;23.1738;23.0995;22.1409;-256.269;-256.684;-256.888;-256.95;-255.972;0;None;1000;None;14:27:02.064
61;23.1973;23.1151;22.1409;-256.277;-256.684;-256.895;-256.958;-255.98;0;None;1000;None;14:27:02.558
62;23.2129;23.1308;22.1409;-256.269;-256.676;-256.888;-256.942;-255.972;0;None;1000;None;14:27:03.052
63;23.2207;23.1464;22.1409;-256.269;-256.684;-256.888;-256.942;-255.98;0;None;1000;None;14:27:03.562
64;23.2481;23.1542;22.1331;-256.269;-256.684;-256.888;-256.942;-255.98;0;None;1000;None;14:27:04.055
65;23.2638;23.1777;22.1409;-256.277;-256.684;-256.895;-256.95;-255.98;0;None;1000;None;14:27:04.567
66;23.2873;23.1855;22.1409;-256.269;-256.676;-256.888;-256.942;-255.98;0;None;1000;None;14:27:05.065
67;23.3029;23.1973;22.1409;-256.277;-256.676;-256.895;-256.95;-255.98;0;None;1000;None;14:27:05.560
68;23.3342;23.2129;22.1409;-256.269;-256.684;-256.895;-256.942;-255.98;0;None;1000;None;14:27:06.057
69;23.3499;23.2286;22.1409;-256.277;-256.684;-256.895;-256.95;-255.98;0;None;1000;None;14:27:06.555
70;23.3812;23.2442;22.1409;-256.277;-256.676;-256.888;-256.95;-255.972;0;None;1000;None;14:27:07.065
71;23.4046;23.2599;22.1409;-256.269;-256.684;-256.895;-256.95;-255.98;0;None;1000;None;14:27:07.562
72;23.4164;23.2755;22.1409;-256.269;-256.676;-256.895;-256.95;-255.98;0;None;1000;None;14:27:08.060
73;23.4281;23.2912;22.1409;-256.269;-256.684;-256.895;-256.942;-255.98;0;None;1000;None;14:27:08.556
74;23.4555;23.3146;22.1409;-256.269;-256.684;-256.895;-256.95;-255.988;0;None;1000;None;14:27:09.067
75;23.4711;23.3225;22.1409;-256.269;-256.676;-256.895;-256.95;-255.98;0;None;1000;None;14:27:09.563
76;23.5024;23.3381;22.1409;-256.269;-256.684;-256.895;-256.95;-255.988;0;None;1000;None;14:27:10.060
77;23.5259;23.3616;22.1331;-256.269;-256.684;-256.888;-256.95;-255.98;0;None;1000;None;14:27:10.555
78;23.5337;23.3772;22.1331;-256.269;-256.684;-256.895;-256.95;-255.988;0;None;1000;None;14:27:11.063
79;23.565;23.389;22.1409;-256.277;-256.684;-256.895;-256.95;-255.98;0;None;1000;None;14:27:11.556
80;23.5885;23.4007;22.1409;-256.269;-256.676;-256.895;-256.95;-255.988;0;None;1000;None;14:27:12.064
81;23.612;23.4085;22.1409;-256.269;-256.684;-256.888;-256.95;-255.98;0;None;1000;None;14:27:12.560
82;23.6316;23.4281;22.1331;-256.269;-256.684;-256.895;-256.942;-255.98;0;None;1000;None;14:27:13.054
83;23.6472;23.4281;22.1409;-256.277;-256.684;-256.888;-256.942;-255.98;0;None;1000;None;14:27:13.566
84;23.6707;23.4516;22.1409;-256.269;-256.684;-256.888;-256.942;-255.98;0;None;1000;None;14:27:14.060
85;23.6863;23.4751;22.1409;-256.269;-256.684;-256.895;-256.95;-255.98;0;None;1000;None;14:27:14.569
86;23.7176;23.4907;22.1409;-256.277;-256.684;-256.895;-256.95;-255.98;0;None;1000;None;14:27:15.065
87;23.7333;23.4985;22.1409;-256.269;-256.684;-256.888;-256.95;-255.98;0;None;1000;None;14:27:15.561
88;23.7568;23.522;22.1409;-256.277;-256.684;-256.895;-256.95;-255.988;0;None;1000;None;14:27:16.055
89;23.7802;23.5533;22.1409;-256.269;-256.684;-256.888;-256.942;-255.98;0;None;1000;None;14:27:16.565
90;23.8037;23.569;22.1487;-256.262;-256.684;-256.895;-256.95;-255.98;0;None;1000;None;14:27:17.065
91;23.8115;23.5768;22.1487;-256.269;-256.692;-256.888;-256.95;-255.98;0;None;1000;None;14:27:17.558
92;23.8311;23.5846;22.1487;-256.262;-256.676;-256.888;-256.95;-255.98;0;None;1000;None;14:27:18.057
93;23.8467;23.5963;22.1409;-256.269;-256.684;-256.895;-256.95;-255.98;0;None;1000;None;14:27:18.554
94;23.8624;23.612;22.1487;-256.269;-256.676;-256.895;-256.95;-255.98;0;None;1000;None;14:27:19.066
95;23.8937;23.6276;22.1565;-256.269;-256.692;-256.888;-256.942;-255.98;0;None;1000;None;14:27:19.562
96;23.9172;23.6511;22.1487;-256.269;-256.692;-256.895;-256.95;-255.98;0;None;1000;None;14:27:20.057
97;23.9406;23.6668;22.1487;-256.269;-256.684;-256.888;-256.95;-255.98;0;None;1000;None;14:27:20.557
98;23.9719;23.6824;22.1487;-256.262;-256.692;-256.895;-256.942;-255.98;0;None;1000;None;14:27:21.066
99;23.9876;23.6902;22.1487;-256.269;-256.692;-256.895;-256.942;-255.988;0;None;1000;None;14:27:21.567
100;24.0111;23.7137;22.1565;-256.262;-256.684;-256.888;-256.95;-255.98;0;None;1000;None;14:27:22.061
101;24.0267;23.7294;22.1487;-256.269;-256.684;-256.895;-256.958;-255.98;0;None;1000;None;14:27:22.559
102;24.0345;23.7528;22.1565;-256.262;-256.692;-256.895;-256.95;-255.988;0;None;1000;None;14:27:23.055
103;24.0463;23.7685;22.1487;-256.262;-256.692;-256.895;-256.95;-255.98;0;None;1000;None;14:27:23.565
104;24.0776;23.7841;22.1487;-256.262;-256.692;-256.895;-256.95;-255.988;0;None;1000;None;14:27:24.063
105;24.0932;23.792;22.1565;-256.269;-256.684;-256.895;-256.942;-255.98;0;None;1000;None;14:27:24.554
106;24.1167;23.7959;22.1644;-256.262;-256.684;-256.895;-256.95;-255.98;0;None;1000;None;14:27:25.066
107;24.1402;23.8194;22.1644;-256.269;-256.684;-256.895;-256.95;-255.988;0;None;1000;None;14:27:25.563
108;24.1637;23.8272;22.1487;-256.269;-256.692;-256.895;-256.958;-255.98;0;None;1000;None;14:27:26.059
109;24.1871;23.8428;22.1487;-256.269;-256.684;-256.895;-256.95;-255.98;0;None;1000;None;14:27:26.556
110;24.2106;23.8663;22.1487;-256.269;-256.692;-256.888;-256.942;-255.98;0;None;1000;None;14:27:27.052
111;24.2263;23.8741;22.1487;-256.269;-256.684;-256.895;-256.95;-255.98;0;None;1000;None;14:27:27.562
112;24.2419;23.9054;22.1565;-256.277;-256.684;-256.895;-256.95;-255.988;0;None;1000;None;14:27:28.059
113;24.2536;23.9133;22.1487;-256.269;-256.692;-256.888;-256.95;-255.98;0;None;1000;None;14:27:28.554
114;24.2771;23.9289;22.1409;-256.269;-256.684;-256.895;-256.95;-255.98;0;None;1000;None;14:27:29.066
115;24.2928;23.9524;22.1487;-256.277;-256.684;-256.895;-256.95;-255.98;0;None;1000;None;14:27:29.561
116;24.3162;23.9602;22.1487;-256.269;-256.684;-256.895;-256.95;-255.98;0;None;1000;None;14:27:30.059
117;24.3397;23.9837;22.1565;-256.269;-256.676;-256.895;-256.942;-255.98;0;None;1000;None;14:27:30.555
118;24.3554;23.9993;22.1565;-256.269;-256.692;-256.888;-256.942;-255.98;0;None;1000;None;14:27:31.067
119;24.371;24.0032;22.1487;-256.269;-256.676;-256.888;-256.95;-255.98;0;None;1000;None;14:27:31.563
120;24.3945;24.0111;22.1487;-256.277;-256.692;-256.888;-256.95;-255.98;0;None;1000;None;14:27:32.062
121;24.4101;24.0345;22.1487;-256.262;-256.684;-256.888;-256.95;-255.98;0;None;1000;None;14:27:32.554
122;24.4336;24.0502;22.1565;-256.269;-256.692;-256.895;-256.95;-255.98;0;None;1000;None;14:27:33.067
123;24.4532;24.0737;22.1409;-256.269;-256.684;-256.888;-256.95;-255.98;0;None;1000;None;14:27:33.560
124;24.461;24.0893;22.1565;-256.269;-256.684;-256.895;-256.942;-255.98;0;None;1000;None;14:27:34.055
125;24.4845;24.0971;22.1487;-256.269;-256.676;-256.895;-256.95;-255.98;0;None;1000;None;14:27:34.565
126;24.5001;24.1206;22.1487;-256.277;-256.692;-256.888;-256.95;-255.988;0;None;1000;None;14:27:35.061
127;24.5158;24.1363;22.1487;-256.269;-256.684;-256.888;-256.95;-255.98;0;None;1000;None;14:27:35.554
128;24.5393;24.1519;22.1487;-256.269;-256.684;-256.888;-256.95;-255.98;0;None;1000;None;14:27:36.064
129;24.5627;24.1676;22.1487;-256.269;-256.676;-256.895;-256.95;-255.98;0;None;1000;None;14:27:36.559
130;24.5862;24.1793;22.1487;-256.277;-256.684;-256.888;-256.95;-255.98;0;None;1000;None;14:27:37.055
131;24.6019;24.191;22.1487;-256.269;-256.684;-256.888;-256.95;-255.988;0;None;1000;None;14:27:37.564
132;24.6253;24.2028;22.1409;-256.269;-256.684;-256.888;-256.95;-255.972;0;None;1000;None;14:27:38.058
133;24.641;24.2184;22.1409;-256.277;-256.676;-256.888;-256.942;-255.988;0;None;1000;None;14:27:38.554
134;24.6566;24.2341;22.1487;-256.269;-256.684;-256.895;-256.95;-255.98;0;None;1000;None;14:27:39.053
135;24.6684;24.2576;22.1565;-256.269;-256.676;-256.888;-256.942;-255.972;0;None;1000;None;14:27:39.566
136;24.684;24.2732;22.1487;-256.277;-256.676;-256.888;-256.942;-255.988;0;None;1000;None;14:27:40.062
137;24.6997;24.2889;22.1409;-256.269;-256.676;-256.895;-256.95;-255.98;0;None;1000;None;14:27:40.561
138;24.7232;24.3045;22.1565;-256.269;-256.684;-256.895;-256.95;-255.972;0;None;1000;None;14:27:41.060
139;24.7388;24.3358;22.1409;-256.269;-256.684;-256.895;-256.958;-255.98;0;None;1000;None;14:27:41.553
140;24.7701;24.3436;22.1409;-256.269;-256.684;-256.903;-256.958;-255.972;0;None;1000;None;14:27:42.065
141;24.7858;24.3593;22.1487;-256.277;-256.676;-256.895;-256.95;-255.98;0;None;1000;None;14:27:42.567
142;24.8014;24.3828;22.1487;-256.269;-256.684;-256.888;-256.942;-255.972;0;None;1000;None;14:27:43.059
143;24.8249;24.3945;22.1487;-256.277;-256.684;-256.895;-256.95;-255.972;0;None;1000;None;14:27:43.555
144;24.8444;24.3984;22.1487;-256.269;-256.676;-256.895;-256.95;-255.98;0;None;1000;None;14:27:44.056
145;24.8523;24.418;22.1409;-256.277;-256.684;-256.888;-256.958;-255.98;0;None;1000;None;14:27:44.566
146;24.8679;24.4258;22.1487;-256.277;-256.676;-256.895;-256.958;-255.98;0;None;1000;None;14:27:45.062
147;24.8914;24.4493;22.1409;-256.277;-256.684;-256.903;-256.95;-255.98;0;None;1000;None;14:27:45.559
148;24.9149;24.4571;22.1487;-256.277;-256.676;-256.895;-256.95;-255.988;0;None;1000;None;14:27:46.056
149;24.9305;24.4728;22.1409;-256.277;-256.676;-256.888;-256.942;-255.98;0;None;1000;None;14:27:46.553
150;24.954;24.4962;22.1409;-256.269;-256.684;-256.895;-256.942;-255.98;0;None;1000;None;14:27:47.065
151;24.9696;24.5119;22.1487;-256.277;-256.684;-256.888;-256.942;-255.98;0;None;1000;None;14:27:47.562
152;24.9931;24.5275;22.1409;-256.277;-256.684;-256.895;-256.95;-255.988;0;None;1000;None;14:27:48.058
153;25.0166;24.5432;22.1487;-256.277;-256.684;-256.895;-256.95;-255.98;0;None;1000;None;14:27:48.555
154;25.0244;24.551;22.1409;-256.277;-256.676;-256.903;-256.942;-255.98;0;None;1000;None;14:27:49.067
155;25.0557;24.5745;22.1487;-256.285;-256.684;-256.888;-256.942;-255.98;0;None;1000;None;14:27:49.565
156;25.0635;24.5823;22.1409;-256.277;-256.676;-256.903;-256.942;-255.98;0;None;1000;None;14:27:50.061
157;25.0714;24.6058;22.1487;-256.285;-256.684;-256.888;-256.935;-255.972;0;None;1000;None;14:27:50.557
158;25.0909;24.6136;22.1409;-256.277;-256.676;-256.895;-256.935;-255.98;0;None;1000;None;14:27:51.052
159;25.1066;24.6214;22.1487;-256.277;-256.684;-256.888;-256.942;-255.98;0;None;1000;None;14:27:51.565
160;25.1457;24.6332;22.1409;-256.285;-256.684;-256.895;-256.942;-255.98;0;None;1000;None;14:27:52.062
161;25.1692;24.6488;22.1409;-256.277;-256.684;-256.895;-256.942;-255.972;0;None;1000;None;14:27:52.564
162;25.1848;24.6645;22.1409;-256.277;-256.676;-256.895;-256.95;-255.98;0;None;1000;None;14:27:53.062
163;25.2005;24.6879;22.1409;-256.285;-256.684;-256.895;-256.942;-255.98;0;None;1000;None;14:27:53.555
164;25.224;24.7036;22.1487;-256.277;-256.676;-256.895;-256.942;-255.972;0;None;1000;None;14:27:54.067
165;25.2396;24.7192;22.1409;-256.277;-256.684;-256.895;-256.942;-255.988;0;None;1000;None;14:27:54.561
166;25.2631;24.7427;22.1565;-256.277;-256.676;-256.895;-256.935;-255.98;0;None;1000;None;14:27:55.058
167;25.2748;24.7584;22.1487;-256.277;-256.676;-256.895;-256.942;-255.98;0;None;1000;None;14:27:55.554
168;25.2826;24.774;22.1487;-256.277;-256.676;-256.895;-256.95;-255.98;0;None;1000;None;14:27:56.066
169;25.2905;24.7858;22.1565;-256.277;-256.676;-256.888;-256.95;-255.98;0;None;1000;None;14:27:56.564
170;25.3218;24.7897;22.1487;-256.277;-256.684;-256.895;-256.95;-255.98;0;None;1000;None;14:27:57.060
171;25.3374;24.8014;22.1565;-256.277;-256.676;-256.895;-256.942;-255.98;0;None;1000;None;14:27:57.557
172;25.3531;24.8249;22.1487;-256.277;-256.676;-256.895;-256.95;-255.98;0;None;1000;None;14:27:58.052
173;25.3765;24.8405;22.1565;-256.277;-256.668;-256.888;-256.958;-255.972;0;None;1000;None;14:27:58.565
174;25.3922;24.8562;22.1487;-256.277;-256.676;-256.895;-256.95;-255.988;0;None;1000;None;14:27:59.062
175;25.4078;24.8718;22.1487;-256.277;-256.684;-256.888;-256.942;-255.98;0;None;1000;None;14:27:59.559
176;25.4235;24.8953;22.1409;-256.277;-256.684;-256.895;-256.942;-255.972;0;None;1000;None;14:28:00.055
177;25.447;24.9031;22.1487;-256.277;-256.684;-256.888;-256.942;-255.98;0;None;1000;None;14:28:00.552
178;25.4626;24.9266;22.1565;-256.269;-256.676;-256.895;-256.942;-255.988;0;None;1000;None;14:28:01.065
179;25.4783;24.9344;22.1409;-256.277;-256.684;-256.888;-256.942;-255.98;0;None;1000;None;14:28:01.562
180;25.4939;24.9579;22.1487;-256.277;-256.676;-256.888;-256.935;-255.972;0;None;1000;None;14:28:02.057
181;25.5017;24.9736;22.1331;-256.269;-256.676;-256.888;-256.942;-255.98;0;None;1000;None;14:28:02.554
182;25.5135;24.9931;22.1409;-256.277;-256.676;-256.888;-256.942;-255.98;0;None;1000;None;14:28:03.067
183;25.537;25.0009;22.1409;-256.277;-256.684;-256.895;-256.942;-255.98;0;None;1000;None;14:28:03.564
184;25.5526;25.0166;22.1409;-256.277;-256.668;-256.895;-256.95;-255.98;0;None;1000;None;14:28:04.062
185;25.5761;25.0244;22.1487;-256.277;-256.676;-256.888;-256.95;-255.98;0;None;1000;None;14:28:04.558
186;25.5996;25.0479;22.1409;-256.277;-256.676;-256.895;-256.95;-255.972;0;None;1000;None;14:28:05.056
187;25.6152;25.0557;22.1487;-256.277;-256.668;-256.895;-256.95;-255.98;0;None;1000;None;14:28:05.554
188;25.6309;25.0792;22.1409;-256.277;-256.676;-256.895;-256.942;-255.98;0;None;1000;None;14:28:06.051
189;25.6543;25.0948;22.1487;-256.277;-256.676;-256.895;-256.95;-255.972;0;None;1000;None;14:28:06.565
190;25.67;25.1027;22.1409;-256.277;-256.676;-256.903;-256.95;-255.98;0;None;1000;None;14:28:07.060
191;25.6935;25.1261;22.1331;-256.285;-256.676;-256.903;-256.942;-255.98;0;None;1000;None;14:28:07.567
192;25.7013;25.1418;22.1409;-256.269;-256.676;-256.903;-256.942;-255.98;0;None;1000;None;14:28:08.055
193;25.7169;25.1653;22.1331;-256.277;-256.668;-256.895;-256.942;-255.972;0;None;1000;None;14:28:08.552
194;25.7287;25.1809;22.1409;-256.277;-256.676;-256.895;-256.942;-255.972;0;None;1000;None;14:28:09.064
195;25.7443;25.1966;22.1331;-256.269;-256.676;-256.895;-256.95;-255.98;0;None;1000;None;14:28:09.559
196;25.7678;25.2161;22.1409;-256.277;-256.676;-256.895;-256.95;-255.98;0;None;1000;None;14:28:10.064
197;25.7834;25.2279;22.1409;-256.277;-256.676;-256.903;-256.942;-255.972;0;None;1000;None;14:28:10.552
198;25.7991;25.2318;22.1409;-256.277;-256.668;-256.895;-256.942;-255.98;0;None;1000;None;14:28:11.064
199;25.8226;25.2553;22.1331;-256.285;-256.676;-256.888;-256.942;-255.98;0;None;1000;None;14:28:11.560
200;25.8382;25.2709;22.1409;-256.277;-256.668;-256.895;-256.935;-255.98;0;None;1000;None;14:28:12.073
201;25.8539;25.2866;22.1409;-256.277;-256.676;-256.895;-256.95;-255.98;0;None;1000;None;14:28:12.553
202;25.8773;25.3022;22.1409;-256.285;-256.668;-256.895;-256.942;-255.98;0;None;1000;None;14:28:13.065
203;25.8852;25.3257;22.1409;-256.277;-256.676;-256.888;-256.95;-255.98;0;None;1000;None;14:28:13.564
204;25.9008;25.3413;22.1487;-256.277;-256.676;-256.895;-256.95;-255.98;0;None;1000;None;14:28:14.061
205;25.9047;25.357;22.1409;-256.277;-256.676;-256.895;-256.942;-255.988;0;None;1000;None;14:28:14.558
206;25.936;25.3805;22.1487;-256.269;-256.676;-256.895;-256.95;-255.98;0;None;1000;None;14:28:15.056
207;25.9517;25.3883;22.1487;-256.269;-256.684;-256.895;-256.95;-255.98;0;None;1000;None;14:28:15.553
208;25.9673;25.4;22.1565;-256.269;-256.684;-256.895;-256.942;-255.98;0;None;1000;None;14:28:16.065
209;25.983;25.4;22.1487;-256.277;-256.676;-256.895;-256.95;-255.988;0;None;1000;None;14:28:16.561
210;26.0065;25.4235;22.1487;-256.269;-256.684;-256.895;-256.958;-255.972;0;None;1000;None;14:28:17.057
211;26.0221;25.4391;22.1565;-256.277;-256.676;-256.895;-256.942;-255.98;0;None;1000;None;14:28:17.554
212;26.0456;25.447;22.1487;-256.269;-256.684;-256.895;-256.95;-255.988;0;None;1000;None;14:28:18.065
213;26.0534;25.4783;22.1487;-256.269;-256.676;-256.895;-256.95;-255.98;0;None;1000;None;14:28:18.561
214;26.0769;25.4939;22.1487;-256.277;-256.676;-256.888;-256.95;-255.98;0;None;1000;None;14:28:19.057
215;26.0964;25.5096;22.1487;-256.269;-256.676;-256.895;-256.95;-255.98;0;None;1000;None;14:28:19.553
216;26.1043;25.5252;22.1487;-256.262;-256.684;-256.895;-256.95;-255.98;0;None;1000;None;14:28:20.066
217;26.116;25.5409;22.1487;-256.269;-256.684;-256.895;-256.95;-255.988;0;None;1000;None;14:28:20.563
218;26.1277;25.5565;22.1487;-256.269;-256.676;-256.895;-256.942;-255.98;0;None;1000;None;14:28:21.059
219;26.1512;25.5643;22.1487;-256.269;-256.684;-256.895;-256.95;-255.98;0;None;1000;None;14:28:21.554
220;26.159;25.5878;22.1487;-256.269;-256.684;-256.895;-256.958;-255.988;0;None;1000;None;14:28:22.065
221;26.1903;25.6035;22.1487;-256.269;-256.684;-256.888;-256.95;-255.98;0;None;1000;None;14:28:22.562
222;26.1982;25.6152;22.1487;-256.269;-256.676;-256.895;-256.958;-255.98;0;None;1000;None;14:28:23.063
223;26.206;25.623;22.1409;-256.262;-256.676;-256.895;-256.95;-255.98;0;None;1000;None;14:28:23.561
224;26.2295;25.6465;22.1409;-256.269;-256.684;-256.888;-256.95;-255.98;0;None;1000;None;14:28:24.068
225;26.2608;25.6543;22.1409;-256.269;-256.676;-256.888;-256.95;-255.972;0;None;1000;None;14:28:24.563
226;26.2686;25.67;22.1487;-256.269;-256.684;-256.888;-256.95;-255.98;0;None;1000;None;14:28:25.058
227;26.2842;25.6935;22.1409;-256.269;-256.684;-256.888;-256.95;-255.98;0;None;1000;None;14:28:25.555
228;26.3077;25.7091;22.1487;-256.262;-256.676;-256.888;-256.95;-255.98;0;None;1000;None;14:28:26.054
229;26.3155;25.7248;22.1409;-256.269;-256.684;-256.888;-256.942;-255.98;0;None;1000;None;14:28:26.565
230;26.3234;25.7404;22.1409;-256.269;-256.676;-256.888;-256.95;-255.972;0;None;1000;None;14:28:27.061
231;26.3429;25.7639;22.1409;-256.269;-256.684;-256.888;-256.942;-255.988;0;None;1000;None;14:28:27.557
232;26.3586;25.7795;22.1487;-256.269;-256.684;-256.895;-256.942;-255.98;0;None;1000;None;14:28:28.054
233;26.3821;25.7874;22.1409;-256.262;-256.668;-256.888;-256.942;-255.988;0;None;1000;None;14:28:28.567
234;26.3899;25.8187;22.1487;-256.269;-256.676;-256.888;-256.942;-255.98;0;None;1000;None;14:28:29.063
235;26.3977;25.8265;22.1487;-256.269;-256.684;-256.88;-256.95;-255.972;0;None;1000;None;14:28:29.560
236;26.429;25.8343;22.1409;-256.269;-256.676;-256.888;-256.942;-255.98;0;None;1000;None;14:28:30.055
237;26.4368;25.8539;22.1409;-256.269;-256.676;-256.888;-256.942;-255.972;0;None;1000;None;14:28:30.551
238;26.4525;25.8617;22.1487;-256.269;-256.676;-256.888;-256.95;-255.98;0;None;1000;None;14:28:31.064
239;26.476;25.8695;22.1409;-256.269;-256.668;-256.888;-256.942;-255.98;0;None;1000;None;14:28:31.560
240;26.4916;25.8852;22.1409;-256.262;-256.676;-256.88;-256.95;-255.988;0;None;1000;None;14:28:32.057
241;26.5073;25.9086;22.1409;-256.277;-256.676;-256.888;-256.942;-255.972;0;None;1000;None;14:28:32.554
242;26.5268;25.9243;22.1409;-256.269;-256.676;-256.888;-256.95;-255.988;0;None;1000;None;14:28:33.066
243;26.5346;25.9399;22.1409;-256.277;-256.676;-256.888;-256.935;-255.98;0;None;1000;None;14:28:33.562
244;26.5464;25.9556;22.1409;-256.269;-256.676;-256.888;-256.942;-255.98;0;None;1000;None;14:28:34.064
245;26.5581;25.9712;22.1409;-256.269;-256.676;-256.888;-256.942;-255.98;0;None;1000;None;14:28:34.552
246;26.5738;25.9869;22.1409;-256.269;-256.676;-256.888;-256.942;-255.98;0;None;1000;None;14:28:35.057
247;26.5972;26.0025;22.1487;-256.277;-256.676;-256.888;-256.942;-255.988;0;None;1000;None;14:28:35.554
248;26.6129;26.0104;22.1409;-256.277;-256.676;-256.888;-256.942;-255.98;0;None;1000;None;14:28:36.066
249;26.6364;26.0221;22.1331;-256.277;-256.676;-256.888;-256.95;-255.98;0;None;1000;None;14:28:36.559
250;26.6442;26.0456;22.1409;-256.269;-256.676;-256.88;-256.942;-255.98;0;None;1000;None;14:28:37.054
251;26.6677;26.0456;22.1409;-256.269;-256.668;-256.888;-256.942;-255.98;0;None;1000;None;14:28:37.566
252;26.6911;26.0691;22.1331;-256.277;-256.684;-256.895;-256.942;-255.98;0;None;1000;None;14:28:38.063
253;26.7068;26.0847;22.1331;-256.277;-256.676;-256.888;-256.935;-255.98;0;None;1000;None;14:28:38.557
254;26.7146;26.1004;22.1409;-256.269;-256.676;-256.895;-256.942;-255.972;0;None;1000;None;14:28:39.067
255;26.7303;26.116;22.1409;-256.277;-256.676;-256.895;-256.942;-255.98;0;None;1000;None;14:28:39.564
256;26.742;26.1395;22.1331;-256.277;-256.676;-256.888;-256.942;-255.98;0;None;1000;None;14:28:40.060
257;26.7537;26.1473;22.1409;-256.277;-256.668;-256.895;-256.942;-255.98;0;None;1000;None;14:28:40.557
258;26.7733;26.1708;22.1331;-256.277;-256.668;-256.888;-256.942;-255.98;0;None;1000;None;14:28:41.054
259;26.7811;26.1943;22.1409;-256.277;-256.676;-256.895;-256.942;-255.972;0;None;1000;None;14:28:41.567
260;26.7968;26.2021;22.1487;-256.269;-256.668;-256.888;-256.935;-255.98;0;None;1000;None;14:28:42.062
261;26.8124;26.2138;22.1409;-256.277;-256.676;-256.895;-256.935;-255.98;0;None;1000;None;14:28:42.563
262;26.8359;26.2216;22.1409;-256.277;-256.676;-256.888;-256.942;-255.98;0;None;1000;None;14:28:43.058
263;26.8516;26.2256;22.1409;-256.277;-256.676;-256.895;-256.935;-255.98;0;None;1000;None;14:28:43.566
264;26.8672;26.2451;22.1487;-256.277;-256.676;-256.895;-256.95;-255.98;0;None;1000;None;14:28:44.065
265;26.8907;26.2608;22.1487;-256.269;-256.676;-256.888;-256.942;-255.972;0;None;1000;None;14:28:44.563
266;26.8985;26.2842;22.1409;-256.269;-256.676;-256.895;-256.942;-255.98;0;None;1000;None;14:28:45.059
267;26.9181;26.2921;22.1487;-256.277;-256.676;-256.888;-256.95;-255.98;0;None;1000;None;14:28:45.555
268;26.9259;26.3155;22.1409;-256.277;-256.684;-256.895;-256.942;-255.98;0;None;1000;None;14:28:46.051
269;26.9337;26.3312;22.1487;-256.277;-256.676;-256.895;-256.935;-255.98;0;None;1000;None;14:28:46.551
270;26.9494;26.3468;22.1487;-256.269;-256.676;-256.895;-256.942;-255.972;0;None;1000;None;14:28:47.064
271;26.965;26.3781;22.1409;-256.277;-256.684;-256.895;-256.942;-255.98;0;None;1000;None;14:28:47.560
272;26.9728;26.3938;22.1409;-256.269;-256.684;-256.895;-256.942;-255.98;0;None;1000;None;14:28:48.057
273;26.9963;26.4016;22.1487;-256.277;-256.668;-256.895;-256.935;-255.98;0;None;1000;None;14:28:48.554
274;27.0198;26.4173;22.1487;-256.269;-256.676;-256.895;-256.935;-255.972;0;None;1000;None;14:28:49.064
275;27.0354;26.429;22.1487;-256.269;-256.684;-256.895;-256.942;-255.98;0;None;1000;None;14:28:49.566
276;27.0511;26.4407;22.1487;-256.269;-256.684;-256.888;-256.935;-255.972;0;None;1000;None;14:28:50.064
277;27.0746;26.4486;22.1487;-256.277;-256.684;-256.895;-256.942;-255.98;0;None;1000;None;14:28:50.555
278;27.0824;26.4525;22.1487;-256.277;-256.684;-256.895;-256.95;-255.972;0;None;1000;None;14:28:51.051
279;27.1137;26.4838;22.1487;-256.277;-256.676;-256.895;-256.935;-255.98;0;None;1000;None;14:28:51.564
280;27.1215;26.4916;22.1644;-256.277;-256.676;-256.895;-256.942;-255.972;0;None;1000;None;14:28:52.059
281;27.1372;26.5151;22.1487;-256.277;-256.676;-256.888;-256.942;-255.972;0;None;1000;None;14:28:52.556
282;27.145;26.5229;22.1565;-256.277;-256.676;-256.895;-256.927;-255.98;0;None;1000;None;14:28:53.064
283;27.1567;26.5307;22.1409;-256.269;-256.676;-256.903;-256.942;-255.972;0;None;1000;None;14:28:53.555
284;27.1724;26.5542;22.1487;-256.277;-256.676;-256.895;-256.942;-255.98;0;None;1000;None;14:28:54.065
285;27.188;26.5699;22.1565;-256.277;-256.676;-256.895;-256.935;-255.988;0;None;1000;None;14:28:54.559
286;27.2115;26.5777;22.1565;-256.277;-256.684;-256.895;-256.942;-255.98;0;None;1000;None;14:28:55.064
287;27.2272;26.5972;22.1565;-256.277;-256.676;-256.895;-256.942;-255.98;0;None;1000;None;14:28:55.554
288;27.2428;26.5972;22.1565;-256.277;-256.684;-256.903;-256.942;-255.98;0;None;1000;None;14:28:56.052
289;27.2585;26.609;22.1565;-256.277;-256.676;-256.888;-256.942;-255.98;0;None;1000;None;14:28:56.562
290;27.2741;26.6168;22.1565;-256.269;-256.676;-256.903;-256.942;-255.98;0;None;1000;None;14:28:57.059
291;27.2898;26.6285;22.1565;-256.277;-256.684;-256.895;-256.95;-255.972;0;None;1000;None;14:28:57.557
292;27.3054;26.6442;22.1487;-256.262;-256.684;-256.895;-256.942;-255.98;0;None;1000;None;14:28:58.054
293;27.3211;26.652;22.1487;-256.269;-256.676;-256.895;-256.942;-255.98;0;None;1000;None;14:28:58.551
294;27.3367;26.6755;22.1565;-256.269;-256.676;-256.895;-256.935;-255.98;0;None;1000;None;14:28:59.063
295;27.3484;26.6911;22.1644;-256.269;-256.684;-256.888;-256.942;-255.98;0;None;1000;None;14:28:59.559
296;27.3602;26.7068;22.1565;-256.269;-256.676;-256.895;-256.942;-255.98;0;None;1000;None;14:29:00.064
297;27.3641;26.7303;22.1565;-256.262;-256.676;-256.895;-256.942;-255.972;0;None;1000;None;14:29:00.551
298;27.3876;26.7303;22.1565;-256.269;-256.676;-256.895;-256.942;-255.98;0;None;1000;None;14:29:01.063
299;27.3954;26.7537;22.1644;-256.269;-256.676;-256.895;-256.942;-255.98;0;None;1000;None;14:29:01.561
300;27.4189;26.7772;22.1644;-256.269;-256.676;-256.888;-256.942;-255.98;0;None;1000;None;14:29:02.058
301;27.4345;26.785;22.1565;-256.262;-256.676;-256.888;-256.942;-255.98;0;None;1000;None;14:29:02.553
302;27.4423;26.8007;22.1644;-256.269;-256.684;-256.888;-256.942;-255.98;0;None;1000;None;14:29:03.066
303;27.4658;26.8124;22.1565;-256.269;-256.676;-256.888;-256.942;-255.98;0;None;1000;None;14:29:03.562
304;27.4893;26.8242;22.1565;-256.269;-256.684;-256.895;-256.942;-255.972;0;None;1000;None;14:29:04.056
305;27.4971;26.832;22.1565;-256.269;-256.676;-256.888;-256.942;-255.98;0;None;1000;None;14:29:04.555
306;27.5128;26.8437;22.1565;-256.269;-256.676;-256.888;-256.942;-255.98;0;None;1000;None;14:29:05.052
307;27.5284;26.8516;22.1565;-256.277;-256.676;-256.895;-256.95;-255.972;0;None;1000;None;14:29:05.554
308;27.5441;26.8829;22.1565;-256.277;-256.676;-256.888;-256.942;-255.98;0;None;1000;None;14:29:06.061
309;27.5519;26.8985;22.1644;-256.277;-256.684;-256.888;-256.942;-255.98;0;None;1000;None;14:29:06.558
310;27.5675;26.9142;22.1565;-256.269;-256.684;-256.895;-256.942;-255.98;0;None;1000;None;14:29:07.053
311;27.5793;26.9298;22.1565;-256.277;-256.676;-256.888;-256.942;-255.98;0;None;1000;None;14:29:07.551
312;27.6028;26.9533;22.1644;-256.277;-256.684;-256.895;-256.942;-255.98;0;None;1000;None;14:29:08.064
313;27.6106;26.9533;22.1565;-256.277;-256.676;-256.895;-256.935;-255.98;0;None;1000;None;14:29:08.562
314;27.6262;26.9689;22.1565;-256.269;-256.668;-256.895;-256.95;-255.98;0;None;1000;None;14:29:09.058
315;27.6497;26.9846;22.1565;-256.277;-256.676;-256.888;-256.942;-255.98;0;None;1000;None;14:29:09.555
316;27.6575;27.0002;22.1644;-256.285;-256.684;-256.895;-256.942;-255.988;0;None;1000;None;14:29:10.053
317;27.6732;27.0159;22.1644;-256.277;-256.676;-256.895;-256.942;-255.98;0;None;1000;None;14:29:10.564
318;27.6967;27.0276;22.1644;-256.277;-256.684;-256.895;-256.942;-255.98;0;None;1000;None;14:29:11.060
319;27.7045;27.0394;22.1644;-256.277;-256.684;-256.888;-256.942;-255.98;0;None;1000;None;14:29:11.557
320;27.728;27.0433;22.1644;-256.277;-256.684;-256.895;-256.942;-255.98;0;None;1000;None;14:29:12.055
321;27.7436;27.0589;22.1644;-256.277;-256.684;-256.888;-256.942;-255.98;0;None;1000;None;14:29:12.554
322;27.7514;27.0746;22.1644;-256.277;-256.684;-256.888;-256.95;-255.988;0;None;1000;None;14:29:13.065
323;27.7671;27.0902;22.1644;-256.277;-256.684;-256.888;-256.935;-255.98;0;None;1000;None;14:29:13.563
324;27.7788;27.1137;22.1644;-256.269;-256.684;-256.895;-256.942;-255.98;0;None;1000;None;14:29:14.060
325;27.7866;27.1293;22.1644;-256.277;-256.676;-256.888;-256.942;-255.98;0;None;1000;None;14:29:14.564
326;27.7945;27.1372;22.1644;-256.277;-256.684;-256.888;-256.935;-255.98;0;None;1000;None;14:29:15.064
327;27.8258;27.1606;22.1644;-256.277;-256.676;-256.895;-256.95;-255.98;0;None;1000;None;14:29:15.563
328;27.8336;27.1685;22.1644;-256.277;-256.676;-256.895;-256.942;-255.98;0;None;1000;None;14:29:16.064
329;27.8571;27.1919;22.1644;-256.277;-256.684;-256.888;-256.942;-255.98;0;None;1000;None;14:29:16.557
330;27.8649;27.1998;22.1644;-256.285;-256.676;-256.895;-256.935;-255.972;0;None;1000;None;14:29:17.066
331;27.8805;27.2154;22.1722;-256.277;-256.684;-256.895;-256.942;-255.98;0;None;1000;None;14:29:17.554
332;27.8962;27.2232;22.1722;-256.285;-256.684;-256.88;-256.935;-255.972;0;None;1000;None;14:29:18.065
333;27.9197;27.235;22.1722;-256.277;-256.676;-256.895;-256.942;-255.972;0;None;1000;None;14:29:18.563
334;27.9275;27.2585;22.1722;-256.277;-256.684;-256.888;-256.942;-255.972;0;None;1000;None;14:29:19.061
335;27.9431;27.2741;22.1644;-256.277;-256.676;-256.888;-256.942;-255.98;0;None;1000;None;14:29:19.556
336;27.9471;27.2898;22.1722;-256.277;-256.676;-256.888;-256.95;-255.972;0;None;1000;None;14:29:20.052
337;27.9627;27.2976;22.1722;-256.277;-256.684;-256.888;-256.942;-255.98;0;None;1000;None;14:29:20.563
338;27.9705;27.3211;22.1722;-256.277;-256.676;-256.888;-256.95;-255.972;0;None;1000;None;14:29:21.063
339;27.9862;27.3367;22.18;-256.285;-256.684;-256.895;-256.942;-255.972;0;None;1000;None;14:29:21.553
340;27.994;27.3524;22.18;-256.277;-256.684;-256.895;-256.942;-255.98;0;None;1000;None;14:29:22.062
341;28.0097;27.3602;22.18;-256.285;-256.676;-256.888;-256.942;-255.972;0;None;1000;None;14:29:22.558
342;28.0331;27.3837;22.18;-256.277;-256.684;-256.895;-256.942;-255.972;0;None;1000;None;14:29:23.054
343;28.0488;27.3915;22.1878;-256.277;-256.676;-256.895;-256.95;-255.98;0;None;1000;None;14:29:23.554
344;28.0566;27.415;22.18;-256.277;-256.676;-256.888;-256.942;-255.98;0;None;1000;None;14:29:24.061
345;28.0801;27.4228;22.1878;-256.277;-256.684;-256.888;-256.95;-255.98;0;None;1000;None;14:29:24.558
346;28.0879;27.4384;22.18;-256.277;-256.676;-256.895;-256.942;-255.972;0;None;1000;None;14:29:25.054
347;28.1036;27.4423;22.1878;-256.277;-256.676;-256.888;-256.942;-255.98;0;None;1000;None;14:29:25.553
348;28.1192;27.458;22.1878;-256.269;-256.676;-256.888;-256.95;-255.98;0;None;1000;None;14:29:26.065
349;28.1349;27.4736;22.1878;-256.269;-256.684;-256.895;-256.95;-255.98;0;None;1000;None;14:29:26.560
350;28.1427;27.4893;22.1878;-256.277;-256.676;-256.895;-256.942;-255.98;0;None;1000;None;14:29:27.058
351;28.1662;27.5049;22.18;-256.269;-256.684;-256.903;-256.95;-255.98;0;None;1000;None;14:29:27.555
352;28.174;27.5206;22.1878;-256.269;-256.684;-256.895;-256.942;-255.972;0;None;1000;None;14:29:28.052
353;28.1818;27.5362;22.1878;-256.262;-256.684;-256.895;-256.942;-255.98;0;None;1000;None;14:29:28.566
354;28.1935;27.5519;22.1878;-256.269;-256.676;-256.895;-256.942;-255.972;0;None;1000;None;14:29:29.062
355;28.2014;27.5675;22.1878;-256.269;-256.684;-256.895;-256.942;-255.98;0;None;1000;None;14:29:29.558
356;28.2248;27.5832;22.18;-256.269;-256.684;-256.895;-256.942;-255.98;0;None;1000;None;14:29:30.055
357;28.2405;27.5988;22.1878;-256.262;-256.684;-256.895;-256.942;-255.98;0;None;1000;None;14:29:30.551
358;28.2483;27.6067;22.1878;-256.269;-256.684;-256.895;-256.942;-255.98;0;None;1000;None;14:29:31.066
359;28.264;27.6301;22.18;-256.269;-256.684;-256.895;-256.942;-255.972;0;None;1000;None;14:29:31.563
360;28.2953;27.6419;22.1878;-256.269;-256.684;-256.895;-256.95;-255.98;0;None;1000;None;14:29:32.060
361;28.2953;27.6497;22.1878;-256.269;-256.684;-256.895;-256.942;-255.98;0;None;1000;None;14:29:32.556
362;28.3187;27.6575;22.1878;-256.269;-256.692;-256.895;-256.935;-255.98;0;None;1000;None;14:29:33.051
363;28.3422;27.6654;22.1878;-256.262;-256.684;-256.895;-256.935;-255.972;0;None;1000;None;14:29:33.563
364;28.35;27.6888;22.1878;-256.269;-256.692;-256.895;-256.942;-255.98;0;None;1000;None;14:29:34.060
365;28.3657;27.7045;22.1878;-256.262;-256.684;-256.903;-256.935;-255.972;0;None;1000;None;14:29:34.557
366;28.3813;27.7123;22.1957;-256.269;-256.692;-256.895;-256.942;-255.98;0;None;1000;None;14:29:35.054
367;28.3892;27.7358;22.1878;-256.262;-256.692;-256.895;-256.942;-255.98;0;None;1000;None;14:29:35.553
368;28.397;27.7514;22.1957;-256.269;-256.684;-256.895;-256.935;-255.988;0;None;1000;None;14:29:36.065
369;28.4087;27.7593;22.1878;-256.269;-256.684;-256.903;-256.942;-255.98;0;None;1000;None;14:29:36.561
370;28.4322;27.7827;22.1878;-256.262;-256.692;-256.895;-256.935;-255.972;0;None;1000;None;14:29:37.058
371;28.44;27.7984;22.1957;-256.269;-256.692;-256.895;-256.942;-255.98;0;None;1000;None;14:29:37.555
372;28.4635;27.8179;22.1878;-256.269;-256.692;-256.895;-256.95;-255.98;0;None;1000;None;14:29:38.065
373;28.4713;27.814;22.1878;-256.269;-256.684;-256.895;-256.942;-255.98;0;None;1000;None;14:29:38.563
374;28.487;27.8297;22.18;-256.269;-256.692;-256.903;-256.95;-255.98;0;None;1000;None;14:29:39.058
375;28.5026;27.8336;22.1957;-256.262;-256.684;-256.895;-256.942;-255.98;0;None;1000;None;14:29:39.555
376;28.5183;27.8571;22.1878;-256.262;-256.692;-256.895;-256.942;-255.98;0;None;1000;None;14:29:40.051
377;28.5339;27.8727;22.1957;-256.262;-256.692;-256.895;-256.95;-255.972;0;None;1000;None;14:29:40.563
378;28.5496;27.8884;22.1878;-256.262;-256.692;-256.895;-256.95;-255.988;0;None;1000;None;14:29:41.059
379;28.5731;27.9197;22.1957;-256.262;-256.684;-256.903;-256.95;-255.98;0;None;1000;None;14:29:41.555
380;28.5887;27.9275;22.1878;-256.269;-256.692;-256.903;-256.942;-255.98;0;None;1000;None;14:29:42.065
381;28.5926;27.9353;22.1957;-256.262;-256.684;-256.895;-256.942;-255.98;0;None;1000;None;14:29:42.561
382;28.6044;27.9666;22.1878;-256.262;-256.692;-256.903;-256.935;-255.98;0;None;1000;None;14:29:43.056
383;28.6122;27.9823;22.1878;-256.269;-256.684;-256.903;-256.942;-255.98;0;None;1000;None;14:29:43.553
384;28.6317;27.9901;22.2035;-256.262;-256.692;-256.895;-256.942;-255.98;0;None;1000;None;14:29:44.065
385;28.6317;28.0057;22.1878;-256.269;-256.692;-256.903;-256.95;-255.98;0;None;1000;None;14:29:44.563
386;28.6552;28.0292;22.1878;-256.269;-256.684;-256.895;-256.942;-255.988;0;None;1000;None;14:29:45.060
387;28.663;28.0331;22.1957;-256.262;-256.684;-256.895;-256.942;-255.98;0;None;1000;None;14:29:45.557
388;28.6865;28.041;22.1957;-256.269;-256.684;-256.903;-256.942;-255.98;0;None;1000;None;14:29:46.053
389;28.7022;28.0449;22.1878;-256.269;-256.684;-256.895;-256.942;-255.98;0;None;1000;None;14:29:46.565
390;28.7178;28.0644;22.1957;-256.262;-256.684;-256.895;-256.935;-255.98;0;None;1000;None;14:29:47.064
391;28.7335;28.0879;22.1957;-256.269;-256.692;-256.903;-256.942;-255.988;0;None;1000;None;14:29:47.559
392;28.7491;28.0879;22.1957;-256.262;-256.684;-256.895;-256.942;-255.98;0;None;1000;None;14:29:48.056
393;28.7648;28.1192;22.1878;-256.269;-256.692;-256.895;-256.935;-255.98;0;None;1000;None;14:29:48.552
394;28.7804;28.127;22.1957;-256.262;-256.684;-256.895;-256.942;-255.988;0;None;1000;None;14:29:49.066
395;28.7961;28.1427;22.1957;-256.269;-256.692;-256.895;-256.942;-255.972;0;None;1000;None;14:29:49.563
396;28.8117;28.1505;22.2035;-256.262;-256.692;-256.903;-256.942;-255.98;0;None;1000;None;14:29:50.060
397;28.8156;28.1662;22.2035;-256.262;-256.684;-256.895;-256.935;-255.98;0;None;1000;None;14:29:50.560
398;28.8313;28.1896;22.1957;-256.269;-256.684;-256.895;-256.942;-255.98;0;None;1000;None;14:29:51.054
399;28.8391;28.2053;22.1957;-256.262;-256.692;-256.895;-256.942;-255.988;0;None;1000;None;14:29:51.551
400;28.8548;28.2209;22.1957;-256.269;-256.684;-256.895;-256.942;-255.972;0;None;1000;None;14:29:52.063
401;28.8704;28.2288;22.1957;-256.262;-256.684;-256.895;-256.935;-255.98;0;None;1000;None;14:29:52.560
402;28.8861;28.2444;22.1957;-256.269;-256.692;-256.895;-256.942;-255.98;0;None;1000;None;14:29:53.055
403;28.9017;28.2522;22.1957;-256.269;-256.684;-256.888;-256.942;-255.98;0;None;1000;None;14:29:53.554
404;28.9174;28.2601;22.1878;-256.269;-256.684;-256.903;-256.942;-255.98;0;None;1000;None;14:29:54.063
405;28.9252;28.2718;22.1957;-256.269;-256.684;-256.895;-256.942;-255.98;0;None;1000;None;14:29:54.559
406;28.9408;28.2874;22.1878;-256.269;-256.684;-256.903;-256.942;-255.98;0;None;1000;None;14:29:55.054
407;28.9565;28.3031;22.1957;-256.269;-256.684;-256.895;-256.95;-255.972;0;None;1000;None;14:29:55.552
408;28.9643;28.3187;22.1957;-256.269;-256.684;-256.903;-256.942;-255.988;0;None;1000;None;14:29:56.064
409;28.9839;28.3422;22.1957;-256.269;-256.684;-256.895;-256.942;-255.98;0;None;1000;None;14:29:56.560
410;28.9917;28.35;22.1878;-256.262;-256.684;-256.895;-256.942;-255.98;0;None;1000;None;14:29:57.056
411;28.9956;28.3657;22.1957;-256.269;-256.676;-256.903;-256.942;-255.98;0;None;1000;None;14:29:57.555
412;29.0073;28.3813;22.2035;-256.269;-256.684;-256.895;-256.942;-255.988;0;None;1000;None;14:29:58.051
413;29.023;28.3892;22.1878;-256.262;-256.676;-256.895;-256.942;-255.98;0;None;1000;None;14:29:58.564
414;29.0308;28.4048;22.1957;-256.277;-256.684;-256.903;-256.942;-255.98;0;None;1000;None;14:29:59.061
415;29.0465;28.4244;22.1878;-256.269;-256.684;-256.895;-256.942;-255.98;0;None;1000;None;14:29:59.563
416;29.0621;28.4283;22.1957;-256.262;-256.692;-256.903;-256.942;-255.98;0;None;1000;None;14:30:00.054
417;29.0778;28.4361;22.1957;-256.277;-256.684;-256.903;-256.942;-255.988;0;None;1000;None;14:30:00.551
418;29.0856;28.4557;22.1878;-256.262;-256.692;-256.895;-256.935;-255.972;0;None;1000;None;14:30:01.064
419;29.1012;28.4635;22.1957;-256.269;-256.684;-256.903;-256.935;-255.98;0;None;1000;None;14:30:01.559
420;29.1247;28.4792;22.1878;-256.269;-256.692;-256.895;-256.942;-255.972;0;None;1000;None;14:30:02.057
421;29.1325;28.487;22.2035;-256.269;-256.684;-256.895;-256.935;-255.98;0;None;1000;None;14:30:02.552
422;29.1482;28.5105;22.1957;-256.269;-256.692;-256.895;-256.942;-255.988;0;None;1000;None;14:30:03.067
423;29.1638;28.5183;22.1957;-256.269;-256.684;-256.903;-256.942;-255.98;0;None;1000;None;14:30:03.560
424;29.1795;28.5418;22.1957;-256.269;-256.692;-256.895;-256.935;-255.98;0;None;1000;None;14:30:04.058
425;29.1951;28.5652;22.2035;-256.269;-256.684;-256.895;-256.935;-255.98;0;None;1000;None;14:30:04.554
426;29.203;28.5809;22.1878;-256.277;-256.692;-256.895;-256.942;-255.98;0;None;1000;None;14:30:05.051
427;29.2147;28.5887;22.1957;-256.269;-256.684;-256.895;-256.942;-255.98;0;None;1000;None;14:30:05.566
428;29.2225;28.62;22.1957;-256.277;-256.684;-256.895;-256.95;-255.972;0;None;1000;None;14:30:06.061
429;29.2382;28.6278;22.1957;-256.269;-256.692;-256.903;-256.95;-255.98;0;None;1000;None;14:30:06.565
430;29.2538;28.6357;22.1957;-256.277;-256.684;-256.895;-256.95;-255.98;0;None;1000;None;14:30:07.053
431;29.2617;28.6474;22.1957;-256.269;-256.684;-256.903;-256.942;-255.972;0;None;1000;None;14:30:07.564
432;29.2773;28.6513;22.1878;-256.269;-256.684;-256.895;-256.95;-255.98;0;None;1000;None;14:30:08.060
433;29.2851;28.663;22.1957;-256.269;-256.692;-256.888;-256.95;-255.98;0;None;1000;None;14:30:08.557
434;29.3086;28.6787;22.1878;-256.269;-256.684;-256.895;-256.95;-255.98;0;None;1000;None;14:30:09.052
435;29.3164;28.6943;22.1957;-256.269;-256.684;-256.888;-256.95;-255.98;0;None;1000;None;14:30:09.565
436;29.3321;28.71;22.1878;-256.269;-256.692;-256.888;-256.95;-255.98;0;None;1000;None;14:30:10.062
437;29.3399;28.7256;22.1878;-256.269;-256.684;-256.895;-256.942;-255.98;0;None;1000;None;14:30:10.556
438;29.3556;28.7413;22.1957;-256.269;-256.684;-256.888;-256.942;-255.98;0;None;1000;None;14:30:11.052
439;29.3712;28.7569;22.1957;-256.277;-256.684;-256.888;-256.942;-255.98;0;None;1000;None;14:30:11.565
440;29.3947;28.7726;22.1957;-256.269;-256.684;-256.888;-256.958;-255.98;0;None;1000;None;14:30:12.064
441;29.3947;28.7961;22.1957;-256.269;-256.684;-256.895;-256.942;-255.98;0;None;1000;None;14:30:12.563
442;29.4143;28.7961;22.1957;-256.277;-256.684;-256.895;-256.95;-255.98;0;None;1000;None;14:30:13.056
443;29.4221;28.8117;22.1957;-256.277;-256.692;-256.888;-256.942;-255.98;0;None;1000;None;14:30:13.554
444;29.4338;28.8352;22.1957;-256.269;-256.684;-256.895;-256.942;-255.98;0;None;1000;None;14:30:14.054
445;29.4416;28.8352;22.1957;-256.277;-256.692;-256.888;-256.942;-255.98;0;None;1000;None;14:30:14.563
446;29.4534;28.8548;22.1957;-256.277;-256.684;-256.895;-256.935;-255.98;0;None;1000;None;14:30:15.059
447;29.469;28.8626;22.2035;-256.277;-256.684;-256.895;-256.942;-255.98;0;None;1000;None;14:30:15.555
448;29.4847;28.8704;22.2035;-256.269;-256.684;-256.888;-256.942;-255.98;0;None;1000;None;14:30:16.052
449;29.5003;28.8782;22.2035;-256.277;-256.692;-256.888;-256.942;-255.988;0;None;1000;None;14:30:16.564
450;29.516;28.9017;22.1957;-256.269;-256.684;-256.895;-256.95;-255.98;0;None;1000;None;14:30:17.060
451;29.5238;28.9095;22.2035;-256.277;-256.684;-256.888;-256.942;-255.972;0;None;1000;None;14:30:17.558
452;29.5395;28.933;22.1957;-256.269;-256.676;-256.895;-256.942;-255.98;0;None;1000;None;14:30:18.053
453;29.5551;28.9487;22.2035;-256.277;-256.692;-256.895;-256.942;-255.98;0;None;1000;None;14:30:18.565
454;29.5629;28.9565;22.2035;-256.269;-256.684;-256.895;-256.95;-255.98;0;None;1000;None;14:30:19.061
455;29.5786;28.9721;22.1957;-256.277;-256.684;-256.895;-256.942;-255.98;0;None;1000;None;14:30:19.563
456;29.6021;28.9878;22.2035;-256.269;-256.684;-256.895;-256.942;-255.98;0;None;1000;None;14:30:20.065
457;29.6099;29.0034;22.2113;-256.269;-256.692;-256.895;-256.942;-255.988;0;None;1000;None;14:30:20.552
458;29.6255;29.0191;22.1957;-256.269;-256.684;-256.895;-256.942;-255.98;0;None;1000;None;14:30:21.062
459;29.6334;29.023;22.1957;-256.269;-256.684;-256.895;-256.942;-255.988;0;None;1000;None;14:30:21.559
460;29.6334;29.0386;22.1957;-256.277;-256.692;-256.895;-256.935;-255.98;0;None;1000;None;14:30:22.055
461;29.6451;29.0543;22.2035;-256.277;-256.684;-256.888;-256.942;-255.988;0;None;1000;None;14:30:22.550
462;29.649;29.0699;22.2035;-256.277;-256.684;-256.895;-256.95;-255.98;0;None;1000;None;14:30:23.061
463;29.6607;29.0778;22.2035;-256.277;-256.692;-256.903;-256.95;-255.988;0;None;1000;None;14:30:23.559
464;29.6686;29.0856;22.2035;-256.277;-256.692;-256.888;-256.95;-255.988;0;None;1000;None;14:30:24.057
465;29.6764;29.1012;22.2035;-256.277;-256.684;-256.895;-256.942;-255.98;0;None;1000;None;14:30:24.553
466;29.6842;29.1169;22.2035;-256.277;-256.684;-256.895;-256.942;-255.988;0;None;1000;None;14:30:25.062
467;29.692;29.1169;22.1957;-256.277;-256.692;-256.895;-256.95;-255.98;0;None;1000;None;14:30:25.559
468;29.7077;29.1325;22.2035;-256.269;-256.692;-256.895;-256.935;-255.988;0;None;1000;None;14:30:26.057
469;29.6999;29.1325;22.2035;-256.277;-256.692;-256.903;-256.942;-255.98;0;None;1000;None;14:30:26.553
470;29.6999;29.1325;22.2113;-256.277;-256.684;-256.895;-256.935;-255.988;0;None;1000;None;14:30:27.050
471;29.7077;29.1482;22.2035;-256.277;-256.692;-256.895;-256.95;-255.98;0;None;1000;None;14:30:27.563
472;29.7077;29.156;22.2035;-256.277;-256.684;-256.895;-256.942;-255.98;0;None;1000;None;14:30:28.061
473;29.7155;29.156;22.2113;-256.277;-256.684;-256.88;-256.942;-255.98;0;None;1000;None;14:30:28.558
474;29.7155;29.156;22.2035;-256.269;-256.692;-256.895;-256.935;-255.98;0;None;1000;None;14:30:29.055
475;29.7155;29.156;22.2035;-256.277;-256.692;-256.895;-256.942;-255.988;0;None;1000;None;14:30:29.553
476;29.7155;29.1717;22.1957;-256.277;-256.684;-256.895;-256.942;-255.988;0;None;1000;None;14:30:30.050
477;29.7155;29.1638;22.1878;-256.277;-256.684;-256.888;-256.95;-255.988;0;None;1000;None;14:30:30.562
478;29.7155;29.1717;22.1957;-256.277;-256.684;-256.895;-256.942;-255.98;0;None;1000;None;14:30:31.060
479;29.7155;29.1717;22.1957;-256.269;-256.676;-256.895;-256.942;-255.988;0;None;1000;None;14:30:31.556
480;29.7077;29.1795;22.1957;-256.277;-256.668;-256.895;-256.935;-255.988;0;None;1000;None;14:30:32.052
481;29.7077;29.1717;22.1878;-256.269;-256.676;-256.888;-256.935;-255.988;0;None;1000;None;14:30:32.564
482;29.7155;29.1795;22.1957;-256.285;-256.684;-256.895;-256.942;-255.988;0;None;1000;None;14:30:33.061
483;29.7077;29.1795;22.1957;-256.277;-256.676;-256.895;-256.935;-255.98;0;None;1000;None;14:30:33.558
484;29.7155;29.1873;22.2035;-256.277;-256.684;-256.895;-256.942;-255.98;0;None;1000;None;14:30:34.054
485;29.6999;29.1795;22.1957;-256.277;-256.684;-256.895;-256.942;-255.98;0;None;1000;None;14:30:34.550
486;29.7077;29.1951;22.1878;-256.277;-256.692;-256.895;-256.942;-255.988;0;None;1000;None;14:30:35.063
487;29.6999;29.1873;22.2035;-256.277;-256.692;-256.895;-256.95;-255.972;0;None;1000;None;14:30:35.556
488;29.6999;29.1873;22.1957;-256.277;-256.684;-256.895;-256.95;-255.98;0;None;1000;None;14:30:36.064
489;29.6999;29.1951;22.1957;-256.277;-256.684;-256.903;-256.95;-255.98;0;None;1000;None;14:30:36.556
490;29.692;29.1873;22.1878;-256.269;-256.692;-256.895;-256.95;-255.98;0;None;1000;None;14:30:37.048
491;29.6842;29.1873;22.1957;-256.277;-256.684;-256.895;-256.95;-255.98;0;None;1000;None;14:30:37.559
492;29.692;29.203;22.1957;-256.277;-256.692;-256.895;-256.942;-255.98;0;None;1000;None;14:30:38.058
493;29.6764;29.1951;22.1957;-256.269;-256.684;-256.895;-256.95;-255.972;0;None;1000;None;14:30:38.550
494;29.6764;29.203;22.1957;-256.277;-256.692;-256.895;-256.95;-255.98;0;None;1000;None;14:30:39.062
495;29.6764;29.203;22.1878;-256.277;-256.684;-256.895;-256.942;-255.972;0;None;1000;None;14:30:39.557
496;29.6764;29.1951;22.1957;-256.277;-256.692;-256.903;-256.942;-255.98;0;None;1000;None;14:30:40.055
497;29.6764;29.1951;22.1957;-256.277;-256.684;-256.895;-256.95;-255.972;0;None;1000;None;14:30:40.552
498;29.6686;29.1873;22.1957;-256.277;-256.692;-256.895;-256.942;-255.98;0;None;1000;None;14:30:41.049
499;29.6607;29.203;22.1957;-256.277;-256.692;-256.903;-256.958;-255.972;0;None;1000;None;14:30:41.562
500;29.6529;29.1873;22.1957;-256.277;-256.692;-256.895;-256.942;-255.972;0;None;1000;None;14:30:42.060
501;29.6607;29.1951;22.1878;-256.277;-256.684;-256.895;-256.942;-255.98;0;None;1000;None;14:30:42.557
502;29.6529;29.1873;22.1957;-256.277;-256.692;-256.903;-256.95;-255.98;0;None;1000;None;14:30:43.054
503;29.649;29.1873;22.2035;-256.277;-256.684;-256.895;-256.95;-255.972;0;None;1000;None;14:30:43.554
504;29.6529;29.1951;22.1957;-256.269;-256.692;-256.895;-256.942;-255.972;0;None;1000;None;14:30:44.063
505;29.649;29.1873;22.1957;-256.269;-256.692;-256.895;-256.95;-255.98;0;None;1000;None;14:30:44.560
506;29.6451;29.1795;22.1957;-256.269;-256.692;-256.895;-256.95;-255.972;0;None;1000;None;14:30:45.055
507;29.649;29.1795;22.1957;-256.269;-256.684;-256.895;-256.942;-255.98;0;None;1000;None;14:30:45.551
508;29.6412;29.1795;22.1957;-256.277;-256.684;-256.895;-256.942;-255.98;0;None;1000;None;14:30:46.048
509;29.6451;29.1873;22.1957;-256.269;-256.692;-256.895;-256.95;-255.98;0;None;1000;None;14:30:46.558
510;29.6451;29.1717;22.1957;-256.269;-256.692;-256.895;-256.942;-255.98;0;None;1000;None;14:30:47.055
511;29.6373;29.1873;22.1957;-256.269;-256.692;-256.888;-256.942;-255.988;0;None;1000;None;14:30:47.551
512;29.6373;29.1795;22.2035;-256.269;-256.692;-256.903;-256.942;-255.98;0;None;1000;None;14:30:48.058
513;29.6334;29.1795;22.1957;-256.269;-256.684;-256.895;-256.942;-255.98;0;None;1000;None;14:30:48.562
514;29.6255;29.1873;22.2035;-256.269;-256.692;-256.895;-256.935;-255.98;0;None;1000;None;14:30:49.058
515;29.6334;29.1795;22.2035;-256.269;-256.692;-256.895;-256.942;-255.98;0;None;1000;None;14:30:49.555
516;29.6177;29.1873;22.1957;-256.269;-256.692;-256.895;-256.942;-255.972;0;None;1000;None;14:30:50.052
517;29.6177;29.1951;22.2035;-256.277;-256.684;-256.895;-256.942;-255.98;0;None;1000;None;14:30:50.565
518;29.6177;29.1873;22.2035;-256.269;-256.692;-256.895;-256.935;-255.972;0;None;1000;None;14:30:51.061
519;29.6099;29.1873;22.1957;-256.277;-256.692;-256.903;-256.942;-255.98;0;None;1000;None;14:30:51.557
520;29.6099;29.1951;22.2035;-256.269;-256.684;-256.895;-256.942;-255.98;0;None;1000;None;14:30:52.054
521;29.6177;29.1873;22.1957;-256.269;-256.692;-256.895;-256.942;-255.98;0;None;1000;None;14:30:52.553
522;29.6099;29.1951;22.2035;-256.277;-256.684;-256.903;-256.942;-255.98;0;None;1000;None;14:30:53.052
523;29.6099;29.1873;22.2035;-256.277;-256.684;-256.895;-256.935;-255.98;0;None;1000;None;14:30:53.551
524;29.6021;29.203;22.2035;-256.269;-256.692;-256.895;-256.95;-255.972;0;None;1000;None;14:30:54.062
525;29.6021;29.203;22.2035;-256.285;-256.684;-256.895;-256.942;-255.98;0;None;1000;None;14:30:54.559
526;29.5942;29.203;22.2035;-256.277;-256.692;-256.903;-256.942;-255.98;0;None;1000;None;14:30:55.054
527;29.5942;29.1873;22.2035;-256.285;-256.692;-256.895;-256.95;-255.98;0;None;1000;None;14:30:55.561
528;29.5864;29.203;22.1957;-256.277;-256.684;-256.903;-256.935;-255.98;0;None;1000;None;14:30:56.063
529;29.5864;29.203;22.1957;-256.277;-256.7;-256.895;-256.935;-255.98;0;None;1000;None;14:30:56.560
530;29.5786;29.203;22.2035;-256.277;-256.684;-256.895;-256.942;-255.98;0;None;1000;None;14:30:57.056
531;29.5786;29.203;22.1957;-256.269;-256.692;-256.895;-256.935;-255.98;0;None;1000;None;14:30:57.552
532;29.5786;29.2108;22.1957;-256.277;-256.692;-256.895;-256.942;-255.98;0;None;1000;None;14:30:58.053
533;29.5786;29.2108;22.1957;-256.269;-256.684;-256.895;-256.935;-255.98;0;None;1000;None;14:30:58.561
534;29.5708;29.2108;22.1957;-256.277;-256.692;-256.895;-256.935;-255.98;0;None;1000;None;14:30:59.062
535;29.5629;29.2108;22.1957;-256.277;-256.692;-256.903;-256.942;-255.98;0;None;1000;None;14:30:59.554
536;29.5629;29.2108;22.2035;-256.277;-256.692;-256.895;-256.935;-255.98;0;None;1000;None;14:31:00.064
537;29.5551;29.2108;22.2035;-256.269;-256.684;-256.888;-256.942;-255.972;0;None;1000;None;14:31:00.560
538;29.5473;29.2108;22.2035;-256.277;-256.676;-256.888;-256.942;-255.98;0;None;1000;None;14:31:01.060
539;29.5473;29.2108;22.1957;-256.277;-256.684;-256.895;-256.935;-255.988;0;None;1000;None;14:31:01.554
540;29.5395;29.2108;22.2035;-256.277;-256.684;-256.895;-256.942;-255.98;0;None;1000;None;14:31:02.051
541;29.5395;29.2186;22.2035;-256.277;-256.684;-256.895;-256.935;-255.98;0;None;1000;None;14:31:02.549
542;29.5395;29.2108;22.1957;-256.277;-256.684;-256.895;-256.935;-255.98;0;None;1000;None;14:31:03.062
543;29.5395;29.2108;22.1957;-256.277;-256.684;-256.895;-256.935;-255.98;0;None;1000;None;14:31:03.562
544;29.5395;29.2186;22.2035;-256.269;-256.676;-256.895;-256.942;-255.972;0;None;1000;None;14:31:04.056
545;29.5316;29.2186;22.2035;-256.277;-256.692;-256.895;-256.942;-255.98;0;None;1000;None;14:31:04.554
546;29.5316;29.2108;22.2035;-256.277;-256.684;-256.903;-256.935;-255.972;0;None;1000;None;14:31:05.052
547;29.5238;29.2108;22.2035;-256.277;-256.684;-256.895;-256.942;-255.972;0;None;1000;None;14:31:05.553
548;29.5238;29.2108;22.2035;-256.277;-256.684;-256.895;-256.942;-255.98;0;None;1000;None;14:31:06.061
549;29.516;29.2108;22.2035;-256.277;-256.684;-256.895;-256.942;-255.972;0;None;1000;None;14:31:06.557
550;29.5238;29.2108;22.2113;-256.277;-256.684;-256.895;-256.935;-255.98;0;None;1000;None;14:31:07.056
551;29.5082;29.2186;22.2035;-256.277;-256.684;-256.895;-256.935;-255.98;0;None;1000;None;14:31:07.554
552;29.516;29.2108;22.2035;-256.277;-256.684;-256.895;-256.942;-255.98;0;None;1000;None;14:31:08.054
553;29.516;29.2186;22.1957;-256.277;-256.676;-256.903;-256.942;-255.98;0;None;1000;None;14:31:08.563
554;29.516;29.2108;22.2035;-256.277;-256.684;-256.895;-256.935;-255.98;0;None;1000;None;14:31:09.059
555;29.5082;29.2186;22.2035;-256.277;-256.676;-256.895;-256.935;-255.98;0;None;1000;None;14:31:09.558
556;29.5082;29.2186;22.1957;-256.269;-256.684;-256.903;-256.935;-255.972;0;None;1000;None;14:31:10.054
557;29.4925;29.2264;22.1878;-256.277;-256.684;-256.895;-256.942;-255.98;0;None;1000;None;14:31:10.552
558;29.4925;29.2264;22.1957;-256.277;-256.684;-256.895;-256.942;-255.98;0;None;1000;None;14:31:11.050
559;29.4925;29.2186;22.1957;-256.277;-256.676;-256.895;-256.935;-255.98;0;None;1000;None;14:31:11.562
560;29.4847;29.2186;22.1957;-256.277;-256.684;-256.895;-256.942;-255.98;0;None;1000;None;14:31:12.058
561;29.4847;29.2186;22.1957;-256.269;-256.684;-256.895;-256.942;-255.98;0;None;1000;None;14:31:12.554
562;29.4847;29.2264;22.2035;-256.277;-256.684;-256.895;-256.942;-255.98;0;None;1000;None;14:31:13.051
563;29.4769;29.2186;22.1957;-256.269;-256.692;-256.895;-256.942;-255.988;0;None;1000;None;14:31:13.549
564;29.4847;29.2108;22.1957;-256.277;-256.684;-256.895;-256.942;-255.98;0;None;1000;None;14:31:14.061
565;29.4769;29.2264;22.2035;-256.269;-256.684;-256.895;-256.935;-255.972;0;None;1000;None;14:31:14.558
566;29.4847;29.2186;22.1957;-256.277;-256.684;-256.895;-256.942;-255.98;0;None;1000;None;14:31:15.054
567;29.4847;29.2264;22.2035;-256.277;-256.692;-256.895;-256.942;-255.98;0;None;1000;None;14:31:15.549
568;29.4847;29.2264;22.1957;-256.277;-256.692;-256.895;-256.935;-255.972;0;None;1000;None;14:31:16.062
569;29.4847;29.2186;22.2035;-256.277;-256.684;-256.895;-256.95;-255.98;0;None;1000;None;14:31:16.559
570;29.4769;29.2264;22.2113;-256.285;-256.684;-256.888;-256.95;-255.972;0;None;1000;None;14:31:17.054
571;29.4769;29.2186;22.2113;-256.277;-256.692;-256.895;-256.942;-255.988;0;None;1000;None;14:31:17.551
572;29.4769;29.2264;22.2035;-256.277;-256.692;-256.895;-256.95;-255.98;0;None;1000;None;14:31:18.062
573;29.469;29.2264;22.2035;-256.277;-256.684;-256.895;-256.95;-255.98;0;None;1000;None;14:31:18.559
574;29.4612;29.2343;22.2035;-256.277;-256.692;-256.895;-256.942;-255.988;0;None;1000;None;14:31:19.055
575;29.4612;29.2264;22.2035;-256.277;-256.684;-256.895;-256.942;-255.98;0;None;1000;None;14:31:19.553
576;29.469;29.2343;22.1957;-256.277;-256.692;-256.895;-256.942;-255.98;0;None;1000;None;14:31:20.050
577;29.469;29.2343;22.1957;-256.277;-256.692;-256.903;-256.942;-255.98;0;None;1000;None;14:31:20.554
578;29.4612;29.2264;22.2035;-256.277;-256.684;-256.895;-256.942;-255.988;0;None;1000;None;14:31:21.061
579;29.4612;29.2343;22.1957;-256.269;-256.692;-256.895;-256.942;-255.972;0;None;1000;None;14:31:21.562
580;29.4612;29.2264;22.2035;-256.277;-256.684;-256.895;-256.942;-255.98;0;None;1000;None;14:31:22.054
581;29.4534;29.2186;22.1957;-256.277;-256.692;-256.895;-256.942;-255.988;0;None;1000;None;14:31:22.550
582;29.4612;29.2264;22.2035;-256.277;-256.684;-256.903;-256.942;-255.98;0;None;1000;None;14:31:23.064
583;29.4534;29.2264;22.2035;-256.277;-256.684;-256.895;-256.942;-255.988;0;None;1000;None;14:31:23.561
584;29.4456;29.2343;22.1957;-256.277;-256.692;-256.895;-256.935;-255.988;0;None;1000;None;14:31:24.062
585;29.4456;29.2264;22.1957;-256.277;-256.684;-256.895;-256.935;-255.988;0;None;1000;None;14:31:24.556
586;29.4456;29.2343;22.2035;-256.277;-256.684;-256.903;-256.935;-255.996;0;None;1000;None;14:31:25.051
587;29.4456;29.2421;22.1957;-256.285;-256.684;-256.895;-256.935;-255.996;0;None;1000;None;14:31:25.564
588;29.4338;29.2264;22.2035;-256.277;-256.692;-256.895;-256.942;-255.988;0;None;1000;None;14:31:26.058
589;29.4338;29.2343;22.1957;-256.277;-256.692;-256.895;-256.935;-255.988;0;None;1000;None;14:31:26.562
590;29.4338;29.2186;22.2035;-256.277;-256.684;-256.895;-256.942;-255.996;0;None;1000;None;14:31:27.053
591;29.4338;29.2343;22.2113;-256.277;-256.692;-256.895;-256.942;-255.988;0;None;1000;None;14:31:27.551
592;29.4299;29.2264;22.2035;-256.277;-256.692;-256.895;-256.935;-255.988;0;None;1000;None;14:31:28.062
593;29.4338;29.2264;22.1957;-256.277;-256.692;-256.903;-256.935;-255.988;0;None;1000;None;14:31:28.562
594;29.426;29.2264;22.2035;-256.277;-256.692;-256.895;-256.942;-255.988;0;None;1000;None;14:31:29.062
595;29.4338;29.2421;22.2035;-256.277;-256.684;-256.895;-256.935;-255.988;0;None;1000;None;14:31:29.554
596;29.4299;29.2343;22.1957;-256.277;-256.692;-256.895;-256.935;-255.988;0;None;1000;None;14:31:30.050
597;29.4299;29.2343;22.1957;-256.277;-256.684;-256.903;-256.942;-255.98;0;None;1000;None;14:31:30.563
598;29.426;29.2264;22.1957;-256.277;-256.684;-256.895;-256.942;-255.98;0;None;1000;None;14:31:31.059
599;29.426;29.2343;22.2035;-256.269;-256.692;-256.903;-256.95;-255.988;0;None;1000;None;14:31:31.558
600;29.426;29.2264;22.1957;-256.269;-256.684;-256.895;-256.935;-255.98;0;None;1000;None;14:31:32.054
601;29.4299;29.2343;22.1957;-256.277;-256.684;-256.903;-256.935;-255.98;0;None;1000;None;14:31:32.549
602;29.426;29.2264;22.1957;-256.269;-256.692;-256.903;-256.935;-255.98;0;None;1000;None;14:31:33.062
603;29.4221;29.2186;22.1957;-256.277;-256.692;-256.903;-256.942;-255.98;0;None;1000;None;14:31:33.561
604;29.4221;29.2343;22.1957;-256.277;-256.684;-256.903;-256.935;-255.98;0;None;1000;None;14:31:34.058
605;29.426;29.2186;22.1957;-256.277;-256.684;-256.895;-256.935;-255.988;0;None;1000;None;14:31:34.554
606;29.4221;29.2186;22.1957;-256.277;-256.684;-256.903;-256.935;-255.98;0;None;1000;None;14:31:35.052
607;29.426;29.2186;22.1957;-256.277;-256.692;-256.903;-256.942;-255.988;0;None;1000;None;14:31:35.564
608;29.4221;29.2264;22.1878;-256.269;-256.692;-256.895;-256.958;-255.98;0;None;1000;None;14:31:36.061
609;29.4221;29.2186;22.1878;-256.269;-256.684;-256.895;-256.95;-255.98;0;None;1000;None;14:31:36.556
610;29.4182;29.2186;22.1957;-256.277;-256.692;-256.903;-256.95;-255.98;0;None;1000;None;14:31:37.050
611;29.4182;29.2108;22.2035;-256.277;-256.684;-256.895;-256.935;-255.988;0;None;1000;None;14:31:37.560
612;29.4221;29.2108;22.1878;-256.269;-256.684;-256.888;-256.935;-255.988;0;None;1000;None;14:31:38.056
613;29.4182;29.2108;22.2035;-256.285;-256.684;-256.903;-256.942;-255.98;0;None;1000;None;14:31:38.553
614;29.4221;29.2186;22.1957;-256.277;-256.684;-256.895;-256.942;-255.988;0;None;1000;None;14:31:39.064
615;29.4221;29.2186;22.1878;-256.277;-256.684;-256.888;-256.935;-255.98;0;None;1000;None;14:31:39.559
616;29.4221;29.2264;22.1957;-256.269;-256.684;-256.895;-256.935;-255.988;0;None;1000;None;14:31:40.054
617;29.4182;29.2108;22.1878;-256.269;-256.684;-256.895;-256.942;-255.98;0;None;1000;None;14:31:40.551
618;29.4221;29.2186;22.1878;-256.269;-256.684;-256.895;-256.942;-255.98;0;None;1000;None;14:31:41.048
619;29.4182;29.2108;22.1878;-256.269;-256.684;-256.895;-256.935;-255.98;0;None;1000;None;14:31:41.562
620;29.4182;29.2108;22.1878;-256.277;-256.684;-256.895;-256.935;-255.98;0;None;1000;None;14:31:42.057
621;29.4221;29.203;22.1878;-256.269;-256.684;-256.895;-256.942;-255.988;0;None;1000;None;14:31:42.553
622;29.4182;29.2108;22.18;-256.269;-256.684;-256.895;-256.942;-255.98;0;None;1000;None;14:31:43.050
623;29.4182;29.2108;22.1878;-256.269;-256.684;-256.895;-256.942;-255.98;0;None;1000;None;14:31:43.563
624;29.4103;29.2108;22.1878;-256.269;-256.684;-256.895;-256.942;-255.98;0;None;1000;None;14:31:44.060
625;29.4103;29.203;22.1878;-256.277;-256.684;-256.895;-256.935;-255.98;0;None;1000;None;14:31:44.559
626;29.4103;29.1951;22.18;-256.269;-256.684;-256.895;-256.942;-255.98;0;None;1000;None;14:31:45.054
627;29.4103;29.203;22.1878;-256.269;-256.676;-256.903;-256.942;-255.98;0;None;1000;None;14:31:45.551
628;29.4182;29.1873;22.1878;-256.277;-256.684;-256.895;-256.942;-255.98;0;None;1000;None;14:31:46.063
629;29.4103;29.1951;22.1878;-256.269;-256.692;-256.895;-256.942;-255.98;0;None;1000;None;14:31:46.562
630;29.4103;29.1873;22.1957;-256.269;-256.676;-256.895;-256.942;-255.98;0;None;1000;None;14:31:47.056
631;29.4103;29.1951;22.1957;-256.277;-256.684;-256.895;-256.935;-255.972;0;None;1000;None;14:31:47.552
632;29.4025;29.1873;22.1878;-256.269;-256.692;-256.903;-256.942;-255.98;0;None;1000;None;14:31:48.049
633;29.4025;29.1873;22.2035;-256.269;-256.692;-256.895;-256.942;-255.98;0;None;1000;None;14:31:48.563
634;29.4025;29.1873;22.2035;-256.269;-256.684;-256.895;-256.95;-255.98;0;None;1000;None;14:31:49.060
635;29.3947;29.1795;22.1957;-256.277;-256.684;-256.903;-256.935;-255.98;0;None;1000;None;14:31:49.562
636;29.4025;29.1795;22.1957;-256.277;-256.684;-256.895;-256.942;-255.98;0;None;1000;None;14:31:50.055
637;29.4025;29.1873;22.2035;-256.269;-256.692;-256.895;-256.935;-255.98;0;None;1000;None;14:31:50.553
638;29.3947;29.1873;22.1957;-256.269;-256.684;-256.903;-256.935;-255.98;0;None;1000;None;14:31:51.064
639;29.3947;29.1951;22.1957;-256.269;-256.684;-256.895;-256.935;-255.988;0;None;1000;None;14:31:51.562
640;29.4025;29.1873;22.2035;-256.277;-256.684;-256.895;-256.942;-255.98;0;None;1000;None;14:31:52.062
641;29.3947;29.1795;22.1957;-256.277;-256.684;-256.895;-256.942;-255.98;0;None;1000;None;14:31:52.555
642;29.3947;29.1873;22.1957;-256.269;-256.684;-256.895;-256.927;-255.972;0;None;1000;None;14:31:53.051
643;29.3947;29.1873;22.1957;-256.269;-256.684;-256.895;-256.942;-255.988;0;None;1000;None;14:31:53.548
644;29.3947;29.1873;22.1878;-256.269;-256.684;-256.895;-256.935;-255.98;0;None;1000;None;14:31:54.061
645;29.3947;29.1795;22.1878;-256.277;-256.676;-256.888;-256.942;-255.98;0;None;1000;None;14:31:54.562
646;29.3869;29.1795;22.18;-256.277;-256.676;-256.888;-256.942;-255.98;0;None;1000;None;14:31:55.052
647;29.3869;29.1795;22.1878;-256.277;-256.692;-256.888;-256.942;-255.98;0;None;1000;None;14:31:55.562
648;29.3712;29.1873;22.1878;-256.277;-256.684;-256.895;-256.942;-255.98;0;None;1000;None;14:31:56.058
649;29.379;29.1873;22.1878;-256.277;-256.684;-256.888;-256.95;-255.988;0;None;1000;None;14:31:56.556
650;29.379;29.1873;22.1878;-256.269;-256.684;-256.895;-256.942;-255.98;0;None;1000;None;14:31:57.055
651;29.3712;29.1795;22.1878;-256.285;-256.692;-256.888;-256.942;-255.988;0;None;1000;None;14:31:57.564
652;29.3712;29.1951;22.1957;-256.269;-256.684;-256.903;-256.935;-255.98;0;None;1000;None;14:31:58.061
653;29.3712;29.1873;22.1878;-256.277;-256.684;-256.895;-256.935;-255.98;0;None;1000;None;14:31:58.558
654;29.3634;29.1873;22.1957;-256.277;-256.684;-256.888;-256.935;-255.988;0;None;1000;None;14:31:59.056
655;29.3634;29.1795;22.1878;-256.277;-256.692;-256.895;-256.942;-255.98;0;None;1000;None;14:31:59.552
656;29.3556;29.1873;22.1957;-256.277;-256.684;-256.895;-256.935;-255.98;0;None;1000;None;14:32:00.049
657;29.3556;29.1873;22.1957;-256.285;-256.684;-256.888;-256.95;-255.98;0;None;1000;None;14:32:00.561
658;29.3477;29.1873;22.1957;-256.277;-256.684;-256.895;-256.935;-255.988;0;None;1000;None;14:32:01.058
659;29.3634;29.1873;22.1878;-256.277;-256.684;-256.888;-256.942;-255.98;0;None;1000;None;14:32:01.555
660;29.3477;29.1873;22.1957;-256.277;-256.684;-256.895;-256.942;-255.98;0;None;1000;None;14:32:02.052
661;29.3556;29.1873;22.1957;-256.277;-256.692;-256.903;-256.942;-255.98;0;None;1000;None;14:32:02.549
662;29.3399;29.203;22.1957;-256.277;-256.692;-256.895;-256.935;-255.98;0;None;1000;None;14:32:03.063
663;29.3399;29.1873;22.1957;-256.269;-256.676;-256.895;-256.942;-255.98;0;None;1000;None;14:32:03.559
664;29.3321;29.1873;22.1957;-256.277;-256.684;-256.895;-256.935;-255.98;0;None;1000;None;14:32:04.058
665;29.3399;29.1873;22.1878;-256.277;-256.684;-256.895;-256.935;-255.98;0;None;1000;None;14:32:04.554
666;29.3399;29.1951;22.1878;-256.285;-256.684;-256.895;-256.942;-255.98;0;None;1000;None;14:32:05.049
667;29.3399;29.1873;22.1957;-256.277;-256.684;-256.888;-256.95;-255.98;0;None;1000;None;14:32:05.561
668;29.3321;29.1873;22.1878;-256.277;-256.684;-256.903;-256.942;-255.98;0;None;1000;None;14:32:06.057
669;29.3399;29.1873;22.2035;-256.285;-256.676;-256.895;-256.942;-255.98;0;None;1000;None;14:32:06.554
670;29.3399;29.1951;22.1957;-256.277;-256.692;-256.895;-256.95;-255.98;0;None;1000;None;14:32:07.049
671;29.3399;29.1873;22.1957;-256.277;-256.684;-256.895;-256.942;-255.98;0;None;1000;None;14:32:07.562
672;29.3477;29.1873;22.1957;-256.285;-256.684;-256.903;-256.95;-255.988;0;None;1000;None;14:32:08.058
673;29.3477;29.1951;22.1957;-256.277;-256.692;-256.895;-256.942;-255.98;0;None;1000;None;14:32:08.556
674;29.3477;29.1873;22.1957;-256.277;-256.692;-256.903;-256.942;-255.98;0;None;1000;None;14:32:09.052
675;29.3477;29.1951;22.2035;-256.285;-256.684;-256.895;-256.942;-255.98;0;None;1000;None;14:32:09.550
676;29.3399;29.203;22.2113;-256.277;-256.684;-256.903;-256.942;-255.98;0;None;1000;None;14:32:10.063
677;29.3399;29.1873;22.1957;-256.277;-256.692;-256.895;-256.942;-255.972;0;None;1000;None;14:32:10.561
678;29.3399;29.203;22.1957;-256.285;-256.692;-256.895;-256.942;-255.98;0;None;1000;None;14:32:11.058
679;29.3321;29.1951;22.2035;-256.277;-256.692;-256.895;-256.95;-255.98;0;None;1000;None;14:32:11.554
680;29.3321;29.1873;22.2113;-256.277;-256.684;-256.903;-256.942;-255.98;0;None;1000;None;14:32:12.054
681;29.3321;29.1951;22.2113;-256.277;-256.692;-256.895;-256.942;-255.972;0;None;1000;None;14:32:12.548
682;29.3321;29.1951;22.2035;-256.277;-256.684;-256.903;-256.95;-255.98;0;None;1000;None;14:32:13.062
683;29.3321;29.203;22.2191;-256.277;-256.692;-256.895;-256.942;-255.972;0;None;1000;None;14:32:13.559
684;29.3321;29.1951;22.2191;-256.277;-256.684;-256.903;-256.95;-255.98;0;None;1000;None;14:32:14.061
685;29.3321;29.1951;22.2113;-256.269;-256.692;-256.895;-256.95;-255.98;0;None;1000;None;14:32:14.553
686;29.3243;29.1951;22.2113;-256.277;-256.684;-256.895;-256.95;-255.98;0;None;1000;None;14:32:15.051
687;29.3321;29.1951;22.2035;-256.269;-256.692;-256.895;-256.958;-255.972;0;None;1000;None;14:32:15.562
688;29.3321;29.203;22.2191;-256.277;-256.684;-256.903;-256.95;-255.98;0;None;1000;None;14:32:16.058
689;29.3321;29.1951;22.2035;-256.277;-256.684;-256.903;-256.95;-255.98;0;None;1000;None;14:32:16.554
690;29.3321;29.203;22.2113;-256.285;-256.684;-256.895;-256.942;-255.972;0;None;1000;None;14:32:17.058
691;29.3399;29.1951;22.2113;-256.277;-256.692;-256.903;-256.942;-255.98;0;None;1000;None;14:32:17.563
692;29.3321;29.203;22.2113;-256.277;-256.684;-256.903;-256.942;-255.98;0;None;1000;None;14:32:18.061
693;29.3243;29.203;22.2113;-256.277;-256.692;-256.895;-256.95;-255.98;0;None;1000;None;14:32:18.559
694;29.3321;29.203;22.2113;-256.277;-256.684;-256.895;-256.942;-255.98;0;None;1000;None;14:32:19.056
695;29.3243;29.203;22.2113;-256.277;-256.684;-256.903;-256.95;-255.972;0;None;1000;None;14:32:19.552
696;29.3321;29.1951;22.2113;-256.277;-256.684;-256.895;-256.95;-255.98;0;None;1000;None;14:32:20.050
697;29.3243;29.203;22.2113;-256.277;-256.684;-256.903;-256.95;-255.98;0;None;1000;None;14:32:20.562
698;29.3243;29.1951;22.2035;-256.277;-256.676;-256.903;-256.95;-255.98;0;None;1000;None;14:32:21.058
699;29.3243;29.1951;22.2113;-256.277;-256.692;-256.903;-256.958;-255.98;0;None;1000;None;14:32:21.555
700;29.3243;29.1951;22.2113;-256.269;-256.684;-256.911;-256.95;-255.98;0;None;1000;None;14:32:22.051
701;29.3164;29.1951;22.2035;-256.277;-256.684;-256.903;-256.942;-255.98;0;None;1000;None;14:32:22.564
702;29.3321;29.1951;22.2113;-256.269;-256.684;-256.903;-256.95;-255.98;0;None;1000;None;14:32:23.059
703;29.3164;29.1951;22.2191;-256.277;-256.684;-256.903;-256.95;-255.972;0;None;1000;None;14:32:23.554
704;29.3321;29.1951;22.2113;-256.277;-256.684;-256.903;-256.95;-255.972;0;None;1000;None;14:32:24.053
705;29.3243;29.1951;22.2113;-256.277;-256.692;-256.903;-256.942;-255.972;0;None;1000;None;14:32:24.554
706;29.3321;29.1951;22.2035;-256.285;-256.692;-256.903;-256.95;-255.972;0;None;1000;None;14:32:25.061
707;29.3243;29.1873;22.2035;-256.277;-256.684;-256.903;-256.942;-255.972;0;None;1000;None;14:32:25.555
708;29.3243;29.1873;22.2035;-256.277;-256.684;-256.895;-256.95;-255.98;0;None;1000;None;14:32:26.052
709;29.3164;29.1951;22.1957;-256.277;-256.692;-256.903;-256.95;-255.972;0;None;1000;None;14:32:26.563
710;29.3164;29.203;22.2035;-256.277;-256.684;-256.903;-256.95;-255.972;0;None;1000;None;14:32:27.060
711;29.3164;29.203;22.2035;-256.285;-256.692;-256.903;-256.95;-255.98;0;None;1000;None;14:32:27.561
712;29.3086;29.1951;22.2113;-256.277;-256.692;-256.895;-256.958;-255.972;0;None;1000;None;14:32:28.052
713;29.3086;29.203;22.2035;-256.285;-256.692;-256.895;-256.95;-255.972;0;None;1000;None;14:32:28.563
714;29.3008;29.203;22.2113;-256.277;-256.692;-256.888;-256.95;-255.972;0;None;1000;None;14:32:29.059
715;29.3008;29.203;22.2035;-256.277;-256.684;-256.903;-256.958;-255.972;0;None;1000;None;14:32:29.555
716;29.3008;29.1951;22.2035;-256.277;-256.692;-256.895;-256.958;-255.972;0;None;1000;None;14:32:30.055
717;29.3008;29.1951;22.2035;-256.277;-256.692;-256.903;-256.942;-255.972;0;None;1000;None;14:32:30.549
718;29.3008;29.1951;22.2035;-256.277;-256.684;-256.903;-256.95;-255.972;0;None;1000;None;14:32:31.062
719;29.3086;29.1951;22.2035;-256.285;-256.692;-256.895;-256.95;-255.972;0;None;1000;None;14:32:31.558
720;29.3008;29.1873;22.2035;-256.277;-256.684;-256.903;-256.935;-255.972;0;None;1000;None;14:32:32.053
721;29.3086;29.1873;22.2035;-256.277;-256.692;-256.903;-256.942;-255.972;0;None;1000;None;14:32:32.549
722;29.3008;29.1873;22.2113;-256.285;-256.692;-256.895;-256.942;-255.964;0;None;1000;None;14:32:33.061
723;29.3008;29.1873;22.2035;-256.277;-256.684;-256.903;-256.942;-255.972;0;None;1000;None;14:32:33.557
724;29.3008;29.1873;22.2113;-256.277;-256.692;-256.895;-256.942;-255.98;0;None;1000;None;14:32:34.053
725;29.293;29.1873;22.2035;-256.285;-256.692;-256.895;-256.942;-255.972;0;None;1000;None;14:32:34.548
726;29.3008;29.1873;22.2035;-256.285;-256.692;-256.895;-256.942;-255.98;0;None;1000;None;14:32:35.059
727;29.3086;29.1873;22.2113;-256.277;-256.692;-256.895;-256.95;-255.972;0;None;1000;None;14:32:35.554
728;29.293;29.1873;22.2035;-256.277;-256.7;-256.903;-256.95;-255.972;0;None;1000;None;14:32:36.047
729;29.3008;29.1873;22.2035;-256.277;-256.684;-256.895;-256.942;-255.972;0;None;1000;None;14:32:36.559
730;29.293;29.1873;22.2035;-256.277;-256.692;-256.895;-256.942;-255.972;0;None;1000;None;14:32:37.056
731;29.2851;29.1873;22.2035;-256.285;-256.684;-256.895;-256.942;-255.972;0;None;1000;None;14:32:37.549
732;29.2851;29.1873;22.2035;-256.277;-256.692;-256.903;-256.942;-255.972;0;None;1000;None;14:32:38.060
733;29.293;29.1717;22.2035;-256.277;-256.684;-256.895;-256.935;-255.972;0;None;1000;None;14:32:38.555
734;29.293;29.1717;22.2035;-256.277;-256.684;-256.903;-256.95;-255.972;0;None;1000;None;14:32:39.052
735;29.2851;29.1717;22.2035;-256.285;-256.692;-256.895;-256.95;-255.98;0;None;1000;None;14:32:39.550
736;29.293;29.1717;22.2035;-256.277;-256.692;-256.903;-256.942;-255.972;0;None;1000;None;14:32:40.062
737;29.293;29.1638;22.2113;-256.285;-256.684;-256.895;-256.95;-255.98;0;None;1000;None;14:32:40.560
738;29.2851;29.1795;22.2035;-256.277;-256.684;-256.895;-256.942;-255.972;0;None;1000;None;14:32:41.055
739;29.293;29.1717;22.2035;-256.285;-256.692;-256.895;-256.95;-255.972;0;None;1000;None;14:32:41.553
740;29.293;29.1717;22.2035;-256.277;-256.684;-256.903;-256.95;-255.98;0;None;1000;None;14:32:42.049
741;29.293;29.1717;22.2035;-256.285;-256.684;-256.895;-256.95;-255.972;0;None;1000;None;14:32:42.562
742;29.2851;29.1717;22.2035;-256.285;-256.684;-256.903;-256.95;-255.98;0;None;1000;None;14:32:43.062
743;29.2851;29.1717;22.2035;-256.285;-256.684;-256.895;-256.942;-255.972;0;None;1000;None;14:32:43.557
744;29.2851;29.1638;22.2035;-256.277;-256.676;-256.903;-256.935;-255.972;0;None;1000;None;14:32:44.054
745;29.2773;29.1638;22.2113;-256.285;-256.684;-256.895;-256.942;-255.98;0;None;1000;None;14:32:44.549
746;29.2851;29.1638;22.2035;-256.285;-256.692;-256.895;-256.942;-255.98;0;None;1000;None;14:32:45.061
747;29.2773;29.1717;22.2035;-256.277;-256.684;-256.903;-256.958;-255.972;0;None;1000;None;14:32:45.559
748;29.2695;29.1717;22.2113;-256.285;-256.692;-256.888;-256.942;-255.98;0;None;1000;None;14:32:46.061
749;29.2695;29.1717;22.2035;-256.277;-256.684;-256.903;-256.942;-255.972;0;None;1000;None;14:32:46.552
750;29.2695;29.1717;22.2035;-256.277;-256.676;-256.895;-256.95;-255.98;0;None;1000;None;14:32:47.049
751;29.2695;29.1717;22.2035;-256.277;-256.684;-256.895;-256.942;-255.98;0;None;1000;None;14:32:47.562
752;29.2695;29.1795;22.2035;-256.277;-256.692;-256.895;-256.95;-255.98;0;None;1000;None;14:32:48.063
753;29.2695;29.1717;22.2113;-256.277;-256.684;-256.903;-256.942;-255.98;0;None;1000;None;14:32:48.555
754;29.2695;29.1717;22.2113;-256.285;-256.684;-256.895;-256.942;-255.98;0;None;1000;None;14:32:49.052
755;29.2773;29.1795;22.2113;-256.277;-256.684;-256.895;-256.95;-255.972;0;None;1000;None;14:32:49.549
756;29.2773;29.1638;22.2113;-256.285;-256.684;-256.888;-256.95;-255.972;0;None;1000;None;14:32:50.062
757;29.2773;29.1795;22.2035;-256.277;-256.684;-256.888;-256.958;-255.972;0;None;1000;None;14:32:50.561
758;29.2773;29.1717;22.2035;-256.285;-256.684;-256.888;-256.95;-255.972;0;None;1000;None;14:32:51.050
759;29.2773;29.1795;22.2035;-256.277;-256.684;-256.888;-256.95;-255.98;0;None;1000;None;14:32:51.548
760;29.2695;29.1795;22.1957;-256.285;-256.684;-256.888;-256.942;-255.972;0;None;1000;None;14:32:52.062
761;29.2773;29.1717;22.1957;-256.285;-256.684;-256.888;-256.95;-255.972;0;None;1000;None;14:32:52.558
762;29.2773;29.1795;22.1957;-256.277;-256.692;-256.895;-256.95;-255.98;0;None;1000;None;14:32:53.056
763;29.2773;29.1717;22.1957;-256.285;-256.692;-256.888;-256.942;-255.98;0;None;1000;None;14:32:53.552
764;29.2773;29.1717;22.1957;-256.285;-256.684;-256.903;-256.942;-255.972;0;None;1000;None;14:32:54.051
765;29.2773;29.1795;22.1957;-256.277;-256.692;-256.895;-256.942;-255.972;0;None;1000;None;14:32:54.547
766;29.2773;29.1717;22.1957;-256.285;-256.692;-256.895;-256.942;-255.98;0;None;1000;None;14:32:55.059
767;29.2773;29.1638;22.1957;-256.277;-256.684;-256.895;-256.942;-255.972;0;None;1000;None;14:32:55.552
768;29.2695;29.1717;22.1957;-256.277;-256.684;-256.895;-256.942;-255.98;0;None;1000;None;14:32:56.062
769;29.2695;29.1717;22.1957;-256.285;-256.692;-256.895;-256.942;-255.98;0;None;1000;None;14:32:56.560
770;29.2695;29.1638;22.1957;-256.277;-256.692;-256.895;-256.95;-255.972;0;None;1000;None;14:32:57.059
771;29.2695;29.1638;22.2035;-256.277;-256.684;-256.895;-256.942;-255.98;0;None;1000;None;14:32:57.554
772;29.2695;29.1638;22.1957;-256.277;-256.692;-256.895;-256.942;-255.98;0;None;1000;None;14:32:58.052
773;29.2695;29.1717;22.1957;-256.285;-256.684;-256.895;-256.935;-255.98;0;None;1000;None;14:32:58.547
774;29.2695;29.1638;22.1957;-256.277;-256.692;-256.888;-256.942;-255.98;0;None;1000;None;14:32:59.061
775;29.2695;29.1717;22.2035;-256.277;-256.684;-256.895;-256.935;-255.98;0;None;1000;None;14:32:59.558
776;29.2851;29.1638;22.2035;-256.285;-256.692;-256.903;-256.942;-255.98;0;None;1000;None;14:33:00.053
777;29.2773;29.1638;22.1957;-256.277;-256.684;-256.888;-256.935;-255.98;0;None;1000;None;14:33:00.551
778;29.2851;29.1717;22.2035;-256.285;-256.684;-256.895;-256.942;-255.98;0;None;1000;None;14:33:01.049
779;29.2773;29.1717;22.2035;-256.277;-256.684;-256.895;-256.95;-255.98;0;None;1000;None;14:33:01.562
780;29.2851;29.1638;22.2035;-256.277;-256.684;-256.888;-256.942;-255.98;0;None;1000;None;14:33:02.060
781;29.2851;29.1717;22.2035;-256.277;-256.692;-256.895;-256.942;-255.98;0;None;1000;None;14:33:02.559
782;29.2773;29.1638;22.2113;-256.277;-256.684;-256.895;-256.942;-255.98;0;None;1000;None;14:33:03.055
783;29.2851;29.156;22.2035;-256.277;-256.684;-256.895;-256.942;-255.98;0;None;1000;None;14:33:03.552
784;29.2851;29.156;22.2035;-256.277;-256.692;-256.895;-256.942;-255.98;0;None;1000;None;14:33:04.048
785;29.2773;29.1638;22.2035;-256.277;-256.692;-256.895;-256.942;-255.98;0;None;1000;None;14:33:04.559
786;29.2851;29.1638;22.1957;-256.269;-256.684;-256.895;-256.935;-255.98;0;None;1000;None;14:33:05.061
787;29.2773;29.156;22.2035;-256.277;-256.684;-256.888;-256.942;-255.98;0;None;1000;None;14:33:05.555
788;29.2851;29.1638;22.2035;-256.285;-256.684;-256.895;-256.942;-255.98;0;None;1000;None;14:33:06.052
789;29.2695;29.1638;22.2113;-256.277;-256.684;-256.888;-256.935;-255.98;0;None;1000;None;14:33:06.550
790;29.2773;29.1638;22.2035;-256.277;-256.684;-256.888;-256.935;-255.98;0;None;1000;None;14:33:07.063
791;29.2695;29.156;22.2113;-256.269;-256.684;-256.888;-256.942;-255.98;0;None;1000;None;14:33:07.559
792;29.2617;29.1638;22.2113;-256.277;-256.692;-256.895;-256.935;-255.988;0;None;1000;None;14:33:08.053
793;29.2695;29.1638;22.2035;-256.277;-256.684;-256.895;-256.942;-255.98;0;None;1000;None;14:33:08.549
794;29.2617;29.156;22.2035;-256.277;-256.684;-256.895;-256.935;-255.98;0;None;1000;None;14:33:09.063
795;29.2695;29.156;22.2035;-256.277;-256.692;-256.895;-256.942;-255.98;0;None;1000;None;14:33:09.561
796;29.2695;29.156;22.2035;-256.269;-256.684;-256.895;-256.942;-255.98;0;None;1000;None;14:33:10.057
797;29.2695;29.1482;22.2113;-256.277;-256.692;-256.895;-256.942;-255.98;0;None;1000;None;14:33:10.554
798;29.2617;29.1482;22.2113;-256.269;-256.692;-256.888;-256.942;-255.98;0;None;1000;None;14:33:11.054
799;29.2695;29.1482;22.2113;-256.277;-256.684;-256.895;-256.942;-255.98;0;None;1000;None;14:33:11.548
800;29.2617;29.1482;22.2035;-256.277;-256.684;-256.903;-256.942;-255.98;0;None;1000;None;14:33:12.060
801;29.2617;29.1482;22.2113;-256.269;-256.684;-256.895;-256.942;-255.98;0;None;1000;None;14:33:12.557
802;29.2695;29.1482;22.2113;-256.277;-256.684;-256.895;-256.942;-255.98;0;None;1000;None;14:33:13.053
803;29.2695;29.1404;22.2035;-256.277;-256.676;-256.895;-256.942;-255.98;0;None;1000;None;14:33:13.554
804;29.2695;29.1404;22.2113;-256.269;-256.684;-256.895;-256.942;-255.98;0;None;1000;None;14:33:14.061
805;29.2695;29.1404;22.2113;-256.277;-256.684;-256.895;-256.942;-255.98;0;None;1000;None;14:33:14.556
806;29.2695;29.1404;22.2035;-256.277;-256.692;-256.903;-256.942;-255.98;0;None;1000;None;14:33:15.053
807;29.2695;29.1482;22.2035;-256.277;-256.692;-256.895;-256.942;-255.98;0;None;1000;None;14:33:15.554
808;29.2617;29.1482;22.2035;-256.269;-256.684;-256.895;-256.942;-255.972;0;None;1000;None;14:33:16.062
809;29.2695;29.1482;22.2035;-256.277;-256.684;-256.888;-256.95;-255.98;0;None;1000;None;14:33:16.561
810;29.2695;29.1482;22.2035;-256.277;-256.684;-256.895;-256.942;-255.972;0;None;1000;None;14:33:17.056
811;29.2617;29.1482;22.2035;-256.277;-256.684;-256.895;-256.942;-255.98;0;None;1000;None;14:33:17.550
812;29.2695;29.1404;22.2035;-256.269;-256.684;-256.895;-256.95;-255.98;0;None;1000;None;14:33:18.053
813;29.2617;29.1482;22.2035;-256.277;-256.684;-256.895;-256.95;-255.98;0;None;1000;None;14:33:18.562
814;29.2617;29.1404;22.2113;-256.277;-256.676;-256.895;-256.95;-255.972;0;None;1000;None;14:33:19.059
815;29.2695;29.1482;22.2035;-256.269;-256.676;-256.888;-256.95;-255.98;0;None;1000;None;14:33:19.556
816;29.2617;29.1404;22.2035;-256.277;-256.684;-256.903;-256.95;-255.972;0;None;1000;None;14:33:20.053
817;29.2695;29.1404;22.2113;-256.269;-256.676;-256.895;-256.935;-255.988;0;None;1000;None;14:33:20.550
818;29.2617;29.1482;22.2035;-256.269;-256.684;-256.888;-256.942;-255.98;0;None;1000;None;14:33:21.053
819;29.2695;29.1482;22.2035;-256.277;-256.676;-256.895;-256.942;-255.972;0;None;1000;None;14:33:21.559
820;29.2695;29.1404;22.2035;-256.269;-256.676;-256.888;-256.935;-255.98;0;None;1000;None;14:33:22.056
821;29.2773;29.1482;22.2035;-256.277;-256.684;-256.895;-256.942;-255.98;0;None;1000;None;14:33:22.553
822;29.2695;29.156;22.2035;-256.269;-256.684;-256.888;-256.942;-255.98;0;None;1000;None;14:33:23.050
823;29.2695;29.1482;22.2113;-256.277;-256.676;-256.888;-256.95;-255.972;0;None;1000;None;14:33:23.547
824;29.2617;29.1482;22.2035;-256.269;-256.684;-256.895;-256.942;-255.98;0;None;1000;None;14:33:24.060
825;29.2695;29.156;22.2113;-256.269;-256.684;-256.895;-256.942;-255.98;0;None;1000;None;14:33:24.555
826;29.2695;29.1482;22.2113;-256.269;-256.676;-256.888;-256.95;-255.98;0;None;1000;None;14:33:25.052
827;29.2617;29.156;22.2113;-256.269;-256.684;-256.895;-256.942;-255.98;0;None;1000;None;14:33:25.548
828;29.2695;29.1404;22.2113;-256.277;-256.684;-256.888;-256.95;-255.972;0;None;1000;None;14:33:26.060
829;29.2695;29.1482;22.2113;-256.269;-256.676;-256.895;-256.95;-255.98;0;None;1000;None;14:33:26.558
830;29.2695;29.1482;22.2191;-256.277;-256.684;-256.895;-256.942;-255.98;0;None;1000;None;14:33:27.055
831;29.2617;29.1482;22.2113;-256.269;-256.676;-256.895;-256.95;-255.972;0;None;1000;None;14:33:27.553
832;29.2538;29.1482;22.2113;-256.277;-256.676;-256.888;-256.95;-255.98;0;None;1000;None;14:33:28.050
833;29.2617;29.1482;22.2191;-256.269;-256.684;-256.895;-256.95;-255.98;0;None;1000;None;14:33:28.554
834;29.2538;29.1404;22.2035;-256.277;-256.676;-256.888;-256.942;-255.98;0;None;1000;None;14:33:29.060
835;29.2538;29.1482;22.2113;-256.277;-256.676;-256.888;-256.942;-255.972;0;None;1000;None;14:33:29.562
836;29.2538;29.1325;22.2035;-256.277;-256.684;-256.895;-256.942;-255.98;0;None;1000;None;14:33:30.054
837;29.2617;29.1404;22.2035;-256.277;-256.676;-256.895;-256.935;-255.972;0;None;1000;None;14:33:30.552
838;29.2538;29.1325;22.2035;-256.269;-256.676;-256.895;-256.95;-255.98;0;None;1000;None;14:33:31.059
839;29.2538;29.1325;22.2035;-256.277;-256.676;-256.888;-256.95;-255.972;0;None;1000;None;14:33:31.560
840;29.246;29.1247;22.2113;-256.269;-256.684;-256.888;-256.95;-255.988;0;None;1000;None;14:33:32.056
841;29.2538;29.1325;22.2113;-256.269;-256.684;-256.895;-256.942;-255.98;0;None;1000;None;14:33:32.553
842;29.246;29.1404;22.2035;-256.277;-256.684;-256.895;-256.942;-255.98;0;None;1000;None;14:33:33.049
843;29.246;29.1325;22.2113;-256.269;-256.684;-256.903;-256.95;-255.98;0;None;1000;None;14:33:33.558
844;29.2538;29.1325;22.2113;-256.269;-256.676;-256.888;-256.95;-255.98;0;None;1000;None;14:33:34.056
845;29.2538;29.1325;22.2113;-256.262;-256.684;-256.895;-256.942;-255.98;0;None;1000;None;14:33:34.550
846;29.246;29.1325;22.2113;-256.269;-256.684;-256.895;-256.95;-255.98;0;None;1000;None;14:33:35.060
847;29.2538;29.1325;22.2113;-256.269;-256.684;-256.895;-256.942;-255.98;0;None;1000;None;14:33:35.554
848;29.2617;29.1404;22.2113;-256.269;-256.684;-256.888;-256.95;-255.972;0;None;1000;None;14:33:36.048
849;29.2538;29.1325;22.2113;-256.262;-256.676;-256.895;-256.942;-255.98;0;None;1000;None;14:33:36.559
850;29.2538;29.1325;22.2113;-256.269;-256.684;-256.895;-256.942;-255.972;0;None;1000;None;14:33:37.055
851;29.246;29.1325;22.2113;-256.269;-256.676;-256.888;-256.95;-255.988;0;None;1000;None;14:33:37.548
852;29.246;29.1325;22.2035;-256.269;-256.692;-256.895;-256.942;-255.988;0;None;1000;None;14:33:38.059
853;29.2538;29.1404;22.2113;-256.277;-256.676;-256.888;-256.95;-255.98;0;None;1000;None;14:33:38.556
854;29.246;29.1325;22.2113;-256.269;-256.684;-256.895;-256.95;-255.98;0;None;1000;None;14:33:39.050
855;29.246;29.1404;22.2113;-256.269;-256.676;-256.888;-256.95;-255.98;0;None;1000;None;14:33:39.561
856;29.2382;29.1247;22.2191;-256.269;-256.684;-256.895;-256.95;-255.972;0;None;1000;None;14:33:40.057
857;29.246;29.1325;22.2191;-256.269;-256.684;-256.895;-256.95;-255.98;0;None;1000;None;14:33:40.553
858;29.2382;29.1325;22.2113;-256.269;-256.684;-256.895;-256.95;-255.98;0;None;1000;None;14:33:41.050
859;29.2382;29.1325;22.2113;-256.269;-256.684;-256.895;-256.95;-255.98;0;None;1000;None;14:33:41.549
860;29.2382;29.1325;22.2113;-256.269;-256.684;-256.895;-256.95;-255.98;0;None;1000;None;14:33:42.046
861;29.2382;29.1325;22.2113;-256.269;-256.684;-256.895;-256.958;-255.98;0;None;1000;None;14:33:42.559
862;29.2382;29.1247;22.2113;-256.262;-256.684;-256.903;-256.95;-255.98;0;None;1000;None;14:33:43.056
863;29.246;29.1325;22.2191;-256.269;-256.684;-256.895;-256.958;-255.98;0;None;1000;None;14:33:43.553
864;29.2382;29.1325;22.2113;-256.262;-256.692;-256.895;-256.942;-255.98;0;None;1000;None;14:33:44.054
865;29.2382;29.1247;22.2113;-256.269;-256.684;-256.895;-256.95;-255.988;0;None;1000;None;14:33:44.547
866;29.2382;29.1247;22.2113;-256.269;-256.692;-256.888;-256.958;-255.98;0;None;1000;None;14:33:45.059
867;29.2382;29.1247;22.2113;-256.277;-256.7;-256.895;-256.95;-255.98;0;None;1000;None;14:33:45.557
868;29.246;29.1247;22.2035;-256.269;-256.692;-256.895;-256.95;-255.98;0;None;1000;None;14:33:46.054
869;29.2382;29.1247;22.2191;-256.269;-256.692;-256.895;-256.95;-255.98;0;None;1000;None;14:33:46.551
870;29.2382;29.1247;22.2113;-256.269;-256.692;-256.895;-256.942;-255.98;0;None;1000;None;14:33:47.054
871;29.2304;29.1247;22.2113;-256.269;-256.692;-256.895;-256.95;-255.98;0;None;1000;None;14:33:47.560
872;29.2382;29.1091;22.2035;-256.269;-256.684;-256.895;-256.95;-255.98;0;None;1000;None;14:33:48.051
873;29.2382;29.1169;22.2113;-256.269;-256.692;-256.895;-256.95;-255.988;0;None;1000;None;14:33:48.547
874;29.2304;29.1169;22.2035;-256.269;-256.692;-256.895;-256.942;-255.98;0;None;1000;None;14:33:49.060
875;29.2304;29.1169;22.2113;-256.277;-256.692;-256.895;-256.95;-255.98;0;None;1000;None;14:33:49.556
876;29.2304;29.1247;22.2113;-256.269;-256.692;-256.903;-256.942;-255.972;0;None;1000;None;14:33:50.050
877;29.2225;29.1169;22.2113;-256.269;-256.692;-256.895;-256.942;-255.988;0;None;1000;None;14:33:50.561
878;29.2304;29.1169;22.2191;-256.269;-256.684;-256.888;-256.95;-255.98;0;None;1000;None;14:33:51.058
879;29.2264;29.1169;22.2113;-256.277;-256.692;-256.895;-256.95;-255.98;0;None;1000;None;14:33:51.554
880;29.2186;29.1247;22.2113;-256.269;-256.692;-256.895;-256.95;-255.98;0;None;1000;None;14:33:52.050
881;29.2225;29.1247;22.2113;-256.277;-256.684;-256.895;-256.95;-255.988;0;None;1000;None;14:33:52.562
882;29.2225;29.1247;22.2113;-256.269;-256.692;-256.888;-256.95;-255.98;0;None;1000;None;14:33:53.059
883;29.2225;29.1247;22.2191;-256.277;-256.692;-256.895;-256.942;-255.98;0;None;1000;None;14:33:53.555
884;29.2304;29.1247;22.2113;-256.269;-256.692;-256.895;-256.942;-255.988;0;None;1000;None;14:33:54.050
885;29.2225;29.1247;22.2191;-256.269;-256.692;-256.895;-256.942;-255.98;0;None;1000;None;14:33:54.553
886;29.2304;29.1325;22.2191;-256.269;-256.684;-256.895;-256.942;-255.98;0;None;1000;None;14:33:55.059
887;29.2304;29.1247;22.2035;-256.262;-256.684;-256.888;-256.942;-255.988;0;None;1000;None;14:33:55.555
888;29.2304;29.1247;22.2113;-256.269;-256.692;-256.895;-256.942;-255.98;0;None;1000;None;14:33:56.049
889;29.2225;29.1247;22.2113;-256.269;-256.684;-256.895;-256.95;-255.98;0;None;1000;None;14:33:56.562
890;29.2225;29.1247;22.2035;-256.262;-256.692;-256.895;-256.95;-255.98;0;None;1000;None;14:33:57.059
891;29.2225;29.1247;22.2113;-256.277;-256.684;-256.888;-256.95;-255.988;0;None;1000;None;14:33:57.555
892;29.2304;29.1247;22.2113;-256.269;-256.692;-256.895;-256.942;-255.98;0;None;1000;None;14:33:58.051
893;29.2304;29.1247;22.2035;-256.262;-256.684;-256.888;-256.95;-255.98;0;None;1000;None;14:33:58.548
894;29.2225;29.1247;22.2035;-256.269;-256.692;-256.895;-256.95;-255.98;0;None;1000;None;14:33:59.060
895;29.2382;29.1247;22.2035;-256.269;-256.692;-256.895;-256.958;-255.972;0;None;1000;None;14:33:59.561
896;29.2304;29.1247;22.2035;-256.262;-256.684;-256.888;-256.942;-255.988;0;None;1000;None;14:34:00.056
897;29.2304;29.1247;22.2035;-256.269;-256.692;-256.895;-256.958;-255.972;0;None;1000;None;14:34:00.554
898;29.2304;29.1247;22.2113;-256.269;-256.692;-256.895;-256.95;-255.98;0;None;1000;None;14:34:01.050
899;29.2382;29.1325;22.2035;-256.262;-256.684;-256.888;-256.95;-255.98;0;None;1000;None;14:34:01.561
900;29.2382;29.1247;22.2035;-256.269;-256.692;-256.888;-256.95;-255.98;0;None;1000;None;14:34:02.058
901;29.2382;29.1247;22.2035;-256.269;-256.692;-256.895;-256.958;-255.988;0;None;1000;None;14:34:02.555
902;29.2382;29.1169;22.2113;-256.269;-256.684;-256.888;-256.95;-255.972;0;None;1000;None;14:34:03.053
903;29.2304;29.1169;22.2035;-256.269;-256.684;-256.895;-256.958;-255.972;0;None;1000;None;14:34:03.550
904;29.2382;29.1169;22.2035;-256.269;-256.692;-256.895;-256.95;-255.98;0;None;1000;None;14:34:04.057
905;29.2382;29.1169;22.2035;-256.269;-256.684;-256.888;-256.958;-255.98;0;None;1000;None;14:34:04.559
906;29.2304;29.1169;22.2035;-256.269;-256.692;-256.895;-256.95;-255.98;0;None;1000;None;14:34:05.055
907;29.2304;29.1091;22.2035;-256.262;-256.684;-256.88;-256.942;-255.98;0;None;1000;None;14:34:05.554
908;29.2225;29.1091;22.2035;-256.269;-256.692;-256.888;-256.942;-255.972;0;None;1000;None;14:34:06.062
909;29.2304;29.1091;22.2035;-256.262;-256.684;-256.88;-256.95;-255.98;0;None;1000;None;14:34:06.550
910;29.2225;29.1012;22.2035;-256.269;-256.692;-256.888;-256.95;-255.98;0;None;1000;None;14:34:07.062
911;29.2225;29.1091;22.1957;-256.269;-256.692;-256.895;-256.942;-255.98;0;None;1000;None;14:34:07.560
912;29.2304;29.1091;22.2035;-256.262;-256.692;-256.888;-256.95;-255.98;0;None;1000;None;14:34:08.053
913;29.2186;29.1169;22.2113;-256.262;-256.684;-256.895;-256.95;-255.98;0;None;1000;None;14:34:08.551
914;29.2186;29.1012;22.2035;-256.269;-256.684;-256.888;-256.942;-255.98;0;None;1000;None;14:34:09.047
915;29.2186;29.1169;22.2113;-256.269;-256.692;-256.888;-256.95;-255.98;0;None;1000;None;14:34:09.562
916;29.2186;29.1012;22.2035;-256.269;-256.684;-256.88;-256.958;-255.98;0;None;1000;None;14:34:10.056
917;29.2186;29.1091;22.2113;-256.269;-256.692;-256.888;-256.958;-255.972;0;None;1000;None;14:34:10.552
918;29.2186;29.1091;22.2113;-256.269;-256.684;-256.88;-256.958;-255.972;0;None;1000;None;14:34:11.049
919;29.2186;29.1169;22.2113;-256.269;-256.684;-256.895;-256.95;-255.98;0;None;1000;None;14:34:11.547
920;29.2186;29.1247;22.2035;-256.269;-256.684;-256.888;-256.958;-255.98;0;None;1000;None;14:34:12.058
921;29.2147;29.1169;22.2113;-256.277;-256.692;-256.888;-256.966;-255.98;0;None;1000;None;14:34:12.560
922;29.2264;29.1169;22.2113;-256.277;-256.692;-256.895;-256.958;-255.98;0;None;1000;None;14:34:13.054
923;29.2304;29.1169;22.2035;-256.285;-256.684;-256.888;-256.958;-255.98;0;None;1000;None;14:34:13.551
924;29.2304;29.1091;22.2113;-256.277;-256.692;-256.888;-256.958;-255.98;0;None;1000;None;14:34:14.049
925;29.2304;29.1091;22.2035;-256.277;-256.684;-256.895;-256.95;-255.98;0;None;1000;None;14:34:14.560
926;29.2304;29.1169;22.2113;-256.285;-256.684;-256.888;-256.958;-255.988;0;None;1000;None;14:34:15.056
927;29.2225;29.1091;22.2035;-256.269;-256.692;-256.888;-256.95;-255.972;0;None;1000;None;14:34:15.552
928;29.2225;29.1169;22.2035;-256.277;-256.684;-256.895;-256.958;-255.988;0;None;1000;None;14:34:16.047
929;29.2186;29.1091;22.2113;-256.277;-256.692;-256.895;-256.95;-255.98;0;None;1000;None;14:34:16.560
930;29.2225;29.1091;22.1957;-256.277;-256.684;-256.888;-256.942;-255.98;0;None;1000;None;14:34:17.057
931;29.2225;29.1091;22.2035;-256.277;-256.684;-256.903;-256.95;-255.972;0;None;1000;None;14:34:17.553
932;29.2264;29.1091;22.2035;-256.269;-256.684;-256.895;-256.942;-255.98;0;None;1000;None;14:34:18.052
933;29.2304;29.1012;22.2035;-256.277;-256.692;-256.888;-256.958;-255.98;0;None;1000;None;14:34:18.548
934;29.2264;29.1091;22.2113;-256.277;-256.684;-256.895;-256.958;-255.972;0;None;1000;None;14:34:19.061
935;29.2225;29.1012;22.2113;-256.277;-256.692;-256.895;-256.95;-255.972;0;None;1000;None;14:34:19.558
936;29.2304;29.1091;22.2113;-256.269;-256.692;-256.895;-256.958;-255.98;0;None;1000;None;14:34:20.053
937;29.2225;29.1091;22.2113;-256.269;-256.684;-256.888;-256.95;-255.98;0;None;1000;None;14:34:20.554
938;29.2304;29.1091;22.2113;-256.277;-256.692;-256.888;-256.95;-255.98;0;None;1000;None;14:34:21.061
939;29.2304;29.1091;22.2191;-256.277;-256.692;-256.888;-256.95;-255.98;0;None;1000;None;14:34:21.558
940;29.2225;29.1091;22.2035;-256.277;-256.692;-256.888;-256.95;-255.98;0;None;1000;None;14:34:22.053
941;29.2304;29.1091;22.2113;-256.285;-256.684;-256.895;-256.95;-255.98;0;None;1000;None;14:34:22.553
942;29.2225;29.1091;22.2035;-256.269;-256.684;-256.888;-256.942;-255.98;0;None;1000;None;14:34:23.062
943;29.2225;29.1169;22.2113;-256.277;-256.692;-256.895;-256.95;-255.98;0;None;1000;None;14:34:23.558
944;29.2304;29.1169;22.2035;-256.269;-256.676;-256.895;-256.95;-255.988;0;None;1000;None;14:34:24.055
945;29.2304;29.1169;22.2113;-256.277;-256.684;-256.895;-256.95;-255.98;0;None;1000;None;14:34:24.555
946;29.2304;29.1169;22.2113;-256.277;-256.684;-256.895;-256.942;-255.98;0;None;1000;None;14:34:25.050
947;29.2304;29.1247;22.2113;-256.277;-256.676;-256.895;-256.942;-255.98;0;None;1000;None;14:34:25.562
948;29.2304;29.1169;22.2113;-256.269;-256.684;-256.903;-256.95;-255.98;0;None;1000;None;14:34:26.055
949;29.2304;29.1169;22.2191;-256.277;-256.676;-256.895;-256.942;-255.98;0;None;1000;None;14:34:26.551
950;29.2382;29.1247;22.2113;-256.269;-256.684;-256.895;-256.942;-255.98;0;None;1000;None;14:34:27.049
951;29.2304;29.1247;22.2191;-256.277;-256.676;-256.888;-256.942;-255.98;0;None;1000;None;14:34:27.561
952;29.2304;29.1247;22.2191;-256.277;-256.684;-256.895;-256.942;-255.98;0;None;1000;None;14:34:28.059
953;29.2382;29.1169;22.2191;-256.269;-256.676;-256.895;-256.942;-255.98;0;None;1000;None;14:34:28.553
954;29.2304;29.1169;22.2191;-256.269;-256.684;-256.888;-256.935;-255.98;0;None;1000;None;14:34:29.050
955;29.2304;29.1169;22.2191;-256.269;-256.684;-256.888;-256.935;-255.98;0;None;1000;None;14:34:29.561
956;29.2382;29.1169;22.2191;-256.277;-256.676;-256.895;-256.95;-255.98;0;None;1000;None;14:34:30.059
957;29.2304;29.1091;22.2191;-256.277;-256.684;-256.895;-256.935;-255.98;0;None;1000;None;14:34:30.553
958;29.2382;29.1169;22.2191;-256.269;-256.676;-256.888;-256.942;-255.98;0;None;1000;None;14:34:31.048
959;29.2304;29.1169;22.2113;-256.269;-256.684;-256.895;-256.942;-255.98;0;None;1000;None;14:34:31.561
960;29.2304;29.1169;22.2191;-256.269;-256.676;-256.895;-256.942;-255.98;0;None;1000;None;14:34:32.059
961;29.2304;29.1169;22.2191;-256.269;-256.684;-256.895;-256.942;-255.98;0;None;1000;None;14:34:32.554
962;29.2225;29.1091;22.2191;-256.269;-256.684;-256.888;-256.95;-255.988;0;None;1000;None;14:34:33.054
963;29.2225;29.1169;22.2191;-256.269;-256.684;-256.895;-256.942;-255.98;0;None;1000;None;14:34:33.554
964;29.2186;29.1012;22.2113;-256.269;-256.684;-256.888;-256.942;-255.98;0;None;1000;None;14:34:34.061
965;29.2186;29.1091;22.2191;-256.262;-256.676;-256.895;-256.942;-255.988;0;None;1000;None;14:34:34.558
966;29.2186;29.1012;22.227;-256.269;-256.684;-256.888;-256.942;-255.98;0;None;1000;None;14:34:35.056
967;29.2186;29.1012;22.2191;-256.269;-256.684;-256.888;-256.95;-255.988;0;None;1000;None;14:34:35.553
968;29.2186;29.1012;22.227;-256.262;-256.684;-256.888;-256.95;-255.98;0;None;1000;None;14:34:36.050
969;29.2225;29.1012;22.2191;-256.269;-256.684;-256.895;-256.95;-255.988;0;None;1000;None;14:34:36.546
970;29.2186;29.1012;22.227;-256.269;-256.684;-256.895;-256.95;-255.98;0;None;1000;None;14:34:37.058
971;29.2147;29.1012;22.2191;-256.269;-256.684;-256.888;-256.95;-255.98;0;None;1000;None;14:34:37.553
972;29.2186;29.0934;22.2113;-256.269;-256.692;-256.888;-256.95;-255.98;0;None;1000;None;14:34:38.046
973;29.2147;29.1012;22.2113;-256.269;-256.684;-256.895;-256.942;-255.972;0;None;1000;None;14:34:38.560
974;29.2186;29.1012;22.2113;-256.269;-256.684;-256.888;-256.95;-255.98;0;None;1000;None;14:34:39.053
975;29.2186;29.0856;22.2191;-256.269;-256.684;-256.895;-256.95;-255.98;0;None;1000;None;14:34:39.546
976;29.2186;29.0934;22.2191;-256.269;-256.684;-256.895;-256.95;-255.98;0;None;1000;None;14:34:40.058
977;29.2147;29.0856;22.2113;-256.269;-256.684;-256.888;-256.95;-255.98;0;None;1000;None;14:34:40.549
978;29.2186;29.0934;22.2113;-256.277;-256.684;-256.888;-256.95;-255.98;0;None;1000;None;14:34:41.058
979;29.2186;29.0934;22.2035;-256.269;-256.684;-256.888;-256.95;-255.98;0;None;1000;None;14:34:41.554
980;29.2147;29.0856;22.2113;-256.269;-256.684;-256.888;-256.95;-255.972;0;None;1000;None;14:34:42.051
981;29.2186;29.0934;22.2035;-256.269;-256.684;-256.895;-256.942;-255.98;0;None;1000;None;14:34:42.549
982;29.2147;29.0856;22.2035;-256.277;-256.684;-256.888;-256.95;-255.98;0;None;1000;None;14:34:43.046
983;29.2186;29.0856;22.2113;-256.269;-256.692;-256.888;-256.95;-255.98;0;None;1000;None;14:34:43.559
984;29.2147;29.0778;22.2113;-256.277;-256.684;-256.888;-256.942;-255.98;0;None;1000;None;14:34:44.055
985;29.2186;29.0856;22.2113;-256.277;-256.692;-256.888;-256.95;-255.98;0;None;1000;None;14:34:44.554
986;29.2108;29.0856;22.2191;-256.269;-256.692;-256.895;-256.95;-255.98;0;None;1000;None;14:34:45.051
987;29.2147;29.0778;22.2191;-256.269;-256.684;-256.895;-256.95;-255.98;0;None;1000;None;14:34:45.548
988;29.2147;29.0856;22.227;-256.277;-256.692;-256.895;-256.95;-255.988;0;None;1000;None;14:34:46.060
989;29.2108;29.0778;22.227;-256.269;-256.684;-256.895;-256.95;-255.98;0;None;1000;None;14:34:46.559
990;29.2108;29.0778;22.2191;-256.269;-256.692;-256.895;-256.95;-255.98;0;None;1000;None;14:34:47.054
991;29.2108;29.0778;22.227;-256.277;-256.692;-256.888;-256.95;-255.98;0;None;1000;None;14:34:47.550
992;29.2108;29.0856;22.227;-256.277;-256.692;-256.895;-256.942;-255.98;0;None;1000;None;14:34:48.048
993;29.2147;29.0778;22.2191;-256.277;-256.684;-256.888;-256.935;-255.98;0;None;1000;None;14:34:48.560
994;29.2108;29.0856;22.2113;-256.269;-256.7;-256.895;-256.942;-255.98;0;None;1000;None;14:34:49.055
995;29.2069;29.0699;22.2191;-256.285;-256.692;-256.888;-256.942;-255.98;0;None;1000;None;14:34:49.549
996;29.2069;29.0778;22.2113;-256.277;-256.692;-256.895;-256.935;-255.972;0;None;1000;None;14:34:50.060
997;29.2069;29.0621;22.2191;-256.277;-256.692;-256.895;-256.935;-255.98;0;None;1000;None;14:34:50.558
998;29.2108;29.0699;22.2113;-256.277;-256.692;-256.895;-256.935;-255.98;0;None;1000;None;14:34:51.055
999;29.2069;29.0699;22.2113;-256.285;-256.692;-256.888;-256.942;-255.98;0;None;1000;None;14:34:51.552
1000;29.2108;29.0699;22.2113;-256.269;-256.692;-256.888;-256.942;-255.988;0;None;1000;None;14:34:52.047
1001;29.2069;29.0621;22.2191;-256.277;-256.684;-256.895;-256.942;-255.98;0;None;1000;None;14:34:52.559
1002;29.2069;29.0699;22.2113;-256.277;-256.7;-256.888;-256.935;-255.98;0;None;1000;None;14:34:53.061
1003;29.2069;29.0621;22.2191;-256.277;-256.684;-256.895;-256.942;-255.988;0;None;1000;None;14:34:53.552
1004;29.2108;29.0621;22.2191;-256.269;-256.692;-256.895;-256.942;-255.98;0;None;1000;None;14:34:54.049
1005;29.2069;29.0621;22.2113;-256.277;-256.692;-256.895;-256.935;-255.988;0;None;1000;None;14:34:54.561
1006;29.2108;29.0699;22.2191;-256.269;-256.692;-256.888;-256.95;-255.98;0;None;1000;None;14:34:55.059
1007;29.2108;29.0699;22.2191;-256.269;-256.692;-256.888;-256.942;-255.98;0;None;1000;None;14:34:55.557
1008;29.2108;29.0621;22.2191;-256.262;-256.692;-256.888;-256.942;-255.988;0;None;1000;None;14:34:56.047
1009;29.2108;29.0621;22.2113;-256.269;-256.692;-256.895;-256.95;-255.98;0;None;1000;None;14:34:56.559
1010;29.2108;29.0543;22.2035;-256.269;-256.692;-256.888;-256.95;-255.98;0;None;1000;None;14:34:57.056
1011;29.2108;29.0543;22.2113;-256.269;-256.692;-256.895;-256.942;-255.98;0;None;1000;None;14:34:57.551
1012;29.2108;29.0621;22.2113;-256.269;-256.692;-256.895;-256.95;-255.98;0;None;1000;None;14:34:58.047
1013;29.2108;29.0543;22.2113;-256.269;-256.684;-256.888;-256.95;-255.98;0;None;1000;None;14:34:58.560
1014;29.2108;29.0543;22.2035;-256.277;-256.7;-256.895;-256.942;-255.98;0;None;1000;None;14:34:59.056
1015;29.2069;29.0699;22.2035;-256.269;-256.692;-256.888;-256.942;-255.98;0;None;1000;None;14:34:59.554
1016;29.2069;29.0621;22.2035;-256.269;-256.692;-256.888;-256.942;-255.98;0;None;1000;None;14:35:00.050
1017;29.2108;29.0621;22.2035;-256.269;-256.692;-256.888;-256.942;-255.98;0;None;1000;None;14:35:00.561
1018;29.2069;29.0621;22.1957;-256.269;-256.7;-256.888;-256.942;-255.98;0;None;1000;None;14:35:01.057
1019;29.2069;29.0621;22.2035;-256.269;-256.684;-256.888;-256.95;-255.972;0;None;1000;None;14:35:01.555
1020;29.2108;29.0699;22.2035;-256.262;-256.692;-256.888;-256.942;-255.972;0;None;1000;None;14:35:02.050
1021;29.2108;29.0699;22.1957;-256.269;-256.684;-256.888;-256.95;-255.98;0;None;1000;None;14:35:02.548
1022;29.2108;29.0699;22.2035;-256.269;-256.684;-256.895;-256.958;-255.98;0;None;1000;None;14:35:03.046
1023;29.2108;29.0699;22.2035;-256.269;-256.692;-256.888;-256.942;-255.98;0;None;1000;None;14:35:03.559
1024;29.2108;29.0778;22.1957;-256.269;-256.692;-256.888;-256.95;-255.98;0;None;1000;None;14:35:04.059
1025;29.2069;29.0699;22.1957;-256.269;-256.684;-256.895;-256.958;-255.98;0;None;1000;None;14:35:04.556
1026;29.2069;29.0621;22.1957;-256.269;-256.684;-256.895;-256.95;-255.988;0;None;1000;None;14:35:05.053
1027;29.2069;29.0699;22.1957;-256.277;-256.684;-256.895;-256.95;-255.98;0;None;1000;None;14:35:05.549
1028;29.2069;29.0699;22.1957;-256.262;-256.684;-256.888;-256.95;-255.98;0;None;1000;None;14:35:06.046
1029;29.2069;29.0699;22.2035;-256.277;-256.684;-256.895;-256.95;-255.972;0;None;1000;None;14:35:06.560
1030;29.2069;29.0543;22.2113;-256.269;-256.684;-256.895;-256.95;-255.972;0;None;1000;None;14:35:07.056
1031;29.2069;29.0621;22.2035;-256.269;-256.684;-256.888;-256.95;-255.98;0;None;1000;None;14:35:07.552
1032;29.2108;29.0699;22.1957;-256.269;-256.692;-256.895;-256.95;-255.988;0;None;1000;None;14:35:08.048
1033;29.2069;29.0621;22.2035;-256.269;-256.684;-256.888;-256.95;-255.98;0;None;1000;None;14:35:08.546
1034;29.2108;29.0699;22.1957;-256.277;-256.684;-256.895;-256.942;-255.988;0;None;1000;None;14:35:09.058
1035;29.2069;29.0699;22.1957;-256.262;-256.684;-256.888;-256.95;-255.98;0;None;1000;None;14:35:09.556
1036;29.2108;29.0699;22.1957;-256.269;-256.676;-256.895;-256.95;-255.98;0;None;1000;None;14:35:10.054
1037;29.2069;29.0778;22.1957;-256.277;-256.684;-256.888;-256.95;-255.972;0;None;1000;None;14:35:10.551
1038;29.2069;29.0699;22.1957;-256.269;-256.684;-256.888;-256.95;-255.98;0;None;1000;None;14:35:11.049
1039;29.2069;29.0778;22.1957;-256.277;-256.684;-256.895;-256.95;-255.98;0;None;1000;None;14:35:11.562
1040;29.203;29.0778;22.2035;-256.269;-256.684;-256.888;-256.942;-255.972;0;None;1000;None;14:35:12.056
1041;29.203;29.0778;22.1957;-256.277;-256.684;-256.888;-256.95;-255.98;0;None;1000;None;14:35:12.553
1042;29.203;29.0778;22.2035;-256.269;-256.684;-256.888;-256.942;-255.98;0;None;1000;None;14:35:13.050
1043;29.1991;29.0778;22.2035;-256.277;-256.684;-256.895;-256.95;-255.972;0;None;1000;None;14:35:13.548
1044;29.203;29.0778;22.2035;-256.269;-256.692;-256.888;-256.942;-255.98;0;None;1000;None;14:35:14.060
1045;29.203;29.0778;22.2035;-256.269;-256.692;-256.895;-256.942;-255.98;0;None;1000;None;14:35:14.559
1046;29.203;29.0778;22.2113;-256.277;-256.684;-256.895;-256.942;-255.98;0;None;1000;None;14:35:15.055
1047;29.203;29.0778;22.2113;-256.269;-256.692;-256.888;-256.942;-255.98;0;None;1000;None;14:35:15.552
1048;29.203;29.0778;22.2113;-256.277;-256.692;-256.888;-256.95;-255.98;0;None;1000;None;14:35:16.048
1049;29.203;29.0778;22.2113;-256.277;-256.684;-256.888;-256.942;-255.98;0;None;1000;None;14:35:16.560
1050;29.203;29.0778;22.2035;-256.269;-256.692;-256.895;-256.95;-255.98;0;None;1000;None;14:35:17.056
1051;29.203;29.0778;22.2113;-256.277;-256.684;-256.888;-256.942;-255.98;0;None;1000;None;14:35:17.552
1052;29.1951;29.0856;22.2113;-256.277;-256.684;-256.888;-256.95;-255.98;0;None;1000;None;14:35:18.048
1053;29.203;29.0856;22.2113;-256.269;-256.684;-256.895;-256.942;-255.98;0;None;1000;None;14:35:18.545
1054;29.203;29.0778;22.2191;-256.277;-256.684;-256.895;-256.942;-255.98;0;None;1000;None;14:35:19.059
1055;29.2069;29.0856;22.2113;-256.277;-256.684;-256.888;-256.95;-255.98;0;None;1000;None;14:35:19.555
1056;29.203;29.0778;22.2035;-256.277;-256.692;-256.895;-256.95;-255.98;0;None;1000;None;14:35:20.051
1057;29.1951;29.0699;22.2113;-256.277;-256.684;-256.895;-256.95;-255.988;0;None;1000;None;14:35:20.551
1058;29.203;29.0778;22.2113;-256.277;-256.692;-256.888;-256.958;-255.98;0;None;1000;None;14:35:21.047
1059;29.203;29.0778;22.2035;-256.277;-256.684;-256.895;-256.95;-255.972;0;None;1000;None;14:35:21.561
1060;29.2069;29.0778;22.2113;-256.277;-256.684;-256.888;-256.935;-255.98;0;None;1000;None;14:35:22.059
1061;29.203;29.0699;22.2035;-256.277;-256.684;-256.895;-256.942;-255.98;0;None;1000;None;14:35:22.557
1062;29.2069;29.0621;22.1957;-256.269;-256.684;-256.895;-256.95;-255.98;0;None;1000;None;14:35:23.054
1063;29.2108;29.0699;22.2035;-256.269;-256.692;-256.895;-256.942;-255.98;0;None;1000;None;14:35:23.552
1064;29.2069;29.0699;22.2035;-256.269;-256.684;-256.895;-256.942;-255.98;0;None;1000;None;14:35:24.054
1065;29.2108;29.0621;22.1957;-256.269;-256.7;-256.895;-256.942;-255.98;0;None;1000;None;14:35:24.551
1066;29.2069;29.0699;22.1878;-256.269;-256.692;-256.888;-256.95;-255.98;0;None;1000;None;14:35:25.059
1067;29.2108;29.0778;22.1957;-256.269;-256.684;-256.895;-256.942;-255.972;0;None;1000;None;14:35:25.560
1068;29.203;29.0699;22.1957;-256.269;-256.684;-256.888;-256.95;-255.98;0;None;1000;None;14:35:26.052
1069;29.2069;29.0699;22.1957;-256.277;-256.684;-256.903;-256.942;-255.98;0;None;1000;None;14:35:26.545
1070;29.2069;29.0699;22.2035;-256.269;-256.692;-256.895;-256.942;-255.98;0;None;1000;None;14:35:27.056
1071;29.2069;29.0699;22.1957;-256.269;-256.692;-256.895;-256.942;-255.98;0;None;1000;None;14:35:27.553
1072;29.2069;29.0778;22.1957;-256.277;-256.692;-256.888;-256.942;-255.98;0;None;1000;None;14:35:28.060
1073;29.2069;29.0699;22.1957;-256.269;-256.692;-256.895;-256.942;-255.972;0;None;1000;None;14:35:28.547
1074;29.2108;29.0778;22.2035;-256.269;-256.692;-256.888;-256.95;-255.98;0;None;1000;None;14:35:29.059
1075;29.2108;29.0699;22.1957;-256.269;-256.692;-256.895;-256.942;-255.972;0;None;1000;None;14:35:29.559
1076;29.2069;29.0778;22.1957;-256.269;-256.692;-256.888;-256.942;-255.98;0;None;1000;None;14:35:30.052
1077;29.2069;29.0778;22.1878;-256.269;-256.684;-256.895;-256.935;-255.98;0;None;1000;None;14:35:30.547
1078;29.2108;29.0778;22.1957;-256.269;-256.692;-256.888;-256.942;-255.98;0;None;1000;None;14:35:31.059
1079;29.2069;29.0778;22.1957;-256.269;-256.692;-256.888;-256.942;-255.98;0;None;1000;None;14:35:31.556
1080;29.2069;29.0778;22.1957;-256.269;-256.692;-256.888;-256.935;-255.98;0;None;1000;None;14:35:32.052
1081;29.2069;29.0699;22.1878;-256.269;-256.692;-256.895;-256.942;-255.98;0;None;1000;None;14:35:32.550
1082;29.2108;29.0778;22.1957;-256.269;-256.692;-256.888;-256.942;-255.98;0;None;1000;None;14:35:33.060
1083;29.2108;29.0778;22.1878;-256.269;-256.692;-256.888;-256.935;-255.98;0;None;1000;None;14:35:33.559
1084;29.2147;29.0778;22.1878;-256.277;-256.7;-256.888;-256.942;-255.98;0;None;1000;None;14:35:34.059
1085;29.2147;29.0699;22.1878;-256.269;-256.684;-256.888;-256.935;-255.988;0;None;1000;None;14:35:34.559
1086;29.2147;29.0699;22.2035;-256.269;-256.692;-256.888;-256.935;-255.98;0;None;1000;None;14:35:35.060
1087;29.2147;29.0621;22.1957;-256.269;-256.692;-256.895;-256.942;-255.988;0;None;1000;None;14:35:35.550
1088;29.2147;29.0699;22.1957;-256.277;-256.692;-256.888;-256.935;-255.988;0;None;1000;None;14:35:36.059
1089;29.2147;29.0699;22.1957;-256.269;-256.692;-256.895;-256.942;-255.972;0;None;1000;None;14:35:36.552
1090;29.2108;29.0621;22.1957;-256.269;-256.692;-256.888;-256.942;-255.988;0;None;1000;None;14:35:37.052
1091;29.2147;29.0699;22.1957;-256.269;-256.684;-256.888;-256.935;-255.98;0;None;1000;None;14:35:37.560
1092;29.2069;29.0699;22.1878;-256.277;-256.692;-256.888;-256.942;-255.98;0;None;1000;None;14:35:38.057
1093;29.2108;29.0621;22.1878;-256.277;-256.692;-256.888;-256.95;-255.98;0;None;1000;None;14:35:38.552
1094;29.2108;29.0621;22.1957;-256.269;-256.692;-256.888;-256.942;-255.98;0;None;1000;None;14:35:39.049
1095;29.2108;29.0621;22.1878;-256.269;-256.684;-256.895;-256.942;-255.98;0;None;1000;None;14:35:39.546
1096;29.2108;29.0621;22.1878;-256.277;-256.684;-256.888;-256.942;-255.98;0;None;1000;None;14:35:40.057
1097;29.2069;29.0621;22.1878;-256.277;-256.692;-256.888;-256.942;-255.98;0;None;1000;None;14:35:40.556
1098;29.2069;29.0699;22.18;-256.285;-256.684;-256.888;-256.942;-255.98;0;None;1000;None;14:35:41.053
1099;29.2069;29.0699;22.18;-256.277;-256.684;-256.888;-256.95;-255.988;0;None;1000;None;14:35:41.552
1100;29.2069;29.0621;22.1878;-256.277;-256.684;-256.895;-256.942;-255.98;0;None;1000;None;14:35:42.055
1101;29.203;29.0621;22.18;-256.277;-256.684;-256.888;-256.95;-255.98;0;None;1000;None;14:35:42.559
1102;29.2069;29.0543;22.1878;-256.277;-256.676;-256.888;-256.935;-255.988;0;None;1000;None;14:35:43.054
1103;29.203;29.0465;22.1878;-256.285;-256.692;-256.895;-256.95;-255.98;0;None;1000;None;14:35:43.550
1104;29.2069;29.0543;22.1878;-256.277;-256.692;-256.888;-256.95;-255.972;0;None;1000;None;14:35:44.046
1105;29.2069;29.0543;22.1878;-256.277;-256.684;-256.895;-256.942;-255.98;0;None;1000;None;14:35:44.560
1106;29.2069;29.0543;22.1878;-256.277;-256.692;-256.888;-256.95;-255.972;0;None;1000;None;14:35:45.057
1107;29.203;29.0465;22.1878;-256.277;-256.684;-256.888;-256.942;-255.98;0;None;1000;None;14:35:45.555
1108;29.2069;29.0543;22.1957;-256.277;-256.684;-256.888;-256.958;-255.972;0;None;1000;None;14:35:46.054
1109;29.2069;29.0465;22.1878;-256.269;-256.684;-256.888;-256.942;-255.98;0;None;1000;None;14:35:46.548
1110;29.2069;29.0543;22.18;-256.277;-256.684;-256.888;-256.95;-255.98;0;None;1000;None;14:35:47.045
1111;29.2069;29.0465;22.1878;-256.277;-256.684;-256.888;-256.958;-255.98;0;None;1000;None;14:35:47.559
1112;29.2069;29.0465;22.1878;-256.269;-256.676;-256.888;-256.95;-255.972;0;None;1000;None;14:35:48.055
1113;29.2069;29.0465;22.1878;-256.277;-256.684;-256.888;-256.95;-255.98;0;None;1000;None;14:35:48.551
1114;29.1951;29.0465;22.1878;-256.269;-256.684;-256.88;-256.95;-255.98;0;None;1000;None;14:35:49.047
1115;29.203;29.0465;22.1878;-256.277;-256.676;-256.888;-256.95;-255.98;0;None;1000;None;14:35:49.559
1116;29.2069;29.0465;22.1878;-256.277;-256.676;-256.888;-256.95;-255.972;0;None;1000;None;14:35:50.056
1117;29.203;29.0465;22.1878;-256.269;-256.676;-256.888;-256.958;-255.972;0;None;1000;None;14:35:50.552
1118;29.203;29.0465;22.18;-256.277;-256.676;-256.895;-256.958;-255.972;0;None;1000;None;14:35:51.049
1119;29.2069;29.0543;22.1878;-256.269;-256.684;-256.888;-256.95;-255.98;0;None;1000;None;14:35:51.545
1120;29.203;29.0465;22.1878;-256.277;-256.692;-256.895;-256.958;-255.972;0;None;1000;None;14:35:52.057
1121;29.203;29.0543;22.1878;-256.277;-256.684;-256.888;-256.958;-255.972;0;None;1000;None;14:35:52.554
1122;29.2069;29.0543;22.1878;-256.277;-256.684;-256.888;-256.942;-255.98;0;None;1000;None;14:35:53.050
1123;29.203;29.0465;22.1878;-256.277;-256.684;-256.888;-256.95;-255.972;0;None;1000;None;14:35:53.554
1124;29.2069;29.0543;22.1878;-256.277;-256.676;-256.888;-256.942;-255.972;0;None;1000;None;14:35:54.059
1125;29.2069;29.0465;22.1878;-256.269;-256.684;-256.888;-256.942;-255.972;0;None;1000;None;14:35:54.556
1126;29.2069;29.0543;22.1878;-256.269;-256.684;-256.888;-256.942;-255.964;0;None;1000;None;14:35:55.055
1127;29.2069;29.0465;22.1878;-256.269;-256.684;-256.895;-256.942;-255.972;0;None;1000;None;14:35:55.550
1128;29.203;29.0465;22.18;-256.277;-256.684;-256.888;-256.942;-255.972;0;None;1000;None;14:35:56.059
1129;29.2069;29.0543;22.1878;-256.269;-256.684;-256.888;-256.942;-255.972;0;None;1000;None;14:35:56.555
1130;29.2069;29.0465;22.1957;-256.277;-256.692;-256.88;-256.942;-255.972;0;None;1000;None;14:35:57.053
1131;29.2108;29.0543;22.1878;-256.277;-256.684;-256.888;-256.942;-255.98;0;None;1000;None;14:35:57.548
1132;29.2108;29.0465;22.1878;-256.269;-256.684;-256.88;-256.942;-255.972;0;None;1000;None;14:35:58.057
1133;29.2108;29.0465;22.1878;-256.269;-256.684;-256.888;-256.942;-255.972;0;None;1000;None;14:35:58.553
1134;29.2147;29.0426;22.18;-256.269;-256.684;-256.888;-256.942;-255.98;0;None;1000;None;14:35:59.055
1135;29.2108;29.0426;22.1878;-256.269;-256.684;-256.88;-256.942;-255.972;0;None;1000;None;14:35:59.547
1136;29.2147;29.0465;22.18;-256.262;-256.684;-256.888;-256.935;-255.98;0;None;1000;None;14:36:00.060
1137;29.2147;29.0426;22.1878;-256.277;-256.692;-256.888;-256.942;-255.972;0;None;1000;None;14:36:00.555
1138;29.2108;29.0426;22.18;-256.262;-256.684;-256.888;-256.942;-255.98;0;None;1000;None;14:36:01.052
1139;29.2108;29.0465;22.18;-256.277;-256.684;-256.888;-256.95;-255.98;0;None;1000;None;14:36:01.552
1140;29.2069;29.0426;22.1957;-256.262;-256.692;-256.888;-256.935;-255.972;0;None;1000;None;14:36:02.044
1141;29.2069;29.0465;22.1878;-256.277;-256.684;-256.888;-256.935;-255.98;0;None;1000;None;14:36:02.555
1142;29.2069;29.0426;22.1878;-256.269;-256.684;-256.888;-256.942;-255.972;0;None;1000;None;14:36:03.053
1143;29.2069;29.0465;22.1957;-256.269;-256.692;-256.895;-256.942;-255.98;0;None;1000;None;14:36:03.549
1144;29.2069;29.0386;22.1878;-256.277;-256.684;-256.888;-256.942;-255.972;0;None;1000;None;14:36:04.051
1145;29.2069;29.0426;22.1957;-256.269;-256.684;-256.888;-256.942;-255.972;0;None;1000;None;14:36:04.558
1146;29.2069;29.0386;22.1957;-256.269;-256.692;-256.888;-256.935;-255.972;0;None;1000;None;14:36:05.056
1147;29.2069;29.0386;22.1878;-256.277;-256.692;-256.895;-256.942;-255.98;0;None;1000;None;14:36:05.553
1148;29.203;29.0386;22.1878;-256.269;-256.684;-256.888;-256.942;-255.972;0;None;1000;None;14:36:06.050
1149;29.2069;29.0386;22.1957;-256.269;-256.692;-256.888;-256.95;-255.972;0;None;1000;None;14:36:06.547
1150;29.203;29.0386;22.1878;-256.269;-256.692;-256.888;-256.942;-255.98;0;None;1000;None;14:36:07.044
1151;29.2108;29.0347;22.1878;-256.262;-256.692;-256.895;-256.95;-255.98;0;None;1000;None;14:36:07.556
1152;29.2069;29.0386;22.1957;-256.269;-256.692;-256.888;-256.95;-255.98;0;None;1000;None;14:36:08.053
1153;29.203;29.0386;22.1878;-256.262;-256.684;-256.888;-256.942;-255.972;0;None;1000;None;14:36:08.550
1154;29.2069;29.0386;22.1957;-256.269;-256.692;-256.888;-256.942;-255.972;0;None;1000;None;14:36:09.053
1155;29.2069;29.0347;22.1878;-256.269;-256.684;-256.895;-256.942;-255.98;0;None;1000;None;14:36:09.546
1156;29.2069;29.0386;22.1957;-256.277;-256.692;-256.895;-256.935;-255.98;0;None;1000;None;14:36:10.058
1157;29.2069;29.0347;22.1878;-256.277;-256.684;-256.895;-256.942;-255.98;0;None;1000;None;14:36:10.555
1158;29.2069;29.0347;22.1878;-256.269;-256.692;-256.895;-256.935;-255.98;0;None;1000;None;14:36:11.053
1159;29.203;29.0308;22.1957;-256.277;-256.684;-256.888;-256.935;-255.98;0;None;1000;None;14:36:11.555
1160;29.203;29.0347;22.1878;-256.277;-256.684;-256.895;-256.942;-255.98;0;None;1000;None;14:36:12.046
1161;29.1912;29.0308;22.1957;-256.269;-256.684;-256.888;-256.942;-255.98;0;None;1000;None;14:36:12.559
1162;29.2069;29.0347;22.1957;-256.277;-256.692;-256.888;-256.942;-255.98;0;None;1000;None;14:36:13.056
1163;29.203;29.0308;22.18;-256.277;-256.684;-256.888;-256.95;-255.98;0;None;1000;None;14:36:13.552
1164;29.2069;29.0308;22.1878;-256.269;-256.692;-256.88;-256.942;-255.972;0;None;1000;None;14:36:14.053
1165;29.2108;29.0308;22.18;-256.277;-256.676;-256.888;-256.942;-255.98;0;None;1000;None;14:36:14.559
1166;29.2069;29.0308;22.1878;-256.269;-256.692;-256.88;-256.95;-255.972;0;None;1000;None;14:36:15.057
1167;29.2069;29.0347;22.1878;-256.269;-256.684;-256.888;-256.942;-255.98;0;None;1000;None;14:36:15.553
1168;29.2069;29.0308;22.1878;-256.269;-256.676;-256.888;-256.95;-255.972;0;None;1000;None;14:36:16.050
1169;29.203;29.0347;22.18;-256.269;-256.684;-256.88;-256.942;-255.988;0;None;1000;None;14:36:16.548
1170;29.203;29.0386;22.1878;-256.269;-256.684;-256.888;-256.935;-255.98;0;None;1000;None;14:36:17.060
1171;29.203;29.0347;22.18;-256.269;-256.684;-256.888;-256.942;-255.98;0;None;1000;None;14:36:17.558
1172;29.2069;29.0347;22.1878;-256.269;-256.684;-256.888;-256.942;-255.988;0;None;1000;None;14:36:18.054
1173;29.203;29.0308;22.1878;-256.277;-256.684;-256.88;-256.935;-255.988;0;None;1000;None;14:36:18.551
1174;29.203;29.0308;22.1878;-256.262;-256.684;-256.88;-256.935;-255.98;0;None;1000;None;14:36:19.054
1175;29.2069;29.0308;22.18;-256.269;-256.692;-256.88;-256.95;-255.988;0;None;1000;None;14:36:19.558
1176;29.203;29.0308;22.1957;-256.269;-256.684;-256.888;-256.95;-255.98;0;None;1000;None;14:36:20.055
1177;29.203;29.0308;22.1878;-256.269;-256.692;-256.88;-256.942;-255.98;0;None;1000;None;14:36:20.551
1178;29.203;29.0308;22.1878;-256.277;-256.684;-256.88;-256.95;-255.98;0;None;1000;None;14:36:21.048
1179;29.203;29.0269;22.1957;-256.277;-256.684;-256.88;-256.935;-255.98;0;None;1000;None;14:36:21.544
1180;29.203;29.0269;22.1878;-256.269;-256.684;-256.88;-256.942;-255.98;0;None;1000;None;14:36:22.058
1181;29.2069;29.0269;22.1878;-256.269;-256.684;-256.88;-256.942;-255.98;0;None;1000;None;14:36:22.550
1182;29.2069;29.0308;22.1957;-256.277;-256.684;-256.888;-256.942;-255.972;0;None;1000;None;14:36:23.054
1183;29.2069;29.0308;22.1957;-256.277;-256.692;-256.872;-256.942;-255.972;0;None;1000;None;14:36:23.560
1184;29.2069;29.0308;22.1878;-256.269;-256.684;-256.88;-256.95;-255.972;0;None;1000;None;14:36:24.055
1185;29.2069;29.0308;22.1957;-256.269;-256.684;-256.88;-256.942;-255.98;0;None;1000;None;14:36:24.551
1186;29.2069;29.0308;22.1878;-256.277;-256.684;-256.872;-256.942;-255.972;0;None;1000;None;14:36:25.048
1187;29.2069;29.0347;22.1878;-256.269;-256.684;-256.872;-256.942;-255.98;0;None;1000;None;14:36:25.544
1188;29.203;29.0347;22.1957;-256.269;-256.692;-256.88;-256.942;-255.972;0;None;1000;None;14:36:26.054
1189;29.2108;29.0308;22.1878;-256.277;-256.684;-256.872;-256.942;-255.98;0;None;1000;None;14:36:26.550
1190;29.203;29.0308;22.1957;-256.269;-256.684;-256.88;-256.942;-255.98;0;None;1000;None;14:36:27.045
1191;29.2069;29.0308;22.1957;-256.277;-256.684;-256.88;-256.942;-255.98;0;None;1000;None;14:36:27.557
1192;29.2069;29.0269;22.1957;-256.269;-256.684;-256.888;-256.942;-255.972;0;None;1000;None;14:36:28.053
1193;29.2069;29.0347;22.1957;-256.277;-256.684;-256.888;-256.942;-255.98;0;None;1000;None;14:36:28.553
1194;29.203;29.0269;22.1957;-256.277;-256.684;-256.895;-256.942;-255.98;0;None;1000;None;14:36:29.045
1195;29.2069;29.0308;22.1957;-256.269;-256.684;-256.88;-256.927;-255.972;0;None;1000;None;14:36:29.556
1196;29.203;29.0347;22.1957;-256.277;-256.684;-256.888;-256.935;-255.972;0;None;1000;None;14:36:30.053
1197;29.2069;29.0347;22.1957;-256.269;-256.676;-256.888;-256.942;-255.972;0;None;1000;None;14:36:30.550
1198;29.2069;29.0347;22.1878;-256.285;-256.692;-256.888;-256.935;-255.98;0;None;1000;None;14:36:31.045
1199;29.203;29.0347;22.1957;-256.277;-256.684;-256.888;-256.935;-255.972;0;None;1000;None;14:36:31.558
1200;29.2069;29.0347;22.1957;-256.277;-256.684;-256.888;-256.942;-255.972;0;None;1000;None;14:36:32.057
1201;29.203;29.0347;22.1957;-256.277;-256.684;-256.888;-256.935;-255.972;0;None;1000;None;14:36:32.554
1202;29.203;29.0347;22.2035;-256.277;-256.692;-256.888;-256.942;-255.972;0;None;1000;None;14:36:33.051
1203;29.203;29.0347;22.2035;-256.277;-256.684;-256.888;-256.935;-255.98;0;None;1000;None;14:36:33.559
1204;29.203;29.0347;22.1957;-256.277;-256.684;-256.88;-256.942;-255.972;0;None;1000;None;14:36:34.058
1205;29.2069;29.0347;22.1957;-256.277;-256.684;-256.888;-256.942;-255.98;0;None;1000;None;14:36:34.548
1206;29.1991;29.0347;22.1957;-256.277;-256.684;-256.888;-256.95;-255.972;0;None;1000;None;14:36:35.057
1207;29.1951;29.0308;22.1957;-256.277;-256.684;-256.888;-256.942;-255.98;0;None;1000;None;14:36:35.549
1208;29.203;29.0347;22.1957;-256.285;-256.684;-256.88;-256.942;-255.972;0;None;1000;None;14:36:36.045
1209;29.1951;29.0308;22.1957;-256.277;-256.684;-256.888;-256.95;-255.972;0;None;1000;None;14:36:36.556
1210;29.203;29.0347;22.1957;-256.277;-256.684;-256.888;-256.95;-255.98;0;None;1000;None;14:36:37.052
1211;29.203;29.0386;22.1957;-256.277;-256.684;-256.88;-256.95;-255.972;0;None;1000;None;14:36:37.546
1212;29.1951;29.0347;22.1957;-256.277;-256.684;-256.88;-256.942;-255.98;0;None;1000;None;14:36:38.055
1213;29.1951;29.0347;22.1957;-256.277;-256.684;-256.888;-256.942;-255.98;0;None;1000;None;14:36:38.551
1214;29.1951;29.0347;22.1957;-256.285;-256.684;-256.888;-256.942;-255.972;0;None;1000;None;14:36:39.048
1215;29.203;29.0386;22.1957;-256.285;-256.684;-256.888;-256.95;-255.98;0;None;1000;None;14:36:39.550
1216;29.1873;29.0347;22.2035;-256.277;-256.684;-256.888;-256.958;-255.98;0;None;1000;None;14:36:40.058
1217;29.1951;29.0347;22.2113;-256.277;-256.692;-256.895;-256.95;-255.988;0;None;1000;None;14:36:40.557
1218;29.1951;29.0347;22.2035;-256.285;-256.684;-256.888;-256.95;-255.98;0;None;1000;None;14:36:41.049
1219;29.1873;29.0347;22.2035;-256.277;-256.692;-256.888;-256.95;-255.98;0;None;1000;None;14:36:41.544
1220;29.1951;29.0308;22.2035;-256.277;-256.692;-256.88;-256.942;-255.972;0;None;1000;None;14:36:42.058
1221;29.1873;29.0347;22.2035;-256.285;-256.684;-256.888;-256.935;-255.988;0;None;1000;None;14:36:42.551
1222;29.1951;29.0308;22.2035;-256.277;-256.684;-256.888;-256.942;-255.972;0;None;1000;None;14:36:43.047
1223;29.203;29.0347;22.2035;-256.277;-256.692;-256.888;-256.942;-255.988;0;None;1000;None;14:36:43.560
1224;29.203;29.0308;22.1957;-256.277;-256.692;-256.88;-256.935;-255.98;0;None;1000;None;14:36:44.055
1225;29.1951;29.0308;22.2035;-256.277;-256.684;-256.888;-256.942;-255.98;0;None;1000;None;14:36:44.553
1226;29.1873;29.0308;22.2035;-256.269;-256.684;-256.888;-256.942;-255.98;0;None;1000;None;14:36:45.049
1227;29.1951;29.0347;22.2035;-256.277;-256.684;-256.88;-256.942;-255.98;0;None;1000;None;14:36:45.546
1228;29.1951;29.0308;22.2035;-256.277;-256.676;-256.888;-256.942;-255.98;0;None;1000;None;14:36:46.058
1229;29.1873;29.0347;22.2113;-256.277;-256.684;-256.888;-256.935;-255.98;0;None;1000;None;14:36:46.556
1230;29.1951;29.0308;22.2035;-256.277;-256.676;-256.888;-256.942;-255.98;0;None;1000;None;14:36:47.052
1231;29.1951;29.0386;22.2035;-256.277;-256.684;-256.888;-256.942;-255.988;0;None;1000;None;14:36:47.554
1232;29.1951;29.0386;22.2035;-256.277;-256.684;-256.895;-256.942;-255.98;0;None;1000;None;14:36:48.046
1233;29.203;29.0347;22.2035;-256.277;-256.676;-256.888;-256.942;-255.98;0;None;1000;None;14:36:48.559
1234;29.1951;29.0386;22.2035;-256.269;-256.684;-256.888;-256.935;-255.988;0;None;1000;None;14:36:49.054
1235;29.203;29.0426;22.2035;-256.277;-256.684;-256.888;-256.935;-255.988;0;None;1000;None;14:36:49.551
1236;29.203;29.0465;22.2035;-256.277;-256.692;-256.888;-256.942;-255.98;0;None;1000;None;14:36:50.054
1237;29.203;29.0426;22.2035;-256.269;-256.684;-256.895;-256.942;-255.98;0;None;1000;None;14:36:50.543
1238;29.203;29.0426;22.2035;-256.277;-256.676;-256.88;-256.942;-255.988;0;None;1000;None;14:36:51.056
1239;29.1951;29.0426;22.1957;-256.277;-256.676;-256.888;-256.942;-255.98;0;None;1000;None;14:36:51.553
1240;29.1951;29.0465;22.1957;-256.277;-256.684;-256.888;-256.942;-255.98;0;None;1000;None;14:36:52.050
1241;29.1951;29.0426;22.2035;-256.277;-256.684;-256.888;-256.942;-255.988;0;None;1000;None;14:36:52.547
1242;29.1951;29.0465;22.2035;-256.269;-256.684;-256.88;-256.935;-255.98;0;None;1000;None;14:36:53.055
1243;29.1873;29.0465;22.2035;-256.277;-256.692;-256.888;-256.942;-255.988;0;None;1000;None;14:36:53.557
1244;29.1951;29.0426;22.1957;-256.277;-256.692;-256.888;-256.942;-255.98;0;None;1000;None;14:36:54.053
1245;29.1951;29.0504;22.2035;-256.269;-256.684;-256.888;-256.942;-255.988;0;None;1000;None;14:36:54.550
1246;29.1873;29.0465;22.1957;-256.269;-256.684;-256.895;-256.935;-255.972;0;None;1000;None;14:36:55.054
1247;29.1795;29.0465;22.2035;-256.277;-256.692;-256.895;-256.942;-255.988;0;None;1000;None;14:36:55.558
1248;29.1873;29.0426;22.2035;-256.277;-256.692;-256.888;-256.942;-255.988;0;None;1000;None;14:36:56.055
1249;29.1951;29.0465;22.2035;-256.277;-256.684;-256.895;-256.935;-255.98;0;None;1000;None;14:36:56.549
1250;29.1873;29.0465;22.2035;-256.277;-256.684;-256.888;-256.942;-255.98;0;None;1000;None;14:36:57.045
1251;29.1873;29.0504;22.2035;-256.277;-256.684;-256.895;-256.935;-255.98;0;None;1000;None;14:36:57.557
1252;29.1951;29.0465;22.2113;-256.277;-256.684;-256.895;-256.95;-255.98;0;None;1000;None;14:36:58.053
1253;29.1873;29.0465;22.1957;-256.285;-256.684;-256.895;-256.942;-255.98;0;None;1000;None;14:36:58.549
1254;29.1873;29.0543;22.2035;-256.277;-256.684;-256.888;-256.942;-255.972;0;None;1000;None;14:36:59.050
1255;29.1873;29.0465;22.1957;-256.277;-256.692;-256.895;-256.935;-255.98;0;None;1000;None;14:36:59.558
1256;29.1873;29.0543;22.1957;-256.277;-256.684;-256.895;-256.942;-255.972;0;None;1000;None;14:37:00.053
1257;29.1873;29.0543;22.2035;-256.277;-256.684;-256.888;-256.942;-255.98;0;None;1000;None;14:37:00.549
1258;29.1873;29.0543;22.1957;-256.269;-256.684;-256.895;-256.942;-255.98;0;None;1000;None;14:37:01.046
1259;29.1951;29.0543;22.2035;-256.277;-256.684;-256.888;-256.95;-255.972;0;None;1000;None;14:37:01.544
1260;29.1873;29.0543;22.2035;-256.269;-256.684;-256.895;-256.95;-255.98;0;None;1000;None;14:37:02.059
1261;29.1951;29.0465;22.2035;-256.277;-256.676;-256.895;-256.942;-255.972;0;None;1000;None;14:37:02.549
1262;29.1873;29.0543;22.2035;-256.269;-256.684;-256.888;-256.95;-255.98;0;None;1000;None;14:37:03.045
1263;29.1873;29.0465;22.2035;-256.269;-256.684;-256.895;-256.95;-255.98;0;None;1000;None;14:37:03.558
1264;29.1873;29.0426;22.1957;-256.277;-256.684;-256.888;-256.95;-255.98;0;None;1000;None;14:37:04.056
1265;29.1795;29.0465;22.2035;-256.269;-256.684;-256.888;-256.95;-255.98;0;None;1000;None;14:37:04.552
1266;29.1795;29.0465;22.2035;-256.269;-256.692;-256.895;-256.942;-255.98;0;None;1000;None;14:37:05.049
1267;29.1795;29.0426;22.1957;-256.269;-256.676;-256.888;-256.935;-255.98;0;None;1000;None;14:37:05.550
1268;29.1795;29.0386;22.1957;-256.269;-256.692;-256.895;-256.942;-255.98;0;None;1000;None;14:37:06.058
1269;29.1795;29.0386;22.1957;-256.269;-256.684;-256.888;-256.95;-255.98;0;None;1000;None;14:37:06.559
1270;29.1795;29.0386;22.2035;-256.269;-256.684;-256.895;-256.942;-255.988;0;None;1000;None;14:37:07.053
1271;29.1795;29.0347;22.1957;-256.262;-256.684;-256.888;-256.942;-255.972;0;None;1000;None;14:37:07.551
1272;29.1873;29.0347;22.1957;-256.269;-256.692;-256.895;-256.942;-255.98;0;None;1000;None;14:37:08.059
1273;29.1717;29.0308;22.1957;-256.269;-256.684;-256.895;-256.942;-255.98;0;None;1000;None;14:37:08.546
1274;29.1795;29.0308;22.1957;-256.269;-256.7;-256.888;-256.942;-255.98;0;None;1000;None;14:37:09.059
1275;29.1795;29.0386;22.2035;-256.262;-256.692;-256.895;-256.935;-255.98;0;None;1000;None;14:37:09.555
1276;29.1795;29.0347;22.1957;-256.269;-256.684;-256.895;-256.942;-255.98;0;None;1000;None;14:37:10.051
1277;29.1795;29.0308;22.1957;-256.269;-256.692;-256.888;-256.935;-255.98;0;None;1000;None;14:37:10.545
1278;29.1795;29.0308;22.2035;-256.269;-256.692;-256.888;-256.942;-255.98;0;None;1000;None;14:37:11.057
1279;29.1795;29.0308;22.1957;-256.262;-256.692;-256.895;-256.935;-255.98;0;None;1000;None;14:37:11.559
1280;29.1717;29.0347;22.2035;-256.262;-256.684;-256.895;-256.935;-255.972;0;None;1000;None;14:37:12.051
1281;29.1717;29.0347;22.1957;-256.262;-256.692;-256.888;-256.942;-255.98;0;None;1000;None;14:37:12.549
1282;29.1717;29.0347;22.1957;-256.262;-256.692;-256.888;-256.942;-255.972;0;None;1000;None;14:37:13.046
1283;29.1795;29.0308;22.1957;-256.269;-256.684;-256.895;-256.935;-255.98;0;None;1000;None;14:37:13.559
1284;29.1795;29.0347;22.1957;-256.262;-256.692;-256.903;-256.942;-255.98;0;None;1000;None;14:37:14.054
1285;29.1717;29.0347;22.2035;-256.269;-256.684;-256.888;-256.95;-255.972;0;None;1000;None;14:37:14.552
1286;29.1795;29.0308;22.2035;-256.269;-256.684;-256.888;-256.942;-255.98;0;None;1000;None;14:37:15.049
1287;29.1795;29.0269;22.1957;-256.262;-256.684;-256.888;-256.935;-255.98;0;None;1000;None;14:37:15.545
1288;29.1873;29.0308;22.2035;-256.269;-256.684;-256.895;-256.935;-255.98;0;None;1000;None;14:37:16.057
1289;29.1717;29.0308;22.1957;-256.269;-256.692;-256.888;-256.935;-255.98;0;None;1000;None;14:37:16.553
1290;29.1795;29.0308;22.1878;-256.262;-256.684;-256.888;-256.942;-255.98;0;None;1000;None;14:37:17.054
1291;29.1873;29.0347;22.2035;-256.269;-256.692;-256.888;-256.935;-255.98;0;None;1000;None;14:37:17.558
1292;29.1795;29.0386;22.1957;-256.262;-256.684;-256.888;-256.935;-255.972;0;None;1000;None;14:37:18.056
1293;29.1795;29.0386;22.2035;-256.269;-256.684;-256.888;-256.935;-255.98;0;None;1000;None;14:37:18.543
1294;29.1717;29.0347;22.2035;-256.269;-256.684;-256.888;-256.935;-255.972;0;None;1000;None;14:37:19.054
1295;29.1795;29.0386;22.2035;-256.269;-256.684;-256.888;-256.942;-255.972;0;None;1000;None;14:37:19.557
1296;29.1717;29.0347;22.2035;-256.269;-256.692;-256.895;-256.942;-255.98;0;None;1000;None;14:37:20.055
1297;29.1795;29.0347;22.2035;-256.269;-256.684;-256.888;-256.935;-255.972;0;None;1000;None;14:37:20.556
1298;29.1717;29.0347;22.2035;-256.262;-256.692;-256.888;-256.927;-255.98;0;None;1000;None;14:37:21.054
1299;29.1717;29.0386;22.2035;-256.269;-256.684;-256.888;-256.942;-255.972;0;None;1000;None;14:37:21.557
1300;29.1717;29.0347;22.2113;-256.262;-256.684;-256.888;-256.935;-255.964;0;None;1000;None;14:37:22.049
1301;29.1795;29.0347;22.2191;-256.269;-256.684;-256.895;-256.942;-255.98;0;None;1000;None;14:37:22.558
1302;29.1717;29.0308;22.2191;-256.269;-256.676;-256.895;-256.935;-255.98;0;None;1000;None;14:37:23.056
1303;29.1717;29.0308;22.2191;-256.269;-256.684;-256.888;-256.942;-255.972;0;None;1000;None;14:37:23.557
1304;29.1795;29.0347;22.2191;-256.269;-256.684;-256.895;-256.942;-255.98;0;None;1000;None;14:37:24.056
1305;29.1795;29.0308;22.2191;-256.262;-256.692;-256.888;-256.942;-255.98;0;None;1000;None;14:37:24.557
1306;29.1795;29.0308;22.2113;-256.277;-256.684;-256.888;-256.95;-255.98;0;None;1000;None;14:37:25.057
1307;29.1795;29.0308;22.2191;-256.269;-256.684;-256.895;-256.95;-255.98;0;None;1000;None;14:37:25.556
1308;29.1795;29.0347;22.2113;-256.277;-256.676;-256.888;-256.935;-255.98;0;None;1000;None;14:37:26.056
1309;29.1795;29.0347;22.2191;-256.269;-256.684;-256.888;-256.942;-255.972;0;None;1000;None;14:37:26.556
1310;29.1795;29.0347;22.2113;-256.277;-256.684;-256.895;-256.935;-255.98;0;None;1000;None;14:37:27.056
1311;29.1873;29.0347;22.2113;-256.269;-256.684;-256.888;-256.942;-255.98;0;None;1000;None;14:37:27.556
1312;29.1873;29.0347;22.2191;-256.269;-256.684;-256.888;-256.942;-255.972;0;None;1000;None;14:37:28.057
1313;29.1873;29.0308;22.2113;-256.269;-256.684;-256.888;-256.935;-255.972;0;None;1000;None;14:37:28.556
1314;29.1873;29.0308;22.2191;-256.269;-256.692;-256.895;-256.958;-255.972;0;None;1000;None;14:37:29.056
1315;29.1795;29.0308;22.2191;-256.269;-256.684;-256.895;-256.935;-255.972;0;None;1000;None;14:37:29.557
1316;29.1873;29.0308;22.2113;-256.269;-256.684;-256.888;-256.942;-255.972;0;None;1000;None;14:37:30.057
1317;29.1795;29.0308;22.2113;-256.277;-256.684;-256.895;-256.942;-255.972;0;None;1000;None;14:37:30.556
1318;29.1795;29.0308;22.2191;-256.269;-256.684;-256.895;-256.942;-255.972;0;None;1000;None;14:37:31.056
1319;29.1717;29.0347;22.2113;-256.269;-256.684;-256.888;-256.95;-255.98;0;None;1000;None;14:37:31.557
1320;29.1795;29.0347;22.2191;-256.277;-256.692;-256.888;-256.935;-255.98;0;None;1000;None;14:37:32.056
1321;29.1717;29.0347;22.2191;-256.269;-256.684;-256.888;-256.95;-255.972;0;None;1000;None;14:37:32.558
1322;29.1717;29.0308;22.2191;-256.269;-256.684;-256.888;-256.942;-255.972;0;None;1000;None;14:37:33.058
1323;29.1717;29.0308;22.2191;-256.277;-256.684;-256.888;-256.942;-255.98;0;None;1000;None;14:37:33.556
1324;29.1717;29.0347;22.227;-256.269;-256.676;-256.888;-256.942;-255.972;0;None;1000;None;14:37:34.056
1325;29.1638;29.0308;22.2191;-256.269;-256.684;-256.888;-256.935;-255.98;0;None;1000;None;14:37:34.558
1326;29.1717;29.0347;22.227;-256.277;-256.676;-256.888;-256.942;-255.972;0;None;1000;None;14:37:35.057
1327;29.1795;29.0308;22.227;-256.277;-256.692;-256.895;-256.942;-255.98;0;None;1000;None;14:37:35.557
1328;29.1638;29.0308;22.227;-256.269;-256.684;-256.888;-256.935;-255.972;0;None;1000;None;14:37:36.058
1329;29.1717;29.0347;22.2348;-256.277;-256.684;-256.888;-256.95;-255.972;0;None;1000;None;14:37:36.557
1330;29.1638;29.0308;22.227;-256.269;-256.684;-256.895;-256.942;-255.98;0;None;1000;None;14:37:37.055
1331;29.1638;29.0347;22.227;-256.269;-256.692;-256.895;-256.95;-255.972;0;None;1000;None;14:37:37.557
1332;29.1717;29.0308;22.227;-256.269;-256.684;-256.888;-256.942;-255.972;0;None;1000;None;14:37:38.057
1333;29.1638;29.0308;22.2348;-256.277;-256.684;-256.895;-256.95;-255.972;0;None;1000;None;14:37:38.557
1334;29.156;29.0308;22.227;-256.277;-256.692;-256.895;-256.942;-255.972;0;None;1000;None;14:37:39.057
1335;29.156;29.0347;22.2348;-256.277;-256.684;-256.888;-256.95;-255.972;0;None;1000;None;14:37:39.557
1336;29.1638;29.0308;22.2348;-256.277;-256.684;-256.895;-256.942;-255.98;0;None;1000;None;14:37:40.057
1337;29.1638;29.0347;22.2348;-256.277;-256.684;-256.888;-256.95;-255.972;0;None;1000;None;14:37:40.556
1338;29.1638;29.0347;22.2426;-256.269;-256.692;-256.895;-256.95;-255.98;0;None;1000;None;14:37:41.057
1339;29.1638;29.0308;22.2426;-256.277;-256.684;-256.888;-256.958;-255.972;0;None;1000;None;14:37:41.558
1340;29.1717;29.0347;22.227;-256.269;-256.684;-256.888;-256.95;-255.972;0;None;1000;None;14:37:42.057
1341;29.1717;29.0308;22.2348;-256.277;-256.684;-256.88;-256.942;-255.98;0;None;1000;None;14:37:42.558
1342;29.1717;29.0347;22.2348;-256.269;-256.684;-256.888;-256.958;-255.972;0;None;1000;None;14:37:43.056
1343;29.1795;29.0347;22.227;-256.277;-256.692;-256.888;-256.95;-255.98;0;None;1000;None;14:37:43.557
1344;29.1717;29.0347;22.227;-256.269;-256.684;-256.888;-256.942;-255.98;0;None;1000;None;14:37:44.057
1345;29.1717;29.0308;22.227;-256.277;-256.684;-256.888;-256.942;-255.972;0;None;1000;None;14:37:44.556
1346;29.1717;29.0347;22.2348;-256.277;-256.684;-256.895;-256.942;-255.98;0;None;1000;None;14:37:45.058
1347;29.1717;29.0308;22.227;-256.277;-256.684;-256.888;-256.95;-255.98;0;None;1000;None;14:37:45.558
1348;29.1638;29.0308;22.2348;-256.277;-256.684;-256.895;-256.942;-255.98;0;None;1000;None;14:37:46.058
1349;29.1717;29.0308;22.227;-256.269;-256.684;-256.888;-256.942;-255.972;0;None;1000;None;14:37:46.557
1350;29.1638;29.0269;22.227;-256.277;-256.692;-256.888;-256.942;-255.988;0;None;1000;None;14:37:47.058
1351;29.1638;29.0308;22.2348;-256.269;-256.692;-256.895;-256.942;-255.98;0;None;1000;None;14:37:47.558
1352;29.1717;29.0269;22.227;-256.277;-256.692;-256.895;-256.95;-255.98;0;None;1000;None;14:37:48.056
1353;29.1717;29.0269;22.2348;-256.269;-256.684;-256.888;-256.95;-255.988;0;None;1000;None;14:37:48.557
1354;29.1638;29.0269;22.2426;-256.262;-256.7;-256.895;-256.95;-255.972;0;None;1000;None;14:37:49.057
1355;29.1638;29.0308;22.2348;-256.277;-256.684;-256.888;-256.942;-255.98;0;None;1000;None;14:37:49.557
1356;29.1638;29.0269;22.2426;-256.269;-256.684;-256.888;-256.942;-255.98;0;None;1000;None;14:37:50.058
1357;29.1717;29.0269;22.2504;-256.269;-256.692;-256.895;-256.95;-255.98;0;None;1000;None;14:37:50.558
1358;29.1638;29.0308;22.2426;-256.277;-256.692;-256.895;-256.942;-255.988;0;None;1000;None;14:37:51.056
1359;29.1638;29.0269;22.2426;-256.269;-256.684;-256.888;-256.942;-255.98;0;None;1000;None;14:37:51.556
1360;29.156;29.0269;22.2348;-256.269;-256.676;-256.888;-256.942;-255.988;0;None;1000;None;14:37:52.056
1361;29.1638;29.0269;22.2426;-256.269;-256.692;-256.895;-256.935;-255.98;0;None;1000;None;14:37:52.557
1362;29.1638;29.023;22.2426;-256.269;-256.684;-256.895;-256.942;-255.988;0;None;1000;None;14:37:53.058
1363;29.156;29.0191;22.2426;-256.269;-256.684;-256.888;-256.95;-255.98;0;None;1000;None;14:37:53.556
1364;29.1717;29.0191;22.2348;-256.269;-256.692;-256.895;-256.942;-255.98;0;None;1000;None;14:37:54.057
1365;29.156;29.0113;22.2348;-256.277;-256.684;-256.888;-256.95;-255.98;0;None;1000;None;14:37:54.557
1366;29.1638;29.0191;22.2348;-256.269;-256.692;-256.895;-256.942;-255.98;0;None;1000;None;14:37:55.056
1367;29.1638;29.0191;22.2348;-256.269;-256.684;-256.895;-256.942;-255.98;0;None;1000;None;14:37:55.557
1368;29.1717;29.0269;22.2348;-256.269;-256.692;-256.888;-256.95;-255.98;0;None;1000;None;14:37:56.057
1369;29.1638;29.0191;22.2426;-256.269;-256.692;-256.895;-256.95;-255.988;0;None;1000;None;14:37:56.557
1370;29.1638;29.0269;22.2348;-256.269;-256.684;-256.895;-256.942;-255.98;0;None;1000;None;14:37:57.057
1371;29.1638;29.0191;22.2348;-256.269;-256.692;-256.888;-256.95;-255.988;0;None;1000;None;14:37:57.557
1372;29.1638;29.0191;22.2348;-256.269;-256.692;-256.888;-256.95;-255.972;0;None;1000;None;14:37:58.056
1373;29.1638;29.0269;22.2348;-256.269;-256.684;-256.888;-256.942;-255.98;0;None;1000;None;14:37:58.556
1374;29.1638;29.0269;22.2348;-256.269;-256.684;-256.895;-256.95;-255.98;0;None;1000;None;14:37:59.057
1375;29.1717;29.0308;22.2348;-256.277;-256.684;-256.888;-256.942;-255.988;0;None;1000;None;14:37:59.558
1376;29.1638;29.0269;22.2348;-256.269;-256.684;-256.888;-256.958;-255.98;0;None;1000;None;14:38:00.057
1377;29.1638;29.0269;22.2348;-256.277;-256.684;-256.888;-256.95;-255.988;0;None;1000;None;14:38:00.557
1378;29.1638;29.0308;22.2426;-256.277;-256.684;-256.888;-256.95;-255.98;0;None;1000;None;14:38:01.057
1379;29.1638;29.0269;22.227;-256.269;-256.692;-256.888;-256.95;-255.98;0;None;1000;None;14:38:01.557
1380;29.1717;29.0269;22.2191;-256.269;-256.684;-256.895;-256.95;-255.988;0;None;1000;None;14:38:02.057
1381;29.1638;29.0191;22.227;-256.269;-256.684;-256.888;-256.942;-255.972;0;None;1000;None;14:38:02.556
1382;29.1638;29.0269;22.227;-256.269;-256.684;-256.895;-256.942;-255.98;0;None;1000;None;14:38:03.057
1383;29.1717;29.0191;22.227;-256.269;-256.684;-256.895;-256.942;-255.972;0;None;1000;None;14:38:03.556
1384;29.1638;29.0191;22.227;-256.277;-256.684;-256.895;-256.942;-255.98;0;None;1000;None;14:38:04.057
1385;29.156;29.0191;22.2191;-256.285;-256.684;-256.888;-256.95;-255.972;0;None;1000;None;14:38:04.556
1386;29.1638;29.0113;22.2113;-256.269;-256.684;-256.888;-256.942;-255.988;0;None;1000;None;14:38:05.057
1387;29.156;29.0269;22.2113;-256.269;-256.684;-256.895;-256.95;-255.98;0;None;1000;None;14:38:05.556
1388;29.1638;29.0269;22.2113;-256.277;-256.684;-256.888;-256.935;-255.98;0;None;1000;None;14:38:06.057
1389;29.1638;29.0191;22.2113;-256.269;-256.684;-256.888;-256.942;-255.98;0;None;1000;None;14:38:06.557
1390;29.156;29.0113;22.2113;-256.277;-256.676;-256.895;-256.95;-255.98;0;None;1000;None;14:38:07.056
1391;29.156;29.0269;22.2113;-256.269;-256.684;-256.888;-256.935;-255.98;0;None;1000;None;14:38:07.557
1392;29.1482;29.0113;22.2035;-256.277;-256.676;-256.888;-256.942;-255.98;0;None;1000;None;14:38:08.057
1393;29.156;29.0191;22.2113;-256.269;-256.684;-256.895;-256.942;-255.988;0;None;1000;None;14:38:08.556
1394;29.1482;29.0034;22.2035;-256.277;-256.684;-256.895;-256.942;-255.98;0;None;1000;None;14:38:09.056
1395;29.156;29.0191;22.2191;-256.269;-256.684;-256.888;-256.95;-255.98;0;None;1000;None;14:38:09.556
1396;29.156;29.0113;22.2113;-256.285;-256.684;-256.888;-256.942;-255.98;0;None;1000;None;14:38:10.057
1397;29.1482;29.0113;22.2113;-256.277;-256.684;-256.895;-256.942;-255.98;0;None;1000;None;14:38:10.556
1398;29.1482;29.0191;22.2113;-256.277;-256.692;-256.895;-256.95;-255.98;0;None;1000;None;14:38:11.057
1399;29.1404;29.0113;22.2113;-256.277;-256.684;-256.895;-256.95;-255.98;0;None;1000;None;14:38:11.557
1400;29.156;29.0113;22.2113;-256.277;-256.684;-256.895;-256.942;-255.988;0;None;1000;None;14:38:12.057
1401;29.1482;29.0113;22.2113;-256.277;-256.684;-256.895;-256.935;-255.98;0;None;1000;None;14:38:12.557
1402;29.1404;29.0113;22.2113;-256.277;-256.692;-256.903;-256.942;-255.98;0;None;1000;None;14:38:13.057
1403;29.1404;29.0034;22.2113;-256.277;-256.684;-256.895;-256.942;-255.972;0;None;1000;None;14:38:13.557
1404;29.1404;29.0113;22.2113;-256.277;-256.684;-256.895;-256.942;-255.98;0;None;1000;None;14:38:14.057
1405;29.1404;29.0034;22.2035;-256.269;-256.692;-256.888;-256.95;-255.98;0;None;1000;None;14:38:14.557
1406;29.1482;29.0034;22.2113;-256.277;-256.684;-256.895;-256.942;-255.98;0;None;1000;None;14:38:15.057
1407;29.1482;28.9956;22.2191;-256.269;-256.692;-256.888;-256.942;-255.98;0;None;1000;None;14:38:15.557
1408;29.156;28.9956;22.2035;-256.269;-256.684;-256.895;-256.942;-255.98;0;None;1000;None;14:38:16.057
1409;29.1482;28.9956;22.2113;-256.269;-256.692;-256.895;-256.942;-255.988;0;None;1000;None;14:38:16.557
1410;29.1482;29.0034;22.2113;-256.277;-256.692;-256.895;-256.95;-255.98;0;None;1000;None;14:38:17.056
1411;29.1482;28.9956;22.2113;-256.269;-256.684;-256.895;-256.95;-255.98;0;None;1000;None;14:38:17.558
1412;29.1482;28.9956;22.2113;-256.269;-256.692;-256.895;-256.95;-255.98;0;None;1000;None;14:38:18.056
1413;29.1482;28.9956;22.2113;-256.277;-256.692;-256.888;-256.942;-255.98;0;None;1000;None;14:38:18.557
1414;29.1482;28.9956;22.2113;-256.269;-256.692;-256.895;-256.95;-255.988;0;None;1000;None;14:38:19.057
1415;29.1404;29.0034;22.2113;-256.269;-256.692;-256.895;-256.935;-255.98;0;None;1000;None;14:38:19.557
1416;29.1482;28.9878;22.2191;-256.269;-256.692;-256.888;-256.942;-255.98;0;None;1000;None;14:38:20.057
1417;29.1404;28.9956;22.2113;-256.277;-256.692;-256.895;-256.942;-255.98;0;None;1000;None;14:38:20.558
1418;29.1482;29.0034;22.2035;-256.277;-256.692;-256.888;-256.942;-255.98;0;None;1000;None;14:38:21.056
1419;29.1482;28.9956;22.2035;-256.269;-256.692;-256.895;-256.935;-255.98;0;None;1000;None;14:38:21.557
1420;29.1482;28.9956;22.2113;-256.269;-256.684;-256.888;-256.942;-255.98;0;None;1000;None;14:38:22.057
1421;29.1482;29.0034;22.2191;-256.269;-256.684;-256.888;-256.935;-255.98;0;None;1000;None;14:38:22.557
1422;29.1482;29.0034;22.2113;-256.269;-256.692;-256.888;-256.942;-255.98;0;None;1000;None;14:38:23.056
1423;29.1404;28.9956;22.2113;-256.277;-256.684;-256.895;-256.942;-255.98;0;None;1000;None;14:38:23.556
1424;29.1404;29.0034;22.2113;-256.269;-256.684;-256.88;-256.942;-255.98;0;None;1000;None;14:38:24.057
1425;29.1404;29.0034;22.2035;-256.277;-256.684;-256.895;-256.935;-255.972;0;None;1000;None;14:38:24.556
1426;29.1404;29.0034;22.2113;-256.269;-256.684;-256.888;-256.942;-255.98;0;None;1000;None;14:38:25.057
1427;29.1404;29.0113;22.2035;-256.269;-256.684;-256.895;-256.942;-255.972;0;None;1000;None;14:38:25.556
1428;29.1404;29.0034;22.2035;-256.269;-256.692;-256.895;-256.942;-255.98;0;None;1000;None;14:38:26.056
1429;29.1404;29.0034;22.2113;-256.269;-256.684;-256.895;-256.95;-255.98;0;None;1000;None;14:38:26.556
1430;29.1404;29.0034;22.2191;-256.269;-256.692;-256.888;-256.942;-255.972;0;None;1000;None;14:38:27.056
1431;29.1325;29.0034;22.2191;-256.269;-256.692;-256.888;-256.942;-255.98;0;None;1000;None;14:38:27.556
1432;29.1404;29.0034;22.2191;-256.269;-256.684;-256.888;-256.935;-255.98;0;None;1000;None;14:38:28.056
1433;29.1404;28.9956;22.2191;-256.277;-256.684;-256.895;-256.942;-255.972;0;None;1000;None;14:38:28.556
1434;29.1404;28.9956;22.2113;-256.269;-256.684;-256.895;-256.935;-255.98;0;None;1000;None;14:38:29.056
1435;29.1325;29.0034;22.2191;-256.277;-256.692;-256.895;-256.942;-255.98;0;None;1000;None;14:38:29.556
1436;29.1482;28.9956;22.2191;-256.269;-256.684;-256.888;-256.942;-255.98;0;None;1000;None;14:38:30.056
1437;29.1482;28.9956;22.227;-256.277;-256.684;-256.895;-256.935;-255.98;0;None;1000;None;14:38:30.556
1438;29.1482;28.9956;22.2191;-256.277;-256.692;-256.888;-256.935;-255.98;0;None;1000;None;14:38:31.057
1439;29.1482;29.0034;22.227;-256.277;-256.684;-256.895;-256.935;-255.972;0;None;1000;None;14:38:31.556
1440;29.1482;29.0034;22.227;-256.269;-256.692;-256.888;-256.95;-255.98;0;None;1000;None;14:38:32.056
1441;29.1482;29.0034;22.227;-256.277;-256.692;-256.895;-256.942;-255.972;0;None;1000;None;14:38:32.555
1442;29.1482;29.0034;22.2113;-256.277;-256.684;-256.895;-256.942;-255.98;0;None;1000;None;14:38:33.057
1443;29.156;29.0034;22.227;-256.269;-256.692;-256.895;-256.95;-255.98;0;None;1000;None;14:38:33.556
1444;29.1482;29.0034;22.2191;-256.262;-256.684;-256.888;-256.942;-255.972;0;None;1000;None;14:38:34.057
1445;29.1404;29.0034;22.227;-256.269;-256.692;-256.895;-256.95;-255.98;0;None;1000;None;14:38:34.556
1446;29.1404;29.0034;22.227;-256.269;-256.692;-256.888;-256.935;-255.98;0;None;1000;None;14:38:35.056
1447;29.1482;28.9956;22.2191;-256.269;-256.692;-256.895;-256.942;-255.972;0;None;1000;None;14:38:35.557
1448;29.1404;29.0034;22.227;-256.269;-256.692;-256.888;-256.935;-255.98;0;None;1000;None;14:38:36.056
1449;29.1404;29.0113;22.2191;-256.269;-256.692;-256.888;-256.942;-255.972;0;None;1000;None;14:38:36.556
1450;29.1404;29.0034;22.227;-256.269;-256.684;-256.888;-256.942;-255.98;0;None;1000;None;14:38:37.057
1451;29.1404;29.0113;22.2348;-256.277;-256.684;-256.888;-256.935;-255.972;0;None;1000;None;14:38:37.556
1452;29.1482;29.0034;22.227;-256.277;-256.692;-256.888;-256.942;-255.98;0;None;1000;None;14:38:38.057
1453;29.1482;29.0113;22.2348;-256.269;-256.684;-256.888;-256.942;-255.98;0;None;1000;None;14:38:38.557
1454;29.1482;29.0113;22.227;-256.277;-256.676;-256.888;-256.935;-255.98;0;None;1000;None;14:38:39.057
1455;29.1482;28.9956;22.227;-256.269;-256.684;-256.888;-256.942;-255.98;0;None;1000;None;14:38:39.557
1456;29.1482;29.0034;22.2348;-256.269;-256.692;-256.888;-256.935;-255.972;0;None;1000;None;14:38:40.057
1457;29.1482;29.0034;22.227;-256.277;-256.692;-256.888;-256.942;-255.98;0;None;1000;None;14:38:40.556
1458;29.1404;28.9956;22.2348;-256.269;-256.684;-256.888;-256.942;-255.98;0;None;1000;None;14:38:41.056
1459;29.1482;29.0113;22.227;-256.269;-256.692;-256.888;-256.935;-255.988;0;None;1000;None;14:38:41.557
1460;29.1404;29.0034;22.2348;-256.269;-256.684;-256.888;-256.942;-255.972;0;None;1000;None;14:38:42.057
1461;29.1482;29.0034;22.2348;-256.277;-256.684;-256.888;-256.95;-255.98;0;None;1000;None;14:38:42.555
1462;29.1404;29.0113;22.2348;-256.269;-256.7;-256.888;-256.942;-255.98;0;None;1000;None;14:38:43.056
1463;29.1404;29.0034;22.227;-256.277;-256.692;-256.895;-256.942;-255.988;0;None;1000;None;14:38:43.557
1464;29.1482;29.0113;22.2348;-256.269;-256.692;-256.888;-256.942;-255.98;0;None;1000;None;14:38:44.056
1465;29.1404;29.0113;22.227;-256.277;-256.684;-256.895;-256.942;-255.98;0;None;1000;None;14:38:44.556
1466;29.1404;29.0034;22.2348;-256.269;-256.692;-256.888;-256.942;-255.98;0;None;1000;None;14:38:45.056
1467;29.1482;29.0113;22.227;-256.277;-256.684;-256.895;-256.942;-255.98;0;None;1000;None;14:38:45.557
1468;29.1404;29.0113;22.227;-256.269;-256.692;-256.88;-256.942;-255.98;0;None;1000;None;14:38:46.056
1469;29.1404;29.0113;22.2348;-256.269;-256.684;-256.895;-256.942;-255.98;0;None;1000;None;14:38:46.556
1470;29.1325;29.0034;22.2348;-256.269;-256.684;-256.888;-256.942;-255.98;0;None;1000;None;14:38:47.057
1471;29.1325;29.0034;22.227;-256.277;-256.692;-256.888;-256.942;-255.988;0;None;1000;None;14:38:47.557
1472;29.1404;29.0034;22.2348;-256.269;-256.684;-256.888;-256.95;-255.98;0;None;1000;None;14:38:48.055
1473;29.1404;29.0113;22.227;-256.269;-256.692;-256.888;-256.942;-255.98;0;None;1000;None;14:38:48.555
1474;29.1325;29.0034;22.227;-256.269;-256.692;-256.895;-256.95;-255.98;0;None;1000;None;14:38:49.055
1475;29.1325;29.0113;22.2348;-256.269;-256.692;-256.888;-256.95;-255.988;0;None;1000;None;14:38:49.556
1476;29.1325;28.9956;22.227;-256.269;-256.692;-256.895;-256.942;-255.98;0;None;1000;None;14:38:50.055
1477;29.1247;29.0034;22.227;-256.269;-256.692;-256.888;-256.958;-255.98;0;None;1000;None;14:38:50.557
1478;29.1247;29.0113;22.227;-256.269;-256.692;-256.888;-256.942;-255.98;0;None;1000;None;14:38:51.056
1479;29.1169;29.0034;22.227;-256.262;-256.692;-256.895;-256.942;-255.988;0;None;1000;None;14:38:51.555
1480;29.1247;29.0113;22.227;-256.269;-256.7;-256.895;-256.95;-255.98;0;None;1000;None;14:38:52.055
1481;29.1169;29.0034;22.227;-256.269;-256.7;-256.888;-256.942;-255.988;0;None;1000;None;14:38:52.555
1482;29.1247;28.9956;22.227;-256.269;-256.684;-256.888;-256.95;-255.98;0;None;1000;None;14:38:53.055
1483;29.1247;29.0034;22.2191;-256.269;-256.7;-256.895;-256.942;-255.988;0;None;1000;None;14:38:53.556
1484;29.1169;29.0034;22.2191;-256.269;-256.692;-256.888;-256.942;-255.98;0;None;1000;None;14:38:54.056
1485;29.1169;28.9956;22.227;-256.277;-256.692;-256.888;-256.942;-255.98;0;None;1000;None;14:38:54.556
1486;29.1247;29.0034;22.2191;-256.269;-256.684;-256.888;-256.942;-255.988;0;None;1000;None;14:38:55.056
1487;29.1247;28.9956;22.227;-256.269;-256.692;-256.895;-256.942;-255.98;0;None;1000;None;14:38:55.557
1488;29.1247;29.0034;22.2191;-256.277;-256.684;-256.888;-256.95;-255.98;0;None;1000;None;14:38:56.057
1489;29.1247;29.0034;22.2191;-256.269;-256.692;-256.888;-256.95;-255.972;0;None;1000;None;14:38:56.556
1490;29.1325;29.0034;22.2113;-256.277;-256.684;-256.888;-256.942;-255.988;0;None;1000;None;14:38:57.056
1491;29.1325;29.0034;22.2191;-256.277;-256.684;-256.888;-256.95;-255.98;0;None;1000;None;14:38:57.556
1492;29.1325;28.9956;22.2035;-256.277;-256.692;-256.895;-256.942;-255.98;0;None;1000;None;14:38:58.057
1493;29.1325;28.9956;22.2191;-256.269;-256.692;-256.888;-256.958;-255.98;0;None;1000;None;14:38:58.557
1494;29.1325;29.0034;22.2191;-256.277;-256.692;-256.888;-256.95;-255.98;0;None;1000;None;14:38:59.057
1495;29.1325;28.9956;22.2113;-256.269;-256.684;-256.895;-256.942;-255.98;0;None;1000;None;14:38:59.557
1496;29.1247;29.0034;22.2035;-256.269;-256.692;-256.888;-256.95;-255.98;0;None;1000;None;14:39:00.056
1497;29.1247;28.9956;22.2035;-256.262;-256.692;-256.895;-256.942;-255.98;0;None;1000;None;14:39:00.557
1498;29.1247;28.9956;22.2113;-256.269;-256.692;-256.888;-256.942;-255.98;0;None;1000;None;14:39:01.057
1499;29.1325;29.0034;22.2035;-256.269;-256.692;-256.895;-256.95;-255.972;0;None;1000;None;14:39:01.556
1500;29.1247;29.0034;22.2113;-256.262;-256.684;-256.888;-256.942;-255.98;0;None;1000;None;14:39:02.055
1501;29.1169;29.0034;22.2035;-256.269;-256.692;-256.895;-256.95;-255.98;0;None;1000;None;14:39:02.556
1502;29.1247;29.0034;22.2113;-256.269;-256.676;-256.888;-256.942;-255.98;0;None;1000;None;14:39:03.055
1503;29.1169;28.9956;22.2113;-256.269;-256.684;-256.895;-256.942;-255.98;0;None;1000;None;14:39:03.557
1504;29.1169;29.0034;22.2113;-256.262;-256.684;-256.888;-256.935;-255.98;0;None;1000;None;14:39:04.056
1505;29.1169;28.9956;22.2113;-256.262;-256.684;-256.895;-256.942;-255.988;0;None;1000;None;14:39:04.556
1506;29.1247;29.0034;22.2113;-256.269;-256.684;-256.895;-256.935;-255.98;0;None;1000;None;14:39:05.056
1507;29.1169;29.0113;22.2191;-256.262;-256.684;-256.888;-256.942;-255.98;0;None;1000;None;14:39:05.557
1508;29.1169;29.0034;22.2113;-256.262;-256.684;-256.888;-256.942;-255.98;0;None;1000;None;14:39:06.056
1509;29.1169;29.0034;22.2035;-256.269;-256.692;-256.895;-256.942;-255.98;0;None;1000;None;14:39:06.555
1510;29.1169;29.0034;22.2113;-256.269;-256.684;-256.895;-256.942;-255.988;0;None;1000;None;14:39:07.055
1511;29.1247;28.9956;22.2035;-256.262;-256.684;-256.888;-256.942;-255.98;0;None;1000;None;14:39:07.556
1512;29.1169;29.0113;22.2035;-256.262;-256.684;-256.895;-256.942;-255.988;0;None;1000;None;14:39:08.056
1513;29.1169;29.0113;22.2113;-256.262;-256.684;-256.888;-256.935;-255.98;0;None;1000;None;14:39:08.556
1514;29.1247;29.0034;22.2113;-256.262;-256.684;-256.888;-256.935;-255.98;0;None;1000;None;14:39:09.055
1515;29.1169;29.0034;22.2113;-256.269;-256.692;-256.895;-256.935;-255.988;0;None;1000;None;14:39:09.555
1516;29.1169;29.0034;22.1957;-256.262;-256.684;-256.895;-256.935;-255.98;0;None;1000;None;14:39:10.055
1517;29.1247;29.0034;22.2113;-256.262;-256.692;-256.895;-256.935;-255.988;0;None;1000;None;14:39:10.554
1518;29.1169;29.0034;22.2035;-256.269;-256.684;-256.888;-256.942;-255.98;0;None;1000;None;14:39:11.055
1519;29.1247;28.9956;22.2113;-256.262;-256.692;-256.895;-256.935;-255.988;0;None;1000;None;14:39:11.555
1520;29.1247;28.9878;22.2035;-256.262;-256.692;-256.903;-256.942;-255.98;0;None;1000;None;14:39:12.055
1521;29.1325;28.9878;22.2035;-256.262;-256.684;-256.888;-256.942;-255.988;0;None;1000;None;14:39:12.554
1522;29.1325;28.9878;22.2035;-256.262;-256.692;-256.895;-256.942;-255.988;0;None;1000;None;14:39:13.055
1523;29.1247;28.9878;22.2035;-256.262;-256.692;-256.888;-256.942;-255.98;0;None;1000;None;14:39:13.555
1524;29.1247;28.98;22.2035;-256.262;-256.684;-256.888;-256.935;-255.988;0;None;1000;None;14:39:14.055
1525;29.1325;28.9878;22.2035;-256.269;-256.692;-256.888;-256.942;-255.98;0;None;1000;None;14:39:14.555
1526;29.1247;28.9878;22.2035;-256.262;-256.692;-256.888;-256.95;-255.972;0;None;1000;None;14:39:15.056
1527;29.1325;28.98;22.2035;-256.262;-256.684;-256.888;-256.942;-255.972;0;None;1000;None;14:39:15.557
1528;29.1325;28.9956;22.2035;-256.269;-256.684;-256.888;-256.942;-255.972;0;None;1000;None;14:39:16.055
1529;29.1325;28.9878;22.2035;-256.262;-256.692;-256.888;-256.935;-255.98;0;None;1000;None;14:39:16.555
1530;29.1247;28.9878;22.2035;-256.269;-256.684;-256.888;-256.942;-255.988;0;None;1000;None;14:39:17.055
1531;29.1325;28.9878;22.1957;-256.269;-256.692;-256.888;-256.935;-255.98;0;None;1000;None;14:39:17.555
1532;29.1325;28.98;22.2035;-256.269;-256.684;-256.888;-256.95;-255.98;0;None;1000;None;14:39:18.055
1533;29.1325;28.98;22.2035;-256.269;-256.684;-256.888;-256.935;-255.972;0;None;1000;None;14:39:18.556
1534;29.1325;28.98;22.2035;-256.262;-256.692;-256.88;-256.95;-255.988;0;None;1000;None;14:39:19.056
1535;29.1325;28.98;22.1957;-256.262;-256.684;-256.88;-256.942;-255.98;0;None;1000;None;14:39:19.555
1536;29.1247;28.98;22.2035;-256.269;-256.684;-256.888;-256.95;-255.98;0;None;1000;None;14:39:20.055
1537;29.1404;28.98;22.2035;-256.269;-256.684;-256.88;-256.942;-255.98;0;None;1000;None;14:39:20.556
1538;29.1325;28.9721;22.2035;-256.269;-256.684;-256.88;-256.942;-255.972;0;None;1000;None;14:39:21.056
1539;29.1404;28.98;22.1957;-256.262;-256.684;-256.888;-256.95;-255.98;0;None;1000;None;14:39:21.556
1540;29.1325;28.98;22.2035;-256.262;-256.684;-256.88;-256.942;-255.98;0;None;1000;None;14:39:22.055
1541;29.1404;28.98;22.1957;-256.262;-256.684;-256.888;-256.935;-255.98;0;None;1000;None;14:39:22.557
1542;29.1325;28.98;22.2035;-256.254;-256.684;-256.88;-256.942;-255.972;0;None;1000;None;14:39:23.057
1543;29.1247;28.98;22.2035;-256.262;-256.684;-256.888;-256.927;-255.972;0;None;1000;None;14:39:23.556
1544;29.1247;28.9878;22.1957;-256.269;-256.684;-256.88;-256.942;-255.98;0;None;1000;None;14:39:24.055
1545;29.1247;28.98;22.2035;-256.262;-256.684;-256.88;-256.935;-255.98;0;None;1000;None;14:39:24.557
1546;29.1247;28.9721;22.2035;-256.262;-256.684;-256.888;-256.935;-255.972;0;None;1000;None;14:39:25.056
1547;29.1247;28.98;22.1957;-256.269;-256.684;-256.888;-256.942;-255.98;0;None;1000;None;14:39:25.557
1548;29.1247;28.9878;22.2035;-256.262;-256.684;-256.88;-256.942;-255.98;0;None;1000;None;14:39:26.057
1549;29.1247;28.98;22.1957;-256.269;-256.692;-256.888;-256.942;-255.964;0;None;1000;None;14:39:26.556
1550;29.1247;28.98;22.2035;-256.269;-256.684;-256.88;-256.942;-255.98;0;None;1000;None;14:39:27.054
1551;29.1247;28.98;22.1957;-256.269;-256.692;-256.88;-256.942;-255.972;0;None;1000;None;14:39:27.556
1552;29.1247;28.98;22.2035;-256.269;-256.692;-256.88;-256.95;-255.972;0;None;1000;None;14:39:28.057
1553;29.1325;28.98;22.1957;-256.269;-256.7;-256.88;-256.942;-255.98;0;None;1000;None;14:39:28.556
1554;29.1247;28.9721;22.2035;-256.262;-256.692;-256.88;-256.95;-255.98;0;None;1000;None;14:39:29.056
1555;29.1247;28.98;22.2113;-256.269;-256.692;-256.872;-256.95;-255.98;0;None;1000;None;14:39:29.556
1556;29.1247;28.98;22.1957;-256.269;-256.692;-256.888;-256.935;-255.98;0;None;1000;None;14:39:30.056
1557;29.1169;28.98;22.1957;-256.262;-256.684;-256.88;-256.942;-255.98;0;None;1000;None;14:39:30.556
1558;29.1247;28.98;22.1957;-256.269;-256.692;-256.888;-256.942;-255.98;0;None;1000;None;14:39:31.056
1559;29.1247;28.9878;22.2035;-256.269;-256.684;-256.88;-256.935;-255.972;0;None;1000;None;14:39:31.556
1560;29.1247;28.9878;22.1957;-256.262;-256.684;-256.888;-256.942;-255.972;0;None;1000;None;14:39:32.055
1561;29.1247;28.98;22.1957;-256.269;-256.684;-256.88;-256.935;-255.98;0;None;1000;None;14:39:32.557
1562;29.1325;28.98;22.2035;-256.269;-256.684;-256.895;-256.942;-255.98;0;None;1000;None;14:39:33.056
1563;29.1325;28.9878;22.1957;-256.269;-256.692;-256.888;-256.935;-255.972;0;None;1000;None;14:39:33.557
1564;29.1404;28.98;22.2035;-256.269;-256.684;-256.888;-256.935;-255.98;0;None;1000;None;14:39:34.056
1565;29.1325;28.98;22.2035;-256.269;-256.684;-256.895;-256.942;-255.98;0;None;1000;None;14:39:34.557
1566;29.1325;28.9721;22.2191;-256.277;-256.684;-256.888;-256.935;-255.98;0;None;1000;None;14:39:35.055
1567;29.1404;28.9643;22.2113;-256.269;-256.684;-256.895;-256.942;-255.972;0;None;1000;None;14:39:35.556
1568;29.1404;28.9721;22.2035;-256.269;-256.684;-256.888;-256.935;-255.98;0;None;1000;None;14:39:36.056
1569;29.1404;28.9721;22.2113;-256.262;-256.684;-256.888;-256.942;-255.972;0;None;1000;None;14:39:36.557
1570;29.1325;28.98;22.2113;-256.269;-256.684;-256.895;-256.942;-255.98;0;None;1000;None;14:39:37.055
1571;29.1404;28.9643;22.2113;-256.262;-256.684;-256.888;-256.942;-255.972;0;None;1000;None;14:39:37.556
1572;29.1247;28.9643;22.2113;-256.269;-256.684;-256.888;-256.942;-255.972;0;None;1000;None;14:39:38.056
1573;29.1325;28.9565;22.2113;-256.269;-256.676;-256.888;-256.935;-255.972;0;None;1000;None;14:39:38.556
1574;29.1247;28.9565;22.2191;-256.269;-256.692;-256.888;-256.935;-255.972;0;None;1000;None;14:39:39.055
1575;29.1325;28.9643;22.2113;-256.269;-256.684;-256.895;-256.942;-255.98;0;None;1000;None;14:39:39.556
1576;29.1247;28.9565;22.2191;-256.269;-256.684;-256.888;-256.935;-255.972;0;None;1000;None;14:39:40.056
1577;29.1325;28.9643;22.2191;-256.262;-256.684;-256.895;-256.942;-255.972;0;None;1000;None;14:39:40.556
1578;29.1325;28.9565;22.2113;-256.269;-256.684;-256.888;-256.942;-255.972;0;None;1000;None;14:39:41.056
1579;29.1325;28.9565;22.2191;-256.262;-256.684;-256.895;-256.935;-255.972;0;None;1000;None;14:39:41.556
1580;29.1325;28.9565;22.2113;-256.262;-256.684;-256.888;-256.935;-255.972;0;None;1000;None;14:39:42.055
1581;29.1325;28.9565;22.2191;-256.262;-256.684;-256.888;-256.935;-255.98;0;None;1000;None;14:39:42.556
1582;29.1325;28.9487;22.2113;-256.262;-256.684;-256.888;-256.942;-255.98;0;None;1000;None;14:39:43.056
1583;29.1325;28.9487;22.2191;-256.262;-256.684;-256.888;-256.935;-255.98;0;None;1000;None;14:39:43.555
1584;29.1325;28.9487;22.2113;-256.262;-256.692;-256.895;-256.935;-255.98;0;None;1000;None;14:39:44.056
1585;29.1247;28.9487;22.2113;-256.262;-256.684;-256.888;-256.942;-255.972;0;None;1000;None;14:39:44.556
1586;29.1404;28.9487;22.2035;-256.262;-256.684;-256.888;-256.935;-255.98;0;None;1000;None;14:39:45.056
1587;29.1325;28.9487;22.2113;-256.269;-256.684;-256.895;-256.942;-255.98;0;None;1000;None;14:39:45.557
1588;29.1247;28.9487;22.2113;-256.269;-256.684;-256.888;-256.935;-255.972;0;None;1000;None;14:39:46.056
1589;29.1325;28.9487;22.2113;-256.262;-256.684;-256.888;-256.935;-255.98;0;None;1000;None;14:39:46.556
1590;29.1247;28.9565;22.2113;-256.262;-256.676;-256.888;-256.942;-255.972;0;None;1000;None;14:39:47.055
1591;29.1247;28.9487;22.2113;-256.262;-256.684;-256.895;-256.942;-255.98;0;None;1000;None;14:39:47.556
1592;29.1247;28.9565;22.2035;-256.262;-256.676;-256.888;-256.935;-255.98;0;None;1000;None;14:39:48.056
1593;29.1169;28.9643;22.2113;-256.262;-256.676;-256.888;-256.927;-255.98;0;None;1000;None;14:39:48.557
1594;29.1247;28.9487;22.2035;-256.269;-256.684;-256.888;-256.935;-255.98;0;None;1000;None;14:39:49.055
1595;29.1247;28.9565;22.2191;-256.262;-256.684;-256.888;-256.935;-255.972;0;None;1000;None;14:39:49.556
1596;29.1169;28.9565;22.2113;-256.262;-256.676;-256.888;-256.942;-255.98;0;None;1000;None;14:39:50.055
1597;29.1169;28.9565;22.2191;-256.262;-256.676;-256.888;-256.935;-255.972;0;None;1000;None;14:39:50.556
1598;29.1169;28.9643;22.2191;-256.262;-256.684;-256.888;-256.942;-255.972;0;None;1000;None;14:39:51.056
1599;29.1169;28.9565;22.227;-256.262;-256.676;-256.895;-256.942;-255.98;0;None;1000;None;14:39:51.556
1600;29.1247;28.9721;22.2191;-256.269;-256.676;-256.895;-256.942;-255.972;0;None;1000;None;14:39:52.055
1601;29.1247;28.9643;22.2191;-256.262;-256.676;-256.888;-256.942;-255.98;0;None;1000;None;14:39:52.556
1602;29.1169;28.9643;22.2191;-256.269;-256.676;-256.895;-256.942;-255.972;0;None;1000;None;14:39:53.056
1603;29.1247;28.9643;22.227;-256.262;-256.676;-256.895;-256.95;-255.972;0;None;1000;None;14:39:53.555
1604;29.1169;28.9721;22.2113;-256.262;-256.676;-256.895;-256.942;-255.964;0;None;1000;None;14:39:54.056
1605;29.1247;28.9643;22.2191;-256.262;-256.668;-256.903;-256.942;-255.972;0;None;1000;None;14:39:54.554
1606;29.1247;28.9643;22.2191;-256.269;-256.676;-256.895;-256.942;-255.972;0;None;1000;None;14:39:55.054
1607;29.1325;28.9643;22.227;-256.262;-256.676;-256.888;-256.942;-255.98;0;None;1000;None;14:39:55.556
1608;29.1169;28.9643;22.2191;-256.262;-256.676;-256.895;-256.958;-255.972;0;None;1000;None;14:39:56.055
1609;29.1169;28.9565;22.2191;-256.269;-256.676;-256.895;-256.95;-255.98;0;None;1000;None;14:39:56.555
1610;29.1169;28.9565;22.2113;-256.269;-256.684;-256.895;-256.942;-255.972;0;None;1000;None;14:39:57.056
1611;29.1091;28.9565;22.2191;-256.269;-256.676;-256.895;-256.95;-255.98;0;None;1000;None;14:39:57.555
1612;29.1169;28.9643;22.2113;-256.262;-256.684;-256.895;-256.942;-255.98;0;None;1000;None;14:39:58.055
1613;29.1247;28.9487;22.2113;-256.269;-256.676;-256.895;-256.95;-255.98;0;None;1000;None;14:39:58.556
1614;29.1169;28.9643;22.2113;-256.262;-256.676;-256.903;-256.942;-255.972;0;None;1000;None;14:39:59.054
1615;29.1247;28.9643;22.2113;-256.254;-256.684;-256.895;-256.935;-255.972;0;None;1000;None;14:39:59.555
1616;29.1169;28.9565;22.2113;-256.262;-256.684;-256.895;-256.942;-255.972;0;None;1000;None;14:40:00.056
1617;29.1169;28.9643;22.2035;-256.269;-256.684;-256.895;-256.942;-255.972;0;None;1000;None;14:40:00.555
1618;29.1091;28.9565;22.1957;-256.254;-256.676;-256.895;-256.935;-255.98;0;None;1000;None;14:40:01.056
1619;29.1169;28.9565;22.1957;-256.269;-256.684;-256.895;-256.935;-255.972;0;None;1000;None;14:40:01.556
1620;29.1169;28.9565;22.2035;-256.262;-256.676;-256.895;-256.942;-255.972;0;None;1000;None;14:40:02.055
1621;29.1247;28.9643;22.1957;-256.262;-256.684;-256.895;-256.935;-255.98;0;None;1000;None;14:40:02.555
1622;29.1247;28.9565;22.1957;-256.269;-256.676;-256.895;-256.942;-255.972;0;None;1000;None;14:40:03.055
1623;29.1325;28.9565;22.2035;-256.269;-256.684;-256.888;-256.942;-255.98;0;None;1000;None;14:40:03.555
1624;29.1325;28.9643;22.1957;-256.269;-256.676;-256.895;-256.942;-255.972;0;None;1000;None;14:40:04.055
1625;29.1325;28.9565;22.2035;-256.262;-256.668;-256.888;-256.942;-255.98;0;None;1000;None;14:40:04.556
1626;29.1247;28.9565;22.1957;-256.269;-256.676;-256.888;-256.942;-255.98;0;None;1000;None;14:40:05.056
1627;29.1325;28.9643;22.2035;-256.269;-256.684;-256.888;-256.942;-255.972;0;None;1000;None;14:40:05.556
1628;29.1247;28.9643;22.2035;-256.262;-256.684;-256.895;-256.95;-255.98;0;None;1000;None;14:40:06.055
1629;29.1325;28.9643;22.1957;-256.269;-256.676;-256.888;-256.942;-255.98;0;None;1000;None;14:40:06.556
1630;29.1325;28.9643;22.1957;-256.269;-256.684;-256.895;-256.935;-255.98;0;None;1000;None;14:40:07.055
1631;29.1325;28.9643;22.2035;-256.262;-256.684;-256.895;-256.935;-255.98;0;None;1000;None;14:40:07.555
1632;29.1325;28.9565;22.1878;-256.262;-256.684;-256.895;-256.942;-255.98;0;None;1000;None;14:40:08.055
1633;29.1247;28.9565;22.1878;-256.269;-256.692;-256.895;-256.935;-255.972;0;None;1000;None;14:40:08.556
1634;29.1247;28.9565;22.1878;-256.269;-256.676;-256.895;-256.942;-255.98;0;None;1000;None;14:40:09.055
1635;29.1169;28.9487;22.1878;-256.262;-256.692;-256.895;-256.942;-255.98;0;None;1000;None;14:40:09.557
1636;29.1247;28.9565;22.1878;-256.269;-256.676;-256.895;-256.95;-255.98;0;None;1000;None;14:40:10.055
1637;29.1247;28.9565;22.1878;-256.269;-256.684;-256.888;-256.942;-255.972;0;None;1000;None;14:40:10.556
1638;29.1169;28.9487;22.1878;-256.262;-256.684;-256.895;-256.95;-255.98;0;None;1000;None;14:40:11.055
1639;29.1247;28.9565;22.1878;-256.269;-256.676;-256.895;-256.942;-255.98;0;None;1000;None;14:40:11.556
1640;29.1169;28.9487;22.1878;-256.269;-256.684;-256.888;-256.942;-255.988;0;None;1000;None;14:40:12.055
1641;29.1091;28.9487;22.1878;-256.269;-256.676;-256.895;-256.942;-255.98;0;None;1000;None;14:40:12.556
1642;29.1091;28.9487;22.1957;-256.262;-256.676;-256.888;-256.942;-255.98;0;None;1000;None;14:40:13.055
1643;29.1169;28.9487;22.1957;-256.269;-256.676;-256.895;-256.942;-255.98;0;None;1000;None;14:40:13.556
1644;29.1091;28.9565;22.1878;-256.269;-256.676;-256.895;-256.942;-255.988;0;None;1000;None;14:40:14.056
1645;29.1169;28.9487;22.1957;-256.269;-256.676;-256.895;-256.95;-255.98;0;None;1000;None;14:40:14.555
1646;29.1169;28.9565;22.18;-256.269;-256.676;-256.888;-256.942;-255.98;0;None;1000;None;14:40:15.055
1647;29.1169;28.9487;22.1957;-256.269;-256.676;-256.888;-256.95;-255.988;0;None;1000;None;14:40:15.556
1648;29.1247;28.9565;22.1878;-256.269;-256.684;-256.888;-256.942;-255.98;0;None;1000;None;14:40:16.055
1649;29.1169;28.9565;22.1878;-256.269;-256.676;-256.895;-256.95;-255.988;0;None;1000;None;14:40:16.555
1650;29.1169;28.9565;22.1878;-256.262;-256.684;-256.888;-256.942;-255.98;0;None;1000;None;14:40:17.055
1651;29.1169;28.9643;22.1878;-256.269;-256.676;-256.895;-256.95;-255.98;0;None;1000;None;14:40:17.555
1652;29.1247;28.9565;22.1878;-256.269;-256.684;-256.888;-256.942;-255.988;0;None;1000;None;14:40:18.055
1653;29.1169;28.9643;22.1878;-256.269;-256.676;-256.895;-256.95;-255.98;0;None;1000;None;14:40:18.556
1654;29.1091;28.9643;22.18;-256.269;-256.684;-256.888;-256.95;-255.988;0;None;1000;None;14:40:19.055
1655;29.1169;28.9721;22.1878;-256.269;-256.684;-256.88;-256.942;-255.98;0;None;1000;None;14:40:19.556
1656;29.1247;28.9565;22.1878;-256.269;-256.676;-256.888;-256.95;-255.98;0;None;1000;None;14:40:20.055
1657;29.1169;28.9643;22.18;-256.269;-256.684;-256.888;-256.95;-255.988;0;None;1000;None;14:40:20.555
1658;29.1169;28.9565;22.1878;-256.269;-256.684;-256.888;-256.942;-255.98;0;None;1000;None;14:40:21.056
1659;29.1169;28.9643;22.18;-256.269;-256.676;-256.888;-256.942;-255.98;0;None;1000;None;14:40:21.556
1660;29.1247;28.9487;22.1878;-256.269;-256.684;-256.888;-256.942;-255.98;0;None;1000;None;14:40:22.055
1661;29.1247;28.9487;22.1878;-256.269;-256.684;-256.88;-256.942;-255.98;0;None;1000;None;14:40:22.555
1662;29.1091;28.9487;22.1878;-256.269;-256.684;-256.888;-256.942;-255.98;0;None;1000;None;14:40:23.056
1663;29.1091;28.9487;22.18;-256.269;-256.684;-256.888;-256.942;-255.98;0;None;1000;None;14:40:23.555
1664;29.1091;28.9487;22.1878;-256.269;-256.676;-256.888;-256.935;-255.98;0;None;1000;None;14:40:24.055
1665;29.1091;28.9487;22.1957;-256.262;-256.676;-256.895;-256.942;-255.988;0;None;1000;None;14:40:24.556
1666;29.1091;28.9487;22.1878;-256.269;-256.676;-256.888;-256.95;-255.98;0;None;1000;None;14:40:25.056
1667;29.1091;28.9487;22.1878;-256.269;-256.676;-256.895;-256.95;-255.988;0;None;1000;None;14:40:25.556
1668;29.1091;28.9487;22.1878;-256.269;-256.676;-256.888;-256.95;-255.98;0;None;1000;None;14:40:26.056
1669;29.1091;28.9408;22.1878;-256.269;-256.676;-256.895;-256.942;-255.98;0;None;1000;None;14:40:26.556
1670;29.1169;28.9487;22.1878;-256.269;-256.676;-256.895;-256.958;-255.98;0;None;1000;None;14:40:27.054
1671;29.1091;28.9487;22.1878;-256.262;-256.676;-256.888;-256.95;-255.988;0;None;1000;None;14:40:27.554
1672;29.1169;28.9487;22.1878;-256.269;-256.676;-256.888;-256.95;-255.988;0;None;1000;None;14:40:28.056
1673;29.1012;28.9487;22.1878;-256.262;-256.668;-256.895;-256.942;-255.98;0;None;1000;None;14:40:28.555
1674;29.1091;28.9408;22.1878;-256.269;-256.676;-256.895;-256.95;-255.98;0;None;1000;None;14:40:29.056
1675;29.1091;28.9565;22.1878;-256.269;-256.676;-256.888;-256.95;-255.98;0;None;1000;None;14:40:29.555
1676;29.1091;28.9487;22.1878;-256.262;-256.684;-256.895;-256.935;-255.98;0;None;1000;None;14:40:30.055
1677;29.1012;28.9487;22.1878;-256.269;-256.676;-256.888;-256.935;-255.98;0;None;1000;None;14:40:30.555
1678;29.1012;28.9487;22.1957;-256.269;-256.668;-256.888;-256.942;-255.98;0;None;1000;None;14:40:31.054
1679;29.1091;28.9487;22.1878;-256.269;-256.676;-256.895;-256.942;-255.98;0;None;1000;None;14:40:31.555
1680;29.1169;28.9565;22.1878;-256.269;-256.676;-256.888;-256.942;-255.98;0;None;1000;None;14:40:32.054
1681;29.1091;28.9487;22.1878;-256.262;-256.684;-256.895;-256.942;-255.98;0;None;1000;None;14:40:32.555
1682;29.1091;28.9565;22.1878;-256.277;-256.676;-256.888;-256.942;-255.98;0;None;1000;None;14:40:33.055
1683;29.1012;28.9487;22.1878;-256.277;-256.684;-256.895;-256.942;-255.98;0;None;1000;None;14:40:33.555
1684;29.1091;28.9565;22.1957;-256.269;-256.684;-256.888;-256.95;-255.98;0;None;1000;None;14:40:34.055
1685;29.1091;28.9565;22.1957;-256.277;-256.684;-256.895;-256.942;-255.98;0;None;1000;None;14:40:34.556
1686;29.1012;28.9565;22.2035;-256.285;-256.676;-256.888;-256.958;-255.98;0;None;1000;None;14:40:35.055
1687;29.1091;28.9565;22.2035;-256.277;-256.684;-256.895;-256.942;-255.98;0;None;1000;None;14:40:35.555
1688;29.1091;28.9487;22.1878;-256.277;-256.676;-256.895;-256.95;-255.972;0;None;1000;None;14:40:36.054
1689;29.1169;28.9487;22.1878;-256.277;-256.684;-256.888;-256.95;-255.988;0;None;1000;None;14:40:36.555
1690;29.1169;28.9487;22.1957;-256.277;-256.676;-256.895;-256.95;-255.98;0;None;1000;None;14:40:37.055
1691;29.1091;28.9565;22.1878;-256.285;-256.684;-256.888;-256.942;-255.98;0;None;1000;None;14:40:37.555
1692;29.1091;28.9487;22.1878;-256.277;-256.676;-256.895;-256.95;-255.988;0;None;1000;None;14:40:38.056
1693;29.1091;28.9487;22.1878;-256.277;-256.684;-256.895;-256.942;-255.98;0;None;1000;None;14:40:38.554
1694;29.1012;28.9565;22.1878;-256.285;-256.684;-256.895;-256.942;-255.98;0;None;1000;None;14:40:39.054
1695;29.1012;28.9565;22.1957;-256.277;-256.676;-256.888;-256.935;-255.98;0;None;1000;None;14:40:39.555
1696;29.1012;28.9565;22.1957;-256.277;-256.676;-256.895;-256.935;-255.98;0;None;1000;None;14:40:40.055
1697;29.1012;28.9565;22.1878;-256.285;-256.684;-256.895;-256.935;-255.98;0;None;1000;None;14:40:40.554
1698;29.1012;28.9565;22.1878;-256.285;-256.692;-256.888;-256.935;-255.98;0;None;1000;None;14:40:41.055
1699;29.1012;28.9643;22.1957;-256.285;-256.676;-256.895;-256.942;-255.988;0;None;1000;None;14:40:41.553
1700;29.0934;28.9565;22.1957;-256.285;-256.684;-256.895;-256.942;-255.98;0;None;1000;None;14:40:42.054
1701;29.1012;28.9565;22.1957;-256.277;-256.684;-256.895;-256.95;-255.98;0;None;1000;None;14:40:42.554
1702;29.0934;28.9565;22.1957;-256.285;-256.676;-256.888;-256.942;-255.98;0;None;1000;None;14:40:43.054
1703;29.0934;28.9565;22.1878;-256.277;-256.676;-256.895;-256.942;-255.98;0;None;1000;None;14:40:43.553
1704;29.0934;28.9565;22.1957;-256.285;-256.684;-256.888;-256.942;-255.98;0;None;1000;None;14:40:44.055
1705;29.1091;28.9565;22.1957;-256.277;-256.684;-256.888;-256.942;-255.98;0;None;1000;None;14:40:44.553
1706;29.1012;28.9565;22.1957;-256.285;-256.684;-256.888;-256.942;-255.98;0;None;1000;None;14:40:45.054
1707;29.0934;28.9565;22.1878;-256.277;-256.684;-256.888;-256.942;-255.988;0;None;1000;None;14:40:45.555
1708;29.1012;28.9487;22.1957;-256.285;-256.692;-256.888;-256.942;-255.98;0;None;1000;None;14:40:46.055
1709;29.0934;28.9565;22.1957;-256.285;-256.684;-256.895;-256.95;-255.988;0;None;1000;None;14:40:46.555
1710;29.1012;28.9487;22.1957;-256.277;-256.684;-256.888;-256.942;-255.98;0;None;1000;None;14:40:47.054
1711;29.1012;28.9487;22.1878;-256.285;-256.684;-256.888;-256.95;-255.98;0;None;1000;None;14:40:47.554
1712;29.0934;28.9487;22.1878;-256.277;-256.684;-256.888;-256.942;-255.972;0;None;1000;None;14:40:48.055
1713;29.0934;28.9487;22.18;-256.285;-256.684;-256.895;-256.935;-255.98;0;None;1000;None;14:40:48.554
1714;29.0934;28.9565;22.1878;-256.277;-256.684;-256.895;-256.942;-255.98;0;None;1000;None;14:40:49.054
1715;29.1012;28.9565;22.1878;-256.285;-256.676;-256.888;-256.942;-255.98;0;None;1000;None;14:40:49.553
1716;29.1012;28.9565;22.1878;-256.277;-256.684;-256.895;-256.942;-255.988;0;None;1000;None;14:40:50.055
1717;29.0934;28.9565;22.1957;-256.277;-256.684;-256.895;-256.95;-255.98;0;None;1000;None;14:40:50.555
1718;29.1012;28.9565;22.1878;-256.285;-256.676;-256.895;-256.942;-255.98;0;None;1000;None;14:40:51.055
1719;29.1012;28.9565;22.1878;-256.277;-256.684;-256.888;-256.95;-255.98;0;None;1000;None;14:40:51.557
1720;29.1012;28.9487;22.1957;-256.277;-256.676;-256.895;-256.942;-255.98;0;None;1000;None;14:40:52.053
1721;29.0934;28.9487;22.1878;-256.277;-256.676;-256.888;-256.942;-255.98;0;None;1000;None;14:40:52.554
1722;29.1012;28.9487;22.1957;-256.277;-256.676;-256.895;-256.935;-255.972;0;None;1000;None;14:40:53.054
1723;29.1091;28.9487;22.2035;-256.285;-256.684;-256.895;-256.935;-255.988;0;None;1000;None;14:40:53.555
1724;29.1091;28.9565;22.1957;-256.277;-256.676;-256.895;-256.935;-255.972;0;None;1000;None;14:40:54.054
1725;29.1012;28.9408;22.2035;-256.277;-256.676;-256.895;-256.935;-255.98;0;None;1000;None;14:40:54.554
1726;29.1012;28.9487;22.1957;-256.285;-256.676;-256.888;-256.942;-255.98;0;None;1000;None;14:40:55.054
1727;29.1012;28.9487;22.1957;-256.277;-256.676;-256.895;-256.935;-255.98;0;None;1000;None;14:40:55.555
1728;29.1091;28.9487;22.1957;-256.269;-256.668;-256.888;-256.942;-255.988;0;None;1000;None;14:40:56.054
1729;29.1012;28.9487;22.2035;-256.277;-256.668;-256.888;-256.942;-255.98;0;None;1000;None;14:40:56.555
1730;29.1012;28.9487;22.1957;-256.277;-256.676;-256.895;-256.942;-255.98;0;None;1000;None;14:40:57.054
1731;29.1012;28.9487;22.1957;-256.277;-256.676;-256.895;-256.927;-255.98;0;None;1000;None;14:40:57.553
1732;29.1012;28.9408;22.1878;-256.277;-256.676;-256.895;-256.927;-255.988;0;None;1000;None;14:40:58.055
1733;29.1012;28.9408;22.1878;-256.285;-256.676;-256.888;-256.935;-255.98;0;None;1000;None;14:40:58.554
1734;29.1091;28.9408;22.1878;-256.277;-256.684;-256.895;-256.942;-255.988;0;None;1000;None;14:40:59.055
1735;29.1012;28.9408;22.1957;-256.277;-256.676;-256.888;-256.935;-255.98;0;None;1000;None;14:40:59.554
1736;29.0934;28.9408;22.1957;-256.277;-256.676;-256.895;-256.935;-255.98;0;None;1000;None;14:41:00.055
1737;29.1091;28.9408;22.1878;-256.277;-256.684;-256.895;-256.942;-255.988;0;None;1000;None;14:41:00.556
1738;29.1012;28.9408;22.1878;-256.285;-256.676;-256.895;-256.935;-255.988;0;None;1000;None;14:41:01.056
1739;29.1091;28.9408;22.1957;-256.277;-256.676;-256.888;-256.935;-255.98;0;None;1000;None;14:41:01.555
1740;29.1012;28.9408;22.1878;-256.277;-256.676;-256.888;-256.935;-255.98;0;None;1000;None;14:41:02.053
1741;29.1091;28.9408;22.1957;-256.277;-256.684;-256.888;-256.935;-255.98;0;None;1000;None;14:41:02.556
1742;29.1091;28.933;22.1957;-256.277;-256.676;-256.895;-256.942;-255.98;0;None;1000;None;14:41:03.055
1743;29.1012;28.9408;22.1957;-256.285;-256.684;-256.895;-256.942;-255.98;0;None;1000;None;14:41:03.556
1744;29.1012;28.933;22.1957;-256.269;-256.676;-256.895;-256.935;-255.988;0;None;1000;None;14:41:04.054
1745;29.0934;28.9408;22.1957;-256.277;-256.676;-256.895;-256.942;-255.98;0;None;1000;None;14:41:04.555
1746;29.0934;28.9487;22.1957;-256.277;-256.676;-256.888;-256.935;-255.98;0;None;1000;None;14:41:05.055
1747;29.0934;28.933;22.1878;-256.277;-256.684;-256.895;-256.942;-255.98;0;None;1000;None;14:41:05.554
1748;29.0856;28.9487;22.1957;-256.269;-256.676;-256.895;-256.927;-255.98;0;None;1000;None;14:41:06.054
1749;29.0856;28.9408;22.1878;-256.269;-256.676;-256.895;-256.935;-255.98;0;None;1000;None;14:41:06.555
1750;29.0934;28.9487;22.1878;-256.277;-256.684;-256.888;-256.95;-255.98;0;None;1000;None;14:41:07.055
1751;29.0856;28.9408;22.1957;-256.269;-256.676;-256.895;-256.95;-255.98;0;None;1000;None;14:41:07.555
1752;29.0934;28.9487;22.1957;-256.277;-256.676;-256.895;-256.942;-255.98;0;None;1000;None;14:41:08.054
1753;29.0934;28.9408;22.1957;-256.269;-256.684;-256.895;-256.935;-255.98;0;None;1000;None;14:41:08.554
1754;29.0856;28.9408;22.1957;-256.262;-256.676;-256.888;-256.935;-255.98;0;None;1000;None;14:41:09.054
1755;29.0934;28.933;22.2035;-256.269;-256.684;-256.895;-256.935;-255.98;0;None;1000;None;14:41:09.555
1756;29.0934;28.9408;22.1957;-256.277;-256.676;-256.895;-256.935;-255.98;0;None;1000;None;14:41:10.054
1757;29.0934;28.9408;22.1957;-256.269;-256.684;-256.895;-256.942;-255.98;0;None;1000;None;14:41:10.554
1758;29.0934;28.9487;22.2035;-256.269;-256.684;-256.895;-256.942;-255.988;0;None;1000;None;14:41:11.054
1759;29.0934;28.9408;22.2035;-256.269;-256.676;-256.888;-256.942;-255.98;0;None;1000;None;14:41:11.554
1760;29.0934;28.9408;22.1957;-256.285;-256.684;-256.895;-256.942;-255.98;0;None;1000;None;14:41:12.053
1761;29.1012;28.9487;22.1957;-256.277;-256.684;-256.895;-256.935;-255.98;0;None;1000;None;14:41:12.554
1762;29.1012;28.9408;22.1957;-256.277;-256.692;-256.888;-256.95;-255.988;0;None;1000;None;14:41:13.053
1763;29.0934;28.9408;22.1957;-256.277;-256.684;-256.895;-256.942;-255.98;0;None;1000;None;14:41:13.553
1764;29.1012;28.9408;22.1957;-256.277;-256.684;-256.888;-256.942;-255.988;0;None;1000;None;14:41:14.054
1765;29.1091;28.9408;22.1878;-256.277;-256.684;-256.895;-256.942;-255.98;0;None;1000;None;14:41:14.555
1766;29.1012;28.9408;22.1878;-256.277;-256.684;-256.895;-256.935;-255.98;0;None;1000;None;14:41:15.053
1767;29.1091;28.9487;22.1957;-256.277;-256.684;-256.888;-256.942;-255.98;0;None;1000;None;14:41:15.554
1768;29.1012;28.9408;22.1957;-256.277;-256.684;-256.895;-256.942;-255.972;0;None;1000;None;14:41:16.054
1769;29.1012;28.9408;22.1957;-256.277;-256.684;-256.888;-256.95;-255.98;0;None;1000;None;14:41:16.554
1770;29.1091;28.933;22.1878;-256.277;-256.676;-256.895;-256.95;-255.972;0;None;1000;None;14:41:17.055
1771;29.1091;28.9408;22.1878;-256.277;-256.676;-256.888;-256.942;-255.972;0;None;1000;None;14:41:17.555
1772;29.1091;28.9487;22.1957;-256.277;-256.684;-256.895;-256.95;-255.972;0;None;1000;None;14:41:18.055
1773;29.1012;28.9408;22.1957;-256.277;-256.684;-256.895;-256.942;-255.98;0;None;1000;None;14:41:18.554
1774;29.1169;28.9408;22.1957;-256.277;-256.676;-256.888;-256.942;-255.972;0;None;1000;None;14:41:19.054
1775;29.1091;28.9408;22.2035;-256.277;-256.676;-256.895;-256.942;-255.98;0;None;1000;None;14:41:19.554
1776;29.1169;28.9565;22.2035;-256.285;-256.684;-256.888;-256.95;-255.972;0;None;1000;None;14:41:20.055
1777;29.1012;28.9487;22.2113;-256.277;-256.676;-256.895;-256.942;-255.98;0;None;1000;None;14:41:20.555
1778;29.1091;28.9487;22.2113;-256.277;-256.676;-256.895;-256.95;-255.972;0;None;1000;None;14:41:21.054
1779;29.1091;28.9487;22.2035;-256.277;-256.684;-256.895;-256.942;-255.972;0;None;1000;None;14:41:21.555
1780;29.1091;28.9487;22.2035;-256.277;-256.676;-256.895;-256.942;-255.98;0;None;1000;None;14:41:22.052
1781;29.1091;28.9487;22.2035;-256.277;-256.684;-256.895;-256.942;-255.972;0;None;1000;None;14:41:22.555
1782;29.1091;28.9487;22.2035;-256.285;-256.676;-256.895;-256.95;-255.972;0;None;1000;None;14:41:23.053
1783;29.1091;28.9565;22.2113;-256.277;-256.676;-256.895;-256.942;-255.972;0;None;1000;None;14:41:23.554
1784;29.1091;28.9487;22.2113;-256.285;-256.684;-256.895;-256.95;-255.98;0;None;1000;None;14:41:24.054
1785;29.1091;28.9565;22.2035;-256.277;-256.676;-256.888;-256.942;-255.972;0;None;1000;None;14:41:24.553
1786;29.1012;28.9487;22.2035;-256.277;-256.676;-256.903;-256.95;-255.98;0;None;1000;None;14:41:25.054
1787;29.1012;28.9408;22.2035;-256.277;-256.676;-256.895;-256.942;-255.98;0;None;1000;None;14:41:25.553
1788;29.1012;28.9487;22.2035;-256.277;-256.676;-256.888;-256.942;-255.972;0;None;1000;None;14:41:26.053
1789;29.1091;28.9487;22.2035;-256.285;-256.684;-256.895;-256.95;-255.972;0;None;1000;None;14:41:26.555
1790;29.0934;28.9487;22.1957;-256.285;-256.684;-256.895;-256.942;-255.98;0;None;1000;None;14:41:27.053
1791;29.1012;28.9487;22.2035;-256.277;-256.684;-256.895;-256.935;-255.98;0;None;1000;None;14:41:27.553
1792;29.0934;28.9487;22.1957;-256.277;-256.684;-256.895;-256.935;-255.972;0;None;1000;None;14:41:28.054
1793;29.0934;28.9643;22.1957;-256.277;-256.676;-256.888;-256.942;-255.98;0;None;1000;None;14:41:28.553
1794;29.0856;28.9565;22.2035;-256.277;-256.684;-256.903;-256.95;-255.972;0;None;1000;None;14:41:29.054
1795;29.0934;28.9565;22.1957;-256.277;-256.684;-256.895;-256.95;-255.98;0;None;1000;None;14:41:29.554
1796;29.0934;28.9487;22.2035;-256.277;-256.676;-256.895;-256.942;-255.98;0;None;1000;None;14:41:30.053
1797;29.0934;28.9487;22.1957;-256.277;-256.684;-256.888;-256.942;-255.972;0;None;1000;None;14:41:30.554
1798;29.0856;28.9565;22.2113;-256.277;-256.684;-256.895;-256.95;-255.98;0;None;1000;None;14:41:31.054
1799;29.0934;28.9643;22.2035;-256.277;-256.676;-256.888;-256.942;-255.98;0;None;1000;None;14:41:31.553
1800;29.0934;28.9487;22.2035;-256.277;-256.684;-256.888;-256.942;-255.98;0;None;1000;None;14:41:32.053
1801;29.0856;28.9565;22.2035;-256.277;-256.684;-256.895;-256.942;-255.98;0;None;1000;None;14:41:32.554
1802;29.0934;28.9565;22.2035;-256.277;-256.668;-256.895;-256.942;-255.98;0;None;1000;None;14:41:33.054
1803;29.0934;28.9487;22.2035;-256.277;-256.684;-256.888;-256.95;-255.98;0;None;1000;None;14:41:33.554
1804;29.0934;28.9487;22.2035;-256.277;-256.668;-256.895;-256.942;-255.98;0;None;1000;None;14:41:34.054
1805;29.0856;28.9487;22.2035;-256.269;-256.684;-256.895;-256.942;-255.98;0;None;1000;None;14:41:34.555
1806;29.0934;28.9565;22.2035;-256.285;-256.676;-256.888;-256.95;-255.988;0;None;1000;None;14:41:35.055
1807;29.0856;28.9487;22.2035;-256.277;-256.676;-256.888;-256.95;-255.972;0;None;1000;None;14:41:35.554
1808;29.0856;28.9487;22.2113;-256.277;-256.684;-256.895;-256.95;-255.98;0;None;1000;None;14:41:36.054
1809;29.0934;28.9487;22.2191;-256.269;-256.676;-256.895;-256.935;-255.988;0;None;1000;None;14:41:36.554
1810;29.0856;28.9487;22.227;-256.269;-256.676;-256.895;-256.942;-255.98;0;None;1000;None;14:41:37.054
1811;29.0934;28.9565;22.227;-256.277;-256.684;-256.888;-256.95;-255.98;0;None;1000;None;14:41:37.555
1812;29.0856;28.9487;22.2113;-256.277;-256.684;-256.888;-256.95;-255.98;0;None;1000;None;14:41:38.054
1813;29.0934;28.9643;22.2113;-256.269;-256.684;-256.888;-256.942;-255.988;0;None;1000;None;14:41:38.555
1814;29.0934;28.9565;22.2113;-256.277;-256.684;-256.895;-256.942;-255.98;0;None;1000;None;14:41:39.054
1815;29.0934;28.9565;22.2191;-256.277;-256.676;-256.888;-256.95;-255.98;0;None;1000;None;14:41:39.554
1816;29.0856;28.9565;22.2191;-256.277;-256.676;-256.895;-256.95;-255.98;0;None;1000;None;14:41:40.054
1817;29.0934;28.9565;22.2191;-256.277;-256.676;-256.888;-256.95;-255.98;0;None;1000;None;14:41:40.554
1818;29.1012;28.9487;22.2113;-256.277;-256.676;-256.895;-256.942;-255.98;0;None;1000;None;14:41:41.055
1819;29.0934;28.9565;22.2191;-256.277;-256.676;-256.888;-256.935;-255.988;0;None;1000;None;14:41:41.555
1820;29.0934;28.9487;22.227;-256.277;-256.684;-256.895;-256.942;-255.988;0;None;1000;None;14:41:42.053
1821;29.0856;28.9643;22.2348;-256.277;-256.684;-256.888;-256.95;-255.988;0;None;1000;None;14:41:42.554
1822;29.0856;28.9565;22.227;-256.277;-256.676;-256.895;-256.935;-255.988;0;None;1000;None;14:41:43.054
1823;29.0934;28.9565;22.2426;-256.277;-256.676;-256.888;-256.942;-255.98;0;None;1000;None;14:41:43.554
1824;29.0856;28.9565;22.2348;-256.285;-256.684;-256.895;-256.935;-255.988;0;None;1000;None;14:41:44.053
1825;29.0934;28.9487;22.2426;-256.277;-256.684;-256.895;-256.942;-255.98;0;None;1000;None;14:41:44.552
1826;29.1012;28.9565;22.2426;-256.277;-256.684;-256.895;-256.942;-255.988;0;None;1000;None;14:41:45.054
1827;29.0856;28.9565;22.2426;-256.269;-256.684;-256.888;-256.942;-255.98;0;None;1000;None;14:41:45.554
1828;29.1012;28.9487;22.2348;-256.277;-256.676;-256.895;-256.942;-255.988;0;None;1000;None;14:41:46.054
1829;29.0934;28.9565;22.2426;-256.277;-256.684;-256.895;-256.95;-255.972;0;None;1000;None;14:41:46.553
1830;29.1012;28.9487;22.2426;-256.277;-256.684;-256.888;-256.942;-255.988;0;None;1000;None;14:41:47.054
1831;29.1012;28.9565;22.2348;-256.277;-256.684;-256.895;-256.942;-255.972;0;None;1000;None;14:41:47.552
1832;29.1091;28.9565;22.2348;-256.277;-256.676;-256.888;-256.942;-255.988;0;None;1000;None;14:41:48.054
1833;29.1012;28.9565;22.2348;-256.277;-256.684;-256.888;-256.935;-255.972;0;None;1000;None;14:41:48.554
1834;29.1091;28.9487;22.2426;-256.285;-256.684;-256.888;-256.95;-255.988;0;None;1000;None;14:41:49.054
1835;29.1012;28.9565;22.2426;-256.277;-256.676;-256.888;-256.942;-255.98;0;None;1000;None;14:41:49.554
1836;29.1012;28.9565;22.2348;-256.269;-256.684;-256.888;-256.95;-255.98;0;None;1000;None;14:41:50.054
1837;29.0934;28.9643;22.2426;-256.277;-256.676;-256.888;-256.95;-255.988;0;None;1000;None;14:41:50.554
1838;29.1012;28.9643;22.2348;-256.285;-256.684;-256.88;-256.95;-255.98;0;None;1000;None;14:41:51.054
1839;29.0934;28.9565;22.2348;-256.277;-256.676;-256.888;-256.95;-255.988;0;None;1000;None;14:41:51.555
1840;29.0934;28.9565;22.227;-256.277;-256.684;-256.888;-256.95;-255.98;0;None;1000;None;14:41:52.054
1841;29.0934;28.9643;22.2426;-256.277;-256.676;-256.895;-256.942;-255.98;0;None;1000;None;14:41:52.555
1842;29.0934;28.9565;22.2348;-256.277;-256.684;-256.888;-256.95;-255.98;0;None;1000;None;14:41:53.055
1843;29.0856;28.9565;22.2348;-256.277;-256.684;-256.895;-256.942;-255.98;0;None;1000;None;14:41:53.554
1844;29.0856;28.9565;22.2348;-256.277;-256.684;-256.895;-256.95;-255.98;0;None;1000;None;14:41:54.054
1845;29.0856;28.9565;22.227;-256.277;-256.684;-256.895;-256.958;-255.988;0;None;1000;None;14:41:54.553
1846;29.0778;28.9565;22.227;-256.277;-256.676;-256.895;-256.95;-255.988;0;None;1000;None;14:41:55.053
1847;29.0856;28.9408;22.227;-256.285;-256.676;-256.895;-256.95;-255.98;0;None;1000;None;14:41:55.554
1848;29.0778;28.9487;22.2348;-256.285;-256.684;-256.895;-256.958;-255.988;0;None;1000;None;14:41:56.054
1849;29.0856;28.9408;22.227;-256.277;-256.676;-256.888;-256.95;-255.988;0;None;1000;None;14:41:56.552
1850;29.0778;28.9408;22.2348;-256.285;-256.676;-256.895;-256.95;-255.988;0;None;1000;None;14:41:57.054
1851;29.0778;28.9408;22.227;-256.277;-256.676;-256.895;-256.95;-255.98;0;None;1000;None;14:41:57.554
1852;29.0778;28.9408;22.2348;-256.285;-256.676;-256.895;-256.958;-255.98;0;None;1000;None;14:41:58.054
1853;29.0699;28.933;22.2348;-256.277;-256.676;-256.888;-256.942;-255.988;0;None;1000;None;14:41:58.554
1854;29.0778;28.9408;22.2426;-256.277;-256.676;-256.895;-256.958;-255.98;0;None;1000;None;14:41:59.053
1855;29.0778;28.9408;22.2348;-256.277;-256.676;-256.888;-256.95;-255.98;0;None;1000;None;14:41:59.555
1856;29.0856;28.9565;22.2426;-256.277;-256.676;-256.895;-256.95;-255.98;0;None;1000;None;14:42:00.054
1857;29.0778;28.9408;22.2348;-256.277;-256.676;-256.895;-256.95;-255.988;0;None;1000;None;14:42:00.555
1858;29.0778;28.9408;22.2426;-256.277;-256.684;-256.888;-256.95;-255.98;0;None;1000;None;14:42:01.053
1859;29.0778;28.933;22.2348;-256.269;-256.676;-256.888;-256.942;-255.98;0;None;1000;None;14:42:01.553
1860;29.0699;28.9408;22.2426;-256.277;-256.676;-256.895;-256.95;-255.988;0;None;1000;None;14:42:02.054
1861;29.0778;28.933;22.227;-256.269;-256.684;-256.903;-256.95;-255.98;0;None;1000;None;14:42:02.555
1862;29.0699;28.9408;22.227;-256.277;-256.676;-256.895;-256.942;-255.988;0;None;1000;None;14:42:03.053
1863;29.0699;28.933;22.227;-256.277;-256.676;-256.895;-256.95;-255.988;0;None;1000;None;14:42:03.553
1864;29.0621;28.933;22.2348;-256.277;-256.684;-256.895;-256.958;-255.98;0;None;1000;None;14:42:04.054
1865;29.0699;28.9408;22.227;-256.277;-256.676;-256.895;-256.95;-255.988;0;None;1000;None;14:42:04.553
1866;29.0699;28.933;22.2348;-256.277;-256.684;-256.888;-256.958;-255.98;0;None;1000;None;14:42:05.054
1867;29.0778;28.933;22.2348;-256.277;-256.676;-256.895;-256.95;-255.988;0;None;1000;None;14:42:05.552
1868;29.0699;28.933;22.2348;-256.277;-256.684;-256.895;-256.95;-255.988;0;None;1000;None;14:42:06.054
1869;29.0699;28.933;22.2426;-256.269;-256.676;-256.888;-256.95;-255.988;0;None;1000;None;14:42:06.552
1870;29.0778;28.933;22.2348;-256.277;-256.684;-256.888;-256.95;-255.98;0;None;1000;None;14:42:07.051
1871;29.0699;28.9252;22.2348;-256.269;-256.684;-256.888;-256.95;-255.988;0;None;1000;None;14:42:07.554
1872;29.0778;28.933;22.2348;-256.269;-256.676;-256.888;-256.95;-255.98;0;None;1000;None;14:42:08.044
1873;29.0699;28.9252;22.2348;-256.285;-256.684;-256.895;-256.95;-255.98;0;None;1000;None;14:42:08.542
1874;29.0699;28.9252;22.227;-256.277;-256.676;-256.888;-256.966;-255.988;0;None;1000;None;14:42:09.039
1875;29.0778;28.9174;22.2348;-256.277;-256.676;-256.895;-256.95;-255.98;0;None;1000;None;14:42:09.552
1876;29.0856;28.9174;22.227;-256.277;-256.684;-256.895;-256.95;-255.988;0;None;1000;None;14:42:10.049
1877;29.0778;28.9174;22.2348;-256.269;-256.676;-256.895;-256.958;-255.98;0;None;1000;None;14:42:10.546
1878;29.0778;28.9095;22.227;-256.277;-256.676;-256.895;-256.95;-255.98;0;None;1000;None;14:42:11.042
1879;29.0856;28.9174;22.2348;-256.269;-256.676;-256.895;-256.95;-255.98;0;None;1000;None;14:42:11.543
1880;29.0778;28.9174;22.227;-256.277;-256.676;-256.895;-256.95;-255.988;0;None;1000;None;14:42:12.051
1881;29.0856;28.9252;22.2191;-256.277;-256.676;-256.888;-256.942;-255.98;0;None;1000;None;14:42:12.546
1882;29.0778;28.9174;22.227;-256.277;-256.676;-256.895;-256.95;-255.988;0;None;1000;None;14:42:13.047
1883;29.0778;28.9252;22.2191;-256.277;-256.684;-256.895;-256.942;-255.98;0;None;1000;None;14:42:13.549
1884;29.0778;28.9174;22.227;-256.277;-256.676;-256.888;-256.95;-255.988;0;None;1000;None;14:42:14.049
1885;29.0778;28.9174;22.2191;-256.277;-256.676;-256.895;-256.958;-255.98;0;None;1000;None;14:42:14.547
1886;29.0699;28.9174;22.2348;-256.277;-256.676;-256.895;-256.95;-255.988;0;None;1000;None;14:42:15.042
1887;29.0778;28.9174;22.227;-256.277;-256.684;-256.895;-256.958;-255.98;0;None;1000;None;14:42:15.543
1888;29.0778;28.9174;22.227;-256.269;-256.684;-256.895;-256.958;-255.988;0;None;1000;None;14:42:16.052
1889;29.0778;28.9095;22.227;-256.277;-256.684;-256.895;-256.958;-255.988;0;None;1000;None;14:42:16.549
1890;29.0778;28.9174;22.227;-256.269;-256.676;-256.895;-256.95;-255.98;0;None;1000;None;14:42:17.046
1891;29.0778;28.9252;22.2348;-256.269;-256.684;-256.895;-256.958;-255.988;0;None;1000;None;14:42:17.544
1892;29.0778;28.9174;22.227;-256.269;-256.676;-256.895;-256.958;-255.98;0;None;1000;None;14:42:18.053
1893;29.0778;28.9174;22.227;-256.277;-256.676;-256.895;-256.958;-255.988;0;None;1000;None;14:42:18.551
1894;29.0856;28.9252;22.227;-256.269;-256.676;-256.895;-256.966;-255.98;0;None;1000;None;14:42:19.050
1895;29.0856;28.9174;22.227;-256.269;-256.684;-256.888;-256.958;-255.988;0;None;1000;None;14:42:19.542
1896;29.0856;28.9252;22.227;-256.269;-256.676;-256.895;-256.958;-255.98;0;None;1000;None;14:42:20.044
1897;29.0856;28.9252;22.2191;-256.262;-256.684;-256.903;-256.958;-255.98;0;None;1000;None;14:42:20.543
1898;29.0934;28.9174;22.227;-256.269;-256.676;-256.888;-256.958;-255.988;0;None;1000;None;14:42:21.052
1899;29.1012;28.9252;22.2113;-256.262;-256.676;-256.895;-256.95;-255.988;0;None;1000;None;14:42:21.550
1900;29.0934;28.9252;22.2191;-256.262;-256.676;-256.895;-256.95;-255.98;0;None;1000;None;14:42:22.051
1901;29.0934;28.9252;22.2191;-256.269;-256.684;-256.903;-256.95;-255.98;0;None;1000;None;14:42:22.545
1902;29.0856;28.9252;22.2191;-256.262;-256.676;-256.888;-256.958;-255.988;0;None;1000;None;14:42:23.042
1903;29.0934;28.9252;22.2191;-256.269;-256.676;-256.895;-256.958;-255.988;0;None;1000;None;14:42:23.543
1904;29.1012;28.933;22.2191;-256.269;-256.684;-256.895;-256.95;-255.98;0;None;1000;None;14:42:24.053
1905;29.0934;28.9252;22.2191;-256.269;-256.676;-256.895;-256.95;-255.98;0;None;1000;None;14:42:24.549
1906;29.0934;28.933;22.2191;-256.262;-256.684;-256.895;-256.958;-255.988;0;None;1000;None;14:42:25.048
1907;29.0934;28.9252;22.2191;-256.269;-256.676;-256.895;-256.942;-255.98;0;None;1000;None;14:42:25.543
1908;29.1012;28.9252;22.2191;-256.269;-256.684;-256.895;-256.942;-255.972;0;None;1000;None;14:42:26.043
1909;29.0934;28.9174;22.227;-256.262;-256.676;-256.895;-256.95;-255.988;0;None;1000;None;14:42:26.554
1910;29.1012;28.9252;22.2191;-256.262;-256.684;-256.895;-256.942;-255.972;0;None;1000;None;14:42:27.050
1911;29.0934;28.9252;22.227;-256.269;-256.676;-256.895;-256.95;-255.98;0;None;1000;None;14:42:27.547
1912;29.1091;28.9252;22.2191;-256.262;-256.684;-256.895;-256.95;-255.98;0;None;1000;None;14:42:28.041
1913;29.1012;28.9252;22.2191;-256.262;-256.676;-256.895;-256.95;-255.98;0;None;1000;None;14:42:28.550
1914;29.1012;28.9252;22.2191;-256.262;-256.684;-256.895;-256.95;-255.98;0;None;1000;None;14:42:29.044
1915;29.1091;28.933;22.2113;-256.262;-256.676;-256.888;-256.942;-255.988;0;None;1000;None;14:42:29.557
1916;29.1012;28.9252;22.2191;-256.269;-256.676;-256.895;-256.95;-255.972;0;None;1000;None;14:42:30.039
1917;29.1012;28.9252;22.227;-256.262;-256.684;-256.895;-256.95;-255.988;0;None;1000;None;14:42:30.552
1918;29.1012;28.9408;22.2113;-256.269;-256.676;-256.895;-256.95;-255.98;0;None;1000;None;14:42:31.048
1919;29.1091;28.933;22.2191;-256.269;-256.684;-256.895;-256.95;-255.98;0;None;1000;None;14:42:31.551
1920;29.1091;28.933;22.2113;-256.262;-256.676;-256.888;-256.958;-255.98;0;None;1000;None;14:42:32.044
1921;29.0934;28.933;22.2113;-256.269;-256.676;-256.895;-256.95;-255.98;0;None;1000;None;14:42:32.541
1922;29.1091;28.933;22.2191;-256.269;-256.684;-256.895;-256.95;-255.98;0;None;1000;None;14:42:33.043
1923;29.0934;28.9252;22.2113;-256.269;-256.676;-256.895;-256.958;-255.98;0;None;1000;None;14:42:33.550
1924;29.1012;28.9252;22.2191;-256.269;-256.676;-256.895;-256.95;-255.98;0;None;1000;None;14:42:34.047
1925;29.0934;28.9252;22.2113;-256.269;-256.684;-256.888;-256.95;-255.972;0;None;1000;None;14:42:34.538
1926;29.0934;28.9252;22.2113;-256.269;-256.676;-256.895;-256.958;-255.988;0;None;1000;None;14:42:35.046
1927;29.1012;28.9252;22.2113;-256.269;-256.684;-256.895;-256.95;-255.98;0;None;1000;None;14:42:35.539
1928;29.1012;28.9252;22.2113;-256.269;-256.676;-256.895;-256.95;-255.98;0;None;1000;None;14:42:36.047
1929;29.0934;28.9252;22.2113;-256.269;-256.684;-256.888;-256.95;-255.98;0;None;1000;None;14:42:36.541
1930;29.0934;28.9252;22.2191;-256.269;-256.676;-256.895;-256.95;-255.98;0;None;1000;None;14:42:37.039
1931;29.0934;28.9174;22.2113;-256.269;-256.668;-256.895;-256.958;-255.988;0;None;1000;None;14:42:37.546
1932;29.0934;28.9174;22.2191;-256.269;-256.676;-256.888;-256.95;-255.98;0;None;1000;None;14:42:38.042
1933;29.0934;28.9095;22.2113;-256.269;-256.676;-256.895;-256.95;-255.98;0;None;1000;None;14:42:38.553
1934;29.0934;28.9095;22.2113;-256.269;-256.676;-256.895;-256.95;-255.98;0;None;1000;None;14:42:39.047
1935;29.1012;28.9095;22.2113;-256.269;-256.676;-256.895;-256.942;-255.972;0;None;1000;None;14:42:39.544
1936;29.0934;28.8939;22.2191;-256.269;-256.676;-256.888;-256.942;-255.98;0;None;1000;None;14:42:40.041
1937;29.1012;28.9017;22.2113;-256.269;-256.684;-256.895;-256.95;-255.98;0;None;1000;None;14:42:40.553
1938;29.0934;28.8939;22.2113;-256.269;-256.676;-256.895;-256.942;-255.972;0;None;1000;None;14:42:41.050
1939;29.0934;28.9017;22.2113;-256.269;-256.676;-256.888;-256.95;-255.98;0;None;1000;None;14:42:41.546
1940;29.1012;28.9017;22.2113;-256.269;-256.676;-256.895;-256.942;-255.972;0;None;1000;None;14:42:42.042
1941;29.1012;28.8939;22.2191;-256.277;-256.676;-256.888;-256.942;-255.98;0;None;1000;None;14:42:42.540
1942;29.0934;28.9017;22.2113;-256.269;-256.676;-256.895;-256.942;-255.972;0;None;1000;None;14:42:43.050
1943;29.0934;28.8939;22.2113;-256.269;-256.684;-256.895;-256.95;-255.988;0;None;1000;None;14:42:43.546
1944;29.0856;28.8861;22.2191;-256.262;-256.676;-256.895;-256.942;-255.98;0;None;1000;None;14:42:44.042
1945;29.0934;28.8939;22.2113;-256.269;-256.684;-256.895;-256.942;-255.98;0;None;1000;None;14:42:44.554
1946;29.0856;28.8861;22.2191;-256.269;-256.676;-256.895;-256.95;-255.98;0;None;1000;None;14:42:45.051
1947;29.0856;28.8861;22.2113;-256.269;-256.684;-256.895;-256.95;-255.98;0;None;1000;None;14:42:45.552
1948;29.0934;28.8939;22.2191;-256.269;-256.676;-256.895;-256.958;-255.98;0;None;1000;None;14:42:46.049
1949;29.0856;28.8861;22.2191;-256.262;-256.676;-256.895;-256.942;-255.972;0;None;1000;None;14:42:46.543
1950;29.0934;28.8861;22.227;-256.269;-256.676;-256.895;-256.95;-255.98;0;None;1000;None;14:42:47.044
1951;29.0856;28.8861;22.2348;-256.262;-256.684;-256.888;-256.95;-255.98;0;None;1000;None;14:42:47.553
1952;29.0934;28.8861;22.227;-256.269;-256.684;-256.895;-256.95;-255.972;0;None;1000;None;14:42:48.048
1953;29.0934;28.8939;22.2348;-256.269;-256.676;-256.895;-256.95;-255.98;0;None;1000;None;14:42:48.546
1954;29.0934;28.8939;22.2348;-256.269;-256.676;-256.888;-256.95;-255.972;0;None;1000;None;14:42:49.043
1955;29.0934;28.8861;22.227;-256.262;-256.676;-256.888;-256.942;-255.98;0;None;1000;None;14:42:49.551
1956;29.0856;28.8939;22.2348;-256.269;-256.676;-256.88;-256.958;-255.972;0;None;1000;None;14:42:50.052
1957;29.0934;28.8861;22.227;-256.262;-256.684;-256.888;-256.958;-255.98;0;None;1000;None;14:42:50.548
1958;29.0934;28.8939;22.227;-256.269;-256.676;-256.888;-256.95;-255.98;0;None;1000;None;14:42:51.043
1959;29.0856;28.8861;22.227;-256.262;-256.676;-256.888;-256.95;-255.972;0;None;1000;None;14:42:51.540
1960;29.0856;28.9017;22.227;-256.269;-256.676;-256.895;-256.958;-255.98;0;None;1000;None;14:42:52.051
1961;29.0856;28.8939;22.227;-256.269;-256.676;-256.903;-256.958;-255.972;0;None;1000;None;14:42:52.552
1962;29.0778;28.8939;22.227;-256.262;-256.676;-256.895;-256.95;-255.98;0;None;1000;None;14:42:53.044
1963;29.0934;28.9017;22.227;-256.262;-256.676;-256.895;-256.95;-255.972;0;None;1000;None;14:42:53.537
1964;29.0856;28.8939;22.227;-256.262;-256.676;-256.895;-256.95;-255.98;0;None;1000;None;14:42:54.050
1965;29.0856;28.8939;22.227;-256.262;-256.684;-256.895;-256.95;-255.972;0;None;1000;None;14:42:54.547
1966;29.0934;28.8939;22.227;-256.269;-256.676;-256.888;-256.95;-255.98;0;None;1000;None;14:42:55.043
1967;29.0856;28.9095;22.227;-256.262;-256.676;-256.903;-256.942;-255.972;0;None;1000;None;14:42:55.549
1968;29.0856;28.8939;22.227;-256.262;-256.676;-256.888;-256.95;-255.98;0;None;1000;None;14:42:56.041
1969;29.0934;28.9017;22.227;-256.262;-256.676;-256.895;-256.95;-255.972;0;None;1000;None;14:42:56.549
1970;29.0934;28.9017;22.2191;-256.262;-256.684;-256.895;-256.95;-255.972;0;None;1000;None;14:42:57.047
1971;29.0856;28.9017;22.227;-256.269;-256.676;-256.895;-256.942;-255.98;0;None;1000;None;14:42:57.544
1972;29.0778;28.9017;22.2191;-256.254;-256.676;-256.888;-256.95;-255.98;0;None;1000;None;14:42:58.040
1973;29.0778;28.9017;22.227;-256.262;-256.684;-256.895;-256.95;-255.972;0;None;1000;None;14:42:58.551
1974;29.0856;28.9017;22.227;-256.269;-256.676;-256.888;-256.958;-255.98;0;None;1000;None;14:42:59.050
1975;29.0856;28.8939;22.227;-256.262;-256.676;-256.895;-256.95;-255.972;0;None;1000;None;14:42:59.541
1976;29.0699;28.8939;22.227;-256.269;-256.684;-256.895;-256.95;-255.972;0;None;1000;None;14:43:00.043
1977;29.0778;28.8939;22.2191;-256.269;-256.676;-256.895;-256.95;-255.98;0;None;1000;None;14:43:00.552
1978;29.0699;28.8861;22.227;-256.262;-256.676;-256.895;-256.958;-255.98;0;None;1000;None;14:43:01.052
1979;29.0699;28.8861;22.227;-256.269;-256.668;-256.895;-256.95;-255.972;0;None;1000;None;14:43:01.547
1980;29.0699;28.8861;22.2191;-256.269;-256.676;-256.895;-256.958;-255.98;0;None;1000;None;14:43:02.044
1981;29.0778;28.8939;22.2191;-256.269;-256.668;-256.895;-256.958;-255.972;0;None;1000;None;14:43:02.543
1982;29.0699;28.8939;22.227;-256.269;-256.676;-256.895;-256.958;-255.98;0;None;1000;None;14:43:03.053
1983;29.0778;28.8939;22.2191;-256.269;-256.676;-256.895;-256.966;-255.98;0;None;1000;None;14:43:03.551
1984;29.0699;28.8861;22.2191;-256.269;-256.676;-256.895;-256.958;-255.98;0;None;1000;None;14:43:04.052
1985;29.0699;28.8939;22.227;-256.269;-256.668;-256.895;-256.958;-255.972;0;None;1000;None;14:43:04.546
1986;29.0699;28.9017;22.227;-256.277;-256.676;-256.895;-256.958;-255.988;0;None;1000;None;14:43:05.043
1987;29.0699;28.8939;22.227;-256.269;-256.676;-256.895;-256.958;-255.972;0;None;1000;None;14:43:05.539
1988;29.0621;28.9095;22.227;-256.277;-256.676;-256.895;-256.958;-255.98;0;None;1000;None;14:43:06.051
1989;29.0699;28.9017;22.227;-256.277;-256.676;-256.895;-256.95;-255.972;0;None;1000;None;14:43:06.551
1990;29.0699;28.9095;22.2191;-256.269;-256.676;-256.895;-256.958;-255.972;0;None;1000;None;14:43:07.047
1991;29.0699;28.9017;22.2191;-256.277;-256.676;-256.895;-256.95;-255.98;0;None;1000;None;14:43:07.545
1992;29.0778;28.9095;22.2113;-256.269;-256.676;-256.895;-256.958;-255.98;0;None;1000;None;14:43:08.042
1993;29.0699;28.9017;22.2035;-256.269;-256.684;-256.895;-256.958;-255.972;0;None;1000;None;14:43:08.544
1994;29.0699;28.9017;22.2191;-256.269;-256.668;-256.888;-256.95;-255.98;0;None;1000;None;14:43:09.050
1995;29.0699;28.9017;22.2113;-256.269;-256.676;-256.895;-256.95;-255.98;0;None;1000;None;14:43:09.547
1996;29.0778;28.9017;22.2113;-256.269;-256.676;-256.895;-256.958;-255.972;0;None;1000;None;14:43:10.046
1997;29.0699;28.9017;22.2113;-256.269;-256.668;-256.888;-256.966;-255.98;0;None;1000;None;14:43:10.542
1998;29.0621;28.9095;22.2035;-256.277;-256.676;-256.895;-256.966;-255.972;0;None;1000;None;14:43:11.053
1999;29.0778;28.9017;22.2191;-256.277;-256.676;-256.895;-256.958;-255.972;0;None;1000;None;14:43:11.551
2000;29.0621;28.9017;22.2035;-256.269;-256.676;-256.895;-256.958;-255.98;0;None;1000;None;14:43:12.048
2001;29.0778;28.9095;22.2113;-256.277;-256.676;-256.895;-256.95;-255.972;0;None;1000;None;14:43:12.545
2002;29.0699;28.9017;22.2113;-256.277;-256.676;-256.895;-256.95;-255.98;0;None;1000;None;14:43:13.039
2003;29.0778;28.9095;22.2113;-256.269;-256.676;-256.888;-256.958;-255.972;0;None;1000;None;14:43:13.553
2004;29.0778;28.9017;22.2191;-256.277;-256.676;-256.895;-256.966;-255.98;0;None;1000;None;14:43:14.050
2005;29.0699;28.9017;22.2035;-256.277;-256.676;-256.895;-256.958;-255.972;0;None;1000;None;14:43:14.547
2006;29.0699;28.9017;22.2113;-256.277;-256.676;-256.895;-256.966;-255.98;0;None;1000;None;14:43:15.044
2007;29.0699;28.9095;22.2113;-256.269;-256.684;-256.895;-256.958;-255.98;0;None;1000;None;14:43:15.542
2008;29.0699;28.9017;22.2113;-256.277;-256.684;-256.895;-256.958;-255.972;0;None;1000;None;14:43:16.043
2009;29.0699;28.9095;22.2113;-256.277;-256.684;-256.895;-256.958;-255.98;0;None;1000;None;14:43:16.552
2010;29.0699;28.9017;22.2113;-256.269;-256.684;-256.895;-256.966;-255.972;0;None;1000;None;14:43:17.049
2011;29.0699;28.8939;22.2113;-256.277;-256.684;-256.895;-256.966;-255.98;0;None;1000;None;14:43:17.548
2012;29.0621;28.9017;22.2035;-256.277;-256.676;-256.895;-256.958;-255.972;0;None;1000;None;14:43:18.042
2013;29.0621;28.8939;22.2191;-256.269;-256.684;-256.895;-256.966;-255.98;0;None;1000;None;14:43:18.538
2014;29.0699;28.9017;22.2113;-256.277;-256.676;-256.895;-256.966;-255.972;0;None;1000;None;14:43:19.051
2015;29.0699;28.8939;22.2191;-256.269;-256.684;-256.895;-256.958;-255.972;0;None;1000;None;14:43:19.546
2016;29.0699;28.8939;22.2191;-256.277;-256.684;-256.895;-256.95;-255.98;0;None;1000;None;14:43:20.043
2017;29.0699;28.8939;22.227;-256.269;-256.676;-256.888;-256.958;-255.98;0;None;1000;None;14:43:20.545
2018;29.0621;28.8861;22.2191;-256.277;-256.684;-256.895;-256.958;-255.98;0;None;1000;None;14:43:21.051
2019;29.0699;28.8939;22.2191;-256.269;-256.684;-256.895;-256.95;-255.98;0;None;1000;None;14:43:21.548
2020;29.0699;28.9017;22.2191;-256.269;-256.684;-256.895;-256.95;-255.98;0;None;1000;None;14:43:22.046
2021;29.0621;28.9017;22.2191;-256.269;-256.676;-256.895;-256.95;-255.98;0;None;1000;None;14:43:22.543
2022;29.0699;28.8939;22.2113;-256.269;-256.684;-256.903;-256.95;-255.964;0;None;1000;None;14:43:23.043
2023;29.0699;28.9017;22.2191;-256.277;-256.676;-256.895;-256.95;-255.98;0;None;1000;None;14:43:23.551
2024;29.0699;28.8939;22.2113;-256.277;-256.684;-256.888;-256.95;-255.972;0;None;1000;None;14:43:24.051
2025;29.0699;28.8939;22.2191;-256.269;-256.684;-256.895;-256.95;-255.972;0;None;1000;None;14:43:24.545
2026;29.0699;28.8939;22.2191;-256.277;-256.676;-256.895;-256.958;-255.972;0;None;1000;None;14:43:25.046
2027;29.0699;28.8939;22.2191;-256.269;-256.684;-256.895;-256.95;-255.972;0;None;1000;None;14:43:25.539
2028;29.0699;28.8861;22.2113;-256.277;-256.684;-256.895;-256.95;-255.972;0;None;1000;None;14:43:26.050
2029;29.0699;28.8861;22.2191;-256.277;-256.676;-256.895;-256.958;-255.972;0;None;1000;None;14:43:26.546
2030;29.0778;28.8782;22.2113;-256.277;-256.684;-256.895;-256.942;-255.972;0;None;1000;None;14:43:27.041
2031;29.0699;28.8782;22.2191;-256.277;-256.684;-256.895;-256.958;-255.98;0;None;1000;None;14:43:27.539
2032;29.0699;28.8861;22.2113;-256.285;-256.676;-256.895;-256.958;-255.972;0;None;1000;None;14:43:28.051
2033;29.0699;28.8861;22.2191;-256.285;-256.684;-256.895;-256.95;-255.972;0;None;1000;None;14:43:28.547
2034;29.0699;28.8861;22.2113;-256.285;-256.676;-256.895;-256.958;-255.972;0;None;1000;None;14:43:29.047
2035;29.0778;28.8939;22.2113;-256.277;-256.684;-256.895;-256.942;-255.972;0;None;1000;None;14:43:29.549
2036;29.0699;28.8861;22.2113;-256.285;-256.684;-256.895;-256.958;-255.972;0;None;1000;None;14:43:30.039
2037;29.0699;28.8861;22.2191;-256.285;-256.684;-256.895;-256.958;-255.972;0;None;1000;None;14:43:30.553
2038;29.0621;28.8939;22.2113;-256.285;-256.684;-256.895;-256.95;-255.98;0;None;1000;None;14:43:31.051
2039;29.0621;28.8861;22.2113;-256.277;-256.692;-256.895;-256.958;-255.972;0;None;1000;None;14:43:31.551
2040;29.0621;28.9017;22.2113;-256.277;-256.676;-256.895;-256.95;-255.98;0;None;1000;None;14:43:32.051
2041;29.0621;28.8939;22.2191;-256.277;-256.684;-256.895;-256.942;-255.98;0;None;1000;None;14:43:32.547
2042;29.0621;28.8939;22.227;-256.285;-256.676;-256.895;-256.95;-255.98;0;None;1000;None;14:43:33.041
2043;29.0621;28.8939;22.2191;-256.277;-256.676;-256.888;-256.935;-255.98;0;None;1000;None;14:43:33.541
2044;29.0621;28.8939;22.2191;-256.285;-256.676;-256.895;-256.942;-255.98;0;None;1000;None;14:43:34.051
2045;29.0621;28.9017;22.2191;-256.285;-256.676;-256.895;-256.935;-255.988;0;None;1000;None;14:43:34.548
2046;29.0621;28.9017;22.2191;-256.277;-256.684;-256.888;-256.935;-255.98;0;None;1000;None;14:43:35.044
2047;29.0621;28.8939;22.2113;-256.285;-256.684;-256.895;-256.935;-255.988;0;None;1000;None;14:43:35.541
2048;29.0699;28.9017;22.2191;-256.285;-256.676;-256.895;-256.935;-255.98;0;None;1000;None;14:43:36.053
2049;29.0699;28.8939;22.2191;-256.277;-256.684;-256.888;-256.942;-255.988;0;None;1000;None;14:43:36.549
2050;29.0621;28.9017;22.2191;-256.285;-256.676;-256.895;-256.942;-255.98;0;None;1000;None;14:43:37.047
2051;29.0543;28.9017;22.2191;-256.277;-256.676;-256.888;-256.95;-255.98;0;None;1000;None;14:43:37.543
2052;29.0621;28.9095;22.2113;-256.285;-256.676;-256.888;-256.942;-255.972;0;None;1000;None;14:43:38.040
2053;29.0621;28.9017;22.2191;-256.285;-256.684;-256.895;-256.942;-255.98;0;None;1000;None;14:43:38.538
2054;29.0621;28.9017;22.2035;-256.277;-256.668;-256.888;-256.942;-255.98;0;None;1000;None;14:43:39.050
2055;29.0621;28.9095;22.2191;-256.277;-256.692;-256.895;-256.935;-255.98;0;None;1000;None;14:43:39.542
2056;29.0621;28.9017;22.2113;-256.285;-256.684;-256.888;-256.942;-255.988;0;None;1000;None;14:43:40.043
2057;29.0621;28.9017;22.2191;-256.277;-256.676;-256.895;-256.935;-255.98;0;None;1000;None;14:43:40.551
2058;29.0621;28.9095;22.2113;-256.285;-256.684;-256.895;-256.942;-255.98;0;None;1000;None;14:43:41.045
2059;29.0621;28.9017;22.2113;-256.277;-256.684;-256.895;-256.942;-255.98;0;None;1000;None;14:43:41.540
2060;29.0621;28.9095;22.2191;-256.277;-256.684;-256.895;-256.942;-255.98;0;None;1000;None;14:43:42.050
2061;29.0621;28.9095;22.2191;-256.285;-256.684;-256.895;-256.942;-255.98;0;None;1000;None;14:43:42.545
2062;29.0621;28.9095;22.2191;-256.285;-256.676;-256.888;-256.95;-255.98;0;None;1000;None;14:43:43.057
2063;29.0699;28.9017;22.2191;-256.277;-256.684;-256.895;-256.942;-255.98;0;None;1000;None;14:43:43.551
2064;29.0699;28.9095;22.2191;-256.277;-256.676;-256.895;-256.942;-255.98;0;None;1000;None;14:43:44.043
2065;29.0699;28.9174;22.2191;-256.285;-256.684;-256.895;-256.95;-255.98;0;None;1000;None;14:43:44.541
2066;29.0621;28.9017;22.2191;-256.277;-256.684;-256.895;-256.942;-255.98;0;None;1000;None;14:43:45.038
2067;29.0699;28.9095;22.227;-256.277;-256.676;-256.895;-256.935;-255.972;0;None;1000;None;14:43:45.549
2068;29.0778;28.9095;22.2191;-256.277;-256.684;-256.895;-256.95;-255.98;0;None;1000;None;14:43:46.051
2069;29.0699;28.9017;22.2191;-256.269;-256.684;-256.895;-256.935;-255.98;0;None;1000;None;14:43:46.544
2070;29.0621;28.9095;22.2191;-256.277;-256.684;-256.895;-256.935;-255.972;0;None;1000;None;14:43:47.044
2071;29.0621;28.9095;22.2191;-256.277;-256.684;-256.888;-256.942;-255.98;0;None;1000;None;14:43:47.539
2072;29.0621;28.9095;22.2191;-256.277;-256.684;-256.888;-256.942;-255.988;0;None;1000;None;14:43:48.049
2073;29.0699;28.9095;22.2191;-256.285;-256.676;-256.895;-256.942;-255.98;0;None;1000;None;14:43:48.544
2074;29.0621;28.9095;22.227;-256.277;-256.684;-256.895;-256.942;-255.98;0;None;1000;None;14:43:49.041
2075;29.0621;28.9095;22.2191;-256.277;-256.684;-256.888;-256.935;-255.98;0;None;1000;None;14:43:49.551
2076;29.0621;28.9095;22.2191;-256.277;-256.676;-256.888;-256.935;-255.98;0;None;1000;None;14:43:50.051
2077;29.0621;28.9017;22.2191;-256.277;-256.676;-256.888;-256.942;-255.98;0;None;1000;None;14:43:50.546
2078;29.0699;28.9017;22.227;-256.285;-256.684;-256.888;-256.935;-255.988;0;None;1000;None;14:43:51.044
2079;29.0699;28.9095;22.2113;-256.269;-256.676;-256.888;-256.935;-255.98;0;None;1000;None;14:43:51.544
2080;29.0699;28.9017;22.2113;-256.277;-256.676;-256.888;-256.935;-255.988;0;None;1000;None;14:43:52.051
2081;29.0699;28.9095;22.2191;-256.269;-256.684;-256.888;-256.935;-255.98;0;None;1000;None;14:43:52.548
2082;29.0699;28.9017;22.2191;-256.277;-256.684;-256.888;-256.927;-255.98;0;None;1000;None;14:43:53.045
2083;29.0699;28.9017;22.2113;-256.269;-256.684;-256.888;-256.927;-255.98;0;None;1000;None;14:43:53.540
2084;29.0621;28.9095;22.2113;-256.277;-256.684;-256.888;-256.927;-255.988;0;None;1000;None;14:43:54.052
2085;29.0621;28.9017;22.2035;-256.277;-256.684;-256.888;-256.935;-255.98;0;None;1000;None;14:43:54.551
2086;29.0621;28.9095;22.2035;-256.269;-256.676;-256.888;-256.927;-255.98;0;None;1000;None;14:43:55.048
2087;29.0621;28.9095;22.2035;-256.277;-256.684;-256.888;-256.935;-255.988;0;None;1000;None;14:43:55.544
2088;29.0699;28.9095;22.2113;-256.277;-256.684;-256.888;-256.927;-255.98;0;None;1000;None;14:43:56.046
2089;29.0699;28.9017;22.2113;-256.277;-256.684;-256.888;-256.935;-255.98;0;None;1000;None;14:43:56.545
2090;29.0621;28.9095;22.2035;-256.277;-256.676;-256.88;-256.927;-255.98;0;None;1000;None;14:43:57.048
2091;29.0699;28.8939;22.2113;-256.277;-256.684;-256.888;-256.942;-255.98;0;None;1000;None;14:43:57.551
2092;29.0621;28.9017;22.2035;-256.277;-256.684;-256.895;-256.935;-255.98;0;None;1000;None;14:43:58.043
2093;29.0621;28.9017;22.2113;-256.285;-256.676;-256.895;-256.935;-255.988;0;None;1000;None;14:43:58.553
2094;29.0621;28.9017;22.2035;-256.277;-256.684;-256.888;-256.935;-255.98;0;None;1000;None;14:43:59.050
2095;29.0699;28.8939;22.2035;-256.277;-256.684;-256.888;-256.95;-255.98;0;None;1000;None;14:43:59.553
2096;29.0543;28.9017;22.2113;-256.277;-256.676;-256.895;-256.942;-255.98;0;None;1000;None;14:44:00.044
2097;29.0543;28.8939;22.2113;-256.285;-256.684;-256.888;-256.95;-255.98;0;None;1000;None;14:44:00.541
2098;29.0543;28.9017;22.2113;-256.277;-256.684;-256.888;-256.942;-255.98;0;None;1000;None;14:44:01.053
2099;29.0621;28.8939;22.2035;-256.277;-256.676;-256.895;-256.935;-255.972;0;None;1000;None;14:44:01.550
2100;29.0543;28.8861;22.2113;-256.277;-256.684;-256.888;-256.942;-255.98;0;None;1000;None;14:44:02.051
2101;29.0543;28.8939;22.2035;-256.285;-256.684;-256.888;-256.935;-255.98;0;None;1000;None;14:44:02.548
2102;29.0621;28.9017;22.2113;-256.277;-256.684;-256.895;-256.935;-255.972;0;None;1000;None;14:44:03.041
2103;29.0543;28.8861;22.2113;-256.285;-256.684;-256.888;-256.942;-255.98;0;None;1000;None;14:44:03.554
2104;29.0621;28.8939;22.2113;-256.277;-256.692;-256.888;-256.942;-255.988;0;None;1000;None;14:44:04.053
2105;29.0543;28.8939;22.2113;-256.277;-256.684;-256.895;-256.935;-255.98;0;None;1000;None;14:44:04.551
2106;29.0621;28.8939;22.2113;-256.285;-256.676;-256.888;-256.935;-255.988;0;None;1000;None;14:44:05.046
2107;29.0621;28.9017;22.2035;-256.277;-256.684;-256.895;-256.927;-255.98;0;None;1000;None;14:44:05.542
2108;29.0621;28.8939;22.2035;-256.277;-256.676;-256.888;-256.935;-255.98;0;None;1000;None;14:44:06.040
2109;29.0699;28.8861;22.2113;-256.285;-256.676;-256.895;-256.935;-255.972;0;None;1000;None;14:44:06.543
2110;29.0699;28.8939;22.2035;-256.277;-256.684;-256.888;-256.927;-255.98;0;None;1000;None;14:44:07.050
2111;29.0621;28.8939;22.2113;-256.277;-256.684;-256.888;-256.942;-255.988;0;None;1000;None;14:44:07.551
2112;29.0699;28.8939;22.1957;-256.285;-256.676;-256.895;-256.935;-255.972;0;None;1000;None;14:44:08.047
2113;29.0778;28.8939;22.2035;-256.277;-256.676;-256.888;-256.935;-255.98;0;None;1000;None;14:44:08.542
2114;29.0621;28.8861;22.2035;-256.277;-256.684;-256.888;-256.942;-255.98;0;None;1000;None;14:44:09.043
2115;29.0621;28.8939;22.2035;-256.269;-256.684;-256.888;-256.935;-255.98;0;None;1000;None;14:44:09.552
2116;29.0621;28.8939;22.2035;-256.277;-256.676;-256.888;-256.935;-255.98;0;None;1000;None;14:44:10.046
2117;29.0621;28.8939;22.2035;-256.277;-256.684;-256.895;-256.935;-255.98;0;None;1000;None;14:44:10.546
2118;29.0621;28.9017;22.2035;-256.269;-256.684;-256.888;-256.942;-255.98;0;None;1000;None;14:44:11.040
2119;29.0543;28.9017;22.2113;-256.269;-256.684;-256.88;-256.935;-255.98;0;None;1000;None;14:44:11.553
2120;29.0465;28.9017;22.2035;-256.277;-256.676;-256.895;-256.942;-255.98;0;None;1000;None;14:44:12.050
2121;29.0543;28.8939;22.2035;-256.277;-256.684;-256.888;-256.942;-255.98;0;None;1000;None;14:44:12.551
2122;29.0465;28.9017;22.2035;-256.277;-256.684;-256.895;-256.935;-255.98;0;None;1000;None;14:44:13.044
2123;29.0465;28.9017;22.2035;-256.277;-256.684;-256.888;-256.942;-255.98;0;None;1000;None;14:44:13.539
2124;29.0543;28.9095;22.2113;-256.277;-256.676;-256.888;-256.942;-255.98;0;None;1000;None;14:44:14.053
2125;29.0465;28.8939;22.2113;-256.269;-256.684;-256.895;-256.942;-255.972;0;None;1000;None;14:44:14.550
2126;29.0465;28.9095;22.2113;-256.285;-256.676;-256.888;-256.942;-255.98;0;None;1000;None;14:44:15.048
2127;29.0465;28.9095;22.2113;-256.277;-256.676;-256.888;-256.935;-255.98;0;None;1000;None;14:44:15.544
2128;29.0386;28.9095;22.2035;-256.277;-256.684;-256.888;-256.942;-255.972;0;None;1000;None;14:44:16.044
2129;29.0465;28.9095;22.2113;-256.277;-256.676;-256.895;-256.942;-255.98;0;None;1000;None;14:44:16.538
2130;29.0386;28.9095;22.2035;-256.277;-256.684;-256.888;-256.935;-255.98;0;None;1000;None;14:44:17.050
2131;29.0386;28.9017;22.1957;-256.277;-256.676;-256.888;-256.942;-255.98;0;None;1000;None;14:44:17.548
2132;29.0465;28.9017;22.2035;-256.277;-256.676;-256.895;-256.935;-255.98;0;None;1000;None;14:44:18.046
2133;29.0465;28.9095;22.2113;-256.277;-256.676;-256.888;-256.935;-255.98;0;None;1000;None;14:44:18.543
2134;29.0386;28.9017;22.2035;-256.277;-256.676;-256.888;-256.935;-255.98;0;None;1000;None;14:44:19.041
2135;29.0465;28.9017;22.2035;-256.277;-256.676;-256.895;-256.95;-255.98;0;None;1000;None;14:44:19.550
2136;29.0543;28.9095;22.2035;-256.277;-256.684;-256.895;-256.942;-255.988;0;None;1000;None;14:44:20.044
2137;29.0543;28.9017;22.2035;-256.269;-256.676;-256.888;-256.942;-255.98;0;None;1000;None;14:44:20.538
2138;29.0543;28.9095;22.2035;-256.277;-256.676;-256.895;-256.942;-255.988;0;None;1000;None;14:44:21.051
2139;29.0543;28.9095;22.1957;-256.269;-256.676;-256.895;-256.942;-255.98;0;None;1000;None;14:44:21.551
2140;29.0543;28.9174;22.2035;-256.269;-256.676;-256.888;-256.95;-255.988;0;None;1000;None;14:44:22.043
2141;29.0621;28.9095;22.2035;-256.277;-256.676;-256.895;-256.95;-255.98;0;None;1000;None;14:44:22.541
2142;29.0621;28.9095;22.2035;-256.269;-256.676;-256.895;-256.942;-255.98;0;None;1000;None;14:44:23.037
2143;29.0699;28.9017;22.1957;-256.277;-256.676;-256.895;-256.95;-255.988;0;None;1000;None;14:44:23.551
2144;29.0621;28.9095;22.2113;-256.269;-256.676;-256.895;-256.935;-255.988;0;None;1000;None;14:44:24.050
2145;29.0621;28.9017;22.2113;-256.277;-256.684;-256.888;-256.942;-255.98;0;None;1000;None;14:44:24.553
2146;29.0621;28.9174;22.2113;-256.277;-256.668;-256.895;-256.942;-255.98;0;None;1000;None;14:44:25.040
2147;29.0621;28.9095;22.2035;-256.277;-256.676;-256.895;-256.942;-255.98;0;None;1000;None;14:44:25.552
2148;29.0621;28.9095;22.2113;-256.269;-256.676;-256.895;-256.942;-255.988;0;None;1000;None;14:44:26.049
2149;29.0699;28.9174;22.2191;-256.277;-256.676;-256.888;-256.95;-255.988;0;None;1000;None;14:44:26.550
2150;29.0621;28.9095;22.2191;-256.269;-256.676;-256.888;-256.942;-255.98;0;None;1000;None;14:44:27.043
2151;29.0621;28.9095;22.2191;-256.277;-256.684;-256.888;-256.942;-255.988;0;None;1000;None;14:44:27.539
2152;29.0699;28.9017;22.2113;-256.277;-256.676;-256.895;-256.942;-255.988;0;None;1000;None;14:44:28.051
2153;29.0621;28.9017;22.2113;-256.277;-256.676;-256.895;-256.942;-255.98;0;None;1000;None;14:44:28.548
2154;29.0543;28.9017;22.2113;-256.277;-256.676;-256.888;-256.95;-255.98;0;None;1000;None;14:44:29.043
2155;29.0621;28.9017;22.2113;-256.277;-256.684;-256.895;-256.942;-255.988;0;None;1000;None;14:44:29.540
2156;29.0621;28.9017;22.2035;-256.277;-256.676;-256.895;-256.95;-255.98;0;None;1000;None;14:44:30.052
2157;29.0699;28.8861;22.2035;-256.277;-256.684;-256.888;-256.942;-255.98;0;None;1000;None;14:44:30.551
2158;29.0543;28.9017;22.2113;-256.277;-256.684;-256.888;-256.942;-255.98;0;None;1000;None;14:44:31.048
2159;29.0543;28.8939;22.2113;-256.277;-256.684;-256.888;-256.942;-255.972;0;None;1000;None;14:44:31.547
2160;29.0543;28.8939;22.2035;-256.277;-256.676;-256.888;-256.935;-255.98;0;None;1000;None;14:44:32.043
2161;29.0543;28.8939;22.2035;-256.269;-256.684;-256.888;-256.942;-255.98;0;None;1000;None;14:44:32.541
2162;29.0465;28.8861;22.2113;-256.269;-256.684;-256.888;-256.95;-255.972;0;None;1000;None;14:44:33.038
2163;29.0465;28.8939;22.2113;-256.277;-256.676;-256.88;-256.942;-255.98;0;None;1000;None;14:44:33.547
2164;29.0465;28.8939;22.2113;-256.277;-256.684;-256.888;-256.942;-255.988;0;None;1000;None;14:44:34.044
2165;29.0465;28.8939;22.2113;-256.277;-256.676;-256.888;-256.95;-255.98;0;None;1000;None;14:44:34.540
2166;29.0386;28.8939;22.2113;-256.277;-256.676;-256.88;-256.95;-255.98;0;None;1000;None;14:44:35.050
2167;29.0386;28.8939;22.2035;-256.277;-256.684;-256.888;-256.942;-255.988;0;None;1000;None;14:44:35.544
2168;29.0465;28.8861;22.2113;-256.277;-256.684;-256.88;-256.935;-255.98;0;None;1000;None;14:44:36.038
2169;29.0386;28.8939;22.2035;-256.285;-256.684;-256.888;-256.942;-255.988;0;None;1000;None;14:44:36.549
2170;29.0386;28.9017;22.2035;-256.277;-256.676;-256.888;-256.942;-255.98;0;None;1000;None;14:44:37.050
2171;29.0386;28.8939;22.2113;-256.277;-256.684;-256.888;-256.935;-255.988;0;None;1000;None;14:44:37.538
2172;29.0465;28.9095;22.2035;-256.277;-256.676;-256.888;-256.935;-255.972;0;None;1000;None;14:44:38.047
2173;29.0386;28.9017;22.2035;-256.277;-256.684;-256.888;-256.942;-255.98;0;None;1000;None;14:44:38.543
2174;29.0386;28.9017;22.2035;-256.277;-256.676;-256.88;-256.942;-255.98;0;None;1000;None;14:44:39.043
2175;29.0386;28.9017;22.2035;-256.269;-256.684;-256.888;-256.935;-255.98;0;None;1000;None;14:44:39.553
2176;29.0308;28.9017;22.2113;-256.277;-256.676;-256.895;-256.942;-255.98;0;None;1000;None;14:44:40.049
2177;29.0386;28.9095;22.2035;-256.269;-256.676;-256.888;-256.935;-255.972;0;None;1000;None;14:44:40.551
2178;29.0386;28.9095;22.2035;-256.277;-256.676;-256.895;-256.942;-255.98;0;None;1000;None;14:44:41.043
2179;29.0386;28.9095;22.2113;-256.277;-256.676;-256.895;-256.942;-255.98;0;None;1000;None;14:44:41.539
2180;29.0465;28.9095;22.1957;-256.277;-256.668;-256.895;-256.95;-255.972;0;None;1000;None;14:44:42.052
2181;29.0386;28.9174;22.2035;-256.269;-256.676;-256.895;-256.942;-255.98;0;None;1000;None;14:44:42.548
2182;29.0465;28.9095;22.2035;-256.277;-256.684;-256.888;-256.942;-255.972;0;None;1000;None;14:44:43.044
2183;29.0386;28.9174;22.2035;-256.285;-256.676;-256.895;-256.942;-255.972;0;None;1000;None;14:44:43.538
2184;29.0465;28.9095;22.1957;-256.269;-256.668;-256.888;-256.95;-255.972;0;None;1000;None;14:44:44.050
2185;29.0465;28.9095;22.2035;-256.277;-256.676;-256.888;-256.95;-255.98;0;None;1000;None;14:44:44.552
2186;29.0465;28.9095;22.1957;-256.277;-256.684;-256.895;-256.958;-255.98;0;None;1000;None;14:44:45.050
2187;29.0465;28.9095;22.2113;-256.269;-256.676;-256.888;-256.95;-255.98;0;None;1000;None;14:44:45.548
2188;29.0543;28.9095;22.2035;-256.277;-256.676;-256.888;-256.942;-255.972;0;None;1000;None;14:44:46.050
2189;29.0543;28.9095;22.1957;-256.277;-256.684;-256.888;-256.942;-255.98;0;None;1000;None;14:44:46.541
2190;29.0543;28.9095;22.2035;-256.285;-256.676;-256.895;-256.942;-255.972;0;None;1000;None;14:44:47.037
2191;29.0465;28.9017;22.2035;-256.277;-256.676;-256.888;-256.95;-255.98;0;None;1000;None;14:44:47.550
2192;29.0543;28.9174;22.2035;-256.277;-256.676;-256.888;-256.95;-255.98;0;None;1000;None;14:44:48.051
2193;29.0621;28.9095;22.2113;-256.285;-256.676;-256.895;-256.942;-255.98;0;None;1000;None;14:44:48.544
2194;29.0543;28.9095;22.2035;-256.277;-256.676;-256.895;-256.95;-255.98;0;None;1000;None;14:44:49.044
2195;29.0543;28.9095;22.2035;-256.285;-256.668;-256.895;-256.942;-255.98;0;None;1000;None;14:44:49.537
2196;29.0465;28.9174;22.2113;-256.277;-256.676;-256.888;-256.942;-255.98;0;None;1000;None;14:44:50.049
2197;29.0543;28.9095;22.2035;-256.277;-256.668;-256.888;-256.95;-255.98;0;None;1000;None;14:44:50.542
2198;29.0465;28.9174;22.1957;-256.285;-256.676;-256.888;-256.935;-255.972;0;None;1000;None;14:44:51.050
2199;29.0543;28.9174;22.2035;-256.277;-256.676;-256.88;-256.942;-255.98;0;None;1000;None;14:44:51.543
2200;29.0465;28.9095;22.2035;-256.277;-256.668;-256.888;-256.942;-255.98;0;None;1000;None;14:44:52.040
2201;29.0465;28.9174;22.2035;-256.285;-256.676;-256.895;-256.935;-255.98;0;None;1000;None;14:44:52.537
2202;29.0465;28.9252;22.2035;-256.277;-256.676;-256.88;-256.942;-255.98;0;None;1000;None;14:44:53.049
2203;29.0543;28.9174;22.2113;-256.285;-256.676;-256.888;-256.942;-255.988;0;None;1000;None;14:44:53.548
2204;29.0465;28.9095;22.1957;-256.277;-256.676;-256.888;-256.95;-255.98;0;None;1000;None;14:44:54.049
2205;29.0465;28.9095;22.2113;-256.277;-256.676;-256.888;-256.935;-255.98;0;None;1000;None;14:44:54.541
2206;29.0465;28.9017;22.1957;-256.277;-256.684;-256.888;-256.942;-255.98;0;None;1000;None;14:44:55.037
2207;29.0543;28.9095;22.2035;-256.277;-256.676;-256.888;-256.935;-255.98;0;None;1000;None;14:44:55.548
2208;29.0465;28.8939;22.2035;-256.277;-256.676;-256.888;-256.95;-255.98;0;None;1000;None;14:44:56.046
2209;29.0543;28.9017;22.2035;-256.269;-256.676;-256.888;-256.935;-255.98;0;None;1000;None;14:44:56.549
2210;29.0465;28.8939;22.1957;-256.277;-256.676;-256.888;-256.95;-255.98;0;None;1000;None;14:44:57.044
2211;29.0543;28.8861;22.1957;-256.277;-256.684;-256.88;-256.942;-255.98;0;None;1000;None;14:44:57.538
2212;29.0465;28.8939;22.2035;-256.285;-256.676;-256.888;-256.942;-255.988;0;None;1000;None;14:44:58.052
2213;29.0543;28.8939;22.1957;-256.277;-256.684;-256.888;-256.942;-255.98;0;None;1000;None;14:44:58.549
2214;29.0465;28.8861;22.1957;-256.277;-256.684;-256.888;-256.95;-255.98;0;None;1000;None;14:44:59.043
2215;29.0621;28.8939;22.1878;-256.277;-256.684;-256.888;-256.942;-255.988;0;None;1000;None;14:44:59.543
2216;29.0621;28.8861;22.1878;-256.269;-256.684;-256.888;-256.942;-255.98;0;None;1000;None;14:45:00.049
2217;29.0543;28.8861;22.1957;-256.277;-256.676;-256.895;-256.935;-255.988;0;None;1000;None;14:45:00.549
2218;29.0543;28.8861;22.1878;-256.277;-256.684;-256.888;-256.942;-255.98;0;None;1000;None;14:45:01.050
2219;29.0543;28.8782;22.1878;-256.277;-256.676;-256.895;-256.942;-255.988;0;None;1000;None;14:45:01.552
2220;29.0621;28.8861;22.1957;-256.269;-256.684;-256.888;-256.942;-255.98;0;None;1000;None;14:45:02.043
2221;29.0621;28.8861;22.1957;-256.277;-256.676;-256.895;-256.942;-255.98;0;None;1000;None;14:45:02.537
2222;29.0621;28.8939;22.1878;-256.285;-256.684;-256.895;-256.942;-255.98;0;None;1000;None;14:45:03.049
2223;29.0543;28.8939;22.1957;-256.277;-256.676;-256.888;-256.935;-255.98;0;None;1000;None;14:45:03.546
2224;29.0621;28.8861;22.1878;-256.285;-256.692;-256.895;-256.942;-255.98;0;None;1000;None;14:45:04.044
2225;29.0621;28.8939;22.1957;-256.285;-256.676;-256.895;-256.942;-255.988;0;None;1000;None;14:45:04.540
2226;29.0543;28.8939;22.1957;-256.285;-256.684;-256.895;-256.942;-255.98;0;None;1000;None;14:45:05.037
2227;29.0621;28.8939;22.1878;-256.285;-256.676;-256.888;-256.942;-255.98;0;None;1000;None;14:45:05.550
2228;29.0699;28.8939;22.1878;-256.285;-256.692;-256.895;-256.942;-255.972;0;None;1000;None;14:45:06.050
2229;29.0621;28.9017;22.1957;-256.277;-256.676;-256.895;-256.935;-255.988;0;None;1000;None;14:45:06.550
2230;29.0621;28.8939;22.1878;-256.285;-256.684;-256.895;-256.935;-255.972;0;None;1000;None;14:45:07.043
2231;29.0621;28.9017;22.1957;-256.285;-256.676;-256.895;-256.942;-255.988;0;None;1000;None;14:45:07.541
2232;29.0621;28.8939;22.1957;-256.277;-256.684;-256.895;-256.942;-255.98;0;None;1000;None;14:45:08.043
2233;29.0699;28.8861;22.1957;-256.277;-256.684;-256.895;-256.942;-255.972;0;None;1000;None;14:45:08.552
2234;29.0621;28.8939;22.1957;-256.277;-256.676;-256.903;-256.942;-255.98;0;None;1000;None;14:45:09.049
2235;29.0621;28.8861;22.1878;-256.285;-256.676;-256.888;-256.935;-255.98;0;None;1000;None;14:45:09.548
2236;29.0621;28.8939;22.1957;-256.277;-256.676;-256.895;-256.942;-255.972;0;None;1000;None;14:45:10.045
2237;29.0621;28.8939;22.1957;-256.277;-256.684;-256.895;-256.942;-255.98;0;None;1000;None;14:45:10.542
2238;29.0621;28.8939;22.1957;-256.277;-256.684;-256.903;-256.935;-255.98;0;None;1000;None;14:45:11.055
2239;29.0621;28.8939;22.1957;-256.285;-256.676;-256.895;-256.942;-255.972;0;None;1000;None;14:45:11.552
2240;29.0543;28.8939;22.1957;-256.285;-256.684;-256.895;-256.935;-255.972;0;None;1000;None;14:45:12.049
2241;29.0543;28.8939;22.2035;-256.277;-256.676;-256.895;-256.942;-255.972;0;None;1000;None;14:45:12.545
2242;29.0543;28.8939;22.1957;-256.277;-256.676;-256.888;-256.942;-255.98;0;None;1000;None;14:45:13.044
2243;29.0465;28.8939;22.1957;-256.277;-256.684;-256.895;-256.935;-255.972;0;None;1000;None;14:45:13.543
2244;29.0543;28.8861;22.1957;-256.285;-256.676;-256.895;-256.942;-255.98;0;None;1000;None;14:45:14.048
2245;29.0543;28.8861;22.2035;-256.277;-256.684;-256.895;-256.942;-255.98;0;None;1000;None;14:45:14.551
2246;29.0543;28.8861;22.1878;-256.285;-256.676;-256.888;-256.942;-255.972;0;None;1000;None;14:45:15.046
2247;29.0621;28.8939;22.1878;-256.285;-256.676;-256.895;-256.935;-255.972;0;None;1000;None;14:45:15.543
2248;29.0543;28.8939;22.18;-256.277;-256.676;-256.895;-256.935;-255.972;0;None;1000;None;14:45:16.044
2249;29.0621;28.8861;22.1878;-256.277;-256.676;-256.888;-256.942;-255.98;0;None;1000;None;14:45:16.551
2250;29.0543;28.8782;22.1878;-256.269;-256.684;-256.895;-256.95;-255.972;0;None;1000;None;14:45:17.049
2251;29.0465;28.8861;22.1957;-256.277;-256.676;-256.895;-256.95;-255.98;0;None;1000;None;14:45:17.545
2252;29.0543;28.8861;22.1957;-256.277;-256.676;-256.888;-256.942;-255.98;0;None;1000;None;14:45:18.042
2253;29.0543;28.8861;22.1957;-256.277;-256.684;-256.888;-256.95;-255.98;0;None;1000;None;14:45:18.543
2254;29.0465;28.8782;22.1957;-256.277;-256.676;-256.895;-256.95;-255.972;0;None;1000;None;14:45:19.050
2255;29.0543;28.8861;22.1957;-256.277;-256.676;-256.888;-256.95;-255.98;0;None;1000;None;14:45:19.551
2256;29.0621;28.8782;22.1957;-256.277;-256.676;-256.895;-256.942;-255.972;0;None;1000;None;14:45:20.046
2257;29.0543;28.8861;22.1957;-256.277;-256.668;-256.895;-256.95;-255.988;0;None;1000;None;14:45:20.543
2258;29.0543;28.8861;22.2035;-256.269;-256.676;-256.895;-256.95;-255.972;0;None;1000;None;14:45:21.043
2259;29.0543;28.8782;22.2035;-256.269;-256.676;-256.895;-256.942;-255.98;0;None;1000;None;14:45:21.551
2260;29.0543;28.8861;22.1957;-256.269;-256.684;-256.895;-256.942;-255.972;0;None;1000;None;14:45:22.048
2261;29.0543;28.8782;22.1957;-256.269;-256.676;-256.895;-256.935;-255.98;0;None;1000;None;14:45:22.546
2262;29.0386;28.8861;22.1957;-256.269;-256.684;-256.895;-256.942;-255.972;0;None;1000;None;14:45:23.043
2263;29.0465;28.8782;22.1878;-256.269;-256.676;-256.895;-256.935;-255.972;0;None;1000;None;14:45:23.542
2264;29.0465;28.8782;22.1957;-256.277;-256.684;-256.895;-256.942;-255.98;0;None;1000;None;14:45:24.038
2265;29.0543;28.8704;22.1957;-256.277;-256.692;-256.895;-256.942;-255.98;0;None;1000;None;14:45:24.551
2266;29.0465;28.8782;22.1957;-256.277;-256.676;-256.895;-256.942;-255.98;0;None;1000;None;14:45:25.051
2267;29.0621;28.8861;22.2035;-256.277;-256.676;-256.888;-256.942;-255.98;0;None;1000;None;14:45:25.549
2268;29.0543;28.8782;22.2035;-256.277;-256.676;-256.895;-256.942;-255.972;0;None;1000;None;14:45:26.049
2269;29.0543;28.8782;22.1878;-256.277;-256.676;-256.903;-256.942;-255.98;0;None;1000;None;14:45:26.542
2270;29.0543;28.8861;22.1957;-256.277;-256.684;-256.895;-256.942;-255.98;0;None;1000;None;14:45:27.042
2271;29.0543;28.8782;22.1957;-256.277;-256.676;-256.895;-256.942;-255.972;0;None;1000;None;14:45:27.543
2272;29.0543;28.8861;22.1957;-256.277;-256.676;-256.895;-256.942;-255.98;0;None;1000;None;14:45:28.050
2273;29.0543;28.8782;22.1957;-256.269;-256.676;-256.895;-256.942;-255.972;0;None;1000;None;14:45:28.550
2274;29.0465;28.8782;22.1957;-256.277;-256.676;-256.888;-256.935;-255.98;0;None;1000;None;14:45:29.041
2275;29.0543;28.8861;22.1957;-256.277;-256.676;-256.895;-256.942;-255.972;0;None;1000;None;14:45:29.551
2276;29.0543;28.8939;22.1957;-256.277;-256.684;-256.895;-256.942;-255.98;0;None;1000;None;14:45:30.048
2277;29.0543;28.8861;22.1878;-256.277;-256.676;-256.895;-256.935;-255.98;0;None;1000;None;14:45:30.550
2278;29.0543;28.8861;22.1957;-256.277;-256.676;-256.888;-256.935;-255.98;0;None;1000;None;14:45:31.043
2279;29.0543;28.8861;22.1878;-256.277;-256.676;-256.903;-256.942;-255.98;0;None;1000;None;14:45:31.543
2280;29.0543;28.8861;22.2035;-256.277;-256.668;-256.888;-256.942;-255.972;0;None;1000;None;14:45:32.036
2281;29.0465;28.8861;22.1957;-256.285;-256.676;-256.895;-256.935;-255.98;0;None;1000;None;14:45:32.550
2282;29.0621;28.8861;22.1957;-256.277;-256.676;-256.888;-256.942;-255.98;0;None;1000;None;14:45:33.047
2283;29.0543;28.8939;22.1957;-256.285;-256.668;-256.888;-256.942;-255.972;0;None;1000;None;14:45:33.543
2284;29.0621;28.8782;22.1878;-256.277;-256.676;-256.88;-256.935;-255.972;0;None;1000;None;14:45:34.052
2285;29.0543;28.8782;22.18;-256.277;-256.676;-256.888;-256.942;-255.98;0;None;1000;None;14:45:34.547
2286;29.0621;28.8782;22.1878;-256.277;-256.676;-256.888;-256.942;-255.972;0;None;1000;None;14:45:35.042
2287;29.0621;28.8782;22.18;-256.277;-256.676;-256.88;-256.942;-255.972;0;None;1000;None;14:45:35.537
2288;29.0543;28.8782;22.1878;-256.285;-256.684;-256.888;-256.935;-255.972;0;None;1000;None;14:45:36.048
2289;29.0543;28.8782;22.1878;-256.277;-256.684;-256.888;-256.935;-255.98;0;None;1000;None;14:45:36.542
2290;29.0621;28.8782;22.18;-256.285;-256.676;-256.888;-256.942;-255.972;0;None;1000;None;14:45:37.043
2291;29.0465;28.8704;22.1878;-256.285;-256.684;-256.88;-256.942;-255.98;0;None;1000;None;14:45:37.549
2292;29.0543;28.8743;22.1878;-256.285;-256.676;-256.888;-256.95;-255.98;0;None;1000;None;14:45:38.043
2293;29.0543;28.8665;22.1878;-256.285;-256.676;-256.88;-256.935;-255.98;0;None;1000;None;14:45:38.542
2294;29.0543;28.8626;22.18;-256.293;-256.684;-256.888;-256.95;-255.98;0;None;1000;None;14:45:39.041
2295;29.0465;28.8665;22.1878;-256.277;-256.676;-256.888;-256.935;-255.98;0;None;1000;None;14:45:39.547
2296;29.0465;28.8665;22.1878;-256.285;-256.676;-256.888;-256.942;-255.98;0;None;1000;None;14:45:40.044
2297;29.0543;28.8665;22.18;-256.285;-256.684;-256.895;-256.942;-255.98;0;None;1000;None;14:45:40.541
2298;29.0465;28.8665;22.1878;-256.285;-256.684;-256.888;-256.935;-255.98;0;None;1000;None;14:45:41.043
2299;29.0465;28.8665;22.18;-256.285;-256.684;-256.888;-256.935;-255.98;0;None;1000;None;14:45:41.550
2300;29.0465;28.8665;22.1878;-256.285;-256.684;-256.888;-256.935;-255.988;0;None;1000;None;14:45:42.049
2301;29.0465;28.8665;22.18;-256.285;-256.684;-256.895;-256.95;-255.98;0;None;1000;None;14:45:42.543
2302;29.0543;28.8704;22.18;-256.285;-256.684;-256.88;-256.942;-255.972;0;None;1000;None;14:45:43.039
2303;29.0543;28.8743;22.1722;-256.285;-256.684;-256.888;-256.942;-255.98;0;None;1000;None;14:45:43.550
2304;29.0465;28.8626;22.1878;-256.285;-256.684;-256.895;-256.942;-255.98;0;None;1000;None;14:45:44.050
2305;29.0465;28.8665;22.18;-256.293;-256.684;-256.888;-256.95;-255.988;0;None;1000;None;14:45:44.550
2306;29.0465;28.8626;22.1722;-256.293;-256.684;-256.895;-256.95;-255.972;0;None;1000;None;14:45:45.042
2307;29.0543;28.8626;22.18;-256.285;-256.684;-256.895;-256.942;-255.98;0;None;1000;None;14:45:45.539
2308;29.0543;28.8626;22.18;-256.277;-256.692;-256.895;-256.942;-255.972;0;None;1000;None;14:45:46.041
2309;29.0543;28.8587;22.18;-256.285;-256.684;-256.888;-256.942;-255.98;0;None;1000;None;14:45:46.548
2310;29.0543;28.8665;22.1878;-256.285;-256.684;-256.895;-256.942;-255.98;0;None;1000;None;14:45:47.046
2311;29.0543;28.8626;22.18;-256.277;-256.692;-256.888;-256.95;-255.98;0;None;1000;None;14:45:47.544
2312;29.0543;28.8665;22.1878;-256.285;-256.684;-256.895;-256.942;-255.988;0;None;1000;None;14:45:48.040
2313;29.0543;28.8665;22.18;-256.277;-256.684;-256.888;-256.942;-255.98;0;None;1000;None;14:45:48.551
2314;29.0543;28.8665;22.1878;-256.277;-256.676;-256.903;-256.95;-255.98;0;None;1000;None;14:45:49.051
2315;29.0543;28.8665;22.1878;-256.277;-256.684;-256.888;-256.942;-255.98;0;None;1000;None;14:45:49.548
2316;29.0543;28.8665;22.1878;-256.285;-256.684;-256.895;-256.942;-255.988;0;None;1000;None;14:45:50.045
2317;29.0465;28.8665;22.18;-256.277;-256.684;-256.895;-256.95;-255.98;0;None;1000;None;14:45:50.543
2318;29.0465;28.8626;22.18;-256.285;-256.684;-256.895;-256.95;-255.972;0;None;1000;None;14:45:51.043
2319;29.0543;28.8665;22.1878;-256.285;-256.684;-256.895;-256.942;-255.98;0;None;1000;None;14:45:51.535
2320;29.0465;28.8587;22.1878;-256.285;-256.684;-256.888;-256.942;-255.98;0;None;1000;None;14:45:52.049
2321;29.0465;28.8626;22.1878;-256.293;-256.684;-256.895;-256.942;-255.98;0;None;1000;None;14:45:52.541
2322;29.0386;28.8665;22.1957;-256.285;-256.684;-256.895;-256.935;-255.98;0;None;1000;None;14:45:53.038
2323;29.0465;28.8626;22.1878;-256.277;-256.676;-256.895;-256.935;-255.98;0;None;1000;None;14:45:53.551
2324;29.0465;28.8626;22.1878;-256.293;-256.692;-256.888;-256.935;-255.98;0;None;1000;None;14:45:54.047
2325;29.0465;28.8665;22.1878;-256.285;-256.684;-256.895;-256.942;-255.98;0;None;1000;None;14:45:54.549
2326;29.0386;28.8665;22.1957;-256.285;-256.684;-256.895;-256.942;-255.98;0;None;1000;None;14:45:55.042
2327;29.0386;28.8665;22.18;-256.285;-256.684;-256.888;-256.942;-255.98;0;None;1000;None;14:45:55.540
2328;29.0386;28.8665;22.1957;-256.285;-256.684;-256.895;-256.935;-255.98;0;None;1000;None;14:45:56.038
2329;29.0386;28.8665;22.1878;-256.285;-256.684;-256.895;-256.935;-255.988;0;None;1000;None;14:45:56.540
2330;29.0465;28.8665;22.1878;-256.277;-256.684;-256.888;-256.942;-255.972;0;None;1000;None;14:45:57.048
2331;29.0386;28.8665;22.1878;-256.285;-256.684;-256.895;-256.935;-255.98;0;None;1000;None;14:45:57.549
2332;29.0386;28.8704;22.1957;-256.277;-256.692;-256.895;-256.935;-255.972;0;None;1000;None;14:45:58.055
2333;29.0465;28.8743;22.1878;-256.285;-256.684;-256.895;-256.942;-255.98;0;None;1000;None;14:45:58.552
2334;29.0543;28.8704;22.1957;-256.277;-256.684;-256.895;-256.935;-255.98;0;None;1000;None;14:45:59.046
2335;29.0465;28.8704;22.1878;-256.277;-256.692;-256.895;-256.942;-255.972;0;None;1000;None;14:45:59.538
2336;29.0465;28.8704;22.1957;-256.277;-256.684;-256.895;-256.95;-255.98;0;None;1000;None;14:46:00.050
2337;29.0465;28.8665;22.1957;-256.285;-256.684;-256.895;-256.935;-255.98;0;None;1000;None;14:46:00.547
2338;29.0543;28.8665;22.1878;-256.285;-256.684;-256.895;-256.942;-255.98;0;None;1000;None;14:46:01.044
2339;29.0465;28.8626;22.1957;-256.277;-256.676;-256.903;-256.942;-255.988;0;None;1000;None;14:46:01.542
2340;29.0465;28.8626;22.1878;-256.285;-256.684;-256.895;-256.935;-255.98;0;None;1000;None;14:46:02.043
2341;29.0465;28.8626;22.1957;-256.277;-256.684;-256.895;-256.935;-255.98;0;None;1000;None;14:46:02.535
2342;29.0465;28.8665;22.1957;-256.285;-256.684;-256.895;-256.935;-255.988;0;None;1000;None;14:46:03.049
2343;29.0386;28.8665;22.1878;-256.285;-256.684;-256.895;-256.935;-255.98;0;None;1000;None;14:46:03.547
2344;29.0386;28.8665;22.1878;-256.277;-256.676;-256.895;-256.935;-255.988;0;None;1000;None;14:46:04.043
2345;29.0465;28.8704;22.1957;-256.285;-256.684;-256.895;-256.935;-255.988;0;None;1000;None;14:46:04.541
2346;29.0386;28.8782;22.1957;-256.285;-256.684;-256.895;-256.935;-255.98;0;None;1000;None;14:46:05.036
2347;29.0386;28.8665;22.1878;-256.285;-256.676;-256.895;-256.942;-255.98;0;None;1000;None;14:46:05.550
2348;29.0386;28.8743;22.1957;-256.277;-256.692;-256.895;-256.942;-255.98;0;None;1000;None;14:46:06.048
2349;29.0386;28.8821;22.1957;-256.285;-256.676;-256.888;-256.942;-255.988;0;None;1000;None;14:46:06.549
2350;29.0308;28.8665;22.1957;-256.285;-256.684;-256.888;-256.935;-255.98;0;None;1000;None;14:46:07.042
2351;29.0465;28.8782;22.1878;-256.285;-256.676;-256.895;-256.935;-255.988;0;None;1000;None;14:46:07.551
2352;29.0386;28.8704;22.1957;-256.293;-256.684;-256.888;-256.942;-255.98;0;None;1000;None;14:46:08.051
2353;29.0386;28.8782;22.1878;-256.277;-256.684;-256.888;-256.942;-255.988;0;None;1000;None;14:46:08.548
2354;29.0386;28.8782;22.1878;-256.285;-256.684;-256.895;-256.942;-255.98;0;None;1000;None;14:46:09.046
2355;29.0308;28.8704;22.1957;-256.285;-256.676;-256.895;-256.942;-255.98;0;None;1000;None;14:46:09.544
2356;29.0386;28.8782;22.1878;-256.293;-256.684;-256.888;-256.942;-255.98;0;None;1000;None;14:46:10.044
2357;29.0308;28.8704;22.1957;-256.277;-256.684;-256.888;-256.942;-255.98;0;None;1000;None;14:46:10.537
2358;29.0308;28.8782;22.1957;-256.285;-256.684;-256.895;-256.942;-255.988;0;None;1000;None;14:46:11.049
2359;29.0308;28.8782;22.1957;-256.285;-256.684;-256.888;-256.942;-255.98;0;None;1000;None;14:46:11.547
2360;29.0308;28.8782;22.1878;-256.277;-256.684;-256.895;-256.935;-255.988;0;None;1000;None;14:46:12.044
2361;29.0308;28.8782;22.1957;-256.285;-256.684;-256.888;-256.942;-255.98;0;None;1000;None;14:46:12.550
2362;29.0308;28.8861;22.1957;-256.285;-256.676;-256.888;-256.942;-255.988;0;None;1000;None;14:46:13.036
2363;29.0308;28.8782;22.1957;-256.285;-256.676;-256.888;-256.935;-255.98;0;None;1000;None;14:46:13.551
2364;29.0386;28.8861;22.1957;-256.277;-256.676;-256.888;-256.935;-255.98;0;None;1000;None;14:46:14.050
2365;29.0465;28.8861;22.1957;-256.285;-256.676;-256.88;-256.935;-255.98;0;None;1000;None;14:46:14.549
2366;29.0308;28.8939;22.1878;-256.285;-256.676;-256.888;-256.942;-255.988;0;None;1000;None;14:46:15.043
2367;29.0386;28.8861;22.1957;-256.277;-256.676;-256.888;-256.935;-255.988;0;None;1000;None;14:46:15.540
2368;29.0386;28.8861;22.1878;-256.277;-256.676;-256.888;-256.942;-255.98;0;None;1000;None;14:46:16.041
2369;29.0386;28.8861;22.1957;-256.285;-256.676;-256.888;-256.935;-255.988;0;None;1000;None;14:46:16.550
2370;29.0465;28.8861;22.1957;-256.285;-256.668;-256.88;-256.935;-255.98;0;None;1000;None;14:46:17.049
2371;29.0465;28.8861;22.2035;-256.285;-256.676;-256.888;-256.95;-255.988;0;None;1000;None;14:46:17.546
2372;29.0386;28.8782;22.1957;-256.277;-256.668;-256.888;-256.942;-255.98;0;None;1000;None;14:46:18.043
2373;29.0386;28.8861;22.1957;-256.285;-256.676;-256.888;-256.942;-255.98;0;None;1000;None;14:46:18.540
2374;29.0465;28.8782;22.2035;-256.285;-256.668;-256.895;-256.942;-255.98;0;None;1000;None;14:46:19.036
2375;29.0386;28.8782;22.1957;-256.277;-256.668;-256.888;-256.95;-255.98;0;None;1000;None;14:46:19.547
2376;29.0465;28.8861;22.1957;-256.285;-256.676;-256.888;-256.942;-255.98;0;None;1000;None;14:46:20.049
2377;29.0386;28.8861;22.1957;-256.285;-256.668;-256.888;-256.95;-255.972;0;None;1000;None;14:46:20.541
2378;29.0386;28.8782;22.1957;-256.277;-256.676;-256.888;-256.942;-255.98;0;None;1000;None;14:46:21.043
2379;29.0465;28.8782;22.2035;-256.285;-256.668;-256.888;-256.935;-255.972;0;None;1000;None;14:46:21.543
2380;29.0386;28.8704;22.1957;-256.277;-256.676;-256.888;-256.935;-255.98;0;None;1000;None;14:46:22.050
2381;29.0386;28.8704;22.1957;-256.285;-256.668;-256.888;-256.935;-255.972;0;None;1000;None;14:46:22.549
2382;29.0386;28.8782;22.2035;-256.277;-256.676;-256.888;-256.942;-255.972;0;None;1000;None;14:46:23.044
2383;29.0386;28.8782;22.2035;-256.277;-256.668;-256.888;-256.942;-255.98;0;None;1000;None;14:46:23.541
2384;29.0465;28.8743;22.1957;-256.285;-256.676;-256.888;-256.942;-255.98;0;None;1000;None;14:46:24.037
2385;29.0386;28.8704;22.1957;-256.277;-256.676;-256.88;-256.95;-255.972;0;None;1000;None;14:46:24.549
2386;29.0386;28.8704;22.2035;-256.277;-256.676;-256.888;-256.942;-255.98;0;None;1000;None;14:46:25.049
2387;29.0465;28.8782;22.1957;-256.277;-256.668;-256.888;-256.942;-255.972;0;None;1000;None;14:46:25.545
2388;29.0308;28.8782;22.1957;-256.277;-256.668;-256.888;-256.942;-255.98;0;None;1000;None;14:46:26.042
2389;29.0386;28.8704;22.1878;-256.277;-256.676;-256.888;-256.942;-255.972;0;None;1000;None;14:46:26.540
2390;29.0308;28.8704;22.1957;-256.285;-256.668;-256.888;-256.942;-255.972;0;None;1000;None;14:46:27.042
2391;29.0308;28.8782;22.1957;-256.277;-256.676;-256.888;-256.942;-255.98;0;None;1000;None;14:46:27.549
2392;29.0308;28.8782;22.1957;-256.277;-256.684;-256.888;-256.942;-255.98;0;None;1000;None;14:46:28.046
2393;29.023;28.8782;22.1957;-256.277;-256.684;-256.888;-256.942;-255.972;0;None;1000;None;14:46:28.545
2394;29.0308;28.8861;22.1878;-256.277;-256.676;-256.888;-256.935;-255.98;0;None;1000;None;14:46:29.044
2395;29.023;28.8861;22.1957;-256.285;-256.684;-256.895;-256.942;-255.98;0;None;1000;None;14:46:29.535
2396;29.0386;28.8861;22.1957;-256.277;-256.684;-256.888;-256.935;-255.98;0;None;1000;None;14:46:30.049
2397;29.0386;28.8782;22.1878;-256.277;-256.684;-256.888;-256.942;-255.988;0;None;1000;None;14:46:30.544
2398;29.0308;28.8861;22.1957;-256.285;-256.684;-256.895;-256.935;-255.98;0;None;1000;None;14:46:31.042
2399;29.0308;28.8861;22.1878;-256.285;-256.684;-256.888;-256.942;-255.98;0;None;1000;None;14:46:31.543
2400;29.0308;28.8861;22.1878;-256.277;-256.684;-256.895;-256.95;-255.988;0;None;1000;None;14:46:32.037
2401;29.0308;28.8861;22.1957;-256.285;-256.676;-256.888;-256.942;-255.98;0;None;1000;None;14:46:32.549
2402;29.0308;28.8861;22.1957;-256.277;-256.684;-256.895;-256.935;-255.988;0;None;1000;None;14:46:33.047
2403;29.023;28.8939;22.1957;-256.277;-256.676;-256.888;-256.942;-255.98;0;None;1000;None;14:46:33.546
2404;29.0308;28.8861;22.1957;-256.277;-256.684;-256.895;-256.927;-255.98;0;None;1000;None;14:46:34.042
2405;29.023;28.8939;22.1957;-256.277;-256.684;-256.888;-256.935;-255.988;0;None;1000;None;14:46:34.541
2406;29.023;28.8939;22.1878;-256.277;-256.676;-256.895;-256.935;-255.98;0;None;1000;None;14:46:35.036
2407;29.023;28.8861;22.1957;-256.269;-256.684;-256.888;-256.935;-255.98;0;None;1000;None;14:46:35.550
2408;29.0152;28.8939;22.1957;-256.277;-256.684;-256.88;-256.935;-255.98;0;None;1000;None;14:46:36.049
2409;29.023;28.9017;22.2035;-256.277;-256.676;-256.895;-256.935;-255.98;0;None;1000;None;14:46:36.550
2410;29.023;28.8939;22.1957;-256.277;-256.676;-256.888;-256.942;-255.98;0;None;1000;None;14:46:37.043
2411;29.0152;28.8861;22.1957;-256.277;-256.684;-256.888;-256.935;-255.98;0;None;1000;None;14:46:37.540
2412;29.023;28.8861;22.1878;-256.269;-256.684;-256.88;-256.935;-255.98;0;None;1000;None;14:46:38.037
2413;29.0152;28.8939;22.1957;-256.277;-256.684;-256.888;-256.935;-255.98;0;None;1000;None;14:46:38.535
2414;29.023;28.8782;22.1957;-256.269;-256.684;-256.888;-256.942;-255.98;0;None;1000;None;14:46:39.048
2415;29.023;28.8861;22.1957;-256.277;-256.676;-256.888;-256.935;-255.988;0;None;1000;None;14:46:39.550
2416;29.023;28.8782;22.1957;-256.277;-256.684;-256.88;-256.935;-255.98;0;None;1000;None;14:46:40.042
2417;29.023;28.8782;22.2035;-256.277;-256.676;-256.888;-256.942;-255.988;0;None;1000;None;14:46:40.544
2418;29.023;28.8782;22.1957;-256.277;-256.676;-256.888;-256.942;-255.98;0;None;1000;None;14:46:41.048
2419;29.0308;28.8782;22.2035;-256.277;-256.684;-256.895;-256.942;-255.988;0;None;1000;None;14:46:41.544
2420;29.0308;28.8782;22.1957;-256.269;-256.684;-256.888;-256.95;-255.98;0;None;1000;None;14:46:42.037
2421;29.0308;28.8861;22.2035;-256.277;-256.684;-256.895;-256.935;-255.98;0;None;1000;None;14:46:42.547
2422;29.0308;28.8782;22.2035;-256.277;-256.676;-256.895;-256.95;-255.98;0;None;1000;None;14:46:43.043
2423;29.0386;28.8782;22.2113;-256.277;-256.676;-256.888;-256.935;-255.98;0;None;1000;None;14:46:43.537
2424;29.0308;28.8782;22.2113;-256.277;-256.684;-256.895;-256.95;-255.98;0;None;1000;None;14:46:44.049
2425;29.0386;28.8782;22.2113;-256.277;-256.684;-256.895;-256.942;-255.988;0;None;1000;None;14:46:44.543
2426;29.0386;28.8861;22.2035;-256.277;-256.684;-256.888;-256.95;-255.98;0;None;1000;None;14:46:45.041
2427;29.0308;28.8861;22.2113;-256.277;-256.684;-256.888;-256.942;-255.988;0;None;1000;None;14:46:45.550
2428;29.0465;28.8861;22.1957;-256.269;-256.684;-256.895;-256.935;-255.98;0;None;1000;None;14:46:46.048
2429;29.0465;28.8939;22.2113;-256.277;-256.684;-256.888;-256.95;-255.988;0;None;1000;None;14:46:46.548
2430;29.0386;28.8939;22.2035;-256.277;-256.692;-256.888;-256.942;-255.98;0;None;1000;None;14:46:47.042
2431;29.0465;28.8861;22.2113;-256.277;-256.684;-256.895;-256.935;-255.988;0;None;1000;None;14:46:47.540
2432;29.0543;28.8939;22.2035;-256.269;-256.692;-256.888;-256.935;-255.98;0;None;1000;None;14:46:48.035
2433;29.0465;28.8939;22.2035;-256.277;-256.684;-256.888;-256.935;-255.988;0;None;1000;None;14:46:48.550
2434;29.0543;28.8939;22.2035;-256.269;-256.684;-256.895;-256.942;-255.988;0;None;1000;None;14:46:49.048
2435;29.0465;28.8861;22.2035;-256.277;-256.692;-256.888;-256.935;-255.98;0;None;1000;None;14:46:49.548
2436;29.0465;28.9017;22.2035;-256.269;-256.684;-256.895;-256.935;-255.988;0;None;1000;None;14:46:50.043
2437;29.0465;28.8939;22.2035;-256.277;-256.684;-256.888;-256.95;-255.988;0;None;1000;None;14:46:50.540
2438;29.0465;28.9017;22.2035;-256.277;-256.684;-256.888;-256.942;-255.988;0;None;1000;None;14:46:51.043
2439;29.0465;28.8939;22.2113;-256.277;-256.684;-256.888;-256.942;-255.988;0;None;1000;None;14:46:51.550
2440;29.0465;28.8939;22.2035;-256.269;-256.684;-256.888;-256.942;-255.988;0;None;1000;None;14:46:52.046
2441;29.0465;28.8861;22.2035;-256.277;-256.684;-256.888;-256.942;-255.98;0;None;1000;None;14:46:52.544
2442;29.0465;28.8861;22.2113;-256.269;-256.676;-256.888;-256.935;-255.996;0;None;1000;None;14:46:53.038
2443;29.0465;28.8939;22.1957;-256.269;-256.684;-256.895;-256.942;-255.98;0;None;1000;None;14:46:53.550
2444;29.0386;28.8861;22.1957;-256.277;-256.676;-256.895;-256.95;-255.98;0;None;1000;None;14:46:54.047
2445;29.0386;28.8861;22.2035;-256.269;-256.684;-256.888;-256.942;-255.988;0;None;1000;None;14:46:54.545
2446;29.0386;28.8939;22.2035;-256.269;-256.684;-256.888;-256.942;-255.98;0;None;1000;None;14:46:55.043
2447;29.0386;28.8939;22.2035;-256.269;-256.676;-256.895;-256.942;-255.988;0;None;1000;None;14:46:55.540
2448;29.0386;28.8861;22.1957;-256.269;-256.676;-256.888;-256.942;-255.98;0;None;1000;None;14:46:56.041
2449;29.0386;28.8939;22.2035;-256.277;-256.684;-256.895;-256.935;-255.98;0;None;1000;None;14:46:56.550
2450;29.0386;28.8939;22.1957;-256.277;-256.676;-256.888;-256.935;-255.988;0;None;1000;None;14:46:57.047
2451;29.0386;28.8939;22.2035;-256.269;-256.684;-256.895;-256.935;-255.98;0;None;1000;None;14:46:57.543
2452;29.0386;28.8861;22.1957;-256.277;-256.684;-256.888;-256.935;-255.988;0;None;1000;None;14:46:58.041
2453;29.0308;28.8861;22.2113;-256.277;-256.684;-256.888;-256.942;-255.98;0;None;1000;None;14:46:58.540
2454;29.0386;28.8939;22.1957;-256.285;-256.676;-256.888;-256.927;-255.988;0;None;1000;None;14:46:59.047
2455;29.0308;28.8939;22.2035;-256.277;-256.692;-256.888;-256.935;-255.98;0;None;1000;None;14:46:59.543
2456;29.0386;28.8939;22.2035;-256.277;-256.684;-256.888;-256.935;-255.988;0;None;1000;None;14:47:00.044
2457;29.0465;28.8861;22.2035;-256.269;-256.692;-256.888;-256.935;-255.98;0;None;1000;None;14:47:00.535
2458;29.0308;28.8939;22.2035;-256.277;-256.684;-256.888;-256.942;-255.98;0;None;1000;None;14:47:01.049
2459;29.0386;28.8939;22.2035;-256.277;-256.676;-256.888;-256.942;-255.98;0;None;1000;None;14:47:01.547
2460;29.0386;28.8861;22.2035;-256.277;-256.692;-256.888;-256.942;-255.98;0;None;1000;None;14:47:02.045
2461;29.0386;28.8939;22.1957;-256.277;-256.684;-256.888;-256.942;-255.98;0;None;1000;None;14:47:02.543
2462;29.0386;28.8782;22.1957;-256.277;-256.692;-256.888;-256.935;-255.988;0;None;1000;None;14:47:03.040
2463;29.0386;28.8939;22.2035;-256.285;-256.692;-256.895;-256.942;-255.98;0;None;1000;None;14:47:03.535
2464;29.0465;28.8782;22.1957;-256.277;-256.684;-256.888;-256.935;-255.98;0;None;1000;None;14:47:04.047
2465;29.0386;28.8861;22.2035;-256.277;-256.692;-256.888;-256.935;-255.98;0;None;1000;None;14:47:04.548
2466;29.0386;28.8782;22.2035;-256.277;-256.684;-256.895;-256.935;-255.98;0;None;1000;None;14:47:05.042
2467;29.0465;28.8861;22.1957;-256.285;-256.692;-256.888;-256.942;-255.98;0;None;1000;None;14:47:05.555
2468;29.0308;28.8782;22.2035;-256.277;-256.692;-256.888;-256.942;-255.98;0;None;1000;None;14:47:06.043
2469;29.0386;28.8782;22.2035;-256.285;-256.684;-256.888;-256.935;-255.98;0;None;1000;None;14:47:06.539
2470;29.0308;28.8704;22.2113;-256.285;-256.684;-256.888;-256.942;-255.988;0;None;1000;None;14:47:07.047
2471;29.0308;28.8861;22.1957;-256.285;-256.684;-256.888;-256.942;-255.98;0;None;1000;None;14:47:07.544
2472;29.0308;28.8861;22.2035;-256.277;-256.684;-256.888;-256.935;-255.98;0;None;1000;None;14:47:08.041
2473;29.0386;28.8861;22.1957;-256.285;-256.684;-256.888;-256.942;-255.98;0;None;1000;None;14:47:08.541
2474;29.0308;28.8782;22.2035;-256.277;-256.684;-256.888;-256.935;-255.988;0;None;1000;None;14:47:09.049
2475;29.0308;28.8782;22.1957;-256.285;-256.684;-256.888;-256.942;-255.98;0;None;1000;None;14:47:09.549
2476;29.023;28.8782;22.2035;-256.277;-256.684;-256.895;-256.935;-255.98;0;None;1000;None;14:47:10.042
2477;29.0308;28.8782;22.1957;-256.277;-256.684;-256.888;-256.935;-255.98;0;None;1000;None;14:47:10.541
2478;29.023;28.8861;22.1957;-256.277;-256.684;-256.88;-256.935;-255.98;0;None;1000;None;14:47:11.043
2479;29.0308;28.8861;22.1957;-256.285;-256.692;-256.888;-256.935;-255.988;0;None;1000;None;14:47:11.538
2480;29.0308;28.8782;22.2035;-256.277;-256.684;-256.888;-256.935;-255.972;0;None;1000;None;14:47:12.045
2481;29.0308;28.8861;22.1957;-256.277;-256.676;-256.895;-256.942;-255.98;0;None;1000;None;14:47:12.542
2482;29.023;28.8861;22.1957;-256.277;-256.684;-256.888;-256.942;-255.972;0;None;1000;None;14:47:13.040
2483;29.0308;28.8939;22.1957;-256.277;-256.684;-256.88;-256.935;-255.98;0;None;1000;None;14:47:13.538
2484;29.0308;28.8861;22.1957;-256.277;-256.684;-256.888;-256.935;-255.988;0;None;1000;None;14:47:14.043
2485;29.0386;28.8861;22.2035;-256.277;-256.684;-256.888;-256.935;-255.98;0;None;1000;None;14:47:14.548
2486;29.0308;28.8939;22.1957;-256.277;-256.684;-256.888;-256.942;-255.98;0;None;1000;None;14:47:15.047
2487;29.0386;28.8861;22.2035;-256.277;-256.684;-256.888;-256.942;-255.98;0;None;1000;None;14:47:15.543
2488;29.0386;28.8861;22.1957;-256.277;-256.676;-256.888;-256.935;-255.98;0;None;1000;None;14:47:16.043
2489;29.0386;28.8861;22.1957;-256.277;-256.684;-256.888;-256.942;-255.972;0;None;1000;None;14:47:16.537
2490;29.0308;28.8939;22.1957;-256.277;-256.684;-256.888;-256.935;-255.988;0;None;1000;None;14:47:17.049
2491;29.0386;28.9017;22.2035;-256.277;-256.684;-256.888;-256.942;-255.98;0;None;1000;None;14:47:17.549
2492;29.0386;28.8939;22.2035;-256.285;-256.676;-256.888;-256.935;-255.98;0;None;1000;None;14:47:18.049
2493;29.0386;28.8939;22.2035;-256.277;-256.692;-256.888;-256.942;-255.988;0;None;1000;None;14:47:18.543
2494;29.0465;28.8939;22.1957;-256.277;-256.684;-256.888;-256.942;-255.98;0;None;1000;None;14:47:19.043
2495;29.0386;28.8939;22.2035;-256.277;-256.684;-256.888;-256.935;-255.98;0;None;1000;None;14:47:19.550
2496;29.0386;28.9017;22.2035;-256.277;-256.684;-256.888;-256.935;-255.988;0;None;1000;None;14:47:20.035
2497;29.0386;28.9017;22.2035;-256.277;-256.684;-256.895;-256.935;-255.98;0;None;1000;None;14:47:20.537
2498;29.0465;28.9017;22.2035;-256.277;-256.676;-256.888;-256.935;-255.98;0;None;1000;None;14:47:21.049
2499;29.0308;28.9017;22.1957;-256.277;-256.692;-256.888;-256.935;-255.988;0;None;1000;None;14:47:21.548
2500;29.0386;28.9017;22.1957;-256.277;-256.684;-256.888;-256.935;-255.988;0;None;1000;None;14:47:22.043
2501;29.0465;28.8939;22.1957;-256.277;-256.676;-256.888;-256.942;-255.98;0;None;1000;None;14:47:22.542
2502;29.0465;28.9017;22.1957;-256.285;-256.692;-256.895;-256.935;-255.988;0;None;1000;None;14:47:23.039
2503;29.0386;28.8939;22.1957;-256.277;-256.684;-256.888;-256.935;-255.98;0;None;1000;None;14:47:23.535
2504;29.0386;28.8939;22.1957;-256.277;-256.676;-256.895;-256.935;-255.98;0;None;1000;None;14:47:24.047
2505;29.0465;28.8939;22.1957;-256.269;-256.684;-256.88;-256.942;-255.98;0;None;1000;None;14:47:24.544
2506;29.0465;28.8939;22.1957;-256.277;-256.676;-256.888;-256.927;-255.98;0;None;1000;None;14:47:25.042
2507;29.0386;28.8939;22.1957;-256.277;-256.692;-256.872;-256.935;-255.98;0;None;1000;None;14:47:25.538
2508;29.0465;28.8939;22.1878;-256.269;-256.684;-256.88;-256.935;-255.972;0;None;1000;None;14:47:26.036
2509;29.0465;28.9017;22.1878;-256.277;-256.676;-256.872;-256.935;-255.98;0;None;1000;None;14:47:26.548
2510;29.0465;28.8939;22.1878;-256.277;-256.684;-256.88;-256.935;-255.972;0;None;1000;None;14:47:27.046
2511;29.0465;28.8939;22.18;-256.269;-256.676;-256.88;-256.935;-255.98;0;None;1000;None;14:47:27.544
2512;29.0465;28.8939;22.1957;-256.285;-256.684;-256.88;-256.927;-255.98;0;None;1000;None;14:47:28.038
2513;29.0465;28.8939;22.1957;-256.269;-256.676;-256.88;-256.935;-255.98;0;None;1000;None;14:47:28.535
2514;29.0465;28.8939;22.1878;-256.277;-256.676;-256.88;-256.927;-255.98;0;None;1000;None;14:47:29.049
2515;29.0465;28.8861;22.2035;-256.277;-256.684;-256.88;-256.935;-255.972;0;None;1000;None;14:47:29.545
2516;29.0386;28.8939;22.1957;-256.277;-256.676;-256.888;-256.935;-255.98;0;None;1000;None;14:47:30.044
2517;29.0465;28.8861;22.1957;-256.277;-256.676;-256.888;-256.942;-255.972;0;None;1000;None;14:47:30.540
2518;29.0386;28.8939;22.1957;-256.269;-256.684;-256.872;-256.935;-255.972;0;None;1000;None;14:47:31.041
2519;29.0386;28.8861;22.1957;-256.277;-256.676;-256.88;-256.935;-255.98;0;None;1000;None;14:47:31.549
2520;29.0465;28.8861;22.1878;-256.269;-256.692;-256.88;-256.935;-255.98;0;None;1000;None;14:47:32.047
2521;29.0465;28.8939;22.1957;-256.277;-256.676;-256.88;-256.927;-255.98;0;None;1000;None;14:47:32.545
2522;29.0465;28.8861;22.1878;-256.269;-256.684;-256.88;-256.935;-255.98;0;None;1000;None;14:47:33.043
2523;29.0465;28.8939;22.1957;-256.277;-256.676;-256.872;-256.935;-255.98;0;None;1000;None;14:47:33.537
2524;29.0386;28.8939;22.1878;-256.277;-256.684;-256.88;-256.935;-255.988;0;None;1000;None;14:47:34.043
2525;29.0465;28.8939;22.18;-256.277;-256.684;-256.88;-256.935;-255.98;0;None;1000;None;14:47:34.546
2526;29.0386;28.8939;22.1878;-256.277;-256.684;-256.88;-256.935;-255.98;0;None;1000;None;14:47:35.042
2527;29.0386;28.8939;22.1878;-256.277;-256.684;-256.88;-256.942;-255.988;0;None;1000;None;14:47:35.539
2528;29.0465;28.8939;22.1878;-256.277;-256.684;-256.872;-256.927;-255.98;0;None;1000;None;14:47:36.049
2529;29.0465;28.8939;22.1957;-256.285;-256.684;-256.88;-256.942;-255.98;0;None;1000;None;14:47:36.547
2530;29.0465;28.8939;22.1878;-256.277;-256.684;-256.88;-256.935;-255.988;0;None;1000;None;14:47:37.042
2531;29.0465;28.8939;22.18;-256.277;-256.684;-256.88;-256.942;-255.98;0;None;1000;None;14:47:37.534
2532;29.0465;28.8861;22.18;-256.285;-256.676;-256.88;-256.942;-255.98;0;None;1000;None;14:47:38.040
2533;29.0543;28.8861;22.18;-256.285;-256.684;-256.88;-256.935;-255.972;0;None;1000;None;14:47:38.549
2534;29.0465;28.8939;22.18;-256.285;-256.684;-256.88;-256.942;-255.98;0;None;1000;None;14:47:39.047
2535;29.0465;28.8939;22.18;-256.277;-256.684;-256.88;-256.942;-255.988;0;None;1000;None;14:47:39.547
2536;29.0386;28.8861;22.18;-256.269;-256.676;-256.872;-256.935;-255.972;0;None;1000;None;14:47:40.043
2537;29.0386;28.8861;22.18;-256.277;-256.692;-256.88;-256.95;-255.972;0;None;1000;None;14:47:40.540
2538;29.0386;28.8861;22.18;-256.277;-256.676;-256.872;-256.95;-255.98;0;None;1000;None;14:47:41.037
2539;29.0465;28.8939;22.18;-256.269;-256.684;-256.88;-256.95;-255.98;0;None;1000;None;14:47:41.549
2540;29.0386;28.8861;22.18;-256.277;-256.676;-256.872;-256.95;-255.98;0;None;1000;None;14:47:42.047
2541;29.0543;28.8939;22.18;-256.285;-256.684;-256.88;-256.942;-255.98;0;None;1000;None;14:47:42.543
2542;29.0465;28.8939;22.18;-256.277;-256.684;-256.872;-256.942;-255.98;0;None;1000;None;14:47:43.039
2543;29.0386;28.8939;22.18;-256.277;-256.692;-256.88;-256.942;-255.98;0;None;1000;None;14:47:43.535
2544;29.0465;28.8861;22.1878;-256.269;-256.684;-256.872;-256.935;-255.98;0;None;1000;None;14:47:44.047
2545;29.0386;28.8861;22.18;-256.277;-256.684;-256.88;-256.942;-255.98;0;None;1000;None;14:47:44.547
2546;29.0386;28.8861;22.18;-256.269;-256.684;-256.88;-256.935;-255.98;0;None;1000;None;14:47:45.042
2547;29.0386;28.8939;22.18;-256.277;-256.684;-256.872;-256.935;-255.98;0;None;1000;None;14:47:45.540
2548;29.0465;28.8861;22.18;-256.277;-256.684;-256.872;-256.942;-255.988;0;None;1000;None;14:47:46.038
2549;29.0465;28.8861;22.1722;-256.269;-256.684;-256.872;-256.942;-255.98;0;None;1000;None;14:47:46.537
2550;29.0465;28.8861;22.1878;-256.277;-256.684;-256.88;-256.935;-255.988;0;None;1000;None;14:47:47.048
2551;29.0386;28.8939;22.18;-256.277;-256.684;-256.872;-256.942;-255.98;0;None;1000;None;14:47:47.546
2552;29.0465;28.8861;22.18;-256.269;-256.684;-256.88;-256.935;-255.98;0;None;1000;None;14:47:48.042
2553;29.0386;28.8861;22.18;-256.277;-256.684;-256.872;-256.935;-255.98;0;None;1000;None;14:47:48.537
2554;29.0465;28.8861;22.18;-256.269;-256.684;-256.88;-256.935;-255.98;0;None;1000;None;14:47:49.050
2555;29.0465;28.8939;22.18;-256.277;-256.684;-256.872;-256.935;-255.98;0;None;1000;None;14:47:49.548
2556;29.0465;28.8939;22.1878;-256.285;-256.684;-256.88;-256.935;-255.98;0;None;1000;None;14:47:50.047
2557;29.0465;28.8939;22.18;-256.277;-256.684;-256.872;-256.935;-255.98;0;None;1000;None;14:47:50.541
2558;29.0465;28.8939;22.1878;-256.277;-256.684;-256.872;-256.942;-255.98;0;None;1000;None;14:47:51.038
2559;29.0465;28.8939;22.18;-256.277;-256.684;-256.872;-256.935;-255.988;0;None;1000;None;14:47:51.544
2560;29.0543;28.8939;22.1878;-256.277;-256.684;-256.88;-256.942;-255.98;0;None;1000;None;14:47:52.048
2561;29.0465;28.9017;22.1878;-256.269;-256.684;-256.872;-256.942;-255.988;0;None;1000;None;14:47:52.546
2562;29.0465;28.8861;22.1878;-256.277;-256.676;-256.88;-256.95;-255.98;0;None;1000;None;14:47:53.042
2563;29.0465;28.8939;22.1878;-256.285;-256.684;-256.888;-256.935;-255.98;0;None;1000;None;14:47:53.537
2564;29.0465;28.8939;22.18;-256.277;-256.684;-256.888;-256.942;-255.988;0;None;1000;None;14:47:54.048
2565;29.0465;28.9017;22.18;-256.277;-256.684;-256.88;-256.95;-255.98;0;None;1000;None;14:47:54.546
2566;29.0386;28.9017;22.18;-256.277;-256.684;-256.888;-256.942;-255.988;0;None;1000;None;14:47:55.044
2567;29.0465;28.8939;22.1878;-256.277;-256.684;-256.888;-256.942;-255.98;0;None;1000;None;14:47:55.540
2568;29.0386;28.9017;22.18;-256.285;-256.684;-256.888;-256.935;-255.988;0;None;1000;None;14:47:56.036
2569;29.0386;28.8939;22.1878;-256.277;-256.676;-256.888;-256.942;-255.98;0;None;1000;None;14:47:56.548
2570;29.0465;28.9095;22.1878;-256.285;-256.684;-256.88;-256.942;-255.988;0;None;1000;None;14:47:57.043
2571;29.0465;28.9017;22.1878;-256.277;-256.676;-256.895;-256.942;-255.98;0;None;1000;None;14:47:57.541
2572;29.0308;28.9017;22.1878;-256.277;-256.684;-256.888;-256.942;-255.98;0;None;1000;None;14:47:58.044
2573;29.0386;28.9017;22.1878;-256.277;-256.684;-256.895;-256.942;-255.98;0;None;1000;None;14:47:58.535
2574;29.0386;28.8939;22.1878;-256.277;-256.684;-256.888;-256.95;-255.98;0;None;1000;None;14:47:59.047
2575;29.0308;28.9017;22.1957;-256.277;-256.676;-256.888;-256.95;-255.988;0;None;1000;None;14:47:59.545
2576;29.0386;28.9017;22.1957;-256.277;-256.684;-256.888;-256.95;-255.988;0;None;1000;None;14:48:00.039
2577;29.0386;28.8939;22.1878;-256.277;-256.684;-256.895;-256.942;-255.98;0;None;1000;None;14:48:00.546
2578;29.0308;28.9017;22.1957;-256.277;-256.684;-256.888;-256.95;-255.988;0;None;1000;None;14:48:01.042
2579;29.0308;28.9017;22.1957;-256.277;-256.684;-256.888;-256.95;-255.98;0;None;1000;None;14:48:01.538
2580;29.0308;28.8939;22.1878;-256.277;-256.684;-256.895;-256.95;-255.988;0;None;1000;None;14:48:02.033
2581;29.0308;28.9017;22.1957;-256.269;-256.684;-256.888;-256.95;-255.98;0;None;1000;None;14:48:02.547
2582;29.0308;28.9017;22.18;-256.277;-256.676;-256.895;-256.942;-255.988;0;None;1000;None;14:48:03.043
2583;29.0308;28.9017;22.1878;-256.277;-256.684;-256.888;-256.95;-255.98;0;None;1000;None;14:48:03.549
2584;29.023;28.9017;22.1878;-256.277;-256.684;-256.888;-256.942;-255.988;0;None;1000;None;14:48:04.039
2585;29.0308;28.9017;22.1878;-256.277;-256.676;-256.888;-256.935;-255.98;0;None;1000;None;14:48:04.536
2586;29.0308;28.9017;22.1957;-256.277;-256.684;-256.88;-256.942;-255.988;0;None;1000;None;14:48:05.045
2587;29.023;28.9017;22.2035;-256.269;-256.692;-256.888;-256.935;-255.988;0;None;1000;None;14:48:05.541
2588;29.0308;28.8939;22.1957;-256.277;-256.684;-256.895;-256.935;-255.988;0;None;1000;None;14:48:06.037
2589;29.0308;28.9095;22.1957;-256.277;-256.692;-256.88;-256.935;-255.988;0;None;1000;None;14:48:06.549
2590;29.0386;28.9017;22.2035;-256.269;-256.684;-256.895;-256.942;-255.98;0;None;1000;None;14:48:07.047
2591;29.0308;28.9017;22.1957;-256.277;-256.684;-256.888;-256.95;-255.996;0;None;1000;None;14:48:07.547
2592;29.0386;28.9017;22.1957;-256.269;-256.676;-256.88;-256.942;-255.988;0;None;1000;None;14:48:08.043
2593;29.0308;28.9017;22.1878;-256.277;-256.684;-256.888;-256.942;-255.988;0;None;1000;None;14:48:08.542
2594;29.0386;28.9017;22.1878;-256.277;-256.692;-256.888;-256.942;-255.988;0;None;1000;None;14:48:09.034
2595;29.0386;28.8939;22.1957;-256.277;-256.684;-256.888;-256.942;-255.988;0;None;1000;None;14:48:09.548
2596;29.0386;28.9017;22.1957;-256.277;-256.684;-256.895;-256.942;-255.988;0;None;1000;None;14:48:10.046
2597;29.0386;28.8939;22.1957;-256.269;-256.684;-256.888;-256.942;-255.988;0;None;1000;None;14:48:10.542
2598;29.0465;28.9017;22.1957;-256.277;-256.676;-256.888;-256.942;-255.988;0;None;1000;None;14:48:11.040
2599;29.0386;28.9017;22.1957;-256.269;-256.684;-256.88;-256.942;-255.98;0;None;1000;None;14:48:11.537
2600;29.0386;28.8939;22.1957;-256.277;-256.684;-256.895;-256.95;-255.988;0;None;1000;None;14:48:12.043
2601;29.0308;28.9017;22.1957;-256.285;-256.692;-256.888;-256.935;-255.988;0;None;1000;None;14:48:12.547
2602;29.0465;28.9017;22.1957;-256.277;-256.676;-256.888;-256.95;-255.98;0;None;1000;None;14:48:13.047
2603;29.0386;28.9017;22.1878;-256.277;-256.684;-256.895;-256.942;-255.988;0;None;1000;None;14:48:13.543
2604;29.0386;28.8939;22.1957;-256.277;-256.684;-256.888;-256.942;-255.98;0;None;1000;None;14:48:14.040
2605;29.0386;28.8939;22.1878;-256.277;-256.676;-256.888;-256.942;-255.988;0;None;1000;None;14:48:14.538
2606;29.0308;28.8939;22.1957;-256.277;-256.684;-256.888;-256.942;-255.98;0;None;1000;None;14:48:15.033
2607;29.0308;28.8861;22.1878;-256.277;-256.676;-256.88;-256.935;-255.988;0;None;1000;None;14:48:15.547
2608;29.0308;28.8939;22.1878;-256.285;-256.684;-256.888;-256.942;-255.98;0;None;1000;None;14:48:16.044
2609;29.0386;28.8861;22.1957;-256.277;-256.676;-256.888;-256.942;-255.98;0;None;1000;None;14:48:16.542
2610;29.0308;28.8861;22.1878;-256.285;-256.676;-256.888;-256.935;-255.98;0;None;1000;None;14:48:17.039
2611;29.0386;28.8782;22.1957;-256.285;-256.684;-256.88;-256.942;-255.98;0;None;1000;None;14:48:17.543
2612;29.0308;28.8782;22.1878;-256.277;-256.676;-256.88;-256.927;-255.972;0;None;1000;None;14:48:18.049
2613;29.023;28.8704;22.1957;-256.277;-256.684;-256.888;-256.935;-255.98;0;None;1000;None;14:48:18.546
2614;29.0308;28.8782;22.1878;-256.277;-256.684;-256.88;-256.935;-255.98;0;None;1000;None;14:48:19.043
2615;29.0386;28.8782;22.1957;-256.285;-256.684;-256.888;-256.935;-255.98;0;None;1000;None;14:48:19.539
2616;29.0308;28.8704;22.1878;-256.285;-256.676;-256.888;-256.935;-255.988;0;None;1000;None;14:48:20.036
2617;29.0308;28.8782;22.1957;-256.285;-256.676;-256.888;-256.935;-255.98;0;None;1000;None;14:48:20.547
2618;29.0386;28.8782;22.1878;-256.285;-256.676;-256.895;-256.942;-255.98;0;None;1000;None;14:48:21.043
2619;29.0308;28.8782;22.1957;-256.277;-256.684;-256.888;-256.927;-255.972;0;None;1000;None;14:48:21.542
2620;29.0386;28.8782;22.1957;-256.277;-256.676;-256.888;-256.935;-255.98;0;None;1000;None;14:48:22.044
2621;29.0386;28.8704;22.1878;-256.285;-256.676;-256.88;-256.942;-255.988;0;None;1000;None;14:48:22.535
2622;29.0308;28.8782;22.1957;-256.285;-256.684;-256.888;-256.95;-255.98;0;None;1000;None;14:48:23.046
2623;29.0465;28.8782;22.1878;-256.293;-256.676;-256.88;-256.95;-255.98;0;None;1000;None;14:48:23.547
2624;29.0465;28.8782;22.1957;-256.285;-256.684;-256.888;-256.942;-255.988;0;None;1000;None;14:48:24.041
2625;29.0386;28.8704;22.1957;-256.285;-256.676;-256.88;-256.942;-255.988;0;None;1000;None;14:48:24.543
2626;29.0465;28.8782;22.1957;-256.285;-256.684;-256.88;-256.942;-255.98;0;None;1000;None;14:48:25.046
2627;29.0543;28.8704;22.1957;-256.293;-256.676;-256.888;-256.942;-255.988;0;None;1000;None;14:48:25.542
2628;29.0465;28.8704;22.1957;-256.285;-256.684;-256.88;-256.95;-255.98;0;None;1000;None;14:48:26.042
2629;29.0465;28.8704;22.1957;-256.285;-256.684;-256.888;-256.95;-255.98;0;None;1000;None;14:48:26.536
2630;29.0465;28.8704;22.1957;-256.277;-256.676;-256.888;-256.942;-255.988;0;None;1000;None;14:48:27.048
2631;29.0543;28.8782;22.1878;-256.285;-256.676;-256.88;-256.942;-255.98;0;None;1000;None;14:48:27.546
2632;29.0465;28.8782;22.1957;-256.285;-256.684;-256.888;-256.935;-255.98;0;None;1000;None;14:48:28.044
2633;29.0543;28.8782;22.1957;-256.277;-256.676;-256.888;-256.942;-255.98;0;None;1000;None;14:48:28.541
2634;29.0465;28.8704;22.1957;-256.285;-256.676;-256.888;-256.942;-255.972;0;None;1000;None;14:48:29.039
2635;29.0543;28.8861;22.1957;-256.285;-256.684;-256.88;-256.935;-255.98;0;None;1000;None;14:48:29.537
2636;29.0465;28.8704;22.1957;-256.277;-256.684;-256.888;-256.942;-255.972;0;None;1000;None;14:48:30.046
2637;29.0465;28.8704;22.1878;-256.285;-256.676;-256.88;-256.935;-255.98;0;None;1000;None;14:48:30.541
2638;29.0465;28.8704;22.2035;-256.285;-256.676;-256.888;-256.942;-255.972;0;None;1000;None;14:48:31.044
2639;29.0386;28.8704;22.1957;-256.285;-256.676;-256.888;-256.942;-255.98;0;None;1000;None;14:48:31.535
2640;29.0386;28.8782;22.1957;-256.285;-256.676;-256.888;-256.942;-255.972;0;None;1000;None;14:48:32.033
2641;29.0465;28.8704;22.1957;-256.293;-256.684;-256.888;-256.942;-255.98;0;None;1000;None;14:48:32.546
2642;29.0465;28.8704;22.1957;-256.285;-256.676;-256.888;-256.942;-255.972;0;None;1000;None;14:48:33.042
2643;29.0465;28.8782;22.1957;-256.285;-256.676;-256.888;-256.942;-255.98;0;None;1000;None;14:48:33.541
2644;29.0465;28.8704;22.1957;-256.285;-256.684;-256.888;-256.95;-255.972;0;None;1000;None;14:48:34.048
2645;29.0465;28.8704;22.2035;-256.285;-256.684;-256.888;-256.942;-255.972;0;None;1000;None;14:48:34.545
2646;29.0543;28.8704;22.1957;-256.293;-256.676;-256.888;-256.95;-255.98;0;None;1000;None;14:48:35.037
2647;29.0465;28.8704;22.2035;-256.285;-256.684;-256.88;-256.935;-255.98;0;None;1000;None;14:48:35.545
2648;29.0386;28.8782;22.1957;-256.285;-256.676;-256.88;-256.942;-255.972;0;None;1000;None;14:48:36.037
2649;29.0465;28.8704;22.1957;-256.285;-256.676;-256.888;-256.95;-255.98;0;None;1000;None;14:48:36.534
2650;29.0386;28.8704;22.1957;-256.285;-256.676;-256.88;-256.942;-255.972;0;None;1000;None;14:48:37.048
2651;29.0465;28.8704;22.1957;-256.285;-256.684;-256.888;-256.95;-255.972;0;None;1000;None;14:48:37.542
2652;29.0386;28.8704;22.1957;-256.285;-256.676;-256.888;-256.95;-255.972;0;None;1000;None;14:48:38.033
2653;29.0465;28.8665;22.1957;-256.285;-256.676;-256.888;-256.942;-255.972;0;None;1000;None;14:48:38.547
2654;29.0386;28.8704;22.2113;-256.293;-256.676;-256.88;-256.95;-255.972;0;None;1000;None;14:48:39.044
2655;29.0465;28.8782;22.2035;-256.285;-256.676;-256.888;-256.942;-255.98;0;None;1000;None;14:48:39.542
2656;29.0465;28.8704;22.2035;-256.285;-256.684;-256.895;-256.942;-255.972;0;None;1000;None;14:48:40.038
2657;29.0465;28.8782;22.2035;-256.285;-256.676;-256.888;-256.95;-255.98;0;None;1000;None;14:48:40.548
2658;29.0465;28.8782;22.1957;-256.285;-256.676;-256.895;-256.95;-255.98;0;None;1000;None;14:48:41.047
2659;29.0465;28.8704;22.2035;-256.293;-256.684;-256.888;-256.942;-255.972;0;None;1000;None;14:48:41.544
2660;29.0465;28.8782;22.2035;-256.285;-256.676;-256.895;-256.95;-255.98;0;None;1000;None;14:48:42.041
2661;29.0465;28.8782;22.2035;-256.285;-256.684;-256.895;-256.95;-255.972;0;None;1000;None;14:48:42.538
2662;29.0465;28.8782;22.2035;-256.277;-256.676;-256.888;-256.942;-255.98;0;None;1000;None;14:48:43.040
2663;29.0386;28.8704;22.2035;-256.293;-256.692;-256.895;-256.95;-255.972;0;None;1000;None;14:48:43.549
2664;29.0386;28.8861;22.1957;-256.285;-256.684;-256.895;-256.95;-255.98;0;None;1000;None;14:48:44.046
2665;29.0465;28.8782;22.2035;-256.285;-256.684;-256.888;-256.942;-255.98;0;None;1000;None;14:48:44.543
2666;29.0308;28.8782;22.2113;-256.285;-256.684;-256.895;-256.95;-255.98;0;None;1000;None;14:48:45.041
2667;29.0386;28.8704;22.2191;-256.285;-256.684;-256.888;-256.95;-255.98;0;None;1000;None;14:48:45.539
2668;29.023;28.8704;22.2113;-256.285;-256.684;-256.895;-256.95;-255.98;0;None;1000;None;14:48:46.039
2669;29.0308;28.8704;22.2113;-256.277;-256.684;-256.895;-256.95;-255.98;0;None;1000;None;14:48:46.549
2670;29.0308;28.8782;22.2113;-256.285;-256.676;-256.888;-256.95;-255.972;0;None;1000;None;14:48:47.044
2671;29.0308;28.8782;22.2191;-256.285;-256.684;-256.888;-256.942;-255.98;0;None;1000;None;14:48:47.541
2672;29.0308;28.8861;22.2113;-256.277;-256.676;-256.888;-256.942;-255.98;0;None;1000;None;14:48:48.039
2673;29.0386;28.8861;22.2113;-256.277;-256.684;-256.888;-256.95;-255.98;0;None;1000;None;14:48:48.533
2674;29.0386;28.8861;22.2113;-256.285;-256.676;-256.888;-256.95;-255.98;0;None;1000;None;14:48:49.047
2675;29.0386;28.8782;22.2113;-256.285;-256.676;-256.888;-256.942;-255.988;0;None;1000;None;14:48:49.545
2676;29.0308;28.8861;22.2113;-256.277;-256.676;-256.888;-256.942;-255.972;0;None;1000;None;14:48:50.041
2677;29.0308;28.8782;22.2113;-256.285;-256.684;-256.895;-256.942;-255.98;0;None;1000;None;14:48:50.543
2678;29.0308;28.8861;22.2191;-256.285;-256.676;-256.888;-256.935;-255.98;0;None;1000;None;14:48:51.035
2679;29.0308;28.8782;22.2113;-256.293;-256.676;-256.888;-256.942;-255.98;0;None;1000;None;14:48:51.549
2680;29.0386;28.8861;22.2191;-256.285;-256.676;-256.895;-256.935;-255.98;0;None;1000;None;14:48:52.043
2681;29.0308;28.8782;22.2113;-256.285;-256.676;-256.888;-256.942;-255.988;0;None;1000;None;14:48:52.548
2682;29.0308;28.8861;22.2113;-256.277;-256.676;-256.895;-256.942;-255.98;0;None;1000;None;14:48:53.044
2683;29.0308;28.8861;22.2191;-256.285;-256.676;-256.888;-256.942;-255.98;0;None;1000;None;14:48:53.534
2684;29.0308;28.8861;22.2113;-256.285;-256.668;-256.888;-256.935;-255.972;0;None;1000;None;14:48:54.046
2685;29.0386;28.8861;22.2191;-256.277;-256.676;-256.895;-256.942;-255.98;0;None;1000;None;14:48:54.543
2686;29.0308;28.8861;22.2113;-256.293;-256.676;-256.888;-256.942;-255.988;0;None;1000;None;14:48:55.040
2687;29.0308;28.8861;22.2113;-256.285;-256.676;-256.895;-256.942;-255.98;0;None;1000;None;14:48:55.534
2688;29.0386;28.8861;22.2191;-256.285;-256.676;-256.895;-256.95;-255.98;0;None;1000;None;14:48:56.047
2689;29.0386;28.8782;22.2113;-256.285;-256.676;-256.895;-256.95;-255.98;0;None;1000;None;14:48:56.545
2690;29.0386;28.8861;22.2113;-256.285;-256.676;-256.895;-256.95;-255.98;0;None;1000;None;14:48:57.040
2691;29.0308;28.8782;22.2035;-256.285;-256.684;-256.888;-256.942;-255.98;0;None;1000;None;14:48:57.536
2692;29.0386;28.8861;22.2191;-256.285;-256.676;-256.888;-256.942;-255.98;0;None;1000;None;14:48:58.047
2693;29.0386;28.8939;22.2113;-256.285;-256.684;-256.895;-256.942;-255.98;0;None;1000;None;14:48:58.544
2694;29.0386;28.8861;22.2191;-256.285;-256.684;-256.888;-256.958;-255.98;0;None;1000;None;14:48:59.044
2695;29.0465;28.8861;22.2191;-256.277;-256.676;-256.888;-256.95;-255.972;0;None;1000;None;14:48:59.536
2696;29.0386;28.8939;22.2113;-256.285;-256.684;-256.895;-256.942;-255.98;0;None;1000;None;14:49:00.046
2697;29.0465;28.8861;22.2113;-256.277;-256.684;-256.888;-256.95;-255.98;0;None;1000;None;14:49:00.543
2698;29.0465;28.8861;22.2035;-256.285;-256.684;-256.88;-256.942;-255.98;0;None;1000;None;14:49:01.038
2699;29.0543;28.8782;22.2191;-256.285;-256.684;-256.895;-256.942;-255.98;0;None;1000;None;14:49:01.535
2700;29.0543;28.8861;22.2113;-256.285;-256.684;-256.888;-256.95;-255.98;0;None;1000;None;14:49:02.048
2701;29.0465;28.8782;22.2113;-256.285;-256.684;-256.895;-256.95;-255.972;0;None;1000;None;14:49:02.545
2702;29.0465;28.8861;22.2113;-256.285;-256.684;-256.895;-256.942;-255.98;0;None;1000;None;14:49:03.041
2703;29.0465;28.8861;22.2113;-256.285;-256.684;-256.888;-256.95;-255.98;0;None;1000;None;14:49:03.539
2704;29.0386;28.8861;22.2113;-256.285;-256.684;-256.895;-256.942;-255.972;0;None;1000;None;14:49:04.038
2705;29.0465;28.8782;22.2113;-256.285;-256.684;-256.888;-256.95;-255.988;0;None;1000;None;14:49:04.546
2706;29.0465;28.8861;22.2113;-256.285;-256.692;-256.895;-256.95;-255.972;0;None;1000;None;14:49:05.043
2707;29.0386;28.8861;22.2113;-256.285;-256.684;-256.888;-256.95;-255.98;0;None;1000;None;14:49:05.541
2708;29.0386;28.8861;22.2113;-256.285;-256.692;-256.888;-256.95;-255.98;0;None;1000;None;14:49:06.038
2709;29.0465;28.8861;22.2113;-256.293;-256.684;-256.895;-256.95;-255.988;0;None;1000;None;14:49:06.535
2710;29.0465;28.8782;22.2113;-256.285;-256.692;-256.888;-256.95;-255.972;0;None;1000;None;14:49:07.048
2711;29.0465;28.8861;22.2113;-256.293;-256.676;-256.888;-256.958;-255.98;0;None;1000;None;14:49:07.546
2712;29.0386;28.8861;22.2113;-256.285;-256.684;-256.895;-256.958;-255.98;0;None;1000;None;14:49:08.045
2713;29.0465;28.8861;22.2113;-256.285;-256.692;-256.888;-256.958;-255.98;0;None;1000;None;14:49:08.543
2714;29.0386;28.8861;22.2191;-256.285;-256.684;-256.895;-256.95;-255.98;0;None;1000;None;14:49:09.043
2715;29.0386;28.8861;22.2113;-256.285;-256.684;-256.888;-256.95;-255.972;0;None;1000;None;14:49:09.536
2716;29.0386;28.8861;22.2113;-256.285;-256.676;-256.895;-256.95;-255.988;0;None;1000;None;14:49:10.036
2717;29.0308;28.8861;22.2191;-256.285;-256.684;-256.895;-256.958;-255.98;0;None;1000;None;14:49:10.533
2718;29.0308;28.8861;22.2191;-256.277;-256.692;-256.895;-256.95;-255.98;0;None;1000;None;14:49:11.047
2719;29.0465;28.8861;22.2191;-256.277;-256.684;-256.888;-256.95;-255.98;0;None;1000;None;14:49:11.543
2720;29.0386;28.8939;22.2113;-256.285;-256.684;-256.895;-256.958;-255.972;0;None;1000;None;14:49:12.044
2721;29.0386;28.8861;22.2191;-256.277;-256.676;-256.895;-256.95;-255.98;0;None;1000;None;14:49:12.535
2722;29.0386;28.8861;22.2113;-256.285;-256.684;-256.895;-256.958;-255.98;0;None;1000;None;14:49:13.033
2723;29.0386;28.8861;22.2113;-256.269;-256.684;-256.895;-256.958;-255.98;0;None;1000;None;14:49:13.548
2724;29.0465;28.8861;22.2113;-256.285;-256.692;-256.895;-256.958;-255.98;0;None;1000;None;14:49:14.046
2725;29.0386;28.8861;22.2191;-256.285;-256.676;-256.895;-256.95;-255.972;0;None;1000;None;14:49:14.541
2726;29.0386;28.8782;22.2113;-256.277;-256.684;-256.895;-256.958;-255.98;0;None;1000;None;14:49:15.038
2727;29.0386;28.8861;22.227;-256.277;-256.684;-256.895;-256.958;-255.98;0;None;1000;None;14:49:15.535
2728;29.0465;28.8861;22.2191;-256.285;-256.684;-256.895;-256.95;-255.988;0;None;1000;None;14:49:16.049
2729;29.0386;28.8861;22.2113;-256.269;-256.684;-256.895;-256.958;-255.98;0;None;1000;None;14:49:16.543
2730;29.0386;28.8782;22.2191;-256.285;-256.684;-256.888;-256.942;-255.988;0;None;1000;None;14:49:17.043
2731;29.0386;28.8861;22.2191;-256.277;-256.676;-256.895;-256.95;-255.98;0;None;1000;None;14:49:17.548
2732;29.0386;28.8861;22.2113;-256.285;-256.684;-256.895;-256.95;-255.98;0;None;1000;None;14:49:18.034
2733;29.0308;28.8939;22.2035;-256.277;-256.684;-256.895;-256.958;-255.988;0;None;1000;None;14:49:18.546
2734;29.0386;28.8861;22.2113;-256.285;-256.684;-256.895;-256.942;-255.988;0;None;1000;None;14:49:19.044
2735;29.0308;28.8939;22.2113;-256.285;-256.684;-256.895;-256.95;-255.988;0;None;1000;None;14:49:19.539
2736;29.023;28.8939;22.2035;-256.285;-256.684;-256.888;-256.942;-255.988;0;None;1000;None;14:49:20.036
2737;29.023;28.8861;22.2113;-256.277;-256.684;-256.895;-256.95;-255.988;0;None;1000;None;14:49:20.548
2738;29.023;28.8861;22.2113;-256.285;-256.684;-256.888;-256.942;-255.988;0;None;1000;None;14:49:21.045
2739;29.0308;28.8782;22.2113;-256.277;-256.684;-256.895;-256.942;-255.988;0;None;1000;None;14:49:21.542
2740;29.023;28.8861;22.2113;-256.277;-256.684;-256.895;-256.935;-255.98;0;None;1000;None;14:49:22.043
2741;29.023;28.8939;22.2035;-256.285;-256.684;-256.888;-256.942;-255.996;0;None;1000;None;14:49:22.536
2742;29.023;28.8861;22.2035;-256.277;-256.684;-256.895;-256.942;-255.98;0;None;1000;None;14:49:23.047
2743;29.0308;28.8861;22.2113;-256.285;-256.684;-256.888;-256.942;-255.98;0;None;1000;None;14:49:23.547
2744;29.023;28.8861;22.2035;-256.285;-256.692;-256.888;-256.942;-255.988;0;None;1000;None;14:49:24.041
2745;29.023;28.8782;22.2035;-256.277;-256.684;-256.895;-256.942;-255.98;0;None;1000;None;14:49:24.538
2746;29.0308;28.8861;22.2113;-256.277;-256.684;-256.888;-256.942;-255.988;0;None;1000;None;14:49:25.033
2747;29.023;28.8861;22.2113;-256.269;-256.684;-256.895;-256.95;-255.98;0;None;1000;None;14:49:25.546
2748;29.0308;28.8782;22.2035;-256.285;-256.692;-256.895;-256.95;-255.98;0;None;1000;None;14:49:26.040
2749;29.0308;28.8861;22.2035;-256.269;-256.684;-256.895;-256.942;-255.98;0;None;1000;None;14:49:26.538
2750;29.023;28.8782;22.2113;-256.285;-256.684;-256.888;-256.935;-255.98;0;None;1000;None;14:49:27.039
2751;29.0308;28.8861;22.2113;-256.277;-256.684;-256.903;-256.935;-255.988;0;None;1000;None;14:49:27.533
2752;29.0308;28.8939;22.2113;-256.277;-256.684;-256.888;-256.942;-255.98;0;None;1000;None;14:49:28.046
2753;29.0308;28.8939;22.2113;-256.277;-256.676;-256.895;-256.942;-255.98;0;None;1000;None;14:49:28.548
2754;29.0308;28.8861;22.2191;-256.277;-256.684;-256.895;-256.95;-255.98;0;None;1000;None;14:49:29.044
2755;29.0308;28.8939;22.2113;-256.277;-256.692;-256.895;-256.942;-255.98;0;None;1000;None;14:49:29.537
2756;29.0386;28.8861;22.2113;-256.285;-256.684;-256.888;-256.942;-255.98;0;None;1000;None;14:49:30.032
2757;29.0308;28.8939;22.2113;-256.285;-256.684;-256.895;-256.935;-255.98;0;None;1000;None;14:49:30.542
2758;29.0386;28.8861;22.2113;-256.293;-256.684;-256.895;-256.942;-255.98;0;None;1000;None;14:49:31.038
2759;29.0308;28.8939;22.2113;-256.285;-256.684;-256.895;-256.95;-255.988;0;None;1000;None;14:49:31.543
2760;29.0386;28.8861;22.2035;-256.293;-256.684;-256.895;-256.942;-255.98;0;None;1000;None;14:49:32.033
2761;29.0386;28.9017;22.2113;-256.285;-256.676;-256.895;-256.935;-255.98;0;None;1000;None;14:49:32.544
2762;29.0386;28.8939;22.2035;-256.285;-256.684;-256.888;-256.942;-255.988;0;None;1000;None;14:49:33.039
2763;29.0386;28.9017;22.2035;-256.277;-256.676;-256.888;-256.942;-255.98;0;None;1000;None;14:49:33.537
2764;29.0386;28.8939;22.2035;-256.285;-256.684;-256.888;-256.935;-255.98;0;None;1000;None;14:49:34.034
2765;29.0465;28.8939;22.2113;-256.277;-256.684;-256.895;-256.942;-255.988;0;None;1000;None;14:49:34.548
2766;29.0386;28.8939;22.2113;-256.285;-256.684;-256.895;-256.942;-255.98;0;None;1000;None;14:49:35.045
2767;29.0465;28.8939;22.2035;-256.277;-256.676;-256.895;-256.927;-255.98;0;None;1000;None;14:49:35.541
2768;29.0386;28.9017;22.2113;-256.285;-256.692;-256.895;-256.935;-255.98;0;None;1000;None;14:49:36.041
2769;29.0465;28.8939;22.2113;-256.277;-256.676;-256.895;-256.935;-255.988;0;None;1000;None;14:49:36.535
2770;29.0386;28.8939;22.2191;-256.277;-256.684;-256.888;-256.942;-255.98;0;None;1000;None;14:49:37.032
2771;29.0386;28.8861;22.2113;-256.285;-256.684;-256.895;-256.942;-255.98;0;None;1000;None;14:49:37.546
2772;29.0308;28.8861;22.2113;-256.277;-256.684;-256.895;-256.942;-255.988;0;None;1000;None;14:49:38.040
2773;29.0386;28.8939;22.2113;-256.285;-256.684;-256.895;-256.935;-255.972;0;None;1000;None;14:49:38.543
2774;29.0386;28.8939;22.2191;-256.277;-256.684;-256.888;-256.942;-255.98;0;None;1000;None;14:49:39.038
2775;29.0386;28.8939;22.2191;-256.285;-256.684;-256.895;-256.935;-255.98;0;None;1000;None;14:49:39.546
2776;29.0308;28.8939;22.2113;-256.285;-256.684;-256.888;-256.935;-255.98;0;None;1000;None;14:49:40.043
2777;29.0386;28.8861;22.2113;-256.277;-256.684;-256.895;-256.935;-255.972;0;None;1000;None;14:49:40.539
2778;29.0308;28.8939;22.2113;-256.277;-256.684;-256.888;-256.942;-255.98;0;None;1000;None;14:49:41.043
2779;29.0386;28.8939;22.2191;-256.277;-256.676;-256.895;-256.935;-255.98;0;None;1000;None;14:49:41.533
2780;29.0308;28.9017;22.227;-256.285;-256.684;-256.888;-256.942;-255.98;0;None;1000;None;14:49:42.046
2781;29.023;28.8939;22.227;-256.277;-256.684;-256.888;-256.95;-255.972;0;None;1000;None;14:49:42.542
2782;29.023;28.8861;22.2191;-256.285;-256.684;-256.888;-256.942;-255.98;0;None;1000;None;14:49:43.038
2783;29.0308;28.8939;22.2348;-256.285;-256.684;-256.888;-256.95;-255.972;0;None;1000;None;14:49:43.543
2784;29.023;28.8939;22.227;-256.277;-256.692;-256.895;-256.942;-255.972;0;None;1000;None;14:49:44.046
2785;29.0308;28.8939;22.227;-256.285;-256.684;-256.895;-256.942;-255.98;0;None;1000;None;14:49:44.542
2786;29.0152;28.8939;22.2348;-256.285;-256.684;-256.895;-256.95;-255.988;0;None;1000;None;14:49:45.043
2787;29.0308;28.8861;22.227;-256.277;-256.692;-256.895;-256.95;-255.98;0;None;1000;None;14:49:45.535
2788;29.023;28.8861;22.227;-256.285;-256.684;-256.888;-256.942;-255.98;0;None;1000;None;14:49:46.033
2789;29.0308;28.8861;22.227;-256.285;-256.684;-256.895;-256.942;-255.988;0;None;1000;None;14:49:46.546
2790;29.023;28.8861;22.227;-256.277;-256.692;-256.888;-256.958;-255.98;0;None;1000;None;14:49:47.042
2791;29.023;28.8782;22.2191;-256.277;-256.676;-256.888;-256.942;-255.988;0;None;1000;None;14:49:47.543
2792;29.023;28.8782;22.227;-256.277;-256.692;-256.895;-256.942;-255.98;0;None;1000;None;14:49:48.034
2793;29.0308;28.8782;22.2191;-256.277;-256.676;-256.888;-256.95;-255.98;0;None;1000;None;14:49:48.547
2794;29.023;28.8861;22.227;-256.277;-256.684;-256.888;-256.942;-255.98;0;None;1000;None;14:49:49.046
2795;29.0308;28.8782;22.2191;-256.269;-256.684;-256.895;-256.942;-255.98;0;None;1000;None;14:49:49.541
2796;29.023;28.8861;22.227;-256.277;-256.684;-256.888;-256.942;-255.988;0;None;1000;None;14:49:50.043
2797;29.0386;28.8782;22.227;-256.277;-256.684;-256.888;-256.95;-255.98;0;None;1000;None;14:49:50.535
2798;29.0308;28.8861;22.227;-256.269;-256.684;-256.895;-256.95;-255.988;0;None;1000;None;14:49:51.032
2799;29.023;28.8861;22.2348;-256.277;-256.684;-256.895;-256.942;-255.988;0;None;1000;None;14:49:51.544
2800;29.0308;28.8861;22.227;-256.269;-256.676;-256.888;-256.95;-255.98;0;None;1000;None;14:49:52.040
2801;29.0308;28.8939;22.2348;-256.269;-256.692;-256.888;-256.95;-255.988;0;None;1000;None;14:49:52.538
2802;29.0308;28.8861;22.227;-256.269;-256.684;-256.895;-256.942;-255.98;0;None;1000;None;14:49:53.034
2803;29.0308;28.8939;22.227;-256.277;-256.684;-256.888;-256.95;-255.98;0;None;1000;None;14:49:53.547
2804;29.0308;28.8861;22.227;-256.277;-256.676;-256.895;-256.942;-255.98;0;None;1000;None;14:49:54.044
2805;29.0386;28.8939;22.227;-256.277;-256.676;-256.895;-256.942;-255.972;0;None;1000;None;14:49:54.540
2806;29.0308;28.8861;22.227;-256.277;-256.684;-256.888;-256.935;-255.98;0;None;1000;None;14:49:55.040
2807;29.0308;28.8861;22.227;-256.277;-256.676;-256.895;-256.942;-255.988;0;None;1000;None;14:49:55.533
2808;29.0386;28.8782;22.227;-256.277;-256.676;-256.895;-256.935;-255.98;0;None;1000;None;14:49:56.046
2809;29.0465;28.8782;22.2191;-256.277;-256.668;-256.888;-256.942;-255.98;0;None;1000;None;14:49:56.542
2810;29.0465;28.8861;22.2191;-256.269;-256.676;-256.895;-256.935;-255.98;0;None;1000;None;14:49:57.043
2811;29.0386;28.8861;22.227;-256.285;-256.676;-256.888;-256.935;-255.98;0;None;1000;None;14:49:57.538
2812;29.0308;28.8782;22.2191;-256.277;-256.676;-256.895;-256.935;-255.98;0;None;1000;None;14:49:58.032
2813;29.0386;28.8782;22.2191;-256.277;-256.676;-256.888;-256.942;-255.98;0;None;1000;None;14:49:58.546
2814;29.0386;28.8782;22.2191;-256.277;-256.668;-256.895;-256.942;-255.972;0;None;1000;None;14:49:59.043
2815;29.0386;28.8782;22.2191;-256.277;-256.684;-256.888;-256.942;-255.972;0;None;1000;None;14:49:59.540
2816;29.0465;28.8782;22.2191;-256.277;-256.676;-256.895;-256.942;-255.98;0;None;1000;None;14:50:00.037
2817;29.0386;28.8704;22.2191;-256.269;-256.676;-256.888;-256.942;-255.98;0;None;1000;None;14:50:00.547
2818;29.0386;28.8704;22.227;-256.277;-256.676;-256.888;-256.942;-255.98;0;None;1000;None;14:50:01.046
2819;29.0386;28.8782;22.2191;-256.277;-256.676;-256.895;-256.942;-255.98;0;None;1000;None;14:50:01.543
2820;29.0386;28.8704;22.2191;-256.277;-256.676;-256.895;-256.942;-255.972;0;None;1000;None;14:50:02.042
2821;29.0465;28.8704;22.2348;-256.277;-256.676;-256.888;-256.942;-255.988;0;None;1000;None;14:50:02.533
2822;29.0465;28.8704;22.227;-256.277;-256.676;-256.88;-256.95;-255.98;0;None;1000;None;14:50:03.045
2823;29.0386;28.8704;22.2191;-256.277;-256.684;-256.895;-256.942;-255.98;0;None;1000;None;14:50:03.542
2824;29.0386;28.8665;22.227;-256.277;-256.676;-256.888;-256.942;-255.988;0;None;1000;None;14:50:04.043
2825;29.0465;28.8665;22.2348;-256.277;-256.676;-256.888;-256.942;-255.98;0;None;1000;None;14:50:04.541
2826;29.0386;28.8665;22.227;-256.277;-256.684;-256.888;-256.942;-255.98;0;None;1000;None;14:50:05.033
2827;29.0386;28.8704;22.227;-256.269;-256.668;-256.895;-256.942;-255.98;0;None;1000;None;14:50:05.545
2828;29.0386;28.8665;22.227;-256.277;-256.676;-256.888;-256.942;-255.98;0;None;1000;None;14:50:06.042
2829;29.0386;28.8704;22.2191;-256.269;-256.676;-256.895;-256.942;-255.98;0;None;1000;None;14:50:06.540
2830;29.0386;28.8704;22.227;-256.269;-256.684;-256.888;-256.95;-255.98;0;None;1000;None;14:50:07.035
2831;29.0465;28.8665;22.227;-256.277;-256.676;-256.895;-256.942;-255.98;0;None;1000;None;14:50:07.547
2832;29.0386;28.8782;22.227;-256.277;-256.684;-256.895;-256.942;-255.98;0;None;1000;None;14:50:08.044
2833;29.0386;28.8782;22.2191;-256.277;-256.676;-256.888;-256.95;-255.972;0;None;1000;None;14:50:08.541
2834;29.0386;28.8704;22.2348;-256.277;-256.676;-256.895;-256.942;-255.972;0;None;1000;None;14:50:09.044
2835;29.0465;28.8704;22.227;-256.269;-256.676;-256.895;-256.942;-255.98;0;None;1000;None;14:50:09.534
2836;29.0465;28.8704;22.227;-256.277;-256.668;-256.895;-256.942;-255.98;0;None;1000;None;14:50:10.046
2837;29.0386;28.8782;22.227;-256.277;-256.676;-256.888;-256.942;-255.98;0;None;1000;None;14:50:10.543
2838;29.0386;28.8704;22.227;-256.277;-256.676;-256.895;-256.942;-255.98;0;None;1000;None;14:50:11.041
2839;29.0465;28.8704;22.2191;-256.269;-256.676;-256.895;-256.942;-255.98;0;None;1000;None;14:50:11.537
2840;29.0386;28.8743;22.2191;-256.269;-256.676;-256.895;-256.935;-255.98;0;None;1000;None;14:50:12.033
2841;29.0543;28.8782;22.2191;-256.269;-256.668;-256.888;-256.942;-255.988;0;None;1000;None;14:50:12.545
2842;29.0465;28.8704;22.2191;-256.277;-256.676;-256.895;-256.935;-255.98;0;None;1000;None;14:50:13.042
2843;29.0543;28.8704;22.227;-256.269;-256.676;-256.895;-256.935;-255.98;0;None;1000;None;14:50:13.538
2844;29.0465;28.8665;22.2191;-256.262;-256.676;-256.903;-256.935;-255.98;0;None;1000;None;14:50:14.034
2845;29.0465;28.8782;22.2191;-256.277;-256.676;-256.895;-256.935;-255.972;0;None;1000;None;14:50:14.547
2846;29.0465;28.8704;22.2035;-256.269;-256.676;-256.895;-256.935;-255.98;0;None;1000;None;14:50:15.045
2847;29.0543;28.8782;22.2035;-256.277;-256.684;-256.895;-256.935;-255.98;0;None;1000;None;14:50:15.542
2848;29.0543;28.8782;22.2035;-256.277;-256.676;-256.888;-256.935;-255.98;0;None;1000;None;14:50:16.040
2849;29.0543;28.8782;22.2113;-256.269;-256.676;-256.895;-256.927;-255.98;0;None;1000;None;14:50:16.535
2850;29.0465;28.8704;22.2035;-256.277;-256.676;-256.888;-256.935;-255.972;0;None;1000;None;14:50:17.031
2851;29.0543;28.8704;22.2035;-256.269;-256.676;-256.895;-256.935;-255.98;0;None;1000;None;14:50:17.545
2852;29.0543;28.8782;22.2035;-256.277;-256.676;-256.895;-256.935;-255.98;0;None;1000;None;14:50:18.043
2853;29.0543;28.8704;22.2113;-256.269;-256.676;-256.895;-256.942;-255.98;0;None;1000;None;14:50:18.540
2854;29.0543;28.8704;22.1957;-256.277;-256.676;-256.903;-256.935;-255.98;0;None;1000;None;14:50:19.038
2855;29.0543;28.8782;22.2113;-256.269;-256.676;-256.895;-256.935;-255.98;0;None;1000;None;14:50:19.543
2856;29.0465;28.8704;22.2113;-256.277;-256.676;-256.895;-256.935;-255.98;0;None;1000;None;14:50:20.032
2857;29.0386;28.8782;22.2113;-256.277;-256.684;-256.895;-256.935;-255.98;0;None;1000;None;14:50:20.545
2858;29.0465;28.8782;22.2035;-256.277;-256.668;-256.895;-256.942;-255.98;0;None;1000;None;14:50:21.042
2859;29.0386;28.8704;22.2113;-256.277;-256.684;-256.895;-256.935;-255.98;0;None;1000;None;14:50:21.539
2860;29.0465;28.8704;22.2035;-256.277;-256.676;-256.888;-256.942;-255.98;0;None;1000;None;14:50:22.037
2861;29.0386;28.8704;22.2113;-256.277;-256.676;-256.895;-256.942;-255.972;0;None;1000;None;14:50:22.535
2862;29.0465;28.8704;22.2035;-256.277;-256.676;-256.895;-256.942;-255.98;0;None;1000;None;14:50:23.032
2863;29.0465;28.8704;22.2035;-256.269;-256.684;-256.895;-256.942;-255.98;0;None;1000;None;14:50:23.545
2864;29.0465;28.8704;22.2035;-256.277;-256.684;-256.895;-256.935;-255.972;0;None;1000;None;14:50:24.042
2865;29.0386;28.8704;22.2035;-256.277;-256.676;-256.895;-256.942;-255.98;0;None;1000;None;14:50:24.539
2866;29.0386;28.8782;22.2035;-256.285;-256.684;-256.895;-256.935;-255.972;0;None;1000;None;14:50:25.042
2867;29.0308;28.8704;22.2035;-256.277;-256.676;-256.903;-256.942;-255.98;0;None;1000;None;14:50:25.534
2868;29.0386;28.8782;22.2035;-256.285;-256.684;-256.895;-256.935;-255.98;0;None;1000;None;14:50:26.031
2869;29.0308;28.8704;22.1957;-256.277;-256.676;-256.895;-256.942;-255.972;0;None;1000;None;14:50:26.545
2870;29.0386;28.8782;22.2035;-256.285;-256.684;-256.888;-256.935;-255.972;0;None;1000;None;14:50:27.043
2871;29.0308;28.8782;22.2035;-256.277;-256.684;-256.895;-256.942;-255.98;0;None;1000;None;14:50:27.543
2872;29.0386;28.8861;22.2035;-256.285;-256.684;-256.895;-256.942;-255.964;0;None;1000;None;14:50:28.035
2873;29.0308;28.8782;22.2035;-256.277;-256.684;-256.888;-256.935;-255.98;0;None;1000;None;14:50:28.532
2874;29.0386;28.8861;22.2035;-256.285;-256.684;-256.903;-256.942;-255.972;0;None;1000;None;14:50:29.046
2875;29.0308;28.8939;22.2035;-256.277;-256.684;-256.895;-256.935;-255.972;0;None;1000;None;14:50:29.545
2876;29.0308;28.8861;22.2035;-256.277;-256.684;-256.895;-256.935;-255.972;0;None;1000;None;14:50:30.044
2877;29.0308;28.8939;22.2035;-256.285;-256.684;-256.888;-256.942;-255.972;0;None;1000;None;14:50:30.541
2878;29.0308;28.8782;22.2035;-256.277;-256.676;-256.895;-256.942;-255.98;0;None;1000;None;14:50:31.044
2879;29.0308;28.8861;22.2035;-256.285;-256.684;-256.895;-256.942;-255.964;0;None;1000;None;14:50:31.542
2880;29.0308;28.8861;22.2035;-256.285;-256.676;-256.895;-256.942;-255.972;0;None;1000;None;14:50:32.040
2881;29.0386;28.8861;22.2035;-256.277;-256.684;-256.895;-256.942;-255.98;0;None;1000;None;14:50:32.540
2882;29.0308;28.8861;22.1957;-256.285;-256.684;-256.895;-256.942;-255.972;0;None;1000;None;14:50:33.034
2883;29.0386;28.8861;22.2113;-256.285;-256.684;-256.895;-256.942;-255.98;0;None;1000;None;14:50:33.532
2884;29.0386;28.8861;22.2035;-256.285;-256.684;-256.895;-256.942;-255.972;0;None;1000;None;14:50:34.043
2885;29.0308;28.8861;22.2113;-256.285;-256.684;-256.895;-256.935;-255.972;0;None;1000;None;14:50:34.537
2886;29.0308;28.8939;22.2035;-256.285;-256.684;-256.895;-256.95;-255.98;0;None;1000;None;14:50:35.033
2887;29.0308;28.8861;22.2035;-256.285;-256.692;-256.903;-256.942;-255.972;0;None;1000;None;14:50:35.542
2888;29.0386;28.8861;22.2113;-256.285;-256.676;-256.895;-256.942;-255.972;0;None;1000;None;14:50:36.036
2889;29.0308;28.8861;22.2035;-256.277;-256.692;-256.895;-256.942;-255.972;0;None;1000;None;14:50:36.531
2890;29.0308;28.8861;22.2035;-256.285;-256.684;-256.895;-256.942;-255.972;0;None;1000;None;14:50:37.044
2891;29.023;28.8861;22.1957;-256.277;-256.684;-256.895;-256.935;-255.972;0;None;1000;None;14:50:37.536
2892;29.0386;28.8782;22.2035;-256.277;-256.676;-256.895;-256.942;-255.98;0;None;1000;None;14:50:38.045
2893;29.0308;28.8861;22.2035;-256.285;-256.684;-256.888;-256.942;-255.964;0;None;1000;None;14:50:38.543
2894;29.0386;28.8861;22.2113;-256.285;-256.684;-256.895;-256.942;-255.98;0;None;1000;None;14:50:39.045
2895;29.0308;28.8861;22.1957;-256.285;-256.684;-256.888;-256.942;-255.98;0;None;1000;None;14:50:39.544
2896;29.0308;28.8861;22.2113;-256.285;-256.684;-256.895;-256.935;-255.972;0;None;1000;None;14:50:40.039
2897;29.0308;28.8861;22.2035;-256.293;-256.684;-256.895;-256.95;-255.972;0;None;1000;None;14:50:40.546
2898;29.0308;28.8782;22.2035;-256.277;-256.684;-256.895;-256.942;-255.98;0;None;1000;None;14:50:41.044
2899;29.0308;28.8861;22.2113;-256.285;-256.684;-256.895;-256.942;-255.972;0;None;1000;None;14:50:41.542
2900;29.0308;28.8782;22.2113;-256.285;-256.684;-256.903;-256.942;-255.972;0;None;1000;None;14:50:42.041
2901;29.0308;28.8782;22.2035;-256.285;-256.684;-256.895;-256.95;-255.98;0;None;1000;None;14:50:42.543
2902;29.0308;28.8782;22.2035;-256.285;-256.692;-256.895;-256.935;-255.972;0;None;1000;None;14:50:43.046
2903;29.0386;28.8782;22.2035;-256.285;-256.676;-256.895;-256.95;-255.972;0;None;1000;None;14:50:43.543
2904;29.0465;28.8782;22.2113;-256.293;-256.684;-256.895;-256.942;-255.98;0;None;1000;None;14:50:44.037
2905;29.0386;28.8704;22.2035;-256.285;-256.676;-256.903;-256.942;-255.972;0;None;1000;None;14:50:44.539
2906;29.0465;28.8782;22.1957;-256.285;-256.684;-256.895;-256.935;-255.98;0;None;1000;None;14:50:45.046
2907;29.0386;28.8665;22.2035;-256.293;-256.684;-256.895;-256.942;-255.972;0;None;1000;None;14:50:45.546
2908;29.0386;28.8704;22.2035;-256.285;-256.676;-256.895;-256.95;-255.972;0;None;1000;None;14:50:46.043
2909;29.0386;28.8626;22.2035;-256.285;-256.684;-256.895;-256.942;-255.98;0;None;1000;None;14:50:46.535
2910;29.0465;28.8704;22.2035;-256.285;-256.684;-256.888;-256.942;-255.98;0;None;1000;None;14:50:47.032
2911;29.0465;28.8665;22.2035;-256.285;-256.684;-256.895;-256.942;-255.972;0;None;1000;None;14:50:47.544
2912;29.0386;28.8743;22.2035;-256.285;-256.684;-256.895;-256.942;-255.98;0;None;1000;None;14:50:48.041
2913;29.0386;28.8665;22.2113;-256.277;-256.684;-256.903;-256.95;-255.98;0;None;1000;None;14:50:48.542
2914;29.0543;28.8704;22.2113;-256.285;-256.684;-256.895;-256.95;-255.98;0;None;1000;None;14:50:49.037
2915;29.0465;28.8704;22.2035;-256.285;-256.692;-256.895;-256.942;-255.98;0;None;1000;None;14:50:49.533
2916;29.0465;28.8704;22.2191;-256.285;-256.684;-256.895;-256.942;-255.98;0;None;1000;None;14:50:50.045
2917;29.0543;28.8665;22.2191;-256.293;-256.684;-256.895;-256.942;-255.972;0;None;1000;None;14:50:50.543
2918;29.0543;28.8704;22.2113;-256.285;-256.684;-256.895;-256.95;-255.98;0;None;1000;None;14:50:51.043
2919;29.0465;28.8704;22.2191;-256.285;-256.684;-256.888;-256.942;-255.98;0;None;1000;None;14:50:51.536
2920;29.0465;28.8665;22.2191;-256.285;-256.684;-256.895;-256.942;-255.972;0;None;1000;None;14:50:52.032
2921;29.0543;28.8626;22.2191;-256.293;-256.692;-256.888;-256.942;-255.98;0;None;1000;None;14:50:52.544
2922;29.0543;28.8704;22.2113;-256.293;-256.676;-256.888;-256.942;-255.972;0;None;1000;None;14:50:53.040
2923;29.0465;28.8665;22.2191;-256.277;-256.692;-256.895;-256.942;-255.972;0;None;1000;None;14:50:53.537
2924;29.0621;28.8665;22.2035;-256.293;-256.676;-256.888;-256.935;-255.98;0;None;1000;None;14:50:54.034
2925;29.0543;28.8626;22.2113;-256.277;-256.684;-256.903;-256.942;-255.972;0;None;1000;None;14:50:54.545
2926;29.0621;28.8626;22.2191;-256.285;-256.684;-256.888;-256.942;-255.98;0;None;1000;None;14:50:55.043
2927;29.0543;28.8665;22.2113;-256.277;-256.684;-256.888;-256.935;-255.98;0;None;1000;None;14:50:55.540
2928;29.0543;28.8665;22.2113;-256.277;-256.676;-256.895;-256.942;-255.98;0;None;1000;None;14:50:56.041
2929;29.0543;28.8665;22.2113;-256.277;-256.684;-256.895;-256.935;-255.972;0;None;1000;None;14:50:56.535
2930;29.0543;28.8665;22.2113;-256.285;-256.684;-256.888;-256.95;-255.98;0;None;1000;None;14:50:57.032
2931;29.0465;28.8704;22.2113;-256.277;-256.684;-256.895;-256.935;-255.98;0;None;1000;None;14:50:57.544
2932;29.0465;28.8665;22.2035;-256.285;-256.684;-256.903;-256.942;-255.972;0;None;1000;None;14:50:58.041
2933;29.0465;28.8665;22.2035;-256.285;-256.684;-256.895;-256.942;-255.972;0;None;1000;None;14:50:58.538
2934;29.0465;28.8704;22.2113;-256.285;-256.684;-256.895;-256.942;-255.98;0;None;1000;None;14:50:59.034
2935;29.0465;28.8704;22.2191;-256.285;-256.692;-256.895;-256.935;-255.972;0;None;1000;None;14:50:59.546
2936;29.0465;28.8704;22.2113;-256.277;-256.684;-256.895;-256.942;-255.98;0;None;1000;None;14:51:00.043
2937;29.0386;28.8704;22.2191;-256.285;-256.692;-256.895;-256.935;-255.972;0;None;1000;None;14:51:00.536
2938;29.0386;28.8665;22.2191;-256.285;-256.684;-256.888;-256.942;-255.98;0;None;1000;None;14:51:01.031
2939;29.0465;28.8665;22.2191;-256.277;-256.684;-256.895;-256.935;-255.98;0;None;1000;None;14:51:01.544
2940;29.0386;28.8704;22.2113;-256.285;-256.684;-256.888;-256.942;-255.98;0;None;1000;None;14:51:02.040
2941;29.0465;28.8704;22.2035;-256.277;-256.684;-256.888;-256.942;-255.98;0;None;1000;None;14:51:02.535
2942;29.0386;28.8704;22.2035;-256.277;-256.684;-256.888;-256.942;-255.98;0;None;1000;None;14:51:03.034
2943;29.0386;28.8665;22.2035;-256.285;-256.684;-256.895;-256.942;-255.972;0;None;1000;None;14:51:03.543
2944;29.0386;28.8704;22.2035;-256.277;-256.684;-256.888;-256.942;-255.972;0;None;1000;None;14:51:04.044
2945;29.0465;28.8704;22.2035;-256.277;-256.684;-256.895;-256.942;-255.98;0;None;1000;None;14:51:04.536
2946;29.0386;28.8704;22.2113;-256.285;-256.676;-256.895;-256.942;-255.972;0;None;1000;None;14:51:05.033
2947;29.0386;28.8665;22.2035;-256.277;-256.684;-256.895;-256.942;-255.98;0;None;1000;None;14:51:05.543
2948;29.0386;28.8704;22.2035;-256.285;-256.684;-256.895;-256.942;-255.972;0;None;1000;None;14:51:06.039
2949;29.0308;28.8704;22.2035;-256.285;-256.684;-256.895;-256.942;-255.98;0;None;1000;None;14:51:06.534
2950;29.0386;28.8704;22.2035;-256.277;-256.676;-256.895;-256.935;-255.972;0;None;1000;None;14:51:07.032
2951;29.0308;28.8704;22.2113;-256.277;-256.684;-256.895;-256.95;-255.98;0;None;1000;None;14:51:07.543
2952;29.0386;28.8782;22.2113;-256.285;-256.676;-256.888;-256.942;-255.98;0;None;1000;None;14:51:08.041
2953;29.0308;28.8704;22.2035;-256.285;-256.684;-256.888;-256.942;-255.972;0;None;1000;None;14:51:08.541
2954;29.0308;28.8665;22.2113;-256.285;-256.684;-256.888;-256.95;-255.98;0;None;1000;None;14:51:09.034
2955;29.0386;28.8665;22.2035;-256.285;-256.684;-256.888;-256.95;-255.98;0;None;1000;None;14:51:09.545
2956;29.0386;28.8665;22.2113;-256.277;-256.684;-256.888;-256.95;-255.972;0;None;1000;None;14:51:10.042
2957;29.0465;28.8665;22.2035;-256.285;-256.684;-256.895;-256.942;-255.972;0;None;1000;None;14:51:10.537
2958;29.0308;28.8704;22.2113;-256.285;-256.676;-256.888;-256.942;-255.98;0;None;1000;None;14:51:11.034
2959;29.0386;28.8665;22.2113;-256.293;-256.684;-256.888;-256.95;-255.972;0;None;1000;None;14:51:11.546
2960;29.0386;28.8665;22.2113;-256.277;-256.684;-256.888;-256.95;-255.98;0;None;1000;None;14:51:12.045
2961;29.0386;28.8665;22.2113;-256.285;-256.684;-256.895;-256.942;-255.98;0;None;1000;None;14:51:12.541
2962;29.0386;28.8665;22.2113;-256.285;-256.676;-256.888;-256.95;-255.98;0;None;1000;None;14:51:13.041
2963;29.0308;28.8665;22.2113;-256.293;-256.684;-256.895;-256.95;-255.98;0;None;1000;None;14:51:13.542
2964;29.0386;28.8665;22.2113;-256.285;-256.676;-256.895;-256.95;-255.972;0;None;1000;None;14:51:14.031
2965;29.0308;28.8704;22.2113;-256.285;-256.684;-256.895;-256.95;-255.98;0;None;1000;None;14:51:14.542
2966;29.023;28.8704;22.2113;-256.285;-256.684;-256.888;-256.942;-255.98;0;None;1000;None;14:51:15.041
2967;29.0308;28.8665;22.2035;-256.285;-256.676;-256.895;-256.95;-255.98;0;None;1000;None;14:51:15.541
2968;29.023;28.8743;22.2113;-256.285;-256.684;-256.888;-256.95;-255.972;0;None;1000;None;14:51:16.037
2969;29.0308;28.8704;22.2113;-256.285;-256.684;-256.888;-256.942;-255.98;0;None;1000;None;14:51:16.532
2970;29.023;28.8704;22.2113;-256.277;-256.684;-256.888;-256.95;-255.98;0;None;1000;None;14:51:17.045
2971;29.0152;28.8665;22.2113;-256.285;-256.684;-256.888;-256.942;-255.972;0;None;1000;None;14:51:17.541
2972;29.023;28.8704;22.2113;-256.277;-256.684;-256.888;-256.95;-255.972;0;None;1000;None;14:51:18.041
2973;29.0152;28.8704;22.2113;-256.285;-256.684;-256.88;-256.935;-255.972;0;None;1000;None;14:51:18.531
2974;29.023;28.8704;22.2191;-256.277;-256.684;-256.895;-256.942;-255.98;0;None;1000;None;14:51:19.045
2975;29.023;28.8704;22.2191;-256.285;-256.676;-256.895;-256.942;-255.972;0;None;1000;None;14:51:19.543
2976;29.0386;28.8704;22.2191;-256.285;-256.676;-256.888;-256.942;-255.98;0;None;1000;None;14:51:20.039
2977;29.0308;28.8704;22.2191;-256.277;-256.684;-256.888;-256.942;-255.98;0;None;1000;None;14:51:20.535
2978;29.0308;28.8665;22.2191;-256.285;-256.676;-256.88;-256.95;-255.972;0;None;1000;None;14:51:21.037
2979;29.0386;28.8704;22.2191;-256.269;-256.676;-256.88;-256.942;-255.972;0;None;1000;None;14:51:21.544
2980;29.0386;28.8704;22.227;-256.269;-256.684;-256.888;-256.942;-255.972;0;None;1000;None;14:51:22.043
2981;29.0308;28.8704;22.2191;-256.277;-256.676;-256.88;-256.942;-255.98;0;None;1000;None;14:51:22.537
2982;29.0308;28.8782;22.227;-256.269;-256.684;-256.888;-256.942;-255.972;0;None;1000;None;14:51:23.034
2983;29.0386;28.8704;22.2191;-256.285;-256.676;-256.888;-256.942;-255.972;0;None;1000;None;14:51:23.546
2984;29.0308;28.8782;22.227;-256.277;-256.676;-256.888;-256.942;-255.98;0;None;1000;None;14:51:24.043
2985;29.0386;28.8782;22.227;-256.285;-256.676;-256.888;-256.942;-255.972;0;None;1000;None;14:51:24.541
2986;29.0386;28.8782;22.2191;-256.285;-256.676;-256.888;-256.942;-255.98;0;None;1000;None;14:51:25.036
2987;29.0308;28.8782;22.227;-256.277;-256.676;-256.895;-256.942;-255.98;0;None;1000;None;14:51:25.531
2988;29.0386;28.8782;22.227;-256.285;-256.684;-256.888;-256.942;-255.972;0;None;1000;None;14:51:26.029
2989;29.0386;28.8861;22.2191;-256.285;-256.676;-256.88;-256.958;-255.98;0;None;1000;None;14:51:26.541
2990;29.0386;28.8861;22.227;-256.285;-256.692;-256.888;-256.95;-255.98;0;None;1000;None;14:51:27.043
2991;29.0386;28.8782;22.2191;-256.285;-256.684;-256.88;-256.95;-255.98;0;None;1000;None;14:51:27.533
2992;29.0465;28.8782;22.2191;-256.285;-256.692;-256.888;-256.95;-255.98;0;None;1000;None;14:51:28.045
2993;29.0386;28.8782;22.2191;-256.285;-256.676;-256.888;-256.942;-255.98;0;None;1000;None;14:51:28.543
2994;29.0308;28.8782;22.2191;-256.285;-256.676;-256.88;-256.95;-255.98;0;None;1000;None;14:51:29.044
2995;29.0308;28.8782;22.2113;-256.285;-256.676;-256.888;-256.942;-255.98;0;None;1000;None;14:51:29.540
2996;29.0386;28.8782;22.2191;-256.293;-256.684;-256.88;-256.95;-255.98;0;None;1000;None;14:51:30.030
2997;29.0386;28.8861;22.2191;-256.285;-256.684;-256.88;-256.95;-255.988;0;None;1000;None;14:51:30.544
2998;29.0308;28.8704;22.2191;-256.285;-256.676;-256.888;-256.958;-255.98;0;None;1000;None;14:51:31.039
2999;29.0386;28.8704;22.2191;-256.285;-256.684;-256.88;-256.958;-255.98;0;None;1000;None;14:51:31.540
3000;29.0386;28.8704;22.2113;-256.285;-256.684;-256.88;-256.942;-255.98;0;None;1000;None;14:51:32.033
3001;29.0308;28.8665;22.2191;-256.285;-256.684;-256.888;-256.958;-255.98;0;None;1000;None;14:51:32.546
3002;29.0386;28.8704;22.2191;-256.285;-256.684;-256.888;-256.95;-255.98;0;None;1000;None;14:51:33.041
3003;29.0386;28.8782;22.2191;-256.285;-256.684;-256.888;-256.95;-255.98;0;None;1000;None;14:51:33.543
3004;29.0308;28.8665;22.2191;-256.285;-256.676;-256.888;-256.95;-255.988;0;None;1000;None;14:51:34.032
3005;29.0308;28.8704;22.2191;-256.277;-256.684;-256.888;-256.942;-255.98;0;None;1000;None;14:51:34.542
3006;29.0308;28.8704;22.2191;-256.285;-256.684;-256.888;-256.942;-255.98;0;None;1000;None;14:51:35.035
3007;29.0308;28.8704;22.2113;-256.285;-256.676;-256.888;-256.95;-255.98;0;None;1000;None;14:51:35.545
3008;29.0308;28.8665;22.2191;-256.285;-256.692;-256.888;-256.95;-255.98;0;None;1000;None;14:51:36.036
3009;29.0308;28.8665;22.2191;-256.285;-256.684;-256.895;-256.95;-255.98;0;None;1000;None;14:51:36.531
3010;29.0308;28.8665;22.2191;-256.285;-256.684;-256.888;-256.95;-255.98;0;None;1000;None;14:51:37.045
3011;29.0308;28.8704;22.2113;-256.285;-256.676;-256.888;-256.95;-255.988;0;None;1000;None;14:51:37.540
3012;29.0308;28.8665;22.2191;-256.285;-256.684;-256.888;-256.95;-255.98;0;None;1000;None;14:51:38.032
3013;29.0386;28.8704;22.2191;-256.285;-256.692;-256.888;-256.95;-255.98;0;None;1000;None;14:51:38.545
3014;29.0308;28.8704;22.2113;-256.285;-256.684;-256.888;-256.95;-255.98;0;None;1000;None;14:51:39.040
3015;29.0386;28.8665;22.2191;-256.293;-256.676;-256.895;-256.942;-255.988;0;None;1000;None;14:51:39.537
3016;29.0308;28.8704;22.2113;-256.285;-256.684;-256.888;-256.95;-255.98;0;None;1000;None;14:51:40.033
3017;29.0308;28.8665;22.2191;-256.285;-256.684;-256.895;-256.95;-255.988;0;None;1000;None;14:51:40.546
3018;29.0386;28.8665;22.227;-256.285;-256.684;-256.895;-256.95;-255.98;0;None;1000;None;14:51:41.041
3019;29.0308;28.8704;22.2191;-256.285;-256.676;-256.888;-256.95;-255.988;0;None;1000;None;14:51:41.538
3020;29.0308;28.8665;22.227;-256.277;-256.684;-256.895;-256.95;-255.98;0;None;1000;None;14:51:42.036
3021;29.0308;28.8626;22.2191;-256.285;-256.676;-256.895;-256.95;-255.98;0;None;1000;None;14:51:42.531
3022;29.0308;28.8665;22.227;-256.285;-256.684;-256.895;-256.95;-255.988;0;None;1000;None;14:51:43.042
3023;29.0308;28.8626;22.227;-256.277;-256.676;-256.895;-256.942;-255.98;0;None;1000;None;14:51:43.539
3024;29.0386;28.8587;22.2191;-256.285;-256.684;-256.895;-256.95;-255.988;0;None;1000;None;14:51:44.036
3025;29.0308;28.8665;22.2191;-256.277;-256.684;-256.895;-256.95;-255.988;0;None;1000;None;14:51:44.534
3026;29.023;28.8626;22.227;-256.285;-256.676;-256.895;-256.95;-255.988;0;None;1000;None;14:51:45.045
3027;29.0308;28.8665;22.227;-256.277;-256.692;-256.888;-256.942;-255.988;0;None;1000;None;14:51:45.543
3028;29.0308;28.8626;22.227;-256.277;-256.684;-256.903;-256.942;-255.98;0;None;1000;None;14:51:46.040
3029;29.023;28.8626;22.2191;-256.285;-256.684;-256.895;-256.95;-255.988;0;None;1000;None;14:51:46.537
3030;29.0308;28.8626;22.227;-256.277;-256.684;-256.895;-256.95;-255.988;0;None;1000;None;14:51:47.043
3031;29.0308;28.8665;22.227;-256.277;-256.684;-256.888;-256.95;-255.988;0;None;1000;None;14:51:47.532
3032;29.0308;28.8665;22.2191;-256.277;-256.676;-256.895;-256.942;-255.98;0;None;1000;None;14:51:48.045
3033;29.0308;28.8626;22.2191;-256.285;-256.692;-256.895;-256.942;-255.988;0;None;1000;None;14:51:48.542
3034;29.0308;28.8665;22.2191;-256.285;-256.684;-256.895;-256.942;-255.988;0;None;1000;None;14:51:49.038
3035;29.023;28.8626;22.227;-256.285;-256.684;-256.895;-256.942;-255.98;0;None;1000;None;14:51:49.535
3036;29.023;28.8626;22.2191;-256.285;-256.684;-256.895;-256.935;-255.98;0;None;1000;None;14:51:50.032
3037;29.023;28.8626;22.227;-256.285;-256.684;-256.888;-256.942;-255.988;0;None;1000;None;14:51:50.545
3038;29.0308;28.8665;22.2191;-256.277;-256.676;-256.895;-256.942;-255.98;0;None;1000;None;14:51:51.041
3039;29.023;28.8626;22.2113;-256.285;-256.684;-256.895;-256.95;-255.98;0;None;1000;None;14:51:51.539
3040;29.0308;28.8665;22.2191;-256.285;-256.676;-256.895;-256.935;-255.98;0;None;1000;None;14:51:52.039
3041;29.023;28.8626;22.2113;-256.277;-256.684;-256.895;-256.95;-255.988;0;None;1000;None;14:51:52.533
3042;29.023;28.8665;22.2191;-256.285;-256.684;-256.888;-256.942;-255.98;0;None;1000;None;14:51:53.033
3043;29.023;28.8665;22.2113;-256.285;-256.676;-256.895;-256.95;-255.98;0;None;1000;None;14:51:53.541
3044;29.023;28.8665;22.2191;-256.277;-256.684;-256.895;-256.942;-255.988;0;None;1000;None;14:51:54.037
3045;29.0152;28.8626;22.2191;-256.285;-256.684;-256.888;-256.95;-255.98;0;None;1000;None;14:51:54.533
3046;29.023;28.8665;22.2191;-256.285;-256.676;-256.903;-256.942;-255.988;0;None;1000;None;14:51:55.031
3047;29.023;28.8665;22.2191;-256.285;-256.684;-256.895;-256.942;-255.98;0;None;1000;None;14:51:55.546
3048;29.0152;28.8665;22.2191;-256.293;-256.684;-256.895;-256.95;-255.972;0;None;1000;None;14:51:56.040
3049;29.0073;28.8665;22.2113;-256.285;-256.676;-256.903;-256.942;-255.988;0;None;1000;None;14:51:56.537
3050;29.0152;28.8626;22.2191;-256.285;-256.684;-256.895;-256.95;-255.98;0;None;1000;None;14:51:57.033
3051;29.0152;28.8665;22.2191;-256.293;-256.676;-256.888;-256.95;-255.972;0;None;1000;None;14:51:57.544
3052;29.0152;28.8626;22.2191;-256.293;-256.684;-256.895;-256.95;-255.98;0;None;1000;None;14:51:58.042
3053;29.0152;28.8626;22.2113;-256.293;-256.684;-256.895;-256.942;-255.988;0;None;1000;None;14:51:58.538
3054;29.0152;28.8626;22.2191;-256.293;-256.676;-256.895;-256.95;-255.98;0;None;1000;None;14:51:59.036
3055;29.0073;28.8587;22.2113;-256.285;-256.684;-256.895;-256.942;-255.98;0;None;1000;None;14:51:59.532
3056;29.0152;28.8587;22.2191;-256.285;-256.684;-256.895;-256.942;-255.988;0;None;1000;None;14:52:00.044
3057;29.0073;28.8587;22.2191;-256.285;-256.684;-256.895;-256.942;-255.98;0;None;1000;None;14:52:00.543
3058;29.0152;28.8548;22.2191;-256.285;-256.684;-256.895;-256.95;-255.98;0;None;1000;None;14:52:01.033
3059;29.0152;28.8587;22.2191;-256.277;-256.692;-256.888;-256.942;-255.98;0;None;1000;None;14:52:01.544
3060;29.0152;28.8587;22.2191;-256.285;-256.684;-256.895;-256.942;-255.988;0;None;1000;None;14:52:02.040
3061;29.0152;28.8548;22.2191;-256.285;-256.684;-256.888;-256.942;-255.988;0;None;1000;None;14:52:02.538
3062;29.0152;28.8587;22.227;-256.285;-256.684;-256.888;-256.942;-255.98;0;None;1000;None;14:52:03.035
3063;29.0152;28.8587;22.2348;-256.285;-256.684;-256.895;-256.95;-255.98;0;None;1000;None;14:52:03.547
3064;29.023;28.8587;22.2426;-256.277;-256.684;-256.895;-256.942;-255.98;0;None;1000;None;14:52:04.044
3065;29.023;28.8587;22.2348;-256.285;-256.684;-256.895;-256.942;-255.988;0;None;1000;None;14:52:04.541
3066;29.023;28.8587;22.2348;-256.285;-256.676;-256.895;-256.942;-255.98;0;None;1000;None;14:52:05.035
3067;29.0308;28.8587;22.2348;-256.277;-256.676;-256.895;-256.942;-255.98;0;None;1000;None;14:52:05.534
3068;29.0308;28.8587;22.2348;-256.293;-256.684;-256.903;-256.942;-255.988;0;None;1000;None;14:52:06.033
3069;29.0308;28.8587;22.2426;-256.285;-256.676;-256.895;-256.942;-255.98;0;None;1000;None;14:52:06.544
3070;29.0308;28.8548;22.227;-256.293;-256.684;-256.903;-256.942;-255.98;0;None;1000;None;14:52:07.040
3071;29.0308;28.8587;22.2348;-256.277;-256.676;-256.895;-256.942;-255.98;0;None;1000;None;14:52:07.538
3072;29.0308;28.8548;22.227;-256.285;-256.676;-256.895;-256.942;-255.988;0;None;1000;None;14:52:08.039
3073;29.0386;28.8587;22.2426;-256.277;-256.676;-256.895;-256.95;-255.972;0;None;1000;None;14:52:08.531
3074;29.0308;28.8587;22.227;-256.285;-256.676;-256.888;-256.942;-255.98;0;None;1000;None;14:52:09.045
3075;29.0386;28.8587;22.2348;-256.277;-256.676;-256.895;-256.942;-255.972;0;None;1000;None;14:52:09.541
3076;29.0308;28.8626;22.227;-256.285;-256.676;-256.895;-256.942;-255.98;0;None;1000;None;14:52:10.037
3077;29.0386;28.8587;22.227;-256.285;-256.676;-256.895;-256.95;-255.98;0;None;1000;None;14:52:10.538
3078;29.0308;28.8587;22.2348;-256.277;-256.676;-256.888;-256.95;-255.972;0;None;1000;None;14:52:11.032
3079;29.0386;28.8626;22.2348;-256.285;-256.676;-256.895;-256.942;-255.972;0;None;1000;None;14:52:11.544
3080;29.023;28.8587;22.2348;-256.285;-256.676;-256.888;-256.935;-255.98;0;None;1000;None;14:52:12.041
3081;29.0308;28.8587;22.227;-256.277;-256.668;-256.888;-256.942;-255.98;0;None;1000;None;14:52:12.543
3082;29.0308;28.8587;22.2348;-256.285;-256.684;-256.888;-256.935;-255.972;0;None;1000;None;14:52:13.040
3083;29.0308;28.8587;22.2426;-256.285;-256.676;-256.888;-256.935;-255.98;0;None;1000;None;14:52:13.532
3084;29.0308;28.8587;22.2348;-256.285;-256.676;-256.888;-256.935;-255.98;0;None;1000;None;14:52:14.044
3085;29.023;28.8587;22.2348;-256.277;-256.684;-256.888;-256.95;-255.98;0;None;1000;None;14:52:14.542
3086;29.023;28.8626;22.2426;-256.285;-256.676;-256.888;-256.95;-255.988;0;None;1000;None;14:52:15.043
3087;29.023;28.8548;22.2348;-256.293;-256.692;-256.888;-256.942;-255.972;0;None;1000;None;14:52:15.539
3088;29.023;28.8626;22.2348;-256.277;-256.684;-256.888;-256.942;-255.988;0;None;1000;None;14:52:16.032
3089;29.023;28.8626;22.2426;-256.285;-256.684;-256.888;-256.935;-255.972;0;None;1000;None;14:52:16.545
3090;29.023;28.8587;22.2348;-256.285;-256.692;-256.888;-256.95;-255.98;0;None;1000;None;14:52:17.043
3091;29.023;28.8587;22.2348;-256.285;-256.684;-256.888;-256.95;-255.972;0;None;1000;None;14:52:17.541
3092;29.023;28.8626;22.2426;-256.293;-256.676;-256.888;-256.942;-255.98;0;None;1000;None;14:52:18.043
3093;29.023;28.8587;22.2348;-256.285;-256.692;-256.888;-256.942;-255.98;0;None;1000;None;14:52:18.535
3094;29.0308;28.8626;22.2348;-256.285;-256.676;-256.888;-256.942;-255.972;0;None;1000;None;14:52:19.033
3095;29.0308;28.8626;22.227;-256.285;-256.684;-256.888;-256.942;-255.98;0;None;1000;None;14:52:19.530
3096;29.0308;28.8587;22.2348;-256.285;-256.684;-256.888;-256.942;-255.972;0;None;1000;None;14:52:20.042
3097;29.0308;28.8626;22.2426;-256.293;-256.684;-256.888;-256.935;-255.98;0;None;1000;None;14:52:20.538
3098;29.0308;28.8665;22.2348;-256.285;-256.684;-256.888;-256.942;-255.972;0;None;1000;None;14:52:21.035
3099;29.0308;28.8665;22.2348;-256.285;-256.684;-256.888;-256.935;-255.98;0;None;1000;None;14:52:21.531
3100;29.0308;28.8626;22.227;-256.285;-256.684;-256.888;-256.942;-255.972;0;None;1000;None;14:52:22.041
3101;29.0308;28.8665;22.227;-256.285;-256.676;-256.888;-256.942;-255.98;0;None;1000;None;14:52:22.538
3102;29.0386;28.8626;22.227;-256.285;-256.684;-256.888;-256.935;-255.972;0;None;1000;None;14:52:23.043
3103;29.0386;28.8587;22.227;-256.277;-256.692;-256.888;-256.942;-255.972;0;None;1000;None;14:52:23.534
3104;29.0386;28.8626;22.227;-256.277;-256.684;-256.895;-256.942;-255.988;0;None;1000;None;14:52:24.031
3105;29.0308;28.8587;22.2348;-256.277;-256.684;-256.888;-256.935;-255.98;0;None;1000;None;14:52:24.544
3106;29.0308;28.8548;22.227;-256.277;-256.676;-256.888;-256.935;-255.972;0;None;1000;None;14:52:25.040
3107;29.0308;28.8548;22.2191;-256.285;-256.684;-256.888;-256.942;-255.972;0;None;1000;None;14:52:25.539
3108;29.023;28.8508;22.2191;-256.277;-256.684;-256.888;-256.942;-255.972;0;None;1000;None;14:52:26.040
3109;29.023;28.8548;22.2113;-256.277;-256.684;-256.888;-256.942;-255.972;0;None;1000;None;14:52:26.533
3110;29.0308;28.8508;22.2113;-256.277;-256.684;-256.888;-256.95;-255.972;0;None;1000;None;14:52:27.028
3111;29.0308;28.8508;22.2191;-256.277;-256.692;-256.888;-256.95;-255.972;0;None;1000;None;14:52:27.540
3112;29.0308;28.8548;22.2113;-256.277;-256.676;-256.888;-256.95;-255.972;0;None;1000;None;14:52:28.040
3113;29.0308;28.843;22.227;-256.277;-256.684;-256.888;-256.942;-255.972;0;None;1000;None;14:52:28.532
3114;29.023;28.8548;22.227;-256.277;-256.692;-256.888;-256.942;-255.98;0;None;1000;None;14:52:29.035
3115;29.023;28.843;22.227;-256.277;-256.684;-256.88;-256.942;-255.964;0;None;1000;None;14:52:29.542
3116;29.0308;28.8508;22.2191;-256.277;-256.676;-256.88;-256.942;-255.98;0;None;1000;None;14:52:30.044
3117;29.023;28.8508;22.227;-256.277;-256.692;-256.888;-256.95;-255.972;0;None;1000;None;14:52:30.542
3118;29.023;28.8508;22.2348;-256.277;-256.684;-256.88;-256.935;-255.98;0;None;1000;None;14:52:31.044
3119;29.023;28.8508;22.227;-256.277;-256.684;-256.888;-256.942;-255.972;0;None;1000;None;14:52:31.546
3120;29.023;28.8548;22.227;-256.277;-256.684;-256.88;-256.942;-255.972;0;None;1000;None;14:52:32.039
3121;29.023;28.8508;22.227;-256.277;-256.684;-256.888;-256.942;-255.98;0;None;1000;None;14:52:32.535
3122;29.0152;28.8548;22.227;-256.277;-256.676;-256.88;-256.942;-255.972;0;None;1000;None;14:52:33.032
3123;29.023;28.8548;22.2348;-256.277;-256.684;-256.88;-256.95;-255.98;0;None;1000;None;14:52:33.529
3124;29.023;28.8548;22.227;-256.277;-256.684;-256.888;-256.95;-255.972;0;None;1000;None;14:52:34.042
3125;29.023;28.8548;22.2191;-256.277;-256.676;-256.888;-256.942;-255.98;0;None;1000;None;14:52:34.538
3126;29.0152;28.8548;22.227;-256.277;-256.684;-256.888;-256.95;-255.98;0;None;1000;None;14:52:35.043
3127;29.023;28.8548;22.2191;-256.277;-256.692;-256.888;-256.95;-255.972;0;None;1000;None;14:52:35.533
3128;29.0152;28.8548;22.2191;-256.277;-256.676;-256.88;-256.95;-255.98;0;None;1000;None;14:52:36.028
3129;29.0152;28.8587;22.2191;-256.269;-256.692;-256.895;-256.942;-255.98;0;None;1000;None;14:52:36.542
3130;29.0152;28.8548;22.2191;-256.277;-256.684;-256.888;-256.942;-255.98;0;None;1000;None;14:52:37.039
3131;29.0152;28.8587;22.227;-256.277;-256.684;-256.88;-256.942;-255.98;0;None;1000;None;14:52:37.543
3132;29.0073;28.8587;22.227;-256.269;-256.684;-256.888;-256.95;-255.972;0;None;1000;None;14:52:38.034
3133;29.0073;28.8548;22.2191;-256.277;-256.692;-256.888;-256.942;-255.98;0;None;1000;None;14:52:38.531
3134;29.0073;28.8626;22.2191;-256.277;-256.676;-256.888;-256.95;-255.98;0;None;1000;None;14:52:39.044
3135;29.0034;28.8587;22.2191;-256.277;-256.692;-256.88;-256.942;-255.98;0;None;1000;None;14:52:39.540
3136;29.0073;28.8587;22.2191;-256.277;-256.692;-256.888;-256.958;-255.98;0;None;1000;None;14:52:40.040
3137;29.0152;28.8626;22.2191;-256.269;-256.684;-256.888;-256.95;-255.98;0;None;1000;None;14:52:40.533
3138;29.0073;28.8626;22.2113;-256.277;-256.684;-256.888;-256.95;-255.98;0;None;1000;None;14:52:41.032
3139;29.0073;28.8587;22.227;-256.269;-256.684;-256.88;-256.942;-255.972;0;None;1000;None;14:52:41.543
3140;29.0034;28.8587;22.2191;-256.269;-256.684;-256.888;-256.95;-255.98;0;None;1000;None;14:52:42.040
3141;28.9995;28.8626;22.2191;-256.269;-256.692;-256.888;-256.942;-255.98;0;None;1000;None;14:52:42.542
3142;29.0034;28.8626;22.2191;-256.277;-256.684;-256.888;-256.95;-255.972;0;None;1000;None;14:52:43.034
3143;29.0073;28.8626;22.2113;-256.269;-256.684;-256.88;-256.942;-255.98;0;None;1000;None;14:52:43.528
3144;29.0034;28.8626;22.2191;-256.269;-256.676;-256.888;-256.95;-255.98;0;None;1000;None;14:52:44.038
3145;29.0034;28.8626;22.2191;-256.277;-256.676;-256.88;-256.942;-255.972;0;None;1000;None;14:52:44.533
3146;28.9995;28.8626;22.2113;-256.269;-256.684;-256.888;-256.95;-255.98;0;None;1000;None;14:52:45.042
3147;28.9995;28.8626;22.2113;-256.277;-256.684;-256.88;-256.95;-255.972;0;None;1000;None;14:52:45.542
3148;28.9995;28.8626;22.2191;-256.277;-256.684;-256.888;-256.942;-255.972;0;None;1000;None;14:52:46.033
3149;28.9995;28.8626;22.2113;-256.269;-256.684;-256.888;-256.942;-255.98;0;None;1000;None;14:52:46.543
3150;28.9995;28.8665;22.2113;-256.285;-256.676;-256.88;-256.95;-255.972;0;None;1000;None;14:52:47.034
3151;28.9956;28.8665;22.2191;-256.269;-256.684;-256.88;-256.942;-255.98;0;None;1000;None;14:52:47.530
3152;28.9995;28.8626;22.2113;-256.277;-256.684;-256.888;-256.958;-255.972;0;None;1000;None;14:52:48.043
3153;28.9995;28.8665;22.2191;-256.277;-256.684;-256.88;-256.942;-255.972;0;None;1000;None;14:52:48.540
3154;29.0034;28.8626;22.2191;-256.277;-256.676;-256.888;-256.95;-255.98;0;None;1000;None;14:52:49.043
3155;29.0034;28.8626;22.2191;-256.277;-256.684;-256.872;-256.935;-255.98;0;None;1000;None;14:52:49.543
3156;29.0034;28.8665;22.2191;-256.277;-256.684;-256.88;-256.95;-255.972;0;None;1000;None;14:52:50.032
3157;29.0034;28.8665;22.2191;-256.269;-256.684;-256.88;-256.95;-255.98;0;None;1000;None;14:52:50.544
3158;29.0034;28.8665;22.2113;-256.277;-256.684;-256.88;-256.942;-255.98;0;None;1000;None;14:52:51.042
3159;29.0034;28.8665;22.2191;-256.277;-256.684;-256.888;-256.935;-255.972;0;None;1000;None;14:52:51.543
3160;29.0034;28.8665;22.2191;-256.269;-256.684;-256.88;-256.942;-255.98;0;None;1000;None;14:52:52.043
3161;29.0034;28.8665;22.2113;-256.269;-256.684;-256.88;-256.942;-255.972;0;None;1000;None;14:52:52.535
3162;29.0073;28.8665;22.2191;-256.277;-256.684;-256.88;-256.935;-255.972;0;None;1000;None;14:52:53.032
3163;29.0152;28.8665;22.2113;-256.277;-256.684;-256.888;-256.942;-255.972;0;None;1000;None;14:52:53.545
3164;29.0073;28.8704;22.2191;-256.277;-256.684;-256.88;-256.942;-255.972;0;None;1000;None;14:52:54.041
3165;29.0073;28.8665;22.2191;-256.285;-256.676;-256.888;-256.95;-255.972;0;None;1000;None;14:52:54.543
3166;29.0073;28.8704;22.2113;-256.277;-256.684;-256.88;-256.935;-255.972;0;None;1000;None;14:52:55.034
3167;29.0113;28.8704;22.2113;-256.277;-256.676;-256.888;-256.935;-255.98;0;None;1000;None;14:52:55.532
3168;29.0073;28.8704;22.2191;-256.277;-256.676;-256.888;-256.935;-255.972;0;None;1000;None;14:52:56.030
3169;29.0152;28.8782;22.2191;-256.277;-256.684;-256.888;-256.927;-255.98;0;None;1000;None;14:52:56.543
3170;29.0073;28.8704;22.2113;-256.277;-256.676;-256.88;-256.935;-255.972;0;None;1000;None;14:52:57.040
3171;29.0152;28.8704;22.2191;-256.277;-256.676;-256.888;-256.935;-255.972;0;None;1000;None;14:52:57.539
3172;29.0152;28.8782;22.2113;-256.269;-256.684;-256.88;-256.935;-255.972;0;None;1000;None;14:52:58.036
3173;29.0073;28.8782;22.2113;-256.277;-256.676;-256.88;-256.942;-255.972;0;None;1000;None;14:52:58.533
3174;29.0152;28.8782;22.2113;-256.285;-256.684;-256.888;-256.927;-255.98;0;None;1000;None;14:52:59.032
3175;29.0152;28.8782;22.2113;-256.269;-256.676;-256.888;-256.935;-255.972;0;None;1000;None;14:52:59.539
3176;29.0152;28.8782;22.2113;-256.269;-256.676;-256.888;-256.935;-255.98;0;None;1000;None;14:53:00.036
3177;29.0152;28.8861;22.2113;-256.277;-256.676;-256.895;-256.935;-255.972;0;None;1000;None;14:53:00.530
3178;29.023;28.8782;22.2113;-256.269;-256.684;-256.88;-256.935;-255.972;0;None;1000;None;14:53:01.040
3179;29.0152;28.8782;22.2035;-256.277;-256.676;-256.888;-256.935;-255.972;0;None;1000;None;14:53:01.536
3180;29.0152;28.8704;22.2113;-256.269;-256.684;-256.888;-256.935;-255.98;0;None;1000;None;14:53:02.033
3181;29.023;28.8782;22.2035;-256.269;-256.676;-256.888;-256.935;-255.972;0;None;1000;None;14:53:02.530
3182;29.023;28.8861;22.2113;-256.269;-256.684;-256.888;-256.935;-255.972;0;None;1000;None;14:53:03.043
3183;29.023;28.8704;22.2113;-256.277;-256.676;-256.888;-256.935;-255.972;0;None;1000;None;14:53:03.540
3184;29.023;28.8782;22.2113;-256.269;-256.684;-256.888;-256.927;-255.972;0;None;1000;None;14:53:04.043
3185;29.0152;28.8704;22.2113;-256.277;-256.676;-256.888;-256.935;-255.972;0;None;1000;None;14:53:04.532
3186;29.0152;28.8665;22.2113;-256.269;-256.684;-256.88;-256.935;-255.972;0;None;1000;None;14:53:05.044
3187;29.0152;28.8665;22.2191;-256.269;-256.684;-256.888;-256.942;-255.972;0;None;1000;None;14:53:05.542
3188;29.0152;28.8665;22.2113;-256.269;-256.684;-256.88;-256.935;-255.972;0;None;1000;None;14:53:06.042
3189;29.0073;28.8626;22.2191;-256.269;-256.676;-256.88;-256.935;-255.972;0;None;1000;None;14:53:06.542
3190;29.0152;28.8665;22.2191;-256.277;-256.684;-256.888;-256.942;-255.972;0;None;1000;None;14:53:07.032
3191;29.0034;28.8626;22.2191;-256.269;-256.684;-256.88;-256.927;-255.972;0;None;1000;None;14:53:07.545
3192;29.0073;28.8665;22.2191;-256.277;-256.676;-256.888;-256.942;-255.972;0;None;1000;None;14:53:08.041
3193;29.0152;28.8665;22.2191;-256.269;-256.684;-256.88;-256.935;-255.972;0;None;1000;None;14:53:08.542
3194;29.0073;28.8626;22.2113;-256.277;-256.684;-256.88;-256.942;-255.972;0;None;1000;None;14:53:09.042
3195;29.0152;28.8704;22.2113;-256.277;-256.684;-256.888;-256.935;-255.98;0;None;1000;None;14:53:09.542
3196;29.0073;28.8626;22.2113;-256.269;-256.676;-256.88;-256.935;-255.972;0;None;1000;None;14:53:10.031
3197;29.0073;28.8626;22.2113;-256.269;-256.684;-256.888;-256.942;-255.98;0;None;1000;None;14:53:10.542
3198;29.0073;28.8626;22.2035;-256.269;-256.676;-256.88;-256.942;-255.972;0;None;1000;None;14:53:11.039
3199;29.0073;28.8587;22.2035;-256.277;-256.684;-256.888;-256.935;-255.98;0;None;1000;None;14:53:11.536
3200;29.0152;28.8587;22.2035;-256.269;-256.684;-256.888;-256.942;-255.98;0;None;1000;None;14:53:12.032
3201;29.0073;28.8548;22.2035;-256.269;-256.684;-256.888;-256.942;-255.972;0;None;1000;None;14:53:12.529
3202;29.0152;28.8626;22.2035;-256.277;-256.676;-256.895;-256.942;-255.964;0;None;1000;None;14:53:13.042
3203;29.0073;28.8587;22.2035;-256.277;-256.692;-256.888;-256.942;-255.98;0;None;1000;None;14:53:13.538
3204;29.0152;28.8626;22.1957;-256.277;-256.676;-256.888;-256.942;-255.972;0;None;1000;None;14:53:14.040
3205;29.0152;28.8626;22.2035;-256.269;-256.692;-256.888;-256.95;-255.98;0;None;1000;None;14:53:14.531
3206;29.0152;28.8665;22.2035;-256.269;-256.684;-256.888;-256.95;-255.972;0;None;1000;None;14:53:15.028
3207;29.023;28.8626;22.2035;-256.277;-256.676;-256.888;-256.942;-255.972;0;None;1000;None;14:53:15.543
3208;29.0152;28.8665;22.2113;-256.269;-256.692;-256.888;-256.935;-255.972;0;None;1000;None;14:53:16.038
3209;29.0152;28.8665;22.2035;-256.277;-256.676;-256.888;-256.942;-255.972;0;None;1000;None;14:53:16.536
3210;29.023;28.8626;22.2113;-256.277;-256.684;-256.888;-256.942;-255.972;0;None;1000;None;14:53:17.033
3211;29.0152;28.8626;22.2113;-256.277;-256.684;-256.88;-256.935;-255.972;0;None;1000;None;14:53:17.530
3212;29.023;28.8626;22.2035;-256.277;-256.684;-256.888;-256.95;-255.98;0;None;1000;None;14:53:18.040
3213;29.023;28.8626;22.2035;-256.277;-256.676;-256.888;-256.942;-255.972;0;None;1000;None;14:53:18.542
3214;29.023;28.8587;22.2035;-256.277;-256.684;-256.88;-256.935;-255.98;0;None;1000;None;14:53:19.036
3215;29.023;28.8626;22.2191;-256.277;-256.676;-256.888;-256.935;-255.972;0;None;1000;None;14:53:19.533
3216;29.0152;28.8626;22.2191;-256.269;-256.684;-256.888;-256.935;-255.972;0;None;1000;None;14:53:20.029
3217;29.023;28.8587;22.2113;-256.277;-256.684;-256.888;-256.942;-255.972;0;None;1000;None;14:53:20.541
3218;29.0308;28.8587;22.2113;-256.269;-256.684;-256.888;-256.935;-255.98;0;None;1000;None;14:53:21.036
3219;29.0308;28.8548;22.2113;-256.269;-256.684;-256.88;-256.942;-255.972;0;None;1000;None;14:53:21.532
3220;29.0308;28.8548;22.2113;-256.277;-256.676;-256.888;-256.942;-255.972;0;None;1000;None;14:53:22.030
3221;29.0308;28.8548;22.2113;-256.277;-256.684;-256.895;-256.935;-255.988;0;None;1000;None;14:53:22.543
3222;29.0308;28.8508;22.2113;-256.277;-256.684;-256.88;-256.935;-255.98;0;None;1000;None;14:53:23.038
3223;29.0308;28.8508;22.2113;-256.277;-256.684;-256.888;-256.942;-255.98;0;None;1000;None;14:53:23.534
3224;29.0308;28.8508;22.2113;-256.277;-256.684;-256.888;-256.942;-255.98;0;None;1000;None;14:53:24.031
3225;29.0308;28.8508;22.2113;-256.277;-256.676;-256.895;-256.95;-255.972;0;None;1000;None;14:53:24.541
3226;29.023;28.8548;22.2035;-256.269;-256.676;-256.888;-256.942;-255.98;0;None;1000;None;14:53:25.039
3227;29.0386;28.8548;22.2191;-256.285;-256.676;-256.888;-256.95;-255.98;0;None;1000;None;14:53:25.536
3228;29.023;28.8508;22.2113;-256.277;-256.684;-256.888;-256.935;-255.988;0;None;1000;None;14:53:26.032
3229;29.0386;28.8548;22.2113;-256.277;-256.684;-256.888;-256.942;-255.98;0;None;1000;None;14:53:26.529
3230;29.0308;28.8548;22.2113;-256.277;-256.676;-256.888;-256.95;-255.972;0;None;1000;None;14:53:27.041
3231;29.0308;28.8587;22.2113;-256.277;-256.684;-256.888;-256.942;-255.98;0;None;1000;None;14:53:27.542
3232;29.0308;28.8587;22.2035;-256.277;-256.684;-256.888;-256.942;-255.972;0;None;1000;None;14:53:28.034
3233;29.0308;28.8587;22.2113;-256.277;-256.684;-256.888;-256.95;-255.972;0;None;1000;None;14:53:28.531
3234;29.023;28.8587;22.2113;-256.277;-256.676;-256.888;-256.942;-255.972;0;None;1000;None;14:53:29.042
3235;29.0308;28.8548;22.2035;-256.277;-256.684;-256.888;-256.942;-255.98;0;None;1000;None;14:53:29.544
3236;29.023;28.8587;22.2113;-256.269;-256.676;-256.895;-256.942;-255.972;0;None;1000;None;14:53:30.042
3237;29.023;28.8548;22.2113;-256.277;-256.676;-256.888;-256.942;-255.98;0;None;1000;None;14:53:30.534
3238;29.0308;28.8587;22.2035;-256.277;-256.684;-256.895;-256.942;-255.972;0;None;1000;None;14:53:31.032
3239;29.023;28.8587;22.2035;-256.269;-256.676;-256.888;-256.942;-255.98;0;None;1000;None;14:53:31.542
3240;29.023;28.8626;22.2113;-256.269;-256.676;-256.88;-256.942;-255.972;0;None;1000;None;14:53:32.038
3241;29.0152;28.8587;22.2113;-256.269;-256.684;-256.888;-256.942;-255.98;0;None;1000;None;14:53:32.534
3242;29.023;28.8626;22.2035;-256.269;-256.684;-256.888;-256.95;-255.98;0;None;1000;None;14:53:33.031
3243;29.0152;28.8626;22.2113;-256.277;-256.676;-256.888;-256.942;-255.98;0;None;1000;None;14:53:33.541
3244;29.023;28.8626;22.1957;-256.269;-256.684;-256.895;-256.942;-255.972;0;None;1000;None;14:53:34.036
3245;29.023;28.8665;22.2113;-256.277;-256.676;-256.888;-256.942;-255.98;0;None;1000;None;14:53:34.530
3246;29.0152;28.8665;22.2113;-256.269;-256.684;-256.88;-256.935;-255.972;0;None;1000;None;14:53:35.040
3247;29.0152;28.8626;22.2113;-256.277;-256.676;-256.888;-256.942;-255.972;0;None;1000;None;14:53:35.536
3248;29.023;28.8665;22.2113;-256.277;-256.684;-256.888;-256.942;-255.98;0;None;1000;None;14:53:36.030
3249;29.0152;28.8626;22.2113;-256.277;-256.684;-256.88;-256.942;-255.98;0;None;1000;None;14:53:36.540
3250;29.0073;28.8665;22.2113;-256.277;-256.684;-256.888;-256.942;-255.98;0;None;1000;None;14:53:37.038
3251;29.0152;28.8587;22.2035;-256.285;-256.684;-256.88;-256.942;-255.98;0;None;1000;None;14:53:37.529
3252;29.0152;28.8626;22.2035;-256.277;-256.684;-256.888;-256.95;-255.98;0;None;1000;None;14:53:38.042
3253;29.023;28.8587;22.2035;-256.277;-256.684;-256.888;-256.942;-255.972;0;None;1000;None;14:53:38.538
3254;29.0152;28.8587;22.1957;-256.285;-256.684;-256.888;-256.95;-255.98;0;None;1000;None;14:53:39.030
3255;29.0152;28.8587;22.1957;-256.277;-256.684;-256.88;-256.95;-255.98;0;None;1000;None;14:53:39.543
3256;29.023;28.8626;22.2035;-256.277;-256.684;-256.888;-256.95;-255.972;0;None;1000;None;14:53:40.040
3257;29.0152;28.8587;22.2035;-256.277;-256.684;-256.88;-256.95;-255.98;0;None;1000;None;14:53:40.537
3258;29.023;28.8626;22.1957;-256.277;-256.684;-256.888;-256.95;-255.98;0;None;1000;None;14:53:41.034
3259;29.023;28.8587;22.1957;-256.277;-256.684;-256.88;-256.95;-255.98;0;None;1000;None;14:53:41.531
3260;29.023;28.8587;22.2035;-256.277;-256.684;-256.88;-256.935;-255.972;0;None;1000;None;14:53:42.029
3261;29.0152;28.8626;22.1957;-256.277;-256.684;-256.888;-256.942;-255.98;0;None;1000;None;14:53:42.543
3262;29.023;28.8626;22.2035;-256.269;-256.684;-256.888;-256.935;-255.972;0;None;1000;None;14:53:43.039
3263;29.0152;28.8626;22.1957;-256.269;-256.684;-256.88;-256.935;-255.98;0;None;1000;None;14:53:43.541
3264;29.023;28.8587;22.2035;-256.277;-256.684;-256.888;-256.942;-255.98;0;None;1000;None;14:53:44.033
3265;29.023;28.8626;22.2035;-256.277;-256.692;-256.88;-256.942;-255.98;0;None;1000;None;14:53:44.529
3266;29.023;28.8626;22.1957;-256.269;-256.676;-256.888;-256.942;-255.98;0;None;1000;None;14:53:45.041
3267;29.023;28.8587;22.2035;-256.277;-256.684;-256.88;-256.935;-255.98;0;None;1000;None;14:53:45.538
3268;29.023;28.8587;22.2035;-256.277;-256.684;-256.88;-256.942;-255.972;0;None;1000;None;14:53:46.033
3269;29.023;28.8626;22.2035;-256.269;-256.684;-256.88;-256.942;-255.972;0;None;1000;None;14:53:46.530
3270;29.023;28.8626;22.2035;-256.277;-256.676;-256.88;-256.935;-255.98;0;None;1000;None;14:53:47.042
3271;29.023;28.8626;22.2035;-256.277;-256.684;-256.88;-256.935;-255.972;0;None;1000;None;14:53:47.538
3272;29.023;28.8626;22.2035;-256.277;-256.676;-256.88;-256.935;-255.98;0;None;1000;None;14:53:48.042
3273;29.023;28.8626;22.2035;-256.269;-256.684;-256.888;-256.95;-255.972;0;None;1000;None;14:53:48.531
3274;29.023;28.8587;22.1957;-256.277;-256.676;-256.88;-256.942;-255.972;0;None;1000;None;14:53:49.028
3275;29.023;28.8587;22.2035;-256.277;-256.684;-256.888;-256.935;-255.98;0;None;1000;None;14:53:49.539
3276;29.0152;28.8626;22.1957;-256.277;-256.684;-256.888;-256.935;-255.972;0;None;1000;None;14:53:50.039
3277;29.0152;28.8548;22.1957;-256.269;-256.684;-256.88;-256.935;-255.98;0;None;1000;None;14:53:50.534
3278;29.023;28.8587;22.2035;-256.277;-256.692;-256.88;-256.942;-255.972;0;None;1000;None;14:53:51.033
3279;29.023;28.8587;22.1957;-256.277;-256.684;-256.88;-256.935;-255.98;0;None;1000;None;14:53:51.529
3280;29.023;28.8626;22.2035;-256.285;-256.684;-256.88;-256.935;-255.972;0;None;1000;None;14:53:52.043
3281;29.0386;28.8587;22.2035;-256.277;-256.684;-256.88;-256.942;-255.972;0;None;1000;None;14:53:52.539
3282;29.023;28.8626;22.2035;-256.277;-256.692;-256.872;-256.935;-255.988;0;None;1000;None;14:53:53.038
3283;29.0308;28.8626;22.2035;-256.277;-256.684;-256.88;-256.935;-255.972;0;None;1000;None;14:53:53.531
3284;29.0308;28.8626;22.2113;-256.277;-256.684;-256.872;-256.935;-255.972;0;None;1000;None;14:53:54.042
3285;29.0308;28.8626;22.2113;-256.285;-256.692;-256.872;-256.935;-255.972;0;None;1000;None;14:53:54.539
3286;29.0308;28.8587;22.2113;-256.277;-256.684;-256.872;-256.935;-255.972;0;None;1000;None;14:53:55.042
3287;29.0308;28.8626;22.2113;-256.277;-256.684;-256.88;-256.942;-255.98;0;None;1000;None;14:53:55.532
3288;29.0386;28.8665;22.2113;-256.277;-256.684;-256.88;-256.942;-255.972;0;None;1000;None;14:53:56.028
3289;29.0308;28.8626;22.2035;-256.269;-256.684;-256.88;-256.935;-255.98;0;None;1000;None;14:53:56.541
3290;29.0308;28.8665;22.2113;-256.277;-256.684;-256.88;-256.935;-255.972;0;None;1000;None;14:53:57.038
3291;29.0308;28.8626;22.2113;-256.277;-256.692;-256.888;-256.942;-255.98;0;None;1000;None;14:53:57.542
3292;29.023;28.8626;22.2113;-256.269;-256.684;-256.888;-256.935;-255.98;0;None;1000;None;14:53:58.032
3293;29.0308;28.8665;22.2113;-256.285;-256.684;-256.88;-256.942;-255.972;0;None;1000;None;14:53:58.529
3294;29.023;28.8665;22.2035;-256.269;-256.684;-256.888;-256.935;-255.98;0;None;1000;None;14:53:59.041
3295;29.0308;28.8665;22.2035;-256.277;-256.684;-256.888;-256.942;-255.98;0;None;1000;None;14:53:59.538
3296;29.023;28.8587;22.2113;-256.277;-256.684;-256.888;-256.935;-255.98;0;None;1000;None;14:54:00.033
3297;29.0308;28.8626;22.2035;-256.277;-256.684;-256.888;-256.935;-255.98;0;None;1000;None;14:54:00.530
3298;29.0152;28.8665;22.2035;-256.277;-256.684;-256.888;-256.935;-255.98;0;None;1000;None;14:54:01.029
3299;29.0152;28.8626;22.2035;-256.269;-256.684;-256.888;-256.935;-255.98;0;None;1000;None;14:54:01.538
3300;29.023;28.8626;22.2035;-256.277;-256.684;-256.895;-256.942;-255.988;0;None;1000;None;14:54:02.034
3301;29.0308;28.8665;22.2035;-256.277;-256.684;-256.888;-256.942;-255.988;0;None;1000;None;14:54:02.531
3302;29.0308;28.8626;22.2113;-256.269;-256.692;-256.888;-256.942;-255.988;0;None;1000;None;14:54:03.028
3303;29.023;28.8665;22.2035;-256.277;-256.684;-256.88;-256.942;-255.988;0;None;1000;None;14:54:03.540
3304;29.0308;28.8665;22.2113;-256.277;-256.684;-256.888;-256.95;-255.98;0;None;1000;None;14:54:04.039
3305;29.0308;28.8626;22.2113;-256.277;-256.692;-256.888;-256.942;-255.98;0;None;1000;None;14:54:04.535
3306;29.023;28.8665;22.2035;-256.277;-256.684;-256.888;-256.95;-255.98;0;None;1000;None;14:54:05.035
3307;29.023;28.8626;22.2035;-256.277;-256.684;-256.888;-256.942;-255.98;0;None;1000;None;14:54:05.531
3308;29.023;28.8626;22.2113;-256.285;-256.684;-256.888;-256.935;-255.98;0;None;1000;None;14:54:06.042
3309;29.023;28.8626;22.2113;-256.277;-256.684;-256.888;-256.942;-255.988;0;None;1000;None;14:54:06.537
3310;29.023;28.8626;22.2035;-256.277;-256.684;-256.888;-256.942;-255.972;0;None;1000;None;14:54:07.033
3311;29.023;28.8626;22.2113;-256.285;-256.684;-256.888;-256.95;-255.988;0;None;1000;None;14:54:07.530
3312;29.023;28.8665;22.2113;-256.277;-256.676;-256.888;-256.935;-255.972;0;None;1000;None;14:54:08.043
3313;29.023;28.8626;22.2035;-256.277;-256.676;-256.888;-256.942;-255.98;0;None;1000;None;14:54:08.540
3314;29.023;28.8626;22.2113;-256.277;-256.676;-256.888;-256.942;-255.972;0;None;1000;None;14:54:09.041
3315;29.0152;28.8665;22.1957;-256.277;-256.684;-256.888;-256.942;-255.98;0;None;1000;None;14:54:09.534
3316;29.023;28.8665;22.2113;-256.277;-256.668;-256.888;-256.942;-255.98;0;None;1000;None;14:54:10.031
3317;29.023;28.8626;22.2113;-256.277;-256.684;-256.895;-256.942;-255.988;0;None;1000;None;14:54:10.543
3318;29.023;28.8665;22.2035;-256.277;-256.668;-256.888;-256.935;-255.98;0;None;1000;None;14:54:11.041
3319;29.023;28.8626;22.1878;-256.277;-256.684;-256.88;-256.935;-255.98;0;None;1000;None;14:54:11.538
3320;29.023;28.8626;22.1957;-256.277;-256.676;-256.888;-256.935;-255.98;0;None;1000;None;14:54:12.035
3321;29.023;28.8665;22.1878;-256.269;-256.684;-256.888;-256.935;-255.972;0;None;1000;None;14:54:12.532
3322;29.0308;28.8665;22.1878;-256.277;-256.692;-256.888;-256.942;-255.98;0;None;1000;None;14:54:13.033
3323;29.023;28.8626;22.1878;-256.277;-256.684;-256.888;-256.942;-255.98;0;None;1000;None;14:54:13.542
3324;29.023;28.8626;22.1878;-256.277;-256.676;-256.88;-256.942;-255.98;0;None;1000;None;14:54:14.038
3325;29.0308;28.8626;22.18;-256.269;-256.684;-256.888;-256.942;-255.972;0;None;1000;None;14:54:14.533
3326;29.023;28.8587;22.18;-256.277;-256.692;-256.888;-256.95;-255.98;0;None;1000;None;14:54:15.029
3327;29.023;28.8665;22.18;-256.277;-256.676;-256.88;-256.942;-255.98;0;None;1000;None;14:54:15.542
3328;29.0308;28.8626;22.18;-256.269;-256.684;-256.888;-256.942;-255.98;0;None;1000;None;14:54:16.041
3329;29.0308;28.8626;22.18;-256.269;-256.684;-256.888;-256.942;-255.98;0;None;1000;None;14:54:16.541
3330;29.023;28.8587;22.18;-256.277;-256.676;-256.888;-256.942;-255.98;0;None;1000;None;14:54:17.035
3331;29.0308;28.8626;22.18;-256.277;-256.684;-256.888;-256.942;-255.98;0;None;1000;None;14:54:17.543
3332;29.0308;28.8587;22.1878;-256.269;-256.684;-256.888;-256.942;-255.98;0;None;1000;None;14:54:18.040
3333;29.023;28.8626;22.18;-256.277;-256.684;-256.895;-256.942;-255.98;0;None;1000;None;14:54:18.538
3334;29.0152;28.8587;22.18;-256.277;-256.676;-256.88;-256.942;-255.98;0;None;1000;None;14:54:19.034
3335;29.023;28.8626;22.18;-256.269;-256.676;-256.88;-256.942;-255.98;0;None;1000;None;14:54:19.531
3336;29.0152;28.8587;22.18;-256.277;-256.676;-256.888;-256.95;-255.98;0;None;1000;None;14:54:20.030
3337;29.0152;28.8587;22.18;-256.277;-256.676;-256.888;-256.95;-255.98;0;None;1000;None;14:54:20.540
3338;29.0073;28.8587;22.1722;-256.269;-256.684;-256.888;-256.942;-255.98;0;None;1000;None;14:54:21.033
3339;29.0152;28.8587;22.18;-256.277;-256.684;-256.888;-256.942;-255.98;0;None;1000;None;14:54:21.532
3340;29.0073;28.8626;22.1878;-256.277;-256.676;-256.888;-256.942;-255.98;0;None;1000;None;14:54:22.029
3341;29.0073;28.8587;22.18;-256.277;-256.692;-256.88;-256.95;-255.98;0;None;1000;None;14:54:22.542
3342;29.0034;28.8626;22.18;-256.277;-256.676;-256.888;-256.942;-255.98;0;None;1000;None;14:54:23.039
3343;29.0073;28.8587;22.18;-256.277;-256.684;-256.888;-256.942;-255.98;0;None;1000;None;14:54:23.537
3344;29.0034;28.8626;22.18;-256.277;-256.676;-256.88;-256.942;-255.98;0;None;1000;None;14:54:24.041
3345;29.0073;28.8587;22.18;-256.269;-256.676;-256.888;-256.935;-255.972;0;None;1000;None;14:54:24.529
3346;29.0152;28.8626;22.18;-256.277;-256.684;-256.888;-256.942;-255.98;0;None;1000;None;14:54:25.042
3347;29.0073;28.8587;22.1878;-256.277;-256.676;-256.888;-256.95;-255.98;0;None;1000;None;14:54:25.541
3348;29.0113;28.8626;22.18;-256.269;-256.684;-256.88;-256.935;-255.972;0;None;1000;None;14:54:26.032
3349;29.0073;28.8626;22.18;-256.277;-256.684;-256.888;-256.95;-255.98;0;None;1000;None;14:54:26.532
3350;29.0073;28.8626;22.18;-256.277;-256.676;-256.88;-256.942;-255.98;0;None;1000;None;14:54:27.027
3351;29.0152;28.8626;22.1722;-256.277;-256.684;-256.888;-256.95;-255.972;0;None;1000;None;14:54:27.539
3352;29.0073;28.8665;22.18;-256.277;-256.676;-256.888;-256.95;-255.972;0;None;1000;None;14:54:28.041
3353;29.0152;28.8626;22.18;-256.269;-256.684;-256.888;-256.942;-255.98;0;None;1000;None;14:54:28.541
3354;29.0152;28.8665;22.18;-256.285;-256.676;-256.888;-256.942;-255.972;0;None;1000;None;14:54:29.031
3355;29.0152;28.8626;22.1722;-256.277;-256.676;-256.88;-256.942;-255.972;0;None;1000;None;14:54:29.528
3356;29.0152;28.8626;22.18;-256.277;-256.684;-256.888;-256.935;-255.98;0;None;1000;None;14:54:30.042
3357;29.0152;28.8626;22.18;-256.277;-256.684;-256.88;-256.935;-255.98;0;None;1000;None;14:54:30.540
3358;29.023;28.8626;22.18;-256.277;-256.676;-256.888;-256.942;-255.972;0;None;1000;None;14:54:31.038
3359;29.0152;28.8626;22.18;-256.277;-256.676;-256.888;-256.942;-255.972;0;None;1000;None;14:54:31.534
3360;29.023;28.8626;22.1722;-256.269;-256.684;-256.895;-256.935;-255.98;0;None;1000;None;14:54:32.029
3361;29.0152;28.8626;22.18;-256.269;-256.676;-256.888;-256.942;-255.98;0;None;1000;None;14:54:32.526
3362;29.0152;28.8665;22.18;-256.277;-256.684;-256.888;-256.942;-255.972;0;None;1000;None;14:54:33.037
3363;29.023;28.8626;22.1878;-256.269;-256.684;-256.895;-256.942;-255.98;0;None;1000;None;14:54:33.532
3364;29.0073;28.8626;22.18;-256.277;-256.684;-256.895;-256.942;-255.98;0;None;1000;None;14:54:34.034
3365;29.0152;28.8626;22.18;-256.277;-256.676;-256.895;-256.95;-255.98;0;None;1000;None;14:54:34.538
3366;29.0073;28.8626;22.1878;-256.269;-256.676;-256.888;-256.942;-255.972;0;None;1000;None;14:54:35.033
3367;29.0073;28.8626;22.18;-256.269;-256.676;-256.888;-256.942;-255.972;0;None;1000;None;14:54:35.541
3368;29.0152;28.8587;22.1878;-256.269;-256.684;-256.895;-256.95;-255.972;0;None;1000;None;14:54:36.034
3369;29.0034;28.8626;22.1878;-256.269;-256.684;-256.888;-256.942;-255.972;0;None;1000;None;14:54:36.537
3370;29.0073;28.8626;22.18;-256.277;-256.684;-256.895;-256.935;-255.972;0;None;1000;None;14:54:37.040
3371;29.0073;28.8626;22.18;-256.269;-256.684;-256.888;-256.935;-255.98;0;None;1000;None;14:54:37.532
3372;29.0034;28.8626;22.18;-256.269;-256.684;-256.895;-256.942;-255.964;0;None;1000;None;14:54:38.042
3373;29.0073;28.8626;22.1878;-256.269;-256.684;-256.895;-256.942;-255.98;0;None;1000;None;14:54:38.538
3374;29.0073;28.8665;22.18;-256.269;-256.684;-256.895;-256.942;-255.98;0;None;1000;None;14:54:39.034
3375;29.0073;28.8626;22.18;-256.277;-256.676;-256.895;-256.95;-255.98;0;None;1000;None;14:54:39.531
3376;29.0073;28.8626;22.18;-256.262;-256.684;-256.895;-256.95;-255.98;0;None;1000;None;14:54:40.035
3377;29.0034;28.8626;22.1878;-256.269;-256.676;-256.895;-256.942;-255.98;0;None;1000;None;14:54:40.528
3378;29.0073;28.8665;22.18;-256.269;-256.684;-256.895;-256.95;-255.98;0;None;1000;None;14:54:41.039
3379;29.0034;28.8626;22.18;-256.269;-256.684;-256.888;-256.95;-255.98;0;None;1000;None;14:54:41.536
3380;28.9995;28.8626;22.1878;-256.269;-256.676;-256.888;-256.95;-255.988;0;None;1000;None;14:54:42.032
3381;29.0034;28.8626;22.1878;-256.269;-256.684;-256.895;-256.95;-255.972;0;None;1000;None;14:54:42.543
3382;29.0034;28.8626;22.18;-256.277;-256.684;-256.888;-256.942;-255.988;0;None;1000;None;14:54:43.040
3383;29.0034;28.8626;22.1878;-256.262;-256.676;-256.888;-256.942;-255.98;0;None;1000;None;14:54:43.536
3384;28.9995;28.8665;22.18;-256.269;-256.684;-256.895;-256.935;-255.98;0;None;1000;None;14:54:44.032
3385;29.0073;28.8626;22.1878;-256.277;-256.684;-256.888;-256.942;-255.972;0;None;1000;None;14:54:44.531
3386;29.0073;28.8626;22.18;-256.269;-256.676;-256.895;-256.942;-255.972;0;None;1000;None;14:54:45.041
3387;29.0073;28.8626;22.18;-256.269;-256.684;-256.895;-256.942;-255.972;0;None;1000;None;14:54:45.541
3388;29.0073;28.8665;22.1878;-256.277;-256.692;-256.895;-256.95;-255.98;0;None;1000;None;14:54:46.036
3389;29.0152;28.8665;22.1878;-256.269;-256.684;-256.888;-256.942;-255.972;0;None;1000;None;14:54:46.534
3390;29.0073;28.8626;22.18;-256.277;-256.692;-256.895;-256.942;-255.98;0;None;1000;None;14:54:47.031
3391;29.0113;28.8665;22.1878;-256.269;-256.684;-256.895;-256.942;-255.972;0;None;1000;None;14:54:47.530
3392;29.0152;28.8665;22.1878;-256.269;-256.684;-256.895;-256.942;-255.98;0;None;1000;None;14:54:48.042
3393;29.0073;28.8665;22.18;-256.277;-256.684;-256.888;-256.95;-255.972;0;None;1000;None;14:54:48.539
3394;29.0034;28.8665;22.1957;-256.269;-256.676;-256.895;-256.942;-255.98;0;None;1000;None;14:54:49.041
3395;29.0073;28.8626;22.1957;-256.277;-256.684;-256.895;-256.95;-255.98;0;None;1000;None;14:54:49.532
3396;29.0034;28.8626;22.1878;-256.269;-256.692;-256.888;-256.95;-255.972;0;None;1000;None;14:54:50.033
3397;29.0073;28.8626;22.18;-256.269;-256.684;-256.888;-256.942;-255.972;0;None;1000;None;14:54:50.529
3398;29.0073;28.8665;22.1878;-256.269;-256.692;-256.895;-256.942;-255.972;0;None;1000;None;14:54:51.042
3399;29.0034;28.8665;22.18;-256.262;-256.676;-256.895;-256.942;-255.972;0;None;1000;None;14:54:51.539
3400;28.9995;28.8626;22.18;-256.277;-256.684;-256.895;-256.942;-255.972;0;None;1000;None;14:54:52.037
3401;29.0034;28.8626;22.1878;-256.262;-256.684;-256.895;-256.95;-255.98;0;None;1000;None;14:54:52.533
3402;29.0034;28.8665;22.18;-256.269;-256.676;-256.895;-256.95;-255.972;0;None;1000;None;14:54:53.029
3403;29.0034;28.8626;22.18;-256.269;-256.684;-256.895;-256.95;-255.972;0;None;1000;None;14:54:53.542
3404;28.9995;28.8587;22.18;-256.262;-256.684;-256.888;-256.95;-255.972;0;None;1000;None;14:54:54.041
3405;29.0034;28.8626;22.1878;-256.269;-256.676;-256.895;-256.942;-255.98;0;None;1000;None;14:54:54.541
3406;29.0034;28.8626;22.18;-256.269;-256.684;-256.895;-256.942;-255.972;0;None;1000;None;14:54:55.031
3407;28.9995;28.8587;22.18;-256.269;-256.676;-256.895;-256.942;-255.98;0;None;1000;None;14:54:55.528
3408;29.0034;28.8626;22.1878;-256.262;-256.676;-256.888;-256.942;-255.98;0;None;1000;None;14:54:56.041
3409;28.9995;28.8626;22.1878;-256.269;-256.676;-256.895;-256.935;-255.972;0;None;1000;None;14:54:56.541
3410;29.0034;28.8587;22.18;-256.269;-256.684;-256.888;-256.935;-255.972;0;None;1000;None;14:54:57.041
3411;29.0034;28.8626;22.1878;-256.277;-256.676;-256.895;-256.942;-255.972;0;None;1000;None;14:54:57.530
3412;29.0073;28.8665;22.1878;-256.269;-256.676;-256.888;-256.942;-255.972;0;None;1000;None;14:54:58.027
3413;28.9995;28.8626;22.1878;-256.269;-256.676;-256.895;-256.942;-255.972;0;None;1000;None;14:54:58.541
3414;29.0073;28.8626;22.18;-256.269;-256.684;-256.895;-256.942;-255.98;0;None;1000;None;14:54:59.041
3415;29.0034;28.8626;22.1878;-256.269;-256.676;-256.888;-256.935;-255.98;0;None;1000;None;14:54:59.533
3416;29.0073;28.8626;22.1878;-256.277;-256.684;-256.895;-256.935;-255.98;0;None;1000;None;14:55:00.030
3417;29.0034;28.8626;22.1957;-256.269;-256.684;-256.888;-256.942;-255.972;0;None;1000;None;14:55:00.527
3418;29.0073;28.8626;22.1878;-256.277;-256.676;-256.895;-256.942;-255.98;0;None;1000;None;14:55:01.036
3419;29.0073;28.8626;22.1878;-256.277;-256.684;-256.895;-256.935;-255.98;0;None;1000;None;14:55:01.532
3420;29.0073;28.8587;22.1878;-256.269;-256.676;-256.888;-256.942;-255.98;0;None;1000;None;14:55:02.042
3421;29.0073;28.8626;22.1878;-256.269;-256.676;-256.888;-256.935;-255.972;0;None;1000;None;14:55:02.537
3422;29.0034;28.8626;22.1878;-256.277;-256.676;-256.895;-256.942;-255.98;0;None;1000;None;14:55:03.032
3423;29.0073;28.8626;22.1878;-256.269;-256.676;-256.895;-256.95;-255.972;0;None;1000;None;14:55:03.529
3424;29.0034;28.8626;22.1878;-256.277;-256.684;-256.895;-256.942;-255.98;0;None;1000;None;14:55:04.027
3425;29.0073;28.8626;22.18;-256.269;-256.676;-256.895;-256.942;-255.98;0;None;1000;None;14:55:04.540
3426;29.0073;28.8626;22.1957;-256.277;-256.676;-256.903;-256.942;-255.98;0;None;1000;None;14:55:05.041
3427;29.0073;28.8626;22.1957;-256.269;-256.684;-256.895;-256.942;-255.98;0;None;1000;None;14:55:05.533
3428;29.0152;28.8626;22.1957;-256.269;-256.676;-256.895;-256.942;-255.98;0;None;1000;None;14:55:06.031
3429;29.0152;28.8665;22.1957;-256.277;-256.684;-256.895;-256.935;-255.98;0;None;1000;None;14:55:06.533
3430;29.0073;28.8665;22.2035;-256.269;-256.676;-256.895;-256.942;-255.98;0;None;1000;None;14:55:07.041
3431;29.0152;28.8665;22.1957;-256.269;-256.684;-256.895;-256.942;-255.988;0;None;1000;None;14:55:07.538
3432;29.0152;28.8626;22.2035;-256.269;-256.684;-256.903;-256.935;-255.972;0;None;1000;None;14:55:08.038
3433;29.0152;28.8665;22.1957;-256.262;-256.684;-256.895;-256.935;-255.988;0;None;1000;None;14:55:08.530
3434;29.0152;28.8665;22.2035;-256.269;-256.676;-256.895;-256.942;-255.98;0;None;1000;None;14:55:09.029
3435;29.0073;28.8704;22.2035;-256.269;-256.676;-256.895;-256.942;-255.98;0;None;1000;None;14:55:09.541
3436;29.0152;28.8704;22.2035;-256.262;-256.676;-256.895;-256.935;-255.98;0;None;1000;None;14:55:10.041
3437;29.0073;28.8665;22.2035;-256.269;-256.676;-256.895;-256.95;-255.988;0;None;1000;None;14:55:10.534
3438;29.023;28.8665;22.2035;-256.269;-256.676;-256.895;-256.942;-255.98;0;None;1000;None;14:55:11.031
3439;29.0152;28.8665;22.1957;-256.269;-256.676;-256.895;-256.942;-255.98;0;None;1000;None;14:55:11.530
3440;29.023;28.8665;22.2035;-256.262;-256.684;-256.895;-256.942;-255.988;0;None;1000;None;14:55:12.040
3441;29.023;28.8665;22.2035;-256.269;-256.684;-256.888;-256.935;-255.98;0;None;1000;None;14:55:12.538
3442;29.023;28.8626;22.2035;-256.269;-256.676;-256.895;-256.942;-255.98;0;None;1000;None;14:55:13.035
3443;29.023;28.8665;22.2035;-256.262;-256.684;-256.895;-256.942;-255.988;0;None;1000;None;14:55:13.531
3444;29.023;28.8626;22.1957;-256.269;-256.676;-256.903;-256.942;-255.988;0;None;1000;None;14:55:14.030
3445;29.0152;28.8626;22.1957;-256.277;-256.684;-256.903;-256.942;-255.988;0;None;1000;None;14:55:14.542
3446;29.023;28.8626;22.2035;-256.269;-256.676;-256.903;-256.942;-255.98;0;None;1000;None;14:55:15.038
3447;29.0152;28.8665;22.2035;-256.269;-256.684;-256.895;-256.935;-255.988;0;None;1000;None;14:55:15.534
3448;29.023;28.8626;22.1957;-256.269;-256.676;-256.903;-256.95;-255.98;0;None;1000;None;14:55:16.030
3449;29.023;28.8704;22.2035;-256.277;-256.684;-256.895;-256.942;-255.98;0;None;1000;None;14:55:16.542
3450;29.023;28.8665;22.2035;-256.269;-256.684;-256.895;-256.942;-255.988;0;None;1000;None;14:55:17.037
3451;29.0152;28.8626;22.2035;-256.269;-256.684;-256.888;-256.95;-255.972;0;None;1000;None;14:55:17.535
3452;29.023;28.8665;22.2035;-256.277;-256.684;-256.888;-256.95;-255.98;0;None;1000;None;14:55:18.032
3453;29.023;28.8665;22.2035;-256.277;-256.684;-256.895;-256.95;-255.98;0;None;1000;None;14:55:18.529
3454;29.023;28.8626;22.2035;-256.277;-256.692;-256.888;-256.942;-255.98;0;None;1000;None;14:55:19.041
3455;29.023;28.8665;22.2035;-256.269;-256.684;-256.888;-256.95;-255.98;0;None;1000;None;14:55:19.542
3456;29.023;28.8626;22.2035;-256.277;-256.684;-256.888;-256.942;-255.972;0;None;1000;None;14:55:20.040
3457;29.023;28.8665;22.1957;-256.269;-256.684;-256.888;-256.942;-255.972;0;None;1000;None;14:55:20.540
3458;29.023;28.8626;22.2035;-256.277;-256.684;-256.895;-256.942;-255.98;0;None;1000;None;14:55:21.030
3459;29.023;28.8665;22.2035;-256.277;-256.684;-256.888;-256.942;-255.98;0;None;1000;None;14:55:21.542
3460;29.023;28.8665;22.2035;-256.269;-256.684;-256.895;-256.942;-255.98;0;None;1000;None;14:55:22.041
3461;29.023;28.8665;22.1878;-256.269;-256.684;-256.888;-256.942;-255.98;0;None;1000;None;14:55:22.535
3462;29.0308;28.8626;22.1957;-256.277;-256.684;-256.895;-256.942;-255.98;0;None;1000;None;14:55:23.032
3463;29.023;28.8665;22.1957;-256.277;-256.676;-256.888;-256.942;-255.98;0;None;1000;None;14:55:23.528
3464;29.0308;28.8626;22.1957;-256.269;-256.684;-256.895;-256.942;-255.98;0;None;1000;None;14:55:24.041
3465;29.023;28.8665;22.1957;-256.277;-256.676;-256.888;-256.95;-255.98;0;None;1000;None;14:55:24.540
3466;29.0152;28.8665;22.1957;-256.277;-256.684;-256.895;-256.95;-255.98;0;None;1000;None;14:55:25.040
3467;29.0152;28.8665;22.1957;-256.269;-256.676;-256.895;-256.935;-255.98;0;None;1000;None;14:55:25.530
3468;29.0152;28.8665;22.1957;-256.277;-256.684;-256.895;-256.95;-255.98;0;None;1000;None;14:55:26.026
3469;29.0152;28.8626;22.1957;-256.277;-256.684;-256.895;-256.935;-255.98;0;None;1000;None;14:55:26.541
3470;29.0152;28.8665;22.1878;-256.277;-256.692;-256.888;-256.95;-255.98;0;None;1000;None;14:55:27.035
3471;29.023;28.8626;22.1878;-256.285;-256.684;-256.895;-256.942;-255.972;0;None;1000;None;14:55:27.532
3472;29.0073;28.8626;22.1878;-256.277;-256.684;-256.888;-256.942;-255.98;0;None;1000;None;14:55:28.028
3473;29.0152;28.8665;22.18;-256.285;-256.692;-256.895;-256.942;-255.98;0;None;1000;None;14:55:28.542
3474;29.0152;28.8626;22.1878;-256.277;-256.684;-256.895;-256.942;-255.98;0;None;1000;None;14:55:29.039
3475;29.0073;28.8665;22.1878;-256.277;-256.684;-256.888;-256.942;-255.98;0;None;1000;None;14:55:29.536
3476;29.0034;28.8665;22.18;-256.277;-256.684;-256.895;-256.95;-255.972;0;None;1000;None;14:55:30.032
3477;29.0073;28.8665;22.1878;-256.285;-256.692;-256.895;-256.95;-255.98;0;None;1000;None;14:55:30.529
3478;29.0034;28.8626;22.18;-256.277;-256.684;-256.888;-256.95;-255.98;0;None;1000;None;14:55:31.026
3479;29.0073;28.8665;22.1878;-256.269;-256.684;-256.895;-256.95;-255.972;0;None;1000;None;14:55:31.541
3480;29.0073;28.8665;22.1878;-256.277;-256.676;-256.895;-256.942;-255.972;0;None;1000;None;14:55:32.035
3481;29.0152;28.8626;22.1878;-256.285;-256.684;-256.888;-256.942;-255.98;0;None;1000;None;14:55:32.529
3482;29.0113;28.8665;22.1878;-256.269;-256.676;-256.895;-256.95;-255.98;0;None;1000;None;14:55:33.027
3483;29.0034;28.8665;22.18;-256.277;-256.684;-256.888;-256.942;-255.98;0;None;1000;None;14:55:33.540
3484;29.0073;28.8626;22.1957;-256.277;-256.676;-256.895;-256.95;-255.98;0;None;1000;None;14:55:34.037
3485;29.0034;28.8665;22.1957;-256.277;-256.676;-256.888;-256.942;-255.98;0;None;1000;None;14:55:34.533
3486;29.0073;28.8665;22.1957;-256.277;-256.676;-256.888;-256.95;-255.98;0;None;1000;None;14:55:35.032
3487;29.0073;28.8665;22.1957;-256.277;-256.684;-256.888;-256.95;-255.98;0;None;1000;None;14:55:35.542
3488;29.0034;28.8665;22.1878;-256.285;-256.684;-256.888;-256.942;-255.988;0;None;1000;None;14:55:36.041
3489;29.0073;28.8587;22.1957;-256.277;-256.676;-256.895;-256.942;-255.98;0;None;1000;None;14:55:36.536
3490;29.0152;28.8665;22.1957;-256.285;-256.676;-256.888;-256.942;-255.98;0;None;1000;None;14:55:37.032
3491;29.0073;28.8626;22.1878;-256.277;-256.684;-256.888;-256.942;-255.988;0;None;1000;None;14:55:37.529
3492;29.0073;28.8626;22.1878;-256.277;-256.676;-256.895;-256.95;-255.98;0;None;1000;None;14:55:38.026
3493;29.0152;28.8626;22.18;-256.277;-256.676;-256.895;-256.935;-255.98;0;None;1000;None;14:55:38.538
3494;29.0113;28.8665;22.18;-256.277;-256.676;-256.888;-256.95;-255.98;0;None;1000;None;14:55:39.034
3495;29.0113;28.8665;22.1878;-256.269;-256.684;-256.895;-256.95;-255.98;0;None;1000;None;14:55:39.530
3496;29.0073;28.8665;22.18;-256.277;-256.676;-256.895;-256.942;-255.972;0;None;1000;None;14:55:40.027
3497;29.023;28.8665;22.1878;-256.269;-256.684;-256.888;-256.942;-255.98;0;None;1000;None;14:55:40.538
3498;29.0034;28.8665;22.1878;-256.277;-256.684;-256.895;-256.942;-255.98;0;None;1000;None;14:55:41.039
3499;29.0073;28.8626;22.18;-256.269;-256.684;-256.888;-256.942;-255.98;0;None;1000;None;14:55:41.530
3500;29.0073;28.8665;22.1957;-256.277;-256.684;-256.895;-256.935;-255.98;0;None;1000;None;14:55:42.041
3501;29.0152;28.8665;22.18;-256.277;-256.684;-256.888;-256.935;-255.98;0;None;1000;None;14:55:42.537
3502;29.0152;28.8626;22.18;-256.277;-256.684;-256.888;-256.942;-255.98;0;None;1000;None;14:55:43.040
3503;29.0073;28.8665;22.1878;-256.269;-256.684;-256.895;-256.935;-255.98;0;None;1000;None;14:55:43.529
3504;29.0073;28.8665;22.1878;-256.269;-256.692;-256.888;-256.935;-255.972;0;None;1000;None;14:55:44.032
3505;29.0152;28.8665;22.1878;-256.269;-256.684;-256.888;-256.942;-255.98;0;None;1000;None;14:55:44.538
3506;29.0152;28.8665;22.18;-256.269;-256.684;-256.895;-256.942;-255.98;0;None;1000;None;14:55:45.033
3507;29.023;28.8665;22.1957;-256.277;-256.684;-256.888;-256.942;-255.98;0;None;1000;None;14:55:45.530
3508;29.0152;28.8665;22.1957;-256.269;-256.684;-256.888;-256.935;-255.98;0;None;1000;None;14:55:46.028
3509;29.0152;28.8626;22.1957;-256.277;-256.684;-256.895;-256.942;-255.98;0;None;1000;None;14:55:46.540
3510;29.023;28.8626;22.1957;-256.277;-256.684;-256.888;-256.942;-255.972;0;None;1000;None;14:55:47.038
3511;29.0073;28.8665;22.2035;-256.269;-256.684;-256.888;-256.935;-255.98;0;None;1000;None;14:55:47.532
3512;29.0152;28.8665;22.1957;-256.277;-256.684;-256.895;-256.942;-255.98;0;None;1000;None;14:55:48.028
3513;29.0152;28.8626;22.2035;-256.277;-256.676;-256.888;-256.942;-255.972;0;None;1000;None;14:55:48.539
3514;29.0152;28.8665;22.1957;-256.269;-256.684;-256.888;-256.935;-255.988;0;None;1000;None;14:55:49.033
3515;29.0073;28.8626;22.1878;-256.269;-256.684;-256.895;-256.95;-255.98;0;None;1000;None;14:55:49.529
3516;29.0073;28.8704;22.1878;-256.269;-256.684;-256.888;-256.942;-255.98;0;None;1000;None;14:55:50.040
3517;29.0152;28.8665;22.1878;-256.277;-256.684;-256.895;-256.942;-255.98;0;None;1000;None;14:55:50.534
3518;29.0152;28.8704;22.1878;-256.277;-256.692;-256.888;-256.942;-255.988;0;None;1000;None;14:55:51.029
3519;29.0073;28.8665;22.1878;-256.277;-256.684;-256.895;-256.935;-255.98;0;None;1000;None;14:55:51.540
3520;29.0152;28.8704;22.18;-256.277;-256.684;-256.888;-256.935;-255.98;0;None;1000;None;14:55:52.039
3521;29.023;28.8665;22.1878;-256.277;-256.684;-256.888;-256.927;-255.988;0;None;1000;None;14:55:52.532
3522;29.0152;28.8665;22.1878;-256.277;-256.676;-256.888;-256.927;-255.98;0;None;1000;None;14:55:53.028
3523;29.0073;28.8704;22.1957;-256.285;-256.684;-256.895;-256.935;-255.972;0;None;1000;None;14:55:53.541
3524;29.0073;28.8665;22.1878;-256.277;-256.684;-256.888;-256.935;-255.98;0;None;1000;None;14:55:54.038
3525;29.0073;28.8626;22.1878;-256.277;-256.684;-256.888;-256.935;-255.988;0;None;1000;None;14:55:54.540
3526;29.0152;28.8626;22.1957;-256.277;-256.676;-256.895;-256.935;-255.98;0;None;1000;None;14:55:55.031
3527;29.0152;28.8626;22.1878;-256.277;-256.676;-256.895;-256.927;-255.98;0;None;1000;None;14:55:55.528
3528;29.0073;28.8587;22.1957;-256.277;-256.676;-256.888;-256.927;-255.98;0;None;1000;None;14:55:56.040
3529;29.0152;28.8626;22.1957;-256.285;-256.668;-256.895;-256.927;-255.98;0;None;1000;None;14:55:56.540
3530;29.0152;28.8587;22.1878;-256.277;-256.676;-256.888;-256.935;-255.98;0;None;1000;None;14:55:57.040
3531;29.0073;28.8587;22.1878;-256.277;-256.692;-256.888;-256.935;-255.98;0;None;1000;None;14:55:57.533
3532;29.0073;28.8626;22.1957;-256.277;-256.684;-256.88;-256.927;-255.988;0;None;1000;None;14:55:58.033
3533;29.0034;28.8587;22.1878;-256.277;-256.676;-256.888;-256.927;-255.972;0;None;1000;None;14:55:58.530
3534;29.0073;28.8587;22.1957;-256.277;-256.684;-256.888;-256.927;-255.98;0;None;1000;None;14:55:59.038
3535;29.0073;28.8587;22.1878;-256.277;-256.676;-256.888;-256.935;-255.98;0;None;1000;None;14:55:59.540
3536;29.0034;28.8587;22.1957;-256.285;-256.684;-256.88;-256.927;-255.98;0;None;1000;None;14:56:00.032
3537;29.0073;28.8626;22.1957;-256.277;-256.676;-256.888;-256.927;-255.98;0;None;1000;None;14:56:00.526
3538;29.0073;28.8626;22.1957;-256.285;-256.684;-256.888;-256.935;-255.972;0;None;1000;None;14:56:01.040
3539;29.0073;28.8665;22.1957;-256.277;-256.676;-256.88;-256.927;-255.98;0;None;1000;None;14:56:01.533
3540;29.0073;28.8626;22.1957;-256.277;-256.676;-256.888;-256.935;-255.98;0;None;1000;None;14:56:02.028
3541;29.0034;28.8665;22.1957;-256.285;-256.676;-256.88;-256.927;-255.988;0;None;1000;None;14:56:02.540
3542;29.0073;28.8587;22.1957;-256.277;-256.676;-256.888;-256.927;-255.98;0;None;1000;None;14:56:03.034
3543;29.0073;28.8587;22.2035;-256.285;-256.684;-256.888;-256.927;-255.98;0;None;1000;None;14:56:03.534
3544;29.0034;28.8626;22.1957;-256.277;-256.684;-256.895;-256.927;-255.98;0;None;1000;None;14:56:04.029
3545;29.0073;28.8626;22.1957;-256.285;-256.676;-256.888;-256.927;-255.972;0;None;1000;None;14:56:04.541
3546;29.0073;28.8665;22.1957;-256.277;-256.676;-256.895;-256.935;-255.98;0;None;1000;None;14:56:05.038
3547;29.0034;28.8626;22.1957;-256.277;-256.684;-256.888;-256.927;-255.98;0;None;1000;None;14:56:05.536
3548;29.0073;28.8665;22.1957;-256.277;-256.676;-256.888;-256.942;-255.972;0;None;1000;None;14:56:06.033
3549;29.0073;28.8626;22.1957;-256.285;-256.684;-256.895;-256.935;-255.988;0;None;1000;None;14:56:06.529
3550;29.0073;28.8626;22.1957;-256.277;-256.684;-256.888;-256.935;-255.98;0;None;1000;None;14:56:07.027
3551;29.0073;28.8665;22.2035;-256.277;-256.684;-256.888;-256.935;-255.98;0;None;1000;None;14:56:07.539
3552;29.0034;28.8626;22.1957;-256.285;-256.676;-256.888;-256.935;-255.988;0;None;1000;None;14:56:08.036
3553;29.0034;28.8626;22.2035;-256.285;-256.684;-256.895;-256.935;-255.98;0;None;1000;None;14:56:08.533
3554;29.0073;28.8626;22.1957;-256.269;-256.684;-256.888;-256.935;-255.98;0;None;1000;None;14:56:09.030
3555;29.0034;28.8665;22.2035;-256.277;-256.684;-256.888;-256.927;-255.98;0;None;1000;None;14:56:09.537
3556;29.0152;28.8665;22.1957;-256.277;-256.684;-256.888;-256.927;-255.98;0;None;1000;None;14:56:10.041
3557;29.0113;28.8665;22.2113;-256.277;-256.684;-256.895;-256.935;-255.98;0;None;1000;None;14:56:10.541
3558;29.0073;28.8626;22.2113;-256.269;-256.684;-256.888;-256.927;-255.98;0;None;1000;None;14:56:11.040
3559;29.0152;28.8665;22.2113;-256.269;-256.684;-256.895;-256.935;-255.988;0;None;1000;None;14:56:11.530
3560;29.0073;28.8626;22.2113;-256.277;-256.684;-256.888;-256.935;-255.98;0;None;1000;None;14:56:12.038
3561;29.0034;28.8626;22.2113;-256.269;-256.684;-256.888;-256.927;-255.98;0;None;1000;None;14:56:12.536
3562;29.0073;28.8626;22.2113;-256.277;-256.684;-256.888;-256.919;-255.98;0;None;1000;None;14:56:13.040
3563;29.0034;28.8626;22.2113;-256.269;-256.684;-256.888;-256.935;-255.98;0;None;1000;None;14:56:13.530
3564;29.0034;28.8626;22.2191;-256.277;-256.692;-256.895;-256.927;-255.98;0;None;1000;None;14:56:14.028
3565;29.0034;28.8626;22.2113;-256.277;-256.692;-256.888;-256.927;-255.98;0;None;1000;None;14:56:14.531
3566;29.0073;28.8626;22.2113;-256.269;-256.684;-256.888;-256.935;-255.98;0;None;1000;None;14:56:15.039
3567;29.0034;28.8626;22.2113;-256.269;-256.692;-256.888;-256.935;-255.988;0;None;1000;None;14:56:15.532
3568;29.0073;28.8626;22.2191;-256.277;-256.684;-256.888;-256.935;-255.98;0;None;1000;None;14:56:16.029
3569;29.0034;28.8626;22.2113;-256.269;-256.684;-256.888;-256.935;-255.98;0;None;1000;None;14:56:16.525
3570;29.0073;28.8626;22.2191;-256.277;-256.684;-256.895;-256.942;-255.98;0;None;1000;None;14:56:17.039
3571;29.0034;28.8626;22.2191;-256.269;-256.684;-256.888;-256.927;-255.972;0;None;1000;None;14:56:17.533
3572;29.0034;28.8626;22.2191;-256.277;-256.684;-256.888;-256.935;-255.98;0;None;1000;None;14:56:18.031
3573;29.0034;28.8626;22.2191;-256.269;-256.676;-256.888;-256.935;-255.972;0;None;1000;None;14:56:18.528
3574;29.0073;28.8587;22.2191;-256.277;-256.676;-256.888;-256.935;-255.98;0;None;1000;None;14:56:19.040
3575;29.0073;28.8626;22.2191;-256.269;-256.684;-256.888;-256.935;-255.972;0;None;1000;None;14:56:19.538
3576;29.0073;28.8587;22.227;-256.277;-256.684;-256.888;-256.927;-255.98;0;None;1000;None;14:56:20.040
3577;29.0073;28.8626;22.2191;-256.277;-256.676;-256.888;-256.927;-255.972;0;None;1000;None;14:56:20.539
3578;29.0073;28.8626;22.2191;-256.269;-256.684;-256.888;-256.935;-255.972;0;None;1000;None;14:56:21.030
3579;29.0152;28.8626;22.2191;-256.277;-256.668;-256.888;-256.935;-255.98;0;None;1000;None;14:56:21.541
3580;29.0073;28.8626;22.227;-256.269;-256.676;-256.888;-256.935;-255.98;0;None;1000;None;14:56:22.039
3581;29.0152;28.8626;22.2191;-256.277;-256.668;-256.88;-256.927;-255.98;0;None;1000;None;14:56:22.538
3582;29.0152;28.8665;22.227;-256.269;-256.684;-256.888;-256.935;-255.98;0;None;1000;None;14:56:23.036
3583;29.0152;28.8665;22.227;-256.277;-256.676;-256.888;-256.919;-255.972;0;None;1000;None;14:56:23.538
3584;29.0152;28.8626;22.2348;-256.269;-256.684;-256.888;-256.927;-255.98;0;None;1000;None;14:56:24.031
3585;29.0073;28.8665;22.227;-256.277;-256.692;-256.895;-256.935;-255.972;0;None;1000;None;14:56:24.526
3586;29.0073;28.8665;22.227;-256.269;-256.684;-256.888;-256.927;-255.98;0;None;1000;None;14:56:25.039
3587;29.0073;28.8626;22.2348;-256.277;-256.684;-256.888;-256.935;-255.972;0;None;1000;None;14:56:25.536
3588;29.0034;28.8665;22.227;-256.269;-256.684;-256.888;-256.935;-255.972;0;None;1000;None;14:56:26.036
3589;29.0034;28.8626;22.227;-256.269;-256.676;-256.895;-256.927;-255.972;0;None;1000;None;14:56:26.530
3590;28.9995;28.8626;22.2191;-256.277;-256.684;-256.888;-256.942;-255.972;0;None;1000;None;14:56:27.040
3591;29.0034;28.8587;22.227;-256.269;-256.684;-256.895;-256.935;-255.972;0;None;1000;None;14:56:27.536
3592;29.0034;28.8626;22.227;-256.269;-256.684;-256.888;-256.935;-255.972;0;None;1000;None;14:56:28.035
3593;29.0034;28.8587;22.227;-256.269;-256.676;-256.888;-256.942;-255.972;0;None;1000;None;14:56:28.531
3594;28.9995;28.8626;22.227;-256.269;-256.676;-256.888;-256.935;-255.98;0;None;1000;None;14:56:29.029
3595;28.9995;28.8665;22.227;-256.269;-256.684;-256.88;-256.942;-255.972;0;None;1000;None;14:56:29.543
3596;28.9995;28.8626;22.227;-256.277;-256.676;-256.888;-256.942;-255.98;0;None;1000;None;14:56:30.038
3597;28.9995;28.8626;22.2348;-256.269;-256.676;-256.888;-256.935;-255.98;0;None;1000;None;14:56:30.536
3598;29.0034;28.8626;22.227;-256.269;-256.684;-256.888;-256.927;-255.972;0;None;1000;None;14:56:31.032
3599;29.0034;28.8665;22.227;-256.269;-256.676;-256.888;-256.927;-255.98;0;None;1000;None;14:56:31.533
3600;29.0034;28.8626;22.2348;-256.269;-256.684;-256.888;-256.935;-255.98;0;None;1000;None;14:56:32.026
3601;29.0034;28.8626;22.2348;-256.269;-256.676;-256.888;-256.935;-255.972;0;None;1000;None;14:56:32.538
3602;29.0034;28.8626;22.227;-256.269;-256.684;-256.88;-256.942;-255.98;0;None;1000;None;14:56:33.034
3603;29.0073;28.8665;22.2426;-256.269;-256.676;-256.888;-256.935;-255.972;0;None;1000;None;14:56:33.527
3604;29.0073;28.8626;22.2348;-256.269;-256.684;-256.895;-256.942;-255.98;0;None;1000;None;14:56:34.040
3605;29.0073;28.8626;22.2348;-256.269;-256.676;-256.888;-256.935;-255.972;0;None;1000;None;14:56:34.535
3606;29.0034;28.8665;22.2348;-256.269;-256.684;-256.88;-256.935;-255.98;0;None;1000;None;14:56:35.031
3607;29.0073;28.8626;22.2348;-256.277;-256.676;-256.888;-256.935;-255.98;0;None;1000;None;14:56:35.525
3608;29.0113;28.8665;22.2348;-256.269;-256.684;-256.888;-256.935;-255.972;0;None;1000;None;14:56:36.034
3609;29.0073;28.8626;22.2348;-256.269;-256.684;-256.888;-256.942;-255.972;0;None;1000;None;14:56:36.541
3610;29.0073;28.8665;22.227;-256.269;-256.684;-256.895;-256.935;-255.98;0;None;1000;None;14:56:37.026
3611;29.0073;28.8665;22.227;-256.269;-256.676;-256.888;-256.927;-255.972;0;None;1000;None;14:56:37.535
3612;29.0152;28.8626;22.227;-256.269;-256.676;-256.888;-256.935;-255.972;0;None;1000;None;14:56:38.030
3613;29.0152;28.8626;22.227;-256.262;-256.684;-256.888;-256.942;-255.972;0;None;1000;None;14:56:38.528
3614;29.0152;28.8665;22.227;-256.269;-256.676;-256.888;-256.935;-255.972;0;None;1000;None;14:56:39.025
3615;29.0152;28.8665;22.227;-256.269;-256.684;-256.888;-256.935;-255.972;0;None;1000;None;14:56:39.539
3616;29.023;28.8626;22.227;-256.269;-256.668;-256.895;-256.935;-255.964;0;None;1000;None;14:56:40.039
3617;29.023;28.8665;22.2348;-256.269;-256.676;-256.888;-256.935;-255.972;0;None;1000;None;14:56:40.532
3618;29.0152;28.8587;22.2426;-256.269;-256.676;-256.895;-256.942;-255.972;0;None;1000;None;14:56:41.028
3619;29.0152;28.8626;22.227;-256.262;-256.684;-256.888;-256.942;-255.972;0;None;1000;None;14:56:41.540
3620;29.0152;28.8626;22.2348;-256.269;-256.684;-256.888;-256.942;-255.972;0;None;1000;None;14:56:42.039
3621;29.0152;28.8665;22.2348;-256.269;-256.684;-256.888;-256.942;-255.972;0;None;1000;None;14:56:42.533
3622;29.023;28.8626;22.227;-256.269;-256.676;-256.895;-256.942;-255.972;0;None;1000;None;14:56:43.029
3623;29.0152;28.8665;22.227;-256.262;-256.684;-256.895;-256.942;-255.972;0;None;1000;None;14:56:43.526
3624;29.023;28.8665;22.2348;-256.269;-256.684;-256.88;-256.942;-255.972;0;None;1000;None;14:56:44.038
3625;29.023;28.8626;22.2348;-256.269;-256.676;-256.888;-256.95;-255.98;0;None;1000;None;14:56:44.539
3626;29.0308;28.8665;22.227;-256.277;-256.676;-256.888;-256.935;-255.98;0;None;1000;None;14:56:45.031
3627;29.023;28.8665;22.2348;-256.269;-256.676;-256.895;-256.95;-255.972;0;None;1000;None;14:56:45.532
3628;29.0308;28.8743;22.227;-256.269;-256.676;-256.888;-256.935;-255.972;0;None;1000;None;14:56:46.025
3629;29.023;28.8665;22.227;-256.269;-256.684;-256.888;-256.942;-255.98;0;None;1000;None;14:56:46.536
3630;29.0308;28.8704;22.2348;-256.269;-256.676;-256.888;-256.942;-255.98;0;None;1000;None;14:56:47.032
3631;29.0308;28.8665;22.227;-256.277;-256.684;-256.888;-256.935;-255.98;0;None;1000;None;14:56:47.529
3632;29.0308;28.8704;22.2348;-256.269;-256.676;-256.888;-256.935;-255.98;0;None;1000;None;14:56:48.027
3633;29.0308;28.8665;22.2348;-256.262;-256.676;-256.888;-256.935;-255.972;0;None;1000;None;14:56:48.538
3634;29.0308;28.8665;22.2348;-256.269;-256.676;-256.888;-256.935;-255.972;0;None;1000;None;14:56:49.032
3635;29.023;28.8704;22.2348;-256.269;-256.676;-256.888;-256.935;-255.98;0;None;1000;None;14:56:49.541
3636;29.023;28.8665;22.2426;-256.269;-256.676;-256.888;-256.942;-255.98;0;None;1000;None;14:56:50.038
3637;29.0308;28.8626;22.2426;-256.277;-256.684;-256.888;-256.935;-255.98;0;None;1000;None;14:56:50.535
3638;29.023;28.8665;22.2348;-256.277;-256.676;-256.895;-256.942;-255.98;0;None;1000;None;14:56:51.032
3639;29.023;28.8665;22.2426;-256.269;-256.676;-256.888;-256.942;-255.98;0;None;1000;None;14:56:51.528
3640;29.023;28.8665;22.227;-256.269;-256.676;-256.895;-256.935;-255.988;0;None;1000;None;14:56:52.026
3641;29.023;28.8626;22.2191;-256.277;-256.676;-256.888;-256.942;-255.98;0;None;1000;None;14:56:52.538
3642;29.023;28.8665;22.227;-256.269;-256.676;-256.895;-256.935;-255.98;0;None;1000;None;14:56:53.036
3643;29.023;28.8626;22.2348;-256.269;-256.684;-256.888;-256.935;-255.972;0;None;1000;None;14:56:53.528
3644;29.023;28.8626;22.227;-256.277;-256.676;-256.888;-256.935;-255.98;0;None;1000;None;14:56:54.026
3645;29.0308;28.8626;22.2348;-256.277;-256.676;-256.895;-256.942;-255.972;0;None;1000;None;14:56:54.539
3646;29.023;28.8665;22.2348;-256.269;-256.684;-256.888;-256.935;-255.98;0;None;1000;None;14:56:55.036
3647;29.023;28.8626;22.2348;-256.269;-256.676;-256.895;-256.95;-255.98;0;None;1000;None;14:56:55.534
3648;29.0152;28.8587;22.227;-256.277;-256.684;-256.895;-256.935;-255.972;0;None;1000;None;14:56:56.033
3649;29.023;28.8587;22.2348;-256.269;-256.684;-256.888;-256.935;-255.972;0;None;1000;None;14:56:56.526
3650;29.0152;28.8587;22.2348;-256.269;-256.684;-256.895;-256.942;-255.98;0;None;1000;None;14:56:57.038
3651;29.0152;28.8587;22.2348;-256.277;-256.684;-256.895;-256.935;-255.98;0;None;1000;None;14:56:57.535
3652;29.0152;28.8587;22.227;-256.277;-256.684;-256.888;-256.942;-255.972;0;None;1000;None;14:56:58.033
3653;29.0152;28.8587;22.2348;-256.277;-256.684;-256.895;-256.935;-255.98;0;None;1000;None;14:56:58.529
3654;29.0152;28.8587;22.2426;-256.277;-256.684;-256.895;-256.935;-255.972;0;None;1000;None;14:56:59.025
3655;29.023;28.8626;22.2348;-256.277;-256.692;-256.888;-256.942;-255.98;0;None;1000;None;14:56:59.539
3656;29.0152;28.8587;22.227;-256.269;-256.684;-256.895;-256.935;-255.98;0;None;1000;None;14:57:00.039
3657;29.0152;28.8548;22.227;-256.277;-256.684;-256.888;-256.935;-255.98;0;None;1000;None;14:57:00.533
3658;29.023;28.8587;22.2348;-256.277;-256.684;-256.895;-256.935;-255.972;0;None;1000;None;14:57:01.034
3659;29.0073;28.8587;22.2348;-256.269;-256.684;-256.888;-256.935;-255.98;0;None;1000;None;14:57:01.527
3660;29.023;28.8587;22.227;-256.269;-256.684;-256.895;-256.935;-255.98;0;None;1000;None;14:57:02.039
3661;29.0152;28.8548;22.227;-256.277;-256.676;-256.888;-256.942;-255.972;0;None;1000;None;14:57:02.533
3662;29.0152;28.8587;22.2348;-256.277;-256.684;-256.895;-256.927;-255.972;0;None;1000;None;14:57:03.028
3663;29.023;28.8587;22.227;-256.277;-256.676;-256.895;-256.935;-255.964;0;None;1000;None;14:57:03.525
3664;29.023;28.8587;22.2426;-256.269;-256.684;-256.888;-256.935;-255.972;0;None;1000;None;14:57:04.038
3665;29.023;28.8587;22.2348;-256.277;-256.684;-256.895;-256.935;-255.972;0;None;1000;None;14:57:04.534
3666;29.0152;28.8587;22.2348;-256.269;-256.684;-256.888;-256.935;-255.972;0;None;1000;None;14:57:05.030
3667;29.023;28.8626;22.2426;-256.277;-256.684;-256.895;-256.935;-255.972;0;None;1000;None;14:57:05.528
3668;29.023;28.8626;22.2426;-256.269;-256.676;-256.888;-256.935;-255.972;0;None;1000;None;14:57:06.037
3669;29.023;28.8587;22.2426;-256.277;-256.676;-256.888;-256.935;-255.964;0;None;1000;None;14:57:06.539
3670;29.0152;28.8626;22.2348;-256.269;-256.684;-256.888;-256.935;-255.972;0;None;1000;None;14:57:07.031
3671;29.023;28.8587;22.2426;-256.269;-256.676;-256.895;-256.942;-255.972;0;None;1000;None;14:57:07.528
3672;29.0152;28.8626;22.2348;-256.277;-256.676;-256.888;-256.935;-255.972;0;None;1000;None;14:57:08.025
3673;29.023;28.8626;22.2426;-256.269;-256.684;-256.888;-256.935;-255.964;0;None;1000;None;14:57:08.539
3674;29.023;28.8626;22.2426;-256.277;-256.684;-256.888;-256.942;-255.964;0;None;1000;None;14:57:09.037
3675;29.023;28.8665;22.2348;-256.277;-256.684;-256.888;-256.935;-255.972;0;None;1000;None;14:57:09.533
3676;29.0308;28.8665;22.2426;-256.269;-256.676;-256.888;-256.927;-255.964;0;None;1000;None;14:57:10.033
3677;29.0152;28.8626;22.2426;-256.277;-256.676;-256.895;-256.935;-255.972;0;None;1000;None;14:57:10.529
3678;29.0308;28.8665;22.2426;-256.269;-256.692;-256.888;-256.942;-255.964;0;None;1000;None;14:57:11.025
3679;29.0152;28.8626;22.2426;-256.269;-256.676;-256.888;-256.935;-255.972;0;None;1000;None;14:57:11.537
3680;29.0152;28.8665;22.2504;-256.269;-256.684;-256.895;-256.927;-255.964;0;None;1000;None;14:57:12.034
3681;29.023;28.8626;22.2426;-256.277;-256.684;-256.888;-256.942;-255.972;0;None;1000;None;14:57:12.530
3682;29.023;28.8665;22.2348;-256.269;-256.684;-256.895;-256.927;-255.972;0;None;1000;None;14:57:13.027
3683;29.0152;28.8665;22.2348;-256.277;-256.684;-256.888;-256.942;-255.972;0;None;1000;None;14:57:13.540
3684;29.0073;28.8704;22.227;-256.277;-256.676;-256.895;-256.935;-255.964;0;None;1000;None;14:57:14.039
3685;29.0152;28.8704;22.2348;-256.269;-256.684;-256.888;-256.935;-255.964;0;None;1000;None;14:57:14.534
3686;29.0152;28.8704;22.227;-256.285;-256.684;-256.895;-256.935;-255.972;0;None;1000;None;14:57:15.030
3687;29.0152;28.8704;22.227;-256.277;-256.692;-256.888;-256.935;-255.972;0;None;1000;None;14:57:15.528
3688;29.0152;28.8704;22.227;-256.277;-256.676;-256.895;-256.927;-255.964;0;None;1000;None;14:57:16.030
3689;29.0152;28.8704;22.227;-256.277;-256.684;-256.895;-256.935;-255.972;0;None;1000;None;14:57:16.538
3690;29.0152;28.8782;22.227;-256.285;-256.684;-256.888;-256.942;-255.972;0;None;1000;None;14:57:17.034
3691;29.0152;28.8704;22.227;-256.277;-256.676;-256.888;-256.942;-255.972;0;None;1000;None;14:57:17.531
3692;29.0152;28.8665;22.227;-256.277;-256.684;-256.888;-256.935;-255.964;0;None;1000;None;14:57:18.027
3693;29.0152;28.8704;22.2348;-256.277;-256.676;-256.895;-256.935;-255.972;0;None;1000;None;14:57:18.538
3694;29.0152;28.8704;22.227;-256.285;-256.684;-256.888;-256.935;-255.964;0;None;1000;None;14:57:19.036
3695;29.0073;28.8704;22.227;-256.285;-256.676;-256.895;-256.927;-255.98;0;None;1000;None;14:57:19.533
3696;29.0152;28.8704;22.2348;-256.277;-256.684;-256.888;-256.935;-255.972;0;None;1000;None;14:57:20.031
3697;29.0152;28.8704;22.227;-256.285;-256.684;-256.888;-256.935;-255.972;0;None;1000;None;14:57:20.539
3698;29.0073;28.8665;22.2191;-256.277;-256.676;-256.888;-256.935;-255.972;0;None;1000;None;14:57:21.023
3699;29.0152;28.8704;22.227;-256.285;-256.676;-256.88;-256.927;-255.972;0;None;1000;None;14:57:21.533
3700;29.0152;28.8704;22.2348;-256.277;-256.676;-256.888;-256.935;-255.98;0;None;1000;None;14:57:22.030
3701;29.0073;28.8704;22.227;-256.277;-256.684;-256.88;-256.935;-255.972;0;None;1000;None;14:57:22.528
3702;29.0073;28.8704;22.227;-256.277;-256.676;-256.888;-256.935;-255.972;0;None;1000;None;14:57:23.024
3703;29.0073;28.8704;22.2348;-256.277;-256.676;-256.88;-256.935;-255.98;0;None;1000;None;14:57:23.538
3704;29.0152;28.8704;22.227;-256.277;-256.684;-256.88;-256.935;-255.972;0;None;1000;None;14:57:24.039
3705;29.0073;28.8704;22.227;-256.285;-256.684;-256.895;-256.942;-255.972;0;None;1000;None;14:57:24.531
3706;29.0073;28.8704;22.2348;-256.285;-256.684;-256.888;-256.942;-255.972;0;None;1000;None;14:57:25.032
3707;29.0073;28.8704;22.227;-256.277;-256.676;-256.895;-256.942;-255.972;0;None;1000;None;14:57:25.531
3708;29.0152;28.8782;22.2348;-256.285;-256.692;-256.888;-256.942;-255.972;0;None;1000;None;14:57:26.023
3709;29.0073;28.8704;22.2348;-256.277;-256.676;-256.888;-256.935;-255.972;0;None;1000;None;14:57:26.536
3710;29.0073;28.8704;22.2348;-256.285;-256.676;-256.895;-256.942;-255.98;0;None;1000;None;14:57:27.034
3711;29.0073;28.8704;22.227;-256.285;-256.676;-256.888;-256.935;-255.972;0;None;1000;None;14:57:27.531
3712;29.0152;28.8704;22.2348;-256.285;-256.676;-256.895;-256.935;-255.972;0;None;1000;None;14:57:28.028
3713;29.0073;28.8704;22.227;-256.277;-256.684;-256.895;-256.935;-255.972;0;None;1000;None;14:57:28.541
3714;29.0152;28.8704;22.2348;-256.285;-256.676;-256.888;-256.935;-255.972;0;None;1000;None;14:57:29.025
3715;29.0152;28.8704;22.227;-256.277;-256.684;-256.888;-256.935;-255.972;0;None;1000;None;14:57:29.539
3716;29.0152;28.8704;22.2348;-256.277;-256.684;-256.888;-256.942;-255.972;0;None;1000;None;14:57:30.037
3717;29.0152;28.8704;22.227;-256.277;-256.692;-256.895;-256.927;-255.98;0;None;1000;None;14:57:30.540
3718;29.023;28.8704;22.2426;-256.277;-256.684;-256.895;-256.927;-255.972;0;None;1000;None;14:57:31.030
3719;29.0152;28.8704;22.2426;-256.277;-256.684;-256.888;-256.935;-255.98;0;None;1000;None;14:57:31.526
3720;29.0152;28.8704;22.227;-256.277;-256.684;-256.888;-256.935;-255.972;0;None;1000;None;14:57:32.039
3721;29.0073;28.8665;22.2348;-256.277;-256.684;-256.895;-256.935;-255.98;0;None;1000;None;14:57:32.536
3722;29.0073;28.8704;22.227;-256.277;-256.676;-256.888;-256.927;-255.972;0;None;1000;None;14:57:33.028
3723;29.0073;28.8665;22.227;-256.277;-256.684;-256.895;-256.935;-255.98;0;None;1000;None;14:57:33.538
3724;29.0073;28.8704;22.227;-256.285;-256.676;-256.88;-256.935;-255.972;0;None;1000;None;14:57:34.035
3725;29.0073;28.8665;22.2191;-256.277;-256.676;-256.888;-256.935;-255.98;0;None;1000;None;14:57:34.528
3726;29.0073;28.8665;22.2113;-256.269;-256.684;-256.888;-256.927;-255.98;0;None;1000;None;14:57:35.037
3727;29.0073;28.8626;22.2191;-256.277;-256.684;-256.888;-256.935;-255.972;0;None;1000;None;14:57:35.529
3728;29.0152;28.8665;22.2191;-256.277;-256.684;-256.895;-256.935;-255.98;0;None;1000;None;14:57:36.037
3729;29.0073;28.8704;22.2191;-256.277;-256.676;-256.895;-256.935;-255.972;0;None;1000;None;14:57:36.531
3730;29.0073;28.8665;22.2113;-256.277;-256.684;-256.888;-256.942;-255.98;0;None;1000;None;14:57:37.027
3731;29.0073;28.8665;22.227;-256.277;-256.676;-256.895;-256.935;-255.98;0;None;1000;None;14:57:37.536
3732;29.0073;28.8704;22.2191;-256.277;-256.684;-256.888;-256.935;-255.98;0;None;1000;None;14:57:38.030
3733;29.0073;28.8704;22.2191;-256.277;-256.684;-256.888;-256.935;-255.98;0;None;1000;None;14:57:38.528
3734;29.0073;28.8665;22.227;-256.277;-256.676;-256.888;-256.935;-255.98;0;None;1000;None;14:57:39.026
3735;29.0152;28.8704;22.2191;-256.277;-256.684;-256.895;-256.935;-255.98;0;None;1000;None;14:57:39.538
3736;29.0034;28.8665;22.227;-256.269;-256.676;-256.888;-256.935;-255.98;0;None;1000;None;14:57:40.035
3737;29.0034;28.8704;22.2191;-256.277;-256.684;-256.895;-256.927;-255.98;0;None;1000;None;14:57:40.531
3738;29.0034;28.8665;22.2191;-256.277;-256.684;-256.888;-256.935;-255.972;0;None;1000;None;14:57:41.028
3739;29.0073;28.8665;22.227;-256.269;-256.676;-256.888;-256.935;-255.98;0;None;1000;None;14:57:41.525
3740;29.0034;28.8665;22.2191;-256.269;-256.684;-256.888;-256.935;-255.972;0;None;1000;None;14:57:42.039
3741;29.0073;28.8665;22.227;-256.277;-256.684;-256.888;-256.927;-255.98;0;None;1000;None;14:57:42.532
3742;29.0034;28.8665;22.2191;-256.269;-256.684;-256.888;-256.927;-255.98;0;None;1000;None;14:57:43.028
3743;29.0034;28.8626;22.2191;-256.269;-256.684;-256.888;-256.935;-255.98;0;None;1000;None;14:57:43.540
3744;29.0073;28.8626;22.2191;-256.269;-256.676;-256.888;-256.927;-255.98;0;None;1000;None;14:57:44.039
3745;29.0034;28.8626;22.227;-256.269;-256.684;-256.895;-256.935;-255.98;0;None;1000;None;14:57:44.535
3746;29.0034;28.8665;22.227;-256.262;-256.676;-256.888;-256.927;-255.98;0;None;1000;None;14:57:45.035
3747;29.0034;28.8665;22.2191;-256.269;-256.684;-256.895;-256.927;-255.972;0;None;1000;None;14:57:45.528
3748;29.0034;28.8626;22.227;-256.269;-256.684;-256.888;-256.935;-255.98;0;None;1000;None;14:57:46.032
3749;29.0034;28.8626;22.227;-256.277;-256.684;-256.88;-256.942;-255.98;0;None;1000;None;14:57:46.540
3750;28.9995;28.8665;22.2348;-256.269;-256.684;-256.895;-256.935;-255.98;0;None;1000;None;14:57:47.038
3751;28.9995;28.8665;22.227;-256.277;-256.684;-256.888;-256.942;-255.98;0;None;1000;None;14:57:47.538
3752;29.0034;28.8626;22.227;-256.269;-256.684;-256.888;-256.942;-255.98;0;None;1000;None;14:57:48.030
3753;29.0034;28.8665;22.227;-256.277;-256.684;-256.888;-256.935;-255.98;0;None;1000;None;14:57:48.528
3754;29.0034;28.8626;22.2348;-256.269;-256.684;-256.895;-256.95;-255.972;0;None;1000;None;14:57:49.024
3755;28.9995;28.8665;22.227;-256.277;-256.676;-256.888;-256.942;-255.98;0;None;1000;None;14:57:49.537
3756;29.0034;28.8665;22.227;-256.277;-256.692;-256.895;-256.935;-255.972;0;None;1000;None;14:57:50.034
3757;28.9995;28.8665;22.227;-256.277;-256.684;-256.888;-256.942;-255.972;0;None;1000;None;14:57:50.532
3758;29.0073;28.8665;22.227;-256.277;-256.684;-256.895;-256.942;-255.98;0;None;1000;None;14:57:51.027
3759;29.0034;28.8665;22.2191;-256.277;-256.684;-256.888;-256.942;-255.98;0;None;1000;None;14:57:51.538
3760;29.0034;28.8665;22.227;-256.285;-256.684;-256.888;-256.935;-255.972;0;None;1000;None;14:57:52.034
3761;29.0073;28.8704;22.227;-256.285;-256.684;-256.888;-256.935;-255.98;0;None;1000;None;14:57:52.530
3762;29.0073;28.8626;22.2348;-256.285;-256.684;-256.888;-256.935;-255.972;0;None;1000;None;14:57:53.028
3763;29.0034;28.8665;22.227;-256.285;-256.684;-256.888;-256.935;-255.972;0;None;1000;None;14:57:53.540
3764;29.0073;28.8626;22.2348;-256.285;-256.692;-256.888;-256.935;-255.972;0;None;1000;None;14:57:54.038
3765;28.9995;28.8665;22.2348;-256.285;-256.684;-256.888;-256.935;-255.98;0;None;1000;None;14:57:54.533
3766;29.0034;28.8704;22.2348;-256.285;-256.684;-256.895;-256.935;-255.972;0;None;1000;None;14:57:55.033
3767;29.0034;28.8665;22.227;-256.277;-256.692;-256.888;-256.935;-255.98;0;None;1000;None;14:57:55.527
3768;28.9995;28.8665;22.2348;-256.285;-256.676;-256.888;-256.942;-255.972;0;None;1000;None;14:57:56.040
3769;28.9995;28.8665;22.2348;-256.285;-256.684;-256.895;-256.935;-255.98;0;None;1000;None;14:57:56.537
3770;28.9995;28.8665;22.2348;-256.285;-256.684;-256.888;-256.927;-255.98;0;None;1000;None;14:57:57.032
3771;28.9995;28.8704;22.2348;-256.277;-256.684;-256.895;-256.942;-255.972;0;None;1000;None;14:57:57.531
3772;28.9995;28.8665;22.2348;-256.285;-256.676;-256.895;-256.927;-255.964;0;None;1000;None;14:57:58.025
3773;28.9995;28.8665;22.2348;-256.277;-256.684;-256.888;-256.935;-255.972;0;None;1000;None;14:57:58.537
3774;28.9995;28.8665;22.2348;-256.277;-256.676;-256.888;-256.942;-255.972;0;None;1000;None;14:57:59.038
3775;28.9995;28.8704;22.2348;-256.277;-256.676;-256.88;-256.935;-255.972;0;None;1000;None;14:57:59.531
3776;28.9995;28.8665;22.2348;-256.277;-256.676;-256.888;-256.935;-255.972;0;None;1000;None;14:58:00.029
3777;28.9995;28.8665;22.2426;-256.285;-256.676;-256.88;-256.935;-255.98;0;None;1000;None;14:58:00.540
3778;29.0034;28.8704;22.2348;-256.285;-256.684;-256.888;-256.942;-255.972;0;None;1000;None;14:58:01.036
3779;28.9995;28.8704;22.2348;-256.277;-256.676;-256.895;-256.935;-255.98;0;None;1000;None;14:58:01.529
3780;28.9995;28.8704;22.227;-256.277;-256.676;-256.888;-256.935;-255.972;0;None;1000;None;14:58:02.032
3781;28.9995;28.8665;22.2348;-256.277;-256.676;-256.888;-256.935;-255.98;0;None;1000;None;14:58:02.537
3782;28.9995;28.8704;22.2348;-256.277;-256.676;-256.895;-256.935;-255.972;0;None;1000;None;14:58:03.032
3783;29.0034;28.8704;22.2348;-256.277;-256.676;-256.888;-256.935;-255.98;0;None;1000;None;14:58:03.528
3784;28.9995;28.8704;22.2348;-256.277;-256.668;-256.888;-256.935;-255.98;0;None;1000;None;14:58:04.025
3785;29.0034;28.8704;22.2348;-256.277;-256.676;-256.888;-256.935;-255.972;0;None;1000;None;14:58:04.538
3786;29.0034;28.8782;22.2348;-256.277;-256.676;-256.888;-256.942;-255.98;0;None;1000;None;14:58:05.035
3787;28.9995;28.8665;22.2426;-256.277;-256.668;-256.895;-256.935;-255.98;0;None;1000;None;14:58:05.538
3788;28.9995;28.8665;22.2348;-256.269;-256.676;-256.895;-256.942;-255.972;0;None;1000;None;14:58:06.030
3789;29.0034;28.8704;22.2348;-256.277;-256.676;-256.888;-256.935;-255.98;0;None;1000;None;14:58:06.526
3790;29.0034;28.8665;22.2426;-256.277;-256.676;-256.895;-256.942;-255.972;0;None;1000;None;14:58:07.038
3791;29.0034;28.8665;22.227;-256.277;-256.676;-256.888;-256.942;-255.988;0;None;1000;None;14:58:07.538
3792;29.0034;28.8704;22.2348;-256.269;-256.684;-256.895;-256.942;-255.972;0;None;1000;None;14:58:08.031
3793;29.0034;28.8704;22.2348;-256.277;-256.684;-256.888;-256.935;-255.98;0;None;1000;None;14:58:08.527
3794;29.0034;28.8704;22.2348;-256.277;-256.684;-256.888;-256.942;-255.98;0;None;1000;None;14:58:09.038
3795;29.0073;28.8665;22.2426;-256.277;-256.676;-256.888;-256.935;-255.98;0;None;1000;None;14:58:09.536
3796;29.0034;28.8704;22.227;-256.277;-256.684;-256.888;-256.935;-255.98;0;None;1000;None;14:58:10.034
3797;29.0034;28.8665;22.2348;-256.277;-256.684;-256.888;-256.935;-255.972;0;None;1000;None;14:58:10.528
3798;29.0034;28.8704;22.2348;-256.277;-256.676;-256.895;-256.935;-255.98;0;None;1000;None;14:58:11.026
3799;29.0034;28.8704;22.2348;-256.277;-256.676;-256.895;-256.935;-255.98;0;None;1000;None;14:58:11.537
3800;29.0034;28.8665;22.227;-256.277;-256.684;-256.888;-256.942;-255.972;0;None;1000;None;14:58:12.033
3801;29.0034;28.8665;22.2348;-256.277;-256.676;-256.888;-256.935;-255.972;0;None;1000;None;14:58:12.530
3802;29.0034;28.8665;22.227;-256.277;-256.676;-256.888;-256.935;-255.98;0;None;1000;None;14:58:13.029
3803;29.0034;28.8743;22.227;-256.277;-256.676;-256.888;-256.935;-255.98;0;None;1000;None;14:58:13.539
3804;29.0034;28.8665;22.2348;-256.285;-256.684;-256.888;-256.935;-255.98;0;None;1000;None;14:58:14.036
3805;29.0034;28.8665;22.227;-256.285;-256.676;-256.888;-256.935;-255.98;0;None;1000;None;14:58:14.533
3806;28.9995;28.8704;22.227;-256.277;-256.676;-256.888;-256.935;-255.98;0;None;1000;None;14:58:15.031
3807;29.0034;28.8704;22.227;-256.277;-256.676;-256.888;-256.935;-255.988;0;None;1000;None;14:58:15.531
3808;29.0034;28.8782;22.2191;-256.269;-256.684;-256.895;-256.935;-255.98;0;None;1000;None;14:58:16.039
3809;29.0034;28.8704;22.2191;-256.277;-256.676;-256.888;-256.942;-255.98;0;None;1000;None;14:58:16.535
3810;29.0034;28.8861;22.2191;-256.285;-256.684;-256.888;-256.935;-255.98;0;None;1000;None;14:58:17.032
3811;29.0034;28.8782;22.2191;-256.277;-256.684;-256.888;-256.942;-255.972;0;None;1000;None;14:58:17.529
3812;29.0073;28.8704;22.2191;-256.277;-256.684;-256.888;-256.95;-255.972;0;None;1000;None;14:58:18.026
3813;29.0073;28.8782;22.227;-256.277;-256.676;-256.888;-256.942;-255.98;0;None;1000;None;14:58:18.538
3814;29.0073;28.8704;22.2191;-256.277;-256.684;-256.888;-256.942;-255.972;0;None;1000;None;14:58:19.035
3815;29.0073;28.8782;22.227;-256.269;-256.676;-256.888;-256.942;-255.98;0;None;1000;None;14:58:19.532
3816;29.0152;28.8704;22.227;-256.285;-256.684;-256.888;-256.942;-255.972;0;None;1000;None;14:58:20.032
3817;29.0073;28.8704;22.227;-256.277;-256.684;-256.888;-256.95;-255.972;0;None;1000;None;14:58:20.530
3818;29.0073;28.8665;22.227;-256.277;-256.684;-256.88;-256.935;-255.98;0;None;1000;None;14:58:21.025
3819;29.0073;28.8665;22.2348;-256.285;-256.676;-256.88;-256.942;-255.972;0;None;1000;None;14:58:21.537
3820;29.0152;28.8626;22.227;-256.277;-256.684;-256.88;-256.935;-255.98;0;None;1000;None;14:58:22.034
3821;29.0152;28.8665;22.227;-256.277;-256.684;-256.88;-256.935;-255.972;0;None;1000;None;14:58:22.531
3822;29.0152;28.8626;22.227;-256.277;-256.684;-256.88;-256.942;-255.98;0;None;1000;None;14:58:23.028
3823;29.0152;28.8626;22.2348;-256.277;-256.676;-256.88;-256.942;-255.98;0;None;1000;None;14:58:23.539
3824;29.0073;28.8626;22.227;-256.277;-256.684;-256.88;-256.942;-255.972;0;None;1000;None;14:58:24.039
3825;29.0073;28.8626;22.227;-256.285;-256.684;-256.888;-256.942;-255.98;0;None;1000;None;14:58:24.538
3826;29.0073;28.8665;22.227;-256.277;-256.676;-256.88;-256.942;-255.98;0;None;1000;None;14:58:25.031
3827;29.0152;28.8626;22.2191;-256.285;-256.684;-256.895;-256.935;-255.972;0;None;1000;None;14:58:25.530
3828;29.0073;28.8665;22.2191;-256.277;-256.684;-256.888;-256.942;-255.98;0;None;1000;None;14:58:26.036
3829;29.0073;28.8665;22.227;-256.277;-256.684;-256.88;-256.935;-255.972;0;None;1000;None;14:58:26.531
3830;29.0073;28.8704;22.227;-256.285;-256.684;-256.888;-256.942;-255.98;0;None;1000;None;14:58:27.032
3831;29.0073;28.8704;22.2348;-256.277;-256.684;-256.888;-256.942;-255.972;0;None;1000;None;14:58:27.534
3832;29.0034;28.8704;22.2348;-256.285;-256.684;-256.888;-256.942;-255.98;0;None;1000;None;14:58:28.034
3833;29.0073;28.8704;22.227;-256.277;-256.684;-256.888;-256.942;-255.972;0;None;1000;None;14:58:28.534
3834;29.0073;28.8704;22.227;-256.277;-256.684;-256.888;-256.942;-255.972;0;None;1000;None;14:58:29.038
3835;29.0152;28.8704;22.227;-256.269;-256.684;-256.888;-256.942;-255.972;0;None;1000;None;14:58:29.533
3836;29.0073;28.8704;22.2191;-256.285;-256.676;-256.888;-256.942;-255.98;0;None;1000;None;14:58:30.029
3837;29.0073;28.8704;22.2348;-256.277;-256.676;-256.888;-256.942;-255.972;0;None;1000;None;14:58:30.539
3838;29.0152;28.8704;22.227;-256.277;-256.684;-256.888;-256.935;-255.972;0;None;1000;None;14:58:31.036
3839;29.0073;28.8704;22.2348;-256.277;-256.684;-256.895;-256.942;-255.972;0;None;1000;None;14:58:31.531
3840;29.0152;28.8665;22.227;-256.277;-256.684;-256.888;-256.935;-255.972;0;None;1000;None;14:58:32.039
3841;29.0073;28.8704;22.2348;-256.269;-256.676;-256.888;-256.942;-255.98;0;None;1000;None;14:58:32.535
3842;29.0152;28.8665;22.227;-256.277;-256.676;-256.895;-256.935;-255.972;0;None;1000;None;14:58:33.031
3843;29.0073;28.8704;22.2348;-256.285;-256.684;-256.888;-256.935;-255.972;0;None;1000;None;14:58:33.525
3844;29.0073;28.8665;22.227;-256.277;-256.676;-256.888;-256.942;-255.972;0;None;1000;None;14:58:34.038
3845;29.0152;28.8704;22.227;-256.277;-256.676;-256.895;-256.935;-255.972;0;None;1000;None;14:58:34.531
3846;29.0073;28.8665;22.227;-256.285;-256.676;-256.888;-256.935;-255.98;0;None;1000;None;14:58:35.026
3847;29.0073;28.8704;22.227;-256.277;-256.684;-256.888;-256.942;-255.972;0;None;1000;None;14:58:35.536
3848;29.0073;28.8704;22.227;-256.277;-256.676;-256.88;-256.935;-255.98;0;None;1000;None;14:58:36.032
3849;29.0073;28.8665;22.2348;-256.277;-256.684;-256.88;-256.942;-255.972;0;None;1000;None;14:58:36.527
3850;29.0152;28.8665;22.2348;-256.277;-256.676;-256.888;-256.942;-255.964;0;None;1000;None;14:58:37.037
3851;29.0073;28.8704;22.2191;-256.269;-256.676;-256.888;-256.942;-255.972;0;None;1000;None;14:58:37.533
3852;29.0152;28.8704;22.227;-256.269;-256.684;-256.88;-256.942;-255.972;0;None;1000;None;14:58:38.028
3853;29.0152;28.8704;22.227;-256.277;-256.676;-256.888;-256.935;-255.972;0;None;1000;None;14:58:38.538
3854;29.0152;28.8782;22.227;-256.269;-256.684;-256.888;-256.935;-255.972;0;None;1000;None;14:58:39.035
3855;29.0073;28.8665;22.227;-256.277;-256.676;-256.888;-256.942;-255.972;0;None;1000;None;14:58:39.531
3856;29.0152;28.8704;22.227;-256.277;-256.684;-256.88;-256.935;-255.972;0;None;1000;None;14:58:40.026
3857;29.0152;28.8704;22.227;-256.285;-256.684;-256.88;-256.942;-255.972;0;None;1000;None;14:58:40.538
3858;29.0152;28.8665;22.227;-256.277;-256.684;-256.88;-256.942;-255.972;0;None;1000;None;14:58:41.033
3859;29.0152;28.8704;22.227;-256.277;-256.684;-256.888;-256.942;-255.964;0;None;1000;None;14:58:41.527
3860;29.023;28.8665;22.2348;-256.285;-256.684;-256.888;-256.95;-255.972;0;None;1000;None;14:58:42.038
3861;29.0152;28.8704;22.2348;-256.277;-256.684;-256.888;-256.942;-255.972;0;None;1000;None;14:58:42.537
3862;29.023;28.8665;22.2348;-256.277;-256.676;-256.888;-256.927;-255.972;0;None;1000;None;14:58:43.030
3863;29.023;28.8665;22.2191;-256.277;-256.684;-256.888;-256.935;-255.964;0;None;1000;None;14:58:43.525
3864;29.0152;28.8704;22.227;-256.269;-256.692;-256.888;-256.942;-255.972;0;None;1000;None;14:58:44.038
3865;29.0152;28.8665;22.2191;-256.277;-256.684;-256.888;-256.942;-255.972;0;None;1000;None;14:58:44.532
3866;29.0152;28.8665;22.227;-256.277;-256.684;-256.888;-256.935;-255.972;0;None;1000;None;14:58:45.023
3867;29.0152;28.8665;22.227;-256.277;-256.676;-256.888;-256.935;-255.972;0;None;1000;None;14:58:45.534
3868;29.0152;28.8704;22.227;-256.269;-256.684;-256.888;-256.935;-255.964;0;None;1000;None;14:58:46.028
3869;29.0152;28.8704;22.2191;-256.277;-256.684;-256.888;-256.935;-255.972;0;None;1000;None;14:58:46.537
3870;29.0152;28.8626;22.227;-256.277;-256.684;-256.88;-256.935;-255.964;0;None;1000;None;14:58:47.030
3871;29.0073;28.8626;22.2191;-256.277;-256.692;-256.888;-256.935;-255.964;0;None;1000;None;14:58:47.538
3872;29.0073;28.8626;22.2348;-256.277;-256.684;-256.888;-256.942;-255.972;0;None;1000;None;14:58:48.032
3873;29.0073;28.8626;22.2348;-256.277;-256.684;-256.888;-256.935;-255.964;0;None;1000;None;14:58:48.524
3874;29.0152;28.8665;22.2348;-256.269;-256.692;-256.888;-256.935;-255.964;0;None;1000;None;14:58:49.033
3875;29.0113;28.8665;22.2426;-256.277;-256.684;-256.888;-256.935;-255.98;0;None;1000;None;14:58:49.535
3876;29.0073;28.8665;22.2426;-256.277;-256.684;-256.888;-256.942;-255.98;0;None;1000;None;14:58:50.025
3877;29.0152;28.8665;22.2426;-256.269;-256.676;-256.88;-256.935;-255.972;0;None;1000;None;14:58:50.537
3878;29.0152;28.8704;22.2426;-256.277;-256.684;-256.888;-256.935;-255.972;0;None;1000;None;14:58:51.033
3879;29.0152;28.8626;22.2348;-256.277;-256.684;-256.88;-256.942;-255.964;0;None;1000;None;14:58:51.529
3880;29.023;28.8704;22.2348;-256.269;-256.676;-256.888;-256.935;-255.972;0;None;1000;None;14:58:52.025
3881;29.0152;28.8626;22.2426;-256.277;-256.684;-256.888;-256.942;-255.972;0;None;1000;None;14:58:52.523
3882;29.023;28.8665;22.2348;-256.277;-256.684;-256.888;-256.942;-255.972;0;None;1000;None;14:58:53.035
3883;29.023;28.8626;22.2348;-256.277;-256.684;-256.88;-256.935;-255.98;0;None;1000;None;14:58:53.531
3884;29.023;28.8665;22.2426;-256.277;-256.684;-256.888;-256.942;-255.972;0;None;1000;None;14:58:54.030
3885;29.0152;28.8626;22.2426;-256.277;-256.684;-256.88;-256.942;-255.972;0;None;1000;None;14:58:54.525
3886;29.0152;28.8665;22.2504;-256.277;-256.692;-256.88;-256.935;-255.972;0;None;1000;None;14:58:55.038
3887;29.023;28.8665;22.2504;-256.285;-256.684;-256.88;-256.935;-255.972;0;None;1000;None;14:58:55.536
3888;29.0152;28.8626;22.2583;-256.277;-256.684;-256.888;-256.942;-255.972;0;None;1000;None;14:58:56.033
3889;29.0152;28.8665;22.2504;-256.285;-256.684;-256.88;-256.942;-255.972;0;None;1000;None;14:58:56.537
3890;29.0073;28.8626;22.2426;-256.277;-256.684;-256.88;-256.935;-255.972;0;None;1000;None;14:58:57.025
3891;29.0152;28.8626;22.2504;-256.285;-256.676;-256.888;-256.942;-255.972;0;None;1000;None;14:58:57.531
3892;29.023;28.8626;22.2504;-256.277;-256.684;-256.88;-256.942;-255.98;0;None;1000;None;14:58:58.036
3893;29.0152;28.8626;22.2504;-256.285;-256.676;-256.888;-256.935;-255.972;0;None;1000;None;14:58:58.532
3894;29.0073;28.8626;22.2504;-256.285;-256.684;-256.895;-256.942;-255.972;0;None;1000;None;14:58:59.028
3895;29.0152;28.8587;22.2426;-256.277;-256.676;-256.888;-256.935;-255.972;0;None;1000;None;14:58:59.526
3896;29.0073;28.8626;22.2426;-256.285;-256.684;-256.888;-256.935;-255.98;0;None;1000;None;14:59:00.022
3897;29.0034;28.8626;22.2504;-256.285;-256.684;-256.888;-256.935;-255.972;0;None;1000;None;14:59:00.535
3898;29.0034;28.8626;22.2504;-256.285;-256.684;-256.888;-256.935;-255.972;0;None;1000;None;14:59:01.031
3899;29.0073;28.8587;22.2504;-256.285;-256.684;-256.88;-256.942;-255.972;0;None;1000;None;14:59:01.534
3900;29.0073;28.8626;22.2504;-256.277;-256.676;-256.88;-256.935;-255.972;0;None;1000;None;14:59:02.037
3901;29.0113;28.8626;22.2426;-256.277;-256.684;-256.88;-256.935;-255.964;0;None;1000;None;14:59:02.529
3902;29.0073;28.8626;22.2504;-256.285;-256.676;-256.88;-256.935;-255.972;0;None;1000;None;14:59:03.022
3903;29.0034;28.8587;22.2583;-256.277;-256.676;-256.88;-256.942;-255.972;0;None;1000;None;14:59:03.535
3904;29.0073;28.8626;22.2504;-256.285;-256.684;-256.88;-256.927;-255.972;0;None;1000;None;14:59:04.032
3905;29.0034;28.8587;22.2504;-256.277;-256.676;-256.888;-256.935;-255.972;0;None;1000;None;14:59:04.528
3906;29.0034;28.8626;22.2504;-256.277;-256.684;-256.88;-256.935;-255.972;0;None;1000;None;14:59:05.022
3907;29.0073;28.8587;22.2426;-256.285;-256.684;-256.88;-256.935;-255.972;0;None;1000;None;14:59:05.531
3908;29.0034;28.8587;22.2504;-256.285;-256.676;-256.88;-256.927;-255.972;0;None;1000;None;14:59:06.027
3909;29.0034;28.8587;22.2504;-256.277;-256.684;-256.88;-256.935;-255.98;0;None;1000;None;14:59:06.537
3910;29.0073;28.8587;22.2426;-256.285;-256.676;-256.88;-256.942;-255.972;0;None;1000;None;14:59:07.033
3911;29.0034;28.8548;22.2504;-256.277;-256.676;-256.88;-256.935;-255.98;0;None;1000;None;14:59:07.536
3912;29.0073;28.8548;22.2426;-256.277;-256.676;-256.88;-256.935;-255.972;0;None;1000;None;14:59:08.026
3913;29.0073;28.8548;22.2504;-256.277;-256.676;-256.888;-256.942;-255.972;0;None;1000;None;14:59:08.538
3914;29.0073;28.8508;22.2426;-256.277;-256.676;-256.88;-256.942;-255.972;0;None;1000;None;14:59:09.033
3915;29.0073;28.8548;22.2504;-256.285;-256.684;-256.88;-256.942;-255.98;0;None;1000;None;14:59:09.531
3916;29.0152;28.8548;22.2426;-256.277;-256.676;-256.88;-256.95;-255.972;0;None;1000;None;14:59:10.030
3917;29.0073;28.8548;22.2348;-256.277;-256.676;-256.888;-256.935;-255.98;0;None;1000;None;14:59:10.538
3918;29.0152;28.8548;22.2348;-256.285;-256.684;-256.88;-256.935;-255.972;0;None;1000;None;14:59:11.035
3919;29.0073;28.8508;22.2426;-256.285;-256.668;-256.88;-256.935;-255.964;0;None;1000;None;14:59:11.533
3920;29.0073;28.8548;22.2348;-256.277;-256.676;-256.888;-256.935;-255.972;0;None;1000;None;14:59:12.036
3921;29.0073;28.8508;22.2426;-256.285;-256.676;-256.88;-256.927;-255.972;0;None;1000;None;14:59:12.531
3922;29.0152;28.8548;22.2426;-256.285;-256.676;-256.88;-256.935;-255.972;0;None;1000;None;14:59:13.025
3923;29.0152;28.8548;22.2426;-256.285;-256.668;-256.888;-256.927;-255.98;0;None;1000;None;14:59:13.533
3924;29.0152;28.8548;22.2426;-256.285;-256.676;-256.88;-256.927;-255.972;0;None;1000;None;14:59:14.033
3925;29.0152;28.8508;22.2348;-256.285;-256.676;-256.88;-256.935;-255.98;0;None;1000;None;14:59:14.524
3926;29.0152;28.8548;22.2348;-256.285;-256.668;-256.88;-256.935;-255.972;0;None;1000;None;14:59:15.036
3927;29.0152;28.8548;22.2426;-256.285;-256.676;-256.88;-256.927;-255.98;0;None;1000;None;14:59:15.530
3928;29.023;28.8508;22.2348;-256.277;-256.676;-256.888;-256.927;-255.972;0;None;1000;None;14:59:16.031
3929;29.0152;28.8548;22.2426;-256.285;-256.668;-256.88;-256.935;-255.972;0;None;1000;None;14:59:16.536
3930;29.023;28.8587;22.2426;-256.277;-256.676;-256.88;-256.935;-255.972;0;None;1000;None;14:59:17.030
3931;29.0152;28.8548;22.2426;-256.285;-256.676;-256.888;-256.935;-255.98;0;None;1000;None;14:59:17.526
3932;29.0152;28.8587;22.2426;-256.285;-256.676;-256.88;-256.935;-255.972;0;None;1000;None;14:59:18.022
3933;29.023;28.8548;22.2348;-256.277;-256.676;-256.88;-256.935;-255.972;0;None;1000;None;14:59:18.533
3934;29.0152;28.8548;22.2426;-256.285;-256.676;-256.888;-256.927;-255.98;0;None;1000;None;14:59:19.033
3935;29.0152;28.8587;22.2348;-256.277;-256.684;-256.88;-256.935;-255.972;0;None;1000;None;14:59:19.523
3936;29.023;28.8587;22.227;-256.285;-256.676;-256.888;-256.935;-255.972;0;None;1000;None;14:59:20.036
3937;29.023;28.8587;22.227;-256.285;-256.676;-256.88;-256.927;-255.972;0;None;1000;None;14:59:20.532
3938;29.0152;28.8626;22.2348;-256.285;-256.676;-256.888;-256.927;-255.972;0;None;1000;None;14:59:21.028
3939;29.0152;28.8626;22.227;-256.285;-256.668;-256.88;-256.942;-255.98;0;None;1000;None;14:59:21.539
3940;29.0152;28.8587;22.2348;-256.277;-256.676;-256.88;-256.942;-255.972;0;None;1000;None;14:59:22.037
3941;29.0308;28.8626;22.227;-256.285;-256.668;-256.888;-256.942;-255.972;0;None;1000;None;14:59:22.536
3942;29.0152;28.8665;22.2348;-256.277;-256.668;-256.888;-256.942;-255.972;0;None;1000;None;14:59:23.029
3943;29.023;28.8587;22.2348;-256.285;-256.668;-256.88;-256.942;-255.98;0;None;1000;None;14:59:23.527
3944;29.0152;28.8626;22.2348;-256.277;-256.668;-256.888;-256.935;-255.972;0;None;1000;None;14:59:24.037
3945;29.023;28.8626;22.2348;-256.277;-256.676;-256.88;-256.935;-255.972;0;None;1000;None;14:59:24.533
3946;29.0152;28.8626;22.227;-256.285;-256.668;-256.888;-256.935;-255.972;0;None;1000;None;14:59:25.030
3947;29.0152;28.8587;22.227;-256.277;-256.676;-256.895;-256.935;-255.972;0;None;1000;None;14:59:25.523
3948;29.0152;28.8626;22.227;-256.277;-256.676;-256.888;-256.942;-255.98;0;None;1000;None;14:59:26.035
3949;29.0152;28.8587;22.2348;-256.285;-256.684;-256.888;-256.935;-255.98;0;None;1000;None;14:59:26.532
3950;29.0073;28.8587;22.227;-256.277;-256.676;-256.895;-256.942;-255.972;0;None;1000;None;14:59:27.027
3951;29.0152;28.8626;22.227;-256.277;-256.676;-256.888;-256.927;-255.98;0;None;1000;None;14:59:27.524
3952;29.023;28.8587;22.227;-256.285;-256.668;-256.888;-256.935;-255.98;0;None;1000;None;14:59:28.037
3953;29.0152;28.8626;22.227;-256.277;-256.676;-256.888;-256.935;-255.972;0;None;1000;None;14:59:28.533
3954;29.0073;28.8626;22.2348;-256.277;-256.676;-256.888;-256.927;-255.972;0;None;1000;None;14:59:29.031
3955;29.0073;28.8626;22.2348;-256.277;-256.668;-256.888;-256.935;-255.98;0;None;1000;None;14:59:29.529
3956;29.0152;28.8665;22.2348;-256.285;-256.684;-256.895;-256.935;-255.98;0;None;1000;None;14:59:30.036
3957;29.0152;28.8626;22.2426;-256.277;-256.676;-256.88;-256.935;-255.98;0;None;1000;None;14:59:30.531
3958;29.0152;28.8626;22.2348;-256.277;-256.684;-256.895;-256.935;-255.98;0;None;1000;None;14:59:31.027
3959;29.0308;28.8626;22.227;-256.285;-256.668;-256.888;-256.935;-255.972;0;None;1000;None;14:59:31.538
3960;29.023;28.8587;22.2348;-256.277;-256.684;-256.888;-256.927;-255.98;0;None;1000;None;14:59:32.034
3961;29.0308;28.8587;22.2348;-256.277;-256.676;-256.895;-256.935;-255.972;0;None;1000;None;14:59:32.528
3962;29.0308;28.8587;22.2426;-256.277;-256.684;-256.888;-256.935;-255.98;0;None;1000;None;14:59:33.038
3963;29.0152;28.8587;22.2426;-256.277;-256.684;-256.888;-256.927;-255.98;0;None;1000;None;14:59:33.533
3964;29.023;28.8587;22.2426;-256.277;-256.676;-256.888;-256.927;-255.98;0;None;1000;None;14:59:34.030
3965;29.023;28.8587;22.2583;-256.277;-256.676;-256.888;-256.927;-255.98;0;None;1000;None;14:59:34.530
3966;29.023;28.8587;22.2426;-256.277;-256.684;-256.888;-256.935;-255.972;0;None;1000;None;14:59:35.038
3967;29.0152;28.8548;22.2426;-256.277;-256.676;-256.895;-256.935;-255.98;0;None;1000;None;14:59:35.535
3968;29.0308;28.8587;22.2426;-256.277;-256.684;-256.888;-256.935;-255.98;0;None;1000;None;14:59:36.031
3969;29.023;28.8548;22.2348;-256.277;-256.676;-256.888;-256.927;-255.972;0;None;1000;None;14:59:36.524
3970;29.023;28.8548;22.2426;-256.277;-256.676;-256.895;-256.942;-255.98;0;None;1000;None;14:59:37.035
3971;29.0308;28.843;22.2426;-256.277;-256.676;-256.888;-256.942;-255.98;0;None;1000;None;14:59:37.531
3972;29.023;28.8548;22.2426;-256.285;-256.676;-256.888;-256.942;-255.98;0;None;1000;None;14:59:38.030
3973;29.0152;28.843;22.2504;-256.277;-256.676;-256.888;-256.935;-255.98;0;None;1000;None;14:59:38.522
3974;29.0152;28.843;22.2426;-256.285;-256.684;-256.895;-256.942;-255.98;0;None;1000;None;14:59:39.035
3975;29.0073;28.8352;22.2426;-256.277;-256.676;-256.888;-256.935;-255.98;0;None;1000;None;14:59:39.531
3976;29.0152;28.843;22.2426;-256.277;-256.676;-256.888;-256.935;-255.98;0;None;1000;None;14:59:40.028
3977;29.023;28.8352;22.2426;-256.285;-256.684;-256.895;-256.935;-255.98;0;None;1000;None;14:59:40.526
3978;29.0152;28.8352;22.2504;-256.285;-256.676;-256.888;-256.935;-255.98;0;None;1000;None;14:59:41.036
3979;29.023;28.8274;22.2504;-256.277;-256.676;-256.888;-256.935;-255.98;0;None;1000;None;14:59:41.532
3980;29.023;28.8352;22.2504;-256.285;-256.684;-256.888;-256.935;-255.98;0;None;1000;None;14:59:42.025
3981;29.023;28.8274;22.2504;-256.277;-256.676;-256.895;-256.935;-255.98;0;None;1000;None;14:59:42.540
3982;29.023;28.8274;22.2504;-256.285;-256.676;-256.888;-256.942;-255.98;0;None;1000;None;14:59:43.032
3983;29.023;28.8274;22.2426;-256.277;-256.676;-256.888;-256.942;-255.988;0;None;1000;None;14:59:43.528
3984;29.0308;28.8352;22.2504;-256.285;-256.684;-256.895;-256.935;-255.972;0;None;1000;None;14:59:44.030
3985;29.0308;28.8274;22.2426;-256.277;-256.684;-256.888;-256.942;-255.988;0;None;1000;None;14:59:44.535
3986;29.023;28.8274;22.2348;-256.285;-256.676;-256.895;-256.935;-255.98;0;None;1000;None;14:59:45.031
3987;29.023;28.8352;22.2348;-256.277;-256.684;-256.888;-256.942;-255.98;0;None;1000;None;14:59:45.526
3988;29.023;28.8352;22.2426;-256.285;-256.684;-256.888;-256.95;-255.98;0;None;1000;None;14:59:46.022
3989;29.0308;28.8352;22.2348;-256.277;-256.684;-256.895;-256.942;-255.98;0;None;1000;None;14:59:46.534
3990;29.023;28.8352;22.2426;-256.277;-256.684;-256.888;-256.95;-255.98;0;None;1000;None;14:59:47.033
3991;29.0308;28.843;22.2348;-256.285;-256.684;-256.888;-256.95;-255.988;0;None;1000;None;14:59:47.525
3992;29.023;28.843;22.2348;-256.285;-256.684;-256.895;-256.95;-255.98;0;None;1000;None;14:59:48.038
3993;29.0308;28.843;22.2426;-256.277;-256.684;-256.888;-256.942;-255.972;0;None;1000;None;14:59:48.533
3994;29.023;28.843;22.2348;-256.277;-256.684;-256.888;-256.942;-255.98;0;None;1000;None;14:59:49.030
3995;29.0308;28.843;22.2348;-256.285;-256.684;-256.888;-256.942;-255.972;0;None;1000;None;14:59:49.529
3996;29.023;28.843;22.2348;-256.277;-256.684;-256.888;-256.95;-255.972;0;None;1000;None;14:59:50.038
3997;29.0308;28.843;22.2348;-256.285;-256.684;-256.895;-256.935;-255.98;0;None;1000;None;14:59:50.534
3998;29.0308;28.843;22.2426;-256.277;-256.692;-256.888;-256.942;-255.972;0;None;1000;None;14:59:51.032
3999;29.0308;28.843;22.2348;-256.277;-256.676;-256.888;-256.95;-255.972;0;None;1000;None;14:59:51.531
4000;29.0308;28.8508;22.227;-256.285;-256.676;-256.888;-256.942;-255.98;0;None;1000;None;14:59:52.033
4001;29.023;28.8508;22.2348;-256.269;-256.684;-256.888;-256.95;-255.972;0;None;1000;None;14:59:52.524
4002;29.0308;28.8508;22.2348;-256.285;-256.676;-256.888;-256.935;-255.972;0;None;1000;None;14:59:53.022
4003;29.023;28.8508;22.2348;-256.269;-256.684;-256.895;-256.942;-255.972;0;None;1000;None;14:59:53.535
4004;29.023;28.8548;22.2348;-256.277;-256.676;-256.888;-256.942;-255.98;0;None;1000;None;14:59:54.033
4005;29.023;28.8548;22.2348;-256.277;-256.684;-256.895;-256.942;-255.972;0;None;1000;None;14:59:54.528
4006;29.023;28.8548;22.2426;-256.277;-256.684;-256.88;-256.942;-255.98;0;None;1000;None;14:59:55.024
4007;29.023;28.8587;22.2348;-256.277;-256.676;-256.888;-256.95;-255.972;0;None;1000;None;14:59:55.537
4008;29.023;28.8548;22.2426;-256.277;-256.684;-256.888;-256.95;-255.98;0;None;1000;None;14:59:56.034
4009;29.023;28.8587;22.2348;-256.277;-256.676;-256.895;-256.95;-255.98;0;None;1000;None;14:59:56.531
4010;29.023;28.8548;22.2426;-256.277;-256.676;-256.888;-256.942;-255.98;0;None;1000;None;14:59:57.033
4011;29.023;28.8587;22.2426;-256.285;-256.684;-256.888;-256.95;-255.98;0;None;1000;None;14:59:57.527
4012;29.023;28.8548;22.2426;-256.277;-256.676;-256.895;-256.95;-255.98;0;None;1000;None;14:59:58.025
4013;29.0152;28.8548;22.2348;-256.277;-256.684;-256.888;-256.95;-255.98;0;None;1000;None;14:59:58.537
4014;29.023;28.8548;22.2426;-256.285;-256.676;-256.888;-256.942;-255.98;0;None;1000;None;14:59:59.034
4015;29.023;28.8548;22.2348;-256.285;-256.676;-256.888;-256.95;-255.98;0;None;1000;None;14:59:59.532
4016;29.023;28.8587;22.2426;-256.285;-256.684;-256.888;-256.942;-255.98;0;None;1000;None;15:00:00.028
4017;29.0152;28.8587;22.227;-256.285;-256.676;-256.888;-256.942;-255.972;0;None;1000;None;15:00:00.527
4018;29.0073;28.8587;22.2426;-256.285;-256.676;-256.888;-256.942;-255.98;0;None;1000;None;15:00:01.037
4019;29.0073;28.8548;22.2426;-256.285;-256.684;-256.88;-256.942;-255.98;0;None;1000;None;15:00:01.532
4020;29.0152;28.8587;22.2348;-256.285;-256.676;-256.895;-256.95;-255.98;0;None;1000;None;15:00:02.027
4021;29.0152;28.8587;22.2426;-256.285;-256.676;-256.888;-256.935;-255.98;0;None;1000;None;15:00:02.523
4022;29.0152;28.8548;22.2426;-256.293;-256.676;-256.895;-256.942;-255.988;0;None;1000;None;15:00:03.032
4023;29.0152;28.8587;22.2504;-256.285;-256.684;-256.888;-256.935;-255.98;0;None;1000;None;15:00:03.524
4024;29.0152;28.8587;22.2426;-256.293;-256.676;-256.895;-256.935;-255.98;0;None;1000;None;15:00:04.028
4025;29.0073;28.8587;22.2426;-256.285;-256.676;-256.888;-256.942;-255.98;0;None;1000;None;15:00:04.524
4026;29.0073;28.8587;22.2426;-256.293;-256.676;-256.888;-256.935;-255.98;0;None;1000;None;15:00:05.034
4027;29.0073;28.8548;22.2348;-256.285;-256.676;-256.888;-256.942;-255.98;0;None;1000;None;15:00:05.530
4028;29.0073;28.8587;22.2426;-256.285;-256.676;-256.888;-256.935;-255.972;0;None;1000;None;15:00:06.024
4029;29.0073;28.8626;22.2426;-256.285;-256.684;-256.88;-256.942;-255.98;0;None;1000;None;15:00:06.535
4030;29.0034;28.8626;22.2426;-256.277;-256.668;-256.888;-256.942;-255.98;0;None;1000;None;15:00:07.033
4031;29.0073;28.8626;22.2426;-256.285;-256.684;-256.88;-256.935;-255.98;0;None;1000;None;15:00:07.523
4032;29.0034;28.8626;22.2426;-256.277;-256.676;-256.888;-256.942;-255.98;0;None;1000;None;15:00:08.036
4033;29.0073;28.8626;22.2426;-256.277;-256.676;-256.888;-256.935;-255.98;0;None;1000;None;15:00:08.531
4034;29.0073;28.8626;22.2348;-256.285;-256.676;-256.88;-256.935;-255.98;0;None;1000;None;15:00:09.028
4035;29.0152;28.8626;22.2426;-256.277;-256.676;-256.888;-256.935;-255.98;0;None;1000;None;15:00:09.531
4036;29.0073;28.8665;22.2426;-256.285;-256.684;-256.88;-256.935;-255.98;0;None;1000;None;15:00:10.036
4037;29.0152;28.8665;22.2426;-256.277;-256.684;-256.88;-256.935;-255.972;0;None;1000;None;15:00:10.534
4038;29.0073;28.8626;22.2504;-256.277;-256.684;-256.88;-256.942;-255.98;0;None;1000;None;15:00:11.032
4039;29.0073;28.8665;22.2426;-256.285;-256.684;-256.88;-256.935;-255.972;0;None;1000;None;15:00:11.528
4040;29.0073;28.8626;22.2504;-256.285;-256.684;-256.88;-256.927;-255.972;0;None;1000;None;15:00:12.024
4041;29.0073;28.8665;22.2504;-256.277;-256.676;-256.888;-256.935;-255.972;0;None;1000;None;15:00:12.536
4042;29.0073;28.8626;22.2504;-256.285;-256.684;-256.88;-256.935;-255.98;0;None;1000;None;15:00:13.032
4043;29.0034;28.8665;22.2504;-256.285;-256.676;-256.888;-256.942;-255.98;0;None;1000;None;15:00:13.537
4044;29.0073;28.8626;22.2504;-256.285;-256.692;-256.888;-256.927;-255.972;0;None;1000;None;15:00:14.025
4045;29.0073;28.8626;22.2504;-256.285;-256.676;-256.888;-256.935;-255.98;0;None;1000;None;15:00:14.538
4046;29.0152;28.8626;22.2426;-256.277;-256.684;-256.888;-256.935;-255.972;0;None;1000;None;15:00:15.036
4047;29.0073;28.8665;22.2504;-256.285;-256.684;-256.88;-256.927;-255.98;0;None;1000;None;15:00:15.531
4048;29.0034;28.8665;22.2504;-256.285;-256.684;-256.888;-256.927;-255.98;0;None;1000;None;15:00:16.027
4049;28.9995;28.8665;22.2504;-256.285;-256.692;-256.88;-256.942;-255.972;0;None;1000;None;15:00:16.537
4050;28.9995;28.8665;22.2426;-256.277;-256.692;-256.88;-256.927;-255.98;0;None;1000;None;15:00:17.036
4051;29.0034;28.8626;22.2426;-256.277;-256.692;-256.888;-256.927;-255.972;0;None;1000;None;15:00:17.532
4052;29.0073;28.8626;22.2504;-256.277;-256.684;-256.888;-256.935;-255.988;0;None;1000;None;15:00:18.033
4053;29.0034;28.8704;22.2426;-256.277;-256.692;-256.88;-256.935;-255.98;0;None;1000;None;15:00:18.533
4054;29.0073;28.8626;22.2504;-256.277;-256.684;-256.88;-256.935;-255.972;0;None;1000;None;15:00:19.022
4055;28.9995;28.8704;22.2426;-256.285;-256.676;-256.888;-256.927;-255.98;0;None;1000;None;15:00:19.536
4056;29.0073;28.8665;22.2504;-256.285;-256.684;-256.88;-256.942;-255.98;0;None;1000;None;15:00:20.034
4057;28.9995;28.8704;22.2426;-256.277;-256.684;-256.88;-256.935;-255.988;0;None;1000;None;15:00:20.530
4058;29.0034;28.8782;22.2348;-256.293;-256.676;-256.888;-256.935;-255.98;0;None;1000;None;15:00:21.027
4059;29.0034;28.8704;22.2348;-256.277;-256.684;-256.88;-256.927;-255.98;0;None;1000;None;15:00:21.523
4060;29.0034;28.8704;22.2348;-256.285;-256.676;-256.888;-256.935;-255.98;0;None;1000;None;15:00:22.035
4061;29.0034;28.8782;22.2348;-256.277;-256.684;-256.88;-256.935;-255.98;0;None;1000;None;15:00:22.528
4062;29.0073;28.8704;22.227;-256.277;-256.684;-256.88;-256.935;-255.988;0;None;1000;None;15:00:23.032
4063;29.0073;28.8665;22.2348;-256.277;-256.684;-256.888;-256.927;-255.98;0;None;1000;None;15:00:23.536
4064;29.0073;28.8665;22.2348;-256.285;-256.684;-256.888;-256.935;-255.988;0;None;1000;None;15:00:24.032
4065;29.0034;28.8704;22.2348;-256.277;-256.676;-256.88;-256.935;-255.988;0;None;1000;None;15:00:24.528
4066;29.0073;28.8704;22.2348;-256.285;-256.684;-256.88;-256.935;-255.98;0;None;1000;None;15:00:25.033
4067;29.0073;28.8704;22.227;-256.285;-256.684;-256.88;-256.942;-255.988;0;None;1000;None;15:00:25.537
4068;29.0034;28.8665;22.2348;-256.277;-256.684;-256.88;-256.935;-255.98;0;None;1000;None;15:00:26.035
4069;29.0034;28.8704;22.2348;-256.277;-256.676;-256.888;-256.935;-255.988;0;None;1000;None;15:00:26.531
4070;29.0034;28.8665;22.2426;-256.285;-256.676;-256.88;-256.942;-255.988;0;None;1000;None;15:00:27.028
4071;29.0034;28.8704;22.2348;-256.285;-256.684;-256.888;-256.942;-255.988;0;None;1000;None;15:00:27.526
4072;29.0034;28.8704;22.2348;-256.285;-256.676;-256.88;-256.935;-255.996;0;None;1000;None;15:00:28.036
4073;29.0034;28.8704;22.2348;-256.277;-256.684;-256.888;-256.935;-255.98;0;None;1000;None;15:00:28.532
4074;29.0034;28.8704;22.227;-256.285;-256.676;-256.888;-256.927;-255.988;0;None;1000;None;15:00:29.029
4075;29.0073;28.8704;22.2426;-256.285;-256.684;-256.888;-256.927;-255.988;0;None;1000;None;15:00:29.525
4076;29.0034;28.8704;22.2348;-256.285;-256.684;-256.88;-256.927;-255.98;0;None;1000;None;15:00:30.036
4077;29.0073;28.8704;22.2348;-256.285;-256.676;-256.888;-256.935;-255.988;0;None;1000;None;15:00:30.532
4078;29.0034;28.8743;22.2348;-256.285;-256.676;-256.88;-256.935;-255.988;0;None;1000;None;15:00:31.033
4079;29.0073;28.8782;22.2348;-256.277;-256.684;-256.888;-256.927;-255.98;0;None;1000;None;15:00:31.532
4080;29.0034;28.8704;22.2348;-256.277;-256.676;-256.888;-256.935;-255.988;0;None;1000;None;15:00:32.037
4081;29.0073;28.8704;22.2348;-256.277;-256.676;-256.888;-256.942;-255.988;0;None;1000;None;15:00:32.533
4082;29.0073;28.8704;22.2348;-256.285;-256.676;-256.88;-256.935;-255.98;0;None;1000;None;15:00:33.031
4083;29.0034;28.8704;22.2348;-256.277;-256.676;-256.88;-256.935;-255.988;0;None;1000;None;15:00:33.524
4084;29.0034;28.8665;22.2348;-256.285;-256.676;-256.888;-256.942;-255.98;0;None;1000;None;15:00:34.035
4085;29.0034;28.8704;22.2426;-256.277;-256.668;-256.88;-256.935;-255.98;0;None;1000;None;15:00:34.531
4086;29.0034;28.8665;22.2426;-256.285;-256.676;-256.888;-256.935;-255.988;0;None;1000;None;15:00:35.027
4087;29.0073;28.8704;22.2426;-256.285;-256.676;-256.888;-256.935;-255.98;0;None;1000;None;15:00:35.523
4088;29.0034;28.8704;22.2426;-256.285;-256.676;-256.888;-256.927;-255.98;0;None;1000;None;15:00:36.034
4089;29.0034;28.8704;22.2426;-256.285;-256.676;-256.895;-256.935;-255.98;0;None;1000;None;15:00:36.530
4090;29.0073;28.8704;22.2426;-256.285;-256.684;-256.888;-256.942;-255.988;0;None;1000;None;15:00:37.025
4091;29.0073;28.8704;22.2426;-256.285;-256.684;-256.888;-256.935;-255.972;0;None;1000;None;15:00:37.520
4092;29.0073;28.8704;22.2426;-256.285;-256.676;-256.895;-256.942;-255.988;0;None;1000;None;15:00:38.033
4093;29.0073;28.8782;22.2426;-256.277;-256.684;-256.888;-256.942;-255.98;0;None;1000;None;15:00:38.527
4094;29.0152;28.8782;22.2426;-256.285;-256.668;-256.88;-256.942;-255.98;0;None;1000;None;15:00:39.035
4095;29.0152;28.8704;22.2426;-256.277;-256.684;-256.888;-256.935;-255.988;0;None;1000;None;15:00:39.529
4096;29.0073;28.8782;22.2348;-256.285;-256.684;-256.895;-256.927;-255.98;0;None;1000;None;15:00:40.023
4097;29.0073;28.8782;22.2348;-256.277;-256.684;-256.888;-256.935;-255.988;0;None;1000;None;15:00:40.531
4098;29.0152;28.8782;22.2426;-256.277;-256.684;-256.895;-256.927;-255.988;0;None;1000;None;15:00:41.027
4099;29.0152;28.8782;22.2426;-256.285;-256.692;-256.895;-256.942;-255.98;0;None;1000;None;15:00:41.528
4100;29.0152;28.8782;22.2426;-256.285;-256.684;-256.903;-256.927;-255.98;0;None;1000;None;15:00:42.029
4101;29.0152;28.8782;22.2426;-256.285;-256.684;-256.895;-256.942;-255.988;0;None;1000;None;15:00:42.526
4102;29.023;28.8782;22.2426;-256.285;-256.684;-256.895;-256.942;-255.98;0;None;1000;None;15:00:43.022
4103;29.0152;28.8782;22.2426;-256.285;-256.676;-256.895;-256.935;-255.988;0;None;1000;None;15:00:43.534
4104;29.0152;28.8861;22.2426;-256.293;-256.684;-256.895;-256.942;-255.98;0;None;1000;None;15:00:44.030
4105;29.0152;28.8782;22.2348;-256.285;-256.684;-256.895;-256.942;-255.98;0;None;1000;None;15:00:44.529
4106;29.023;28.8782;22.2348;-256.285;-256.676;-256.888;-256.942;-255.972;0;None;1000;None;15:00:45.029
4107;29.0152;28.8704;22.2348;-256.277;-256.684;-256.895;-256.935;-255.972;0;None;1000;None;15:00:45.522
4108;29.0308;28.8782;22.2348;-256.285;-256.684;-256.895;-256.95;-255.98;0;None;1000;None;15:00:46.033
4109;29.023;28.8704;22.2426;-256.285;-256.676;-256.895;-256.942;-255.98;0;None;1000;None;15:00:46.532
4110;29.023;28.8704;22.2426;-256.277;-256.684;-256.895;-256.942;-255.98;0;None;1000;None;15:00:47.030
4111;29.023;28.8704;22.2426;-256.285;-256.684;-256.895;-256.942;-255.98;0;None;1000;None;15:00:47.526
4112;29.023;28.8665;22.2426;-256.277;-256.684;-256.895;-256.95;-255.972;0;None;1000;None;15:00:48.023
4113;29.023;28.8704;22.2348;-256.285;-256.684;-256.903;-256.942;-255.98;0;None;1000;None;15:00:48.538
4114;29.023;28.8704;22.2426;-256.285;-256.684;-256.895;-256.95;-255.98;0;None;1000;None;15:00:49.032
4115;29.023;28.8704;22.2426;-256.285;-256.684;-256.895;-256.942;-255.98;0;None;1000;None;15:00:49.531
4116;29.0152;28.8782;22.2426;-256.277;-256.684;-256.895;-256.95;-255.98;0;None;1000;None;15:00:50.028
4117;29.023;28.8704;22.2426;-256.285;-256.684;-256.895;-256.942;-255.98;0;None;1000;None;15:00:50.529
4118;29.023;28.8782;22.2348;-256.285;-256.684;-256.903;-256.942;-255.972;0;None;1000;None;15:00:51.023
4119;29.023;28.8704;22.227;-256.277;-256.692;-256.895;-256.942;-255.98;0;None;1000;None;15:00:51.536
4120;29.023;28.8704;22.2348;-256.285;-256.684;-256.895;-256.942;-255.972;0;None;1000;None;15:00:52.033
4121;29.0152;28.8782;22.2348;-256.277;-256.692;-256.895;-256.95;-255.972;0;None;1000;None;15:00:52.531
4122;29.0152;28.8704;22.2348;-256.285;-256.684;-256.895;-256.942;-255.98;0;None;1000;None;15:00:53.034
4123;29.023;28.8782;22.227;-256.285;-256.684;-256.903;-256.95;-255.98;0;None;1000;None;15:00:53.532
4124;29.0152;28.8704;22.227;-256.285;-256.692;-256.895;-256.95;-255.972;0;None;1000;None;15:00:54.035
4125;29.023;28.8782;22.2348;-256.277;-256.684;-256.895;-256.942;-255.98;0;None;1000;None;15:00:54.532
4126;29.023;28.8665;22.227;-256.285;-256.684;-256.895;-256.942;-255.98;0;None;1000;None;15:00:55.035
4127;29.023;28.8743;22.2348;-256.285;-256.684;-256.888;-256.935;-255.972;0;None;1000;None;15:00:55.531
4128;29.023;28.8704;22.2348;-256.277;-256.684;-256.895;-256.935;-255.98;0;None;1000;None;15:00:56.031
4129;29.023;28.8782;22.2191;-256.285;-256.676;-256.903;-256.935;-255.98;0;None;1000;None;15:00:56.523
4130;29.023;28.8665;22.227;-256.285;-256.692;-256.895;-256.942;-255.972;0;None;1000;None;15:00:57.034
4131;29.023;28.8704;22.2348;-256.277;-256.684;-256.895;-256.942;-255.972;0;None;1000;None;15:00:57.534
4132;29.0152;28.8665;22.2348;-256.285;-256.684;-256.895;-256.935;-255.98;0;None;1000;None;15:00:58.031
4133;29.023;28.8626;22.2348;-256.285;-256.676;-256.895;-256.95;-255.98;0;None;1000;None;15:00:58.528
4134;29.0152;28.8665;22.227;-256.285;-256.684;-256.888;-256.942;-255.972;0;None;1000;None;15:00:59.023
4135;29.0073;28.8665;22.2348;-256.277;-256.684;-256.888;-256.95;-255.972;0;None;1000;None;15:00:59.536
4136;29.0152;28.8704;22.2348;-256.285;-256.676;-256.888;-256.942;-255.98;0;None;1000;None;15:01:00.033
4137;29.0152;28.8626;22.227;-256.277;-256.684;-256.895;-256.935;-255.972;0;None;1000;None;15:01:00.532
4138;29.0073;28.8626;22.2348;-256.277;-256.684;-256.888;-256.95;-255.98;0;None;1000;None;15:01:01.025
4139;29.0152;28.8665;22.227;-256.293;-256.684;-256.895;-256.942;-255.972;0;None;1000;None;15:01:01.522
4140;29.0073;28.8665;22.2348;-256.277;-256.684;-256.895;-256.942;-255.972;0;None;1000;None;15:01:02.035
4141;29.0152;28.8665;22.2348;-256.285;-256.676;-256.895;-256.935;-255.98;0;None;1000;None;15:01:02.534
4142;29.0152;28.8665;22.2348;-256.285;-256.684;-256.895;-256.935;-255.972;0;None;1000;None;15:01:03.034
4143;29.023;28.8665;22.227;-256.285;-256.692;-256.895;-256.935;-255.98;0;None;1000;None;15:01:03.527
4144;29.0152;28.8626;22.2348;-256.277;-256.684;-256.888;-256.942;-255.98;0;None;1000;None;15:01:04.023
4145;29.0152;28.8665;22.2348;-256.277;-256.684;-256.888;-256.942;-255.972;0;None;1000;None;15:01:04.532
4146;29.023;28.8665;22.227;-256.277;-256.676;-256.888;-256.942;-255.972;0;None;1000;None;15:01:05.035
4147;29.0152;28.8665;22.2191;-256.285;-256.676;-256.888;-256.942;-255.972;0;None;1000;None;15:01:05.529
4148;29.0152;28.8704;22.2191;-256.277;-256.684;-256.895;-256.935;-255.98;0;None;1000;None;15:01:06.025
4149;29.0073;28.8704;22.2348;-256.285;-256.676;-256.888;-256.935;-255.972;0;None;1000;None;15:01:06.522
4150;29.023;28.8704;22.227;-256.285;-256.676;-256.895;-256.927;-255.964;0;None;1000;None;15:01:07.036
4151;29.0073;28.8704;22.227;-256.285;-256.676;-256.895;-256.935;-255.972;0;None;1000;None;15:01:07.534
4152;29.0152;28.8704;22.2348;-256.277;-256.684;-256.895;-256.935;-255.972;0;None;1000;None;15:01:08.032
4153;29.0152;28.8782;22.2191;-256.277;-256.684;-256.895;-256.942;-255.98;0;None;1000;None;15:01:08.525
4154;29.0152;28.8782;22.227;-256.285;-256.684;-256.903;-256.942;-255.972;0;None;1000;None;15:01:09.021
4155;29.0152;28.8782;22.2191;-256.285;-256.676;-256.895;-256.942;-255.972;0;None;1000;None;15:01:09.535
4156;29.0152;28.8704;22.2191;-256.277;-256.684;-256.895;-256.942;-255.972;0;None;1000;None;15:01:10.034
4157;29.0152;28.8704;22.2113;-256.285;-256.684;-256.895;-256.942;-255.972;0;None;1000;None;15:01:10.528
4158;29.0152;28.8704;22.2191;-256.277;-256.676;-256.895;-256.942;-255.972;0;None;1000;None;15:01:11.025
4159;29.0152;28.8704;22.2191;-256.285;-256.684;-256.895;-256.942;-255.972;0;None;1000;None;15:01:11.537
4160;29.0152;28.8704;22.2191;-256.285;-256.684;-256.895;-256.935;-255.972;0;None;1000;None;15:01:12.035
4161;29.0073;28.8704;22.227;-256.277;-256.676;-256.903;-256.935;-255.972;0;None;1000;None;15:01:12.533
4162;29.0152;28.8704;22.2191;-256.277;-256.684;-256.895;-256.942;-255.972;0;None;1000;None;15:01:13.031
4163;29.0073;28.8665;22.227;-256.285;-256.676;-256.888;-256.935;-255.972;0;None;1000;None;15:01:13.528
4164;29.0152;28.8704;22.2191;-256.285;-256.684;-256.895;-256.935;-255.98;0;None;1000;None;15:01:14.026
4165;29.0152;28.8704;22.227;-256.285;-256.676;-256.895;-256.935;-255.972;0;None;1000;None;15:01:14.537
4166;29.023;28.8704;22.2191;-256.285;-256.684;-256.895;-256.935;-255.972;0;None;1000;None;15:01:15.035
4167;29.0152;28.8704;22.2191;-256.277;-256.684;-256.895;-256.942;-255.972;0;None;1000;None;15:01:15.531
4168;29.0152;28.8704;22.227;-256.285;-256.676;-256.888;-256.942;-255.964;0;None;1000;None;15:01:16.029
4169;29.023;28.8704;22.227;-256.293;-256.676;-256.895;-256.942;-255.972;0;None;1000;None;15:01:16.529
4170;29.0152;28.8665;22.2348;-256.285;-256.676;-256.895;-256.935;-255.98;0;None;1000;None;15:01:17.024
4171;29.0073;28.8704;22.2191;-256.285;-256.684;-256.888;-256.935;-255.964;0;None;1000;None;15:01:17.536
4172;29.0152;28.8743;22.227;-256.285;-256.684;-256.895;-256.935;-255.972;0;None;1000;None;15:01:18.033
4173;29.0152;28.8665;22.2191;-256.285;-256.692;-256.895;-256.95;-255.98;0;None;1000;None;15:01:18.531
4174;29.0073;28.8704;22.227;-256.285;-256.684;-256.888;-256.942;-255.964;0;None;1000;None;15:01:19.026
4175;29.0034;28.8704;22.227;-256.285;-256.676;-256.895;-256.942;-255.98;0;None;1000;None;15:01:19.521
4176;29.0152;28.8704;22.227;-256.277;-256.684;-256.895;-256.935;-255.964;0;None;1000;None;15:01:20.034
4177;29.0073;28.8704;22.2191;-256.285;-256.684;-256.895;-256.942;-255.972;0;None;1000;None;15:01:20.529
4178;29.0152;28.8665;22.227;-256.285;-256.676;-256.895;-256.942;-255.972;0;None;1000;None;15:01:21.026
4179;29.0152;28.8743;22.227;-256.277;-256.684;-256.895;-256.942;-255.972;0;None;1000;None;15:01:21.522
4180;29.0152;28.8743;22.227;-256.277;-256.684;-256.895;-256.942;-255.964;0;None;1000;None;15:01:22.035
4181;29.0152;28.8782;22.227;-256.285;-256.676;-256.895;-256.942;-255.972;0;None;1000;None;15:01:22.530
4182;29.023;28.8704;22.227;-256.269;-256.684;-256.888;-256.935;-255.972;0;None;1000;None;15:01:23.032
4183;29.0152;28.8782;22.227;-256.269;-256.684;-256.895;-256.942;-255.964;0;None;1000;None;15:01:23.525
4184;29.0152;28.8665;22.2191;-256.277;-256.676;-256.895;-256.95;-255.964;0;None;1000;None;15:01:24.023
4185;29.0073;28.8704;22.2191;-256.277;-256.692;-256.888;-256.942;-255.972;0;None;1000;None;15:01:24.536
4186;29.0152;28.8704;22.2191;-256.277;-256.684;-256.895;-256.942;-255.972;0;None;1000;None;15:01:25.036
4187;29.0073;28.8704;22.2191;-256.285;-256.684;-256.895;-256.942;-255.964;0;None;1000;None;15:01:25.528
4188;29.0073;28.8704;22.2191;-256.277;-256.676;-256.895;-256.942;-255.972;0;None;1000;None;15:01:26.025
4189;29.0073;28.8704;22.2191;-256.285;-256.676;-256.888;-256.942;-255.972;0;None;1000;None;15:01:26.521
4190;29.0073;28.8704;22.2191;-256.277;-256.676;-256.895;-256.942;-255.964;0;None;1000;None;15:01:27.034
4191;29.0152;28.8704;22.2191;-256.285;-256.676;-256.895;-256.942;-255.972;0;None;1000;None;15:01:27.530
4192;29.0073;28.8704;22.2191;-256.277;-256.668;-256.903;-256.95;-255.972;0;None;1000;None;15:01:28.029
4193;29.0152;28.8704;22.2191;-256.285;-256.676;-256.895;-256.942;-255.972;0;None;1000;None;15:01:28.523
4194;29.0152;28.8665;22.2113;-256.285;-256.676;-256.895;-256.95;-255.972;0;None;1000;None;15:01:29.036
4195;29.0073;28.8704;22.2191;-256.277;-256.676;-256.895;-256.958;-255.972;0;None;1000;None;15:01:29.533
4196;29.0034;28.8665;22.2191;-256.277;-256.676;-256.888;-256.95;-255.972;0;None;1000;None;15:01:30.030
4197;29.0073;28.8704;22.2113;-256.285;-256.676;-256.895;-256.95;-255.972;0;None;1000;None;15:01:30.531
4198;29.0073;28.8782;22.2191;-256.277;-256.676;-256.895;-256.942;-255.972;0;None;1000;None;15:01:31.024
4199;29.0152;28.8665;22.2191;-256.277;-256.676;-256.903;-256.942;-255.972;0;None;1000;None;15:01:31.535
4200;29.0034;28.8704;22.2035;-256.285;-256.668;-256.895;-256.935;-255.964;0;None;1000;None;15:01:32.032
4201;29.0034;28.8665;22.2191;-256.277;-256.676;-256.895;-256.942;-255.972;0;None;1000;None;15:01:32.530
4202;29.0034;28.8704;22.2113;-256.277;-256.676;-256.895;-256.935;-255.972;0;None;1000;None;15:01:33.027
4203;29.0034;28.8704;22.2191;-256.285;-256.676;-256.895;-256.942;-255.972;0;None;1000;None;15:01:33.534
4204;29.0073;28.8704;22.2191;-256.285;-256.676;-256.895;-256.935;-255.972;0;None;1000;None;15:01:34.027
4205;29.0034;28.8704;22.227;-256.285;-256.676;-256.895;-256.942;-255.972;0;None;1000;None;15:01:34.533
4206;29.0034;28.8704;22.2191;-256.285;-256.676;-256.895;-256.942;-255.972;0;None;1000;None;15:01:35.034
4207;29.0073;28.8704;22.2113;-256.277;-256.676;-256.895;-256.95;-255.964;0;None;1000;None;15:01:35.530
4208;29.0073;28.8704;22.2191;-256.277;-256.676;-256.888;-256.95;-255.964;0;None;1000;None;15:01:36.029
4209;29.0034;28.8704;22.2113;-256.277;-256.676;-256.895;-256.942;-255.972;0;None;1000;None;15:01:36.524
4210;29.0034;28.8704;22.2191;-256.277;-256.676;-256.895;-256.942;-255.964;0;None;1000;None;15:01:37.021
4211;29.0034;28.8743;22.2191;-256.277;-256.676;-256.895;-256.942;-255.972;0;None;1000;None;15:01:37.534
4212;29.0034;28.8704;22.2191;-256.277;-256.676;-256.903;-256.942;-255.972;0;None;1000;None;15:01:38.029
4213;29.0073;28.8782;22.2191;-256.285;-256.684;-256.888;-256.942;-255.972;0;None;1000;None;15:01:38.529
4214;29.0034;28.8704;22.2113;-256.277;-256.684;-256.895;-256.935;-255.972;0;None;1000;None;15:01:39.022
4215;29.0073;28.8704;22.2113;-256.277;-256.684;-256.895;-256.942;-255.972;0;None;1000;None;15:01:39.535
4216;29.0073;28.8665;22.2113;-256.285;-256.684;-256.895;-256.942;-255.972;0;None;1000;None;15:01:40.031
4217;29.0152;28.8704;22.2113;-256.277;-256.684;-256.888;-256.942;-255.972;0;None;1000;None;15:01:40.529
4218;29.0073;28.8665;22.2113;-256.285;-256.692;-256.895;-256.942;-255.98;0;None;1000;None;15:01:41.028
4219;29.0034;28.8665;22.2113;-256.277;-256.684;-256.895;-256.942;-255.972;0;None;1000;None;15:01:41.537
4220;29.0073;28.8665;22.2191;-256.277;-256.692;-256.895;-256.95;-255.972;0;None;1000;None;15:01:42.034
4221;29.023;28.8704;22.2113;-256.277;-256.684;-256.895;-256.942;-255.98;0;None;1000;None;15:01:42.529
4222;29.0073;28.8665;22.2191;-256.285;-256.684;-256.895;-256.942;-255.98;0;None;1000;None;15:01:43.029
4223;29.0152;28.8665;22.2191;-256.285;-256.684;-256.888;-256.942;-255.972;0;None;1000;None;15:01:43.524
4224;29.0152;28.8665;22.2113;-256.277;-256.684;-256.895;-256.942;-255.98;0;None;1000;None;15:01:44.035
4225;29.0152;28.8665;22.2191;-256.285;-256.676;-256.895;-256.942;-255.972;0;None;1000;None;15:01:44.532
4226;29.0152;28.8665;22.2191;-256.285;-256.684;-256.895;-256.942;-255.98;0;None;1000;None;15:01:45.030
4227;29.0073;28.8665;22.2113;-256.277;-256.676;-256.895;-256.942;-255.98;0;None;1000;None;15:01:45.537
4228;29.0152;28.8626;22.2191;-256.285;-256.684;-256.895;-256.942;-255.98;0;None;1000;None;15:01:46.035
4229;29.0152;28.8665;22.2113;-256.285;-256.676;-256.895;-256.942;-255.98;0;None;1000;None;15:01:46.530
4230;29.0152;28.8626;22.2113;-256.285;-256.684;-256.888;-256.95;-255.98;0;None;1000;None;15:01:47.025
4231;29.0073;28.8665;22.2113;-256.285;-256.692;-256.888;-256.942;-255.98;0;None;1000;None;15:01:47.535
4232;29.0152;28.8665;22.2191;-256.285;-256.676;-256.895;-256.942;-255.98;0;None;1000;None;15:01:48.029
4233;29.0152;28.8626;22.2113;-256.285;-256.684;-256.888;-256.95;-255.98;0;None;1000;None;15:01:48.524
4234;29.0073;28.8587;22.2191;-256.285;-256.676;-256.888;-256.942;-255.98;0;None;1000;None;15:01:49.022
4235;29.0152;28.8626;22.2113;-256.285;-256.684;-256.888;-256.942;-255.98;0;None;1000;None;15:01:49.531
4236;29.0073;28.8587;22.2113;-256.285;-256.684;-256.895;-256.942;-255.98;0;None;1000;None;15:01:50.040
4237;29.0073;28.8587;22.2191;-256.277;-256.684;-256.88;-256.95;-255.98;0;None;1000;None;15:01:50.522
4238;29.0073;28.8626;22.2191;-256.285;-256.684;-256.888;-256.942;-255.98;0;None;1000;None;15:01:51.035
4239;29.0152;28.8626;22.2113;-256.277;-256.676;-256.895;-256.942;-255.988;0;None;1000;None;15:01:51.531
4240;29.0073;28.8626;22.227;-256.277;-256.684;-256.888;-256.942;-255.98;0;None;1000;None;15:01:52.029
4241;29.0073;28.8626;22.227;-256.277;-256.684;-256.888;-256.95;-255.98;0;None;1000;None;15:01:52.526
4242;29.023;28.8626;22.2191;-256.277;-256.676;-256.888;-256.95;-255.972;0;None;1000;None;15:01:53.035
4243;29.0073;28.8665;22.2113;-256.277;-256.684;-256.888;-256.95;-255.98;0;None;1000;None;15:01:53.532
4244;29.0152;28.8626;22.2191;-256.277;-256.676;-256.888;-256.95;-255.98;0;None;1000;None;15:01:54.030
4245;29.0152;28.8665;22.2191;-256.269;-256.684;-256.888;-256.95;-255.98;0;None;1000;None;15:01:54.537
4246;29.0073;28.8665;22.2191;-256.277;-256.676;-256.895;-256.95;-255.988;0;None;1000;None;15:01:55.023
4247;29.0152;28.8626;22.2191;-256.269;-256.676;-256.888;-256.95;-255.98;0;None;1000;None;15:01:55.534
4248;29.0073;28.8626;22.2191;-256.269;-256.684;-256.895;-256.95;-255.972;0;None;1000;None;15:01:56.031
4249;29.0152;28.8626;22.2191;-256.277;-256.684;-256.888;-256.942;-255.98;0;None;1000;None;15:01:56.527
4250;29.0073;28.8626;22.2191;-256.269;-256.676;-256.895;-256.942;-255.98;0;None;1000;None;15:01:57.023
4251;29.0073;28.8626;22.2191;-256.277;-256.684;-256.888;-256.95;-255.98;0;None;1000;None;15:01:57.536
4252;29.0034;28.8665;22.227;-256.269;-256.684;-256.888;-256.935;-255.988;0;None;1000;None;15:01:58.033
4253;29.0073;28.8665;22.227;-256.277;-256.684;-256.888;-256.942;-255.972;0;None;1000;None;15:01:58.530
4254;29.0073;28.8704;22.2191;-256.269;-256.684;-256.888;-256.942;-255.98;0;None;1000;None;15:01:59.029
4255;29.0073;28.8665;22.2191;-256.277;-256.676;-256.888;-256.942;-255.972;0;None;1000;None;15:01:59.526
4256;29.0073;28.8665;22.227;-256.262;-256.676;-256.895;-256.95;-255.98;0;None;1000;None;15:02:00.020
4257;29.0073;28.8665;22.2191;-256.269;-256.676;-256.895;-256.935;-255.98;0;None;1000;None;15:02:00.533
4258;29.0073;28.8704;22.2191;-256.277;-256.676;-256.888;-256.95;-255.972;0;None;1000;None;15:02:01.030
4259;29.0034;28.8665;22.227;-256.269;-256.692;-256.888;-256.942;-255.972;0;None;1000;None;15:02:01.526
4260;29.0073;28.8704;22.227;-256.269;-256.684;-256.888;-256.942;-255.98;0;None;1000;None;15:02:02.021
4261;29.0073;28.8665;22.227;-256.269;-256.684;-256.895;-256.942;-255.98;0;None;1000;None;15:02:02.534
4262;29.0034;28.8665;22.227;-256.277;-256.692;-256.888;-256.942;-255.972;0;None;1000;None;15:02:03.032
4263;29.0073;28.8626;22.2191;-256.277;-256.684;-256.895;-256.942;-255.98;0;None;1000;None;15:02:03.529
4264;29.0034;28.8665;22.227;-256.269;-256.692;-256.888;-256.935;-255.98;0;None;1000;None;15:02:04.023
4265;29.0034;28.8665;22.2191;-256.277;-256.684;-256.888;-256.942;-255.98;0;None;1000;None;15:02:04.534
4266;29.0034;28.8665;22.227;-256.277;-256.692;-256.888;-256.942;-255.98;0;None;1000;None;15:02:05.031
4267;29.0073;28.8665;22.227;-256.277;-256.684;-256.888;-256.95;-255.98;0;None;1000;None;15:02:05.528
4268;29.0034;28.8626;22.227;-256.277;-256.692;-256.888;-256.942;-255.972;0;None;1000;None;15:02:06.033
4269;29.0073;28.8704;22.227;-256.277;-256.692;-256.888;-256.942;-255.972;0;None;1000;None;15:02:06.536
4270;28.9995;28.8665;22.2348;-256.269;-256.684;-256.888;-256.942;-255.972;0;None;1000;None;15:02:07.033
4271;29.0034;28.8665;22.2348;-256.277;-256.692;-256.888;-256.95;-255.964;0;None;1000;None;15:02:07.529
4272;28.9995;28.8665;22.227;-256.277;-256.684;-256.895;-256.942;-255.972;0;None;1000;None;15:02:08.029
4273;28.9995;28.8704;22.227;-256.285;-256.684;-256.895;-256.942;-255.98;0;None;1000;None;15:02:08.522
4274;28.9995;28.8704;22.2348;-256.277;-256.684;-256.903;-256.942;-255.972;0;None;1000;None;15:02:09.035
4275;28.9995;28.8704;22.227;-256.269;-256.684;-256.895;-256.935;-255.972;0;None;1000;None;15:02:09.530
4276;29.0034;28.8782;22.227;-256.269;-256.684;-256.895;-256.942;-255.98;0;None;1000;None;15:02:10.027
4277;28.9956;28.8782;22.2191;-256.262;-256.684;-256.895;-256.935;-255.972;0;None;1000;None;15:02:10.524
4278;29.0034;28.8704;22.227;-256.269;-256.684;-256.903;-256.935;-255.972;0;None;1000;None;15:02:11.021
4279;28.9995;28.8704;22.2191;-256.277;-256.684;-256.895;-256.935;-255.98;0;None;1000;None;15:02:11.534
4280;29.0034;28.8782;22.227;-256.277;-256.684;-256.895;-256.927;-255.972;0;None;1000;None;15:02:12.031
4281;28.9995;28.8704;22.2191;-256.277;-256.692;-256.895;-256.935;-255.98;0;None;1000;None;15:02:12.544
4282;28.9995;28.8782;22.227;-256.277;-256.684;-256.895;-256.927;-255.972;0;None;1000;None;15:02:13.025
4283;29.0073;28.8782;22.227;-256.277;-256.692;-256.895;-256.935;-255.972;0;None;1000;None;15:02:13.523
4284;29.0073;28.8704;22.2191;-256.285;-256.692;-256.895;-256.942;-255.972;0;None;1000;None;15:02:14.020
4285;29.0034;28.8704;22.227;-256.277;-256.684;-256.895;-256.942;-255.972;0;None;1000;None;15:02:14.537
4286;29.0034;28.8704;22.227;-256.277;-256.684;-256.888;-256.95;-255.972;0;None;1000;None;15:02:15.032
4287;29.0034;28.8782;22.227;-256.285;-256.684;-256.895;-256.95;-255.972;0;None;1000;None;15:02:15.529
4288;29.0073;28.8704;22.2348;-256.277;-256.684;-256.888;-256.95;-255.972;0;None;1000;None;15:02:16.027
4289;29.0034;28.8782;22.2191;-256.285;-256.692;-256.888;-256.95;-255.972;0;None;1000;None;15:02:16.525
4290;29.0073;28.8782;22.227;-256.285;-256.684;-256.888;-256.942;-255.972;0;None;1000;None;15:02:17.022
4291;29.0034;28.8782;22.2348;-256.277;-256.684;-256.895;-256.95;-255.972;0;None;1000;None;15:02:17.533
4292;29.0034;28.8782;22.2191;-256.277;-256.692;-256.895;-256.95;-255.98;0;None;1000;None;15:02:18.030
4293;29.0034;28.8782;22.2348;-256.277;-256.684;-256.895;-256.95;-255.972;0;None;1000;None;15:02:18.528
4294;29.0034;28.8861;22.227;-256.277;-256.676;-256.895;-256.95;-255.98;0;None;1000;None;15:02:19.026
4295;29.0073;28.8704;22.2348;-256.277;-256.692;-256.888;-256.95;-255.972;0;None;1000;None;15:02:19.520
4296;29.0034;28.8782;22.2348;-256.277;-256.684;-256.903;-256.95;-255.972;0;None;1000;None;15:02:20.033
4297;29.0034;28.8861;22.2348;-256.277;-256.684;-256.895;-256.95;-255.98;0;None;1000;None;15:02:20.531
4298;29.0073;28.8782;22.2348;-256.277;-256.684;-256.895;-256.942;-255.98;0;None;1000;None;15:02:21.032
4299;29.0034;28.8782;22.227;-256.285;-256.684;-256.895;-256.942;-255.972;0;None;1000;None;15:02:21.526
4300;29.0073;28.8704;22.2348;-256.285;-256.692;-256.888;-256.935;-255.972;0;None;1000;None;15:02:22.035
4301;29.0034;28.8782;22.2426;-256.285;-256.684;-256.895;-256.942;-255.972;0;None;1000;None;15:02:22.532
4302;28.9995;28.8782;22.2426;-256.293;-256.684;-256.888;-256.95;-255.964;0;None;1000;None;15:02:23.024
4303;29.0034;28.8665;22.2348;-256.277;-256.684;-256.888;-256.95;-255.972;0;None;1000;None;15:02:23.535
4304;28.9995;28.8782;22.227;-256.285;-256.692;-256.888;-256.95;-255.98;0;None;1000;None;15:02:24.031
4305;29.0034;28.8704;22.2426;-256.285;-256.676;-256.888;-256.942;-255.964;0;None;1000;None;15:02:24.529
4306;28.9995;28.8782;22.2348;-256.285;-256.684;-256.888;-256.95;-255.972;0;None;1000;None;15:02:25.024
4307;29.0034;28.8704;22.2348;-256.285;-256.684;-256.895;-256.942;-255.98;0;None;1000;None;15:02:25.521
4308;29.0073;28.8782;22.2348;-256.285;-256.676;-256.895;-256.95;-255.972;0;None;1000;None;15:02:26.028
4309;29.0034;28.8782;22.2348;-256.285;-256.684;-256.888;-256.942;-255.972;0;None;1000;None;15:02:26.531
4310;28.9995;28.8782;22.2348;-256.285;-256.692;-256.88;-256.942;-255.972;0;None;1000;None;15:02:27.029
4311;29.0034;28.8704;22.2348;-256.285;-256.684;-256.88;-256.935;-255.98;0;None;1000;None;15:02:27.527
4312;29.0034;28.8704;22.2426;-256.285;-256.684;-256.88;-256.942;-255.972;0;None;1000;None;15:02:28.025
4313;29.0034;28.8704;22.227;-256.285;-256.684;-256.888;-256.935;-255.972;0;None;1000;None;15:02:28.523
4314;29.0073;28.8704;22.2426;-256.293;-256.684;-256.88;-256.942;-255.972;0;None;1000;None;15:02:29.021
4315;29.0034;28.8665;22.2348;-256.285;-256.684;-256.88;-256.95;-255.972;0;None;1000;None;15:02:29.534
4316;29.0034;28.8704;22.2348;-256.285;-256.684;-256.888;-256.942;-255.972;0;None;1000;None;15:02:30.031
4317;28.9995;28.8665;22.2348;-256.277;-256.684;-256.88;-256.935;-255.98;0;None;1000;None;15:02:30.534
4318;29.0034;28.8704;22.227;-256.285;-256.684;-256.895;-256.95;-255.964;0;None;1000;None;15:02:31.026
4319;29.0034;28.8704;22.2348;-256.277;-256.676;-256.888;-256.942;-255.972;0;None;1000;None;15:02:31.524
4320;28.9995;28.8704;22.227;-256.277;-256.684;-256.888;-256.942;-255.972;0;None;1000;None;15:02:32.021
4321;28.9956;28.8704;22.227;-256.269;-256.684;-256.888;-256.935;-255.972;0;None;1000;None;15:02:32.535
4322;28.9995;28.8782;22.2348;-256.277;-256.676;-256.888;-256.935;-255.98;0;None;1000;None;15:02:33.032
4323;28.9995;28.8782;22.2348;-256.269;-256.684;-256.888;-256.935;-255.964;0;None;1000;None;15:02:33.534
4324;28.9995;28.8704;22.2426;-256.277;-256.676;-256.888;-256.935;-255.972;0;None;1000;None;15:02:34.025
4325;29.0034;28.8782;22.2504;-256.269;-256.684;-256.888;-256.942;-255.972;0;None;1000;None;15:02:34.536
4326;28.9995;28.8704;22.2426;-256.269;-256.676;-256.888;-256.942;-255.964;0;None;1000;None;15:02:35.035
4327;28.9995;28.8704;22.2426;-256.269;-256.684;-256.888;-256.935;-255.972;0;None;1000;None;15:02:35.535
4328;28.9995;28.8782;22.2426;-256.277;-256.676;-256.888;-256.942;-255.972;0;None;1000;None;15:02:36.030
4329;29.0034;28.8704;22.2426;-256.269;-256.676;-256.888;-256.942;-255.964;0;None;1000;None;15:02:36.528
4330;29.0034;28.8782;22.2348;-256.269;-256.684;-256.88;-256.935;-255.972;0;None;1000;None;15:02:37.022
4331;29.0034;28.8704;22.2504;-256.269;-256.684;-256.888;-256.942;-255.964;0;None;1000;None;15:02:37.536
4332;29.0034;28.8782;22.2426;-256.277;-256.684;-256.888;-256.935;-255.972;0;None;1000;None;15:02:38.032
4333;28.9995;28.8704;22.2426;-256.277;-256.684;-256.88;-256.942;-255.972;0;None;1000;None;15:02:38.536
4334;28.9995;28.8704;22.2426;-256.277;-256.684;-256.888;-256.935;-255.972;0;None;1000;None;15:02:39.028
4335;29.0034;28.8704;22.2426;-256.269;-256.676;-256.895;-256.942;-255.964;0;None;1000;None;15:02:39.523
4336;28.9956;28.8665;22.2426;-256.277;-256.684;-256.88;-256.935;-255.964;0;None;1000;None;15:02:40.035
4337;29.0034;28.8665;22.2426;-256.277;-256.684;-256.888;-256.935;-255.98;0;None;1000;None;15:02:40.532
4338;28.9995;28.8665;22.2426;-256.277;-256.676;-256.88;-256.942;-255.972;0;None;1000;None;15:02:41.028
4339;29.0034;28.8626;22.2426;-256.277;-256.676;-256.888;-256.942;-255.972;0;None;1000;None;15:02:41.522
4340;28.9995;28.8626;22.2426;-256.277;-256.676;-256.895;-256.942;-255.972;0;None;1000;None;15:02:42.034
4341;28.9995;28.8665;22.2426;-256.277;-256.684;-256.888;-256.935;-255.98;0;None;1000;None;15:02:42.528
4342;29.0034;28.8704;22.2348;-256.277;-256.676;-256.888;-256.942;-255.972;0;None;1000;None;15:02:43.024
4343;29.0034;28.8665;22.2426;-256.277;-256.684;-256.88;-256.942;-255.972;0;None;1000;None;15:02:43.532
4344;28.9995;28.8665;22.2348;-256.269;-256.684;-256.888;-256.942;-255.972;0;None;1000;None;15:02:44.028
4345;29.0034;28.8665;22.227;-256.285;-256.676;-256.888;-256.95;-255.98;0;None;1000;None;15:02:44.522
4346;29.0034;28.8704;22.2348;-256.277;-256.676;-256.88;-256.942;-255.98;0;None;1000;None;15:02:45.034
4347;28.9995;28.8704;22.227;-256.277;-256.684;-256.88;-256.95;-255.98;0;None;1000;None;15:02:45.530
4348;29.0034;28.8665;22.2348;-256.285;-256.684;-256.888;-256.942;-255.972;0;None;1000;None;15:02:46.028
4349;29.0034;28.8704;22.227;-256.277;-256.684;-256.88;-256.95;-255.98;0;None;1000;None;15:02:46.525
4350;28.9995;28.8626;22.2426;-256.277;-256.684;-256.888;-256.942;-255.98;0;None;1000;None;15:02:47.023
4351;29.0034;28.8665;22.2426;-256.277;-256.684;-256.888;-256.942;-255.972;0;None;1000;None;15:02:47.536
4352;28.9995;28.8626;22.2426;-256.277;-256.684;-256.888;-256.942;-255.972;0;None;1000;None;15:02:48.035
4353;29.0034;28.8626;22.2348;-256.277;-256.684;-256.888;-256.942;-255.98;0;None;1000;None;15:02:48.533
4354;29.0073;28.8626;22.2348;-256.285;-256.684;-256.888;-256.942;-255.972;0;None;1000;None;15:02:49.032
4355;29.0034;28.8587;22.2348;-256.269;-256.684;-256.88;-256.942;-255.964;0;None;1000;None;15:02:49.527
4356;28.9995;28.8587;22.2348;-256.277;-256.676;-256.888;-256.942;-255.98;0;None;1000;None;15:02:50.022
4357;29.0034;28.8587;22.2426;-256.277;-256.684;-256.888;-256.942;-255.972;0;None;1000;None;15:02:50.532
4358;29.0034;28.8626;22.2348;-256.277;-256.676;-256.888;-256.942;-255.972;0;None;1000;None;15:02:51.031
4359;29.0034;28.8626;22.227;-256.277;-256.684;-256.888;-256.942;-255.98;0;None;1000;None;15:02:51.529
4360;29.0034;28.8626;22.2348;-256.277;-256.684;-256.888;-256.935;-255.972;0;None;1000;None;15:02:52.027
4361;29.0034;28.8626;22.227;-256.277;-256.692;-256.888;-256.942;-255.972;0;None;1000;None;15:02:52.535
4362;29.0034;28.8587;22.227;-256.285;-256.684;-256.888;-256.942;-255.98;0;None;1000;None;15:02:53.021
4363;29.0034;28.8587;22.227;-256.277;-256.684;-256.888;-256.95;-255.964;0;None;1000;None;15:02:53.533
4364;28.9995;28.8587;22.227;-256.277;-256.684;-256.888;-256.942;-255.972;0;None;1000;None;15:02:54.031
4365;28.9995;28.8626;22.2191;-256.269;-256.684;-256.888;-256.942;-255.964;0;None;1000;None;15:02:54.529
4366;28.9995;28.8587;22.227;-256.277;-256.676;-256.888;-256.942;-255.972;0;None;1000;None;15:02:55.030
4367;29.0034;28.8626;22.2191;-256.277;-256.684;-256.888;-256.942;-255.972;0;None;1000;None;15:02:55.523
4368;29.0034;28.8587;22.227;-256.277;-256.684;-256.888;-256.95;-255.972;0;None;1000;None;15:02:56.020
4369;29.0034;28.8626;22.227;-256.269;-256.676;-256.888;-256.942;-255.972;0;None;1000;None;15:02:56.532
4370;29.0034;28.8626;22.227;-256.277;-256.676;-256.888;-256.942;-255.972;0;None;1000;None;15:02:57.029
4371;29.0034;28.8626;22.227;-256.277;-256.676;-256.888;-256.942;-255.964;0;None;1000;None;15:02:57.525
4372;29.0034;28.8665;22.227;-256.285;-256.676;-256.888;-256.935;-255.98;0;None;1000;None;15:02:58.021
4373;29.0034;28.8626;22.227;-256.277;-256.684;-256.888;-256.942;-255.98;0;None;1000;None;15:02:58.534
4374;29.0034;28.8626;22.2348;-256.277;-256.676;-256.88;-256.935;-255.972;0;None;1000;None;15:02:59.030
4375;29.0152;28.8665;22.2348;-256.277;-256.684;-256.888;-256.935;-255.972;0;None;1000;None;15:02:59.532
4376;29.0152;28.8626;22.2348;-256.285;-256.676;-256.888;-256.942;-255.972;0;None;1000;None;15:03:00.022
4377;29.0073;28.8665;22.227;-256.277;-256.684;-256.888;-256.942;-255.972;0;None;1000;None;15:03:00.532
4378;29.0073;28.8665;22.2426;-256.277;-256.684;-256.895;-256.935;-255.972;0;None;1000;None;15:03:01.030
4379;29.0073;28.8665;22.227;-256.277;-256.684;-256.888;-256.942;-255.964;0;None;1000;None;15:03:01.530
4380;29.0073;28.8626;22.2348;-256.277;-256.676;-256.888;-256.935;-255.972;0;None;1000;None;15:03:02.027
4381;29.0073;28.8665;22.227;-256.277;-256.684;-256.888;-256.935;-255.98;0;None;1000;None;15:03:02.521
4382;29.0152;28.8626;22.227;-256.277;-256.684;-256.888;-256.942;-255.98;0;None;1000;None;15:03:03.032
4383;29.0073;28.8665;22.227;-256.285;-256.684;-256.888;-256.935;-255.972;0;None;1000;None;15:03:03.530
4384;29.0034;28.8626;22.227;-256.277;-256.676;-256.895;-256.942;-255.98;0;None;1000;None;15:03:04.025
4385;29.0034;28.8665;22.227;-256.285;-256.684;-256.888;-256.942;-255.972;0;None;1000;None;15:03:04.521
4386;29.0073;28.8626;22.227;-256.277;-256.676;-256.888;-256.935;-255.98;0;None;1000;None;15:03:05.035
4387;29.0073;28.8626;22.2191;-256.285;-256.684;-256.888;-256.942;-255.972;0;None;1000;None;15:03:05.532
4388;29.0034;28.8665;22.2191;-256.277;-256.684;-256.888;-256.95;-255.98;0;None;1000;None;15:03:06.030
4389;29.0034;28.8626;22.227;-256.277;-256.684;-256.888;-256.942;-255.972;0;None;1000;None;15:03:06.535
4390;29.0034;28.8626;22.2191;-256.277;-256.676;-256.888;-256.942;-255.98;0;None;1000;None;15:03:07.027
4391;29.0073;28.8626;22.227;-256.277;-256.684;-256.895;-256.95;-255.972;0;None;1000;None;15:03:07.522
4392;29.0073;28.8626;22.2348;-256.269;-256.676;-256.88;-256.935;-255.972;0;None;1000;None;15:03:08.019
4393;29.0152;28.8626;22.2348;-256.285;-256.676;-256.888;-256.942;-255.972;0;None;1000;None;15:03:08.530
4394;29.0152;28.8587;22.2348;-256.277;-256.676;-256.895;-256.927;-255.98;0;None;1000;None;15:03:09.027
4395;29.0152;28.8587;22.2348;-256.269;-256.676;-256.888;-256.942;-255.972;0;None;1000;None;15:03:09.524
4396;29.0152;28.8665;22.2348;-256.277;-256.684;-256.888;-256.935;-255.972;0;None;1000;None;15:03:10.023
4397;29.023;28.8626;22.2348;-256.277;-256.676;-256.88;-256.935;-255.98;0;None;1000;None;15:03:10.532
4398;29.023;28.8626;22.227;-256.277;-256.684;-256.888;-256.935;-255.98;0;None;1000;None;15:03:11.029
4399;29.0152;28.8626;22.2426;-256.285;-256.676;-256.888;-256.942;-255.972;0;None;1000;None;15:03:11.528
4400;29.023;28.8626;22.2426;-256.277;-256.684;-256.88;-256.935;-255.98;0;None;1000;None;15:03:12.023
4401;29.023;28.8665;22.2426;-256.277;-256.676;-256.888;-256.935;-255.972;0;None;1000;None;15:03:12.535
4402;29.023;28.8587;22.2348;-256.285;-256.684;-256.888;-256.942;-255.972;0;None;1000;None;15:03:13.032
4403;29.0073;28.8665;22.2348;-256.277;-256.676;-256.888;-256.935;-255.972;0;None;1000;None;15:03:13.530
4404;29.0152;28.8626;22.2348;-256.277;-256.684;-256.895;-256.942;-255.972;0;None;1000;None;15:03:14.032
4405;29.0152;28.8665;22.2348;-256.277;-256.684;-256.888;-256.95;-255.972;0;None;1000;None;15:03:14.525
4406;29.023;28.8626;22.2426;-256.277;-256.676;-256.888;-256.942;-255.972;0;None;1000;None;15:03:15.022
4407;29.0152;28.8626;22.2504;-256.277;-256.684;-256.888;-256.942;-255.972;0;None;1000;None;15:03:15.534
4408;29.0152;28.8626;22.2504;-256.277;-256.676;-256.88;-256.942;-255.972;0;None;1000;None;15:03:16.032
4409;29.023;28.8626;22.2504;-256.277;-256.684;-256.88;-256.942;-255.964;0;None;1000;None;15:03:16.529
4410;29.0152;28.8587;22.2426;-256.277;-256.684;-256.888;-256.942;-255.964;0;None;1000;None;15:03:17.027
4411;29.0152;28.8665;22.2504;-256.269;-256.676;-256.88;-256.942;-255.972;0;None;1000;None;15:03:17.535
4412;29.0152;28.8626;22.2504;-256.277;-256.676;-256.888;-256.942;-255.964;0;None;1000;None;15:03:18.034
4413;29.0073;28.8626;22.2583;-256.277;-256.684;-256.88;-256.935;-255.972;0;None;1000;None;15:03:18.530
4414;29.0152;28.8665;22.2504;-256.269;-256.676;-256.888;-256.935;-255.972;0;None;1000;None;15:03:19.032
4415;29.0073;28.8626;22.2504;-256.269;-256.676;-256.888;-256.935;-255.964;0;None;1000;None;15:03:19.527
4416;29.0073;28.8665;22.2504;-256.277;-256.684;-256.888;-256.942;-255.972;0;None;1000;None;15:03:20.030
4417;29.0152;28.8626;22.2583;-256.285;-256.676;-256.888;-256.935;-255.964;0;None;1000;None;15:03:20.524
4418;29.0073;28.8626;22.2583;-256.277;-256.676;-256.88;-256.942;-255.964;0;None;1000;None;15:03:21.020
4419;29.0152;28.8626;22.2504;-256.269;-256.676;-256.888;-256.927;-255.972;0;None;1000;None;15:03:21.533
4420;29.0152;28.8587;22.2426;-256.277;-256.676;-256.888;-256.927;-255.964;0;None;1000;None;15:03:22.030
4421;29.0152;28.8587;22.2504;-256.277;-256.668;-256.888;-256.935;-255.964;0;None;1000;None;15:03:22.523
4422;29.0152;28.8626;22.2426;-256.277;-256.676;-256.888;-256.935;-255.964;0;None;1000;None;15:03:23.031
4423;29.023;28.8626;22.2504;-256.277;-256.676;-256.888;-256.935;-255.972;0;None;1000;None;15:03:23.530
4424;29.0152;28.8665;22.2583;-256.277;-256.684;-256.895;-256.942;-255.972;0;None;1000;None;15:03:24.025
4425;29.023;28.8626;22.2504;-256.269;-256.676;-256.888;-256.935;-255.964;0;None;1000;None;15:03:24.522
4426;29.0152;28.8626;22.2426;-256.269;-256.676;-256.888;-256.927;-255.964;0;None;1000;None;15:03:25.020
4427;29.023;28.8665;22.2426;-256.277;-256.684;-256.888;-256.935;-255.972;0;None;1000;None;15:03:25.531
4428;29.023;28.8626;22.2426;-256.269;-256.676;-256.88;-256.935;-255.972;0;None;1000;None;15:03:26.032
4429;29.023;28.8665;22.2426;-256.277;-256.676;-256.888;-256.927;-255.964;0;None;1000;None;15:03:26.526
4430;29.023;28.8626;22.2348;-256.277;-256.684;-256.888;-256.935;-255.972;0;None;1000;None;15:03:27.023
4431;29.023;28.8704;22.2348;-256.285;-256.676;-256.888;-256.935;-255.972;0;None;1000;None;15:03:27.534
4432;29.0308;28.8665;22.2426;-256.269;-256.668;-256.888;-256.935;-255.972;0;None;1000;None;15:03:28.031
4433;29.0308;28.8665;22.2348;-256.277;-256.676;-256.888;-256.942;-255.972;0;None;1000;None;15:03:28.528
4434;29.0308;28.8626;22.2426;-256.269;-256.676;-256.888;-256.935;-255.972;0;None;1000;None;15:03:29.025
4435;29.023;28.8665;22.2348;-256.277;-256.684;-256.888;-256.935;-255.964;0;None;1000;None;15:03:29.521
4436;29.0308;28.8665;22.2426;-256.277;-256.676;-256.895;-256.935;-255.964;0;None;1000;None;15:03:30.034
4437;29.023;28.8665;22.2426;-256.269;-256.676;-256.888;-256.927;-255.964;0;None;1000;None;15:03:30.533
4438;29.0308;28.8665;22.2426;-256.269;-256.676;-256.888;-256.942;-255.964;0;None;1000;None;15:03:31.027
4439;29.023;28.8665;22.2426;-256.277;-256.676;-256.888;-256.935;-255.964;0;None;1000;None;15:03:31.520
4440;29.0152;28.8704;22.2426;-256.269;-256.676;-256.895;-256.935;-255.972;0;None;1000;None;15:03:32.036
4441;29.023;28.8626;22.2426;-256.269;-256.676;-256.888;-256.935;-255.964;0;None;1000;None;15:03:32.530
4442;29.0152;28.8665;22.2504;-256.277;-256.676;-256.895;-256.935;-255.972;0;None;1000;None;15:03:33.032
4443;29.0073;28.8626;22.2426;-256.269;-256.676;-256.888;-256.935;-255.972;0;None;1000;None;15:03:33.532
4444;29.0152;28.8665;22.2504;-256.269;-256.676;-256.895;-256.935;-255.972;0;None;1000;None;15:03:34.021
4445;29.0073;28.8626;22.2504;-256.277;-256.676;-256.888;-256.935;-255.972;0;None;1000;None;15:03:34.532
4446;29.0073;28.8665;22.2426;-256.262;-256.668;-256.895;-256.935;-255.972;0;None;1000;None;15:03:35.030
4447;29.0152;28.8626;22.2504;-256.277;-256.676;-256.895;-256.935;-255.964;0;None;1000;None;15:03:35.528
4448;29.0073;28.8665;22.2426;-256.269;-256.676;-256.895;-256.927;-255.972;0;None;1000;None;15:03:36.023
4449;29.0152;28.8665;22.2426;-256.269;-256.684;-256.895;-256.935;-255.964;0;None;1000;None;15:03:36.522
4450;29.0073;28.8665;22.2426;-256.269;-256.676;-256.888;-256.935;-255.964;0;None;1000;None;15:03:37.034
4451;29.0073;28.8665;22.2426;-256.277;-256.676;-256.888;-256.942;-255.972;0;None;1000;None;15:03:37.530
4452;29.0152;28.8665;22.2426;-256.269;-256.676;-256.888;-256.95;-255.972;0;None;1000;None;15:03:38.027
4453;29.0073;28.8665;22.2504;-256.269;-256.676;-256.888;-256.942;-255.964;0;None;1000;None;15:03:38.523
4454;29.0073;28.8665;22.2426;-256.269;-256.668;-256.888;-256.942;-255.972;0;None;1000;None;15:03:39.021
4455;29.0152;28.8665;22.2426;-256.262;-256.676;-256.888;-256.935;-255.98;0;None;1000;None;15:03:39.532
4456;29.0152;28.8626;22.2426;-256.269;-256.684;-256.88;-256.942;-255.972;0;None;1000;None;15:03:40.032
4457;29.0152;28.8665;22.2504;-256.269;-256.676;-256.888;-256.942;-255.972;0;None;1000;None;15:03:40.524
4458;29.0152;28.8665;22.2426;-256.262;-256.684;-256.888;-256.942;-255.98;0;None;1000;None;15:03:41.020
4459;29.023;28.8665;22.2504;-256.277;-256.676;-256.895;-256.95;-255.972;0;None;1000;None;15:03:41.531
4460;29.023;28.8704;22.2504;-256.269;-256.676;-256.88;-256.942;-255.972;0;None;1000;None;15:03:42.026
4461;29.0073;28.8665;22.2426;-256.269;-256.684;-256.888;-256.935;-255.972;0;None;1000;None;15:03:42.520
4462;29.0152;28.8665;22.2426;-256.277;-256.684;-256.888;-256.942;-255.972;0;None;1000;None;15:03:43.030
4463;29.0152;28.8665;22.2504;-256.269;-256.684;-256.888;-256.942;-255.972;0;None;1000;None;15:03:43.529
4464;29.0152;28.8704;22.2426;-256.269;-256.684;-256.888;-256.935;-255.972;0;None;1000;None;15:03:44.025
4465;29.0073;28.8665;22.2426;-256.269;-256.684;-256.895;-256.942;-255.98;0;None;1000;None;15:03:44.518
4466;29.023;28.8704;22.2426;-256.277;-256.684;-256.888;-256.942;-255.972;0;None;1000;None;15:03:45.028
4467;29.0152;28.8665;22.2426;-256.277;-256.684;-256.888;-256.95;-255.972;0;None;1000;None;15:03:45.525
4468;29.023;28.8665;22.2426;-256.277;-256.676;-256.895;-256.942;-255.972;0;None;1000;None;15:03:46.022
4469;29.0152;28.8665;22.2504;-256.277;-256.684;-256.888;-256.95;-255.98;0;None;1000;None;15:03:46.534
4470;29.0152;28.8665;22.2426;-256.277;-256.684;-256.888;-256.95;-255.98;0;None;1000;None;15:03:47.034
4471;29.0152;28.8626;22.2426;-256.277;-256.684;-256.895;-256.935;-255.972;0;None;1000;None;15:03:47.529
4472;29.0152;28.8665;22.2426;-256.277;-256.684;-256.888;-256.942;-255.972;0;None;1000;None;15:03:48.027
4473;29.0152;28.8665;22.2426;-256.277;-256.684;-256.888;-256.95;-255.972;0;None;1000;None;15:03:48.535
4474;29.023;28.8626;22.2504;-256.277;-256.676;-256.895;-256.942;-255.98;0;None;1000;None;15:03:49.021
4475;29.023;28.8665;22.2426;-256.269;-256.676;-256.888;-256.935;-255.972;0;None;1000;None;15:03:49.532
4476;29.023;28.8704;22.2348;-256.277;-256.684;-256.888;-256.942;-255.98;0;None;1000;None;15:03:50.030
4477;29.0308;28.8665;22.2426;-256.285;-256.676;-256.888;-256.942;-255.98;0;None;1000;None;15:03:50.526
4478;29.023;28.8665;22.2348;-256.277;-256.684;-256.888;-256.942;-255.972;0;None;1000;None;15:03:51.023
4479;29.023;28.8587;22.2504;-256.277;-256.676;-256.888;-256.942;-255.98;0;None;1000;None;15:03:51.519
4480;29.0308;28.8665;22.2348;-256.285;-256.684;-256.888;-256.942;-255.98;0;None;1000;None;15:03:52.032
4481;29.023;28.8665;22.2426;-256.269;-256.692;-256.888;-256.935;-255.98;0;None;1000;None;15:03:52.528
4482;29.023;28.8626;22.2426;-256.285;-256.684;-256.895;-256.942;-255.98;0;None;1000;None;15:03:53.026
4483;29.0152;28.8665;22.2426;-256.277;-256.684;-256.888;-256.942;-255.972;0;None;1000;None;15:03:53.521
4484;29.0152;28.8626;22.2426;-256.285;-256.684;-256.895;-256.935;-255.98;0;None;1000;None;15:03:54.019
4485;29.0152;28.8665;22.2426;-256.277;-256.684;-256.888;-256.942;-255.98;0;None;1000;None;15:03:54.530
4486;29.0152;28.8665;22.2504;-256.277;-256.684;-256.895;-256.935;-255.972;0;None;1000;None;15:03:55.027
4487;29.0073;28.8665;22.2504;-256.277;-256.676;-256.888;-256.935;-255.972;0;None;1000;None;15:03:55.529
4488;29.0152;28.8665;22.2426;-256.285;-256.684;-256.895;-256.935;-255.98;0;None;1000;None;15:03:56.022
4489;29.0073;28.8704;22.2504;-256.277;-256.684;-256.895;-256.935;-255.972;0;None;1000;None;15:03:56.535
4490;29.0152;28.8704;22.2504;-256.277;-256.684;-256.888;-256.935;-255.98;0;None;1000;None;15:03:57.031
4491;29.023;28.8743;22.2426;-256.277;-256.684;-256.895;-256.942;-255.972;0;None;1000;None;15:03:57.528
4492;29.0152;28.8704;22.2426;-256.277;-256.684;-256.888;-256.942;-255.964;0;None;1000;None;15:03:58.027
4493;29.0152;28.8704;22.2426;-256.277;-256.684;-256.895;-256.942;-255.972;0;None;1000;None;15:03:58.522
4494;29.0152;28.8704;22.2426;-256.277;-256.684;-256.895;-256.942;-255.972;0;None;1000;None;15:03:59.033
4495;29.0073;28.8704;22.2348;-256.277;-256.684;-256.895;-256.942;-255.98;0;None;1000;None;15:03:59.531
4496;29.0073;28.8743;22.2426;-256.285;-256.684;-256.888;-256.935;-255.972;0;None;1000;None;15:04:00.028
4497;29.0073;28.8665;22.2426;-256.277;-256.676;-256.888;-256.942;-255.98;0;None;1000;None;15:04:00.527
4498;29.0034;28.8704;22.2426;-256.277;-256.684;-256.895;-256.942;-255.972;0;None;1000;None;15:04:01.021
4499;29.0034;28.8704;22.2348;-256.285;-256.684;-256.88;-256.942;-255.98;0;None;1000;None;15:04:01.533
4500;29.0034;28.8665;22.2426;-256.277;-256.676;-256.895;-256.935;-255.972;0;None;1000;None;15:04:02.029
4501;29.0034;28.8665;22.2426;-256.269;-256.676;-256.888;-256.942;-255.972;0;None;1000;None;15:04:02.525
4502;28.9995;28.8665;22.2348;-256.277;-256.684;-256.888;-256.942;-255.98;0;None;1000;None;15:04:03.022
4503;29.0034;28.8665;22.2426;-256.277;-256.676;-256.888;-256.935;-255.972;0;None;1000;None;15:04:03.520
4504;29.0034;28.8665;22.2348;-256.277;-256.684;-256.895;-256.935;-255.972;0;None;1000;None;15:04:04.031
4505;29.0073;28.8665;22.2426;-256.277;-256.684;-256.888;-256.942;-255.98;0;None;1000;None;15:04:04.527
4506;29.0073;28.8665;22.2348;-256.277;-256.684;-256.895;-256.935;-255.972;0;None;1000;None;15:04:05.022
4507;29.0034;28.8665;22.2426;-256.269;-256.676;-256.888;-256.942;-255.972;0;None;1000;None;15:04:05.533
4508;29.0073;28.8626;22.2426;-256.277;-256.684;-256.888;-256.942;-255.972;0;None;1000;None;15:04:06.031
4509;29.0034;28.8665;22.2426;-256.277;-256.684;-256.888;-256.942;-255.972;0;None;1000;None;15:04:06.529
4510;29.0034;28.8665;22.2426;-256.277;-256.684;-256.888;-256.935;-255.972;0;None;1000;None;15:04:07.026
4511;29.0073;28.8626;22.2348;-256.269;-256.676;-256.888;-256.935;-255.972;0;None;1000;None;15:04:07.521
4512;29.0073;28.8665;22.2348;-256.277;-256.684;-256.88;-256.942;-255.98;0;None;1000;None;15:04:08.033
4513;29.0073;28.8665;22.2348;-256.277;-256.684;-256.888;-256.935;-255.972;0;None;1000;None;15:04:08.530
4514;29.0034;28.8704;22.2348;-256.277;-256.676;-256.888;-256.942;-255.972;0;None;1000;None;15:04:09.028
4515;29.0073;28.8665;22.2348;-256.277;-256.676;-256.888;-256.935;-255.972;0;None;1000;None;15:04:09.528
4516;29.0034;28.8704;22.2348;-256.285;-256.676;-256.888;-256.935;-255.972;0;None;1000;None;15:04:10.020
4517;29.0073;28.8665;22.2426;-256.277;-256.684;-256.888;-256.935;-255.98;0;None;1000;None;15:04:10.523
4518;29.0152;28.8665;22.2426;-256.277;-256.684;-256.888;-256.942;-255.972;0;None;1000;None;15:04:11.032
4519;29.0152;28.8665;22.2348;-256.285;-256.676;-256.88;-256.935;-255.98;0;None;1000;None;15:04:11.525
4520;29.0073;28.8665;22.2348;-256.277;-256.684;-256.895;-256.935;-255.972;0;None;1000;None;15:04:12.029
4521;29.0152;28.8665;22.2348;-256.277;-256.692;-256.888;-256.942;-255.972;0;None;1000;None;15:04:12.519
4522;29.0152;28.8626;22.2426;-256.277;-256.676;-256.895;-256.935;-255.98;0;None;1000;None;15:04:13.017
4523;29.0073;28.8704;22.2348;-256.277;-256.684;-256.888;-256.935;-255.972;0;None;1000;None;15:04:13.529
4524;29.0073;28.8626;22.227;-256.277;-256.684;-256.888;-256.942;-255.98;0;None;1000;None;15:04:14.032
4525;29.0073;28.8665;22.2426;-256.277;-256.684;-256.895;-256.942;-255.98;0;None;1000;None;15:04:14.522
4526;29.0073;28.8626;22.2426;-256.269;-256.684;-256.888;-256.942;-255.98;0;None;1000;None;15:04:15.022
4527;29.0073;28.8626;22.2348;-256.277;-256.684;-256.888;-256.942;-255.98;0;None;1000;None;15:04:15.531
4528;29.0073;28.8665;22.2348;-256.277;-256.684;-256.888;-256.935;-255.972;0;None;1000;None;15:04:16.028
4529;29.0152;28.8665;22.2348;-256.277;-256.684;-256.895;-256.95;-255.98;0;None;1000;None;15:04:16.524
4530;29.0073;28.8665;22.2426;-256.269;-256.684;-256.888;-256.942;-255.98;0;None;1000;None;15:04:17.024
4531;29.0152;28.8665;22.2426;-256.269;-256.676;-256.888;-256.942;-255.98;0;None;1000;None;15:04:17.533
4532;29.0073;28.8665;22.227;-256.269;-256.684;-256.888;-256.942;-255.972;0;None;1000;None;15:04:18.031
4533;29.0073;28.8665;22.2348;-256.269;-256.676;-256.888;-256.935;-255.972;0;None;1000;None;15:04:18.532
4534;29.0113;28.8665;22.227;-256.269;-256.676;-256.895;-256.927;-255.972;0;None;1000;None;15:04:19.025
4535;29.0073;28.8665;22.2348;-256.277;-256.676;-256.888;-256.935;-255.98;0;None;1000;None;15:04:19.528
4536;29.0152;28.8626;22.2348;-256.269;-256.676;-256.895;-256.935;-255.972;0;None;1000;None;15:04:20.024
4537;29.0073;28.8626;22.2348;-256.269;-256.676;-256.888;-256.935;-255.98;0;None;1000;None;15:04:20.534
4538;29.0152;28.8665;22.2348;-256.269;-256.676;-256.895;-256.95;-255.972;0;None;1000;None;15:04:21.030
4539;29.0152;28.8626;22.227;-256.269;-256.676;-256.895;-256.942;-255.98;0;None;1000;None;15:04:21.521
4540;29.0152;28.8665;22.2348;-256.277;-256.684;-256.888;-256.942;-255.98;0;None;1000;None;15:04:22.033
4541;29.0073;28.8665;22.227;-256.269;-256.684;-256.895;-256.942;-255.98;0;None;1000;None;15:04:22.531
4542;29.0152;28.8665;22.2348;-256.277;-256.676;-256.888;-256.95;-255.98;0;None;1000;None;15:04:23.029
4543;29.0073;28.8626;22.227;-256.269;-256.684;-256.88;-256.935;-255.98;0;None;1000;None;15:04:23.532
4544;29.0073;28.8665;22.2348;-256.269;-256.676;-256.888;-256.935;-255.972;0;None;1000;None;15:04:24.023
4545;29.0073;28.8626;22.2348;-256.269;-256.684;-256.88;-256.935;-255.98;0;None;1000;None;15:04:24.521
4546;29.0073;28.8665;22.2348;-256.269;-256.684;-256.888;-256.927;-255.98;0;None;1000;None;15:04:25.018
4547;29.0152;28.8665;22.2348;-256.269;-256.676;-256.888;-256.935;-255.98;0;None;1000;None;15:04:25.532
4548;29.0152;28.8626;22.2348;-256.269;-256.676;-256.888;-256.935;-255.972;0;None;1000;None;15:04:26.030
4549;29.0073;28.8665;22.2348;-256.262;-256.676;-256.888;-256.935;-255.98;0;None;1000;None;15:04:26.528
4550;29.0073;28.8665;22.2348;-256.269;-256.676;-256.888;-256.942;-255.98;0;None;1000;None;15:04:27.023
4551;29.0034;28.8626;22.2348;-256.277;-256.676;-256.888;-256.942;-255.98;0;None;1000;None;15:04:27.520
4552;29.0152;28.8665;22.2348;-256.269;-256.684;-256.888;-256.942;-255.98;0;None;1000;None;15:04:28.032
4553;29.0073;28.8665;22.227;-256.269;-256.684;-256.888;-256.942;-255.98;0;None;1000;None;15:04:28.529
4554;29.0073;28.8665;22.2348;-256.269;-256.676;-256.88;-256.95;-255.972;0;None;1000;None;15:04:29.031
4555;29.0073;28.8626;22.2426;-256.269;-256.676;-256.88;-256.942;-255.98;0;None;1000;None;15:04:29.540
4556;29.0034;28.8626;22.2348;-256.269;-256.676;-256.888;-256.942;-255.972;0;None;1000;None;15:04:30.022
4557;29.0034;28.8626;22.227;-256.277;-256.676;-256.88;-256.935;-255.972;0;None;1000;None;15:04:30.520
4558;29.0113;28.8704;22.227;-256.269;-256.676;-256.88;-256.942;-255.98;0;None;1000;None;15:04:31.031
4559;29.0073;28.8626;22.2348;-256.269;-256.676;-256.88;-256.935;-255.98;0;None;1000;None;15:04:31.530
4560;29.0034;28.8626;22.227;-256.269;-256.684;-256.888;-256.935;-255.98;0;None;1000;None;15:04:32.030
4561;29.0073;28.8665;22.2348;-256.269;-256.668;-256.895;-256.942;-255.98;0;None;1000;None;15:04:32.522
4562;29.0034;28.8704;22.227;-256.269;-256.676;-256.895;-256.935;-255.98;0;None;1000;None;15:04:33.025
4563;29.0073;28.8665;22.227;-256.269;-256.676;-256.895;-256.942;-255.988;0;None;1000;None;15:04:33.531
4564;29.0073;28.8665;22.227;-256.269;-256.676;-256.888;-256.95;-255.98;0;None;1000;None;15:04:34.030
4565;29.0034;28.8665;22.227;-256.269;-256.668;-256.895;-256.942;-255.98;0;None;1000;None;15:04:34.523
4566;29.0034;28.8704;22.227;-256.269;-256.676;-256.895;-256.942;-255.98;0;None;1000;None;15:04:35.021
4567;29.0073;28.8665;22.2348;-256.269;-256.676;-256.888;-256.935;-255.98;0;None;1000;None;15:04:35.531
4568;29.0073;28.8665;22.2348;-256.277;-256.676;-256.888;-256.942;-255.98;0;None;1000;None;15:04:36.029
4569;29.0073;28.8626;22.227;-256.269;-256.676;-256.895;-256.935;-255.98;0;None;1000;None;15:04:36.530
4570;29.0073;28.8665;22.2426;-256.277;-256.676;-256.888;-256.935;-255.98;0;None;1000;None;15:04:37.030
4571;29.0073;28.8626;22.2348;-256.277;-256.676;-256.895;-256.942;-255.98;0;None;1000;None;15:04:37.521
4572;29.0034;28.8665;22.2348;-256.277;-256.684;-256.895;-256.935;-255.98;0;None;1000;None;15:04:38.032
4573;29.0034;28.8665;22.2348;-256.277;-256.676;-256.888;-256.935;-255.972;0;None;1000;None;15:04:38.532
4574;29.0034;28.8665;22.2348;-256.269;-256.684;-256.895;-256.942;-255.98;0;None;1000;None;15:04:39.027
4575;29.0034;28.8665;22.227;-256.277;-256.676;-256.888;-256.935;-255.972;0;None;1000;None;15:04:39.527
4576;29.0034;28.8665;22.2348;-256.277;-256.676;-256.895;-256.942;-255.98;0;None;1000;None;15:04:40.022
4577;29.0073;28.8704;22.227;-256.277;-256.676;-256.895;-256.927;-255.972;0;None;1000;None;15:04:40.534
4578;29.0073;28.8665;22.2191;-256.277;-256.684;-256.888;-256.935;-255.98;0;None;1000;None;15:04:41.031
4579;29.0073;28.8665;22.2191;-256.269;-256.676;-256.888;-256.942;-255.972;0;None;1000;None;15:04:41.530
4580;29.0073;28.8665;22.227;-256.277;-256.684;-256.888;-256.942;-255.972;0;None;1000;None;15:04:42.024
4581;29.0073;28.8665;22.227;-256.277;-256.676;-256.895;-256.942;-255.972;0;None;1000;None;15:04:42.521
4582;29.0073;28.8626;22.2191;-256.277;-256.684;-256.888;-256.942;-255.98;0;None;1000;None;15:04:43.022
4583;28.9995;28.8626;22.227;-256.277;-256.676;-256.895;-256.95;-255.972;0;None;1000;None;15:04:43.532
4584;29.0034;28.8587;22.2348;-256.277;-256.684;-256.888;-256.942;-255.972;0;None;1000;None;15:04:44.032
4585;28.9995;28.8626;22.2348;-256.277;-256.676;-256.888;-256.95;-255.98;0;None;1000;None;15:04:44.526
4586;29.0034;28.8665;22.227;-256.277;-256.676;-256.88;-256.942;-255.98;0;None;1000;None;15:04:45.023
4587;29.0034;28.8626;22.227;-256.269;-256.684;-256.888;-256.942;-255.972;0;None;1000;None;15:04:45.519
4588;29.0034;28.8626;22.2426;-256.277;-256.676;-256.888;-256.935;-255.98;0;None;1000;None;15:04:46.031
4589;29.0034;28.8665;22.2348;-256.269;-256.676;-256.888;-256.935;-255.98;0;None;1000;None;15:04:46.528
4590;29.0073;28.8665;22.227;-256.277;-256.676;-256.888;-256.942;-255.972;0;None;1000;None;15:04:47.022
4591;29.0073;28.8626;22.2191;-256.269;-256.676;-256.895;-256.942;-255.972;0;None;1000;None;15:04:47.517
4592;29.0073;28.8665;22.2191;-256.285;-256.684;-256.888;-256.935;-255.972;0;None;1000;None;15:04:48.028
4593;29.0113;28.8665;22.2191;-256.277;-256.676;-256.888;-256.942;-255.972;0;None;1000;None;15:04:48.523
4594;29.0073;28.8665;22.2191;-256.277;-256.676;-256.888;-256.942;-255.98;0;None;1000;None;15:04:49.019
4595;29.0073;28.8626;22.227;-256.285;-256.684;-256.888;-256.935;-255.972;0;None;1000;None;15:04:49.529
4596;29.0073;28.8626;22.2191;-256.285;-256.676;-256.895;-256.942;-255.98;0;None;1000;None;15:04:50.025
4597;29.0152;28.8665;22.2191;-256.277;-256.676;-256.888;-256.942;-255.964;0;None;1000;None;15:04:50.518
4598;29.0073;28.8626;22.227;-256.277;-256.676;-256.888;-256.942;-255.972;0;None;1000;None;15:04:51.028
4599;29.0073;28.8626;22.227;-256.277;-256.676;-256.895;-256.942;-255.972;0;None;1000;None;15:04:51.524
4600;29.0073;28.8587;22.227;-256.277;-256.676;-256.888;-256.942;-255.98;0;None;1000;None;15:04:52.021
4601;29.0073;28.8665;22.2348;-256.285;-256.684;-256.888;-256.942;-255.972;0;None;1000;None;15:04:52.519
4602;29.0034;28.8626;22.227;-256.277;-256.676;-256.895;-256.935;-255.98;0;None;1000;None;15:04:53.032
4603;29.0073;28.8626;22.2348;-256.277;-256.684;-256.88;-256.935;-255.972;0;None;1000;None;15:04:53.529
4604;29.0034;28.8626;22.2191;-256.285;-256.676;-256.895;-256.927;-255.98;0;None;1000;None;15:04:54.028
4605;29.0034;28.8626;22.227;-256.277;-256.684;-256.888;-256.935;-255.964;0;None;1000;None;15:04:54.523
4606;29.0034;28.8626;22.2191;-256.277;-256.676;-256.888;-256.942;-255.98;0;None;1000;None;15:04:55.018
4607;29.0034;28.8665;22.2191;-256.277;-256.684;-256.88;-256.935;-255.972;0;None;1000;None;15:04:55.532
4608;29.0034;28.8704;22.2191;-256.277;-256.684;-256.888;-256.942;-255.964;0;None;1000;None;15:04:56.029
4609;29.0034;28.8626;22.2191;-256.277;-256.676;-256.888;-256.942;-255.972;0;None;1000;None;15:04:56.527
4610;29.0073;28.8626;22.2035;-256.277;-256.684;-256.888;-256.935;-255.972;0;None;1000;None;15:04:57.030
4611;29.0073;28.8587;22.2191;-256.277;-256.676;-256.888;-256.942;-255.964;0;None;1000;None;15:04:57.521
4612;29.0073;28.8626;22.2191;-256.277;-256.684;-256.895;-256.942;-255.972;0;None;1000;None;15:04:58.033
4613;29.0034;28.8665;22.2191;-256.277;-256.676;-256.888;-256.935;-255.972;0;None;1000;None;15:04:58.531
4614;28.9995;28.8587;22.2191;-256.277;-256.684;-256.895;-256.942;-255.972;0;None;1000;None;15:04:59.032
4615;29.0034;28.8626;22.2191;-256.277;-256.676;-256.888;-256.942;-255.964;0;None;1000;None;15:04:59.524
4616;28.9995;28.8626;22.2191;-256.277;-256.684;-256.888;-256.942;-255.972;0;None;1000;None;15:05:00.021
4617;28.9995;28.8626;22.2191;-256.277;-256.684;-256.888;-256.942;-255.972;0;None;1000;None;15:05:00.534
4618;29.0034;28.8626;22.2191;-256.277;-256.676;-256.888;-256.942;-255.964;0;None;1000;None;15:05:01.030
4619;29.0073;28.8665;22.227;-256.277;-256.684;-256.888;-256.935;-255.972;0;None;1000;None;15:05:01.532
4620;29.0034;28.8665;22.2191;-256.277;-256.684;-256.895;-256.935;-255.964;0;None;1000;None;15:05:02.030
4621;28.9995;28.8665;22.2191;-256.277;-256.676;-256.888;-256.927;-255.972;0;None;1000;None;15:05:02.532
4622;28.9995;28.8665;22.2191;-256.269;-256.684;-256.888;-256.935;-255.972;0;None;1000;None;15:05:03.022
4623;28.9995;28.8626;22.227;-256.269;-256.684;-256.888;-256.942;-255.964;0;None;1000;None;15:05:03.519
4624;28.9995;28.8665;22.2191;-256.277;-256.692;-256.888;-256.942;-255.972;0;None;1000;None;15:05:04.017
4625;29.0034;28.8665;22.2191;-256.269;-256.684;-256.888;-256.935;-255.972;0;None;1000;None;15:05:04.529
4626;29.0034;28.8626;22.2191;-256.269;-256.684;-256.888;-256.927;-255.98;0;None;1000;None;15:05:05.023
4627;29.0073;28.8626;22.2191;-256.277;-256.684;-256.888;-256.927;-255.972;0;None;1000;None;15:05:05.519
4628;29.0073;28.8587;22.2191;-256.277;-256.684;-256.895;-256.935;-255.972;0;None;1000;None;15:05:06.032
4629;29.0073;28.8587;22.2191;-256.269;-256.684;-256.888;-256.927;-255.98;0;None;1000;None;15:05:06.532
4630;29.0034;28.8626;22.2191;-256.269;-256.676;-256.888;-256.942;-255.972;0;None;1000;None;15:05:07.027
4631;29.0034;28.8626;22.2191;-256.277;-256.684;-256.88;-256.927;-255.972;0;None;1000;None;15:05:07.525
4632;29.0073;28.8626;22.2191;-256.277;-256.684;-256.888;-256.935;-255.972;0;None;1000;None;15:05:08.024
4633;29.0073;28.8626;22.2191;-256.277;-256.684;-256.888;-256.927;-255.98;0;None;1000;None;15:05:08.521
4634;29.0073;28.8626;22.2113;-256.277;-256.684;-256.888;-256.935;-255.972;0;None;1000;None;15:05:09.023
4635;29.0152;28.8704;22.2191;-256.269;-256.684;-256.888;-256.919;-255.972;0;None;1000;None;15:05:09.528
4636;29.0152;28.8704;22.2113;-256.277;-256.676;-256.888;-256.927;-255.972;0;None;1000;None;15:05:10.031
4637;29.0152;28.8704;22.2191;-256.277;-256.684;-256.888;-256.927;-255.972;0;None;1000;None;15:05:10.521
4638;29.0152;28.8782;22.2113;-256.277;-256.676;-256.888;-256.935;-255.972;0;None;1000;None;15:05:11.032
4639;29.0073;28.8704;22.2113;-256.277;-256.684;-256.888;-256.935;-255.972;0;None;1000;None;15:05:11.531
4640;29.0152;28.8782;22.2113;-256.285;-256.676;-256.88;-256.927;-255.964;0;None;1000;None;15:05:12.029
4641;29.0073;28.8704;22.2113;-256.277;-256.684;-256.888;-256.935;-255.972;0;None;1000;None;15:05:12.526
4642;29.0073;28.8743;22.2191;-256.277;-256.684;-256.888;-256.935;-255.972;0;None;1000;None;15:05:13.024
4643;29.0152;28.8704;22.2191;-256.277;-256.684;-256.888;-256.935;-255.972;0;None;1000;None;15:05:13.521
4644;29.0073;28.8704;22.2191;-256.285;-256.684;-256.888;-256.935;-255.972;0;None;1000;None;15:05:14.033
4645;29.0073;28.8665;22.2113;-256.277;-256.684;-256.888;-256.927;-255.972;0;None;1000;None;15:05:14.529
4646;29.0073;28.8665;22.2113;-256.269;-256.684;-256.888;-256.935;-255.972;0;None;1000;None;15:05:15.027
4647;29.0152;28.8704;22.2191;-256.285;-256.684;-256.895;-256.935;-255.98;0;None;1000;None;15:05:15.524
4648;29.0073;28.8704;22.2113;-256.277;-256.684;-256.895;-256.935;-255.972;0;None;1000;None;15:05:16.021
4649;29.0073;28.8665;22.2191;-256.269;-256.692;-256.888;-256.927;-255.98;0;None;1000;None;15:05:16.519
4650;29.0073;28.8743;22.2113;-256.277;-256.676;-256.895;-256.935;-255.972;0;None;1000;None;15:05:17.020
4651;29.0073;28.8704;22.2191;-256.277;-256.684;-256.888;-256.935;-255.972;0;None;1000;None;15:05:17.530
4652;29.0073;28.8704;22.2113;-256.269;-256.692;-256.88;-256.935;-255.972;0;None;1000;None;15:05:18.027
4653;29.0073;28.8665;22.2113;-256.277;-256.684;-256.888;-256.927;-255.964;0;None;1000;None;15:05:18.530
4654;29.0152;28.8704;22.2191;-256.269;-256.684;-256.895;-256.935;-255.964;0;None;1000;None;15:05:19.020
4655;29.0073;28.8665;22.2113;-256.277;-256.684;-256.888;-256.927;-255.972;0;None;1000;None;15:05:19.517
4656;29.0073;28.8665;22.2191;-256.277;-256.684;-256.888;-256.942;-255.98;0;None;1000;None;15:05:20.030
4657;29.0073;28.8704;22.2191;-256.277;-256.684;-256.895;-256.942;-255.972;0;None;1000;None;15:05:20.528
4658;29.0034;28.8704;22.2191;-256.285;-256.692;-256.888;-256.95;-255.972;0;None;1000;None;15:05:21.029
4659;29.0073;28.8665;22.2191;-256.277;-256.684;-256.895;-256.935;-255.972;0;None;1000;None;15:05:21.522
4660;29.0152;28.8704;22.2113;-256.285;-256.684;-256.888;-256.942;-255.972;0;None;1000;None;15:05:22.020
4661;29.0073;28.8665;22.227;-256.277;-256.684;-256.888;-256.935;-255.972;0;None;1000;None;15:05:22.532
4662;29.0073;28.8665;22.227;-256.277;-256.684;-256.895;-256.942;-255.972;0;None;1000;None;15:05:23.030
4663;29.0073;28.8704;22.2191;-256.285;-256.676;-256.888;-256.935;-255.972;0;None;1000;None;15:05:23.530
4664;29.0073;28.8704;22.2191;-256.277;-256.676;-256.895;-256.935;-255.972;0;None;1000;None;15:05:24.022
4665;29.0152;28.8704;22.2191;-256.277;-256.684;-256.888;-256.935;-255.964;0;None;1000;None;15:05:24.518
4666;29.0113;28.8704;22.2113;-256.285;-256.676;-256.895;-256.935;-255.972;0;None;1000;None;15:05:25.018
4667;29.0073;28.8704;22.2191;-256.277;-256.676;-256.888;-256.927;-255.972;0;None;1000;None;15:05:25.530
4668;29.0034;28.8782;22.2191;-256.277;-256.676;-256.895;-256.935;-255.964;0;None;1000;None;15:05:26.027
4669;29.0073;28.8704;22.2113;-256.277;-256.684;-256.895;-256.927;-255.98;0;None;1000;None;15:05:26.523
4670;29.0073;28.8704;22.2113;-256.277;-256.676;-256.895;-256.927;-255.972;0;None;1000;None;15:05:27.021
4671;29.0152;28.8704;22.2113;-256.277;-256.684;-256.895;-256.927;-255.972;0;None;1000;None;15:05:27.532
4672;29.0152;28.8665;22.2113;-256.285;-256.684;-256.888;-256.935;-255.972;0;None;1000;None;15:05:28.027
4673;29.0073;28.8704;22.2113;-256.277;-256.684;-256.895;-256.935;-255.972;0;None;1000;None;15:05:28.526
4674;29.023;28.8743;22.2113;-256.277;-256.684;-256.888;-256.935;-255.98;0;None;1000;None;15:05:29.020
4675;29.0073;28.8704;22.2113;-256.277;-256.684;-256.895;-256.927;-255.972;0;None;1000;None;15:05:29.534
4676;29.0152;28.8704;22.2035;-256.277;-256.684;-256.888;-256.927;-255.972;0;None;1000;None;15:05:30.033
4677;29.023;28.8704;22.2035;-256.277;-256.676;-256.888;-256.935;-255.972;0;None;1000;None;15:05:30.533
4678;29.0073;28.8665;22.1957;-256.277;-256.684;-256.888;-256.927;-255.972;0;None;1000;None;15:05:31.028
4679;29.0152;28.8782;22.1957;-256.277;-256.676;-256.895;-256.927;-255.972;0;None;1000;None;15:05:31.520
4680;29.0152;28.8665;22.2035;-256.277;-256.684;-256.895;-256.927;-255.972;0;None;1000;None;15:05:32.022
4681;29.0152;28.8704;22.2035;-256.277;-256.684;-256.888;-256.935;-255.972;0;None;1000;None;15:05:32.529
4682;29.0152;28.8782;22.2113;-256.285;-256.676;-256.895;-256.935;-255.972;0;None;1000;None;15:05:33.040
4683;29.0152;28.8704;22.2113;-256.277;-256.684;-256.888;-256.927;-255.964;0;None;1000;None;15:05:33.520
4684;29.0152;28.8782;22.2113;-256.277;-256.684;-256.895;-256.935;-255.972;0;None;1000;None;15:05:34.017
4685;29.0152;28.8704;22.2113;-256.277;-256.684;-256.888;-256.927;-255.972;0;None;1000;None;15:05:34.530
4686;29.023;28.8704;22.2113;-256.277;-256.684;-256.895;-256.927;-255.972;0;None;1000;None;15:05:35.023
4687;29.0152;28.8665;22.2113;-256.277;-256.684;-256.895;-256.935;-255.972;0;None;1000;None;15:05:35.520
4688;29.0073;28.8704;22.2191;-256.277;-256.676;-256.895;-256.935;-255.972;0;None;1000;None;15:05:36.031
4689;29.0073;28.8743;22.2113;-256.277;-256.684;-256.895;-256.927;-255.972;0;None;1000;None;15:05:36.527
4690;29.0073;28.8665;22.2113;-256.269;-256.684;-256.895;-256.927;-255.972;0;None;1000;None;15:05:37.031
4691;29.0034;28.8665;22.2113;-256.269;-256.676;-256.888;-256.927;-255.98;0;None;1000;None;15:05:37.521
4692;29.0034;28.8665;22.2035;-256.277;-256.676;-256.895;-256.935;-255.972;0;None;1000;None;15:05:38.018
4693;29.0073;28.8665;22.2113;-256.277;-256.684;-256.888;-256.935;-255.972;0;None;1000;None;15:05:38.530
4694;29.0073;28.8704;22.2113;-256.277;-256.676;-256.888;-256.935;-255.964;0;None;1000;None;15:05:39.029
4695;29.0152;28.8665;22.2191;-256.277;-256.684;-256.895;-256.935;-255.972;0;None;1000;None;15:05:39.527
4696;29.0073;28.8704;22.227;-256.277;-256.684;-256.888;-256.95;-255.98;0;None;1000;None;15:05:40.023
4697;29.0152;28.8704;22.2191;-256.277;-256.692;-256.903;-256.935;-255.972;0;None;1000;None;15:05:40.519
4698;29.0073;28.8704;22.2113;-256.269;-256.676;-256.895;-256.942;-255.972;0;None;1000;None;15:05:41.017
4699;29.0073;28.8665;22.2191;-256.277;-256.692;-256.895;-256.935;-255.98;0;None;1000;None;15:05:41.533
4700;29.0152;28.8704;22.2113;-256.277;-256.676;-256.895;-256.935;-255.972;0;None;1000;None;15:05:42.027
4701;29.0073;28.8665;22.2113;-256.269;-256.684;-256.895;-256.935;-255.972;0;None;1000;None;15:05:42.522
4702;29.0152;28.8704;22.2113;-256.277;-256.676;-256.88;-256.935;-255.964;0;None;1000;None;15:05:43.019
4703;29.0073;28.8665;22.2191;-256.277;-256.684;-256.888;-256.927;-255.972;0;None;1000;None;15:05:43.526
4704;29.0152;28.8665;22.2113;-256.277;-256.676;-256.895;-256.942;-255.972;0;None;1000;None;15:05:44.019
4705;29.0152;28.8704;22.2113;-256.277;-256.676;-256.88;-256.927;-255.972;0;None;1000;None;15:05:44.529
4706;29.0073;28.8665;22.2191;-256.277;-256.684;-256.888;-256.935;-255.964;0;None;1000;None;15:05:45.020
4707;29.0152;28.8626;22.2191;-256.277;-256.676;-256.888;-256.927;-255.972;0;None;1000;None;15:05:45.530
4708;29.0073;28.8704;22.2113;-256.269;-256.684;-256.88;-256.935;-255.964;0;None;1000;None;15:05:46.028
4709;29.0073;28.8665;22.2191;-256.277;-256.684;-256.888;-256.935;-255.972;0;None;1000;None;15:05:46.521
4710;29.0073;28.8626;22.2191;-256.277;-256.684;-256.895;-256.935;-255.972;0;None;1000;None;15:05:47.031
4711;29.0073;28.8626;22.2191;-256.277;-256.676;-256.895;-256.927;-255.972;0;None;1000;None;15:05:47.527
4712;29.0073;28.8626;22.227;-256.277;-256.684;-256.895;-256.935;-255.964;0;None;1000;None;15:05:48.025
4713;29.0073;28.8626;22.227;-256.277;-256.692;-256.895;-256.935;-255.98;0;None;1000;None;15:05:48.520
4714;29.0152;28.8626;22.227;-256.285;-256.692;-256.888;-256.927;-255.972;0;None;1000;None;15:05:49.017
4715;29.0152;28.8626;22.227;-256.277;-256.684;-256.895;-256.935;-255.972;0;None;1000;None;15:05:49.529
4716;29.0152;28.8587;22.227;-256.285;-256.676;-256.895;-256.927;-255.98;0;None;1000;None;15:05:50.029
4717;29.0152;28.8626;22.227;-256.277;-256.684;-256.895;-256.935;-255.98;0;None;1000;None;15:05:50.526
4718;29.0152;28.8665;22.2191;-256.285;-256.676;-256.903;-256.935;-255.972;0;None;1000;None;15:05:51.021
4719;29.0152;28.8626;22.2191;-256.285;-256.684;-256.895;-256.942;-255.98;0;None;1000;None;15:05:51.532
4720;29.0152;28.8626;22.227;-256.277;-256.676;-256.895;-256.935;-255.972;0;None;1000;None;15:05:52.029
4721;29.0073;28.8665;22.227;-256.277;-256.684;-256.903;-256.935;-255.972;0;None;1000;None;15:05:52.530
4722;29.0152;28.8626;22.227;-256.285;-256.676;-256.895;-256.927;-255.972;0;None;1000;None;15:05:53.025
4723;29.0152;28.8665;22.2191;-256.285;-256.684;-256.895;-256.927;-255.972;0;None;1000;None;15:05:53.521
4724;29.0152;28.8665;22.2191;-256.277;-256.676;-256.888;-256.935;-255.98;0;None;1000;None;15:05:54.018
4725;29.0073;28.8626;22.227;-256.285;-256.684;-256.895;-256.927;-255.972;0;None;1000;None;15:05:54.531
4726;29.0073;28.8665;22.2191;-256.285;-256.676;-256.888;-256.935;-255.98;0;None;1000;None;15:05:55.031
4727;29.0034;28.8626;22.2191;-256.277;-256.676;-256.888;-256.935;-255.972;0;None;1000;None;15:05:55.528
4728;29.0034;28.8626;22.227;-256.277;-256.684;-256.888;-256.927;-255.972;0;None;1000;None;15:05:56.026
4729;29.0073;28.8587;22.2191;-256.285;-256.692;-256.888;-256.935;-255.972;0;None;1000;None;15:05:56.524
4730;29.0034;28.8665;22.227;-256.277;-256.684;-256.895;-256.935;-255.972;0;None;1000;None;15:05:57.018
4731;29.0113;28.8665;22.227;-256.277;-256.684;-256.888;-256.935;-255.972;0;None;1000;None;15:05:57.530
4732;29.0073;28.8626;22.2191;-256.277;-256.684;-256.895;-256.935;-255.972;0;None;1000;None;15:05:58.031
4733;29.0073;28.8665;22.2113;-256.277;-256.684;-256.888;-256.935;-255.964;0;None;1000;None;15:05:58.524
4734;29.0034;28.8626;22.2035;-256.277;-256.676;-256.888;-256.942;-255.964;0;None;1000;None;15:05:59.022
4735;29.0034;28.8626;22.2113;-256.277;-256.684;-256.888;-256.95;-255.964;0;None;1000;None;15:05:59.531
4736;29.0034;28.8626;22.2113;-256.277;-256.676;-256.888;-256.95;-255.972;0;None;1000;None;15:06:00.030
4737;29.0073;28.8626;22.2113;-256.285;-256.676;-256.895;-256.95;-255.964;0;None;1000;None;15:06:00.530
4738;29.0073;28.8587;22.2113;-256.269;-256.684;-256.888;-256.95;-255.972;0;None;1000;None;15:06:01.024
4739;29.0034;28.8626;22.2035;-256.285;-256.684;-256.888;-256.942;-255.972;0;None;1000;None;15:06:01.521
4740;29.0034;28.8665;22.2113;-256.277;-256.676;-256.888;-256.95;-255.972;0;None;1000;None;15:06:02.016
4741;28.9995;28.8665;22.2113;-256.277;-256.684;-256.888;-256.95;-255.972;0;None;1000;None;15:06:02.529
4742;29.0034;28.8626;22.2035;-256.285;-256.684;-256.888;-256.942;-255.972;0;None;1000;None;15:06:03.030
4743;29.0073;28.8665;22.2113;-256.277;-256.676;-256.888;-256.942;-255.972;0;None;1000;None;15:06:03.522
4744;29.0034;28.8626;22.2113;-256.285;-256.684;-256.888;-256.935;-255.964;0;None;1000;None;15:06:04.019
4745;29.0073;28.8665;22.2113;-256.277;-256.684;-256.888;-256.942;-255.972;0;None;1000;None;15:06:04.531
4746;29.0034;28.8704;22.2113;-256.277;-256.684;-256.888;-256.942;-255.972;0;None;1000;None;15:06:05.024
4747;29.0034;28.8665;22.2113;-256.285;-256.676;-256.888;-256.935;-255.972;0;None;1000;None;15:06:05.519
4748;29.0113;28.8665;22.2113;-256.277;-256.684;-256.895;-256.942;-255.98;0;None;1000;None;15:06:06.030
4749;29.0073;28.8665;22.2113;-256.285;-256.692;-256.888;-256.935;-255.972;0;None;1000;None;15:06:06.529
4750;29.0073;28.8704;22.2113;-256.277;-256.684;-256.895;-256.942;-255.972;0;None;1000;None;15:06:07.025
4751;29.0073;28.8665;22.2035;-256.277;-256.684;-256.888;-256.935;-255.972;0;None;1000;None;15:06:07.521
4752;29.0152;28.8665;22.2113;-256.277;-256.692;-256.888;-256.935;-255.972;0;None;1000;None;15:06:08.017
4753;29.0073;28.8665;22.2035;-256.277;-256.684;-256.895;-256.935;-255.972;0;None;1000;None;15:06:08.530
4754;29.0152;28.8665;22.2113;-256.269;-256.684;-256.88;-256.942;-255.972;0;None;1000;None;15:06:09.030
4755;29.0152;28.8665;22.2113;-256.277;-256.684;-256.888;-256.95;-255.972;0;None;1000;None;15:06:09.525
4756;29.0152;28.8665;22.2113;-256.269;-256.676;-256.888;-256.942;-255.972;0;None;1000;None;15:06:10.022
4757;29.0073;28.8704;22.2113;-256.277;-256.684;-256.888;-256.942;-255.972;0;None;1000;None;15:06:10.519
4758;29.0152;28.8704;22.2113;-256.277;-256.676;-256.888;-256.935;-255.972;0;None;1000;None;15:06:11.031
4759;29.0152;28.8665;22.2113;-256.277;-256.684;-256.888;-256.942;-255.972;0;None;1000;None;15:06:11.527
4760;29.0152;28.8704;22.2191;-256.269;-256.676;-256.888;-256.942;-255.98;0;None;1000;None;15:06:12.024
4761;29.0152;28.8704;22.2113;-256.277;-256.684;-256.888;-256.935;-255.972;0;None;1000;None;15:06:12.521
4762;29.023;28.8665;22.2113;-256.277;-256.684;-256.888;-256.935;-255.972;0;None;1000;None;15:06:13.019
4763;29.0152;28.8704;22.2113;-256.277;-256.684;-256.88;-256.942;-255.98;0;None;1000;None;15:06:13.528
4764;29.0308;28.8704;22.2035;-256.277;-256.676;-256.888;-256.942;-255.972;0;None;1000;None;15:06:14.023
4765;29.0152;28.8665;22.2035;-256.269;-256.676;-256.888;-256.95;-255.98;0;None;1000;None;15:06:14.521
4766;29.023;28.8665;22.2113;-256.277;-256.676;-256.888;-256.942;-255.972;0;None;1000;None;15:06:15.019
4767;29.0073;28.8704;22.2113;-256.277;-256.676;-256.888;-256.942;-255.98;0;None;1000;None;15:06:15.530
4768;29.0152;28.8704;22.2113;-256.285;-256.676;-256.888;-256.935;-255.98;0;None;1000;None;15:06:16.027
4769;29.0152;28.8665;22.2191;-256.277;-256.668;-256.888;-256.935;-255.972;0;None;1000;None;15:06:16.523
4770;29.0152;28.8665;22.2113;-256.277;-256.676;-256.888;-256.935;-255.98;0;None;1000;None;15:06:17.020
4771;29.0073;28.8665;22.2191;-256.285;-256.684;-256.895;-256.942;-255.972;0;None;1000;None;15:06:17.532
4772;29.0152;28.8665;22.2113;-256.277;-256.684;-256.888;-256.935;-255.98;0;None;1000;None;15:06:18.028
4773;29.0073;28.8665;22.2113;-256.277;-256.684;-256.888;-256.942;-255.972;0;None;1000;None;15:06:18.524
4774;29.0073;28.8665;22.2035;-256.277;-256.684;-256.888;-256.95;-255.972;0;None;1000;None;15:06:19.021
4775;29.0073;28.8665;22.2113;-256.277;-256.684;-256.888;-256.942;-255.972;0;None;1000;None;15:06:19.530
4776;29.0073;28.8626;22.2035;-256.277;-256.684;-256.88;-256.942;-255.972;0;None;1000;None;15:06:20.030
4777;29.0034;28.8665;22.2113;-256.269;-256.684;-256.888;-256.935;-255.972;0;None;1000;None;15:06:20.524
4778;29.0152;28.8626;22.2035;-256.277;-256.684;-256.888;-256.942;-255.98;0;None;1000;None;15:06:21.024
4779;29.0034;28.8665;22.2113;-256.277;-256.684;-256.888;-256.942;-255.972;0;None;1000;None;15:06:21.517
4780;29.0073;28.8704;22.1957;-256.277;-256.684;-256.895;-256.935;-255.98;0;None;1000;None;15:06:22.030
4781;29.0073;28.8704;22.1957;-256.277;-256.676;-256.888;-256.935;-255.98;0;None;1000;None;15:06:22.528
4782;29.0073;28.8743;22.2035;-256.277;-256.684;-256.895;-256.935;-255.98;0;None;1000;None;15:06:23.020
4783;29.0073;28.8704;22.1957;-256.285;-256.676;-256.888;-256.942;-255.972;0;None;1000;None;15:06:23.531
4784;29.0073;28.8782;22.2035;-256.277;-256.684;-256.888;-256.942;-255.972;0;None;1000;None;15:06:24.029
4785;29.0073;28.8704;22.2035;-256.277;-256.684;-256.888;-256.935;-255.98;0;None;1000;None;15:06:24.524
4786;29.0073;28.8782;22.1957;-256.277;-256.676;-256.895;-256.942;-255.972;0;None;1000;None;15:06:25.022
4787;29.0073;28.8782;22.2035;-256.285;-256.684;-256.888;-256.95;-255.98;0;None;1000;None;15:06:25.518
4788;29.0073;28.8704;22.1957;-256.277;-256.684;-256.895;-256.935;-255.972;0;None;1000;None;15:06:26.016
4789;29.0152;28.8782;22.1957;-256.277;-256.684;-256.888;-256.942;-255.98;0;None;1000;None;15:06:26.528
4790;29.023;28.8782;22.1957;-256.277;-256.676;-256.895;-256.935;-255.98;0;None;1000;None;15:06:27.027
4791;29.0152;28.8782;22.1957;-256.277;-256.684;-256.888;-256.942;-255.972;0;None;1000;None;15:06:27.522
4792;29.023;28.8782;22.2035;-256.277;-256.684;-256.895;-256.942;-255.98;0;None;1000;None;15:06:28.021
4793;29.0152;28.8861;22.1878;-256.277;-256.692;-256.888;-256.942;-255.98;0;None;1000;None;15:06:28.529
4794;29.0152;28.8861;22.1957;-256.269;-256.684;-256.888;-256.935;-255.98;0;None;1000;None;15:06:29.026
4795;29.0152;28.8782;22.1878;-256.269;-256.692;-256.888;-256.942;-255.972;0;None;1000;None;15:06:29.528
4796;29.023;28.8861;22.1957;-256.277;-256.684;-256.88;-256.935;-255.98;0;None;1000;None;15:06:30.022
4797;29.023;28.8782;22.1957;-256.269;-256.684;-256.888;-256.942;-255.98;0;None;1000;None;15:06:30.519
4798;29.023;28.8861;22.1878;-256.277;-256.692;-256.888;-256.935;-255.98;0;None;1000;None;15:06:31.016
4799;29.023;28.8704;22.2035;-256.277;-256.684;-256.888;-256.935;-255.972;0;None;1000;None;15:06:31.530
4800;29.0152;28.8782;22.1957;-256.277;-256.684;-256.895;-256.935;-255.98;0;None;1000;None;15:06:32.026
4801;29.0152;28.8782;22.1957;-256.269;-256.676;-256.888;-256.935;-255.98;0;None;1000;None;15:06:32.524
4802;29.0152;28.8704;22.1957;-256.277;-256.684;-256.888;-256.927;-255.972;0;None;1000;None;15:06:33.030
4803;29.023;28.8704;22.1957;-256.277;-256.684;-256.895;-256.935;-255.98;0;None;1000;None;15:06:33.518
4804;29.023;28.8782;22.1957;-256.277;-256.684;-256.888;-256.935;-255.98;0;None;1000;None;15:06:34.022
4805;29.023;28.8665;22.1957;-256.277;-256.684;-256.888;-256.942;-255.98;0;None;1000;None;15:06:34.527
4806;29.023;28.8665;22.1957;-256.277;-256.684;-256.895;-256.942;-255.972;0;None;1000;None;15:06:35.021
4807;29.023;28.8704;22.1957;-256.285;-256.692;-256.888;-256.935;-255.98;0;None;1000;None;15:06:35.516
4808;29.023;28.8665;22.1957;-256.277;-256.684;-256.888;-256.942;-255.972;0;None;1000;None;15:06:36.029
4809;29.023;28.8704;22.2035;-256.277;-256.684;-256.895;-256.942;-255.972;0;None;1000;None;15:06:36.525
4810;29.0152;28.8743;22.1957;-256.277;-256.684;-256.888;-256.935;-255.98;0;None;1000;None;15:06:37.023
4811;29.023;28.8743;22.2035;-256.277;-256.676;-256.888;-256.942;-255.972;0;None;1000;None;15:06:37.520
4812;29.0152;28.8665;22.1878;-256.269;-256.684;-256.895;-256.942;-255.972;0;None;1000;None;15:06:38.021
4813;29.0152;28.8782;22.1957;-256.277;-256.676;-256.88;-256.935;-255.964;0;None;1000;None;15:06:38.520
4814;29.023;28.8704;22.1957;-256.277;-256.684;-256.895;-256.935;-255.972;0;None;1000;None;15:06:39.020
4815;29.0073;28.8782;22.1878;-256.277;-256.676;-256.895;-256.935;-255.972;0;None;1000;None;15:06:39.529
4816;29.0152;28.8704;22.1878;-256.277;-256.676;-256.888;-256.942;-255.972;0;None;1000;None;15:06:40.024
4817;29.0152;28.8782;22.1957;-256.277;-256.676;-256.895;-256.935;-255.972;0;None;1000;None;15:06:40.522
4818;29.0152;28.8704;22.1878;-256.277;-256.684;-256.888;-256.942;-255.972;0;None;1000;None;15:06:41.017
4819;29.0073;28.8704;22.1878;-256.285;-256.684;-256.888;-256.935;-255.972;0;None;1000;None;15:06:41.531
4820;29.0152;28.8743;22.1878;-256.277;-256.676;-256.888;-256.935;-255.972;0;None;1000;None;15:06:42.028
4821;29.0073;28.8704;22.1878;-256.277;-256.668;-256.895;-256.935;-255.972;0;None;1000;None;15:06:42.525
4822;29.0152;28.8665;22.1878;-256.277;-256.684;-256.895;-256.935;-255.964;0;None;1000;None;15:06:43.021
4823;29.0113;28.8704;22.1957;-256.277;-256.684;-256.888;-256.935;-255.972;0;None;1000;None;15:06:43.517
4824;29.0034;28.8665;22.1878;-256.277;-256.684;-256.888;-256.935;-255.972;0;None;1000;None;15:06:44.029
4825;29.0073;28.8665;22.18;-256.277;-256.676;-256.888;-256.942;-255.972;0;None;1000;None;15:06:44.522
4826;29.0034;28.8665;22.1878;-256.277;-256.684;-256.88;-256.942;-255.972;0;None;1000;None;15:06:45.030
4827;29.0073;28.8665;22.1957;-256.277;-256.676;-256.88;-256.935;-255.964;0;None;1000;None;15:06:45.522
4828;29.0034;28.8704;22.1878;-256.269;-256.676;-256.888;-256.942;-255.964;0;None;1000;None;15:06:46.016
4829;29.0073;28.8665;22.1878;-256.277;-256.676;-256.888;-256.942;-255.964;0;None;1000;None;15:06:46.528
4830;29.0034;28.8704;22.1878;-256.277;-256.676;-256.88;-256.935;-255.964;0;None;1000;None;15:06:47.026
4831;29.0073;28.8704;22.1878;-256.269;-256.684;-256.888;-256.935;-255.964;0;None;1000;None;15:06:47.517
4832;29.0073;28.8665;22.1957;-256.277;-256.676;-256.88;-256.935;-255.972;0;None;1000;None;15:06:48.026
4833;29.0073;28.8665;22.1878;-256.277;-256.676;-256.888;-256.942;-255.964;0;None;1000;None;15:06:48.522
4834;29.0073;28.8665;22.1957;-256.277;-256.684;-256.88;-256.942;-255.972;0;None;1000;None;15:06:49.019
4835;29.0073;28.8704;22.1878;-256.277;-256.676;-256.88;-256.942;-255.964;0;None;1000;None;15:06:49.529
4836;29.0073;28.8704;22.1878;-256.277;-256.684;-256.88;-256.942;-255.964;0;None;1000;None;15:06:50.026
4837;29.0152;28.8665;22.2035;-256.277;-256.684;-256.888;-256.95;-255.972;0;None;1000;None;15:06:50.522
4838;29.0073;28.8704;22.1957;-256.285;-256.684;-256.88;-256.942;-255.972;0;None;1000;None;15:06:51.018
4839;29.0152;28.8704;22.1957;-256.277;-256.684;-256.88;-256.942;-255.964;0;None;1000;None;15:06:51.531
4840;29.0152;28.8665;22.2035;-256.285;-256.684;-256.88;-256.935;-255.972;0;None;1000;None;15:06:52.029
4841;29.0073;28.8626;22.1957;-256.277;-256.676;-256.88;-256.935;-255.964;0;None;1000;None;15:06:52.530
4842;29.0152;28.8665;22.1957;-256.285;-256.684;-256.888;-256.935;-255.972;0;None;1000;None;15:06:53.026
4843;29.0073;28.8626;22.2035;-256.285;-256.676;-256.88;-256.935;-255.964;0;None;1000;None;15:06:53.519
4844;29.0152;28.8665;22.1957;-256.277;-256.684;-256.88;-256.942;-255.972;0;None;1000;None;15:06:54.016
4845;29.0152;28.8665;22.1957;-256.285;-256.676;-256.888;-256.935;-255.972;0;None;1000;None;15:06:54.529
4846;29.0152;28.8626;22.2113;-256.277;-256.684;-256.895;-256.935;-255.972;0;None;1000;None;15:06:55.026
4847;29.0152;28.8626;22.1957;-256.277;-256.684;-256.888;-256.935;-255.964;0;None;1000;None;15:06:55.523
4848;29.0152;28.8626;22.1957;-256.285;-256.684;-256.895;-256.942;-255.972;0;None;1000;None;15:06:56.021
4849;29.0073;28.8665;22.2035;-256.277;-256.676;-256.888;-256.935;-255.972;0;None;1000;None;15:06:56.520
4850;29.0152;28.8665;22.2035;-256.277;-256.676;-256.895;-256.942;-255.972;0;None;1000;None;15:06:57.030
4851;29.0073;28.8626;22.1957;-256.285;-256.684;-256.888;-256.95;-255.972;0;None;1000;None;15:06:57.530
4852;29.0073;28.8665;22.1957;-256.277;-256.684;-256.888;-256.942;-255.972;0;None;1000;None;15:06:58.026
4853;29.0073;28.8665;22.1957;-256.277;-256.684;-256.88;-256.942;-255.972;0;None;1000;None;15:06:58.522
4854;29.0152;28.8626;22.1957;-256.277;-256.676;-256.888;-256.95;-255.964;0;None;1000;None;15:06:59.020
4855;29.0073;28.8626;22.1957;-256.285;-256.684;-256.888;-256.942;-255.972;0;None;1000;None;15:06:59.519
4856;29.0073;28.8626;22.1957;-256.277;-256.684;-256.895;-256.935;-255.972;0;None;1000;None;15:07:00.016
4857;29.0073;28.8665;22.1957;-256.285;-256.676;-256.888;-256.942;-255.972;0;None;1000;None;15:07:00.528
4858;29.0113;28.8704;22.1957;-256.277;-256.684;-256.888;-256.935;-255.972;0;None;1000;None;15:07:01.023
4859;29.0073;28.8665;22.2035;-256.277;-256.676;-256.888;-256.935;-255.972;0;None;1000;None;15:07:01.520
4860;29.0073;28.8704;22.1957;-256.277;-256.676;-256.88;-256.942;-255.972;0;None;1000;None;15:07:02.019
4861;29.0073;28.8704;22.1957;-256.285;-256.684;-256.888;-256.942;-255.972;0;None;1000;None;15:07:02.531
4862;29.0073;28.8665;22.2035;-256.277;-256.676;-256.888;-256.935;-255.972;0;None;1000;None;15:07:03.029
4863;29.0034;28.8704;22.2035;-256.269;-256.684;-256.895;-256.942;-255.972;0;None;1000;None;15:07:03.526
4864;29.0034;28.8665;22.1957;-256.277;-256.676;-256.88;-256.942;-255.972;0;None;1000;None;15:07:04.023
4865;28.9995;28.8665;22.1878;-256.269;-256.676;-256.888;-256.942;-255.964;0;None;1000;None;15:07:04.520
4866;29.0034;28.8704;22.1957;-256.269;-256.676;-256.88;-256.935;-255.972;0;None;1000;None;15:07:05.019
4867;28.9995;28.8665;22.1957;-256.277;-256.684;-256.888;-256.942;-255.972;0;None;1000;None;15:07:05.530
4868;29.0034;28.8704;22.1957;-256.269;-256.668;-256.872;-256.95;-255.972;0;None;1000;None;15:07:06.030
4869;28.9995;28.8704;22.1957;-256.277;-256.684;-256.88;-256.935;-255.964;0;None;1000;None;15:07:06.526
4870;28.9995;28.8704;22.1957;-256.277;-256.684;-256.88;-256.935;-255.972;0;None;1000;None;15:07:07.019
4871;29.0034;28.8704;22.1878;-256.277;-256.676;-256.88;-256.935;-255.972;0;None;1000;None;15:07:07.522
4872;29.0073;28.8665;22.1957;-256.277;-256.676;-256.88;-256.942;-255.972;0;None;1000;None;15:07:08.031
4873;29.0034;28.8782;22.1957;-256.277;-256.684;-256.872;-256.935;-255.972;0;None;1000;None;15:07:08.528
4874;29.0034;28.8704;22.1878;-256.269;-256.676;-256.88;-256.942;-255.972;0;None;1000;None;15:07:09.025
4875;28.9995;28.8782;22.1957;-256.277;-256.684;-256.88;-256.942;-255.972;0;None;1000;None;15:07:09.523
4876;29.0034;28.8782;22.1957;-256.269;-256.676;-256.88;-256.942;-255.972;0;None;1000;None;15:07:10.020
4877;29.0034;28.8665;22.2035;-256.277;-256.684;-256.88;-256.942;-255.972;0;None;1000;None;15:07:10.517
4878;29.0034;28.8704;22.1957;-256.277;-256.676;-256.88;-256.942;-255.98;0;None;1000;None;15:07:11.022
4879;29.0034;28.8743;22.2035;-256.269;-256.684;-256.88;-256.935;-255.972;0;None;1000;None;15:07:11.528
4880;29.0034;28.8704;22.1957;-256.269;-256.676;-256.888;-256.942;-255.98;0;None;1000;None;15:07:12.026
4881;29.0073;28.8704;22.1957;-256.277;-256.684;-256.88;-256.942;-255.972;0;None;1000;None;15:07:12.522
4882;29.0073;28.8665;22.2035;-256.277;-256.684;-256.88;-256.935;-255.98;0;None;1000;None;15:07:13.020
4883;29.0034;28.8782;22.1957;-256.269;-256.684;-256.872;-256.935;-255.972;0;None;1000;None;15:07:13.531
4884;29.0034;28.8665;22.1957;-256.269;-256.692;-256.888;-256.935;-255.98;0;None;1000;None;15:07:14.030
4885;29.0073;28.8704;22.2113;-256.269;-256.684;-256.88;-256.935;-255.98;0;None;1000;None;15:07:14.526
4886;29.0073;28.8665;22.1957;-256.277;-256.692;-256.888;-256.927;-255.972;0;None;1000;None;15:07:15.021
4887;29.0073;28.8665;22.1957;-256.269;-256.684;-256.88;-256.935;-255.98;0;None;1000;None;15:07:15.517
4888;29.0073;28.8665;22.2035;-256.277;-256.684;-256.88;-256.927;-255.972;0;None;1000;None;15:07:16.030
4889;29.0034;28.8626;22.2113;-256.277;-256.692;-256.888;-256.935;-255.98;0;None;1000;None;15:07:16.528
4890;29.0073;28.8665;22.2035;-256.269;-256.676;-256.88;-256.927;-255.98;0;None;1000;None;15:07:17.024
4891;29.0073;28.8665;22.1957;-256.277;-256.684;-256.888;-256.935;-255.98;0;None;1000;None;15:07:17.522
4892;29.023;28.8704;22.2035;-256.277;-256.684;-256.88;-256.935;-255.98;0;None;1000;None;15:07:18.018
4893;29.0152;28.8665;22.2035;-256.285;-256.684;-256.888;-256.935;-255.988;0;None;1000;None;15:07:18.530
4894;29.023;28.8665;22.1957;-256.277;-256.684;-256.88;-256.927;-255.972;0;None;1000;None;15:07:19.028
4895;29.0073;28.8665;22.2035;-256.277;-256.684;-256.88;-256.935;-255.98;0;None;1000;None;15:07:19.529
4896;29.0152;28.8665;22.2113;-256.277;-256.684;-256.888;-256.927;-255.98;0;None;1000;None;15:07:20.019
4897;29.0152;28.8704;22.2035;-256.269;-256.676;-256.888;-256.927;-255.98;0;None;1000;None;15:07:20.517
4898;29.0073;28.8704;22.2113;-256.277;-256.684;-256.888;-256.935;-255.972;0;None;1000;None;15:07:21.030
4899;29.0152;28.8665;22.2035;-256.285;-256.684;-256.888;-256.935;-255.98;0;None;1000;None;15:07:21.529
4900;29.0073;28.8704;22.2113;-256.285;-256.684;-256.888;-256.942;-255.972;0;None;1000;None;15:07:22.029
4901;29.0073;28.8665;22.2035;-256.277;-256.684;-256.888;-256.935;-255.972;0;None;1000;None;15:07:22.531
4902;29.0152;28.8704;22.2191;-256.285;-256.684;-256.88;-256.935;-255.98;0;None;1000;None;15:07:23.023
4903;29.0073;28.8665;22.2113;-256.277;-256.684;-256.888;-256.927;-255.972;0;None;1000;None;15:07:23.519
4904;29.0073;28.8626;22.2113;-256.277;-256.684;-256.888;-256.927;-255.98;0;None;1000;None;15:07:24.015
4905;29.0152;28.8665;22.2191;-256.277;-256.692;-256.88;-256.935;-255.98;0;None;1000;None;15:07:24.528
4906;29.0113;28.8665;22.2113;-256.285;-256.684;-256.888;-256.935;-255.98;0;None;1000;None;15:07:25.025
4907;29.0073;28.8665;22.2113;-256.277;-256.684;-256.88;-256.927;-255.972;0;None;1000;None;15:07:25.522
4908;29.0152;28.8665;22.2035;-256.277;-256.684;-256.888;-256.927;-255.98;0;None;1000;None;15:07:26.019
4909;29.0152;28.8704;22.2113;-256.277;-256.676;-256.888;-256.935;-255.972;0;None;1000;None;15:07:26.531
4910;29.0152;28.8665;22.2113;-256.277;-256.684;-256.88;-256.935;-255.972;0;None;1000;None;15:07:27.029
4911;29.0152;28.8704;22.2191;-256.277;-256.676;-256.888;-256.927;-255.964;0;None;1000;None;15:07:27.528
4912;29.0152;28.8704;22.2113;-256.277;-256.684;-256.888;-256.935;-255.972;0;None;1000;None;15:07:28.027
4913;29.0073;28.8665;22.2113;-256.277;-256.676;-256.888;-256.942;-255.972;0;None;1000;None;15:07:28.530
4914;29.0034;28.8704;22.2113;-256.277;-256.684;-256.88;-256.935;-255.972;0;None;1000;None;15:07:29.021
4915;29.0034;28.8665;22.2113;-256.277;-256.676;-256.888;-256.935;-255.972;0;None;1000;None;15:07:29.518
4916;29.0073;28.8665;22.2113;-256.277;-256.676;-256.888;-256.935;-255.98;0;None;1000;None;15:07:30.019
4917;29.0034;28.8704;22.2113;-256.285;-256.684;-256.888;-256.935;-255.972;0;None;1000;None;15:07:30.529
4918;28.9995;28.8665;22.2113;-256.277;-256.684;-256.888;-256.935;-255.98;0;None;1000;None;15:07:31.027
4919;28.9995;28.8665;22.2035;-256.285;-256.684;-256.895;-256.935;-255.972;0;None;1000;None;15:07:31.522
4920;29.0034;28.8704;22.2113;-256.277;-256.684;-256.888;-256.942;-255.972;0;None;1000;None;15:07:32.021
4921;28.9995;28.8665;22.2035;-256.285;-256.684;-256.895;-256.935;-255.98;0;None;1000;None;15:07:32.517
4922;29.0034;28.8665;22.2035;-256.277;-256.676;-256.888;-256.942;-255.972;0;None;1000;None;15:07:33.030
4923;29.0073;28.8665;22.2113;-256.285;-256.684;-256.895;-256.942;-255.98;0;None;1000;None;15:07:33.529
4924;29.0034;28.8665;22.2035;-256.277;-256.676;-256.895;-256.935;-255.972;0;None;1000;None;15:07:34.026
4925;29.0034;28.8665;22.2035;-256.285;-256.684;-256.895;-256.942;-255.98;0;None;1000;None;15:07:34.521
4926;29.0073;28.8704;22.2035;-256.277;-256.676;-256.895;-256.935;-255.972;0;None;1000;None;15:07:35.017
4927;29.0034;28.8665;22.2113;-256.277;-256.684;-256.895;-256.942;-255.98;0;None;1000;None;15:07:35.528
4928;29.0034;28.8665;22.2035;-256.277;-256.684;-256.895;-256.942;-255.972;0;None;1000;None;15:07:36.021
4929;29.0034;28.8665;22.2113;-256.277;-256.676;-256.888;-256.942;-255.972;0;None;1000;None;15:07:36.522
4930;29.0034;28.8665;22.2035;-256.277;-256.684;-256.888;-256.927;-255.972;0;None;1000;None;15:07:37.029
4931;29.0034;28.8665;22.2113;-256.269;-256.692;-256.895;-256.935;-255.98;0;None;1000;None;15:07:37.529
4932;29.0073;28.8665;22.2113;-256.277;-256.684;-256.895;-256.935;-255.972;0;None;1000;None;15:07:38.022
4933;29.0034;28.8665;22.2035;-256.277;-256.684;-256.895;-256.942;-255.98;0;None;1000;None;15:07:38.520
4934;29.0034;28.8626;22.2113;-256.269;-256.676;-256.895;-256.942;-255.972;0;None;1000;None;15:07:39.017
4935;29.0034;28.8587;22.2191;-256.277;-256.684;-256.895;-256.942;-255.964;0;None;1000;None;15:07:39.528
4936;29.0073;28.8626;22.2035;-256.269;-256.684;-256.895;-256.95;-255.964;0;None;1000;None;15:07:40.025
4937;29.0034;28.8626;22.2191;-256.277;-256.676;-256.888;-256.942;-255.972;0;None;1000;None;15:07:40.520
4938;29.0034;28.8626;22.2113;-256.269;-256.676;-256.895;-256.942;-255.964;0;None;1000;None;15:07:41.019
4939;29.0034;28.8665;22.2113;-256.277;-256.684;-256.888;-256.935;-255.972;0;None;1000;None;15:07:41.530
4940;29.0034;28.8665;22.2035;-256.285;-256.676;-256.888;-256.942;-255.972;0;None;1000;None;15:07:42.026
4941;29.0034;28.8626;22.2191;-256.277;-256.676;-256.888;-256.935;-255.972;0;None;1000;None;15:07:42.522
4942;29.0073;28.8665;22.2113;-256.277;-256.684;-256.895;-256.942;-255.972;0;None;1000;None;15:07:43.019
4943;29.0034;28.8626;22.2113;-256.277;-256.676;-256.895;-256.942;-255.972;0;None;1000;None;15:07:43.531
4944;29.0034;28.8704;22.2113;-256.277;-256.684;-256.895;-256.942;-255.972;0;None;1000;None;15:07:44.029
4945;29.0034;28.8665;22.2113;-256.277;-256.676;-256.895;-256.942;-255.964;0;None;1000;None;15:07:44.528
4946;29.0034;28.8665;22.2191;-256.277;-256.684;-256.895;-256.942;-255.972;0;None;1000;None;15:07:45.024
4947;29.0073;28.8704;22.2035;-256.277;-256.684;-256.895;-256.942;-255.972;0;None;1000;None;15:07:45.522
4948;29.0034;28.8665;22.2113;-256.277;-256.684;-256.895;-256.935;-255.972;0;None;1000;None;15:07:46.018
4949;29.0034;28.8704;22.2035;-256.277;-256.676;-256.895;-256.942;-255.964;0;None;1000;None;15:07:46.531
4950;29.0034;28.8665;22.2035;-256.277;-256.676;-256.895;-256.935;-255.972;0;None;1000;None;15:07:47.029
4951;29.0073;28.8665;22.2113;-256.277;-256.684;-256.895;-256.942;-255.972;0;None;1000;None;15:07:47.529
4952;29.0034;28.8626;22.2035;-256.269;-256.684;-256.895;-256.935;-255.98;0;None;1000;None;15:07:48.022
4953;29.0034;28.8704;22.2035;-256.277;-256.684;-256.888;-256.935;-255.964;0;None;1000;None;15:07:48.515
4954;28.9995;28.8665;22.2113;-256.285;-256.684;-256.895;-256.935;-255.972;0;None;1000;None;15:07:49.026
4955;29.0034;28.8743;22.2113;-256.269;-256.684;-256.895;-256.935;-255.972;0;None;1000;None;15:07:49.520
4956;28.9995;28.8704;22.2113;-256.277;-256.684;-256.888;-256.935;-255.972;0;None;1000;None;15:07:50.015
4957;29.0034;28.8704;22.2035;-256.269;-256.684;-256.888;-256.927;-255.964;0;None;1000;None;15:07:50.529
4958;29.0034;28.8704;22.2113;-256.277;-256.676;-256.895;-256.935;-255.972;0;None;1000;None;15:07:51.024
4959;28.9995;28.8704;22.2113;-256.277;-256.684;-256.888;-256.935;-255.972;0;None;1000;None;15:07:51.516
4960;28.9995;28.8704;22.2113;-256.269;-256.676;-256.888;-256.935;-255.964;0;None;1000;None;15:07:52.024
4961;29.0034;28.8704;22.2113;-256.277;-256.692;-256.903;-256.935;-255.972;0;None;1000;None;15:07:52.521
4962;29.0034;28.8782;22.2035;-256.269;-256.684;-256.888;-256.942;-255.972;0;None;1000;None;15:07:53.020
4963;29.0073;28.8704;22.2191;-256.277;-256.684;-256.888;-256.942;-255.964;0;None;1000;None;15:07:53.530
4964;29.0034;28.8704;22.2113;-256.277;-256.684;-256.88;-256.935;-255.964;0;None;1000;None;15:07:54.027
4965;29.0073;28.8665;22.2113;-256.277;-256.684;-256.888;-256.935;-255.972;0;None;1000;None;15:07:54.526
4966;29.0073;28.8704;22.2113;-256.269;-256.676;-256.888;-256.942;-255.972;0;None;1000;None;15:07:55.022
4967;29.0034;28.8704;22.2113;-256.277;-256.684;-256.888;-256.935;-255.964;0;None;1000;None;15:07:55.531
4968;29.0034;28.8665;22.2113;-256.277;-256.676;-256.895;-256.942;-255.972;0;None;1000;None;15:07:56.020
4969;29.0034;28.8665;22.2113;-256.277;-256.676;-256.888;-256.927;-255.972;0;None;1000;None;15:07:56.530
4970;29.0034;28.8626;22.2191;-256.285;-256.684;-256.888;-256.935;-255.972;0;None;1000;None;15:07:57.026
4971;29.0073;28.8704;22.2113;-256.277;-256.676;-256.888;-256.935;-255.972;0;None;1000;None;15:07:57.521
4972;29.0034;28.8665;22.2035;-256.269;-256.684;-256.888;-256.927;-255.972;0;None;1000;None;15:07:58.019
4973;28.9995;28.8665;22.2113;-256.277;-256.684;-256.888;-256.942;-255.972;0;None;1000;None;15:07:58.530
4974;28.9995;28.8665;22.2113;-256.277;-256.676;-256.888;-256.935;-255.972;0;None;1000;None;15:07:59.026
4975;28.9995;28.8665;22.2113;-256.277;-256.684;-256.888;-256.935;-255.972;0;None;1000;None;15:07:59.526
4976;29.0034;28.8665;22.2191;-256.277;-256.684;-256.888;-256.927;-255.972;0;None;1000;None;15:08:00.020
4977;29.0034;28.8626;22.2113;-256.285;-256.684;-256.895;-256.935;-255.972;0;None;1000;None;15:08:00.517
4978;29.0073;28.8665;22.2191;-256.269;-256.684;-256.903;-256.935;-255.972;0;None;1000;None;15:08:01.030
4979;29.0034;28.8665;22.2191;-256.277;-256.684;-256.895;-256.935;-255.98;0;None;1000;None;15:08:01.527
4980;29.0034;28.8665;22.2191;-256.269;-256.684;-256.895;-256.935;-255.972;0;None;1000;None;15:08:02.023
4981;29.0073;28.8626;22.2191;-256.277;-256.684;-256.895;-256.942;-255.972;0;None;1000;None;15:08:02.520
4982;29.0073;28.8704;22.2191;-256.277;-256.676;-256.895;-256.942;-255.98;0;None;1000;None;15:08:03.021
4983;29.0073;28.8665;22.2191;-256.277;-256.684;-256.895;-256.935;-255.972;0;None;1000;None;15:08:03.528
4984;29.0152;28.8665;22.2191;-256.277;-256.684;-256.888;-256.942;-255.98;0;None;1000;None;15:08:04.025
4985;29.0152;28.8665;22.2191;-256.277;-256.676;-256.895;-256.927;-255.972;0;None;1000;None;15:08:04.523
4986;29.0073;28.8665;22.2191;-256.277;-256.684;-256.895;-256.927;-255.972;0;None;1000;None;15:08:05.019
4987;29.0073;28.8665;22.2191;-256.269;-256.684;-256.895;-256.935;-255.972;0;None;1000;None;15:08:05.529
4988;29.0073;28.8665;22.227;-256.277;-256.684;-256.888;-256.935;-255.972;0;None;1000;None;15:08:06.027
4989;29.0073;28.8665;22.227;-256.277;-256.684;-256.895;-256.942;-255.964;0;None;1000;None;15:08:06.522
4990;29.0034;28.8704;22.2191;-256.277;-256.684;-256.895;-256.935;-255.972;0;None;1000;None;15:08:07.020
4991;29.0034;28.8665;22.2191;-256.269;-256.684;-256.895;-256.935;-255.964;0;None;1000;None;15:08:07.519
4992;29.0073;28.8626;22.227;-256.269;-256.684;-256.895;-256.942;-255.972;0;None;1000;None;15:08:08.027
4993;29.0034;28.8665;22.227;-256.269;-256.684;-256.903;-256.935;-255.972;0;None;1000;None;15:08:08.528
4994;29.0073;28.8665;22.227;-256.269;-256.684;-256.888;-256.942;-255.964;0;None;1000;None;15:08:09.026
4995;29.0073;28.8626;22.2191;-256.269;-256.692;-256.895;-256.935;-255.972;0;None;1000;None;15:08:09.524
4996;29.0034;28.8665;22.2348;-256.262;-256.684;-256.895;-256.942;-255.964;0;None;1000;None;15:08:10.020
4997;29.0073;28.8626;22.227;-256.277;-256.692;-256.903;-256.935;-255.972;0;None;1000;None;15:08:10.522
4998;29.0034;28.8704;22.227;-256.262;-256.684;-256.895;-256.935;-255.964;0;None;1000;None;15:08:11.029
4999;29.0073;28.8665;22.2191;-256.269;-256.684;-256.895;-256.935;-255.972;0;None;1000;None;15:08:11.529
5000;29.0034;28.8665;22.2113;-256.262;-256.684;-256.895;-256.942;-255.964;0;None;1000;None;15:08:12.024
5001;29.0073;28.8626;22.2113;-256.269;-256.684;-256.903;-256.942;-255.972;0;None;1000;None;15:08:12.521
5002;29.0073;28.8665;22.2035;-256.269;-256.684;-256.895;-256.935;-255.964;0;None;1000;None;15:08:13.020
5003;29.0073;28.8626;22.2035;-256.262;-256.692;-256.895;-256.935;-255.972;0;None;1000;None;15:08:13.529
5004;29.0073;28.8626;22.2035;-256.269;-256.684;-256.888;-256.935;-255.972;0;None;1000;None;15:08:14.027
5005;29.0152;28.8626;22.2113;-256.262;-256.692;-256.895;-256.935;-255.98;0;None;1000;None;15:08:14.527
5006;29.0073;28.8626;22.2035;-256.269;-256.676;-256.888;-256.942;-255.972;0;None;1000;None;15:08:15.021
5007;29.0073;28.8626;22.2035;-256.269;-256.684;-256.895;-256.935;-255.972;0;None;1000;None;15:08:15.531
5008;29.0073;28.8626;22.2035;-256.269;-256.692;-256.895;-256.935;-255.972;0;None;1000;None;15:08:16.021
5009;29.0073;28.8626;22.2035;-256.262;-256.684;-256.903;-256.935;-255.972;0;None;1000;None;15:08:16.529
5010;29.0191;28.8665;22.2035;-256.269;-256.684;-256.895;-256.942;-255.98;0;None;1000;None;15:08:17.027
5011;29.0073;28.8626;22.2113;-256.269;-256.676;-256.895;-256.927;-255.972;0;None;1000;None;15:08:17.525
5012;29.0152;28.8626;22.2035;-256.277;-256.684;-256.903;-256.935;-255.98;0;None;1000;None;15:08:18.021
5013;29.0152;28.8626;22.2035;-256.277;-256.684;-256.895;-256.935;-255.98;0;None;1000;None;15:08:18.516
5014;29.0152;28.8626;22.2035;-256.277;-256.684;-256.895;-256.935;-255.988;0;None;1000;None;15:08:19.027
5015;29.0152;28.8626;22.2035;-256.277;-256.676;-256.903;-256.942;-255.98;0;None;1000;None;15:08:19.522
5016;29.0152;28.8626;22.2035;-256.277;-256.676;-256.895;-256.935;-255.98;0;None;1000;None;15:08:20.020
5017;29.0152;28.8626;22.2035;-256.277;-256.684;-256.903;-256.942;-255.98;0;None;1000;None;15:08:20.517
5018;29.0152;28.8626;22.2035;-256.277;-256.692;-256.895;-256.935;-255.98;0;None;1000;None;15:08:21.029
5019;29.0152;28.8587;22.2035;-256.277;-256.684;-256.895;-256.935;-255.988;0;None;1000;None;15:08:21.525
5020;29.0152;28.8587;22.1957;-256.277;-256.684;-256.895;-256.935;-255.98;0;None;1000;None;15:08:22.022
5021;29.0152;28.8626;22.2035;-256.269;-256.684;-256.888;-256.942;-255.98;0;None;1000;None;15:08:22.520
5022;29.0073;28.8587;22.2035;-256.277;-256.692;-256.895;-256.942;-255.988;0;None;1000;None;15:08:23.018
5023;29.0073;28.8626;22.2035;-256.277;-256.676;-256.903;-256.942;-255.98;0;None;1000;None;15:08:23.527
5024;29.0152;28.8665;22.2035;-256.277;-256.684;-256.895;-256.935;-255.98;0;None;1000;None;15:08:24.025
5025;29.0073;28.8626;22.2035;-256.277;-256.684;-256.895;-256.942;-255.988;0;None;1000;None;15:08:24.521
5026;29.0073;28.8626;22.2035;-256.269;-256.684;-256.895;-256.942;-255.98;0;None;1000;None;15:08:25.020
5027;29.0073;28.8587;22.2035;-256.277;-256.676;-256.903;-256.935;-255.98;0;None;1000;None;15:08:25.531
5028;29.0073;28.8626;22.2035;-256.269;-256.676;-256.903;-256.942;-255.98;0;None;1000;None;15:08:26.018
5029;29.0073;28.8665;22.2035;-256.277;-256.684;-256.903;-256.942;-255.98;0;None;1000;None;15:08:26.527
5030;29.023;28.8665;22.2035;-256.277;-256.684;-256.895;-256.935;-255.98;0;None;1000;None;15:08:27.026
5031;29.0073;28.8626;22.2113;-256.277;-256.692;-256.895;-256.935;-255.988;0;None;1000;None;15:08:27.521
5032;29.0152;28.8626;22.2191;-256.269;-256.676;-256.895;-256.942;-255.98;0;None;1000;None;15:08:28.022
5033;29.0152;28.8665;22.2113;-256.277;-256.684;-256.895;-256.935;-255.988;0;None;1000;None;15:08:28.529
5034;29.0152;28.8626;22.2191;-256.269;-256.692;-256.895;-256.935;-255.98;0;None;1000;None;15:08:29.042
5035;29.0152;28.8626;22.2113;-256.277;-256.684;-256.888;-256.935;-255.98;0;None;1000;None;15:08:29.523
5036;29.0073;28.8626;22.2113;-256.269;-256.684;-256.895;-256.935;-255.98;0;None;1000;None;15:08:30.020
5037;29.023;28.8665;22.2191;-256.277;-256.692;-256.888;-256.935;-255.972;0;None;1000;None;15:08:30.531
5038;29.0073;28.8665;22.2113;-256.277;-256.684;-256.895;-256.935;-255.98;0;None;1000;None;15:08:31.027
5039;29.0073;28.8626;22.2113;-256.269;-256.692;-256.888;-256.935;-255.98;0;None;1000;None;15:08:31.520
5040;29.0073;28.8665;22.2113;-256.277;-256.684;-256.895;-256.942;-255.98;0;None;1000;None;15:08:32.017
5041;29.0073;28.8626;22.2113;-256.277;-256.684;-256.888;-256.95;-255.972;0;None;1000;None;15:08:32.529
5042;29.0034;28.8626;22.2191;-256.269;-256.676;-256.895;-256.942;-255.98;0;None;1000;None;15:08:33.028
5043;29.0034;28.8665;22.2113;-256.277;-256.684;-256.895;-256.942;-255.98;0;None;1000;None;15:08:33.525
5044;29.0073;28.8626;22.2113;-256.269;-256.676;-256.888;-256.942;-255.98;0;None;1000;None;15:08:34.020
5045;29.0034;28.8665;22.2113;-256.269;-256.676;-256.888;-256.942;-255.98;0;None;1000;None;15:08:34.516
5046;29.0073;28.8665;22.2035;-256.269;-256.684;-256.888;-256.942;-255.98;0;None;1000;None;15:08:35.029
5047;29.023;28.8665;22.2113;-256.269;-256.684;-256.895;-256.935;-255.98;0;None;1000;None;15:08:35.525
5048;29.0152;28.8704;22.2035;-256.277;-256.684;-256.888;-256.942;-255.98;0;None;1000;None;15:08:36.021
5049;29.023;28.8665;22.2113;-256.277;-256.676;-256.895;-256.942;-255.98;0;None;1000;None;15:08:36.516
5050;29.0152;28.8665;22.2113;-256.277;-256.684;-256.888;-256.942;-255.98;0;None;1000;None;15:08:37.023
5051;29.023;28.8665;22.2035;-256.277;-256.692;-256.888;-256.942;-255.972;0;None;1000;None;15:08:37.527
5052;29.0152;28.8665;22.2035;-256.277;-256.684;-256.888;-256.942;-255.98;0;None;1000;None;15:08:38.023
5053;29.023;28.8665;22.2113;-256.277;-256.692;-256.888;-256.942;-255.98;0;None;1000;None;15:08:38.520
5054;29.0152;28.8626;22.2113;-256.277;-256.684;-256.888;-256.942;-255.972;0;None;1000;None;15:08:39.020
5055;29.023;28.8626;22.2113;-256.277;-256.684;-256.888;-256.95;-255.98;0;None;1000;None;15:08:39.530
5056;29.0152;28.8665;22.2035;-256.285;-256.692;-256.895;-256.942;-255.972;0;None;1000;None;15:08:40.027
5057;29.023;28.8665;22.2113;-256.277;-256.684;-256.888;-256.942;-255.98;0;None;1000;None;15:08:40.526
5058;29.023;28.8665;22.2113;-256.285;-256.684;-256.895;-256.942;-255.98;0;None;1000;None;15:08:41.022
5059;29.023;28.8665;22.2035;-256.277;-256.684;-256.888;-256.935;-255.972;0;None;1000;None;15:08:41.518
5060;29.0152;28.8743;22.2113;-256.277;-256.684;-256.888;-256.942;-255.98;0;None;1000;None;15:08:42.021
5061;29.0308;28.8665;22.2113;-256.277;-256.684;-256.888;-256.942;-255.98;0;None;1000;None;15:08:42.527
5062;29.023;28.8665;22.2113;-256.277;-256.676;-256.888;-256.95;-255.972;0;None;1000;None;15:08:43.026
5063;29.0152;28.8665;22.2191;-256.277;-256.676;-256.888;-256.942;-255.98;0;None;1000;None;15:08:43.524
5064;29.023;28.8665;22.2113;-256.285;-256.684;-256.895;-256.95;-255.972;0;None;1000;None;15:08:44.017
5065;29.0152;28.8665;22.2191;-256.277;-256.684;-256.888;-256.942;-255.972;0;None;1000;None;15:08:44.529
5066;29.023;28.8665;22.2191;-256.277;-256.684;-256.895;-256.942;-255.972;0;None;1000;None;15:08:45.022
5067;29.0152;28.8626;22.2191;-256.277;-256.684;-256.888;-256.942;-255.972;0;None;1000;None;15:08:45.518
5068;29.023;28.8626;22.2113;-256.277;-256.676;-256.895;-256.935;-255.964;0;None;1000;None;15:08:46.022
5069;29.0152;28.8665;22.2191;-256.277;-256.676;-256.888;-256.942;-255.972;0;None;1000;None;15:08:46.526
5070;29.0308;28.8626;22.2191;-256.277;-256.684;-256.895;-256.95;-255.98;0;None;1000;None;15:08:47.019
5071;29.023;28.8587;22.2191;-256.277;-256.684;-256.895;-256.942;-255.972;0;None;1000;None;15:08:47.514
5072;29.023;28.8626;22.2191;-256.277;-256.684;-256.888;-256.942;-255.972;0;None;1000;None;15:08:48.025
5073;29.0308;28.8626;22.2191;-256.277;-256.684;-256.895;-256.935;-255.98;0;None;1000;None;15:08:48.518
5074;29.023;28.8587;22.227;-256.277;-256.684;-256.888;-256.942;-255.972;0;None;1000;None;15:08:49.022
5075;29.023;28.8587;22.227;-256.277;-256.676;-256.888;-256.935;-255.98;0;None;1000;None;15:08:49.524
5076;29.0308;28.8626;22.2191;-256.277;-256.676;-256.888;-256.942;-255.972;0;None;1000;None;15:08:50.018
5077;29.023;28.8626;22.227;-256.285;-256.684;-256.888;-256.942;-255.98;0;None;1000;None;15:08:50.515
5078;29.023;28.8626;22.227;-256.277;-256.676;-256.895;-256.935;-255.98;0;None;1000;None;15:08:51.028
5079;29.023;28.8665;22.227;-256.285;-256.676;-256.888;-256.942;-255.98;0;None;1000;None;15:08:51.525
5080;29.023;28.8665;22.2191;-256.285;-256.676;-256.895;-256.942;-255.98;0;None;1000;None;15:08:52.020
5081;29.0308;28.8626;22.227;-256.277;-256.684;-256.888;-256.942;-255.972;0;None;1000;None;15:08:52.517
5082;29.023;28.8626;22.227;-256.285;-256.676;-256.895;-256.935;-255.98;0;None;1000;None;15:08:53.017
5083;29.023;28.8626;22.2191;-256.277;-256.684;-256.888;-256.935;-255.98;0;None;1000;None;15:08:53.528
5084;29.023;28.8665;22.227;-256.285;-256.676;-256.895;-256.935;-255.98;0;None;1000;None;15:08:54.021
5085;29.023;28.8665;22.2348;-256.277;-256.676;-256.888;-256.935;-255.972;0;None;1000;None;15:08:54.519
5086;29.023;28.8665;22.2191;-256.277;-256.676;-256.895;-256.942;-255.972;0;None;1000;None;15:08:55.018
5087;29.023;28.8626;22.227;-256.277;-256.684;-256.888;-256.935;-255.972;0;None;1000;None;15:08:55.529
5088;29.0152;28.8665;22.227;-256.277;-256.684;-256.888;-256.942;-255.98;0;None;1000;None;15:08:56.028
5089;29.023;28.8704;22.2191;-256.277;-256.676;-256.888;-256.942;-255.972;0;None;1000;None;15:08:56.522
5090;29.0152;28.8665;22.2348;-256.277;-256.684;-256.895;-256.942;-255.98;0;None;1000;None;15:08:57.017
5091;29.023;28.8782;22.2348;-256.277;-256.684;-256.895;-256.942;-255.972;0;None;1000;None;15:08:57.530
5092;29.0152;28.8665;22.2348;-256.277;-256.684;-256.888;-256.935;-255.972;0;None;1000;None;15:08:58.027
5093;29.023;28.8704;22.227;-256.285;-256.684;-256.895;-256.935;-255.972;0;None;1000;None;15:08:58.527
5094;29.0152;28.8704;22.227;-256.277;-256.684;-256.895;-256.942;-255.98;0;None;1000;None;15:08:59.021
5095;29.0152;28.8704;22.227;-256.277;-256.684;-256.895;-256.935;-255.972;0;None;1000;None;15:08:59.517
5096;29.023;28.8704;22.227;-256.285;-256.684;-256.895;-256.935;-255.972;0;None;1000;None;15:09:00.019
5097;29.0073;28.8782;22.2348;-256.277;-256.684;-256.895;-256.935;-255.972;0;None;1000;None;15:09:00.527
5098;29.0152;28.8704;22.227;-256.285;-256.684;-256.888;-256.942;-255.964;0;None;1000;None;15:09:01.028
5099;29.0152;28.8782;22.227;-256.285;-256.684;-256.895;-256.942;-255.98;0;None;1000;None;15:09:01.529
5100;29.023;28.8782;22.227;-256.285;-256.676;-256.895;-256.935;-255.972;0;None;1000;None;15:09:02.015
5101;29.0152;28.8704;22.2348;-256.285;-256.684;-256.888;-256.95;-255.964;0;None;1000;None;15:09:02.514
5102;29.0152;28.8782;22.227;-256.285;-256.684;-256.888;-256.95;-255.972;0;None;1000;None;15:09:03.028
5103;29.023;28.8782;22.2348;-256.285;-256.684;-256.888;-256.942;-255.98;0;None;1000;None;15:09:03.524
5104;29.023;28.8704;22.2348;-256.285;-256.676;-256.88;-256.942;-255.98;0;None;1000;None;15:09:04.024
5105;29.0152;28.8782;22.227;-256.277;-256.684;-256.888;-256.942;-255.972;0;None;1000;None;15:09:04.523
5106;29.023;28.8704;22.227;-256.277;-256.684;-256.888;-256.935;-255.98;0;None;1000;None;15:09:05.014
5107;29.0152;28.8782;22.2191;-256.285;-256.676;-256.888;-256.942;-255.98;0;None;1000;None;15:09:05.526
5108;29.023;28.8782;22.227;-256.277;-256.684;-256.888;-256.942;-255.98;0;None;1000;None;15:09:06.021
5109;29.0152;28.8704;22.2191;-256.285;-256.684;-256.888;-256.935;-255.98;0;None;1000;None;15:09:06.517
5110;29.023;28.8782;22.2113;-256.285;-256.676;-256.888;-256.942;-255.972;0;None;1000;None;15:09:07.026
5111;29.0152;28.8782;22.2191;-256.277;-256.692;-256.888;-256.935;-255.98;0;None;1000;None;15:09:07.527
5112;29.0152;28.8704;22.2191;-256.277;-256.684;-256.895;-256.942;-255.98;0;None;1000;None;15:09:08.024
5113;29.023;28.8782;22.2113;-256.285;-256.684;-256.888;-256.935;-255.98;0;None;1000;None;15:09:08.520
5114;29.0152;28.8704;22.2191;-256.285;-256.684;-256.888;-256.935;-255.98;0;None;1000;None;15:09:09.025
5115;29.023;28.8782;22.2191;-256.277;-256.692;-256.888;-256.942;-255.98;0;None;1000;None;15:09:09.528
5116;29.0152;28.8665;22.2191;-256.285;-256.684;-256.888;-256.935;-255.98;0;None;1000;None;15:09:10.026
5117;29.023;28.8665;22.2191;-256.277;-256.684;-256.888;-256.942;-255.98;0;None;1000;None;15:09:10.521
5118;29.0152;28.8665;22.2113;-256.285;-256.692;-256.88;-256.942;-255.98;0;None;1000;None;15:09:11.023
5119;29.0152;28.8626;22.2191;-256.277;-256.684;-256.888;-256.942;-255.972;0;None;1000;None;15:09:11.515
5120;29.0152;28.8626;22.227;-256.293;-256.684;-256.888;-256.935;-255.98;0;None;1000;None;15:09:12.027
5121;29.0073;28.8626;22.227;-256.277;-256.676;-256.88;-256.942;-255.98;0;None;1000;None;15:09:12.529
5122;29.0152;28.8626;22.227;-256.285;-256.676;-256.888;-256.942;-255.972;0;None;1000;None;15:09:13.021
5123;29.0073;28.8665;22.2191;-256.277;-256.684;-256.888;-256.95;-255.98;0;None;1000;None;15:09:13.520
5124;29.0152;28.8626;22.227;-256.285;-256.676;-256.888;-256.95;-255.972;0;None;1000;None;15:09:14.026
5125;29.0152;28.8665;22.227;-256.277;-256.676;-256.88;-256.95;-255.972;0;None;1000;None;15:09:14.528
5126;29.0073;28.8626;22.227;-256.277;-256.684;-256.888;-256.942;-255.972;0;None;1000;None;15:09:15.026
5127;29.0073;28.8704;22.227;-256.285;-256.676;-256.888;-256.942;-255.98;0;None;1000;None;15:09:15.521
5128;29.0073;28.8743;22.2191;-256.277;-256.684;-256.888;-256.942;-255.98;0;None;1000;None;15:09:16.018
5129;29.0152;28.8665;22.227;-256.285;-256.676;-256.88;-256.942;-255.98;0;None;1000;None;15:09:16.528
5130;29.0073;28.8665;22.227;-256.285;-256.676;-256.88;-256.958;-255.98;0;None;1000;None;15:09:17.025
5131;29.0073;28.8704;22.2191;-256.277;-256.684;-256.88;-256.95;-255.972;0;None;1000;None;15:09:17.524
5132;29.0073;28.8665;22.2348;-256.277;-256.684;-256.872;-256.942;-255.98;0;None;1000;None;15:09:18.021
5133;29.0034;28.8704;22.2191;-256.285;-256.692;-256.88;-256.958;-255.972;0;None;1000;None;15:09:18.520
5134;29.0034;28.8704;22.2348;-256.269;-256.684;-256.888;-256.95;-255.98;0;None;1000;None;15:09:19.023
5135;29.0034;28.8704;22.227;-256.277;-256.684;-256.88;-256.958;-255.972;0;None;1000;None;15:09:19.530
5136;29.0034;28.8665;22.227;-256.277;-256.684;-256.88;-256.95;-255.964;0;None;1000;None;15:09:20.028
5137;29.0034;28.8782;22.227;-256.277;-256.684;-256.895;-256.95;-255.972;0;None;1000;None;15:09:20.523
5138;29.0073;28.8704;22.2191;-256.269;-256.684;-256.88;-256.95;-255.972;0;None;1000;None;15:09:21.021
5139;29.0073;28.8704;22.227;-256.269;-256.684;-256.888;-256.942;-255.972;0;None;1000;None;15:09:21.517
5140;29.0073;28.8704;22.2191;-256.277;-256.684;-256.888;-256.942;-255.972;0;None;1000;None;15:09:22.018
5141;29.0152;28.8704;22.227;-256.277;-256.684;-256.895;-256.95;-255.972;0;None;1000;None;15:09:22.528
5142;29.0073;28.8704;22.2191;-256.277;-256.684;-256.88;-256.95;-255.972;0;None;1000;None;15:09:23.024
5143;29.0034;28.8704;22.227;-256.269;-256.676;-256.888;-256.95;-255.98;0;None;1000;None;15:09:23.519
5144;29.0073;28.8704;22.2191;-256.277;-256.684;-256.895;-256.95;-255.964;0;None;1000;None;15:09:24.015
5145;29.0152;28.8704;22.2191;-256.269;-256.684;-256.88;-256.95;-255.98;0;None;1000;None;15:09:24.514
5146;29.0073;28.8782;22.2191;-256.277;-256.676;-256.888;-256.942;-255.972;0;None;1000;None;15:09:25.013
5147;29.0152;28.8782;22.227;-256.277;-256.684;-256.888;-256.95;-255.972;0;None;1000;None;15:09:25.528
5148;29.0073;28.8704;22.2113;-256.277;-256.676;-256.888;-256.942;-255.972;0;None;1000;None;15:09:26.023
5149;29.0073;28.8782;22.2191;-256.285;-256.684;-256.888;-256.935;-255.972;0;None;1000;None;15:09:26.520
5150;29.0113;28.8704;22.227;-256.269;-256.676;-256.88;-256.942;-255.972;0;None;1000;None;15:09:27.018
5151;29.0034;28.8782;22.2191;-256.277;-256.676;-256.888;-256.935;-255.972;0;None;1000;None;15:09:27.515
5152;29.0034;28.8665;22.2191;-256.277;-256.684;-256.888;-256.942;-255.972;0;None;1000;None;15:09:28.028
5153;29.0073;28.8704;22.227;-256.277;-256.676;-256.888;-256.935;-255.972;0;None;1000;None;15:09:28.524
5154;29.0073;28.8704;22.227;-256.277;-256.676;-256.895;-256.95;-255.972;0;None;1000;None;15:09:29.021
5155;29.0073;28.8665;22.227;-256.277;-256.684;-256.895;-256.942;-255.972;0;None;1000;None;15:09:29.519
5156;29.0073;28.8665;22.2191;-256.277;-256.684;-256.895;-256.942;-255.98;0;None;1000;None;15:09:30.017
5157;29.0152;28.8665;22.2191;-256.277;-256.684;-256.895;-256.935;-255.964;0;None;1000;None;15:09:30.529
5158;29.0152;28.8665;22.2191;-256.277;-256.676;-256.895;-256.935;-255.972;0;None;1000;None;15:09:31.027
5159;29.0073;28.8665;22.2113;-256.269;-256.676;-256.895;-256.942;-255.98;0;None;1000;None;15:09:31.525
5160;29.0073;28.8704;22.2113;-256.277;-256.684;-256.888;-256.942;-255.98;0;None;1000;None;15:09:32.018
5161;29.0073;28.8665;22.2191;-256.269;-256.676;-256.895;-256.942;-255.98;0;None;1000;None;15:09:32.516
5162;29.0073;28.8665;22.2113;-256.277;-256.676;-256.895;-256.942;-255.98;0;None;1000;None;15:09:33.026
5163;29.0073;28.8665;22.2191;-256.269;-256.684;-256.895;-256.942;-255.98;0;None;1000;None;15:09:33.518
5164;29.0073;28.8665;22.2113;-256.277;-256.676;-256.895;-256.942;-255.988;0;None;1000;None;15:09:34.019
5165;29.0034;28.8665;22.2191;-256.277;-256.684;-256.895;-256.942;-255.972;0;None;1000;None;15:09:34.526
5166;29.0073;28.8704;22.2191;-256.269;-256.684;-256.895;-256.942;-255.988;0;None;1000;None;15:09:35.020
5167;29.0034;28.8626;22.2113;-256.269;-256.676;-256.903;-256.942;-255.98;0;None;1000;None;15:09:35.514
5168;29.0073;28.8665;22.2191;-256.269;-256.684;-256.888;-256.942;-255.972;0;None;1000;None;15:09:36.024
5169;29.0034;28.8665;22.2191;-256.277;-256.676;-256.895;-256.942;-255.98;0;None;1000;None;15:09:36.517
5170;29.0073;28.8626;22.2191;-256.269;-256.684;-256.895;-256.95;-255.98;0;None;1000;None;15:09:37.027
5171;29.0034;28.8665;22.227;-256.277;-256.684;-256.895;-256.95;-255.98;0;None;1000;None;15:09:37.525
5172;29.0034;28.8704;22.2191;-256.269;-256.684;-256.895;-256.942;-255.98;0;None;1000;None;15:09:38.025
5173;29.0073;28.8665;22.2191;-256.269;-256.676;-256.895;-256.95;-255.98;0;None;1000;None;15:09:38.517
5174;29.0152;28.8665;22.227;-256.277;-256.684;-256.895;-256.95;-255.98;0;None;1000;None;15:09:39.014
5175;29.0073;28.8626;22.227;-256.269;-256.684;-256.895;-256.935;-255.98;0;None;1000;None;15:09:39.529
5176;29.0034;28.8665;22.227;-256.277;-256.684;-256.895;-256.942;-255.98;0;None;1000;None;15:09:40.020
5177;29.0073;28.8704;22.2191;-256.269;-256.684;-256.895;-256.942;-255.972;0;None;1000;None;15:09:40.517
5178;29.0034;28.8665;22.2191;-256.269;-256.676;-256.895;-256.935;-255.98;0;None;1000;None;15:09:41.027
5179;29.0073;28.8665;22.2191;-256.269;-256.684;-256.895;-256.942;-255.972;0;None;1000;None;15:09:41.522
5180;29.0073;28.8704;22.2191;-256.277;-256.676;-256.895;-256.95;-255.972;0;None;1000;None;15:09:42.019
5181;29.0034;28.8743;22.2113;-256.285;-256.684;-256.903;-256.95;-255.972;0;None;1000;None;15:09:42.528
5182;29.0152;28.8704;22.2191;-256.277;-256.676;-256.895;-256.942;-255.98;0;None;1000;None;15:09:43.022
5183;29.0152;28.8704;22.2191;-256.277;-256.684;-256.903;-256.95;-255.98;0;None;1000;None;15:09:43.525
5184;29.0152;28.8665;22.2113;-256.277;-256.676;-256.903;-256.942;-255.972;0;None;1000;None;15:09:44.014
5185;29.0152;28.8782;22.2113;-256.277;-256.684;-256.895;-256.942;-255.98;0;None;1000;None;15:09:44.528
5186;29.0152;28.8704;22.2191;-256.277;-256.676;-256.903;-256.942;-255.972;0;None;1000;None;15:09:45.024
5187;29.0152;28.8782;22.2113;-256.277;-256.692;-256.903;-256.942;-255.972;0;None;1000;None;15:09:45.519
5188;29.0152;28.8704;22.2191;-256.269;-256.684;-256.895;-256.942;-255.972;0;None;1000;None;15:09:46.018
5189;29.0308;28.8782;22.227;-256.277;-256.676;-256.895;-256.942;-255.972;0;None;1000;None;15:09:46.514
5190;29.023;28.8704;22.227;-256.277;-256.684;-256.895;-256.935;-255.98;0;None;1000;None;15:09:47.027
5191;29.023;28.8782;22.2191;-256.285;-256.676;-256.903;-256.935;-255.972;0;None;1000;None;15:09:47.522
5192;29.0308;28.8704;22.227;-256.277;-256.676;-256.895;-256.942;-255.98;0;None;1000;None;15:09:48.016
5193;29.023;28.8861;22.227;-256.277;-256.684;-256.895;-256.942;-255.972;0;None;1000;None;15:09:48.528
5194;29.0308;28.8782;22.2191;-256.285;-256.684;-256.903;-256.942;-255.98;0;None;1000;None;15:09:49.023
5195;29.0308;28.8782;22.2348;-256.277;-256.676;-256.903;-256.935;-255.98;0;None;1000;None;15:09:49.520
5196;29.023;28.8782;22.227;-256.285;-256.676;-256.895;-256.942;-255.972;0;None;1000;None;15:09:50.019
5197;29.0308;28.8782;22.227;-256.277;-256.676;-256.903;-256.942;-255.98;0;None;1000;None;15:09:50.530
5198;29.023;28.8704;22.2191;-256.285;-256.676;-256.895;-256.935;-255.972;0;None;1000;None;15:09:51.027
5199;29.0152;28.8704;22.2191;-256.277;-256.676;-256.895;-256.942;-255.98;0;None;1000;None;15:09:51.521
5200;29.0308;28.8704;22.2191;-256.277;-256.684;-256.895;-256.942;-255.98;0;None;1000;None;15:09:52.018
5201;29.023;28.8704;22.2191;-256.285;-256.676;-256.895;-256.942;-255.972;0;None;1000;None;15:09:52.515
5202;29.0308;28.8743;22.2191;-256.277;-256.684;-256.903;-256.935;-255.98;0;None;1000;None;15:09:53.027
5203;29.023;28.8821;22.227;-256.285;-256.676;-256.895;-256.942;-255.98;0;None;1000;None;15:09:53.523
5204;29.0308;28.8704;22.2191;-256.277;-256.684;-256.895;-256.942;-255.972;0;None;1000;None;15:09:54.018
5205;29.0152;28.8782;22.2191;-256.285;-256.684;-256.895;-256.935;-255.98;0;None;1000;None;15:09:54.528
5206;29.023;28.8704;22.2191;-256.285;-256.692;-256.895;-256.935;-255.972;0;None;1000;None;15:09:55.024
5207;29.023;28.8782;22.2191;-256.285;-256.684;-256.895;-256.927;-255.98;0;None;1000;None;15:09:55.520
5208;29.023;28.8704;22.2191;-256.277;-256.684;-256.895;-256.927;-255.972;0;None;1000;None;15:09:56.016
5209;29.0152;28.8861;22.2191;-256.285;-256.676;-256.888;-256.935;-255.98;0;None;1000;None;15:09:56.527
5210;29.023;28.8782;22.2191;-256.285;-256.676;-256.888;-256.942;-255.972;0;None;1000;None;15:09:57.022
5211;29.0152;28.8782;22.2191;-256.277;-256.684;-256.888;-256.935;-255.98;0;None;1000;None;15:09:57.517
5212;29.023;28.8782;22.2191;-256.285;-256.676;-256.888;-256.942;-255.98;0;None;1000;None;15:09:58.023
5213;29.0152;28.8861;22.2191;-256.277;-256.684;-256.888;-256.95;-255.972;0;None;1000;None;15:09:58.527
5214;29.0152;28.8861;22.2191;-256.285;-256.676;-256.888;-256.95;-255.972;0;None;1000;None;15:09:59.024
5215;29.023;28.8782;22.227;-256.285;-256.676;-256.895;-256.95;-255.972;0;None;1000;None;15:09:59.519
5216;29.023;28.8782;22.227;-256.277;-256.684;-256.888;-256.942;-255.972;0;None;1000;None;15:10:00.014
5217;29.023;28.8861;22.2191;-256.285;-256.684;-256.88;-256.942;-255.972;0;None;1000;None;15:10:00.527
5218;29.0152;28.8782;22.2191;-256.277;-256.684;-256.888;-256.95;-255.964;0;None;1000;None;15:10:01.022
5219;29.023;28.8782;22.2191;-256.277;-256.692;-256.888;-256.942;-255.972;0;None;1000;None;15:10:01.517
5220;29.0152;28.8782;22.2191;-256.277;-256.676;-256.895;-256.942;-255.964;0;None;1000;None;15:10:02.027
5221;29.0152;28.8861;22.2191;-256.277;-256.684;-256.888;-256.942;-255.972;0;None;1000;None;15:10:02.526
5222;29.0152;28.8782;22.2113;-256.285;-256.684;-256.888;-256.942;-255.972;0;None;1000;None;15:10:03.023
5223;29.0152;28.8861;22.2191;-256.277;-256.684;-256.888;-256.942;-255.972;0;None;1000;None;15:10:03.519
5224;29.0152;28.8782;22.2191;-256.277;-256.676;-256.888;-256.942;-255.964;0;None;1000;None;15:10:04.025
5225;29.023;28.8782;22.2191;-256.285;-256.684;-256.88;-256.942;-255.972;0;None;1000;None;15:10:04.525
5226;29.0152;28.8861;22.2191;-256.277;-256.684;-256.888;-256.942;-255.972;0;None;1000;None;15:10:05.019
5227;29.023;28.8782;22.2113;-256.277;-256.676;-256.888;-256.935;-255.972;0;None;1000;None;15:10:05.529
5228;29.0152;28.8782;22.2113;-256.277;-256.676;-256.88;-256.942;-255.972;0;None;1000;None;15:10:06.024
5229;29.023;28.8861;22.2191;-256.277;-256.684;-256.888;-256.942;-255.98;0;None;1000;None;15:10:06.521
5230;29.0152;28.8782;22.2113;-256.277;-256.676;-256.888;-256.942;-255.98;0;None;1000;None;15:10:07.019
5231;29.0152;28.8782;22.2113;-256.285;-256.684;-256.888;-256.95;-255.98;0;None;1000;None;15:10:07.522
5232;29.0152;28.8704;22.2191;-256.277;-256.684;-256.888;-256.95;-255.98;0;None;1000;None;15:10:08.028
5233;29.023;28.8782;22.2113;-256.277;-256.684;-256.888;-256.95;-255.972;0;None;1000;None;15:10:08.523
5234;29.023;28.8782;22.2191;-256.277;-256.668;-256.888;-256.95;-255.98;0;None;1000;None;15:10:09.020
5235;29.0152;28.8782;22.2113;-256.285;-256.684;-256.888;-256.95;-255.972;0;None;1000;None;15:10:09.516
5236;29.023;28.8782;22.2191;-256.285;-256.684;-256.888;-256.95;-255.98;0;None;1000;None;15:10:10.020
5237;29.0152;28.8861;22.2113;-256.277;-256.676;-256.888;-256.95;-255.98;0;None;1000;None;15:10:10.528
5238;29.023;28.8782;22.2113;-256.277;-256.692;-256.888;-256.95;-255.972;0;None;1000;None;15:10:11.025
5239;29.0152;28.8861;22.2191;-256.285;-256.684;-256.895;-256.942;-255.972;0;None;1000;None;15:10:11.522
5240;29.0152;28.8782;22.2191;-256.277;-256.684;-256.888;-256.942;-255.972;0;None;1000;None;15:10:12.021
5241;29.0152;28.8782;22.2191;-256.277;-256.676;-256.895;-256.935;-255.98;0;None;1000;None;15:10:12.518
5242;29.0152;28.8861;22.2191;-256.277;-256.692;-256.895;-256.935;-255.972;0;None;1000;None;15:10:13.028
5243;29.0152;28.8861;22.2113;-256.277;-256.684;-256.888;-256.935;-255.988;0;None;1000;None;15:10:13.524
5244;29.023;28.8861;22.2191;-256.277;-256.684;-256.888;-256.942;-255.98;0;None;1000;None;15:10:14.021
5245;29.0152;28.8861;22.2191;-256.285;-256.684;-256.895;-256.935;-255.988;0;None;1000;None;15:10:14.516
5246;29.0152;28.8782;22.2191;-256.285;-256.684;-256.895;-256.942;-255.98;0;None;1000;None;15:10:15.025
5247;29.023;28.8861;22.227;-256.277;-256.676;-256.888;-256.942;-255.98;0;None;1000;None;15:10:15.527
5248;29.0152;28.8861;22.227;-256.285;-256.684;-256.895;-256.942;-255.972;0;None;1000;None;15:10:16.021
5249;29.023;28.8782;22.227;-256.277;-256.676;-256.895;-256.935;-255.972;0;None;1000;None;15:10:16.520
5250;29.0152;28.8782;22.227;-256.277;-256.684;-256.888;-256.942;-255.972;0;None;1000;None;15:10:17.015
5251;29.0152;28.8782;22.227;-256.277;-256.684;-256.895;-256.942;-255.972;0;None;1000;None;15:10:17.527
5252;29.023;28.8782;22.2191;-256.277;-256.676;-256.895;-256.942;-255.972;0;None;1000;None;15:10:18.027
5253;29.0152;28.8861;22.2191;-256.277;-256.684;-256.895;-256.935;-255.972;0;None;1000;None;15:10:18.520
5254;29.0073;28.8782;22.2113;-256.277;-256.676;-256.888;-256.942;-255.972;0;None;1000;None;15:10:19.017
5255;29.0152;28.8782;22.227;-256.285;-256.676;-256.895;-256.942;-255.972;0;None;1000;None;15:10:19.528
5256;29.0152;28.8704;22.227;-256.277;-256.684;-256.895;-256.942;-255.972;0;None;1000;None;15:10:20.024
5257;29.0152;28.8743;22.2113;-256.285;-256.684;-256.888;-256.942;-255.98;0;None;1000;None;15:10:20.520
5258;29.0152;28.8782;22.2191;-256.277;-256.684;-256.888;-256.935;-255.972;0;None;1000;None;15:10:21.017
5259;29.0152;28.8704;22.2191;-256.285;-256.684;-256.888;-256.935;-255.972;0;None;1000;None;15:10:21.516
5260;29.0152;28.8704;22.2191;-256.277;-256.684;-256.895;-256.935;-255.972;0;None;1000;None;15:10:22.027
5261;29.0152;28.8782;22.227;-256.285;-256.684;-256.888;-256.935;-255.98;0;None;1000;None;15:10:22.527
5262;29.023;28.8782;22.2113;-256.285;-256.684;-256.888;-256.935;-255.972;0;None;1000;None;15:10:23.025
5263;29.0073;28.8782;22.227;-256.277;-256.684;-256.888;-256.935;-255.98;0;None;1000;None;15:10:23.522
5264;29.0152;28.8704;22.227;-256.285;-256.684;-256.888;-256.942;-255.972;0;None;1000;None;15:10:24.019
5265;29.0073;28.8782;22.2191;-256.277;-256.692;-256.895;-256.927;-255.972;0;None;1000;None;15:10:24.518
5266;29.0034;28.8782;22.227;-256.285;-256.684;-256.888;-256.942;-255.972;0;None;1000;None;15:10:25.024
5267;29.0073;28.8782;22.2191;-256.277;-256.692;-256.888;-256.927;-255.972;0;None;1000;None;15:10:25.524
5268;29.0034;28.8782;22.2191;-256.285;-256.684;-256.888;-256.935;-255.964;0;None;1000;None;15:10:26.022
5269;29.0034;28.8782;22.2191;-256.277;-256.684;-256.888;-256.942;-255.972;0;None;1000;None;15:10:26.516
5270;29.0073;28.8782;22.2191;-256.277;-256.676;-256.88;-256.942;-255.964;0;None;1000;None;15:10:27.019
5271;29.0034;28.8782;22.2191;-256.277;-256.676;-256.888;-256.942;-255.98;0;None;1000;None;15:10:27.526
5272;29.0073;28.8782;22.2191;-256.285;-256.684;-256.888;-256.942;-255.964;0;None;1000;None;15:10:28.023
5273;29.0034;28.8782;22.227;-256.285;-256.676;-256.888;-256.942;-255.98;0;None;1000;None;15:10:28.519
5274;29.0034;28.8704;22.2191;-256.285;-256.684;-256.895;-256.942;-255.972;0;None;1000;None;15:10:29.018
5275;29.0073;28.8704;22.2113;-256.285;-256.684;-256.888;-256.942;-255.964;0;None;1000;None;15:10:29.516
5276;29.0073;28.8782;22.2113;-256.277;-256.676;-256.888;-256.95;-255.972;0;None;1000;None;15:10:30.026
5277;29.0034;28.8704;22.2191;-256.285;-256.684;-256.895;-256.935;-255.972;0;None;1000;None;15:10:30.522
5278;29.0034;28.8782;22.2113;-256.285;-256.684;-256.888;-256.935;-255.972;0;None;1000;None;15:10:31.018
5279;29.0034;28.8782;22.2191;-256.277;-256.684;-256.88;-256.942;-255.972;0;None;1000;None;15:10:31.516
5280;28.9995;28.8861;22.2191;-256.285;-256.676;-256.88;-256.927;-255.98;0;None;1000;None;15:10:32.027
5281;29.0034;28.8782;22.2191;-256.277;-256.684;-256.888;-256.927;-255.972;0;None;1000;None;15:10:32.522
5282;28.9995;28.8782;22.2191;-256.277;-256.684;-256.895;-256.935;-255.98;0;None;1000;None;15:10:33.020
5283;28.9995;28.8704;22.227;-256.277;-256.676;-256.895;-256.935;-255.972;0;None;1000;None;15:10:33.515
5284;28.9956;28.8704;22.227;-256.277;-256.684;-256.888;-256.935;-255.972;0;None;1000;None;15:10:34.013
5285;28.9956;28.8743;22.2191;-256.277;-256.684;-256.895;-256.935;-255.972;0;None;1000;None;15:10:34.527
5286;28.9995;28.8704;22.227;-256.277;-256.676;-256.888;-256.935;-255.98;0;None;1000;None;15:10:35.022
5287;28.9995;28.8704;22.2191;-256.277;-256.676;-256.888;-256.935;-255.972;0;None;1000;None;15:10:35.519
5288;28.9995;28.8665;22.227;-256.285;-256.676;-256.888;-256.935;-255.98;0;None;1000;None;15:10:36.016
5289;28.9995;28.8704;22.227;-256.277;-256.676;-256.88;-256.935;-255.98;0;None;1000;None;15:10:36.526
5290;28.9995;28.8665;22.227;-256.277;-256.684;-256.88;-256.935;-255.972;0;None;1000;None;15:10:37.021
5291;28.9995;28.8665;22.227;-256.285;-256.676;-256.888;-256.942;-255.98;0;None;1000;None;15:10:37.519
5292;29.0034;28.8665;22.227;-256.285;-256.684;-256.888;-256.935;-255.98;0;None;1000;None;15:10:38.021
5293;29.0034;28.8626;22.2348;-256.285;-256.684;-256.888;-256.935;-255.972;0;None;1000;None;15:10:38.514
5294;28.9995;28.8626;22.227;-256.277;-256.676;-256.895;-256.935;-255.972;0;None;1000;None;15:10:39.018
5295;29.0034;28.8665;22.227;-256.285;-256.676;-256.895;-256.942;-255.98;0;None;1000;None;15:10:39.511
5296;29.0034;28.8626;22.227;-256.277;-256.684;-256.888;-256.942;-255.972;0;None;1000;None;15:10:40.024
5297;29.0034;28.8665;22.2191;-256.277;-256.684;-256.895;-256.942;-255.98;0;None;1000;None;15:10:40.522
5298;29.0034;28.8665;22.227;-256.277;-256.684;-256.895;-256.942;-255.972;0;None;1000;None;15:10:41.019
5299;29.0034;28.8626;22.227;-256.285;-256.684;-256.895;-256.942;-255.988;0;None;1000;None;15:10:41.514
5300;29.0073;28.8587;22.227;-256.285;-256.692;-256.895;-256.942;-255.972;0;None;1000;None;15:10:42.011
5301;29.0073;28.8665;22.227;-256.277;-256.684;-256.895;-256.95;-255.98;0;None;1000;None;15:10:42.525
5302;29.0073;28.8704;22.227;-256.277;-256.692;-256.895;-256.935;-255.972;0;None;1000;None;15:10:43.020
5303;29.0073;28.8626;22.227;-256.277;-256.684;-256.895;-256.95;-255.972;0;None;1000;None;15:10:43.517
5304;29.0034;28.8665;22.227;-256.277;-256.684;-256.888;-256.942;-255.972;0;None;1000;None;15:10:44.019
5305;29.0073;28.8665;22.227;-256.285;-256.684;-256.895;-256.942;-255.972;0;None;1000;None;15:10:44.526
5306;29.0152;28.8665;22.227;-256.277;-256.692;-256.895;-256.942;-255.98;0;None;1000;None;15:10:45.022
5307;29.0152;28.8665;22.2191;-256.285;-256.692;-256.903;-256.935;-255.972;0;None;1000;None;15:10:45.520
5308;29.0073;28.8665;22.227;-256.277;-256.684;-256.895;-256.942;-255.964;0;None;1000;None;15:10:46.025
5309;29.0152;28.8704;22.227;-256.285;-256.692;-256.888;-256.942;-255.972;0;None;1000;None;15:10:46.528
5310;29.0152;28.8704;22.2348;-256.277;-256.684;-256.895;-256.942;-255.972;0;None;1000;None;15:10:47.026
5311;29.0152;28.8782;22.227;-256.277;-256.692;-256.895;-256.95;-255.972;0;None;1000;None;15:10:47.523
5312;29.0152;28.8704;22.227;-256.285;-256.684;-256.895;-256.942;-255.972;0;None;1000;None;15:10:48.020
5313;29.0073;28.8782;22.227;-256.285;-256.692;-256.888;-256.942;-255.972;0;None;1000;None;15:10:48.515
5314;29.0152;28.8704;22.227;-256.285;-256.692;-256.895;-256.935;-255.972;0;None;1000;None;15:10:49.027
5315;29.0073;28.8782;22.227;-256.285;-256.684;-256.895;-256.942;-255.972;0;None;1000;None;15:10:49.521
5316;29.0073;28.8704;22.227;-256.277;-256.684;-256.895;-256.942;-255.98;0;None;1000;None;15:10:50.017
5317;29.0073;28.8782;22.227;-256.277;-256.684;-256.895;-256.942;-255.972;0;None;1000;None;15:10:50.511
5318;29.0034;28.8704;22.227;-256.277;-256.684;-256.895;-256.942;-255.972;0;None;1000;None;15:10:51.023
5319;29.0034;28.8782;22.2348;-256.285;-256.684;-256.888;-256.95;-255.98;0;None;1000;None;15:10:51.518
5320;29.0034;28.8782;22.2348;-256.285;-256.684;-256.888;-256.942;-255.972;0;None;1000;None;15:10:52.016
5321;29.0034;28.8782;22.2348;-256.285;-256.684;-256.895;-256.935;-255.972;0;None;1000;None;15:10:52.526
5322;29.0034;28.8782;22.2426;-256.285;-256.684;-256.895;-256.935;-255.98;0;None;1000;None;15:10:53.019
5323;29.0034;28.8704;22.2348;-256.285;-256.692;-256.888;-256.935;-255.98;0;None;1000;None;15:10:53.516
5324;29.0034;28.8782;22.2348;-256.285;-256.692;-256.895;-256.935;-255.972;0;None;1000;None;15:10:54.016
5325;28.9995;28.8782;22.2348;-256.293;-256.692;-256.895;-256.942;-255.972;0;None;1000;None;15:10:54.525
5326;29.0034;28.8782;22.2348;-256.277;-256.684;-256.888;-256.935;-255.972;0;None;1000;None;15:10:55.022
5327;28.9995;28.8782;22.2348;-256.285;-256.692;-256.888;-256.935;-255.972;0;None;1000;None;15:10:55.518
5328;29.0034;28.8782;22.2348;-256.277;-256.684;-256.888;-256.935;-255.972;0;None;1000;None;15:10:56.022
5329;28.9995;28.8782;22.227;-256.285;-256.692;-256.895;-256.942;-255.964;0;None;1000;None;15:10:56.528
5330;28.9995;28.8782;22.2348;-256.293;-256.692;-256.895;-256.942;-255.972;0;None;1000;None;15:10:57.023
5331;29.0034;28.8782;22.2426;-256.285;-256.692;-256.895;-256.942;-255.972;0;None;1000;None;15:10:57.521
5332;28.9995;28.8704;22.2426;-256.285;-256.692;-256.895;-256.942;-255.98;0;None;1000;None;15:10:58.020
5333;29.0073;28.8782;22.2426;-256.285;-256.692;-256.895;-256.95;-255.972;0;None;1000;None;15:10:58.528
5334;29.0034;28.8782;22.2426;-256.277;-256.692;-256.888;-256.942;-255.972;0;None;1000;None;15:10:59.027
5335;29.0073;28.8704;22.2426;-256.277;-256.692;-256.895;-256.942;-255.98;0;None;1000;None;15:10:59.525
5336;29.0034;28.8782;22.2426;-256.277;-256.692;-256.888;-256.935;-255.972;0;None;1000;None;15:11:00.023
5337;29.0073;28.8704;22.2426;-256.285;-256.684;-256.888;-256.95;-255.98;0;None;1000;None;15:11:00.520
5338;28.9995;28.8704;22.2504;-256.277;-256.684;-256.888;-256.942;-255.972;0;None;1000;None;15:11:01.016
5339;29.0034;28.8704;22.2504;-256.285;-256.684;-256.895;-256.95;-255.98;0;None;1000;None;15:11:01.526
5340;29.0034;28.8782;22.2583;-256.277;-256.684;-256.888;-256.942;-255.98;0;None;1000;None;15:11:02.022
5341;29.0034;28.8782;22.2426;-256.285;-256.692;-256.88;-256.95;-255.972;0;None;1000;None;15:11:02.519
5342;29.0034;28.8782;22.2504;-256.277;-256.684;-256.888;-256.942;-255.98;0;None;1000;None;15:11:03.018
5343;28.9995;28.8861;22.2504;-256.277;-256.684;-256.88;-256.942;-255.98;0;None;1000;None;15:11:03.514
5344;29.0034;28.8704;22.2426;-256.277;-256.692;-256.888;-256.942;-255.972;0;None;1000;None;15:11:04.021
5345;29.0034;28.8704;22.2426;-256.285;-256.676;-256.888;-256.942;-255.988;0;None;1000;None;15:11:04.524
5346;29.0034;28.8704;22.2426;-256.277;-256.684;-256.888;-256.942;-255.972;0;None;1000;None;15:11:05.021
5347;29.0073;28.8665;22.2426;-256.277;-256.692;-256.888;-256.935;-255.972;0;None;1000;None;15:11:05.519
5348;29.0034;28.8704;22.2426;-256.277;-256.676;-256.888;-256.935;-255.98;0;None;1000;None;15:11:06.023
5349;29.0034;28.8782;22.2504;-256.285;-256.692;-256.888;-256.942;-255.98;0;None;1000;None;15:11:06.528
5350;29.0034;28.8704;22.2426;-256.285;-256.684;-256.888;-256.942;-255.98;0;None;1000;None;15:11:07.023
5351;29.0034;28.8704;22.2426;-256.277;-256.684;-256.888;-256.935;-255.98;0;None;1000;None;15:11:07.519
5352;29.0073;28.8704;22.2504;-256.277;-256.684;-256.888;-256.942;-255.98;0;None;1000;None;15:11:08.016
5353;29.0034;28.8704;22.2504;-256.285;-256.684;-256.888;-256.942;-255.98;0;None;1000;None;15:11:08.512
5354;29.0034;28.8704;22.2426;-256.277;-256.684;-256.88;-256.935;-255.972;0;None;1000;None;15:11:09.026
5355;29.0073;28.8704;22.2504;-256.277;-256.684;-256.888;-256.95;-255.98;0;None;1000;None;15:11:09.520
5356;29.0073;28.8704;22.2504;-256.285;-256.676;-256.88;-256.942;-255.98;0;None;1000;None;15:11:10.016
5357;29.0034;28.8704;22.2426;-256.277;-256.684;-256.895;-256.942;-255.972;0;None;1000;None;15:11:10.517
5358;29.0034;28.8821;22.2504;-256.277;-256.676;-256.88;-256.95;-255.98;0;None;1000;None;15:11:11.026
5359;29.0073;28.8704;22.2426;-256.277;-256.684;-256.895;-256.942;-255.972;0;None;1000;None;15:11:11.524
5360;29.0034;28.8782;22.2426;-256.277;-256.676;-256.888;-256.942;-255.972;0;None;1000;None;15:11:12.014
5361;29.0034;28.8704;22.2426;-256.285;-256.684;-256.888;-256.942;-255.98;0;None;1000;None;15:11:12.528
5362;29.0073;28.8782;22.2348;-256.285;-256.676;-256.895;-256.942;-255.98;0;None;1000;None;15:11:13.024
5363;29.0034;28.8704;22.2348;-256.277;-256.684;-256.888;-256.942;-255.98;0;None;1000;None;15:11:13.526
5364;29.0073;28.8782;22.2348;-256.277;-256.676;-256.88;-256.942;-255.98;0;None;1000;None;15:11:14.020
5365;29.0034;28.8704;22.227;-256.285;-256.676;-256.895;-256.942;-255.972;0;None;1000;None;15:11:14.516
5366;29.0034;28.8782;22.2348;-256.277;-256.676;-256.888;-256.95;-255.98;0;None;1000;None;15:11:15.027
5367;29.0034;28.8782;22.2426;-256.277;-256.684;-256.88;-256.95;-255.98;0;None;1000;None;15:11:15.525
5368;29.0073;28.8704;22.2348;-256.285;-256.684;-256.888;-256.95;-255.98;0;None;1000;None;15:11:16.018
5369;29.0034;28.8704;22.2426;-256.277;-256.676;-256.888;-256.95;-255.972;0;None;1000;None;15:11:16.517
5370;29.0034;28.8665;22.2426;-256.277;-256.676;-256.888;-256.942;-255.972;0;None;1000;None;15:11:17.018
5371;29.0073;28.8704;22.2348;-256.285;-256.684;-256.88;-256.942;-255.98;0;None;1000;None;15:11:17.527
5372;29.0034;28.8743;22.2426;-256.277;-256.676;-256.888;-256.942;-255.972;0;None;1000;None;15:11:18.023
5373;29.0034;28.8665;22.2426;-256.277;-256.684;-256.888;-256.942;-255.98;0;None;1000;None;15:11:18.519
5374;29.0034;28.8704;22.2348;-256.277;-256.676;-256.888;-256.95;-255.972;0;None;1000;None;15:11:19.026
5375;29.0034;28.8782;22.2426;-256.285;-256.676;-256.895;-256.942;-255.98;0;None;1000;None;15:11:19.525
5376;29.0034;28.8782;22.2348;-256.277;-256.684;-256.888;-256.942;-255.98;0;None;1000;None;15:11:20.019
5377;28.9995;28.8704;22.2348;-256.277;-256.676;-256.88;-256.935;-255.98;0;None;1000;None;15:11:20.528
5378;29.0034;28.8704;22.227;-256.277;-256.684;-256.888;-256.942;-255.972;0;None;1000;None;15:11:21.021
5379;29.0034;28.8782;22.2348;-256.277;-256.676;-256.888;-256.942;-255.98;0;None;1000;None;15:11:21.520
5380;28.9995;28.8704;22.227;-256.277;-256.684;-256.888;-256.935;-255.98;0;None;1000;None;15:11:22.025
5381;29.0034;28.8743;22.2348;-256.285;-256.676;-256.888;-256.942;-255.972;0;None;1000;None;15:11:22.521
5382;29.0073;28.8704;22.227;-256.285;-256.668;-256.88;-256.942;-255.972;0;None;1000;None;15:11:23.017
5383;29.0152;28.8782;22.227;-256.277;-256.676;-256.888;-256.95;-255.98;0;None;1000;None;15:11:23.525
5384;29.0073;28.8704;22.2348;-256.285;-256.676;-256.888;-256.95;-255.972;0;None;1000;None;15:11:24.021
5385;29.0152;28.8782;22.227;-256.277;-256.668;-256.895;-256.935;-255.972;0;None;1000;None;15:11:24.519
5386;29.0073;28.8704;22.2348;-256.277;-256.676;-256.895;-256.942;-255.98;0;None;1000;None;15:11:25.023
5387;29.0073;28.8704;22.227;-256.277;-256.676;-256.888;-256.935;-255.98;0;None;1000;None;15:11:25.522
5388;29.0073;28.8704;22.2348;-256.269;-256.668;-256.895;-256.935;-255.972;0;None;1000;None;15:11:26.017
5389;29.0073;28.8665;22.227;-256.277;-256.676;-256.895;-256.935;-255.98;0;None;1000;None;15:11:26.525
5390;29.0034;28.8704;22.2426;-256.277;-256.676;-256.888;-256.942;-255.98;0;None;1000;None;15:11:27.021
5391;29.0073;28.8704;22.2504;-256.277;-256.676;-256.895;-256.95;-255.98;0;None;1000;None;15:11:27.519
5392;29.0073;28.8704;22.2426;-256.277;-256.676;-256.888;-256.942;-255.98;0;None;1000;None;15:11:28.013
5393;29.0034;28.8665;22.2426;-256.269;-256.676;-256.895;-256.942;-255.972;0;None;1000;None;15:11:28.525
5394;29.0034;28.8665;22.2426;-256.277;-256.676;-256.895;-256.942;-255.98;0;None;1000;None;15:11:29.021
5395;29.0073;28.8665;22.2426;-256.277;-256.684;-256.895;-256.935;-255.98;0;None;1000;None;15:11:29.518
5396;29.0034;28.8665;22.2426;-256.277;-256.684;-256.888;-256.942;-255.972;0;None;1000;None;15:11:30.023
5397;29.0034;28.8704;22.2426;-256.269;-256.692;-256.888;-256.935;-255.988;0;None;1000;None;15:11:30.525
5398;29.0034;28.8704;22.2426;-256.277;-256.684;-256.888;-256.935;-255.972;0;None;1000;None;15:11:31.019
5399;29.0034;28.8665;22.2348;-256.277;-256.684;-256.888;-256.942;-255.98;0;None;1000;None;15:11:31.515
5400;29.0073;28.8704;22.2504;-256.269;-256.684;-256.895;-256.942;-255.98;0;None;1000;None;15:11:32.011
5401;29.0034;28.8704;22.2348;-256.277;-256.676;-256.888;-256.942;-255.972;0;None;1000;None;15:11:32.525
5402;29.0034;28.8704;22.2426;-256.277;-256.684;-256.903;-256.942;-255.98;0;None;1000;None;15:11:33.020
5403;29.0034;28.8665;22.2348;-256.277;-256.676;-256.903;-256.942;-255.98;0;None;1000;None;15:11:33.515
5404;28.9995;28.8626;22.2504;-256.285;-256.676;-256.895;-256.942;-255.972;0;None;1000;None;15:11:34.027
5405;28.9995;28.8587;22.2348;-256.277;-256.684;-256.895;-256.942;-255.972;0;None;1000;None;15:11:34.522
5406;28.9995;28.8548;22.2426;-256.285;-256.684;-256.895;-256.95;-255.98;0;None;1000;None;15:11:35.018
5407;28.9917;28.843;22.2426;-256.277;-256.684;-256.895;-256.95;-255.972;0;None;1000;None;15:11:35.521
5408;28.98;28.8117;22.2426;-256.277;-256.684;-256.903;-256.935;-255.98;0;None;1000;None;15:11:36.019
5409;28.9721;28.7961;22.2426;-256.277;-256.684;-256.895;-256.942;-255.98;0;None;1000;None;15:11:36.522
5410;28.9565;28.7804;22.2426;-256.269;-256.684;-256.895;-256.942;-255.972;0;None;1000;None;15:11:37.019
5411;28.933;28.7413;22.2348;-256.269;-256.676;-256.903;-256.942;-255.98;0;None;1000;None;15:11:37.518
5412;28.9252;28.7256;22.2348;-256.277;-256.684;-256.895;-256.942;-255.98;0;None;1000;None;15:11:38.017
5413;28.9017;28.6943;22.2348;-256.269;-256.684;-256.888;-256.935;-255.98;0;None;1000;None;15:11:38.523
5414;28.8861;28.6787;22.2348;-256.277;-256.684;-256.888;-256.935;-255.972;0;None;1000;None;15:11:39.020
5415;28.8704;28.6513;22.2348;-256.269;-256.676;-256.888;-256.935;-255.98;0;None;1000;None;15:11:39.517
5416;28.8469;28.6317;22.227;-256.277;-256.684;-256.888;-256.942;-255.98;0;None;1000;None;15:11:40.014
5417;28.8352;28.6122;22.2348;-256.269;-256.684;-256.88;-256.942;-255.98;0;None;1000;None;15:11:40.524
5418;28.8274;28.5887;22.2348;-256.277;-256.676;-256.895;-256.942;-255.98;0;None;1000;None;15:11:41.020
5419;28.8117;28.5652;22.2348;-256.269;-256.684;-256.88;-256.942;-255.98;0;None;1000;None;15:11:41.515
5420;28.7961;28.5339;22.2348;-256.277;-256.684;-256.888;-256.935;-255.972;0;None;1000;None;15:11:42.025
5421;28.7882;28.5105;22.2426;-256.277;-256.676;-256.888;-256.935;-255.972;0;None;1000;None;15:11:42.523
5422;28.7569;28.4948;22.2426;-256.269;-256.676;-256.895;-256.942;-255.98;0;None;1000;None;15:11:43.020
5423;28.7413;28.4713;22.2426;-256.269;-256.684;-256.895;-256.942;-255.98;0;None;1000;None;15:11:43.518
5424;28.71;28.44;22.2504;-256.262;-256.684;-256.888;-256.935;-255.972;0;None;1000;None;15:11:44.026
5425;28.6943;28.4283;22.2504;-256.277;-256.684;-256.888;-256.935;-255.98;0;None;1000;None;15:11:44.522
5426;28.6787;28.4048;22.2426;-256.269;-256.684;-256.888;-256.935;-255.972;0;None;1000;None;15:11:45.018
5427;28.6474;28.3735;22.2583;-256.277;-256.684;-256.895;-256.942;-255.972;0;None;1000;None;15:11:45.514
5428;28.6317;28.3579;22.2426;-256.269;-256.684;-256.895;-256.935;-255.98;0;None;1000;None;15:11:46.025
5429;28.6161;28.3266;22.2504;-256.277;-256.684;-256.888;-256.935;-255.972;0;None;1000;None;15:11:46.521
5430;28.6044;28.3109;22.2426;-256.277;-256.684;-256.888;-256.942;-255.98;0;None;1000;None;15:11:47.019
5431;28.5965;28.2874;22.2504;-256.269;-256.676;-256.888;-256.935;-255.972;0;None;1000;None;15:11:47.511
5432;28.5731;28.264;22.2583;-256.277;-256.684;-256.895;-256.942;-255.972;0;None;1000;None;15:11:48.023
5433;28.5496;28.2522;22.2504;-256.277;-256.676;-256.888;-256.942;-255.98;0;None;1000;None;15:11:48.520
5434;28.5339;28.2444;22.2583;-256.285;-256.692;-256.888;-256.935;-255.972;0;None;1000;None;15:11:49.014
5435;28.5105;28.2209;22.2622;-256.277;-256.676;-256.88;-256.942;-255.98;0;None;1000;None;15:11:49.524
5436;28.487;28.1975;22.2583;-256.277;-256.684;-256.888;-256.935;-255.972;0;None;1000;None;15:11:50.017
5437;28.4713;28.1818;22.2622;-256.277;-256.684;-256.88;-256.935;-255.98;0;None;1000;None;15:11:50.527
5438;28.4557;28.1583;22.2622;-256.285;-256.676;-256.88;-256.935;-255.972;0;None;1000;None;15:11:51.018
5439;28.4322;28.1349;22.2622;-256.277;-256.684;-256.888;-256.935;-255.972;0;None;1000;None;15:11:51.512
5440;28.4166;28.1114;22.2661;-256.293;-256.692;-256.88;-256.935;-255.98;0;None;1000;None;15:11:52.022
5441;28.397;28.0879;22.2661;-256.277;-256.676;-256.888;-256.935;-255.98;0;None;1000;None;15:11:52.516
5442;28.3892;28.0644;22.2661;-256.277;-256.684;-256.888;-256.935;-255.972;0;None;1000;None;15:11:53.025
5443;28.3813;28.0527;22.2661;-256.285;-256.684;-256.888;-256.942;-255.98;0;None;1000;None;15:11:53.522
5444;28.3657;28.037;22.2661;-256.277;-256.684;-256.88;-256.935;-255.98;0;None;1000;None;15:11:54.018
5445;28.35;28.0253;22.2661;-256.285;-256.676;-256.88;-256.935;-255.972;0;None;1000;None;15:11:54.512
5446;28.3266;28.0057;22.2661;-256.277;-256.676;-256.895;-256.927;-255.98;0;None;1000;None;15:11:55.024
5447;28.3187;27.9901;22.27;-256.285;-256.676;-256.888;-256.935;-255.98;0;None;1000;None;15:11:55.521
5448;28.2953;27.9666;22.27;-256.277;-256.684;-256.888;-256.942;-255.972;0;None;1000;None;15:11:56.017
5449;28.2718;27.9431;22.2661;-256.277;-256.676;-256.888;-256.942;-255.98;0;None;1000;None;15:11:56.514
5450;28.2561;27.9275;22.27;-256.277;-256.684;-256.88;-256.942;-255.98;0;None;1000;None;15:11:57.023
5451;28.2405;27.904;22.2661;-256.277;-256.676;-256.888;-256.942;-255.98;0;None;1000;None;15:11:57.523
5452;28.2248;27.8805;22.27;-256.285;-256.684;-256.888;-256.942;-255.98;0;None;1000;None;15:11:58.020
5453;28.2014;27.8571;22.2739;-256.277;-256.684;-256.888;-256.942;-255.98;0;None;1000;None;15:11:58.515
5454;28.1935;27.8414;22.27;-256.285;-256.684;-256.888;-256.935;-255.98;0;None;1000;None;15:11:59.019
5455;28.1779;27.8297;22.27;-256.277;-256.676;-256.888;-256.942;-255.98;0;None;1000;None;15:11:59.523
5456;28.174;27.8219;22.27;-256.277;-256.684;-256.888;-256.942;-255.98;0;None;1000;None;15:12:00.017
5457;28.1583;27.8062;22.2739;-256.277;-256.684;-256.888;-256.942;-255.988;0;None;1000;None;15:12:00.512
5458;28.1427;27.7749;22.27;-256.285;-256.676;-256.888;-256.942;-255.98;0;None;1000;None;15:12:01.025
5459;28.1192;27.7593;22.2739;-256.277;-256.692;-256.888;-256.935;-255.98;0;None;1000;None;15:12:01.524
5460;28.1036;27.7358;22.2739;-256.285;-256.676;-256.88;-256.942;-255.98;0;None;1000;None;15:12:02.021
5461;28.0801;27.7201;22.2739;-256.285;-256.684;-256.88;-256.942;-255.98;0;None;1000;None;15:12:02.527
5462;28.0644;27.6967;22.2739;-256.277;-256.684;-256.88;-256.942;-255.98;0;None;1000;None;15:12:03.020
5463;28.0488;27.681;22.2778;-256.277;-256.684;-256.88;-256.942;-255.972;0;None;1000;None;15:12:03.510
5464;28.0331;27.6536;22.2778;-256.277;-256.684;-256.872;-256.942;-255.98;0;None;1000;None;15:12:04.023
5465;28.0097;27.6497;22.2778;-256.277;-256.684;-256.888;-256.942;-255.98;0;None;1000;None;15:12:04.520
5466;27.994;27.638;22.2739;-256.285;-256.684;-256.88;-256.95;-255.98;0;None;1000;None;15:12:05.020
5467;27.9784;27.6145;22.2857;-256.285;-256.684;-256.888;-256.95;-255.98;0;None;1000;None;15:12:05.515
5468;27.9705;27.6067;22.2857;-256.277;-256.684;-256.88;-256.95;-255.972;0;None;1000;None;15:12:06.026
5469;27.9549;27.591;22.2857;-256.277;-256.684;-256.895;-256.942;-255.98;0;None;1000;None;15:12:06.522
5470;27.951;27.5675;22.2857;-256.277;-256.684;-256.888;-256.942;-255.972;0;None;1000;None;15:12:07.014
5471;27.9353;27.5441;22.2778;-256.277;-256.684;-256.888;-256.95;-255.98;0;None;1000;None;15:12:07.526
5472;27.9118;27.5206;22.2857;-256.277;-256.684;-256.895;-256.942;-255.972;0;None;1000;None;15:12:08.024
5473;27.904;27.5049;22.2857;-256.277;-256.684;-256.88;-256.95;-255.98;0;None;1000;None;15:12:08.519
5474;27.8884;27.4815;22.2857;-256.269;-256.684;-256.888;-256.942;-255.98;0;None;1000;None;15:12:09.014
5475;27.8727;27.4658;22.2857;-256.277;-256.684;-256.888;-256.942;-255.98;0;None;1000;None;15:12:09.527
5476;27.8571;27.4502;22.2857;-256.269;-256.684;-256.888;-256.95;-255.98;0;None;1000;None;15:12:10.024
5477;27.8492;27.4345;22.2935;-256.277;-256.684;-256.888;-256.95;-255.972;0;None;1000;None;15:12:10.519
5478;27.8258;27.4267;22.2935;-256.277;-256.692;-256.895;-256.942;-255.98;0;None;1000;None;15:12:11.016
5479;27.8179;27.415;22.2935;-256.277;-256.684;-256.88;-256.942;-255.98;0;None;1000;None;15:12:11.512
5480;27.7945;27.3915;22.2935;-256.269;-256.684;-256.888;-256.95;-255.98;0;None;1000;None;15:12:12.024
5481;27.7866;27.3758;22.3013;-256.277;-256.692;-256.888;-256.942;-255.98;0;None;1000;None;15:12:12.521
5482;27.7827;27.3602;22.2935;-256.269;-256.684;-256.895;-256.942;-255.972;0;None;1000;None;15:12:13.018
5483;27.7788;27.3367;22.3013;-256.269;-256.684;-256.888;-256.95;-255.972;0;None;1000;None;15:12:13.521
5484;27.7593;27.3211;22.3013;-256.277;-256.692;-256.895;-256.942;-255.972;0;None;1000;None;15:12:14.011
5485;27.7436;27.3054;22.3013;-256.269;-256.684;-256.888;-256.942;-255.972;0;None;1000;None;15:12:14.523
5486;27.7358;27.2898;22.3013;-256.277;-256.684;-256.888;-256.942;-255.98;0;None;1000;None;15:12:15.020
5487;27.7045;27.2663;22.3091;-256.277;-256.676;-256.888;-256.942;-255.972;0;None;1000;None;15:12:15.516
5488;27.7045;27.2506;22.3091;-256.277;-256.684;-256.888;-256.942;-255.972;0;None;1000;None;15:12:16.019
5489;27.681;27.2428;22.317;-256.277;-256.684;-256.888;-256.942;-255.98;0;None;1000;None;15:12:16.525
5490;27.6654;27.2232;22.317;-256.277;-256.684;-256.895;-256.95;-255.972;0;None;1000;None;15:12:17.022
5491;27.6497;27.2154;22.317;-256.269;-256.676;-256.888;-256.95;-255.972;0;None;1000;None;15:12:17.522
5492;27.6419;27.2037;22.317;-256.277;-256.676;-256.888;-256.942;-255.972;0;None;1000;None;15:12:18.017
5493;27.6184;27.1841;22.3248;-256.269;-256.676;-256.895;-256.942;-255.972;0;None;1000;None;15:12:18.528
5494;27.6184;27.1606;22.317;-256.277;-256.684;-256.888;-256.95;-255.98;0;None;1000;None;15:12:19.021
5495;27.6028;27.1528;22.3091;-256.269;-256.676;-256.888;-256.942;-255.972;0;None;1000;None;15:12:19.521
5496;27.5793;27.1372;22.317;-256.277;-256.676;-256.888;-256.942;-255.964;0;None;1000;None;15:12:20.017
5497;27.5754;27.1137;22.317;-256.269;-256.684;-256.895;-256.942;-255.972;0;None;1000;None;15:12:20.517
5498;27.5675;27.098;22.317;-256.277;-256.684;-256.895;-256.935;-255.972;0;None;1000;None;15:12:21.018
5499;27.5597;27.0824;22.3091;-256.269;-256.676;-256.895;-256.942;-255.972;0;None;1000;None;15:12:21.524
5500;27.5519;27.0746;22.3091;-256.269;-256.684;-256.895;-256.942;-255.98;0;None;1000;None;15:12:22.020
5501;27.5362;27.0511;22.3091;-256.277;-256.676;-256.888;-256.95;-255.972;0;None;1000;None;15:12:22.517
5502;27.5128;27.0472;22.317;-256.269;-256.684;-256.895;-256.942;-255.98;0;None;1000;None;15:12:23.017
5503;27.5049;27.0354;22.317;-256.285;-256.684;-256.895;-256.95;-255.98;0;None;1000;None;15:12:23.526
5504;27.4893;27.0237;22.3091;-256.269;-256.684;-256.888;-256.95;-255.972;0;None;1000;None;15:12:24.021
5505;27.4736;27.0159;22.3248;-256.269;-256.684;-256.895;-256.935;-255.98;0;None;1000;None;15:12:24.522
5506;27.458;27.0002;22.317;-256.277;-256.676;-256.895;-256.935;-255.98;0;None;1000;None;15:12:25.018
5507;27.4502;26.9846;22.3091;-256.277;-256.676;-256.888;-256.935;-255.98;0;None;1000;None;15:12:25.511
5508;27.4345;26.9689;22.3248;-256.285;-256.684;-256.888;-256.935;-255.98;0;None;1000;None;15:12:26.024
5509;27.4189;26.9533;22.317;-256.277;-256.684;-256.888;-256.935;-255.98;0;None;1000;None;15:12:26.521
5510;27.4032;26.9455;22.317;-256.277;-256.676;-256.895;-256.935;-255.98;0;None;1000;None;15:12:27.018
5511;27.3954;26.9298;22.317;-256.262;-256.684;-256.888;-256.935;-255.98;0;None;1000;None;15:12:27.515
5512;27.3797;26.9142;22.3248;-256.269;-256.684;-256.895;-256.935;-255.98;0;None;1000;None;15:12:28.011
5513;27.3719;26.8907;22.317;-256.277;-256.684;-256.888;-256.935;-255.98;0;None;1000;None;15:12:28.524
5514;27.3563;26.8829;22.317;-256.277;-256.676;-256.895;-256.935;-255.98;0;None;1000;None;15:12:29.021
5515;27.3563;26.8594;22.3248;-256.277;-256.676;-256.888;-256.935;-255.98;0;None;1000;None;15:12:29.517
5516;27.3445;26.8516;22.317;-256.277;-256.684;-256.895;-256.935;-255.98;0;None;1000;None;15:12:30.015
5517;27.3289;26.8359;22.317;-256.285;-256.692;-256.888;-256.942;-255.98;0;None;1000;None;15:12:30.523
5518;27.3211;26.8242;22.3248;-256.277;-256.684;-256.895;-256.935;-255.98;0;None;1000;None;15:12:31.023
5519;27.3132;26.8203;22.317;-256.277;-256.684;-256.888;-256.942;-255.98;0;None;1000;None;15:12:31.523
5520;27.2976;26.8007;22.3248;-256.277;-256.684;-256.888;-256.927;-255.98;0;None;1000;None;15:12:32.019
5521;27.2819;26.7929;22.3248;-256.277;-256.676;-256.895;-256.935;-255.988;0;None;1000;None;15:12:32.515
5522;27.2741;26.7772;22.3248;-256.285;-256.692;-256.888;-256.935;-255.98;0;None;1000;None;15:12:33.012
5523;27.2506;26.7694;22.3326;-256.277;-256.684;-256.895;-256.942;-255.98;0;None;1000;None;15:12:33.526
5524;27.2506;26.7459;22.317;-256.269;-256.684;-256.888;-256.935;-255.972;0;None;1000;None;15:12:34.022
5525;27.2272;26.7303;22.3248;-256.277;-256.676;-256.895;-256.935;-255.98;0;None;1000;None;15:12:34.519
5526;27.2193;26.7146;22.317;-256.277;-256.684;-256.888;-256.927;-255.98;0;None;1000;None;15:12:35.022
5527;27.2115;26.699;22.317;-256.277;-256.684;-256.895;-256.935;-255.98;0;None;1000;None;15:12:35.512
5528;27.188;26.6911;22.317;-256.269;-256.692;-256.888;-256.935;-255.98;0;None;1000;None;15:12:36.021
5529;27.1802;26.6677;22.317;-256.277;-256.684;-256.888;-256.935;-255.972;0;None;1000;None;15:12:36.523
5530;27.1567;26.652;22.317;-256.285;-256.684;-256.895;-256.935;-255.98;0;None;1000;None;15:12:37.019
5531;27.1528;26.6442;22.3248;-256.277;-256.684;-256.895;-256.935;-255.98;0;None;1000;None;15:12:37.514
5532;27.145;26.6285;22.317;-256.269;-256.684;-256.895;-256.942;-255.98;0;None;1000;None;15:12:38.016
5533;27.1372;26.6246;22.317;-256.277;-256.692;-256.895;-256.942;-255.98;0;None;1000;None;15:12:38.524
5534;27.1333;26.609;22.317;-256.277;-256.684;-256.895;-256.935;-255.98;0;None;1000;None;15:12:39.023
5535;27.1137;26.6051;22.317;-256.277;-256.684;-256.895;-256.942;-255.98;0;None;1000;None;15:12:39.519
5536;27.098;26.5933;22.317;-256.277;-256.684;-256.895;-256.942;-255.98;0;None;1000;None;15:12:40.017
5537;27.0902;26.5699;22.3248;-256.277;-256.676;-256.895;-256.942;-255.98;0;None;1000;None;15:12:40.526
5538;27.0746;26.5777;22.317;-256.269;-256.684;-256.895;-256.95;-255.988;0;None;1000;None;15:12:41.022
5539;27.0589;26.5542;22.317;-256.277;-256.692;-256.895;-256.935;-255.98;0;None;1000;None;15:12:41.520
5540;27.0589;26.5386;22.317;-256.277;-256.684;-256.895;-256.942;-255.98;0;None;1000;None;15:12:42.016
5541;27.0354;26.5307;22.317;-256.277;-256.684;-256.895;-256.942;-255.98;0;None;1000;None;15:12:42.522
5542;27.0276;26.5151;22.3248;-256.277;-256.684;-256.895;-256.935;-255.98;0;None;1000;None;15:12:43.023
5543;27.012;26.5073;22.3248;-256.277;-256.692;-256.895;-256.942;-255.98;0;None;1000;None;15:12:43.519
5544;26.9963;26.4838;22.317;-256.277;-256.684;-256.888;-256.942;-255.98;0;None;1000;None;15:12:44.015
5545;26.9807;26.476;22.3248;-256.277;-256.692;-256.895;-256.95;-255.98;0;None;1000;None;15:12:44.526
5546;26.965;26.4681;22.3248;-256.269;-256.684;-256.895;-256.942;-255.988;0;None;1000;None;15:12:45.021
5547;26.9572;26.4525;22.317;-256.277;-256.684;-256.888;-256.942;-255.98;0;None;1000;None;15:12:45.518
5548;26.9415;26.4447;22.3248;-256.277;-256.692;-256.895;-256.95;-255.98;0;None;1000;None;15:12:46.021
5549;26.9298;26.4368;22.3248;-256.277;-256.692;-256.895;-256.942;-255.988;0;None;1000;None;15:12:46.526
5550;26.9298;26.4251;22.3483;-256.277;-256.692;-256.888;-256.942;-255.98;0;None;1000;None;15:12:47.024
5551;26.9181;26.4251;22.3483;-256.277;-256.684;-256.895;-256.942;-255.98;0;None;1000;None;15:12:47.520
5552;26.9142;26.4094;22.3326;-256.277;-256.692;-256.895;-256.942;-255.98;0;None;1000;None;15:12:48.016
5553;26.8985;26.386;22.3483;-256.277;-256.684;-256.888;-256.942;-255.98;0;None;1000;None;15:12:48.514
5554;26.8985;26.3781;22.3404;-256.269;-256.7;-256.895;-256.942;-255.98;0;None;1000;None;15:12:49.025
5555;26.8829;26.3625;22.3404;-256.277;-256.684;-256.888;-256.942;-255.972;0;None;1000;None;15:12:49.519
5556;26.8672;26.3547;22.3483;-256.269;-256.684;-256.888;-256.942;-255.98;0;None;1000;None;15:12:50.017
5557;26.8516;26.339;22.3483;-256.277;-256.692;-256.895;-256.942;-255.964;0;None;1000;None;15:12:50.520
5558;26.8359;26.3312;22.3483;-256.277;-256.692;-256.888;-256.95;-255.964;0;None;1000;None;15:12:51.014
5559;26.8281;26.3155;22.3483;-256.277;-256.684;-256.895;-256.95;-255.972;0;None;1000;None;15:12:51.525
5560;26.8046;26.3077;22.3483;-256.277;-256.684;-256.888;-256.95;-255.964;0;None;1000;None;15:12:52.016
5561;26.8046;26.2921;22.3483;-256.277;-256.684;-256.895;-256.95;-255.964;0;None;1000;None;15:12:52.511
5562;26.789;26.2842;22.3404;-256.277;-256.684;-256.895;-256.942;-255.972;0;None;1000;None;15:12:53.023
5563;26.7811;26.2686;22.3483;-256.277;-256.684;-256.895;-256.942;-255.964;0;None;1000;None;15:12:53.515
5564;26.7655;26.2529;22.3483;-256.269;-256.684;-256.888;-256.942;-255.964;0;None;1000;None;15:12:54.022
5565;26.7537;26.2373;22.3561;-256.277;-256.684;-256.895;-256.942;-255.964;0;None;1000;None;15:12:54.519
5566;26.7537;26.2373;22.3561;-256.277;-256.684;-256.895;-256.95;-255.964;0;None;1000;None;15:12:55.019
5567;26.7459;26.2216;22.3483;-256.277;-256.684;-256.895;-256.95;-255.956;0;None;1000;None;15:12:55.512
5568;26.7381;26.2216;22.3483;-256.269;-256.684;-256.888;-256.942;-255.964;0;None;1000;None;15:12:56.025
5569;26.7381;26.2138;22.3483;-256.277;-256.684;-256.895;-256.95;-255.964;0;None;1000;None;15:12:56.526
5570;26.7224;26.1943;22.3483;-256.277;-256.676;-256.888;-256.95;-255.956;0;None;1000;None;15:12:57.021
5571;26.7146;26.1943;22.3404;-256.277;-256.684;-256.895;-256.942;-255.964;0;None;1000;None;15:12:57.519
5572;26.7068;26.1786;22.3483;-256.277;-256.684;-256.888;-256.95;-255.964;0;None;1000;None;15:12:58.016
5573;26.699;26.163;22.3404;-256.277;-256.676;-256.895;-256.958;-255.964;0;None;1000;None;15:12:58.517
5574;26.6755;26.163;22.3483;-256.277;-256.684;-256.895;-256.942;-255.964;0;None;1000;None;15:12:59.015
5575;26.6677;26.1395;22.3483;-256.277;-256.676;-256.903;-256.958;-255.964;0;None;1000;None;15:12:59.525
5576;26.6598;26.1395;22.3483;-256.277;-256.684;-256.895;-256.95;-255.964;0;None;1000;None;15:13:00.022
5577;26.652;26.116;22.3483;-256.269;-256.676;-256.888;-256.958;-255.956;0;None;1000;None;15:13:00.519
5578;26.6285;26.1082;22.3483;-256.277;-256.684;-256.895;-256.95;-255.964;0;None;1000;None;15:13:01.015
5579;26.6285;26.0925;22.3483;-256.269;-256.676;-256.895;-256.942;-255.964;0;None;1000;None;15:13:01.526
5580;26.6129;26.0847;22.3404;-256.269;-256.684;-256.888;-256.95;-255.964;0;None;1000;None;15:13:02.024
5581;26.6051;26.0769;22.3561;-256.269;-256.676;-256.895;-256.942;-255.964;0;None;1000;None;15:13:02.521
5582;26.5894;26.0534;22.3561;-256.277;-256.684;-256.895;-256.942;-255.964;0;None;1000;None;15:13:03.025
5583;26.5816;26.0534;22.3483;-256.285;-256.684;-256.895;-256.935;-255.972;0;None;1000;None;15:13:03.512
5584;26.5738;26.0456;22.3483;-256.269;-256.684;-256.888;-256.95;-255.964;0;None;1000;None;15:13:04.024
5585;26.5659;26.0299;22.3561;-256.285;-256.684;-256.895;-256.942;-255.964;0;None;1000;None;15:13:04.521
5586;26.5503;26.0143;22.3483;-256.277;-256.692;-256.895;-256.95;-255.972;0;None;1000;None;15:13:05.021
5587;26.5464;26.0065;22.3561;-256.277;-256.684;-256.895;-256.942;-255.964;0;None;1000;None;15:13:05.515
5588;26.5386;26.0025;22.3639;-256.277;-256.684;-256.895;-256.942;-255.956;0;None;1000;None;15:13:06.018
5589;26.5346;25.9947;22.3483;-256.277;-256.676;-256.888;-256.95;-255.972;0;None;1000;None;15:13:06.521
5590;26.5307;25.9869;22.3561;-256.285;-256.684;-256.895;-256.95;-255.956;0;None;1000;None;15:13:07.017
5591;26.5268;25.9712;22.3561;-256.285;-256.684;-256.888;-256.958;-255.964;0;None;1000;None;15:13:07.525
5592;26.5151;25.9634;22.3561;-256.285;-256.684;-256.888;-256.95;-255.972;0;None;1000;None;15:13:08.021
5593;26.5073;25.9478;22.3561;-256.277;-256.684;-256.888;-256.958;-255.956;0;None;1000;None;15:13:08.519
5594;26.4994;25.9321;22.3561;-256.285;-256.684;-256.888;-256.95;-255.964;0;None;1000;None;15:13:09.014
5595;26.4916;25.9321;22.3561;-256.285;-256.676;-256.888;-256.95;-255.964;0;None;1000;None;15:13:09.526
5596;26.4838;25.9165;22.3639;-256.285;-256.684;-256.888;-256.942;-255.964;0;None;1000;None;15:13:10.021
5597;26.476;25.9008;22.3639;-256.285;-256.684;-256.895;-256.942;-255.956;0;None;1000;None;15:13:10.519
5598;26.4681;25.9008;22.3561;-256.285;-256.684;-256.895;-256.958;-255.964;0;None;1000;None;15:13:11.013
5599;26.4525;25.8852;22.3483;-256.277;-256.676;-256.895;-256.942;-255.964;0;None;1000;None;15:13:11.525
5600;26.4368;25.8773;22.3561;-256.285;-256.676;-256.895;-256.958;-255.964;0;None;1000;None;15:13:12.022
5601;26.429;25.8617;22.3483;-256.285;-256.676;-256.888;-256.95;-255.964;0;None;1000;None;15:13:12.519
5602;26.429;25.8539;22.3561;-256.285;-256.684;-256.895;-256.942;-255.956;0;None;1000;None;15:13:13.017
5603;26.4055;25.846;22.3561;-256.285;-256.684;-256.888;-256.942;-255.964;0;None;1000;None;15:13:13.513
5604;26.4055;25.8343;22.3561;-256.277;-256.676;-256.895;-256.95;-255.956;0;None;1000;None;15:13:14.017
5605;26.3977;25.8304;22.3561;-256.277;-256.676;-256.888;-256.95;-255.972;0;None;1000;None;15:13:14.522
5606;26.3821;25.8265;22.3483;-256.285;-256.684;-256.888;-256.958;-255.964;0;None;1000;None;15:13:15.019
5607;26.3742;25.8187;22.3561;-256.293;-256.676;-256.895;-256.95;-255.964;0;None;1000;None;15:13:15.517
5608;26.3664;25.8108;22.3561;-256.277;-256.676;-256.895;-256.966;-255.956;0;None;1000;None;15:13:16.020
5609;26.3586;25.803;22.3561;-256.285;-256.676;-256.888;-256.95;-255.972;0;None;1000;None;15:13:16.511
5610;26.3351;25.7874;22.3561;-256.285;-256.676;-256.895;-256.95;-255.956;0;None;1000;None;15:13:17.023
5611;26.3351;25.7795;22.3639;-256.285;-256.684;-256.895;-256.95;-255.964;0;None;1000;None;15:13:17.520
5612;26.3312;25.7639;22.3483;-256.277;-256.676;-256.895;-256.958;-255.972;0;None;1000;None;15:13:18.016
5613;26.3234;25.7482;22.3561;-256.285;-256.676;-256.895;-256.95;-255.964;0;None;1000;None;15:13:18.515
5614;26.3155;25.7404;22.3561;-256.285;-256.676;-256.895;-256.942;-255.964;0;None;1000;None;15:13:19.011
5615;26.3116;25.7326;22.3561;-256.285;-256.684;-256.895;-256.95;-255.964;0;None;1000;None;15:13:19.524
5616;26.2999;25.7248;22.3483;-256.277;-256.676;-256.895;-256.95;-255.964;0;None;1000;None;15:13:20.019
5617;26.2999;25.7169;22.3561;-256.285;-256.676;-256.895;-256.942;-255.972;0;None;1000;None;15:13:20.515
5618;26.2921;25.7013;22.3483;-256.285;-256.684;-256.895;-256.942;-255.964;0;None;1000;None;15:13:21.011
5619;26.2842;25.6935;22.3561;-256.277;-256.684;-256.888;-256.942;-255.964;0;None;1000;None;15:13:21.521
5620;26.2764;25.6856;22.3639;-256.285;-256.676;-256.895;-256.942;-255.964;0;None;1000;None;15:13:22.018
5621;26.2608;25.67;22.3561;-256.277;-256.684;-256.903;-256.95;-255.964;0;None;1000;None;15:13:22.514
5622;26.2451;25.6622;22.3639;-256.285;-256.676;-256.895;-256.95;-255.964;0;None;1000;None;15:13:23.017
5623;26.2451;25.6543;22.3639;-256.277;-256.676;-256.895;-256.942;-255.956;0;None;1000;None;15:13:23.525
5624;26.2295;25.6465;22.3561;-256.277;-256.676;-256.888;-256.95;-255.964;0;None;1000;None;15:13:24.022
5625;26.2138;25.6309;22.3561;-256.277;-256.684;-256.888;-256.942;-255.964;0;None;1000;None;15:13:24.522
5626;26.2138;25.6191;22.3561;-256.277;-256.676;-256.895;-256.95;-255.956;0;None;1000;None;15:13:25.012
5627;26.1982;25.6191;22.3483;-256.277;-256.684;-256.888;-256.95;-255.964;0;None;1000;None;15:13:25.509
5628;26.1982;25.6152;22.3561;-256.277;-256.684;-256.903;-256.942;-255.972;0;None;1000;None;15:13:26.021
5629;26.1825;25.6113;22.3561;-256.277;-256.684;-256.895;-256.942;-255.964;0;None;1000;None;15:13:26.519
5630;26.1825;25.6035;22.3561;-256.277;-256.684;-256.895;-256.942;-255.956;0;None;1000;None;15:13:27.015
5631;26.1669;25.5956;22.3483;-256.277;-256.684;-256.895;-256.942;-255.964;0;None;1000;None;15:13:27.511
5632;26.159;25.5878;22.3561;-256.277;-256.676;-256.895;-256.942;-255.964;0;None;1000;None;15:13:28.016
5633;26.1512;25.58;22.3483;-256.277;-256.684;-256.888;-256.942;-255.964;0;None;1000;None;15:13:28.527
5634;26.1434;25.5722;22.3483;-256.277;-256.684;-256.895;-256.942;-255.964;0;None;1000;None;15:13:29.022
5635;26.1356;25.5643;22.3561;-256.285;-256.684;-256.895;-256.95;-255.964;0;None;1000;None;15:13:29.520
5636;26.1121;25.5565;22.3483;-256.277;-256.676;-256.888;-256.95;-255.956;0;None;1000;None;15:13:30.017
5637;26.1121;25.5487;22.3561;-256.285;-256.684;-256.895;-256.942;-255.964;0;None;1000;None;15:13:30.522
5638;26.1082;25.5409;22.3561;-256.277;-256.684;-256.895;-256.942;-255.964;0;None;1000;None;15:13:31.020
5639;26.1043;25.533;22.3561;-256.285;-256.676;-256.895;-256.942;-255.964;0;None;1000;None;15:13:31.521
5640;26.1004;25.5174;22.3639;-256.277;-256.684;-256.895;-256.95;-255.956;0;None;1000;None;15:13:32.018
5641;26.0925;25.5174;22.3561;-256.285;-256.692;-256.88;-256.942;-255.972;0;None;1000;None;15:13:32.513
5642;26.0847;25.5017;22.3483;-256.277;-256.684;-256.888;-256.942;-255.964;0;None;1000;None;15:13:33.009
5643;26.0769;25.4939;22.3483;-256.285;-256.676;-256.888;-256.942;-255.964;0;None;1000;None;15:13:33.523
5644;26.0691;25.4861;22.3404;-256.277;-256.684;-256.88;-256.942;-255.964;0;None;1000;None;15:13:34.020
5645;26.0691;25.4783;22.3483;-256.277;-256.684;-256.888;-256.942;-255.972;0;None;1000;None;15:13:34.517
5646;26.0534;25.4626;22.3404;-256.285;-256.684;-256.88;-256.942;-255.964;0;None;1000;None;15:13:35.013
5647;26.0534;25.4626;22.3483;-256.277;-256.676;-256.895;-256.942;-255.972;0;None;1000;None;15:13:35.525
5648;26.0378;25.4548;22.3483;-256.285;-256.684;-256.888;-256.935;-255.964;0;None;1000;None;15:13:36.020
5649;26.0378;25.4391;22.3561;-256.277;-256.684;-256.88;-256.942;-255.964;0;None;1000;None;15:13:36.517
5650;26.0221;25.4391;22.3483;-256.285;-256.684;-256.888;-256.935;-255.972;0;None;1000;None;15:13:37.020
5651;26.0143;25.4235;22.3483;-256.277;-256.684;-256.888;-256.935;-255.964;0;None;1000;None;15:13:37.521
5652;26.0065;25.4157;22.3483;-256.277;-256.676;-256.895;-256.942;-255.972;0;None;1000;None;15:13:38.018
5653;25.9986;25.4157;22.3483;-256.277;-256.684;-256.888;-256.942;-255.964;0;None;1000;None;15:13:38.518
5654;25.9986;25.4039;22.3483;-256.285;-256.676;-256.895;-256.935;-255.956;0;None;1000;None;15:13:39.021
5655;25.983;25.4039;22.3483;-256.277;-256.684;-256.895;-256.942;-255.956;0;None;1000;None;15:13:39.521
5656;25.9752;25.3961;22.3561;-256.277;-256.676;-256.888;-256.942;-255.964;0;None;1000;None;15:13:40.009
5657;25.9595;25.3922;22.3483;-256.277;-256.676;-256.888;-256.935;-255.972;0;None;1000;None;15:13:40.521
5658;25.9595;25.3883;22.3483;-256.277;-256.684;-256.895;-256.942;-255.964;0;None;1000;None;15:13:41.020
5659;25.9439;25.3883;22.3561;-256.285;-256.692;-256.888;-256.942;-255.956;0;None;1000;None;15:13:41.515
5660;25.936;25.3805;22.3483;-256.277;-256.676;-256.888;-256.935;-255.972;0;None;1000;None;15:13:42.015
5661;25.9282;25.3648;22.3561;-256.277;-256.684;-256.888;-256.942;-255.972;0;None;1000;None;15:13:42.524
5662;25.9204;25.357;22.3483;-256.277;-256.684;-256.888;-256.942;-255.964;0;None;1000;None;15:13:43.021
5663;25.9204;25.357;22.3561;-256.285;-256.684;-256.895;-256.942;-255.964;0;None;1000;None;15:13:43.523
5664;25.9047;25.3413;22.3483;-256.277;-256.684;-256.888;-256.95;-255.964;0;None;1000;None;15:13:44.013
5665;25.9047;25.3413;22.3561;-256.277;-256.684;-256.895;-256.95;-255.964;0;None;1000;None;15:13:44.523
5666;25.893;25.3335;22.3561;-256.277;-256.684;-256.888;-256.95;-255.972;0;None;1000;None;15:13:45.021
5667;25.893;25.3257;22.3561;-256.277;-256.684;-256.895;-256.942;-255.964;0;None;1000;None;15:13:45.520
5668;25.8852;25.3179;22.3561;-256.285;-256.684;-256.888;-256.942;-255.972;0;None;1000;None;15:13:46.020
5669;25.8891;25.31;22.3561;-256.277;-256.684;-256.895;-256.942;-255.956;0;None;1000;None;15:13:46.515
5670;25.8813;25.31;22.3561;-256.277;-256.684;-256.895;-256.942;-255.972;0;None;1000;None;15:13:47.011
5671;25.8813;25.2944;22.3561;-256.285;-256.684;-256.888;-256.935;-255.964;0;None;1000;None;15:13:47.524
5672;25.8695;25.2866;22.3561;-256.285;-256.692;-256.895;-256.942;-255.964;0;None;1000;None;15:13:48.020
5673;25.8695;25.2709;22.3483;-256.277;-256.684;-256.895;-256.935;-255.964;0;None;1000;None;15:13:48.520
5674;25.8539;25.2631;22.3483;-256.277;-256.684;-256.895;-256.935;-255.972;0;None;1000;None;15:13:49.014
5675;25.846;25.2553;22.3483;-256.277;-256.684;-256.888;-256.935;-255.964;0;None;1000;None;15:13:49.512
5676;25.8382;25.2474;22.3404;-256.269;-256.692;-256.895;-256.942;-255.972;0;None;1000;None;15:13:50.023
5677;25.8304;25.2474;22.3404;-256.269;-256.692;-256.888;-256.935;-255.964;0;None;1000;None;15:13:50.516
5678;25.8147;25.2396;22.3404;-256.277;-256.684;-256.895;-256.935;-255.964;0;None;1000;None;15:13:51.013
5679;25.8147;25.2318;22.3483;-256.277;-256.692;-256.895;-256.942;-255.964;0;None;1000;None;15:13:51.508
5680;25.8069;25.2357;22.3404;-256.277;-256.684;-256.888;-256.935;-255.972;0;None;1000;None;15:13:52.017
5681;25.8069;25.224;22.3404;-256.277;-256.684;-256.895;-256.935;-255.964;0;None;1000;None;15:13:52.511
5682;25.7913;25.22;22.3404;-256.277;-256.684;-256.888;-256.935;-255.972;0;None;1000;None;15:13:53.021
5683;25.7913;25.2122;22.3404;-256.277;-256.684;-256.888;-256.942;-255.964;0;None;1000;None;15:13:53.515
5684;25.7756;25.2083;22.3483;-256.277;-256.684;-256.895;-256.942;-255.972;0;None;1000;None;15:13:54.021
5685;25.7678;25.2044;22.3404;-256.277;-256.684;-256.888;-256.935;-255.972;0;None;1000;None;15:13:54.523
5686;25.7678;25.1887;22.3483;-256.269;-256.684;-256.895;-256.935;-255.964;0;None;1000;None;15:13:55.020
5687;25.7443;25.1809;22.3404;-256.277;-256.684;-256.895;-256.95;-255.964;0;None;1000;None;15:13:55.516
5688;25.7443;25.1731;22.3404;-256.269;-256.684;-256.895;-256.942;-255.972;0;None;1000;None;15:13:56.010
5689;25.7443;25.1574;22.3404;-256.269;-256.684;-256.888;-256.942;-255.964;0;None;1000;None;15:13:56.524
5690;25.7287;25.1653;22.3404;-256.277;-256.684;-256.895;-256.942;-255.972;0;None;1000;None;15:13:57.020
5691;25.7208;25.1496;22.3483;-256.269;-256.684;-256.895;-256.935;-255.956;0;None;1000;None;15:13:57.516
5692;25.7208;25.1496;22.3404;-256.277;-256.684;-256.888;-256.935;-255.964;0;None;1000;None;15:13:58.017
5693;25.713;25.1418;22.3404;-256.277;-256.692;-256.895;-256.942;-255.964;0;None;1000;None;15:13:58.510
5694;25.7052;25.134;22.3326;-256.277;-256.684;-256.888;-256.942;-255.964;0;None;1000;None;15:13:59.023
5695;25.7052;25.1261;22.3483;-256.277;-256.684;-256.888;-256.942;-255.964;0;None;1000;None;15:13:59.519
5696;25.7013;25.1183;22.3326;-256.277;-256.684;-256.888;-256.935;-255.964;0;None;1000;None;15:14:00.017
5697;25.6935;25.1105;22.3326;-256.277;-256.684;-256.895;-256.927;-255.972;0;None;1000;None;15:14:00.522
5698;25.6935;25.1027;22.3404;-256.277;-256.684;-256.888;-256.935;-255.964;0;None;1000;None;15:14:01.018
5699;25.6778;25.0948;22.3326;-256.277;-256.684;-256.895;-256.935;-255.972;0;None;1000;None;15:14:01.523
5700;25.6778;25.0948;22.3326;-256.277;-256.684;-256.895;-256.942;-255.964;0;None;1000;None;15:14:02.022
5701;25.67;25.087;22.3404;-256.277;-256.684;-256.888;-256.935;-255.964;0;None;1000;None;15:14:02.519
5702;25.6622;25.0714;22.3404;-256.277;-256.692;-256.895;-256.942;-255.956;0;None;1000;None;15:14:03.023
5703;25.6465;25.0714;22.3404;-256.285;-256.684;-256.895;-256.942;-255.964;0;None;1000;None;15:14:03.512
5704;25.6543;25.0714;22.3326;-256.277;-256.684;-256.895;-256.935;-255.972;0;None;1000;None;15:14:04.020
5705;25.6387;25.0557;22.3326;-256.269;-256.684;-256.895;-256.942;-255.964;0;None;1000;None;15:14:04.522
5706;25.6387;25.0479;22.3404;-256.277;-256.684;-256.895;-256.935;-255.972;0;None;1000;None;15:14:05.019
5707;25.623;25.0479;22.3404;-256.269;-256.684;-256.888;-256.942;-255.964;0;None;1000;None;15:14:05.517
5708;25.623;25.0401;22.3404;-256.277;-256.684;-256.895;-256.935;-255.972;0;None;1000;None;15:14:06.015
5709;25.6152;25.0244;22.3404;-256.269;-256.684;-256.895;-256.935;-255.972;0;None;1000;None;15:14:06.510
5710;25.6074;25.0166;22.3404;-256.269;-256.676;-256.895;-256.942;-255.964;0;None;1000;None;15:14:07.023
5711;25.5917;25.0166;22.3404;-256.277;-256.684;-256.903;-256.942;-255.972;0;None;1000;None;15:14:07.519
5712;25.5917;25.0127;22.3326;-256.277;-256.684;-256.895;-256.942;-255.964;0;None;1000;None;15:14:08.013
5713;25.5839;25.0127;22.3404;-256.269;-256.684;-256.895;-256.942;-255.972;0;None;1000;None;15:14:08.524
5714;25.5761;25.0088;22.3404;-256.277;-256.684;-256.895;-256.95;-255.972;0;None;1000;None;15:14:09.023
5715;25.5761;25.0049;22.3404;-256.269;-256.684;-256.895;-256.942;-255.972;0;None;1000;None;15:14:09.519
5716;25.5604;25.0009;22.3326;-256.277;-256.684;-256.895;-256.95;-255.964;0;None;1000;None;15:14:10.017
5717;25.5526;24.997;22.3404;-256.269;-256.684;-256.888;-256.942;-255.972;0;None;1000;None;15:14:10.515
5718;25.5526;24.997;22.3483;-256.269;-256.684;-256.895;-256.942;-255.964;0;None;1000;None;15:14:11.019
5719;25.537;24.9892;22.3404;-256.277;-256.676;-256.888;-256.95;-255.964;0;None;1000;None;15:14:11.522
5720;25.5291;24.9814;22.3404;-256.269;-256.684;-256.895;-256.942;-255.964;0;None;1000;None;15:14:12.020
5721;25.5213;24.9736;22.3404;-256.277;-256.684;-256.895;-256.942;-255.964;0;None;1000;None;15:14:12.519
5722;25.5135;24.9736;22.3404;-256.277;-256.684;-256.895;-256.942;-255.964;0;None;1000;None;15:14:13.014
5723;25.5135;24.9657;22.3483;-256.277;-256.676;-256.888;-256.942;-255.964;0;None;1000;None;15:14:13.526
5724;25.5057;24.9579;22.3404;-256.277;-256.684;-256.895;-256.942;-255.964;0;None;1000;None;15:14:14.022
5725;25.5057;24.9501;22.3404;-256.269;-256.684;-256.895;-256.942;-255.964;0;None;1000;None;15:14:14.519
5726;25.4978;24.9423;22.3483;-256.277;-256.684;-256.895;-256.942;-255.956;0;None;1000;None;15:14:15.016
5727;25.4978;24.9423;22.3404;-256.277;-256.684;-256.895;-256.95;-255.964;0;None;1000;None;15:14:15.525
5728;25.4939;24.9344;22.3326;-256.277;-256.684;-256.888;-256.95;-255.964;0;None;1000;None;15:14:16.023
5729;25.49;24.9266;22.3404;-256.277;-256.684;-256.888;-256.942;-255.964;0;None;1000;None;15:14:16.519
5730;25.4861;24.9188;22.3404;-256.269;-256.684;-256.895;-256.95;-255.956;0;None;1000;None;15:14:17.014
5731;25.4861;24.9188;22.3483;-256.277;-256.692;-256.895;-256.942;-255.964;0;None;1000;None;15:14:17.510
5732;25.4704;24.8953;22.3483;-256.269;-256.684;-256.888;-256.95;-255.956;0;None;1000;None;15:14:18.024
5733;25.4704;24.9031;22.3561;-256.277;-256.692;-256.888;-256.95;-255.964;0;None;1000;None;15:14:18.521
5734;25.4704;24.8875;22.3404;-256.269;-256.692;-256.895;-256.95;-255.964;0;None;1000;None;15:14:19.017
5735;25.4548;24.8953;22.3483;-256.277;-256.684;-256.895;-256.95;-255.956;0;None;1000;None;15:14:19.517
5736;25.4548;24.8797;22.3404;-256.269;-256.684;-256.895;-256.95;-255.964;0;None;1000;None;15:14:20.020
5737;25.4391;24.8718;22.3404;-256.277;-256.684;-256.895;-256.942;-255.956;0;None;1000;None;15:14:20.524
5738;25.4391;24.8718;22.3326;-256.269;-256.684;-256.895;-256.935;-255.964;0;None;1000;None;15:14:21.020
5739;25.4391;24.864;22.3404;-256.285;-256.692;-256.888;-256.942;-255.964;0;None;1000;None;15:14:21.516
5740;25.4235;24.8484;22.3404;-256.277;-256.684;-256.888;-256.942;-255.964;0;None;1000;None;15:14:22.021
5741;25.4235;24.8562;22.3404;-256.277;-256.684;-256.895;-256.942;-255.964;0;None;1000;None;15:14:22.510
5742;25.4157;24.8405;22.3483;-256.269;-256.684;-256.895;-256.942;-255.964;0;None;1000;None;15:14:23.023
5743;25.4078;24.8327;22.3404;-256.277;-256.684;-256.903;-256.942;-255.964;0;None;1000;None;15:14:23.521
5744;25.4;24.8249;22.3404;-256.277;-256.684;-256.895;-256.942;-255.964;0;None;1000;None;15:14:24.018
5745;25.4;24.8249;22.3404;-256.277;-256.684;-256.895;-256.942;-255.964;0;None;1000;None;15:14:24.522
5746;25.3922;24.8249;22.3326;-256.269;-256.684;-256.895;-256.942;-255.956;0;None;1000;None;15:14:25.009
5747;25.3765;24.8092;22.3483;-256.277;-256.684;-256.895;-256.95;-255.964;0;None;1000;None;15:14:25.524
5748;25.3844;24.8092;22.3326;-256.269;-256.676;-256.895;-256.942;-255.956;0;None;1000;None;15:14:26.018
5749;25.3687;24.8092;22.3404;-256.277;-256.684;-256.895;-256.942;-255.964;0;None;1000;None;15:14:26.513
5750;25.3609;24.7975;22.3404;-256.277;-256.684;-256.888;-256.942;-255.964;0;None;1000;None;15:14:27.017
5751;25.3609;24.7936;22.3404;-256.277;-256.684;-256.903;-256.95;-255.964;0;None;1000;None;15:14:27.522
5752;25.3452;24.7936;22.3404;-256.277;-256.684;-256.895;-256.942;-255.964;0;None;1000;None;15:14:28.021
5753;25.3452;24.7897;22.3404;-256.277;-256.684;-256.888;-256.935;-255.964;0;None;1000;None;15:14:28.517
5754;25.3452;24.7858;22.3404;-256.277;-256.684;-256.895;-256.942;-255.964;0;None;1000;None;15:14:29.018
5755;25.3296;24.7858;22.3404;-256.277;-256.684;-256.895;-256.95;-255.972;0;None;1000;None;15:14:29.524
5756;25.3296;24.7779;22.3404;-256.277;-256.692;-256.888;-256.942;-255.964;0;None;1000;None;15:14:30.021
5757;25.3218;24.774;22.3404;-256.277;-256.684;-256.888;-256.942;-255.964;0;None;1000;None;15:14:30.518
5758;25.3139;24.774;22.3326;-256.269;-256.684;-256.895;-256.942;-255.964;0;None;1000;None;15:14:31.016
5759;25.3061;24.7662;22.3404;-256.277;-256.684;-256.888;-256.942;-255.964;0;None;1000;None;15:14:31.512
5760;25.2983;24.7662;22.3404;-256.285;-256.692;-256.888;-256.95;-255.956;0;None;1000;None;15:14:32.019
5761;25.2983;24.7584;22.3326;-256.277;-256.692;-256.888;-256.942;-255.964;0;None;1000;None;15:14:32.521
5762;25.2866;24.7427;22.3404;-256.277;-256.684;-256.888;-256.942;-255.972;0;None;1000;None;15:14:33.018
5763;25.2866;24.7427;22.3326;-256.277;-256.684;-256.888;-256.95;-255.956;0;None;1000;None;15:14:33.516
5764;25.2826;24.7427;22.3326;-256.277;-256.684;-256.888;-256.942;-255.964;0;None;1000;None;15:14:34.017
5765;25.2826;24.7349;22.3326;-256.285;-256.692;-256.888;-256.942;-255.964;0;None;1000;None;15:14:34.509
5766;25.2787;24.7349;22.3326;-256.277;-256.684;-256.895;-256.95;-255.972;0;None;1000;None;15:14:35.023
5767;25.2787;24.7271;22.3326;-256.277;-256.692;-256.888;-256.942;-255.956;0;None;1000;None;15:14:35.521
5768;25.2748;24.7192;22.3404;-256.285;-256.692;-256.888;-256.95;-255.964;0;None;1000;None;15:14:36.019
5769;25.2748;24.7271;22.3326;-256.277;-256.684;-256.895;-256.942;-255.956;0;None;1000;None;15:14:36.517
5770;25.2709;24.7192;22.3248;-256.277;-256.692;-256.888;-256.935;-255.956;0;None;1000;None;15:14:37.014
5771;25.2553;24.7114;22.3326;-256.277;-256.684;-256.888;-256.942;-255.956;0;None;1000;None;15:14:37.525
5772;25.2553;24.7036;22.3326;-256.269;-256.684;-256.895;-256.942;-255.956;0;None;1000;None;15:14:38.020
5773;25.2553;24.7036;22.3248;-256.277;-256.684;-256.888;-256.935;-255.964;0;None;1000;None;15:14:38.518
5774;25.2396;24.7036;22.3326;-256.277;-256.684;-256.895;-256.942;-255.964;0;None;1000;None;15:14:39.023
5775;25.2396;24.6879;22.3248;-256.277;-256.684;-256.895;-256.942;-255.964;0;None;1000;None;15:14:39.512
5776;25.2318;24.6879;22.317;-256.277;-256.684;-256.895;-256.942;-255.964;0;None;1000;None;15:14:40.022
5777;25.224;24.6879;22.3326;-256.277;-256.692;-256.888;-256.95;-255.964;0;None;1000;None;15:14:40.519
5778;25.2161;24.6723;22.3248;-256.277;-256.684;-256.888;-256.942;-255.956;0;None;1000;None;15:14:41.019
5779;25.2161;24.6801;22.3326;-256.269;-256.684;-256.895;-256.942;-255.964;0;None;1000;None;15:14:41.512
5780;25.2161;24.6723;22.3248;-256.269;-256.692;-256.895;-256.942;-255.964;0;None;1000;None;15:14:42.022
5781;25.2083;24.6723;22.3326;-256.269;-256.684;-256.895;-256.95;-255.956;0;None;1000;None;15:14:42.519
5782;25.2005;24.6566;22.3326;-256.277;-256.684;-256.888;-256.942;-255.972;0;None;1000;None;15:14:43.016
5783;25.2005;24.6566;22.3326;-256.285;-256.676;-256.888;-256.935;-255.956;0;None;1000;None;15:14:43.512
5784;25.1927;24.6488;22.3326;-256.277;-256.684;-256.888;-256.942;-255.972;0;None;1000;None;15:14:44.018
5785;25.1848;24.641;22.3248;-256.277;-256.684;-256.888;-256.942;-255.964;0;None;1000;None;15:14:44.521
5786;25.177;24.641;22.3248;-256.285;-256.692;-256.888;-256.942;-255.964;0;None;1000;None;15:14:45.019
5787;25.177;24.6332;22.3326;-256.277;-256.684;-256.888;-256.942;-255.964;0;None;1000;None;15:14:45.516
5788;25.1692;24.6253;22.3248;-256.277;-256.684;-256.888;-256.942;-255.964;0;None;1000;None;15:14:46.019
5789;25.1614;24.6253;22.3248;-256.269;-256.676;-256.888;-256.942;-255.964;0;None;1000;None;15:14:46.524
5790;25.1614;24.6214;22.3248;-256.277;-256.684;-256.888;-256.935;-255.964;0;None;1000;None;15:14:47.019
5791;25.1535;24.6175;22.3248;-256.269;-256.676;-256.888;-256.942;-255.964;0;None;1000;None;15:14:47.521
5792;25.1535;24.6175;22.3248;-256.269;-256.684;-256.888;-256.935;-255.964;0;None;1000;None;15:14:48.018
5793;25.1457;24.6136;22.3248;-256.277;-256.684;-256.888;-256.935;-255.964;0;None;1000;None;15:14:48.524
5794;25.1379;24.6097;22.3248;-256.269;-256.684;-256.888;-256.935;-255.964;0;None;1000;None;15:14:49.019
5795;25.1301;24.6136;22.3326;-256.269;-256.676;-256.895;-256.935;-255.964;0;None;1000;None;15:14:49.516
5796;25.1301;24.6097;22.3248;-256.277;-256.684;-256.888;-256.935;-255.956;0;None;1000;None;15:14:50.017
5797;25.1222;24.6097;22.3326;-256.269;-256.676;-256.888;-256.935;-255.964;0;None;1000;None;15:14:50.524
5798;25.1222;24.6058;22.3326;-256.277;-256.684;-256.888;-256.942;-255.964;0;None;1000;None;15:14:51.020
5799;25.1144;24.5901;22.3326;-256.277;-256.684;-256.888;-256.927;-255.956;0;None;1000;None;15:14:51.518
5800;25.1144;24.5901;22.3248;-256.269;-256.684;-256.888;-256.935;-255.964;0;None;1000;None;15:14:52.019
5801;25.1066;24.5901;22.3326;-256.277;-256.684;-256.888;-256.935;-255.964;0;None;1000;None;15:14:52.520
5802;25.1066;24.5823;22.317;-256.269;-256.684;-256.888;-256.935;-255.964;0;None;1000;None;15:14:53.019
5803;25.0988;24.5901;22.3248;-256.277;-256.692;-256.888;-256.935;-255.964;0;None;1000;None;15:14:53.509
5804;25.0988;24.5745;22.3248;-256.269;-256.684;-256.888;-256.927;-255.964;0;None;1000;None;15:14:54.019
5805;25.0909;24.5667;22.3248;-256.269;-256.684;-256.888;-256.942;-255.964;0;None;1000;None;15:14:54.517
5806;25.0831;24.5745;22.3326;-256.269;-256.684;-256.888;-256.935;-255.956;0;None;1000;None;15:14:55.011
5807;25.0831;24.5667;22.317;-256.269;-256.684;-256.895;-256.942;-255.964;0;None;1000;None;15:14:55.521
5808;25.0714;24.5667;22.317;-256.269;-256.692;-256.895;-256.935;-255.956;0;None;1000;None;15:14:56.023
5809;25.0753;24.5588;22.317;-256.269;-256.692;-256.888;-256.942;-255.956;0;None;1000;None;15:14:56.512
5810;25.0714;24.5588;22.317;-256.262;-256.684;-256.895;-256.942;-255.964;0;None;1000;None;15:14:57.008
5811;25.0675;24.5588;22.3248;-256.269;-256.692;-256.888;-256.935;-255.956;0;None;1000;None;15:14:57.521
5812;25.0675;24.5432;22.3248;-256.269;-256.692;-256.888;-256.942;-255.964;0;None;1000;None;15:14:58.018
5813;25.0596;24.5432;22.3248;-256.277;-256.692;-256.895;-256.927;-255.956;0;None;1000;None;15:14:58.515
5814;25.0596;24.5354;22.3248;-256.269;-256.684;-256.888;-256.942;-255.964;0;None;1000;None;15:14:59.011
5815;25.0557;24.5354;22.3326;-256.269;-256.684;-256.888;-256.935;-255.956;0;None;1000;None;15:14:59.508
5816;25.0479;24.5354;22.3248;-256.269;-256.684;-256.888;-256.935;-255.964;0;None;1000;None;15:15:00.019
5817;25.0479;24.5197;22.3248;-256.269;-256.684;-256.888;-256.935;-255.949;0;None;1000;None;15:15:00.516
5818;25.0479;24.5275;22.3248;-256.269;-256.684;-256.895;-256.927;-255.964;0;None;1000;None;15:15:01.020
5819;25.0401;24.5119;22.3326;-256.269;-256.692;-256.888;-256.942;-255.964;0;None;1000;None;15:15:01.512
5820;25.0322;24.5119;22.3326;-256.269;-256.684;-256.895;-256.935;-255.956;0;None;1000;None;15:15:02.017
5821;25.0244;24.5119;22.317;-256.269;-256.684;-256.888;-256.935;-255.964;0;None;1000;None;15:15:02.523
5822;25.0244;24.5119;22.3248;-256.262;-256.676;-256.895;-256.942;-255.956;0;None;1000;None;15:15:03.021
5823;25.0166;24.5041;22.317;-256.269;-256.692;-256.888;-256.935;-255.956;0;None;1000;None;15:15:03.517
5824;25.0088;24.4962;22.317;-256.277;-256.692;-256.888;-256.935;-255.964;0;None;1000;None;15:15:04.015
5825;25.0088;24.5041;22.3248;-256.269;-256.684;-256.888;-256.942;-255.964;0;None;1000;None;15:15:04.514
5826;25.0088;24.4884;22.3091;-256.269;-256.692;-256.888;-256.935;-255.972;0;None;1000;None;15:15:05.010
5827;25.0009;24.4884;22.317;-256.269;-256.684;-256.888;-256.95;-255.956;0;None;1000;None;15:15:05.524
5828;25.0009;24.4806;22.317;-256.277;-256.684;-256.888;-256.942;-255.964;0;None;1000;None;15:15:06.021
5829;24.9931;24.4884;22.3091;-256.269;-256.684;-256.888;-256.942;-255.956;0;None;1000;None;15:15:06.519
5830;24.9853;24.4728;22.317;-256.269;-256.692;-256.888;-256.935;-255.964;0;None;1000;None;15:15:07.022
5831;24.9853;24.4728;22.317;-256.269;-256.684;-256.895;-256.942;-255.964;0;None;1000;None;15:15:07.510
5832;24.9775;24.4728;22.317;-256.269;-256.684;-256.888;-256.935;-255.964;0;None;1000;None;15:15:08.022
5833;24.9775;24.4649;22.3248;-256.269;-256.692;-256.895;-256.942;-255.964;0;None;1000;None;15:15:08.519
5834;24.9696;24.4649;22.317;-256.269;-256.684;-256.888;-256.935;-255.964;0;None;1000;None;15:15:09.018
5835;24.9696;24.4649;22.317;-256.269;-256.684;-256.888;-256.935;-255.964;0;None;1000;None;15:15:09.517
5836;24.9618;24.4493;22.3248;-256.277;-256.684;-256.888;-256.942;-255.972;0;None;1000;None;15:15:10.021
5837;24.9696;24.4493;22.317;-256.269;-256.684;-256.888;-256.935;-255.964;0;None;1000;None;15:15:10.524
5838;24.954;24.4493;22.317;-256.269;-256.676;-256.88;-256.935;-255.964;0;None;1000;None;15:15:11.022
5839;24.954;24.4493;22.317;-256.269;-256.684;-256.888;-256.935;-255.972;0;None;1000;None;15:15:11.519
5840;24.9462;24.4415;22.317;-256.269;-256.684;-256.88;-256.942;-255.964;0;None;1000;None;15:15:12.017
5841;24.9462;24.4336;22.317;-256.277;-256.684;-256.888;-256.935;-255.964;0;None;1000;None;15:15:12.512
5842;24.9462;24.4415;22.317;-256.269;-256.676;-256.88;-256.935;-255.964;0;None;1000;None;15:15:13.009
5843;24.9383;24.4336;22.3248;-256.277;-256.684;-256.895;-256.942;-255.956;0;None;1000;None;15:15:13.521
5844;24.9305;24.4258;22.3248;-256.269;-256.684;-256.888;-256.935;-255.964;0;None;1000;None;15:15:14.022
5845;24.9227;24.4258;22.3326;-256.277;-256.692;-256.88;-256.935;-255.956;0;None;1000;None;15:15:14.515
5846;24.9305;24.4101;22.3248;-256.269;-256.684;-256.888;-256.935;-255.964;0;None;1000;None;15:15:15.010
5847;24.9149;24.4101;22.3248;-256.269;-256.684;-256.888;-256.942;-255.956;0;None;1000;None;15:15:15.523
5848;24.9149;24.418;22.3248;-256.277;-256.692;-256.888;-256.942;-255.956;0;None;1000;None;15:15:16.020
5849;24.907;24.4062;22.3248;-256.269;-256.684;-256.888;-256.935;-255.956;0;None;1000;None;15:15:16.516
5850;24.8992;24.4101;22.3248;-256.277;-256.692;-256.888;-256.935;-255.964;0;None;1000;None;15:15:17.020
5851;24.8992;24.4101;22.3326;-256.269;-256.684;-256.888;-256.935;-255.956;0;None;1000;None;15:15:17.524
5852;24.8914;24.4062;22.3248;-256.277;-256.684;-256.88;-256.927;-255.956;0;None;1000;None;15:15:18.014
5853;24.8836;24.4023;22.3248;-256.277;-256.692;-256.888;-256.935;-255.956;0;None;1000;None;15:15:18.520
5854;24.8836;24.4023;22.3248;-256.277;-256.684;-256.888;-256.935;-255.964;0;None;1000;None;15:15:19.018
5855;24.8836;24.4023;22.317;-256.269;-256.684;-256.88;-256.935;-255.956;0;None;1000;None;15:15:19.514
5856;24.8757;24.3984;22.3248;-256.277;-256.684;-256.888;-256.927;-255.956;0;None;1000;None;15:15:20.017
5857;24.8679;24.3984;22.317;-256.277;-256.676;-256.888;-256.935;-255.956;0;None;1000;None;15:15:20.524
5858;24.8679;24.3945;22.3248;-256.269;-256.684;-256.888;-256.927;-255.956;0;None;1000;None;15:15:21.023
5859;24.8562;24.3945;22.317;-256.277;-256.684;-256.88;-256.935;-255.956;0;None;1000;None;15:15:21.524
5860;24.8601;24.3828;22.3248;-256.277;-256.684;-256.88;-256.935;-255.956;0;None;1000;None;15:15:22.020
5861;24.8562;24.3828;22.317;-256.285;-256.676;-256.888;-256.942;-255.956;0;None;1000;None;15:15:22.515
5862;24.8523;24.3749;22.3248;-256.277;-256.684;-256.88;-256.935;-255.949;0;None;1000;None;15:15:23.015
5863;24.8523;24.3671;22.317;-256.285;-256.676;-256.888;-256.942;-255.964;0;None;1000;None;15:15:23.521
5864;24.8484;24.3671;22.3248;-256.285;-256.684;-256.888;-256.927;-255.956;0;None;1000;None;15:15:24.017
5865;24.8484;24.3671;22.317;-256.277;-256.676;-256.895;-256.942;-255.949;0;None;1000;None;15:15:24.521
5866;24.8484;24.3593;22.3091;-256.285;-256.684;-256.895;-256.935;-255.956;0;None;1000;None;15:15:25.023
5867;24.8444;24.3593;22.317;-256.285;-256.676;-256.895;-256.927;-255.964;0;None;1000;None;15:15:25.520
5868;24.8444;24.3593;22.3091;-256.277;-256.676;-256.888;-256.935;-255.956;0;None;1000;None;15:15:26.022
5869;24.8405;24.3593;22.3091;-256.285;-256.684;-256.895;-256.935;-255.956;0;None;1000;None;15:15:26.515
5870;24.8405;24.3593;22.3091;-256.285;-256.676;-256.888;-256.935;-255.964;0;None;1000;None;15:15:27.007
5871;24.8405;24.3515;22.3091;-256.277;-256.684;-256.895;-256.927;-255.964;0;None;1000;None;15:15:27.519
5872;24.8327;24.3436;22.3248;-256.285;-256.684;-256.888;-256.935;-255.964;0;None;1000;None;15:15:28.012
5873;24.8327;24.3436;22.317;-256.277;-256.684;-256.895;-256.935;-255.964;0;None;1000;None;15:15:28.510
5874;24.8171;24.3436;22.317;-256.285;-256.676;-256.888;-256.935;-255.956;0;None;1000;None;15:15:29.022
5875;24.8249;24.3358;22.3248;-256.277;-256.676;-256.895;-256.935;-255.964;0;None;1000;None;15:15:29.519
5876;24.8171;24.328;22.3248;-256.285;-256.684;-256.895;-256.927;-255.964;0;None;1000;None;15:15:30.021
5877;24.8092;24.328;22.3326;-256.285;-256.676;-256.888;-256.927;-255.964;0;None;1000;None;15:15:30.511
5878;24.8014;24.3202;22.3248;-256.277;-256.684;-256.895;-256.927;-255.964;0;None;1000;None;15:15:31.022
5879;24.8014;24.328;22.3248;-256.277;-256.684;-256.888;-256.935;-255.972;0;None;1000;None;15:15:31.523
5880;24.8014;24.3123;22.3326;-256.285;-256.684;-256.895;-256.927;-255.956;0;None;1000;None;15:15:32.017
5881;24.7936;24.3123;22.3326;-256.277;-256.684;-256.895;-256.935;-255.964;0;None;1000;None;15:15:32.513
5882;24.7858;24.3123;22.3326;-256.277;-256.684;-256.895;-256.927;-255.964;0;None;1000;None;15:15:33.011
5883;24.7936;24.3123;22.3326;-256.285;-256.684;-256.888;-256.935;-255.964;0;None;1000;None;15:15:33.523
5884;24.7858;24.3045;22.3248;-256.285;-256.684;-256.895;-256.935;-255.964;0;None;1000;None;15:15:34.020
5885;24.7779;24.3045;22.3326;-256.285;-256.692;-256.888;-256.935;-255.964;0;None;1000;None;15:15:34.516
5886;24.7858;24.2967;22.3326;-256.285;-256.676;-256.888;-256.935;-255.964;0;None;1000;None;15:15:35.012
5887;24.7701;24.2967;22.3326;-256.277;-256.684;-256.888;-256.935;-255.972;0;None;1000;None;15:15:35.509
5888;24.7779;24.2889;22.3248;-256.285;-256.684;-256.888;-256.935;-255.956;0;None;1000;None;15:15:36.022
5889;24.7779;24.2889;22.3326;-256.285;-256.684;-256.895;-256.935;-255.972;0;None;1000;None;15:15:36.518
5890;24.7701;24.2889;22.3326;-256.285;-256.684;-256.888;-256.935;-255.956;0;None;1000;None;15:15:37.018
5891;24.7623;24.2967;22.3404;-256.277;-256.684;-256.888;-256.935;-255.972;0;None;1000;None;15:15:37.509
5892;24.7623;24.281;22.3248;-256.285;-256.692;-256.888;-256.927;-255.964;0;None;1000;None;15:15:38.019
5893;24.7545;24.2889;22.3326;-256.277;-256.676;-256.888;-256.942;-255.956;0;None;1000;None;15:15:38.516
5894;24.7545;24.281;22.3326;-256.285;-256.684;-256.888;-256.935;-255.964;0;None;1000;None;15:15:39.022
5895;24.7466;24.281;22.3404;-256.277;-256.676;-256.888;-256.942;-255.964;0;None;1000;None;15:15:39.511
5896;24.7466;24.2732;22.3326;-256.285;-256.676;-256.895;-256.935;-255.956;0;None;1000;None;15:15:40.009
5897;24.7466;24.2654;22.3248;-256.277;-256.684;-256.895;-256.942;-255.964;0;None;1000;None;15:15:40.520
5898;24.731;24.2654;22.3326;-256.277;-256.684;-256.888;-256.935;-255.964;0;None;1000;None;15:15:41.019
5899;24.7388;24.2732;22.3248;-256.285;-256.684;-256.888;-256.942;-255.972;0;None;1000;None;15:15:41.518
5900;24.731;24.2654;22.3326;-256.277;-256.676;-256.895;-256.942;-255.964;0;None;1000;None;15:15:42.021
5901;24.7232;24.2654;22.3248;-256.277;-256.676;-256.88;-256.942;-255.956;0;None;1000;None;15:15:42.510
5902;24.7153;24.2654;22.3248;-256.277;-256.676;-256.888;-256.95;-255.964;0;None;1000;None;15:15:43.021
5903;24.7232;24.2576;22.3326;-256.277;-256.676;-256.888;-256.942;-255.956;0;None;1000;None;15:15:43.519
5904;24.7153;24.2576;22.3326;-256.277;-256.676;-256.888;-256.942;-255.964;0;None;1000;None;15:15:44.022
5905;24.7075;24.2497;22.3326;-256.285;-256.676;-256.888;-256.935;-255.964;0;None;1000;None;15:15:44.512
5906;24.7153;24.2419;22.3326;-256.277;-256.676;-256.888;-256.927;-255.956;0;None;1000;None;15:15:45.017
5907;24.6997;24.2497;22.3248;-256.285;-256.684;-256.895;-256.935;-255.964;0;None;1000;None;15:15:45.522
5908;24.6919;24.2419;22.3404;-256.277;-256.676;-256.895;-256.927;-255.964;0;None;1000;None;15:15:46.019
5909;24.6919;24.2497;22.3326;-256.277;-256.676;-256.88;-256.935;-255.964;0;None;1000;None;15:15:46.516
5910;24.684;24.2419;22.3248;-256.277;-256.676;-256.895;-256.942;-255.956;0;None;1000;None;15:15:47.011
5911;24.684;24.2341;22.3248;-256.277;-256.668;-256.895;-256.942;-255.964;0;None;1000;None;15:15:47.508
5912;24.684;24.2341;22.3326;-256.277;-256.676;-256.895;-256.935;-255.956;0;None;1000;None;15:15:48.022
5913;24.6801;24.2341;22.3326;-256.277;-256.676;-256.888;-256.942;-255.964;0;None;1000;None;15:15:48.518
5914;24.6762;24.2341;22.3326;-256.277;-256.676;-256.895;-256.942;-255.964;0;None;1000;None;15:15:49.020
5915;24.6762;24.2341;22.3326;-256.277;-256.684;-256.895;-256.927;-255.956;0;None;1000;None;15:15:49.511
5916;24.6723;24.2263;22.3248;-256.277;-256.676;-256.895;-256.935;-255.964;0;None;1000;None;15:15:50.023
5917;24.6762;24.2184;22.3248;-256.277;-256.676;-256.888;-256.942;-255.964;0;None;1000;None;15:15:50.521
5918;24.6684;24.2263;22.3326;-256.285;-256.684;-256.895;-256.935;-255.964;0;None;1000;None;15:15:51.017
5919;24.6723;24.2184;22.3248;-256.285;-256.668;-256.895;-256.935;-255.964;0;None;1000;None;15:15:51.515
5920;24.6684;24.2106;22.3248;-256.277;-256.676;-256.895;-256.935;-255.964;0;None;1000;None;15:15:52.010
5921;24.6723;24.2106;22.3248;-256.285;-256.668;-256.895;-256.935;-255.964;0;None;1000;None;15:15:52.522
5922;24.6684;24.2106;22.3248;-256.285;-256.676;-256.895;-256.935;-255.964;0;None;1000;None;15:15:53.018
5923;24.6723;24.2028;22.317;-256.285;-256.676;-256.895;-256.935;-255.964;0;None;1000;None;15:15:53.514
5924;24.6684;24.2106;22.317;-256.285;-256.676;-256.895;-256.942;-255.964;0;None;1000;None;15:15:54.016
5925;24.6645;24.195;22.317;-256.285;-256.676;-256.895;-256.935;-255.956;0;None;1000;None;15:15:54.522
5926;24.6566;24.195;22.3248;-256.285;-256.676;-256.903;-256.935;-255.964;0;None;1000;None;15:15:55.016
5927;24.6566;24.195;22.317;-256.293;-256.684;-256.895;-256.935;-255.956;0;None;1000;None;15:15:55.511
5928;24.6488;24.191;22.317;-256.285;-256.676;-256.895;-256.935;-255.964;0;None;1000;None;15:15:56.009
5929;24.6488;24.191;22.317;-256.285;-256.676;-256.888;-256.927;-255.964;0;None;1000;None;15:15:56.520
5930;24.641;24.191;22.317;-256.277;-256.684;-256.903;-256.935;-255.964;0;None;1000;None;15:15:57.020
5931;24.641;24.1871;22.3248;-256.285;-256.676;-256.895;-256.942;-255.956;0;None;1000;None;15:15:57.516
5932;24.6488;24.1871;22.317;-256.285;-256.676;-256.895;-256.942;-255.964;0;None;1000;None;15:15:58.018
5933;24.641;24.1871;22.3248;-256.293;-256.676;-256.895;-256.942;-255.964;0;None;1000;None;15:15:58.521
5934;24.6332;24.1832;22.317;-256.285;-256.676;-256.888;-256.935;-255.964;0;None;1000;None;15:15:59.017
5935;24.6332;24.1832;22.317;-256.285;-256.676;-256.895;-256.942;-255.964;0;None;1000;None;15:15:59.516
5936;24.6253;24.1832;22.3248;-256.285;-256.676;-256.888;-256.935;-255.964;0;None;1000;None;15:16:00.019
5937;24.6253;24.1793;22.317;-256.277;-256.684;-256.895;-256.935;-255.956;0;None;1000;None;15:16:00.523
5938;24.6175;24.1793;22.3248;-256.285;-256.676;-256.888;-256.935;-255.964;0;None;1000;None;15:16:01.019
5939;24.6175;24.1754;22.3248;-256.277;-256.676;-256.888;-256.935;-255.964;0;None;1000;None;15:16:01.516
5940;24.6097;24.1793;22.317;-256.285;-256.676;-256.888;-256.935;-255.964;0;None;1000;None;15:16:02.014
5941;24.6097;24.1754;22.3248;-256.277;-256.676;-256.888;-256.942;-255.964;0;None;1000;None;15:16:02.509
5942;24.6019;24.1754;22.3091;-256.277;-256.676;-256.888;-256.935;-255.956;0;None;1000;None;15:16:03.021
5943;24.6019;24.1676;22.3091;-256.285;-256.676;-256.888;-256.935;-255.964;0;None;1000;None;15:16:03.514
5944;24.594;24.1676;22.3091;-256.285;-256.676;-256.895;-256.942;-255.956;0;None;1000;None;15:16:04.012
5945;24.6019;24.1676;22.3091;-256.293;-256.684;-256.888;-256.942;-255.964;0;None;1000;None;15:16:04.510
5946;24.6019;24.1676;22.3091;-256.293;-256.676;-256.888;-256.942;-255.964;0;None;1000;None;15:16:05.022
5947;24.594;24.1597;22.3091;-256.285;-256.676;-256.895;-256.942;-255.964;0;None;1000;None;15:16:05.523
5948;24.594;24.1676;22.3091;-256.293;-256.676;-256.888;-256.935;-255.956;0;None;1000;None;15:16:06.019
5949;24.5862;24.1676;22.3091;-256.285;-256.676;-256.888;-256.935;-255.964;0;None;1000;None;15:16:06.514
5950;24.5862;24.1597;22.3091;-256.285;-256.676;-256.88;-256.942;-255.964;0;None;1000;None;15:16:07.009
5951;24.5862;24.1597;22.3091;-256.285;-256.676;-256.888;-256.942;-255.964;0;None;1000;None;15:16:07.521
5952;24.5862;24.1597;22.3091;-256.285;-256.668;-256.888;-256.927;-255.964;0;None;1000;None;15:16:08.018
5953;24.5784;24.1597;22.317;-256.285;-256.684;-256.888;-256.935;-255.964;0;None;1000;None;15:16:08.512
5954;24.5784;24.1519;22.3091;-256.285;-256.676;-256.88;-256.935;-255.964;0;None;1000;None;15:16:09.009
5955;24.5706;24.1519;22.3091;-256.285;-256.684;-256.88;-256.942;-255.964;0;None;1000;None;15:16:09.521
5956;24.5706;24.1597;22.3091;-256.285;-256.676;-256.88;-256.942;-255.956;0;None;1000;None;15:16:10.016
5957;24.5627;24.1363;22.3013;-256.293;-256.676;-256.88;-256.942;-255.964;0;None;1000;None;15:16:10.521
5958;24.5627;24.1441;22.3013;-256.285;-256.676;-256.88;-256.95;-255.964;0;None;1000;None;15:16:11.016
5959;24.5549;24.1284;22.3091;-256.285;-256.684;-256.888;-256.942;-255.964;0;None;1000;None;15:16:11.523
5960;24.5549;24.1363;22.3013;-256.285;-256.684;-256.88;-256.942;-255.964;0;None;1000;None;15:16:12.020
5961;24.5393;24.1206;22.3013;-256.285;-256.684;-256.888;-256.942;-255.964;0;None;1000;None;15:16:12.516
5962;24.5471;24.1206;22.3013;-256.285;-256.684;-256.88;-256.942;-255.964;0;None;1000;None;15:16:13.022
5963;24.5471;24.1206;22.3091;-256.285;-256.676;-256.888;-256.942;-255.964;0;None;1000;None;15:16:13.510
5964;24.5471;24.1128;22.3013;-256.285;-256.684;-256.88;-256.935;-255.964;0;None;1000;None;15:16:14.022
5965;24.5471;24.1128;22.3091;-256.285;-256.684;-256.88;-256.935;-255.956;0;None;1000;None;15:16:14.519
5966;24.5314;24.1206;22.3091;-256.285;-256.684;-256.888;-256.942;-255.964;0;None;1000;None;15:16:15.016
5967;24.5393;24.1128;22.3091;-256.285;-256.684;-256.88;-256.935;-255.964;0;None;1000;None;15:16:15.513
5968;24.5314;24.1128;22.3091;-256.285;-256.684;-256.88;-256.942;-255.964;0;None;1000;None;15:16:16.009
5969;24.5314;24.1128;22.3013;-256.285;-256.684;-256.888;-256.935;-255.964;0;None;1000;None;15:16:16.521
5970;24.5236;24.1128;22.2935;-256.277;-256.684;-256.88;-256.935;-255.964;0;None;1000;None;15:16:17.021
5971;24.5314;24.0971;22.3013;-256.285;-256.684;-256.88;-256.942;-255.964;0;None;1000;None;15:16:17.514
5972;24.5236;24.105;22.2935;-256.285;-256.684;-256.88;-256.942;-255.956;0;None;1000;None;15:16:18.014
5973;24.5158;24.0971;22.3091;-256.285;-256.684;-256.888;-256.942;-255.972;0;None;1000;None;15:16:18.522
5974;24.5158;24.105;22.3091;-256.293;-256.692;-256.88;-256.935;-255.964;0;None;1000;None;15:16:19.021
5975;24.5158;24.0893;22.3013;-256.285;-256.684;-256.888;-256.935;-255.964;0;None;1000;None;15:16:19.515
5976;24.508;24.0971;22.3091;-256.285;-256.692;-256.88;-256.942;-255.964;0;None;1000;None;15:16:20.018
5977;24.5158;24.0893;22.3091;-256.285;-256.692;-256.88;-256.935;-255.964;0;None;1000;None;15:16:20.510
5978;24.508;24.0893;22.3091;-256.285;-256.684;-256.888;-256.935;-255.956;0;None;1000;None;15:16:21.020
5979;24.508;24.0893;22.3091;-256.285;-256.676;-256.88;-256.935;-255.964;0;None;1000;None;15:16:21.516
5980;24.5001;24.0815;22.3091;-256.285;-256.684;-256.888;-256.935;-255.964;0;None;1000;None;15:16:22.012
5981;24.4923;24.0815;22.3091;-256.277;-256.676;-256.88;-256.935;-255.964;0;None;1000;None;15:16:22.510
5982;24.5001;24.0893;22.3091;-256.285;-256.684;-256.888;-256.935;-255.964;0;None;1000;None;15:16:23.008
5983;24.4923;24.0815;22.317;-256.285;-256.676;-256.895;-256.935;-255.964;0;None;1000;None;15:16:23.520
5984;24.4845;24.0737;22.3091;-256.277;-256.684;-256.888;-256.927;-255.964;0;None;1000;None;15:16:24.015
5985;24.4923;24.0815;22.3091;-256.285;-256.684;-256.895;-256.935;-255.964;0;None;1000;None;15:16:24.511
5986;24.4767;24.0737;22.3091;-256.285;-256.676;-256.895;-256.927;-255.964;0;None;1000;None;15:16:25.022
5987;24.4767;24.0737;22.3091;-256.293;-256.676;-256.888;-256.935;-255.964;0;None;1000;None;15:16:25.520
5988;24.4767;24.0658;22.3091;-256.285;-256.676;-256.888;-256.927;-255.964;0;None;1000;None;15:16:26.016
5989;24.4688;24.058;22.3013;-256.277;-256.684;-256.895;-256.935;-255.964;0;None;1000;None;15:16:26.519
5990;24.4688;24.0658;22.3091;-256.285;-256.676;-256.88;-256.935;-255.972;0;None;1000;None;15:16:27.022
5991;24.4767;24.0658;22.3091;-256.285;-256.676;-256.888;-256.942;-255.964;0;None;1000;None;15:16:27.523
5992;24.4649;24.0502;22.3013;-256.285;-256.676;-256.888;-256.935;-255.964;0;None;1000;None;15:16:28.020
5993;24.4649;24.058;22.3091;-256.277;-256.676;-256.888;-256.935;-255.964;0;None;1000;None;15:16:28.517
5994;24.4688;24.058;22.3013;-256.285;-256.676;-256.895;-256.935;-255.956;0;None;1000;None;15:16:29.020
5995;24.4649;24.0502;22.3091;-256.285;-256.676;-256.888;-256.927;-255.964;0;None;1000;None;15:16:29.510
5996;24.461;24.058;22.3013;-256.285;-256.676;-256.895;-256.935;-255.964;0;None;1000;None;15:16:30.007
5997;24.461;24.058;22.2935;-256.285;-256.676;-256.888;-256.927;-255.964;0;None;1000;None;15:16:30.518
5998;24.4571;24.058;22.2935;-256.285;-256.668;-256.888;-256.935;-255.964;0;None;1000;None;15:16:31.019
5999;24.4532;24.0502;22.3013;-256.285;-256.676;-256.895;-256.935;-255.964;0;None;1000;None;15:16:31.515
6000;24.4571;24.0502;22.3091;-256.285;-256.668;-256.888;-256.935;-255.964;0;None;1000;None;15:16:32.018
6001;24.4532;24.0502;22.3091;-256.293;-256.676;-256.888;-256.935;-255.964;0;None;1000;None;15:16:32.512
6002;24.4571;24.0345;22.3091;-256.277;-256.676;-256.888;-256.935;-255.972;0;None;1000;None;15:16:33.022
6003;24.4493;24.0345;22.3013;-256.293;-256.668;-256.888;-256.942;-255.964;0;None;1000;None;15:16:33.520
6004;24.4532;24.0267;22.3013;-256.277;-256.684;-256.888;-256.942;-255.972;0;None;1000;None;15:16:34.018
6005;24.4415;24.0345;22.317;-256.293;-256.676;-256.88;-256.935;-255.964;0;None;1000;None;15:16:34.514
6006;24.4493;24.0267;22.3091;-256.285;-256.676;-256.888;-256.942;-255.964;0;None;1000;None;15:16:35.012
6007;24.4415;24.0345;22.3013;-256.285;-256.668;-256.888;-256.942;-255.972;0;None;1000;None;15:16:35.512
6008;24.4415;24.0267;22.3091;-256.285;-256.676;-256.888;-256.942;-255.972;0;None;1000;None;15:16:36.020
6009;24.4415;24.0267;22.3013;-256.285;-256.684;-256.88;-256.942;-255.964;0;None;1000;None;15:16:36.519
6010;24.4415;24.0267;22.3013;-256.285;-256.676;-256.895;-256.942;-255.964;0;None;1000;None;15:16:37.013
6011;24.4336;24.0189;22.3091;-256.285;-256.676;-256.888;-256.942;-255.964;0;None;1000;None;15:16:37.510
6012;24.4336;24.0189;22.3013;-256.285;-256.676;-256.888;-256.942;-255.964;0;None;1000;None;15:16:38.006
6013;24.4258;24.0189;22.317;-256.285;-256.676;-256.888;-256.942;-255.964;0;None;1000;None;15:16:38.518
6014;24.4336;24.0189;22.3091;-256.285;-256.676;-256.895;-256.935;-255.964;0;None;1000;None;15:16:39.018
6015;24.4258;24.0189;22.3013;-256.285;-256.676;-256.888;-256.942;-255.964;0;None;1000;None;15:16:39.510
6016;24.418;24.015;22.3091;-256.277;-256.676;-256.88;-256.942;-255.964;0;None;1000;None;15:16:40.007
6017;24.418;24.0189;22.3091;-256.285;-256.676;-256.888;-256.942;-255.964;0;None;1000;None;15:16:40.521
6018;24.418;24.0189;22.3091;-256.285;-256.676;-256.888;-256.942;-255.972;0;None;1000;None;15:16:41.017
6019;24.4101;24.0111;22.3013;-256.277;-256.676;-256.888;-256.942;-255.956;0;None;1000;None;15:16:41.514
6020;24.4101;24.0189;22.3091;-256.293;-256.668;-256.888;-256.942;-255.964;0;None;1000;None;15:16:42.013
6021;24.4101;24.0189;22.3091;-256.285;-256.676;-256.888;-256.935;-255.956;0;None;1000;None;15:16:42.522
6022;24.4101;24.015;22.3091;-256.285;-256.676;-256.888;-256.942;-255.964;0;None;1000;None;15:16:43.019
6023;24.4101;24.0189;22.317;-256.285;-256.668;-256.895;-256.942;-255.964;0;None;1000;None;15:16:43.517
6024;24.4023;24.015;22.3091;-256.285;-256.684;-256.895;-256.935;-255.964;0;None;1000;None;15:16:44.012
6025;24.4101;24.015;22.3091;-256.285;-256.676;-256.888;-256.942;-255.956;0;None;1000;None;15:16:44.513
6026;24.4101;24.015;22.3091;-256.285;-256.676;-256.888;-256.935;-255.956;0;None;1000;None;15:16:45.020
6027;24.3945;24.0111;22.3091;-256.293;-256.676;-256.895;-256.942;-255.964;0;None;1000;None;15:16:45.519
6028;24.4101;24.0111;22.3248;-256.293;-256.668;-256.888;-256.942;-255.956;0;None;1000;None;15:16:46.014
6029;24.3945;24.0072;22.317;-256.277;-256.684;-256.895;-256.935;-255.964;0;None;1000;None;15:16:46.512
6030;24.3945;24.0111;22.317;-256.285;-256.676;-256.888;-256.942;-255.964;0;None;1000;None;15:16:47.007
6031;24.3867;24.0072;22.317;-256.285;-256.668;-256.895;-256.935;-255.972;0;None;1000;None;15:16:47.521
6032;24.3867;24.0072;22.3248;-256.285;-256.684;-256.895;-256.942;-255.964;0;None;1000;None;15:16:48.016
6033;24.3867;24.0072;22.3248;-256.277;-256.676;-256.888;-256.942;-255.964;0;None;1000;None;15:16:48.513
6034;24.3788;24.0072;22.3248;-256.285;-256.668;-256.888;-256.942;-255.972;0;None;1000;None;15:16:49.020
6035;24.3867;24.0072;22.3248;-256.285;-256.676;-256.895;-256.942;-255.964;0;None;1000;None;15:16:49.523
6036;24.3867;24.0032;22.317;-256.285;-256.676;-256.888;-256.927;-255.964;0;None;1000;None;15:16:50.020
6037;24.371;24.0032;22.3248;-256.285;-256.676;-256.888;-256.942;-255.964;0;None;1000;None;15:16:50.517
6038;24.3788;23.9993;22.317;-256.285;-256.684;-256.895;-256.935;-255.964;0;None;1000;None;15:16:51.015
6039;24.3788;23.9993;22.3248;-256.285;-256.676;-256.888;-256.942;-255.972;0;None;1000;None;15:16:51.512
6040;24.3788;24.0032;22.317;-256.277;-256.668;-256.888;-256.935;-255.964;0;None;1000;None;15:16:52.015
6041;24.3788;23.9915;22.3248;-256.277;-256.676;-256.888;-256.942;-255.964;0;None;1000;None;15:16:52.520
6042;24.371;23.9993;22.3326;-256.285;-256.676;-256.888;-256.942;-255.972;0;None;1000;None;15:16:53.018
6043;24.371;23.9915;22.317;-256.277;-256.676;-256.888;-256.935;-255.964;0;None;1000;None;15:16:53.514
6044;24.371;23.9915;22.3248;-256.285;-256.684;-256.895;-256.942;-255.964;0;None;1000;None;15:16:54.025
6045;24.3632;23.9915;22.317;-256.277;-256.668;-256.88;-256.942;-255.964;0;None;1000;None;15:16:54.519
6046;24.3632;23.9915;22.317;-256.285;-256.684;-256.888;-256.942;-255.972;0;None;1000;None;15:16:55.015
6047;24.3632;23.9915;22.3248;-256.285;-256.676;-256.895;-256.935;-255.964;0;None;1000;None;15:16:55.510
6048;24.3554;23.9915;22.317;-256.277;-256.676;-256.888;-256.95;-255.972;0;None;1000;None;15:16:56.006
6049;24.3554;23.9915;22.317;-256.285;-256.676;-256.895;-256.942;-255.964;0;None;1000;None;15:16:56.518
6050;24.3554;23.9837;22.3248;-256.277;-256.676;-256.888;-256.942;-255.972;0;None;1000;None;15:16:57.018
6051;24.3632;23.9837;22.317;-256.285;-256.684;-256.888;-256.935;-255.964;0;None;1000;None;15:16:57.507
6052;24.3475;23.9837;22.317;-256.277;-256.676;-256.888;-256.942;-255.972;0;None;1000;None;15:16:58.016
6053;24.3475;23.9759;22.317;-256.277;-256.684;-256.895;-256.942;-255.964;0;None;1000;None;15:16:58.514
6054;24.3397;23.968;22.3248;-256.285;-256.676;-256.888;-256.942;-255.964;0;None;1000;None;15:16:59.020
6055;24.3397;23.9759;22.3248;-256.277;-256.684;-256.895;-256.942;-255.972;0;None;1000;None;15:16:59.508
6056;24.3319;23.9759;22.3248;-256.285;-256.684;-256.888;-256.942;-255.964;0;None;1000;None;15:17:00.021
6057;24.3397;23.968;22.3248;-256.285;-256.684;-256.888;-256.935;-255.972;0;None;1000;None;15:17:00.518
6058;24.3319;23.968;22.317;-256.277;-256.676;-256.888;-256.942;-255.964;0;None;1000;None;15:17:01.020
6059;24.3241;23.968;22.3248;-256.285;-256.684;-256.895;-256.942;-255.972;0;None;1000;None;15:17:01.513
6060;24.3241;23.9602;22.317;-256.285;-256.684;-256.888;-256.942;-255.972;0;None;1000;None;15:17:02.010
6061;24.3319;23.968;22.317;-256.277;-256.676;-256.888;-256.935;-255.972;0;None;1000;None;15:17:02.523
6062;24.3319;23.9602;22.3248;-256.285;-256.684;-256.895;-256.942;-255.972;0;None;1000;None;15:17:03.019
6063;24.3162;23.9524;22.317;-256.285;-256.684;-256.888;-256.942;-255.964;0;None;1000;None;15:17:03.519
6064;24.3241;23.9524;22.3248;-256.285;-256.684;-256.895;-256.942;-255.964;0;None;1000;None;15:17:04.020
6065;24.3241;23.9524;22.317;-256.277;-256.684;-256.888;-256.942;-255.972;0;None;1000;None;15:17:04.510
6066;24.3241;23.9602;22.317;-256.285;-256.692;-256.895;-256.95;-255.964;0;None;1000;None;15:17:05.020
6067;24.3162;23.9446;22.317;-256.277;-256.684;-256.888;-256.935;-255.972;0;None;1000;None;15:17:05.517
6068;24.3162;23.9524;22.3248;-256.277;-256.684;-256.895;-256.942;-255.972;0;None;1000;None;15:17:06.013
6069;24.3084;23.9524;22.317;-256.277;-256.684;-256.888;-256.942;-255.956;0;None;1000;None;15:17:06.510
6070;24.3162;23.9446;22.3248;-256.285;-256.676;-256.895;-256.95;-255.964;0;None;1000;None;15:17:07.022
6071;24.3006;23.9524;22.317;-256.285;-256.684;-256.895;-256.935;-255.972;0;None;1000;None;15:17:07.520
6072;24.3006;23.9446;22.317;-256.277;-256.676;-256.888;-256.942;-255.964;0;None;1000;None;15:17:08.018
6073;24.3006;23.9367;22.317;-256.285;-256.692;-256.895;-256.95;-255.964;0;None;1000;None;15:17:08.509
6074;24.3006;23.9446;22.3248;-256.285;-256.676;-256.895;-256.942;-255.964;0;None;1000;None;15:17:09.006
6075;24.3006;23.9367;22.3248;-256.285;-256.676;-256.888;-256.95;-255.964;0;None;1000;None;15:17:09.519
6076;24.2928;23.9367;22.317;-256.285;-256.684;-256.895;-256.942;-255.964;0;None;1000;None;15:17:10.016
6077;24.2928;23.9367;22.3248;-256.277;-256.676;-256.888;-256.942;-255.956;0;None;1000;None;15:17:10.513
6078;24.2928;23.9367;22.317;-256.285;-256.684;-256.895;-256.942;-255.964;0;None;1000;None;15:17:11.017
6079;24.2928;23.9367;22.3248;-256.277;-256.684;-256.895;-256.942;-255.964;0;None;1000;None;15:17:11.522
6080;24.2771;23.9289;22.3248;-256.285;-256.684;-256.888;-256.942;-255.964;0;None;1000;None;15:17:12.020
6081;24.2771;23.9367;22.3326;-256.277;-256.676;-256.895;-256.935;-255.964;0;None;1000;None;15:17:12.519
6082;24.2771;23.9289;22.317;-256.285;-256.676;-256.903;-256.942;-255.964;0;None;1000;None;15:17:13.013
6083;24.2771;23.9289;22.317;-256.277;-256.676;-256.895;-256.935;-255.956;0;None;1000;None;15:17:13.511
6084;24.2771;23.9289;22.317;-256.285;-256.684;-256.888;-256.942;-255.964;0;None;1000;None;15:17:14.012
6085;24.2615;23.9211;22.317;-256.285;-256.676;-256.888;-256.942;-255.964;0;None;1000;None;15:17:14.518
6086;24.2693;23.9289;22.3248;-256.277;-256.676;-256.888;-256.935;-255.964;0;None;1000;None;15:17:15.014
6087;24.2693;23.9211;22.317;-256.285;-256.668;-256.895;-256.942;-255.964;0;None;1000;None;15:17:15.510
6088;24.2693;23.9289;22.317;-256.277;-256.676;-256.888;-256.942;-255.964;0;None;1000;None;15:17:16.011
6089;24.2536;23.9211;22.317;-256.277;-256.668;-256.895;-256.935;-255.964;0;None;1000;None;15:17:16.518
6090;24.2615;23.9289;22.3091;-256.285;-256.676;-256.888;-256.935;-255.964;0;None;1000;None;15:17:17.020
6091;24.2615;23.9289;22.317;-256.277;-256.668;-256.895;-256.935;-255.964;0;None;1000;None;15:17:17.513
6092;24.2536;23.9211;22.317;-256.285;-256.668;-256.888;-256.935;-255.964;0;None;1000;None;15:17:18.014
6093;24.2693;23.9289;22.3091;-256.277;-256.676;-256.895;-256.935;-255.964;0;None;1000;None;15:17:18.518
6094;24.2615;23.9133;22.3091;-256.285;-256.668;-256.895;-256.935;-255.964;0;None;1000;None;15:17:19.017
6095;24.2615;23.9211;22.3013;-256.277;-256.684;-256.895;-256.942;-255.964;0;None;1000;None;15:17:19.512
6096;24.2536;23.9133;22.3013;-256.277;-256.684;-256.888;-256.935;-255.964;0;None;1000;None;15:17:20.021
6097;24.2536;23.9211;22.3013;-256.285;-256.676;-256.888;-256.942;-255.964;0;None;1000;None;15:17:20.535
6098;24.2536;23.9133;22.3091;-256.285;-256.692;-256.895;-256.942;-255.972;0;None;1000;None;15:17:21.016
6099;24.2497;23.9133;22.3013;-256.285;-256.684;-256.895;-256.942;-255.964;0;None;1000;None;15:17:21.514
6100;24.2576;23.9211;22.3013;-256.285;-256.684;-256.888;-256.942;-255.964;0;None;1000;None;15:17:22.012
6101;24.2497;23.9133;22.3013;-256.285;-256.684;-256.895;-256.95;-255.972;0;None;1000;None;15:17:22.516
6102;24.2536;23.9133;22.317;-256.285;-256.676;-256.888;-256.935;-255.956;0;None;1000;None;15:17:23.020
6103;24.2497;23.9133;22.3091;-256.277;-256.684;-256.895;-256.942;-255.964;0;None;1000;None;15:17:23.516
6104;24.2497;23.9054;22.3091;-256.285;-256.684;-256.895;-256.935;-255.964;0;None;1000;None;15:17:24.015
6105;24.2497;23.9133;22.3091;-256.293;-256.676;-256.895;-256.942;-255.964;0;None;1000;None;15:17:24.510
6106;24.2497;23.9054;22.317;-256.277;-256.684;-256.888;-256.935;-255.956;0;None;1000;None;15:17:25.020
6107;24.2458;23.9054;22.3091;-256.285;-256.684;-256.888;-256.935;-255.964;0;None;1000;None;15:17:25.519
6108;24.2458;23.9054;22.3091;-256.285;-256.676;-256.888;-256.942;-255.956;0;None;1000;None;15:17:26.014
6109;24.2419;23.8976;22.3091;-256.277;-256.684;-256.895;-256.935;-255.956;0;None;1000;None;15:17:26.512
6110;24.2419;23.9054;22.317;-256.285;-256.684;-256.888;-256.942;-255.956;0;None;1000;None;15:17:27.021
6111;24.2419;23.8976;22.3091;-256.285;-256.676;-256.888;-256.935;-255.956;0;None;1000;None;15:17:27.521
6112;24.2419;23.8976;22.3091;-256.285;-256.684;-256.888;-256.942;-255.956;0;None;1000;None;15:17:28.018
6113;24.2419;23.8976;22.3091;-256.293;-256.692;-256.888;-256.935;-255.964;0;None;1000;None;15:17:28.515
6114;24.238;23.8976;22.3091;-256.285;-256.684;-256.895;-256.942;-255.949;0;None;1000;None;15:17:29.014
6115;24.2419;23.8976;22.3091;-256.285;-256.684;-256.888;-256.95;-255.956;0;None;1000;None;15:17:29.507
6116;24.238;23.8976;22.3013;-256.285;-256.684;-256.895;-256.942;-255.956;0;None;1000;None;15:17:30.021
6117;24.238;23.8976;22.3091;-256.285;-256.676;-256.888;-256.942;-255.964;0;None;1000;None;15:17:30.519
6118;24.238;23.8898;22.3091;-256.285;-256.676;-256.888;-256.942;-255.956;0;None;1000;None;15:17:31.013
6119;24.2341;23.8976;22.3091;-256.285;-256.676;-256.888;-256.935;-255.956;0;None;1000;None;15:17:31.510
6120;24.238;23.8976;22.317;-256.285;-256.676;-256.895;-256.942;-255.956;0;None;1000;None;15:17:32.007
6121;24.2341;23.8898;22.3091;-256.285;-256.684;-256.895;-256.927;-255.956;0;None;1000;None;15:17:32.520
6122;24.2341;23.8898;22.317;-256.285;-256.676;-256.895;-256.942;-255.956;0;None;1000;None;15:17:33.017
6123;24.2341;23.882;22.3248;-256.285;-256.676;-256.888;-256.942;-255.964;0;None;1000;None;15:17:33.514
6124;24.2263;23.8898;22.3248;-256.277;-256.676;-256.895;-256.942;-255.956;0;None;1000;None;15:17:34.019
6125;24.2184;23.8741;22.3326;-256.277;-256.676;-256.888;-256.942;-255.956;0;None;1000;None;15:17:34.510
6126;24.2263;23.882;22.3248;-256.285;-256.676;-256.895;-256.935;-255.964;0;None;1000;None;15:17:35.012
6127;24.2263;23.8741;22.3326;-256.277;-256.676;-256.888;-256.935;-255.956;0;None;1000;None;15:17:35.518
6128;24.2184;23.8741;22.317;-256.277;-256.676;-256.895;-256.935;-255.956;0;None;1000;None;15:17:36.015
6129;24.2184;23.8741;22.3091;-256.277;-256.676;-256.895;-256.942;-255.964;0;None;1000;None;15:17:36.512
6130;24.2106;23.8663;22.317;-256.277;-256.676;-256.888;-256.935;-255.956;0;None;1000;None;15:17:37.021
6131;24.2184;23.8663;22.317;-256.269;-256.676;-256.895;-256.935;-255.956;0;None;1000;None;15:17:37.521
6132;24.2106;23.8741;22.317;-256.277;-256.684;-256.895;-256.935;-255.956;0;None;1000;None;15:17:38.017
6133;24.2106;23.8663;22.3091;-256.277;-256.676;-256.895;-256.935;-255.956;0;None;1000;None;15:17:38.512
6134;24.2106;23.8663;22.317;-256.277;-256.676;-256.888;-256.942;-255.964;0;None;1000;None;15:17:39.008
6135;24.2028;23.8585;22.317;-256.277;-256.684;-256.895;-256.927;-255.956;0;None;1000;None;15:17:39.520
6136;24.2028;23.8585;22.317;-256.269;-256.676;-256.888;-256.942;-255.964;0;None;1000;None;15:17:40.018
6137;24.2028;23.8585;22.317;-256.277;-256.676;-256.895;-256.935;-255.956;0;None;1000;None;15:17:40.512
6138;24.2028;23.8663;22.317;-256.269;-256.676;-256.888;-256.942;-255.956;0;None;1000;None;15:17:41.018
6139;24.2028;23.8585;22.317;-256.269;-256.684;-256.895;-256.935;-255.964;0;None;1000;None;15:17:41.522
6140;24.195;23.8507;22.3091;-256.277;-256.676;-256.895;-256.942;-255.956;0;None;1000;None;15:17:42.019
6141;24.195;23.8585;22.317;-256.277;-256.676;-256.888;-256.927;-255.964;0;None;1000;None;15:17:42.516
6142;24.195;23.8585;22.3248;-256.269;-256.676;-256.895;-256.942;-255.956;0;None;1000;None;15:17:43.015
6143;24.195;23.8507;22.317;-256.269;-256.684;-256.888;-256.935;-255.964;0;None;1000;None;15:17:43.508
6144;24.195;23.8585;22.317;-256.277;-256.676;-256.895;-256.935;-255.956;0;None;1000;None;15:17:44.014
6145;24.1871;23.8507;22.3248;-256.269;-256.676;-256.888;-256.935;-255.956;0;None;1000;None;15:17:44.517
6146;24.1871;23.8428;22.317;-256.277;-256.684;-256.895;-256.942;-255.956;0;None;1000;None;15:17:45.013
6147;24.195;23.8507;22.317;-256.277;-256.676;-256.895;-256.942;-255.956;0;None;1000;None;15:17:45.509
6148;24.1871;23.8507;22.317;-256.277;-256.676;-256.895;-256.942;-255.956;0;None;1000;None;15:17:46.006
6149;24.1871;23.8428;22.3248;-256.285;-256.668;-256.895;-256.942;-255.949;0;None;1000;None;15:17:46.518
6150;24.1793;23.8428;22.317;-256.277;-256.676;-256.888;-256.935;-255.949;0;None;1000;None;15:17:47.017
6151;24.1793;23.8428;22.3248;-256.277;-256.668;-256.895;-256.942;-255.956;0;None;1000;None;15:17:47.511
6152;24.1793;23.8507;22.317;-256.285;-256.684;-256.895;-256.935;-255.956;0;None;1000;None;15:17:48.014
6153;24.1715;23.8428;22.3248;-256.277;-256.668;-256.888;-256.935;-255.964;0;None;1000;None;15:17:48.521
6154;24.1637;23.835;22.3248;-256.277;-256.684;-256.895;-256.942;-255.956;0;None;1000;None;15:17:49.018
6155;24.1558;23.8428;22.317;-256.269;-256.676;-256.895;-256.935;-255.956;0;None;1000;None;15:17:49.515
6156;24.1558;23.835;22.317;-256.285;-256.684;-256.895;-256.942;-255.956;0;None;1000;None;15:17:50.010
6157;24.1558;23.835;22.317;-256.277;-256.676;-256.895;-256.942;-255.956;0;None;1000;None;15:17:50.510
6158;24.1558;23.835;22.317;-256.277;-256.684;-256.895;-256.942;-255.956;0;None;1000;None;15:17:51.019
6159;24.1558;23.8272;22.317;-256.269;-256.676;-256.888;-256.942;-255.964;0;None;1000;None;15:17:51.515
6160;24.1558;23.8272;22.317;-256.277;-256.684;-256.895;-256.942;-255.956;0;None;1000;None;15:17:52.021
6161;24.1558;23.8272;22.317;-256.277;-256.684;-256.895;-256.942;-255.949;0;None;1000;None;15:17:52.509
6162;24.148;23.8272;22.317;-256.277;-256.676;-256.895;-256.942;-255.956;0;None;1000;None;15:17:53.005
6163;24.148;23.8272;22.3248;-256.285;-256.676;-256.895;-256.942;-255.949;0;None;1000;None;15:17:53.518
6164;24.148;23.8272;22.317;-256.277;-256.676;-256.888;-256.942;-255.956;0;None;1000;None;15:17:54.019
6165;24.1558;23.8272;22.317;-256.277;-256.676;-256.888;-256.942;-255.956;0;None;1000;None;15:17:54.512
6166;24.1402;23.835;22.3248;-256.277;-256.676;-256.895;-256.942;-255.956;0;None;1000;None;15:17:55.008
6167;24.148;23.8272;22.317;-256.277;-256.676;-256.895;-256.95;-255.956;0;None;1000;None;15:17:55.516
6168;24.148;23.8272;22.317;-256.285;-256.676;-256.895;-256.942;-255.956;0;None;1000;None;15:17:56.015
6169;24.1402;23.8194;22.3091;-256.277;-256.676;-256.895;-256.95;-255.956;0;None;1000;None;15:17:56.504
6170;24.1558;23.8272;22.317;-256.277;-256.684;-256.895;-256.942;-255.956;0;None;1000;None;15:17:57.015
6171;24.148;23.8194;22.317;-256.285;-256.668;-256.895;-256.95;-255.964;0;None;1000;None;15:17:57.510
6172;24.148;23.8194;22.317;-256.277;-256.676;-256.895;-256.95;-255.956;0;None;1000;None;15:17:58.021
6173;24.148;23.8194;22.3091;-256.277;-256.676;-256.903;-256.95;-255.956;0;None;1000;None;15:17:58.512
6174;24.148;23.8115;22.317;-256.277;-256.676;-256.895;-256.942;-255.949;0;None;1000;None;15:17:59.009
6175;24.1402;23.8194;22.3091;-256.277;-256.684;-256.895;-256.95;-255.956;0;None;1000;None;15:17:59.519
6176;24.1402;23.8194;22.3091;-256.277;-256.676;-256.895;-256.935;-255.956;0;None;1000;None;15:18:00.015
6177;24.148;23.8272;22.3091;-256.277;-256.676;-256.903;-256.95;-255.956;0;None;1000;None;15:18:00.510
6178;24.1324;23.8194;22.3091;-256.277;-256.676;-256.895;-256.942;-255.956;0;None;1000;None;15:18:01.015
6179;24.1402;23.8115;22.317;-256.277;-256.684;-256.888;-256.942;-255.956;0;None;1000;None;15:18:01.520
6180;24.1324;23.8194;22.3091;-256.277;-256.684;-256.895;-256.95;-255.956;0;None;1000;None;15:18:02.021
6181;24.1245;23.8115;22.3091;-256.277;-256.676;-256.888;-256.95;-255.964;0;None;1000;None;15:18:02.513
6182;24.1245;23.8115;22.3091;-256.277;-256.684;-256.888;-256.95;-255.956;0;None;1000;None;15:18:03.009
6183;24.1167;23.8115;22.3091;-256.277;-256.676;-256.895;-256.942;-255.949;0;None;1000;None;15:18:03.521
6184;24.1167;23.8037;22.3091;-256.277;-256.684;-256.888;-256.942;-255.956;0;None;1000;None;15:18:04.018
6185;24.1167;23.8115;22.3091;-256.277;-256.676;-256.888;-256.942;-255.956;0;None;1000;None;15:18:04.515
6186;24.1167;23.8115;22.317;-256.269;-256.676;-256.888;-256.942;-255.956;0;None;1000;None;15:18:05.012
6187;24.1167;23.8115;22.3091;-256.277;-256.684;-256.888;-256.95;-255.956;0;None;1000;None;15:18:05.508
6188;24.1167;23.8037;22.317;-256.285;-256.676;-256.888;-256.942;-255.949;0;None;1000;None;15:18:06.020
6189;24.1245;23.8037;22.3091;-256.277;-256.684;-256.895;-256.95;-255.964;0;None;1000;None;15:18:06.518
6190;24.1167;23.8037;22.3091;-256.285;-256.684;-256.888;-256.942;-255.956;0;None;1000;None;15:18:07.017
6191;24.1089;23.8037;22.317;-256.277;-256.676;-256.888;-256.942;-255.956;0;None;1000;None;15:18:07.511
6192;24.1011;23.7998;22.3091;-256.277;-256.684;-256.895;-256.935;-255.956;0;None;1000;None;15:18:08.017
6193;24.1011;23.7998;22.3091;-256.285;-256.676;-256.895;-256.935;-255.949;0;None;1000;None;15:18:08.516
6194;24.1011;23.7998;22.3091;-256.277;-256.676;-256.888;-256.942;-255.964;0;None;1000;None;15:18:09.010
6195;24.0932;23.7959;22.317;-256.277;-256.684;-256.888;-256.942;-255.956;0;None;1000;None;15:18:09.512
6196;24.1011;23.7998;22.317;-256.277;-256.684;-256.888;-256.935;-255.956;0;None;1000;None;15:18:10.019
6197;24.1011;23.7959;22.3248;-256.277;-256.676;-256.895;-256.942;-255.956;0;None;1000;None;15:18:10.517
6198;24.1011;23.7959;22.317;-256.277;-256.684;-256.888;-256.95;-255.956;0;None;1000;None;15:18:11.019
6199;24.0932;23.7959;22.3248;-256.285;-256.684;-256.895;-256.942;-255.956;0;None;1000;None;15:18:11.511
6200;24.1011;23.7959;22.3248;-256.277;-256.684;-256.888;-256.942;-255.956;0;None;1000;None;15:18:12.008
6201;24.0932;23.792;22.317;-256.285;-256.676;-256.895;-256.935;-255.956;0;None;1000;None;15:18:12.505
6202;24.0932;23.7959;22.317;-256.285;-256.684;-256.888;-256.942;-255.956;0;None;1000;None;15:18:13.018
6203;24.1011;23.7959;22.317;-256.277;-256.676;-256.888;-256.942;-255.964;0;None;1000;None;15:18:13.519
6204;24.0932;23.7959;22.317;-256.277;-256.676;-256.888;-256.935;-255.956;0;None;1000;None;15:18:14.010
6205;24.0854;23.792;22.3091;-256.277;-256.684;-256.895;-256.942;-255.964;0;None;1000;None;15:18:14.510
6206;24.0932;23.792;22.3248;-256.285;-256.676;-256.903;-256.942;-255.964;0;None;1000;None;15:18:15.016
6207;24.0854;23.792;22.3091;-256.277;-256.684;-256.895;-256.95;-255.964;0;None;1000;None;15:18:15.514
6208;24.0932;23.7959;22.317;-256.285;-256.676;-256.895;-256.942;-255.956;0;None;1000;None;15:18:16.009
6209;24.0854;23.7959;22.317;-256.277;-256.684;-256.895;-256.95;-255.964;0;None;1000;None;15:18:16.504
6210;24.0776;23.7959;22.317;-256.285;-256.676;-256.895;-256.95;-255.964;0;None;1000;None;15:18:17.017
6211;24.0698;23.792;22.317;-256.277;-256.684;-256.895;-256.95;-255.964;0;None;1000;None;15:18:17.515
6212;24.0854;23.792;22.3091;-256.285;-256.684;-256.903;-256.935;-255.956;0;None;1000;None;15:18:18.009
6213;24.0776;23.792;22.3091;-256.285;-256.684;-256.895;-256.942;-255.964;0;None;1000;None;15:18:18.518
6214;24.0776;23.792;22.3091;-256.285;-256.684;-256.895;-256.95;-255.964;0;None;1000;None;15:18:19.019
6215;24.0776;23.792;22.3091;-256.285;-256.676;-256.895;-256.95;-255.949;0;None;1000;None;15:18:19.515
6216;24.0776;23.7881;22.3091;-256.285;-256.684;-256.903;-256.942;-255.964;0;None;1000;None;15:18:20.020
6217;24.0698;23.7881;22.3091;-256.285;-256.684;-256.895;-256.95;-255.956;0;None;1000;None;15:18:20.511
6218;24.0776;23.792;22.3091;-256.293;-256.684;-256.895;-256.942;-255.964;0;None;1000;None;15:18:21.008
6219;24.0776;23.7881;22.317;-256.285;-256.692;-256.895;-256.942;-255.964;0;None;1000;None;15:18:21.521
6220;24.0776;23.792;22.3091;-256.285;-256.684;-256.895;-256.942;-255.956;0;None;1000;None;15:18:22.018
6221;24.0776;23.7881;22.3091;-256.277;-256.676;-256.895;-256.942;-255.964;0;None;1000;None;15:18:22.516
6222;24.0698;23.792;22.3091;-256.285;-256.684;-256.895;-256.935;-255.964;0;None;1000;None;15:18:23.018
6223;24.0776;23.7881;22.3091;-256.285;-256.684;-256.895;-256.942;-255.964;0;None;1000;None;15:18:23.510
6224;24.0776;23.7881;22.3091;-256.285;-256.684;-256.903;-256.935;-255.964;0;None;1000;None;15:18:24.014
6225;24.0698;23.7881;22.3091;-256.285;-256.676;-256.895;-256.942;-255.956;0;None;1000;None;15:18:24.509
6226;24.0619;23.7841;22.3091;-256.285;-256.684;-256.888;-256.935;-255.972;0;None;1000;None;15:18:25.018
6227;24.0698;23.7881;22.3091;-256.293;-256.684;-256.895;-256.942;-255.964;0;None;1000;None;15:18:25.515
6228;24.0698;23.7881;22.3091;-256.285;-256.676;-256.895;-256.942;-255.964;0;None;1000;None;15:18:26.016
6229;24.0698;23.7841;22.3013;-256.285;-256.684;-256.895;-256.95;-255.964;0;None;1000;None;15:18:26.521
6230;24.0698;23.7841;22.3091;-256.285;-256.684;-256.888;-256.935;-255.964;0;None;1000;None;15:18:27.020
6231;24.0619;23.7841;22.3091;-256.277;-256.684;-256.888;-256.942;-255.964;0;None;1000;None;15:18:27.514
6232;24.0619;23.7841;22.3091;-256.285;-256.684;-256.895;-256.942;-255.964;0;None;1000;None;15:18:28.011
6233;24.0619;23.7841;22.3013;-256.277;-256.676;-256.888;-256.95;-255.964;0;None;1000;None;15:18:28.511
6234;24.0541;23.7763;22.3091;-256.285;-256.684;-256.888;-256.942;-255.964;0;None;1000;None;15:18:29.007
6235;24.0619;23.7841;22.3013;-256.285;-256.684;-256.888;-256.942;-255.964;0;None;1000;None;15:18:29.519
6236;24.0619;23.7841;22.3091;-256.285;-256.676;-256.888;-256.942;-255.956;0;None;1000;None;15:18:30.018
6237;24.0698;23.7802;22.3013;-256.285;-256.684;-256.88;-256.95;-255.964;0;None;1000;None;15:18:30.511
6238;24.0541;23.7763;22.3013;-256.293;-256.684;-256.888;-256.942;-255.956;0;None;1000;None;15:18:31.011
6239;24.0463;23.7841;22.3091;-256.285;-256.676;-256.895;-256.942;-255.964;0;None;1000;None;15:18:31.519
6240;24.0463;23.7763;22.3013;-256.293;-256.676;-256.888;-256.942;-255.964;0;None;1000;None;15:18:32.016
6241;24.0463;23.7685;22.3091;-256.285;-256.676;-256.88;-256.942;-255.956;0;None;1000;None;15:18:32.516
6242;24.0463;23.7763;22.3091;-256.285;-256.684;-256.888;-256.942;-255.964;0;None;1000;None;15:18:33.014
6243;24.0463;23.7841;22.3013;-256.277;-256.692;-256.888;-256.935;-255.956;0;None;1000;None;15:18:33.512
6244;24.0385;23.7763;22.3013;-256.285;-256.684;-256.888;-256.942;-255.964;0;None;1000;None;15:18:34.012
6245;24.0385;23.7763;22.3013;-256.277;-256.684;-256.888;-256.935;-255.964;0;None;1000;None;15:18:34.519
6246;24.0385;23.7763;22.3013;-256.285;-256.684;-256.888;-256.942;-255.956;0;None;1000;None;15:18:35.017
6247;24.0345;23.7763;22.3013;-256.293;-256.676;-256.888;-256.935;-255.956;0;None;1000;None;15:18:35.514
6248;24.0306;23.7685;22.3013;-256.293;-256.676;-256.888;-256.942;-255.964;0;None;1000;None;15:18:36.012
6249;24.0345;23.7763;22.3013;-256.285;-256.684;-256.888;-256.935;-255.956;0;None;1000;None;15:18:36.509
6250;24.0306;23.7763;22.3013;-256.285;-256.676;-256.888;-256.942;-255.956;0;None;1000;None;15:18:37.012
6251;24.0345;23.7685;22.3013;-256.277;-256.684;-256.895;-256.95;-255.964;0;None;1000;None;15:18:37.519
6252;24.0267;23.7685;22.3013;-256.285;-256.676;-256.888;-256.942;-255.964;0;None;1000;None;15:18:38.017
6253;24.0345;23.7685;22.3013;-256.285;-256.676;-256.888;-256.95;-255.956;0;None;1000;None;15:18:38.510
6254;24.0267;23.7763;22.3013;-256.285;-256.684;-256.888;-256.942;-255.964;0;None;1000;None;15:18:39.010
6255;24.0306;23.7685;22.3091;-256.285;-256.668;-256.888;-256.942;-255.956;0;None;1000;None;15:18:39.519
6256;24.0345;23.7685;22.3013;-256.285;-256.684;-256.895;-256.942;-255.964;0;None;1000;None;15:18:40.016
6257;24.0306;23.7607;22.3013;-256.277;-256.676;-256.888;-256.942;-255.964;0;None;1000;None;15:18:40.513
6258;24.0306;23.7607;22.3013;-256.285;-256.676;-256.895;-256.942;-255.956;0;None;1000;None;15:18:41.010
6259;24.0267;23.7685;22.3013;-256.285;-256.676;-256.888;-256.95;-255.956;0;None;1000;None;15:18:41.514
6260;24.0267;23.7607;22.2935;-256.277;-256.676;-256.888;-256.942;-255.964;0;None;1000;None;15:18:42.010
6261;24.0228;23.7607;22.3013;-256.285;-256.668;-256.888;-256.935;-255.956;0;None;1000;None;15:18:42.519
6262;24.0228;23.7607;22.3013;-256.285;-256.676;-256.888;-256.942;-255.956;0;None;1000;None;15:18:43.015
6263;24.0228;23.7607;22.3013;-256.285;-256.676;-256.888;-256.942;-255.964;0;None;1000;None;15:18:43.519
6264;24.0189;23.7528;22.3013;-256.277;-256.684;-256.888;-256.942;-255.956;0;None;1000;None;15:18:44.011
6265;24.0189;23.745;22.3013;-256.293;-256.676;-256.895;-256.935;-255.964;0;None;1000;None;15:18:44.507
6266;24.0189;23.7528;22.2935;-256.285;-256.676;-256.888;-256.927;-255.964;0;None;1000;None;15:18:45.010
6267;24.0189;23.745;22.3013;-256.293;-256.676;-256.888;-256.942;-255.964;0;None;1000;None;15:18:45.517
6268;24.0189;23.7528;22.3013;-256.285;-256.676;-256.88;-256.935;-255.956;0;None;1000;None;15:18:46.015
6269;24.0111;23.745;22.2935;-256.293;-256.684;-256.888;-256.935;-255.964;0;None;1000;None;15:18:46.517
6270;24.0189;23.745;22.3013;-256.277;-256.676;-256.888;-256.942;-255.956;0;None;1000;None;15:18:47.011
6271;24.0189;23.745;22.2935;-256.285;-256.676;-256.895;-256.942;-255.964;0;None;1000;None;15:18:47.521
6272;24.0189;23.745;22.3091;-256.285;-256.676;-256.888;-256.942;-255.964;0;None;1000;None;15:18:48.013
6273;24.0189;23.745;22.3091;-256.277;-256.684;-256.888;-256.935;-255.964;0;None;1000;None;15:18:48.517
6274;24.0111;23.745;22.3013;-256.285;-256.676;-256.888;-256.942;-255.964;0;None;1000;None;15:18:49.016
6275;24.0189;23.745;22.3091;-256.277;-256.676;-256.888;-256.927;-255.956;0;None;1000;None;15:18:49.514
6276;24.0111;23.745;22.2935;-256.269;-256.676;-256.888;-256.942;-255.956;0;None;1000;None;15:18:50.011
6277;24.0032;23.745;22.3013;-256.277;-256.684;-256.888;-256.942;-255.956;0;None;1000;None;15:18:50.506
6278;24.0189;23.745;22.2935;-256.285;-256.684;-256.895;-256.942;-255.956;0;None;1000;None;15:18:51.018
6279;24.0111;23.745;22.2935;-256.277;-256.684;-256.888;-256.935;-255.964;0;None;1000;None;15:18:51.520
6280;24.0189;23.745;22.3013;-256.285;-256.676;-256.888;-256.935;-255.964;0;None;1000;None;15:18:52.014
6281;24.0032;23.745;22.3091;-256.285;-256.684;-256.895;-256.942;-255.956;0;None;1000;None;15:18:52.509
6282;24.0032;23.7372;22.3013;-256.285;-256.676;-256.888;-256.935;-255.956;0;None;1000;None;15:18:53.019
6283;24.0111;23.745;22.3013;-256.277;-256.676;-256.888;-256.935;-255.956;0;None;1000;None;15:18:53.522
6284;24.0189;23.7372;22.3013;-256.269;-256.676;-256.888;-256.942;-255.956;0;None;1000;None;15:18:54.018
6285;24.0032;23.7372;22.3013;-256.285;-256.676;-256.888;-256.942;-255.964;0;None;1000;None;15:18:54.529
6286;24.0111;23.7294;22.3013;-256.277;-256.676;-256.895;-256.935;-255.956;0;None;1000;None;15:18:55.012
6287;24.0189;23.7372;22.3013;-256.277;-256.684;-256.88;-256.935;-255.956;0;None;1000;None;15:18:55.510
6288;24.0111;23.745;22.3013;-256.277;-256.676;-256.888;-256.942;-255.956;0;None;1000;None;15:18:56.019
6289;24.0111;23.7294;22.3013;-256.277;-256.684;-256.888;-256.942;-255.964;0;None;1000;None;15:18:56.510
6290;24.0111;23.745;22.3013;-256.277;-256.676;-256.88;-256.942;-255.956;0;None;1000;None;15:18:57.019
6291;24.0111;23.7372;22.3013;-256.277;-256.676;-256.888;-256.935;-255.964;0;None;1000;None;15:18:57.513
6292;24.0032;23.7372;22.3013;-256.277;-256.676;-256.888;-256.942;-255.964;0;None;1000;None;15:18:58.018
6293;24.0111;23.7294;22.3091;-256.277;-256.684;-256.895;-256.935;-255.964;0;None;1000;None;15:18:58.513
6294;24.0032;23.7372;22.3013;-256.277;-256.676;-256.888;-256.935;-255.964;0;None;1000;None;15:18:59.010
6295;24.0032;23.7294;22.3013;-256.277;-256.676;-256.895;-256.935;-255.964;0;None;1000;None;15:18:59.518
6296;24.0032;23.7372;22.3013;-256.285;-256.676;-256.895;-256.942;-255.972;0;None;1000;None;15:19:00.014
6297;24.0032;23.7372;22.3013;-256.277;-256.684;-256.895;-256.942;-255.964;0;None;1000;None;15:19:00.507
6298;24.0111;23.7372;22.3091;-256.269;-256.676;-256.888;-256.95;-255.964;0;None;1000;None;15:19:01.017
6299;24.0032;23.7215;22.3091;-256.277;-256.676;-256.895;-256.95;-255.964;0;None;1000;None;15:19:01.514
6300;23.9954;23.7294;22.3091;-256.277;-256.676;-256.895;-256.95;-255.964;0;None;1000;None;15:19:02.013
6301;23.9954;23.7215;22.3091;-256.277;-256.676;-256.895;-256.95;-255.972;0;None;1000;None;15:19:02.510
6302;23.9954;23.7294;22.3013;-256.277;-256.676;-256.895;-256.95;-255.964;0;None;1000;None;15:19:03.014
6303;23.9954;23.7215;22.3013;-256.277;-256.676;-256.895;-256.95;-255.964;0;None;1000;None;15:19:03.517
6304;23.9876;23.7215;22.3091;-256.285;-256.676;-256.895;-256.942;-255.964;0;None;1000;None;15:19:04.016
6305;23.9954;23.7137;22.3013;-256.277;-256.668;-256.895;-256.95;-255.964;0;None;1000;None;15:19:04.510
6306;23.9876;23.7215;22.3013;-256.277;-256.676;-256.895;-256.942;-255.964;0;None;1000;None;15:19:05.017
6307;23.9876;23.7215;22.3013;-256.277;-256.684;-256.888;-256.95;-255.964;0;None;1000;None;15:19:05.513
6308;23.9798;23.7137;22.3091;-256.277;-256.676;-256.895;-256.95;-255.956;0;None;1000;None;15:19:06.013
6309;23.9876;23.7215;22.3091;-256.277;-256.676;-256.895;-256.942;-255.956;0;None;1000;None;15:19:06.508
6310;23.9876;23.7137;22.3013;-256.269;-256.676;-256.895;-256.95;-255.964;0;None;1000;None;15:19:07.004
6311;23.9798;23.7137;22.3091;-256.277;-256.684;-256.888;-256.942;-255.956;0;None;1000;None;15:19:07.516
6312;23.9798;23.7215;22.3091;-256.269;-256.684;-256.895;-256.942;-255.956;0;None;1000;None;15:19:08.019
6313;23.9798;23.7215;22.317;-256.277;-256.668;-256.895;-256.942;-255.964;0;None;1000;None;15:19:08.512
6314;23.9798;23.7215;22.317;-256.269;-256.676;-256.888;-256.95;-255.956;0;None;1000;None;15:19:09.019
6315;23.9719;23.7215;22.3091;-256.277;-256.676;-256.895;-256.942;-255.956;0;None;1000;None;15:19:09.516
6316;23.9876;23.7215;22.3091;-256.269;-256.668;-256.895;-256.95;-255.964;0;None;1000;None;15:19:10.017
6317;23.9719;23.7215;22.3013;-256.277;-256.676;-256.888;-256.942;-255.964;0;None;1000;None;15:19:10.520
6318;23.9798;23.7215;22.317;-256.269;-256.668;-256.895;-256.95;-255.956;0;None;1000;None;15:19:11.018
6319;23.9798;23.7137;22.3091;-256.269;-256.676;-256.888;-256.95;-255.964;0;None;1000;None;15:19:11.514
6320;23.9798;23.7215;22.3091;-256.277;-256.668;-256.895;-256.942;-255.964;0;None;1000;None;15:19:12.010
6321;23.9876;23.7137;22.3013;-256.269;-256.676;-256.895;-256.942;-255.956;0;None;1000;None;15:19:12.511
6322;23.9798;23.7215;22.3091;-256.269;-256.668;-256.888;-256.935;-255.972;0;None;1000;None;15:19:13.009
6323;23.9798;23.7215;22.317;-256.277;-256.676;-256.888;-256.95;-255.964;0;None;1000;None;15:19:13.516
6324;23.9719;23.7215;22.3091;-256.269;-256.676;-256.888;-256.942;-255.964;0;None;1000;None;15:19:14.011
6325;23.9798;23.7294;22.3013;-256.277;-256.668;-256.888;-256.95;-255.956;0;None;1000;None;15:19:14.509
6326;23.9719;23.7137;22.3091;-256.269;-256.676;-256.895;-256.942;-255.964;0;None;1000;None;15:19:15.019
6327;23.9798;23.7215;22.3013;-256.277;-256.676;-256.888;-256.942;-255.964;0;None;1000;None;15:19:15.517
6328;23.9719;23.7215;22.3091;-256.277;-256.676;-256.888;-256.95;-255.972;0;None;1000;None;15:19:16.014
6329;23.9798;23.7215;22.3013;-256.277;-256.676;-256.888;-256.942;-255.964;0;None;1000;None;15:19:16.515
6330;23.9719;23.7137;22.3091;-256.285;-256.676;-256.895;-256.958;-255.964;0;None;1000;None;15:19:17.011
6331;23.9719;23.7215;22.3091;-256.277;-256.676;-256.888;-256.942;-255.972;0;None;1000;None;15:19:17.510
6332;23.9641;23.7137;22.3013;-256.277;-256.676;-256.888;-256.95;-255.964;0;None;1000;None;15:19:18.005
6333;23.9719;23.7215;22.3091;-256.277;-256.676;-256.895;-256.942;-255.964;0;None;1000;None;15:19:18.516
6334;23.9719;23.7137;22.3091;-256.285;-256.676;-256.895;-256.942;-255.964;0;None;1000;None;15:19:19.012
6335;23.9641;23.7215;22.3091;-256.277;-256.676;-256.895;-256.95;-255.964;0;None;1000;None;15:19:19.508
6336;23.9641;23.7137;22.317;-256.277;-256.676;-256.888;-256.942;-255.956;0;None;1000;None;15:19:20.018
6337;23.9641;23.7137;22.3013;-256.277;-256.676;-256.888;-256.942;-255.964;0;None;1000;None;15:19:20.518
6338;23.9563;23.7059;22.3091;-256.277;-256.676;-256.888;-256.95;-255.956;0;None;1000;None;15:19:21.015
6339;23.9563;23.7137;22.3091;-256.277;-256.676;-256.888;-256.942;-255.956;0;None;1000;None;15:19:21.511
6340;23.9641;23.7137;22.317;-256.277;-256.668;-256.888;-256.95;-255.956;0;None;1000;None;15:19:22.010
6341;23.9641;23.7059;22.3091;-256.277;-256.676;-256.888;-256.942;-255.964;0;None;1000;None;15:19:22.520
6342;23.9641;23.7137;22.3091;-256.269;-256.668;-256.888;-256.942;-255.956;0;None;1000;None;15:19:23.020
6343;23.9563;23.7059;22.3091;-256.277;-256.676;-256.888;-256.95;-255.964;0;None;1000;None;15:19:23.512
6344;23.9641;23.7215;22.3091;-256.262;-256.676;-256.895;-256.95;-255.964;0;None;1000;None;15:19:24.013
6345;23.9563;23.7137;22.3091;-256.269;-256.676;-256.895;-256.942;-255.956;0;None;1000;None;15:19:24.519
6346;23.9485;23.7059;22.317;-256.269;-256.668;-256.888;-256.95;-255.964;0;None;1000;None;15:19:25.016
6347;23.9563;23.7137;22.3091;-256.269;-256.668;-256.888;-256.942;-255.964;0;None;1000;None;15:19:25.511
6348;23.9563;23.7059;22.3091;-256.262;-256.676;-256.888;-256.942;-255.956;0;None;1000;None;15:19:26.009
6349;23.9563;23.7059;22.317;-256.269;-256.668;-256.888;-256.942;-255.964;0;None;1000;None;15:19:26.505
6350;23.9485;23.7059;22.3091;-256.269;-256.668;-256.895;-256.942;-255.964;0;None;1000;None;15:19:27.018
6351;23.9563;23.7137;22.3091;-256.269;-256.676;-256.895;-256.95;-255.956;0;None;1000;None;15:19:27.512
6352;23.9563;23.7137;22.3091;-256.269;-256.668;-256.888;-256.942;-255.956;0;None;1000;None;15:19:28.009
6353;23.9485;23.7137;22.3091;-256.269;-256.668;-256.888;-256.942;-255.956;0;None;1000;None;15:19:28.505
6354;23.9563;23.7137;22.3091;-256.269;-256.668;-256.88;-256.942;-255.964;0;None;1000;None;15:19:29.019
6355;23.9563;23.7137;22.317;-256.277;-256.676;-256.888;-256.942;-255.964;0;None;1000;None;15:19:29.518
6356;23.9485;23.7137;22.3091;-256.277;-256.668;-256.888;-256.942;-255.956;0;None;1000;None;15:19:30.010
6357;23.9485;23.7059;22.3248;-256.269;-256.668;-256.888;-256.942;-255.964;0;None;1000;None;15:19:30.520
6358;23.9485;23.7059;22.317;-256.277;-256.668;-256.895;-256.942;-255.956;0;None;1000;None;15:19:31.006
6359;23.9485;23.7059;22.3091;-256.269;-256.668;-256.88;-256.95;-255.956;0;None;1000;None;15:19:31.518
6360;23.9485;23.6981;22.317;-256.269;-256.668;-256.88;-256.95;-255.964;0;None;1000;None;15:19:32.019
6361;23.9485;23.7059;22.317;-256.269;-256.668;-256.888;-256.942;-255.956;0;None;1000;None;15:19:32.511
6362;23.9485;23.7059;22.317;-256.269;-256.668;-256.888;-256.942;-255.964;0;None;1000;None;15:19:33.009
6363;23.9485;23.7059;22.317;-256.269;-256.668;-256.888;-256.942;-255.956;0;None;1000;None;15:19:33.520
6364;23.9406;23.7059;22.317;-256.269;-256.668;-256.88;-256.942;-255.956;0;None;1000;None;15:19:34.016
6365;23.9485;23.7059;22.317;-256.277;-256.668;-256.895;-256.942;-255.956;0;None;1000;None;15:19:34.513
6366;23.9485;23.7059;22.317;-256.269;-256.661;-256.895;-256.942;-255.956;0;None;1000;None;15:19:35.018
6367;23.9406;23.7059;22.3091;-256.269;-256.668;-256.888;-256.942;-255.956;0;None;1000;None;15:19:35.505
6368;23.9485;23.7059;22.317;-256.269;-256.676;-256.895;-256.942;-255.964;0;None;1000;None;15:19:36.017
6369;23.9485;23.7059;22.3091;-256.269;-256.668;-256.895;-256.942;-255.956;0;None;1000;None;15:19:36.515
6370;23.9485;23.7059;22.3091;-256.269;-256.676;-256.888;-256.942;-255.964;0;None;1000;None;15:19:37.012
6371;23.9406;23.7059;22.3091;-256.269;-256.676;-256.888;-256.942;-255.956;0;None;1000;None;15:19:37.506
6372;23.9406;23.6981;22.317;-256.269;-256.668;-256.895;-256.942;-255.956;0;None;1000;None;15:19:38.018
6373;23.9328;23.7059;22.3091;-256.269;-256.668;-256.895;-256.942;-255.964;0;None;1000;None;15:19:38.512
6374;23.9406;23.7059;22.3091;-256.277;-256.676;-256.895;-256.942;-255.956;0;None;1000;None;15:19:39.016
6375;23.9406;23.6981;22.3091;-256.269;-256.668;-256.895;-256.942;-255.964;0;None;1000;None;15:19:39.518
6376;23.9406;23.6981;22.3091;-256.269;-256.668;-256.895;-256.95;-255.949;0;None;1000;None;15:19:40.016
6377;23.9406;23.6981;22.317;-256.277;-256.668;-256.888;-256.935;-255.964;0;None;1000;None;15:19:40.514
6378;23.9406;23.6981;22.3091;-256.269;-256.676;-256.888;-256.942;-255.964;0;None;1000;None;15:19:41.016
6379;23.9406;23.6981;22.3091;-256.262;-256.668;-256.888;-256.942;-255.956;0;None;1000;None;15:19:41.510
6380;23.9406;23.6902;22.3091;-256.269;-256.676;-256.888;-256.95;-255.956;0;None;1000;None;15:19:42.004
6381;23.9406;23.6981;22.3091;-256.269;-256.668;-256.888;-256.935;-255.956;0;None;1000;None;15:19:42.517
6382;23.9406;23.6902;22.3013;-256.269;-256.668;-256.895;-256.942;-255.949;0;None;1000;None;15:19:43.015
6383;23.9328;23.6981;22.3091;-256.269;-256.676;-256.895;-256.935;-255.956;0;None;1000;None;15:19:43.514
6384;23.9328;23.6981;22.3013;-256.269;-256.676;-256.888;-256.942;-255.956;0;None;1000;None;15:19:44.012
6385;23.9328;23.6981;22.3013;-256.269;-256.668;-256.895;-256.942;-255.956;0;None;1000;None;15:19:44.506
6386;23.925;23.6981;22.3091;-256.269;-256.676;-256.888;-256.935;-255.956;0;None;1000;None;15:19:45.018
6387;23.925;23.6981;22.3013;-256.269;-256.668;-256.895;-256.942;-255.964;0;None;1000;None;15:19:45.515
6388;23.925;23.6902;22.3013;-256.277;-256.668;-256.895;-256.942;-255.956;0;None;1000;None;15:19:46.018
6389;23.925;23.6902;22.3091;-256.269;-256.676;-256.895;-256.942;-255.956;0;None;1000;None;15:19:46.510
6390;23.925;23.6902;22.2935;-256.269;-256.676;-256.888;-256.942;-255.964;0;None;1000;None;15:19:47.019
6391;23.925;23.6902;22.3013;-256.269;-256.668;-256.895;-256.935;-255.956;0;None;1000;None;15:19:47.520
6392;23.925;23.6902;22.3013;-256.269;-256.676;-256.895;-256.942;-255.964;0;None;1000;None;15:19:48.016
6393;23.925;23.7059;22.3013;-256.269;-256.676;-256.895;-256.942;-255.956;0;None;1000;None;15:19:48.512
6394;23.9172;23.6902;22.3013;-256.262;-256.676;-256.888;-256.95;-255.964;0;None;1000;None;15:19:49.008
6395;23.9172;23.6981;22.3013;-256.277;-256.676;-256.903;-256.942;-255.956;0;None;1000;None;15:19:49.508
6396;23.9172;23.6981;22.3013;-256.269;-256.676;-256.888;-256.942;-255.964;0;None;1000;None;15:19:50.019
6397;23.925;23.6902;22.3091;-256.277;-256.676;-256.903;-256.95;-255.964;0;None;1000;None;15:19:50.519
6398;23.9172;23.6902;22.3091;-256.269;-256.668;-256.895;-256.95;-255.964;0;None;1000;None;15:19:51.019
6399;23.9172;23.6746;22.3013;-256.269;-256.676;-256.888;-256.95;-255.964;0;None;1000;None;15:19:51.511
6400;23.925;23.6902;22.3091;-256.277;-256.668;-256.895;-256.942;-255.956;0;None;1000;None;15:19:52.007
6401;23.9172;23.6824;22.3013;-256.262;-256.676;-256.903;-256.95;-255.964;0;None;1000;None;15:19:52.506
6402;23.9172;23.6824;22.3013;-256.277;-256.676;-256.895;-256.942;-255.972;0;None;1000;None;15:19:53.017
6403;23.9172;23.6902;22.3091;-256.269;-256.676;-256.888;-256.958;-255.964;0;None;1000;None;15:19:53.515
6404;23.9172;23.6824;22.3091;-256.269;-256.668;-256.903;-256.95;-255.964;0;None;1000;None;15:19:54.012
6405;23.9172;23.6902;22.3013;-256.262;-256.676;-256.895;-256.942;-255.964;0;None;1000;None;15:19:54.510
6406;23.9172;23.6824;22.3013;-256.262;-256.676;-256.895;-256.95;-255.964;0;None;1000;None;15:19:55.017
6407;23.9172;23.6902;22.3091;-256.269;-256.676;-256.895;-256.942;-255.972;0;None;1000;None;15:19:55.519
6408;23.9172;23.6902;22.3013;-256.269;-256.676;-256.895;-256.942;-255.964;0;None;1000;None;15:19:56.019
6409;23.9172;23.6824;22.3091;-256.269;-256.676;-256.895;-256.942;-255.972;0;None;1000;None;15:19:56.511
6410;23.9172;23.6824;22.3091;-256.269;-256.684;-256.903;-256.942;-255.956;0;None;1000;None;15:19:57.015
6411;23.9172;23.6824;22.3091;-256.262;-256.676;-256.895;-256.958;-255.964;0;None;1000;None;15:19:57.506
6412;23.9172;23.6824;22.3091;-256.262;-256.676;-256.903;-256.95;-255.972;0;None;1000;None;15:19:58.018
6413;23.9172;23.6824;22.3091;-256.269;-256.676;-256.895;-256.942;-255.964;0;None;1000;None;15:19:58.516
6414;23.9172;23.6824;22.3248;-256.269;-256.676;-256.895;-256.95;-255.964;0;None;1000;None;15:19:59.018
6415;23.9172;23.6824;22.3248;-256.262;-256.676;-256.895;-256.95;-255.964;0;None;1000;None;15:19:59.511
6416;23.9093;23.6902;22.317;-256.269;-256.676;-256.888;-256.958;-255.964;0;None;1000;None;15:20:00.016
6417;23.9093;23.6824;22.3248;-256.262;-256.676;-256.888;-256.95;-255.964;0;None;1000;None;15:20:00.520
6418;23.9093;23.6824;22.317;-256.269;-256.676;-256.895;-256.95;-255.972;0;None;1000;None;15:20:01.018
6419;23.9093;23.6902;22.317;-256.269;-256.668;-256.895;-256.95;-255.964;0;None;1000;None;15:20:01.518
6420;23.9172;23.6824;22.3248;-256.262;-256.676;-256.895;-256.935;-255.964;0;None;1000;None;15:20:02.015
6421;23.9015;23.6824;22.3248;-256.269;-256.676;-256.895;-256.942;-255.956;0;None;1000;None;15:20:02.504
6422;23.9093;23.6824;22.317;-256.269;-256.676;-256.895;-256.95;-255.964;0;None;1000;None;15:20:03.012
6423;23.9015;23.6746;22.317;-256.269;-256.676;-256.888;-256.95;-255.964;0;None;1000;None;15:20:03.517
6424;23.9093;23.6902;22.3248;-256.269;-256.668;-256.895;-256.95;-255.956;0;None;1000;None;15:20:04.018
6425;23.9093;23.6824;22.3248;-256.269;-256.684;-256.895;-256.942;-255.964;0;None;1000;None;15:20:04.519
6426;23.9093;23.6824;22.317;-256.262;-256.676;-256.895;-256.942;-255.964;0;None;1000;None;15:20:05.017
6427;23.9093;23.6746;22.317;-256.277;-256.676;-256.888;-256.95;-255.964;0;None;1000;None;15:20:05.518
6428;23.9015;23.6902;22.3248;-256.269;-256.676;-256.895;-256.942;-255.964;0;None;1000;None;15:20:06.019
6429;23.9093;23.6746;22.317;-256.262;-256.668;-256.895;-256.942;-255.956;0;None;1000;None;15:20:06.517
6430;23.9015;23.6746;22.3248;-256.269;-256.668;-256.895;-256.942;-255.964;0;None;1000;None;15:20:07.017
6431;23.9093;23.6902;22.3248;-256.269;-256.676;-256.895;-256.95;-255.956;0;None;1000;None;15:20:07.518
6432;23.9015;23.6824;22.317;-256.277;-256.676;-256.895;-256.942;-255.964;0;None;1000;None;15:20:08.018
6433;23.9093;23.6824;22.317;-256.269;-256.676;-256.895;-256.95;-255.964;0;None;1000;None;15:20:08.518
6434;23.8937;23.6746;22.317;-256.269;-256.668;-256.888;-256.942;-255.964;0;None;1000;None;15:20:09.018
6435;23.9015;23.6902;22.317;-256.277;-256.684;-256.888;-256.942;-255.956;0;None;1000;None;15:20:09.519
6436;23.8859;23.6824;22.317;-256.269;-256.668;-256.888;-256.95;-255.964;0;None;1000;None;15:20:10.020
6437;23.8937;23.6746;22.317;-256.269;-256.684;-256.895;-256.942;-255.964;0;None;1000;None;15:20:10.519
6438;23.9015;23.6824;22.317;-256.269;-256.676;-256.895;-256.942;-255.964;0;None;1000;None;15:20:11.018
6439;23.8937;23.6824;22.317;-256.269;-256.676;-256.888;-256.95;-255.956;0;None;1000;None;15:20:11.517
6440;23.8937;23.6746;22.3248;-256.277;-256.676;-256.895;-256.95;-255.964;0;None;1000;None;15:20:12.018
6441;23.8937;23.6824;22.317;-256.262;-256.668;-256.888;-256.95;-255.972;0;None;1000;None;15:20:12.517
6442;23.9015;23.6746;22.3248;-256.277;-256.676;-256.895;-256.958;-255.956;0;None;1000;None;15:20:13.018
6443;23.8937;23.6746;22.317;-256.269;-256.668;-256.895;-256.95;-255.964;0;None;1000;None;15:20:13.519
6444;23.8937;23.6746;22.317;-256.277;-256.668;-256.888;-256.95;-255.956;0;None;1000;None;15:20:14.017
6445;23.8937;23.6746;22.317;-256.277;-256.676;-256.895;-256.95;-255.964;0;None;1000;None;15:20:14.518
6446;23.8937;23.6668;22.317;-256.269;-256.661;-256.888;-256.95;-255.956;0;None;1000;None;15:20:15.018
6447;23.8937;23.6668;22.3091;-256.269;-256.676;-256.895;-256.95;-255.956;0;None;1000;None;15:20:15.518
6448;23.8937;23.6668;22.3248;-256.277;-256.668;-256.895;-256.942;-255.964;0;None;1000;None;15:20:16.017
6449;23.8937;23.6668;22.3091;-256.269;-256.661;-256.895;-256.958;-255.956;0;None;1000;None;15:20:16.518
6450;23.8937;23.6668;22.317;-256.269;-256.668;-256.895;-256.942;-255.964;0;None;1000;None;15:20:17.018
6451;23.9015;23.6746;22.3091;-256.269;-256.668;-256.888;-256.942;-255.964;0;None;1000;None;15:20:17.518
6452;23.8937;23.6668;22.317;-256.269;-256.668;-256.895;-256.942;-255.956;0;None;1000;None;15:20:18.018
6453;23.9015;23.6746;22.317;-256.269;-256.668;-256.888;-256.942;-255.964;0;None;1000;None;15:20:18.517
6454;23.9015;23.6746;22.3091;-256.269;-256.668;-256.895;-256.95;-255.956;0;None;1000;None;15:20:19.018
6455;23.8937;23.6746;22.317;-256.262;-256.668;-256.888;-256.95;-255.956;0;None;1000;None;15:20:19.520
6456;23.9015;23.6746;22.317;-256.269;-256.668;-256.903;-256.95;-255.964;0;None;1000;None;15:20:20.018
6457;23.9015;23.6746;22.317;-256.269;-256.668;-256.895;-256.958;-255.964;0;None;1000;None;15:20:20.519
6458;23.9015;23.6746;22.3091;-256.269;-256.676;-256.888;-256.942;-255.956;0;None;1000;None;15:20:21.017
6459;23.9015;23.6668;22.317;-256.269;-256.676;-256.895;-256.958;-255.964;0;None;1000;None;15:20:21.518
6460;23.9015;23.6668;22.317;-256.269;-256.684;-256.888;-256.95;-255.964;0;None;1000;None;15:20:22.018
6461;23.9015;23.6746;22.3091;-256.269;-256.676;-256.895;-256.958;-255.964;0;None;1000;None;15:20:22.519
6462;23.9015;23.6746;22.317;-256.262;-256.676;-256.888;-256.942;-255.956;0;None;1000;None;15:20:23.018
6463;23.9015;23.6668;22.317;-256.262;-256.676;-256.895;-256.942;-255.964;0;None;1000;None;15:20:23.519
6464;23.9015;23.6746;22.317;-256.269;-256.676;-256.895;-256.942;-255.956;0;None;1000;None;15:20:24.020
6465;23.9015;23.6668;22.317;-256.269;-256.684;-256.895;-256.942;-255.964;0;None;1000;None;15:20:24.519
6466;23.9015;23.6668;22.3091;-256.269;-256.676;-256.888;-256.942;-255.964;0;None;1000;None;15:20:25.018
6467;23.8937;23.6746;22.3248;-256.269;-256.668;-256.895;-256.942;-255.956;0;None;1000;None;15:20:25.520
6468;23.9015;23.6589;22.317;-256.262;-256.676;-256.888;-256.942;-255.964;0;None;1000;None;15:20:26.017
6469;23.9015;23.6668;22.317;-256.269;-256.684;-256.895;-256.95;-255.964;0;None;1000;None;15:20:26.523
6470;23.9015;23.6746;22.317;-256.269;-256.676;-256.888;-256.95;-255.956;0;None;1000;None;15:20:27.017
6471;23.9015;23.6668;22.317;-256.269;-256.676;-256.895;-256.95;-255.964;0;None;1000;None;15:20:27.517
6472;23.9093;23.6668;22.317;-256.269;-256.684;-256.895;-256.95;-255.964;0;None;1000;None;15:20:28.018
6473;23.8937;23.6668;22.3248;-256.277;-256.676;-256.895;-256.942;-255.956;0;None;1000;None;15:20:28.519
6474;23.9015;23.6589;22.317;-256.269;-256.676;-256.895;-256.942;-255.956;0;None;1000;None;15:20:29.018
6475;23.9015;23.6668;22.3248;-256.269;-256.676;-256.888;-256.942;-255.964;0;None;1000;None;15:20:29.518
6476;23.9093;23.6668;22.317;-256.269;-256.676;-256.888;-256.942;-255.956;0;None;1000;None;15:20:30.017
6477;23.8937;23.6668;22.317;-256.277;-256.676;-256.888;-256.942;-255.964;0;None;1000;None;15:20:30.519
6478;23.9015;23.6668;22.317;-256.262;-256.676;-256.88;-256.942;-255.956;0;None;1000;None;15:20:31.018
6479;23.8937;23.6668;22.317;-256.269;-256.676;-256.888;-256.95;-255.964;0;None;1000;None;15:20:31.519
6480;23.9015;23.6668;22.317;-256.262;-256.676;-256.88;-256.942;-255.956;0;None;1000;None;15:20:32.018
6481;23.9015;23.6589;22.3248;-256.269;-256.676;-256.888;-256.95;-255.956;0;None;1000;None;15:20:32.518
6482;23.9015;23.6668;22.3248;-256.269;-256.676;-256.888;-256.95;-255.964;0;None;1000;None;15:20:33.018
6483;23.9015;23.6668;22.3248;-256.262;-256.676;-256.888;-256.935;-255.956;0;None;1000;None;15:20:33.517
6484;23.9015;23.6746;22.317;-256.277;-256.676;-256.88;-256.95;-255.972;0;None;1000;None;15:20:34.017
6485;23.8937;23.6668;22.317;-256.269;-256.668;-256.888;-256.942;-255.956;0;None;1000;None;15:20:34.518
6486;23.9015;23.6668;22.317;-256.269;-256.676;-256.88;-256.95;-255.964;0;None;1000;None;15:20:35.018
6487;23.8937;23.6668;22.3248;-256.269;-256.676;-256.888;-256.95;-255.956;0;None;1000;None;15:20:35.518
6488;23.8937;23.6746;22.3248;-256.269;-256.668;-256.88;-256.942;-255.964;0;None;1000;None;15:20:36.018
6489;23.9015;23.6746;22.3326;-256.269;-256.676;-256.888;-256.95;-255.956;0;None;1000;None;15:20:36.518
6490;23.8859;23.6746;22.317;-256.269;-256.684;-256.88;-256.95;-255.964;0;None;1000;None;15:20:37.017
6491;23.8937;23.6746;22.3248;-256.269;-256.676;-256.888;-256.942;-255.956;0;None;1000;None;15:20:37.519
6492;23.8937;23.6668;22.3248;-256.262;-256.676;-256.88;-256.95;-255.956;0;None;1000;None;15:20:38.019
6493;23.8937;23.6746;22.317;-256.269;-256.676;-256.888;-256.942;-255.964;0;None;1000;None;15:20:38.518
6494;23.8937;23.6746;22.3248;-256.269;-256.676;-256.888;-256.95;-255.956;0;None;1000;None;15:20:39.018
6495;23.9015;23.6824;22.317;-256.269;-256.676;-256.888;-256.942;-255.964;0;None;1000;None;15:20:39.517
6496;23.8937;23.6668;22.3326;-256.269;-256.676;-256.888;-256.942;-255.964;0;None;1000;None;15:20:40.018
6497;23.9015;23.6746;22.3248;-256.269;-256.668;-256.888;-256.942;-255.956;0;None;1000;None;15:20:40.518
6498;23.9015;23.6824;22.3248;-256.269;-256.676;-256.888;-256.942;-255.956;0;None;1000;None;15:20:41.017
6499;23.8859;23.6746;22.3248;-256.269;-256.684;-256.88;-256.95;-255.956;0;None;1000;None;15:20:41.518
6500;23.8937;23.6746;22.3326;-256.269;-256.676;-256.888;-256.942;-255.964;0;None;1000;None;15:20:42.018
6501;23.8859;23.6746;22.3248;-256.262;-256.676;-256.88;-256.95;-255.956;0;None;1000;None;15:20:42.518
6502;23.8937;23.6824;22.3248;-256.269;-256.668;-256.888;-256.95;-255.956;0;None;1000;None;15:20:43.017
6503;23.8937;23.6746;22.3248;-256.277;-256.676;-256.88;-256.942;-255.956;0;None;1000;None;15:20:43.517
6504;23.8937;23.6746;22.3326;-256.269;-256.676;-256.888;-256.95;-255.964;0;None;1000;None;15:20:44.017
6505;23.8859;23.6746;22.3248;-256.269;-256.676;-256.888;-256.95;-255.956;0;None;1000;None;15:20:44.518
6506;23.8937;23.6746;22.3248;-256.277;-256.676;-256.88;-256.95;-255.956;0;None;1000;None;15:20:45.017
6507;23.8937;23.6746;22.3248;-256.269;-256.676;-256.88;-256.942;-255.956;0;None;1000;None;15:20:45.518
6508;23.8859;23.6668;22.3248;-256.269;-256.676;-256.888;-256.95;-255.949;0;None;1000;None;15:20:46.017
6509;23.8937;23.6668;22.3248;-256.269;-256.676;-256.88;-256.942;-255.964;0;None;1000;None;15:20:46.517
6510;23.878;23.6668;22.3248;-256.277;-256.676;-256.88;-256.95;-255.956;0;None;1000;None;15:20:47.017
6511;23.8859;23.6746;22.3326;-256.269;-256.668;-256.88;-256.95;-255.956;0;None;1000;None;15:20:47.519
6512;23.8859;23.6824;22.3248;-256.269;-256.676;-256.888;-256.95;-255.956;0;None;1000;None;15:20:48.017
6513;23.8937;23.6746;22.3326;-256.277;-256.684;-256.88;-256.95;-255.964;0;None;1000;None;15:20:48.518
6514;23.8859;23.6746;22.3326;-256.269;-256.676;-256.888;-256.942;-255.956;0;None;1000;None;15:20:49.019
6515;23.878;23.6746;22.3248;-256.277;-256.676;-256.888;-256.942;-255.964;0;None;1000;None;15:20:49.518
6516;23.8859;23.6824;22.3326;-256.277;-256.668;-256.88;-256.95;-255.964;0;None;1000;None;15:20:50.017
6517;23.878;23.6746;22.3326;-256.277;-256.676;-256.888;-256.942;-255.956;0;None;1000;None;15:20:50.519
6518;23.8859;23.6824;22.3326;-256.277;-256.676;-256.888;-256.95;-255.964;0;None;1000;None;15:20:51.017
6519;23.878;23.6746;22.3326;-256.269;-256.676;-256.888;-256.95;-255.964;0;None;1000;None;15:20:51.518
6520;23.8859;23.6746;22.3326;-256.277;-256.676;-256.88;-256.942;-255.956;0;None;1000;None;15:20:52.018
6521;23.878;23.6824;22.3404;-256.277;-256.668;-256.88;-256.95;-255.949;0;None;1000;None;15:20:52.519
6522;23.8859;23.6668;22.3404;-256.277;-256.676;-256.88;-256.942;-255.956;0;None;1000;None;15:20:53.018
6523;23.8859;23.6824;22.3404;-256.269;-256.676;-256.88;-256.942;-255.949;0;None;1000;None;15:20:53.519
6524;23.8859;23.6668;22.3404;-256.269;-256.668;-256.888;-256.942;-255.949;0;None;1000;None;15:20:54.017
6525;23.8859;23.6746;22.3404;-256.269;-256.676;-256.88;-256.935;-255.964;0;None;1000;None;15:20:54.519
6526;23.878;23.6746;22.3404;-256.269;-256.676;-256.88;-256.942;-255.956;0;None;1000;None;15:20:55.018
6527;23.8859;23.6746;22.3326;-256.269;-256.676;-256.888;-256.942;-255.956;0;None;1000;None;15:20:55.518
6528;23.8859;23.6746;22.3326;-256.277;-256.668;-256.888;-256.942;-255.956;0;None;1000;None;15:20:56.018
6529;23.8859;23.6746;22.3404;-256.269;-256.668;-256.888;-256.935;-255.956;0;None;1000;None;15:20:56.518
6530;23.878;23.6824;22.3326;-256.269;-256.676;-256.888;-256.942;-255.956;0;None;1000;None;15:20:57.017
6531;23.878;23.6746;22.3326;-256.277;-256.676;-256.888;-256.942;-255.964;0;None;1000;None;15:20:57.516
6532;23.8859;23.6746;22.3326;-256.277;-256.676;-256.88;-256.942;-255.956;0;None;1000;None;15:20:58.018
6533;23.8859;23.6746;22.3248;-256.277;-256.668;-256.888;-256.95;-255.956;0;None;1000;None;15:20:58.517
6534;23.8859;23.6746;22.3248;-256.277;-256.676;-256.888;-256.95;-255.956;0;None;1000;None;15:20:59.016
6535;23.878;23.6824;22.3248;-256.277;-256.668;-256.88;-256.942;-255.956;0;None;1000;None;15:20:59.517
6536;23.8859;23.6824;22.3248;-256.277;-256.684;-256.888;-256.95;-255.949;0;None;1000;None;15:21:00.017
6537;23.878;23.6824;22.3248;-256.285;-256.676;-256.888;-256.942;-255.964;0;None;1000;None;15:21:00.517
6538;23.8859;23.6824;22.3248;-256.277;-256.676;-256.88;-256.942;-255.949;0;None;1000;None;15:21:01.017
6539;23.878;23.6824;22.3248;-256.277;-256.676;-256.888;-256.942;-255.956;0;None;1000;None;15:21:01.518
6540;23.8859;23.6902;22.3248;-256.277;-256.668;-256.88;-256.95;-255.949;0;None;1000;None;15:21:02.019
6541;23.8859;23.6902;22.317;-256.285;-256.676;-256.888;-256.942;-255.956;0;None;1000;None;15:21:02.519
6542;23.8859;23.6824;22.3248;-256.277;-256.676;-256.888;-256.95;-255.949;0;None;1000;None;15:21:03.017
6543;23.8937;23.6746;22.3248;-256.277;-256.676;-256.888;-256.942;-255.956;0;None;1000;None;15:21:03.518
6544;23.8859;23.6824;22.3248;-256.277;-256.676;-256.888;-256.935;-255.956;0;None;1000;None;15:21:04.016
6545;23.8859;23.6746;22.3326;-256.277;-256.668;-256.888;-256.942;-255.956;0;None;1000;None;15:21:04.519
6546;23.878;23.6824;22.3248;-256.285;-256.668;-256.888;-256.942;-255.956;0;None;1000;None;15:21:05.019
6547;23.8859;23.6824;22.3326;-256.277;-256.676;-256.88;-256.95;-255.956;0;None;1000;None;15:21:05.517
6548;23.8859;23.6902;22.3326;-256.285;-256.676;-256.872;-256.95;-255.949;0;None;1000;None;15:21:06.018
6549;23.8859;23.6824;22.3326;-256.277;-256.676;-256.88;-256.95;-255.964;0;None;1000;None;15:21:06.519
6550;23.878;23.6746;22.3248;-256.277;-256.676;-256.888;-256.942;-255.956;0;None;1000;None;15:21:07.017
6551;23.8937;23.6902;22.3091;-256.285;-256.668;-256.88;-256.942;-255.956;0;None;1000;None;15:21:07.517
6552;23.8859;23.6824;22.3091;-256.277;-256.676;-256.88;-256.942;-255.956;0;None;1000;None;15:21:08.017
6553;23.878;23.6902;22.3091;-256.277;-256.676;-256.88;-256.942;-255.956;0;None;1000;None;15:21:08.518
6554;23.8859;23.6824;22.3091;-256.285;-256.684;-256.88;-256.95;-255.956;0;None;1000;None;15:21:09.017
6555;23.878;23.6824;22.317;-256.277;-256.676;-256.888;-256.95;-255.964;0;None;1000;None;15:21:09.518
6556;23.878;23.6824;22.3091;-256.277;-256.676;-256.888;-256.942;-255.956;0;None;1000;None;15:21:10.019
6557;23.878;23.6824;22.3091;-256.277;-256.676;-256.888;-256.95;-255.956;0;None;1000;None;15:21:10.520
6558;23.8702;23.6824;22.3091;-256.277;-256.676;-256.888;-256.942;-255.956;0;None;1000;None;15:21:11.016
6559;23.878;23.6824;22.3091;-256.285;-256.676;-256.888;-256.942;-255.956;0;None;1000;None;15:21:11.517
6560;23.8859;23.6824;22.3091;-256.277;-256.676;-256.88;-256.95;-255.956;0;None;1000;None;15:21:12.017
6561;23.878;23.6824;22.3091;-256.285;-256.684;-256.888;-256.935;-255.956;0;None;1000;None;15:21:12.519
6562;23.8859;23.6824;22.3091;-256.277;-256.668;-256.888;-256.95;-255.956;0;None;1000;None;15:21:13.017
6563;23.8859;23.6824;22.317;-256.285;-256.676;-256.888;-256.942;-255.956;0;None;1000;None;15:21:13.521
6564;23.878;23.6902;22.3091;-256.277;-256.676;-256.88;-256.942;-255.964;0;None;1000;None;15:21:14.017
6565;23.8859;23.6746;22.3091;-256.285;-256.676;-256.888;-256.942;-255.956;0;None;1000;None;15:21:14.517
6566;23.878;23.6824;22.3013;-256.277;-256.668;-256.88;-256.942;-255.956;0;None;1000;None;15:21:15.017
6567;23.8859;23.6824;22.3091;-256.285;-256.676;-256.88;-256.935;-255.956;0;None;1000;None;15:21:15.517
6568;23.8859;23.6824;22.3091;-256.277;-256.684;-256.88;-256.942;-255.949;0;None;1000;None;15:21:16.017
6569;23.8859;23.6824;22.3091;-256.277;-256.668;-256.88;-256.935;-255.949;0;None;1000;None;15:21:16.518
6570;23.8859;23.6902;22.3091;-256.285;-256.668;-256.88;-256.95;-255.964;0;None;1000;None;15:21:17.017
6571;23.8937;23.6902;22.317;-256.277;-256.676;-256.88;-256.942;-255.949;0;None;1000;None;15:21:17.518
6572;23.8859;23.6824;22.317;-256.285;-256.676;-256.88;-256.95;-255.956;0;None;1000;None;15:21:18.019
6573;23.8859;23.6902;22.3091;-256.277;-256.676;-256.88;-256.95;-255.956;0;None;1000;None;15:21:18.518
6574;23.8937;23.6824;22.3248;-256.277;-256.676;-256.888;-256.942;-255.956;0;None;1000;None;15:21:19.017
6575;23.8859;23.6902;22.3091;-256.277;-256.668;-256.888;-256.958;-255.956;0;None;1000;None;15:21:19.517
6576;23.8859;23.6824;22.317;-256.269;-256.676;-256.888;-256.942;-255.964;0;None;1000;None;15:21:20.017
6577;23.878;23.6902;22.3091;-256.285;-256.676;-256.88;-256.942;-255.956;0;None;1000;None;15:21:20.519
6578;23.878;23.6824;22.3091;-256.277;-256.668;-256.888;-256.942;-255.956;0;None;1000;None;15:21:21.016
6579;23.8859;23.6981;22.317;-256.277;-256.684;-256.88;-256.942;-255.964;0;None;1000;None;15:21:21.518
6580;23.8859;23.6902;22.3091;-256.277;-256.668;-256.88;-256.95;-255.956;0;None;1000;None;15:21:22.017
6581;23.8937;23.6902;22.3248;-256.277;-256.676;-256.888;-256.942;-255.964;0;None;1000;None;15:21:22.517
6582;23.8937;23.6902;22.3091;-256.277;-256.676;-256.888;-256.942;-255.964;0;None;1000;None;15:21:23.016
6583;23.8859;23.6981;22.317;-256.269;-256.676;-256.88;-256.935;-255.964;0;None;1000;None;15:21:23.518
6584;23.8859;23.6902;22.3091;-256.277;-256.676;-256.888;-256.942;-255.964;0;None;1000;None;15:21:24.016
6585;23.8859;23.6981;22.317;-256.277;-256.668;-256.888;-256.935;-255.964;0;None;1000;None;15:21:24.518
6586;23.8859;23.6981;22.317;-256.277;-256.676;-256.88;-256.942;-255.964;0;None;1000;None;15:21:25.016
6587;23.8859;23.7059;22.317;-256.277;-256.668;-256.888;-256.942;-255.964;0;None;1000;None;15:21:25.519
6588;23.878;23.6981;22.3248;-256.277;-256.676;-256.888;-256.95;-255.956;0;None;1000;None;15:21:26.016
6589;23.8859;23.7059;22.317;-256.277;-256.676;-256.888;-256.942;-255.964;0;None;1000;None;15:21:26.519
6590;23.878;23.6981;22.3326;-256.277;-256.668;-256.895;-256.942;-255.956;0;None;1000;None;15:21:27.017
6591;23.8702;23.6981;22.3248;-256.277;-256.676;-256.888;-256.942;-255.956;0;None;1000;None;15:21:27.518
6592;23.878;23.6902;22.3248;-256.269;-256.668;-256.888;-256.942;-255.956;0;None;1000;None;15:21:28.018
6593;23.878;23.6981;22.3248;-256.269;-256.676;-256.888;-256.942;-255.956;0;None;1000;None;15:21:28.516
6594;23.8702;23.6981;22.3248;-256.269;-256.668;-256.888;-256.942;-255.956;0;None;1000;None;15:21:29.017
6595;23.8702;23.6981;22.317;-256.269;-256.668;-256.888;-256.942;-255.956;0;None;1000;None;15:21:29.518
6596;23.878;23.6981;22.3248;-256.277;-256.676;-256.895;-256.95;-255.964;0;None;1000;None;15:21:30.016
6597;23.878;23.6981;22.3248;-256.277;-256.676;-256.888;-256.958;-255.956;0;None;1000;None;15:21:30.518
6598;23.878;23.6902;22.3326;-256.277;-256.684;-256.888;-256.942;-255.956;0;None;1000;None;15:21:31.016
6599;23.8702;23.6981;22.3326;-256.277;-256.676;-256.888;-256.95;-255.949;0;None;1000;None;15:21:31.518
6600;23.878;23.6981;22.3248;-256.269;-256.668;-256.895;-256.95;-255.956;0;None;1000;None;15:21:32.018
6601;23.8859;23.6902;22.3326;-256.277;-256.676;-256.888;-256.942;-255.949;0;None;1000;None;15:21:32.518
6602;23.878;23.7059;22.3248;-256.277;-256.676;-256.888;-256.942;-255.956;0;None;1000;None;15:21:33.018
6603;23.8859;23.6981;22.3404;-256.269;-256.676;-256.888;-256.95;-255.956;0;None;1000;None;15:21:33.519
6604;23.878;23.6902;22.3248;-256.277;-256.684;-256.888;-256.942;-255.956;0;None;1000;None;15:21:34.018
6605;23.8859;23.6981;22.3248;-256.269;-256.684;-256.888;-256.95;-255.956;0;None;1000;None;15:21:34.518
6606;23.878;23.6981;22.3248;-256.277;-256.676;-256.895;-256.95;-255.949;0;None;1000;None;15:21:35.017
6607;23.8702;23.6902;22.3326;-256.277;-256.684;-256.888;-256.942;-255.956;0;None;1000;None;15:21:35.519
6608;23.8859;23.6981;22.3326;-256.277;-256.684;-256.888;-256.95;-255.956;0;None;1000;None;15:21:36.018
6609;23.878;23.6981;22.3404;-256.269;-256.684;-256.888;-256.95;-255.956;0;None;1000;None;15:21:36.518
6610;23.8859;23.6981;22.3326;-256.277;-256.676;-256.888;-256.942;-255.956;0;None;1000;None;15:21:37.018
6611;23.878;23.6981;22.3404;-256.277;-256.676;-256.888;-256.95;-255.956;0;None;1000;None;15:21:37.518
6612;23.8859;23.6981;22.3483;-256.277;-256.676;-256.888;-256.942;-255.956;0;None;1000;None;15:21:38.016
6613;23.878;23.6981;22.3404;-256.277;-256.684;-256.888;-256.95;-255.956;0;None;1000;None;15:21:38.518
6614;23.878;23.6902;22.3483;-256.277;-256.684;-256.895;-256.942;-255.956;0;None;1000;None;15:21:39.017
6615;23.878;23.6981;22.3483;-256.277;-256.676;-256.888;-256.942;-255.956;0;None;1000;None;15:21:39.518
6616;23.8702;23.6981;22.3404;-256.269;-256.684;-256.895;-256.942;-255.956;0;None;1000;None;15:21:40.018
6617;23.878;23.7059;22.3483;-256.285;-256.676;-256.888;-256.95;-255.956;0;None;1000;None;15:21:40.519
6618;23.8702;23.6981;22.3404;-256.277;-256.684;-256.888;-256.942;-255.964;0;None;1000;None;15:21:41.016
6619;23.8702;23.6981;22.3483;-256.277;-256.676;-256.888;-256.95;-255.964;0;None;1000;None;15:21:41.518
6620;23.8702;23.7059;22.3483;-256.285;-256.684;-256.888;-256.942;-255.956;0;None;1000;None;15:21:42.016
6621;23.8702;23.6981;22.3404;-256.277;-256.692;-256.895;-256.95;-255.956;0;None;1000;None;15:21:42.518
6622;23.8702;23.6981;22.3404;-256.285;-256.684;-256.888;-256.95;-255.956;0;None;1000;None;15:21:43.017
6623;23.8702;23.6902;22.3404;-256.277;-256.684;-256.895;-256.95;-255.956;0;None;1000;None;15:21:43.518
6624;23.8702;23.6981;22.3404;-256.285;-256.676;-256.888;-256.958;-255.964;0;None;1000;None;15:21:44.016
6625;23.8624;23.6902;22.3483;-256.285;-256.684;-256.895;-256.942;-255.956;0;None;1000;None;15:21:44.518
6626;23.8624;23.6981;22.3404;-256.285;-256.684;-256.888;-256.942;-255.964;0;None;1000;None;15:21:45.017
6627;23.8624;23.6981;22.3404;-256.277;-256.684;-256.895;-256.942;-255.956;0;None;1000;None;15:21:45.519
6628;23.8546;23.6981;22.3483;-256.285;-256.692;-256.895;-256.95;-255.956;0;None;1000;None;15:21:46.017
6629;23.8546;23.6981;22.3483;-256.277;-256.692;-256.895;-256.95;-255.964;0;None;1000;None;15:21:46.517
6630;23.8624;23.6902;22.3404;-256.277;-256.684;-256.888;-256.95;-255.964;0;None;1000;None;15:21:47.017
6631;23.8546;23.6981;22.3404;-256.277;-256.684;-256.888;-256.942;-255.964;0;None;1000;None;15:21:47.518
6632;23.8546;23.6981;22.3404;-256.285;-256.692;-256.895;-256.942;-255.956;0;None;1000;None;15:21:48.016
6633;23.8467;23.6981;22.3483;-256.277;-256.684;-256.888;-256.942;-255.964;0;None;1000;None;15:21:48.517
6634;23.8546;23.6981;22.3404;-256.277;-256.684;-256.895;-256.942;-255.964;0;None;1000;None;15:21:49.017
6635;23.8546;23.6981;22.3404;-256.277;-256.692;-256.888;-256.95;-255.972;0;None;1000;None;15:21:49.517
6636;23.8546;23.6902;22.3404;-256.285;-256.684;-256.888;-256.95;-255.964;0;None;1000;None;15:21:50.018
6637;23.8546;23.6981;22.3404;-256.277;-256.684;-256.888;-256.95;-255.972;0;None;1000;None;15:21:50.518
6638;23.8546;23.6902;22.3404;-256.277;-256.676;-256.888;-256.942;-255.972;0;None;1000;None;15:21:51.017
6639;23.8546;23.6981;22.3326;-256.285;-256.684;-256.888;-256.942;-255.964;0;None;1000;None;15:21:51.518
6640;23.8546;23.6902;22.3404;-256.277;-256.684;-256.888;-256.95;-255.972;0;None;1000;None;15:21:52.016
6641;23.8546;23.6981;22.3326;-256.277;-256.684;-256.888;-256.942;-255.972;0;None;1000;None;15:21:52.519
6642;23.8624;23.6981;22.3326;-256.285;-256.676;-256.888;-256.95;-255.964;0;None;1000;None;15:21:53.016
6643;23.8546;23.6981;22.3404;-256.277;-256.676;-256.888;-256.942;-255.964;0;None;1000;None;15:21:53.518
6644;23.8624;23.6902;22.3326;-256.277;-256.684;-256.88;-256.95;-255.972;0;None;1000;None;15:21:54.018
6645;23.8702;23.6902;22.3326;-256.285;-256.676;-256.88;-256.95;-255.964;0;None;1000;None;15:21:54.518
6646;23.8546;23.6981;22.3404;-256.277;-256.684;-256.888;-256.95;-255.956;0;None;1000;None;15:21:55.018
6647;23.8702;23.6981;22.3404;-256.285;-256.676;-256.888;-256.942;-255.964;0;None;1000;None;15:21:55.518
6648;23.8546;23.6981;22.3404;-256.277;-256.676;-256.88;-256.95;-255.956;0;None;1000;None;15:21:56.017
6649;23.8624;23.6981;22.3404;-256.277;-256.684;-256.888;-256.95;-255.964;0;None;1000;None;15:21:56.517
6650;23.8624;23.6981;22.3404;-256.285;-256.684;-256.888;-256.95;-255.956;0;None;1000;None;15:21:57.016
6651;23.8546;23.6981;22.3404;-256.277;-256.676;-256.88;-256.95;-255.964;0;None;1000;None;15:21:57.517
6652;23.8624;23.6981;22.3404;-256.277;-256.684;-256.888;-256.95;-255.964;0;None;1000;None;15:21:58.016
6653;23.8624;23.6981;22.3404;-256.277;-256.684;-256.888;-256.942;-255.964;0;None;1000;None;15:21:58.516
6654;23.8702;23.6981;22.3326;-256.277;-256.692;-256.888;-256.942;-255.964;0;None;1000;None;15:21:59.017
6655;23.8624;23.6981;22.3404;-256.277;-256.684;-256.888;-256.95;-255.964;0;None;1000;None;15:21:59.516
6656;23.8624;23.6902;22.3404;-256.285;-256.684;-256.88;-256.942;-255.972;0;None;1000;None;15:22:00.015
6657;23.8546;23.6902;22.3404;-256.277;-256.684;-256.895;-256.935;-255.964;0;None;1000;None;15:22:00.517
6658;23.8702;23.6981;22.3326;-256.277;-256.684;-256.888;-256.942;-255.964;0;None;1000;None;15:22:01.018
6659;23.8546;23.6981;22.3404;-256.285;-256.684;-256.895;-256.942;-255.964;0;None;1000;None;15:22:01.517
6660;23.8624;23.6902;22.3326;-256.277;-256.676;-256.888;-256.942;-255.964;0;None;1000;None;15:22:02.016
6661;23.8702;23.6981;22.3404;-256.277;-256.676;-256.895;-256.935;-255.972;0;None;1000;None;15:22:02.517
6662;23.8702;23.6981;22.3326;-256.285;-256.676;-256.895;-256.935;-255.972;0;None;1000;None;15:22:03.017
6663;23.8702;23.6902;22.3326;-256.285;-256.676;-256.888;-256.935;-255.964;0;None;1000;None;15:22:03.517
6664;23.8624;23.6981;22.3326;-256.277;-256.676;-256.895;-256.935;-255.964;0;None;1000;None;15:22:04.016
6665;23.8702;23.6981;22.3404;-256.277;-256.684;-256.888;-256.935;-255.964;0;None;1000;None;15:22:04.517
6666;23.8702;23.6902;22.3326;-256.277;-256.676;-256.895;-256.942;-255.964;0;None;1000;None;15:22:05.018
6667;23.8702;23.6981;22.3326;-256.277;-256.684;-256.895;-256.935;-255.964;0;None;1000;None;15:22:05.517
6668;23.8702;23.6902;22.3404;-256.277;-256.676;-256.888;-256.942;-255.964;0;None;1000;None;15:22:06.016
6669;23.8702;23.6981;22.3326;-256.285;-256.676;-256.888;-256.942;-255.964;0;None;1000;None;15:22:06.517
6670;23.8702;23.6981;22.3248;-256.277;-256.676;-256.895;-256.95;-255.964;0;None;1000;None;15:22:07.016
6671;23.8624;23.6902;22.3326;-256.277;-256.676;-256.895;-256.958;-255.956;0;None;1000;None;15:22:07.517
6672;23.8702;23.6902;22.3326;-256.277;-256.668;-256.888;-256.942;-255.956;0;None;1000;None;15:22:08.016
6673;23.8702;23.6902;22.3248;-256.285;-256.676;-256.895;-256.942;-255.964;0;None;1000;None;15:22:08.517
6674;23.8624;23.6824;22.3326;-256.277;-256.676;-256.888;-256.942;-255.964;0;None;1000;None;15:22:09.017
6675;23.8702;23.6902;22.3248;-256.269;-256.676;-256.895;-256.942;-255.956;0;None;1000;None;15:22:09.517
6676;23.8624;23.6824;22.3326;-256.277;-256.676;-256.888;-256.935;-255.964;0;None;1000;None;15:22:10.016
6677;23.8624;23.6746;22.3248;-256.285;-256.684;-256.888;-256.942;-255.964;0;None;1000;None;15:22:10.518
6678;23.8624;23.6824;22.3326;-256.277;-256.676;-256.888;-256.942;-255.956;0;None;1000;None;15:22:11.016
6679;23.8624;23.6902;22.3248;-256.277;-256.676;-256.888;-256.95;-255.964;0;None;1000;None;15:22:11.518
6680;23.8702;23.6824;22.3326;-256.277;-256.684;-256.888;-256.942;-255.972;0;None;1000;None;15:22:12.017
6681;23.8546;23.6824;22.3248;-256.285;-256.684;-256.895;-256.942;-255.956;0;None;1000;None;15:22:12.518
6682;23.8624;23.6824;22.3248;-256.277;-256.676;-256.895;-256.95;-255.964;0;None;1000;None;15:22:13.016
6683;23.8624;23.6746;22.3248;-256.277;-256.684;-256.888;-256.95;-255.972;0;None;1000;None;15:22:13.518
6684;23.8546;23.6824;22.3248;-256.285;-256.684;-256.895;-256.95;-255.964;0;None;1000;None;15:22:14.016
6685;23.8624;23.6746;22.3248;-256.277;-256.684;-256.888;-256.95;-255.964;0;None;1000;None;15:22:14.517
6686;23.8546;23.6746;22.3248;-256.285;-256.676;-256.888;-256.95;-255.964;0;None;1000;None;15:22:15.018
6687;23.8624;23.6824;22.3248;-256.277;-256.684;-256.888;-256.935;-255.964;0;None;1000;None;15:22:15.517
6688;23.8624;23.6746;22.3326;-256.285;-256.684;-256.895;-256.942;-255.964;0;None;1000;None;15:22:16.015
6689;23.8624;23.6824;22.3326;-256.285;-256.676;-256.888;-256.935;-255.964;0;None;1000;None;15:22:16.519
6690;23.8624;23.6746;22.3404;-256.277;-256.684;-256.888;-256.942;-255.956;0;None;1000;None;15:22:17.017
6691;23.8624;23.6902;22.3326;-256.277;-256.684;-256.888;-256.942;-255.972;0;None;1000;None;15:22:17.517
6692;23.8624;23.6824;22.3326;-256.285;-256.684;-256.895;-256.935;-255.964;0;None;1000;None;15:22:18.015
6693;23.8624;23.6824;22.3326;-256.277;-256.676;-256.888;-256.935;-255.964;0;None;1000;None;15:22:18.518
6694;23.8624;23.6824;22.3248;-256.277;-256.684;-256.895;-256.942;-255.956;0;None;1000;None;15:22:19.016
6695;23.8624;23.6746;22.3326;-256.277;-256.676;-256.895;-256.935;-255.956;0;None;1000;None;15:22:19.517
6696;23.8546;23.6746;22.3404;-256.285;-256.676;-256.895;-256.942;-255.949;0;None;1000;None;15:22:20.015
6697;23.8546;23.6824;22.3404;-256.277;-256.684;-256.888;-256.942;-255.956;0;None;1000;None;15:22:20.517
6698;23.8624;23.6902;22.3248;-256.277;-256.676;-256.895;-256.935;-255.964;0;None;1000;None;15:22:21.016
6699;23.8546;23.6824;22.3248;-256.277;-256.684;-256.888;-256.942;-255.964;0;None;1000;None;15:22:21.519
6700;23.8546;23.6746;22.3248;-256.285;-256.676;-256.888;-256.942;-255.972;0;None;1000;None;15:22:22.017
6701;23.8546;23.6824;22.3248;-256.277;-256.684;-256.895;-256.942;-255.964;0;None;1000;None;15:22:22.516
6702;23.8624;23.6746;22.3326;-256.277;-256.676;-256.888;-256.942;-255.964;0;None;1000;None;15:22:23.017
6703;23.8546;23.6824;22.3326;-256.277;-256.684;-256.895;-256.935;-255.964;0;None;1000;None;15:22:23.518
6704;23.8624;23.6824;22.3404;-256.285;-256.676;-256.895;-256.935;-255.964;0;None;1000;None;15:22:24.017
6705;23.8546;23.6746;22.3248;-256.277;-256.676;-256.888;-256.935;-255.964;0;None;1000;None;15:22:24.518
6706;23.8546;23.6746;22.3326;-256.269;-256.684;-256.895;-256.935;-255.964;0;None;1000;None;15:22:25.016
6707;23.8546;23.6746;22.317;-256.277;-256.684;-256.888;-256.942;-255.956;0;None;1000;None;15:22:25.519
6708;23.8546;23.6668;22.3248;-256.277;-256.684;-256.888;-256.942;-255.964;0;None;1000;None;15:22:26.016
6709;23.8546;23.6746;22.317;-256.277;-256.684;-256.888;-256.935;-255.964;0;None;1000;None;15:22:26.518
6710;23.8467;23.6668;22.3091;-256.277;-256.676;-256.895;-256.942;-255.972;0;None;1000;None;15:22:27.016
6711;23.8546;23.6668;22.3091;-256.277;-256.676;-256.888;-256.942;-255.964;0;None;1000;None;15:22:27.517
6712;23.8546;23.6746;22.3091;-256.277;-256.676;-256.895;-256.935;-255.964;0;None;1000;None;15:22:28.017
6713;23.8546;23.6668;22.3091;-256.277;-256.676;-256.888;-256.95;-255.964;0;None;1000;None;15:22:28.518
6714;23.8467;23.6668;22.3091;-256.269;-256.676;-256.888;-256.95;-255.964;0;None;1000;None;15:22:29.016
6715;23.8546;23.6668;22.3091;-256.277;-256.684;-256.888;-256.942;-255.964;0;None;1000;None;15:22:29.517
6716;23.8467;23.6746;22.317;-256.277;-256.676;-256.895;-256.935;-255.964;0;None;1000;None;15:22:30.015
6717;23.8467;23.6668;22.3091;-256.285;-256.676;-256.888;-256.942;-255.964;0;None;1000;None;15:22:30.517
6718;23.8467;23.6746;22.317;-256.269;-256.676;-256.895;-256.935;-255.964;0;None;1000;None;15:22:31.016
6719;23.8467;23.6668;22.317;-256.277;-256.676;-256.888;-256.935;-255.956;0;None;1000;None;15:22:31.517
6720;23.8467;23.6668;22.317;-256.277;-256.676;-256.895;-256.942;-255.964;0;None;1000;None;15:22:32.016
6721;23.8546;23.6668;22.3248;-256.277;-256.684;-256.888;-256.942;-255.956;0;None;1000;None;15:22:32.517
6722;23.8467;23.6746;22.317;-256.277;-256.676;-256.88;-256.935;-255.964;0;None;1000;None;15:22:33.016
6723;23.8546;23.6668;22.3091;-256.277;-256.676;-256.888;-256.942;-255.964;0;None;1000;None;15:22:33.519
6724;23.8467;23.6589;22.317;-256.277;-256.676;-256.888;-256.942;-255.964;0;None;1000;None;15:22:34.016
6725;23.8467;23.6589;22.3248;-256.277;-256.676;-256.888;-256.942;-255.956;0;None;1000;None;15:22:34.517
6726;23.8546;23.6589;22.3091;-256.277;-256.684;-256.88;-256.935;-255.964;0;None;1000;None;15:22:35.017
6727;23.8546;23.6589;22.317;-256.277;-256.684;-256.888;-256.95;-255.964;0;None;1000;None;15:22:35.517
6728;23.8467;23.6589;22.3091;-256.277;-256.684;-256.888;-256.942;-255.964;0;None;1000;None;15:22:36.015
6729;23.8467;23.6589;22.3091;-256.277;-256.684;-256.895;-256.935;-255.956;0;None;1000;None;15:22:36.517
6730;23.8467;23.6589;22.3091;-256.277;-256.676;-256.888;-256.942;-255.956;0;None;1000;None;15:22:37.017
6731;23.8467;23.6668;22.317;-256.285;-256.684;-256.888;-256.95;-255.956;0;None;1000;None;15:22:37.517
6732;23.8467;23.6589;22.3091;-256.277;-256.684;-256.888;-256.942;-255.964;0;None;1000;None;15:22:38.016
6733;23.8389;23.6668;22.317;-256.285;-256.676;-256.888;-256.942;-255.964;0;None;1000;None;15:22:38.517
6734;23.8467;23.6746;22.3091;-256.285;-256.676;-256.895;-256.942;-255.956;0;None;1000;None;15:22:39.015
6735;23.8389;23.6668;22.3091;-256.285;-256.676;-256.888;-256.942;-255.956;0;None;1000;None;15:22:39.517
6736;23.8389;23.6746;22.3013;-256.285;-256.676;-256.888;-256.942;-255.956;0;None;1000;None;15:22:40.015
6737;23.8389;23.6589;22.317;-256.285;-256.684;-256.895;-256.942;-255.949;0;None;1000;None;15:22:40.516
6738;23.8311;23.6668;22.3091;-256.285;-256.676;-256.888;-256.942;-255.964;0;None;1000;None;15:22:41.016
6739;23.8389;23.6668;22.3091;-256.285;-256.684;-256.88;-256.942;-255.964;0;None;1000;None;15:22:41.515
6740;23.8389;23.6746;22.317;-256.285;-256.684;-256.88;-256.942;-255.964;0;None;1000;None;15:22:42.016
6741;23.8311;23.6668;22.317;-256.285;-256.676;-256.888;-256.935;-255.964;0;None;1000;None;15:22:42.517
6742;23.8389;23.6668;22.317;-256.285;-256.676;-256.88;-256.942;-255.964;0;None;1000;None;15:22:43.015
6743;23.8467;23.6668;22.317;-256.285;-256.668;-256.888;-256.942;-255.964;0;None;1000;None;15:22:43.517
6744;23.8389;23.6668;22.3091;-256.285;-256.684;-256.888;-256.942;-255.964;0;None;1000;None;15:22:44.018
6745;23.8389;23.6589;22.317;-256.285;-256.676;-256.888;-256.942;-255.964;0;None;1000;None;15:22:44.517
6746;23.8389;23.6668;22.3091;-256.285;-256.676;-256.88;-256.942;-255.956;0;None;1000;None;15:22:45.017
6747;23.8389;23.6589;22.3248;-256.285;-256.676;-256.888;-256.935;-255.964;0;None;1000;None;15:22:45.517
6748;23.8311;23.6668;22.317;-256.285;-256.676;-256.88;-256.935;-255.964;0;None;1000;None;15:22:46.017
6749;23.8311;23.6668;22.317;-256.277;-256.684;-256.888;-256.942;-255.964;0;None;1000;None;15:22:46.517
6750;23.8389;23.6589;22.317;-256.285;-256.676;-256.895;-256.942;-255.964;0;None;1000;None;15:22:47.017
6751;23.8311;23.6668;22.317;-256.285;-256.676;-256.895;-256.935;-255.956;0;None;1000;None;15:22:47.518
6752;23.8311;23.6589;22.317;-256.285;-256.676;-256.888;-256.935;-255.964;0;None;1000;None;15:22:48.016
6753;23.8389;23.6511;22.3091;-256.277;-256.676;-256.895;-256.942;-255.964;0;None;1000;None;15:22:48.517
6754;23.8311;23.6589;22.3091;-256.277;-256.676;-256.895;-256.942;-255.964;0;None;1000;None;15:22:49.014
6755;23.8311;23.6511;22.3091;-256.277;-256.676;-256.888;-256.935;-255.964;0;None;1000;None;15:22:49.516
6756;23.8311;23.6589;22.3091;-256.285;-256.684;-256.895;-256.942;-255.964;0;None;1000;None;15:22:50.017
6757;23.8311;23.6511;22.317;-256.285;-256.676;-256.895;-256.942;-255.956;0;None;1000;None;15:22:50.516
6758;23.8233;23.6511;22.3091;-256.277;-256.676;-256.888;-256.95;-255.964;0;None;1000;None;15:22:51.016
6759;23.8233;23.6511;22.317;-256.285;-256.676;-256.888;-256.942;-255.964;0;None;1000;None;15:22:51.517
6760;23.8194;23.6511;22.3091;-256.277;-256.676;-256.88;-256.942;-255.964;0;None;1000;None;15:22:52.016
6761;23.8194;23.6433;22.3091;-256.285;-256.676;-256.888;-256.95;-255.964;0;None;1000;None;15:22:52.516
6762;23.8194;23.6511;22.3013;-256.285;-256.676;-256.88;-256.935;-255.964;0;None;1000;None;15:22:53.015
6763;23.8233;23.6511;22.3091;-256.285;-256.676;-256.88;-256.942;-255.964;0;None;1000;None;15:22:53.517
6764;23.8233;23.6511;22.3091;-256.285;-256.668;-256.888;-256.942;-255.956;0;None;1000;None;15:22:54.015
6765;23.8194;23.6589;22.3013;-256.285;-256.668;-256.88;-256.935;-255.956;0;None;1000;None;15:22:54.517
6766;23.8194;23.6511;22.3013;-256.285;-256.676;-256.888;-256.935;-255.964;0;None;1000;None;15:22:55.015
6767;23.8233;23.6511;22.3091;-256.277;-256.676;-256.895;-256.95;-255.956;0;None;1000;None;15:22:55.516
6768;23.8194;23.6589;22.3013;-256.285;-256.676;-256.888;-256.95;-255.964;0;None;1000;None;15:22:56.019
6769;23.8311;23.6589;22.3013;-256.277;-256.676;-256.888;-256.935;-255.964;0;None;1000;None;15:22:56.516
6770;23.8233;23.6668;22.3091;-256.277;-256.668;-256.888;-256.942;-255.964;0;None;1000;None;15:22:57.017
6771;23.8311;23.6589;22.3013;-256.285;-256.676;-256.888;-256.942;-255.964;0;None;1000;None;15:22:57.517
6772;23.8233;23.6668;22.3091;-256.277;-256.676;-256.895;-256.935;-255.972;0;None;1000;None;15:22:58.016
6773;23.8311;23.6589;22.3091;-256.277;-256.668;-256.888;-256.935;-255.964;0;None;1000;None;15:22:58.516
6774;23.8233;23.6589;22.3013;-256.277;-256.676;-256.888;-256.935;-255.964;0;None;1000;None;15:22:59.014
6775;23.8272;23.6589;22.3091;-256.277;-256.676;-256.888;-256.935;-255.964;0;None;1000;None;15:22:59.515
6776;23.8233;23.6589;22.3013;-256.285;-256.668;-256.88;-256.935;-255.964;0;None;1000;None;15:23:00.013
6777;23.8233;23.6589;22.3013;-256.277;-256.668;-256.888;-256.942;-255.964;0;None;1000;None;15:23:00.515
6778;23.8272;23.6589;22.3013;-256.285;-256.676;-256.888;-256.935;-255.964;0;None;1000;None;15:23:01.015
6779;23.8233;23.6668;22.3013;-256.285;-256.676;-256.888;-256.935;-255.964;0;None;1000;None;15:23:01.515
6780;23.8233;23.6589;22.3013;-256.285;-256.684;-256.895;-256.942;-255.972;0;None;1000;None;15:23:02.016
6781;23.8233;23.6668;22.3013;-256.277;-256.676;-256.888;-256.935;-255.964;0;None;1000;None;15:23:02.516
6782;23.8311;23.6668;22.3091;-256.285;-256.676;-256.888;-256.942;-255.964;0;None;1000;None;15:23:03.015
6783;23.8311;23.6589;22.3091;-256.277;-256.676;-256.888;-256.935;-255.972;0;None;1000;None;15:23:03.517
6784;23.8233;23.6668;22.3091;-256.277;-256.684;-256.895;-256.935;-255.964;0;None;1000;None;15:23:04.017
6785;23.8233;23.6589;22.3091;-256.285;-256.684;-256.88;-256.935;-255.964;0;None;1000;None;15:23:04.517
6786;23.8233;23.6589;22.3091;-256.285;-256.676;-256.888;-256.927;-255.972;0;None;1000;None;15:23:05.015
6787;23.8233;23.6668;22.3013;-256.277;-256.676;-256.88;-256.935;-255.964;0;None;1000;None;15:23:05.517
6788;23.8311;23.6589;22.3013;-256.285;-256.684;-256.888;-256.942;-255.964;0;None;1000;None;15:23:06.015
6789;23.8194;23.6511;22.3091;-256.285;-256.676;-256.88;-256.935;-255.964;0;None;1000;None;15:23:06.517
6790;23.8194;23.6589;22.3013;-256.277;-256.676;-256.88;-256.935;-255.964;0;None;1000;None;15:23:07.015
6791;23.8233;23.6589;22.3013;-256.285;-256.676;-256.888;-256.942;-255.964;0;None;1000;None;15:23:07.517
6792;23.8194;23.6589;22.3091;-256.277;-256.676;-256.888;-256.927;-255.964;0;None;1000;None;15:23:08.016
6793;23.8233;23.6511;22.3013;-256.285;-256.684;-256.888;-256.935;-255.972;0;None;1000;None;15:23:08.517
6794;23.8194;23.6589;22.3013;-256.277;-256.676;-256.888;-256.935;-255.964;0;None;1000;None;15:23:09.015
6795;23.8194;23.6511;22.3013;-256.277;-256.676;-256.895;-256.935;-255.964;0;None;1000;None;15:23:09.516
6796;23.8233;23.6589;22.3013;-256.277;-256.676;-256.888;-256.942;-255.964;0;None;1000;None;15:23:10.015
6797;23.8194;23.6589;22.3091;-256.277;-256.676;-256.888;-256.935;-255.956;0;None;1000;None;15:23:10.516
6798;23.8194;23.6589;22.3091;-256.285;-256.676;-256.888;-256.95;-255.964;0;None;1000;None;15:23:11.017
6799;23.8233;23.6589;22.3091;-256.277;-256.676;-256.888;-256.935;-255.964;0;None;1000;None;15:23:11.516
6800;23.8194;23.6589;22.3013;-256.277;-256.676;-256.888;-256.942;-255.964;0;None;1000;None;15:23:12.015
6801;23.8194;23.6589;22.3091;-256.285;-256.676;-256.888;-256.935;-255.964;0;None;1000;None;15:23:12.517
6802;23.8194;23.6589;22.3091;-256.285;-256.668;-256.888;-256.942;-255.956;0;None;1000;None;15:23:13.015
6803;23.8194;23.6589;22.3013;-256.277;-256.676;-256.888;-256.935;-255.964;0;None;1000;None;15:23:13.518
6804;23.8194;23.6589;22.3091;-256.285;-256.676;-256.888;-256.942;-255.956;0;None;1000;None;15:23:14.015
6805;23.8194;23.6511;22.3013;-256.269;-256.676;-256.888;-256.935;-255.964;0;None;1000;None;15:23:14.518
6806;23.8233;23.6589;22.3091;-256.277;-256.668;-256.895;-256.942;-255.972;0;None;1000;None;15:23:15.016
6807;23.8154;23.6589;22.3091;-256.277;-256.676;-256.895;-256.935;-255.964;0;None;1000;None;15:23:15.516
6808;23.8194;23.6511;22.3091;-256.269;-256.684;-256.88;-256.927;-255.964;0;None;1000;None;15:23:16.015
6809;23.8194;23.6589;22.3013;-256.277;-256.676;-256.895;-256.942;-255.964;0;None;1000;None;15:23:16.517
6810;23.8154;23.6589;22.3091;-256.277;-256.676;-256.888;-256.935;-255.956;0;None;1000;None;15:23:17.017
6811;23.8154;23.6589;22.3091;-256.277;-256.676;-256.888;-256.942;-255.964;0;None;1000;None;15:23:17.516
6812;23.8194;23.6589;22.3013;-256.277;-256.676;-256.888;-256.935;-255.964;0;None;1000;None;15:23:18.015
6813;23.8194;23.6589;22.3013;-256.277;-256.684;-256.895;-256.942;-255.964;0;None;1000;None;15:23:18.516
6814;23.8194;23.6511;22.3091;-256.277;-256.676;-256.888;-256.942;-255.964;0;None;1000;None;15:23:19.017
6815;23.8233;23.6589;22.3013;-256.277;-256.668;-256.888;-256.935;-255.964;0;None;1000;None;15:23:19.517
6816;23.8194;23.6511;22.3013;-256.285;-256.668;-256.888;-256.95;-255.972;0;None;1000;None;15:23:20.015
6817;23.8194;23.6511;22.3091;-256.269;-256.676;-256.895;-256.942;-255.956;0;None;1000;None;15:23:20.516
6818;23.8154;23.6511;22.3091;-256.285;-256.668;-256.888;-256.942;-255.964;0;None;1000;None;15:23:21.016
6819;23.8194;23.6589;22.3013;-256.277;-256.668;-256.895;-256.942;-255.964;0;None;1000;None;15:23:21.516
6820;23.8194;23.6511;22.3013;-256.285;-256.668;-256.888;-256.935;-255.964;0;None;1000;None;15:23:22.016
6821;23.8154;23.6511;22.3091;-256.277;-256.668;-256.888;-256.942;-255.972;0;None;1000;None;15:23:22.518
6822;23.8154;23.6511;22.3013;-256.285;-256.676;-256.888;-256.942;-255.972;0;None;1000;None;15:23:23.015
6823;23.8194;23.6511;22.3013;-256.285;-256.676;-256.888;-256.942;-255.964;0;None;1000;None;15:23:23.515
6824;23.8154;23.6589;22.3091;-256.277;-256.676;-256.888;-256.942;-255.972;0;None;1000;None;15:23:24.015
6825;23.8194;23.6511;22.3013;-256.285;-256.676;-256.888;-256.942;-255.964;0;None;1000;None;15:23:24.516
6826;23.8194;23.6589;22.3091;-256.277;-256.684;-256.888;-256.942;-255.964;0;None;1000;None;15:23:25.014
6827;23.8154;23.6511;22.3013;-256.285;-256.676;-256.895;-256.942;-255.964;0;None;1000;None;15:23:25.516
6828;23.8194;23.6589;22.3013;-256.277;-256.684;-256.888;-256.942;-255.964;0;None;1000;None;15:23:26.014
6829;23.8154;23.6511;22.3013;-256.277;-256.668;-256.888;-256.942;-255.972;0;None;1000;None;15:23:26.515
6830;23.8154;23.6511;22.3091;-256.285;-256.676;-256.888;-256.935;-255.964;0;None;1000;None;15:23:27.014
6831;23.8154;23.6511;22.3013;-256.285;-256.676;-256.895;-256.942;-255.972;0;None;1000;None;15:23:27.516
6832;23.8194;23.6433;22.3013;-256.285;-256.676;-256.888;-256.927;-255.964;0;None;1000;None;15:23:28.017
6833;23.8154;23.6511;22.3091;-256.277;-256.676;-256.888;-256.935;-255.964;0;None;1000;None;15:23:28.515
6834;23.8194;23.6355;22.3013;-256.277;-256.676;-256.888;-256.95;-255.972;0;None;1000;None;15:23:29.015
6835;23.8154;23.6433;22.3013;-256.277;-256.668;-256.888;-256.935;-255.964;0;None;1000;None;15:23:29.514
6836;23.8194;23.6433;22.3013;-256.285;-256.668;-256.888;-256.942;-255.964;0;None;1000;None;15:23:30.015
6837;23.8194;23.6433;22.3013;-256.277;-256.676;-256.888;-256.935;-255.964;0;None;1000;None;15:23:30.514
6838;23.8154;23.6433;22.3013;-256.277;-256.676;-256.888;-256.942;-255.964;0;None;1000;None;15:23:31.014
6839;23.8154;23.6433;22.3013;-256.277;-256.676;-256.88;-256.935;-255.972;0;None;1000;None;15:23:31.515
6840;23.8154;23.6433;22.3013;-256.277;-256.676;-256.888;-256.935;-255.964;0;None;1000;None;15:23:32.015
6841;23.8194;23.6433;22.3013;-256.277;-256.676;-256.88;-256.935;-255.964;0;None;1000;None;15:23:32.516
6842;23.8154;23.6355;22.2935;-256.277;-256.668;-256.888;-256.935;-255.972;0;None;1000;None;15:23:33.015
6843;23.8154;23.6433;22.3013;-256.285;-256.676;-256.888;-256.942;-255.964;0;None;1000;None;15:23:33.515
6844;23.8154;23.6355;22.3013;-256.285;-256.668;-256.88;-256.935;-255.964;0;None;1000;None;15:23:34.016
6845;23.8154;23.6355;22.3013;-256.277;-256.676;-256.88;-256.95;-255.972;0;None;1000;None;15:23:34.517
6846;23.8154;23.6355;22.3013;-256.285;-256.676;-256.88;-256.935;-255.964;0;None;1000;None;15:23:35.015
6847;23.8194;23.6433;22.3013;-256.285;-256.668;-256.88;-256.942;-255.972;0;None;1000;None;15:23:35.516
6848;23.8154;23.6355;22.3013;-256.277;-256.676;-256.88;-256.942;-255.964;0;None;1000;None;15:23:36.017
6849;23.8154;23.6433;22.3013;-256.277;-256.676;-256.88;-256.935;-255.972;0;None;1000;None;15:23:36.517
6850;23.8115;23.6355;22.3013;-256.277;-256.676;-256.872;-256.942;-255.964;0;None;1000;None;15:23:37.016
6851;23.8154;23.6355;22.2935;-256.285;-256.668;-256.88;-256.935;-255.964;0;None;1000;None;15:23:37.516
6852;23.8154;23.6355;22.3013;-256.277;-256.676;-256.888;-256.942;-255.964;0;None;1000;None;15:23:38.015
6853;23.8154;23.6355;22.3013;-256.277;-256.668;-256.872;-256.942;-255.964;0;None;1000;None;15:23:38.517
6854;23.8115;23.6355;22.3013;-256.277;-256.676;-256.88;-256.95;-255.972;0;None;1000;None;15:23:39.015
6855;23.8154;23.6276;22.3091;-256.277;-256.668;-256.88;-256.95;-255.964;0;None;1000;None;15:23:39.516
6856;23.8115;23.6355;22.3013;-256.277;-256.676;-256.88;-256.942;-255.964;0;None;1000;None;15:23:40.016
6857;23.8115;23.6355;22.2935;-256.277;-256.668;-256.88;-256.942;-255.964;0;None;1000;None;15:23:40.516
6858;23.8154;23.6276;22.2935;-256.269;-256.676;-256.88;-256.942;-255.964;0;None;1000;None;15:23:41.015
6859;23.8154;23.6355;22.2857;-256.277;-256.668;-256.872;-256.95;-255.964;0;None;1000;None;15:23:41.515
6860;23.8154;23.6355;22.2935;-256.277;-256.676;-256.888;-256.942;-255.964;0;None;1000;None;15:23:42.016
6861;23.8115;23.6355;22.2935;-256.269;-256.676;-256.88;-256.935;-255.964;0;None;1000;None;15:23:42.515
6862;23.8154;23.6276;22.2935;-256.277;-256.684;-256.88;-256.942;-255.964;0;None;1000;None;15:23:43.014
6863;23.8154;23.6355;22.2935;-256.277;-256.676;-256.88;-256.935;-255.964;0;None;1000;None;15:23:43.516
6864;23.8115;23.6276;22.2935;-256.277;-256.684;-256.88;-256.942;-255.956;0;None;1000;None;15:23:44.014
6865;23.8154;23.6276;22.2935;-256.277;-256.676;-256.88;-256.935;-255.972;0;None;1000;None;15:23:44.514
6866;23.8115;23.6355;22.2935;-256.269;-256.676;-256.88;-256.935;-255.964;0;None;1000;None;15:23:45.017
6867;23.8115;23.6276;22.2935;-256.277;-256.676;-256.88;-256.935;-255.964;0;None;1000;None;15:23:45.516
6868;23.8154;23.6355;22.2935;-256.277;-256.676;-256.88;-256.942;-255.964;0;None;1000;None;15:23:46.015
6869;23.8154;23.6355;22.2857;-256.277;-256.676;-256.888;-256.935;-255.972;0;None;1000;None;15:23:46.516
6870;23.8115;23.6355;22.2935;-256.285;-256.676;-256.88;-256.935;-255.964;0;None;1000;None;15:23:47.015
6871;23.8154;23.6355;22.2857;-256.277;-256.676;-256.88;-256.935;-255.972;0;None;1000;None;15:23:47.515
6872;23.8154;23.6355;22.2935;-256.277;-256.676;-256.88;-256.942;-255.964;0;None;1000;None;15:23:48.014
6873;23.8154;23.6276;22.2857;-256.277;-256.676;-256.888;-256.935;-255.964;0;None;1000;None;15:23:48.514
6874;23.8154;23.6355;22.2935;-256.285;-256.676;-256.888;-256.942;-255.972;0;None;1000;None;15:23:49.015
6875;23.8154;23.6355;22.2935;-256.277;-256.676;-256.888;-256.942;-255.972;0;None;1000;None;15:23:49.515
6876;23.8115;23.6355;22.2935;-256.285;-256.676;-256.888;-256.935;-255.964;0;None;1000;None;15:23:50.016
6877;23.8115;23.6355;22.2935;-256.277;-256.676;-256.888;-256.935;-255.972;0;None;1000;None;15:23:50.515
6878;23.8115;23.6355;22.2935;-256.277;-256.676;-256.88;-256.942;-255.972;0;None;1000;None;15:23:51.014
6879;23.8115;23.6355;22.2935;-256.277;-256.676;-256.888;-256.935;-255.964;0;None;1000;None;15:23:51.515
6880;23.8115;23.6355;22.2935;-256.285;-256.676;-256.88;-256.942;-255.964;0;None;1000;None;15:23:52.014
6881;23.8115;23.6355;22.3013;-256.277;-256.668;-256.872;-256.942;-255.972;0;None;1000;None;15:23:52.514
6882;23.8115;23.6355;22.2935;-256.277;-256.676;-256.88;-256.942;-255.964;0;None;1000;None;15:23:53.014
6883;23.8115;23.6433;22.3013;-256.277;-256.668;-256.88;-256.95;-255.964;0;None;1000;None;15:23:53.515
6884;23.8115;23.6355;22.2935;-256.277;-256.676;-256.872;-256.942;-255.964;0;None;1000;None;15:23:54.015
6885;23.8115;23.6433;22.3013;-256.277;-256.676;-256.88;-256.935;-255.964;0;None;1000;None;15:23:54.516
6886;23.8115;23.6355;22.3013;-256.277;-256.676;-256.888;-256.942;-255.964;0;None;1000;None;15:23:55.016
6887;23.8076;23.6355;22.3091;-256.277;-256.676;-256.88;-256.942;-255.964;0;None;1000;None;15:23:55.516
6888;23.8115;23.6355;22.2935;-256.277;-256.676;-256.88;-256.95;-255.964;0;None;1000;None;15:23:56.014
6889;23.8115;23.6276;22.3013;-256.277;-256.676;-256.88;-256.942;-255.972;0;None;1000;None;15:23:56.515
6890;23.8115;23.6276;22.3091;-256.285;-256.676;-256.88;-256.942;-255.964;0;None;1000;None;15:23:57.016
6891;23.8076;23.6355;22.3013;-256.277;-256.684;-256.88;-256.942;-255.972;0;None;1000;None;15:23:57.516
6892;23.8115;23.6433;22.3013;-256.277;-256.676;-256.888;-256.935;-255.972;0;None;1000;None;15:23:58.014
6893;23.8076;23.6355;22.2935;-256.285;-256.676;-256.872;-256.942;-255.964;0;None;1000;None;15:23:58.514
6894;23.8115;23.6355;22.2935;-256.285;-256.676;-256.88;-256.942;-255.964;0;None;1000;None;15:23:59.015
6895;23.8115;23.6276;22.2935;-256.269;-256.676;-256.88;-256.95;-255.972;0;None;1000;None;15:23:59.515
6896;23.8115;23.6355;22.2935;-256.277;-256.676;-256.88;-256.942;-255.972;0;None;1000;None;15:24:00.014
6897;23.8115;23.6276;22.3013;-256.277;-256.684;-256.88;-256.95;-255.964;0;None;1000;None;15:24:00.514
6898;23.8076;23.6355;22.3091;-256.277;-256.684;-256.88;-256.942;-255.972;0;None;1000;None;15:24:01.014
6899;23.8115;23.6276;22.3091;-256.285;-256.684;-256.88;-256.942;-255.964;0;None;1000;None;15:24:01.514
6900;23.8115;23.6355;22.3013;-256.277;-256.684;-256.88;-256.942;-255.972;0;None;1000;None;15:24:02.014
6901;23.8076;23.6198;22.3013;-256.285;-256.676;-256.88;-256.95;-255.956;0;None;1000;None;15:24:02.514
6902;23.8115;23.6276;22.3013;-256.277;-256.684;-256.872;-256.935;-255.972;0;None;1000;None;15:24:03.014
6903;23.8115;23.6355;22.3013;-256.277;-256.684;-256.88;-256.942;-255.972;0;None;1000;None;15:24:03.514
6904;23.8115;23.6276;22.3013;-256.285;-256.684;-256.88;-256.942;-255.964;0;None;1000;None;15:24:04.014
6905;23.8076;23.6355;22.3013;-256.277;-256.684;-256.872;-256.95;-255.964;0;None;1000;None;15:24:04.516
6906;23.8115;23.6276;22.3013;-256.269;-256.676;-256.88;-256.942;-255.964;0;None;1000;None;15:24:05.014
6907;23.8115;23.6276;22.3091;-256.277;-256.676;-256.88;-256.942;-255.972;0;None;1000;None;15:24:05.516
6908;23.8076;23.6355;22.3091;-256.277;-256.676;-256.872;-256.942;-255.964;0;None;1000;None;15:24:06.014
6909;23.8115;23.6276;22.3091;-256.277;-256.676;-256.88;-256.95;-255.964;0;None;1000;None;15:24:06.515
6910;23.8154;23.6198;22.3013;-256.285;-256.668;-256.872;-256.942;-255.972;0;None;1000;None;15:24:07.014
6911;23.8154;23.6276;22.3091;-256.285;-256.684;-256.88;-256.935;-255.964;0;None;1000;None;15:24:07.515
6912;23.8115;23.6355;22.3013;-256.277;-256.676;-256.872;-256.942;-255.964;0;None;1000;None;15:24:08.014
6913;23.8115;23.6276;22.3091;-256.277;-256.668;-256.872;-256.942;-255.972;0;None;1000;None;15:24:08.515
6914;23.8115;23.6276;22.3013;-256.285;-256.668;-256.88;-256.942;-255.964;0;None;1000;None;15:24:09.014
6915;23.8076;23.6276;22.3091;-256.277;-256.676;-256.88;-256.942;-255.964;0;None;1000;None;15:24:09.515
6916;23.8115;23.6276;22.3013;-256.285;-256.676;-256.872;-256.95;-255.964;0;None;1000;None;15:24:10.013
6917;23.8115;23.6276;22.3013;-256.285;-256.676;-256.872;-256.942;-255.964;0;None;1000;None;15:24:10.515
6918;23.8115;23.6276;22.3013;-256.277;-256.676;-256.88;-256.942;-255.964;0;None;1000;None;15:24:11.014
6919;23.8115;23.6198;22.3013;-256.277;-256.676;-256.872;-256.942;-255.972;0;None;1000;None;15:24:11.514
6920;23.8076;23.6276;22.3013;-256.285;-256.676;-256.872;-256.942;-255.956;0;None;1000;None;15:24:12.014
6921;23.8076;23.6276;22.3091;-256.285;-256.676;-256.872;-256.942;-255.964;0;None;1000;None;15:24:12.514
6922;23.8076;23.6198;22.3013;-256.277;-256.676;-256.872;-256.942;-255.964;0;None;1000;None;15:24:13.014
6923;23.8076;23.6276;22.3013;-256.277;-256.668;-256.872;-256.95;-255.964;0;None;1000;None;15:24:13.516
6924;23.8115;23.6198;22.3013;-256.277;-256.676;-256.872;-256.935;-255.964;0;None;1000;None;15:24:14.016
6925;23.8037;23.6276;22.3013;-256.277;-256.676;-256.888;-256.95;-255.972;0;None;1000;None;15:24:14.516
6926;23.8076;23.6276;22.2935;-256.277;-256.676;-256.88;-256.942;-255.964;0;None;1000;None;15:24:15.016
6927;23.8076;23.6198;22.3013;-256.277;-256.676;-256.888;-256.942;-255.964;0;None;1000;None;15:24:15.514
6928;23.8037;23.6355;22.3091;-256.277;-256.676;-256.88;-256.95;-255.972;0;None;1000;None;15:24:16.013
6929;23.8076;23.6276;22.3013;-256.277;-256.684;-256.88;-256.942;-255.964;0;None;1000;None;15:24:16.514
6930;23.8037;23.6355;22.3013;-256.285;-256.676;-256.872;-256.942;-255.964;0;None;1000;None;15:24:17.014
6931;23.8076;23.6276;22.3091;-256.277;-256.684;-256.88;-256.935;-255.972;0;None;1000;None;15:24:17.516
6932;23.8076;23.6355;22.3013;-256.285;-256.676;-256.872;-256.935;-255.972;0;None;1000;None;15:24:18.014
6933;23.8115;23.6276;22.3091;-256.285;-256.684;-256.88;-256.935;-255.972;0;None;1000;None;15:24:18.516
6934;23.8115;23.6355;22.3091;-256.285;-256.676;-256.88;-256.942;-255.964;0;None;1000;None;15:24:19.015
6935;23.8076;23.6355;22.3013;-256.285;-256.684;-256.88;-256.942;-255.972;0;None;1000;None;15:24:19.515
6936;23.8115;23.6276;22.3091;-256.285;-256.676;-256.88;-256.942;-255.964;0;None;1000;None;15:24:20.015
6937;23.8076;23.6355;22.3013;-256.277;-256.684;-256.88;-256.935;-255.964;0;None;1000;None;15:24:20.514
6938;23.8115;23.6276;22.3091;-256.285;-256.676;-256.88;-256.942;-255.972;0;None;1000;None;15:24:21.014
6939;23.8115;23.6355;22.3091;-256.277;-256.684;-256.872;-256.942;-255.956;0;None;1000;None;15:24:21.516
6940;23.8115;23.6355;22.3013;-256.277;-256.676;-256.88;-256.942;-255.964;0;None;1000;None;15:24:22.015
6941;23.8076;23.6276;22.3091;-256.285;-256.684;-256.88;-256.942;-255.964;0;None;1000;None;15:24:22.516
6942;23.8115;23.6355;22.3091;-256.277;-256.684;-256.88;-256.935;-255.964;0;None;1000;None;15:24:23.014
6943;23.8076;23.6355;22.3013;-256.277;-256.684;-256.88;-256.935;-255.956;0;None;1000;None;15:24:23.516
6944;23.8076;23.6276;22.3091;-256.285;-256.676;-256.88;-256.942;-255.964;0;None;1000;None;15:24:24.014
6945;23.8115;23.6355;22.3013;-256.277;-256.676;-256.88;-256.942;-255.964;0;None;1000;None;15:24:24.513
6946;23.8076;23.6276;22.3091;-256.277;-256.684;-256.88;-256.935;-255.956;0;None;1000;None;15:24:25.014
6947;23.8076;23.6276;22.3013;-256.277;-256.684;-256.88;-256.942;-255.964;0;None;1000;None;15:24:25.515
6948;23.8115;23.6276;22.3091;-256.285;-256.676;-256.88;-256.942;-255.964;0;None;1000;None;15:24:26.014
6949;23.8076;23.6355;22.3091;-256.277;-256.676;-256.88;-256.942;-255.964;0;None;1000;None;15:24:26.515
6950;23.8076;23.6276;22.3091;-256.285;-256.668;-256.88;-256.942;-255.956;0;None;1000;None;15:24:27.014
6951;23.8076;23.6355;22.3013;-256.285;-256.676;-256.88;-256.942;-255.956;0;None;1000;None;15:24:27.515
6952;23.8115;23.6355;22.3091;-256.277;-256.676;-256.888;-256.935;-255.964;0;None;1000;None;15:24:28.014
6953;23.8115;23.6355;22.3013;-256.277;-256.668;-256.88;-256.935;-255.964;0;None;1000;None;15:24:28.515
6954;23.8076;23.6355;22.3091;-256.277;-256.676;-256.88;-256.935;-255.972;0;None;1000;None;15:24:29.013
6955;23.8115;23.6276;22.3091;-256.285;-256.684;-256.88;-256.942;-255.964;0;None;1000;None;15:24:29.515
6956;23.8076;23.6355;22.3013;-256.277;-256.676;-256.88;-256.942;-255.956;0;None;1000;None;15:24:30.014
6957;23.8076;23.6276;22.317;-256.277;-256.676;-256.888;-256.95;-255.964;0;None;1000;None;15:24:30.515
6958;23.8076;23.6276;22.3091;-256.277;-256.676;-256.88;-256.95;-255.964;0;None;1000;None;15:24:31.013
6959;23.8076;23.6276;22.3013;-256.269;-256.668;-256.88;-256.95;-255.956;0;None;1000;None;15:24:31.515
6960;23.8076;23.6355;22.3091;-256.277;-256.676;-256.888;-256.95;-255.964;0;None;1000;None;15:24:32.014
6961;23.8115;23.6355;22.3091;-256.277;-256.676;-256.888;-256.95;-255.956;0;None;1000;None;15:24:32.516
6962;23.8076;23.6355;22.3013;-256.269;-256.676;-256.88;-256.935;-255.972;0;None;1000;None;15:24:33.016
6963;23.8115;23.6355;22.3013;-256.277;-256.676;-256.888;-256.935;-255.964;0;None;1000;None;15:24:33.515
6964;23.8076;23.6355;22.3091;-256.277;-256.668;-256.888;-256.95;-255.964;0;None;1000;None;15:24:34.014
6965;23.8037;23.6355;22.3013;-256.269;-256.676;-256.88;-256.95;-255.964;0;None;1000;None;15:24:34.515
6966;23.8076;23.6355;22.3013;-256.277;-256.676;-256.88;-256.95;-255.964;0;None;1000;None;15:24:35.014
6967;23.8076;23.6276;22.3013;-256.277;-256.676;-256.888;-256.942;-255.964;0;None;1000;None;15:24:35.516
6968;23.8076;23.6355;22.3013;-256.277;-256.668;-256.888;-256.95;-255.972;0;None;1000;None;15:24:36.013
6969;23.8076;23.6433;22.3013;-256.277;-256.668;-256.888;-256.942;-255.964;0;None;1000;None;15:24:36.515
6970;23.8037;23.6355;22.3013;-256.285;-256.676;-256.888;-256.95;-255.972;0;None;1000;None;15:24:37.016
6971;23.8076;23.6355;22.3013;-256.277;-256.668;-256.888;-256.942;-255.964;0;None;1000;None;15:24:37.515
6972;23.8076;23.6355;22.3013;-256.277;-256.676;-256.895;-256.935;-255.964;0;None;1000;None;15:24:38.014
6973;23.8037;23.6276;22.3013;-256.277;-256.676;-256.888;-256.942;-255.972;0;None;1000;None;15:24:38.515
6974;23.8076;23.6355;22.3013;-256.269;-256.676;-256.895;-256.942;-255.964;0;None;1000;None;15:24:39.013
6975;23.8076;23.6355;22.3013;-256.269;-256.676;-256.888;-256.95;-255.964;0;None;1000;None;15:24:39.515
6976;23.8037;23.6355;22.3013;-256.277;-256.676;-256.888;-256.942;-255.964;0;None;1000;None;15:24:40.013
6977;23.8076;23.6355;22.3013;-256.269;-256.676;-256.88;-256.95;-255.972;0;None;1000;None;15:24:40.514
6978;23.8037;23.6276;22.3013;-256.277;-256.676;-256.888;-256.942;-255.972;0;None;1000;None;15:24:41.013
6979;23.8037;23.6276;22.3091;-256.269;-256.676;-256.895;-256.942;-255.972;0;None;1000;None;15:24:41.514
6980;23.8037;23.6276;22.3013;-256.277;-256.676;-256.888;-256.95;-255.972;0;None;1000;None;15:24:42.017
6981;23.8037;23.6355;22.3013;-256.269;-256.676;-256.888;-256.942;-255.964;0;None;1000;None;15:24:42.514
6982;23.8037;23.6276;22.3013;-256.269;-256.668;-256.888;-256.942;-255.972;0;None;1000;None;15:24:43.014
6983;23.7959;23.6276;22.317;-256.277;-256.668;-256.895;-256.942;-255.972;0;None;1000;None;15:24:43.513
6984;23.7959;23.6276;22.3091;-256.269;-256.668;-256.888;-256.942;-255.972;0;None;1000;None;15:24:44.014
6985;23.8037;23.6276;22.3091;-256.269;-256.676;-256.88;-256.942;-255.964;0;None;1000;None;15:24:44.513
6986;23.8037;23.6276;22.3091;-256.269;-256.668;-256.88;-256.942;-255.972;0;None;1000;None;15:24:45.013
6987;23.7959;23.6276;22.3091;-256.277;-256.668;-256.888;-256.942;-255.956;0;None;1000;None;15:24:45.513
6988;23.8037;23.6276;22.3091;-256.269;-256.676;-256.888;-256.95;-255.964;0;None;1000;None;15:24:46.013
6989;23.8037;23.6276;22.3091;-256.269;-256.668;-256.888;-256.942;-255.972;0;None;1000;None;15:24:46.513
6990;23.8037;23.6276;22.3091;-256.269;-256.676;-256.88;-256.95;-255.972;0;None;1000;None;15:24:47.013
6991;23.8076;23.6276;22.3013;-256.277;-256.676;-256.895;-256.95;-255.964;0;None;1000;None;15:24:47.514
6992;23.8037;23.6276;22.3013;-256.269;-256.676;-256.888;-256.942;-255.964;0;None;1000;None;15:24:48.014
6993;23.8037;23.6276;22.3013;-256.269;-256.676;-256.888;-256.942;-255.964;0;None;1000;None;15:24:48.514
6994;23.8076;23.6198;22.3013;-256.269;-256.668;-256.895;-256.942;-255.964;0;None;1000;None;15:24:49.014
6995;23.8037;23.6276;22.3013;-256.262;-256.676;-256.888;-256.942;-255.972;0;None;1000;None;15:24:49.514
6996;23.8076;23.6198;22.3091;-256.269;-256.676;-256.888;-256.942;-255.964;0;None;1000;None;15:24:50.013
6997;23.8037;23.6276;22.3013;-256.269;-256.676;-256.88;-256.95;-255.964;0;None;1000;None;15:24:50.515
6998;23.8076;23.6276;22.3091;-256.269;-256.676;-256.888;-256.958;-255.972;0;None;1000;None;15:24:51.013
6999;23.8037;23.6198;22.3013;-256.277;-256.676;-256.888;-256.942;-255.964;0;None;1000;None;15:24:51.515
7000;23.8037;23.6198;22.3013;-256.277;-256.676;-256.888;-256.95;-255.964;0;None;1000;None;15:24:52.015
7001;23.8076;23.6198;22.3013;-256.277;-256.684;-256.888;-256.942;-255.964;0;None;1000;None;15:24:52.513
7002;23.7998;23.6198;22.3091;-256.269;-256.676;-256.895;-256.942;-255.964;0;None;1000;None;15:24:53.013
7003;23.8037;23.6198;22.3013;-256.269;-256.676;-256.888;-256.942;-255.964;0;None;1000;None;15:24:53.512
7004;23.8037;23.6198;22.3013;-256.269;-256.684;-256.888;-256.942;-255.964;0;None;1000;None;15:24:54.013
7005;23.8037;23.612;22.3013;-256.277;-256.676;-256.888;-256.95;-255.972;0;None;1000;None;15:24:54.513
7006;23.7959;23.6198;22.3091;-256.269;-256.676;-256.88;-256.935;-255.956;0;None;1000;None;15:24:55.013
7007;23.8037;23.612;22.3013;-256.269;-256.676;-256.888;-256.935;-255.972;0;None;1000;None;15:24:55.513
7008;23.8037;23.6198;22.3013;-256.269;-256.684;-256.888;-256.935;-255.964;0;None;1000;None;15:24:56.013
7009;23.7959;23.612;22.3013;-256.269;-256.676;-256.888;-256.935;-255.964;0;None;1000;None;15:24:56.513
7010;23.8037;23.612;22.3091;-256.269;-256.676;-256.888;-256.942;-255.972;0;None;1000;None;15:24:57.013
7011;23.8037;23.6198;22.3013;-256.269;-256.676;-256.88;-256.942;-255.964;0;None;1000;None;15:24:57.513
7012;23.8037;23.612;22.3013;-256.269;-256.676;-256.888;-256.942;-255.972;0;None;1000;None;15:24:58.013
7013;23.7959;23.612;22.3013;-256.269;-256.676;-256.88;-256.942;-255.964;0;None;1000;None;15:24:58.513
7014;23.8037;23.6198;22.3091;-256.269;-256.676;-256.888;-256.935;-255.964;0;None;1000;None;15:24:59.013
7015;23.7959;23.6198;22.3013;-256.269;-256.676;-256.888;-256.935;-255.972;0;None;1000;None;15:24:59.514
7016;23.8037;23.6198;22.2935;-256.269;-256.676;-256.888;-256.935;-255.964;0;None;1000;None;15:25:00.013
7017;23.8037;23.6198;22.3013;-256.269;-256.676;-256.88;-256.942;-255.964;0;None;1000;None;15:25:00.513
7018;23.7959;23.6276;22.3091;-256.269;-256.676;-256.888;-256.942;-255.972;0;None;1000;None;15:25:01.013
7019;23.8037;23.6198;22.3091;-256.269;-256.676;-256.888;-256.935;-255.964;0;None;1000;None;15:25:01.513
7020;23.7959;23.6276;22.3013;-256.277;-256.684;-256.888;-256.935;-255.972;0;None;1000;None;15:25:02.013
7021;23.8037;23.6276;22.3013;-256.269;-256.676;-256.888;-256.942;-255.964;0;None;1000;None;15:25:02.513
7022;23.7959;23.6276;22.3091;-256.269;-256.676;-256.888;-256.942;-255.972;0;None;1000;None;15:25:03.014
7023;23.8037;23.6276;22.3013;-256.269;-256.684;-256.888;-256.942;-255.964;0;None;1000;None;15:25:03.513
7024;23.7959;23.6276;22.3013;-256.269;-256.676;-256.888;-256.95;-255.972;0;None;1000;None;15:25:04.014
7025;23.7959;23.6276;22.3091;-256.262;-256.668;-256.888;-256.942;-255.972;0;None;1000;None;15:25:04.512
7026;23.8037;23.6276;22.3013;-256.269;-256.676;-256.888;-256.95;-255.964;0;None;1000;None;15:25:05.012
7027;23.7881;23.6198;22.3013;-256.262;-256.668;-256.888;-256.942;-255.972;0;None;1000;None;15:25:05.513
7028;23.7959;23.6276;22.3013;-256.262;-256.676;-256.895;-256.942;-255.98;0;None;1000;None;15:25:06.013
7029;23.8037;23.6198;22.3091;-256.269;-256.668;-256.888;-256.942;-255.972;0;None;1000;None;15:25:06.513
7030;23.7959;23.6276;22.3013;-256.269;-256.676;-256.888;-256.95;-255.964;0;None;1000;None;15:25:07.013
7031;23.8037;23.6198;22.3013;-256.269;-256.676;-256.888;-256.935;-255.972;0;None;1000;None;15:25:07.514
7032;23.7959;23.6198;22.3013;-256.262;-256.676;-256.895;-256.95;-255.972;0;None;1000;None;15:25:08.014
7033;23.8037;23.6198;22.3013;-256.269;-256.676;-256.888;-256.935;-255.964;0;None;1000;None;15:25:08.514
7034;23.7959;23.6198;22.3091;-256.269;-256.676;-256.888;-256.942;-255.972;0;None;1000;None;15:25:09.013
7035;23.7959;23.6276;22.3091;-256.277;-256.668;-256.888;-256.95;-255.972;0;None;1000;None;15:25:09.513
7036;23.7959;23.6276;22.3091;-256.269;-256.668;-256.888;-256.935;-255.972;0;None;1000;None;15:25:10.013
7037;23.7959;23.6198;22.3091;-256.269;-256.676;-256.888;-256.95;-255.972;0;None;1000;None;15:25:10.513
7038;23.7959;23.6198;22.3013;-256.277;-256.676;-256.888;-256.942;-255.972;0;None;1000;None;15:25:11.013
7039;23.7959;23.6198;22.3091;-256.285;-256.661;-256.895;-256.942;-255.964;0;None;1000;None;15:25:11.514
7040;23.7959;23.6276;22.3013;-256.269;-256.676;-256.888;-256.942;-255.972;0;None;1000;None;15:25:12.013
7041;23.7959;23.6198;22.3091;-256.285;-256.668;-256.888;-256.942;-255.964;0;None;1000;None;15:25:12.513
7042;23.8037;23.6198;22.3013;-256.277;-256.668;-256.895;-256.95;-255.964;0;None;1000;None;15:25:13.012
7043;23.8037;23.6198;22.3091;-256.277;-256.661;-256.888;-256.942;-255.964;0;None;1000;None;15:25:13.514
7044;23.7959;23.612;22.3013;-256.277;-256.668;-256.888;-256.935;-255.964;0;None;1000;None;15:25:14.012
7045;23.8076;23.612;22.3091;-256.277;-256.668;-256.88;-256.942;-255.964;0;None;1000;None;15:25:14.513
7046;23.8037;23.6198;22.3091;-256.277;-256.668;-256.888;-256.935;-255.972;0;None;1000;None;15:25:15.014
7047;23.8037;23.6198;22.3013;-256.277;-256.668;-256.88;-256.95;-255.964;0;None;1000;None;15:25:15.512
7048;23.8076;23.612;22.3013;-256.277;-256.668;-256.888;-256.95;-255.972;0;None;1000;None;15:25:16.014
7049;23.8037;23.6198;22.3013;-256.277;-256.668;-256.895;-256.942;-255.964;0;None;1000;None;15:25:16.514
7050;23.8037;23.612;22.3013;-256.277;-256.668;-256.888;-256.942;-255.972;0;None;1000;None;15:25:17.013
7051;23.8037;23.6276;22.2935;-256.277;-256.668;-256.895;-256.942;-255.972;0;None;1000;None;15:25:17.513
7052;23.8037;23.6198;22.3013;-256.269;-256.668;-256.888;-256.95;-255.972;0;None;1000;None;15:25:18.013
7053;23.8037;23.6198;22.3013;-256.277;-256.668;-256.88;-256.95;-255.972;0;None;1000;None;15:25:18.514
7054;23.8076;23.612;22.3013;-256.277;-256.661;-256.888;-256.942;-255.972;0;None;1000;None;15:25:19.012
7055;23.8037;23.6198;22.2935;-256.277;-256.668;-256.895;-256.95;-255.972;0;None;1000;None;15:25:19.513
7056;23.8037;23.6198;22.3013;-256.285;-256.668;-256.88;-256.95;-255.964;0;None;1000;None;15:25:20.013
7057;23.8076;23.612;22.3013;-256.277;-256.668;-256.888;-256.942;-255.972;0;None;1000;None;15:25:20.513
7058;23.8037;23.6198;22.2857;-256.277;-256.668;-256.888;-256.942;-255.964;0;None;1000;None;15:25:21.013
7059;23.8037;23.6198;22.2935;-256.277;-256.668;-256.888;-256.95;-255.972;0;None;1000;None;15:25:21.513
7060;23.8076;23.612;22.2935;-256.285;-256.676;-256.888;-256.942;-255.964;0;None;1000;None;15:25:22.013
7061;23.8037;23.612;22.2935;-256.277;-256.668;-256.88;-256.95;-255.972;0;None;1000;None;15:25:22.514
7062;23.8037;23.612;22.2935;-256.277;-256.676;-256.88;-256.942;-255.964;0;None;1000;None;15:25:23.013
7063;23.8037;23.612;22.2857;-256.277;-256.676;-256.888;-256.95;-255.972;0;None;1000;None;15:25:23.513
7064;23.8037;23.6198;22.2935;-256.269;-256.668;-256.888;-256.942;-255.972;0;None;1000;None;15:25:24.013
7065;23.7959;23.612;22.2935;-256.277;-256.668;-256.888;-256.95;-255.964;0;None;1000;None;15:25:24.513
7066;23.7959;23.612;22.2935;-256.277;-256.676;-256.888;-256.95;-255.972;0;None;1000;None;15:25:25.014
7067;23.7959;23.612;22.2935;-256.277;-256.676;-256.88;-256.95;-255.972;0;None;1000;None;15:25:25.513
7068;23.7959;23.612;22.2857;-256.277;-256.668;-256.888;-256.942;-255.972;0;None;1000;None;15:25:26.013
7069;23.7959;23.6198;22.2935;-256.277;-256.668;-256.888;-256.942;-255.972;0;None;1000;None;15:25:26.513
7070;23.7881;23.612;22.2935;-256.277;-256.676;-256.88;-256.942;-255.964;0;None;1000;None;15:25:27.012
7071;23.7959;23.6042;22.2857;-256.269;-256.668;-256.895;-256.942;-255.972;0;None;1000;None;15:25:27.512
7072;23.7959;23.612;22.2778;-256.277;-256.676;-256.888;-256.942;-255.964;0;None;1000;None;15:25:28.014
7073;23.8037;23.6198;22.2935;-256.277;-256.661;-256.888;-256.942;-255.972;0;None;1000;None;15:25:28.515
7074;23.7959;23.612;22.2857;-256.269;-256.676;-256.888;-256.95;-255.972;0;None;1000;None;15:25:29.013
7075;23.8037;23.6042;22.2857;-256.269;-256.668;-256.888;-256.95;-255.972;0;None;1000;None;15:25:29.514
7076;23.7959;23.612;22.2857;-256.277;-256.676;-256.88;-256.942;-255.964;0;None;1000;None;15:25:30.013
7077;23.8037;23.6042;22.2857;-256.277;-256.676;-256.888;-256.95;-255.972;0;None;1000;None;15:25:30.513
7078;23.7959;23.6042;22.2857;-256.269;-256.676;-256.888;-256.942;-255.964;0;None;1000;None;15:25:31.013
7079;23.7881;23.6042;22.2935;-256.277;-256.676;-256.888;-256.942;-255.964;0;None;1000;None;15:25:31.514
7080;23.7959;23.6042;22.3013;-256.269;-256.676;-256.88;-256.95;-255.964;0;None;1000;None;15:25:32.013
7081;23.7881;23.6042;22.2935;-256.277;-256.676;-256.888;-256.95;-255.964;0;None;1000;None;15:25:32.514
7082;23.7881;23.612;22.2935;-256.277;-256.676;-256.888;-256.95;-255.964;0;None;1000;None;15:25:33.012
7083;23.7959;23.6042;22.3013;-256.277;-256.676;-256.895;-256.942;-255.964;0;None;1000;None;15:25:33.514
7084;23.7959;23.612;22.3013;-256.277;-256.676;-256.888;-256.942;-255.964;0;None;1000;None;15:25:34.013
7085;23.7959;23.612;22.3091;-256.277;-256.676;-256.895;-256.942;-255.964;0;None;1000;None;15:25:34.514
7086;23.7959;23.612;22.3091;-256.277;-256.684;-256.888;-256.95;-255.964;0;None;1000;None;15:25:35.014
7087;23.7959;23.6042;22.3091;-256.277;-256.676;-256.888;-256.95;-255.964;0;None;1000;None;15:25:35.513
7088;23.7881;23.6042;22.3013;-256.269;-256.676;-256.888;-256.95;-255.964;0;None;1000;None;15:25:36.012
7089;23.7959;23.612;22.3091;-256.277;-256.684;-256.888;-256.95;-255.956;0;None;1000;None;15:25:36.514
7090;23.7959;23.6042;22.2935;-256.277;-256.676;-256.888;-256.95;-255.964;0;None;1000;None;15:25:37.012
7091;23.7959;23.6042;22.3091;-256.277;-256.676;-256.888;-256.942;-255.964;0;None;1000;None;15:25:37.512
7092;23.7959;23.612;22.3091;-256.277;-256.676;-256.888;-256.95;-255.956;0;None;1000;None;15:25:38.014
7093;23.7959;23.6042;22.317;-256.277;-256.676;-256.888;-256.95;-255.956;0;None;1000;None;15:25:38.514
7094;23.7881;23.6042;22.3091;-256.285;-256.676;-256.888;-256.95;-255.964;0;None;1000;None;15:25:39.014
7095;23.7881;23.6042;22.3013;-256.285;-256.676;-256.888;-256.95;-255.956;0;None;1000;None;15:25:39.515
7096;23.7802;23.612;22.3091;-256.277;-256.676;-256.888;-256.95;-255.964;0;None;1000;None;15:25:40.014
7097;23.7959;23.6042;22.3091;-256.285;-256.676;-256.888;-256.95;-255.956;0;None;1000;None;15:25:40.514
7098;23.7959;23.612;22.3013;-256.277;-256.676;-256.888;-256.958;-255.956;0;None;1000;None;15:25:41.013
7099;23.7959;23.6042;22.3091;-256.277;-256.676;-256.888;-256.942;-255.964;0;None;1000;None;15:25:41.514
7100;23.7959;23.6042;22.3091;-256.277;-256.676;-256.888;-256.95;-255.956;0;None;1000;None;15:25:42.014
7101;23.8037;23.6042;22.3013;-256.277;-256.676;-256.888;-256.942;-255.964;0;None;1000;None;15:25:42.513
7102;23.8037;23.5963;22.317;-256.285;-256.676;-256.888;-256.95;-255.964;0;None;1000;None;15:25:43.013
7103;23.7959;23.6042;22.317;-256.277;-256.676;-256.888;-256.942;-255.956;0;None;1000;None;15:25:43.512
7104;23.7959;23.6042;22.3013;-256.269;-256.668;-256.888;-256.95;-255.964;0;None;1000;None;15:25:44.013
7105;23.7959;23.6042;22.3013;-256.277;-256.676;-256.888;-256.942;-255.956;0;None;1000;None;15:25:44.512
7106;23.7959;23.6042;22.317;-256.277;-256.676;-256.88;-256.942;-255.964;0;None;1000;None;15:25:45.013
7107;23.7959;23.612;22.3091;-256.277;-256.668;-256.888;-256.942;-255.964;0;None;1000;None;15:25:45.514
7108;23.7881;23.6042;22.3013;-256.277;-256.676;-256.888;-256.95;-255.964;0;None;1000;None;15:25:46.013
7109;23.7959;23.6042;22.3091;-256.277;-256.668;-256.888;-256.95;-255.956;0;None;1000;None;15:25:46.512
7110;23.7959;23.6042;22.3013;-256.277;-256.676;-256.88;-256.935;-255.964;0;None;1000;None;15:25:47.013
7111;23.7959;23.6042;22.3091;-256.285;-256.676;-256.88;-256.942;-255.964;0;None;1000;None;15:25:47.512
7112;23.7959;23.6042;22.3013;-256.277;-256.668;-256.88;-256.95;-255.964;0;None;1000;None;15:25:48.012
7113;23.8037;23.6042;22.3091;-256.277;-256.676;-256.88;-256.942;-255.956;0;None;1000;None;15:25:48.512
7114;23.7959;23.6042;22.3091;-256.277;-256.676;-256.88;-256.942;-255.964;0;None;1000;None;15:25:49.013
7115;23.7959;23.5963;22.3091;-256.277;-256.676;-256.888;-256.95;-255.964;0;None;1000;None;15:25:49.513
7116;23.7959;23.6042;22.3091;-256.285;-256.676;-256.888;-256.935;-255.956;0;None;1000;None;15:25:50.013
7117;23.7881;23.6042;22.3091;-256.277;-256.684;-256.88;-256.942;-255.964;0;None;1000;None;15:25:50.512
7118;23.7881;23.6042;22.3091;-256.277;-256.676;-256.888;-256.942;-255.964;0;None;1000;None;15:25:51.012
7119;23.7959;23.6042;22.3013;-256.277;-256.684;-256.888;-256.935;-255.964;0;None;1000;None;15:25:51.515
7120;23.7881;23.6042;22.3013;-256.269;-256.676;-256.88;-256.942;-255.964;0;None;1000;None;15:25:52.014
7121;23.7959;23.6042;22.3013;-256.277;-256.684;-256.888;-256.935;-255.964;0;None;1000;None;15:25:52.514
7122;23.7881;23.6042;22.3091;-256.269;-256.676;-256.88;-256.942;-255.964;0;None;1000;None;15:25:53.014
7123;23.7881;23.6042;22.3091;-256.277;-256.676;-256.88;-256.942;-255.956;0;None;1000;None;15:25:53.514
7124;23.7881;23.6042;22.3091;-256.277;-256.684;-256.888;-256.942;-255.964;0;None;1000;None;15:25:54.013
7125;23.7881;23.6042;22.3013;-256.277;-256.676;-256.88;-256.95;-255.964;0;None;1000;None;15:25:54.514
7126;23.7881;23.6042;22.3013;-256.269;-256.684;-256.888;-256.942;-255.956;0;None;1000;None;15:25:55.013
7127;23.7959;23.6042;22.3013;-256.277;-256.676;-256.888;-256.95;-255.972;0;None;1000;None;15:25:55.514
7128;23.7802;23.6042;22.3091;-256.277;-256.676;-256.888;-256.95;-255.964;0;None;1000;None;15:25:56.013
7129;23.7881;23.6042;22.3013;-256.277;-256.676;-256.88;-256.942;-255.964;0;None;1000;None;15:25:56.514
7130;23.7881;23.6042;22.3091;-256.269;-256.676;-256.888;-256.942;-255.956;0;None;1000;None;15:25:57.012
7131;23.7881;23.6042;22.3013;-256.285;-256.676;-256.88;-256.935;-255.964;0;None;1000;None;15:25:57.512
7132;23.7802;23.6042;22.3091;-256.277;-256.668;-256.88;-256.942;-255.956;0;None;1000;None;15:25:58.013
7133;23.7881;23.6042;22.3091;-256.277;-256.676;-256.88;-256.942;-255.956;0;None;1000;None;15:25:58.514
7134;23.7881;23.6042;22.3013;-256.277;-256.676;-256.88;-256.942;-255.956;0;None;1000;None;15:25:59.012
7135;23.7881;23.6042;22.3013;-256.277;-256.676;-256.88;-256.95;-255.956;0;None;1000;None;15:25:59.515
7136;23.7881;23.6042;22.2935;-256.277;-256.676;-256.872;-256.958;-255.956;0;None;1000;None;15:26:00.013
7137;23.7881;23.5963;22.3013;-256.277;-256.676;-256.888;-256.958;-255.956;0;None;1000;None;15:26:00.514
7138;23.7881;23.5963;22.3013;-256.269;-256.676;-256.88;-256.958;-255.956;0;None;1000;None;15:26:01.012
7139;23.7881;23.6042;22.3013;-256.277;-256.668;-256.88;-256.95;-255.964;0;None;1000;None;15:26:01.513
7140;23.7881;23.5963;22.2935;-256.269;-256.676;-256.88;-256.95;-255.956;0;None;1000;None;15:26:02.015
7141;23.7959;23.5963;22.2857;-256.269;-256.676;-256.88;-256.95;-255.964;0;None;1000;None;15:26:02.514
7142;23.7881;23.6042;22.2778;-256.269;-256.676;-256.888;-256.958;-255.964;0;None;1000;None;15:26:03.012
7143;23.7881;23.6042;22.2857;-256.277;-256.668;-256.88;-256.958;-255.964;0;None;1000;None;15:26:03.514
7144;23.7959;23.5963;22.2857;-256.277;-256.668;-256.88;-256.95;-255.964;0;None;1000;None;15:26:04.013
7145;23.7881;23.6042;22.2935;-256.277;-256.676;-256.88;-256.958;-255.964;0;None;1000;None;15:26:04.514
7146;23.7802;23.6042;22.2935;-256.277;-256.684;-256.888;-256.95;-255.964;0;None;1000;None;15:26:05.013
7147;23.7802;23.6042;22.2857;-256.269;-256.676;-256.88;-256.958;-255.956;0;None;1000;None;15:26:05.515
7148;23.7881;23.5963;22.2857;-256.277;-256.676;-256.888;-256.958;-255.956;0;None;1000;None;15:26:06.013
7149;23.7802;23.5963;22.2935;-256.277;-256.676;-256.88;-256.942;-255.964;0;None;1000;None;15:26:06.514
7150;23.7959;23.6042;22.2857;-256.277;-256.676;-256.88;-256.95;-255.964;0;None;1000;None;15:26:07.012
7151;23.7802;23.6042;22.2935;-256.269;-256.668;-256.88;-256.95;-255.964;0;None;1000;None;15:26:07.513
7152;23.7881;23.5963;22.2857;-256.277;-256.676;-256.888;-256.95;-255.956;0;None;1000;None;15:26:08.013
7153;23.7881;23.6042;22.2935;-256.277;-256.676;-256.88;-256.942;-255.964;0;None;1000;None;15:26:08.513
7154;23.7881;23.5963;22.2857;-256.277;-256.668;-256.88;-256.942;-255.964;0;None;1000;None;15:26:09.012
7155;23.7881;23.5963;22.2935;-256.285;-256.676;-256.88;-256.95;-255.956;0;None;1000;None;15:26:09.513
7156;23.7881;23.5963;22.2935;-256.277;-256.684;-256.888;-256.95;-255.964;0;None;1000;None;15:26:10.013
7157;23.7802;23.5963;22.2935;-256.285;-256.668;-256.88;-256.95;-255.964;0;None;1000;None;15:26:10.512
7158;23.7881;23.6042;22.2857;-256.285;-256.676;-256.88;-256.95;-255.956;0;None;1000;None;15:26:11.013
7159;23.7881;23.6042;22.2857;-256.285;-256.676;-256.88;-256.95;-255.964;0;None;1000;None;15:26:11.512
7160;23.7881;23.5963;22.2857;-256.277;-256.676;-256.888;-256.95;-255.964;0;None;1000;None;15:26:12.013
7161;23.7802;23.5963;22.2935;-256.285;-256.684;-256.88;-256.958;-255.964;0;None;1000;None;15:26:12.512
7162;23.7881;23.6042;22.2857;-256.277;-256.676;-256.88;-256.95;-255.964;0;None;1000;None;15:26:13.015
7163;23.7881;23.5963;22.2857;-256.277;-256.676;-256.888;-256.95;-255.956;0;None;1000;None;15:26:13.514
7164;23.7881;23.6042;22.2935;-256.277;-256.676;-256.88;-256.958;-255.972;0;None;1000;None;15:26:14.011
7165;23.7881;23.5963;22.2857;-256.277;-256.676;-256.888;-256.95;-255.964;0;None;1000;None;15:26:14.512
7166;23.7881;23.5963;22.2857;-256.277;-256.676;-256.88;-256.95;-255.972;0;None;1000;None;15:26:15.014
7167;23.7881;23.5963;22.2935;-256.269;-256.676;-256.888;-256.942;-255.964;0;None;1000;None;15:26:15.513
7168;23.7959;23.5963;22.2857;-256.277;-256.676;-256.88;-256.942;-255.972;0;None;1000;None;15:26:16.013
7169;23.7802;23.5963;22.2857;-256.277;-256.676;-256.88;-256.942;-255.964;0;None;1000;None;15:26:16.513
7170;23.7802;23.5963;22.2935;-256.269;-256.676;-256.888;-256.95;-255.972;0;None;1000;None;15:26:17.012
7171;23.7881;23.5963;22.2857;-256.277;-256.676;-256.88;-256.942;-255.964;0;None;1000;None;15:26:17.514
7172;23.7802;23.5885;22.2857;-256.277;-256.676;-256.88;-256.942;-255.972;0;None;1000;None;15:26:18.012
7173;23.7881;23.5963;22.2857;-256.277;-256.668;-256.88;-256.95;-255.972;0;None;1000;None;15:26:18.512
7174;23.7802;23.5885;22.2857;-256.277;-256.676;-256.888;-256.95;-255.964;0;None;1000;None;15:26:19.012
7175;23.7881;23.5963;22.2857;-256.285;-256.676;-256.88;-256.95;-255.972;0;None;1000;None;15:26:19.513
7176;23.7802;23.5963;22.2857;-256.277;-256.676;-256.88;-256.942;-255.964;0;None;1000;None;15:26:20.012
7177;23.7802;23.5963;22.2857;-256.277;-256.676;-256.888;-256.942;-255.964;0;None;1000;None;15:26:20.513
7178;23.7881;23.5885;22.2935;-256.277;-256.676;-256.88;-256.95;-255.972;0;None;1000;None;15:26:21.012
7179;23.7881;23.6042;22.2857;-256.285;-256.676;-256.888;-256.95;-255.964;0;None;1000;None;15:26:21.515
7180;23.7802;23.5963;22.2857;-256.285;-256.676;-256.88;-256.95;-255.972;0;None;1000;None;15:26:22.012
7181;23.7802;23.5963;22.2857;-256.277;-256.676;-256.888;-256.942;-255.964;0;None;1000;None;15:26:22.512
7182;23.7802;23.6042;22.2857;-256.277;-256.676;-256.888;-256.95;-255.972;0;None;1000;None;15:26:23.012
7183;23.7881;23.5963;22.2935;-256.277;-256.676;-256.888;-256.942;-255.972;0;None;1000;None;15:26:23.514
7184;23.7881;23.5963;22.2935;-256.277;-256.676;-256.888;-256.942;-255.972;0;None;1000;None;15:26:24.013
7185;23.7881;23.5963;22.2935;-256.285;-256.676;-256.88;-256.95;-255.972;0;None;1000;None;15:26:24.514
7186;23.7881;23.5963;22.2935;-256.277;-256.676;-256.88;-256.95;-255.964;0;None;1000;None;15:26:25.013
7187;23.7881;23.5963;22.2857;-256.277;-256.676;-256.888;-256.95;-255.964;0;None;1000;None;15:26:25.514
7188;23.7881;23.5963;22.2935;-256.285;-256.676;-256.888;-256.942;-255.972;0;None;1000;None;15:26:26.014
7189;23.7881;23.5963;22.2857;-256.277;-256.676;-256.888;-256.942;-255.972;0;None;1000;None;15:26:26.515
7190;23.7881;23.6042;22.2935;-256.277;-256.684;-256.88;-256.942;-255.972;0;None;1000;None;15:26:27.016
7191;23.7881;23.5885;22.2935;-256.269;-256.676;-256.88;-256.95;-255.964;0;None;1000;None;15:26:27.513
7192;23.7802;23.5963;22.2935;-256.277;-256.684;-256.88;-256.935;-255.972;0;None;1000;None;15:26:28.012
7193;23.7881;23.5885;22.3013;-256.269;-256.676;-256.88;-256.942;-255.972;0;None;1000;None;15:26:28.514
7194;23.7802;23.5963;22.2935;-256.277;-256.684;-256.888;-256.942;-255.972;0;None;1000;None;15:26:29.012
7195;23.7881;23.5963;22.2935;-256.269;-256.676;-256.88;-256.935;-255.964;0;None;1000;None;15:26:29.513
7196;23.7724;23.5885;22.2857;-256.269;-256.676;-256.888;-256.942;-255.972;0;None;1000;None;15:26:30.012
7197;23.7802;23.5963;22.2857;-256.269;-256.684;-256.88;-256.935;-255.956;0;None;1000;None;15:26:30.515
7198;23.7724;23.5885;22.2935;-256.269;-256.676;-256.88;-256.95;-255.972;0;None;1000;None;15:26:31.012
7199;23.7802;23.5963;22.2935;-256.269;-256.676;-256.88;-256.942;-255.964;0;None;1000;None;15:26:31.513
7200;23.7802;23.5963;22.2935;-256.269;-256.684;-256.888;-256.935;-255.972;0;None;1000;None;15:26:32.012
7201;23.7802;23.5885;22.2935;-256.269;-256.676;-256.88;-256.942;-255.964;0;None;1000;None;15:26:32.513
7202;23.7724;23.5885;22.3013;-256.277;-256.684;-256.888;-256.95;-255.972;0;None;1000;None;15:26:33.012
7203;23.7802;23.5885;22.2935;-256.269;-256.676;-256.888;-256.942;-255.964;0;None;1000;None;15:26:33.513
7204;23.7802;23.5885;22.3013;-256.277;-256.676;-256.88;-256.942;-255.972;0;None;1000;None;15:26:34.012
7205;23.7724;23.5846;22.3013;-256.277;-256.684;-256.88;-256.95;-255.956;0;None;1000;None;15:26:34.514
7206;23.7724;23.5885;22.3013;-256.277;-256.676;-256.888;-256.942;-255.972;0;None;1000;None;15:26:35.013
7207;23.7724;23.5885;22.3013;-256.277;-256.676;-256.888;-256.935;-255.964;0;None;1000;None;15:26:35.513
7208;23.7802;23.5885;22.2935;-256.277;-256.676;-256.88;-256.942;-255.964;0;None;1000;None;15:26:36.012
7209;23.7724;23.5885;22.3013;-256.277;-256.676;-256.888;-256.935;-255.972;0;None;1000;None;15:26:36.513
7210;23.7802;23.5885;22.2935;-256.277;-256.668;-256.88;-256.942;-255.964;0;None;1000;None;15:26:37.012
7211;23.7724;23.5963;22.2935;-256.277;-256.676;-256.888;-256.942;-255.964;0;None;1000;None;15:26:37.512
7212;23.7724;23.5885;22.2935;-256.277;-256.684;-256.88;-256.942;-255.964;0;None;1000;None;15:26:38.011
7213;23.7724;23.5963;22.2857;-256.277;-256.668;-256.888;-256.95;-255.956;0;None;1000;None;15:26:38.511
7214;23.7724;23.5924;22.3013;-256.277;-256.676;-256.88;-256.942;-255.964;0;None;1000;None;15:26:39.012
7215;23.7724;23.5885;22.2857;-256.277;-256.676;-256.888;-256.942;-255.964;0;None;1000;None;15:26:39.514
7216;23.7646;23.5885;22.2935;-256.277;-256.676;-256.888;-256.942;-255.964;0;None;1000;None;15:26:40.011
7217;23.7646;23.5885;22.2935;-256.277;-256.676;-256.88;-256.942;-255.964;0;None;1000;None;15:26:40.513
7218;23.7724;23.5963;22.2935;-256.277;-256.676;-256.888;-256.95;-255.964;0;None;1000;None;15:26:41.013
7219;23.7724;23.5885;22.2935;-256.277;-256.676;-256.88;-256.942;-255.972;0;None;1000;None;15:26:41.512
7220;23.7646;23.5885;22.2935;-256.277;-256.676;-256.888;-256.942;-255.964;0;None;1000;None;15:26:42.011
7221;23.7724;23.5885;22.2935;-256.285;-256.668;-256.88;-256.942;-255.964;0;None;1000;None;15:26:42.513
7222;23.7646;23.5885;22.2935;-256.277;-256.676;-256.88;-256.942;-255.964;0;None;1000;None;15:26:43.013
7223;23.7724;23.5885;22.2935;-256.277;-256.668;-256.88;-256.942;-255.964;0;None;1000;None;15:26:43.514
7224;23.7646;23.5963;22.2935;-256.277;-256.676;-256.888;-256.95;-255.972;0;None;1000;None;15:26:44.011
7225;23.7568;23.5963;22.2857;-256.277;-256.668;-256.88;-256.942;-255.964;0;None;1000;None;15:26:44.514
7226;23.7724;23.5963;22.2857;-256.277;-256.684;-256.88;-256.942;-255.972;0;None;1000;None;15:26:45.014
7227;23.7646;23.6042;22.2935;-256.269;-256.676;-256.88;-256.935;-255.964;0;None;1000;None;15:26:45.513
7228;23.7646;23.5963;22.2857;-256.277;-256.684;-256.872;-256.942;-255.964;0;None;1000;None;15:26:46.011
7229;23.7724;23.6042;22.2935;-256.269;-256.676;-256.88;-256.935;-255.972;0;None;1000;None;15:26:46.514
7230;23.7646;23.6042;22.2857;-256.277;-256.676;-256.88;-256.935;-255.964;0;None;1000;None;15:26:47.014
7231;23.7646;23.6042;22.2935;-256.277;-256.684;-256.88;-256.942;-255.956;0;None;1000;None;15:26:47.514
7232;23.7568;23.6042;22.2935;-256.277;-256.676;-256.88;-256.942;-255.972;0;None;1000;None;15:26:48.012
7233;23.7568;23.6042;22.3013;-256.269;-256.668;-256.88;-256.942;-255.964;0;None;1000;None;15:26:48.514
7234;23.7568;23.6042;22.2935;-256.277;-256.668;-256.88;-256.935;-255.956;0;None;1000;None;15:26:49.014
7235;23.7568;23.6042;22.3013;-256.269;-256.668;-256.88;-256.942;-255.964;0;None;1000;None;15:26:49.513
7236;23.7646;23.6042;22.2857;-256.277;-256.668;-256.88;-256.942;-255.972;0;None;1000;None;15:26:50.013
7237;23.7646;23.5963;22.2857;-256.277;-256.676;-256.88;-256.942;-255.964;0;None;1000;None;15:26:50.513
7238;23.7724;23.6042;22.2935;-256.277;-256.668;-256.888;-256.942;-255.964;0;None;1000;None;15:26:51.013
7239;23.7724;23.6042;22.2935;-256.277;-256.668;-256.88;-256.942;-255.964;0;None;1000;None;15:26:51.513
7240;23.7724;23.6042;22.2857;-256.277;-256.668;-256.88;-256.95;-255.972;0;None;1000;None;15:26:52.011
7241;23.7646;23.6042;22.2857;-256.269;-256.676;-256.88;-256.95;-255.964;0;None;1000;None;15:26:52.512
7242;23.7646;23.6042;22.2857;-256.277;-256.668;-256.888;-256.942;-255.964;0;None;1000;None;15:26:53.011
7243;23.7724;23.5963;22.2857;-256.269;-256.668;-256.895;-256.942;-255.964;0;None;1000;None;15:26:53.513
7244;23.7724;23.6042;22.2857;-256.277;-256.668;-256.888;-256.942;-255.964;0;None;1000;None;15:26:54.011
7245;23.7724;23.5963;22.2857;-256.269;-256.668;-256.88;-256.935;-255.972;0;None;1000;None;15:26:54.513
7246;23.7724;23.5963;22.2935;-256.277;-256.668;-256.888;-256.935;-255.964;0;None;1000;None;15:26:55.012
7247;23.7724;23.6042;22.2857;-256.285;-256.661;-256.88;-256.935;-255.964;0;None;1000;None;15:26:55.513
7248;23.7724;23.5963;22.2935;-256.277;-256.676;-256.88;-256.942;-255.964;0;None;1000;None;15:26:56.012
7249;23.7646;23.5885;22.2857;-256.277;-256.668;-256.888;-256.942;-255.964;0;None;1000;None;15:26:56.513
7250;23.7724;23.5963;22.2857;-256.277;-256.668;-256.88;-256.927;-255.972;0;None;1000;None;15:26:57.013
7251;23.7646;23.5924;22.2857;-256.277;-256.676;-256.888;-256.942;-255.964;0;None;1000;None;15:26:57.512
7252;23.7724;23.5963;22.2935;-256.277;-256.668;-256.88;-256.935;-255.964;0;None;1000;None;15:26:58.011
7253;23.7724;23.5963;22.2857;-256.277;-256.668;-256.88;-256.95;-255.972;0;None;1000;None;15:26:58.513
7254;23.7724;23.5963;22.2857;-256.277;-256.676;-256.888;-256.942;-255.972;0;None;1000;None;15:26:59.013
7255;23.7646;23.5963;22.2857;-256.285;-256.676;-256.888;-256.935;-255.964;0;None;1000;None;15:26:59.514
7256;23.7646;23.6042;22.2857;-256.269;-256.676;-256.88;-256.942;-255.964;0;None;1000;None;15:27:00.013
7257;23.7724;23.5963;22.2935;-256.277;-256.668;-256.888;-256.942;-255.964;0;None;1000;None;15:27:00.512
7258;23.7646;23.6042;22.2857;-256.277;-256.676;-256.88;-256.95;-255.972;0;None;1000;None;15:27:01.011
7259;23.7646;23.6042;22.2935;-256.269;-256.668;-256.88;-256.942;-255.964;0;None;1000;None;15:27:01.513
7260;23.7724;23.5963;22.2857;-256.269;-256.676;-256.88;-256.942;-255.972;0;None;1000;None;15:27:02.011
7261;23.7646;23.5963;22.2935;-256.269;-256.676;-256.88;-256.95;-255.964;0;None;1000;None;15:27:02.512
7262;23.7646;23.6042;22.2935;-256.269;-256.676;-256.88;-256.942;-255.964;0;None;1000;None;15:27:03.011
7263;23.7646;23.5963;22.2935;-256.277;-256.676;-256.888;-256.942;-255.972;0;None;1000;None;15:27:03.513
7264;23.7646;23.6042;22.2857;-256.269;-256.668;-256.888;-256.935;-255.972;0;None;1000;None;15:27:04.011
7265;23.7568;23.5963;22.2857;-256.277;-256.676;-256.888;-256.942;-255.972;0;None;1000;None;15:27:04.511
7266;23.7568;23.6042;22.2778;-256.269;-256.668;-256.88;-256.942;-255.964;0;None;1000;None;15:27:05.011
7267;23.7568;23.5963;22.2817;-256.269;-256.668;-256.888;-256.935;-255.972;0;None;1000;None;15:27:05.512
7268;23.7489;23.6042;22.2857;-256.269;-256.676;-256.88;-256.935;-255.964;0;None;1000;None;15:27:06.011
7269;23.7568;23.5963;22.2778;-256.269;-256.668;-256.88;-256.935;-255.972;0;None;1000;None;15:27:06.512
7270;23.7568;23.6042;22.2857;-256.269;-256.676;-256.888;-256.935;-255.964;0;None;1000;None;15:27:07.012
7271;23.7489;23.5963;22.2857;-256.269;-256.668;-256.88;-256.935;-255.964;0;None;1000;None;15:27:07.512
7272;23.7646;23.5963;22.2935;-256.277;-256.668;-256.888;-256.942;-255.964;0;None;1000;None;15:27:08.011
7273;23.7489;23.6042;22.2857;-256.277;-256.676;-256.888;-256.935;-255.972;0;None;1000;None;15:27:08.511
7274;23.7568;23.6042;22.2935;-256.277;-256.676;-256.88;-256.942;-255.956;0;None;1000;None;15:27:09.011
7275;23.7489;23.6042;22.2857;-256.277;-256.676;-256.88;-256.935;-255.972;0;None;1000;None;15:27:09.513
7276;23.7646;23.6042;22.2935;-256.285;-256.676;-256.88;-256.942;-255.972;0;None;1000;None;15:27:10.012
7277;23.7568;23.5963;22.2935;-256.285;-256.676;-256.888;-256.942;-255.964;0;None;1000;None;15:27:10.511
7278;23.7568;23.5963;22.2935;-256.285;-256.676;-256.88;-256.942;-255.964;0;None;1000;None;15:27:11.011
7279;23.7568;23.5963;22.2935;-256.285;-256.676;-256.88;-256.942;-255.972;0;None;1000;None;15:27:11.510
7280;23.7646;23.5963;22.2935;-256.277;-256.676;-256.88;-256.95;-255.964;0;None;1000;None;15:27:12.010
7281;23.7568;23.5963;22.3013;-256.285;-256.676;-256.88;-256.942;-255.972;0;None;1000;None;15:27:12.511
7282;23.7646;23.5885;22.2935;-256.277;-256.676;-256.88;-256.95;-255.964;0;None;1000;None;15:27:13.011
7283;23.7568;23.5963;22.2857;-256.285;-256.668;-256.888;-256.95;-255.964;0;None;1000;None;15:27:13.511
7284;23.7568;23.5963;22.2857;-256.277;-256.676;-256.88;-256.95;-255.964;0;None;1000;None;15:27:14.011
7285;23.7568;23.5963;22.2857;-256.277;-256.676;-256.888;-256.95;-255.972;0;None;1000;None;15:27:14.512
7286;23.7568;23.5885;22.2857;-256.277;-256.676;-256.888;-256.935;-255.964;0;None;1000;None;15:27:15.011
7287;23.7568;23.5963;22.2935;-256.277;-256.676;-256.888;-256.942;-255.964;0;None;1000;None;15:27:15.511
7288;23.7646;23.5963;22.2935;-256.277;-256.676;-256.88;-256.942;-255.964;0;None;1000;None;15:27:16.012
7289;23.7568;23.5963;22.2935;-256.277;-256.676;-256.88;-256.942;-255.972;0;None;1000;None;15:27:16.512
7290;23.7568;23.5963;22.2935;-256.277;-256.668;-256.888;-256.942;-255.956;0;None;1000;None;15:27:17.012
7291;23.7489;23.6042;22.2935;-256.277;-256.676;-256.88;-256.95;-255.964;0;None;1000;None;15:27:17.511
7292;23.7411;23.5963;22.2935;-256.277;-256.668;-256.888;-256.942;-255.964;0;None;1000;None;15:27:18.011
7293;23.7489;23.6042;22.2857;-256.277;-256.668;-256.888;-256.95;-255.964;0;None;1000;None;15:27:18.511
7294;23.7489;23.5963;22.2935;-256.277;-256.668;-256.895;-256.95;-255.964;0;None;1000;None;15:27:19.012
7295;23.7568;23.6042;22.2857;-256.277;-256.676;-256.88;-256.95;-255.964;0;None;1000;None;15:27:19.511
7296;23.7489;23.6042;22.2935;-256.277;-256.668;-256.888;-256.942;-255.964;0;None;1000;None;15:27:20.011
7297;23.7568;23.6042;22.2857;-256.277;-256.668;-256.888;-256.942;-255.964;0;None;1000;None;15:27:20.512
7298;23.7489;23.6042;22.2935;-256.285;-256.676;-256.88;-256.942;-255.972;0;None;1000;None;15:27:21.012
7299;23.7489;23.5963;22.2857;-256.277;-256.668;-256.888;-256.942;-255.964;0;None;1000;None;15:27:21.512
7300;23.7568;23.6042;22.2857;-256.277;-256.668;-256.888;-256.95;-255.964;0;None;1000;None;15:27:22.012
7301;23.7568;23.6042;22.2857;-256.269;-256.668;-256.88;-256.95;-255.972;0;None;1000;None;15:27:22.511
7302;23.7489;23.6042;22.2857;-256.277;-256.668;-256.888;-256.942;-255.964;0;None;1000;None;15:27:23.011
7303;23.7568;23.6042;22.2857;-256.285;-256.661;-256.88;-256.95;-255.964;0;None;1000;None;15:27:23.511
7304;23.7489;23.612;22.2935;-256.277;-256.676;-256.88;-256.95;-255.964;0;None;1000;None;15:27:24.011
7305;23.7568;23.6042;22.2857;-256.277;-256.668;-256.888;-256.95;-255.964;0;None;1000;None;15:27:24.512
7306;23.7489;23.5963;22.2935;-256.277;-256.684;-256.88;-256.958;-255.964;0;None;1000;None;15:27:25.012
7307;23.7568;23.6042;22.2857;-256.277;-256.668;-256.888;-256.95;-255.964;0;None;1000;None;15:27:25.511
7308;23.7489;23.6042;22.2935;-256.277;-256.676;-256.88;-256.935;-255.964;0;None;1000;None;15:27:26.011
7309;23.7568;23.6042;22.3013;-256.277;-256.668;-256.888;-256.95;-255.964;0;None;1000;None;15:27:26.511
7310;23.7568;23.6042;22.2935;-256.277;-256.676;-256.888;-256.95;-255.964;0;None;1000;None;15:27:27.012
7311;23.7489;23.6042;22.3013;-256.269;-256.676;-256.888;-256.942;-255.956;0;None;1000;None;15:27:27.511
7312;23.7489;23.6042;22.3013;-256.277;-256.676;-256.88;-256.942;-255.964;0;None;1000;None;15:27:28.011
7313;23.7411;23.6042;22.3013;-256.277;-256.668;-256.888;-256.942;-255.972;0;None;1000;None;15:27:28.511
7314;23.7489;23.5963;22.3013;-256.269;-256.676;-256.88;-256.95;-255.964;0;None;1000;None;15:27:29.013
7315;23.7411;23.6042;22.3013;-256.277;-256.684;-256.888;-256.942;-255.964;0;None;1000;None;15:27:29.512
7316;23.7489;23.6042;22.3013;-256.269;-256.668;-256.888;-256.935;-255.964;0;None;1000;None;15:27:30.011
7317;23.7489;23.5963;22.3013;-256.277;-256.676;-256.888;-256.95;-255.964;0;None;1000;None;15:27:30.511
7318;23.7489;23.5963;22.3013;-256.277;-256.668;-256.888;-256.942;-255.964;0;None;1000;None;15:27:31.012
7319;23.7568;23.6042;22.3013;-256.269;-256.676;-256.88;-256.942;-255.964;0;None;1000;None;15:27:31.511
7320;23.7489;23.6042;22.3013;-256.277;-256.668;-256.888;-256.95;-255.964;0;None;1000;None;15:27:32.011
7321;23.7489;23.6042;22.2857;-256.269;-256.676;-256.888;-256.95;-255.956;0;None;1000;None;15:27:32.511
7322;23.7568;23.6042;22.2857;-256.269;-256.676;-256.888;-256.942;-255.964;0;None;1000;None;15:27:33.012
7323;23.7568;23.5963;22.2935;-256.269;-256.684;-256.888;-256.95;-255.964;0;None;1000;None;15:27:33.512
7324;23.7568;23.6042;22.2857;-256.277;-256.676;-256.888;-256.942;-255.964;0;None;1000;None;15:27:34.011
7325;23.7489;23.6042;22.2857;-256.277;-256.676;-256.888;-256.942;-255.964;0;None;1000;None;15:27:34.511
7326;23.7568;23.6042;22.2857;-256.269;-256.676;-256.88;-256.95;-255.964;0;None;1000;None;15:27:35.011
7327;23.7489;23.6042;22.2857;-256.277;-256.676;-256.888;-256.942;-255.964;0;None;1000;None;15:27:35.511
7328;23.7568;23.6042;22.2935;-256.277;-256.676;-256.888;-256.942;-255.972;0;None;1000;None;15:27:36.011
7329;23.7568;23.6042;22.3013;-256.269;-256.676;-256.888;-256.942;-255.964;0;None;1000;None;15:27:36.510
7330;23.7568;23.6042;22.2935;-256.269;-256.668;-256.88;-256.935;-255.972;0;None;1000;None;15:27:37.011
7331;23.7568;23.5885;22.3013;-256.277;-256.684;-256.888;-256.942;-255.964;0;None;1000;None;15:27:37.511
7332;23.7489;23.5963;22.2935;-256.277;-256.676;-256.88;-256.935;-255.964;0;None;1000;None;15:27:38.011
7333;23.7489;23.5963;22.2935;-256.277;-256.676;-256.88;-256.95;-255.972;0;None;1000;None;15:27:38.512
7334;23.7489;23.5963;22.3013;-256.285;-256.676;-256.888;-256.942;-255.964;0;None;1000;None;15:27:39.011
7335;23.7568;23.5963;22.2935;-256.277;-256.676;-256.888;-256.942;-255.964;0;None;1000;None;15:27:39.512
7336;23.7489;23.5885;22.2935;-256.277;-256.676;-256.888;-256.942;-255.964;0;None;1000;None;15:27:40.011
7337;23.7568;23.5963;22.3013;-256.277;-256.676;-256.88;-256.942;-255.956;0;None;1000;None;15:27:40.511
7338;23.7568;23.5963;22.2935;-256.277;-256.676;-256.88;-256.942;-255.964;0;None;1000;None;15:27:41.012
7339;23.7646;23.5963;22.3013;-256.277;-256.676;-256.88;-256.942;-255.956;0;None;1000;None;15:27:41.510
7340;23.7568;23.5963;22.2935;-256.269;-256.676;-256.88;-256.942;-255.964;0;None;1000;None;15:27:42.012
7341;23.7646;23.5885;22.2935;-256.277;-256.676;-256.888;-256.95;-255.964;0;None;1000;None;15:27:42.510
7342;23.7568;23.5885;22.2935;-256.277;-256.676;-256.888;-256.942;-255.964;0;None;1000;None;15:27:43.010
7343;23.7568;23.5885;22.2857;-256.277;-256.668;-256.88;-256.935;-255.964;0;None;1000;None;15:27:43.511
7344;23.7568;23.5963;22.2935;-256.269;-256.676;-256.888;-256.942;-255.964;0;None;1000;None;15:27:44.011
7345;23.7568;23.5885;22.2935;-256.277;-256.676;-256.888;-256.95;-255.964;0;None;1000;None;15:27:44.511
7346;23.7568;23.5963;22.2935;-256.277;-256.676;-256.88;-256.942;-255.964;0;None;1000;None;15:27:45.011
7347;23.7568;23.6042;22.2935;-256.269;-256.676;-256.88;-256.95;-255.964;0;None;1000;None;15:27:45.511
7348;23.7489;23.5963;22.2857;-256.277;-256.684;-256.88;-256.95;-255.956;0;None;1000;None;15:27:46.010
7349;23.7568;23.5963;22.2857;-256.269;-256.676;-256.88;-256.95;-255.964;0;None;1000;None;15:27:46.510
7350;23.7489;23.5963;22.2935;-256.285;-256.684;-256.88;-256.95;-255.964;0;None;1000;None;15:27:47.011
7351;23.7568;23.5963;22.2857;-256.277;-256.684;-256.888;-256.95;-255.964;0;None;1000;None;15:27:47.510
7352;23.7489;23.5963;22.2935;-256.277;-256.676;-256.88;-256.95;-255.964;0;None;1000;None;15:27:48.013
7353;23.7568;23.5885;22.2935;-256.269;-256.676;-256.88;-256.95;-255.964;0;None;1000;None;15:27:48.511
7354;23.7489;23.5885;22.2857;-256.285;-256.676;-256.888;-256.958;-255.964;0;None;1000;None;15:27:49.010
7355;23.7568;23.5885;22.2935;-256.285;-256.676;-256.888;-256.942;-255.964;0;None;1000;None;15:27:49.512
7356;23.7568;23.5963;22.2857;-256.277;-256.684;-256.888;-256.95;-255.964;0;None;1000;None;15:27:50.011
7357;23.7568;23.5963;22.2935;-256.269;-256.684;-256.895;-256.942;-255.964;0;None;1000;None;15:27:50.510
7358;23.7489;23.5885;22.2857;-256.277;-256.684;-256.888;-256.942;-255.972;0;None;1000;None;15:27:51.010
7359;23.7568;23.5963;22.2935;-256.277;-256.676;-256.888;-256.942;-255.964;0;None;1000;None;15:27:51.510
7360;23.7489;23.5963;22.2935;-256.277;-256.676;-256.888;-256.95;-255.972;0;None;1000;None;15:27:52.011
7361;23.7489;23.5885;22.2857;-256.277;-256.684;-256.895;-256.942;-255.964;0;None;1000;None;15:27:52.511
7362;23.7568;23.5885;22.2935;-256.277;-256.684;-256.888;-256.942;-255.972;0;None;1000;None;15:27:53.012
7363;23.7568;23.5885;22.2935;-256.277;-256.684;-256.888;-256.95;-255.964;0;None;1000;None;15:27:53.511
7364;23.7568;23.5885;22.3013;-256.277;-256.684;-256.888;-256.95;-255.972;0;None;1000;None;15:27:54.011
7365;23.7489;23.5924;22.3013;-256.285;-256.676;-256.88;-256.942;-255.964;0;None;1000;None;15:27:54.511
7366;23.7568;23.5885;22.2935;-256.277;-256.676;-256.888;-256.942;-255.964;0;None;1000;None;15:27:55.011
7367;23.7489;23.5963;22.3013;-256.277;-256.676;-256.888;-256.95;-255.964;0;None;1000;None;15:27:55.512
7368;23.7568;23.5963;22.3013;-256.285;-256.684;-256.888;-256.95;-255.972;0;None;1000;None;15:27:56.011
7369;23.7489;23.5963;22.3013;-256.277;-256.676;-256.88;-256.942;-255.972;0;None;1000;None;15:27:56.511
7370;23.7646;23.5963;22.3091;-256.285;-256.684;-256.888;-256.95;-255.972;0;None;1000;None;15:27:57.011
7371;23.7568;23.5963;22.3091;-256.277;-256.676;-256.895;-256.942;-255.964;0;None;1000;None;15:27:57.511
7372;23.7568;23.5963;22.3091;-256.277;-256.684;-256.888;-256.95;-255.972;0;None;1000;None;15:27:58.011
7373;23.7489;23.6042;22.3013;-256.285;-256.676;-256.888;-256.942;-255.964;0;None;1000;None;15:27:58.511
7374;23.7568;23.6042;22.3091;-256.277;-256.676;-256.888;-256.95;-255.956;0;None;1000;None;15:27:59.010
7375;23.7568;23.6042;22.3013;-256.277;-256.676;-256.888;-256.95;-255.964;0;None;1000;None;15:27:59.511
7376;23.7568;23.612;22.3091;-256.277;-256.676;-256.895;-256.95;-255.964;0;None;1000;None;15:28:00.012
7377;23.7568;23.5963;22.3013;-256.277;-256.676;-256.888;-256.958;-255.972;0;None;1000;None;15:28:00.512
7378;23.7568;23.6042;22.3091;-256.277;-256.684;-256.888;-256.95;-255.964;0;None;1000;None;15:28:01.010
7379;23.7489;23.5963;22.3091;-256.277;-256.676;-256.888;-256.95;-255.964;0;None;1000;None;15:28:01.511
7380;23.7489;23.6042;22.3091;-256.285;-256.684;-256.888;-256.95;-255.964;0;None;1000;None;15:28:02.011
7381;23.7568;23.6042;22.3013;-256.277;-256.668;-256.895;-256.95;-255.964;0;None;1000;None;15:28:02.510
7382;23.7646;23.6042;22.3091;-256.277;-256.684;-256.888;-256.95;-255.964;0;None;1000;None;15:28:03.010
7383;23.7646;23.5963;22.3013;-256.277;-256.676;-256.888;-256.958;-255.956;0;None;1000;None;15:28:03.510
7384;23.7646;23.6042;22.3091;-256.277;-256.676;-256.895;-256.958;-255.964;0;None;1000;None;15:28:04.010
7385;23.7568;23.5963;22.3013;-256.277;-256.676;-256.888;-256.95;-255.956;0;None;1000;None;15:28:04.510
7386;23.7568;23.6042;22.3091;-256.269;-256.676;-256.888;-256.958;-255.964;0;None;1000;None;15:28:05.011
7387;23.7646;23.612;22.3091;-256.277;-256.676;-256.888;-256.95;-255.972;0;None;1000;None;15:28:05.510
7388;23.7568;23.612;22.3013;-256.277;-256.676;-256.895;-256.95;-255.972;0;None;1000;None;15:28:06.011
7389;23.7646;23.612;22.3091;-256.277;-256.684;-256.888;-256.95;-255.964;0;None;1000;None;15:28:06.510
7390;23.7724;23.612;22.3013;-256.277;-256.676;-256.888;-256.95;-255.964;0;None;1000;None;15:28:07.010
7391;23.7646;23.612;22.3013;-256.277;-256.676;-256.888;-256.958;-255.964;0;None;1000;None;15:28:07.510
7392;23.7646;23.6042;22.3091;-256.277;-256.684;-256.888;-256.95;-255.972;0;None;1000;None;15:28:08.011
7393;23.7646;23.612;22.3013;-256.269;-256.676;-256.888;-256.958;-255.964;0;None;1000;None;15:28:08.510
7394;23.7646;23.612;22.3091;-256.277;-256.676;-256.895;-256.958;-255.964;0;None;1000;None;15:28:09.013
7395;23.7568;23.6042;22.3091;-256.277;-256.684;-256.888;-256.95;-255.964;0;None;1000;None;15:28:09.511
7396;23.7646;23.5963;22.3091;-256.277;-256.676;-256.888;-256.95;-255.964;0;None;1000;None;15:28:10.012
7397;23.7724;23.612;22.3091;-256.277;-256.676;-256.895;-256.95;-255.964;0;None;1000;None;15:28:10.511
7398;23.7646;23.6042;22.3091;-256.277;-256.684;-256.888;-256.95;-255.964;0;None;1000;None;15:28:11.010
7399;23.7646;23.5963;22.3091;-256.277;-256.676;-256.895;-256.942;-255.964;0;None;1000;None;15:28:11.512
7400;23.7724;23.6042;22.3013;-256.285;-256.676;-256.888;-256.95;-255.964;0;None;1000;None;15:28:12.010
7401;23.7802;23.6042;22.3091;-256.277;-256.676;-256.895;-256.942;-255.964;0;None;1000;None;15:28:12.510
7402;23.7724;23.6042;22.3091;-256.277;-256.676;-256.888;-256.95;-255.956;0;None;1000;None;15:28:13.010
7403;23.7646;23.6042;22.3013;-256.277;-256.676;-256.895;-256.942;-255.964;0;None;1000;None;15:28:13.511
7404;23.7646;23.5963;22.3091;-256.277;-256.676;-256.888;-256.942;-255.964;0;None;1000;None;15:28:14.011
7405;23.7646;23.5963;22.3013;-256.277;-256.676;-256.895;-256.942;-255.956;0;None;1000;None;15:28:14.511
7406;23.7646;23.6042;22.3013;-256.277;-256.676;-256.88;-256.95;-255.964;0;None;1000;None;15:28:15.011
7407;23.7646;23.6042;22.2935;-256.277;-256.676;-256.888;-256.942;-255.964;0;None;1000;None;15:28:15.510
7408;23.7724;23.6042;22.317;-256.277;-256.684;-256.888;-256.942;-255.964;0;None;1000;None;15:28:16.010
7409;23.7568;23.5963;22.3091;-256.277;-256.676;-256.895;-256.942;-255.964;0;None;1000;None;15:28:16.511
7410;23.7646;23.6042;22.3013;-256.285;-256.676;-256.888;-256.942;-255.956;0;None;1000;None;15:28:17.010
7411;23.7568;23.6042;22.3013;-256.277;-256.676;-256.888;-256.942;-255.956;0;None;1000;None;15:28:17.511
7412;23.7646;23.6042;22.2935;-256.277;-256.676;-256.888;-256.942;-255.964;0;None;1000;None;15:28:18.012
7413;23.7568;23.6042;22.2935;-256.285;-256.676;-256.895;-256.95;-255.964;0;None;1000;None;15:28:18.511
7414;23.7724;23.6042;22.3013;-256.277;-256.684;-256.888;-256.942;-255.964;0;None;1000;None;15:28:19.010
7415;23.7646;23.612;22.2935;-256.285;-256.668;-256.88;-256.95;-255.972;0;None;1000;None;15:28:19.511
7416;23.7646;23.6042;22.3013;-256.277;-256.676;-256.888;-256.95;-255.972;0;None;1000;None;15:28:20.010
7417;23.7646;23.612;22.3013;-256.285;-256.668;-256.888;-256.95;-255.964;0;None;1000;None;15:28:20.510
7418;23.7646;23.612;22.3013;-256.285;-256.676;-256.888;-256.95;-255.972;0;None;1000;None;15:28:21.011
7419;23.7568;23.612;22.3013;-256.277;-256.676;-256.88;-256.942;-255.972;0;None;1000;None;15:28:21.510
7420;23.7646;23.6042;22.3013;-256.285;-256.668;-256.88;-256.95;-255.964;0;None;1000;None;15:28:22.010
7421;23.7646;23.612;22.3013;-256.277;-256.676;-256.872;-256.95;-255.972;0;None;1000;None;15:28:22.511
7422;23.7568;23.6042;22.2935;-256.285;-256.668;-256.88;-256.95;-255.972;0;None;1000;None;15:28:23.011
7423;23.7646;23.6042;22.3091;-256.277;-256.684;-256.888;-256.958;-255.972;0;None;1000;None;15:28:23.510
7424;23.7646;23.6042;22.3013;-256.277;-256.676;-256.88;-256.942;-255.964;0;None;1000;None;15:28:24.010
7425;23.7646;23.6042;22.3013;-256.277;-256.676;-256.888;-256.95;-255.972;0;None;1000;None;15:28:24.511
7426;23.7646;23.6042;22.3091;-256.277;-256.676;-256.88;-256.942;-255.964;0;None;1000;None;15:28:25.010
7427;23.7646;23.6042;22.3013;-256.277;-256.676;-256.888;-256.942;-255.972;0;None;1000;None;15:28:25.511
7428;23.7568;23.6042;22.3013;-256.277;-256.676;-256.88;-256.95;-255.964;0;None;1000;None;15:28:26.010
7429;23.7568;23.5963;22.3013;-256.277;-256.676;-256.88;-256.942;-255.972;0;None;1000;None;15:28:26.511
7430;23.7646;23.6042;22.3013;-256.277;-256.676;-256.88;-256.95;-255.972;0;None;1000;None;15:28:27.010
7431;23.7568;23.6042;22.3013;-256.269;-256.668;-256.872;-256.942;-255.964;0;None;1000;None;15:28:27.511
7432;23.7568;23.6042;22.3013;-256.277;-256.668;-256.88;-256.942;-255.972;0;None;1000;None;15:28:28.010
7433;23.7724;23.6042;22.3013;-256.277;-256.668;-256.888;-256.942;-255.964;0;None;1000;None;15:28:28.511
7434;23.7568;23.6042;22.3013;-256.277;-256.668;-256.88;-256.95;-255.964;0;None;1000;None;15:28:29.011
7435;23.7646;23.6042;22.3013;-256.277;-256.668;-256.88;-256.95;-255.972;0;None;1000;None;15:28:29.511
7436;23.7568;23.6042;22.3013;-256.285;-256.676;-256.88;-256.95;-255.964;0;None;1000;None;15:28:30.010
7437;23.7568;23.6042;22.3013;-256.269;-256.676;-256.88;-256.942;-255.972;0;None;1000;None;15:28:30.511
7438;23.7646;23.6042;22.3013;-256.277;-256.668;-256.88;-256.958;-255.964;0;None;1000;None;15:28:31.010
7439;23.7646;23.6042;22.3013;-256.269;-256.676;-256.888;-256.935;-255.964;0;None;1000;None;15:28:31.510
7440;23.7646;23.5963;22.2935;-256.277;-256.676;-256.88;-256.942;-255.964;0;None;1000;None;15:28:32.010
7441;23.7646;23.612;22.3013;-256.277;-256.676;-256.88;-256.95;-255.964;0;None;1000;None;15:28:32.511
7442;23.7646;23.5963;22.3013;-256.277;-256.676;-256.888;-256.942;-255.964;0;None;1000;None;15:28:33.011
7443;23.7646;23.6042;22.3091;-256.277;-256.668;-256.888;-256.958;-255.964;0;None;1000;None;15:28:33.511
7444;23.7724;23.6042;22.2935;-256.269;-256.684;-256.88;-256.95;-255.964;0;None;1000;None;15:28:34.011
7445;23.7568;23.5963;22.3013;-256.269;-256.668;-256.88;-256.958;-255.964;0;None;1000;None;15:28:34.511
7446;23.7568;23.6042;22.2935;-256.277;-256.684;-256.888;-256.942;-255.956;0;None;1000;None;15:28:35.011
7447;23.7568;23.6042;22.3013;-256.277;-256.676;-256.888;-256.95;-255.964;0;None;1000;None;15:28:35.510
7448;23.7489;23.612;22.3013;-256.277;-256.676;-256.88;-256.942;-255.964;0;None;1000;None;15:28:36.010
7449;23.7489;23.612;22.3013;-256.277;-256.676;-256.88;-256.942;-255.964;0;None;1000;None;15:28:36.510
7450;23.7568;23.6042;22.3013;-256.277;-256.668;-256.88;-256.95;-255.964;0;None;1000;None;15:28:37.010
7451;23.7568;23.612;22.2935;-256.277;-256.668;-256.888;-256.942;-255.964;0;None;1000;None;15:28:37.509
7452;23.7568;23.612;22.3013;-256.269;-256.668;-256.88;-256.95;-255.956;0;None;1000;None;15:28:38.009
7453;23.7489;23.5963;22.2935;-256.277;-256.661;-256.888;-256.95;-255.964;0;None;1000;None;15:28:38.510
7454;23.7489;23.5963;22.3013;-256.277;-256.676;-256.88;-256.942;-255.964;0;None;1000;None;15:28:39.010
7455;23.7568;23.6042;22.3013;-256.277;-256.668;-256.88;-256.942;-255.964;0;None;1000;None;15:28:39.509
7456;23.7568;23.6042;22.3013;-256.277;-256.676;-256.888;-256.935;-255.964;0;None;1000;None;15:28:40.010
7457;23.7568;23.6042;22.2935;-256.277;-256.676;-256.88;-256.935;-255.972;0;None;1000;None;15:28:40.511
7458;23.7489;23.612;22.3013;-256.277;-256.668;-256.88;-256.942;-255.964;0;None;1000;None;15:28:41.011
7459;23.7489;23.6042;22.3013;-256.277;-256.676;-256.88;-256.95;-255.964;0;None;1000;None;15:28:41.510
7460;23.7568;23.612;22.3013;-256.269;-256.676;-256.88;-256.942;-255.964;0;None;1000;None;15:28:42.012
7461;23.7489;23.6042;22.3091;-256.277;-256.668;-256.88;-256.942;-255.972;0;None;1000;None;15:28:42.510
7462;23.7489;23.6042;22.3013;-256.277;-256.676;-256.88;-256.95;-255.964;0;None;1000;None;15:28:43.009
7463;23.7568;23.6042;22.3091;-256.277;-256.676;-256.88;-256.935;-255.964;0;None;1000;None;15:28:43.510
7464;23.7489;23.612;22.3013;-256.277;-256.668;-256.872;-256.95;-255.964;0;None;1000;None;15:28:44.009
7465;23.7411;23.6042;22.3013;-256.277;-256.676;-256.88;-256.942;-255.964;0;None;1000;None;15:28:44.510
7466;23.7489;23.6042;22.3013;-256.277;-256.676;-256.872;-256.95;-255.964;0;None;1000;None;15:28:45.012
7467;23.7568;23.6042;22.3091;-256.269;-256.676;-256.88;-256.95;-255.972;0;None;1000;None;15:28:45.510
7468;23.7489;23.6042;22.3013;-256.277;-256.676;-256.88;-256.942;-255.964;0;None;1000;None;15:28:46.010
7469;23.7568;23.612;22.3091;-256.277;-256.661;-256.888;-256.95;-255.972;0;None;1000;None;15:28:46.511
7470;23.7568;23.6042;22.3013;-256.269;-256.668;-256.872;-256.942;-255.964;0;None;1000;None;15:28:47.010
7471;23.7568;23.6042;22.3091;-256.277;-256.668;-256.872;-256.942;-255.972;0;None;1000;None;15:28:47.509
7472;23.7568;23.6042;22.3013;-256.277;-256.676;-256.88;-256.95;-255.964;0;None;1000;None;15:28:48.010
7473;23.7568;23.612;22.3013;-256.285;-256.668;-256.88;-256.942;-255.972;0;None;1000;None;15:28:48.511
7474;23.7568;23.6042;22.3091;-256.277;-256.668;-256.88;-256.95;-255.964;0;None;1000;None;15:28:49.010
7475;23.7568;23.612;22.3013;-256.269;-256.676;-256.88;-256.942;-255.972;0;None;1000;None;15:28:49.511
7476;23.7489;23.6042;22.3013;-256.269;-256.676;-256.88;-256.942;-255.972;0;None;1000;None;15:28:50.010
7477;23.7646;23.612;22.3013;-256.277;-256.676;-256.872;-256.95;-255.972;0;None;1000;None;15:28:50.510
7478;23.7568;23.5963;22.2935;-256.285;-256.676;-256.88;-256.95;-255.972;0;None;1000;None;15:28:51.010
7479;23.7489;23.6042;22.3013;-256.269;-256.676;-256.88;-256.95;-255.964;0;None;1000;None;15:28:51.511
7480;23.7568;23.6042;22.3091;-256.269;-256.668;-256.872;-256.942;-255.964;0;None;1000;None;15:28:52.010
7481;23.7489;23.612;22.3013;-256.277;-256.676;-256.88;-256.95;-255.972;0;None;1000;None;15:28:52.510
7482;23.7568;23.6042;22.2935;-256.269;-256.668;-256.888;-256.942;-255.972;0;None;1000;None;15:28:53.010
7483;23.7568;23.6042;22.3013;-256.277;-256.676;-256.88;-256.942;-255.964;0;None;1000;None;15:28:53.510
7484;23.7568;23.6042;22.3091;-256.269;-256.676;-256.88;-256.942;-255.972;0;None;1000;None;15:28:54.011
7485;23.7568;23.6042;22.3013;-256.277;-256.676;-256.88;-256.942;-255.972;0;None;1000;None;15:28:54.510
7486;23.7568;23.6042;22.3013;-256.269;-256.676;-256.872;-256.95;-255.964;0;None;1000;None;15:28:55.010
7487;23.7568;23.6042;22.3013;-256.277;-256.676;-256.88;-256.95;-255.972;0;None;1000;None;15:28:55.509
7488;23.7568;23.5963;22.3013;-256.269;-256.668;-256.88;-256.935;-255.972;0;None;1000;None;15:28:56.010
7489;23.7646;23.5963;22.3013;-256.269;-256.668;-256.88;-256.942;-255.972;0;None;1000;None;15:28:56.511
7490;23.7568;23.6042;22.3013;-256.269;-256.676;-256.88;-256.942;-255.964;0;None;1000;None;15:28:57.011
7491;23.7646;23.5963;22.3013;-256.269;-256.676;-256.888;-256.942;-255.972;0;None;1000;None;15:28:57.511
7492;23.7568;23.5963;22.2935;-256.277;-256.676;-256.88;-256.95;-255.964;0;None;1000;None;15:28:58.010
7493;23.7568;23.6042;22.3013;-256.269;-256.668;-256.88;-256.95;-255.972;0;None;1000;None;15:28:58.511
7494;23.7646;23.6042;22.3013;-256.277;-256.676;-256.88;-256.942;-255.964;0;None;1000;None;15:28:59.011
7495;23.7568;23.6042;22.3013;-256.277;-256.676;-256.888;-256.95;-255.972;0;None;1000;None;15:28:59.512
7496;23.7646;23.612;22.3013;-256.277;-256.668;-256.88;-256.942;-255.964;0;None;1000;None;15:29:00.009
7497;23.7646;23.6042;22.3013;-256.277;-256.676;-256.888;-256.942;-255.972;0;None;1000;None;15:29:00.510
7498;23.7568;23.5963;22.2935;-256.277;-256.676;-256.88;-256.942;-255.964;0;None;1000;None;15:29:01.009
7499;23.7568;23.6042;22.3013;-256.277;-256.676;-256.888;-256.942;-255.964;0;None;1000;None;15:29:01.509
7500;23.7646;23.6042;22.3013;-256.277;-256.668;-256.888;-256.942;-255.964;0;None;1000;None;15:29:02.009
7501;23.7568;23.5963;22.3013;-256.277;-256.676;-256.88;-256.942;-255.964;0;None;1000;None;15:29:02.509
7502;23.7646;23.6042;22.3013;-256.269;-256.676;-256.888;-256.95;-255.964;0;None;1000;None;15:29:03.009
7503;23.7568;23.6042;22.3091;-256.277;-256.684;-256.888;-256.942;-255.964;0;None;1000;None;15:29:03.509
7504;23.7646;23.6042;22.3091;-256.277;-256.676;-256.888;-256.942;-255.964;0;None;1000;None;15:29:04.010
7505;23.7568;23.6042;22.3013;-256.277;-256.676;-256.88;-256.95;-255.964;0;None;1000;None;15:29:04.510
7506;23.7489;23.6042;22.3013;-256.269;-256.676;-256.888;-256.935;-255.972;0;None;1000;None;15:29:05.009
7507;23.7568;23.6042;22.3013;-256.277;-256.676;-256.888;-256.942;-255.964;0;None;1000;None;15:29:05.509
7508;23.7489;23.5963;22.3013;-256.262;-256.676;-256.88;-256.942;-255.956;0;None;1000;None;15:29:06.010
7509;23.7568;23.6042;22.3013;-256.277;-256.676;-256.888;-256.942;-255.964;0;None;1000;None;15:29:06.511
7510;23.7568;23.5963;22.2935;-256.269;-256.676;-256.888;-256.942;-255.972;0;None;1000;None;15:29:07.010
7511;23.7568;23.6042;22.3013;-256.277;-256.676;-256.88;-256.95;-255.964;0;None;1000;None;15:29:07.511
7512;23.7489;23.5963;22.3013;-256.277;-256.676;-256.88;-256.942;-255.956;0;None;1000;None;15:29:08.010
7513;23.7568;23.5963;22.3013;-256.269;-256.676;-256.888;-256.935;-255.972;0;None;1000;None;15:29:08.510
7514;23.7489;23.5963;22.3091;-256.262;-256.676;-256.888;-256.942;-255.956;0;None;1000;None;15:29:09.010
7515;23.7568;23.5963;22.3013;-256.269;-256.676;-256.888;-256.942;-255.964;0;None;1000;None;15:29:09.510
7516;23.7568;23.5885;22.3013;-256.277;-256.668;-256.88;-256.935;-255.964;0;None;1000;None;15:29:10.009
7517;23.7568;23.5963;22.3013;-256.269;-256.676;-256.888;-256.942;-255.964;0;None;1000;None;15:29:10.510
7518;23.7568;23.5963;22.3013;-256.269;-256.668;-256.88;-256.935;-255.956;0;None;1000;None;15:29:11.010
7519;23.7568;23.5963;22.3013;-256.277;-256.676;-256.888;-256.942;-255.964;0;None;1000;None;15:29:11.509
7520;23.7646;23.5963;22.3091;-256.277;-256.676;-256.88;-256.942;-255.964;0;None;1000;None;15:29:12.010
7521;23.7568;23.6042;22.3013;-256.269;-256.668;-256.888;-256.942;-255.964;0;None;1000;None;15:29:12.510
7522;23.7646;23.5963;22.2935;-256.277;-256.668;-256.88;-256.942;-255.964;0;None;1000;None;15:29:13.010
7523;23.7646;23.5963;22.2935;-256.277;-256.676;-256.888;-256.935;-255.964;0;None;1000;None;15:29:13.511
7524;23.7568;23.5963;22.3013;-256.269;-256.676;-256.88;-256.942;-255.972;0;None;1000;None;15:29:14.010
7525;23.7568;23.5963;22.2935;-256.277;-256.676;-256.888;-256.942;-255.972;0;None;1000;None;15:29:14.510
7526;23.7568;23.6042;22.2935;-256.269;-256.676;-256.88;-256.942;-255.964;0;None;1000;None;15:29:15.010
7527;23.7568;23.6042;22.3013;-256.285;-256.668;-256.888;-256.942;-255.964;0;None;1000;None;15:29:15.510
7528;23.7646;23.6042;22.2935;-256.277;-256.684;-256.88;-256.95;-255.964;0;None;1000;None;15:29:16.010
7529;23.7489;23.5963;22.3013;-256.277;-256.676;-256.88;-256.942;-255.964;0;None;1000;None;15:29:16.510
7530;23.7568;23.6042;22.2935;-256.277;-256.668;-256.88;-256.935;-255.956;0;None;1000;None;15:29:17.009
7531;23.7568;23.6042;22.3013;-256.277;-256.668;-256.872;-256.935;-255.964;0;None;1000;None;15:29:17.510
7532;23.7568;23.6042;22.3013;-256.269;-256.676;-256.88;-256.942;-255.964;0;None;1000;None;15:29:18.010
7533;23.7568;23.5963;22.2935;-256.277;-256.668;-256.88;-256.942;-255.964;0;None;1000;None;15:29:18.511
7534;23.7646;23.6042;22.3091;-256.269;-256.668;-256.88;-256.935;-255.972;0;None;1000;None;15:29:19.010
7535;23.7568;23.6042;22.3013;-256.277;-256.668;-256.88;-256.935;-255.964;0;None;1000;None;15:29:19.509
7536;23.7646;23.6042;22.3013;-256.269;-256.668;-256.88;-256.942;-255.964;0;None;1000;None;15:29:20.010
7537;23.7646;23.612;22.3091;-256.277;-256.676;-256.872;-256.935;-255.956;0;None;1000;None;15:29:20.511
7538;23.7568;23.6042;22.3013;-256.277;-256.668;-256.88;-256.942;-255.964;0;None;1000;None;15:29:21.010
7539;23.7646;23.6042;22.3013;-256.277;-256.668;-256.888;-256.942;-255.972;0;None;1000;None;15:29:21.511
7540;23.7568;23.6042;22.3013;-256.269;-256.676;-256.88;-256.942;-255.964;0;None;1000;None;15:29:22.011
7541;23.7646;23.5963;22.2935;-256.277;-256.676;-256.888;-256.935;-255.964;0;None;1000;None;15:29:22.511
7542;23.7646;23.6042;22.3091;-256.269;-256.668;-256.88;-256.942;-255.972;0;None;1000;None;15:29:23.010
7543;23.7568;23.5963;22.3013;-256.269;-256.676;-256.888;-256.942;-255.964;0;None;1000;None;15:29:23.510
7544;23.7646;23.5963;22.3091;-256.269;-256.668;-256.88;-256.942;-255.964;0;None;1000;None;15:29:24.011
7545;23.7646;23.5963;22.3013;-256.269;-256.676;-256.888;-256.942;-255.98;0;None;1000;None;15:29:24.510
7546;23.7568;23.5885;22.3091;-256.269;-256.676;-256.895;-256.942;-255.972;0;None;1000;None;15:29:25.010
7547;23.7568;23.5963;22.3013;-256.277;-256.684;-256.888;-256.935;-255.98;0;None;1000;None;15:29:25.510
7548;23.7568;23.5963;22.3013;-256.269;-256.668;-256.888;-256.942;-255.98;0;None;1000;None;15:29:26.009
7549;23.7646;23.6042;22.3091;-256.277;-256.684;-256.888;-256.942;-255.98;0;None;1000;None;15:29:26.509
7550;23.7568;23.5885;22.2935;-256.269;-256.676;-256.888;-256.942;-255.98;0;None;1000;None;15:29:27.009
7551;23.7568;23.5963;22.2935;-256.277;-256.684;-256.88;-256.935;-255.98;0;None;1000;None;15:29:27.509
7552;23.7646;23.5963;22.2935;-256.269;-256.676;-256.888;-256.942;-255.98;0;None;1000;None;15:29:28.008
7553;23.7568;23.5963;22.2857;-256.269;-256.684;-256.888;-256.942;-255.988;0;None;1000;None;15:29:28.509
7554;23.7568;23.5963;22.2857;-256.269;-256.676;-256.888;-256.935;-255.98;0;None;1000;None;15:29:29.009
7555;23.7646;23.5963;22.2935;-256.269;-256.676;-256.888;-256.942;-255.98;0;None;1000;None;15:29:29.509
7556;23.7568;23.5963;22.2857;-256.269;-256.676;-256.888;-256.935;-255.98;0;None;1000;None;15:29:30.009
7557;23.7568;23.5963;22.2935;-256.269;-256.684;-256.895;-256.935;-255.98;0;None;1000;None;15:29:30.509
7558;23.7489;23.5885;22.2857;-256.277;-256.676;-256.888;-256.942;-255.988;0;None;1000;None;15:29:31.009
7559;23.7568;23.5885;22.2857;-256.269;-256.684;-256.888;-256.95;-255.98;0;None;1000;None;15:29:31.511
7560;23.7489;23.5885;22.2857;-256.277;-256.676;-256.888;-256.942;-255.98;0;None;1000;None;15:29:32.009
7561;23.7646;23.5963;22.2857;-256.269;-256.684;-256.895;-256.95;-255.988;0;None;1000;None;15:29:32.510
7562;23.7489;23.5885;22.2935;-256.269;-256.676;-256.888;-256.942;-255.98;0;None;1000;None;15:29:33.011
7563;23.7568;23.5885;22.2857;-256.277;-256.684;-256.888;-256.95;-255.98;0;None;1000;None;15:29:33.509
7564;23.7568;23.5963;22.2935;-256.277;-256.676;-256.895;-256.942;-255.988;0;None;1000;None;15:29:34.009
7565;23.7489;23.5963;22.2935;-256.269;-256.684;-256.888;-256.95;-255.988;0;None;1000;None;15:29:34.509
7566;23.7568;23.5963;22.2935;-256.277;-256.676;-256.895;-256.942;-255.988;0;None;1000;None;15:29:35.009
7567;23.7568;23.5885;22.3013;-256.277;-256.668;-256.888;-256.942;-255.98;0;None;1000;None;15:29:35.510
7568;23.7568;23.5963;22.2935;-256.269;-256.676;-256.88;-256.942;-255.98;0;None;1000;None;15:29:36.010
7569;23.7568;23.5885;22.2935;-256.277;-256.676;-256.895;-256.935;-255.98;0;None;1000;None;15:29:36.510
7570;23.7489;23.5885;22.2935;-256.277;-256.676;-256.88;-256.942;-255.98;0;None;1000;None;15:29:37.011
7571;23.7568;23.5885;22.2935;-256.277;-256.676;-256.888;-256.942;-255.98;0;None;1000;None;15:29:37.509
7572;23.7489;23.5885;22.2935;-256.277;-256.676;-256.88;-256.942;-255.98;0;None;1000;None;15:29:38.008
7573;23.7568;23.5885;22.2935;-256.269;-256.676;-256.88;-256.942;-255.98;0;None;1000;None;15:29:38.508
7574;23.7489;23.5963;22.2935;-256.277;-256.676;-256.88;-256.942;-255.98;0;None;1000;None;15:29:39.009
7575;23.7568;23.5885;22.2857;-256.277;-256.668;-256.88;-256.95;-255.98;0;None;1000;None;15:29:39.509
7576;23.7568;23.5963;22.2857;-256.269;-256.676;-256.88;-256.95;-255.988;0;None;1000;None;15:29:40.009
7577;23.7489;23.5963;22.2935;-256.277;-256.676;-256.88;-256.942;-255.98;0;None;1000;None;15:29:40.509
7578;23.7568;23.5963;22.2857;-256.277;-256.684;-256.888;-256.95;-255.988;0;None;1000;None;15:29:41.009
7579;23.7489;23.5885;22.2857;-256.269;-256.676;-256.88;-256.95;-255.98;0;None;1000;None;15:29:41.511
7580;23.7568;23.5963;22.2778;-256.277;-256.676;-256.888;-256.942;-255.972;0;None;1000;None;15:29:42.009
7581;23.7489;23.5963;22.2935;-256.269;-256.684;-256.88;-256.942;-255.98;0;None;1000;None;15:29:42.509
7582;23.7489;23.5885;22.2935;-256.277;-256.668;-256.88;-256.95;-255.98;0;None;1000;None;15:29:43.008
7583;23.7411;23.5963;22.2857;-256.285;-256.684;-256.88;-256.942;-255.98;0;None;1000;None;15:29:43.511
7584;23.7568;23.5885;22.2935;-256.277;-256.676;-256.888;-256.942;-255.98;0;None;1000;None;15:29:44.010
7585;23.7411;23.5963;22.2935;-256.285;-256.676;-256.88;-256.942;-255.98;0;None;1000;None;15:29:44.511
7586;23.7489;23.5846;22.2935;-256.277;-256.676;-256.888;-256.942;-255.98;0;None;1000;None;15:29:45.012
7587;23.7489;23.5846;22.2935;-256.285;-256.676;-256.895;-256.942;-255.972;0;None;1000;None;15:29:45.508
7588;23.7489;23.5885;22.2935;-256.285;-256.684;-256.88;-256.942;-255.98;0;None;1000;None;15:29:46.008
7589;23.7489;23.5885;22.3013;-256.285;-256.676;-256.88;-256.935;-255.98;0;None;1000;None;15:29:46.510
7590;23.7489;23.5846;22.2935;-256.285;-256.684;-256.888;-256.935;-255.98;0;None;1000;None;15:29:47.009
7591;23.7489;23.5963;22.2935;-256.277;-256.684;-256.888;-256.942;-255.98;0;None;1000;None;15:29:47.510
7592;23.7489;23.5963;22.2935;-256.285;-256.676;-256.88;-256.935;-255.98;0;None;1000;None;15:29:48.010
7593;23.7489;23.5885;22.3013;-256.277;-256.676;-256.888;-256.942;-255.98;0;None;1000;None;15:29:48.508
7594;23.7489;23.5885;22.2935;-256.277;-256.684;-256.888;-256.942;-255.98;0;None;1000;None;15:29:49.010
7595;23.7568;23.5963;22.2935;-256.277;-256.676;-256.888;-256.95;-255.98;0;None;1000;None;15:29:49.510
7596;23.7489;23.5963;22.2935;-256.277;-256.684;-256.888;-256.942;-255.988;0;None;1000;None;15:29:50.010
7597;23.7489;23.5885;22.2935;-256.277;-256.676;-256.888;-256.95;-255.98;0;None;1000;None;15:29:50.510
7598;23.7489;23.5963;22.3013;-256.277;-256.676;-256.88;-256.942;-255.98;0;None;1000;None;15:29:51.011
7599;23.7489;23.5885;22.3013;-256.277;-256.676;-256.888;-256.958;-255.988;0;None;1000;None;15:29:51.509
7600;23.7568;23.5885;22.2935;-256.277;-256.676;-256.888;-256.942;-255.98;0;None;1000;None;15:29:52.009
7601;23.7568;23.5963;22.2935;-256.277;-256.676;-256.88;-256.95;-255.988;0;None;1000;None;15:29:52.509
7602;23.7489;23.5885;22.3013;-256.269;-256.676;-256.888;-256.942;-255.98;0;None;1000;None;15:29:53.010
7603;23.7568;23.5885;22.2935;-256.277;-256.668;-256.888;-256.958;-255.98;0;None;1000;None;15:29:53.509
7604;23.7568;23.5846;22.2935;-256.277;-256.676;-256.888;-256.942;-255.98;0;None;1000;None;15:29:54.011
7605;23.7489;23.5885;22.2935;-256.277;-256.684;-256.888;-256.942;-255.98;0;None;1000;None;15:29:54.510
7606;23.7568;23.5885;22.2935;-256.277;-256.676;-256.888;-256.95;-255.98;0;None;1000;None;15:29:55.009
7607;23.7568;23.5963;22.2935;-256.269;-256.676;-256.88;-256.942;-255.988;0;None;1000;None;15:29:55.510
7608;23.7568;23.5885;22.2935;-256.277;-256.668;-256.888;-256.95;-255.98;0;None;1000;None;15:29:56.010
7609;23.7568;23.5885;22.2935;-256.277;-256.668;-256.888;-256.942;-255.98;0;None;1000;None;15:29:56.510
7610;23.7568;23.5885;22.2935;-256.277;-256.676;-256.888;-256.95;-255.98;0;None;1000;None;15:29:57.009
7611;23.7489;23.5963;22.2857;-256.285;-256.676;-256.888;-256.942;-255.98;0;None;1000;None;15:29:57.510
7612;23.7489;23.5963;22.2935;-256.285;-256.668;-256.88;-256.95;-255.98;0;None;1000;None;15:29:58.011
7613;23.7568;23.5885;22.2935;-256.277;-256.676;-256.888;-256.942;-255.98;0;None;1000;None;15:29:58.510
7614;23.7489;23.5885;22.2935;-256.285;-256.676;-256.888;-256.95;-255.98;0;None;1000;None;15:29:59.008
7615;23.7568;23.5963;22.3013;-256.285;-256.676;-256.888;-256.942;-255.98;0;None;1000;None;15:29:59.510
7616;23.7568;23.5885;22.2935;-256.285;-256.676;-256.888;-256.95;-255.98;0;None;1000;None;15:30:00.009
7617;23.7568;23.6042;22.2935;-256.285;-256.668;-256.895;-256.95;-255.98;0;None;1000;None;15:30:00.510
7618;23.7568;23.5885;22.2935;-256.285;-256.676;-256.88;-256.942;-255.972;0;None;1000;None;15:30:01.009
7619;23.7489;23.5963;22.2935;-256.293;-256.668;-256.888;-256.942;-255.98;0;None;1000;None;15:30:01.510
7620;23.7489;23.5963;22.2935;-256.285;-256.676;-256.88;-256.942;-255.98;0;None;1000;None;15:30:02.009
7621;23.7568;23.5885;22.2935;-256.285;-256.676;-256.888;-256.942;-255.98;0;None;1000;None;15:30:02.509
7622;23.7568;23.5963;22.2857;-256.277;-256.668;-256.895;-256.942;-255.98;0;None;1000;None;15:30:03.009
7623;23.7489;23.5885;22.2935;-256.285;-256.676;-256.888;-256.935;-255.972;0;None;1000;None;15:30:03.510
7624;23.7568;23.5885;22.2857;-256.285;-256.676;-256.888;-256.942;-255.98;0;None;1000;None;15:30:04.008
7625;23.7489;23.5885;22.3013;-256.277;-256.676;-256.888;-256.935;-255.972;0;None;1000;None;15:30:04.510
7626;23.7568;23.5846;22.2935;-256.285;-256.676;-256.888;-256.935;-255.98;0;None;1000;None;15:30:05.010
7627;23.7568;23.5885;22.2935;-256.285;-256.668;-256.888;-256.935;-255.98;0;None;1000;None;15:30:05.509
7628;23.7568;23.5846;22.2857;-256.277;-256.676;-256.888;-256.935;-255.98;0;None;1000;None;15:30:06.010
7629;23.7568;23.5885;22.2935;-256.277;-256.676;-256.888;-256.95;-255.98;0;None;1000;None;15:30:06.510
7630;23.7568;23.5885;22.2857;-256.277;-256.676;-256.88;-256.935;-255.98;0;None;1000;None;15:30:07.009
7631;23.7568;23.5885;22.2935;-256.277;-256.668;-256.888;-256.958;-255.98;0;None;1000;None;15:30:07.509
7632;23.7489;23.5885;22.2857;-256.285;-256.676;-256.888;-256.942;-255.98;0;None;1000;None;15:30:08.008
7633;23.7489;23.5885;22.2935;-256.277;-256.668;-256.888;-256.95;-255.98;0;None;1000;None;15:30:08.509
7634;23.7489;23.5885;22.2857;-256.277;-256.676;-256.88;-256.942;-255.98;0;None;1000;None;15:30:09.010
7635;23.7489;23.5885;22.2857;-256.277;-256.684;-256.888;-256.958;-255.98;0;None;1000;None;15:30:09.509
7636;23.7568;23.6003;22.2857;-256.277;-256.676;-256.888;-256.95;-255.98;0;None;1000;None;15:30:10.008
7637;23.7489;23.5846;22.2857;-256.277;-256.676;-256.88;-256.95;-255.98;0;None;1000;None;15:30:10.509
7638;23.7568;23.5924;22.2857;-256.269;-256.676;-256.888;-256.95;-255.988;0;None;1000;None;15:30:11.011
7639;23.7489;23.5885;22.2857;-256.277;-256.676;-256.895;-256.95;-255.98;0;None;1000;None;15:30:11.510
7640;23.7568;23.5846;22.2857;-256.277;-256.684;-256.888;-256.942;-255.988;0;None;1000;None;15:30:12.009
7641;23.7489;23.5846;22.2778;-256.277;-256.676;-256.888;-256.942;-255.988;0;None;1000;None;15:30:12.510
7642;23.7568;23.5885;22.2857;-256.277;-256.676;-256.888;-256.95;-255.988;0;None;1000;None;15:30:13.009
7643;23.7489;23.5924;22.2857;-256.277;-256.676;-256.888;-256.942;-255.98;0;None;1000;None;15:30:13.509
7644;23.7489;23.5846;22.2857;-256.277;-256.676;-256.895;-256.942;-255.988;0;None;1000;None;15:30:14.009
7645;23.7489;23.5846;22.2857;-256.277;-256.684;-256.888;-256.95;-255.988;0;None;1000;None;15:30:14.510
7646;23.7489;23.5885;22.2857;-256.277;-256.684;-256.888;-256.95;-255.98;0;None;1000;None;15:30:15.009
7647;23.7489;23.5846;22.2857;-256.277;-256.676;-256.888;-256.942;-255.98;0;None;1000;None;15:30:15.508
7648;23.7568;23.5846;22.2935;-256.277;-256.676;-256.888;-256.942;-255.988;0;None;1000;None;15:30:16.008
7649;23.7568;23.5846;22.2935;-256.277;-256.676;-256.888;-256.95;-255.988;0;None;1000;None;15:30:16.510
7650;23.7489;23.5846;22.2857;-256.277;-256.684;-256.888;-256.942;-255.98;0;None;1000;None;15:30:17.009
7651;23.7568;23.5846;22.2857;-256.285;-256.684;-256.888;-256.942;-255.988;0;None;1000;None;15:30:17.510
7652;23.7568;23.5846;22.2935;-256.277;-256.676;-256.888;-256.95;-255.98;0;None;1000;None;15:30:18.009
7653;23.7568;23.5885;22.2935;-256.277;-256.684;-256.888;-256.942;-255.988;0;None;1000;None;15:30:18.508
7654;23.7568;23.5885;22.2935;-256.277;-256.684;-256.888;-256.942;-255.98;0;None;1000;None;15:30:19.008
7655;23.7489;23.5885;22.2935;-256.285;-256.676;-256.888;-256.942;-255.98;0;None;1000;None;15:30:19.508
7656;23.7568;23.5885;22.2935;-256.277;-256.684;-256.888;-256.95;-255.98;0;None;1000;None;15:30:20.009
7657;23.7568;23.5885;22.2857;-256.285;-256.684;-256.888;-256.942;-255.98;0;None;1000;None;15:30:20.507
7658;23.7646;23.5885;22.2857;-256.277;-256.684;-256.888;-256.942;-255.98;0;None;1000;None;15:30:21.008
7659;23.7489;23.5846;22.2935;-256.277;-256.676;-256.888;-256.95;-255.988;0;None;1000;None;15:30:21.509
7660;23.7646;23.5885;22.2935;-256.285;-256.676;-256.88;-256.942;-255.98;0;None;1000;None;15:30:22.009
7661;23.7568;23.5924;22.2857;-256.285;-256.676;-256.888;-256.95;-255.988;0;None;1000;None;15:30:22.508
7662;23.7489;23.5846;22.2935;-256.285;-256.676;-256.88;-256.95;-255.98;0;None;1000;None;15:30:23.008
7663;23.7646;23.5846;22.2857;-256.277;-256.676;-256.888;-256.942;-255.972;0;None;1000;None;15:30:23.509
7664;23.7568;23.5885;22.2857;-256.285;-256.684;-256.88;-256.942;-255.98;0;None;1000;None;15:30:24.008
7665;23.7568;23.5846;22.2935;-256.277;-256.676;-256.88;-256.95;-255.988;0;None;1000;None;15:30:24.508
7666;23.7568;23.5885;22.2935;-256.277;-256.676;-256.88;-256.942;-255.988;0;None;1000;None;15:30:25.010
7667;23.7646;23.5885;22.2857;-256.277;-256.684;-256.895;-256.942;-255.98;0;None;1000;None;15:30:25.510
7668;23.7568;23.5885;22.2935;-256.277;-256.676;-256.888;-256.942;-255.98;0;None;1000;None;15:30:26.009
7669;23.7646;23.5885;22.2935;-256.277;-256.692;-256.88;-256.942;-255.98;0;None;1000;None;15:30:26.511
7670;23.7568;23.6003;22.2935;-256.277;-256.684;-256.888;-256.942;-255.988;0;None;1000;None;15:30:27.009
7671;23.7568;23.5885;22.2857;-256.277;-256.676;-256.88;-256.942;-255.988;0;None;1000;None;15:30:27.509
7672;23.7568;23.5885;22.2935;-256.277;-256.684;-256.888;-256.942;-255.988;0;None;1000;None;15:30:28.010
7673;23.7568;23.5963;22.2935;-256.277;-256.676;-256.888;-256.935;-255.988;0;None;1000;None;15:30:28.510
7674;23.7646;23.5963;22.2857;-256.277;-256.668;-256.88;-256.942;-255.988;0;None;1000;None;15:30:29.008
7675;23.7568;23.5885;22.2935;-256.277;-256.684;-256.888;-256.935;-255.988;0;None;1000;None;15:30:29.508
7676;23.7489;23.5963;22.2857;-256.277;-256.676;-256.888;-256.95;-255.98;0;None;1000;None;15:30:30.008
7677;23.7646;23.5885;22.2935;-256.277;-256.684;-256.888;-256.942;-255.988;0;None;1000;None;15:30:30.510
7678;23.7489;23.5885;22.2935;-256.277;-256.676;-256.888;-256.942;-255.988;0;None;1000;None;15:30:31.010
7679;23.7568;23.5846;22.2857;-256.277;-256.676;-256.888;-256.942;-255.988;0;None;1000;None;15:30:31.510
7680;23.7646;23.5885;22.2935;-256.269;-256.676;-256.888;-256.935;-255.988;0;None;1000;None;15:30:32.008
7681;23.7568;23.5885;22.2857;-256.277;-256.676;-256.88;-256.935;-255.98;0;None;1000;None;15:30:32.508
7682;23.7568;23.5885;22.2857;-256.269;-256.676;-256.88;-256.935;-255.98;0;None;1000;None;15:30:33.010
7683;23.7489;23.5885;22.2857;-256.277;-256.676;-256.888;-256.935;-255.988;0;None;1000;None;15:30:33.509
7684;23.7568;23.5846;22.2857;-256.269;-256.684;-256.88;-256.942;-255.988;0;None;1000;None;15:30:34.009
7685;23.7568;23.5885;22.2935;-256.277;-256.676;-256.888;-256.935;-255.988;0;None;1000;None;15:30:34.510
7686;23.7489;23.5846;22.2857;-256.269;-256.684;-256.88;-256.935;-255.98;0;None;1000;None;15:30:35.008
7687;23.7568;23.5885;22.2935;-256.277;-256.676;-256.88;-256.935;-255.98;0;None;1000;None;15:30:35.509
7688;23.7568;23.5846;22.2857;-256.277;-256.676;-256.88;-256.942;-255.988;0;None;1000;None;15:30:36.008
7689;23.7489;23.5885;22.2857;-256.277;-256.676;-256.888;-256.935;-255.988;0;None;1000;None;15:30:36.509
7690;23.7489;23.5885;22.2857;-256.269;-256.676;-256.88;-256.935;-255.988;0;None;1000;None;15:30:37.008
7691;23.7489;23.5885;22.2857;-256.277;-256.684;-256.888;-256.942;-255.988;0;None;1000;None;15:30:37.509
7692;23.7489;23.5963;22.2857;-256.285;-256.676;-256.872;-256.942;-255.988;0;None;1000;None;15:30:38.010
7693;23.7568;23.5885;22.2857;-256.277;-256.676;-256.88;-256.942;-255.988;0;None;1000;None;15:30:38.510
7694;23.7489;23.5846;22.2857;-256.277;-256.676;-256.888;-256.935;-255.988;0;None;1000;None;15:30:39.009
7695;23.7568;23.5846;22.2778;-256.277;-256.676;-256.88;-256.942;-255.988;0;None;1000;None;15:30:39.509
7696;23.7568;23.5885;22.2857;-256.277;-256.676;-256.888;-256.942;-255.988;0;None;1000;None;15:30:40.009
7697;23.7568;23.5885;22.2857;-256.277;-256.676;-256.88;-256.942;-255.98;0;None;1000;None;15:30:40.508
7698;23.7489;23.5885;22.2857;-256.269;-256.676;-256.888;-256.935;-255.988;0;None;1000;None;15:30:41.008
7699;23.7489;23.5885;22.2935;-256.277;-256.668;-256.888;-256.942;-255.98;0;None;1000;None;15:30:41.510
7700;23.7568;23.5885;22.2935;-256.269;-256.684;-256.88;-256.942;-255.988;0;None;1000;None;15:30:42.009
7701;23.7489;23.5885;22.2857;-256.277;-256.676;-256.88;-256.935;-255.988;0;None;1000;None;15:30:42.509
7702;23.7489;23.5963;22.2857;-256.269;-256.676;-256.888;-256.935;-255.98;0;None;1000;None;15:30:43.009
7703;23.7489;23.5885;22.2935;-256.277;-256.676;-256.88;-256.942;-255.988;0;None;1000;None;15:30:43.508
7704;23.7489;23.5963;22.2857;-256.277;-256.684;-256.888;-256.935;-255.98;0;None;1000;None;15:30:44.008
7705;23.7568;23.5963;22.2857;-256.269;-256.676;-256.888;-256.942;-255.988;0;None;1000;None;15:30:44.509
7706;23.7568;23.5963;22.2935;-256.269;-256.676;-256.888;-256.95;-255.988;0;None;1000;None;15:30:45.009
7707;23.7568;23.5963;22.2935;-256.277;-256.676;-256.88;-256.942;-255.98;0;None;1000;None;15:30:45.510
7708;23.7489;23.5963;22.2935;-256.269;-256.668;-256.888;-256.942;-255.988;0;None;1000;None;15:30:46.008
7709;23.7489;23.5963;22.2857;-256.277;-256.676;-256.88;-256.942;-255.988;0;None;1000;None;15:30:46.509
7710;23.7489;23.5885;22.2778;-256.277;-256.668;-256.888;-256.942;-255.98;0;None;1000;None;15:30:47.008
7711;23.7489;23.5963;22.3013;-256.269;-256.676;-256.888;-256.942;-255.988;0;None;1000;None;15:30:47.509
7712;23.7489;23.5963;22.3091;-256.277;-256.676;-256.888;-256.935;-255.98;0;None;1000;None;15:30:48.009
7713;23.7568;23.5963;22.3013;-256.277;-256.676;-256.895;-256.942;-255.98;0;None;1000;None;15:30:48.509
7714;23.7568;23.5846;22.3091;-256.285;-256.676;-256.88;-256.942;-255.98;0;None;1000;None;15:30:49.008
7715;23.7489;23.6042;22.3091;-256.269;-256.676;-256.888;-256.942;-255.98;0;None;1000;None;15:30:49.508
7716;23.7568;23.5963;22.3091;-256.285;-256.676;-256.888;-256.942;-255.988;0;None;1000;None;15:30:50.007
7717;23.7489;23.5885;22.3013;-256.277;-256.676;-256.888;-256.942;-255.98;0;None;1000;None;15:30:50.509
7718;23.7568;23.5963;22.3091;-256.277;-256.676;-256.888;-256.942;-255.988;0;None;1000;None;15:30:51.010
7719;23.7489;23.5885;22.3091;-256.277;-256.676;-256.888;-256.942;-255.98;0;None;1000;None;15:30:51.510
7720;23.7568;23.5963;22.3091;-256.277;-256.668;-256.88;-256.942;-255.98;0;None;1000;None;15:30:52.009
7721;23.7489;23.5885;22.3013;-256.277;-256.684;-256.88;-256.935;-255.988;0;None;1000;None;15:30:52.508
7722;23.7568;23.5885;22.3091;-256.277;-256.676;-256.888;-256.942;-255.98;0;None;1000;None;15:30:53.007
7723;23.7411;23.5885;22.3013;-256.277;-256.676;-256.88;-256.95;-255.988;0;None;1000;None;15:30:53.509
7724;23.7489;23.5885;22.3013;-256.285;-256.684;-256.88;-256.942;-255.988;0;None;1000;None;15:30:54.008
7725;23.7489;23.5885;22.3013;-256.277;-256.676;-256.888;-256.935;-255.988;0;None;1000;None;15:30:54.509
7726;23.7489;23.5846;22.3013;-256.277;-256.684;-256.88;-256.935;-255.988;0;None;1000;None;15:30:55.008
7727;23.7568;23.5846;22.3013;-256.269;-256.676;-256.88;-256.935;-255.988;0;None;1000;None;15:30:55.509
7728;23.7411;23.5885;22.2935;-256.269;-256.676;-256.888;-256.935;-255.988;0;None;1000;None;15:30:56.009
7729;23.7489;23.5846;22.3013;-256.277;-256.684;-256.88;-256.942;-255.98;0;None;1000;None;15:30:56.508
7730;23.7489;23.5846;22.3091;-256.277;-256.676;-256.888;-256.935;-255.988;0;None;1000;None;15:30:57.008
7731;23.7411;23.5885;22.3013;-256.269;-256.684;-256.88;-256.942;-255.996;0;None;1000;None;15:30:57.508
7732;23.7489;23.5885;22.3091;-256.277;-256.676;-256.88;-256.935;-255.98;0;None;1000;None;15:30:58.008
7733;23.7568;23.5885;22.3013;-256.262;-256.684;-256.88;-256.935;-255.98;0;None;1000;None;15:30:58.508
7734;23.7568;23.5885;22.3013;-256.269;-256.676;-256.888;-256.935;-255.98;0;None;1000;None;15:30:59.009
7735;23.7489;23.5963;22.3013;-256.277;-256.676;-256.88;-256.935;-255.988;0;None;1000;None;15:30:59.508
7736;23.7489;23.5885;22.3013;-256.269;-256.676;-256.88;-256.935;-255.98;0;None;1000;None;15:31:00.008
7737;23.7489;23.5963;22.3013;-256.269;-256.676;-256.888;-256.942;-255.988;0;None;1000;None;15:31:00.509
7738;23.7568;23.5885;22.3013;-256.269;-256.668;-256.88;-256.935;-255.98;0;None;1000;None;15:31:01.007
7739;23.7568;23.5963;22.3013;-256.277;-256.668;-256.88;-256.942;-255.98;0;None;1000;None;15:31:01.508
7740;23.7568;23.5885;22.3013;-256.269;-256.676;-256.88;-256.95;-255.98;0;None;1000;None;15:31:02.007
7741;23.7568;23.5885;22.3013;-256.269;-256.668;-256.888;-256.942;-255.98;0;None;1000;None;15:31:02.509
7742;23.7646;23.5885;22.3013;-256.277;-256.668;-256.88;-256.942;-255.988;0;None;1000;None;15:31:03.009
7743;23.7568;23.5846;22.3013;-256.269;-256.676;-256.888;-256.935;-255.988;0;None;1000;None;15:31:03.510
7744;23.7568;23.5846;22.3091;-256.277;-256.668;-256.888;-256.942;-255.98;0;None;1000;None;15:31:04.008
7745;23.7568;23.5885;22.2935;-256.277;-256.676;-256.888;-256.935;-255.988;0;None;1000;None;15:31:04.509
7746;23.7568;23.5846;22.3091;-256.277;-256.668;-256.872;-256.942;-255.98;0;None;1000;None;15:31:05.009
7747;23.7646;23.5963;22.3013;-256.277;-256.676;-256.88;-256.942;-255.988;0;None;1000;None;15:31:05.510
7748;23.7489;23.5885;22.3013;-256.269;-256.668;-256.88;-256.942;-255.988;0;None;1000;None;15:31:06.008
7749;23.7568;23.5963;22.3091;-256.277;-256.676;-256.88;-256.942;-255.988;0;None;1000;None;15:31:06.509
7750;23.7568;23.5963;22.317;-256.277;-256.668;-256.88;-256.935;-255.98;0;None;1000;None;15:31:07.009
7751;23.7568;23.5963;22.317;-256.277;-256.676;-256.872;-256.95;-255.98;0;None;1000;None;15:31:07.509
7752;23.7568;23.5963;22.3091;-256.277;-256.676;-256.88;-256.942;-255.98;0;None;1000;None;15:31:08.009
7753;23.7489;23.5885;22.3013;-256.277;-256.668;-256.88;-256.942;-255.988;0;None;1000;None;15:31:08.509
7754;23.7489;23.5963;22.2935;-256.285;-256.676;-256.872;-256.95;-255.98;0;None;1000;None;15:31:09.007
7755;23.7568;23.5885;22.3013;-256.285;-256.668;-256.88;-256.942;-255.98;0;None;1000;None;15:31:09.507
7756;23.7489;23.5885;22.2935;-256.285;-256.684;-256.872;-256.942;-255.98;0;None;1000;None;15:31:10.008
7757;23.7489;23.5885;22.2935;-256.285;-256.684;-256.888;-256.942;-255.988;0;None;1000;None;15:31:10.508
7758;23.7568;23.5963;22.3013;-256.285;-256.676;-256.888;-256.942;-255.98;0;None;1000;None;15:31:11.008
7759;23.7489;23.5885;22.3091;-256.277;-256.676;-256.888;-256.942;-255.988;0;None;1000;None;15:31:11.508
7760;23.7568;23.5885;22.3013;-256.285;-256.676;-256.888;-256.935;-255.988;0;None;1000;None;15:31:12.007
7761;23.7489;23.5963;22.3013;-256.277;-256.676;-256.888;-256.942;-255.98;0;None;1000;None;15:31:12.508
7762;23.7568;23.5885;22.2935;-256.277;-256.676;-256.888;-256.942;-255.98;0;None;1000;None;15:31:13.007
7763;23.7568;23.5885;22.2935;-256.285;-256.676;-256.888;-256.942;-255.988;0;None;1000;None;15:31:13.507
7764;23.7489;23.5885;22.3013;-256.277;-256.676;-256.88;-256.935;-255.98;0;None;1000;None;15:31:14.007
7765;23.7489;23.5885;22.2935;-256.285;-256.676;-256.888;-256.935;-255.98;0;None;1000;None;15:31:14.509
7766;23.7568;23.5885;22.3013;-256.285;-256.676;-256.888;-256.942;-255.988;0;None;1000;None;15:31:15.009
7767;23.7489;23.5885;22.3091;-256.277;-256.676;-256.888;-256.942;-255.988;0;None;1000;None;15:31:15.507
7768;23.7489;23.5885;22.3091;-256.293;-256.676;-256.888;-256.942;-255.98;0;None;1000;None;15:31:16.009
7769;23.7568;23.5885;22.2935;-256.285;-256.676;-256.895;-256.927;-255.98;0;None;1000;None;15:31:16.509
7770;23.7568;23.5885;22.3013;-256.285;-256.676;-256.88;-256.935;-255.988;0;None;1000;None;15:31:17.008
7771;23.7568;23.5885;22.3013;-256.277;-256.676;-256.888;-256.942;-255.98;0;None;1000;None;15:31:17.507
7772;23.7568;23.5963;22.3013;-256.285;-256.668;-256.888;-256.935;-255.988;0;None;1000;None;15:31:18.007
7773;23.7489;23.5885;22.2935;-256.285;-256.676;-256.888;-256.935;-255.98;0;None;1000;None;15:31:18.508
7774;23.7568;23.5963;22.3013;-256.277;-256.676;-256.88;-256.935;-255.98;0;None;1000;None;15:31:19.009
7775;23.7568;23.5963;22.2935;-256.285;-256.668;-256.888;-256.935;-255.988;0;None;1000;None;15:31:19.509
7776;23.7568;23.5963;22.2857;-256.277;-256.676;-256.88;-256.942;-255.988;0;None;1000;None;15:31:20.009
7777;23.7568;23.5963;22.2857;-256.285;-256.676;-256.888;-256.935;-255.98;0;None;1000;None;15:31:20.508
7778;23.7646;23.5963;22.2857;-256.285;-256.676;-256.888;-256.935;-255.98;0;None;1000;None;15:31:21.007
7779;23.7568;23.5885;22.2857;-256.285;-256.676;-256.88;-256.942;-255.988;0;None;1000;None;15:31:21.507
7780;23.7646;23.5846;22.2857;-256.277;-256.676;-256.888;-256.942;-255.98;0;None;1000;None;15:31:22.009
7781;23.7568;23.5963;22.2857;-256.277;-256.676;-256.888;-256.935;-255.988;0;None;1000;None;15:31:22.508
7782;23.7568;23.5885;22.2857;-256.277;-256.676;-256.895;-256.935;-255.988;0;None;1000;None;15:31:23.008
7783;23.7489;23.5885;22.2857;-256.285;-256.676;-256.888;-256.927;-255.98;0;None;1000;None;15:31:23.508
7784;23.7568;23.5963;22.2857;-256.285;-256.676;-256.888;-256.942;-255.98;0;None;1000;None;15:31:24.009
7785;23.7568;23.5963;22.2935;-256.277;-256.668;-256.888;-256.935;-255.98;0;None;1000;None;15:31:24.508
7786;23.7489;23.5963;22.2935;-256.277;-256.676;-256.895;-256.935;-255.98;0;None;1000;None;15:31:25.007
7787;23.7568;23.5963;22.2935;-256.277;-256.676;-256.888;-256.935;-255.988;0;None;1000;None;15:31:25.509
7788;23.7568;23.5885;22.2857;-256.285;-256.676;-256.888;-256.935;-255.98;0;None;1000;None;15:31:26.009
7789;23.7568;23.5963;22.2935;-256.277;-256.676;-256.888;-256.942;-255.98;0;None;1000;None;15:31:26.509
7790;23.7489;23.5963;22.2935;-256.277;-256.676;-256.895;-256.935;-255.988;0;None;1000;None;15:31:27.007
7791;23.7568;23.5963;22.2857;-256.277;-256.676;-256.888;-256.942;-255.98;0;None;1000;None;15:31:27.509
7792;23.7489;23.5963;22.2857;-256.277;-256.668;-256.888;-256.942;-255.98;0;None;1000;None;15:31:28.009
7793;23.7568;23.5963;22.2857;-256.285;-256.676;-256.888;-256.942;-255.988;0;None;1000;None;15:31:28.508
7794;23.7489;23.5885;22.2935;-256.277;-256.668;-256.888;-256.942;-255.988;0;None;1000;None;15:31:29.008
7795;23.7568;23.5963;22.2935;-256.285;-256.676;-256.888;-256.942;-255.98;0;None;1000;None;15:31:29.509
7796;23.7568;23.5885;22.2857;-256.277;-256.668;-256.895;-256.935;-255.988;0;None;1000;None;15:31:30.009
7797;23.7568;23.5885;22.2935;-256.277;-256.676;-256.888;-256.942;-255.98;0;None;1000;None;15:31:30.509
7798;23.7646;23.5963;22.2935;-256.277;-256.668;-256.888;-256.935;-255.98;0;None;1000;None;15:31:31.007
7799;23.7568;23.5846;22.2935;-256.285;-256.676;-256.88;-256.942;-255.98;0;None;1000;None;15:31:31.509
7800;23.7568;23.5885;22.2935;-256.277;-256.668;-256.888;-256.942;-255.988;0;None;1000;None;15:31:32.009
7801;23.7646;23.5885;22.2935;-256.277;-256.676;-256.888;-256.935;-255.98;0;None;1000;None;15:31:32.508
7802;23.7568;23.5963;22.2857;-256.277;-256.676;-256.888;-256.935;-255.98;0;None;1000;None;15:31:33.009
7803;23.7646;23.5885;22.2935;-256.277;-256.676;-256.888;-256.935;-255.988;0;None;1000;None;15:31:33.508
7804;23.7646;23.5885;22.2935;-256.285;-256.676;-256.88;-256.935;-255.98;0;None;1000;None;15:31:34.009
7805;23.7646;23.5846;22.2857;-256.277;-256.668;-256.888;-256.942;-255.98;0;None;1000;None;15:31:34.508
7806;23.7568;23.5885;22.2935;-256.277;-256.676;-256.888;-256.935;-255.98;0;None;1000;None;15:31:35.008
7807;23.7568;23.5885;22.2857;-256.277;-256.676;-256.888;-256.935;-255.98;0;None;1000;None;15:31:35.508
7808;23.7568;23.5885;22.2857;-256.269;-256.676;-256.88;-256.942;-255.98;0;None;1000;None;15:31:36.010
7809;23.7568;23.5963;22.2935;-256.285;-256.668;-256.888;-256.942;-255.988;0;None;1000;None;15:31:36.509
7810;23.7568;23.5885;22.2857;-256.269;-256.668;-256.888;-256.935;-255.988;0;None;1000;None;15:31:37.006
7811;23.7568;23.6042;22.2935;-256.277;-256.668;-256.888;-256.942;-255.98;0;None;1000;None;15:31:37.508
7812;23.7568;23.5885;22.2857;-256.277;-256.676;-256.888;-256.935;-255.98;0;None;1000;None;15:31:38.007
7813;23.7568;23.5963;22.2935;-256.277;-256.668;-256.888;-256.935;-255.98;0;None;1000;None;15:31:38.509
7814;23.7568;23.5885;22.2857;-256.277;-256.676;-256.888;-256.942;-255.98;0;None;1000;None;15:31:39.008
7815;23.7489;23.5885;22.2935;-256.277;-256.676;-256.88;-256.942;-255.98;0;None;1000;None;15:31:39.508
7816;23.7489;23.5846;22.2857;-256.277;-256.676;-256.895;-256.935;-255.98;0;None;1000;None;15:31:40.009
7817;23.7646;23.5885;22.2935;-256.269;-256.676;-256.888;-256.942;-255.988;0;None;1000;None;15:31:40.508
7818;23.7568;23.5885;22.2857;-256.285;-256.676;-256.888;-256.942;-255.98;0;None;1000;None;15:31:41.007
7819;23.7568;23.5846;22.2935;-256.277;-256.676;-256.888;-256.942;-255.98;0;None;1000;None;15:31:41.508
7820;23.7489;23.5885;22.2857;-256.277;-256.676;-256.888;-256.942;-255.98;0;None;1000;None;15:31:42.008
7821;23.7646;23.5846;22.2935;-256.277;-256.668;-256.888;-256.942;-255.98;0;None;1000;None;15:31:42.508
7822;23.7568;23.5885;22.2778;-256.277;-256.676;-256.895;-256.942;-255.98;0;None;1000;None;15:31:43.009
7823;23.7568;23.5963;22.2935;-256.277;-256.676;-256.888;-256.942;-255.98;0;None;1000;None;15:31:43.508
7824;23.7646;23.5885;22.2935;-256.277;-256.668;-256.888;-256.942;-255.98;0;None;1000;None;15:31:44.007
7825;23.7646;23.5846;22.2935;-256.277;-256.676;-256.88;-256.942;-255.98;0;None;1000;None;15:31:44.508
7826;23.7568;23.5885;22.2935;-256.277;-256.668;-256.888;-256.935;-255.988;0;None;1000;None;15:31:45.008
7827;23.7489;23.5885;22.2935;-256.285;-256.676;-256.888;-256.935;-255.98;0;None;1000;None;15:31:45.507
7828;23.7568;23.5885;22.2857;-256.277;-256.684;-256.888;-256.942;-255.988;0;None;1000;None;15:31:46.007
7829;23.7489;23.5924;22.317;-256.277;-256.676;-256.888;-256.935;-255.988;0;None;1000;None;15:31:46.508
7830;23.7568;23.5846;22.3091;-256.285;-256.676;-256.895;-256.935;-255.988;0;None;1000;None;15:31:47.008
7831;23.7568;23.5963;22.3091;-256.277;-256.676;-256.88;-256.935;-255.98;0;None;1000;None;15:31:47.508
7832;23.7568;23.5885;22.3013;-256.277;-256.676;-256.888;-256.935;-255.98;0;None;1000;None;15:31:48.006
7833;23.7568;23.5963;22.3091;-256.277;-256.676;-256.88;-256.935;-255.98;0;None;1000;None;15:31:48.506
7834;23.7646;23.5963;22.317;-256.277;-256.684;-256.895;-256.935;-255.98;0;None;1000;None;15:31:49.007
7835;23.7646;23.5963;22.3013;-256.269;-256.684;-256.888;-256.935;-255.972;0;None;1000;None;15:31:49.508
7836;23.7646;23.5963;22.3013;-256.277;-256.676;-256.888;-256.942;-255.972;0;None;1000;None;15:31:50.007
7837;23.7646;23.5963;22.2935;-256.277;-256.684;-256.888;-256.95;-255.988;0;None;1000;None;15:31:50.508
7838;23.7568;23.5885;22.2935;-256.277;-256.676;-256.888;-256.942;-255.972;0;None;1000;None;15:31:51.007
7839;23.7568;23.6042;22.2935;-256.285;-256.684;-256.895;-256.95;-255.98;0;None;1000;None;15:31:51.507
7840;23.7568;23.6042;22.2935;-256.269;-256.676;-256.895;-256.935;-255.98;0;None;1000;None;15:31:52.006
7841;23.7568;23.5963;22.3013;-256.277;-256.684;-256.888;-256.942;-255.98;0;None;1000;None;15:31:52.509
7842;23.7568;23.5963;22.3013;-256.277;-256.676;-256.895;-256.942;-255.988;0;None;1000;None;15:31:53.007
7843;23.7568;23.5963;22.3091;-256.277;-256.668;-256.888;-256.935;-255.972;0;None;1000;None;15:31:53.507
7844;23.7568;23.5885;22.3091;-256.277;-256.676;-256.888;-256.942;-255.988;0;None;1000;None;15:31:54.009
7845;23.7568;23.6042;22.3091;-256.277;-256.676;-256.895;-256.935;-255.972;0;None;1000;None;15:31:54.508
7846;23.7646;23.5885;22.3013;-256.277;-256.676;-256.888;-256.927;-255.98;0;None;1000;None;15:31:55.008
7847;23.7568;23.5963;22.3013;-256.277;-256.668;-256.888;-256.935;-255.98;0;None;1000;None;15:31:55.509
7848;23.7568;23.5963;22.3013;-256.277;-256.676;-256.88;-256.942;-255.98;0;None;1000;None;15:31:56.008
7849;23.7568;23.5963;22.2935;-256.277;-256.676;-256.895;-256.935;-255.98;0;None;1000;None;15:31:56.509
7850;23.7489;23.5885;22.2935;-256.269;-256.676;-256.895;-256.942;-255.98;0;None;1000;None;15:31:57.007
7851;23.7568;23.6042;22.3013;-256.277;-256.676;-256.888;-256.942;-255.972;0;None;1000;None;15:31:57.507
7852;23.7489;23.5963;22.3013;-256.277;-256.676;-256.888;-256.942;-255.98;0;None;1000;None;15:31:58.007
7853;23.7568;23.5963;22.2935;-256.277;-256.684;-256.888;-256.942;-255.972;0;None;1000;None;15:31:58.509
7854;23.7489;23.6042;22.2935;-256.277;-256.676;-256.888;-256.935;-255.972;0;None;1000;None;15:31:59.007
7855;23.7568;23.5963;22.2935;-256.277;-256.684;-256.888;-256.942;-255.972;0;None;1000;None;15:31:59.506
7856;23.7568;23.5963;22.2935;-256.277;-256.684;-256.888;-256.942;-255.98;0;None;1000;None;15:32:00.007
7857;23.7568;23.5963;22.2935;-256.269;-256.676;-256.88;-256.942;-255.98;0;None;1000;None;15:32:00.507
7858;23.7568;23.5885;22.2935;-256.277;-256.676;-256.88;-256.942;-255.972;0;None;1000;None;15:32:01.007
7859;23.7568;23.5963;22.2857;-256.277;-256.676;-256.888;-256.942;-255.98;0;None;1000;None;15:32:01.508
7860;23.7568;23.5963;22.2935;-256.277;-256.676;-256.888;-256.935;-255.972;0;None;1000;None;15:32:02.009
7861;23.7568;23.5885;22.2935;-256.269;-256.676;-256.88;-256.942;-255.98;0;None;1000;None;15:32:02.509
7862;23.7568;23.5963;22.2935;-256.277;-256.684;-256.888;-256.942;-255.98;0;None;1000;None;15:32:03.009
7863;23.7568;23.5963;22.2935;-256.277;-256.676;-256.888;-256.95;-255.98;0;None;1000;None;15:32:03.509
7864;23.7646;23.5885;22.2935;-256.277;-256.684;-256.888;-256.942;-255.98;0;None;1000;None;15:32:04.008
7865;23.7568;23.5885;22.2935;-256.277;-256.684;-256.888;-256.935;-255.972;0;None;1000;None;15:32:04.508
7866;23.7568;23.5963;22.2935;-256.277;-256.684;-256.888;-256.942;-255.972;0;None;1000;None;15:32:05.008
7867;23.7489;23.5963;22.2935;-256.269;-256.676;-256.888;-256.942;-255.98;0;None;1000;None;15:32:05.509
7868;23.7646;23.5885;22.3013;-256.277;-256.684;-256.88;-256.942;-255.972;0;None;1000;None;15:32:06.008
7869;23.7568;23.5885;22.3013;-256.277;-256.676;-256.888;-256.935;-255.972;0;None;1000;None;15:32:06.509
7870;23.7568;23.5885;22.3013;-256.277;-256.684;-256.888;-256.927;-255.98;0;None;1000;None;15:32:07.008
7871;23.7568;23.5963;22.3013;-256.277;-256.676;-256.888;-256.935;-255.972;0;None;1000;None;15:32:07.508
7872;23.7489;23.5963;22.3013;-256.285;-256.676;-256.888;-256.927;-255.98;0;None;1000;None;15:32:08.008
7873;23.7489;23.5885;22.2935;-256.277;-256.684;-256.888;-256.935;-255.98;0;None;1000;None;15:32:08.509
7874;23.7411;23.5885;22.3013;-256.285;-256.676;-256.888;-256.927;-255.972;0;None;1000;None;15:32:09.008
7875;23.7489;23.5963;22.2935;-256.277;-256.676;-256.888;-256.935;-255.98;0;None;1000;None;15:32:09.509
7876;23.7568;23.5963;22.3013;-256.277;-256.676;-256.888;-256.935;-255.98;0;None;1000;None;15:32:10.008
7877;23.7489;23.5885;22.3013;-256.269;-256.676;-256.895;-256.942;-255.98;0;None;1000;None;15:32:10.507
7878;23.7489;23.5885;22.3013;-256.277;-256.684;-256.88;-256.935;-255.98;0;None;1000;None;15:32:11.006
7879;23.7489;23.5963;22.3013;-256.269;-256.668;-256.888;-256.935;-255.98;0;None;1000;None;15:32:11.509
7880;23.7411;23.5885;22.3013;-256.269;-256.684;-256.888;-256.942;-255.98;0;None;1000;None;15:32:12.007
7881;23.7489;23.5885;22.3013;-256.269;-256.684;-256.888;-256.935;-255.98;0;None;1000;None;15:32:12.508
7882;23.7489;23.5885;22.2935;-256.277;-256.684;-256.888;-256.935;-255.988;0;None;1000;None;15:32:13.009
7883;23.7489;23.5924;22.3013;-256.277;-256.684;-256.888;-256.935;-255.98;0;None;1000;None;15:32:13.508
7884;23.7568;23.5885;22.2935;-256.269;-256.692;-256.888;-256.935;-255.988;0;None;1000;None;15:32:14.009
7885;23.7568;23.5963;22.2935;-256.269;-256.684;-256.888;-256.935;-255.98;0;None;1000;None;15:32:14.508
7886;23.7568;23.5885;22.3013;-256.269;-256.692;-256.895;-256.935;-255.98;0;None;1000;None;15:32:15.007
7887;23.7489;23.5885;22.2935;-256.269;-256.684;-256.888;-256.935;-255.972;0;None;1000;None;15:32:15.508
7888;23.7568;23.5885;22.3013;-256.269;-256.692;-256.88;-256.927;-255.98;0;None;1000;None;15:32:16.007
7889;23.7646;23.5963;22.3013;-256.277;-256.684;-256.88;-256.927;-255.988;0;None;1000;None;15:32:16.508
7890;23.7568;23.5885;22.3013;-256.269;-256.684;-256.88;-256.935;-255.98;0;None;1000;None;15:32:17.009
7891;23.7646;23.5885;22.3013;-256.269;-256.692;-256.88;-256.927;-255.988;0;None;1000;None;15:32:17.509
7892;23.7568;23.5885;22.3013;-256.269;-256.684;-256.888;-256.935;-255.98;0;None;1000;None;15:32:18.009
7893;23.7646;23.5885;22.3091;-256.277;-256.676;-256.88;-256.927;-255.988;0;None;1000;None;15:32:18.508
7894;23.7646;23.5885;22.3013;-256.269;-256.684;-256.888;-256.927;-255.98;0;None;1000;None;15:32:19.007
7895;23.7568;23.5963;22.2935;-256.269;-256.684;-256.888;-256.927;-255.988;0;None;1000;None;15:32:19.508
7896;23.7568;23.5885;22.3013;-256.277;-256.692;-256.888;-256.935;-255.98;0;None;1000;None;15:32:20.006
7897;23.7568;23.5924;22.2935;-256.269;-256.684;-256.88;-256.927;-255.98;0;None;1000;None;15:32:20.509
7898;23.7646;23.6003;22.2935;-256.277;-256.692;-256.888;-256.927;-255.98;0;None;1000;None;15:32:21.008
7899;23.7568;23.5885;22.3013;-256.277;-256.692;-256.888;-256.927;-255.988;0;None;1000;None;15:32:21.507
7900;23.7646;23.5885;22.3013;-256.277;-256.684;-256.888;-256.927;-255.98;0;None;1000;None;15:32:22.008
7901;23.7568;23.5885;22.2935;-256.277;-256.692;-256.888;-256.927;-255.98;0;None;1000;None;15:32:22.508
7902;23.7568;23.5963;22.3091;-256.277;-256.684;-256.888;-256.927;-255.988;0;None;1000;None;15:32:23.008
7903;23.7568;23.5885;22.2935;-256.277;-256.684;-256.888;-256.927;-255.988;0;None;1000;None;15:32:23.508
7904;23.7568;23.5963;22.3013;-256.285;-256.684;-256.888;-256.935;-255.98;0;None;1000;None;15:32:24.009
7905;23.7646;23.5963;22.3091;-256.277;-256.676;-256.888;-256.935;-255.988;0;None;1000;None;15:32:24.508
7906;23.7568;23.5963;22.3013;-256.269;-256.676;-256.888;-256.942;-255.988;0;None;1000;None;15:32:25.008
7907;23.7568;23.5963;22.3013;-256.277;-256.676;-256.888;-256.935;-255.988;0;None;1000;None;15:32:25.508
7908;23.7646;23.5885;22.2935;-256.269;-256.676;-256.888;-256.927;-255.98;0;None;1000;None;15:32:26.008
7909;23.7568;23.5963;22.2935;-256.277;-256.684;-256.888;-256.935;-255.98;0;None;1000;None;15:32:26.509
7910;23.7568;23.5885;22.3013;-256.277;-256.676;-256.888;-256.927;-255.98;0;None;1000;None;15:32:27.007
7911;23.7568;23.5885;22.2935;-256.277;-256.676;-256.888;-256.935;-255.988;0;None;1000;None;15:32:27.507
7912;23.7568;23.5963;22.2857;-256.277;-256.676;-256.888;-256.927;-255.98;0;None;1000;None;15:32:28.006
7913;23.7568;23.5963;22.3013;-256.277;-256.676;-256.888;-256.927;-255.98;0;None;1000;None;15:32:28.508
7914;23.7646;23.5963;22.2935;-256.277;-256.668;-256.895;-256.935;-255.98;0;None;1000;None;15:32:29.007
7915;23.7568;23.5924;22.2935;-256.285;-256.676;-256.888;-256.942;-255.98;0;None;1000;None;15:32:29.509
7916;23.7646;23.5885;22.2935;-256.277;-256.676;-256.888;-256.935;-255.98;0;None;1000;None;15:32:30.007
7917;23.7568;23.5963;22.2935;-256.285;-256.668;-256.888;-256.935;-255.98;0;None;1000;None;15:32:30.508
7918;23.7568;23.5885;22.3013;-256.277;-256.668;-256.888;-256.935;-255.988;0;None;1000;None;15:32:31.006
7919;23.7568;23.5885;22.2935;-256.277;-256.668;-256.895;-256.935;-255.988;0;None;1000;None;15:32:31.508
7920;23.7568;23.5885;22.2935;-256.277;-256.676;-256.888;-256.927;-255.98;0;None;1000;None;15:32:32.007
7921;23.7568;23.5885;22.2935;-256.277;-256.676;-256.888;-256.927;-255.988;0;None;1000;None;15:32:32.506
7922;23.7489;23.5963;22.2935;-256.269;-256.668;-256.888;-256.935;-255.988;0;None;1000;None;15:32:33.006
7923;23.7568;23.5963;22.2935;-256.277;-256.676;-256.888;-256.935;-255.98;0;None;1000;None;15:32:33.508
7924;23.7568;23.5885;22.2935;-256.269;-256.676;-256.888;-256.935;-255.98;0;None;1000;None;15:32:34.007
7925;23.7568;23.5963;22.2935;-256.277;-256.676;-256.888;-256.935;-255.98;0;None;1000;None;15:32:34.508
7926;23.7568;23.5963;22.2935;-256.277;-256.684;-256.888;-256.935;-255.98;0;None;1000;None;15:32:35.007
7927;23.7489;23.5885;22.3013;-256.277;-256.684;-256.888;-256.927;-255.988;0;None;1000;None;15:32:35.508
7928;23.7489;23.5963;22.2935;-256.269;-256.676;-256.888;-256.935;-255.98;0;None;1000;None;15:32:36.008
7929;23.7489;23.5885;22.3013;-256.277;-256.676;-256.888;-256.935;-255.988;0;None;1000;None;15:32:36.507
7930;23.7568;23.5846;22.2935;-256.269;-256.676;-256.88;-256.935;-255.98;0;None;1000;None;15:32:37.006
7931;23.7568;23.5924;22.2935;-256.269;-256.676;-256.888;-256.935;-255.988;0;None;1000;None;15:32:37.507
7932;23.7489;23.5846;22.3013;-256.269;-256.676;-256.888;-256.935;-255.98;0;None;1000;None;15:32:38.007
7933;23.7568;23.5885;22.3091;-256.277;-256.676;-256.888;-256.935;-255.988;0;None;1000;None;15:32:38.506
7934;23.7646;23.5885;22.3013;-256.269;-256.676;-256.888;-256.927;-255.98;0;None;1000;None;15:32:39.008
7935;23.7568;23.5885;22.3013;-256.277;-256.676;-256.888;-256.935;-255.98;0;None;1000;None;15:32:39.507
7936;23.7568;23.5963;22.2935;-256.269;-256.676;-256.888;-256.942;-255.98;0;None;1000;None;15:32:40.006
7937;23.7646;23.5885;22.3013;-256.277;-256.676;-256.888;-256.935;-255.98;0;None;1000;None;15:32:40.507
7938;23.7568;23.5846;22.2935;-256.269;-256.676;-256.895;-256.935;-255.98;0;None;1000;None;15:32:41.006
7939;23.7646;23.5885;22.3013;-256.285;-256.676;-256.888;-256.942;-255.98;0;None;1000;None;15:32:41.507
7940;23.7646;23.5885;22.2935;-256.277;-256.676;-256.888;-256.935;-255.98;0;None;1000;None;15:32:42.006
7941;23.7568;23.5885;22.2935;-256.285;-256.676;-256.88;-256.942;-255.98;0;None;1000;None;15:32:42.507
7942;23.7568;23.5885;22.3013;-256.277;-256.676;-256.888;-256.942;-255.98;0;None;1000;None;15:32:43.006
7943;23.7568;23.5846;22.3013;-256.285;-256.684;-256.888;-256.927;-255.98;0;None;1000;None;15:32:43.508
7944;23.7568;23.5885;22.3013;-256.277;-256.676;-256.888;-256.935;-255.98;0;None;1000;None;15:32:44.009
7945;23.7646;23.5846;22.2935;-256.277;-256.676;-256.88;-256.942;-255.98;0;None;1000;None;15:32:44.508
7946;23.7568;23.5885;22.2935;-256.277;-256.676;-256.888;-256.927;-255.98;0;None;1000;None;15:32:45.007
7947;23.7568;23.5846;22.3013;-256.277;-256.684;-256.888;-256.935;-255.98;0;None;1000;None;15:32:45.507
7948;23.7568;23.5846;22.2857;-256.277;-256.684;-256.88;-256.942;-255.98;0;None;1000;None;15:32:46.008
7949;23.7568;23.5846;22.3013;-256.277;-256.676;-256.88;-256.935;-255.98;0;None;1000;None;15:32:46.507
7950;23.7489;23.5963;22.2935;-256.277;-256.684;-256.888;-256.927;-255.98;0;None;1000;None;15:32:47.006
7951;23.7568;23.5885;22.2935;-256.285;-256.684;-256.888;-256.927;-255.98;0;None;1000;None;15:32:47.506
7952;23.7489;23.5885;22.2935;-256.285;-256.676;-256.888;-256.935;-255.98;0;None;1000;None;15:32:48.006
7953;23.7568;23.5885;22.2935;-256.277;-256.684;-256.888;-256.927;-255.98;0;None;1000;None;15:32:48.506
7954;23.7489;23.5885;22.3013;-256.277;-256.684;-256.888;-256.927;-255.98;0;None;1000;None;15:32:49.007
7955;23.7489;23.5885;22.3013;-256.277;-256.684;-256.888;-256.919;-255.988;0;None;1000;None;15:32:49.508
7956;23.7489;23.5885;22.3013;-256.277;-256.676;-256.888;-256.935;-255.98;0;None;1000;None;15:32:50.007
7957;23.7568;23.5885;22.3013;-256.285;-256.684;-256.88;-256.935;-255.98;0;None;1000;None;15:32:50.509
7958;23.7411;23.5885;22.2935;-256.277;-256.676;-256.888;-256.927;-255.972;0;None;1000;None;15:32:51.007
7959;23.7489;23.5963;22.3013;-256.285;-256.676;-256.888;-256.935;-255.972;0;None;1000;None;15:32:51.507
7960;23.7411;23.5885;22.3013;-256.277;-256.684;-256.888;-256.942;-255.98;0;None;1000;None;15:32:52.007
7961;23.7489;23.5963;22.2935;-256.277;-256.676;-256.888;-256.942;-255.972;0;None;1000;None;15:32:52.508
7962;23.7411;23.5885;22.3013;-256.277;-256.676;-256.88;-256.935;-255.972;0;None;1000;None;15:32:53.007
7963;23.7411;23.5885;22.2935;-256.277;-256.668;-256.888;-256.942;-255.972;0;None;1000;None;15:32:53.508
7964;23.7489;23.5885;22.2935;-256.277;-256.676;-256.88;-256.942;-255.98;0;None;1000;None;15:32:54.008
7965;23.7568;23.5885;22.2935;-256.277;-256.676;-256.88;-256.942;-255.972;0;None;1000;None;15:32:54.508
7966;23.7489;23.5885;22.3013;-256.277;-256.676;-256.88;-256.935;-255.98;0;None;1000;None;15:32:55.008
7967;23.7411;23.5885;22.2935;-256.277;-256.676;-256.88;-256.935;-255.972;0;None;1000;None;15:32:55.508
7968;23.7568;23.5885;22.3013;-256.277;-256.676;-256.88;-256.935;-255.98;0;None;1000;None;15:32:56.006
7969;23.7489;23.5963;22.2935;-256.277;-256.676;-256.88;-256.935;-255.98;0;None;1000;None;15:32:56.505
7970;23.7411;23.5885;22.2935;-256.285;-256.684;-256.88;-256.935;-255.972;0;None;1000;None;15:32:57.006
7971;23.7489;23.5846;22.2935;-256.269;-256.676;-256.88;-256.935;-255.972;0;None;1000;None;15:32:57.506
7972;23.7568;23.5885;22.2857;-256.277;-256.668;-256.88;-256.935;-255.972;0;None;1000;None;15:32:58.006
7973;23.7411;23.5885;22.2857;-256.277;-256.684;-256.88;-256.942;-255.972;0;None;1000;None;15:32:58.508
7974;23.7489;23.5846;22.2857;-256.277;-256.676;-256.88;-256.942;-255.98;0;None;1000;None;15:32:59.007
7975;23.7489;23.5885;22.2935;-256.285;-256.684;-256.88;-256.935;-255.972;0;None;1000;None;15:32:59.508
7976;23.7489;23.5885;22.2935;-256.285;-256.676;-256.872;-256.935;-255.98;0;None;1000;None;15:33:00.007
7977;23.7568;23.5885;22.2857;-256.269;-256.684;-256.88;-256.942;-255.988;0;None;1000;None;15:33:00.508
7978;23.7489;23.5885;22.2935;-256.277;-256.684;-256.88;-256.927;-255.972;0;None;1000;None;15:33:01.006
7979;23.7489;23.5885;22.2857;-256.277;-256.684;-256.888;-256.927;-255.98;0;None;1000;None;15:33:01.508
7980;23.7489;23.5885;22.2935;-256.277;-256.676;-256.888;-256.935;-255.98;0;None;1000;None;15:33:02.007
7981;23.7489;23.5885;22.3013;-256.277;-256.684;-256.888;-256.927;-255.98;0;None;1000;None;15:33:02.508
7982;23.7489;23.5963;22.2935;-256.277;-256.684;-256.88;-256.927;-255.98;0;None;1000;None;15:33:03.010
7983;23.7568;23.5885;22.2935;-256.277;-256.684;-256.88;-256.927;-255.98;0;None;1000;None;15:33:03.509
7984;23.7489;23.5846;22.3013;-256.277;-256.676;-256.88;-256.927;-255.98;0;None;1000;None;15:33:04.007
7985;23.7568;23.5924;22.2935;-256.277;-256.684;-256.88;-256.935;-255.98;0;None;1000;None;15:33:04.508
7986;23.7568;23.5885;22.2935;-256.277;-256.684;-256.888;-256.927;-255.988;0;None;1000;None;15:33:05.008
7987;23.7568;23.5885;22.2935;-256.285;-256.676;-256.88;-256.935;-255.988;0;None;1000;None;15:33:05.508
7988;23.7489;23.5885;22.2935;-256.277;-256.684;-256.888;-256.935;-255.98;0;None;1000;None;15:33:06.008
7989;23.7568;23.5846;22.2857;-256.277;-256.684;-256.888;-256.935;-255.988;0;None;1000;None;15:33:06.507
7990;23.7568;23.5885;22.2857;-256.285;-256.676;-256.88;-256.927;-255.988;0;None;1000;None;15:33:07.008
7991;23.7568;23.5846;22.2935;-256.277;-256.684;-256.888;-256.942;-255.98;0;None;1000;None;15:33:07.508
7992;23.7489;23.5885;22.2935;-256.269;-256.684;-256.88;-256.935;-255.988;0;None;1000;None;15:33:08.006
7993;23.7568;23.5885;22.2935;-256.277;-256.676;-256.888;-256.919;-255.98;0;None;1000;None;15:33:08.508
7994;23.7568;23.5885;22.2857;-256.277;-256.676;-256.888;-256.927;-255.988;0;None;1000;None;15:33:09.007
7995;23.7568;23.5885;22.2935;-256.277;-256.684;-256.888;-256.935;-255.98;0;None;1000;None;15:33:09.507
7996;23.7568;23.5885;22.2935;-256.277;-256.684;-256.88;-256.935;-255.98;0;None;1000;None;15:33:10.008
7997;23.7646;23.5885;22.2857;-256.277;-256.676;-256.888;-256.927;-255.98;0;None;1000;None;15:33:10.508
7998;23.7646;23.5885;22.2935;-256.269;-256.684;-256.888;-256.927;-255.98;0;None;1000;None;15:33:11.006
7999;23.7646;23.5885;22.2935;-256.277;-256.684;-256.88;-256.927;-255.988;0;None;1000;None;15:33:11.507
8000;23.7646;23.5963;22.3013;-256.277;-256.684;-256.888;-256.927;-255.98;0;None;1000;None;15:33:12.007
8001;23.7568;23.5885;22.2857;-256.269;-256.676;-256.888;-256.927;-255.98;0;None;1000;None;15:33:12.507
8002;23.7724;23.5963;22.2857;-256.285;-256.676;-256.888;-256.927;-255.98;0;None;1000;None;15:33:13.006
8003;23.7646;23.5924;22.2857;-256.269;-256.676;-256.88;-256.935;-255.98;0;None;1000;None;15:33:13.507
8004;23.7724;23.6042;22.2935;-256.285;-256.684;-256.88;-256.927;-255.988;0;None;1000;None;15:33:14.006
8005;23.7646;23.5963;22.2857;-256.277;-256.676;-256.88;-256.935;-255.98;0;None;1000;None;15:33:14.506
8006;23.7568;23.5963;22.2935;-256.277;-256.684;-256.88;-256.927;-255.98;0;None;1000;None;15:33:15.006
8007;23.7646;23.5885;22.2935;-256.277;-256.676;-256.88;-256.935;-255.98;0;None;1000;None;15:33:15.507
8008;23.7646;23.5885;22.3013;-256.277;-256.668;-256.872;-256.935;-255.98;0;None;1000;None;15:33:16.006
8009;23.7568;23.5963;22.2935;-256.277;-256.676;-256.88;-256.935;-255.98;0;None;1000;None;15:33:16.506
8010;23.7646;23.5963;22.2935;-256.277;-256.676;-256.88;-256.935;-255.98;0;None;1000;None;15:33:17.006
8011;23.7646;23.5963;22.2935;-256.277;-256.676;-256.88;-256.935;-255.988;0;None;1000;None;15:33:17.506
8012;23.7646;23.5885;22.2935;-256.285;-256.676;-256.88;-256.942;-255.988;0;None;1000;None;15:33:18.007
8013;23.7646;23.5885;22.2935;-256.277;-256.676;-256.88;-256.927;-255.98;0;None;1000;None;15:33:18.506
8014;23.7568;23.5963;22.2857;-256.285;-256.676;-256.872;-256.942;-255.988;0;None;1000;None;15:33:19.005
8015;23.7646;23.5924;22.2935;-256.277;-256.668;-256.888;-256.942;-255.98;0;None;1000;None;15:33:19.506
8016;23.7646;23.5846;22.2935;-256.277;-256.676;-256.88;-256.942;-255.988;0;None;1000;None;15:33:20.005
8017;23.7646;23.5885;22.2935;-256.269;-256.668;-256.888;-256.942;-255.98;0;None;1000;None;15:33:20.506
8018;23.7646;23.5885;22.2935;-256.277;-256.676;-256.888;-256.942;-255.988;0;None;1000;None;15:33:21.005
8019;23.7646;23.5807;22.2935;-256.277;-256.668;-256.888;-256.942;-255.98;0;None;1000;None;15:33:21.506
8020;23.7724;23.5885;22.2857;-256.277;-256.676;-256.88;-256.942;-255.988;0;None;1000;None;15:33:22.005
8021;23.7646;23.5846;22.2935;-256.269;-256.676;-256.88;-256.935;-255.98;0;None;1000;None;15:33:22.506
8022;23.7646;23.5885;22.2935;-256.277;-256.676;-256.88;-256.927;-255.98;0;None;1000;None;15:33:23.008
8023;23.7568;23.5846;22.2935;-256.277;-256.676;-256.888;-256.935;-255.98;0;None;1000;None;15:33:23.506
8024;23.7646;23.5885;22.2857;-256.269;-256.668;-256.888;-256.927;-255.98;0;None;1000;None;15:33:24.007
8025;23.7568;23.5846;22.2857;-256.277;-256.676;-256.888;-256.927;-255.98;0;None;1000;None;15:33:24.507
8026;23.7568;23.5885;22.2857;-256.285;-256.684;-256.888;-256.935;-255.98;0;None;1000;None;15:33:25.007
8027;23.7646;23.5846;22.2935;-256.269;-256.676;-256.888;-256.927;-255.98;0;None;1000;None;15:33:25.507
8028;23.7646;23.5846;22.2935;-256.277;-256.676;-256.888;-256.927;-255.98;0;None;1000;None;15:33:26.010
8029;23.7568;23.5885;22.2935;-256.277;-256.684;-256.888;-256.935;-255.98;0;None;1000;None;15:33:26.507
8030;23.7646;23.5885;22.2935;-256.277;-256.676;-256.888;-256.935;-255.98;0;None;1000;None;15:33:27.006
8031;23.7568;23.5885;22.2935;-256.277;-256.684;-256.888;-256.935;-255.98;0;None;1000;None;15:33:27.508
8032;23.7568;23.5885;22.2935;-256.277;-256.684;-256.888;-256.927;-255.98;0;None;1000;None;15:33:28.006
8033;23.7646;23.5885;22.2935;-256.277;-256.684;-256.88;-256.935;-255.988;0;None;1000;None;15:33:28.506
8034;23.7646;23.5885;22.2935;-256.277;-256.676;-256.888;-256.935;-255.98;0;None;1000;None;15:33:29.007
8035;23.7568;23.5807;22.2935;-256.277;-256.684;-256.88;-256.935;-255.98;0;None;1000;None;15:33:29.507
8036;23.7568;23.5846;22.3013;-256.277;-256.684;-256.888;-256.935;-255.98;0;None;1000;None;15:33:30.006
8037;23.7568;23.5846;22.2935;-256.277;-256.684;-256.88;-256.927;-255.98;0;None;1000;None;15:33:30.506
8038;23.7646;23.5885;22.3013;-256.277;-256.684;-256.888;-256.935;-255.988;0;None;1000;None;15:33:31.007
8039;23.7568;23.5846;22.2935;-256.269;-256.676;-256.888;-256.927;-255.988;0;None;1000;None;15:33:31.507
8040;23.7489;23.5807;22.2935;-256.269;-256.676;-256.888;-256.935;-255.988;0;None;1000;None;15:33:32.007
8041;23.7646;23.5846;22.3013;-256.277;-256.676;-256.888;-256.927;-255.98;0;None;1000;None;15:33:32.508
8042;23.7489;23.5807;22.3013;-256.269;-256.684;-256.88;-256.927;-255.988;0;None;1000;None;15:33:33.006
8043;23.7646;23.5846;22.3013;-256.277;-256.676;-256.88;-256.935;-255.988;0;None;1000;None;15:33:33.507
8044;23.7646;23.5807;22.317;-256.277;-256.684;-256.88;-256.927;-255.988;0;None;1000;None;15:33:34.006
8045;23.7568;23.5846;22.3091;-256.269;-256.676;-256.88;-256.927;-255.98;0;None;1000;None;15:33:34.507
8046;23.7646;23.5846;22.3013;-256.269;-256.684;-256.88;-256.927;-255.988;0;None;1000;None;15:33:35.007
8047;23.7646;23.5885;22.3091;-256.269;-256.676;-256.88;-256.935;-255.98;0;None;1000;None;15:33:35.506
8048;23.7646;23.5846;22.3091;-256.277;-256.684;-256.88;-256.927;-255.988;0;None;1000;None;15:33:36.006
8049;23.7646;23.5846;22.3091;-256.277;-256.676;-256.88;-256.927;-255.98;0;None;1000;None;15:33:36.506
8050;23.7568;23.5846;22.3013;-256.277;-256.684;-256.88;-256.927;-255.972;0;None;1000;None;15:33:37.006
8051;23.7568;23.5846;22.3013;-256.277;-256.684;-256.88;-256.935;-255.98;0;None;1000;None;15:33:37.506
8052;23.7568;23.5846;22.3013;-256.277;-256.676;-256.888;-256.927;-255.98;0;None;1000;None;15:33:38.006
8053;23.7646;23.5885;22.3013;-256.277;-256.692;-256.888;-256.935;-255.988;0;None;1000;None;15:33:38.508
8054;23.7646;23.5846;22.3091;-256.285;-256.684;-256.88;-256.927;-255.98;0;None;1000;None;15:33:39.006
8055;23.7489;23.5846;22.3013;-256.277;-256.676;-256.888;-256.935;-255.98;0;None;1000;None;15:33:39.507
8056;23.7568;23.5846;22.3013;-256.277;-256.684;-256.88;-256.927;-255.98;0;None;1000;None;15:33:40.005
8057;23.7568;23.5885;22.3091;-256.277;-256.692;-256.888;-256.935;-255.98;0;None;1000;None;15:33:40.507
8058;23.7568;23.5846;22.3013;-256.277;-256.676;-256.888;-256.927;-255.988;0;None;1000;None;15:33:41.005
8059;23.7646;23.5885;22.3091;-256.277;-256.684;-256.895;-256.935;-255.972;0;None;1000;None;15:33:41.507
8060;23.7646;23.5885;22.3091;-256.277;-256.684;-256.888;-256.935;-255.98;0;None;1000;None;15:33:42.005
8061;23.7568;23.5963;22.3013;-256.285;-256.684;-256.888;-256.927;-255.98;0;None;1000;None;15:33:42.506
8062;23.7646;23.6042;22.3091;-256.277;-256.684;-256.888;-256.942;-255.98;0;None;1000;None;15:33:43.006
8063;23.7568;23.5963;22.317;-256.277;-256.684;-256.888;-256.935;-255.98;0;None;1000;None;15:33:43.506
8064;23.7568;23.6042;22.3091;-256.277;-256.684;-256.888;-256.935;-255.98;0;None;1000;None;15:33:44.007
8065;23.7489;23.5963;22.3091;-256.277;-256.684;-256.88;-256.927;-255.988;0;None;1000;None;15:33:44.507
8066;23.7568;23.5885;22.3091;-256.277;-256.684;-256.888;-256.935;-255.972;0;None;1000;None;15:33:45.007
8067;23.7568;23.5885;22.3091;-256.277;-256.684;-256.888;-256.935;-255.98;0;None;1000;None;15:33:45.506
8068;23.7489;23.5963;22.3091;-256.277;-256.676;-256.888;-256.935;-255.988;0;None;1000;None;15:33:46.007
8069;23.7489;23.5885;22.3091;-256.277;-256.676;-256.888;-256.935;-255.98;0;None;1000;None;15:33:46.507
8070;23.7568;23.5963;22.3013;-256.277;-256.684;-256.888;-256.942;-255.98;0;None;1000;None;15:33:47.007
8071;23.7489;23.5885;22.3013;-256.277;-256.684;-256.888;-256.935;-255.98;0;None;1000;None;15:33:47.507
8072;23.7568;23.5963;22.3091;-256.277;-256.684;-256.888;-256.935;-255.98;0;None;1000;None;15:33:48.007
8073;23.7489;23.5963;22.3013;-256.277;-256.692;-256.888;-256.942;-255.972;0;None;1000;None;15:33:48.506
8074;23.7489;23.5885;22.3013;-256.269;-256.684;-256.895;-256.935;-255.98;0;None;1000;None;15:33:49.006
8075;23.7568;23.5885;22.3013;-256.277;-256.684;-256.888;-256.927;-255.972;0;None;1000;None;15:33:49.507
8076;23.7568;23.5885;22.3013;-256.277;-256.684;-256.88;-256.927;-255.98;0;None;1000;None;15:33:50.006
8077;23.7568;23.5885;22.3013;-256.269;-256.684;-256.888;-256.942;-255.972;0;None;1000;None;15:33:50.506
8078;23.7568;23.5885;22.3091;-256.277;-256.684;-256.888;-256.935;-255.98;0;None;1000;None;15:33:51.006
8079;23.7489;23.5885;22.3013;-256.277;-256.684;-256.888;-256.942;-255.988;0;None;1000;None;15:33:51.506
8080;23.7568;23.5885;22.3013;-256.277;-256.684;-256.888;-256.935;-255.98;0;None;1000;None;15:33:52.006
8081;23.7568;23.5963;22.3013;-256.277;-256.684;-256.88;-256.935;-255.98;0;None;1000;None;15:33:52.507
8082;23.7489;23.5885;22.3091;-256.269;-256.684;-256.888;-256.942;-255.972;0;None;1000;None;15:33:53.007
8083;23.7568;23.5885;22.3091;-256.277;-256.692;-256.888;-256.942;-255.98;0;None;1000;None;15:33:53.506
8084;23.7646;23.5963;22.3091;-256.277;-256.684;-256.888;-256.935;-255.98;0;None;1000;None;15:33:54.009
8085;23.7646;23.5963;22.3091;-256.285;-256.692;-256.88;-256.935;-255.972;0;None;1000;None;15:33:54.506
8086;23.7646;23.5885;22.3091;-256.277;-256.684;-256.888;-256.927;-255.972;0;None;1000;None;15:33:55.008
8087;23.7568;23.5963;22.3013;-256.277;-256.692;-256.888;-256.942;-255.98;0;None;1000;None;15:33:55.508
8088;23.7568;23.5963;22.3091;-256.277;-256.684;-256.888;-256.935;-255.972;0;None;1000;None;15:33:56.005
8089;23.7568;23.5885;22.3013;-256.285;-256.684;-256.888;-256.927;-255.98;0;None;1000;None;15:33:56.507
8090;23.7568;23.5963;22.3091;-256.277;-256.692;-256.888;-256.935;-255.98;0;None;1000;None;15:33:57.005
8091;23.7568;23.5963;22.3091;-256.277;-256.684;-256.888;-256.935;-255.988;0;None;1000;None;15:33:57.507
8092;23.7489;23.5885;22.3013;-256.277;-256.692;-256.888;-256.942;-255.98;0;None;1000;None;15:33:58.006
8093;23.7568;23.5885;22.3013;-256.285;-256.676;-256.888;-256.927;-255.98;0;None;1000;None;15:33:58.507
8094;23.7489;23.5885;22.3091;-256.277;-256.684;-256.88;-256.935;-255.98;0;None;1000;None;15:33:59.005
8095;23.7489;23.5885;22.3013;-256.285;-256.684;-256.888;-256.935;-255.972;0;None;1000;None;15:33:59.506
8096;23.7489;23.5963;22.3091;-256.285;-256.676;-256.888;-256.942;-255.988;0;None;1000;None;15:34:00.007
8097;23.7489;23.5885;22.3091;-256.285;-256.684;-256.888;-256.935;-255.972;0;None;1000;None;15:34:00.504
8098;23.7568;23.5963;22.3091;-256.277;-256.684;-256.888;-256.942;-255.988;0;None;1000;None;15:34:01.006
8099;23.7489;23.5846;22.3013;-256.277;-256.684;-256.88;-256.942;-255.98;0;None;1000;None;15:34:01.506
8100;23.7489;23.5885;22.3013;-256.285;-256.676;-256.888;-256.927;-255.98;0;None;1000;None;15:34:02.006
8101;23.7489;23.5963;22.3091;-256.285;-256.684;-256.888;-256.935;-255.98;0;None;1000;None;15:34:02.508
8102;23.7411;23.5963;22.3013;-256.285;-256.684;-256.888;-256.935;-255.988;0;None;1000;None;15:34:03.005
8103;23.7489;23.5963;22.3013;-256.285;-256.676;-256.88;-256.935;-255.98;0;None;1000;None;15:34:03.506
8104;23.7489;23.5963;22.3013;-256.277;-256.692;-256.888;-256.942;-255.98;0;None;1000;None;15:34:04.005
8105;23.7489;23.5963;22.3013;-256.285;-256.676;-256.88;-256.942;-255.98;0;None;1000;None;15:34:04.506
8106;23.7489;23.5963;22.3013;-256.277;-256.684;-256.888;-256.935;-255.988;0;None;1000;None;15:34:05.005
8107;23.7489;23.5963;22.3091;-256.277;-256.684;-256.888;-256.942;-255.98;0;None;1000;None;15:34:05.507
8108;23.7489;23.5963;22.3013;-256.285;-256.684;-256.888;-256.935;-255.988;0;None;1000;None;15:34:06.007
8109;23.7489;23.5963;22.3091;-256.277;-256.684;-256.88;-256.935;-255.98;0;None;1000;None;15:34:06.507
8110;23.7411;23.5885;22.3013;-256.277;-256.684;-256.888;-256.942;-255.98;0;None;1000;None;15:34:07.005
8111;23.7411;23.5963;22.3013;-256.285;-256.684;-256.88;-256.935;-255.988;0;None;1000;None;15:34:07.507
8112;23.7489;23.5963;22.3013;-256.277;-256.676;-256.888;-256.942;-255.988;0;None;1000;None;15:34:08.007
8113;23.7411;23.5885;22.3013;-256.285;-256.676;-256.88;-256.942;-255.98;0;None;1000;None;15:34:08.506
8114;23.7489;23.5885;22.3013;-256.277;-256.676;-256.888;-256.942;-255.98;0;None;1000;None;15:34:09.006
8115;23.7489;23.5963;22.2935;-256.277;-256.684;-256.888;-256.942;-255.98;0;None;1000;None;15:34:09.506
8116;23.7489;23.5963;22.3013;-256.277;-256.684;-256.88;-256.935;-255.98;0;None;1000;None;15:34:10.007
8117;23.7411;23.5885;22.3013;-256.277;-256.684;-256.888;-256.942;-255.98;0;None;1000;None;15:34:10.507
8118;23.7489;23.5885;22.3013;-256.277;-256.684;-256.895;-256.942;-255.98;0;None;1000;None;15:34:11.005
8119;23.7411;23.5963;22.3013;-256.277;-256.684;-256.88;-256.935;-255.98;0;None;1000;None;15:34:11.505
8120;23.7489;23.5885;22.2935;-256.277;-256.684;-256.872;-256.927;-255.98;0;None;1000;None;15:34:12.007
8121;23.7489;23.5885;22.2935;-256.269;-256.684;-256.88;-256.935;-255.972;0;None;1000;None;15:34:12.506
8122;23.7489;23.5963;22.3013;-256.277;-256.684;-256.88;-256.942;-255.98;0;None;1000;None;15:34:13.005
8123;23.7489;23.5885;22.2935;-256.269;-256.684;-256.88;-256.935;-255.98;0;None;1000;None;15:34:13.506
8124;23.7489;23.5963;22.2935;-256.277;-256.684;-256.88;-256.942;-255.98;0;None;1000;None;15:34:14.005
8125;23.7568;23.5885;22.3013;-256.269;-256.684;-256.88;-256.942;-255.972;0;None;1000;None;15:34:14.506
8126;23.7489;23.5963;22.2935;-256.277;-256.684;-256.88;-256.935;-255.972;0;None;1000;None;15:34:15.006
8127;23.7568;23.5963;22.3013;-256.269;-256.684;-256.872;-256.942;-255.98;0;None;1000;None;15:34:15.507
8128;23.7489;23.5963;22.2935;-256.277;-256.676;-256.88;-256.935;-255.98;0;None;1000;None;15:34:16.005
8129;23.7568;23.5963;22.2935;-256.269;-256.676;-256.88;-256.935;-255.972;0;None;1000;None;15:34:16.507
8130;23.7489;23.5963;22.2935;-256.269;-256.676;-256.872;-256.927;-255.98;0;None;1000;None;15:34:17.006
8131;23.7568;23.5963;22.2935;-256.277;-256.676;-256.88;-256.935;-255.98;0;None;1000;None;15:34:17.507
8132;23.7489;23.5963;22.3013;-256.269;-256.684;-256.88;-256.935;-255.972;0;None;1000;None;15:34:18.006
8133;23.7568;23.5963;22.3091;-256.277;-256.676;-256.872;-256.935;-255.98;0;None;1000;None;15:34:18.507
8134;23.7489;23.5885;22.3013;-256.277;-256.684;-256.88;-256.942;-255.972;0;None;1000;None;15:34:19.005
8135;23.7489;23.5963;22.3013;-256.269;-256.684;-256.88;-256.942;-255.98;0;None;1000;None;15:34:19.506
8136;23.7568;23.5963;22.3013;-256.277;-256.692;-256.88;-256.942;-255.972;0;None;1000;None;15:34:20.005
8137;23.7568;23.5963;22.3091;-256.285;-256.684;-256.872;-256.935;-255.98;0;None;1000;None;15:34:20.506
8138;23.7568;23.5885;22.3013;-256.277;-256.676;-256.88;-256.935;-255.972;0;None;1000;None;15:34:21.005
8139;23.7646;23.5885;22.2935;-256.285;-256.676;-256.88;-256.935;-255.98;0;None;1000;None;15:34:21.506
8140;23.7646;23.5885;22.3091;-256.285;-256.676;-256.88;-256.927;-255.98;0;None;1000;None;15:34:22.006
8141;23.7568;23.5963;22.3013;-256.277;-256.684;-256.872;-256.935;-255.98;0;None;1000;None;15:34:22.505
8142;23.7568;23.5924;22.3013;-256.277;-256.676;-256.88;-256.927;-255.98;0;None;1000;None;15:34:23.006
8143;23.7489;23.5963;22.3013;-256.277;-256.684;-256.88;-256.935;-255.98;0;None;1000;None;15:34:23.505
8144;23.7646;23.5963;22.3013;-256.285;-256.684;-256.872;-256.935;-255.98;0;None;1000;None;15:34:24.005
8145;23.7568;23.5963;22.317;-256.277;-256.692;-256.88;-256.942;-255.98;0;None;1000;None;15:34:24.506
8146;23.7646;23.5963;22.3091;-256.277;-256.684;-256.872;-256.935;-255.98;0;None;1000;None;15:34:25.004
8147;23.7646;23.5963;22.3091;-256.277;-256.684;-256.872;-256.942;-255.988;0;None;1000;None;15:34:25.506
8148;23.7568;23.5885;22.3091;-256.285;-256.684;-256.88;-256.942;-255.98;0;None;1000;None;15:34:26.004
8149;23.7568;23.5963;22.3091;-256.277;-256.684;-256.88;-256.942;-255.98;0;None;1000;None;15:34:26.506
8150;23.7568;23.5963;22.3091;-256.277;-256.684;-256.872;-256.935;-255.98;0;None;1000;None;15:34:27.004
8151;23.7646;23.5963;22.3091;-256.277;-256.684;-256.88;-256.935;-255.98;0;None;1000;None;15:34:27.506
8152;23.7646;23.5963;22.317;-256.277;-256.676;-256.88;-256.942;-255.988;0;None;1000;None;15:34:28.005
8153;23.7568;23.5885;22.3091;-256.285;-256.692;-256.88;-256.935;-255.98;0;None;1000;None;15:34:28.506
8154;23.7646;23.5963;22.317;-256.285;-256.676;-256.872;-256.927;-255.98;0;None;1000;None;15:34:29.006
8155;23.7568;23.5885;22.3091;-256.277;-256.684;-256.88;-256.935;-255.988;0;None;1000;None;15:34:29.506
8156;23.7568;23.6042;22.3091;-256.285;-256.684;-256.872;-256.935;-255.98;0;None;1000;None;15:34:30.008
8157;23.7724;23.5963;22.3091;-256.277;-256.684;-256.88;-256.942;-255.98;0;None;1000;None;15:34:30.506
8158;23.7568;23.5963;22.3091;-256.277;-256.676;-256.88;-256.942;-255.98;0;None;1000;None;15:34:31.005
8159;23.7568;23.5885;22.3091;-256.285;-256.668;-256.88;-256.935;-255.98;0;None;1000;None;15:34:31.506
8160;23.7568;23.5885;22.317;-256.285;-256.676;-256.88;-256.935;-255.972;0;None;1000;None;15:34:32.005
8161;23.7568;23.5963;22.3013;-256.277;-256.684;-256.88;-256.942;-255.98;0;None;1000;None;15:34:32.505
8162;23.7568;23.5963;22.3091;-256.277;-256.684;-256.88;-256.935;-255.972;0;None;1000;None;15:34:33.006
8163;23.7646;23.5885;22.3091;-256.285;-256.684;-256.88;-256.935;-255.98;0;None;1000;None;15:34:33.506
8164;23.7568;23.5963;22.3013;-256.277;-256.684;-256.88;-256.942;-255.988;0;None;1000;None;15:34:34.005
8165;23.7568;23.5885;22.317;-256.277;-256.684;-256.88;-256.935;-255.98;0;None;1000;None;15:34:34.505
8166;23.7646;23.5963;22.317;-256.277;-256.684;-256.88;-256.95;-255.98;0;None;1000;None;15:34:35.005
8167;23.7724;23.6042;22.3091;-256.285;-256.684;-256.888;-256.942;-255.98;0;None;1000;None;15:34:35.504
8168;23.7646;23.5885;22.317;-256.277;-256.676;-256.888;-256.927;-255.98;0;None;1000;None;15:34:36.005
8169;23.7646;23.5885;22.3091;-256.285;-256.684;-256.88;-256.935;-255.98;0;None;1000;None;15:34:36.505
8170;23.7646;23.5885;22.3091;-256.285;-256.676;-256.88;-256.935;-255.98;0;None;1000;None;15:34:37.004
8171;23.7646;23.5963;22.3091;-256.277;-256.684;-256.888;-256.935;-255.972;0;None;1000;None;15:34:37.504
8172;23.7724;23.5963;22.3091;-256.277;-256.692;-256.888;-256.942;-255.98;0;None;1000;None;15:34:38.005
8173;23.7646;23.5963;22.3013;-256.277;-256.684;-256.888;-256.935;-255.98;0;None;1000;None;15:34:38.506
8174;23.7646;23.5963;22.2935;-256.285;-256.684;-256.888;-256.935;-255.98;0;None;1000;None;15:34:39.004
8175;23.7646;23.5885;22.2935;-256.277;-256.684;-256.888;-256.927;-255.98;0;None;1000;None;15:34:39.506
8176;23.7724;23.6042;22.2935;-256.285;-256.684;-256.888;-256.935;-255.98;0;None;1000;None;15:34:40.005
8177;23.7646;23.5963;22.2857;-256.285;-256.684;-256.888;-256.935;-255.988;0;None;1000;None;15:34:40.505
8178;23.7646;23.6042;22.2935;-256.277;-256.684;-256.888;-256.942;-255.98;0;None;1000;None;15:34:41.004
8179;23.7646;23.5963;22.2857;-256.285;-256.692;-256.888;-256.942;-255.98;0;None;1000;None;15:34:41.505
8180;23.7646;23.5885;22.2857;-256.277;-256.684;-256.888;-256.935;-255.98;0;None;1000;None;15:34:42.004
8181;23.7646;23.5963;22.2935;-256.285;-256.692;-256.888;-256.935;-255.988;0;None;1000;None;15:34:42.505
8182;23.7646;23.5885;22.2857;-256.277;-256.684;-256.888;-256.942;-255.98;0;None;1000;None;15:34:43.005
8183;23.7646;23.5885;22.2857;-256.277;-256.692;-256.888;-256.95;-255.98;0;None;1000;None;15:34:43.505
8184;23.7646;23.5924;22.2857;-256.285;-256.684;-256.888;-256.95;-255.98;0;None;1000;None;15:34:44.005
8185;23.7646;23.5885;22.2857;-256.285;-256.692;-256.888;-256.935;-255.98;0;None;1000;None;15:34:44.504
8186;23.7646;23.5846;22.2857;-256.277;-256.684;-256.888;-256.942;-255.972;0;None;1000;None;15:34:45.004
8187;23.7646;23.5885;22.2857;-256.285;-256.684;-256.888;-256.942;-255.98;0;None;1000;None;15:34:45.505
8188;23.7568;23.5885;22.2935;-256.277;-256.692;-256.88;-256.942;-255.972;0;None;1000;None;15:34:46.004
8189;23.7646;23.5846;22.2857;-256.277;-256.684;-256.888;-256.942;-255.98;0;None;1000;None;15:34:46.504
8190;23.7646;23.5885;22.2778;-256.285;-256.684;-256.888;-256.942;-255.98;0;None;1000;None;15:34:47.004
8191;23.7646;23.5885;22.2817;-256.277;-256.684;-256.88;-256.942;-255.98;0;None;1000;None;15:34:47.504
8192;23.7646;23.5885;22.2817;-256.285;-256.676;-256.888;-256.942;-255.972;0;None;1000;None;15:34:48.004
8193;23.7646;23.5963;22.2935;-256.277;-256.692;-256.888;-256.935;-255.98;0;None;1000;None;15:34:48.504
8194;23.7646;23.5885;22.2935;-256.277;-256.684;-256.888;-256.942;-255.98;0;None;1000;None;15:34:49.004
8195;23.7646;23.5885;22.2935;-256.285;-256.684;-256.888;-256.95;-255.98;0;None;1000;None;15:34:49.506
8196;23.7568;23.5885;22.2935;-256.285;-256.684;-256.888;-256.95;-255.98;0;None;1000;None;15:34:50.006
8197;23.7646;23.5885;22.3013;-256.277;-256.684;-256.888;-256.942;-255.972;0;None;1000;None;15:34:50.504
8198;23.7568;23.5846;22.3013;-256.285;-256.692;-256.888;-256.95;-255.98;0;None;1000;None;15:34:51.005
8199;23.7568;23.5885;22.3013;-256.277;-256.676;-256.888;-256.95;-255.972;0;None;1000;None;15:34:51.506
8200;23.7646;23.5885;22.2935;-256.277;-256.684;-256.888;-256.95;-255.98;0;None;1000;None;15:34:52.004
8201;23.7646;23.5885;22.2935;-256.277;-256.684;-256.888;-256.95;-255.98;0;None;1000;None;15:34:52.504
8202;23.7646;23.5885;22.3013;-256.285;-256.684;-256.888;-256.95;-255.98;0;None;1000;None;15:34:53.004
8203;23.7568;23.6003;22.2935;-256.277;-256.684;-256.895;-256.95;-255.988;0;None;1000;None;15:34:53.504
8204;23.7646;23.5885;22.2935;-256.277;-256.684;-256.888;-256.95;-255.98;0;None;1000;None;15:34:54.004
8205;23.7646;23.5885;22.3013;-256.277;-256.692;-256.888;-256.942;-255.972;0;None;1000;None;15:34:54.504
8206;23.7568;23.5846;22.2935;-256.285;-256.684;-256.888;-256.95;-255.98;0;None;1000;None;15:34:55.004
8207;23.7646;23.5885;22.3013;-256.285;-256.684;-256.888;-256.942;-255.98;0;None;1000;None;15:34:55.505
8208;23.7568;23.5846;22.2935;-256.269;-256.692;-256.888;-256.95;-255.98;0;None;1000;None;15:34:56.007
8209;23.7568;23.5885;22.3013;-256.285;-256.676;-256.888;-256.95;-255.98;0;None;1000;None;15:34:56.504
8210;23.7646;23.5846;22.2935;-256.277;-256.692;-256.888;-256.942;-255.972;0;None;1000;None;15:34:57.007
8211;23.7646;23.5885;22.2935;-256.285;-256.684;-256.88;-256.95;-255.98;0;None;1000;None;15:34:57.504
8212;23.7568;23.5885;22.2935;-256.285;-256.7;-256.888;-256.942;-255.98;0;None;1000;None;15:34:58.005
8213;23.7489;23.5885;22.2935;-256.285;-256.684;-256.888;-256.942;-255.98;0;None;1000;None;15:34:58.504
8214;23.7646;23.5846;22.2935;-256.277;-256.676;-256.888;-256.95;-255.972;0;None;1000;None;15:34:59.004
8215;23.7646;23.5885;22.3013;-256.285;-256.676;-256.888;-256.95;-255.98;0;None;1000;None;15:34:59.504
8216;23.7568;23.5846;22.3013;-256.277;-256.684;-256.888;-256.95;-255.98;0;None;1000;None;15:35:00.004
8217;23.7568;23.5885;22.3013;-256.285;-256.684;-256.888;-256.95;-255.98;0;None;1000;None;15:35:00.504
8218;23.7568;23.5885;22.3013;-256.285;-256.684;-256.888;-256.942;-255.988;0;None;1000;None;15:35:01.004
8219;23.7646;23.5885;22.2935;-256.285;-256.692;-256.888;-256.95;-255.988;0;None;1000;None;15:35:01.505
8220;23.7568;23.5846;22.3013;-256.285;-256.684;-256.888;-256.95;-255.98;0;None;1000;None;15:35:02.004
8221;23.7568;23.5885;22.3013;-256.277;-256.692;-256.888;-256.942;-255.988;0;None;1000;None;15:35:02.504
8222;23.7568;23.5807;22.2935;-256.285;-256.692;-256.888;-256.95;-255.98;0;None;1000;None;15:35:03.005
8223;23.7568;23.5846;22.3013;-256.285;-256.684;-256.88;-256.95;-255.988;0;None;1000;None;15:35:03.503
8224;23.7489;23.5846;22.3013;-256.285;-256.692;-256.888;-256.942;-255.988;0;None;1000;None;15:35:04.004
8225;23.7568;23.5924;22.2935;-256.285;-256.692;-256.888;-256.95;-255.988;0;None;1000;None;15:35:04.506
8226;23.7489;23.5846;22.3091;-256.277;-256.684;-256.888;-256.958;-255.98;0;None;1000;None;15:35:05.010
8227;23.7568;23.5846;22.3013;-256.285;-256.692;-256.88;-256.95;-255.972;0;None;1000;None;15:35:05.506
8228;23.7646;23.5846;22.3013;-256.277;-256.684;-256.888;-256.95;-255.98;0;None;1000;None;15:35:06.005
8229;23.7568;23.5846;22.3013;-256.285;-256.692;-256.888;-256.942;-255.98;0;None;1000;None;15:35:06.506
8230;23.7646;23.5846;22.3013;-256.277;-256.692;-256.888;-256.95;-255.988;0;None;1000;None;15:35:07.005
8231;23.7568;23.5846;22.3091;-256.277;-256.684;-256.888;-256.95;-255.98;0;None;1000;None;15:35:07.504
8232;23.7568;23.5846;22.3013;-256.277;-256.692;-256.888;-256.935;-255.98;0;None;1000;None;15:35:08.006
8233;23.7489;23.5846;22.3091;-256.277;-256.692;-256.88;-256.942;-255.98;0;None;1000;None;15:35:08.504
8234;23.7568;23.5807;22.3013;-256.285;-256.684;-256.888;-256.942;-255.988;0;None;1000;None;15:35:08.991
8235;23.7489;23.5846;22.3013;-256.277;-256.684;-256.888;-256.927;-255.98;0;None;1000;None;15:35:09.505
8236;23.7489;23.5846;22.3091;-256.285;-256.684;-256.88;-256.942;-255.972;0;None;1000;None;15:35:10.004
8237;23.7489;23.5846;22.3091;-256.277;-256.684;-256.888;-256.935;-255.98;0;None;1000;None;15:35:10.501
8238;23.7489;23.5807;22.3013;-256.277;-256.692;-256.888;-256.935;-255.98;0;None;1000;None;15:35:11.000
8239;23.7568;23.5846;22.3091;-256.277;-256.684;-256.888;-256.942;-255.98;0;None;1000;None;15:35:11.501
8240;23.7411;23.5807;22.3091;-256.285;-256.684;-256.88;-256.942;-255.972;0;None;1000;None;15:35:11.993
8241;23.7489;23.5846;22.3091;-256.277;-256.692;-256.888;-256.942;-255.988;0;None;1000;None;15:35:12.505
8242;23.7489;23.5885;22.3091;-256.277;-256.684;-256.88;-256.95;-255.98;0;None;1000;None;15:35:13.003
8243;23.7568;23.5807;22.3013;-256.285;-256.692;-256.88;-256.942;-255.98;0;None;1000;None;15:35:13.499
8244;23.7489;23.5846;22.2935;-256.277;-256.676;-256.88;-256.942;-255.98;0;None;1000;None;15:35:13.995
8245;23.7489;23.5846;22.3013;-256.285;-256.684;-256.872;-256.95;-255.988;0;None;1000;None;15:35:14.505
8246;23.7489;23.5846;22.2935;-256.277;-256.684;-256.88;-256.958;-255.98;0;None;1000;None;15:35:15.006
8247;23.7489;23.5807;22.3013;-256.277;-256.676;-256.88;-256.95;-255.98;0;None;1000;None;15:35:15.499
8248;23.7568;23.5807;22.3013;-256.277;-256.684;-256.872;-256.95;-255.98;0;None;1000;None;15:35:15.996
8249;23.7489;23.5807;22.3091;-256.277;-256.676;-256.88;-256.942;-255.98;0;None;1000;None;15:35:16.492
8250;23.7489;23.5807;22.3091;-256.277;-256.684;-256.88;-256.95;-255.988;0;None;1000;None;15:35:17.005
8251;23.7568;23.5846;22.3013;-256.277;-256.676;-256.888;-256.95;-255.98;0;None;1000;None;15:35:17.506
8252;23.7489;23.5846;22.3091;-256.277;-256.676;-256.88;-256.95;-255.98;0;None;1000;None;15:35:17.999
8253;23.7568;23.5807;22.3013;-256.277;-256.676;-256.88;-256.942;-255.98;0;None;1000;None;15:35:18.505
8254;23.7568;23.5846;22.3091;-256.277;-256.676;-256.88;-256.95;-255.98;0;None;1000;None;15:35:18.993
8255;23.7489;23.5885;22.3013;-256.285;-256.684;-256.888;-256.942;-255.988;0;None;1000;None;15:35:19.505
8256;23.7568;23.5846;22.3013;-256.285;-256.676;-256.888;-256.95;-255.98;0;None;1000;None;15:35:20.004
8257;23.7568;23.5846;22.3013;-256.285;-256.684;-256.88;-256.95;-255.98;0;None;1000;None;15:35:20.496
8258;23.7568;23.5885;22.2935;-256.285;-256.676;-256.88;-256.942;-255.98;0;None;1000;None;15:35:21.004
8259;23.7489;23.5846;22.3013;-256.285;-256.684;-256.88;-256.942;-255.98;0;None;1000;None;15:35:21.491
8260;23.7568;23.5846;22.2935;-256.285;-256.676;-256.888;-256.942;-255.988;0;None;1000;None;15:35:22.004
8261;23.7489;23.5846;22.2935;-256.277;-256.684;-256.88;-256.95;-255.98;0;None;1000;None;15:35:22.499
8262;23.7489;23.5846;22.3013;-256.285;-256.684;-256.888;-256.942;-255.98;0;None;1000;None;15:35:22.995
8263;23.7489;23.5885;22.3013;-256.277;-256.676;-256.888;-256.95;-255.98;0;None;1000;None;15:35:23.490
8264;23.7411;23.5846;22.2935;-256.277;-256.684;-256.88;-256.942;-255.98;0;None;1000;None;15:35:24.004
8265;23.7411;23.5807;22.2935;-256.277;-256.684;-256.888;-256.942;-255.98;0;None;1000;None;15:35:24.500
8266;23.7411;23.5846;22.3013;-256.277;-256.684;-256.88;-256.935;-255.98;0;None;1000;None;15:35:25.000
8267;23.7411;23.5846;22.2935;-256.277;-256.692;-256.88;-256.942;-255.988;0;None;1000;None;15:35:25.493
8268;23.7411;23.5807;22.2935;-256.277;-256.676;-256.88;-256.942;-255.988;0;None;1000;None;15:35:26.005
8269;23.7411;23.5846;22.3013;-256.277;-256.684;-256.872;-256.95;-255.98;0;None;1000;None;15:35:26.502
8270;23.7411;23.5846;22.3013;-256.277;-256.684;-256.88;-256.942;-255.98;0;None;1000;None;15:35:26.998
8271;23.7568;23.5846;22.3013;-256.277;-256.684;-256.88;-256.942;-255.98;0;None;1000;None;15:35:27.493
8272;23.7568;23.5807;22.3013;-256.277;-256.684;-256.888;-256.95;-255.972;0;None;1000;None;15:35:28.005
8273;23.7568;23.5846;22.3013;-256.269;-256.684;-256.88;-256.942;-255.972;0;None;1000;None;15:35:28.502
8274;23.7568;23.5885;22.3013;-256.277;-256.684;-256.895;-256.935;-255.972;0;None;1000;None;15:35:28.999
8275;23.7568;23.5846;22.3013;-256.277;-256.684;-256.888;-256.942;-255.972;0;None;1000;None;15:35:29.495
8276;23.7568;23.5885;22.2935;-256.277;-256.684;-256.88;-256.942;-255.964;0;None;1000;None;15:35:29.992
8277;23.7489;23.5846;22.3013;-256.277;-256.684;-256.888;-256.942;-255.972;0;None;1000;None;15:35:30.506
8278;23.7568;23.5846;22.2935;-256.277;-256.684;-256.888;-256.942;-255.972;0;None;1000;None;15:35:31.000
8279;23.7646;23.5846;22.3013;-256.277;-256.684;-256.888;-256.942;-255.972;0;None;1000;None;15:35:31.500
8280;23.7489;23.5885;22.2935;-256.277;-256.692;-256.88;-256.942;-255.964;0;None;1000;None;15:35:31.993
8281;23.7568;23.5846;22.2935;-256.277;-256.692;-256.888;-256.935;-255.972;0;None;1000;None;15:35:32.505
8282;23.7568;23.5846;22.2935;-256.269;-256.684;-256.888;-256.95;-255.972;0;None;1000;None;15:35:33.005
8283;23.7568;23.5807;22.2935;-256.285;-256.684;-256.88;-256.942;-255.972;0;None;1000;None;15:35:33.506
8284;23.7489;23.5846;22.2935;-256.269;-256.684;-256.888;-256.95;-255.972;0;None;1000;None;15:35:34.004
8285;23.7568;23.5807;22.2857;-256.285;-256.684;-256.888;-256.942;-255.964;0;None;1000;None;15:35:34.503
8286;23.7568;23.5846;22.2935;-256.277;-256.684;-256.888;-256.95;-255.972;0;None;1000;None;15:35:35.003
8287;23.7489;23.5846;22.2857;-256.269;-256.676;-256.888;-256.95;-255.972;0;None;1000;None;15:35:35.495
8288;23.7489;23.5846;22.2857;-256.277;-256.684;-256.88;-256.95;-255.972;0;None;1000;None;15:35:36.002
8289;23.7568;23.5846;22.2857;-256.269;-256.684;-256.888;-256.95;-255.972;0;None;1000;None;15:35:36.496
8290;23.7489;23.5846;22.2857;-256.277;-256.684;-256.888;-256.95;-255.972;0;None;1000;None;15:35:37.000
8291;23.7568;23.5846;22.2935;-256.285;-256.684;-256.888;-256.935;-255.972;0;None;1000;None;15:35:37.502
8292;23.7568;23.5846;22.2935;-256.277;-256.684;-256.888;-256.942;-255.972;0;None;1000;None;15:35:37.994
8293;23.7568;23.5846;22.2857;-256.277;-256.692;-256.88;-256.935;-255.972;0;None;1000;None;15:35:38.490
8294;23.7489;23.5846;22.2857;-256.277;-256.684;-256.88;-256.95;-255.972;0;None;1000;None;15:35:39.002
8295;23.7568;23.5885;22.2857;-256.277;-256.692;-256.888;-256.942;-255.972;0;None;1000;None;15:35:39.498
8296;23.7489;23.5885;22.2857;-256.277;-256.684;-256.88;-256.942;-255.972;0;None;1000;None;15:35:39.998
8297;23.7568;23.5885;22.2935;-256.277;-256.684;-256.88;-256.942;-255.98;0;None;1000;None;15:35:40.492
8298;23.7489;23.5885;22.2857;-256.277;-256.684;-256.888;-256.935;-255.98;0;None;1000;None;15:35:41.004
8299;23.7489;23.5885;22.2935;-256.277;-256.684;-256.888;-256.942;-255.98;0;None;1000;None;15:35:41.499
8300;23.7489;23.5846;22.3013;-256.277;-256.684;-256.888;-256.95;-255.98;0;None;1000;None;15:35:41.995
8301;23.7489;23.5963;22.2935;-256.277;-256.684;-256.888;-256.942;-255.98;0;None;1000;None;15:35:42.492
8302;23.7489;23.5885;22.3013;-256.277;-256.676;-256.888;-256.95;-255.972;0;None;1000;None;15:35:43.003
8303;23.7489;23.5963;22.2935;-256.277;-256.684;-256.888;-256.942;-255.98;0;None;1000;None;15:35:43.499
8304;23.7489;23.5885;22.2935;-256.277;-256.684;-256.888;-256.942;-255.98;0;None;1000;None;15:35:43.996
8305;23.7489;23.5885;22.3013;-256.285;-256.684;-256.888;-256.942;-255.98;0;None;1000;None;15:35:44.501
8306;23.7411;23.5885;22.3013;-256.277;-256.684;-256.895;-256.935;-255.98;0;None;1000;None;15:35:45.004
8307;23.7489;23.5963;22.2857;-256.277;-256.684;-256.888;-256.942;-255.98;0;None;1000;None;15:35:45.501
8308;23.7489;23.5885;22.2935;-256.285;-256.692;-256.888;-256.942;-255.98;0;None;1000;None;15:35:45.997
8309;23.7411;23.5846;22.2857;-256.277;-256.684;-256.888;-256.95;-255.98;0;None;1000;None;15:35:46.492
8310;23.7489;23.5846;22.2857;-256.285;-256.684;-256.888;-256.942;-255.98;0;None;1000;None;15:35:47.003
8311;23.7411;23.5846;22.2935;-256.277;-256.676;-256.895;-256.95;-255.98;0;None;1000;None;15:35:47.499
8312;23.7489;23.5846;22.2857;-256.285;-256.684;-256.888;-256.942;-255.98;0;None;1000;None;15:35:48.001
8313;23.7489;23.5846;22.2857;-256.277;-256.684;-256.895;-256.942;-255.972;0;None;1000;None;15:35:48.493
8314;23.7411;23.5885;22.2935;-256.285;-256.676;-256.895;-256.942;-255.98;0;None;1000;None;15:35:48.990
8315;23.7411;23.5885;22.2857;-256.277;-256.676;-256.888;-256.942;-255.98;0;None;1000;None;15:35:49.503
8316;23.7333;23.5846;22.2857;-256.285;-256.676;-256.888;-256.95;-255.972;0;None;1000;None;15:35:49.999
8317;23.7411;23.5846;22.2935;-256.277;-256.684;-256.895;-256.942;-255.98;0;None;1000;None;15:35:50.497
8318;23.7489;23.5885;22.3013;-256.285;-256.684;-256.895;-256.935;-255.964;0;None;1000;None;15:35:50.993
8319;23.7411;23.5885;22.2935;-256.277;-256.676;-256.888;-256.942;-255.972;0;None;1000;None;15:35:51.490
8320;23.7411;23.5846;22.3013;-256.277;-256.676;-256.895;-256.942;-255.972;0;None;1000;None;15:35:52.003
8321;23.7489;23.5885;22.3091;-256.285;-256.684;-256.888;-256.95;-255.964;0;None;1000;None;15:35:52.499
8322;23.7411;23.5924;22.3091;-256.285;-256.676;-256.895;-256.942;-255.972;0;None;1000;None;15:35:53.001
8323;23.7411;23.5885;22.3013;-256.285;-256.676;-256.895;-256.942;-255.972;0;None;1000;None;15:35:53.505
8324;23.7489;23.5846;22.3091;-256.277;-256.684;-256.888;-256.95;-255.98;0;None;1000;None;15:35:53.990
8325;23.7411;23.5807;22.3091;-256.277;-256.676;-256.895;-256.935;-255.98;0;None;1000;None;15:35:54.504
8326;23.7411;23.5885;22.3013;-256.277;-256.676;-256.888;-256.942;-255.98;0;None;1000;None;15:35:54.999
8327;23.7411;23.5885;22.3091;-256.277;-256.676;-256.888;-256.935;-255.972;0;None;1000;None;15:35:55.496
8328;23.7411;23.5846;22.3013;-256.285;-256.684;-256.895;-256.942;-255.98;0;None;1000;None;15:35:55.993
8329;23.7411;23.5846;22.3013;-256.277;-256.676;-256.888;-256.942;-255.98;0;None;1000;None;15:35:56.491
8330;23.7411;23.5924;22.3013;-256.285;-256.684;-256.888;-256.942;-255.972;0;None;1000;None;15:35:57.003
8331;23.7489;23.5885;22.3013;-256.285;-256.684;-256.895;-256.942;-255.98;0;None;1000;None;15:35:57.500
8332;23.7489;23.5885;22.3013;-256.277;-256.684;-256.888;-256.942;-255.972;0;None;1000;None;15:35:57.996
8333;23.7411;23.5846;22.3013;-256.277;-256.684;-256.888;-256.942;-255.98;0;None;1000;None;15:35:58.493
8334;23.7333;23.5846;22.2935;-256.277;-256.676;-256.888;-256.935;-255.98;0;None;1000;None;15:35:58.988
8335;23.7333;23.5924;22.2935;-256.277;-256.684;-256.88;-256.942;-255.972;0;None;1000;None;15:35:59.503
8336;23.7333;23.5885;22.2935;-256.277;-256.676;-256.88;-256.942;-255.98;0;None;1000;None;15:35:59.997
8337;23.7255;23.5807;22.2935;-256.277;-256.676;-256.88;-256.942;-255.98;0;None;1000;None;15:36:00.496
8338;23.7333;23.5846;22.3013;-256.277;-256.668;-256.88;-256.942;-255.98;0;None;1000;None;15:36:01.002
8339;23.7411;23.5885;22.2935;-256.277;-256.676;-256.88;-256.935;-255.988;0;None;1000;None;15:36:01.500
8340;23.7333;23.5846;22.3013;-256.277;-256.668;-256.88;-256.942;-255.988;0;None;1000;None;15:36:02.004
8341;23.7411;23.5846;22.2935;-256.285;-256.676;-256.888;-256.95;-255.98;0;None;1000;None;15:36:02.500
8342;23.7411;23.5846;22.3013;-256.277;-256.668;-256.895;-256.942;-255.972;0;None;1000;None;15:36:02.992
8343;23.7489;23.5846;22.2935;-256.277;-256.668;-256.888;-256.942;-255.98;0;None;1000;None;15:36:03.504
8344;23.7333;23.5807;22.2935;-256.285;-256.684;-256.895;-256.942;-255.988;0;None;1000;None;15:36:04.004
8345;23.7333;23.5846;22.3013;-256.277;-256.676;-256.888;-256.942;-255.98;0;None;1000;None;15:36:04.497
8346;23.7333;23.5807;22.2935;-256.285;-256.676;-256.888;-256.935;-255.988;0;None;1000;None;15:36:05.000
8347;23.7333;23.5846;22.3013;-256.269;-256.676;-256.888;-256.942;-255.98;0;None;1000;None;15:36:05.505
8348;23.7411;23.5885;22.2857;-256.285;-256.684;-256.88;-256.942;-255.988;0;None;1000;None;15:36:06.001
8349;23.7411;23.5846;22.2857;-256.277;-256.676;-256.888;-256.942;-255.988;0;None;1000;None;15:36:06.498
8350;23.7489;23.5846;22.2857;-256.277;-256.668;-256.888;-256.95;-255.988;0;None;1000;None;15:36:06.993
8351;23.7489;23.5885;22.2857;-256.277;-256.676;-256.888;-256.935;-255.98;0;None;1000;None;15:36:07.492
8352;23.7411;23.5807;22.2857;-256.277;-256.676;-256.888;-256.942;-255.988;0;None;1000;None;15:36:08.003
8353;23.7411;23.5846;22.2857;-256.269;-256.676;-256.895;-256.942;-255.98;0;None;1000;None;15:36:08.499
8354;23.7489;23.5885;22.2857;-256.277;-256.676;-256.888;-256.942;-255.988;0;None;1000;None;15:36:08.998
8355;23.7489;23.5885;22.2857;-256.277;-256.684;-256.888;-256.942;-255.988;0;None;1000;None;15:36:09.494
8356;23.7568;23.5924;22.2857;-256.277;-256.684;-256.888;-256.95;-255.988;0;None;1000;None;15:36:09.990
8357;23.7568;23.5963;22.2857;-256.269;-256.676;-256.888;-256.935;-255.98;0;None;1000;None;15:36:10.502
8358;23.7489;23.5885;22.2935;-256.277;-256.684;-256.888;-256.942;-255.98;0;None;1000;None;15:36:11.000
8359;23.7489;23.5885;22.2857;-256.285;-256.676;-256.888;-256.95;-255.988;0;None;1000;None;15:36:11.495
8360;23.7489;23.5963;22.2935;-256.277;-256.684;-256.888;-256.95;-255.98;0;None;1000;None;15:36:12.004
8361;23.7411;23.5963;22.2857;-256.277;-256.684;-256.888;-256.95;-255.988;0;None;1000;None;15:36:12.499
8362;23.7489;23.5963;22.2857;-256.285;-256.684;-256.888;-256.95;-255.98;0;None;1000;None;15:36:13.005
8363;23.7489;23.5885;22.2857;-256.277;-256.684;-256.888;-256.95;-255.988;0;None;1000;None;15:36:13.492
8364;23.7489;23.6042;22.2935;-256.285;-256.684;-256.888;-256.95;-255.98;0;None;1000;None;15:36:14.004
8365;23.7489;23.6042;22.2857;-256.277;-256.684;-256.888;-256.958;-255.98;0;None;1000;None;15:36:14.501
8366;23.7411;23.5963;22.2857;-256.285;-256.684;-256.888;-256.958;-255.988;0;None;1000;None;15:36:14.998
8367;23.7489;23.6042;22.2935;-256.277;-256.684;-256.895;-256.95;-255.98;0;None;1000;None;15:36:15.500
8368;23.7411;23.5885;22.2857;-256.269;-256.684;-256.888;-256.95;-255.98;0;None;1000;None;15:36:15.999
8369;23.7411;23.6042;22.2857;-256.277;-256.692;-256.895;-256.95;-255.98;0;None;1000;None;15:36:16.491
8370;23.7489;23.5846;22.2935;-256.277;-256.684;-256.888;-256.95;-255.98;0;None;1000;None;15:36:17.002
8371;23.7489;23.5846;22.2857;-256.277;-256.684;-256.888;-256.958;-255.98;0;None;1000;None;15:36:17.499
8372;23.7489;23.5924;22.2935;-256.269;-256.692;-256.888;-256.958;-255.988;0;None;1000;None;15:36:17.996
8373;23.7489;23.5885;22.2935;-256.277;-256.684;-256.888;-256.958;-255.972;0;None;1000;None;15:36:18.493
8374;23.7489;23.5885;22.2857;-256.277;-256.684;-256.888;-256.958;-255.988;0;None;1000;None;15:36:19.000
8375;23.7411;23.5846;22.2857;-256.277;-256.684;-256.888;-256.958;-255.98;0;None;1000;None;15:36:19.503
8376;23.7411;23.5963;22.2935;-256.277;-256.684;-256.88;-256.966;-255.98;0;None;1000;None;15:36:20.000
8377;23.7411;23.5846;22.2935;-256.285;-256.684;-256.88;-256.966;-255.988;0;None;1000;None;15:36:20.503
8378;23.7489;23.5885;22.2935;-256.277;-256.684;-256.888;-256.966;-255.98;0;None;1000;None;15:36:20.996
8379;23.7489;23.5885;22.2935;-256.269;-256.684;-256.888;-256.958;-255.98;0;None;1000;None;15:36:21.492
8380;23.7489;23.5846;22.2935;-256.277;-256.684;-256.888;-256.958;-255.98;0;None;1000;None;15:36:21.990
8381;23.7411;23.5846;22.2935;-256.277;-256.684;-256.895;-256.958;-255.98;0;None;1000;None;15:36:22.503
8382;23.7489;23.5885;22.2935;-256.277;-256.692;-256.888;-256.95;-255.98;0;None;1000;None;15:36:23.001
8383;23.7489;23.5885;22.2935;-256.277;-256.692;-256.895;-256.966;-255.98;0;None;1000;None;15:36:23.497
8384;23.7489;23.5885;22.2935;-256.269;-256.692;-256.888;-256.958;-255.988;0;None;1000;None;15:36:23.993
8385;23.7411;23.5885;22.2857;-256.277;-256.692;-256.895;-256.958;-255.98;0;None;1000;None;15:36:24.490
8386;23.7489;23.5846;22.2935;-256.269;-256.684;-256.888;-256.95;-255.98;0;None;1000;None;15:36:25.004
8387;23.7568;23.5885;22.2935;-256.277;-256.692;-256.888;-256.958;-255.988;0;None;1000;None;15:36:25.502
8388;23.7489;23.5885;22.2857;-256.277;-256.692;-256.888;-256.95;-255.988;0;None;1000;None;15:36:25.996
8389;23.7568;23.5846;22.2935;-256.277;-256.684;-256.88;-256.95;-255.988;0;None;1000;None;15:36:26.494
8390;23.7489;23.5885;22.2857;-256.277;-256.692;-256.888;-256.958;-255.98;0;None;1000;None;15:36:26.991
8391;23.7568;23.5846;22.2935;-256.277;-256.692;-256.888;-256.958;-255.98;0;None;1000;None;15:36:27.503
8392;23.7489;23.5885;22.2857;-256.277;-256.684;-256.88;-256.958;-255.98;0;None;1000;None;15:36:28.000
8393;23.7489;23.5846;22.2857;-256.277;-256.684;-256.888;-256.95;-255.988;0;None;1000;None;15:36:28.498
8394;23.7489;23.5885;22.2935;-256.277;-256.692;-256.888;-256.95;-255.988;0;None;1000;None;15:36:28.992
8395;23.7489;23.5885;22.2935;-256.269;-256.684;-256.888;-256.95;-255.972;0;None;1000;None;15:36:29.490
8396;23.7489;23.5885;22.2935;-256.277;-256.684;-256.895;-256.95;-255.988;0;None;1000;None;15:36:30.001
8397;23.7411;23.5846;22.2857;-256.269;-256.692;-256.888;-256.958;-255.988;0;None;1000;None;15:36:30.496
8398;23.7411;23.5885;22.2935;-256.277;-256.684;-256.895;-256.95;-255.98;0;None;1000;None;15:36:30.999
8399;23.7411;23.5885;22.2935;-256.285;-256.684;-256.895;-256.95;-255.98;0;None;1000;None;15:36:31.505
8400;23.7411;23.5846;22.2857;-256.269;-256.692;-256.888;-256.958;-255.988;0;None;1000;None;15:36:32.000
8401;23.7411;23.5924;22.2935;-256.269;-256.684;-256.888;-256.95;-255.98;0;None;1000;None;15:36:32.501
8402;23.7411;23.5885;22.2857;-256.277;-256.692;-256.888;-256.958;-255.98;0;None;1000;None;15:36:32.993
8403;23.7411;23.5885;22.2857;-256.269;-256.692;-256.895;-256.958;-255.988;0;None;1000;None;15:36:33.504
8404;23.7411;23.5963;22.2935;-256.277;-256.692;-256.888;-256.966;-255.988;0;None;1000;None;15:36:34.001
8405;23.7411;23.5846;22.2935;-256.277;-256.692;-256.895;-256.95;-255.98;0;None;1000;None;15:36:34.494
8406;23.7489;23.5885;22.2935;-256.277;-256.692;-256.888;-256.95;-255.98;0;None;1000;None;15:36:34.987
8407;23.7411;23.5924;22.2935;-256.285;-256.7;-256.895;-256.958;-255.98;0;None;1000;None;15:36:35.495
8408;23.7411;23.5963;22.2857;-256.277;-256.692;-256.888;-256.942;-255.98;0;None;1000;None;15:36:36.003
8409;23.7489;23.5846;22.2778;-256.277;-256.7;-256.895;-256.95;-255.98;0;None;1000;None;15:36:36.504
8410;23.7411;23.5885;22.2857;-256.285;-256.684;-256.895;-256.95;-255.98;0;None;1000;None;15:36:36.995
8411;23.7411;23.5885;22.2857;-256.277;-256.692;-256.888;-256.958;-255.98;0;None;1000;None;15:36:37.503
8412;23.7489;23.5885;22.2778;-256.277;-256.7;-256.895;-256.95;-255.98;0;None;1000;None;15:36:37.995
8413;23.7411;23.5846;22.2857;-256.277;-256.684;-256.895;-256.95;-255.988;0;None;1000;None;15:36:38.504
8414;23.7489;23.5885;22.2778;-256.277;-256.692;-256.888;-256.95;-255.98;0;None;1000;None;15:36:38.999
8415;23.7411;23.5885;22.2778;-256.277;-256.684;-256.888;-256.95;-255.98;0;None;1000;None;15:36:39.496
8416;23.7411;23.5885;22.2778;-256.285;-256.692;-256.895;-256.95;-255.988;0;None;1000;None;15:36:40.004
8417;23.7489;23.5885;22.2778;-256.277;-256.692;-256.888;-256.942;-255.988;0;None;1000;None;15:36:40.500
8418;23.7411;23.5846;22.2857;-256.277;-256.684;-256.895;-256.942;-255.98;0;None;1000;None;15:36:40.996
8419;23.7489;23.5846;22.2778;-256.269;-256.684;-256.888;-256.942;-255.972;0;None;1000;None;15:36:41.492
8420;23.7411;23.5846;22.2778;-256.277;-256.684;-256.888;-256.95;-255.972;0;None;1000;None;15:36:42.003
8421;23.7411;23.5846;22.2857;-256.277;-256.684;-256.888;-256.958;-255.98;0;None;1000;None;15:36:42.498
8422;23.7411;23.5885;22.2778;-256.277;-256.684;-256.888;-256.958;-255.972;0;None;1000;None;15:36:42.991
8423;23.7411;23.5885;22.2857;-256.277;-256.692;-256.895;-256.95;-255.98;0;None;1000;None;15:36:43.503
8424;23.7489;23.5846;22.2857;-256.277;-256.684;-256.888;-256.95;-255.98;0;None;1000;None;15:36:43.998
8425;23.7411;23.5885;22.2857;-256.277;-256.692;-256.895;-256.95;-255.98;0;None;1000;None;15:36:44.494
8426;23.7411;23.5846;22.2857;-256.277;-256.684;-256.888;-256.95;-255.98;0;None;1000;None;15:36:44.991
8427;23.7411;23.5846;22.2857;-256.277;-256.692;-256.895;-256.942;-255.98;0;None;1000;None;15:36:45.503
8428;23.7333;23.5807;22.2778;-256.277;-256.684;-256.888;-256.95;-255.988;0;None;1000;None;15:36:46.000
8429;23.7411;23.5846;22.2857;-256.277;-256.684;-256.888;-256.958;-255.988;0;None;1000;None;15:36:46.494
8430;23.7411;23.5846;22.2778;-256.269;-256.684;-256.888;-256.95;-255.98;0;None;1000;None;15:36:47.001
8431;23.7411;23.5846;22.2857;-256.277;-256.692;-256.895;-256.95;-255.98;0;None;1000;None;15:36:47.502
8432;23.7411;23.5846;22.2778;-256.277;-256.684;-256.888;-256.95;-255.98;0;None;1000;None;15:36:47.997
8433;23.7411;23.5807;22.2857;-256.277;-256.684;-256.895;-256.942;-255.98;0;None;1000;None;15:36:48.496
8434;23.7411;23.5807;22.2857;-256.277;-256.684;-256.888;-256.95;-255.988;0;None;1000;None;15:36:48.991
8435;23.7489;23.5885;22.2857;-256.277;-256.684;-256.88;-256.958;-255.98;0;None;1000;None;15:36:49.502
8436;23.7411;23.5846;22.2857;-256.277;-256.676;-256.888;-256.95;-255.988;0;None;1000;None;15:36:50.004
8437;23.7411;23.5807;22.2857;-256.285;-256.692;-256.888;-256.95;-255.98;0;None;1000;None;15:36:50.497
8438;23.7489;23.5846;22.2857;-256.277;-256.676;-256.888;-256.942;-255.988;0;None;1000;None;15:36:50.989
8439;23.7411;23.5846;22.2857;-256.277;-256.684;-256.888;-256.95;-255.98;0;None;1000;None;15:36:51.501
8440;23.7489;23.5846;22.2857;-256.277;-256.676;-256.888;-256.942;-255.988;0;None;1000;None;15:36:51.998
8441;23.7489;23.5846;22.2857;-256.277;-256.684;-256.895;-256.942;-255.98;0;None;1000;None;15:36:52.494
8442;23.7489;23.5885;22.2857;-256.285;-256.676;-256.888;-256.95;-255.98;0;None;1000;None;15:36:52.988
8443;23.7489;23.5846;22.2857;-256.277;-256.684;-256.888;-256.942;-255.98;0;None;1000;None;15:36:53.500
8444;23.7489;23.5846;22.2778;-256.285;-256.676;-256.895;-256.95;-255.988;0;None;1000;None;15:36:53.996
8445;23.7411;23.5924;22.2778;-256.277;-256.676;-256.895;-256.958;-255.98;0;None;1000;None;15:36:54.493
8446;23.7489;23.5963;22.2739;-256.285;-256.676;-256.895;-256.942;-255.988;0;None;1000;None;15:36:54.990
8447;23.7411;23.5885;22.2778;-256.277;-256.676;-256.895;-256.95;-255.972;0;None;1000;None;15:36:55.502
8448;23.7411;23.5885;22.2778;-256.277;-256.676;-256.895;-256.942;-255.98;0;None;1000;None;15:36:55.997
8449;23.7489;23.5885;22.2778;-256.285;-256.668;-256.895;-256.942;-255.98;0;None;1000;None;15:36:56.494
8450;23.7411;23.5963;22.2778;-256.277;-256.676;-256.895;-256.958;-255.988;0;None;1000;None;15:36:56.989
8451;23.7489;23.5963;22.2778;-256.285;-256.668;-256.895;-256.942;-255.98;0;None;1000;None;15:36:57.501
8452;23.7411;23.6042;22.2778;-256.277;-256.684;-256.895;-256.95;-255.988;0;None;1000;None;15:36:57.997
8453;23.7489;23.5963;22.2817;-256.285;-256.676;-256.895;-256.942;-255.98;0;None;1000;None;15:36:58.493
8454;23.7489;23.6042;22.2739;-256.277;-256.676;-256.903;-256.95;-255.98;0;None;1000;None;15:36:58.995
8455;23.7411;23.6042;22.2739;-256.277;-256.684;-256.895;-256.95;-255.988;0;None;1000;None;15:36:59.501
8456;23.7489;23.6042;22.2739;-256.285;-256.676;-256.895;-256.95;-255.98;0;None;1000;None;15:36:59.996
8457;23.7489;23.5963;22.2739;-256.277;-256.684;-256.888;-256.942;-255.988;0;None;1000;None;15:37:00.492
8458;23.7411;23.6042;22.2778;-256.277;-256.684;-256.895;-256.958;-255.98;0;None;1000;None;15:37:00.988
8459;23.7489;23.5963;22.2778;-256.277;-256.684;-256.895;-256.95;-255.98;0;None;1000;None;15:37:01.499
8460;23.7489;23.6042;22.2739;-256.277;-256.692;-256.895;-256.95;-255.988;0;None;1000;None;15:37:02.002
8461;23.7489;23.5963;22.2739;-256.277;-256.684;-256.888;-256.95;-255.98;0;None;1000;None;15:37:02.491
8462;23.7489;23.5963;22.2739;-256.277;-256.684;-256.895;-256.958;-255.98;0;None;1000;None;15:37:03.003
8463;23.7489;23.5963;22.2739;-256.277;-256.684;-256.88;-256.958;-255.988;0;None;1000;None;15:37:03.498
8464;23.7489;23.5963;22.2739;-256.269;-256.684;-256.888;-256.95;-255.988;0;None;1000;None;15:37:03.994
8465;23.7411;23.5963;22.2739;-256.277;-256.676;-256.888;-256.958;-255.98;0;None;1000;None;15:37:04.488
8466;23.7411;23.5963;22.2778;-256.277;-256.676;-256.88;-256.942;-255.988;0;None;1000;None;15:37:04.999
8467;23.7411;23.5963;22.2739;-256.277;-256.684;-256.888;-256.95;-255.988;0;None;1000;None;15:37:05.498
8468;23.7489;23.5963;22.2739;-256.277;-256.684;-256.895;-256.95;-255.988;0;None;1000;None;15:37:05.992
8469;23.7411;23.6042;22.2739;-256.269;-256.692;-256.888;-256.958;-255.988;0;None;1000;None;15:37:06.489
8470;23.7489;23.5963;22.2739;-256.269;-256.676;-256.895;-256.95;-255.988;0;None;1000;None;15:37:07.001
8471;23.7411;23.6042;22.2739;-256.269;-256.684;-256.888;-256.95;-255.98;0;None;1000;None;15:37:07.502
8472;23.7489;23.5963;22.2739;-256.269;-256.684;-256.888;-256.958;-255.98;0;None;1000;None;15:37:07.996
8473;23.7568;23.6042;22.2739;-256.277;-256.676;-256.888;-256.958;-255.98;0;None;1000;None;15:37:08.492
8474;23.7568;23.5963;22.2778;-256.262;-256.692;-256.88;-256.958;-255.988;0;None;1000;None;15:37:09.004
8475;23.7568;23.5963;22.2739;-256.277;-256.692;-256.888;-256.95;-255.98;0;None;1000;None;15:37:09.499
8476;23.7489;23.6042;22.2739;-256.269;-256.676;-256.88;-256.958;-255.98;0;None;1000;None;15:37:09.995
8477;23.7568;23.5963;22.2739;-256.269;-256.684;-256.888;-256.958;-255.988;0;None;1000;None;15:37:10.500
8478;23.7489;23.5963;22.2778;-256.269;-256.676;-256.88;-256.95;-255.98;0;None;1000;None;15:37:11.004
8479;23.7489;23.5885;22.2739;-256.277;-256.684;-256.888;-256.958;-255.98;0;None;1000;None;15:37:11.504
8480;23.7489;23.5963;22.2778;-256.277;-256.692;-256.88;-256.958;-255.972;0;None;1000;None;15:37:12.000
8481;23.7568;23.5963;22.2739;-256.269;-256.684;-256.888;-256.95;-255.98;0;None;1000;None;15:37:12.495
8482;23.7646;23.5963;22.2739;-256.277;-256.684;-256.88;-256.958;-255.98;0;None;1000;None;15:37:12.990
8483;23.7568;23.5885;22.2739;-256.277;-256.676;-256.888;-256.95;-255.972;0;None;1000;None;15:37:13.501
8484;23.7646;23.5963;22.2739;-256.277;-256.684;-256.895;-256.95;-255.98;0;None;1000;None;15:37:13.999
8485;23.7568;23.5963;22.2739;-256.277;-256.684;-256.88;-256.958;-255.98;0;None;1000;None;15:37:14.497
8486;23.7646;23.5963;22.2739;-256.277;-256.684;-256.888;-256.95;-255.98;0;None;1000;None;15:37:14.994
8487;23.7568;23.5885;22.2739;-256.277;-256.684;-256.888;-256.95;-255.98;0;None;1000;None;15:37:15.504
8488;23.7646;23.5963;22.2739;-256.269;-256.684;-256.888;-256.95;-255.98;0;None;1000;None;15:37:16.002
8489;23.7646;23.5963;22.2739;-256.277;-256.684;-256.88;-256.942;-255.98;0;None;1000;None;15:37:16.498
8490;23.7568;23.5963;22.27;-256.269;-256.684;-256.888;-256.958;-255.972;0;None;1000;None;15:37:16.995
8491;23.7568;23.5963;22.2739;-256.269;-256.684;-256.888;-256.95;-255.98;0;None;1000;None;15:37:17.490
8492;23.7568;23.5885;22.2739;-256.277;-256.676;-256.88;-256.958;-255.98;0;None;1000;None;15:37:18.003
8493;23.7568;23.5963;22.2739;-256.269;-256.684;-256.888;-256.95;-255.972;0;None;1000;None;15:37:18.502
8494;23.7568;23.5963;22.2778;-256.277;-256.684;-256.888;-256.95;-255.98;0;None;1000;None;15:37:18.999
8495;23.7568;23.5885;22.2857;-256.269;-256.684;-256.88;-256.958;-255.98;0;None;1000;None;15:37:19.500
8496;23.7568;23.5963;22.2739;-256.269;-256.676;-256.888;-256.958;-255.98;0;None;1000;None;15:37:19.993
8497;23.7568;23.5963;22.2739;-256.277;-256.692;-256.888;-256.958;-255.98;0;None;1000;None;15:37:20.491
8498;23.7489;23.6042;22.2778;-256.269;-256.684;-256.888;-256.95;-255.988;0;None;1000;None;15:37:21.003
8499;23.7568;23.5885;22.2739;-256.277;-256.684;-256.888;-256.958;-255.98;0;None;1000;None;15:37:21.500
8500;23.7489;23.6042;22.2778;-256.269;-256.684;-256.888;-256.95;-255.972;0;None;1000;None;15:37:21.998
8501;23.7568;23.5963;22.2857;-256.277;-256.692;-256.888;-256.958;-255.972;0;None;1000;None;15:37:22.493
8502;23.7489;23.5963;22.2857;-256.269;-256.684;-256.888;-256.95;-255.98;0;None;1000;None;15:37:22.992
8503;23.7489;23.5963;22.2857;-256.269;-256.676;-256.888;-256.95;-255.972;0;None;1000;None;15:37:23.504
8504;23.7568;23.6042;22.2778;-256.277;-256.684;-256.888;-256.95;-255.98;0;None;1000;None;15:37:24.000
8505;23.7568;23.5963;22.2778;-256.269;-256.692;-256.888;-256.95;-255.98;0;None;1000;None;15:37:24.500
8506;23.7568;23.6042;22.2778;-256.269;-256.676;-256.888;-256.958;-255.972;0;None;1000;None;15:37:24.993
8507;23.7646;23.5963;22.2778;-256.269;-256.692;-256.888;-256.942;-255.98;0;None;1000;None;15:37:25.490
8508;23.7646;23.6042;22.2739;-256.269;-256.684;-256.888;-256.95;-255.972;0;None;1000;None;15:37:26.003
8509;23.7646;23.6042;22.2778;-256.269;-256.684;-256.88;-256.95;-255.98;0;None;1000;None;15:37:26.501
8510;23.7646;23.6042;22.2778;-256.269;-256.676;-256.895;-256.942;-255.98;0;None;1000;None;15:37:26.998
8511;23.7646;23.6042;22.2778;-256.269;-256.684;-256.888;-256.942;-255.98;0;None;1000;None;15:37:27.496
8512;23.7646;23.6042;22.2778;-256.277;-256.676;-256.88;-256.95;-255.98;0;None;1000;None;15:37:28.000
8513;23.7646;23.6042;22.2778;-256.269;-256.684;-256.888;-256.942;-255.98;0;None;1000;None;15:37:28.504
8514;23.7568;23.6042;22.2778;-256.277;-256.684;-256.888;-256.95;-255.98;0;None;1000;None;15:37:29.002
8515;23.7568;23.5963;22.2739;-256.269;-256.684;-256.888;-256.958;-255.98;0;None;1000;None;15:37:29.500
8516;23.7568;23.6042;22.2778;-256.277;-256.684;-256.888;-256.95;-255.98;0;None;1000;None;15:37:30.004
8517;23.7646;23.6042;22.2739;-256.277;-256.676;-256.895;-256.95;-255.98;0;None;1000;None;15:37:30.494
8518;23.7646;23.5963;22.2857;-256.269;-256.684;-256.895;-256.942;-255.972;0;None;1000;None;15:37:30.991
8519;23.7646;23.5963;22.2778;-256.269;-256.692;-256.903;-256.95;-255.98;0;None;1000;None;15:37:31.503
8520;23.7568;23.6042;22.2778;-256.269;-256.684;-256.895;-256.942;-255.988;0;None;1000;None;15:37:31.999
8521;23.7646;23.5885;22.2739;-256.277;-256.692;-256.888;-256.942;-255.972;0;None;1000;None;15:37:32.496
8522;23.7568;23.5963;22.2778;-256.269;-256.684;-256.895;-256.95;-255.98;0;None;1000;None;15:37:33.000
8523;23.7568;23.5963;22.2778;-256.277;-256.692;-256.888;-256.958;-255.98;0;None;1000;None;15:37:33.489
8524;23.7646;23.5963;22.2857;-256.277;-256.692;-256.895;-256.958;-255.972;0;None;1000;None;15:37:34.001
8525;23.7568;23.6042;22.2778;-256.269;-256.692;-256.895;-256.95;-255.98;0;None;1000;None;15:37:34.500
8526;23.7646;23.5963;22.2778;-256.285;-256.692;-256.888;-256.95;-255.972;0;None;1000;None;15:37:34.998
8527;23.7568;23.5885;22.2778;-256.269;-256.692;-256.895;-256.958;-255.98;0;None;1000;None;15:37:35.494
8528;23.7568;23.5963;22.2778;-256.277;-256.692;-256.888;-256.95;-255.98;0;None;1000;None;15:37:36.004
8529;23.7568;23.5963;22.2739;-256.277;-256.692;-256.888;-256.95;-255.98;0;None;1000;None;15:37:36.489
8530;23.7568;23.5885;22.2778;-256.277;-256.692;-256.888;-256.942;-255.972;0;None;1000;None;15:37:37.002
8531;23.7489;23.5885;22.2739;-256.269;-256.684;-256.88;-256.95;-255.98;0;None;1000;None;15:37:37.500
8532;23.7489;23.5885;22.2778;-256.277;-256.692;-256.888;-256.942;-255.98;0;None;1000;None;15:37:37.997
8533;23.7489;23.5963;22.2778;-256.277;-256.684;-256.88;-256.942;-255.972;0;None;1000;None;15:37:38.493
8534;23.7411;23.5963;22.2778;-256.277;-256.684;-256.88;-256.95;-255.98;0;None;1000;None;15:37:38.997
8535;23.7489;23.5963;22.2857;-256.277;-256.684;-256.888;-256.95;-255.98;0;None;1000;None;15:37:39.489
8536;23.7411;23.5885;22.2778;-256.269;-256.684;-256.888;-256.942;-255.972;0;None;1000;None;15:37:40.003
8537;23.7489;23.5846;22.2778;-256.277;-256.684;-256.88;-256.95;-255.98;0;None;1000;None;15:37:40.500
8538;23.7489;23.5963;22.2739;-256.269;-256.692;-256.895;-256.935;-255.98;0;None;1000;None;15:37:40.998
8539;23.7489;23.5846;22.2778;-256.277;-256.684;-256.895;-256.95;-255.972;0;None;1000;None;15:37:41.494
8540;23.7568;23.5885;22.2739;-256.269;-256.684;-256.888;-256.95;-255.98;0;None;1000;None;15:37:41.990
8541;23.7489;23.5885;22.2778;-256.269;-256.684;-256.895;-256.95;-255.98;0;None;1000;None;15:37:42.500
8542;23.7411;23.5885;22.2778;-256.269;-256.684;-256.888;-256.95;-255.98;0;None;1000;None;15:37:42.996
8543;23.7489;23.5885;22.2778;-256.277;-256.676;-256.895;-256.942;-255.972;0;None;1000;None;15:37:43.492
8544;23.7489;23.5885;22.2778;-256.269;-256.684;-256.888;-256.942;-255.988;0;None;1000;None;15:37:44.004
8545;23.7489;23.5963;22.2739;-256.262;-256.684;-256.895;-256.95;-255.98;0;None;1000;None;15:37:44.500
8546;23.7489;23.5885;22.2739;-256.277;-256.676;-256.895;-256.942;-255.98;0;None;1000;None;15:37:44.998
8547;23.7568;23.5885;22.2778;-256.277;-256.692;-256.888;-256.942;-255.98;0;None;1000;None;15:37:45.499
8548;23.7489;23.5885;22.2739;-256.277;-256.684;-256.895;-256.942;-255.98;0;None;1000;None;15:37:45.991
8549;23.7411;23.5885;22.2857;-256.277;-256.684;-256.888;-256.942;-255.98;0;None;1000;None;15:37:46.502
8550;23.7489;23.5885;22.2739;-256.277;-256.684;-256.895;-256.942;-255.98;0;None;1000;None;15:37:46.998
8551;23.7411;23.5846;22.2778;-256.277;-256.676;-256.888;-256.935;-255.98;0;None;1000;None;15:37:47.497
8552;23.7489;23.5846;22.2778;-256.277;-256.692;-256.888;-256.95;-255.972;0;None;1000;None;15:37:47.993
8553;23.7489;23.5846;22.2778;-256.285;-256.676;-256.888;-256.942;-255.972;0;None;1000;None;15:37:48.490
8554;23.7568;23.5885;22.2778;-256.277;-256.684;-256.888;-256.942;-255.972;0;None;1000;None;15:37:49.002
8555;23.7489;23.5885;22.2778;-256.285;-256.684;-256.888;-256.95;-255.98;0;None;1000;None;15:37:49.503
8556;23.7489;23.5846;22.2778;-256.277;-256.692;-256.888;-256.942;-255.972;0;None;1000;None;15:37:49.998
8557;23.7489;23.5846;22.2778;-256.285;-256.684;-256.888;-256.95;-255.972;0;None;1000;None;15:37:50.503
8558;23.7411;23.5885;22.2778;-256.277;-256.684;-256.888;-256.942;-255.972;0;None;1000;None;15:37:50.993
8559;23.7489;23.5846;22.2778;-256.277;-256.684;-256.888;-256.935;-255.972;0;None;1000;None;15:37:51.495
8560;23.7489;23.5885;22.2778;-256.269;-256.684;-256.888;-256.942;-255.98;0;None;1000;None;15:37:51.989
8561;23.7333;23.5846;22.2778;-256.277;-256.684;-256.895;-256.942;-255.972;0;None;1000;None;15:37:52.501
8562;23.7411;23.5846;22.2739;-256.277;-256.684;-256.888;-256.942;-255.972;0;None;1000;None;15:37:52.999
8563;23.7411;23.5846;22.2778;-256.277;-256.684;-256.888;-256.935;-255.98;0;None;1000;None;15:37:53.494
8564;23.7411;23.5846;22.2778;-256.285;-256.684;-256.888;-256.942;-255.972;0;None;1000;None;15:37:53.990
8565;23.7411;23.5846;22.2778;-256.285;-256.684;-256.888;-256.935;-255.972;0;None;1000;None;15:37:54.504
8566;23.7411;23.5885;22.2857;-256.285;-256.676;-256.888;-256.95;-255.98;0;None;1000;None;15:37:55.001
8567;23.7411;23.5846;22.2778;-256.285;-256.692;-256.895;-256.942;-255.972;0;None;1000;None;15:37:55.503
8568;23.7333;23.5885;22.2778;-256.285;-256.684;-256.888;-256.942;-255.972;0;None;1000;None;15:37:55.993
8569;23.7411;23.5846;22.2857;-256.277;-256.684;-256.895;-256.935;-255.98;0;None;1000;None;15:37:56.501
8570;23.7411;23.5846;22.2778;-256.285;-256.684;-256.888;-256.942;-255.972;0;None;1000;None;15:37:56.991
8571;23.7411;23.5846;22.2857;-256.277;-256.684;-256.888;-256.935;-255.972;0;None;1000;None;15:37:57.504
8572;23.7333;23.5846;22.2857;-256.277;-256.692;-256.888;-256.942;-255.98;0;None;1000;None;15:37:58.003
8573;23.7333;23.5807;22.2778;-256.285;-256.692;-256.888;-256.935;-255.972;0;None;1000;None;15:37:58.496
8574;23.7411;23.5846;22.2778;-256.277;-256.684;-256.888;-256.935;-255.972;0;None;1000;None;15:37:58.992
8575;23.7333;23.5807;22.2778;-256.277;-256.684;-256.895;-256.935;-255.98;0;None;1000;None;15:37:59.489
8576;23.7411;23.5846;22.2857;-256.285;-256.692;-256.888;-256.942;-255.972;0;None;1000;None;15:38:00.002
8577;23.7411;23.5807;22.2778;-256.285;-256.684;-256.895;-256.935;-255.972;0;None;1000;None;15:38:00.498
8578;23.7568;23.5846;22.2857;-256.277;-256.684;-256.895;-256.935;-255.98;0;None;1000;None;15:38:00.996
8579;23.7489;23.5807;22.2857;-256.285;-256.684;-256.888;-256.942;-255.972;0;None;1000;None;15:38:01.498
8580;23.7411;23.5807;22.2857;-256.277;-256.684;-256.895;-256.942;-255.98;0;None;1000;None;15:38:02.004
8581;23.7489;23.5846;22.2778;-256.277;-256.692;-256.895;-256.942;-255.98;0;None;1000;None;15:38:02.500
8582;23.7489;23.5807;22.2857;-256.277;-256.684;-256.888;-256.942;-255.98;0;None;1000;None;15:38:02.997
8583;23.7411;23.5846;22.2778;-256.277;-256.692;-256.895;-256.942;-255.98;0;None;1000;None;15:38:03.494
8584;23.7489;23.5846;22.2857;-256.285;-256.692;-256.895;-256.95;-255.98;0;None;1000;None;15:38:03.992
8585;23.7411;23.5846;22.2778;-256.277;-256.684;-256.888;-256.942;-255.98;0;None;1000;None;15:38:04.490
8586;23.7411;23.5885;22.2857;-256.285;-256.684;-256.895;-256.942;-255.98;0;None;1000;None;15:38:05.001
8587;23.7411;23.5846;22.2935;-256.277;-256.692;-256.895;-256.942;-255.98;0;None;1000;None;15:38:05.497
8588;23.7411;23.5885;22.2857;-256.285;-256.684;-256.888;-256.942;-255.972;0;None;1000;None;15:38:05.994
8589;23.7411;23.5846;22.2857;-256.285;-256.692;-256.888;-256.942;-255.98;0;None;1000;None;15:38:06.489
8590;23.7411;23.5846;22.2857;-256.285;-256.684;-256.895;-256.942;-255.972;0;None;1000;None;15:38:07.003
8591;23.7489;23.5846;22.2778;-256.285;-256.684;-256.888;-256.935;-255.98;0;None;1000;None;15:38:07.501
8592;23.7411;23.5846;22.2857;-256.277;-256.684;-256.888;-256.942;-255.98;0;None;1000;None;15:38:07.995
8593;23.7411;23.5846;22.2778;-256.285;-256.684;-256.88;-256.942;-255.972;0;None;1000;None;15:38:08.492
8594;23.7411;23.5885;22.2778;-256.277;-256.684;-256.888;-256.927;-255.98;0;None;1000;None;15:38:08.989
8595;23.7489;23.5846;22.2778;-256.277;-256.684;-256.88;-256.942;-255.98;0;None;1000;None;15:38:09.502
8596;23.7411;23.5924;22.2739;-256.285;-256.692;-256.888;-256.935;-255.98;0;None;1000;None;15:38:09.998
8597;23.7489;23.5885;22.2778;-256.277;-256.684;-256.88;-256.935;-255.98;0;None;1000;None;15:38:10.502
8598;23.7568;23.5885;22.2857;-256.277;-256.684;-256.888;-256.942;-255.98;0;None;1000;None;15:38:10.990
8599;23.7489;23.5885;22.2778;-256.277;-256.684;-256.88;-256.935;-255.988;0;None;1000;None;15:38:11.489
8600;23.7489;23.5885;22.2739;-256.285;-256.684;-256.888;-256.942;-255.98;0;None;1000;None;15:38:12.001
8601;23.7411;23.5885;22.2778;-256.277;-256.692;-256.88;-256.942;-255.98;0;None;1000;None;15:38:12.495
8602;23.7489;23.5885;22.2739;-256.285;-256.684;-256.888;-256.95;-255.964;0;None;1000;None;15:38:12.989
8603;23.7411;23.5846;22.2778;-256.277;-256.684;-256.88;-256.935;-255.964;0;None;1000;None;15:38:13.501
8604;23.7489;23.5885;22.2778;-256.277;-256.684;-256.888;-256.942;-255.98;0;None;1000;None;15:38:14.003
8605;23.7411;23.5846;22.2778;-256.277;-256.692;-256.888;-256.95;-255.964;0;None;1000;None;15:38:14.495
8606;23.7489;23.5885;22.2778;-256.277;-256.692;-256.888;-256.942;-255.972;0;None;1000;None;15:38:14.991
8607;23.7489;23.5885;22.2778;-256.285;-256.684;-256.895;-256.935;-255.98;0;None;1000;None;15:38:15.502
8608;23.7411;23.5885;22.2778;-256.285;-256.684;-256.895;-256.942;-255.98;0;None;1000;None;15:38:16.000
8609;23.7411;23.5885;22.2778;-256.277;-256.684;-256.888;-256.942;-255.98;0;None;1000;None;15:38:16.493
8610;23.7489;23.5846;22.2857;-256.277;-256.676;-256.895;-256.942;-255.98;0;None;1000;None;15:38:16.990
8611;23.7411;23.5846;22.2778;-256.277;-256.684;-256.888;-256.942;-255.988;0;None;1000;None;15:38:17.487
8612;23.7411;23.5846;22.2778;-256.277;-256.692;-256.888;-256.95;-255.98;0;None;1000;None;15:38:18.000
8613;23.7489;23.5885;22.2857;-256.285;-256.684;-256.888;-256.95;-255.988;0;None;1000;None;15:38:18.498
8614;23.7411;23.5885;22.2778;-256.277;-256.684;-256.88;-256.95;-255.98;0;None;1000;None;15:38:18.994
8615;23.7489;23.5963;22.2857;-256.285;-256.692;-256.888;-256.95;-255.98;0;None;1000;None;15:38:19.501
8616;23.7411;23.5846;22.2778;-256.277;-256.684;-256.895;-256.95;-255.98;0;None;1000;None;15:38:19.995
8617;23.7489;23.5885;22.2857;-256.277;-256.676;-256.88;-256.95;-255.98;0;None;1000;None;15:38:20.500
8618;23.7489;23.5885;22.2778;-256.285;-256.684;-256.888;-256.95;-255.98;0;None;1000;None;15:38:20.996
8619;23.7568;23.5885;22.2778;-256.277;-256.684;-256.888;-256.942;-255.98;0;None;1000;None;15:38:21.493
8620;23.7489;23.5924;22.2857;-256.277;-256.684;-256.888;-256.95;-255.98;0;None;1000;None;15:38:21.989
8621;23.7568;23.5885;22.2857;-256.277;-256.676;-256.895;-256.942;-255.98;0;None;1000;None;15:38:22.486
8622;23.7568;23.5885;22.2778;-256.285;-256.684;-256.895;-256.942;-255.98;0;None;1000;None;15:38:23.001
8623;23.7489;23.5963;22.2935;-256.277;-256.684;-256.888;-256.935;-255.98;0;None;1000;None;15:38:23.498
8624;23.7568;23.5885;22.2935;-256.277;-256.676;-256.888;-256.942;-255.98;0;None;1000;None;15:38:23.995
8625;23.7489;23.5885;22.2935;-256.285;-256.692;-256.888;-256.95;-255.972;0;None;1000;None;15:38:24.499
8626;23.7411;23.5885;22.2935;-256.285;-256.676;-256.888;-256.95;-255.98;0;None;1000;None;15:38:24.989
8627;23.7489;23.5885;22.2935;-256.285;-256.684;-256.888;-256.95;-255.972;0;None;1000;None;15:38:25.496
8628;23.7489;23.5885;22.2935;-256.285;-256.684;-256.88;-256.95;-255.988;0;None;1000;None;15:38:26.002
8629;23.7489;23.5846;22.2935;-256.277;-256.684;-256.895;-256.95;-255.98;0;None;1000;None;15:38:26.505
8630;23.7489;23.5885;22.2935;-256.277;-256.692;-256.88;-256.958;-255.988;0;None;1000;None;15:38:26.991
8631;23.7489;23.5846;22.2935;-256.285;-256.684;-256.888;-256.95;-255.988;0;None;1000;None;15:38:27.496
8632;23.7489;23.5885;22.3013;-256.285;-256.692;-256.888;-256.95;-255.988;0;None;1000;None;15:38:27.988
8633;23.7489;23.5963;22.2935;-256.277;-256.684;-256.888;-256.942;-255.98;0;None;1000;None;15:38:28.495
8634;23.7489;23.5963;22.2935;-256.285;-256.692;-256.888;-256.942;-255.972;0;None;1000;None;15:38:29.000
8635;23.7489;23.5963;22.2935;-256.277;-256.684;-256.888;-256.942;-255.98;0;None;1000;None;15:38:29.502
8636;23.7568;23.5963;22.2935;-256.285;-256.684;-256.895;-256.942;-255.98;0;None;1000;None;15:38:29.995
8637;23.7489;23.6042;22.2935;-256.285;-256.684;-256.888;-256.935;-255.972;0;None;1000;None;15:38:30.492
8638;23.7568;23.5963;22.3013;-256.285;-256.684;-256.888;-256.942;-255.98;0;None;1000;None;15:38:30.989
8639;23.7489;23.5963;22.3091;-256.277;-256.684;-256.888;-256.942;-255.98;0;None;1000;None;15:38:31.501
8640;23.7411;23.5963;22.2935;-256.285;-256.692;-256.895;-256.942;-255.98;0;None;1000;None;15:38:31.998
8641;23.7568;23.5963;22.3013;-256.285;-256.692;-256.888;-256.95;-255.98;0;None;1000;None;15:38:32.495
8642;23.7411;23.6042;22.2935;-256.277;-256.692;-256.888;-256.942;-255.98;0;None;1000;None;15:38:32.995
8643;23.7489;23.6042;22.2935;-256.285;-256.684;-256.888;-256.942;-255.98;0;None;1000;None;15:38:33.503
8644;23.7489;23.5963;22.2935;-256.277;-256.684;-256.88;-256.95;-255.98;0;None;1000;None;15:38:34.003
8645;23.7489;23.5963;22.3013;-256.285;-256.692;-256.888;-256.95;-255.98;0;None;1000;None;15:38:34.497
8646;23.7489;23.6042;22.3013;-256.285;-256.692;-256.888;-256.95;-255.972;0;None;1000;None;15:38:34.990
8647;23.7489;23.5963;22.2935;-256.277;-256.692;-256.88;-256.95;-255.98;0;None;1000;None;15:38:35.486
8648;23.7489;23.6042;22.3091;-256.277;-256.684;-256.895;-256.942;-255.98;0;None;1000;None;15:38:35.995
8649;23.7489;23.5963;22.3013;-256.277;-256.692;-256.88;-256.95;-255.98;0;None;1000;None;15:38:36.489
8650;23.7489;23.6042;22.2935;-256.277;-256.692;-256.88;-256.95;-255.972;0;None;1000;None;15:38:37.002
8651;23.7489;23.6042;22.2935;-256.277;-256.692;-256.888;-256.95;-255.972;0;None;1000;None;15:38:37.500
8652;23.7568;23.5963;22.2935;-256.277;-256.692;-256.888;-256.95;-255.972;0;None;1000;None;15:38:37.992
8653;23.7489;23.6042;22.2935;-256.269;-256.684;-256.88;-256.95;-255.98;0;None;1000;None;15:38:38.489
8654;23.7489;23.6042;22.2857;-256.277;-256.692;-256.888;-256.942;-255.972;0;None;1000;None;15:38:39.001
8655;23.7489;23.5963;22.2857;-256.277;-256.684;-256.888;-256.95;-255.98;0;None;1000;None;15:38:39.500
8656;23.7411;23.5963;22.2935;-256.269;-256.692;-256.888;-256.95;-255.98;0;None;1000;None;15:38:39.997
8657;23.7411;23.6042;22.2935;-256.277;-256.684;-256.88;-256.95;-255.98;0;None;1000;None;15:38:40.494
8658;23.7411;23.5885;22.2857;-256.285;-256.684;-256.888;-256.942;-255.972;0;None;1000;None;15:38:40.989
8659;23.7411;23.5963;22.2857;-256.277;-256.692;-256.88;-256.942;-255.988;0;None;1000;None;15:38:41.501
8660;23.7489;23.5885;22.2935;-256.285;-256.684;-256.888;-256.95;-255.972;0;None;1000;None;15:38:41.999
8661;23.7489;23.5963;22.2935;-256.277;-256.692;-256.888;-256.942;-255.98;0;None;1000;None;15:38:42.495
8662;23.7411;23.6042;22.3013;-256.285;-256.684;-256.88;-256.95;-255.972;0;None;1000;None;15:38:42.990
8663;23.7411;23.5963;22.3013;-256.285;-256.684;-256.88;-256.942;-255.972;0;None;1000;None;15:38:43.502
8664;23.7489;23.5885;22.2935;-256.269;-256.692;-256.88;-256.95;-255.98;0;None;1000;None;15:38:44.001
8665;23.7489;23.5963;22.3013;-256.277;-256.692;-256.88;-256.942;-255.972;0;None;1000;None;15:38:44.499
8666;23.7489;23.5885;22.2935;-256.285;-256.684;-256.888;-256.942;-255.98;0;None;1000;None;15:38:45.000
8667;23.7411;23.6042;22.3013;-256.277;-256.684;-256.888;-256.95;-255.972;0;None;1000;None;15:38:45.492
8668;23.7489;23.5963;22.3013;-256.277;-256.692;-256.888;-256.942;-255.972;0;None;1000;None;15:38:45.989
8669;23.7411;23.6042;22.3091;-256.277;-256.684;-256.888;-256.95;-255.972;0;None;1000;None;15:38:46.501
8670;23.7411;23.6042;22.3013;-256.285;-256.692;-256.888;-256.958;-255.972;0;None;1000;None;15:38:46.998
8671;23.7333;23.612;22.3013;-256.277;-256.684;-256.888;-256.95;-255.98;0;None;1000;None;15:38:47.500
8672;23.7489;23.6042;22.3091;-256.277;-256.692;-256.888;-256.95;-255.98;0;None;1000;None;15:38:47.994
8673;23.7411;23.6042;22.2935;-256.277;-256.684;-256.888;-256.95;-255.972;0;None;1000;None;15:38:48.489
8674;23.7489;23.5963;22.3091;-256.277;-256.684;-256.888;-256.95;-255.98;0;None;1000;None;15:38:48.988
8675;23.7411;23.6042;22.2935;-256.285;-256.692;-256.888;-256.95;-255.972;0;None;1000;None;15:38:49.500
8676;23.7411;23.5963;22.3013;-256.285;-256.692;-256.888;-256.95;-255.972;0;None;1000;None;15:38:49.999
8677;23.7411;23.6042;22.3091;-256.277;-256.684;-256.888;-256.95;-255.972;0;None;1000;None;15:38:50.493
8678;23.7489;23.6042;22.3013;-256.285;-256.684;-256.88;-256.958;-255.98;0;None;1000;None;15:38:50.991
8679;23.7489;23.5963;22.3013;-256.285;-256.684;-256.888;-256.958;-255.972;0;None;1000;None;15:38:51.489
8680;23.7411;23.5963;22.3091;-256.285;-256.684;-256.88;-256.95;-255.98;0;None;1000;None;15:38:52.002
8681;23.7489;23.5963;22.3091;-256.285;-256.684;-256.88;-256.95;-255.972;0;None;1000;None;15:38:52.500
8682;23.7489;23.5963;22.3013;-256.285;-256.684;-256.888;-256.95;-255.972;0;None;1000;None;15:38:53.002
8683;23.7489;23.5963;22.3013;-256.285;-256.692;-256.88;-256.95;-255.98;0;None;1000;None;15:38:53.495
8684;23.7489;23.5963;22.3013;-256.285;-256.684;-256.888;-256.958;-255.972;0;None;1000;None;15:38:53.993
8685;23.7489;23.5885;22.3013;-256.277;-256.692;-256.888;-256.95;-255.98;0;None;1000;None;15:38:54.489
8686;23.7489;23.5885;22.3013;-256.285;-256.692;-256.888;-256.95;-255.98;0;None;1000;None;15:38:55.001
8687;23.7568;23.5924;22.3013;-256.293;-256.684;-256.888;-256.942;-255.972;0;None;1000;None;15:38:55.500
8688;23.7568;23.5963;22.3091;-256.277;-256.692;-256.888;-256.95;-255.98;0;None;1000;None;15:38:55.997
8689;23.7568;23.5885;22.3013;-256.285;-256.684;-256.895;-256.958;-255.972;0;None;1000;None;15:38:56.494
8690;23.7568;23.5963;22.3013;-256.285;-256.692;-256.88;-256.95;-255.98;0;None;1000;None;15:38:56.991
8691;23.7568;23.5963;22.3091;-256.285;-256.692;-256.888;-256.942;-255.972;0;None;1000;None;15:38:57.488
8692;23.7568;23.5963;22.2935;-256.285;-256.692;-256.888;-256.95;-255.988;0;None;1000;None;15:38:58.002
8693;23.7568;23.6042;22.2935;-256.277;-256.684;-256.888;-256.95;-255.972;0;None;1000;None;15:38:58.504
8694;23.7411;23.5963;22.3013;-256.285;-256.692;-256.888;-256.95;-255.98;0;None;1000;None;15:38:58.998
8695;23.7489;23.6042;22.3013;-256.285;-256.692;-256.88;-256.942;-255.988;0;None;1000;None;15:38:59.495
8696;23.7568;23.6042;22.2935;-256.277;-256.684;-256.88;-256.95;-255.98;0;None;1000;None;15:38:59.991
8697;23.7411;23.6042;22.3013;-256.285;-256.692;-256.88;-256.942;-255.972;0;None;1000;None;15:39:00.487
8698;23.7568;23.6042;22.2935;-256.285;-256.684;-256.88;-256.95;-255.98;0;None;1000;None;15:39:00.999
8699;23.7489;23.5963;22.3013;-256.285;-256.684;-256.88;-256.958;-255.988;0;None;1000;None;15:39:01.495
8700;23.7568;23.5963;22.3013;-256.285;-256.684;-256.88;-256.942;-255.98;0;None;1000;None;15:39:02.000
8701;23.7489;23.6042;22.2935;-256.285;-256.684;-256.88;-256.95;-255.98;0;None;1000;None;15:39:02.502
8702;23.7568;23.5963;22.3013;-256.285;-256.692;-256.88;-256.942;-255.98;0;None;1000;None;15:39:03.001
8703;23.7568;23.6042;22.2935;-256.285;-256.676;-256.88;-256.942;-255.98;0;None;1000;None;15:39:03.499
8704;23.7568;23.5963;22.3013;-256.293;-256.692;-256.88;-256.942;-255.98;0;None;1000;None;15:39:04.000
8705;23.7489;23.5963;22.3013;-256.277;-256.684;-256.88;-256.942;-255.98;0;None;1000;None;15:39:04.495
8706;23.7489;23.5963;22.3013;-256.293;-256.684;-256.88;-256.942;-255.988;0;None;1000;None;15:39:04.990
8707;23.7489;23.5885;22.2935;-256.277;-256.676;-256.88;-256.95;-255.98;0;None;1000;None;15:39:05.502
8708;23.7568;23.5963;22.3013;-256.277;-256.684;-256.872;-256.95;-255.98;0;None;1000;None;15:39:06.000
8709;23.7489;23.6042;22.3013;-256.277;-256.684;-256.88;-256.95;-255.988;0;None;1000;None;15:39:06.497
8710;23.7568;23.5963;22.3013;-256.285;-256.684;-256.88;-256.95;-255.98;0;None;1000;None;15:39:07.000
8711;23.7568;23.5963;22.3013;-256.277;-256.684;-256.872;-256.95;-255.988;0;None;1000;None;15:39:07.489
8712;23.7568;23.5963;22.3013;-256.277;-256.684;-256.88;-256.95;-255.988;0;None;1000;None;15:39:08.002
8713;23.7568;23.5885;22.2935;-256.285;-256.684;-256.872;-256.95;-255.988;0;None;1000;None;15:39:08.500
8714;23.7489;23.5885;22.3091;-256.285;-256.684;-256.88;-256.95;-255.988;0;None;1000;None;15:39:09.000
8715;23.7568;23.5963;22.3013;-256.277;-256.684;-256.88;-256.95;-255.988;0;None;1000;None;15:39:09.495
8716;23.7568;23.5885;22.3013;-256.277;-256.676;-256.872;-256.958;-255.98;0;None;1000;None;15:39:09.991
8717;23.7568;23.5963;22.3091;-256.285;-256.676;-256.872;-256.958;-255.996;0;None;1000;None;15:39:10.490
8718;23.7568;23.5885;22.3013;-256.277;-256.684;-256.872;-256.95;-255.98;0;None;1000;None;15:39:10.987
8719;23.7568;23.5963;22.3091;-256.285;-256.676;-256.872;-256.958;-255.988;0;None;1000;None;15:39:11.500
8720;23.7568;23.5963;22.3091;-256.277;-256.684;-256.872;-256.95;-255.988;0;None;1000;None;15:39:11.997
8721;23.7646;23.5963;22.3013;-256.285;-256.676;-256.88;-256.95;-255.98;0;None;1000;None;15:39:12.493
8722;23.7568;23.5963;22.3013;-256.277;-256.676;-256.88;-256.95;-255.988;0;None;1000;None;15:39:12.985
8723;23.7568;23.5963;22.3091;-256.285;-256.676;-256.88;-256.95;-255.988;0;None;1000;None;15:39:13.493
8724;23.7568;23.6042;22.3013;-256.277;-256.676;-256.888;-256.95;-255.98;0;None;1000;None;15:39:14.000
8725;23.7646;23.5963;22.317;-256.277;-256.676;-256.872;-256.95;-255.988;0;None;1000;None;15:39:14.490
8726;23.7568;23.6042;22.3013;-256.277;-256.676;-256.88;-256.942;-255.98;0;None;1000;None;15:39:14.995
8727;23.7489;23.6042;22.3091;-256.285;-256.684;-256.88;-256.95;-255.98;0;None;1000;None;15:39:15.489
8728;23.7489;23.612;22.3013;-256.277;-256.676;-256.88;-256.95;-255.98;0;None;1000;None;15:39:16.000
8729;23.7568;23.6042;22.3091;-256.269;-256.676;-256.88;-256.95;-255.98;0;None;1000;None;15:39:16.499
8730;23.7489;23.6042;22.3091;-256.277;-256.676;-256.88;-256.95;-255.98;0;None;1000;None;15:39:16.999
8731;23.7568;23.6042;22.3013;-256.285;-256.676;-256.88;-256.95;-255.98;0;None;1000;None;15:39:17.497
8732;23.7489;23.6042;22.3013;-256.277;-256.684;-256.88;-256.942;-255.98;0;None;1000;None;15:39:17.994
8733;23.7489;23.6042;22.3013;-256.277;-256.676;-256.88;-256.958;-255.988;0;None;1000;None;15:39:18.489
8734;23.7568;23.5963;22.3013;-256.285;-256.676;-256.88;-256.958;-255.98;0;None;1000;None;15:39:19.002
8735;23.7489;23.6042;22.2935;-256.285;-256.684;-256.88;-256.95;-255.988;0;None;1000;None;15:39:19.499
8736;23.7646;23.6042;22.3013;-256.277;-256.676;-256.888;-256.958;-255.98;0;None;1000;None;15:39:19.996
8737;23.7489;23.6042;22.3013;-256.277;-256.684;-256.88;-256.95;-255.98;0;None;1000;None;15:39:20.499
8738;23.7568;23.6042;22.2935;-256.277;-256.684;-256.88;-256.95;-255.98;0;None;1000;None;15:39:20.988
8739;23.7568;23.6042;22.2935;-256.277;-256.676;-256.888;-256.958;-255.98;0;None;1000;None;15:39:21.501
8740;23.7568;23.6042;22.3013;-256.285;-256.684;-256.888;-256.95;-255.98;0;None;1000;None;15:39:22.000
8741;23.7646;23.6042;22.3013;-256.277;-256.684;-256.88;-256.958;-255.988;0;None;1000;None;15:39:22.496
8742;23.7646;23.612;22.3091;-256.277;-256.684;-256.888;-256.95;-255.98;0;None;1000;None;15:39:22.996
8743;23.7646;23.6042;22.3013;-256.285;-256.676;-256.888;-256.95;-255.98;0;None;1000;None;15:39:23.487
8744;23.7646;23.6042;22.3013;-256.277;-256.684;-256.888;-256.95;-255.988;0;None;1000;None;15:39:24.001
8745;23.7646;23.612;22.2935;-256.277;-256.684;-256.88;-256.95;-255.988;0;None;1000;None;15:39:24.500
8746;23.7646;23.6042;22.3013;-256.277;-256.684;-256.888;-256.958;-255.98;0;None;1000;None;15:39:25.001
8747;23.7646;23.612;22.2935;-256.277;-256.684;-256.88;-256.95;-255.98;0;None;1000;None;15:39:25.493
8748;23.7568;23.612;22.3091;-256.277;-256.684;-256.888;-256.95;-255.988;0;None;1000;None;15:39:25.990
8749;23.7646;23.6042;22.3013;-256.277;-256.684;-256.888;-256.958;-255.98;0;None;1000;None;15:39:26.502
8750;23.7568;23.6042;22.2935;-256.285;-256.676;-256.88;-256.95;-255.988;0;None;1000;None;15:39:27.001
8751;23.7646;23.612;22.3091;-256.277;-256.684;-256.888;-256.95;-255.98;0;None;1000;None;15:39:27.499
8752;23.7568;23.6042;22.2935;-256.285;-256.676;-256.88;-256.958;-255.988;0;None;1000;None;15:39:27.994
8753;23.7646;23.612;22.3013;-256.277;-256.684;-256.88;-256.95;-255.988;0;None;1000;None;15:39:28.491
8754;23.7646;23.6042;22.2935;-256.277;-256.676;-256.888;-256.958;-255.98;0;None;1000;None;15:39:28.988
8755;23.7646;23.612;22.2935;-256.277;-256.676;-256.872;-256.95;-255.98;0;None;1000;None;15:39:29.498
8756;23.7646;23.612;22.3013;-256.285;-256.676;-256.88;-256.95;-255.98;0;None;1000;None;15:39:29.995
8757;23.7646;23.612;22.2935;-256.277;-256.684;-256.88;-256.958;-255.98;0;None;1000;None;15:39:30.493
8758;23.7568;23.6198;22.3013;-256.285;-256.668;-256.88;-256.95;-255.98;0;None;1000;None;15:39:30.990
8759;23.7646;23.6198;22.3013;-256.277;-256.684;-256.88;-256.95;-255.98;0;None;1000;None;15:39:31.501
8760;23.7646;23.6198;22.3013;-256.285;-256.668;-256.88;-256.95;-255.98;0;None;1000;None;15:39:31.999
8761;23.7568;23.6198;22.3091;-256.285;-256.676;-256.888;-256.95;-255.98;0;None;1000;None;15:39:32.497
8762;23.7646;23.6198;22.2935;-256.285;-256.676;-256.88;-256.95;-255.988;0;None;1000;None;15:39:32.999
8763;23.7646;23.6198;22.3013;-256.285;-256.676;-256.88;-256.958;-255.98;0;None;1000;None;15:39:33.490
8764;23.7724;23.6198;22.2935;-256.285;-256.684;-256.888;-256.95;-255.988;0;None;1000;None;15:39:33.988
8765;23.7646;23.612;22.3013;-256.285;-256.676;-256.88;-256.958;-255.98;0;None;1000;None;15:39:34.496
8766;23.7646;23.6198;22.2935;-256.285;-256.668;-256.888;-256.95;-255.98;0;None;1000;None;15:39:34.992
8767;23.7646;23.6198;22.2857;-256.285;-256.676;-256.88;-256.95;-255.98;0;None;1000;None;15:39:35.501
8768;23.7646;23.612;22.2935;-256.285;-256.676;-256.888;-256.942;-255.98;0;None;1000;None;15:39:36.000
8769;23.7724;23.6276;22.2935;-256.285;-256.676;-256.888;-256.95;-255.98;0;None;1000;None;15:39:36.495
8770;23.7646;23.612;22.2935;-256.285;-256.676;-256.888;-256.942;-255.98;0;None;1000;None;15:39:36.988
8771;23.7646;23.6198;22.3013;-256.285;-256.676;-256.88;-256.942;-255.98;0;None;1000;None;15:39:37.500
8772;23.7724;23.6198;22.3091;-256.285;-256.676;-256.888;-256.942;-255.988;0;None;1000;None;15:39:37.998
8773;23.7568;23.6276;22.3013;-256.293;-256.668;-256.888;-256.95;-255.972;0;None;1000;None;15:39:38.497
8774;23.7646;23.6198;22.3013;-256.285;-256.684;-256.888;-256.942;-255.988;0;None;1000;None;15:39:38.994
8775;23.7489;23.6198;22.3091;-256.293;-256.668;-256.888;-256.95;-255.98;0;None;1000;None;15:39:39.500
8776;23.7646;23.6198;22.3013;-256.285;-256.676;-256.888;-256.95;-255.98;0;None;1000;None;15:39:39.989
8777;23.7568;23.6198;22.3091;-256.285;-256.684;-256.888;-256.95;-255.98;0;None;1000;None;15:39:40.486
8778;23.7568;23.6276;22.3091;-256.285;-256.676;-256.888;-256.95;-255.98;0;None;1000;None;15:39:41.001
8779;23.7646;23.6198;22.3013;-256.285;-256.668;-256.888;-256.95;-255.972;0;None;1000;None;15:39:41.499
8780;23.7568;23.6276;22.3013;-256.277;-256.676;-256.888;-256.958;-255.98;0;None;1000;None;15:39:41.995
8781;23.7646;23.6198;22.3091;-256.285;-256.676;-256.888;-256.95;-255.98;0;None;1000;None;15:39:42.491
8782;23.7646;23.6276;22.3013;-256.285;-256.684;-256.888;-256.942;-255.98;0;None;1000;None;15:39:43.002
8783;23.7646;23.6276;22.317;-256.285;-256.676;-256.888;-256.942;-255.98;0;None;1000;None;15:39:43.499
8784;23.7646;23.6198;22.3091;-256.293;-256.668;-256.888;-256.95;-255.98;0;None;1000;None;15:39:43.996
8785;23.7724;23.6355;22.3091;-256.285;-256.676;-256.888;-256.942;-255.972;0;None;1000;None;15:39:44.500
8786;23.7646;23.6276;22.3091;-256.285;-256.676;-256.888;-256.958;-255.972;0;None;1000;None;15:39:44.990
8787;23.7724;23.6198;22.317;-256.285;-256.676;-256.888;-256.95;-255.972;0;None;1000;None;15:39:45.502
8788;23.7724;23.6276;22.3091;-256.285;-256.676;-256.888;-256.942;-255.972;0;None;1000;None;15:39:45.999
8789;23.7724;23.6198;22.3091;-256.277;-256.676;-256.888;-256.95;-255.98;0;None;1000;None;15:39:46.496
8790;23.7724;23.6276;22.317;-256.285;-256.676;-256.888;-256.95;-255.964;0;None;1000;None;15:39:46.996
8791;23.7646;23.6198;22.317;-256.277;-256.676;-256.888;-256.942;-255.98;0;None;1000;None;15:39:47.488
8792;23.7802;23.6355;22.317;-256.293;-256.668;-256.888;-256.95;-255.972;0;None;1000;None;15:39:48.001
8793;23.7724;23.6355;22.317;-256.285;-256.676;-256.888;-256.942;-255.972;0;None;1000;None;15:39:48.500
8794;23.7646;23.6276;22.317;-256.277;-256.676;-256.88;-256.95;-255.98;0;None;1000;None;15:39:48.993
8795;23.7724;23.6355;22.317;-256.285;-256.676;-256.88;-256.942;-255.972;0;None;1000;None;15:39:49.489
8796;23.7724;23.6355;22.3248;-256.285;-256.676;-256.888;-256.95;-255.98;0;None;1000;None;15:39:50.002
8797;23.7724;23.6355;22.3248;-256.285;-256.676;-256.888;-256.942;-255.972;0;None;1000;None;15:39:50.499
8798;23.7724;23.6355;22.317;-256.285;-256.676;-256.888;-256.95;-255.98;0;None;1000;None;15:39:50.996
8799;23.7724;23.6276;22.3248;-256.277;-256.676;-256.888;-256.942;-255.972;0;None;1000;None;15:39:51.500
8800;23.7724;23.6276;22.3326;-256.285;-256.676;-256.88;-256.95;-255.972;0;None;1000;None;15:39:51.987
8801;23.7646;23.6198;22.3248;-256.285;-256.676;-256.888;-256.95;-255.98;0;None;1000;None;15:39:52.499
8802;23.7724;23.6276;22.3326;-256.285;-256.676;-256.888;-256.942;-255.98;0;None;1000;None;15:39:52.996
8803;23.7724;23.6198;22.3326;-256.285;-256.684;-256.888;-256.95;-255.972;0;None;1000;None;15:39:53.497
8804;23.7646;23.6276;22.3326;-256.285;-256.676;-256.88;-256.95;-255.98;0;None;1000;None;15:39:53.989
8805;23.7646;23.6276;22.3248;-256.285;-256.684;-256.888;-256.95;-255.98;0;None;1000;None;15:39:54.486
8806;23.7724;23.6276;22.3248;-256.285;-256.676;-256.888;-256.95;-255.972;0;None;1000;None;15:39:55.000
8807;23.7724;23.6276;22.3326;-256.285;-256.684;-256.888;-256.942;-255.98;0;None;1000;None;15:39:55.497
8808;23.7724;23.6276;22.3248;-256.285;-256.684;-256.88;-256.942;-255.972;0;None;1000;None;15:39:55.999
8809;23.7724;23.6355;22.3248;-256.293;-256.684;-256.888;-256.942;-255.972;0;None;1000;None;15:39:56.504
8810;23.7724;23.6355;22.3248;-256.285;-256.676;-256.88;-256.942;-255.964;0;None;1000;None;15:39:57.001
8811;23.7724;23.6355;22.3326;-256.293;-256.684;-256.888;-256.942;-255.972;0;None;1000;None;15:39:57.500
8812;23.7724;23.6355;22.317;-256.293;-256.684;-256.888;-256.942;-255.972;0;None;1000;None;15:39:57.998
8813;23.7724;23.6355;22.317;-256.277;-256.684;-256.88;-256.95;-255.972;0;None;1000;None;15:39:58.499
8814;23.7724;23.6433;22.3091;-256.293;-256.684;-256.888;-256.942;-255.98;0;None;1000;None;15:39:58.991
8815;23.7724;23.6355;22.3091;-256.285;-256.684;-256.88;-256.942;-255.972;0;None;1000;None;15:39:59.488
8816;23.7724;23.6355;22.3013;-256.285;-256.684;-256.888;-256.95;-255.972;0;None;1000;None;15:40:00.000
8817;23.7646;23.6355;22.3091;-256.285;-256.692;-256.88;-256.95;-255.98;0;None;1000;None;15:40:00.496
8818;23.7646;23.6433;22.3091;-256.285;-256.684;-256.888;-256.942;-255.972;0;None;1000;None;15:40:00.997
8819;23.7724;23.6276;22.3091;-256.285;-256.684;-256.88;-256.95;-255.98;0;None;1000;None;15:40:01.487
8820;23.7646;23.6355;22.3091;-256.285;-256.684;-256.88;-256.942;-255.972;0;None;1000;None;15:40:02.000
8821;23.7724;23.6355;22.3091;-256.285;-256.684;-256.88;-256.95;-255.972;0;None;1000;None;15:40:02.497
8822;23.7724;23.6355;22.3013;-256.293;-256.684;-256.888;-256.95;-255.98;0;None;1000;None;15:40:02.992
8823;23.7724;23.6355;22.3013;-256.285;-256.684;-256.88;-256.942;-255.972;0;None;1000;None;15:40:03.488
8824;23.7724;23.6276;22.3091;-256.277;-256.684;-256.88;-256.935;-255.972;0;None;1000;None;15:40:04.000
8825;23.7724;23.6276;22.3091;-256.285;-256.684;-256.88;-256.942;-255.972;0;None;1000;None;15:40:04.496
8826;23.7646;23.6355;22.3091;-256.285;-256.676;-256.888;-256.942;-255.98;0;None;1000;None;15:40:04.991
8827;23.7724;23.6276;22.317;-256.285;-256.676;-256.88;-256.942;-255.972;0;None;1000;None;15:40:05.488
8828;23.7646;23.6355;22.3091;-256.285;-256.684;-256.88;-256.942;-255.972;0;None;1000;None;15:40:06.002
8829;23.7646;23.6355;22.3091;-256.285;-256.676;-256.888;-256.942;-255.972;0;None;1000;None;15:40:06.498
8830;23.7724;23.6276;22.3013;-256.285;-256.692;-256.88;-256.942;-255.98;0;None;1000;None;15:40:06.992
8831;23.7724;23.6355;22.3091;-256.293;-256.684;-256.888;-256.942;-255.98;0;None;1000;None;15:40:07.488
8832;23.7724;23.6276;22.3091;-256.285;-256.692;-256.888;-256.942;-255.98;0;None;1000;None;15:40:07.986
8833;23.7646;23.6355;22.3091;-256.293;-256.676;-256.88;-256.942;-255.98;0;None;1000;None;15:40:08.499
8834;23.7724;23.6355;22.3013;-256.277;-256.684;-256.888;-256.935;-255.972;0;None;1000;None;15:40:08.997
8835;23.7724;23.6355;22.3091;-256.293;-256.676;-256.888;-256.935;-255.98;0;None;1000;None;15:40:09.493
8836;23.7724;23.6355;22.3013;-256.285;-256.684;-256.88;-256.935;-255.972;0;None;1000;None;15:40:09.989
8837;23.7646;23.6276;22.3013;-256.285;-256.676;-256.888;-256.935;-255.972;0;None;1000;None;15:40:10.487
8838;23.7646;23.6276;22.3091;-256.285;-256.684;-256.888;-256.935;-255.98;0;None;1000;None;15:40:11.000
8839;23.7724;23.6276;22.3091;-256.285;-256.684;-256.88;-256.942;-255.972;0;None;1000;None;15:40:11.501
8840;23.7646;23.6355;22.3013;-256.277;-256.684;-256.88;-256.935;-255.972;0;None;1000;None;15:40:11.993
8841;23.7724;23.6276;22.3091;-256.285;-256.676;-256.88;-256.942;-255.972;0;None;1000;None;15:40:12.494
8842;23.7646;23.6276;22.3091;-256.277;-256.684;-256.88;-256.95;-255.972;0;None;1000;None;15:40:12.986
8843;23.7646;23.6198;22.3091;-256.277;-256.676;-256.88;-256.942;-255.98;0;None;1000;None;15:40:13.497
8844;23.7724;23.6276;22.3013;-256.285;-256.684;-256.888;-256.942;-255.972;0;None;1000;None;15:40:13.997
8845;23.7646;23.6276;22.3091;-256.277;-256.684;-256.88;-256.942;-255.98;0;None;1000;None;15:40:14.491
8846;23.7568;23.6276;22.3013;-256.277;-256.684;-256.88;-256.942;-255.972;0;None;1000;None;15:40:14.989
8847;23.7646;23.6276;22.3013;-256.277;-256.684;-256.88;-256.942;-255.98;0;None;1000;None;15:40:15.501
8848;23.7646;23.6276;22.2935;-256.285;-256.684;-256.88;-256.942;-255.964;0;None;1000;None;15:40:15.999
8849;23.7646;23.6276;22.3013;-256.277;-256.684;-256.888;-256.942;-255.972;0;None;1000;None;15:40:16.499
8850;23.7646;23.6276;22.3013;-256.285;-256.684;-256.88;-256.935;-255.972;0;None;1000;None;15:40:16.991
8851;23.7646;23.6355;22.2935;-256.277;-256.684;-256.88;-256.942;-255.98;0;None;1000;None;15:40:17.489
8852;23.7568;23.6276;22.3013;-256.277;-256.684;-256.88;-256.935;-255.98;0;None;1000;None;15:40:17.987
8853;23.7646;23.6276;22.3013;-256.277;-256.684;-256.88;-256.942;-255.972;0;None;1000;None;15:40:18.499
8854;23.7646;23.6355;22.2935;-256.277;-256.684;-256.88;-256.942;-255.972;0;None;1000;None;15:40:18.999
8855;23.7646;23.6276;22.3013;-256.285;-256.684;-256.888;-256.942;-255.972;0;None;1000;None;15:40:19.493
8856;23.7646;23.6276;22.3013;-256.277;-256.684;-256.88;-256.942;-255.98;0;None;1000;None;15:40:19.989
8857;23.7568;23.6355;22.2935;-256.277;-256.684;-256.888;-256.942;-255.972;0;None;1000;None;15:40:20.486
8858;23.7568;23.6355;22.3013;-256.285;-256.692;-256.888;-256.942;-255.972;0;None;1000;None;15:40:20.999
8859;23.7646;23.6276;22.2935;-256.277;-256.684;-256.888;-256.935;-255.98;0;None;1000;None;15:40:21.496
8860;23.7646;23.6355;22.3013;-256.285;-256.676;-256.88;-256.942;-255.98;0;None;1000;None;15:40:21.993
8861;23.7568;23.6276;22.3013;-256.277;-256.684;-256.88;-256.942;-255.972;0;None;1000;None;15:40:22.489
8862;23.7646;23.6355;22.3013;-256.277;-256.684;-256.88;-256.935;-255.972;0;None;1000;None;15:40:22.986
8863;23.7646;23.6276;22.3013;-256.277;-256.676;-256.88;-256.935;-255.972;0;None;1000;None;15:40:23.498
8864;23.7646;23.6433;22.3091;-256.285;-256.684;-256.88;-256.942;-255.972;0;None;1000;None;15:40:23.995
8865;23.7568;23.6276;22.3091;-256.277;-256.684;-256.88;-256.935;-255.972;0;None;1000;None;15:40:24.492
8866;23.7568;23.6276;22.3091;-256.277;-256.684;-256.88;-256.935;-255.98;0;None;1000;None;15:40:24.989
8867;23.7489;23.6355;22.3013;-256.277;-256.684;-256.888;-256.942;-255.972;0;None;1000;None;15:40:25.485
8868;23.7568;23.6355;22.3013;-256.285;-256.684;-256.88;-256.942;-255.98;0;None;1000;None;15:40:25.998
8869;23.7568;23.6355;22.3013;-256.277;-256.692;-256.88;-256.942;-255.972;0;None;1000;None;15:40:26.496
8870;23.7489;23.6355;22.3091;-256.277;-256.684;-256.88;-256.95;-255.98;0;None;1000;None;15:40:26.993
8871;23.7568;23.6355;22.3013;-256.277;-256.684;-256.888;-256.942;-255.972;0;None;1000;None;15:40:27.490
8872;23.7646;23.6355;22.3091;-256.277;-256.684;-256.88;-256.942;-255.98;0;None;1000;None;15:40:27.988
8873;23.7568;23.6433;22.3013;-256.269;-256.684;-256.88;-256.942;-255.98;0;None;1000;None;15:40:28.499
8874;23.7646;23.6276;22.2935;-256.277;-256.684;-256.888;-256.935;-255.972;0;None;1000;None;15:40:28.996
8875;23.7646;23.6433;22.2935;-256.285;-256.684;-256.88;-256.942;-255.98;0;None;1000;None;15:40:29.494
8876;23.7646;23.6355;22.3013;-256.277;-256.684;-256.88;-256.942;-255.972;0;None;1000;None;15:40:29.990
8877;23.7568;23.6355;22.3013;-256.285;-256.692;-256.88;-256.935;-255.972;0;None;1000;None;15:40:30.501
8878;23.7724;23.6433;22.3091;-256.277;-256.684;-256.88;-256.942;-255.98;0;None;1000;None;15:40:31.000
8879;23.7568;23.6433;22.3013;-256.277;-256.684;-256.88;-256.942;-255.972;0;None;1000;None;15:40:31.498
8880;23.7568;23.6355;22.3013;-256.277;-256.692;-256.888;-256.95;-255.972;0;None;1000;None;15:40:31.995
8881;23.7568;23.6355;22.3091;-256.285;-256.684;-256.88;-256.95;-255.98;0;None;1000;None;15:40:32.492
8882;23.7489;23.6355;22.3013;-256.277;-256.684;-256.888;-256.942;-255.98;0;None;1000;None;15:40:32.989
8883;23.7568;23.6276;22.3091;-256.285;-256.692;-256.88;-256.942;-255.972;0;None;1000;None;15:40:33.491
8884;23.7568;23.6276;22.3091;-256.285;-256.684;-256.888;-256.95;-255.98;0;None;1000;None;15:40:33.997
8885;23.7489;23.6198;22.317;-256.277;-256.684;-256.88;-256.942;-255.972;0;None;1000;None;15:40:34.493
8886;23.7646;23.6276;22.3091;-256.277;-256.684;-256.88;-256.942;-255.98;0;None;1000;None;15:40:34.989
8887;23.7568;23.6276;22.317;-256.285;-256.684;-256.888;-256.95;-255.972;0;None;1000;None;15:40:35.499
8888;23.7646;23.6198;22.317;-256.285;-256.676;-256.88;-256.942;-255.972;0;None;1000;None;15:40:35.995
8889;23.7646;23.6355;22.3091;-256.285;-256.676;-256.88;-256.935;-255.972;0;None;1000;None;15:40:36.492
8890;23.7646;23.6276;22.3091;-256.285;-256.684;-256.888;-256.942;-255.972;0;None;1000;None;15:40:36.988
8891;23.7568;23.6276;22.3091;-256.285;-256.684;-256.88;-256.942;-255.972;0;None;1000;None;15:40:37.499
8892;23.7568;23.6276;22.3091;-256.285;-256.676;-256.888;-256.935;-255.98;0;None;1000;None;15:40:37.999
8893;23.7646;23.6276;22.317;-256.277;-256.676;-256.88;-256.942;-255.972;0;None;1000;None;15:40:38.492
8894;23.7646;23.6276;22.3091;-256.285;-256.684;-256.888;-256.935;-255.972;0;None;1000;None;15:40:38.999
8895;23.7568;23.6276;22.317;-256.285;-256.684;-256.88;-256.935;-255.972;0;None;1000;None;15:40:39.497
8896;23.7568;23.6198;22.3091;-256.285;-256.676;-256.88;-256.942;-255.972;0;None;1000;None;15:40:39.990
8897;23.7568;23.6198;22.317;-256.285;-256.684;-256.888;-256.935;-255.972;0;None;1000;None;15:40:40.500
8898;23.7646;23.6276;22.317;-256.285;-256.684;-256.88;-256.942;-255.972;0;None;1000;None;15:40:40.998
8899;23.7646;23.6198;22.3091;-256.285;-256.684;-256.888;-256.95;-255.972;0;None;1000;None;15:40:41.496
8900;23.7568;23.6198;22.2935;-256.285;-256.684;-256.88;-256.942;-255.972;0;None;1000;None;15:40:41.999
8901;23.7568;23.6276;22.3013;-256.285;-256.676;-256.888;-256.95;-255.98;0;None;1000;None;15:40:42.489
8902;23.7646;23.6198;22.3013;-256.277;-256.684;-256.888;-256.942;-255.972;0;None;1000;None;15:40:43.001
8903;23.7568;23.6198;22.3091;-256.285;-256.684;-256.88;-256.942;-255.98;0;None;1000;None;15:40:43.493
8904;23.7568;23.6198;22.3013;-256.277;-256.684;-256.895;-256.942;-255.98;0;None;1000;None;15:40:43.992
8905;23.7646;23.6276;22.3013;-256.277;-256.676;-256.88;-256.942;-255.972;0;None;1000;None;15:40:44.488
8906;23.7568;23.6198;22.3091;-256.269;-256.684;-256.88;-256.942;-255.98;0;None;1000;None;15:40:44.986
8907;23.7568;23.6198;22.3091;-256.277;-256.684;-256.88;-256.942;-255.98;0;None;1000;None;15:40:45.498
8908;23.7568;23.6276;22.3013;-256.277;-256.684;-256.88;-256.935;-255.98;0;None;1000;None;15:40:45.996
8909;23.7568;23.612;22.3091;-256.285;-256.676;-256.88;-256.942;-255.972;0;None;1000;None;15:40:46.492
8910;23.7646;23.6198;22.3091;-256.277;-256.684;-256.88;-256.942;-255.98;0;None;1000;None;15:40:46.988
8911;23.7568;23.6198;22.3013;-256.285;-256.684;-256.88;-256.942;-255.98;0;None;1000;None;15:40:47.501
8912;23.7489;23.6198;22.3013;-256.277;-256.684;-256.872;-256.942;-255.972;0;None;1000;None;15:40:47.999
8913;23.7568;23.6276;22.3091;-256.277;-256.676;-256.88;-256.942;-255.98;0;None;1000;None;15:40:48.497
8914;23.7568;23.6276;22.3091;-256.277;-256.684;-256.88;-256.942;-255.98;0;None;1000;None;15:40:48.994
8915;23.7568;23.6198;22.3091;-256.269;-256.684;-256.88;-256.942;-255.972;0;None;1000;None;15:40:49.491
8916;23.7568;23.6276;22.3013;-256.277;-256.684;-256.872;-256.935;-255.98;0;None;1000;None;15:40:49.988
8917;23.7568;23.6276;22.2935;-256.269;-256.676;-256.88;-256.942;-255.98;0;None;1000;None;15:40:50.500
8918;23.7568;23.6198;22.2935;-256.269;-256.676;-256.88;-256.935;-255.98;0;None;1000;None;15:40:51.000
8919;23.7568;23.6276;22.3013;-256.269;-256.684;-256.88;-256.942;-255.98;0;None;1000;None;15:40:51.492
8920;23.7568;23.6276;22.3013;-256.269;-256.684;-256.88;-256.942;-255.98;0;None;1000;None;15:40:51.988
8921;23.7568;23.6198;22.2935;-256.269;-256.684;-256.88;-256.95;-255.972;0;None;1000;None;15:40:52.500
8922;23.7568;23.6198;22.2935;-256.269;-256.684;-256.88;-256.942;-255.98;0;None;1000;None;15:40:52.997
8923;23.7568;23.6198;22.2935;-256.269;-256.684;-256.872;-256.942;-255.98;0;None;1000;None;15:40:53.494
8924;23.7489;23.6198;22.2935;-256.269;-256.684;-256.88;-256.942;-255.98;0;None;1000;None;15:40:53.991
8925;23.7568;23.6198;22.2935;-256.269;-256.692;-256.88;-256.942;-255.98;0;None;1000;None;15:40:54.487
8926;23.7568;23.6276;22.2935;-256.269;-256.684;-256.88;-256.935;-255.98;0;None;1000;None;15:40:54.986
8927;23.7568;23.6198;22.2935;-256.277;-256.684;-256.872;-256.942;-255.98;0;None;1000;None;15:40:55.500
8928;23.7646;23.6198;22.2935;-256.277;-256.692;-256.88;-256.935;-255.988;0;None;1000;None;15:40:55.997
8929;23.7568;23.6198;22.3013;-256.277;-256.684;-256.88;-256.942;-255.972;0;None;1000;None;15:40:56.493
8930;23.7568;23.6198;22.3013;-256.277;-256.692;-256.88;-256.942;-255.988;0;None;1000;None;15:40:56.991
8931;23.7646;23.6198;22.3013;-256.269;-256.692;-256.88;-256.942;-255.98;0;None;1000;None;15:40:57.487
8932;23.7568;23.6276;22.2935;-256.277;-256.684;-256.88;-256.95;-255.98;0;None;1000;None;15:40:57.999
8933;23.7646;23.6276;22.3091;-256.277;-256.684;-256.88;-256.95;-255.98;0;None;1000;None;15:40:58.498
8934;23.7568;23.6276;22.2935;-256.269;-256.692;-256.888;-256.958;-255.98;0;None;1000;None;15:40:58.998
8935;23.7568;23.6198;22.3013;-256.277;-256.684;-256.888;-256.95;-255.98;0;None;1000;None;15:40:59.487
8936;23.7568;23.6198;22.3013;-256.285;-256.684;-256.888;-256.942;-255.98;0;None;1000;None;15:41:00.000
8937;23.7568;23.6198;22.2935;-256.269;-256.684;-256.888;-256.942;-255.972;0;None;1000;None;15:41:00.494
8938;23.7568;23.6198;22.3013;-256.277;-256.684;-256.888;-256.95;-255.98;0;None;1000;None;15:41:00.992
8939;23.7568;23.6276;22.3013;-256.277;-256.684;-256.88;-256.95;-255.98;0;None;1000;None;15:41:01.488
8940;23.7568;23.6276;22.2935;-256.269;-256.676;-256.895;-256.95;-255.972;0;None;1000;None;15:41:02.001
8941;23.7646;23.6276;22.2935;-256.269;-256.684;-256.88;-256.942;-255.98;0;None;1000;None;15:41:02.498
8942;23.7646;23.6276;22.2935;-256.269;-256.684;-256.888;-256.95;-255.98;0;None;1000;None;15:41:02.995
8943;23.7568;23.6276;22.2857;-256.277;-256.684;-256.888;-256.942;-255.98;0;None;1000;None;15:41:03.491
8944;23.7646;23.6276;22.2857;-256.269;-256.684;-256.88;-256.935;-255.972;0;None;1000;None;15:41:03.989
8945;23.7568;23.6355;22.2857;-256.269;-256.684;-256.88;-256.942;-255.972;0;None;1000;None;15:41:04.487
8946;23.7646;23.6276;22.2778;-256.277;-256.676;-256.888;-256.935;-255.972;0;None;1000;None;15:41:05.000
8947;23.7724;23.6276;22.2857;-256.269;-256.684;-256.88;-256.95;-255.98;0;None;1000;None;15:41:05.496
8948;23.7646;23.6198;22.2778;-256.277;-256.684;-256.888;-256.942;-255.98;0;None;1000;None;15:41:05.998
8949;23.7724;23.6276;22.2857;-256.277;-256.692;-256.888;-256.95;-255.98;0;None;1000;None;15:41:06.490
8950;23.7724;23.6276;22.2857;-256.269;-256.684;-256.88;-256.935;-255.98;0;None;1000;None;15:41:06.986
8951;23.7724;23.6355;22.2778;-256.277;-256.684;-256.872;-256.942;-255.972;0;None;1000;None;15:41:07.501
8952;23.7724;23.6276;22.2857;-256.269;-256.684;-256.88;-256.942;-255.98;0;None;1000;None;15:41:07.997
8953;23.7724;23.6276;22.2778;-256.269;-256.684;-256.88;-256.942;-255.988;0;None;1000;None;15:41:08.498
8954;23.7646;23.6276;22.2857;-256.277;-256.692;-256.88;-256.95;-255.98;0;None;1000;None;15:41:08.998
8955;23.7724;23.6355;22.2778;-256.269;-256.676;-256.888;-256.95;-255.98;0;None;1000;None;15:41:09.490
8956;23.7724;23.6276;22.2778;-256.269;-256.684;-256.88;-256.942;-255.988;0;None;1000;None;15:41:09.986
8957;23.7646;23.6276;22.2857;-256.277;-256.684;-256.888;-256.942;-255.988;0;None;1000;None;15:41:10.497
8958;23.7568;23.6276;22.2857;-256.277;-256.684;-256.88;-256.942;-255.98;0;None;1000;None;15:41:10.998
8959;23.7646;23.6276;22.2778;-256.277;-256.676;-256.888;-256.942;-255.988;0;None;1000;None;15:41:11.489
8960;23.7646;23.6355;22.2857;-256.277;-256.684;-256.888;-256.95;-255.98;0;None;1000;None;15:41:11.999
8961;23.7646;23.6276;22.2778;-256.285;-256.676;-256.88;-256.942;-255.98;0;None;1000;None;15:41:12.495
8962;23.7646;23.6276;22.2857;-256.277;-256.684;-256.888;-256.935;-255.988;0;None;1000;None;15:41:12.992
8963;23.7568;23.6276;22.2857;-256.285;-256.676;-256.888;-256.95;-255.988;0;None;1000;None;15:41:13.488
8964;23.7646;23.6276;22.2935;-256.277;-256.676;-256.88;-256.95;-255.98;0;None;1000;None;15:41:13.999
8965;23.7568;23.6276;22.2935;-256.277;-256.684;-256.888;-256.95;-255.988;0;None;1000;None;15:41:14.498
8966;23.7646;23.6276;22.2935;-256.285;-256.676;-256.888;-256.95;-255.98;0;None;1000;None;15:41:14.991
8967;23.7646;23.6276;22.2935;-256.277;-256.676;-256.888;-256.95;-255.98;0;None;1000;None;15:41:15.487
8968;23.7646;23.6355;22.2857;-256.277;-256.676;-256.88;-256.935;-255.98;0;None;1000;None;15:41:15.999
8969;23.7724;23.6355;22.2935;-256.277;-256.684;-256.888;-256.95;-255.988;0;None;1000;None;15:41:16.498
8970;23.7646;23.6355;22.2935;-256.277;-256.676;-256.88;-256.942;-255.98;0;None;1000;None;15:41:16.998
8971;23.7802;23.6355;22.2935;-256.277;-256.684;-256.88;-256.942;-255.988;0;None;1000;None;15:41:17.490
8972;23.7724;23.6355;22.2935;-256.269;-256.684;-256.888;-256.942;-255.988;0;None;1000;None;15:41:17.988
8973;23.7724;23.6276;22.3013;-256.277;-256.692;-256.88;-256.942;-255.98;0;None;1000;None;15:41:18.484
8974;23.7724;23.6276;22.3013;-256.277;-256.676;-256.88;-256.95;-255.988;0;None;1000;None;15:41:18.998
8975;23.7724;23.6276;22.3013;-256.269;-256.684;-256.888;-256.942;-255.98;0;None;1000;None;15:41:19.493
8976;23.7724;23.6198;22.3091;-256.277;-256.684;-256.88;-256.942;-255.98;0;None;1000;None;15:41:20.000
8977;23.7724;23.6198;22.3091;-256.277;-256.684;-256.888;-256.95;-255.988;0;None;1000;None;15:41:20.486
8978;23.7724;23.612;22.3013;-256.269;-256.684;-256.88;-256.942;-255.98;0;None;1000;None;15:41:20.999
8979;23.7724;23.6198;22.2935;-256.269;-256.684;-256.888;-256.942;-255.988;0;None;1000;None;15:41:21.496
8980;23.7724;23.6276;22.3013;-256.277;-256.684;-256.88;-256.942;-255.98;0;None;1000;None;15:41:21.998
8981;23.7646;23.6198;22.2935;-256.277;-256.684;-256.888;-256.935;-255.988;0;None;1000;None;15:41:22.488
8982;23.7646;23.6198;22.2935;-256.277;-256.684;-256.88;-256.935;-255.98;0;None;1000;None;15:41:22.999
8983;23.7646;23.612;22.2935;-256.277;-256.676;-256.88;-256.942;-255.988;0;None;1000;None;15:41:23.497
8984;23.7568;23.612;22.2857;-256.277;-256.684;-256.88;-256.935;-255.98;0;None;1000;None;15:41:23.998
8985;23.7646;23.612;22.2935;-256.269;-256.676;-256.888;-256.942;-255.972;0;None;1000;None;15:41:24.490
8986;23.7646;23.612;22.2857;-256.277;-256.684;-256.88;-256.942;-255.98;0;None;1000;None;15:41:24.986
8987;23.7646;23.6198;22.2857;-256.269;-256.676;-256.88;-256.935;-255.98;0;None;1000;None;15:41:25.498
8988;23.7646;23.6198;22.2935;-256.277;-256.676;-256.88;-256.942;-255.972;0;None;1000;None;15:41:25.994
8989;23.7724;23.612;22.2935;-256.277;-256.684;-256.888;-256.927;-255.98;0;None;1000;None;15:41:26.490
8990;23.7646;23.6198;22.2857;-256.269;-256.684;-256.88;-256.935;-255.98;0;None;1000;None;15:41:27.000
8991;23.7646;23.6276;22.2857;-256.277;-256.684;-256.888;-256.942;-255.988;0;None;1000;None;15:41:27.497
8992;23.7646;23.6198;22.2857;-256.269;-256.684;-256.888;-256.942;-255.98;0;None;1000;None;15:41:27.996
8993;23.7646;23.6198;22.2935;-256.277;-256.692;-256.888;-256.935;-255.972;0;None;1000;None;15:41:28.495
8994;23.7568;23.612;22.2857;-256.269;-256.684;-256.88;-256.935;-255.988;0;None;1000;None;15:41:28.988
8995;23.7568;23.6198;22.2857;-256.277;-256.684;-256.88;-256.942;-255.98;0;None;1000;None;15:41:29.491
8996;23.7568;23.612;22.2857;-256.269;-256.684;-256.88;-256.942;-255.98;0;None;1000;None;15:41:29.996
8997;23.7646;23.612;22.2935;-256.277;-256.692;-256.88;-256.942;-255.98;0;None;1000;None;15:41:30.492
8998;23.7568;23.6198;22.2935;-256.269;-256.676;-256.88;-256.935;-255.98;0;None;1000;None;15:41:30.991
8999;23.7568;23.612;22.2935;-256.269;-256.684;-256.888;-256.935;-255.98;0;None;1000;None;15:41:31.487
9000;23.7646;23.6198;22.3013;-256.269;-256.684;-256.88;-256.935;-255.988;0;None;1000;None;15:41:31.999
9001;23.7568;23.6198;22.2935;-256.277;-256.676;-256.88;-256.942;-255.98;0;None;1000;None;15:41:32.497
9002;23.7646;23.6198;22.2935;-256.262;-256.676;-256.888;-256.942;-255.98;0;None;1000;None;15:41:32.992
9003;23.7568;23.6198;22.2935;-256.277;-256.684;-256.88;-256.942;-255.98;0;None;1000;None;15:41:33.487
9004;23.7568;23.6198;22.2935;-256.269;-256.684;-256.888;-256.95;-255.98;0;None;1000;None;15:41:33.990
9005;23.7646;23.6198;22.3013;-256.277;-256.676;-256.888;-256.935;-255.98;0;None;1000;None;15:41:34.492
9006;23.7568;23.612;22.2857;-256.269;-256.676;-256.888;-256.942;-255.98;0;None;1000;None;15:41:34.984
9007;23.7568;23.6198;22.2857;-256.277;-256.676;-256.888;-256.935;-255.98;0;None;1000;None;15:41:35.492
9008;23.7646;23.612;22.2935;-256.269;-256.684;-256.888;-256.942;-255.98;0;None;1000;None;15:41:35.985
9009;23.7646;23.6198;22.2935;-256.277;-256.684;-256.888;-256.935;-255.972;0;None;1000;None;15:41:36.497
9010;23.7646;23.6276;22.2857;-256.277;-256.676;-256.88;-256.942;-255.972;0;None;1000;None;15:41:36.991
9011;23.7646;23.6276;22.2935;-256.277;-256.684;-256.88;-256.942;-255.98;0;None;1000;None;15:41:37.498
9012;23.7568;23.6198;22.2935;-256.269;-256.684;-256.88;-256.935;-255.972;0;None;1000;None;15:41:37.991
9013;23.7568;23.6276;22.2857;-256.277;-256.684;-256.872;-256.942;-255.98;0;None;1000;None;15:41:38.498
9014;23.7646;23.6198;22.2857;-256.277;-256.676;-256.88;-256.935;-255.98;0;None;1000;None;15:41:38.986
9015;23.7568;23.6198;22.2935;-256.277;-256.684;-256.88;-256.935;-255.972;0;None;1000;None;15:41:39.497
9016;23.7568;23.6198;22.2935;-256.269;-256.684;-256.88;-256.942;-255.98;0;None;1000;None;15:41:39.994
9017;23.7568;23.6198;22.2857;-256.285;-256.684;-256.872;-256.935;-255.972;0;None;1000;None;15:41:40.497
9018;23.7568;23.6198;22.3013;-256.269;-256.676;-256.872;-256.935;-255.972;0;None;1000;None;15:41:41.000
9019;23.7489;23.6198;22.2935;-256.277;-256.684;-256.88;-256.942;-255.98;0;None;1000;None;15:41:41.499
9020;23.7568;23.6276;22.2857;-256.277;-256.684;-256.872;-256.935;-255.98;0;None;1000;None;15:41:41.995
9021;23.7568;23.6276;22.2857;-256.277;-256.692;-256.872;-256.95;-255.98;0;None;1000;None;15:41:42.493
9022;23.7646;23.6198;22.2935;-256.277;-256.684;-256.888;-256.942;-255.98;0;None;1000;None;15:41:42.989
9023;23.7489;23.6276;22.2857;-256.269;-256.684;-256.88;-256.942;-255.98;0;None;1000;None;15:41:43.486
9024;23.7646;23.6198;22.2778;-256.269;-256.676;-256.888;-256.942;-255.98;0;None;1000;None;15:41:43.995
9025;23.7568;23.6198;22.2857;-256.277;-256.684;-256.888;-256.935;-255.98;0;None;1000;None;15:41:44.491
9026;23.7646;23.6198;22.2778;-256.277;-256.684;-256.895;-256.935;-255.98;0;None;1000;None;15:41:44.989
9027;23.7568;23.6198;22.2857;-256.277;-256.676;-256.888;-256.935;-255.98;0;None;1000;None;15:41:45.499
9028;23.7568;23.6198;22.2778;-256.277;-256.676;-256.888;-256.935;-255.98;0;None;1000;None;15:41:45.997
9029;23.7646;23.6276;22.2778;-256.269;-256.684;-256.88;-256.935;-255.98;0;None;1000;None;15:41:46.495
9030;23.7568;23.6276;22.2778;-256.269;-256.684;-256.88;-256.935;-255.98;0;None;1000;None;15:41:46.993
9031;23.7646;23.6198;22.2857;-256.277;-256.684;-256.88;-256.942;-255.98;0;None;1000;None;15:41:47.498
9032;23.7646;23.6198;22.2778;-256.269;-256.684;-256.88;-256.942;-255.98;0;None;1000;None;15:41:47.988
9033;23.7646;23.6198;22.3013;-256.277;-256.692;-256.88;-256.942;-255.98;0;None;1000;None;15:41:48.485
9034;23.7646;23.6276;22.2935;-256.277;-256.692;-256.88;-256.942;-255.98;0;None;1000;None;15:41:48.999
9035;23.7646;23.6198;22.2935;-256.269;-256.684;-256.88;-256.942;-255.98;0;None;1000;None;15:41:49.494
9036;23.7646;23.6198;22.2857;-256.269;-256.684;-256.888;-256.935;-255.98;0;None;1000;None;15:41:49.991
9037;23.7646;23.6198;22.2857;-256.269;-256.692;-256.88;-256.942;-255.98;0;None;1000;None;15:41:50.489
9038;23.7646;23.6198;22.2935;-256.277;-256.684;-256.88;-256.95;-255.98;0;None;1000;None;15:41:50.995
9039;23.7646;23.6198;22.2857;-256.269;-256.676;-256.888;-256.935;-255.98;0;None;1000;None;15:41:51.497
9040;23.7646;23.6198;22.2935;-256.277;-256.684;-256.88;-256.935;-255.98;0;None;1000;None;15:41:51.994
9041;23.7646;23.612;22.2935;-256.269;-256.676;-256.88;-256.935;-255.98;0;None;1000;None;15:41:52.491
9042;23.7568;23.6198;22.2857;-256.269;-256.684;-256.88;-256.942;-255.988;0;None;1000;None;15:41:52.987
9043;23.7646;23.612;22.2935;-256.269;-256.684;-256.888;-256.942;-255.972;0;None;1000;None;15:41:53.500
9044;23.7568;23.612;22.3013;-256.277;-256.684;-256.88;-256.927;-255.98;0;None;1000;None;15:41:53.999
9045;23.7646;23.612;22.2857;-256.269;-256.676;-256.88;-256.942;-255.988;0;None;1000;None;15:41:54.496
9046;23.7646;23.6198;22.2935;-256.269;-256.684;-256.872;-256.927;-255.98;0;None;1000;None;15:41:54.993
9047;23.7568;23.612;22.2935;-256.277;-256.684;-256.88;-256.942;-255.98;0;None;1000;None;15:41:55.489
9048;23.7646;23.612;22.3013;-256.269;-256.684;-256.88;-256.935;-255.98;0;None;1000;None;15:41:55.995
9049;23.7568;23.612;22.2935;-256.277;-256.692;-256.88;-256.942;-255.98;0;None;1000;None;15:41:56.499
9050;23.7646;23.6198;22.2935;-256.269;-256.684;-256.88;-256.942;-255.98;0;None;1000;None;15:41:56.998
9051;23.7646;23.612;22.3013;-256.269;-256.692;-256.88;-256.942;-255.98;0;None;1000;None;15:41:57.494
9052;23.7724;23.6198;22.3013;-256.277;-256.684;-256.88;-256.942;-255.972;0;None;1000;None;15:41:57.991
9053;23.7646;23.612;22.2935;-256.269;-256.684;-256.888;-256.942;-255.98;0;None;1000;None;15:41:58.489
9054;23.7724;23.612;22.3091;-256.277;-256.684;-256.88;-256.942;-255.98;0;None;1000;None;15:41:58.985
9055;23.7646;23.612;22.3013;-256.269;-256.692;-256.88;-256.942;-255.98;0;None;1000;None;15:41:59.496
9056;23.7724;23.6198;22.3013;-256.277;-256.684;-256.888;-256.942;-255.972;0;None;1000;None;15:41:59.993
9057;23.7646;23.6198;22.3091;-256.269;-256.684;-256.88;-256.942;-255.98;0;None;1000;None;15:42:00.490
9058;23.7646;23.6198;22.3013;-256.277;-256.684;-256.88;-256.942;-255.972;0;None;1000;None;15:42:00.987
9059;23.7646;23.612;22.2935;-256.269;-256.684;-256.888;-256.935;-255.972;0;None;1000;None;15:42:01.499
9060;23.7646;23.6042;22.3013;-256.277;-256.684;-256.88;-256.942;-255.98;0;None;1000;None;15:42:01.997
9061;23.7646;23.6198;22.3013;-256.277;-256.684;-256.888;-256.935;-255.98;0;None;1000;None;15:42:02.494
9062;23.7568;23.612;22.2935;-256.277;-256.684;-256.88;-256.942;-255.98;0;None;1000;None;15:42:02.992
9063;23.7724;23.612;22.2935;-256.269;-256.684;-256.88;-256.942;-255.972;0;None;1000;None;15:42:03.487
9064;23.7646;23.612;22.2935;-256.277;-256.684;-256.888;-256.958;-255.98;0;None;1000;None;15:42:03.998
9065;23.7646;23.612;22.2935;-256.269;-256.684;-256.88;-256.935;-255.98;0;None;1000;None;15:42:04.496
9066;23.7724;23.6042;22.3013;-256.277;-256.676;-256.88;-256.942;-255.98;0;None;1000;None;15:42:04.993
9067;23.7646;23.612;22.3013;-256.277;-256.684;-256.872;-256.942;-255.98;0;None;1000;None;15:42:05.489
9068;23.7724;23.612;22.3013;-256.269;-256.692;-256.888;-256.942;-255.98;0;None;1000;None;15:42:05.986
9069;23.7724;23.6198;22.3013;-256.269;-256.692;-256.88;-256.942;-255.98;0;None;1000;None;15:42:06.499
9070;23.7646;23.612;22.2935;-256.277;-256.684;-256.872;-256.942;-255.98;0;None;1000;None;15:42:06.997
9071;23.7724;23.612;22.3013;-256.277;-256.684;-256.888;-256.942;-255.98;0;None;1000;None;15:42:07.496
9072;23.7802;23.612;22.2935;-256.269;-256.692;-256.88;-256.95;-255.972;0;None;1000;None;15:42:07.999
9073;23.7724;23.612;22.2857;-256.277;-256.684;-256.88;-256.942;-255.98;0;None;1000;None;15:42:08.489
9074;23.7646;23.6042;22.2857;-256.277;-256.692;-256.88;-256.95;-255.98;0;None;1000;None;15:42:08.987
9075;23.7724;23.612;22.2935;-256.269;-256.684;-256.88;-256.942;-255.972;0;None;1000;None;15:42:09.499
9076;23.7646;23.612;22.2857;-256.277;-256.684;-256.88;-256.942;-255.972;0;None;1000;None;15:42:10.000
9077;23.7646;23.6042;22.2857;-256.277;-256.684;-256.88;-256.942;-255.98;0;None;1000;None;15:42:10.496
9078;23.7646;23.612;22.2857;-256.277;-256.692;-256.888;-256.935;-255.972;0;None;1000;None;15:42:10.989
9079;23.7646;23.612;22.2778;-256.277;-256.684;-256.88;-256.942;-255.972;0;None;1000;None;15:42:11.488
9080;23.7646;23.6042;22.2857;-256.277;-256.692;-256.88;-256.935;-255.972;0;None;1000;None;15:42:11.999
9081;23.7646;23.612;22.2857;-256.277;-256.692;-256.888;-256.942;-255.972;0;None;1000;None;15:42:12.500
9082;23.7724;23.6042;22.2778;-256.277;-256.692;-256.88;-256.942;-255.972;0;None;1000;None;15:42:12.999
9083;23.7646;23.612;22.2778;-256.285;-256.684;-256.888;-256.942;-255.972;0;None;1000;None;15:42:13.487
9084;23.7646;23.612;22.2778;-256.277;-256.684;-256.88;-256.942;-255.972;0;None;1000;None;15:42:14.000
9085;23.7568;23.6042;22.2778;-256.277;-256.692;-256.872;-256.942;-255.972;0;None;1000;None;15:42:14.492
9086;23.7646;23.612;22.2778;-256.269;-256.684;-256.88;-256.935;-255.972;0;None;1000;None;15:42:14.988
9087;23.7568;23.6042;22.2857;-256.285;-256.684;-256.88;-256.942;-255.972;0;None;1000;None;15:42:15.497
9088;23.7646;23.6042;22.2778;-256.277;-256.692;-256.88;-256.935;-255.98;0;None;1000;None;15:42:16.000
9089;23.7646;23.6042;22.2857;-256.277;-256.692;-256.88;-256.935;-255.972;0;None;1000;None;15:42:16.500
9090;23.7646;23.612;22.2778;-256.277;-256.684;-256.888;-256.942;-255.964;0;None;1000;None;15:42:16.991
9091;23.7646;23.612;22.2778;-256.277;-256.684;-256.88;-256.935;-255.972;0;None;1000;None;15:42:17.488
9092;23.7646;23.612;22.2778;-256.277;-256.684;-256.888;-256.942;-255.972;0;None;1000;None;15:42:18.001
9093;23.7646;23.612;22.2778;-256.277;-256.684;-256.88;-256.935;-255.98;0;None;1000;None;15:42:18.502
9094;23.7646;23.6042;22.2778;-256.277;-256.692;-256.88;-256.95;-255.972;0;None;1000;None;15:42:18.997
9095;23.7646;23.6042;22.2778;-256.277;-256.684;-256.888;-256.95;-255.972;0;None;1000;None;15:42:19.493
9096;23.7568;23.612;22.2778;-256.277;-256.676;-256.88;-256.942;-255.98;0;None;1000;None;15:42:19.991
9097;23.7646;23.6042;22.2739;-256.285;-256.692;-256.888;-256.942;-255.972;0;None;1000;None;15:42:20.493
9098;23.7568;23.612;22.2857;-256.277;-256.692;-256.888;-256.95;-255.98;0;None;1000;None;15:42:21.000
9099;23.7646;23.6042;22.2778;-256.277;-256.684;-256.895;-256.95;-255.972;0;None;1000;None;15:42:21.500
9100;23.7568;23.6042;22.2778;-256.277;-256.684;-256.88;-256.942;-255.98;0;None;1000;None;15:42:21.995
9101;23.7568;23.612;22.2778;-256.277;-256.684;-256.888;-256.95;-255.972;0;None;1000;None;15:42:22.493
9102;23.7568;23.612;22.2778;-256.277;-256.692;-256.888;-256.958;-255.972;0;None;1000;None;15:42:22.993
9103;23.7568;23.6042;22.2778;-256.277;-256.684;-256.888;-256.95;-255.972;0;None;1000;None;15:42:23.501
9104;23.7568;23.612;22.2778;-256.277;-256.692;-256.888;-256.95;-255.972;0;None;1000;None;15:42:24.001
9105;23.7568;23.612;22.2778;-256.285;-256.684;-256.888;-256.95;-255.98;0;None;1000;None;15:42:24.503
9106;23.7568;23.6042;22.2778;-256.277;-256.676;-256.888;-256.942;-255.972;0;None;1000;None;15:42:24.993
9107;23.7568;23.6042;22.2778;-256.277;-256.684;-256.888;-256.942;-255.98;0;None;1000;None;15:42:25.490
9108;23.7646;23.6042;22.2857;-256.277;-256.684;-256.88;-256.942;-255.98;0;None;1000;None;15:42:25.987
9109;23.7646;23.612;22.2778;-256.277;-256.684;-256.888;-256.95;-255.98;0;None;1000;None;15:42:26.500
9110;23.7568;23.612;22.2778;-256.277;-256.684;-256.88;-256.942;-255.972;0;None;1000;None;15:42:26.996
9111;23.7646;23.6042;22.2778;-256.277;-256.692;-256.88;-256.95;-255.988;0;None;1000;None;15:42:27.491
9112;23.7724;23.612;22.2778;-256.277;-256.684;-256.88;-256.942;-255.972;0;None;1000;None;15:42:27.988
9113;23.7646;23.612;22.2778;-256.269;-256.692;-256.88;-256.942;-255.972;0;None;1000;None;15:42:28.502
9114;23.7724;23.612;22.2857;-256.277;-256.684;-256.88;-256.95;-255.98;0;None;1000;None;15:42:28.998
9115;23.7724;23.612;22.2778;-256.277;-256.684;-256.88;-256.942;-255.964;0;None;1000;None;15:42:29.494
9116;23.7724;23.612;22.2857;-256.269;-256.692;-256.88;-256.942;-255.98;0;None;1000;None;15:42:30.002
9117;23.7724;23.612;22.2857;-256.269;-256.684;-256.88;-256.942;-255.98;0;None;1000;None;15:42:30.494
9118;23.7646;23.6198;22.2857;-256.269;-256.684;-256.88;-256.942;-255.98;0;None;1000;None;15:42:31.002
9119;23.7724;23.6198;22.2935;-256.269;-256.692;-256.88;-256.95;-255.98;0;None;1000;None;15:42:31.500
9120;23.7646;23.612;22.2935;-256.269;-256.684;-256.88;-256.942;-255.98;0;None;1000;None;15:42:31.997
9121;23.7724;23.612;22.2935;-256.269;-256.684;-256.88;-256.95;-255.98;0;None;1000;None;15:42:32.495
9122;23.7724;23.612;22.2935;-256.269;-256.692;-256.872;-256.942;-255.98;0;None;1000;None;15:42:32.992
9123;23.7646;23.6198;22.2935;-256.269;-256.692;-256.872;-256.95;-255.988;0;None;1000;None;15:42:33.503
9124;23.7646;23.612;22.2935;-256.269;-256.692;-256.872;-256.942;-255.98;0;None;1000;None;15:42:34.001
9125;23.7646;23.6198;22.3013;-256.277;-256.684;-256.88;-256.95;-255.98;0;None;1000;None;15:42:34.492
9126;23.7646;23.612;22.3091;-256.262;-256.684;-256.88;-256.935;-255.98;0;None;1000;None;15:42:35.001
9127;23.7568;23.6198;22.3013;-256.277;-256.692;-256.88;-256.942;-255.98;0;None;1000;None;15:42:35.494
9128;23.7568;23.6198;22.3013;-256.269;-256.692;-256.88;-256.95;-255.98;0;None;1000;None;15:42:36.002
9129;23.7568;23.6198;22.3091;-256.269;-256.692;-256.88;-256.95;-255.988;0;None;1000;None;15:42:36.496
9130;23.7568;23.6198;22.3091;-256.269;-256.684;-256.88;-256.95;-255.98;0;None;1000;None;15:42:36.994
9131;23.7568;23.6198;22.317;-256.269;-256.692;-256.88;-256.942;-255.98;0;None;1000;None;15:42:37.501
9132;23.7568;23.6198;22.3013;-256.269;-256.692;-256.88;-256.942;-255.972;0;None;1000;None;15:42:37.994
9133;23.7646;23.6198;22.3013;-256.269;-256.692;-256.88;-256.942;-255.98;0;None;1000;None;15:42:38.490
9134;23.7568;23.6276;22.3013;-256.269;-256.692;-256.872;-256.942;-255.972;0;None;1000;None;15:42:39.002
9135;23.7568;23.6198;22.3091;-256.269;-256.692;-256.88;-256.942;-255.98;0;None;1000;None;15:42:39.498
9136;23.7646;23.612;22.3013;-256.269;-256.692;-256.88;-256.95;-255.972;0;None;1000;None;15:42:39.996
9137;23.7568;23.6198;22.3091;-256.269;-256.692;-256.88;-256.942;-255.98;0;None;1000;None;15:42:40.494
9138;23.7646;23.6276;22.3013;-256.269;-256.684;-256.88;-256.942;-255.988;0;None;1000;None;15:42:41.005
9139;23.7646;23.6198;22.3091;-256.269;-256.684;-256.872;-256.942;-255.98;0;None;1000;None;15:42:41.504
9140;23.7724;23.6276;22.3013;-256.269;-256.692;-256.88;-256.95;-255.98;0;None;1000;None;15:42:42.003
9141;23.7646;23.6198;22.3013;-256.285;-256.684;-256.88;-256.942;-255.98;0;None;1000;None;15:42:42.505
9142;23.7646;23.6198;22.3091;-256.277;-256.684;-256.88;-256.942;-255.972;0;None;1000;None;15:42:42.994
9143;23.7568;23.6198;22.317;-256.285;-256.684;-256.888;-256.942;-255.98;0;None;1000;None;15:42:43.504
9144;23.7724;23.6198;22.3091;-256.277;-256.692;-256.888;-256.95;-255.972;0;None;1000;None;15:42:44.000
9145;23.7646;23.6198;22.3091;-256.277;-256.684;-256.888;-256.95;-255.98;0;None;1000;None;15:42:44.497
9146;23.7724;23.6198;22.3013;-256.277;-256.692;-256.888;-256.942;-255.972;0;None;1000;None;15:42:44.994
9147;23.7646;23.6198;22.3091;-256.285;-256.692;-256.888;-256.95;-255.98;0;None;1000;None;15:42:45.492
9148;23.7646;23.6198;22.3091;-256.277;-256.692;-256.888;-256.942;-255.98;0;None;1000;None;15:42:46.005
9149;23.7646;23.612;22.3091;-256.285;-256.684;-256.888;-256.95;-255.98;0;None;1000;None;15:42:46.505
9150;23.7646;23.6198;22.3013;-256.277;-256.692;-256.888;-256.942;-255.98;0;None;1000;None;15:42:46.998
9151;23.7646;23.6198;22.317;-256.277;-256.692;-256.888;-256.935;-255.972;0;None;1000;None;15:42:47.497
9152;23.7646;23.612;22.3091;-256.277;-256.684;-256.888;-256.95;-255.98;0;None;1000;None;15:42:47.992
9153;23.7568;23.612;22.3091;-256.277;-256.692;-256.888;-256.942;-255.98;0;None;1000;None;15:42:48.503
9154;23.7724;23.612;22.3091;-256.277;-256.684;-256.895;-256.935;-255.98;0;None;1000;None;15:42:48.998
9155;23.7646;23.612;22.3013;-256.277;-256.684;-256.888;-256.935;-255.98;0;None;1000;None;15:42:49.496
9156;23.7724;23.6042;22.3091;-256.277;-256.692;-256.888;-256.95;-255.98;0;None;1000;None;15:42:50.007
9157;23.7646;23.612;22.3013;-256.277;-256.684;-256.888;-256.942;-255.972;0;None;1000;None;15:42:50.501
9158;23.7646;23.612;22.3091;-256.277;-256.692;-256.895;-256.942;-255.98;0;None;1000;None;15:42:50.997
9159;23.7724;23.612;22.3091;-256.285;-256.684;-256.88;-256.942;-255.98;0;None;1000;None;15:42:51.506
9160;23.7646;23.612;22.3013;-256.277;-256.692;-256.888;-256.942;-255.98;0;None;1000;None;15:42:52.005
9161;23.7646;23.612;22.3091;-256.277;-256.692;-256.888;-256.942;-255.98;0;None;1000;None;15:42:52.501
9162;23.7646;23.6042;22.3091;-256.285;-256.684;-256.895;-256.95;-255.98;0;None;1000;None;15:42:52.998
9163;23.7646;23.612;22.3091;-256.277;-256.684;-256.88;-256.942;-255.98;0;None;1000;None;15:42:53.494
9164;23.7646;23.612;22.3091;-256.277;-256.684;-256.88;-256.942;-255.98;0;None;1000;None;15:42:54.007
9165;23.7568;23.6276;22.3013;-256.277;-256.676;-256.888;-256.942;-255.988;0;None;1000;None;15:42:54.502
9166;23.7646;23.6042;22.3091;-256.277;-256.676;-256.888;-256.95;-255.98;0;None;1000;None;15:42:55.002
9167;23.7646;23.6198;22.3091;-256.285;-256.684;-256.888;-256.95;-255.972;0;None;1000;None;15:42:55.507
9168;23.7724;23.612;22.3091;-256.277;-256.684;-256.888;-256.942;-255.98;0;None;1000;None;15:42:55.994
9169;23.7646;23.612;22.3091;-256.277;-256.676;-256.888;-256.942;-255.972;0;None;1000;None;15:42:56.505
9170;23.7724;23.612;22.3091;-256.277;-256.676;-256.88;-256.942;-255.98;0;None;1000;None;15:42:57.006
9171;23.7646;23.6198;22.3013;-256.277;-256.676;-256.888;-256.95;-255.972;0;None;1000;None;15:42:57.499
9172;23.7724;23.612;22.3013;-256.277;-256.676;-256.88;-256.942;-255.972;0;None;1000;None;15:42:57.996
9173;23.7724;23.6198;22.3091;-256.277;-256.684;-256.88;-256.95;-255.98;0;None;1000;None;15:42:58.507
9174;23.7646;23.612;22.3091;-256.277;-256.684;-256.88;-256.95;-255.972;0;None;1000;None;15:42:59.006
9175;23.7724;23.6198;22.3013;-256.277;-256.676;-256.88;-256.942;-255.98;0;None;1000;None;15:42:59.507
9176;23.7724;23.6198;22.3013;-256.269;-256.684;-256.88;-256.942;-255.98;0;None;1000;None;15:42:59.994
9177;23.7724;23.6198;22.3013;-256.277;-256.676;-256.88;-256.935;-255.972;0;None;1000;None;15:43:00.508
9178;23.7724;23.612;22.3091;-256.277;-256.684;-256.888;-256.935;-255.98;0;None;1000;None;15:43:01.006
9179;23.7724;23.612;22.3013;-256.277;-256.684;-256.888;-256.942;-255.98;0;None;1000;None;15:43:01.499
9180;23.7724;23.612;22.3013;-256.277;-256.684;-256.88;-256.942;-255.98;0;None;1000;None;15:43:01.999
9181;23.7646;23.612;22.3091;-256.277;-256.684;-256.888;-256.942;-255.98;0;None;1000;None;15:43:02.494
9182;23.7724;23.612;22.3013;-256.277;-256.684;-256.888;-256.942;-255.98;0;None;1000;None;15:43:03.007
9183;23.7646;23.6198;22.3013;-256.277;-256.684;-256.888;-256.942;-255.98;0;None;1000;None;15:43:03.506
9184;23.7724;23.612;22.3091;-256.277;-256.692;-256.888;-256.942;-255.98;0;None;1000;None;15:43:04.007
9185;23.7646;23.612;22.3013;-256.277;-256.684;-256.888;-256.942;-255.972;0;None;1000;None;15:43:04.500
9186;23.7724;23.612;22.3091;-256.277;-256.684;-256.888;-256.95;-255.988;0;None;1000;None;15:43:04.995
9187;23.7646;23.612;22.3013;-256.285;-256.684;-256.888;-256.942;-255.972;0;None;1000;None;15:43:05.506
9188;23.7646;23.612;22.3013;-256.285;-256.692;-256.88;-256.942;-255.98;0;None;1000;None;15:43:06.007
9189;23.7646;23.6042;22.3013;-256.277;-256.684;-256.888;-256.942;-255.98;0;None;1000;None;15:43:06.499
9190;23.7646;23.612;22.3091;-256.285;-256.692;-256.888;-256.942;-255.98;0;None;1000;None;15:43:06.995
9191;23.7568;23.6198;22.3091;-256.277;-256.684;-256.888;-256.95;-255.98;0;None;1000;None;15:43:07.508
9192;23.7568;23.612;22.3013;-256.285;-256.692;-256.888;-256.95;-255.972;0;None;1000;None;15:43:08.007
9193;23.7568;23.612;22.3013;-256.277;-256.684;-256.888;-256.942;-255.98;0;None;1000;None;15:43:08.508
9194;23.7489;23.612;22.3013;-256.277;-256.684;-256.895;-256.95;-255.98;0;None;1000;None;15:43:08.999
9195;23.7568;23.6042;22.3013;-256.277;-256.684;-256.888;-256.95;-255.98;0;None;1000;None;15:43:09.508
9196;23.7568;23.6042;22.3091;-256.285;-256.684;-256.888;-256.95;-255.972;0;None;1000;None;15:43:10.005
9197;23.7568;23.6042;22.317;-256.285;-256.684;-256.888;-256.942;-255.98;0;None;1000;None;15:43:10.502
9198;23.7568;23.6042;22.3091;-256.285;-256.684;-256.888;-256.942;-255.98;0;None;1000;None;15:43:10.999
9199;23.7568;23.6042;22.317;-256.277;-256.692;-256.888;-256.935;-255.98;0;None;1000;None;15:43:11.496
9200;23.7568;23.6042;22.3091;-256.277;-256.676;-256.888;-256.942;-255.98;0;None;1000;None;15:43:12.003
9201;23.7489;23.6042;22.3013;-256.277;-256.692;-256.895;-256.942;-255.98;0;None;1000;None;15:43:12.509
9202;23.7568;23.6042;22.3091;-256.277;-256.676;-256.888;-256.95;-255.98;0;None;1000;None;15:43:13.005
9203;23.7568;23.6042;22.2935;-256.277;-256.684;-256.888;-256.942;-255.98;0;None;1000;None;15:43:13.507
9204;23.7646;23.6042;22.3013;-256.277;-256.676;-256.88;-256.958;-255.988;0;None;1000;None;15:43:13.999
9205;23.7646;23.6042;22.3013;-256.277;-256.684;-256.895;-256.942;-255.98;0;None;1000;None;15:43:14.509
9206;23.7724;23.5885;22.2935;-256.277;-256.676;-256.888;-256.942;-255.98;0;None;1000;None;15:43:15.010
9207;23.7646;23.6042;22.3013;-256.285;-256.676;-256.888;-256.942;-255.98;0;None;1000;None;15:43:15.503
9208;23.7568;23.5963;22.2935;-256.277;-256.684;-256.888;-256.95;-255.988;0;None;1000;None;15:43:15.998
9209;23.7646;23.6042;22.3013;-256.277;-256.676;-256.88;-256.942;-255.98;0;None;1000;None;15:43:16.496
9210;23.7646;23.6042;22.2935;-256.277;-256.684;-256.888;-256.942;-255.988;0;None;1000;None;15:43:17.009
9211;23.7646;23.6042;22.2935;-256.277;-256.692;-256.888;-256.942;-255.98;0;None;1000;None;15:43:17.504
9212;23.7568;23.6042;22.2935;-256.277;-256.684;-256.88;-256.942;-255.972;0;None;1000;None;15:43:18.001
9213;23.7646;23.5963;22.3013;-256.277;-256.684;-256.888;-256.942;-255.98;0;None;1000;None;15:43:18.499
9214;23.7724;23.5963;22.2935;-256.277;-256.684;-256.88;-256.942;-255.988;0;None;1000;None;15:43:18.996
9215;23.7724;23.5963;22.2857;-256.277;-256.684;-256.88;-256.942;-255.98;0;None;1000;None;15:43:19.509
9216;23.7646;23.5963;22.2935;-256.277;-256.684;-256.888;-256.942;-255.98;0;None;1000;None;15:43:20.011
9217;23.7646;23.5963;22.2935;-256.277;-256.692;-256.88;-256.942;-255.98;0;None;1000;None;15:43:20.502
9218;23.7568;23.5963;22.2857;-256.277;-256.684;-256.88;-256.942;-255.98;0;None;1000;None;15:43:20.998
9219;23.7568;23.5963;22.2935;-256.285;-256.676;-256.888;-256.935;-255.988;0;None;1000;None;15:43:21.495
9220;23.7646;23.5963;22.2857;-256.277;-256.684;-256.88;-256.95;-255.972;0;None;1000;None;15:43:22.008
9221;23.7568;23.5963;22.2935;-256.277;-256.684;-256.888;-256.942;-255.98;0;None;1000;None;15:43:22.506
9222;23.7646;23.6042;22.2857;-256.285;-256.676;-256.88;-256.942;-255.98;0;None;1000;None;15:43:23.008
9223;23.7646;23.6042;22.2935;-256.277;-256.684;-256.88;-256.935;-255.98;0;None;1000;None;15:43:23.511
9224;23.7646;23.6042;22.2935;-256.277;-256.684;-256.88;-256.942;-255.98;0;None;1000;None;15:43:23.997
9225;23.7646;23.5963;22.2857;-256.277;-256.684;-256.88;-256.942;-255.98;0;None;1000;None;15:43:24.509
9226;23.7646;23.6042;22.2935;-256.277;-256.684;-256.888;-256.935;-255.98;0;None;1000;None;15:43:25.009
9227;23.7646;23.5963;22.2857;-256.277;-256.684;-256.88;-256.927;-255.98;0;None;1000;None;15:43:25.503
9228;23.7646;23.612;22.2935;-256.277;-256.676;-256.88;-256.935;-255.98;0;None;1000;None;15:43:26.005
9229;23.7646;23.5963;22.2857;-256.285;-256.692;-256.88;-256.935;-255.98;0;None;1000;None;15:43:26.499
9230;23.7568;23.5963;22.2935;-256.269;-256.684;-256.872;-256.935;-255.98;0;None;1000;None;15:43:27.008
9231;23.7568;23.5885;22.2935;-256.277;-256.684;-256.88;-256.935;-255.972;0;None;1000;None;15:43:27.506
9232;23.7489;23.5963;22.2935;-256.277;-256.676;-256.872;-256.935;-255.98;0;None;1000;None;15:43:28.004
9233;23.7646;23.5924;22.3013;-256.285;-256.684;-256.88;-256.935;-255.98;0;None;1000;None;15:43:28.505
9234;23.7568;23.5963;22.2935;-256.277;-256.684;-256.872;-256.935;-255.972;0;None;1000;None;15:43:28.998
9235;23.7568;23.5885;22.2935;-256.277;-256.692;-256.88;-256.935;-255.98;0;None;1000;None;15:43:29.512
9236;23.7646;23.6042;22.2935;-256.277;-256.684;-256.88;-256.935;-255.98;0;None;1000;None;15:43:30.009
9237;23.7568;23.5963;22.2935;-256.285;-256.684;-256.872;-256.942;-255.98;0;None;1000;None;15:43:30.509
9238;23.7646;23.6042;22.2935;-256.277;-256.684;-256.88;-256.935;-255.98;0;None;1000;None;15:43:31.004
9239;23.7568;23.5963;22.2935;-256.285;-256.684;-256.872;-256.935;-255.98;0;None;1000;None;15:43:31.502
9240;23.7489;23.5963;22.2935;-256.277;-256.684;-256.872;-256.942;-255.98;0;None;1000;None;15:43:31.998
9241;23.7568;23.6042;22.3013;-256.277;-256.684;-256.872;-256.935;-255.972;0;None;1000;None;15:43:32.510
9242;23.7646;23.6042;22.3013;-256.285;-256.684;-256.88;-256.942;-255.98;0;None;1000;None;15:43:33.008
9243;23.7646;23.6042;22.3013;-256.277;-256.684;-256.88;-256.935;-255.972;0;None;1000;None;15:43:33.506
9244;23.7568;23.5963;22.2935;-256.285;-256.692;-256.872;-256.942;-255.972;0;None;1000;None;15:43:34.007
9245;23.7646;23.6042;22.3013;-256.285;-256.684;-256.872;-256.942;-255.972;0;None;1000;None;15:43:34.508
9246;23.7568;23.6042;22.2935;-256.277;-256.676;-256.872;-256.958;-255.98;0;None;1000;None;15:43:35.011
9247;23.7568;23.612;22.2935;-256.277;-256.692;-256.88;-256.942;-255.972;0;None;1000;None;15:43:35.507
9248;23.7568;23.6042;22.2935;-256.269;-256.684;-256.872;-256.942;-255.98;0;None;1000;None;15:43:36.004
9249;23.7568;23.612;22.2935;-256.277;-256.676;-256.888;-256.958;-255.972;0;None;1000;None;15:43:36.501
9250;23.7568;23.6042;22.2857;-256.277;-256.684;-256.88;-256.95;-255.98;0;None;1000;None;15:43:36.998
9251;23.7568;23.6042;22.2935;-256.277;-256.684;-256.888;-256.942;-255.972;0;None;1000;None;15:43:37.511
9252;23.7646;23.6042;22.2935;-256.285;-256.684;-256.88;-256.942;-255.972;0;None;1000;None;15:43:38.010
9253;23.7646;23.6042;22.2935;-256.277;-256.692;-256.88;-256.95;-255.98;0;None;1000;None;15:43:38.505
9254;23.7646;23.612;22.2935;-256.277;-256.684;-256.888;-256.942;-255.98;0;None;1000;None;15:43:39.009
9255;23.7568;23.6042;22.2935;-256.277;-256.684;-256.872;-256.942;-255.972;0;None;1000;None;15:43:39.499
9256;23.7568;23.6198;22.3013;-256.277;-256.684;-256.88;-256.942;-255.972;0;None;1000;None;15:43:39.997
9257;23.7646;23.612;22.2935;-256.277;-256.684;-256.872;-256.942;-255.98;0;None;1000;None;15:43:40.510
9258;23.7568;23.612;22.2935;-256.285;-256.692;-256.88;-256.942;-255.972;0;None;1000;None;15:43:41.010
9259;23.7568;23.612;22.2935;-256.269;-256.684;-256.88;-256.935;-255.98;0;None;1000;None;15:43:41.504
9260;23.7646;23.612;22.2935;-256.277;-256.684;-256.888;-256.942;-255.98;0;None;1000;None;15:43:41.999
9261;23.7568;23.6042;22.2935;-256.277;-256.692;-256.88;-256.942;-255.98;0;None;1000;None;15:43:42.497
9262;23.7646;23.612;22.2935;-256.285;-256.692;-256.888;-256.942;-255.988;0;None;1000;None;15:43:43.011
9263;23.7646;23.612;22.2935;-256.277;-256.684;-256.88;-256.935;-255.972;0;None;1000;None;15:43:43.510
9264;23.7646;23.6198;22.2935;-256.277;-256.684;-256.872;-256.942;-255.98;0;None;1000;None;15:43:44.006
9265;23.7568;23.6042;22.2935;-256.285;-256.684;-256.88;-256.942;-255.972;0;None;1000;None;15:43:44.500
9266;23.7646;23.612;22.3013;-256.277;-256.676;-256.88;-256.942;-255.98;0;None;1000;None;15:43:45.014
9267;23.7568;23.6042;22.2935;-256.277;-256.684;-256.888;-256.942;-255.988;0;None;1000;None;15:43:45.511
9268;23.7646;23.612;22.2935;-256.277;-256.676;-256.88;-256.935;-255.98;0;None;1000;None;15:43:46.011
9269;23.7646;23.612;22.2935;-256.277;-256.684;-256.888;-256.942;-255.98;0;None;1000;None;15:43:46.507
9270;23.7646;23.612;22.2935;-256.277;-256.684;-256.88;-256.935;-255.972;0;None;1000;None;15:43:47.004
9271;23.7646;23.612;22.2935;-256.277;-256.684;-256.888;-256.942;-255.98;0;None;1000;None;15:43:47.501
9272;23.7646;23.612;22.3013;-256.269;-256.684;-256.88;-256.942;-255.98;0;None;1000;None;15:43:48.012
9273;23.7646;23.612;22.2935;-256.277;-256.684;-256.88;-256.927;-255.98;0;None;1000;None;15:43:48.509
9274;23.7646;23.612;22.3013;-256.277;-256.676;-256.888;-256.942;-255.98;0;None;1000;None;15:43:49.010
9275;23.7646;23.6198;22.3013;-256.277;-256.692;-256.88;-256.935;-255.972;0;None;1000;None;15:43:49.503
9276;23.7646;23.612;22.3013;-256.277;-256.684;-256.888;-256.942;-255.98;0;None;1000;None;15:43:49.999
9277;23.7646;23.612;22.2935;-256.285;-256.684;-256.88;-256.935;-255.98;0;None;1000;None;15:43:50.511
9278;23.7724;23.612;22.3013;-256.277;-256.676;-256.88;-256.942;-255.972;0;None;1000;None;15:43:51.014
9279;23.7646;23.612;22.3013;-256.277;-256.692;-256.888;-256.942;-255.98;0;None;1000;None;15:43:51.506
9280;23.7568;23.6042;22.2935;-256.277;-256.684;-256.88;-256.942;-255.98;0;None;1000;None;15:43:52.013
9281;23.7724;23.6198;22.2935;-256.277;-256.684;-256.88;-256.95;-255.972;0;None;1000;None;15:43:52.499
9282;23.7646;23.612;22.2857;-256.277;-256.676;-256.888;-256.95;-255.972;0;None;1000;None;15:43:53.012
9283;23.7724;23.612;22.3013;-256.277;-256.684;-256.88;-256.942;-255.98;0;None;1000;None;15:43:53.509
9284;23.7646;23.6198;22.2935;-256.277;-256.676;-256.888;-256.95;-255.972;0;None;1000;None;15:43:54.010
9285;23.7646;23.6276;22.2857;-256.277;-256.684;-256.88;-256.95;-255.972;0;None;1000;None;15:43:54.502
9286;23.7646;23.6198;22.2935;-256.269;-256.676;-256.888;-256.95;-255.972;0;None;1000;None;15:43:55.002
9287;23.7646;23.6198;22.2935;-256.277;-256.684;-256.888;-256.95;-255.98;0;None;1000;None;15:43:55.514
9288;23.7646;23.612;22.3013;-256.277;-256.692;-256.888;-256.95;-255.972;0;None;1000;None;15:43:56.013
9289;23.7646;23.612;22.2935;-256.277;-256.692;-256.88;-256.95;-255.98;0;None;1000;None;15:43:56.512
9290;23.7724;23.6198;22.2935;-256.269;-256.684;-256.888;-256.958;-255.98;0;None;1000;None;15:43:57.008
9291;23.7646;23.612;22.2935;-256.277;-256.692;-256.88;-256.942;-255.972;0;None;1000;None;15:43:57.505
9292;23.7646;23.6198;22.3013;-256.269;-256.692;-256.888;-256.95;-255.98;0;None;1000;None;15:43:58.003
9293;23.7724;23.612;22.3013;-256.277;-256.692;-256.888;-256.942;-255.972;0;None;1000;None;15:43:58.500
9294;23.7646;23.6042;22.2935;-256.277;-256.692;-256.88;-256.95;-255.972;0;None;1000;None;15:43:59.014
9295;23.7646;23.612;22.3013;-256.277;-256.684;-256.888;-256.942;-255.972;0;None;1000;None;15:43:59.513
9296;23.7646;23.6198;22.3013;-256.277;-256.684;-256.88;-256.942;-255.98;0;None;1000;None;15:44:00.015
9297;23.7724;23.612;22.3013;-256.277;-256.692;-256.888;-256.942;-255.972;0;None;1000;None;15:44:00.508
9298;23.7646;23.612;22.3091;-256.285;-256.684;-256.88;-256.942;-255.972;0;None;1000;None;15:44:01.012
9299;23.7646;23.6198;22.3013;-256.277;-256.684;-256.888;-256.95;-255.98;0;None;1000;None;15:44:01.503
9300;23.7646;23.6198;22.3013;-256.285;-256.692;-256.88;-256.942;-255.98;0;None;1000;None;15:44:02.015
9301;23.7724;23.6198;22.3013;-256.277;-256.692;-256.88;-256.95;-255.972;0;None;1000;None;15:44:02.514
9302;23.7646;23.612;22.3091;-256.277;-256.684;-256.888;-256.942;-255.988;0;None;1000;None;15:44:03.014
9303;23.7724;23.6198;22.3013;-256.277;-256.692;-256.88;-256.942;-255.98;0;None;1000;None;15:44:03.503
9304;23.7646;23.612;22.3013;-256.277;-256.692;-256.888;-256.95;-255.98;0;None;1000;None;15:44:04.007
9305;23.7646;23.6198;22.3091;-256.269;-256.692;-256.88;-256.935;-255.98;0;None;1000;None;15:44:04.515
9306;23.7568;23.6042;22.3013;-256.277;-256.684;-256.88;-256.95;-255.98;0;None;1000;None;15:44:05.016
9307;23.7646;23.6198;22.3013;-256.277;-256.684;-256.88;-256.935;-255.98;0;None;1000;None;15:44:05.512
9308;23.7568;23.6042;22.3091;-256.277;-256.692;-256.888;-256.935;-255.98;0;None;1000;None;15:44:06.008
9309;23.7646;23.612;22.3013;-256.277;-256.692;-256.888;-256.935;-255.972;0;None;1000;None;15:44:06.504
9310;23.7646;23.612;22.3013;-256.277;-256.684;-256.88;-256.935;-255.988;0;None;1000;None;15:44:07.011
9311;23.7646;23.6042;22.3013;-256.269;-256.684;-256.888;-256.935;-255.98;0;None;1000;None;15:44:07.513
9312;23.7646;23.6042;22.3013;-256.277;-256.684;-256.88;-256.935;-255.98;0;None;1000;None;15:44:08.014
9313;23.7646;23.5963;22.3013;-256.277;-256.684;-256.88;-256.935;-255.98;0;None;1000;None;15:44:08.505
9314;23.7724;23.6042;22.3013;-256.285;-256.684;-256.88;-256.935;-255.98;0;None;1000;None;15:44:09.010
9315;23.7646;23.612;22.3013;-256.277;-256.684;-256.888;-256.935;-255.988;0;None;1000;None;15:44:09.515
9316;23.7724;23.6198;22.3013;-256.277;-256.684;-256.88;-256.942;-255.98;0;None;1000;None;15:44:10.012
9317;23.7646;23.612;22.3013;-256.269;-256.684;-256.88;-256.95;-255.98;0;None;1000;None;15:44:10.508
9318;23.7724;23.612;22.3013;-256.285;-256.684;-256.88;-256.942;-255.988;0;None;1000;None;15:44:11.005
9319;23.7646;23.612;22.3013;-256.269;-256.684;-256.888;-256.95;-255.98;0;None;1000;None;15:44:11.503
9320;23.7724;23.612;22.3013;-256.277;-256.684;-256.88;-256.95;-255.988;0;None;1000;None;15:44:12.012
9321;23.7646;23.6198;22.3013;-256.277;-256.684;-256.88;-256.95;-255.98;0;None;1000;None;15:44:12.513
9322;23.7724;23.6198;22.3013;-256.277;-256.692;-256.88;-256.942;-255.98;0;None;1000;None;15:44:13.015
9323;23.7724;23.612;22.3013;-256.277;-256.692;-256.88;-256.935;-255.98;0;None;1000;None;15:44:13.506
9324;23.7802;23.612;22.3013;-256.269;-256.684;-256.888;-256.95;-255.98;0;None;1000;None;15:44:14.005
9325;23.7724;23.6198;22.3013;-256.277;-256.692;-256.88;-256.95;-255.972;0;None;1000;None;15:44:14.511
9326;23.7802;23.612;22.3013;-256.277;-256.684;-256.88;-256.942;-255.98;0;None;1000;None;15:44:15.012
9327;23.7724;23.6198;22.3091;-256.277;-256.692;-256.88;-256.942;-255.988;0;None;1000;None;15:44:15.510
9328;23.7802;23.612;22.3013;-256.269;-256.684;-256.88;-256.95;-255.98;0;None;1000;None;15:44:16.004
9329;23.7724;23.612;22.3091;-256.269;-256.684;-256.88;-256.935;-255.98;0;None;1000;None;15:44:16.503
9330;23.7802;23.612;22.3091;-256.269;-256.684;-256.88;-256.942;-255.98;0;None;1000;None;15:44:17.014
9331;23.7724;23.6198;22.3013;-256.269;-256.684;-256.88;-256.935;-255.98;0;None;1000;None;15:44:17.511
9332;23.7802;23.612;22.3091;-256.277;-256.676;-256.88;-256.935;-255.98;0;None;1000;None;15:44:18.013
9333;23.7802;23.6198;22.3091;-256.269;-256.684;-256.88;-256.942;-255.98;0;None;1000;None;15:44:18.504
9334;23.7802;23.6198;22.3091;-256.277;-256.684;-256.88;-256.942;-255.988;0;None;1000;None;15:44:19.001
9335;23.7724;23.612;22.317;-256.269;-256.676;-256.88;-256.942;-255.98;0;None;1000;None;15:44:19.513
9336;23.7724;23.612;22.3091;-256.277;-256.684;-256.88;-256.942;-255.98;0;None;1000;None;15:44:20.009
9337;23.7724;23.612;22.3091;-256.269;-256.684;-256.88;-256.942;-255.98;0;None;1000;None;15:44:20.508
9338;23.7724;23.612;22.317;-256.277;-256.684;-256.888;-256.942;-255.98;0;None;1000;None;15:44:21.010
9339;23.7802;23.612;22.317;-256.277;-256.684;-256.88;-256.942;-255.988;0;None;1000;None;15:44:21.517
9340;23.7802;23.6276;22.3091;-256.277;-256.684;-256.872;-256.935;-255.98;0;None;1000;None;15:44:22.014
9341;23.7724;23.612;22.3091;-256.277;-256.692;-256.88;-256.942;-255.98;0;None;1000;None;15:44:22.510
9342;23.7802;23.6198;22.3091;-256.269;-256.684;-256.872;-256.942;-255.98;0;None;1000;None;15:44:23.015
9343;23.7802;23.612;22.3091;-256.269;-256.684;-256.872;-256.935;-255.98;0;None;1000;None;15:44:23.504
9344;23.7802;23.6276;22.317;-256.269;-256.684;-256.872;-256.942;-255.98;0;None;1000;None;15:44:24.016
9345;23.7802;23.612;22.3091;-256.269;-256.692;-256.88;-256.935;-255.98;0;None;1000;None;15:44:24.513
9346;23.7802;23.6198;22.3091;-256.269;-256.692;-256.88;-256.942;-255.98;0;None;1000;None;15:44:25.010
9347;23.7802;23.6198;22.3091;-256.269;-256.684;-256.872;-256.935;-255.972;0;None;1000;None;15:44:25.511
9348;23.7802;23.6198;22.3013;-256.277;-256.692;-256.88;-256.942;-255.98;0;None;1000;None;15:44:26.014
9349;23.7802;23.6198;22.3091;-256.269;-256.684;-256.872;-256.935;-255.98;0;None;1000;None;15:44:26.515
9350;23.7724;23.612;22.317;-256.269;-256.692;-256.872;-256.942;-255.972;0;None;1000;None;15:44:27.015
9351;23.7724;23.6198;22.3013;-256.269;-256.684;-256.88;-256.942;-255.972;0;None;1000;None;15:44:27.509
9352;23.7802;23.612;22.317;-256.277;-256.684;-256.872;-256.942;-255.98;0;None;1000;None;15:44:28.014
9353;23.7802;23.6198;22.3013;-256.277;-256.692;-256.88;-256.942;-255.98;0;None;1000;None;15:44:28.505
9354;23.7724;23.612;22.3013;-256.277;-256.684;-256.872;-256.942;-255.98;0;None;1000;None;15:44:29.009
9355;23.7802;23.612;22.317;-256.277;-256.692;-256.88;-256.95;-255.98;0;None;1000;None;15:44:29.516
9356;23.7724;23.6042;22.3091;-256.269;-256.692;-256.88;-256.95;-255.972;0;None;1000;None;15:44:30.017
9357;23.7802;23.612;22.3013;-256.277;-256.692;-256.872;-256.942;-255.972;0;None;1000;None;15:44:30.511
9358;23.7802;23.6198;22.2935;-256.269;-256.684;-256.88;-256.95;-255.972;0;None;1000;None;15:44:31.008
9359;23.7802;23.612;22.2857;-256.277;-256.692;-256.88;-256.942;-255.972;0;None;1000;None;15:44:31.504
9360;23.7802;23.6198;22.2857;-256.277;-256.684;-256.88;-256.935;-255.972;0;None;1000;None;15:44:32.016
9361;23.7881;23.612;22.2935;-256.277;-256.692;-256.88;-256.95;-255.972;0;None;1000;None;15:44:32.519
9362;23.7802;23.6198;22.2857;-256.269;-256.684;-256.88;-256.942;-255.972;0;None;1000;None;15:44:33.016
9363;23.7802;23.612;22.3013;-256.277;-256.692;-256.88;-256.95;-255.98;0;None;1000;None;15:44:33.506
9364;23.7802;23.6198;22.2935;-256.277;-256.692;-256.88;-256.942;-255.98;0;None;1000;None;15:44:34.014
9365;23.7802;23.612;22.3013;-256.277;-256.684;-256.88;-256.95;-255.972;0;None;1000;None;15:44:34.514
9366;23.7802;23.612;22.2935;-256.285;-256.684;-256.88;-256.95;-255.98;0;None;1000;None;15:44:35.011
9367;23.7802;23.6198;22.3013;-256.277;-256.692;-256.888;-256.95;-255.98;0;None;1000;None;15:44:35.503
9368;23.7802;23.612;22.2935;-256.277;-256.692;-256.88;-256.958;-255.98;0;None;1000;None;15:44:36.016
9369;23.7881;23.612;22.2857;-256.277;-256.692;-256.872;-256.95;-255.972;0;None;1000;None;15:44:36.512
9370;23.7802;23.612;22.2935;-256.277;-256.684;-256.888;-256.95;-255.98;0;None;1000;None;15:44:37.017
9371;23.7724;23.612;22.2857;-256.269;-256.692;-256.872;-256.95;-255.972;0;None;1000;None;15:44:37.519
9372;23.7724;23.6198;22.2857;-256.277;-256.684;-256.88;-256.95;-255.98;0;None;1000;None;15:44:38.013
9373;23.7802;23.6198;22.2857;-256.269;-256.684;-256.872;-256.958;-255.98;0;None;1000;None;15:44:38.512
9374;23.7724;23.612;22.2857;-256.269;-256.684;-256.88;-256.95;-255.972;0;None;1000;None;15:44:39.006
9375;23.7802;23.612;22.2935;-256.277;-256.684;-256.888;-256.942;-255.98;0;None;1000;None;15:44:39.519
9376;23.7802;23.6198;22.2857;-256.277;-256.676;-256.88;-256.95;-255.98;0;None;1000;None;15:44:40.020
9377;23.7724;23.6198;22.2857;-256.269;-256.684;-256.888;-256.95;-255.98;0;None;1000;None;15:44:40.518
9378;23.7724;23.6198;22.2857;-256.277;-256.684;-256.88;-256.942;-255.98;0;None;1000;None;15:44:41.008
9379;23.7724;23.6198;22.2857;-256.277;-256.684;-256.888;-256.95;-255.972;0;None;1000;None;15:44:41.520
9380;23.7802;23.6276;22.2857;-256.269;-256.684;-256.88;-256.95;-255.972;0;None;1000;None;15:44:42.018
9381;23.7724;23.6198;22.2935;-256.277;-256.684;-256.888;-256.942;-255.972;0;None;1000;None;15:44:42.515
9382;23.7724;23.6276;22.2935;-256.277;-256.684;-256.88;-256.95;-255.98;0;None;1000;None;15:44:43.012
9383;23.7724;23.6198;22.2935;-256.277;-256.684;-256.88;-256.95;-255.972;0;None;1000;None;15:44:43.515
9384;23.7802;23.6198;22.2935;-256.277;-256.684;-256.888;-256.95;-255.98;0;None;1000;None;15:44:44.018
9385;23.7724;23.6198;22.2935;-256.277;-256.684;-256.88;-256.95;-255.972;0;None;1000;None;15:44:44.516
9386;23.7802;23.612;22.2935;-256.277;-256.684;-256.888;-256.942;-255.98;0;None;1000;None;15:44:45.020
9387;23.7724;23.612;22.2935;-256.277;-256.676;-256.88;-256.95;-255.98;0;None;1000;None;15:44:45.510
9388;23.7646;23.612;22.2935;-256.269;-256.692;-256.88;-256.942;-255.972;0;None;1000;None;15:44:46.014
9389;23.7724;23.612;22.2935;-256.277;-256.684;-256.88;-256.942;-255.972;0;None;1000;None;15:44:46.520
9390;23.7724;23.6276;22.2857;-256.277;-256.692;-256.88;-256.95;-255.98;0;None;1000;None;15:44:47.016
9391;23.7802;23.612;22.2857;-256.277;-256.684;-256.88;-256.95;-255.972;0;None;1000;None;15:44:47.513
9392;23.7724;23.6276;22.2935;-256.269;-256.684;-256.88;-256.95;-255.972;0;None;1000;None;15:44:48.014
9393;23.7724;23.6198;22.2935;-256.285;-256.684;-256.88;-256.95;-255.972;0;None;1000;None;15:44:48.520
9394;23.7724;23.6198;22.2857;-256.277;-256.684;-256.88;-256.942;-255.972;0;None;1000;None;15:44:49.021
9395;23.7724;23.6198;22.2935;-256.277;-256.684;-256.88;-256.95;-255.988;0;None;1000;None;15:44:49.515
9396;23.7724;23.612;22.2935;-256.277;-256.684;-256.872;-256.95;-255.972;0;None;1000;None;15:44:50.012
9397;23.7724;23.612;22.2935;-256.285;-256.692;-256.88;-256.95;-255.98;0;None;1000;None;15:44:50.508
9398;23.7724;23.6198;22.2857;-256.269;-256.684;-256.872;-256.95;-255.972;0;None;1000;None;15:44:51.021
9399;23.7724;23.612;22.2935;-256.277;-256.684;-256.888;-256.942;-255.972;0;None;1000;None;15:44:51.520
9400;23.7724;23.612;22.2935;-256.269;-256.684;-256.88;-256.95;-255.98;0;None;1000;None;15:44:52.013
9401;23.7724;23.612;22.2857;-256.277;-256.692;-256.88;-256.95;-255.972;0;None;1000;None;15:44:52.518
9402;23.7802;23.612;22.2935;-256.277;-256.684;-256.88;-256.95;-255.98;0;None;1000;None;15:44:53.010
9403;23.7724;23.612;22.2857;-256.277;-256.692;-256.872;-256.942;-255.98;0;None;1000;None;15:44:53.521
9404;23.7646;23.612;22.2935;-256.269;-256.684;-256.88;-256.95;-255.98;0;None;1000;None;15:44:54.017
9405;23.7646;23.612;22.2935;-256.277;-256.684;-256.88;-256.942;-255.98;0;None;1000;None;15:44:54.514
9406;23.7724;23.612;22.2857;-256.269;-256.692;-256.88;-256.95;-255.98;0;None;1000;None;15:44:55.018
9407;23.7646;23.612;22.2935;-256.277;-256.692;-256.88;-256.95;-255.972;0;None;1000;None;15:44:55.509
9408;23.7724;23.6042;22.2935;-256.277;-256.684;-256.888;-256.935;-255.988;0;None;1000;None;15:44:56.012
9409;23.7646;23.612;22.2857;-256.269;-256.684;-256.88;-256.95;-255.972;0;None;1000;None;15:44:56.522
9410;23.7724;23.6042;22.2935;-256.277;-256.684;-256.88;-256.942;-255.98;0;None;1000;None;15:44:57.014
9411;23.7646;23.612;22.2857;-256.277;-256.692;-256.88;-256.95;-255.98;0;None;1000;None;15:44:57.511
9412;23.7724;23.612;22.2935;-256.277;-256.684;-256.888;-256.942;-255.98;0;None;1000;None;15:44:58.009
9413;23.7724;23.612;22.2857;-256.277;-256.684;-256.88;-256.95;-255.98;0;None;1000;None;15:44:58.520
9414;23.7724;23.612;22.2935;-256.277;-256.684;-256.88;-256.95;-255.98;0;None;1000;None;15:44:59.021
9415;23.7724;23.6042;22.2857;-256.269;-256.684;-256.888;-256.95;-255.98;0;None;1000;None;15:44:59.513
9416;23.7724;23.6042;22.2857;-256.277;-256.684;-256.888;-256.95;-255.972;0;None;1000;None;15:45:00.017
9417;23.7724;23.612;22.2935;-256.277;-256.684;-256.88;-256.95;-255.98;0;None;1000;None;15:45:00.523
9418;23.7646;23.6042;22.2857;-256.277;-256.684;-256.888;-256.942;-255.972;0;None;1000;None;15:45:01.019
9419;23.7724;23.5963;22.2857;-256.269;-256.684;-256.88;-256.942;-255.98;0;None;1000;None;15:45:01.521
9420;23.7724;23.6042;22.2857;-256.277;-256.692;-256.888;-256.95;-255.98;0;None;1000;None;15:45:02.015
9421;23.7724;23.5963;22.2935;-256.277;-256.684;-256.88;-256.942;-255.98;0;None;1000;None;15:45:02.511
9422;23.7724;23.5963;22.2778;-256.277;-256.692;-256.88;-256.935;-255.972;0;None;1000;None;15:45:03.009
9423;23.7646;23.6042;22.2857;-256.277;-256.684;-256.888;-256.942;-255.98;0;None;1000;None;15:45:03.521
9424;23.7724;23.6042;22.2857;-256.277;-256.684;-256.888;-256.935;-255.972;0;None;1000;None;15:45:04.017
9425;23.7646;23.5963;22.2778;-256.277;-256.684;-256.88;-256.942;-255.98;0;None;1000;None;15:45:04.515
9426;23.7646;23.5885;22.2857;-256.277;-256.692;-256.888;-256.935;-255.972;0;None;1000;None;15:45:05.021
9427;23.7646;23.5963;22.2778;-256.277;-256.684;-256.888;-256.942;-255.98;0;None;1000;None;15:45:05.525
9428;23.7568;23.5885;22.2817;-256.285;-256.692;-256.888;-256.935;-255.972;0;None;1000;None;15:45:06.022
9429;23.7646;23.6042;22.2778;-256.277;-256.684;-256.888;-256.935;-255.98;0;None;1000;None;15:45:06.518
9430;23.7646;23.5963;22.2857;-256.269;-256.684;-256.88;-256.935;-255.98;0;None;1000;None;15:45:07.022
9431;23.7646;23.5963;22.2778;-256.277;-256.684;-256.88;-256.942;-255.972;0;None;1000;None;15:45:07.525
9432;23.7646;23.5963;22.2778;-256.277;-256.692;-256.888;-256.942;-255.98;0;None;1000;None;15:45:08.009
9433;23.7646;23.5963;22.2857;-256.277;-256.692;-256.88;-256.942;-255.98;0;None;1000;None;15:45:08.523
9434;23.7568;23.5963;22.2778;-256.277;-256.684;-256.888;-256.942;-255.972;0;None;1000;None;15:45:09.020
9435;23.7568;23.5963;22.2857;-256.277;-256.692;-256.88;-256.935;-255.98;0;None;1000;None;15:45:09.517
9436;23.7568;23.5963;22.2778;-256.277;-256.692;-256.888;-256.942;-255.98;0;None;1000;None;15:45:10.012
9437;23.7568;23.5963;22.2778;-256.269;-256.684;-256.88;-256.935;-255.972;0;None;1000;None;15:45:10.524
9438;23.7568;23.5963;22.2857;-256.277;-256.692;-256.888;-256.942;-255.98;0;None;1000;None;15:45:11.020
9439;23.7568;23.5963;22.2778;-256.277;-256.692;-256.88;-256.935;-255.972;0;None;1000;None;15:45:11.516
9440;23.7568;23.5963;22.2778;-256.277;-256.692;-256.888;-256.935;-255.98;0;None;1000;None;15:45:12.013
9441;23.7646;23.6042;22.2778;-256.269;-256.692;-256.88;-256.942;-255.972;0;None;1000;None;15:45:12.510
9442;23.7568;23.5963;22.2778;-256.277;-256.684;-256.88;-256.935;-255.98;0;None;1000;None;15:45:13.022
9443;23.7489;23.5885;22.2857;-256.269;-256.692;-256.888;-256.942;-255.98;0;None;1000;None;15:45:13.523
9444;23.7568;23.5963;22.2857;-256.277;-256.684;-256.88;-256.942;-255.972;0;None;1000;None;15:45:14.018
9445;23.7568;23.6042;22.2778;-256.277;-256.692;-256.888;-256.942;-255.98;0;None;1000;None;15:45:14.513
9446;23.7568;23.6042;22.2857;-256.269;-256.692;-256.872;-256.935;-255.98;0;None;1000;None;15:45:15.017
9447;23.7568;23.5963;22.2778;-256.277;-256.692;-256.88;-256.942;-255.972;0;None;1000;None;15:45:15.524
9448;23.7489;23.5963;22.2778;-256.269;-256.692;-256.88;-256.942;-255.972;0;None;1000;None;15:45:16.021
9449;23.7568;23.5963;22.2857;-256.277;-256.692;-256.88;-256.935;-255.98;0;None;1000;None;15:45:16.525
9450;23.7568;23.5963;22.2778;-256.269;-256.692;-256.88;-256.942;-255.972;0;None;1000;None;15:45:17.021
9451;23.7489;23.5963;22.2857;-256.269;-256.692;-256.88;-256.935;-255.98;0;None;1000;None;15:45:17.511
9452;23.7568;23.5885;22.2935;-256.269;-256.692;-256.888;-256.942;-255.972;0;None;1000;None;15:45:18.023
9453;23.7411;23.5963;22.2935;-256.262;-256.692;-256.88;-256.942;-255.98;0;None;1000;None;15:45:18.520
9454;23.7568;23.5963;22.2857;-256.269;-256.684;-256.88;-256.935;-255.98;0;None;1000;None;15:45:19.016
9455;23.7489;23.5963;22.2857;-256.269;-256.684;-256.888;-256.942;-255.972;0;None;1000;None;15:45:19.513
9456;23.7646;23.6042;22.2857;-256.262;-256.684;-256.88;-256.942;-255.98;0;None;1000;None;15:45:20.011
9457;23.7568;23.5885;22.2778;-256.269;-256.692;-256.888;-256.95;-255.972;0;None;1000;None;15:45:20.522
9458;23.7646;23.5963;22.2857;-256.277;-256.692;-256.88;-256.942;-255.98;0;None;1000;None;15:45:21.020
9459;23.7568;23.5885;22.2857;-256.269;-256.684;-256.88;-256.942;-255.972;0;None;1000;None;15:45:21.516
9460;23.7568;23.5846;22.2778;-256.262;-256.684;-256.888;-256.942;-255.98;0;None;1000;None;15:45:22.018
9461;23.7568;23.5885;22.2935;-256.269;-256.676;-256.888;-256.942;-255.972;0;None;1000;None;15:45:22.509
9462;23.7489;23.5885;22.2857;-256.262;-256.684;-256.888;-256.942;-255.972;0;None;1000;None;15:45:23.024
9463;23.7568;23.5963;22.2778;-256.269;-256.692;-256.88;-256.942;-255.972;0;None;1000;None;15:45:23.520
9464;23.7489;23.5885;22.2778;-256.269;-256.684;-256.888;-256.942;-255.964;0;None;1000;None;15:45:24.019
9465;23.7568;23.5885;22.2778;-256.269;-256.684;-256.888;-256.942;-255.972;0;None;1000;None;15:45:24.513
9466;23.7489;23.5846;22.2778;-256.269;-256.692;-256.88;-256.95;-255.972;0;None;1000;None;15:45:25.023
9467;23.7568;23.5885;22.2739;-256.277;-256.692;-256.888;-256.942;-255.972;0;None;1000;None;15:45:25.524
9468;23.7646;23.5885;22.2857;-256.269;-256.684;-256.88;-256.95;-255.972;0;None;1000;None;15:45:26.024
9469;23.7568;23.5846;22.2778;-256.277;-256.692;-256.888;-256.942;-255.972;0;None;1000;None;15:45:26.524
9470;23.7489;23.5846;22.2778;-256.269;-256.684;-256.88;-256.942;-255.964;0;None;1000;None;15:45:27.010
9471;23.7568;23.5846;22.2935;-256.269;-256.692;-256.888;-256.95;-255.972;0;None;1000;None;15:45:27.522
9472;23.7568;23.5846;22.2935;-256.269;-256.684;-256.88;-256.942;-255.972;0;None;1000;None;15:45:28.019
9473;23.7568;23.5846;22.2935;-256.269;-256.684;-256.888;-256.942;-255.972;0;None;1000;None;15:45:28.521
9474;23.7489;23.5846;22.2935;-256.277;-256.692;-256.88;-256.942;-255.964;0;None;1000;None;15:45:29.021
9475;23.7568;23.5846;22.2935;-256.277;-256.692;-256.888;-256.942;-255.972;0;None;1000;None;15:45:29.524
9476;23.7568;23.5846;22.2935;-256.269;-256.684;-256.88;-256.935;-255.972;0;None;1000;None;15:45:30.021
9477;23.7489;23.5846;22.2935;-256.277;-256.692;-256.888;-256.942;-255.98;0;None;1000;None;15:45:30.518
9478;23.7568;23.5846;22.3013;-256.269;-256.684;-256.888;-256.95;-255.972;0;None;1000;None;15:45:31.017
9479;23.7489;23.5846;22.2857;-256.277;-256.692;-256.88;-256.95;-255.98;0;None;1000;None;15:45:31.518
9480;23.7568;23.5846;22.2935;-256.277;-256.692;-256.888;-256.942;-255.98;0;None;1000;None;15:45:32.025
9481;23.7489;23.5807;22.2857;-256.269;-256.684;-256.888;-256.935;-255.972;0;None;1000;None;15:45:32.525
9482;23.7489;23.5846;22.2935;-256.269;-256.692;-256.888;-256.95;-255.98;0;None;1000;None;15:45:33.017
9483;23.7568;23.5807;22.2935;-256.262;-256.692;-256.888;-256.942;-255.972;0;None;1000;None;15:45:33.515
9484;23.7489;23.5846;22.2857;-256.277;-256.684;-256.888;-256.95;-255.972;0;None;1000;None;15:45:34.014
9485;23.7489;23.5846;22.2935;-256.269;-256.692;-256.888;-256.942;-255.972;0;None;1000;None;15:45:34.520
9486;23.7568;23.5807;22.3013;-256.269;-256.684;-256.88;-256.95;-255.972;0;None;1000;None;15:45:35.017
9487;23.7411;23.5807;22.2935;-256.277;-256.692;-256.888;-256.942;-255.972;0;None;1000;None;15:45:35.511
9488;23.7489;23.5846;22.3013;-256.269;-256.684;-256.88;-256.942;-255.98;0;None;1000;None;15:45:36.022
9489;23.7489;23.5807;22.3013;-256.277;-256.684;-256.888;-256.942;-255.98;0;None;1000;None;15:45:36.515
9490;23.7489;23.5846;22.3013;-256.269;-256.692;-256.888;-256.942;-255.98;0;None;1000;None;15:45:37.011
9491;23.7568;23.5846;22.2935;-256.277;-256.684;-256.888;-256.935;-255.98;0;None;1000;None;15:45:37.538
9492;23.7489;23.5924;22.3013;-256.277;-256.692;-256.88;-256.942;-255.98;0;None;1000;None;15:45:38.016
9493;23.7489;23.5846;22.3013;-256.277;-256.684;-256.888;-256.95;-255.98;0;None;1000;None;15:45:38.514
9494;23.7568;23.5846;22.3013;-256.277;-256.692;-256.88;-256.935;-255.972;0;None;1000;None;15:45:39.027
9495;23.7489;23.5846;22.3013;-256.277;-256.692;-256.88;-256.942;-255.98;0;None;1000;None;15:45:39.525
9496;23.7568;23.5846;22.2935;-256.269;-256.684;-256.888;-256.95;-255.98;0;None;1000;None;15:45:40.022
9497;23.7489;23.5846;22.3013;-256.277;-256.692;-256.88;-256.95;-255.98;0;None;1000;None;15:45:40.519
9498;23.7489;23.5846;22.3013;-256.269;-256.684;-256.88;-256.95;-255.972;0;None;1000;None;15:45:41.021
9499;23.7489;23.5846;22.3013;-256.269;-256.692;-256.888;-256.95;-255.98;0;None;1000;None;15:45:41.528
9500;23.7489;23.5807;22.3013;-256.269;-256.692;-256.88;-256.942;-255.972;0;None;1000;None;15:45:42.027
9501;23.7489;23.5846;22.3013;-256.269;-256.692;-256.888;-256.95;-255.972;0;None;1000;None;15:45:42.520
9502;23.7489;23.5846;22.3013;-256.277;-256.692;-256.88;-256.942;-255.98;0;None;1000;None;15:45:43.018
9503;23.7568;23.5846;22.2935;-256.277;-256.684;-256.888;-256.95;-255.972;0;None;1000;None;15:45:43.529
9504;23.7568;23.5846;22.2935;-256.269;-256.692;-256.88;-256.942;-255.98;0;None;1000;None;15:45:44.026
9505;23.7489;23.5846;22.2935;-256.269;-256.684;-256.888;-256.942;-255.98;0;None;1000;None;15:45:44.521
9506;23.7489;23.5846;22.2935;-256.269;-256.684;-256.888;-256.95;-255.972;0;None;1000;None;15:45:45.020
9507;23.7411;23.5846;22.2857;-256.269;-256.684;-256.88;-256.942;-255.98;0;None;1000;None;15:45:45.513
9508;23.7489;23.5846;22.2935;-256.269;-256.692;-256.88;-256.942;-255.972;0;None;1000;None;15:45:46.026
9509;23.7489;23.5846;22.2857;-256.269;-256.692;-256.88;-256.95;-255.98;0;None;1000;None;15:45:46.522
9510;23.7489;23.5885;22.2935;-256.269;-256.692;-256.872;-256.942;-255.98;0;None;1000;None;15:45:47.021
9511;23.7489;23.5846;22.2935;-256.262;-256.684;-256.88;-256.942;-255.98;0;None;1000;None;15:45:47.518
9512;23.7489;23.5885;22.2857;-256.269;-256.684;-256.88;-256.935;-255.972;0;None;1000;None;15:45:48.013
9513;23.7568;23.5963;22.2857;-256.262;-256.692;-256.88;-256.942;-255.98;0;None;1000;None;15:45:48.525
9514;23.7568;23.5846;22.2935;-256.269;-256.684;-256.888;-256.935;-255.98;0;None;1000;None;15:45:49.023
9515;23.7568;23.5885;22.2857;-256.269;-256.692;-256.88;-256.942;-255.98;0;None;1000;None;15:45:49.521
9516;23.7411;23.5846;22.2857;-256.269;-256.684;-256.888;-256.935;-255.98;0;None;1000;None;15:45:50.022
9517;23.7568;23.5846;22.2857;-256.262;-256.684;-256.88;-256.935;-255.972;0;None;1000;None;15:45:50.514
9518;23.7489;23.5846;22.2857;-256.269;-256.692;-256.88;-256.942;-255.972;0;None;1000;None;15:45:51.028
9519;23.7489;23.5846;22.2857;-256.277;-256.7;-256.888;-256.942;-255.964;0;None;1000;None;15:45:51.525
9520;23.7568;23.5846;22.2935;-256.269;-256.692;-256.88;-256.942;-255.972;0;None;1000;None;15:45:52.023
9521;23.7489;23.5846;22.2857;-256.277;-256.7;-256.888;-256.942;-255.98;0;None;1000;None;15:45:52.530
9522;23.7489;23.5885;22.2935;-256.269;-256.7;-256.88;-256.935;-255.98;0;None;1000;None;15:45:53.018
9523;23.7568;23.5846;22.2857;-256.277;-256.692;-256.872;-256.942;-255.98;0;None;1000;None;15:45:53.528
9524;23.7489;23.5768;22.2935;-256.269;-256.692;-256.888;-256.942;-255.98;0;None;1000;None;15:45:54.026
9525;23.7568;23.5846;22.2857;-256.269;-256.692;-256.88;-256.942;-255.98;0;None;1000;None;15:45:54.523
9526;23.7489;23.5846;22.2857;-256.277;-256.7;-256.88;-256.942;-255.972;0;None;1000;None;15:45:55.022
9527;23.7568;23.5846;22.2935;-256.269;-256.684;-256.88;-256.942;-255.98;0;None;1000;None;15:45:55.517
9528;23.7568;23.5846;22.2857;-256.277;-256.692;-256.88;-256.942;-255.972;0;None;1000;None;15:45:56.029
9529;23.7568;23.5846;22.2935;-256.277;-256.692;-256.88;-256.935;-255.972;0;None;1000;None;15:45:56.526
9530;23.7489;23.5885;22.3013;-256.277;-256.692;-256.88;-256.935;-255.98;0;None;1000;None;15:45:57.025
9531;23.7489;23.5846;22.2935;-256.277;-256.684;-256.888;-256.935;-255.972;0;None;1000;None;15:45:57.521
9532;23.7568;23.5846;22.2857;-256.269;-256.676;-256.888;-256.935;-255.98;0;None;1000;None;15:45:58.017
9533;23.7489;23.5846;22.3013;-256.277;-256.676;-256.88;-256.942;-255.972;0;None;1000;None;15:45:58.527
9534;23.7489;23.5807;22.2935;-256.269;-256.684;-256.888;-256.942;-255.98;0;None;1000;None;15:45:59.021
9535;23.7568;23.5846;22.2935;-256.277;-256.692;-256.88;-256.95;-255.972;0;None;1000;None;15:45:59.516
9536;23.7489;23.5846;22.3013;-256.269;-256.676;-256.888;-256.942;-255.98;0;None;1000;None;15:46:00.024
9537;23.7568;23.5807;22.2857;-256.269;-256.684;-256.88;-256.942;-255.972;0;None;1000;None;15:46:00.520
9538;23.7411;23.5846;22.3013;-256.277;-256.684;-256.88;-256.935;-255.98;0;None;1000;None;15:46:01.020
9539;23.7489;23.5885;22.2935;-256.269;-256.692;-256.88;-256.935;-255.98;0;None;1000;None;15:46:01.529
9540;23.7489;23.5846;22.2935;-256.269;-256.684;-256.88;-256.942;-255.972;0;None;1000;None;15:46:02.026
9541;23.7489;23.5846;22.2935;-256.269;-256.692;-256.888;-256.95;-255.98;0;None;1000;None;15:46:02.523
9542;23.7568;23.5885;22.3013;-256.269;-256.684;-256.888;-256.935;-255.972;0;None;1000;None;15:46:03.023
9543;23.7568;23.5846;22.2935;-256.269;-256.684;-256.88;-256.942;-255.972;0;None;1000;None;15:46:03.517
9544;23.7568;23.5885;22.2935;-256.269;-256.684;-256.888;-256.942;-255.98;0;None;1000;None;15:46:04.030
9545;23.7568;23.5807;22.2935;-256.262;-256.684;-256.888;-256.942;-255.972;0;None;1000;None;15:46:04.527
9546;23.7568;23.5846;22.3013;-256.269;-256.692;-256.88;-256.935;-255.988;0;None;1000;None;15:46:05.026
9547;23.7568;23.5885;22.2935;-256.262;-256.684;-256.888;-256.942;-255.972;0;None;1000;None;15:46:05.524
9548;23.7568;23.5846;22.2935;-256.269;-256.684;-256.88;-256.942;-255.98;0;None;1000;None;15:46:06.018
9549;23.7568;23.5846;22.3013;-256.269;-256.684;-256.88;-256.942;-255.972;0;None;1000;None;15:46:06.516
9550;23.7568;23.5846;22.2857;-256.269;-256.684;-256.888;-256.942;-255.988;0;None;1000;None;15:46:07.029
9551;23.7568;23.5846;22.2935;-256.269;-256.692;-256.888;-256.942;-255.98;0;None;1000;None;15:46:07.526
9552;23.7568;23.5846;22.2935;-256.277;-256.692;-256.88;-256.942;-255.98;0;None;1000;None;15:46:08.026
9553;23.7568;23.5885;22.2935;-256.269;-256.692;-256.888;-256.942;-255.972;0;None;1000;None;15:46:08.519
9554;23.7568;23.5846;22.2935;-256.277;-256.684;-256.888;-256.942;-255.972;0;None;1000;None;15:46:09.023
9555;23.7568;23.5846;22.2935;-256.269;-256.684;-256.888;-256.942;-255.972;0;None;1000;None;15:46:09.532
9556;23.7568;23.5846;22.2935;-256.277;-256.684;-256.888;-256.95;-255.98;0;None;1000;None;15:46:10.027
9557;23.7489;23.5807;22.2935;-256.269;-256.692;-256.888;-256.942;-255.972;0;None;1000;None;15:46:10.527
9558;23.7568;23.5846;22.2935;-256.269;-256.692;-256.888;-256.95;-255.972;0;None;1000;None;15:46:11.017
9559;23.7568;23.5885;22.2935;-256.277;-256.684;-256.888;-256.942;-255.972;0;None;1000;None;15:46:11.531
9560;23.7489;23.5846;22.2935;-256.269;-256.692;-256.88;-256.95;-255.98;0;None;1000;None;15:46:12.028
9561;23.7568;23.5846;22.2935;-256.262;-256.684;-256.888;-256.942;-255.972;0;None;1000;None;15:46:12.523
9562;23.7489;23.5846;22.2935;-256.269;-256.692;-256.888;-256.95;-255.972;0;None;1000;None;15:46:13.025
9563;23.7489;23.5846;22.2935;-256.269;-256.684;-256.888;-256.942;-255.972;0;None;1000;None;15:46:13.519
9564;23.7568;23.5846;22.2935;-256.269;-256.684;-256.888;-256.95;-255.972;0;None;1000;None;15:46:14.016
9565;23.7489;23.5807;22.2935;-256.277;-256.684;-256.888;-256.95;-255.98;0;None;1000;None;15:46:14.527
9566;23.7411;23.5846;22.2935;-256.269;-256.692;-256.888;-256.942;-255.972;0;None;1000;None;15:46:15.021
9567;23.7568;23.5846;22.3013;-256.277;-256.684;-256.88;-256.942;-255.972;0;None;1000;None;15:46:15.518
9568;23.7489;23.5885;22.3013;-256.269;-256.684;-256.888;-256.935;-255.972;0;None;1000;None;15:46:16.031
9569;23.7489;23.5846;22.3013;-256.269;-256.692;-256.888;-256.935;-255.972;0;None;1000;None;15:46:16.528
9570;23.7568;23.5885;22.2935;-256.277;-256.684;-256.88;-256.935;-255.972;0;None;1000;None;15:46:17.026
9571;23.7568;23.5885;22.3013;-256.277;-256.692;-256.888;-256.942;-255.972;0;None;1000;None;15:46:17.523
9572;23.7489;23.5846;22.2935;-256.277;-256.684;-256.88;-256.95;-255.98;0;None;1000;None;15:46:18.028
9573;23.7568;23.5846;22.2935;-256.269;-256.684;-256.888;-256.942;-255.972;0;None;1000;None;15:46:18.533
9574;23.7489;23.5924;22.3013;-256.277;-256.684;-256.888;-256.95;-255.972;0;None;1000;None;15:46:19.028
9575;23.7489;23.5885;22.2935;-256.277;-256.684;-256.888;-256.95;-255.972;0;None;1000;None;15:46:19.524
9576;23.7489;23.5885;22.3013;-256.277;-256.684;-256.888;-256.935;-255.972;0;None;1000;None;15:46:20.022
9577;23.7489;23.5885;22.2935;-256.277;-256.676;-256.88;-256.942;-255.964;0;None;1000;None;15:46:20.519
9578;23.7411;23.5885;22.2935;-256.277;-256.676;-256.888;-256.942;-255.972;0;None;1000;None;15:46:21.032
9579;23.7489;23.5885;22.2857;-256.277;-256.684;-256.888;-256.95;-255.972;0;None;1000;None;15:46:21.528
9580;23.7489;23.5963;22.2935;-256.277;-256.684;-256.888;-256.942;-255.972;0;None;1000;None;15:46:22.025
9581;23.7489;23.5924;22.2935;-256.269;-256.676;-256.888;-256.95;-255.964;0;None;1000;None;15:46:22.522
9582;23.7489;23.5885;22.2935;-256.277;-256.684;-256.888;-256.942;-255.972;0;None;1000;None;15:46:23.033
9583;23.7489;23.5963;22.2857;-256.277;-256.676;-256.888;-256.942;-255.972;0;None;1000;None;15:46:23.532
9584;23.7489;23.5885;22.2935;-256.269;-256.684;-256.88;-256.95;-255.98;0;None;1000;None;15:46:24.027
9585;23.7411;23.5963;22.2857;-256.277;-256.692;-256.888;-256.942;-255.972;0;None;1000;None;15:46:24.525
9586;23.7489;23.5885;22.2935;-256.277;-256.684;-256.888;-256.95;-255.972;0;None;1000;None;15:46:25.026
9587;23.7489;23.5963;22.3013;-256.269;-256.684;-256.895;-256.942;-255.972;0;None;1000;None;15:46:25.519
9588;23.7489;23.5885;22.3013;-256.277;-256.684;-256.888;-256.95;-255.972;0;None;1000;None;15:46:26.032
9589;23.7489;23.5885;22.2935;-256.277;-256.692;-256.888;-256.95;-255.972;0;None;1000;None;15:46:26.530
9590;23.7489;23.5963;22.2935;-256.277;-256.684;-256.888;-256.95;-255.972;0;None;1000;None;15:46:27.027
9591;23.7489;23.5885;22.2935;-256.277;-256.692;-256.888;-256.942;-255.964;0;None;1000;None;15:46:27.523
9592;23.7568;23.5885;22.2935;-256.277;-256.676;-256.895;-256.942;-255.964;0;None;1000;None;15:46:28.020
9593;23.7489;23.5885;22.3013;-256.277;-256.692;-256.888;-256.942;-255.972;0;None;1000;None;15:46:28.532
9594;23.7489;23.5846;22.2935;-256.277;-256.684;-256.888;-256.942;-255.972;0;None;1000;None;15:46:29.030
9595;23.7489;23.5885;22.2935;-256.269;-256.684;-256.888;-256.942;-255.964;0;None;1000;None;15:46:29.527
9596;23.7489;23.5846;22.3013;-256.277;-256.684;-256.888;-256.942;-255.972;0;None;1000;None;15:46:30.034
9597;23.7489;23.5846;22.3013;-256.277;-256.676;-256.888;-256.942;-255.972;0;None;1000;None;15:46:30.528
9598;23.7489;23.5963;22.3013;-256.277;-256.684;-256.888;-256.935;-255.972;0;None;1000;None;15:46:31.019
9599;23.7489;23.5885;22.3091;-256.277;-256.684;-256.888;-256.935;-255.972;0;None;1000;None;15:46:31.528
9600;23.7489;23.5963;22.3013;-256.269;-256.676;-256.895;-256.935;-255.972;0;None;1000;None;15:46:32.022
9601;23.7411;23.5924;22.2935;-256.277;-256.684;-256.888;-256.942;-255.972;0;None;1000;None;15:46:32.534
9602;23.7489;23.5885;22.3013;-256.277;-256.684;-256.888;-256.935;-255.972;0;None;1000;None;15:46:33.028
9603;23.7411;23.5963;22.3013;-256.269;-256.684;-256.895;-256.95;-255.972;0;None;1000;None;15:46:33.529
9604;23.7489;23.5885;22.2935;-256.277;-256.676;-256.888;-256.95;-255.972;0;None;1000;None;15:46:34.033
9605;23.7489;23.5885;22.3013;-256.277;-256.684;-256.888;-256.942;-255.972;0;None;1000;None;15:46:34.528
9606;23.7489;23.5846;22.3013;-256.277;-256.684;-256.888;-256.935;-255.98;0;None;1000;None;15:46:35.024
9607;23.7411;23.5963;22.3013;-256.269;-256.684;-256.895;-256.942;-255.972;0;None;1000;None;15:46:35.535
9608;23.7411;23.5885;22.3013;-256.277;-256.692;-256.888;-256.935;-255.972;0;None;1000;None;15:46:36.031
9609;23.7333;23.5885;22.3013;-256.269;-256.684;-256.888;-256.935;-255.972;0;None;1000;None;15:46:36.529
9610;23.7411;23.5885;22.2935;-256.277;-256.684;-256.895;-256.935;-255.98;0;None;1000;None;15:46:37.033
9611;23.7411;23.5885;22.3013;-256.269;-256.684;-256.888;-256.935;-255.972;0;None;1000;None;15:46:37.534
9612;23.7411;23.5885;22.2935;-256.277;-256.684;-256.888;-256.935;-255.98;0;None;1000;None;15:46:38.021
9613;23.7333;23.5885;22.3013;-256.269;-256.692;-256.895;-256.927;-255.98;0;None;1000;None;15:46:38.532
9614;23.7411;23.5885;22.2935;-256.277;-256.684;-256.888;-256.935;-255.98;0;None;1000;None;15:46:39.030
9615;23.7411;23.5885;22.2935;-256.269;-256.676;-256.895;-256.935;-255.972;0;None;1000;None;15:46:39.521
9616;23.7333;23.5963;22.3013;-256.269;-256.684;-256.888;-256.942;-255.98;0;None;1000;None;15:46:40.032
9617;23.7489;23.5885;22.2935;-256.277;-256.676;-256.888;-256.942;-255.972;0;None;1000;None;15:46:40.527
9618;23.7411;23.5963;22.3013;-256.277;-256.684;-256.888;-256.942;-255.98;0;None;1000;None;15:46:41.023
9619;23.7411;23.5963;22.3013;-256.277;-256.684;-256.888;-256.942;-255.972;0;None;1000;None;15:46:41.534
9620;23.7333;23.5885;22.3013;-256.277;-256.684;-256.895;-256.942;-255.98;0;None;1000;None;15:46:42.030
9621;23.7489;23.5963;22.3013;-256.277;-256.676;-256.888;-256.942;-255.98;0;None;1000;None;15:46:42.525
9622;23.7411;23.5885;22.3091;-256.277;-256.684;-256.88;-256.942;-255.98;0;None;1000;None;15:46:43.020
9623;23.7411;23.5924;22.3013;-256.269;-256.676;-256.888;-256.942;-255.98;0;None;1000;None;15:46:43.531
9624;23.7411;23.5963;22.2935;-256.277;-256.684;-256.888;-256.942;-255.98;0;None;1000;None;15:46:44.023
9625;23.7489;23.5846;22.3013;-256.277;-256.684;-256.888;-256.935;-255.972;0;None;1000;None;15:46:44.530
9626;23.7489;23.5885;22.3013;-256.277;-256.684;-256.888;-256.942;-255.972;0;None;1000;None;15:46:45.026
9627;23.7411;23.5885;22.3013;-256.269;-256.684;-256.88;-256.942;-255.972;0;None;1000;None;15:46:45.534
9628;23.7489;23.5885;22.2857;-256.277;-256.684;-256.888;-256.935;-255.98;0;None;1000;None;15:46:46.031
9629;23.7411;23.5963;22.2857;-256.277;-256.684;-256.888;-256.935;-255.972;0;None;1000;None;15:46:46.527
9630;23.7489;23.5963;22.2935;-256.269;-256.684;-256.888;-256.935;-255.98;0;None;1000;None;15:46:47.034
9631;23.7411;23.5885;22.2857;-256.277;-256.684;-256.88;-256.935;-255.972;0;None;1000;None;15:46:47.529
9632;23.7489;23.5963;22.2935;-256.269;-256.692;-256.888;-256.942;-255.98;0;None;1000;None;15:46:48.024
9633;23.7411;23.5963;22.2857;-256.277;-256.684;-256.88;-256.942;-255.98;0;None;1000;None;15:46:48.535
9634;23.7333;23.5885;22.2857;-256.269;-256.684;-256.888;-256.942;-255.988;0;None;1000;None;15:46:49.030
9635;23.7333;23.5885;22.2935;-256.269;-256.684;-256.888;-256.942;-255.972;0;None;1000;None;15:46:49.526
9636;23.7411;23.5963;22.2935;-256.269;-256.676;-256.88;-256.942;-255.98;0;None;1000;None;15:46:50.023
9637;23.7411;23.5963;22.2857;-256.269;-256.684;-256.888;-256.935;-255.98;0;None;1000;None;15:46:50.536
9638;23.7411;23.5885;22.2857;-256.269;-256.684;-256.888;-256.942;-255.988;0;None;1000;None;15:46:51.029
9639;23.7411;23.5885;22.2935;-256.269;-256.684;-256.888;-256.935;-255.972;0;None;1000;None;15:46:51.537
9640;23.7411;23.5885;22.2857;-256.269;-256.684;-256.88;-256.942;-255.98;0;None;1000;None;15:46:52.034
9641;23.7411;23.5885;22.2935;-256.277;-256.684;-256.888;-256.942;-255.972;0;None;1000;None;15:46:52.537
9642;23.7333;23.5963;22.2935;-256.269;-256.692;-256.888;-256.942;-255.972;0;None;1000;None;15:46:53.028
9643;23.7411;23.5885;22.2857;-256.277;-256.692;-256.888;-256.942;-255.98;0;None;1000;None;15:46:53.525
9644;23.7411;23.5885;22.2935;-256.277;-256.692;-256.88;-256.935;-255.972;0;None;1000;None;15:46:54.034
9645;23.7411;23.5846;22.2857;-256.277;-256.692;-256.888;-256.95;-255.98;0;None;1000;None;15:46:54.530
9646;23.7411;23.5846;22.2935;-256.269;-256.684;-256.888;-256.942;-255.98;0;None;1000;None;15:46:55.027
9647;23.7333;23.5846;22.2778;-256.269;-256.692;-256.88;-256.942;-255.98;0;None;1000;None;15:46:55.537
9648;23.7333;23.5846;22.2857;-256.269;-256.684;-256.88;-256.942;-255.98;0;None;1000;None;15:46:56.032
9649;23.7255;23.5846;22.2857;-256.269;-256.692;-256.888;-256.942;-255.98;0;None;1000;None;15:46:56.529
9650;23.7333;23.5846;22.2857;-256.277;-256.692;-256.888;-256.942;-255.98;0;None;1000;None;15:46:57.024
9651;23.7333;23.5885;22.2857;-256.269;-256.676;-256.88;-256.95;-255.98;0;None;1000;None;15:46:57.536
9652;23.7255;23.5885;22.2857;-256.269;-256.692;-256.88;-256.942;-255.98;0;None;1000;None;15:46:58.031
9653;23.7255;23.5846;22.2857;-256.269;-256.684;-256.888;-256.95;-255.98;0;None;1000;None;15:46:58.527
9654;23.7255;23.5846;22.2857;-256.269;-256.692;-256.888;-256.942;-255.98;0;None;1000;None;15:46:59.021
9655;23.7333;23.5885;22.2935;-256.269;-256.692;-256.88;-256.942;-255.988;0;None;1000;None;15:46:59.531
9656;23.7333;23.5846;22.2857;-256.269;-256.692;-256.888;-256.95;-255.98;0;None;1000;None;15:47:00.026
9657;23.7255;23.5846;22.2935;-256.269;-256.684;-256.88;-256.95;-255.98;0;None;1000;None;15:47:00.536
9658;23.7333;23.5846;22.2857;-256.277;-256.684;-256.888;-256.95;-255.972;0;None;1000;None;15:47:01.037
9659;23.7333;23.5846;22.2857;-256.277;-256.684;-256.888;-256.95;-255.98;0;None;1000;None;15:47:01.530
9660;23.7255;23.5846;22.2935;-256.277;-256.692;-256.888;-256.942;-255.988;0;None;1000;None;15:47:02.029
9661;23.7333;23.5807;22.2857;-256.277;-256.684;-256.88;-256.95;-255.972;0;None;1000;None;15:47:02.537
9662;23.7333;23.5807;22.2935;-256.269;-256.676;-256.88;-256.95;-255.988;0;None;1000;None;15:47:03.033
9663;23.7333;23.5807;22.2935;-256.277;-256.692;-256.888;-256.95;-255.98;0;None;1000;None;15:47:03.538
