Number;DT1;DT2;DT3;DT4;DT5;DT6;DT7;DT8;P_now;T_imp;K_prop;T_stab;Time
9;46.8132;45.9681;22.0587;-256.277;-256.684;-256.895;-256.958;-255.964;0;None;1000;None;13:05:15.584
10;46.8132;45.9603;22.0548;-256.269;-256.684;-256.895;-256.95;-255.964;0;None;1000;None;13:05:16.083
11;46.7897;45.9524;22.0587;-256.262;-256.676;-256.895;-256.958;-255.964;0;None;1000;None;13:05:16.583
12;46.7819;45.9368;22.0626;-256.269;-256.684;-256.903;-256.95;-255.964;0;None;1000;None;13:05:17.082
13;46.7741;45.929;22.0705;-256.262;-256.676;-256.895;-256.958;-255.956;0;None;1000;None;13:05:17.583
14;46.7662;45.9133;22.0626;-256.269;-256.684;-256.888;-256.942;-255.964;0;None;1000;None;13:05:18.083
15;46.7428;45.9055;22.0626;-256.262;-256.684;-256.895;-256.95;-255.964;0;None;1000;None;13:05:18.582
16;46.7349;45.8898;22.0783;-256.262;-256.692;-256.895;-256.958;-255.964;0;None;1000;None;13:05:19.082
17;46.7193;45.882;22.0626;-256.269;-256.684;-256.903;-256.966;-255.956;0;None;1000;None;13:05:19.582
18;46.6958;45.8585;22.0626;-256.262;-256.684;-256.895;-256.966;-255.964;0;None;1000;None;13:05:20.082
19;46.688;45.8507;22.0626;-256.269;-256.684;-256.903;-256.958;-255.964;0;None;1000;None;13:05:20.583
20;46.6723;45.8429;22.0666;-256.262;-256.684;-256.895;-256.966;-255.964;0;None;1000;None;13:05:21.083
21;46.6645;45.8194;22.0626;-256.269;-256.684;-256.903;-256.958;-255.964;0;None;1000;None;13:05:21.583
22;46.641;45.8077;22.0626;-256.269;-256.684;-256.888;-256.95;-255.964;0;None;1000;None;13:05:22.084
23;46.6254;45.8038;22.0626;-256.269;-256.692;-256.895;-256.95;-255.964;0;None;1000;None;13:05:22.583
24;46.6176;45.7959;22.0626;-256.269;-256.692;-256.895;-256.958;-255.956;0;None;1000;None;13:05:23.083
25;46.6136;45.7842;22.0626;-256.269;-256.684;-256.895;-256.95;-255.964;0;None;1000;None;13:05:23.584
26;46.5823;45.7685;22.0626;-256.277;-256.692;-256.895;-256.95;-255.964;0;None;1000;None;13:05:24.084
27;46.5823;45.7607;22.0626;-256.269;-256.684;-256.895;-256.95;-255.964;0;None;1000;None;13:05:24.583
28;46.551;45.7372;22.0587;-256.269;-256.692;-256.88;-256.958;-255.964;0;None;1000;None;13:05:25.082
29;46.5354;45.7138;22.0705;-256.277;-256.692;-256.895;-256.958;-255.964;0;None;1000;None;13:05:25.582
30;46.5197;45.7059;22.0626;-256.269;-256.684;-256.888;-256.958;-255.956;0;None;1000;None;13:05:26.083
31;46.5119;45.6746;22.0626;-256.277;-256.692;-256.895;-256.958;-255.964;0;None;1000;None;13:05:26.583
32;46.4806;45.6668;22.0626;-256.269;-256.684;-256.888;-256.958;-255.972;0;None;1000;None;13:05:27.083
33;46.4728;45.6512;22.0587;-256.269;-256.692;-256.895;-256.958;-255.956;0;None;1000;None;13:05:27.591
34;46.4493;45.6355;22.0548;-256.277;-256.684;-256.903;-256.966;-255.964;0;None;1000;None;13:05:28.083
35;46.4258;45.6199;22.0548;-256.277;-256.684;-256.888;-256.958;-255.956;0;None;1000;None;13:05:28.583
36;46.4141;45.612;22.0587;-256.277;-256.692;-256.895;-256.966;-255.964;0;None;1000;None;13:05:29.083
37;46.4063;45.5925;22.0548;-256.269;-256.692;-256.888;-256.95;-255.964;0;None;1000;None;13:05:29.583
38;46.3906;45.5886;22.0587;-256.277;-256.692;-256.895;-256.958;-255.964;0;None;1000;None;13:05:30.083
39;46.3672;45.5807;22.0587;-256.277;-256.684;-256.895;-256.95;-255.964;0;None;1000;None;13:05:30.582
40;46.3515;45.569;22.0587;-256.277;-256.684;-256.895;-256.958;-255.964;0;None;1000;None;13:05:31.082
41;46.3202;45.5534;22.0626;-256.269;-256.684;-256.895;-256.966;-255.964;0;None;1000;None;13:05:31.583
42;46.3124;45.5299;22.0705;-256.277;-256.692;-256.895;-256.966;-255.964;0;None;1000;None;13:05:32.082
43;46.2889;45.5064;22.0626;-256.269;-256.684;-256.888;-256.958;-255.964;0;None;1000;None;13:05:32.582
44;46.2733;45.5064;22.0626;-256.277;-256.684;-256.895;-256.966;-255.964;0;None;1000;None;13:05:33.082
45;46.2576;45.4829;22.0705;-256.277;-256.684;-256.895;-256.966;-255.964;0;None;1000;None;13:05:33.583
46;46.2341;45.4751;22.0705;-256.269;-256.684;-256.895;-256.966;-255.964;0;None;1000;None;13:05:34.082
47;46.2107;45.4595;22.0626;-256.269;-256.692;-256.888;-256.95;-255.972;0;None;1000;None;13:05:34.583
48;46.195;45.436;22.0705;-256.269;-256.684;-256.895;-256.958;-255.964;0;None;1000;None;13:05:35.082
49;46.1794;45.436;22.0587;-256.262;-256.684;-256.895;-256.95;-255.972;0;None;1000;None;13:05:35.583
50;46.1676;45.4282;22.0626;-256.262;-256.684;-256.888;-256.95;-255.964;0;None;1000;None;13:05:36.083
51;46.1441;45.4164;22.0626;-256.269;-256.684;-256.895;-256.958;-255.972;0;None;1000;None;13:05:36.583
52;46.1285;45.4164;22.0626;-256.269;-256.676;-256.888;-256.95;-255.964;0;None;1000;None;13:05:37.083
53;46.105;45.4047;22.0626;-256.277;-256.684;-256.895;-256.95;-255.972;0;None;1000;None;13:05:37.583
54;46.0815;45.3929;22.0626;-256.269;-256.684;-256.888;-256.95;-255.964;0;None;1000;None;13:05:38.082
55;46.0581;45.3773;22.0626;-256.269;-256.676;-256.895;-256.95;-255.972;0;None;1000;None;13:05:38.581
56;46.0424;45.3616;22.0626;-256.262;-256.684;-256.895;-256.958;-255.964;0;None;1000;None;13:05:39.083
57;46.0307;45.346;22.0705;-256.269;-256.684;-256.895;-256.95;-255.964;0;None;1000;None;13:05:39.582
58;46.015;45.3303;22.0626;-256.269;-256.676;-256.888;-256.95;-255.964;0;None;1000;None;13:05:40.084
59;46.0072;45.3069;22.0626;-256.269;-256.684;-256.903;-256.958;-255.964;0;None;1000;None;13:05:40.582
60;45.9759;45.299;22.0705;-256.277;-256.684;-256.895;-256.95;-255.964;0;None;1000;None;13:05:41.083
61;45.9524;45.2834;22.0705;-256.262;-256.684;-256.903;-256.958;-255.956;0;None;1000;None;13:05:41.583
62;45.9368;45.2599;22.0705;-256.277;-256.684;-256.895;-256.958;-255.964;0;None;1000;None;13:05:42.082
63;45.9055;45.2521;22.0783;-256.269;-256.676;-256.895;-256.95;-255.964;0;None;1000;None;13:05:42.582
64;45.8977;45.2286;22.0783;-256.269;-256.684;-256.895;-256.958;-255.964;0;None;1000;None;13:05:43.083
65;45.8742;45.213;22.0705;-256.269;-256.684;-256.895;-256.95;-255.956;0;None;1000;None;13:05:43.583
66;45.8507;45.2012;22.0783;-256.269;-256.692;-256.903;-256.958;-255.964;0;None;1000;None;13:05:44.083
67;45.8351;45.1934;22.0705;-256.262;-256.684;-256.895;-256.95;-255.972;0;None;1000;None;13:05:44.582
68;45.8194;45.1895;22.0705;-256.269;-256.684;-256.903;-256.95;-255.964;0;None;1000;None;13:05:45.082
69;45.8038;45.1778;22.0783;-256.269;-256.692;-256.895;-256.958;-255.964;0;None;1000;None;13:05:45.583
70;45.7881;45.1699;22.0783;-256.269;-256.692;-256.895;-256.95;-255.964;0;None;1000;None;13:05:46.082
71;45.7685;45.1465;22.0705;-256.269;-256.692;-256.895;-256.958;-255.964;0;None;1000;None;13:05:46.582
72;45.7451;45.1386;22.0783;-256.269;-256.684;-256.903;-256.958;-255.964;0;None;1000;None;13:05:47.082
73;45.7216;45.1152;22.0783;-256.269;-256.676;-256.903;-256.958;-255.956;0;None;1000;None;13:05:47.582
74;45.6981;45.0839;22.0705;-256.269;-256.684;-256.895;-256.958;-255.972;0;None;1000;None;13:05:48.083
75;45.6746;45.0682;22.0783;-256.269;-256.692;-256.903;-256.95;-255.964;0;None;1000;None;13:05:48.581
76;45.6668;45.0526;22.0705;-256.269;-256.684;-256.895;-256.958;-255.956;0;None;1000;None;13:05:49.082
77;45.6512;45.0213;22.0783;-256.269;-256.684;-256.903;-256.958;-255.964;0;None;1000;None;13:05:49.581
78;45.6277;45.0056;22.0705;-256.269;-256.684;-256.903;-256.95;-255.964;0;None;1000;None;13:05:50.081
79;45.612;44.99;22.0783;-256.262;-256.692;-256.903;-256.958;-255.964;0;None;1000;None;13:05:50.581
80;45.5925;44.9782;22.0705;-256.269;-256.684;-256.903;-256.95;-255.964;0;None;1000;None;13:05:51.081
81;45.5847;44.9626;22.0626;-256.262;-256.692;-256.903;-256.958;-255.964;0;None;1000;None;13:05:51.583
82;45.569;44.9547;22.0705;-256.269;-256.692;-256.895;-256.95;-255.964;0;None;1000;None;13:05:52.080
83;45.5455;44.9391;22.0783;-256.269;-256.692;-256.903;-256.958;-255.972;0;None;1000;None;13:05:52.580
84;45.5299;44.9156;22.0705;-256.269;-256.684;-256.903;-256.95;-255.964;0;None;1000;None;13:05:53.082
85;45.5142;44.9078;22.0783;-256.262;-256.692;-256.903;-256.95;-255.964;0;None;1000;None;13:05:53.582
86;45.4986;44.8843;22.0783;-256.269;-256.692;-256.903;-256.942;-255.964;0;None;1000;None;13:05:54.082
87;45.4751;44.8687;22.0783;-256.269;-256.692;-256.895;-256.95;-255.964;0;None;1000;None;13:05:54.582
88;45.4595;44.853;22.0861;-256.269;-256.684;-256.903;-256.95;-255.964;0;None;1000;None;13:05:55.082
89;45.436;44.8295;22.0783;-256.262;-256.692;-256.895;-256.95;-255.956;0;None;1000;None;13:05:55.582
90;45.4203;44.8295;22.0861;-256.269;-256.692;-256.903;-256.942;-255.964;0;None;1000;None;13:05:56.082
91;45.3969;44.8061;22.0705;-256.269;-256.684;-256.903;-256.958;-255.964;0;None;1000;None;13:05:56.583
92;45.3773;44.7982;22.0861;-256.269;-256.692;-256.903;-256.95;-255.956;0;None;1000;None;13:05:57.083
93;45.3656;44.7787;22.0783;-256.262;-256.7;-256.895;-256.95;-255.964;0;None;1000;None;13:05:57.582
94;45.346;44.7709;22.0783;-256.269;-256.684;-256.903;-256.958;-255.964;0;None;1000;None;13:05:58.082
95;45.3225;44.7552;22.0783;-256.269;-256.692;-256.895;-256.95;-255.964;0;None;1000;None;13:05:58.582
96;45.299;44.7396;22.0783;-256.269;-256.692;-256.903;-256.958;-255.964;0;None;1000;None;13:05:59.082
97;45.2756;44.7239;22.0705;-256.269;-256.684;-256.903;-256.95;-255.956;0;None;1000;None;13:05:59.585
98;45.2443;44.7083;22.0783;-256.262;-256.692;-256.903;-256.958;-255.964;0;None;1000;None;13:06:00.081
99;45.2286;44.6926;22.0705;-256.269;-256.684;-256.903;-256.958;-255.964;0;None;1000;None;13:06:00.584
100;45.2051;44.677;22.0783;-256.269;-256.692;-256.903;-256.95;-255.964;0;None;1000;None;13:06:01.083
101;45.1973;44.6613;22.0783;-256.269;-256.684;-256.903;-256.958;-255.964;0;None;1000;None;13:06:01.581
102;45.1738;44.6457;22.0783;-256.269;-256.692;-256.903;-256.958;-255.956;0;None;1000;None;13:06:02.081
103;45.1621;44.6222;22.0705;-256.277;-256.692;-256.903;-256.95;-255.964;0;None;1000;None;13:06:02.581
104;45.1543;44.6065;22.0783;-256.269;-256.692;-256.903;-256.958;-255.964;0;None;1000;None;13:06:03.081
105;45.1504;44.5948;22.0783;-256.277;-256.7;-256.911;-256.966;-255.964;0;None;1000;None;13:06:03.583
106;45.1308;44.587;22.0783;-256.269;-256.692;-256.903;-256.966;-255.972;0;None;1000;None;13:06:04.081
107;45.1152;44.5791;22.0783;-256.269;-256.692;-256.903;-256.966;-255.964;0;None;1000;None;13:06:04.580
108;45.1073;44.5635;22.0783;-256.269;-256.692;-256.903;-256.966;-255.964;0;None;1000;None;13:06:05.082
109;45.0839;44.54;22.0783;-256.262;-256.684;-256.903;-256.966;-255.964;0;None;1000;None;13:06:05.583
110;45.0604;44.5165;22.0783;-256.269;-256.692;-256.903;-256.966;-255.964;0;None;1000;None;13:06:06.083
111;45.0526;44.5009;22.0783;-256.269;-256.684;-256.895;-256.95;-255.964;0;None;1000;None;13:06:06.582
112;45.0213;44.4852;22.0783;-256.269;-256.684;-256.911;-256.958;-255.956;0;None;1000;None;13:06:07.082
113;45.0134;44.4774;22.0861;-256.269;-256.692;-256.903;-256.95;-255.964;0;None;1000;None;13:06:07.582
114;44.986;44.4539;22.0783;-256.269;-256.684;-256.903;-256.958;-255.964;0;None;1000;None;13:06:08.083
115;44.986;44.4305;22.0861;-256.269;-256.684;-256.895;-256.95;-255.964;0;None;1000;None;13:06:08.582
116;44.9743;44.4226;22.0783;-256.269;-256.684;-256.895;-256.958;-255.964;0;None;1000;None;13:06:09.082
117;44.9626;44.3992;22.0705;-256.277;-256.684;-256.903;-256.958;-255.956;0;None;1000;None;13:06:09.583
118;44.9391;44.3835;22.0783;-256.269;-256.684;-256.895;-256.95;-255.964;0;None;1000;None;13:06:10.083
119;44.9234;44.3796;22.0783;-256.269;-256.684;-256.903;-256.958;-255.964;0;None;1000;None;13:06:10.584
120;44.9156;44.3757;22.0783;-256.269;-256.684;-256.903;-256.958;-255.964;0;None;1000;None;13:06:11.083
121;44.8921;44.36;22.0783;-256.269;-256.684;-256.903;-256.958;-255.964;0;None;1000;None;13:06:11.582
122;44.8765;44.3561;22.0783;-256.277;-256.684;-256.903;-256.95;-255.964;0;None;1000;None;13:06:12.083
123;44.8608;44.3248;22.0705;-256.262;-256.684;-256.895;-256.95;-255.956;0;None;1000;None;13:06:12.582
124;44.8374;44.3092;22.0861;-256.269;-256.676;-256.903;-256.95;-255.964;0;None;1000;None;13:06:13.083
125;44.8295;44.2935;22.0861;-256.269;-256.684;-256.888;-256.958;-255.964;0;None;1000;None;13:06:13.582
126;44.8139;44.2701;22.0783;-256.269;-256.684;-256.903;-256.95;-255.964;0;None;1000;None;13:06:14.082
127;44.7982;44.2622;22.0783;-256.277;-256.684;-256.895;-256.95;-255.956;0;None;1000;None;13:06:14.583
128;44.7787;44.2388;22.0861;-256.262;-256.692;-256.903;-256.958;-255.972;0;None;1000;None;13:06:15.083
129;44.763;44.2231;22.0783;-256.269;-256.684;-256.903;-256.95;-255.964;0;None;1000;None;13:06:15.583
130;44.7552;44.2075;22.0939;-256.269;-256.684;-256.895;-256.95;-255.964;0;None;1000;None;13:06:16.083
131;44.7317;44.1996;22.0861;-256.262;-256.684;-256.895;-256.95;-255.964;0;None;1000;None;13:06:16.583
132;44.7161;44.1918;22.0861;-256.262;-256.684;-256.895;-256.942;-255.964;0;None;1000;None;13:06:17.083
133;44.7004;44.1801;22.0861;-256.262;-256.692;-256.895;-256.95;-255.964;0;None;1000;None;13:06:17.582
134;44.677;44.1566;22.0861;-256.269;-256.692;-256.895;-256.95;-255.964;0;None;1000;None;13:06:18.081
135;44.6613;44.1488;22.0861;-256.262;-256.684;-256.895;-256.95;-255.964;0;None;1000;None;13:06:18.582
136;44.6457;44.1331;22.0939;-256.269;-256.692;-256.903;-256.95;-255.964;0;None;1000;None;13:06:19.080
137;44.63;44.1175;22.0939;-256.269;-256.684;-256.895;-256.95;-255.964;0;None;1000;None;13:06:19.581
138;44.6065;44.1018;22.0861;-256.269;-256.684;-256.895;-256.942;-255.964;0;None;1000;None;13:06:20.082
139;44.5987;44.0862;22.0783;-256.269;-256.684;-256.895;-256.95;-255.964;0;None;1000;None;13:06:20.583
140;44.5831;44.0783;22.0861;-256.269;-256.692;-256.895;-256.95;-255.964;0;None;1000;None;13:06:21.082
141;44.5596;44.0627;22.0705;-256.269;-256.684;-256.895;-256.95;-255.956;0;None;1000;None;13:06:21.582
142;44.5478;44.0549;22.0783;-256.269;-256.692;-256.895;-256.95;-255.964;0;None;1000;None;13:06:22.082
143;44.5439;44.0392;22.0861;-256.262;-256.684;-256.895;-256.942;-255.964;0;None;1000;None;13:06:22.583
144;44.5244;44.0236;22.0861;-256.269;-256.684;-256.903;-256.958;-255.956;0;None;1000;None;13:06:23.082
145;44.5087;44.0079;22.0783;-256.277;-256.692;-256.895;-256.942;-255.964;0;None;1000;None;13:06:23.581
146;44.4852;43.9923;22.0861;-256.277;-256.684;-256.888;-256.95;-255.956;0;None;1000;None;13:06:24.081
147;44.4696;43.9884;22.0783;-256.269;-256.684;-256.895;-256.942;-255.964;0;None;1000;None;13:06:24.581
148;44.4539;43.9766;22.0939;-256.269;-256.676;-256.895;-256.942;-255.956;0;None;1000;None;13:06:25.082
149;44.4383;43.9766;22.0861;-256.277;-256.692;-256.895;-256.95;-255.964;0;None;1000;None;13:06:25.582
150;44.407;43.9571;22.0783;-256.269;-256.692;-256.895;-256.95;-255.956;0;None;1000;None;13:06:26.082
151;44.3992;43.9414;22.0861;-256.277;-256.684;-256.895;-256.958;-255.964;0;None;1000;None;13:06:26.581
152;44.3757;43.9257;22.0861;-256.277;-256.692;-256.895;-256.95;-255.964;0;None;1000;None;13:06:27.082
153;44.3522;43.9179;22.0861;-256.269;-256.692;-256.895;-256.95;-255.964;0;None;1000;None;13:06:27.582
154;44.3405;43.9023;22.0939;-256.277;-256.684;-256.895;-256.95;-255.964;0;None;1000;None;13:06:28.082
155;44.3327;43.8866;22.0861;-256.269;-256.692;-256.895;-256.958;-255.964;0;None;1000;None;13:06:28.582
156;44.3248;43.8788;22.0861;-256.277;-256.684;-256.895;-256.95;-255.964;0;None;1000;None;13:06:29.082
157;44.3092;43.8553;22.0939;-256.269;-256.692;-256.895;-256.95;-255.964;0;None;1000;None;13:06:29.582
158;44.2857;43.8475;22.0861;-256.277;-256.684;-256.895;-256.95;-255.956;0;None;1000;None;13:06:30.083
159;44.2701;43.8397;22.0783;-256.262;-256.7;-256.888;-256.958;-255.964;0;None;1000;None;13:06:30.582
160;44.2544;43.8162;22.0861;-256.262;-256.684;-256.895;-256.95;-255.956;0;None;1000;None;13:06:31.081
161;44.2466;43.8005;22.0861;-256.262;-256.692;-256.888;-256.942;-255.956;0;None;1000;None;13:06:31.582
162;44.2153;43.7849;22.0939;-256.269;-256.692;-256.888;-256.95;-255.956;0;None;1000;None;13:06:32.095
163;44.2075;43.7732;22.0861;-256.262;-256.684;-256.888;-256.95;-255.964;0;None;1000;None;13:06:32.582
164;44.184;43.7692;22.0939;-256.262;-256.684;-256.888;-256.958;-255.956;0;None;1000;None;13:06:33.083
165;44.1605;43.7575;22.0861;-256.269;-256.692;-256.888;-256.942;-255.956;0;None;1000;None;13:06:33.582
166;44.1527;43.7497;22.0861;-256.262;-256.684;-256.888;-256.942;-255.964;0;None;1000;None;13:06:34.083
167;44.1331;43.7262;22.0783;-256.269;-256.684;-256.888;-256.95;-255.956;0;None;1000;None;13:06:34.582
168;44.1214;43.7262;22.0861;-256.269;-256.684;-256.888;-256.95;-255.964;0;None;1000;None;13:06:35.082
169;44.1175;43.7027;22.0861;-256.262;-256.684;-256.895;-256.95;-255.964;0;None;1000;None;13:06:35.582
170;44.1018;43.6949;22.0939;-256.269;-256.684;-256.888;-256.958;-255.964;0;None;1000;None;13:06:36.082
171;44.0862;43.6793;22.1018;-256.269;-256.684;-256.888;-256.958;-255.964;0;None;1000;None;13:06:36.580
172;44.0627;43.6714;22.0939;-256.262;-256.684;-256.888;-256.958;-255.956;0;None;1000;None;13:06:37.080
173;44.0549;43.6558;22.0939;-256.269;-256.684;-256.888;-256.95;-255.964;0;None;1000;None;13:06:37.582
174;44.0314;43.6401;22.0939;-256.262;-256.684;-256.888;-256.958;-255.956;0;None;1000;None;13:06:38.081
175;44.0157;43.6245;22.0939;-256.269;-256.684;-256.888;-256.95;-255.964;0;None;1000;None;13:06:38.581
176;44.0079;43.601;22.0939;-256.269;-256.684;-256.888;-256.95;-255.964;0;None;1000;None;13:06:39.081
177;43.9766;43.5971;22.0939;-256.269;-256.684;-256.888;-256.95;-255.964;0;None;1000;None;13:06:39.583
178;43.9571;43.5854;22.0861;-256.269;-256.684;-256.888;-256.95;-255.964;0;None;1000;None;13:06:40.082
179;43.9492;43.5658;22.0861;-256.269;-256.692;-256.888;-256.95;-255.964;0;None;1000;None;13:06:40.582
180;43.9375;43.5501;22.0939;-256.262;-256.684;-256.888;-256.95;-255.956;0;None;1000;None;13:06:41.082
181;43.9257;43.5423;22.0861;-256.269;-256.684;-256.888;-256.95;-255.972;0;None;1000;None;13:06:41.583
182;43.9101;43.5188;22.0861;-256.262;-256.684;-256.888;-256.942;-255.964;0;None;1000;None;13:06:42.080
183;43.8944;43.5032;22.0861;-256.262;-256.692;-256.895;-256.95;-255.972;0;None;1000;None;13:06:42.582
184;43.8788;43.4797;22.0861;-256.262;-256.684;-256.888;-256.958;-255.964;0;None;1000;None;13:06:43.082
185;43.871;43.4797;22.0939;-256.269;-256.684;-256.888;-256.958;-255.964;0;None;1000;None;13:06:43.583
186;43.8475;43.4641;22.0861;-256.262;-256.684;-256.888;-256.95;-255.964;0;None;1000;None;13:06:44.082
187;43.8397;43.4562;22.0939;-256.269;-256.684;-256.888;-256.95;-255.964;0;None;1000;None;13:06:44.582
188;43.8162;43.4406;22.0861;-256.269;-256.684;-256.88;-256.958;-255.972;0;None;1000;None;13:06:45.082
189;43.8005;43.4171;22.0939;-256.262;-256.684;-256.888;-256.95;-255.964;0;None;1000;None;13:06:45.594
190;43.7849;43.4171;22.0861;-256.262;-256.684;-256.888;-256.942;-255.964;0;None;1000;None;13:06:46.082
191;43.7692;43.4015;22.0861;-256.269;-256.676;-256.888;-256.942;-255.964;0;None;1000;None;13:06:46.582
192;43.7536;43.3858;22.0861;-256.262;-256.684;-256.888;-256.95;-255.964;0;None;1000;None;13:06:47.082
193;43.7379;43.378;22.0939;-256.269;-256.676;-256.895;-256.942;-255.956;0;None;1000;None;13:06:47.583
194;43.7301;43.3663;22.0861;-256.269;-256.684;-256.888;-256.95;-255.964;0;None;1000;None;13:06:48.081
195;43.7223;43.3506;22.0861;-256.269;-256.684;-256.888;-256.942;-255.964;0;None;1000;None;13:06:48.582
196;43.7184;43.335;22.0939;-256.269;-256.684;-256.888;-256.942;-255.972;0;None;1000;None;13:06:49.082
197;43.6949;43.3037;22.0861;-256.269;-256.684;-256.895;-256.95;-255.964;0;None;1000;None;13:06:49.582
198;43.6793;43.2958;22.0861;-256.269;-256.692;-256.888;-256.95;-255.972;0;None;1000;None;13:06:50.082
199;43.6558;43.2724;22.0861;-256.269;-256.684;-256.888;-256.95;-255.964;0;None;1000;None;13:06:50.581
200;43.6401;43.2724;22.0939;-256.269;-256.692;-256.888;-256.95;-255.964;0;None;1000;None;13:06:51.082
201;43.6245;43.2567;22.0861;-256.269;-256.684;-256.895;-256.95;-255.964;0;None;1000;None;13:06:51.583
202;43.601;43.2411;22.0861;-256.277;-256.692;-256.888;-256.958;-255.972;0;None;1000;None;13:06:52.081
203;43.5932;43.2332;22.0939;-256.277;-256.684;-256.888;-256.95;-255.956;0;None;1000;None;13:06:52.580
204;43.5697;43.2176;22.0939;-256.277;-256.692;-256.895;-256.958;-255.956;0;None;1000;None;13:06:53.081
205;43.5541;43.2019;22.0861;-256.269;-256.684;-256.888;-256.958;-255.964;0;None;1000;None;13:06:53.582
206;43.5384;43.1863;22.0861;-256.277;-256.684;-256.888;-256.958;-255.964;0;None;1000;None;13:06:54.082
207;43.5228;43.1785;22.0861;-256.277;-256.684;-256.888;-256.958;-255.964;0;None;1000;None;13:06:54.583
208;43.5149;43.1628;22.0939;-256.269;-256.684;-256.888;-256.958;-255.964;0;None;1000;None;13:06:55.082
209;43.5071;43.1589;22.0861;-256.269;-256.684;-256.895;-256.966;-255.964;0;None;1000;None;13:06:55.582
210;43.5032;43.1511;22.0939;-256.277;-256.692;-256.895;-256.95;-255.964;0;None;1000;None;13:06:56.081
211;43.4797;43.1432;22.0939;-256.269;-256.684;-256.895;-256.958;-255.964;0;None;1000;None;13:06:56.582
212;43.4719;43.1276;22.0861;-256.269;-256.692;-256.888;-256.958;-255.964;0;None;1000;None;13:06:57.081
213;43.4484;43.1198;22.0939;-256.269;-256.684;-256.895;-256.958;-255.964;0;None;1000;None;13:06:57.580
214;43.4406;43.1041;22.0861;-256.277;-256.692;-256.895;-256.95;-255.964;0;None;1000;None;13:06:58.080
215;43.4249;43.0806;22.0939;-256.269;-256.684;-256.895;-256.958;-255.956;0;None;1000;None;13:06:58.581
216;43.4015;43.065;22.0939;-256.277;-256.692;-256.888;-256.95;-255.956;0;None;1000;None;13:06:59.082
217;43.3936;43.0493;22.0861;-256.269;-256.692;-256.895;-256.95;-255.956;0;None;1000;None;13:06:59.582
218;43.3702;43.0337;22.0939;-256.277;-256.692;-256.895;-256.958;-255.964;0;None;1000;None;13:07:00.080
219;43.3623;43.018;22.0939;-256.277;-256.684;-256.895;-256.95;-255.964;0;None;1000;None;13:07:00.580
220;43.3545;42.9907;22.0939;-256.269;-256.692;-256.895;-256.942;-255.956;0;None;1000;None;13:07:01.082
221;43.331;42.9828;22.0939;-256.277;-256.684;-256.895;-256.95;-255.956;0;None;1000;None;13:07:01.583
222;43.3154;42.9789;22.0861;-256.269;-256.7;-256.895;-256.95;-255.956;0;None;1000;None;13:07:02.083
223;43.3076;42.9594;22.0861;-256.277;-256.692;-256.903;-256.958;-255.956;0;None;1000;None;13:07:02.582
224;43.2997;42.9515;22.0939;-256.269;-256.684;-256.895;-256.95;-255.964;0;None;1000;None;13:07:03.083
225;43.2958;42.9359;22.1018;-256.269;-256.692;-256.895;-256.95;-255.956;0;None;1000;None;13:07:03.582
226;43.2802;42.9281;22.0939;-256.269;-256.692;-256.895;-256.942;-255.964;0;None;1000;None;13:07:04.081
227;43.2724;42.9046;22.1018;-256.262;-256.676;-256.895;-256.95;-255.956;0;None;1000;None;13:07:04.582
228;43.2489;42.8889;22.1096;-256.269;-256.684;-256.895;-256.95;-255.956;0;None;1000;None;13:07:05.082
229;43.2411;42.8811;22.1018;-256.269;-256.684;-256.903;-256.95;-255.949;0;None;1000;None;13:07:05.580
230;43.2176;42.8655;22.1018;-256.269;-256.692;-256.895;-256.958;-255.956;0;None;1000;None;13:07:06.082
231;43.2019;42.842;22.1018;-256.262;-256.676;-256.895;-256.942;-255.949;0;None;1000;None;13:07:06.582
232;43.1941;42.8342;22.0939;-256.269;-256.692;-256.895;-256.95;-255.949;0;None;1000;None;13:07:07.083
233;43.1785;42.8263;22.1018;-256.262;-256.684;-256.903;-256.942;-255.956;0;None;1000;None;13:07:07.582
234;43.1628;42.8029;22.0939;-256.262;-256.684;-256.895;-256.942;-255.956;0;None;1000;None;13:07:08.082
235;43.1393;42.795;22.1018;-256.262;-256.684;-256.903;-256.942;-255.956;0;None;1000;None;13:07:08.582
236;43.1315;42.7755;22.0939;-256.269;-256.684;-256.895;-256.942;-255.949;0;None;1000;None;13:07:09.082
237;43.1159;42.7755;22.0939;-256.262;-256.684;-256.903;-256.95;-255.964;0;None;1000;None;13:07:09.582
238;43.1002;42.7676;22.0939;-256.262;-256.684;-256.903;-256.942;-255.956;0;None;1000;None;13:07:10.082
239;43.0885;42.752;22.0861;-256.269;-256.684;-256.888;-256.95;-255.956;0;None;1000;None;13:07:10.582
240;43.0806;42.7442;22.1018;-256.262;-256.692;-256.895;-256.95;-255.956;0;None;1000;None;13:07:11.081
241;43.0728;42.7285;22.1018;-256.269;-256.684;-256.903;-256.942;-255.956;0;None;1000;None;13:07:11.581
242;43.065;42.7129;22.1018;-256.262;-256.692;-256.895;-256.95;-255.956;0;None;1000;None;13:07:12.082
243;43.0493;42.705;22.0939;-256.262;-256.692;-256.888;-256.942;-255.956;0;None;1000;None;13:07:12.582
244;43.0337;42.6816;22.0939;-256.262;-256.692;-256.895;-256.95;-255.964;0;None;1000;None;13:07:13.081
245;43.018;42.6581;22.1018;-256.262;-256.7;-256.888;-256.95;-255.956;0;None;1000;None;13:07:13.582
246;43.0102;42.6503;22.0939;-256.262;-256.692;-256.895;-256.95;-255.964;0;None;1000;None;13:07:14.082
247;42.9789;42.6268;22.1096;-256.269;-256.692;-256.895;-256.95;-255.964;0;None;1000;None;13:07:14.582
248;42.9789;42.6033;22.1174;-256.269;-256.692;-256.888;-256.95;-255.956;0;None;1000;None;13:07:15.082
249;42.9554;42.5955;22.1174;-256.262;-256.692;-256.895;-256.958;-255.964;0;None;1000;None;13:07:15.582
250;42.9476;42.5798;22.1174;-256.262;-256.692;-256.903;-256.958;-255.956;0;None;1000;None;13:07:16.081
251;42.9398;42.572;22.1174;-256.269;-256.692;-256.895;-256.95;-255.956;0;None;1000;None;13:07:16.582
252;42.9163;42.5564;22.1096;-256.262;-256.692;-256.895;-256.958;-255.956;0;None;1000;None;13:07:17.081
253;42.9124;42.5407;22.1174;-256.269;-256.692;-256.895;-256.95;-255.956;0;None;1000;None;13:07:17.582
254;42.9046;42.529;22.1174;-256.269;-256.684;-256.888;-256.95;-255.956;0;None;1000;None;13:07:18.082
255;42.8889;42.5133;22.1096;-256.269;-256.692;-256.888;-256.95;-255.956;0;None;1000;None;13:07:18.582
256;42.8811;42.4977;22.1096;-256.269;-256.684;-256.895;-256.958;-255.956;0;None;1000;None;13:07:19.082
257;42.8655;42.482;22.1096;-256.277;-256.692;-256.888;-256.958;-255.964;0;None;1000;None;13:07:19.582
258;42.8498;42.4664;22.1096;-256.277;-256.692;-256.895;-256.958;-255.964;0;None;1000;None;13:07:20.081
259;42.842;42.4586;22.1174;-256.269;-256.684;-256.895;-256.958;-255.956;0;None;1000;None;13:07:20.583
260;42.8185;42.4351;22.1096;-256.269;-256.676;-256.888;-256.958;-255.956;0;None;1000;None;13:07:21.082
261;42.8107;42.4351;22.1174;-256.277;-256.692;-256.895;-256.958;-255.964;0;None;1000;None;13:07:21.582
262;42.7872;42.4116;22.1096;-256.269;-256.684;-256.888;-256.958;-255.964;0;None;1000;None;13:07:22.082
263;42.7872;42.3881;22.1174;-256.269;-256.684;-256.895;-256.958;-255.949;0;None;1000;None;13:07:22.580
264;42.7716;42.3842;22.1252;-256.277;-256.692;-256.888;-256.958;-255.956;0;None;1000;None;13:07:23.081
265;42.7481;42.3764;22.1174;-256.262;-256.684;-256.888;-256.966;-255.949;0;None;1000;None;13:07:23.582
266;42.7324;42.3725;22.1174;-256.269;-256.684;-256.903;-256.958;-255.956;0;None;1000;None;13:07:24.081
267;42.7168;42.3607;22.1096;-256.269;-256.684;-256.895;-256.958;-255.964;0;None;1000;None;13:07:24.581
268;42.7011;42.3529;22.1174;-256.269;-256.684;-256.888;-256.958;-255.956;0;None;1000;None;13:07:25.082
269;42.6933;42.3373;22.1252;-256.269;-256.684;-256.888;-256.95;-255.956;0;None;1000;None;13:07:25.581
270;42.6894;42.3216;22.1252;-256.269;-256.684;-256.895;-256.958;-255.956;0;None;1000;None;13:07:26.081
271;42.6737;42.3216;22.1174;-256.277;-256.692;-256.895;-256.958;-255.964;0;None;1000;None;13:07:26.581
272;42.6581;42.2981;22.1174;-256.277;-256.684;-256.888;-256.95;-255.964;0;None;1000;None;13:07:27.081
273;42.6503;42.2903;22.1174;-256.277;-256.692;-256.895;-256.95;-255.956;0;None;1000;None;13:07:27.582
274;42.6268;42.2825;22.1252;-256.269;-256.684;-256.895;-256.95;-255.964;0;None;1000;None;13:07:28.081
275;42.6111;42.2668;22.1096;-256.269;-256.692;-256.895;-256.95;-255.956;0;None;1000;None;13:07:28.582
276;42.5955;42.2512;22.1252;-256.269;-256.684;-256.895;-256.95;-255.956;0;None;1000;None;13:07:29.081
277;42.5798;42.2434;22.1174;-256.269;-256.684;-256.888;-256.95;-255.964;0;None;1000;None;13:07:29.581
278;42.5642;42.2277;22.1174;-256.277;-256.692;-256.895;-256.95;-255.956;0;None;1000;None;13:07:30.081
279;42.5485;42.2121;22.1174;-256.277;-256.684;-256.895;-256.95;-255.964;0;None;1000;None;13:07:30.582
280;42.5407;42.1964;22.1252;-256.277;-256.692;-256.888;-256.942;-255.964;0;None;1000;None;13:07:31.080
281;42.5172;42.1886;22.1331;-256.285;-256.684;-256.895;-256.942;-255.964;0;None;1000;None;13:07:31.581
282;42.5094;42.1729;22.1252;-256.269;-256.692;-256.888;-256.95;-255.956;0;None;1000;None;13:07:32.081
283;42.4859;42.1612;22.1331;-256.269;-256.684;-256.895;-256.958;-255.956;0;None;1000;None;13:07:32.581
284;42.482;42.1495;22.1331;-256.269;-256.692;-256.888;-256.95;-255.956;0;None;1000;None;13:07:33.081
285;42.4742;42.1377;22.1252;-256.269;-256.692;-256.895;-256.958;-255.964;0;None;1000;None;13:07:33.580
286;42.4586;42.1143;22.1409;-256.269;-256.692;-256.895;-256.958;-255.964;0;None;1000;None;13:07:34.079
287;42.4586;42.1064;22.1331;-256.269;-256.684;-256.895;-256.958;-255.956;0;None;1000;None;13:07:34.579
288;42.4351;42.083;22.1331;-256.277;-256.684;-256.895;-256.958;-255.964;0;None;1000;None;13:07:35.079
289;42.4194;42.0751;22.1331;-256.269;-256.676;-256.888;-256.958;-255.964;0;None;1000;None;13:07:35.580
290;42.4038;42.0517;22.1331;-256.269;-256.692;-256.895;-256.958;-255.956;0;None;1000;None;13:07:36.081
291;42.396;42.036;22.1487;-256.269;-256.684;-256.888;-256.958;-255.964;0;None;1000;None;13:07:36.581
292;42.3803;42.0282;22.1252;-256.277;-256.684;-256.895;-256.958;-255.956;0;None;1000;None;13:07:37.080
293;42.3647;42.0125;22.1331;-256.277;-256.692;-256.903;-256.958;-255.964;0;None;1000;None;13:07:37.580
294;42.3412;42.0047;22.1409;-256.269;-256.692;-256.895;-256.958;-255.964;0;None;1000;None;13:07:38.081
295;42.3334;41.9891;22.1331;-256.269;-256.692;-256.895;-256.958;-255.964;0;None;1000;None;13:07:38.581
296;42.3099;41.9812;22.1331;-256.269;-256.692;-256.903;-256.958;-255.964;0;None;1000;None;13:07:39.081
297;42.2942;41.9538;22.1409;-256.269;-256.692;-256.895;-256.958;-255.964;0;None;1000;None;13:07:39.581
298;42.2708;41.9499;22.1331;-256.269;-256.684;-256.895;-256.958;-255.964;0;None;1000;None;13:07:40.081
299;42.2708;41.9382;22.1252;-256.269;-256.684;-256.895;-256.966;-255.964;0;None;1000;None;13:07:40.581
300;42.2512;41.9225;22.1331;-256.277;-256.692;-256.895;-256.958;-255.956;0;None;1000;None;13:07:41.080
301;42.2355;41.9069;22.1174;-256.269;-256.692;-256.895;-256.958;-255.964;0;None;1000;None;13:07:41.582
302;42.2199;41.8834;22.1331;-256.277;-256.684;-256.895;-256.958;-255.956;0;None;1000;None;13:07:42.081
303;42.2042;41.8756;22.1252;-256.277;-256.684;-256.895;-256.958;-255.964;0;None;1000;None;13:07:42.581
304;42.1886;41.8599;22.1252;-256.269;-256.684;-256.903;-256.966;-255.964;0;None;1000;None;13:07:43.081
305;42.1808;41.8443;22.1252;-256.269;-256.692;-256.895;-256.958;-255.964;0;None;1000;None;13:07:43.581
306;42.1729;41.8286;22.1252;-256.262;-256.684;-256.895;-256.95;-255.964;0;None;1000;None;13:07:44.081
307;42.1495;41.813;22.1252;-256.277;-256.684;-256.895;-256.958;-255.972;0;None;1000;None;13:07:44.582
308;42.1338;41.8052;22.1252;-256.269;-256.684;-256.895;-256.958;-255.964;0;None;1000;None;13:07:45.080
309;42.1182;41.7895;22.1252;-256.269;-256.692;-256.903;-256.95;-255.964;0;None;1000;None;13:07:45.581
310;42.1025;41.7856;22.1252;-256.277;-256.692;-256.895;-256.942;-255.964;0;None;1000;None;13:07:46.081
311;42.0947;41.77;22.1331;-256.269;-256.692;-256.895;-256.95;-255.964;0;None;1000;None;13:07:46.582
312;42.0712;41.77;22.1252;-256.277;-256.692;-256.903;-256.958;-255.956;0;None;1000;None;13:07:47.081
313;42.0634;41.7543;22.1331;-256.269;-256.7;-256.895;-256.958;-255.964;0;None;1000;None;13:07:47.581
314;42.0634;41.7465;22.1252;-256.277;-256.684;-256.895;-256.95;-255.964;0;None;1000;None;13:07:48.080
315;42.0517;41.723;22.1252;-256.269;-256.684;-256.903;-256.958;-255.956;0;None;1000;None;13:07:48.580
316;42.0438;41.7152;22.1252;-256.277;-256.684;-256.895;-256.958;-255.964;0;None;1000;None;13:07:49.080
317;42.0438;41.6995;22.1331;-256.269;-256.684;-256.895;-256.958;-255.956;0;None;1000;None;13:07:49.579
318;42.0282;41.6995;22.1331;-256.277;-256.684;-256.895;-256.95;-255.964;0;None;1000;None;13:07:50.080
319;42.0204;41.6839;22.1252;-256.269;-256.684;-256.895;-256.958;-255.956;0;None;1000;None;13:07:50.580
320;41.9969;41.6604;22.1252;-256.277;-256.684;-256.895;-256.95;-255.956;0;None;1000;None;13:07:51.081
321;41.9891;41.6526;22.1252;-256.277;-256.684;-256.888;-256.958;-255.964;0;None;1000;None;13:07:51.579
322;41.9812;41.6369;22.1331;-256.277;-256.692;-256.895;-256.95;-255.964;0;None;1000;None;13:07:52.081
323;41.9656;41.6291;22.1252;-256.269;-256.676;-256.888;-256.95;-255.964;0;None;1000;None;13:07:52.582
324;41.9578;41.6135;22.1174;-256.269;-256.692;-256.888;-256.942;-255.956;0;None;1000;None;13:07:53.080
325;41.9343;41.5978;22.1252;-256.269;-256.684;-256.895;-256.958;-255.964;0;None;1000;None;13:07:53.581
326;41.9265;41.5822;22.1174;-256.269;-256.684;-256.895;-256.958;-255.964;0;None;1000;None;13:07:54.081
327;41.9108;41.5665;22.1174;-256.277;-256.692;-256.895;-256.95;-255.964;0;None;1000;None;13:07:54.582
328;41.903;41.5626;22.1252;-256.269;-256.684;-256.895;-256.958;-255.964;0;None;1000;None;13:07:55.081
329;41.8873;41.5548;22.1252;-256.269;-256.692;-256.895;-256.95;-255.956;0;None;1000;None;13:07:55.580
330;41.8795;41.543;22.1252;-256.277;-256.692;-256.888;-256.958;-255.964;0;None;1000;None;13:07:56.081
331;41.8678;41.5391;22.1252;-256.277;-256.684;-256.888;-256.958;-255.964;0;None;1000;None;13:07:56.581
332;41.8639;41.5235;22.1174;-256.277;-256.684;-256.895;-256.95;-255.964;0;None;1000;None;13:07:57.081
333;41.8521;41.5156;22.1331;-256.277;-256.692;-256.895;-256.958;-255.964;0;None;1000;None;13:07:57.584
334;41.8286;41.5;22.1252;-256.269;-256.684;-256.888;-256.966;-255.964;0;None;1000;None;13:07:58.081
335;41.8208;41.4765;22.1252;-256.277;-256.684;-256.903;-256.958;-255.964;0;None;1000;None;13:07:58.582
336;41.8052;41.4687;22.1252;-256.277;-256.684;-256.895;-256.95;-255.964;0;None;1000;None;13:07:59.081
337;41.7895;41.453;22.1331;-256.277;-256.692;-256.895;-256.966;-255.956;0;None;1000;None;13:07:59.581
338;41.7817;41.4374;22.1252;-256.269;-256.684;-256.895;-256.958;-255.972;0;None;1000;None;13:08:00.081
339;41.766;41.4296;22.1331;-256.269;-256.684;-256.895;-256.966;-255.964;0;None;1000;None;13:08:00.581
340;41.7426;41.4139;22.1252;-256.262;-256.684;-256.895;-256.966;-255.956;0;None;1000;None;13:08:01.081
341;41.7269;41.4061;22.1252;-256.269;-256.684;-256.895;-256.958;-255.964;0;None;1000;None;13:08:01.580
342;41.7191;41.3865;22.1252;-256.269;-256.684;-256.895;-256.958;-255.964;0;None;1000;None;13:08:02.081
343;41.6956;41.3826;22.1331;-256.269;-256.684;-256.895;-256.95;-255.964;0;None;1000;None;13:08:02.582
344;41.6878;41.3787;22.1252;-256.269;-256.676;-256.895;-256.95;-255.956;0;None;1000;None;13:08:03.080
345;41.6721;41.3709;22.1331;-256.269;-256.684;-256.895;-256.958;-255.964;0;None;1000;None;13:08:03.581
346;41.6682;41.3552;22.1252;-256.277;-256.676;-256.895;-256.958;-255.956;0;None;1000;None;13:08:04.081
347;41.6565;41.3396;22.1252;-256.269;-256.684;-256.895;-256.95;-255.964;0;None;1000;None;13:08:04.582
348;41.6487;41.3318;22.1331;-256.269;-256.684;-256.895;-256.958;-255.964;0;None;1000;None;13:08:05.081
349;41.6448;41.3083;22.1174;-256.277;-256.684;-256.888;-256.95;-255.964;0;None;1000;None;13:08:05.581
350;41.6213;41.2926;22.1252;-256.269;-256.684;-256.895;-256.958;-255.956;0;None;1000;None;13:08:06.081
351;41.6135;41.2926;22.1252;-256.269;-256.676;-256.903;-256.958;-255.964;0;None;1000;None;13:08:06.581
352;41.59;41.2613;22.1252;-256.277;-256.684;-256.895;-256.958;-255.964;0;None;1000;None;13:08:07.082
353;41.5822;41.2613;22.1252;-256.269;-256.676;-256.895;-256.958;-255.964;0;None;1000;None;13:08:07.581
354;41.5587;41.2535;22.1252;-256.277;-256.684;-256.895;-256.958;-255.964;0;None;1000;None;13:08:08.081
355;41.543;41.2379;22.1252;-256.269;-256.684;-256.895;-256.95;-255.956;0;None;1000;None;13:08:08.582
356;41.5352;41.23;22.1252;-256.269;-256.692;-256.888;-256.958;-255.964;0;None;1000;None;13:08:09.084
357;41.5196;41.2066;22.1174;-256.269;-256.684;-256.895;-256.958;-255.964;0;None;1000;None;13:08:09.581
358;41.5039;41.2066;22.1174;-256.277;-256.692;-256.895;-256.958;-255.964;0;None;1000;None;13:08:10.081
359;41.4961;41.1831;22.1252;-256.277;-256.692;-256.895;-256.95;-255.964;0;None;1000;None;13:08:10.581
360;41.4726;41.1713;22.1252;-256.269;-256.684;-256.888;-256.958;-255.964;0;None;1000;None;13:08:11.081
361;41.4648;41.1674;22.1252;-256.277;-256.684;-256.888;-256.958;-255.972;0;None;1000;None;13:08:11.581
362;41.4491;41.1596;22.1252;-256.269;-256.684;-256.895;-256.958;-255.964;0;None;1000;None;13:08:12.081
363;41.4452;41.1479;22.1252;-256.277;-256.692;-256.888;-256.958;-255.964;0;None;1000;None;13:08:12.581
364;41.4335;41.1322;22.1252;-256.269;-256.684;-256.895;-256.95;-255.964;0;None;1000;None;13:08:13.081
365;41.4257;41.1166;22.1174;-256.277;-256.684;-256.888;-256.958;-255.964;0;None;1000;None;13:08:13.581
366;41.4139;41.0931;22.1252;-256.269;-256.692;-256.888;-256.95;-255.964;0;None;1000;None;13:08:14.081
367;41.4061;41.0774;22.1252;-256.277;-256.684;-256.895;-256.958;-255.964;0;None;1000;None;13:08:14.581
368;41.3904;41.0696;22.1252;-256.269;-256.692;-256.895;-256.958;-255.956;0;None;1000;None;13:08:15.081
369;41.3748;41.054;22.1174;-256.277;-256.684;-256.888;-256.958;-255.956;0;None;1000;None;13:08:15.580
370;41.3591;41.0461;22.1096;-256.269;-256.692;-256.895;-256.966;-255.964;0;None;1000;None;13:08:16.081
371;41.3435;41.0383;22.1096;-256.269;-256.692;-256.888;-256.966;-255.964;0;None;1000;None;13:08:16.581
372;41.3278;41.0227;22.1096;-256.277;-256.684;-256.895;-256.966;-255.964;0;None;1000;None;13:08:17.081
373;41.32;41.0148;22.1174;-256.269;-256.692;-256.888;-256.974;-255.964;0;None;1000;None;13:08:17.581
374;41.3122;40.9992;22.1096;-256.269;-256.684;-256.895;-256.958;-255.964;0;None;1000;None;13:08:18.081
375;41.2965;40.9835;22.1096;-256.269;-256.692;-256.895;-256.966;-255.956;0;None;1000;None;13:08:18.581
376;41.2809;40.9601;22.1174;-256.269;-256.692;-256.895;-256.966;-255.964;0;None;1000;None;13:08:19.081
377;41.2731;40.9522;22.1096;-256.269;-256.692;-256.895;-256.974;-255.972;0;None;1000;None;13:08:19.580
378;41.2574;40.9366;22.1096;-256.262;-256.692;-256.895;-256.966;-255.964;0;None;1000;None;13:08:20.088
379;41.2496;40.9327;22.1096;-256.262;-256.7;-256.895;-256.966;-255.956;0;None;1000;None;13:08:20.581
380;41.23;40.9014;22.1096;-256.269;-256.692;-256.888;-256.958;-255.972;0;None;1000;None;13:08:21.081
381;41.2261;40.9014;22.1096;-256.269;-256.684;-256.895;-256.966;-255.964;0;None;1000;None;13:08:21.580
382;41.2183;40.8701;22.1096;-256.269;-256.692;-256.895;-256.958;-255.964;0;None;1000;None;13:08:22.080
383;41.2105;40.8701;22.1096;-256.277;-256.692;-256.895;-256.966;-255.964;0;None;1000;None;13:08:22.581
384;41.2066;40.8466;22.1096;-256.269;-256.684;-256.895;-256.958;-255.964;0;None;1000;None;13:08:23.079
385;41.1987;40.8388;22.1174;-256.277;-256.692;-256.895;-256.95;-255.964;0;None;1000;None;13:08:23.582
386;41.1909;40.8153;22.1096;-256.262;-256.684;-256.895;-256.958;-255.964;0;None;1000;None;13:08:24.082
387;41.1674;40.8075;22.1096;-256.262;-256.692;-256.903;-256.958;-255.964;0;None;1000;None;13:08:24.580
388;41.1596;40.7997;22.1174;-256.269;-256.692;-256.895;-256.958;-255.964;0;None;1000;None;13:08:25.081
389;41.144;40.784;22.1096;-256.262;-256.692;-256.895;-256.958;-255.964;0;None;1000;None;13:08:25.581
390;41.1283;40.7762;22.1174;-256.262;-256.7;-256.895;-256.958;-255.956;0;None;1000;None;13:08:26.080
391;41.1283;40.7723;22.1096;-256.262;-256.692;-256.895;-256.966;-255.964;0;None;1000;None;13:08:26.580
392;41.1048;40.7605;22.1174;-256.262;-256.692;-256.895;-256.958;-255.964;0;None;1000;None;13:08:27.081
393;41.097;40.7488;22.1174;-256.254;-256.684;-256.895;-256.966;-255.964;0;None;1000;None;13:08:27.580
394;41.0735;40.7331;22.1096;-256.262;-256.684;-256.888;-256.95;-255.964;0;None;1000;None;13:08:28.079
395;41.0657;40.7253;22.1174;-256.262;-256.692;-256.888;-256.95;-255.964;0;None;1000;None;13:08:28.579
396;41.0501;40.7018;22.1174;-256.262;-256.692;-256.888;-256.95;-255.964;0;None;1000;None;13:08:29.079
397;41.0344;40.7018;22.1096;-256.262;-256.684;-256.888;-256.958;-255.964;0;None;1000;None;13:08:29.580
398;41.0188;40.6862;22.1096;-256.262;-256.7;-256.895;-256.966;-255.964;0;None;1000;None;13:08:30.080
399;41.0148;40.6784;22.1096;-256.254;-256.692;-256.888;-256.958;-255.972;0;None;1000;None;13:08:30.581
400;41.007;40.6627;22.1174;-256.262;-256.692;-256.903;-256.958;-255.964;0;None;1000;None;13:08:31.079
401;40.9992;40.6549;22.1096;-256.254;-256.692;-256.895;-256.958;-255.972;0;None;1000;None;13:08:31.580
402;40.9757;40.6471;22.1096;-256.262;-256.684;-256.895;-256.958;-255.964;0;None;1000;None;13:08:32.081
403;40.9757;40.6314;22.1096;-256.262;-256.692;-256.895;-256.958;-255.964;0;None;1000;None;13:08:32.581
404;40.9522;40.6158;22.1096;-256.262;-256.7;-256.895;-256.95;-255.972;0;None;1000;None;13:08:33.081
405;40.9366;40.6079;22.1018;-256.269;-256.692;-256.895;-256.966;-255.964;0;None;1000;None;13:08:33.581
406;40.9288;40.5923;22.1096;-256.262;-256.684;-256.895;-256.958;-255.964;0;None;1000;None;13:08:34.081
407;40.9053;40.5923;22.1018;-256.262;-256.692;-256.895;-256.958;-255.964;0;None;1000;None;13:08:34.583
408;40.8975;40.5766;22.1096;-256.269;-256.692;-256.895;-256.966;-255.956;0;None;1000;None;13:08:35.080
409;40.8896;40.5649;22.1096;-256.269;-256.684;-256.895;-256.966;-255.964;0;None;1000;None;13:08:35.581
410;40.874;40.561;22.1018;-256.262;-256.692;-256.895;-256.95;-255.956;0;None;1000;None;13:08:36.081
411;40.8505;40.5532;22.1096;-256.269;-256.684;-256.895;-256.958;-255.964;0;None;1000;None;13:08:36.581
412;40.8505;40.5414;22.1096;-256.269;-256.692;-256.895;-256.958;-255.964;0;None;1000;None;13:08:37.081
413;40.8349;40.5258;22.1018;-256.262;-256.692;-256.888;-256.958;-255.964;0;None;1000;None;13:08:37.581
414;40.8349;40.518;22.1096;-256.269;-256.692;-256.895;-256.95;-255.964;0;None;1000;None;13:08:38.081
415;40.8192;40.5101;22.1096;-256.262;-256.692;-256.895;-256.958;-255.964;0;None;1000;None;13:08:38.580
416;40.8153;40.4945;22.1096;-256.269;-256.676;-256.895;-256.958;-255.964;0;None;1000;None;13:08:39.080
417;40.7918;40.4788;22.1018;-256.262;-256.684;-256.895;-256.958;-255.956;0;None;1000;None;13:08:39.579
418;40.784;40.4788;22.1018;-256.269;-256.692;-256.895;-256.95;-255.972;0;None;1000;None;13:08:40.081
419;40.7684;40.4554;22.1096;-256.262;-256.684;-256.895;-256.958;-255.964;0;None;1000;None;13:08:40.580
420;40.7527;40.4475;22.1018;-256.262;-256.692;-256.895;-256.958;-255.964;0;None;1000;None;13:08:41.079
421;40.7449;40.4319;22.1096;-256.269;-256.684;-256.895;-256.958;-255.964;0;None;1000;None;13:08:41.579
422;40.7292;40.4162;22.1096;-256.262;-256.692;-256.903;-256.958;-255.964;0;None;1000;None;13:08:42.079
423;40.7136;40.4006;22.1096;-256.269;-256.692;-256.895;-256.95;-255.972;0;None;1000;None;13:08:42.580
424;40.6979;40.3849;22.1018;-256.262;-256.684;-256.895;-256.958;-255.964;0;None;1000;None;13:08:43.079
425;40.6823;40.3771;22.1174;-256.262;-256.692;-256.903;-256.958;-255.964;0;None;1000;None;13:08:43.582
426;40.6823;40.3615;22.1096;-256.262;-256.692;-256.895;-256.958;-255.964;0;None;1000;None;13:08:44.080
427;40.6588;40.3458;22.1174;-256.262;-256.692;-256.895;-256.95;-255.964;0;None;1000;None;13:08:44.581
428;40.651;40.3458;22.1096;-256.262;-256.684;-256.895;-256.958;-255.972;0;None;1000;None;13:08:45.081
429;40.6353;40.338;22.1096;-256.269;-256.692;-256.895;-256.95;-255.964;0;None;1000;None;13:08:45.581
430;40.6236;40.3262;22.1096;-256.262;-256.692;-256.888;-256.958;-255.972;0;None;1000;None;13:08:46.081
431;40.6197;40.3106;22.1096;-256.262;-256.692;-256.895;-256.95;-255.964;0;None;1000;None;13:08:46.580
432;40.6079;40.3028;22.1096;-256.269;-256.692;-256.888;-256.958;-255.964;0;None;1000;None;13:08:47.081
433;40.6001;40.2871;22.1174;-256.262;-256.692;-256.895;-256.958;-255.964;0;None;1000;None;13:08:47.580
434;40.5845;40.2793;22.1096;-256.262;-256.692;-256.888;-256.95;-255.972;0;None;1000;None;13:08:48.080
435;40.5688;40.2715;22.1096;-256.269;-256.684;-256.895;-256.958;-255.964;0;None;1000;None;13:08:48.580
436;40.561;40.2558;22.1096;-256.262;-256.692;-256.888;-256.95;-255.964;0;None;1000;None;13:08:49.081
437;40.5453;40.248;22.1096;-256.262;-256.684;-256.888;-256.958;-255.964;0;None;1000;None;13:08:49.581
438;40.5375;40.2323;22.1096;-256.269;-256.692;-256.888;-256.95;-255.964;0;None;1000;None;13:08:50.080
439;40.5219;40.2167;22.1096;-256.262;-256.684;-256.895;-256.958;-255.964;0;None;1000;None;13:08:50.580
440;40.5062;40.201;22.1018;-256.254;-256.692;-256.895;-256.958;-255.956;0;None;1000;None;13:08:51.079
441;40.4906;40.1932;22.1018;-256.262;-256.684;-256.895;-256.958;-255.964;0;None;1000;None;13:08:51.579
442;40.4827;40.1776;22.1018;-256.262;-256.692;-256.895;-256.958;-255.964;0;None;1000;None;13:08:52.078
443;40.4671;40.1658;22.1018;-256.254;-256.684;-256.895;-256.966;-255.956;0;None;1000;None;13:08:52.581
444;40.4671;40.1658;22.1018;-256.262;-256.692;-256.895;-256.95;-255.964;0;None;1000;None;13:08:53.078
445;40.4436;40.158;22.1096;-256.262;-256.684;-256.895;-256.958;-255.964;0;None;1000;None;13:08:53.580
446;40.428;40.1424;22.1018;-256.262;-256.692;-256.895;-256.95;-255.964;0;None;1000;None;13:08:54.078
447;40.4201;40.1267;22.1018;-256.254;-256.684;-256.895;-256.958;-255.956;0;None;1000;None;13:08:54.580
448;40.4045;40.1189;22.1096;-256.269;-256.692;-256.895;-256.958;-255.964;0;None;1000;None;13:08:55.080
449;40.4006;40.1111;22.1018;-256.262;-256.684;-256.903;-256.942;-255.964;0;None;1000;None;13:08:55.579
450;40.3967;40.0954;22.1096;-256.254;-256.692;-256.895;-256.95;-255.964;0;None;1000;None;13:08:56.079
451;40.3771;40.0876;22.1018;-256.262;-256.684;-256.895;-256.95;-255.964;0;None;1000;None;13:08:56.579
452;40.3615;40.0719;22.1018;-256.262;-256.692;-256.888;-256.95;-255.964;0;None;1000;None;13:08:57.078
453;40.3536;40.0719;22.1096;-256.262;-256.684;-256.895;-256.95;-255.964;0;None;1000;None;13:08:57.579
454;40.338;40.0485;22.0939;-256.262;-256.692;-256.895;-256.95;-255.964;0;None;1000;None;13:08:58.078
455;40.3223;40.0406;22.1018;-256.262;-256.684;-256.888;-256.95;-255.964;0;None;1000;None;13:08:58.581
456;40.3145;40.025;22.1018;-256.269;-256.692;-256.895;-256.95;-255.964;0;None;1000;None;13:08:59.081
457;40.3067;40.025;22.1018;-256.262;-256.692;-256.895;-256.95;-255.964;0;None;1000;None;13:08:59.580
458;40.2832;40.0093;22.1018;-256.262;-256.684;-256.895;-256.942;-255.964;0;None;1000;None;13:09:00.080
459;40.2754;39.9937;22.0939;-256.269;-256.692;-256.895;-256.958;-255.964;0;None;1000;None;13:09:00.579
460;40.2597;39.978;22.0939;-256.269;-256.684;-256.88;-256.958;-255.964;0;None;1000;None;13:09:01.080
461;40.2519;39.9702;22.0939;-256.269;-256.692;-256.888;-256.958;-255.964;0;None;1000;None;13:09:01.579
462;40.2441;39.9585;22.0939;-256.269;-256.684;-256.888;-256.95;-255.956;0;None;1000;None;13:09:02.079
463;40.2284;39.9546;22.0939;-256.269;-256.692;-256.888;-256.95;-255.964;0;None;1000;None;13:09:02.580
464;40.2206;39.9506;22.0939;-256.269;-256.692;-256.888;-256.942;-255.972;0;None;1000;None;13:09:03.081
465;40.205;39.9428;22.0939;-256.269;-256.676;-256.888;-256.942;-255.964;0;None;1000;None;13:09:03.581
466;40.1971;39.935;22.0939;-256.277;-256.684;-256.88;-256.95;-255.964;0;None;1000;None;13:09:04.081
467;40.1893;39.9193;22.1018;-256.269;-256.676;-256.888;-256.95;-255.964;0;None;1000;None;13:09:04.581
468;40.1776;39.9115;22.0939;-256.277;-256.684;-256.888;-256.95;-255.956;0;None;1000;None;13:09:05.081
469;40.1776;39.888;22.1018;-256.269;-256.684;-256.888;-256.942;-255.964;0;None;1000;None;13:09:05.581
470;40.1619;39.888;22.0939;-256.262;-256.684;-256.88;-256.958;-255.964;0;None;1000;None;13:09:06.080
471;40.1541;39.8646;22.0939;-256.269;-256.692;-256.888;-256.958;-255.964;0;None;1000;None;13:09:06.581
472;40.1384;39.8567;22.0861;-256.269;-256.684;-256.888;-256.95;-255.964;0;None;1000;None;13:09:07.081
473;40.1228;39.8489;22.0939;-256.269;-256.692;-256.895;-256.95;-255.964;0;None;1000;None;13:09:07.581
474;40.1071;39.8411;22.0861;-256.269;-256.692;-256.895;-256.95;-255.956;0;None;1000;None;13:09:08.080
475;40.0993;39.8254;22.0861;-256.262;-256.684;-256.888;-256.942;-255.964;0;None;1000;None;13:09:08.581
476;40.0837;39.8176;22.0939;-256.269;-256.692;-256.895;-256.942;-255.964;0;None;1000;None;13:09:09.081
477;40.0758;39.8098;22.0861;-256.269;-256.692;-256.888;-256.942;-255.972;0;None;1000;None;13:09:09.581
478;40.0524;39.7941;22.0939;-256.262;-256.684;-256.895;-256.942;-255.964;0;None;1000;None;13:09:10.080
479;40.0445;39.7785;22.0939;-256.277;-256.692;-256.888;-256.95;-255.964;0;None;1000;None;13:09:10.581
480;40.0289;39.7707;22.0861;-256.269;-256.684;-256.888;-256.958;-255.972;0;None;1000;None;13:09:11.081
481;40.0132;39.7628;22.0939;-256.269;-256.684;-256.888;-256.95;-255.956;0;None;1000;None;13:09:11.581
482;40.0054;39.7433;22.0939;-256.277;-256.692;-256.895;-256.95;-255.964;0;None;1000;None;13:09:12.080
483;39.9898;39.7433;22.0861;-256.269;-256.684;-256.888;-256.958;-255.964;0;None;1000;None;13:09:12.581
484;39.9819;39.7355;22.0939;-256.262;-256.692;-256.895;-256.958;-255.964;0;None;1000;None;13:09:13.081
485;39.9741;39.7276;22.0861;-256.277;-256.692;-256.888;-256.95;-255.964;0;None;1000;None;13:09:13.581
486;39.9702;39.712;22.0861;-256.269;-256.684;-256.888;-256.95;-255.964;0;None;1000;None;13:09:14.080
487;39.9546;39.6963;22.0861;-256.269;-256.684;-256.888;-256.942;-255.956;0;None;1000;None;13:09:14.580
488;39.9546;39.6963;22.0939;-256.277;-256.676;-256.895;-256.95;-255.964;0;None;1000;None;13:09:15.081
489;39.9311;39.6807;22.0939;-256.262;-256.684;-256.888;-256.95;-255.964;0;None;1000;None;13:09:15.581
490;39.9154;39.665;22.0939;-256.269;-256.676;-256.895;-256.95;-255.964;0;None;1000;None;13:09:16.082
491;39.9154;39.6416;22.0861;-256.269;-256.684;-256.895;-256.95;-255.972;0;None;1000;None;13:09:16.581
492;39.892;39.6416;22.0783;-256.269;-256.676;-256.888;-256.95;-255.964;0;None;1000;None;13:09:17.080
493;39.8841;39.6259;22.0861;-256.269;-256.684;-256.888;-256.95;-255.964;0;None;1000;None;13:09:17.580
494;39.8763;39.6103;22.0783;-256.262;-256.684;-256.888;-256.95;-255.964;0;None;1000;None;13:09:18.082
495;39.8685;39.6024;22.0783;-256.269;-256.684;-256.888;-256.95;-255.956;0;None;1000;None;13:09:18.580
496;39.8528;39.5868;22.0939;-256.262;-256.684;-256.895;-256.942;-255.972;0;None;1000;None;13:09:19.080
497;39.845;39.5711;22.0861;-256.269;-256.684;-256.888;-256.942;-255.964;0;None;1000;None;13:09:19.579
498;39.8294;39.5594;22.0939;-256.254;-256.684;-256.888;-256.935;-255.964;0;None;1000;None;13:09:20.079
499;39.8294;39.5555;22.0861;-256.262;-256.684;-256.895;-256.958;-255.964;0;None;1000;None;13:09:20.580
500;39.8137;39.5437;22.0861;-256.254;-256.684;-256.888;-256.95;-255.964;0;None;1000;None;13:09:21.081
501;39.802;39.5281;22.0861;-256.262;-256.676;-256.888;-256.95;-255.972;0;None;1000;None;13:09:21.581
502;39.802;39.5124;22.0861;-256.254;-256.684;-256.888;-256.942;-255.964;0;None;1000;None;13:09:22.080
503;39.7981;39.5046;22.0861;-256.262;-256.684;-256.888;-256.942;-255.972;0;None;1000;None;13:09:22.579
504;39.7863;39.4968;22.0861;-256.254;-256.684;-256.895;-256.942;-255.964;0;None;1000;None;13:09:23.080
505;39.7863;39.4811;22.0861;-256.262;-256.692;-256.888;-256.942;-255.972;0;None;1000;None;13:09:23.580
506;39.7707;39.4655;22.0861;-256.262;-256.684;-256.88;-256.95;-255.972;0;None;1000;None;13:09:24.078
507;39.7628;39.4498;22.0861;-256.269;-256.684;-256.88;-256.942;-255.972;0;None;1000;None;13:09:24.581
508;39.7472;39.4342;22.0861;-256.262;-256.684;-256.88;-256.95;-255.964;0;None;1000;None;13:09:25.080
509;39.7394;39.4264;22.0939;-256.269;-256.684;-256.888;-256.95;-255.964;0;None;1000;None;13:09:25.580
510;39.7315;39.4185;22.0861;-256.262;-256.684;-256.88;-256.95;-255.972;0;None;1000;None;13:09:26.080
511;39.7159;39.3951;22.0861;-256.262;-256.692;-256.888;-256.958;-255.972;0;None;1000;None;13:09:26.580
512;39.7081;39.3872;22.0861;-256.269;-256.684;-256.88;-256.95;-255.964;0;None;1000;None;13:09:27.080
513;39.7002;39.3716;22.0783;-256.262;-256.676;-256.888;-256.95;-255.972;0;None;1000;None;13:09:27.581
514;39.6846;39.3638;22.0783;-256.269;-256.692;-256.888;-256.95;-255.964;0;None;1000;None;13:09:28.080
515;39.6846;39.3559;22.0783;-256.262;-256.684;-256.88;-256.958;-255.972;0;None;1000;None;13:09:28.581
516;39.6689;39.3442;22.0783;-256.269;-256.692;-256.888;-256.958;-255.972;0;None;1000;None;13:09:29.080
517;39.6533;39.3403;22.0705;-256.269;-256.676;-256.895;-256.95;-255.972;0;None;1000;None;13:09:29.580
518;39.6455;39.3207;22.0783;-256.269;-256.684;-256.895;-256.958;-255.972;0;None;1000;None;13:09:30.081
519;39.622;39.3129;22.0783;-256.262;-256.684;-256.895;-256.95;-255.964;0;None;1000;None;13:09:30.580
520;39.5985;39.3051;22.0783;-256.262;-256.692;-256.895;-256.958;-255.972;0;None;1000;None;13:09:31.081
521;39.5985;39.2894;22.0783;-256.262;-256.684;-256.895;-256.95;-255.972;0;None;1000;None;13:09:31.580
522;39.5829;39.2738;22.0783;-256.262;-256.684;-256.895;-256.958;-255.964;0;None;1000;None;13:09:32.080
523;39.5829;39.266;22.0783;-256.269;-256.684;-256.895;-256.966;-255.972;0;None;1000;None;13:09:32.580
524;39.5711;39.2581;22.0861;-256.262;-256.684;-256.895;-256.958;-255.964;0;None;1000;None;13:09:33.080
525;39.5633;39.2425;22.0861;-256.262;-256.684;-256.895;-256.958;-255.972;0;None;1000;None;13:09:33.581
526;39.5477;39.2268;22.0861;-256.262;-256.692;-256.895;-256.966;-255.964;0;None;1000;None;13:09:34.080
527;39.5398;39.2112;22.0861;-256.262;-256.684;-256.895;-256.958;-255.972;0;None;1000;None;13:09:34.581
528;39.5164;39.2034;22.0861;-256.262;-256.692;-256.895;-256.966;-255.972;0;None;1000;None;13:09:35.080
529;39.5085;39.1877;22.0783;-256.262;-256.692;-256.895;-256.958;-255.964;0;None;1000;None;13:09:35.581
530;39.5007;39.1799;22.0783;-256.262;-256.692;-256.888;-256.958;-255.972;0;None;1000;None;13:09:36.080
531;39.4851;39.1642;22.0861;-256.262;-256.692;-256.895;-256.958;-255.964;0;None;1000;None;13:09:36.580
532;39.4694;39.1564;22.0939;-256.269;-256.692;-256.895;-256.95;-255.964;0;None;1000;None;13:09:37.080
533;39.4616;39.1408;22.0861;-256.262;-256.692;-256.888;-256.942;-255.972;0;None;1000;None;13:09:37.581
534;39.4538;39.1368;22.0861;-256.262;-256.692;-256.903;-256.958;-255.964;0;None;1000;None;13:09:38.080
535;39.4381;39.129;22.0783;-256.269;-256.692;-256.895;-256.958;-255.964;0;None;1000;None;13:09:38.580
536;39.4303;39.129;22.0705;-256.262;-256.692;-256.888;-256.95;-255.964;0;None;1000;None;13:09:39.079
537;39.4146;39.1212;22.0783;-256.262;-256.692;-256.895;-256.942;-255.964;0;None;1000;None;13:09:39.581
538;39.399;39.1055;22.0705;-256.262;-256.684;-256.895;-256.95;-255.956;0;None;1000;None;13:09:40.080
539;39.3912;39.1055;22.0705;-256.262;-256.692;-256.888;-256.958;-255.956;0;None;1000;None;13:09:40.580
540;39.3794;39.0977;22.0705;-256.262;-256.684;-256.895;-256.958;-255.964;0;None;1000;None;13:09:41.080
541;39.3716;39.0977;22.0705;-256.262;-256.692;-256.895;-256.958;-255.956;0;None;1000;None;13:09:41.581
542;39.3599;39.0899;22.0626;-256.262;-256.684;-256.888;-256.95;-255.964;0;None;1000;None;13:09:42.080
543;39.352;39.0742;22.0626;-256.254;-256.692;-256.895;-256.95;-255.964;0;None;1000;None;13:09:42.580
544;39.3481;39.0664;22.0705;-256.262;-256.692;-256.895;-256.95;-255.956;0;None;1000;None;13:09:43.081
545;39.3246;39.0586;22.0705;-256.269;-256.684;-256.888;-256.95;-255.964;0;None;1000;None;13:09:43.579
546;39.3168;39.0508;22.0705;-256.262;-256.692;-256.895;-256.95;-255.964;0;None;1000;None;13:09:44.080
547;39.309;39.0351;22.0626;-256.269;-256.692;-256.895;-256.95;-255.964;0;None;1000;None;13:09:44.579
548;39.2855;39.0273;22.0626;-256.269;-256.692;-256.895;-256.95;-255.964;0;None;1000;None;13:09:45.080
549;39.2855;39.0116;22.0705;-256.269;-256.692;-256.895;-256.942;-255.972;0;None;1000;None;13:09:45.579
550;39.2777;39.0038;22.0626;-256.269;-256.692;-256.895;-256.942;-255.964;0;None;1000;None;13:09:46.080
551;39.262;38.9882;22.0705;-256.269;-256.684;-256.888;-256.95;-255.964;0;None;1000;None;13:09:46.579
552;39.2464;38.9725;22.0705;-256.269;-256.692;-256.895;-256.95;-255.972;0;None;1000;None;13:09:47.079
553;39.2464;38.9647;22.0705;-256.269;-256.684;-256.895;-256.958;-255.964;0;None;1000;None;13:09:47.579
554;39.2307;38.9647;22.0783;-256.262;-256.684;-256.895;-256.95;-255.972;0;None;1000;None;13:09:48.079
555;39.2229;38.9569;22.0705;-256.269;-256.692;-256.903;-256.942;-255.972;0;None;1000;None;13:09:48.579
556;39.2073;38.9529;22.0783;-256.269;-256.684;-256.895;-256.95;-255.964;0;None;1000;None;13:09:49.078
557;39.1994;38.9451;22.0705;-256.262;-256.692;-256.895;-256.966;-255.964;0;None;1000;None;13:09:49.578
558;39.1838;38.9373;22.0626;-256.269;-256.692;-256.895;-256.958;-255.972;0;None;1000;None;13:09:50.080
559;39.1838;38.9295;22.0705;-256.262;-256.692;-256.895;-256.958;-255.964;0;None;1000;None;13:09:50.579
560;39.1603;38.9216;22.0587;-256.269;-256.684;-256.903;-256.966;-255.956;0;None;1000;None;13:09:51.079
561;39.1603;38.906;22.0587;-256.269;-256.692;-256.895;-256.958;-255.964;0;None;1000;None;13:09:51.580
562;39.1525;38.8982;22.0587;-256.269;-256.692;-256.895;-256.958;-255.964;0;None;1000;None;13:09:52.078
563;39.1486;38.8825;22.0626;-256.269;-256.692;-256.895;-256.95;-255.964;0;None;1000;None;13:09:52.581
564;39.1329;38.8825;22.0587;-256.269;-256.684;-256.903;-256.958;-255.956;0;None;1000;None;13:09:53.080
565;39.1251;38.8669;22.0587;-256.262;-256.692;-256.895;-256.942;-255.964;0;None;1000;None;13:09:53.580
566;39.1173;38.8512;22.0587;-256.269;-256.692;-256.903;-256.942;-255.964;0;None;1000;None;13:09:54.080
567;39.1016;38.8434;22.0587;-256.269;-256.692;-256.895;-256.95;-255.964;0;None;1000;None;13:09:54.581
568;39.0938;38.8356;22.0587;-256.262;-256.692;-256.895;-256.958;-255.964;0;None;1000;None;13:09:55.081
569;39.086;38.8199;22.0587;-256.269;-256.692;-256.903;-256.95;-255.964;0;None;1000;None;13:09:55.580
570;39.0703;38.8121;22.0587;-256.269;-256.684;-256.895;-256.958;-255.964;0;None;1000;None;13:09:56.080
571;39.0547;38.8043;22.0587;-256.269;-256.692;-256.895;-256.958;-255.964;0;None;1000;None;13:09:56.580
572;39.0547;38.7808;22.0548;-256.269;-256.7;-256.895;-256.958;-255.956;0;None;1000;None;13:09:57.080
573;39.0312;38.7651;22.0587;-256.269;-256.684;-256.895;-256.95;-255.964;0;None;1000;None;13:09:57.580
574;39.0234;38.7573;22.0548;-256.269;-256.692;-256.888;-256.958;-255.964;0;None;1000;None;13:09:58.080
575;39.0077;38.7495;22.0587;-256.269;-256.692;-256.895;-256.966;-255.956;0;None;1000;None;13:09:58.579
576;38.9999;38.7456;22.0587;-256.262;-256.684;-256.895;-256.95;-255.956;0;None;1000;None;13:09:59.080
577;38.9999;38.7378;22.0587;-256.269;-256.692;-256.888;-256.95;-255.964;0;None;1000;None;13:09:59.580
578;38.9764;38.7338;22.0626;-256.262;-256.692;-256.895;-256.958;-255.956;0;None;1000;None;13:10:00.081
579;38.9686;38.7299;22.0626;-256.269;-256.684;-256.895;-256.95;-255.956;0;None;1000;None;13:10:00.580
580;38.9686;38.7221;22.0587;-256.269;-256.692;-256.895;-256.958;-255.956;0;None;1000;None;13:10:01.079
581;38.9451;38.7065;22.0626;-256.262;-256.692;-256.895;-256.95;-255.956;0;None;1000;None;13:10:01.580
582;38.9412;38.6986;22.0626;-256.269;-256.684;-256.895;-256.95;-255.956;0;None;1000;None;13:10:02.080
583;38.9373;38.683;22.0626;-256.269;-256.692;-256.895;-256.958;-255.956;0;None;1000;None;13:10:02.580
584;38.9256;38.6752;22.0587;-256.262;-256.692;-256.895;-256.95;-255.956;0;None;1000;None;13:10:03.080
585;38.9256;38.6595;22.0626;-256.269;-256.684;-256.895;-256.958;-255.964;0;None;1000;None;13:10:03.579
586;38.9021;38.6517;22.0587;-256.262;-256.692;-256.895;-256.95;-255.956;0;None;1000;None;13:10:04.081
587;38.8943;38.636;22.0626;-256.262;-256.692;-256.895;-256.95;-255.956;0;None;1000;None;13:10:04.579
588;38.8786;38.6282;22.0548;-256.262;-256.692;-256.895;-256.95;-255.956;0;None;1000;None;13:10:05.080
589;38.8708;38.6282;22.0587;-256.262;-256.684;-256.895;-256.958;-255.964;0;None;1000;None;13:10:05.580
590;38.863;38.6126;22.0587;-256.269;-256.692;-256.895;-256.95;-255.964;0;None;1000;None;13:10:06.080
591;38.8473;38.6047;22.0587;-256.262;-256.692;-256.895;-256.966;-255.964;0;None;1000;None;13:10:06.580
592;38.8317;38.5969;22.0626;-256.269;-256.684;-256.888;-256.95;-255.964;0;None;1000;None;13:10:07.080
593;38.816;38.5891;22.0587;-256.262;-256.692;-256.895;-256.966;-255.964;0;None;1000;None;13:10:07.579
594;38.816;38.5734;22.0626;-256.269;-256.684;-256.888;-256.958;-255.972;0;None;1000;None;13:10:08.079
595;38.8082;38.5656;22.0587;-256.262;-256.684;-256.895;-256.958;-255.956;0;None;1000;None;13:10:08.580
596;38.7925;38.5578;22.0587;-256.262;-256.692;-256.895;-256.958;-255.964;0;None;1000;None;13:10:09.080
597;38.7925;38.5421;22.0626;-256.269;-256.684;-256.895;-256.958;-255.964;0;None;1000;None;13:10:09.580
598;38.7769;38.5304;22.0587;-256.269;-256.692;-256.888;-256.95;-255.972;0;None;1000;None;13:10:10.080
599;38.7691;38.5265;22.0587;-256.269;-256.684;-256.895;-256.958;-255.964;0;None;1000;None;13:10:10.580
600;38.7612;38.5187;22.0626;-256.269;-256.684;-256.903;-256.958;-255.964;0;None;1000;None;13:10:11.079
601;38.7612;38.5147;22.0666;-256.269;-256.684;-256.895;-256.966;-255.972;0;None;1000;None;13:10:11.579
602;38.7495;38.4991;22.0626;-256.269;-256.684;-256.895;-256.958;-255.964;0;None;1000;None;13:10:12.080
603;38.7417;38.4834;22.0626;-256.269;-256.684;-256.895;-256.958;-255.964;0;None;1000;None;13:10:12.579
604;38.726;38.46;22.0587;-256.269;-256.684;-256.895;-256.966;-255.964;0;None;1000;None;13:10:13.080
605;38.7104;38.4521;22.0705;-256.269;-256.692;-256.888;-256.966;-255.972;0;None;1000;None;13:10:13.580
606;38.6947;38.4443;22.0626;-256.269;-256.684;-256.895;-256.958;-255.964;0;None;1000;None;13:10:14.079
607;38.6712;38.4287;22.0705;-256.269;-256.692;-256.895;-256.958;-255.964;0;None;1000;None;13:10:14.580
608;38.6712;38.413;22.0705;-256.277;-256.692;-256.903;-256.958;-255.956;0;None;1000;None;13:10:15.080
609;38.6478;38.3974;22.0626;-256.269;-256.684;-256.888;-256.966;-255.972;0;None;1000;None;13:10:15.580
610;38.6478;38.3974;22.0626;-256.269;-256.692;-256.903;-256.966;-255.956;0;None;1000;None;13:10:16.080
611;38.6321;38.3739;22.0705;-256.269;-256.692;-256.895;-256.966;-255.964;0;None;1000;None;13:10:16.580
612;38.6243;38.3661;22.0626;-256.262;-256.692;-256.895;-256.966;-255.956;0;None;1000;None;13:10:17.080
613;38.6086;38.3622;22.0587;-256.269;-256.692;-256.895;-256.966;-255.964;0;None;1000;None;13:10:17.580
614;38.6008;38.3504;22.0705;-256.269;-256.692;-256.895;-256.966;-255.964;0;None;1000;None;13:10:18.080
615;38.5852;38.3465;22.0626;-256.277;-256.692;-256.895;-256.966;-255.964;0;None;1000;None;13:10:18.579
616;38.5852;38.3387;22.0626;-256.269;-256.692;-256.895;-256.958;-255.956;0;None;1000;None;13:10:19.078
617;38.5617;38.3309;22.0587;-256.269;-256.692;-256.895;-256.966;-255.964;0;None;1000;None;13:10:19.580
618;38.5539;38.323;22.0587;-256.269;-256.684;-256.895;-256.966;-255.972;0;None;1000;None;13:10:20.080
619;38.546;38.3074;22.0626;-256.269;-256.684;-256.903;-256.966;-255.964;0;None;1000;None;13:10:20.580
620;38.5382;38.2996;22.0587;-256.269;-256.692;-256.895;-256.958;-255.964;0;None;1000;None;13:10:21.079
621;38.5382;38.2761;22.0587;-256.269;-256.684;-256.895;-256.966;-255.964;0;None;1000;None;13:10:21.579
622;38.5265;38.2683;22.0626;-256.262;-256.692;-256.895;-256.966;-255.964;0;None;1000;None;13:10:22.080
623;38.5187;38.2526;22.0626;-256.277;-256.684;-256.895;-256.958;-255.964;0;None;1000;None;13:10:22.578
624;38.5108;38.237;22.0626;-256.269;-256.692;-256.895;-256.966;-255.964;0;None;1000;None;13:10:23.079
625;38.503;38.2291;22.0587;-256.269;-256.692;-256.895;-256.958;-255.964;0;None;1000;None;13:10:23.580
626;38.4952;38.2135;22.0587;-256.269;-256.692;-256.903;-256.966;-255.964;0;None;1000;None;13:10:24.079
627;38.4952;38.2057;22.0587;-256.269;-256.684;-256.895;-256.958;-255.964;0;None;1000;None;13:10:24.580
628;38.4795;38.19;22.0626;-256.277;-256.684;-256.895;-256.958;-255.964;0;None;1000;None;13:10:25.080
629;38.4717;38.1744;22.0626;-256.262;-256.692;-256.903;-256.974;-255.956;0;None;1000;None;13:10:25.580
630;38.4639;38.1587;22.0705;-256.269;-256.692;-256.895;-256.966;-255.964;0;None;1000;None;13:10:26.080
631;38.4482;38.1509;22.0705;-256.269;-256.692;-256.895;-256.958;-255.956;0;None;1000;None;13:10:26.580
632;38.4482;38.1391;22.0626;-256.277;-256.692;-256.903;-256.966;-255.949;0;None;1000;None;13:10:27.080
633;38.4326;38.1313;22.0705;-256.269;-256.684;-256.895;-256.966;-255.956;0;None;1000;None;13:10:27.580
634;38.4248;38.1274;22.0626;-256.269;-256.692;-256.895;-256.966;-255.956;0;None;1000;None;13:10:28.079
635;38.4091;38.1157;22.0705;-256.269;-256.684;-256.895;-256.966;-255.956;0;None;1000;None;13:10:28.580
636;38.4013;38.1078;22.0626;-256.269;-256.684;-256.895;-256.966;-255.964;0;None;1000;None;13:10:29.080
637;38.3935;38.1;22.0626;-256.262;-256.692;-256.895;-256.966;-255.964;0;None;1000;None;13:10:29.580
638;38.3856;38.0844;22.0705;-256.269;-256.692;-256.888;-256.974;-255.956;0;None;1000;None;13:10:30.080
639;38.37;38.0844;22.0626;-256.269;-256.692;-256.895;-256.974;-255.956;0;None;1000;None;13:10:30.579
640;38.3543;38.0765;22.0626;-256.269;-256.684;-256.888;-256.958;-255.972;0;None;1000;None;13:10:31.080
641;38.3465;38.0609;22.0626;-256.269;-256.684;-256.895;-256.958;-255.964;0;None;1000;None;13:10:31.580
642;38.3387;38.0531;22.0705;-256.269;-256.684;-256.895;-256.966;-255.964;0;None;1000;None;13:10:32.079
643;38.3348;38.0452;22.0587;-256.269;-256.684;-256.895;-256.958;-255.956;0;None;1000;None;13:10:32.580
644;38.3269;38.0218;22.0626;-256.262;-256.692;-256.888;-256.974;-255.964;0;None;1000;None;13:10:33.079
645;38.323;38.0296;22.0705;-256.269;-256.692;-256.895;-256.958;-255.964;0;None;1000;None;13:10:33.579
646;38.3191;38.0139;22.0626;-256.262;-256.692;-256.895;-256.966;-255.956;0;None;1000;None;13:10:34.079
647;38.3035;38.0218;22.0705;-256.269;-256.692;-256.895;-256.966;-255.964;0;None;1000;None;13:10:34.579
648;38.2878;38.0061;22.0626;-256.269;-256.7;-256.895;-256.974;-255.956;0;None;1000;None;13:10:35.079
649;38.2878;37.9983;22.0626;-256.262;-256.692;-256.895;-256.974;-255.956;0;None;1000;None;13:10:35.579
650;38.2643;37.9826;22.0626;-256.269;-256.692;-256.888;-256.966;-255.964;0;None;1000;None;13:10:36.080
651;38.2565;37.9748;22.0626;-256.269;-256.7;-256.895;-256.958;-255.956;0;None;1000;None;13:10:36.580
652;38.2487;37.9592;22.0626;-256.262;-256.7;-256.888;-256.958;-255.949;0;None;1000;None;13:10:37.079
653;38.233;37.9513;22.0626;-256.262;-256.7;-256.895;-256.958;-255.949;0;None;1000;None;13:10:37.579
654;38.233;37.9357;22.0587;-256.269;-256.692;-256.888;-256.966;-255.956;0;None;1000;None;13:10:38.079
655;38.2252;37.9279;22.0587;-256.269;-256.692;-256.895;-256.966;-255.964;0;None;1000;None;13:10:38.579
656;38.2096;37.92;22.0626;-256.269;-256.7;-256.888;-256.966;-255.949;0;None;1000;None;13:10:39.080
657;38.2096;37.9161;22.0626;-256.262;-256.692;-256.888;-256.974;-255.964;0;None;1000;None;13:10:39.579
658;38.1861;37.9122;22.0587;-256.269;-256.692;-256.888;-256.966;-255.964;0;None;1000;None;13:10:40.080
659;38.1861;37.8927;22.0626;-256.262;-256.692;-256.888;-256.966;-255.956;0;None;1000;None;13:10:40.581
660;38.1704;37.8927;22.0666;-256.269;-256.692;-256.888;-256.966;-255.964;0;None;1000;None;13:10:41.079
661;38.1548;37.877;22.0626;-256.269;-256.692;-256.888;-256.974;-255.956;0;None;1000;None;13:10:41.579
662;38.1548;37.8614;22.0626;-256.269;-256.684;-256.895;-256.974;-255.956;0;None;1000;None;13:10:42.079
663;38.1391;37.8614;22.0548;-256.269;-256.692;-256.888;-256.966;-255.964;0;None;1000;None;13:10:42.580
664;38.1235;37.8457;22.0626;-256.269;-256.692;-256.888;-256.974;-255.956;0;None;1000;None;13:10:43.079
665;38.1157;37.8379;22.0587;-256.269;-256.684;-256.888;-256.966;-255.964;0;None;1000;None;13:10:43.579
666;38.1118;37.8379;22.0626;-256.277;-256.692;-256.895;-256.966;-255.964;0;None;1000;None;13:10:44.079
667;38.1078;37.8144;22.0587;-256.262;-256.692;-256.888;-256.974;-255.972;0;None;1000;None;13:10:44.580
668;38.1039;37.8066;22.0626;-256.269;-256.684;-256.888;-256.974;-255.972;0;None;1000;None;13:10:45.078
669;38.0883;37.7988;22.0626;-256.262;-256.692;-256.895;-256.974;-255.964;0;None;1000;None;13:10:45.579
670;38.0805;37.7909;22.0587;-256.262;-256.684;-256.88;-256.966;-255.964;0;None;1000;None;13:10:46.078
671;38.0648;37.7831;22.0626;-256.262;-256.684;-256.888;-256.966;-255.964;0;None;1000;None;13:10:46.577
672;38.057;37.7753;22.0587;-256.269;-256.692;-256.888;-256.966;-255.972;0;None;1000;None;13:10:47.078
673;38.0492;37.7675;22.0587;-256.262;-256.684;-256.895;-256.958;-255.964;0;None;1000;None;13:10:47.577
674;38.0413;37.7596;22.0626;-256.262;-256.684;-256.888;-256.966;-255.964;0;None;1000;None;13:10:48.079
675;38.0257;37.7518;22.0587;-256.269;-256.692;-256.888;-256.966;-255.972;0;None;1000;None;13:10:48.579
676;38.0179;37.7479;22.0587;-256.262;-256.684;-256.888;-256.966;-255.956;0;None;1000;None;13:10:49.079
677;37.9944;37.744;22.0587;-256.262;-256.692;-256.888;-256.958;-255.964;0;None;1000;None;13:10:49.579
678;37.9866;37.744;22.0587;-256.269;-256.692;-256.895;-256.966;-255.964;0;None;1000;None;13:10:50.079
679;37.9866;37.7322;22.0626;-256.269;-256.692;-256.888;-256.966;-255.964;0;None;1000;None;13:10:50.577
680;37.9709;37.7322;22.0548;-256.262;-256.692;-256.888;-256.958;-255.964;0;None;1000;None;13:10:51.078
681;37.9631;37.7166;22.0626;-256.262;-256.684;-256.888;-256.966;-255.972;0;None;1000;None;13:10:51.578
682;37.9474;37.7088;22.0587;-256.269;-256.692;-256.888;-256.966;-255.964;0;None;1000;None;13:10:52.077
683;37.9435;37.7009;22.0626;-256.262;-256.692;-256.888;-256.966;-255.964;0;None;1000;None;13:10:52.579
684;37.9396;37.6931;22.0587;-256.269;-256.692;-256.895;-256.966;-255.964;0;None;1000;None;13:10:53.079
685;37.9318;37.6775;22.0626;-256.269;-256.684;-256.888;-256.974;-255.972;0;None;1000;None;13:10:53.579
686;37.9318;37.6618;22.0626;-256.269;-256.692;-256.888;-256.981;-255.964;0;None;1000;None;13:10:54.077
687;37.92;37.654;22.0587;-256.262;-256.684;-256.888;-256.974;-255.964;0;None;1000;None;13:10:54.581
688;37.9044;37.6305;22.0626;-256.269;-256.684;-256.888;-256.974;-255.972;0;None;1000;None;13:10:55.079
689;37.8966;37.6305;22.0587;-256.262;-256.692;-256.888;-256.966;-255.964;0;None;1000;None;13:10:55.578
690;37.8809;37.6149;22.0626;-256.269;-256.692;-256.888;-256.966;-255.964;0;None;1000;None;13:10:56.078
691;37.8731;37.5992;22.0548;-256.262;-256.692;-256.888;-256.966;-255.964;0;None;1000;None;13:10:56.580
692;37.8653;37.5914;22.0587;-256.269;-256.692;-256.895;-256.966;-255.972;0;None;1000;None;13:10:57.079
693;37.8496;37.5757;22.0587;-256.262;-256.7;-256.888;-256.966;-255.964;0;None;1000;None;13:10:57.579
694;37.8418;37.5679;22.0626;-256.262;-256.684;-256.888;-256.966;-255.972;0;None;1000;None;13:10:58.079
695;37.8183;37.5601;22.0587;-256.269;-256.692;-256.895;-256.958;-255.964;0;None;1000;None;13:10:58.580
696;37.8105;37.5523;22.0587;-256.262;-256.684;-256.895;-256.966;-255.964;0;None;1000;None;13:10:59.080
697;37.8027;37.5444;22.0548;-256.262;-256.692;-256.888;-256.958;-255.956;0;None;1000;None;13:10:59.579
698;37.787;37.5444;22.0587;-256.269;-256.684;-256.895;-256.966;-255.972;0;None;1000;None;13:11:00.079
699;37.7792;37.5327;22.0548;-256.262;-256.684;-256.888;-256.966;-255.964;0;None;1000;None;13:11:00.580
700;37.7714;37.5249;22.0587;-256.262;-256.684;-256.888;-256.966;-255.964;0;None;1000;None;13:11:01.079
701;37.7557;37.5249;22.0587;-256.269;-256.692;-256.895;-256.95;-255.964;0;None;1000;None;13:11:01.579
702;37.7479;37.5171;22.0587;-256.262;-256.684;-256.888;-256.966;-255.964;0;None;1000;None;13:11:02.080
703;37.7322;37.5092;22.0587;-256.269;-256.692;-256.895;-256.958;-255.964;0;None;1000;None;13:11:02.579
704;37.7283;37.4936;22.0548;-256.269;-256.684;-256.895;-256.958;-255.964;0;None;1000;None;13:11:03.080
705;37.7244;37.4858;22.0587;-256.269;-256.684;-256.895;-256.966;-255.972;0;None;1000;None;13:11:03.579
706;37.7205;37.4858;22.0626;-256.262;-256.684;-256.888;-256.966;-255.964;0;None;1000;None;13:11:04.079
707;37.7127;37.4701;22.0587;-256.269;-256.692;-256.895;-256.958;-255.972;0;None;1000;None;13:11:04.579
708;37.697;37.4623;22.0548;-256.262;-256.684;-256.895;-256.966;-255.964;0;None;1000;None;13:11:05.079
709;37.6892;37.4466;22.0587;-256.269;-256.684;-256.895;-256.966;-255.972;0;None;1000;None;13:11:05.579
710;37.6814;37.4388;22.0548;-256.262;-256.684;-256.888;-256.966;-255.964;0;None;1000;None;13:11:06.080
711;37.6736;37.431;22.0548;-256.262;-256.692;-256.895;-256.966;-255.964;0;None;1000;None;13:11:06.579
712;37.6579;37.4232;22.0587;-256.269;-256.684;-256.895;-256.974;-255.964;0;None;1000;None;13:11:07.079
713;37.6501;37.4075;22.0587;-256.269;-256.692;-256.888;-256.966;-255.964;0;None;1000;None;13:11:07.579
714;37.6501;37.4075;22.0548;-256.262;-256.684;-256.895;-256.958;-255.964;0;None;1000;None;13:11:08.078
715;37.6344;37.384;22.0548;-256.269;-256.692;-256.895;-256.958;-255.964;0;None;1000;None;13:11:08.579
716;37.6266;37.384;22.0548;-256.269;-256.692;-256.895;-256.966;-255.964;0;None;1000;None;13:11:09.079
717;37.611;37.3762;22.0548;-256.269;-256.692;-256.895;-256.958;-255.964;0;None;1000;None;13:11:09.579
718;37.6031;37.3684;22.0548;-256.262;-256.684;-256.895;-256.966;-255.964;0;None;1000;None;13:11:10.080
719;37.5875;37.3449;22.0548;-256.262;-256.692;-256.895;-256.958;-255.964;0;None;1000;None;13:11:10.579
720;37.5797;37.3449;22.0509;-256.262;-256.684;-256.888;-256.958;-255.972;0;None;1000;None;13:11:11.079
721;37.5718;37.3293;22.0509;-256.262;-256.692;-256.903;-256.95;-255.964;0;None;1000;None;13:11:11.579
722;37.5718;37.3175;22.0509;-256.262;-256.684;-256.895;-256.958;-255.964;0;None;1000;None;13:11:12.078
723;37.5562;37.3175;22.0509;-256.269;-256.692;-256.895;-256.958;-255.964;0;None;1000;None;13:11:12.580
724;37.5484;37.3097;22.0509;-256.262;-256.684;-256.895;-256.958;-255.964;0;None;1000;None;13:11:13.078
725;37.5405;37.3019;22.0509;-256.262;-256.684;-256.895;-256.958;-255.972;0;None;1000;None;13:11:13.579
726;37.5249;37.3019;22.0509;-256.269;-256.692;-256.903;-256.958;-255.964;0;None;1000;None;13:11:14.079
727;37.5171;37.2862;22.0509;-256.262;-256.684;-256.903;-256.958;-255.972;0;None;1000;None;13:11:14.578
728;37.5131;37.2784;22.0509;-256.269;-256.692;-256.895;-256.95;-255.964;0;None;1000;None;13:11:15.080
729;37.5053;37.2706;22.0509;-256.269;-256.684;-256.895;-256.958;-255.964;0;None;1000;None;13:11:15.579
730;37.5053;37.2549;22.047;-256.262;-256.676;-256.903;-256.958;-255.972;0;None;1000;None;13:11:16.080
731;37.4975;37.2471;22.0509;-256.269;-256.684;-256.895;-256.958;-255.964;0;None;1000;None;13:11:16.579
732;37.4897;37.2314;22.0548;-256.262;-256.684;-256.895;-256.966;-255.972;0;None;1000;None;13:11:17.079
733;37.4818;37.2236;22.0509;-256.269;-256.684;-256.895;-256.966;-255.964;0;None;1000;None;13:11:17.579
734;37.474;37.2236;22.047;-256.262;-256.676;-256.895;-256.958;-255.964;0;None;1000;None;13:11:18.080
735;37.4505;37.208;22.0548;-256.269;-256.684;-256.895;-256.966;-255.964;0;None;1000;None;13:11:18.579
736;37.4505;37.208;22.0548;-256.262;-256.692;-256.903;-256.958;-255.964;0;None;1000;None;13:11:19.079
737;37.4349;37.1923;22.0509;-256.262;-256.684;-256.895;-256.966;-255.964;0;None;1000;None;13:11:19.579
738;37.4192;37.1767;22.0548;-256.269;-256.684;-256.903;-256.958;-255.964;0;None;1000;None;13:11:20.079
739;37.4114;37.1688;22.0548;-256.262;-256.684;-256.895;-256.958;-255.964;0;None;1000;None;13:11:20.579
740;37.4036;37.1454;22.0548;-256.254;-256.676;-256.895;-256.958;-255.964;0;None;1000;None;13:11:21.079
741;37.3958;37.1415;22.0548;-256.262;-256.684;-256.895;-256.966;-255.964;0;None;1000;None;13:11:21.579
742;37.3879;37.1375;22.0509;-256.269;-256.692;-256.895;-256.958;-255.964;0;None;1000;None;13:11:22.079
743;37.3723;37.1336;22.0509;-256.262;-256.684;-256.895;-256.966;-255.964;0;None;1000;None;13:11:22.579
744;37.3801;37.1258;22.0509;-256.262;-256.676;-256.895;-256.966;-255.956;0;None;1000;None;13:11:23.079
745;37.3566;37.118;22.047;-256.254;-256.692;-256.895;-256.966;-255.964;0;None;1000;None;13:11:23.579
746;37.3488;37.1023;22.0548;-256.262;-256.684;-256.895;-256.966;-255.964;0;None;1000;None;13:11:24.079
747;37.341;37.1023;22.0509;-256.262;-256.676;-256.895;-256.966;-255.964;0;None;1000;None;13:11:24.582
748;37.3332;37.0867;22.0548;-256.262;-256.684;-256.895;-256.958;-255.956;0;None;1000;None;13:11:25.079
749;37.3175;37.0867;22.0509;-256.262;-256.676;-256.895;-256.966;-255.964;0;None;1000;None;13:11:25.578
750;37.3097;37.071;22.0509;-256.262;-256.684;-256.888;-256.966;-255.964;0;None;1000;None;13:11:26.079
751;37.3058;37.071;22.0509;-256.262;-256.684;-256.903;-256.958;-255.964;0;None;1000;None;13:11:26.579
752;37.298;37.0554;22.0548;-256.262;-256.692;-256.888;-256.966;-255.964;0;None;1000;None;13:11:27.079
753;37.2901;37.0476;22.0509;-256.262;-256.684;-256.895;-256.958;-255.964;0;None;1000;None;13:11:27.579
754;37.2862;37.0397;22.0509;-256.262;-256.684;-256.895;-256.958;-255.972;0;None;1000;None;13:11:28.079
755;37.2823;37.0319;22.0548;-256.262;-256.676;-256.895;-256.958;-255.964;0;None;1000;None;13:11:28.578
756;37.2745;37.0163;22.0509;-256.269;-256.684;-256.895;-256.958;-255.964;0;None;1000;None;13:11:29.079
757;37.2667;37.0084;22.0548;-256.262;-256.684;-256.888;-256.966;-255.964;0;None;1000;None;13:11:29.579
758;37.251;37.0006;22.0548;-256.269;-256.684;-256.903;-256.958;-255.956;0;None;1000;None;13:11:30.079
759;37.251;36.985;22.0548;-256.262;-256.684;-256.895;-256.966;-255.964;0;None;1000;None;13:11:30.579
760;37.2354;36.9771;22.0548;-256.269;-256.676;-256.895;-256.958;-255.956;0;None;1000;None;13:11:31.079
761;37.2275;36.9615;22.0548;-256.262;-256.684;-256.895;-256.958;-255.964;0;None;1000;None;13:11:31.579
762;37.2197;36.9615;22.0548;-256.269;-256.684;-256.895;-256.966;-255.956;0;None;1000;None;13:11:32.079
763;37.2041;36.938;22.0509;-256.269;-256.684;-256.903;-256.958;-255.964;0;None;1000;None;13:11:32.582
764;37.1962;36.9302;22.0509;-256.269;-256.684;-256.895;-256.966;-255.964;0;None;1000;None;13:11:33.079
765;37.1884;36.9263;22.0548;-256.269;-256.692;-256.895;-256.958;-255.964;0;None;1000;None;13:11:33.579
766;37.1728;36.9184;22.0548;-256.277;-256.676;-256.895;-256.958;-255.956;0;None;1000;None;13:11:34.079
767;37.1571;36.9145;22.0509;-256.269;-256.684;-256.888;-256.958;-255.964;0;None;1000;None;13:11:34.579
768;37.1571;36.9106;22.0548;-256.269;-256.692;-256.903;-256.958;-255.964;0;None;1000;None;13:11:35.079
769;37.1493;36.9028;22.0587;-256.269;-256.684;-256.895;-256.958;-255.956;0;None;1000;None;13:11:35.579
770;37.1415;36.895;22.0548;-256.269;-256.684;-256.903;-256.958;-255.964;0;None;1000;None;13:11:36.079
771;37.1258;36.8871;22.0548;-256.262;-256.692;-256.895;-256.95;-255.964;0;None;1000;None;13:11:36.580
772;37.118;36.8793;22.0509;-256.262;-256.692;-256.903;-256.958;-255.956;0;None;1000;None;13:11:37.078
773;37.1023;36.8715;22.0509;-256.269;-256.684;-256.895;-256.966;-255.956;0;None;1000;None;13:11:37.578
774;37.0945;36.8637;22.0509;-256.262;-256.684;-256.903;-256.958;-255.956;0;None;1000;None;13:11:38.079
775;37.0828;36.8637;22.0509;-256.269;-256.692;-256.895;-256.958;-255.964;0;None;1000;None;13:11:38.580
776;37.0789;36.848;22.0509;-256.269;-256.692;-256.895;-256.958;-255.964;0;None;1000;None;13:11:39.078
777;37.0749;36.8324;22.0509;-256.277;-256.692;-256.895;-256.958;-255.956;0;None;1000;None;13:11:39.578
778;37.0671;36.8245;22.0509;-256.269;-256.684;-256.895;-256.966;-255.956;0;None;1000;None;13:11:40.077
779;37.0671;36.8167;22.047;-256.269;-256.692;-256.895;-256.966;-255.964;0;None;1000;None;13:11:40.579
780;37.0515;36.8011;22.0509;-256.277;-256.676;-256.895;-256.958;-255.964;0;None;1000;None;13:11:41.078
781;37.0436;36.8011;22.0509;-256.262;-256.676;-256.903;-256.95;-255.956;0;None;1000;None;13:11:41.578
782;37.0358;36.7854;22.0548;-256.277;-256.676;-256.895;-256.966;-255.956;0;None;1000;None;13:11:42.078
783;37.028;36.7776;22.0509;-256.269;-256.676;-256.895;-256.958;-255.956;0;None;1000;None;13:11:42.578
784;37.0123;36.7698;22.0509;-256.269;-256.676;-256.903;-256.958;-255.964;0;None;1000;None;13:11:43.078
785;37.0045;36.7541;22.0509;-256.262;-256.676;-256.895;-256.958;-255.964;0;None;1000;None;13:11:43.578
786;36.9967;36.7463;22.0509;-256.269;-256.684;-256.895;-256.958;-255.956;0;None;1000;None;13:11:44.077
787;36.9889;36.7385;22.0509;-256.269;-256.676;-256.895;-256.958;-255.964;0;None;1000;None;13:11:44.577
788;36.9732;36.7306;22.0509;-256.262;-256.684;-256.903;-256.966;-255.964;0;None;1000;None;13:11:45.078
789;36.9654;36.7228;22.0548;-256.262;-256.692;-256.895;-256.958;-255.964;0;None;1000;None;13:11:45.579
790;36.9576;36.7111;22.0548;-256.262;-256.684;-256.903;-256.958;-255.972;0;None;1000;None;13:11:46.078
791;36.9419;36.7033;22.0548;-256.269;-256.692;-256.895;-256.958;-255.964;0;None;1000;None;13:11:46.577
792;36.9419;36.7033;22.0548;-256.262;-256.692;-256.895;-256.95;-255.964;0;None;1000;None;13:11:47.079
793;36.9263;36.6876;22.0548;-256.269;-256.684;-256.903;-256.958;-255.956;0;None;1000;None;13:11:47.578
794;36.9263;36.6876;22.0509;-256.269;-256.684;-256.895;-256.95;-255.964;0;None;1000;None;13:11:48.079
795;36.9184;36.672;22.0548;-256.262;-256.692;-256.895;-256.95;-255.964;0;None;1000;None;13:11:48.579
796;36.9067;36.6641;22.0548;-256.269;-256.684;-256.903;-256.95;-255.956;0;None;1000;None;13:11:49.079
797;36.9028;36.6485;22.0509;-256.262;-256.684;-256.895;-256.958;-255.964;0;None;1000;None;13:11:49.579
798;36.8989;36.6407;22.0548;-256.269;-256.692;-256.895;-256.958;-255.956;0;None;1000;None;13:11:50.079
799;36.895;36.6407;22.0548;-256.269;-256.684;-256.895;-256.95;-255.956;0;None;1000;None;13:11:50.579
800;36.8832;36.6172;22.0548;-256.269;-256.684;-256.895;-256.958;-255.964;0;None;1000;None;13:11:51.079
801;36.8832;36.6094;22.0509;-256.262;-256.684;-256.895;-256.958;-255.956;0;None;1000;None;13:11:51.579
802;36.8676;36.6015;22.0587;-256.269;-256.684;-256.895;-256.958;-255.956;0;None;1000;None;13:11:52.079
803;36.8598;36.5937;22.0587;-256.269;-256.692;-256.888;-256.958;-255.964;0;None;1000;None;13:11:52.579
804;36.8441;36.5859;22.0587;-256.262;-256.684;-256.895;-256.958;-255.956;0;None;1000;None;13:11:53.078
805;36.8441;36.5624;22.0548;-256.269;-256.692;-256.903;-256.958;-255.964;0;None;1000;None;13:11:53.579
806;36.8363;36.5546;22.0548;-256.262;-256.692;-256.903;-256.958;-255.964;0;None;1000;None;13:11:54.079
807;36.8285;36.5389;22.0587;-256.262;-256.692;-256.895;-256.95;-255.956;0;None;1000;None;13:11:54.580
808;36.8206;36.535;22.0548;-256.269;-256.692;-256.895;-256.958;-255.964;0;None;1000;None;13:11:55.077
809;36.8128;36.5272;22.0587;-256.262;-256.684;-256.895;-256.95;-255.964;0;None;1000;None;13:11:55.578
810;36.7972;36.5233;22.0587;-256.262;-256.684;-256.895;-256.958;-255.964;0;None;1000;None;13:11:56.079
811;36.7893;36.5115;22.0548;-256.262;-256.692;-256.903;-256.958;-255.956;0;None;1000;None;13:11:56.578
812;36.7815;36.4959;22.0548;-256.262;-256.684;-256.903;-256.966;-255.964;0;None;1000;None;13:11:57.078
813;36.7737;36.4881;22.0587;-256.262;-256.692;-256.888;-256.958;-255.964;0;None;1000;None;13:11:57.579
814;36.758;36.4724;22.0548;-256.262;-256.692;-256.895;-256.95;-255.964;0;None;1000;None;13:11:58.077
815;36.758;36.4646;22.0548;-256.262;-256.684;-256.895;-256.958;-255.964;0;None;1000;None;13:11:58.578
816;36.7502;36.4489;22.0509;-256.262;-256.684;-256.895;-256.966;-255.964;0;None;1000;None;13:11:59.079
817;36.7424;36.4411;22.0548;-256.269;-256.692;-256.895;-256.95;-255.956;0;None;1000;None;13:11:59.582
818;36.7189;36.4411;22.0509;-256.262;-256.692;-256.895;-256.958;-255.964;0;None;1000;None;13:12:00.078
819;36.7111;36.4176;22.0548;-256.262;-256.684;-256.895;-256.958;-255.964;0;None;1000;None;13:12:00.578
820;36.7033;36.4176;22.0509;-256.262;-256.692;-256.888;-256.958;-255.964;0;None;1000;None;13:12:01.078
821;36.6954;36.402;22.0548;-256.269;-256.676;-256.903;-256.958;-255.964;0;None;1000;None;13:12:01.578
822;36.6915;36.3942;22.0548;-256.262;-256.684;-256.895;-256.966;-255.964;0;None;1000;None;13:12:02.078
823;36.6876;36.3707;22.0548;-256.262;-256.684;-256.903;-256.958;-255.964;0;None;1000;None;13:12:02.580
824;36.6837;36.3707;22.0509;-256.269;-256.692;-256.903;-256.966;-255.956;0;None;1000;None;13:12:03.079
825;36.6798;36.3629;22.0548;-256.262;-256.684;-256.903;-256.958;-255.964;0;None;1000;None;13:12:03.579
826;36.6759;36.3472;22.0587;-256.262;-256.684;-256.903;-256.958;-255.956;0;None;1000;None;13:12:04.079
827;36.6602;36.3394;22.0548;-256.262;-256.684;-256.903;-256.966;-255.956;0;None;1000;None;13:12:04.579
828;36.6524;36.3394;22.0587;-256.269;-256.684;-256.895;-256.966;-255.956;0;None;1000;None;13:12:05.079
829;36.6446;36.3316;22.0548;-256.262;-256.684;-256.895;-256.966;-255.956;0;None;1000;None;13:12:05.579
830;36.6367;36.3198;22.0509;-256.262;-256.684;-256.895;-256.958;-255.956;0;None;1000;None;13:12:06.078
831;36.6211;36.3159;22.0548;-256.262;-256.692;-256.903;-256.958;-255.949;0;None;1000;None;13:12:06.579
832;36.6133;36.3081;22.0548;-256.262;-256.684;-256.895;-256.95;-255.956;0;None;1000;None;13:12:07.079
833;36.6054;36.312;22.0548;-256.254;-256.684;-256.895;-256.958;-255.956;0;None;1000;None;13:12:07.578
834;36.5898;36.3042;22.0626;-256.269;-256.684;-256.903;-256.958;-255.949;0;None;1000;None;13:12:08.080
835;36.5898;36.3042;22.0626;-256.262;-256.692;-256.895;-256.958;-255.956;0;None;1000;None;13:12:08.578
836;36.5741;36.2964;22.0626;-256.262;-256.692;-256.903;-256.95;-255.949;0;None;1000;None;13:12:09.079
837;36.5585;36.2885;22.0626;-256.262;-256.684;-256.895;-256.958;-255.956;0;None;1000;None;13:12:09.579
838;36.5585;36.2651;22.0705;-256.269;-256.684;-256.895;-256.958;-255.956;0;None;1000;None;13:12:10.079
839;36.5428;36.2651;22.0705;-256.262;-256.692;-256.903;-256.95;-255.956;0;None;1000;None;13:12:10.578
840;36.535;36.2494;22.0705;-256.269;-256.684;-256.895;-256.958;-255.956;0;None;1000;None;13:12:11.079
841;36.5194;36.2494;22.0626;-256.262;-256.692;-256.903;-256.958;-255.956;0;None;1000;None;13:12:11.579
842;36.5194;36.2338;22.0705;-256.269;-256.692;-256.903;-256.966;-255.964;0;None;1000;None;13:12:12.078
843;36.4959;36.2416;22.0626;-256.277;-256.692;-256.903;-256.95;-255.956;0;None;1000;None;13:12:12.578
844;36.4802;36.2259;22.0705;-256.269;-256.692;-256.903;-256.958;-255.956;0;None;1000;None;13:12:13.079
845;36.4802;36.2181;22.0626;-256.277;-256.692;-256.895;-256.958;-255.956;0;None;1000;None;13:12:13.579
846;36.4685;36.2103;22.0705;-256.277;-256.684;-256.903;-256.95;-255.956;0;None;1000;None;13:12:14.079
847;36.4685;36.2103;22.0705;-256.269;-256.692;-256.895;-256.958;-255.964;0;None;1000;None;13:12:14.578
848;36.4607;36.2025;22.0705;-256.269;-256.692;-256.903;-256.95;-255.956;0;None;1000;None;13:12:15.078
849;36.4607;36.1868;22.0705;-256.269;-256.692;-256.895;-256.95;-255.956;0;None;1000;None;13:12:15.579
850;36.445;36.1868;22.0626;-256.269;-256.692;-256.903;-256.95;-255.956;0;None;1000;None;13:12:16.077
851;36.4294;36.1712;22.0626;-256.269;-256.692;-256.895;-256.958;-255.956;0;None;1000;None;13:12:16.578
852;36.4294;36.1633;22.0587;-256.269;-256.692;-256.903;-256.958;-255.964;0;None;1000;None;13:12:17.078
853;36.4137;36.1555;22.0626;-256.269;-256.7;-256.903;-256.958;-255.956;0;None;1000;None;13:12:17.578
854;36.4059;36.1477;22.0587;-256.269;-256.7;-256.895;-256.958;-255.956;0;None;1000;None;13:12:18.078
855;36.3981;36.1399;22.0626;-256.269;-256.692;-256.903;-256.958;-255.964;0;None;1000;None;13:12:18.579
856;36.3903;36.132;22.0626;-256.269;-256.7;-256.895;-256.966;-255.956;0;None;1000;None;13:12:19.079
857;36.3903;36.1164;22.0626;-256.277;-256.7;-256.895;-256.958;-255.956;0;None;1000;None;13:12:19.577
858;36.3746;36.1046;22.0626;-256.262;-256.692;-256.895;-256.966;-255.964;0;None;1000;None;13:12:20.077
859;36.3668;36.1046;22.0587;-256.277;-256.692;-256.903;-256.958;-255.964;0;None;1000;None;13:12:20.579
860;36.359;36.0968;22.0705;-256.269;-256.7;-256.895;-256.966;-255.964;0;None;1000;None;13:12:21.078
861;36.359;36.0929;22.0626;-256.277;-256.692;-256.903;-256.958;-255.964;0;None;1000;None;13:12:21.580
862;36.3355;36.089;22.0626;-256.277;-256.692;-256.903;-256.95;-255.956;0;None;1000;None;13:12:22.078
863;36.3277;36.0733;22.0626;-256.269;-256.684;-256.903;-256.958;-255.964;0;None;1000;None;13:12:22.580
864;36.312;36.0655;22.0626;-256.277;-256.692;-256.903;-256.958;-255.964;0;None;1000;None;13:12:23.079
865;36.312;36.0577;22.0626;-256.269;-256.692;-256.903;-256.966;-255.956;0;None;1000;None;13:12:23.578
866;36.3042;36.0499;22.0626;-256.269;-256.692;-256.895;-256.958;-255.964;0;None;1000;None;13:12:24.078
867;36.2885;36.0342;22.0705;-256.277;-256.684;-256.895;-256.966;-255.964;0;None;1000;None;13:12:24.576
868;36.2807;36.0264;22.0705;-256.269;-256.692;-256.903;-256.966;-255.956;0;None;1000;None;13:12:25.078
869;36.2651;36.0186;22.0626;-256.269;-256.692;-256.895;-256.958;-255.964;0;None;1000;None;13:12:25.578
870;36.269;36.0107;22.0548;-256.277;-256.684;-256.903;-256.966;-255.956;0;None;1000;None;13:12:26.077
871;36.2611;36.0029;22.0548;-256.269;-256.692;-256.903;-256.974;-255.949;0;None;1000;None;13:12:26.579
872;36.2533;35.9951;22.0587;-256.269;-256.692;-256.895;-256.966;-255.956;0;None;1000;None;13:12:27.079
873;36.2533;35.9951;22.0548;-256.269;-256.684;-256.903;-256.966;-255.956;0;None;1000;None;13:12:27.576
874;36.2455;35.9794;22.0548;-256.269;-256.692;-256.903;-256.958;-255.956;0;None;1000;None;13:12:28.079
875;36.2377;35.9716;22.0548;-256.277;-256.692;-256.903;-256.966;-255.956;0;None;1000;None;13:12:28.578
876;36.222;35.9638;22.0548;-256.269;-256.692;-256.895;-256.966;-255.964;0;None;1000;None;13:12:29.078
877;36.2142;35.956;22.0548;-256.277;-256.684;-256.895;-256.958;-255.949;0;None;1000;None;13:12:29.578
878;36.2064;35.9481;22.0548;-256.277;-256.692;-256.895;-256.966;-255.964;0;None;1000;None;13:12:30.079
879;36.1985;35.9481;22.0548;-256.269;-256.692;-256.895;-256.966;-255.956;0;None;1000;None;13:12:30.578
880;36.1985;35.9325;22.0548;-256.269;-256.684;-256.895;-256.966;-255.956;0;None;1000;None;13:12:31.078
881;36.1829;35.9403;22.0548;-256.277;-256.684;-256.903;-256.966;-255.956;0;None;1000;None;13:12:31.579
882;36.1829;35.9247;22.0587;-256.277;-256.692;-256.895;-256.958;-255.956;0;None;1000;None;13:12:32.078
883;36.1672;35.9247;22.0587;-256.277;-256.684;-256.903;-256.958;-255.964;0;None;1000;None;13:12:32.578
884;36.1594;35.9208;22.0548;-256.269;-256.692;-256.895;-256.966;-255.964;0;None;1000;None;13:12:33.077
885;36.1516;35.9208;22.0587;-256.269;-256.692;-256.895;-256.95;-255.956;0;None;1000;None;13:12:33.578
886;36.1359;35.9129;22.0548;-256.269;-256.692;-256.903;-256.966;-255.956;0;None;1000;None;13:12:34.079
887;36.1281;35.9129;22.0548;-256.277;-256.692;-256.895;-256.95;-255.956;0;None;1000;None;13:12:34.579
888;36.1203;35.9051;22.0548;-256.269;-256.684;-256.895;-256.958;-255.964;0;None;1000;None;13:12:35.079
889;36.1046;35.8895;22.0548;-256.269;-256.684;-256.903;-256.95;-255.956;0;None;1000;None;13:12:35.578
890;36.0968;35.8895;22.0548;-256.277;-256.684;-256.903;-256.95;-255.956;0;None;1000;None;13:12:36.079
891;36.089;35.866;22.0548;-256.269;-256.7;-256.903;-256.958;-255.964;0;None;1000;None;13:12:36.579
892;36.0733;35.8582;22.0548;-256.269;-256.684;-256.895;-256.95;-255.956;0;None;1000;None;13:12:37.078
893;36.0655;35.8503;22.0548;-256.269;-256.692;-256.903;-256.958;-255.956;0;None;1000;None;13:12:37.579
894;36.0577;35.8582;22.0548;-256.269;-256.692;-256.895;-256.958;-255.956;0;None;1000;None;13:12:38.077
895;36.0499;35.8347;22.0548;-256.269;-256.684;-256.895;-256.958;-255.964;0;None;1000;None;13:12:38.578
896;36.046;35.8269;22.0509;-256.277;-256.692;-256.895;-256.966;-255.964;0;None;1000;None;13:12:39.078
897;36.0381;35.8269;22.0548;-256.269;-256.692;-256.903;-256.95;-255.956;0;None;1000;None;13:12:39.578
898;36.0381;35.819;22.0548;-256.262;-256.684;-256.903;-256.958;-255.964;0;None;1000;None;13:12:40.078
899;36.0303;35.8112;22.0509;-256.269;-256.692;-256.895;-256.958;-255.964;0;None;1000;None;13:12:40.577
900;36.0303;35.7956;22.0548;-256.262;-256.692;-256.895;-256.958;-255.964;0;None;1000;None;13:12:41.078
901;36.0147;35.7956;22.0509;-256.269;-256.692;-256.895;-256.958;-255.956;0;None;1000;None;13:12:41.578
902;36.0068;35.7799;22.0548;-256.262;-256.684;-256.895;-256.95;-255.956;0;None;1000;None;13:12:42.078
903;35.999;35.7799;22.0509;-256.269;-256.692;-256.903;-256.958;-255.964;0;None;1000;None;13:12:42.577
904;35.9912;35.7721;22.0548;-256.269;-256.684;-256.895;-256.958;-255.964;0;None;1000;None;13:12:43.077
905;35.9755;35.7486;22.0548;-256.262;-256.692;-256.895;-256.95;-255.964;0;None;1000;None;13:12:43.577
906;35.9755;35.7486;22.0548;-256.269;-256.684;-256.903;-256.95;-255.956;0;None;1000;None;13:12:44.076
907;35.9677;35.7408;22.0548;-256.262;-256.692;-256.895;-256.942;-255.964;0;None;1000;None;13:12:44.576
908;35.9521;35.7251;22.0509;-256.262;-256.692;-256.895;-256.95;-255.964;0;None;1000;None;13:12:45.076
909;35.9364;35.7134;22.0548;-256.269;-256.692;-256.903;-256.95;-255.956;0;None;1000;None;13:12:45.578
910;35.9364;35.7212;22.0548;-256.277;-256.684;-256.895;-256.95;-255.956;0;None;1000;None;13:12:46.078
911;35.9286;35.7095;22.0548;-256.269;-256.7;-256.903;-256.95;-255.956;0;None;1000;None;13:12:46.576
912;35.9286;35.7056;22.0587;-256.269;-256.692;-256.895;-256.958;-255.956;0;None;1000;None;13:12:47.077
913;35.9129;35.7017;22.0548;-256.277;-256.692;-256.895;-256.958;-255.964;0;None;1000;None;13:12:47.576
914;35.9051;35.6899;22.0548;-256.269;-256.684;-256.903;-256.942;-255.956;0;None;1000;None;13:12:48.078
915;35.8973;35.6899;22.0548;-256.277;-256.692;-256.895;-256.958;-255.964;0;None;1000;None;13:12:48.578
916;35.8816;35.6821;22.0587;-256.269;-256.692;-256.903;-256.95;-255.956;0;None;1000;None;13:12:49.078
917;35.8816;35.6664;22.0587;-256.277;-256.684;-256.895;-256.95;-255.964;0;None;1000;None;13:12:49.578
918;35.8699;35.6664;22.0548;-256.269;-256.684;-256.895;-256.95;-255.956;0;None;1000;None;13:12:50.077
919;35.8621;35.6508;22.0626;-256.277;-256.684;-256.888;-256.95;-255.956;0;None;1000;None;13:12:50.577
920;35.8621;35.643;22.0548;-256.277;-256.684;-256.895;-256.95;-255.956;0;None;1000;None;13:12:51.078
921;35.8542;35.643;22.0548;-256.277;-256.692;-256.895;-256.95;-255.956;0;None;1000;None;13:12:51.579
922;35.8542;35.6273;22.0548;-256.277;-256.684;-256.903;-256.95;-255.964;0;None;1000;None;13:12:52.077
923;35.8386;35.6273;22.0548;-256.277;-256.692;-256.895;-256.95;-255.956;0;None;1000;None;13:12:52.576
924;35.8308;35.6195;22.0587;-256.277;-256.692;-256.903;-256.942;-255.956;0;None;1000;None;13:12:53.077
925;35.8229;35.6117;22.0548;-256.269;-256.684;-256.895;-256.95;-255.956;0;None;1000;None;13:12:53.576
926;35.8151;35.596;22.0587;-256.277;-256.692;-256.903;-256.942;-255.964;0;None;1000;None;13:12:54.076
927;35.8073;35.5882;22.0587;-256.269;-256.692;-256.888;-256.95;-255.956;0;None;1000;None;13:12:54.579
928;35.7995;35.596;22.0587;-256.269;-256.692;-256.895;-256.95;-255.956;0;None;1000;None;13:12:55.078
929;35.7838;35.5725;22.0587;-256.269;-256.692;-256.895;-256.958;-255.956;0;None;1000;None;13:12:55.578
930;35.776;35.5725;22.0626;-256.277;-256.692;-256.895;-256.958;-255.964;0;None;1000;None;13:12:56.078
931;35.776;35.5569;22.0548;-256.269;-256.684;-256.888;-256.95;-255.956;0;None;1000;None;13:12:56.579
932;35.7603;35.5569;22.0587;-256.277;-256.692;-256.895;-256.958;-255.964;0;None;1000;None;13:12:57.077
933;35.7447;35.5412;22.0587;-256.269;-256.692;-256.895;-256.95;-255.964;0;None;1000;None;13:12:57.578
934;35.7447;35.5412;22.0548;-256.277;-256.692;-256.895;-256.958;-255.956;0;None;1000;None;13:12:58.078
935;35.7369;35.5334;22.0587;-256.269;-256.684;-256.895;-256.958;-255.956;0;None;1000;None;13:12:58.578
936;35.7369;35.5334;22.0548;-256.277;-256.692;-256.903;-256.958;-255.956;0;None;1000;None;13:12:59.079
937;35.729;35.5256;22.0587;-256.269;-256.684;-256.895;-256.966;-255.949;0;None;1000;None;13:12:59.578
938;35.7212;35.5099;22.0587;-256.269;-256.692;-256.895;-256.966;-255.956;0;None;1000;None;13:13:00.079
939;35.7134;35.4982;22.0626;-256.277;-256.684;-256.903;-256.958;-255.956;0;None;1000;None;13:13:00.577
940;35.7056;35.4982;22.0587;-256.277;-256.692;-256.895;-256.958;-255.964;0;None;1000;None;13:13:01.077
941;35.6977;35.4943;22.0626;-256.269;-256.684;-256.903;-256.95;-255.956;0;None;1000;None;13:13:01.578
942;35.6899;35.4904;22.0587;-256.269;-256.692;-256.903;-256.95;-255.956;0;None;1000;None;13:13:02.078
943;35.6821;35.4865;22.0587;-256.269;-256.692;-256.903;-256.958;-255.964;0;None;1000;None;13:13:02.578
944;35.6664;35.4826;22.0587;-256.277;-256.684;-256.895;-256.958;-255.956;0;None;1000;None;13:13:03.077
945;35.6664;35.4669;22.0626;-256.269;-256.692;-256.903;-256.958;-255.956;0;None;1000;None;13:13:03.579
946;35.6547;35.4669;22.0587;-256.277;-256.684;-256.895;-256.958;-255.956;0;None;1000;None;13:13:04.077
947;35.6469;35.4513;22.0626;-256.269;-256.692;-256.895;-256.95;-255.949;0;None;1000;None;13:13:04.578
948;35.6469;35.4356;22.0587;-256.277;-256.692;-256.903;-256.958;-255.956;0;None;1000;None;13:13:05.078
949;35.643;35.4356;22.0587;-256.277;-256.684;-256.903;-256.95;-255.964;0;None;1000;None;13:13:05.578
950;35.6312;35.4356;22.0626;-256.277;-256.692;-256.888;-256.958;-255.956;0;None;1000;None;13:13:06.079
951;35.6312;35.4121;22.0626;-256.269;-256.692;-256.903;-256.966;-255.956;0;None;1000;None;13:13:06.578
952;35.6234;35.4043;22.0587;-256.269;-256.684;-256.895;-256.966;-255.956;0;None;1000;None;13:13:07.078
953;35.6078;35.4043;22.0587;-256.262;-256.692;-256.895;-256.966;-255.949;0;None;1000;None;13:13:07.578
954;35.5921;35.3965;22.0626;-256.269;-256.692;-256.895;-256.958;-255.956;0;None;1000;None;13:13:08.079
955;35.5843;35.373;22.0587;-256.262;-256.692;-256.903;-256.966;-255.956;0;None;1000;None;13:13:08.578
956;35.5843;35.3652;22.0626;-256.262;-256.692;-256.895;-256.95;-255.956;0;None;1000;None;13:13:09.079
957;35.5686;35.3574;22.0626;-256.269;-256.684;-256.895;-256.958;-255.956;0;None;1000;None;13:13:09.578
958;35.5686;35.3495;22.0587;-256.269;-256.684;-256.895;-256.958;-255.956;0;None;1000;None;13:13:10.078
959;35.553;35.3339;22.0587;-256.269;-256.692;-256.895;-256.958;-255.964;0;None;1000;None;13:13:10.577
960;35.5452;35.3261;22.0548;-256.269;-256.684;-256.903;-256.966;-255.956;0;None;1000;None;13:13:11.078
961;35.5373;35.3261;22.0587;-256.269;-256.692;-256.903;-256.966;-255.956;0;None;1000;None;13:13:11.577
962;35.5295;35.3221;22.0587;-256.269;-256.684;-256.895;-256.974;-255.956;0;None;1000;None;13:13:12.078
963;35.5139;35.3182;22.0548;-256.269;-256.684;-256.903;-256.966;-255.956;0;None;1000;None;13:13:12.578
964;35.4982;35.3143;22.0587;-256.277;-256.692;-256.895;-256.974;-255.956;0;None;1000;None;13:13:13.078
965;35.4982;35.3065;22.0587;-256.269;-256.684;-256.903;-256.966;-255.949;0;None;1000;None;13:13:13.577
966;35.4826;35.2908;22.0587;-256.277;-256.692;-256.895;-256.958;-255.956;0;None;1000;None;13:13:14.078
967;35.4826;35.2987;22.0587;-256.269;-256.684;-256.903;-256.966;-255.956;0;None;1000;None;13:13:14.578
968;35.4591;35.283;22.0587;-256.277;-256.692;-256.903;-256.966;-255.949;0;None;1000;None;13:13:15.077
969;35.4513;35.2752;22.0587;-256.269;-256.684;-256.895;-256.958;-255.956;0;None;1000;None;13:13:15.577
970;35.4513;35.2674;22.0626;-256.277;-256.692;-256.903;-256.966;-255.956;0;None;1000;None;13:13:16.079
971;35.4395;35.2517;22.0587;-256.269;-256.692;-256.895;-256.958;-255.949;0;None;1000;None;13:13:16.578
972;35.4356;35.2517;22.0587;-256.277;-256.684;-256.903;-256.966;-255.956;0;None;1000;None;13:13:17.078
973;35.4278;35.2361;22.0587;-256.269;-256.692;-256.895;-256.958;-255.956;0;None;1000;None;13:13:17.579
974;35.4278;35.2282;22.0587;-256.277;-256.692;-256.895;-256.966;-255.949;0;None;1000;None;13:13:18.079
975;35.416;35.2204;22.0666;-256.269;-256.692;-256.895;-256.966;-255.956;0;None;1000;None;13:13:18.578
976;35.4082;35.2126;22.0705;-256.269;-256.684;-256.903;-256.966;-255.956;0;None;1000;None;13:13:19.078
977;35.3847;35.1969;22.0705;-256.277;-256.684;-256.903;-256.966;-255.949;0;None;1000;None;13:13:19.578
978;35.3769;35.1969;22.0705;-256.269;-256.692;-256.895;-256.966;-255.956;0;None;1000;None;13:13:20.078
979;35.3613;35.1813;22.0705;-256.269;-256.684;-256.903;-256.958;-255.956;0;None;1000;None;13:13:20.578
980;35.3613;35.1735;22.0705;-256.269;-256.692;-256.903;-256.966;-255.956;0;None;1000;None;13:13:21.078
981;35.3456;35.1656;22.0705;-256.277;-256.692;-256.888;-256.966;-255.949;0;None;1000;None;13:13:21.578
982;35.33;35.1578;22.0705;-256.269;-256.692;-256.888;-256.966;-255.964;0;None;1000;None;13:13:22.078
983;35.33;35.1422;22.0783;-256.269;-256.692;-256.895;-256.966;-255.956;0;None;1000;None;13:13:22.577
984;35.3221;35.1343;22.0705;-256.277;-256.692;-256.895;-256.966;-255.964;0;None;1000;None;13:13:23.078
985;35.2987;35.1187;22.0705;-256.269;-256.684;-256.895;-256.966;-255.956;0;None;1000;None;13:13:23.578
986;35.2987;35.1187;22.0705;-256.269;-256.692;-256.888;-256.958;-255.956;0;None;1000;None;13:13:24.078
987;35.2908;35.107;22.0626;-256.277;-256.692;-256.895;-256.966;-255.964;0;None;1000;None;13:13:24.578
988;35.2752;35.103;22.0705;-256.269;-256.684;-256.903;-256.958;-255.956;0;None;1000;None;13:13:25.079
989;35.283;35.0991;22.0705;-256.277;-256.684;-256.903;-256.966;-255.956;0;None;1000;None;13:13:25.577
990;35.2674;35.0913;22.0705;-256.277;-256.692;-256.903;-256.958;-255.956;0;None;1000;None;13:13:26.079
991;35.2595;35.0835;22.0626;-256.277;-256.676;-256.903;-256.958;-255.956;0;None;1000;None;13:13:26.578
992;35.2595;35.0757;22.0783;-256.277;-256.692;-256.895;-256.966;-255.956;0;None;1000;None;13:13:27.078
993;35.2517;35.06;22.0783;-256.277;-256.684;-256.903;-256.966;-255.964;0;None;1000;None;13:13:27.578
994;35.2361;35.06;22.0783;-256.277;-256.692;-256.903;-256.95;-255.956;0;None;1000;None;13:13:28.077
995;35.2282;35.0522;22.0626;-256.277;-256.684;-256.903;-256.958;-255.956;0;None;1000;None;13:13:28.578
996;35.2322;35.0444;22.0705;-256.277;-256.692;-256.903;-256.95;-255.964;0;None;1000;None;13:13:29.078
997;35.2204;35.0444;22.0705;-256.269;-256.684;-256.895;-256.966;-255.956;0;None;1000;None;13:13:29.578
998;35.2165;35.0287;22.0705;-256.277;-256.684;-256.903;-256.958;-255.956;0;None;1000;None;13:13:30.078
999;35.2126;35.0209;22.0705;-256.277;-256.692;-256.903;-256.958;-255.964;0;None;1000;None;13:13:30.578
1000;35.2126;35.0209;22.0626;-256.277;-256.692;-256.895;-256.958;-255.956;0;None;1000;None;13:13:31.078
1001;35.2009;35.0131;22.0626;-256.269;-256.684;-256.895;-256.958;-255.956;0;None;1000;None;13:13:31.578
1002;35.2009;35.0131;22.0705;-256.277;-256.692;-256.895;-256.958;-255.964;0;None;1000;None;13:13:32.077
1003;35.2087;35.0052;22.0626;-256.277;-256.684;-256.895;-256.958;-255.956;0;None;1000;None;13:13:32.578
1004;35.193;34.9818;22.0705;-256.277;-256.692;-256.895;-256.958;-255.956;0;None;1000;None;13:13:33.077
1005;35.1852;34.9818;22.0705;-256.277;-256.692;-256.888;-256.958;-255.956;0;None;1000;None;13:13:33.578
1006;35.1852;34.9661;22.0705;-256.277;-256.684;-256.895;-256.958;-255.964;0;None;1000;None;13:13:34.077
1007;35.1774;34.9661;22.0626;-256.285;-256.684;-256.895;-256.958;-255.956;0;None;1000;None;13:13:34.578
1008;35.1696;34.9661;22.0705;-256.277;-256.692;-256.903;-256.95;-255.964;0;None;1000;None;13:13:35.078
1009;35.1617;34.9583;22.0783;-256.277;-256.684;-256.895;-256.958;-255.964;0;None;1000;None;13:13:35.577
1010;35.1539;34.9583;22.0705;-256.277;-256.692;-256.895;-256.966;-255.964;0;None;1000;None;13:13:36.078
1011;35.1461;34.9505;22.0705;-256.285;-256.692;-256.895;-256.958;-255.956;0;None;1000;None;13:13:36.578
1012;35.1461;34.9348;22.0783;-256.277;-256.692;-256.903;-256.958;-255.956;0;None;1000;None;13:13:37.077
1013;35.1383;34.9348;22.0705;-256.277;-256.684;-256.895;-256.958;-255.964;0;None;1000;None;13:13:37.578
1014;35.1304;34.9192;22.0861;-256.277;-256.692;-256.903;-256.958;-255.956;0;None;1000;None;13:13:38.077
1015;35.1304;34.9192;22.0783;-256.285;-256.692;-256.903;-256.958;-255.964;0;None;1000;None;13:13:38.579
1016;35.1226;34.9035;22.0861;-256.277;-256.692;-256.903;-256.958;-255.956;0;None;1000;None;13:13:39.077
1017;35.1148;34.8957;22.0861;-256.277;-256.684;-256.895;-256.958;-255.964;0;None;1000;None;13:13:39.579
1018;35.107;34.8918;22.0861;-256.269;-256.692;-256.903;-256.958;-255.964;0;None;1000;None;13:13:40.078
1019;35.107;34.8918;22.0939;-256.277;-256.692;-256.903;-256.958;-255.956;0;None;1000;None;13:13:40.577
1020;35.0991;34.8839;22.0861;-256.285;-256.684;-256.903;-256.958;-255.956;0;None;1000;None;13:13:41.078
1021;35.0913;34.88;22.0861;-256.277;-256.692;-256.895;-256.958;-255.956;0;None;1000;None;13:13:41.577
1022;35.0835;34.88;22.0939;-256.277;-256.7;-256.903;-256.958;-255.964;0;None;1000;None;13:13:42.078
1023;35.0757;34.8761;22.0861;-256.277;-256.684;-256.895;-256.958;-255.956;0;None;1000;None;13:13:42.577
1024;35.06;34.8605;22.0861;-256.277;-256.692;-256.903;-256.958;-255.964;0;None;1000;None;13:13:43.078
1025;35.0522;34.8526;22.0783;-256.277;-256.692;-256.895;-256.966;-255.956;0;None;1000;None;13:13:43.577
1026;35.0444;34.8448;22.0861;-256.277;-256.684;-256.895;-256.958;-255.964;0;None;1000;None;13:13:44.078
1027;35.0287;34.8448;22.0861;-256.277;-256.692;-256.903;-256.966;-255.964;0;None;1000;None;13:13:44.578
1028;35.0287;34.837;22.0861;-256.277;-256.692;-256.895;-256.958;-255.956;0;None;1000;None;13:13:45.078
1029;35.0209;34.8213;22.0783;-256.277;-256.692;-256.903;-256.958;-255.956;0;None;1000;None;13:13:45.578
1030;35.0131;34.8213;22.0861;-256.277;-256.692;-256.895;-256.958;-255.956;0;None;1000;None;13:13:46.077
1031;35.0091;34.8135;22.0783;-256.277;-256.692;-256.895;-256.95;-255.956;0;None;1000;None;13:13:46.578
1032;35.0052;34.7979;22.0783;-256.277;-256.692;-256.903;-256.966;-255.956;0;None;1000;None;13:13:47.078
1033;35.0013;34.79;22.0861;-256.277;-256.684;-256.903;-256.958;-255.956;0;None;1000;None;13:13:47.578
1034;34.9974;34.79;22.0861;-256.277;-256.692;-256.903;-256.958;-255.956;0;None;1000;None;13:13:48.078
1035;34.9935;34.7822;22.0861;-256.277;-256.684;-256.895;-256.958;-255.956;0;None;1000;None;13:13:48.577
1036;34.9778;34.7744;22.0861;-256.269;-256.684;-256.903;-256.958;-255.956;0;None;1000;None;13:13:49.077
1037;34.9778;34.7666;22.0783;-256.277;-256.684;-256.903;-256.958;-255.949;0;None;1000;None;13:13:49.577
1038;34.9622;34.7587;22.0861;-256.269;-256.684;-256.903;-256.958;-255.956;0;None;1000;None;13:13:50.078
1039;34.9622;34.7509;22.0783;-256.269;-256.684;-256.903;-256.958;-255.956;0;None;1000;None;13:13:50.578
1040;34.9544;34.7431;22.0861;-256.277;-256.692;-256.903;-256.958;-255.956;0;None;1000;None;13:13:51.077
1041;34.9465;34.7274;22.0783;-256.269;-256.684;-256.895;-256.958;-255.956;0;None;1000;None;13:13:51.578
1042;34.9309;34.7274;22.0861;-256.277;-256.692;-256.895;-256.966;-255.956;0;None;1000;None;13:13:52.078
1043;34.9152;34.7157;22.0783;-256.277;-256.684;-256.895;-256.95;-255.956;0;None;1000;None;13:13:52.577
1044;34.9074;34.7157;22.0861;-256.277;-256.692;-256.903;-256.958;-255.956;0;None;1000;None;13:13:53.077
1045;34.8996;34.7079;22.0861;-256.285;-256.684;-256.895;-256.958;-255.956;0;None;1000;None;13:13:53.577
1046;34.8839;34.704;22.0861;-256.277;-256.692;-256.895;-256.958;-255.956;0;None;1000;None;13:13:54.078
1047;34.8839;34.7001;22.0861;-256.277;-256.692;-256.903;-256.966;-255.964;0;None;1000;None;13:13:54.578
1048;34.8605;34.6844;22.0861;-256.277;-256.684;-256.895;-256.95;-255.956;0;None;1000;None;13:13:55.077
1049;34.8605;34.6844;22.0861;-256.277;-256.684;-256.903;-256.958;-255.956;0;None;1000;None;13:13:55.577
1050;34.8526;34.6609;22.0783;-256.277;-256.692;-256.895;-256.95;-255.956;0;None;1000;None;13:13:56.077
1051;34.8448;34.6609;22.0861;-256.269;-256.684;-256.895;-256.958;-255.956;0;None;1000;None;13:13:56.577
1052;34.8409;34.6531;22.0861;-256.277;-256.684;-256.903;-256.958;-255.956;0;None;1000;None;13:13:57.077
1053;34.837;34.6453;22.0861;-256.277;-256.684;-256.888;-256.95;-255.956;0;None;1000;None;13:13:57.575
1054;34.8292;34.6296;22.0861;-256.277;-256.684;-256.903;-256.958;-255.956;0;None;1000;None;13:13:58.078
1055;34.8213;34.6218;22.0861;-256.277;-256.692;-256.895;-256.958;-255.956;0;None;1000;None;13:13:58.578
1056;34.8213;34.614;22.0783;-256.277;-256.684;-256.903;-256.95;-255.956;0;None;1000;None;13:13:59.078
1057;34.8174;34.5983;22.0783;-256.277;-256.692;-256.895;-256.95;-255.956;0;None;1000;None;13:13:59.578
1058;34.8096;34.5983;22.0705;-256.269;-256.684;-256.895;-256.958;-255.956;0;None;1000;None;13:14:00.077
1059;34.8018;34.5827;22.0783;-256.277;-256.684;-256.895;-256.95;-255.949;0;None;1000;None;13:14:00.577
1060;34.794;34.567;22.0705;-256.277;-256.684;-256.903;-256.958;-255.956;0;None;1000;None;13:14:01.077
1061;34.7861;34.567;22.0783;-256.277;-256.684;-256.895;-256.95;-255.956;0;None;1000;None;13:14:01.578
1062;34.7783;34.5514;22.0783;-256.277;-256.692;-256.895;-256.958;-255.956;0;None;1000;None;13:14:02.076
1063;34.7627;34.5436;22.0783;-256.277;-256.684;-256.895;-256.95;-255.956;0;None;1000;None;13:14:02.578
1064;34.7627;34.5436;22.0783;-256.277;-256.692;-256.895;-256.95;-255.956;0;None;1000;None;13:14:03.077
1065;34.7548;34.5357;22.0783;-256.277;-256.684;-256.903;-256.958;-255.956;0;None;1000;None;13:14:03.578
1066;34.7392;34.5279;22.0783;-256.277;-256.684;-256.895;-256.958;-255.956;0;None;1000;None;13:14:04.078
1067;34.7235;34.5201;22.0705;-256.277;-256.684;-256.895;-256.958;-255.949;0;None;1000;None;13:14:04.578
1068;34.7314;34.5044;22.0783;-256.285;-256.692;-256.895;-256.958;-255.956;0;None;1000;None;13:14:05.078
1069;34.7157;34.5201;22.0783;-256.277;-256.684;-256.903;-256.958;-255.956;0;None;1000;None;13:14:05.577
1070;34.7157;34.5044;22.0783;-256.285;-256.684;-256.903;-256.95;-255.956;0;None;1000;None;13:14:06.078
1071;34.7079;34.5044;22.0783;-256.277;-256.684;-256.895;-256.95;-255.949;0;None;1000;None;13:14:06.577
1072;34.7079;34.4966;22.0783;-256.277;-256.684;-256.895;-256.95;-255.956;0;None;1000;None;13:14:07.076
1073;34.6922;34.4888;22.0861;-256.269;-256.684;-256.895;-256.958;-255.964;0;None;1000;None;13:14:07.580
1074;34.6844;34.4888;22.0783;-256.277;-256.684;-256.895;-256.95;-255.956;0;None;1000;None;13:14:08.078
1075;34.6922;34.4614;22.0783;-256.277;-256.676;-256.895;-256.95;-255.956;0;None;1000;None;13:14:08.577
1076;34.6766;34.4614;22.0705;-256.277;-256.676;-256.903;-256.958;-255.949;0;None;1000;None;13:14:09.078
1077;34.6688;34.4457;22.0861;-256.269;-256.676;-256.895;-256.95;-255.956;0;None;1000;None;13:14:09.577
1078;34.6688;34.4301;22.0861;-256.269;-256.676;-256.895;-256.958;-255.956;0;None;1000;None;13:14:10.078
1079;34.6531;34.4223;22.0861;-256.277;-256.684;-256.895;-256.958;-255.956;0;None;1000;None;13:14:10.577
1080;34.6609;34.4301;22.0861;-256.269;-256.676;-256.895;-256.958;-255.956;0;None;1000;None;13:14:11.077
1081;34.6453;34.4066;22.0783;-256.277;-256.684;-256.903;-256.95;-255.964;0;None;1000;None;13:14:11.577
1082;34.6296;34.4066;22.0861;-256.269;-256.684;-256.895;-256.958;-255.956;0;None;1000;None;13:14:12.077
1083;34.6296;34.3831;22.0861;-256.277;-256.684;-256.903;-256.958;-255.956;0;None;1000;None;13:14:12.577
1084;34.6179;34.3831;22.0861;-256.277;-256.684;-256.895;-256.958;-255.956;0;None;1000;None;13:14:13.076
1085;34.6218;34.3675;22.0861;-256.277;-256.684;-256.895;-256.95;-255.956;0;None;1000;None;13:14:13.578
1086;34.614;34.3675;22.0861;-256.269;-256.684;-256.895;-256.95;-255.956;0;None;1000;None;13:14:14.077
1087;34.614;34.3518;22.0939;-256.269;-256.692;-256.903;-256.958;-255.949;0;None;1000;None;13:14:14.578
1088;34.6062;34.344;22.0939;-256.277;-256.692;-256.895;-256.95;-255.956;0;None;1000;None;13:14:15.077
1089;34.6062;34.3362;22.0861;-256.269;-256.684;-256.895;-256.966;-255.956;0;None;1000;None;13:14:15.578
1090;34.5944;34.3284;22.0939;-256.277;-256.684;-256.895;-256.958;-255.949;0;None;1000;None;13:14:16.078
1091;34.5788;34.3127;22.0861;-256.269;-256.684;-256.895;-256.966;-255.964;0;None;1000;None;13:14:16.578
1092;34.5788;34.3127;22.0861;-256.269;-256.684;-256.895;-256.958;-255.956;0;None;1000;None;13:14:17.077
1093;34.5709;34.2971;22.0861;-256.269;-256.676;-256.895;-256.95;-255.949;0;None;1000;None;13:14:17.578
1094;34.5475;34.2971;22.0861;-256.277;-256.692;-256.895;-256.958;-255.956;0;None;1000;None;13:14:18.077
1095;34.5475;34.2892;22.0861;-256.277;-256.684;-256.903;-256.958;-255.956;0;None;1000;None;13:14:18.577
1096;34.5475;34.2892;22.0939;-256.277;-256.692;-256.895;-256.958;-255.964;0;None;1000;None;13:14:19.077
1097;34.524;34.2853;22.0939;-256.269;-256.684;-256.895;-256.966;-255.956;0;None;1000;None;13:14:19.578
1098;34.5162;34.2814;22.0861;-256.269;-256.692;-256.903;-256.958;-255.956;0;None;1000;None;13:14:20.078
1099;34.5162;34.2775;22.0861;-256.277;-256.684;-256.895;-256.958;-255.956;0;None;1000;None;13:14:20.578
1100;34.5005;34.2697;22.0861;-256.269;-256.684;-256.903;-256.966;-255.964;0;None;1000;None;13:14:21.077
1101;34.5005;34.2697;22.0861;-256.269;-256.684;-256.895;-256.958;-255.956;0;None;1000;None;13:14:21.577
1102;34.4927;34.2619;22.0861;-256.269;-256.692;-256.903;-256.966;-255.964;0;None;1000;None;13:14:22.077
1103;34.4849;34.2462;22.0939;-256.269;-256.684;-256.895;-256.966;-255.956;0;None;1000;None;13:14:22.577
1104;34.4692;34.2462;22.0939;-256.269;-256.684;-256.895;-256.966;-255.964;0;None;1000;None;13:14:23.077
1105;34.4692;34.2384;22.0939;-256.269;-256.684;-256.903;-256.95;-255.956;0;None;1000;None;13:14:23.576
1106;34.4614;34.2227;22.0861;-256.277;-256.684;-256.895;-256.958;-255.964;0;None;1000;None;13:14:24.078
1107;34.4536;34.2071;22.0939;-256.269;-256.684;-256.895;-256.958;-255.956;0;None;1000;None;13:14:24.577
1108;34.4457;34.1993;22.0861;-256.277;-256.684;-256.903;-256.958;-255.956;0;None;1000;None;13:14:25.078
1109;34.4379;34.1914;22.0861;-256.277;-256.684;-256.895;-256.958;-255.956;0;None;1000;None;13:14:25.577
1110;34.4223;34.1914;22.0861;-256.285;-256.692;-256.903;-256.95;-255.956;0;None;1000;None;13:14:26.077
1111;34.4144;34.1758;22.1018;-256.277;-256.684;-256.895;-256.958;-255.964;0;None;1000;None;13:14:26.577
1112;34.4066;34.1758;22.1018;-256.277;-256.692;-256.895;-256.958;-255.956;0;None;1000;None;13:14:27.077
1113;34.3988;34.1758;22.1018;-256.277;-256.684;-256.903;-256.95;-255.956;0;None;1000;None;13:14:27.578
1114;34.4027;34.1601;22.1018;-256.277;-256.684;-256.903;-256.958;-255.956;0;None;1000;None;13:14:28.077
1115;34.3988;34.1601;22.1174;-256.269;-256.692;-256.895;-256.95;-255.949;0;None;1000;None;13:14:28.576
1116;34.391;34.1523;22.1018;-256.269;-256.692;-256.903;-256.95;-255.964;0;None;1000;None;13:14:29.078
1117;34.391;34.1601;22.1018;-256.269;-256.692;-256.895;-256.958;-255.956;0;None;1000;None;13:14:29.576
1118;34.3792;34.1445;22.0939;-256.277;-256.692;-256.903;-256.958;-255.956;0;None;1000;None;13:14:30.077
1119;34.3792;34.1523;22.1018;-256.277;-256.692;-256.895;-256.95;-255.956;0;None;1000;None;13:14:30.576
1120;34.3636;34.1288;22.1018;-256.277;-256.684;-256.895;-256.958;-255.964;0;None;1000;None;13:14:31.077
1121;34.3636;34.1366;22.0939;-256.277;-256.684;-256.895;-256.958;-255.956;0;None;1000;None;13:14:31.577
1122;34.3558;34.1288;22.1018;-256.277;-256.684;-256.895;-256.95;-255.964;0;None;1000;None;13:14:32.077
1123;34.3479;34.121;22.1096;-256.269;-256.692;-256.903;-256.958;-255.956;0;None;1000;None;13:14:32.577
1124;34.3323;34.1132;22.0939;-256.277;-256.684;-256.895;-256.958;-255.964;0;None;1000;None;13:14:33.077
1125;34.3323;34.1093;22.1018;-256.285;-256.692;-256.903;-256.95;-255.956;0;None;1000;None;13:14:33.577
1126;34.3245;34.1093;22.1018;-256.277;-256.692;-256.895;-256.966;-255.964;0;None;1000;None;13:14:34.076
1127;34.3088;34.1014;22.1018;-256.285;-256.692;-256.895;-256.958;-255.956;0;None;1000;None;13:14:34.577
1128;34.301;34.1014;22.1018;-256.277;-256.684;-256.895;-256.95;-255.964;0;None;1000;None;13:14:35.076
1129;34.301;34.0975;22.1018;-256.277;-256.692;-256.895;-256.95;-255.956;0;None;1000;None;13:14:35.577
1130;34.2932;34.0858;22.1018;-256.285;-256.684;-256.895;-256.95;-255.964;0;None;1000;None;13:14:36.077
1131;34.2775;34.078;22.1018;-256.277;-256.692;-256.895;-256.958;-255.964;0;None;1000;None;13:14:36.578
1132;34.2853;34.0623;22.1096;-256.277;-256.692;-256.903;-256.958;-255.964;0;None;1000;None;13:14:37.077
1133;34.2697;34.0623;22.1018;-256.285;-256.692;-256.895;-256.958;-255.956;0;None;1000;None;13:14:37.579
1134;34.2619;34.0545;22.1018;-256.277;-256.692;-256.895;-256.966;-255.964;0;None;1000;None;13:14:38.078
1135;34.2619;34.0545;22.1018;-256.277;-256.684;-256.895;-256.95;-255.956;0;None;1000;None;13:14:38.577
1136;34.2619;34.0467;22.1018;-256.277;-256.692;-256.895;-256.95;-255.964;0;None;1000;None;13:14:39.075
1137;34.2462;34.0467;22.1018;-256.277;-256.692;-256.895;-256.95;-255.956;0;None;1000;None;13:14:39.575
1138;34.2384;34.0388;22.1018;-256.277;-256.692;-256.895;-256.95;-255.964;0;None;1000;None;13:14:40.077
1139;34.2306;34.031;22.1018;-256.277;-256.684;-256.903;-256.95;-255.956;0;None;1000;None;13:14:40.576
1140;34.2306;34.031;22.1018;-256.277;-256.692;-256.903;-256.95;-255.964;0;None;1000;None;13:14:41.078
1141;34.2306;34.0232;22.1018;-256.285;-256.692;-256.903;-256.958;-255.956;0;None;1000;None;13:14:41.577
1142;34.2149;34.0154;22.1018;-256.277;-256.684;-256.903;-256.95;-255.964;0;None;1000;None;13:14:42.077
1143;34.1993;34.0154;22.1018;-256.277;-256.684;-256.895;-256.966;-255.956;0;None;1000;None;13:14:42.578
1144;34.1993;33.9997;22.1018;-256.285;-256.684;-256.895;-256.958;-255.964;0;None;1000;None;13:14:43.077
1145;34.1875;33.9919;22.1018;-256.277;-256.684;-256.888;-256.95;-255.964;0;None;1000;None;13:14:43.577
1146;34.1875;33.9841;22.1096;-256.277;-256.684;-256.895;-256.958;-255.956;0;None;1000;None;13:14:44.076
1147;34.1797;33.9841;22.1096;-256.269;-256.684;-256.895;-256.958;-255.956;0;None;1000;None;13:14:44.577
1148;34.1797;33.9762;22.1096;-256.277;-256.684;-256.895;-256.966;-255.956;0;None;1000;None;13:14:45.077
1149;34.1758;33.9762;22.1096;-256.277;-256.684;-256.895;-256.958;-255.964;0;None;1000;None;13:14:45.577
1150;34.164;33.9606;22.1174;-256.277;-256.684;-256.895;-256.958;-255.956;0;None;1000;None;13:14:46.077
1151;34.1562;33.9528;22.0939;-256.269;-256.684;-256.895;-256.966;-255.964;0;None;1000;None;13:14:46.577
1152;34.1562;33.9528;22.1018;-256.269;-256.684;-256.895;-256.958;-255.956;0;None;1000;None;13:14:47.077
1153;34.1484;33.9449;22.1018;-256.277;-256.684;-256.895;-256.966;-255.956;0;None;1000;None;13:14:47.576
1154;34.1327;33.9449;22.0939;-256.269;-256.684;-256.895;-256.958;-255.956;0;None;1000;None;13:14:48.077
1155;34.1327;33.9371;22.0939;-256.277;-256.684;-256.895;-256.958;-255.956;0;None;1000;None;13:14:48.578
1156;34.1249;33.9215;22.0939;-256.269;-256.684;-256.895;-256.958;-255.956;0;None;1000;None;13:14:49.077
1157;34.1171;33.9215;22.0939;-256.262;-256.684;-256.895;-256.966;-255.956;0;None;1000;None;13:14:49.578
1158;34.1093;33.9136;22.1018;-256.277;-256.692;-256.888;-256.958;-255.956;0;None;1000;None;13:14:50.078
1159;34.1093;33.9058;22.1018;-256.269;-256.684;-256.895;-256.958;-255.956;0;None;1000;None;13:14:50.577
1160;34.1014;33.9058;22.0939;-256.277;-256.692;-256.895;-256.966;-255.956;0;None;1000;None;13:14:51.076
1161;34.0858;33.898;22.1018;-256.277;-256.684;-256.895;-256.958;-255.956;0;None;1000;None;13:14:51.577
1162;34.0858;33.8941;22.1096;-256.269;-256.684;-256.895;-256.958;-255.956;0;None;1000;None;13:14:52.077
1163;34.078;33.8902;22.1096;-256.277;-256.692;-256.895;-256.958;-255.949;0;None;1000;None;13:14:52.574
1164;34.0623;33.8823;22.1096;-256.269;-256.684;-256.895;-256.966;-255.949;0;None;1000;None;13:14:53.076
1165;34.0623;33.8823;22.1096;-256.277;-256.684;-256.895;-256.958;-255.949;0;None;1000;None;13:14:53.576
1166;34.0467;33.8823;22.1174;-256.277;-256.684;-256.895;-256.966;-255.949;0;None;1000;None;13:14:54.075
1167;34.0467;33.8706;22.1018;-256.269;-256.684;-256.895;-256.966;-255.949;0;None;1000;None;13:14:54.575
1168;34.0388;33.8706;22.1096;-256.277;-256.684;-256.895;-256.966;-255.941;0;None;1000;None;13:14:55.077
1169;34.031;33.8628;22.1096;-256.277;-256.676;-256.895;-256.974;-255.949;0;None;1000;None;13:14:55.575
1170;34.0232;33.8549;22.1096;-256.269;-256.684;-256.895;-256.966;-255.949;0;None;1000;None;13:14:56.074
1171;34.0154;33.8471;22.1174;-256.277;-256.684;-256.903;-256.966;-255.941;0;None;1000;None;13:14:56.575
1172;34.0075;33.8471;22.1174;-256.277;-256.684;-256.895;-256.974;-255.949;0;None;1000;None;13:14:57.075
1173;34.0075;33.8315;22.1252;-256.269;-256.684;-256.895;-256.966;-255.949;0;None;1000;None;13:14:57.575
1174;33.9919;33.8236;22.1174;-256.277;-256.684;-256.895;-256.966;-255.949;0;None;1000;None;13:14:58.075
1175;33.9919;33.8158;22.1174;-256.277;-256.676;-256.895;-256.966;-255.949;0;None;1000;None;13:14:58.575
1176;33.9841;33.808;22.1174;-256.269;-256.684;-256.895;-256.966;-255.949;0;None;1000;None;13:14:59.076
1177;33.9762;33.8002;22.1174;-256.269;-256.676;-256.888;-256.966;-255.949;0;None;1000;None;13:14:59.577
1178;33.9723;33.7923;22.1174;-256.277;-256.684;-256.895;-256.958;-255.949;0;None;1000;None;13:15:00.077
1179;33.9684;33.7845;22.1252;-256.269;-256.684;-256.888;-256.966;-255.949;0;None;1000;None;13:15:00.575
1180;33.9684;33.7767;22.1174;-256.277;-256.684;-256.895;-256.966;-255.949;0;None;1000;None;13:15:01.078
1181;33.9606;33.7689;22.1174;-256.269;-256.684;-256.888;-256.958;-255.949;0;None;1000;None;13:15:01.578
1182;33.9488;33.761;22.1252;-256.277;-256.684;-256.888;-256.966;-255.949;0;None;1000;None;13:15:02.077
1183;33.9567;33.761;22.1252;-256.277;-256.684;-256.895;-256.958;-255.949;0;None;1000;None;13:15:02.576
1184;33.941;33.7454;22.1331;-256.269;-256.676;-256.888;-256.958;-255.949;0;None;1000;None;13:15:03.077
1185;33.9332;33.7532;22.1252;-256.277;-256.684;-256.895;-256.966;-255.941;0;None;1000;None;13:15:03.577
1186;33.9332;33.7376;22.1252;-256.269;-256.684;-256.888;-256.958;-255.949;0;None;1000;None;13:15:04.076
1187;33.9175;33.7297;22.1174;-256.277;-256.676;-256.895;-256.966;-255.949;0;None;1000;None;13:15:04.578
1188;33.9019;33.7297;22.1252;-256.269;-256.684;-256.895;-256.966;-255.941;0;None;1000;None;13:15:05.077
1189;33.9019;33.7063;22.1174;-256.277;-256.684;-256.888;-256.966;-255.941;0;None;1000;None;13:15:05.577
1190;33.9019;33.7141;22.1096;-256.269;-256.684;-256.895;-256.958;-255.941;0;None;1000;None;13:15:06.076
1191;33.8862;33.7063;22.1096;-256.262;-256.684;-256.888;-256.966;-255.949;0;None;1000;None;13:15:06.576
1192;33.8784;33.6906;22.1174;-256.269;-256.684;-256.888;-256.966;-255.941;0;None;1000;None;13:15:07.078
1193;33.8706;33.6906;22.1096;-256.277;-256.684;-256.888;-256.958;-255.949;0;None;1000;None;13:15:07.577
1194;33.8706;33.6828;22.1096;-256.269;-256.684;-256.888;-256.958;-255.941;0;None;1000;None;13:15:08.076
1195;33.8549;33.6789;22.1018;-256.269;-256.676;-256.895;-256.966;-255.949;0;None;1000;None;13:15:08.577
1196;33.8471;33.675;22.1096;-256.269;-256.684;-256.888;-256.974;-255.941;0;None;1000;None;13:15:09.076
1197;33.8393;33.675;22.1096;-256.269;-256.684;-256.888;-256.958;-255.949;0;None;1000;None;13:15:09.578
1198;33.8393;33.6671;22.1096;-256.277;-256.684;-256.888;-256.974;-255.941;0;None;1000;None;13:15:10.076
1199;33.8236;33.6671;22.1018;-256.269;-256.676;-256.888;-256.958;-255.941;0;None;1000;None;13:15:10.577
1200;33.8236;33.6554;22.1018;-256.277;-256.684;-256.888;-256.966;-255.949;0;None;1000;None;13:15:11.078
1201;33.808;33.6476;22.1096;-256.269;-256.684;-256.888;-256.958;-255.941;0;None;1000;None;13:15:11.577
1202;33.8002;33.6476;22.1018;-256.277;-256.676;-256.895;-256.966;-255.949;0;None;1000;None;13:15:12.076
1203;33.8002;33.6319;22.1096;-256.269;-256.676;-256.888;-256.966;-255.941;0;None;1000;None;13:15:12.576
1204;33.7923;33.6241;22.1096;-256.277;-256.684;-256.888;-256.958;-255.949;0;None;1000;None;13:15:13.075
1205;33.7923;33.6241;22.1096;-256.277;-256.684;-256.888;-256.966;-255.941;0;None;1000;None;13:15:13.576
1206;33.7845;33.6163;22.1096;-256.277;-256.684;-256.888;-256.966;-255.941;0;None;1000;None;13:15:14.077
1207;33.7884;33.6085;22.1096;-256.269;-256.676;-256.888;-256.966;-255.941;0;None;1000;None;13:15:14.577
1208;33.7806;33.6006;22.1096;-256.277;-256.684;-256.888;-256.966;-255.949;0;None;1000;None;13:15:15.076
1209;33.7806;33.6006;22.1018;-256.269;-256.692;-256.888;-256.966;-255.949;0;None;1000;None;13:15:15.577
1210;33.7728;33.5928;22.1096;-256.285;-256.676;-256.888;-256.958;-255.949;0;None;1000;None;13:15:16.077
1211;33.7571;33.5772;22.1018;-256.269;-256.684;-256.888;-256.966;-255.941;0;None;1000;None;13:15:16.577
1212;33.7571;33.5693;22.1096;-256.277;-256.684;-256.88;-256.966;-255.949;0;None;1000;None;13:15:17.076
1213;33.7415;33.5693;22.1174;-256.269;-256.684;-256.895;-256.966;-255.949;0;None;1000;None;13:15:17.577
1214;33.7337;33.5537;22.1096;-256.277;-256.676;-256.895;-256.966;-255.941;0;None;1000;None;13:15:18.076
1215;33.7337;33.5615;22.1174;-256.269;-256.684;-256.895;-256.966;-255.941;0;None;1000;None;13:15:18.577
1216;33.7258;33.538;22.1174;-256.277;-256.684;-256.895;-256.966;-255.949;0;None;1000;None;13:15:19.077
1217;33.7258;33.538;22.1174;-256.277;-256.692;-256.895;-256.958;-255.941;0;None;1000;None;13:15:19.576
1218;33.7102;33.538;22.1096;-256.277;-256.676;-256.895;-256.966;-255.941;0;None;1000;None;13:15:20.078
1219;33.7102;33.5302;22.1096;-256.285;-256.684;-256.895;-256.958;-255.941;0;None;1000;None;13:15:20.577
1220;33.7024;33.5146;22.1096;-256.277;-256.684;-256.895;-256.966;-255.945;0;None;1000;None;13:15:21.076
1221;33.6945;33.5224;22.1174;-256.277;-256.684;-256.895;-256.958;-255.941;0;None;1000;None;13:15:21.577
1222;33.6945;33.5146;22.1018;-256.277;-256.676;-256.895;-256.958;-255.945;0;None;1000;None;13:15:22.077
1223;33.6789;33.5067;22.1096;-256.285;-256.676;-256.895;-256.966;-255.945;0;None;1000;None;13:15:22.576
1224;33.6789;33.4989;22.1096;-256.285;-256.684;-256.895;-256.958;-255.945;0;None;1000;None;13:15:23.076
1225;33.6632;33.4989;22.1018;-256.277;-256.676;-256.895;-256.95;-255.941;0;None;1000;None;13:15:23.575
1226;33.6632;33.495;22.1096;-256.277;-256.676;-256.895;-256.958;-255.949;0;None;1000;None;13:15:24.076
1227;33.6554;33.4872;22.1018;-256.285;-256.684;-256.888;-256.958;-255.949;0;None;1000;None;13:15:24.576
1228;33.6398;33.4911;22.1096;-256.277;-256.676;-256.895;-256.966;-255.941;0;None;1000;None;13:15:25.077
1229;33.6398;33.4793;22.1096;-256.277;-256.684;-256.888;-256.958;-255.949;0;None;1000;None;13:15:25.576
1230;33.6241;33.4715;22.1096;-256.277;-256.676;-256.888;-256.966;-255.941;0;None;1000;None;13:15:26.077
1231;33.6241;33.4715;22.1096;-256.277;-256.684;-256.895;-256.958;-255.949;0;None;1000;None;13:15:26.577
1232;33.6163;33.4559;22.1018;-256.277;-256.676;-256.888;-256.958;-255.949;0;None;1000;None;13:15:27.077
1233;33.6006;33.448;22.1018;-256.277;-256.684;-256.895;-256.958;-255.941;0;None;1000;None;13:15:27.577
1234;33.6085;33.448;22.1018;-256.277;-256.684;-256.895;-256.958;-255.941;0;None;1000;None;13:15:28.076
1235;33.6006;33.4246;22.1018;-256.285;-256.684;-256.895;-256.966;-255.949;0;None;1000;None;13:15:28.576
1236;33.5928;33.4246;22.1018;-256.285;-256.676;-256.895;-256.95;-255.941;0;None;1000;None;13:15:29.075
1237;33.585;33.4167;22.1096;-256.285;-256.684;-256.888;-256.95;-255.949;0;None;1000;None;13:15:29.576
1238;33.585;33.4089;22.1018;-256.285;-256.684;-256.895;-256.95;-255.941;0;None;1000;None;13:15:30.077
1239;33.5772;33.4011;22.1096;-256.277;-256.676;-256.895;-256.958;-255.949;0;None;1000;None;13:15:30.576
1240;33.5772;33.3933;22.1018;-256.285;-256.684;-256.895;-256.958;-255.941;0;None;1000;None;13:15:31.076
1241;33.5693;33.3776;22.1018;-256.277;-256.684;-256.888;-256.95;-255.949;0;None;1000;None;13:15:31.576
1242;33.5693;33.3776;22.0939;-256.277;-256.684;-256.895;-256.966;-255.941;0;None;1000;None;13:15:32.076
1243;33.5654;33.3698;22.1018;-256.285;-256.684;-256.888;-256.958;-255.941;0;None;1000;None;13:15:32.577
1244;33.5576;33.362;22.1018;-256.277;-256.676;-256.895;-256.958;-255.949;0;None;1000;None;13:15:33.076
1245;33.5498;33.3541;22.1018;-256.277;-256.684;-256.888;-256.966;-255.941;0;None;1000;None;13:15:33.576
1246;33.5419;33.3463;22.0939;-256.269;-256.684;-256.895;-256.974;-255.941;0;None;1000;None;13:15:34.077
1247;33.5341;33.3307;22.1018;-256.285;-256.684;-256.895;-256.966;-255.949;0;None;1000;None;13:15:34.576
1248;33.5263;33.3307;22.1096;-256.277;-256.684;-256.895;-256.966;-255.949;0;None;1000;None;13:15:35.076
1249;33.5263;33.3228;22.1018;-256.285;-256.684;-256.903;-256.966;-255.949;0;None;1000;None;13:15:35.577
1250;33.5106;33.3072;22.1018;-256.277;-256.684;-256.895;-256.958;-255.949;0;None;1000;None;13:15:36.076
1251;33.5106;33.315;22.1096;-256.285;-256.684;-256.895;-256.966;-255.956;0;None;1000;None;13:15:36.576
1252;33.495;33.2994;22.1018;-256.285;-256.692;-256.895;-256.966;-255.949;0;None;1000;None;13:15:37.076
1253;33.5028;33.2915;22.1018;-256.277;-256.684;-256.895;-256.974;-255.949;0;None;1000;None;13:15:37.575
1254;33.4872;33.2915;22.1018;-256.285;-256.684;-256.895;-256.966;-255.941;0;None;1000;None;13:15:38.076
1255;33.4872;33.2876;22.1018;-256.277;-256.684;-256.895;-256.966;-255.956;0;None;1000;None;13:15:38.577
1256;33.4793;33.2837;22.1018;-256.285;-256.692;-256.903;-256.958;-255.949;0;None;1000;None;13:15:39.076
1257;33.4715;33.2837;22.1096;-256.277;-256.684;-256.895;-256.966;-255.949;0;None;1000;None;13:15:39.576
1258;33.4637;33.2798;22.1018;-256.285;-256.684;-256.895;-256.958;-255.949;0;None;1000;None;13:15:40.076
1259;33.4637;33.2759;22.1018;-256.277;-256.676;-256.895;-256.966;-255.941;0;None;1000;None;13:15:40.576
1260;33.448;33.2798;22.1018;-256.285;-256.692;-256.895;-256.958;-255.949;0;None;1000;None;13:15:41.077
1261;33.448;33.272;22.0939;-256.277;-256.684;-256.895;-256.95;-255.949;0;None;1000;None;13:15:41.576
1262;33.4402;33.272;22.0939;-256.277;-256.684;-256.903;-256.966;-255.941;0;None;1000;None;13:15:42.075
1263;33.4246;33.2642;22.0939;-256.277;-256.684;-256.895;-256.958;-255.949;0;None;1000;None;13:15:42.577
1264;33.4246;33.272;22.1018;-256.277;-256.692;-256.888;-256.966;-255.949;0;None;1000;None;13:15:43.075
1265;33.4089;33.2563;22.0939;-256.269;-256.676;-256.895;-256.966;-255.949;0;None;1000;None;13:15:43.576
1266;33.4011;33.2485;22.1018;-256.277;-256.692;-256.888;-256.958;-255.949;0;None;1000;None;13:15:44.077
1267;33.3933;33.2563;22.0939;-256.285;-256.684;-256.895;-256.974;-255.941;0;None;1000;None;13:15:44.577
1268;33.3854;33.2329;22.0939;-256.277;-256.692;-256.895;-256.958;-255.949;0;None;1000;None;13:15:45.075
1269;33.3776;33.2329;22.0939;-256.277;-256.684;-256.895;-256.966;-255.949;0;None;1000;None;13:15:45.576
1270;33.3776;33.225;22.0939;-256.285;-256.692;-256.903;-256.958;-255.941;0;None;1000;None;13:15:46.076
1271;33.3698;33.2094;22.0939;-256.277;-256.684;-256.895;-256.966;-255.949;0;None;1000;None;13:15:46.576
1272;33.362;33.2094;22.0939;-256.285;-256.692;-256.903;-256.966;-255.941;0;None;1000;None;13:15:47.076
1273;33.362;33.2016;22.0939;-256.269;-256.684;-256.903;-256.966;-255.949;0;None;1000;None;13:15:47.576
1274;33.3581;33.1859;22.0939;-256.277;-256.692;-256.895;-256.966;-255.941;0;None;1000;None;13:15:48.077
1275;33.3541;33.1781;22.0939;-256.277;-256.684;-256.895;-256.958;-255.949;0;None;1000;None;13:15:48.577
1276;33.3502;33.1781;22.0939;-256.277;-256.692;-256.903;-256.958;-255.941;0;None;1000;None;13:15:49.075
1277;33.3424;33.1703;22.0861;-256.277;-256.684;-256.895;-256.958;-255.949;0;None;1000;None;13:15:49.576
1278;33.3346;33.1703;22.0939;-256.277;-256.684;-256.895;-256.966;-255.941;0;None;1000;None;13:15:50.077
1279;33.3189;33.1624;22.0861;-256.277;-256.692;-256.895;-256.958;-255.949;0;None;1000;None;13:15:50.576
1280;33.3189;33.1546;22.0861;-256.277;-256.684;-256.895;-256.958;-255.949;0;None;1000;None;13:15:51.076
1281;33.3111;33.1546;22.0939;-256.269;-256.684;-256.903;-256.958;-255.949;0;None;1000;None;13:15:51.577
1282;33.3033;33.1468;22.0861;-256.277;-256.684;-256.895;-256.95;-255.941;0;None;1000;None;13:15:52.076
1283;33.2955;33.1468;22.0861;-256.277;-256.692;-256.888;-256.958;-255.949;0;None;1000;None;13:15:52.576
1284;33.2955;33.1311;22.0939;-256.269;-256.692;-256.895;-256.958;-255.941;0;None;1000;None;13:15:53.076
1285;33.2876;33.1233;22.0861;-256.277;-256.692;-256.895;-256.958;-255.949;0;None;1000;None;13:15:53.575
1286;33.2798;33.1155;22.0861;-256.277;-256.692;-256.903;-256.958;-255.949;0;None;1000;None;13:15:54.075
1287;33.2798;33.1155;22.0939;-256.277;-256.684;-256.895;-256.966;-255.941;0;None;1000;None;13:15:54.576
1288;33.272;33.1077;22.0861;-256.277;-256.684;-256.895;-256.966;-255.941;0;None;1000;None;13:15:55.076
1289;33.2642;33.092;22.0861;-256.277;-256.692;-256.895;-256.958;-255.941;0;None;1000;None;13:15:55.576
1290;33.2563;33.0842;22.0939;-256.277;-256.692;-256.895;-256.966;-255.949;0;None;1000;None;13:15:56.077
1291;33.2563;33.0724;22.0861;-256.277;-256.692;-256.888;-256.958;-255.941;0;None;1000;None;13:15:56.575
1292;33.2485;33.0685;22.0939;-256.277;-256.684;-256.895;-256.966;-255.941;0;None;1000;None;13:15:57.076
1293;33.2407;33.0646;22.0861;-256.277;-256.692;-256.888;-256.958;-255.949;0;None;1000;None;13:15:57.576
1294;33.2407;33.0646;22.0939;-256.277;-256.684;-256.895;-256.958;-255.941;0;None;1000;None;13:15:58.075
1295;33.225;33.0607;22.0861;-256.277;-256.692;-256.895;-256.958;-255.949;0;None;1000;None;13:15:58.576
1296;33.2172;33.0411;22.0861;-256.277;-256.684;-256.895;-256.958;-255.941;0;None;1000;None;13:15:59.076
1297;33.2094;33.0333;22.1018;-256.277;-256.684;-256.895;-256.958;-255.949;0;None;1000;None;13:15:59.576
1298;33.2016;33.0333;22.0939;-256.269;-256.7;-256.888;-256.958;-255.941;0;None;1000;None;13:16:00.076
1299;33.2016;33.0177;22.0939;-256.277;-256.684;-256.895;-256.958;-255.949;0;None;1000;None;13:16:00.576
1300;33.1937;33.0098;22.0861;-256.277;-256.7;-256.888;-256.966;-255.941;0;None;1000;None;13:16:01.075
1301;33.1859;32.9942;22.0939;-256.285;-256.692;-256.895;-256.966;-255.949;0;None;1000;None;13:16:01.576
1302;33.1781;32.9785;22.0939;-256.277;-256.684;-256.895;-256.966;-255.941;0;None;1000;None;13:16:02.076
1303;33.1703;32.9785;22.0861;-256.277;-256.692;-256.895;-256.958;-255.952;0;None;1000;None;13:16:02.576
1304;33.1703;32.9707;22.0939;-256.277;-256.684;-256.888;-256.95;-255.941;0;None;1000;None;13:16:03.076
1305;33.1624;32.9629;22.1018;-256.277;-256.684;-256.895;-256.958;-255.941;0;None;1000;None;13:16:03.575
1306;33.1546;32.9551;22.1096;-256.277;-256.692;-256.895;-256.958;-255.949;0;None;1000;None;13:16:04.076
1307;33.1585;32.9551;22.1018;-256.277;-256.684;-256.895;-256.958;-255.949;0;None;1000;None;13:16:04.575
1308;33.1468;32.9394;22.1018;-256.269;-256.684;-256.895;-256.958;-255.941;0;None;1000;None;13:16:05.076
1309;33.1429;32.9316;22.1018;-256.277;-256.684;-256.895;-256.958;-255.949;0;None;1000;None;13:16:05.575
1310;33.139;32.9238;22.1018;-256.269;-256.684;-256.895;-256.966;-255.949;0;None;1000;None;13:16:06.076
1311;33.139;32.9159;22.1018;-256.277;-256.692;-256.903;-256.966;-255.949;0;None;1000;None;13:16:06.576
1312;33.135;32.9081;22.1096;-256.277;-256.692;-256.888;-256.966;-255.941;0;None;1000;None;13:16:07.075
1313;33.135;32.9003;22.1018;-256.277;-256.684;-256.903;-256.958;-255.949;0;None;1000;None;13:16:07.576
1314;33.1272;32.8964;22.1096;-256.277;-256.692;-256.888;-256.966;-255.949;0;None;1000;None;13:16:08.076
1315;33.1272;32.8925;22.1018;-256.277;-256.684;-256.895;-256.958;-255.949;0;None;1000;None;13:16:08.576
1316;33.1116;32.8886;22.0939;-256.285;-256.692;-256.895;-256.966;-255.949;0;None;1000;None;13:16:09.075
1317;33.1116;32.8846;22.0939;-256.277;-256.684;-256.888;-256.958;-255.956;0;None;1000;None;13:16:09.576
1318;33.1037;32.8807;22.0939;-256.277;-256.684;-256.895;-256.966;-255.949;0;None;1000;None;13:16:10.076
1319;33.0959;32.8807;22.1018;-256.277;-256.684;-256.895;-256.966;-255.956;0;None;1000;None;13:16:10.576
1320;33.0959;32.8729;22.0939;-256.277;-256.692;-256.895;-256.958;-255.941;0;None;1000;None;13:16:11.076
1321;33.0724;32.8651;22.0939;-256.269;-256.684;-256.888;-256.958;-255.949;0;None;1000;None;13:16:11.576
1322;33.0803;32.8573;22.1018;-256.277;-256.684;-256.888;-256.958;-255.949;0;None;1000;None;13:16:12.076
1323;33.0724;32.8651;22.1018;-256.277;-256.684;-256.888;-256.958;-255.949;0;None;1000;None;13:16:12.576
1324;33.0568;32.8494;22.1096;-256.277;-256.684;-256.895;-256.95;-255.941;0;None;1000;None;13:16:13.076
1325;33.0568;32.8494;22.1096;-256.269;-256.668;-256.888;-256.958;-255.941;0;None;1000;None;13:16:13.576
1326;33.049;32.8494;22.1174;-256.277;-256.684;-256.888;-256.95;-255.941;0;None;1000;None;13:16:14.076
1327;33.0411;32.8416;22.1174;-256.269;-256.684;-256.895;-256.958;-255.941;0;None;1000;None;13:16:14.575
1328;33.0411;32.8338;22.1174;-256.262;-256.684;-256.895;-256.958;-255.941;0;None;1000;None;13:16:15.076
1329;33.0255;32.8338;22.1174;-256.262;-256.684;-256.895;-256.95;-255.941;0;None;1000;None;13:16:15.576
1330;33.0177;32.8181;22.1096;-256.262;-256.676;-256.903;-256.958;-255.941;0;None;1000;None;13:16:16.076
1331;33.0177;32.8181;22.1096;-256.269;-256.676;-256.895;-256.958;-255.941;0;None;1000;None;13:16:16.575
1332;33.0098;32.8025;22.1174;-256.262;-256.684;-256.888;-256.958;-255.941;0;None;1000;None;13:16:17.076
1333;32.9942;32.8103;22.1096;-256.269;-256.692;-256.895;-256.958;-255.941;0;None;1000;None;13:16:17.576
1334;32.9942;32.7947;22.1174;-256.269;-256.684;-256.895;-256.966;-255.937;0;None;1000;None;13:16:18.076
1335;32.9864;32.7947;22.1096;-256.262;-256.684;-256.895;-256.95;-255.941;0;None;1000;None;13:16:18.576
1336;32.9864;32.7947;22.1096;-256.269;-256.684;-256.895;-256.958;-255.941;0;None;1000;None;13:16:19.076
1337;32.9707;32.779;22.1096;-256.269;-256.684;-256.888;-256.958;-255.941;0;None;1000;None;13:16:19.575
1338;32.9707;32.779;22.1018;-256.269;-256.684;-256.895;-256.958;-255.941;0;None;1000;None;13:16:20.076
1339;32.9551;32.779;22.1096;-256.269;-256.684;-256.895;-256.958;-255.941;0;None;1000;None;13:16:20.575
1340;32.9551;32.7634;22.1096;-256.277;-256.684;-256.895;-256.958;-255.941;0;None;1000;None;13:16:21.074
1341;32.9394;32.7712;22.1174;-256.269;-256.684;-256.895;-256.958;-255.941;0;None;1000;None;13:16:21.576
1342;32.9394;32.7634;22.1096;-256.277;-256.692;-256.895;-256.958;-255.949;0;None;1000;None;13:16:22.076
1343;32.9355;32.7555;22.1096;-256.277;-256.684;-256.895;-256.958;-255.941;0;None;1000;None;13:16:22.576
1344;32.9277;32.7477;22.1018;-256.277;-256.684;-256.888;-256.95;-255.941;0;None;1000;None;13:16:23.075
1345;32.9277;32.7399;22.1018;-256.269;-256.676;-256.895;-256.958;-255.937;0;None;1000;None;13:16:23.576
1346;32.9238;32.7321;22.1096;-256.277;-256.684;-256.903;-256.958;-255.941;0;None;1000;None;13:16:24.076
1347;32.9238;32.7321;22.1096;-256.285;-256.692;-256.895;-256.958;-255.941;0;None;1000;None;13:16:24.576
1348;32.9199;32.7164;22.1096;-256.269;-256.692;-256.888;-256.958;-255.937;0;None;1000;None;13:16:25.076
1349;32.9238;32.7164;22.1096;-256.277;-256.684;-256.895;-256.95;-255.941;0;None;1000;None;13:16:25.575
1350;32.912;32.7086;22.1096;-256.277;-256.692;-256.895;-256.95;-255.941;0;None;1000;None;13:16:26.074
1351;32.9042;32.7086;22.1096;-256.269;-256.692;-256.895;-256.958;-255.941;0;None;1000;None;13:16:26.575
1352;32.8964;32.7008;22.1018;-256.277;-256.684;-256.895;-256.95;-255.941;0;None;1000;None;13:16:27.076
1353;32.8886;32.6929;22.1096;-256.269;-256.684;-256.895;-256.958;-255.937;0;None;1000;None;13:16:27.577
1354;32.8886;32.6929;22.1096;-256.269;-256.684;-256.895;-256.958;-255.941;0;None;1000;None;13:16:28.075
1355;32.8807;32.6812;22.1096;-256.277;-256.684;-256.895;-256.958;-255.941;0;None;1000;None;13:16:28.576
1356;32.8729;32.6773;22.1096;-256.269;-256.684;-256.895;-256.95;-255.949;0;None;1000;None;13:16:29.076
1357;32.8651;32.6695;22.1096;-256.277;-256.684;-256.888;-256.966;-255.937;0;None;1000;None;13:16:29.576
1358;32.8573;32.6734;22.0939;-256.269;-256.684;-256.895;-256.958;-255.941;0;None;1000;None;13:16:30.075
1359;32.8573;32.6655;22.1096;-256.269;-256.684;-256.895;-256.958;-255.937;0;None;1000;None;13:16:30.576
1360;32.8416;32.6655;22.1096;-256.277;-256.684;-256.888;-256.958;-255.941;0;None;1000;None;13:16:31.075
1361;32.8416;32.6499;22.1096;-256.277;-256.684;-256.895;-256.958;-255.941;0;None;1000;None;13:16:31.576
1362;32.826;32.6421;22.1096;-256.269;-256.676;-256.895;-256.958;-255.941;0;None;1000;None;13:16:32.076
1363;32.8181;32.6342;22.1018;-256.277;-256.692;-256.895;-256.958;-255.941;0;None;1000;None;13:16:32.576
1364;32.8181;32.6264;22.0939;-256.269;-256.684;-256.888;-256.958;-255.941;0;None;1000;None;13:16:33.075
1365;32.8103;32.6186;22.1018;-256.262;-256.684;-256.895;-256.958;-255.941;0;None;1000;None;13:16:33.577
1366;32.8025;32.6186;22.1018;-256.269;-256.684;-256.888;-256.958;-255.941;0;None;1000;None;13:16:34.077
1367;32.7868;32.6108;22.1018;-256.269;-256.684;-256.888;-256.958;-255.937;0;None;1000;None;13:16:34.576
1368;32.7868;32.6108;22.1018;-256.269;-256.684;-256.895;-256.966;-255.941;0;None;1000;None;13:16:35.075
1369;32.779;32.6029;22.1096;-256.269;-256.676;-256.895;-256.958;-255.941;0;None;1000;None;13:16:35.575
1370;32.779;32.6029;22.1018;-256.269;-256.684;-256.895;-256.958;-255.941;0;None;1000;None;13:16:36.075
1371;32.7712;32.5951;22.1018;-256.269;-256.684;-256.895;-256.95;-255.941;0;None;1000;None;13:16:36.576
1372;32.7634;32.5951;22.1018;-256.262;-256.684;-256.895;-256.95;-255.941;0;None;1000;None;13:16:37.075
1373;32.7673;32.5795;22.1018;-256.269;-256.692;-256.895;-256.958;-255.937;0;None;1000;None;13:16:37.576
1374;32.7594;32.5795;22.1018;-256.269;-256.684;-256.888;-256.95;-255.949;0;None;1000;None;13:16:38.075
1375;32.7555;32.5716;22.1096;-256.262;-256.684;-256.895;-256.95;-255.941;0;None;1000;None;13:16:38.575
1376;32.7555;32.5716;22.1018;-256.269;-256.676;-256.895;-256.958;-255.941;0;None;1000;None;13:16:39.076
1377;32.7477;32.5638;22.1018;-256.269;-256.684;-256.888;-256.95;-255.941;0;None;1000;None;13:16:39.576
1378;32.7438;32.556;22.1018;-256.269;-256.692;-256.888;-256.95;-255.937;0;None;1000;None;13:16:40.075
1379;32.7477;32.556;22.1018;-256.269;-256.684;-256.888;-256.95;-255.941;0;None;1000;None;13:16:40.576
1380;32.736;32.5403;22.1018;-256.269;-256.684;-256.888;-256.95;-255.941;0;None;1000;None;13:16:41.075
1381;32.7281;32.5403;22.1018;-256.269;-256.684;-256.895;-256.95;-255.941;0;None;1000;None;13:16:41.575
1382;32.7281;32.5325;22.1018;-256.269;-256.684;-256.888;-256.958;-255.941;0;None;1000;None;13:16:42.075
1383;32.7203;32.5247;22.0939;-256.269;-256.684;-256.888;-256.95;-255.941;0;None;1000;None;13:16:42.575
1384;32.7047;32.5325;22.1018;-256.269;-256.684;-256.895;-256.958;-255.937;0;None;1000;None;13:16:43.075
1385;32.7047;32.5247;22.0939;-256.277;-256.684;-256.895;-256.958;-255.937;0;None;1000;None;13:16:43.576
1386;32.7047;32.5169;22.1018;-256.277;-256.684;-256.895;-256.958;-255.941;0;None;1000;None;13:16:44.075
1387;32.689;32.5169;22.0939;-256.269;-256.676;-256.895;-256.95;-255.941;0;None;1000;None;13:16:44.575
1388;32.689;32.5012;22.0939;-256.277;-256.684;-256.888;-256.95;-255.941;0;None;1000;None;13:16:45.075
1389;32.6812;32.4856;22.0939;-256.269;-256.684;-256.895;-256.958;-255.941;0;None;1000;None;13:16:45.575
1390;32.6734;32.4934;22.0939;-256.269;-256.676;-256.903;-256.95;-255.941;0;None;1000;None;13:16:46.076
1391;32.6655;32.4777;22.1018;-256.269;-256.684;-256.895;-256.958;-255.941;0;None;1000;None;13:16:46.576
1392;32.6655;32.4777;22.1018;-256.277;-256.684;-256.895;-256.958;-255.941;0;None;1000;None;13:16:47.079
1393;32.6499;32.4777;22.1018;-256.269;-256.684;-256.888;-256.95;-255.949;0;None;1000;None;13:16:47.576
1394;32.6421;32.466;22.0939;-256.277;-256.684;-256.895;-256.958;-255.937;0;None;1000;None;13:16:48.075
1395;32.6342;32.4699;22.1018;-256.277;-256.684;-256.888;-256.958;-255.941;0;None;1000;None;13:16:48.576
1396;32.6342;32.4621;22.1018;-256.277;-256.684;-256.888;-256.958;-255.937;0;None;1000;None;13:16:49.076
1397;32.6264;32.4582;22.1018;-256.269;-256.676;-256.895;-256.958;-255.941;0;None;1000;None;13:16:49.575
1398;32.6264;32.4582;22.1018;-256.277;-256.684;-256.888;-256.966;-255.937;0;None;1000;None;13:16:50.075
1399;32.6108;32.4504;22.1018;-256.277;-256.684;-256.895;-256.95;-255.941;0;None;1000;None;13:16:50.575
1400;32.6108;32.4425;22.0939;-256.277;-256.676;-256.895;-256.958;-255.937;0;None;1000;None;13:16:51.075
1401;32.6029;32.4504;22.0939;-256.269;-256.684;-256.888;-256.95;-255.941;0;None;1000;None;13:16:51.577
1402;32.5951;32.4425;22.0861;-256.277;-256.684;-256.895;-256.958;-255.941;0;None;1000;None;13:16:52.075
1403;32.5873;32.4347;22.0939;-256.277;-256.692;-256.895;-256.958;-255.941;0;None;1000;None;13:16:52.575
1404;32.5795;32.4347;22.0861;-256.277;-256.684;-256.903;-256.95;-255.941;0;None;1000;None;13:16:53.076
1405;32.5716;32.4191;22.0861;-256.269;-256.684;-256.895;-256.966;-255.949;0;None;1000;None;13:16:53.575
1406;32.5716;32.4112;22.0861;-256.277;-256.684;-256.895;-256.958;-255.941;0;None;1000;None;13:16:54.075
1407;32.556;32.4191;22.0861;-256.277;-256.676;-256.895;-256.958;-255.941;0;None;1000;None;13:16:54.573
1408;32.5638;32.4112;22.0861;-256.269;-256.684;-256.895;-256.958;-255.941;0;None;1000;None;13:16:55.074
1409;32.5482;32.4034;22.0861;-256.269;-256.676;-256.895;-256.958;-255.952;0;None;1000;None;13:16:55.573
1410;32.5443;32.4112;22.0861;-256.277;-256.676;-256.895;-256.958;-255.941;0;None;1000;None;13:16:56.073
1411;32.5364;32.3878;22.0861;-256.269;-256.684;-256.895;-256.958;-255.941;0;None;1000;None;13:16:56.575
1412;32.5364;32.3878;22.0783;-256.269;-256.676;-256.888;-256.958;-255.941;0;None;1000;None;13:16:57.075
1413;32.5364;32.3799;22.0861;-256.277;-256.676;-256.895;-256.958;-255.949;0;None;1000;None;13:16:57.575
1414;32.5364;32.3721;22.0783;-256.269;-256.684;-256.888;-256.966;-255.941;0;None;1000;None;13:16:58.074
1415;32.5325;32.3721;22.0861;-256.277;-256.684;-256.895;-256.958;-255.941;0;None;1000;None;13:16:58.575
1416;32.5208;32.3643;22.0861;-256.277;-256.684;-256.895;-256.958;-255.937;0;None;1000;None;13:16:59.075
1417;32.5286;32.3643;22.0783;-256.277;-256.684;-256.888;-256.958;-255.941;0;None;1000;None;13:16:59.575
1418;32.513;32.3486;22.0783;-256.277;-256.684;-256.895;-256.966;-255.949;0;None;1000;None;13:17:00.075
1419;32.5051;32.3486;22.0861;-256.277;-256.684;-256.888;-256.958;-255.941;0;None;1000;None;13:17:00.575
1420;32.5051;32.3486;22.0705;-256.277;-256.676;-256.888;-256.966;-255.941;0;None;1000;None;13:17:01.074
1421;32.4973;32.333;22.0783;-256.269;-256.676;-256.895;-256.966;-255.941;0;None;1000;None;13:17:01.575
1422;32.4817;32.333;22.0783;-256.285;-256.684;-256.895;-256.974;-255.941;0;None;1000;None;13:17:02.075
1423;32.4817;32.3252;22.0783;-256.269;-256.684;-256.895;-256.966;-255.949;0;None;1000;None;13:17:02.575
1424;32.4817;32.3252;22.0783;-256.277;-256.684;-256.895;-256.966;-255.949;0;None;1000;None;13:17:03.073
1425;32.466;32.3173;22.0861;-256.277;-256.684;-256.888;-256.966;-255.941;0;None;1000;None;13:17:03.574
1426;32.466;32.3095;22.0861;-256.277;-256.684;-256.895;-256.966;-255.949;0;None;1000;None;13:17:04.074
1427;32.466;32.3017;22.0861;-256.269;-256.676;-256.895;-256.966;-255.941;0;None;1000;None;13:17:04.573
1428;32.4582;32.2939;22.0861;-256.277;-256.684;-256.888;-256.958;-255.949;0;None;1000;None;13:17:05.075
1429;32.4425;32.286;22.0861;-256.277;-256.676;-256.895;-256.966;-255.949;0;None;1000;None;13:17:05.574
1430;32.4425;32.2821;22.0783;-256.269;-256.676;-256.888;-256.958;-255.949;0;None;1000;None;13:17:06.074
1431;32.4347;32.2782;22.0861;-256.277;-256.676;-256.895;-256.958;-255.941;0;None;1000;None;13:17:06.575
1432;32.4347;32.2743;22.0939;-256.277;-256.684;-256.895;-256.966;-255.949;0;None;1000;None;13:17:07.075
1433;32.4191;32.2665;22.0783;-256.277;-256.684;-256.888;-256.966;-255.941;0;None;1000;None;13:17:07.575
1434;32.4191;32.2665;22.0861;-256.269;-256.668;-256.903;-256.966;-255.937;0;None;1000;None;13:17:08.075
1435;32.4034;32.2508;22.0939;-256.277;-256.684;-256.895;-256.966;-255.941;0;None;1000;None;13:17:08.575
1436;32.4112;32.243;22.0861;-256.269;-256.676;-256.888;-256.966;-255.941;0;None;1000;None;13:17:09.075
1437;32.3956;32.2352;22.0861;-256.277;-256.684;-256.895;-256.966;-255.941;0;None;1000;None;13:17:09.575
1438;32.3878;32.2352;22.0783;-256.277;-256.684;-256.895;-256.966;-255.941;0;None;1000;None;13:17:10.075
1439;32.3878;32.2273;22.0861;-256.269;-256.684;-256.895;-256.966;-255.941;0;None;1000;None;13:17:10.575
1440;32.3799;32.2273;22.0783;-256.277;-256.676;-256.895;-256.966;-255.941;0;None;1000;None;13:17:11.075
1441;32.3799;32.2195;22.0861;-256.277;-256.684;-256.895;-256.974;-255.945;0;None;1000;None;13:17:11.575
1442;32.3643;32.2117;22.0783;-256.277;-256.684;-256.895;-256.966;-255.941;0;None;1000;None;13:17:12.075
1443;32.3643;32.2117;22.0861;-256.277;-256.684;-256.895;-256.958;-255.941;0;None;1000;None;13:17:12.575
1444;32.3565;32.196;22.0861;-256.277;-256.676;-256.895;-256.966;-255.941;0;None;1000;None;13:17:13.074
1445;32.3565;32.196;22.0861;-256.277;-256.684;-256.895;-256.974;-255.949;0;None;1000;None;13:17:13.575
1446;32.3486;32.1882;22.0861;-256.277;-256.676;-256.895;-256.966;-255.941;0;None;1000;None;13:17:14.075
1447;32.333;32.1882;22.0861;-256.277;-256.684;-256.895;-256.966;-255.941;0;None;1000;None;13:17:14.575
1448;32.333;32.1804;22.0861;-256.277;-256.692;-256.895;-256.974;-255.941;0;None;1000;None;13:17:15.074
1449;32.3291;32.1726;22.0861;-256.277;-256.692;-256.903;-256.966;-255.949;0;None;1000;None;13:17:15.575
1450;32.3291;32.1726;22.0939;-256.269;-256.684;-256.895;-256.974;-255.941;0;None;1000;None;13:17:16.075
1451;32.3252;32.1647;22.0861;-256.277;-256.684;-256.895;-256.966;-255.941;0;None;1000;None;13:17:16.575
1452;32.3173;32.1647;22.0783;-256.269;-256.692;-256.895;-256.966;-255.949;0;None;1000;None;13:17:17.075
1453;32.3134;32.1569;22.0861;-256.277;-256.684;-256.895;-256.974;-255.941;0;None;1000;None;13:17:17.573
1454;32.3134;32.1569;22.0783;-256.277;-256.684;-256.888;-256.958;-255.941;0;None;1000;None;13:17:18.075
1455;32.3056;32.1413;22.0783;-256.269;-256.692;-256.895;-256.966;-255.941;0;None;1000;None;13:17:18.576
1456;32.2978;32.1413;22.0783;-256.269;-256.684;-256.895;-256.966;-255.945;0;None;1000;None;13:17:19.075
1457;32.2821;32.1334;22.0861;-256.277;-256.684;-256.903;-256.966;-255.941;0;None;1000;None;13:17:19.575
1458;32.2821;32.1256;22.0783;-256.269;-256.692;-256.895;-256.974;-255.949;0;None;1000;None;13:17:20.076
1459;32.2821;32.1256;22.0705;-256.277;-256.684;-256.895;-256.966;-255.941;0;None;1000;None;13:17:20.575
1460;32.2743;32.1334;22.0783;-256.277;-256.684;-256.895;-256.966;-255.949;0;None;1000;None;13:17:21.075
1461;32.2665;32.1178;22.0783;-256.277;-256.684;-256.895;-256.966;-255.941;0;None;1000;None;13:17:21.576
1462;32.2586;32.1178;22.0705;-256.269;-256.684;-256.895;-256.966;-255.941;0;None;1000;None;13:17:22.074
1463;32.2586;32.11;22.0705;-256.285;-256.692;-256.895;-256.966;-255.941;0;None;1000;None;13:17:22.575
1464;32.243;32.1021;22.0783;-256.277;-256.684;-256.895;-256.958;-255.941;0;None;1000;None;13:17:23.074
1465;32.243;32.1021;22.0861;-256.277;-256.684;-256.888;-256.958;-255.941;0;None;1000;None;13:17:23.575
1466;32.2273;32.0943;22.0861;-256.269;-256.684;-256.895;-256.958;-255.941;0;None;1000;None;13:17:24.075
1467;32.2273;32.0865;22.0861;-256.277;-256.684;-256.895;-256.966;-255.937;0;None;1000;None;13:17:24.573
1468;32.2195;32.0787;22.0783;-256.277;-256.684;-256.888;-256.966;-255.937;0;None;1000;None;13:17:25.075
1469;32.2195;32.0865;22.0783;-256.269;-256.684;-256.888;-256.958;-255.941;0;None;1000;None;13:17:25.573
1470;32.2117;32.0748;22.0783;-256.277;-256.684;-256.895;-256.966;-255.937;0;None;1000;None;13:17:26.075
1471;32.196;32.0748;22.0783;-256.277;-256.684;-256.895;-256.966;-255.937;0;None;1000;None;13:17:26.574
1472;32.196;32.0708;22.0861;-256.269;-256.676;-256.895;-256.966;-255.949;0;None;1000;None;13:17:27.075
1473;32.196;32.0708;22.0861;-256.269;-256.684;-256.895;-256.958;-255.941;0;None;1000;None;13:17:27.575
1474;32.1804;32.063;22.0861;-256.277;-256.684;-256.895;-256.958;-255.941;0;None;1000;None;13:17:28.075
1475;32.1804;32.0513;22.0861;-256.285;-256.684;-256.888;-256.958;-255.941;0;None;1000;None;13:17:28.575
1476;32.1804;32.0513;22.0783;-256.269;-256.684;-256.895;-256.95;-255.941;0;None;1000;None;13:17:29.076
1477;32.1647;32.0356;22.0783;-256.277;-256.676;-256.895;-256.958;-255.941;0;None;1000;None;13:17:29.575
1478;32.1647;32.0435;22.0861;-256.269;-256.684;-256.895;-256.966;-255.937;0;None;1000;None;13:17:30.074
1479;32.1569;32.0278;22.0705;-256.277;-256.684;-256.903;-256.958;-255.941;0;None;1000;None;13:17:30.574
1480;32.1569;32.02;22.0626;-256.269;-256.684;-256.895;-256.966;-255.937;0;None;1000;None;13:17:31.075
1481;32.1413;32.0278;22.0705;-256.269;-256.692;-256.888;-256.966;-255.941;0;None;1000;None;13:17:31.575
1482;32.1413;32.02;22.0705;-256.269;-256.692;-256.888;-256.958;-255.941;0;None;1000;None;13:17:32.075
1483;32.1256;32.0122;22.0626;-256.277;-256.684;-256.895;-256.966;-255.941;0;None;1000;None;13:17:32.573
1484;32.1178;32.0122;22.0705;-256.269;-256.692;-256.888;-256.966;-255.937;0;None;1000;None;13:17:33.073
1485;32.1178;32.0043;22.0626;-256.269;-256.692;-256.895;-256.974;-255.941;0;None;1000;None;13:17:33.574
1486;32.1139;31.9965;22.0705;-256.277;-256.692;-256.895;-256.966;-255.937;0;None;1000;None;13:17:34.075
1487;32.11;31.9887;22.0705;-256.269;-256.684;-256.895;-256.966;-255.941;0;None;1000;None;13:17:34.575
1488;32.11;31.9809;22.0783;-256.269;-256.692;-256.895;-256.958;-255.941;0;None;1000;None;13:17:35.073
1489;32.1021;31.9809;22.0705;-256.277;-256.692;-256.895;-256.966;-255.941;0;None;1000;None;13:17:35.575
1490;32.1021;31.9809;22.0783;-256.269;-256.684;-256.895;-256.958;-255.941;0;None;1000;None;13:17:36.074
1491;32.0982;31.9652;22.0783;-256.262;-256.684;-256.895;-256.958;-255.941;0;None;1000;None;13:17:36.574
1492;32.0904;31.9652;22.0705;-256.269;-256.692;-256.895;-256.966;-255.941;0;None;1000;None;13:17:37.074
1493;32.0982;31.9574;22.0783;-256.262;-256.684;-256.888;-256.966;-255.941;0;None;1000;None;13:17:37.574
1494;32.0826;31.9574;22.0783;-256.262;-256.684;-256.903;-256.958;-255.937;0;None;1000;None;13:17:38.075
1495;32.0748;31.9496;22.0783;-256.262;-256.676;-256.895;-256.966;-255.937;0;None;1000;None;13:17:38.574
1496;32.0826;31.9496;22.0783;-256.269;-256.684;-256.895;-256.966;-255.941;0;None;1000;None;13:17:39.074
1497;32.0669;31.9339;22.0783;-256.262;-256.684;-256.903;-256.966;-255.941;0;None;1000;None;13:17:39.575
1498;32.0669;31.9339;22.0705;-256.262;-256.692;-256.895;-256.958;-255.949;0;None;1000;None;13:17:40.075
1499;32.0591;31.9261;22.0783;-256.262;-256.692;-256.888;-256.966;-255.941;0;None;1000;None;13:17:40.575
1500;32.0513;31.9104;22.0783;-256.269;-256.692;-256.895;-256.966;-255.941;0;None;1000;None;13:17:41.075
1501;32.0356;31.9026;22.0705;-256.262;-256.692;-256.895;-256.966;-255.941;0;None;1000;None;13:17:41.574
1502;32.0435;31.9026;22.0783;-256.269;-256.684;-256.895;-256.966;-255.949;0;None;1000;None;13:17:42.074
1503;32.0278;31.8948;22.0705;-256.262;-256.692;-256.888;-256.974;-255.941;0;None;1000;None;13:17:42.575
1504;32.0278;31.887;22.0705;-256.262;-256.692;-256.888;-256.966;-255.941;0;None;1000;None;13:17:43.074
1505;32.02;31.887;22.0626;-256.269;-256.692;-256.888;-256.966;-255.941;0;None;1000;None;13:17:43.575
1506;32.02;31.887;22.0705;-256.262;-256.684;-256.895;-256.966;-255.941;0;None;1000;None;13:17:44.075
1507;32.0122;31.8713;22.0705;-256.269;-256.684;-256.895;-256.974;-255.941;0;None;1000;None;13:17:44.575
1508;31.9965;31.8713;22.0626;-256.262;-256.684;-256.888;-256.974;-255.941;0;None;1000;None;13:17:45.074
1509;31.9965;31.8635;22.0705;-256.269;-256.692;-256.895;-256.974;-255.941;0;None;1000;None;13:17:45.575
1510;31.9965;31.8674;22.0626;-256.262;-256.684;-256.888;-256.966;-255.941;0;None;1000;None;13:17:46.074
1511;31.9965;31.8557;22.0626;-256.269;-256.692;-256.895;-256.966;-255.941;0;None;1000;None;13:17:46.574
1512;31.9809;31.8596;22.0626;-256.254;-256.684;-256.895;-256.966;-255.937;0;None;1000;None;13:17:47.074
1513;31.973;31.8557;22.0626;-256.269;-256.684;-256.888;-256.966;-255.941;0;None;1000;None;13:17:47.575
1514;31.9652;31.8478;22.0705;-256.254;-256.692;-256.888;-256.966;-255.941;0;None;1000;None;13:17:48.074
1515;31.9652;31.8478;22.0705;-256.269;-256.684;-256.888;-256.958;-255.941;0;None;1000;None;13:17:48.575
1516;31.9652;31.8439;22.0705;-256.262;-256.684;-256.888;-256.966;-255.941;0;None;1000;None;13:17:49.074
1517;31.9574;31.8439;22.0705;-256.269;-256.684;-256.888;-256.966;-255.941;0;None;1000;None;13:17:49.575
1518;31.9496;31.8283;22.0626;-256.269;-256.676;-256.888;-256.958;-255.941;0;None;1000;None;13:17:50.075
1519;31.9417;31.8283;22.0626;-256.269;-256.684;-256.888;-256.958;-255.941;0;None;1000;None;13:17:50.575
1520;31.9417;31.8283;22.0705;-256.269;-256.684;-256.888;-256.966;-255.941;0;None;1000;None;13:17:51.074
1521;31.9261;31.8204;22.0626;-256.277;-256.684;-256.895;-256.966;-255.941;0;None;1000;None;13:17:51.575
1522;31.9261;31.8126;22.0705;-256.269;-256.684;-256.888;-256.974;-255.941;0;None;1000;None;13:17:52.075
1523;31.9183;31.8126;22.0705;-256.277;-256.684;-256.88;-256.958;-255.937;0;None;1000;None;13:17:52.575
1524;31.9183;31.8048;22.0705;-256.269;-256.684;-256.895;-256.966;-255.937;0;None;1000;None;13:17:53.073
1525;31.9104;31.797;22.0705;-256.269;-256.684;-256.888;-256.966;-255.941;0;None;1000;None;13:17:53.575
1526;31.9104;31.797;22.0705;-256.269;-256.692;-256.888;-256.958;-255.937;0;None;1000;None;13:17:54.075
1527;31.8987;31.7891;22.0705;-256.269;-256.684;-256.888;-256.958;-255.941;0;None;1000;None;13:17:54.576
1528;31.9026;31.7813;22.0705;-256.269;-256.684;-256.895;-256.958;-255.941;0;None;1000;None;13:17:55.075
1529;31.8948;31.7735;22.0783;-256.277;-256.684;-256.888;-256.966;-255.941;0;None;1000;None;13:17:55.574
1530;31.8948;31.7657;22.0705;-256.269;-256.692;-256.895;-256.966;-255.941;0;None;1000;None;13:17:56.075
1531;31.8909;31.7657;22.0705;-256.269;-256.676;-256.888;-256.966;-255.941;0;None;1000;None;13:17:56.574
1532;31.887;31.7578;22.0705;-256.277;-256.684;-256.888;-256.958;-255.941;0;None;1000;None;13:17:57.073
1533;31.887;31.75;22.0705;-256.269;-256.684;-256.888;-256.958;-255.937;0;None;1000;None;13:17:57.574
1534;31.883;31.75;22.0626;-256.269;-256.684;-256.888;-256.966;-255.941;0;None;1000;None;13:17:58.075
1535;31.883;31.7344;22.0626;-256.269;-256.684;-256.895;-256.966;-255.941;0;None;1000;None;13:17:58.575
1536;31.883;31.7265;22.0705;-256.269;-256.684;-256.888;-256.966;-255.937;0;None;1000;None;13:17:59.075
1537;31.8674;31.7265;22.0705;-256.277;-256.692;-256.895;-256.966;-255.945;0;None;1000;None;13:17:59.575
1538;31.8596;31.7109;22.0626;-256.277;-256.692;-256.888;-256.966;-255.941;0;None;1000;None;13:18:00.074
1539;31.8596;31.7109;22.0705;-256.269;-256.684;-256.88;-256.958;-255.941;0;None;1000;None;13:18:00.574
1540;31.8517;31.7031;22.0705;-256.277;-256.684;-256.888;-256.966;-255.937;0;None;1000;None;13:18:01.074
1541;31.8439;31.6952;22.0626;-256.277;-256.684;-256.888;-256.958;-255.941;0;None;1000;None;13:18:01.575
1542;31.8361;31.7031;22.0705;-256.277;-256.684;-256.895;-256.966;-255.937;0;None;1000;None;13:18:02.074
1543;31.8361;31.6874;22.0705;-256.269;-256.684;-256.888;-256.95;-255.949;0;None;1000;None;13:18:02.574
1544;31.8204;31.6835;22.0705;-256.277;-256.684;-256.888;-256.958;-255.937;0;None;1000;None;13:18:03.074
1545;31.8204;31.6796;22.0705;-256.269;-256.684;-256.895;-256.958;-255.941;0;None;1000;None;13:18:03.575
1546;31.8126;31.6718;22.0705;-256.269;-256.676;-256.888;-256.958;-255.941;0;None;1000;None;13:18:04.074
1547;31.8126;31.6718;22.0626;-256.269;-256.692;-256.895;-256.958;-255.941;0;None;1000;None;13:18:04.575
1548;31.797;31.6679;22.0626;-256.269;-256.684;-256.888;-256.958;-255.937;0;None;1000;None;13:18:05.074
1549;31.797;31.66;22.0705;-256.262;-256.676;-256.88;-256.95;-255.941;0;None;1000;None;13:18:05.575
1550;31.797;31.66;22.0626;-256.269;-256.692;-256.888;-256.958;-255.941;0;None;1000;None;13:18:06.074
1551;31.7891;31.66;22.0705;-256.269;-256.684;-256.888;-256.958;-255.941;0;None;1000;None;13:18:06.575
1552;31.7735;31.6522;22.0626;-256.277;-256.684;-256.888;-256.958;-255.941;0;None;1000;None;13:18:07.074
1553;31.7735;31.6366;22.0626;-256.269;-256.692;-256.88;-256.966;-255.941;0;None;1000;None;13:18:07.576
1554;31.7735;31.6366;22.0705;-256.269;-256.692;-256.888;-256.966;-255.941;0;None;1000;None;13:18:08.074
1555;31.7578;31.6287;22.0705;-256.277;-256.684;-256.888;-256.966;-255.941;0;None;1000;None;13:18:08.574
1556;31.7578;31.6287;22.0626;-256.269;-256.684;-256.888;-256.958;-255.941;0;None;1000;None;13:18:09.075
1557;31.7578;31.6209;22.0705;-256.269;-256.692;-256.888;-256.966;-255.949;0;None;1000;None;13:18:09.575
1558;31.7422;31.6209;22.0626;-256.269;-256.692;-256.895;-256.966;-255.941;0;None;1000;None;13:18:10.075
1559;31.7422;31.6209;22.0705;-256.277;-256.692;-256.888;-256.966;-255.945;0;None;1000;None;13:18:10.575
1560;31.7422;31.6131;22.0783;-256.269;-256.692;-256.888;-256.958;-255.937;0;None;1000;None;13:18:11.074
1561;31.7344;31.5974;22.0705;-256.277;-256.692;-256.888;-256.966;-255.941;0;None;1000;None;13:18:11.573
1562;31.7344;31.5896;22.0705;-256.269;-256.684;-256.895;-256.966;-255.937;0;None;1000;None;13:18:12.073
1563;31.7226;31.5818;22.0626;-256.269;-256.676;-256.88;-256.966;-255.941;0;None;1000;None;13:18:12.574
1564;31.7226;31.5818;22.0626;-256.277;-256.684;-256.888;-256.966;-255.937;0;None;1000;None;13:18:13.074
1565;31.7187;31.574;22.0587;-256.269;-256.692;-256.888;-256.966;-255.937;0;None;1000;None;13:18:13.574
1566;31.7187;31.574;22.0626;-256.269;-256.676;-256.895;-256.974;-255.941;0;None;1000;None;13:18:14.075
1567;31.7109;31.5583;22.0705;-256.269;-256.684;-256.888;-256.966;-255.937;0;None;1000;None;13:18:14.575
1568;31.7109;31.5505;22.0626;-256.269;-256.684;-256.895;-256.966;-255.941;0;None;1000;None;13:18:15.074
1569;31.707;31.5583;22.0705;-256.277;-256.684;-256.888;-256.958;-255.937;0;None;1000;None;13:18:15.576
1570;31.707;31.5505;22.0705;-256.269;-256.692;-256.888;-256.974;-255.937;0;None;1000;None;13:18:16.073
1571;31.6992;31.5427;22.0783;-256.277;-256.676;-256.895;-256.966;-255.941;0;None;1000;None;13:18:16.575
1572;31.6835;31.5348;22.0705;-256.269;-256.684;-256.888;-256.974;-255.937;0;None;1000;None;13:18:17.074
1573;31.6913;31.5348;22.0705;-256.269;-256.684;-256.895;-256.974;-255.941;0;None;1000;None;13:18:17.574
1574;31.6835;31.527;22.0626;-256.269;-256.684;-256.888;-256.974;-255.937;0;None;1000;None;13:18:18.073
1575;31.6757;31.5192;22.0705;-256.269;-256.684;-256.888;-256.966;-255.941;0;None;1000;None;13:18:18.575
1576;31.6757;31.5192;22.0705;-256.277;-256.684;-256.895;-256.974;-255.937;0;None;1000;None;13:18:19.075
1577;31.66;31.5114;22.0705;-256.269;-256.684;-256.888;-256.966;-255.937;0;None;1000;None;13:18:19.575
1578;31.66;31.5035;22.0705;-256.277;-256.692;-256.888;-256.974;-255.941;0;None;1000;None;13:18:20.074
1579;31.66;31.5035;22.0783;-256.277;-256.684;-256.888;-256.966;-255.941;0;None;1000;None;13:18:20.574
1580;31.6444;31.4957;22.0783;-256.269;-256.684;-256.888;-256.966;-255.941;0;None;1000;None;13:18:21.074
1581;31.6444;31.4879;22.0705;-256.269;-256.692;-256.888;-256.974;-255.941;0;None;1000;None;13:18:21.574
1582;31.6444;31.4879;22.0626;-256.269;-256.684;-256.888;-256.966;-255.937;0;None;1000;None;13:18:22.074
1583;31.6366;31.4801;22.0783;-256.269;-256.684;-256.888;-256.966;-255.941;0;None;1000;None;13:18:22.574
1584;31.6287;31.4722;22.0705;-256.277;-256.684;-256.888;-256.974;-255.941;0;None;1000;None;13:18:23.074
1585;31.6209;31.4683;22.0783;-256.269;-256.692;-256.895;-256.966;-255.937;0;None;1000;None;13:18:23.575
1586;31.6209;31.4683;22.0705;-256.277;-256.692;-256.888;-256.958;-255.937;0;None;1000;None;13:18:24.074
1587;31.6053;31.4605;22.0783;-256.269;-256.684;-256.888;-256.966;-255.937;0;None;1000;None;13:18:24.574
1588;31.6131;31.4566;22.0705;-256.269;-256.692;-256.895;-256.958;-255.941;0;None;1000;None;13:18:25.074
1589;31.5974;31.4566;22.0783;-256.277;-256.684;-256.888;-256.966;-255.941;0;None;1000;None;13:18:25.574
1590;31.6053;31.4527;22.0705;-256.277;-256.684;-256.895;-256.958;-255.937;0;None;1000;None;13:18:26.074
1591;31.5896;31.4448;22.0705;-256.269;-256.692;-256.888;-256.958;-255.941;0;None;1000;None;13:18:26.574
1592;31.5896;31.4448;22.0705;-256.277;-256.684;-256.888;-256.958;-255.949;0;None;1000;None;13:18:27.076
1593;31.5818;31.4448;22.0626;-256.277;-256.684;-256.895;-256.958;-255.937;0;None;1000;None;13:18:27.574
1594;31.5818;31.4448;22.0626;-256.269;-256.692;-256.888;-256.958;-255.941;0;None;1000;None;13:18:28.074
1595;31.574;31.437;22.0705;-256.277;-256.684;-256.895;-256.958;-255.949;0;None;1000;None;13:18:28.574
1596;31.5661;31.437;22.0626;-256.269;-256.684;-256.895;-256.958;-255.941;0;None;1000;None;13:18:29.074
1597;31.5583;31.4214;22.0626;-256.269;-256.684;-256.895;-256.958;-255.941;0;None;1000;None;13:18:29.574
1598;31.5583;31.4214;22.0626;-256.269;-256.684;-256.895;-256.958;-255.941;0;None;1000;None;13:18:30.073
1599;31.5505;31.4214;22.0626;-256.269;-256.692;-256.895;-256.958;-255.949;0;None;1000;None;13:18:30.574
1600;31.5427;31.4135;22.0626;-256.269;-256.684;-256.888;-256.966;-255.949;0;None;1000;None;13:18:31.074
1601;31.5348;31.4057;22.0626;-256.262;-256.676;-256.895;-256.966;-255.941;0;None;1000;None;13:18:31.574
1602;31.527;31.3979;22.0626;-256.269;-256.684;-256.895;-256.966;-255.941;0;None;1000;None;13:18:32.073
1603;31.527;31.3901;22.0626;-256.277;-256.684;-256.895;-256.966;-255.949;0;None;1000;None;13:18:32.574
1604;31.5192;31.3901;22.0626;-256.269;-256.684;-256.895;-256.966;-255.941;0;None;1000;None;13:18:33.074
1605;31.527;31.3822;22.0705;-256.277;-256.684;-256.895;-256.958;-255.949;0;None;1000;None;13:18:33.574
1606;31.5114;31.3744;22.0705;-256.277;-256.684;-256.888;-256.958;-255.949;0;None;1000;None;13:18:34.074
1607;31.5114;31.3666;22.0626;-256.269;-256.684;-256.888;-256.966;-255.956;0;None;1000;None;13:18:34.574
1608;31.5114;31.3666;22.0705;-256.269;-256.684;-256.888;-256.958;-255.941;0;None;1000;None;13:18:35.074
1609;31.5074;31.3509;22.0705;-256.269;-256.676;-256.88;-256.958;-255.949;0;None;1000;None;13:18:35.574
1610;31.5035;31.3431;22.0587;-256.269;-256.684;-256.895;-256.966;-255.956;0;None;1000;None;13:18:36.073
1611;31.4996;31.3431;22.0587;-256.277;-256.684;-256.888;-256.958;-255.949;0;None;1000;None;13:18:36.574
1612;31.4996;31.3275;22.0587;-256.269;-256.684;-256.888;-256.966;-255.941;0;None;1000;None;13:18:37.074
1613;31.4879;31.3431;22.0587;-256.269;-256.676;-256.895;-256.958;-255.949;0;None;1000;None;13:18:37.574
1614;31.484;31.3275;22.0587;-256.277;-256.684;-256.895;-256.958;-255.956;0;None;1000;None;13:18:38.074
1615;31.4761;31.3275;22.0626;-256.269;-256.684;-256.888;-256.966;-255.949;0;None;1000;None;13:18:38.574
1616;31.4683;31.3196;22.0587;-256.277;-256.676;-256.888;-256.958;-255.956;0;None;1000;None;13:18:39.074
1617;31.4683;31.3118;22.0587;-256.269;-256.684;-256.895;-256.966;-255.949;0;None;1000;None;13:18:39.574
1618;31.4683;31.3118;22.0587;-256.277;-256.684;-256.895;-256.95;-255.949;0;None;1000;None;13:18:40.073
1619;31.4683;31.2962;22.0587;-256.277;-256.692;-256.888;-256.958;-255.949;0;None;1000;None;13:18:40.574
1620;31.4527;31.2962;22.0587;-256.269;-256.676;-256.895;-256.958;-255.956;0;None;1000;None;13:18:41.074
1621;31.4527;31.2883;22.0548;-256.277;-256.684;-256.895;-256.958;-255.949;0;None;1000;None;13:18:41.572
1622;31.4448;31.2805;22.0587;-256.277;-256.684;-256.895;-256.958;-255.956;0;None;1000;None;13:18:42.074
1623;31.4448;31.2805;22.0587;-256.269;-256.684;-256.895;-256.958;-255.956;0;None;1000;None;13:18:42.574
1624;31.437;31.257;22.0587;-256.277;-256.676;-256.888;-256.958;-255.949;0;None;1000;None;13:18:43.074
1625;31.4292;31.257;22.0587;-256.269;-256.692;-256.895;-256.958;-255.949;0;None;1000;None;13:18:43.575
1626;31.4214;31.257;22.0626;-256.269;-256.684;-256.895;-256.966;-255.956;0;None;1000;None;13:18:44.073
1627;31.4135;31.2531;22.0587;-256.277;-256.684;-256.895;-256.958;-255.949;0;None;1000;None;13:18:44.574
1628;31.4057;31.2492;22.0587;-256.277;-256.684;-256.895;-256.966;-255.956;0;None;1000;None;13:18:45.074
1629;31.4057;31.2492;22.0587;-256.277;-256.684;-256.895;-256.966;-255.949;0;None;1000;None;13:18:45.574
1630;31.3901;31.2453;22.0587;-256.277;-256.684;-256.895;-256.966;-255.956;0;None;1000;None;13:18:46.074
1631;31.3901;31.2414;22.0587;-256.277;-256.684;-256.903;-256.974;-255.949;0;None;1000;None;13:18:46.574
1632;31.3744;31.2375;22.0587;-256.277;-256.684;-256.888;-256.966;-255.949;0;None;1000;None;13:18:47.073
1633;31.3744;31.2414;22.0587;-256.277;-256.684;-256.895;-256.958;-255.949;0;None;1000;None;13:18:47.573
1634;31.3588;31.2297;22.0626;-256.269;-256.684;-256.895;-256.966;-255.956;0;None;1000;None;13:18:48.073
1635;31.3588;31.2297;22.0587;-256.277;-256.684;-256.895;-256.966;-255.949;0;None;1000;None;13:18:48.574
1636;31.3588;31.2297;22.0626;-256.277;-256.692;-256.895;-256.966;-255.956;0;None;1000;None;13:18:49.074
1637;31.3509;31.2218;22.0626;-256.277;-256.684;-256.888;-256.958;-255.949;0;None;1000;None;13:18:49.574
1638;31.3431;31.214;22.0626;-256.269;-256.692;-256.895;-256.958;-255.956;0;None;1000;None;13:18:50.073
1639;31.3353;31.214;22.0626;-256.277;-256.684;-256.888;-256.958;-255.956;0;None;1000;None;13:18:50.574
1640;31.3353;31.2062;22.0587;-256.277;-256.692;-256.895;-256.958;-255.949;0;None;1000;None;13:18:51.074
1641;31.3275;31.2062;22.0548;-256.277;-256.692;-256.895;-256.95;-255.956;0;None;1000;None;13:18:51.574
1642;31.3275;31.1984;22.0587;-256.269;-256.692;-256.895;-256.958;-255.949;0;None;1000;None;13:18:52.074
1643;31.3118;31.1827;22.0548;-256.269;-256.684;-256.895;-256.958;-255.956;0;None;1000;None;13:18:52.574
1644;31.3196;31.1827;22.0587;-256.277;-256.692;-256.895;-256.966;-255.949;0;None;1000;None;13:18:53.074
1645;31.304;31.1671;22.0548;-256.269;-256.692;-256.903;-256.966;-255.949;0;None;1000;None;13:18:53.573
1646;31.304;31.1671;22.0587;-256.269;-256.692;-256.895;-256.966;-255.956;0;None;1000;None;13:18:54.073
1647;31.304;31.1592;22.0587;-256.269;-256.692;-256.895;-256.966;-255.956;0;None;1000;None;13:18:54.574
1648;31.2923;31.1514;22.0548;-256.277;-256.692;-256.895;-256.958;-255.949;0;None;1000;None;13:18:55.074
1649;31.2923;31.1514;22.0587;-256.269;-256.692;-256.895;-256.966;-255.949;0;None;1000;None;13:18:55.574
1650;31.2923;31.1436;22.0548;-256.277;-256.684;-256.903;-256.966;-255.956;0;None;1000;None;13:18:56.073
1651;31.2844;31.1436;22.0548;-256.269;-256.7;-256.903;-256.958;-255.949;0;None;1000;None;13:18:56.574
1652;31.2805;31.1436;22.0587;-256.269;-256.692;-256.895;-256.958;-255.949;0;None;1000;None;13:18:57.077
1653;31.2805;31.1358;22.0587;-256.277;-256.692;-256.903;-256.958;-255.941;0;None;1000;None;13:18:57.574
1654;31.2766;31.1436;22.0626;-256.277;-256.692;-256.903;-256.958;-255.956;0;None;1000;None;13:18:58.074
1655;31.2688;31.1279;22.0587;-256.277;-256.684;-256.895;-256.958;-255.949;0;None;1000;None;13:18:58.574
1656;31.261;31.1279;22.0587;-256.269;-256.692;-256.903;-256.958;-255.949;0;None;1000;None;13:18:59.074
1657;31.261;31.1201;22.0548;-256.277;-256.692;-256.903;-256.95;-255.949;0;None;1000;None;13:18:59.574
1658;31.2531;31.1201;22.0587;-256.269;-256.692;-256.895;-256.958;-255.956;0;None;1000;None;13:19:00.074
1659;31.2453;31.1201;22.0626;-256.277;-256.684;-256.895;-256.95;-255.949;0;None;1000;None;13:19:00.574
1660;31.2453;31.1123;22.0626;-256.269;-256.692;-256.903;-256.966;-255.949;0;None;1000;None;13:19:01.074
1661;31.2375;31.1123;22.0705;-256.277;-256.692;-256.903;-256.958;-255.949;0;None;1000;None;13:19:01.571
1662;31.2297;31.1045;22.0626;-256.269;-256.692;-256.895;-256.95;-255.949;0;None;1000;None;13:19:02.073
1663;31.2297;31.0966;22.0705;-256.269;-256.692;-256.903;-256.966;-255.949;0;None;1000;None;13:19:02.574
1664;31.2218;31.0966;22.0626;-256.269;-256.692;-256.903;-256.966;-255.949;0;None;1000;None;13:19:03.073
1665;31.214;31.0888;22.0626;-256.277;-256.692;-256.903;-256.958;-255.941;0;None;1000;None;13:19:03.574
1666;31.214;31.081;22.0705;-256.269;-256.692;-256.903;-256.958;-255.949;0;None;1000;None;13:19:04.074
1667;31.1984;31.081;22.0626;-256.269;-256.692;-256.903;-256.966;-255.949;0;None;1000;None;13:19:04.574
1668;31.1984;31.0771;22.0626;-256.277;-256.692;-256.903;-256.966;-255.941;0;None;1000;None;13:19:05.074
1669;31.1905;31.0771;22.0666;-256.269;-256.692;-256.895;-256.966;-255.941;0;None;1000;None;13:19:05.574
1670;31.1905;31.0732;22.0626;-256.269;-256.7;-256.903;-256.958;-255.941;0;None;1000;None;13:19:06.074
1671;31.1827;31.0692;22.0626;-256.269;-256.692;-256.903;-256.958;-255.949;0;None;1000;None;13:19:06.574
1672;31.1827;31.0653;22.0666;-256.277;-256.692;-256.903;-256.966;-255.941;0;None;1000;None;13:19:07.072
1673;31.1827;31.0653;22.0626;-256.269;-256.692;-256.895;-256.958;-255.937;0;None;1000;None;13:19:07.573
1674;31.1749;31.0653;22.0626;-256.277;-256.692;-256.895;-256.958;-255.941;0;None;1000;None;13:19:08.073
1675;31.1671;31.0653;22.0626;-256.269;-256.684;-256.903;-256.958;-255.949;0;None;1000;None;13:19:08.573
1676;31.1592;31.0536;22.0587;-256.269;-256.692;-256.895;-256.95;-255.941;0;None;1000;None;13:19:09.072
1677;31.1592;31.0458;22.0626;-256.269;-256.692;-256.903;-256.958;-255.949;0;None;1000;None;13:19:09.572
1678;31.1514;31.0536;22.0587;-256.277;-256.684;-256.895;-256.958;-255.949;0;None;1000;None;13:19:10.072
1679;31.1436;31.0458;22.0626;-256.269;-256.692;-256.903;-256.958;-255.941;0;None;1000;None;13:19:10.574
1680;31.1436;31.0458;22.0587;-256.277;-256.692;-256.911;-256.95;-255.949;0;None;1000;None;13:19:11.072
1681;31.1358;31.0301;22.0587;-256.269;-256.692;-256.903;-256.95;-255.949;0;None;1000;None;13:19:11.572
1682;31.1358;31.0379;22.0626;-256.277;-256.692;-256.903;-256.958;-255.941;0;None;1000;None;13:19:12.074
1683;31.1279;31.0301;22.0626;-256.277;-256.692;-256.903;-256.95;-255.949;0;None;1000;None;13:19:12.574
1684;31.1279;31.0223;22.0587;-256.269;-256.684;-256.903;-256.958;-255.949;0;None;1000;None;13:19:13.073
1685;31.1201;31.0145;22.0626;-256.277;-256.692;-256.911;-256.958;-255.941;0;None;1000;None;13:19:13.574
1686;31.1123;31.0223;22.0626;-256.269;-256.684;-256.903;-256.958;-255.949;0;None;1000;None;13:19:14.073
1687;31.1123;31.0066;22.0587;-256.269;-256.692;-256.903;-256.958;-255.949;0;None;1000;None;13:19:14.573
1688;31.1045;30.9988;22.0626;-256.269;-256.684;-256.903;-256.958;-255.941;0;None;1000;None;13:19:15.072
1689;31.0966;30.991;22.0587;-256.269;-256.692;-256.911;-256.958;-255.949;0;None;1000;None;13:19:15.574
1690;31.0966;30.991;22.0587;-256.262;-256.684;-256.903;-256.966;-255.949;0;None;1000;None;13:19:16.072
1691;31.0888;30.9832;22.0587;-256.269;-256.692;-256.903;-256.958;-255.941;0;None;1000;None;13:19:16.574
1692;31.081;30.9753;22.0587;-256.269;-256.684;-256.895;-256.958;-255.949;0;None;1000;None;13:19:17.073
1693;31.081;30.9675;22.0548;-256.269;-256.692;-256.903;-256.958;-255.941;0;None;1000;None;13:19:17.574
1694;31.0771;30.9597;22.0587;-256.269;-256.692;-256.903;-256.966;-255.949;0;None;1000;None;13:19:18.071
1695;31.0732;30.9597;22.0587;-256.269;-256.692;-256.903;-256.95;-255.949;0;None;1000;None;13:19:18.574
1696;31.0732;30.944;22.0587;-256.269;-256.684;-256.895;-256.95;-255.949;0;None;1000;None;13:19:19.073
1697;31.0653;30.9519;22.0587;-256.269;-256.692;-256.911;-256.958;-255.941;0;None;1000;None;13:19:19.573
1698;31.0653;30.9362;22.0587;-256.262;-256.692;-256.895;-256.958;-255.956;0;None;1000;None;13:19:20.073
1699;31.0614;30.9362;22.0587;-256.269;-256.692;-256.895;-256.95;-255.949;0;None;1000;None;13:19:20.573
1700;31.0536;30.9206;22.0587;-256.269;-256.692;-256.903;-256.958;-255.941;0;None;1000;None;13:19:21.073
1701;31.0536;30.9284;22.0626;-256.262;-256.692;-256.895;-256.95;-255.956;0;None;1000;None;13:19:21.573
1702;31.0536;30.9206;22.0587;-256.269;-256.684;-256.903;-256.95;-255.949;0;None;1000;None;13:19:22.074
1703;31.0536;30.9127;22.0626;-256.269;-256.692;-256.895;-256.958;-255.941;0;None;1000;None;13:19:22.573
1704;31.0458;30.9049;22.0587;-256.269;-256.684;-256.903;-256.95;-255.941;0;None;1000;None;13:19:23.073
1705;31.0379;30.9049;22.0626;-256.262;-256.7;-256.895;-256.958;-255.949;0;None;1000;None;13:19:23.573
1706;31.0301;30.8971;22.0587;-256.269;-256.692;-256.903;-256.966;-255.949;0;None;1000;None;13:19:24.073
1707;31.0301;30.8971;22.0587;-256.269;-256.692;-256.895;-256.958;-255.956;0;None;1000;None;13:19:24.573
1708;31.0223;30.8814;22.0587;-256.269;-256.684;-256.895;-256.958;-255.949;0;None;1000;None;13:19:25.074
1709;31.0223;30.8893;22.0587;-256.262;-256.692;-256.903;-256.958;-255.949;0;None;1000;None;13:19:25.574
1710;31.0145;30.8814;22.0587;-256.262;-256.684;-256.895;-256.958;-255.949;0;None;1000;None;13:19:26.073
1711;31.0066;30.8814;22.0626;-256.269;-256.692;-256.895;-256.958;-255.941;0;None;1000;None;13:19:26.573
1712;30.991;30.8736;22.0626;-256.269;-256.684;-256.903;-256.958;-255.949;0;None;1000;None;13:19:27.071
1713;30.991;30.8697;22.0626;-256.269;-256.692;-256.895;-256.966;-255.949;0;None;1000;None;13:19:27.572
1714;30.991;30.8736;22.0548;-256.269;-256.692;-256.895;-256.958;-255.949;0;None;1000;None;13:19:28.072
1715;30.9753;30.8619;22.0509;-256.262;-256.684;-256.895;-256.958;-255.949;0;None;1000;None;13:19:28.572
1716;30.9753;30.8619;22.0548;-256.262;-256.692;-256.903;-256.966;-255.949;0;None;1000;None;13:19:29.073
1717;30.9675;30.858;22.0548;-256.269;-256.684;-256.895;-256.958;-255.949;0;None;1000;None;13:19:29.572
1718;30.9597;30.858;22.0509;-256.262;-256.692;-256.895;-256.958;-255.949;0;None;1000;None;13:19:30.072
1719;30.9597;30.8541;22.0548;-256.269;-256.684;-256.903;-256.958;-255.949;0;None;1000;None;13:19:30.571
1720;30.9519;30.8541;22.0509;-256.269;-256.684;-256.895;-256.966;-255.949;0;None;1000;None;13:19:31.071
1721;30.944;30.8501;22.0548;-256.269;-256.692;-256.903;-256.958;-255.949;0;None;1000;None;13:19:31.572
1722;30.944;30.8384;22.0548;-256.269;-256.692;-256.903;-256.974;-255.949;0;None;1000;None;13:19:32.073
1723;30.9362;30.8384;22.0548;-256.269;-256.692;-256.895;-256.958;-255.956;0;None;1000;None;13:19:32.571
1724;30.9362;30.8306;22.0509;-256.277;-256.684;-256.903;-256.966;-255.949;0;None;1000;None;13:19:33.072
1725;30.9206;30.8306;22.0548;-256.269;-256.692;-256.903;-256.958;-255.949;0;None;1000;None;13:19:33.572
1726;30.9206;30.8228;22.0509;-256.269;-256.692;-256.903;-256.966;-255.941;0;None;1000;None;13:19:34.072
1727;30.9127;30.8149;22.0548;-256.269;-256.692;-256.895;-256.958;-255.949;0;None;1000;None;13:19:34.572
1728;30.9049;30.8149;22.0548;-256.269;-256.692;-256.903;-256.958;-255.949;0;None;1000;None;13:19:35.072
1729;30.9127;30.7993;22.0509;-256.269;-256.692;-256.895;-256.966;-255.949;0;None;1000;None;13:19:35.572
1730;30.9127;30.7993;22.0548;-256.277;-256.692;-256.903;-256.966;-255.941;0;None;1000;None;13:19:36.072
1731;30.901;30.7915;22.0548;-256.269;-256.684;-256.895;-256.966;-255.949;0;None;1000;None;13:19:36.573
1732;30.8971;30.7836;22.0509;-256.262;-256.692;-256.903;-256.966;-255.949;0;None;1000;None;13:19:37.072
1733;30.8971;30.768;22.0548;-256.277;-256.692;-256.903;-256.958;-255.949;0;None;1000;None;13:19:37.573
1734;30.8971;30.7602;22.0509;-256.262;-256.684;-256.903;-256.966;-255.956;0;None;1000;None;13:19:38.073
1735;30.8932;30.7602;22.0509;-256.277;-256.692;-256.903;-256.974;-255.941;0;None;1000;None;13:19:38.573
1736;30.8932;30.7602;22.0509;-256.269;-256.684;-256.903;-256.966;-255.949;0;None;1000;None;13:19:39.073
1737;30.8893;30.7523;22.0509;-256.277;-256.684;-256.895;-256.974;-255.949;0;None;1000;None;13:19:39.573
1738;30.8854;30.7445;22.0548;-256.269;-256.684;-256.903;-256.958;-255.941;0;None;1000;None;13:19:40.073
1739;30.8775;30.7523;22.0509;-256.277;-256.684;-256.895;-256.966;-255.941;0;None;1000;None;13:19:40.574
1740;30.8697;30.7367;22.0548;-256.269;-256.684;-256.903;-256.958;-255.941;0;None;1000;None;13:19:41.074
1741;30.8619;30.7289;22.0509;-256.277;-256.692;-256.903;-256.966;-255.949;0;None;1000;None;13:19:41.573
1742;30.8619;30.7289;22.0509;-256.277;-256.684;-256.903;-256.958;-255.941;0;None;1000;None;13:19:42.072
1743;30.8541;30.7132;22.0548;-256.277;-256.692;-256.895;-256.958;-255.941;0;None;1000;None;13:19:42.572
1744;30.8541;30.7132;22.0509;-256.277;-256.684;-256.903;-256.966;-255.941;0;None;1000;None;13:19:43.073
1745;30.8462;30.7054;22.0509;-256.277;-256.692;-256.903;-256.966;-255.941;0;None;1000;None;13:19:43.573
1746;30.8462;30.7132;22.0509;-256.277;-256.684;-256.903;-256.958;-255.941;0;None;1000;None;13:19:44.073
1747;30.8306;30.6976;22.0509;-256.269;-256.684;-256.895;-256.966;-255.949;0;None;1000;None;13:19:44.573
1748;30.8306;30.7054;22.0509;-256.277;-256.692;-256.903;-256.958;-255.949;0;None;1000;None;13:19:45.072
1749;30.8306;30.6897;22.0548;-256.269;-256.692;-256.903;-256.958;-255.949;0;None;1000;None;13:19:45.573
1750;30.8228;30.6897;22.0509;-256.277;-256.684;-256.903;-256.966;-255.949;0;None;1000;None;13:19:46.073
1751;30.8228;30.6897;22.0548;-256.269;-256.692;-256.895;-256.958;-255.949;0;None;1000;None;13:19:46.573
1752;30.8149;30.6819;22.0509;-256.262;-256.692;-256.903;-256.966;-255.941;0;None;1000;None;13:19:47.073
1753;30.8149;30.6741;22.0548;-256.269;-256.684;-256.903;-256.958;-255.941;0;None;1000;None;13:19:47.573
1754;30.7993;30.6663;22.0548;-256.269;-256.692;-256.895;-256.95;-255.949;0;None;1000;None;13:19:48.073
1755;30.7993;30.6741;22.0548;-256.269;-256.692;-256.903;-256.958;-255.949;0;None;1000;None;13:19:48.573
1756;30.7915;30.6584;22.0548;-256.269;-256.684;-256.903;-256.958;-255.941;0;None;1000;None;13:19:49.073
1757;30.7836;30.6506;22.0548;-256.277;-256.7;-256.895;-256.958;-255.949;0;None;1000;None;13:19:49.573
1758;30.7836;30.6506;22.0548;-256.277;-256.684;-256.903;-256.958;-255.949;0;None;1000;None;13:19:50.073
1759;30.7758;30.6467;22.0548;-256.277;-256.684;-256.895;-256.966;-255.949;0;None;1000;None;13:19:50.574
1760;30.7758;30.6467;22.0548;-256.269;-256.684;-256.895;-256.966;-255.949;0;None;1000;None;13:19:51.072
1761;30.7758;30.6428;22.0548;-256.269;-256.684;-256.903;-256.966;-255.941;0;None;1000;None;13:19:51.573
1762;30.7602;30.6428;22.0587;-256.269;-256.684;-256.903;-256.958;-255.949;0;None;1000;None;13:19:52.073
1763;30.768;30.6389;22.0548;-256.269;-256.684;-256.903;-256.966;-255.941;0;None;1000;None;13:19:52.573
1764;30.7523;30.6389;22.0548;-256.262;-256.684;-256.895;-256.966;-255.949;0;None;1000;None;13:19:53.073
1765;30.7445;30.635;22.0548;-256.269;-256.684;-256.903;-256.966;-255.941;0;None;1000;None;13:19:53.573
1766;30.7445;30.631;22.0587;-256.269;-256.676;-256.903;-256.974;-255.949;0;None;1000;None;13:19:54.072
1767;30.7367;30.6193;22.0548;-256.269;-256.684;-256.895;-256.966;-255.956;0;None;1000;None;13:19:54.574
1768;30.7445;30.631;22.0548;-256.277;-256.684;-256.903;-256.966;-255.941;0;None;1000;None;13:19:55.073
1769;30.7289;30.6154;22.0548;-256.269;-256.684;-256.895;-256.966;-255.941;0;None;1000;None;13:19:55.573
1770;30.7289;30.6232;22.0509;-256.269;-256.676;-256.903;-256.966;-255.949;0;None;1000;None;13:19:56.073
1771;30.721;30.6154;22.0548;-256.277;-256.684;-256.895;-256.966;-255.949;0;None;1000;None;13:19:56.573
1772;30.7132;30.6076;22.0548;-256.277;-256.684;-256.895;-256.958;-255.949;0;None;1000;None;13:19:57.073
1773;30.7132;30.5997;22.0587;-256.285;-256.684;-256.903;-256.95;-255.949;0;None;1000;None;13:19:57.572
1774;30.7054;30.5997;22.0509;-256.277;-256.684;-256.895;-256.966;-255.941;0;None;1000;None;13:19:58.072
1775;30.7054;30.5919;22.0548;-256.277;-256.684;-256.895;-256.966;-255.949;0;None;1000;None;13:19:58.573
1776;30.6976;30.5841;22.0548;-256.262;-256.684;-256.903;-256.966;-255.941;0;None;1000;None;13:19:59.073
1777;30.6897;30.5763;22.0509;-256.269;-256.676;-256.895;-256.958;-255.949;0;None;1000;None;13:19:59.573
1778;30.6897;30.5763;22.0509;-256.269;-256.692;-256.903;-256.966;-255.949;0;None;1000;None;13:20:00.073
1779;30.6858;30.5684;22.0509;-256.269;-256.684;-256.888;-256.958;-255.941;0;None;1000;None;13:20:00.573
1780;30.6858;30.5606;22.0509;-256.269;-256.692;-256.895;-256.966;-255.949;0;None;1000;None;13:20:01.073
1781;30.678;30.5606;22.0509;-256.277;-256.692;-256.903;-256.966;-255.949;0;None;1000;None;13:20:01.572
1782;30.6819;30.5606;22.0509;-256.269;-256.692;-256.895;-256.958;-255.941;0;None;1000;None;13:20:02.072
1783;30.6819;30.5528;22.0509;-256.277;-256.692;-256.903;-256.966;-255.949;0;None;1000;None;13:20:02.571
1784;30.6741;30.5528;22.0509;-256.277;-256.692;-256.895;-256.958;-255.949;0;None;1000;None;13:20:03.070
1785;30.6702;30.5528;22.0509;-256.269;-256.7;-256.903;-256.966;-255.949;0;None;1000;None;13:20:03.572
1786;30.6702;30.5528;22.0509;-256.277;-256.692;-256.903;-256.966;-255.956;0;None;1000;None;13:20:04.072
1787;30.6623;30.545;22.0509;-256.269;-256.7;-256.903;-256.95;-255.941;0;None;1000;None;13:20:04.573
1788;30.6623;30.5528;22.0509;-256.269;-256.692;-256.895;-256.966;-255.949;0;None;1000;None;13:20:05.072
1789;30.6467;30.545;22.0509;-256.277;-256.692;-256.895;-256.966;-255.956;0;None;1000;None;13:20:05.572
1790;30.6545;30.5371;22.0509;-256.269;-256.692;-256.895;-256.966;-255.949;0;None;1000;None;13:20:06.073
1791;30.6389;30.5371;22.0509;-256.277;-256.692;-256.903;-256.966;-255.949;0;None;1000;None;13:20:06.573
1792;30.631;30.5371;22.0509;-256.262;-256.692;-256.903;-256.974;-255.941;0;None;1000;None;13:20:07.073
1793;30.6232;30.5215;22.0509;-256.269;-256.684;-256.895;-256.966;-255.949;0;None;1000;None;13:20:07.573
1794;30.6154;30.5137;22.0548;-256.269;-256.684;-256.903;-256.974;-255.949;0;None;1000;None;13:20:08.073
1795;30.6232;30.5058;22.0509;-256.269;-256.692;-256.895;-256.974;-255.949;0;None;1000;None;13:20:08.572
1796;30.6076;30.5058;22.0509;-256.269;-256.684;-256.903;-256.974;-255.941;0;None;1000;None;13:20:09.073
1797;30.6076;30.498;22.0548;-256.269;-256.692;-256.903;-256.974;-255.949;0;None;1000;None;13:20:09.573
1798;30.5997;30.5058;22.0509;-256.269;-256.684;-256.903;-256.966;-255.949;0;None;1000;None;13:20:10.072
1799;30.5919;30.4902;22.047;-256.269;-256.7;-256.895;-256.966;-255.956;0;None;1000;None;13:20:10.573
1800;30.5919;30.498;22.0548;-256.269;-256.684;-256.903;-256.981;-255.949;0;None;1000;None;13:20:11.072
1801;30.5841;30.4902;22.0509;-256.277;-256.692;-256.903;-256.966;-255.949;0;None;1000;None;13:20:11.571
1802;30.5841;30.4745;22.0509;-256.277;-256.692;-256.903;-256.974;-255.956;0;None;1000;None;13:20:12.073
1803;30.5763;30.4824;22.0548;-256.269;-256.692;-256.895;-256.966;-255.941;0;None;1000;None;13:20:12.573
1804;30.5684;30.4706;22.0509;-256.277;-256.692;-256.903;-256.974;-255.949;0;None;1000;None;13:20:13.072
1805;30.5684;30.4706;22.0509;-256.269;-256.692;-256.895;-256.966;-255.941;0;None;1000;None;13:20:13.573
1806;30.5606;30.4667;22.0509;-256.277;-256.692;-256.895;-256.974;-255.949;0;None;1000;None;13:20:14.072
1807;30.5528;30.4628;22.0509;-256.269;-256.692;-256.903;-256.974;-255.949;0;None;1000;None;13:20:14.572
1808;30.5528;30.4589;22.0509;-256.277;-256.692;-256.895;-256.966;-255.949;0;None;1000;None;13:20:15.072
1809;30.545;30.4628;22.0509;-256.277;-256.692;-256.888;-256.966;-255.949;0;None;1000;None;13:20:15.572
1810;30.545;30.455;22.0509;-256.277;-256.7;-256.895;-256.966;-255.949;0;None;1000;None;13:20:16.073
1811;30.5371;30.4589;22.0548;-256.277;-256.692;-256.895;-256.966;-255.949;0;None;1000;None;13:20:16.573
1812;30.5371;30.455;22.047;-256.269;-256.7;-256.895;-256.966;-255.956;0;None;1000;None;13:20:17.073
1813;30.5293;30.4472;22.0509;-256.277;-256.7;-256.895;-256.974;-255.956;0;None;1000;None;13:20:17.572
1814;30.5215;30.4393;22.0509;-256.269;-256.7;-256.895;-256.966;-255.949;0;None;1000;None;13:20:18.073
1815;30.5215;30.4315;22.0509;-256.277;-256.692;-256.895;-256.966;-255.956;0;None;1000;None;13:20:18.572
1816;30.5058;30.4315;22.0509;-256.277;-256.7;-256.903;-256.966;-255.956;0;None;1000;None;13:20:19.072
1817;30.5058;30.4237;22.0548;-256.277;-256.7;-256.895;-256.966;-255.956;0;None;1000;None;13:20:19.573
1818;30.5058;30.4159;22.0509;-256.277;-256.692;-256.903;-256.974;-255.949;0;None;1000;None;13:20:20.073
1819;30.5058;30.4159;22.0548;-256.277;-256.7;-256.903;-256.966;-255.949;0;None;1000;None;13:20:20.572
1820;30.498;30.408;22.0587;-256.277;-256.692;-256.895;-256.966;-255.956;0;None;1000;None;13:20:21.073
1821;30.4902;30.4002;22.0587;-256.277;-256.692;-256.903;-256.974;-255.949;0;None;1000;None;13:20:21.573
1822;30.4902;30.3924;22.0587;-256.269;-256.7;-256.903;-256.966;-255.949;0;None;1000;None;13:20:22.073
1823;30.4824;30.3846;22.0587;-256.277;-256.692;-256.903;-256.974;-255.949;0;None;1000;None;13:20:22.573
1824;30.4824;30.3846;22.0587;-256.277;-256.7;-256.895;-256.966;-255.949;0;None;1000;None;13:20:23.073
1825;30.4824;30.3767;22.0548;-256.269;-256.692;-256.895;-256.974;-255.949;0;None;1000;None;13:20:23.572
1826;30.4824;30.3767;22.0587;-256.269;-256.692;-256.895;-256.974;-255.949;0;None;1000;None;13:20:24.073
1827;30.4706;30.3689;22.0587;-256.269;-256.692;-256.903;-256.974;-255.949;0;None;1000;None;13:20:24.573
1828;30.4745;30.3533;22.0548;-256.277;-256.692;-256.895;-256.966;-255.949;0;None;1000;None;13:20:25.073
1829;30.4706;30.3533;22.0548;-256.269;-256.692;-256.903;-256.966;-255.956;0;None;1000;None;13:20:25.572
1830;30.4706;30.3454;22.0587;-256.277;-256.684;-256.895;-256.966;-255.949;0;None;1000;None;13:20:26.072
1831;30.4706;30.3533;22.0548;-256.269;-256.692;-256.895;-256.966;-255.949;0;None;1000;None;13:20:26.573
1832;30.4628;30.3376;22.0587;-256.269;-256.692;-256.895;-256.974;-255.956;0;None;1000;None;13:20:27.072
1833;30.4628;30.3376;22.0587;-256.269;-256.7;-256.895;-256.966;-255.941;0;None;1000;None;13:20:27.573
1834;30.4589;30.322;22.0587;-256.269;-256.692;-256.895;-256.966;-255.949;0;None;1000;None;13:20:28.071
1835;30.455;30.3298;22.0587;-256.277;-256.692;-256.895;-256.974;-255.949;0;None;1000;None;13:20:28.573
1836;30.455;30.3141;22.0587;-256.277;-256.7;-256.895;-256.974;-255.956;0;None;1000;None;13:20:29.073
1837;30.4472;30.3063;22.0587;-256.269;-256.692;-256.888;-256.958;-255.949;0;None;1000;None;13:20:29.573
1838;30.4472;30.3141;22.0587;-256.277;-256.7;-256.895;-256.958;-255.949;0;None;1000;None;13:20:30.072
1839;30.4393;30.2985;22.0587;-256.277;-256.684;-256.888;-256.966;-255.949;0;None;1000;None;13:20:30.572
1840;30.4315;30.2985;22.0626;-256.277;-256.7;-256.888;-256.966;-255.949;0;None;1000;None;13:20:31.072
1841;30.4315;30.2985;22.0587;-256.269;-256.692;-256.888;-256.966;-255.949;0;None;1000;None;13:20:31.573
1842;30.4237;30.2907;22.0587;-256.277;-256.7;-256.88;-256.958;-255.949;0;None;1000;None;13:20:32.073
1843;30.4237;30.2828;22.0626;-256.269;-256.7;-256.895;-256.966;-255.949;0;None;1000;None;13:20:32.573
1844;30.4159;30.2828;22.0587;-256.277;-256.692;-256.888;-256.958;-255.949;0;None;1000;None;13:20:33.072
1845;30.4159;30.275;22.0587;-256.269;-256.7;-256.888;-256.966;-255.949;0;None;1000;None;13:20:33.573
1846;30.408;30.2594;22.0587;-256.277;-256.7;-256.895;-256.958;-255.956;0;None;1000;None;13:20:34.072
1847;30.408;30.2672;22.0587;-256.269;-256.7;-256.888;-256.95;-255.941;0;None;1000;None;13:20:34.572
1848;30.3924;30.2594;22.0587;-256.277;-256.692;-256.895;-256.958;-255.956;0;None;1000;None;13:20:35.072
1849;30.3924;30.2554;22.0587;-256.269;-256.7;-256.888;-256.95;-255.949;0;None;1000;None;13:20:35.572
1850;30.3924;30.2554;22.0548;-256.277;-256.7;-256.895;-256.958;-255.949;0;None;1000;None;13:20:36.071
1851;30.3767;30.2476;22.0509;-256.269;-256.692;-256.888;-256.966;-255.949;0;None;1000;None;13:20:36.572
1852;30.3767;30.2515;22.0548;-256.277;-256.7;-256.895;-256.958;-255.949;0;None;1000;None;13:20:37.072
1853;30.3689;30.2476;22.0548;-256.277;-256.7;-256.895;-256.958;-255.949;0;None;1000;None;13:20:37.572
1854;30.3689;30.2476;22.0548;-256.269;-256.7;-256.888;-256.966;-255.949;0;None;1000;None;13:20:38.072
1855;30.3611;30.2398;22.0548;-256.269;-256.692;-256.888;-256.966;-255.949;0;None;1000;None;13:20:38.571
1856;30.3533;30.2437;22.0548;-256.277;-256.7;-256.895;-256.966;-255.956;0;None;1000;None;13:20:39.072
1857;30.3454;30.232;22.0587;-256.269;-256.692;-256.888;-256.966;-255.956;0;None;1000;None;13:20:39.572
1858;30.3454;30.232;22.0548;-256.269;-256.7;-256.895;-256.966;-255.949;0;None;1000;None;13:20:40.071
1859;30.3376;30.232;22.0587;-256.277;-256.692;-256.888;-256.966;-255.949;0;None;1000;None;13:20:40.570
1860;30.3376;30.232;22.0587;-256.277;-256.692;-256.888;-256.958;-255.949;0;None;1000;None;13:20:41.071
1861;30.3298;30.2241;22.0548;-256.285;-256.7;-256.888;-256.966;-255.949;0;None;1000;None;13:20:41.572
1862;30.322;30.2163;22.0548;-256.277;-256.692;-256.88;-256.958;-255.949;0;None;1000;None;13:20:42.071
1863;30.322;30.2241;22.0587;-256.277;-256.7;-256.88;-256.958;-255.956;0;None;1000;None;13:20:42.570
1864;30.3141;30.2085;22.047;-256.277;-256.692;-256.888;-256.958;-255.956;0;None;1000;None;13:20:43.073
1865;30.3141;30.2085;22.0509;-256.277;-256.7;-256.888;-256.958;-255.949;0;None;1000;None;13:20:43.571
1866;30.3141;30.2007;22.0509;-256.269;-256.692;-256.888;-256.958;-255.956;0;None;1000;None;13:20:44.072
1867;30.2985;30.1928;22.0509;-256.269;-256.692;-256.895;-256.966;-255.949;0;None;1000;None;13:20:44.572
1868;30.2985;30.1928;22.0509;-256.277;-256.692;-256.888;-256.958;-255.956;0;None;1000;None;13:20:45.072
1869;30.2985;30.185;22.0509;-256.269;-256.7;-256.888;-256.966;-255.956;0;None;1000;None;13:20:45.572
1870;30.2907;30.185;22.0509;-256.269;-256.692;-256.888;-256.966;-255.956;0;None;1000;None;13:20:46.072
1871;30.2828;30.1772;22.0509;-256.277;-256.692;-256.895;-256.966;-255.956;0;None;1000;None;13:20:46.572
1872;30.2828;30.185;22.0548;-256.269;-256.692;-256.888;-256.958;-255.949;0;None;1000;None;13:20:47.073
1873;30.275;30.1694;22.0509;-256.277;-256.692;-256.888;-256.958;-255.956;0;None;1000;None;13:20:47.573
1874;30.2672;30.1772;22.0587;-256.277;-256.692;-256.888;-256.966;-255.956;0;None;1000;None;13:20:48.073
1875;30.2594;30.1615;22.0548;-256.277;-256.692;-256.888;-256.974;-255.949;0;None;1000;None;13:20:48.571
1876;30.2633;30.1615;22.0548;-256.269;-256.7;-256.88;-256.958;-255.956;0;None;1000;None;13:20:49.073
1877;30.2594;30.1537;22.0509;-256.277;-256.692;-256.895;-256.966;-255.949;0;None;1000;None;13:20:49.572
1878;30.2515;30.1459;22.0509;-256.277;-256.692;-256.888;-256.966;-255.949;0;None;1000;None;13:20:50.072
1879;30.2554;30.1381;22.0509;-256.277;-256.7;-256.888;-256.958;-255.949;0;None;1000;None;13:20:50.572
1880;30.2476;30.1302;22.0509;-256.277;-256.684;-256.888;-256.974;-255.956;0;None;1000;None;13:20:51.073
1881;30.2515;30.1381;22.0509;-256.269;-256.692;-256.888;-256.974;-255.956;0;None;1000;None;13:20:51.571
1882;30.2476;30.1224;22.0509;-256.277;-256.692;-256.88;-256.966;-255.949;0;None;1000;None;13:20:52.072
1883;30.2476;30.1224;22.047;-256.269;-256.692;-256.895;-256.974;-255.956;0;None;1000;None;13:20:52.572
1884;30.2476;30.1224;22.0548;-256.277;-256.692;-256.888;-256.974;-255.949;0;None;1000;None;13:20:53.072
1885;30.2398;30.1146;22.0548;-256.277;-256.684;-256.888;-256.966;-255.949;0;None;1000;None;13:20:53.572
1886;30.2398;30.1146;22.0509;-256.277;-256.692;-256.88;-256.966;-255.949;0;None;1000;None;13:20:54.071
1887;30.232;30.1068;22.0548;-256.269;-256.692;-256.895;-256.966;-255.949;0;None;1000;None;13:20:54.573
1888;30.232;30.0989;22.0548;-256.277;-256.692;-256.888;-256.966;-255.949;0;None;1000;None;13:20:55.073
1889;30.2241;30.0911;22.0509;-256.269;-256.7;-256.888;-256.966;-255.949;0;None;1000;None;13:20:55.573
1890;30.2163;30.0911;22.0548;-256.269;-256.692;-256.88;-256.966;-255.941;0;None;1000;None;13:20:56.072
1891;30.2085;30.0911;22.0548;-256.277;-256.692;-256.895;-256.966;-255.949;0;None;1000;None;13:20:56.572
1892;30.2085;30.0794;22.0548;-256.269;-256.692;-256.888;-256.966;-255.941;0;None;1000;None;13:20:57.072
1893;30.2007;30.0794;22.0548;-256.269;-256.692;-256.888;-256.958;-255.941;0;None;1000;None;13:20:57.573
1894;30.2007;30.0794;22.0548;-256.277;-256.692;-256.88;-256.966;-255.949;0;None;1000;None;13:20:58.071
1895;30.2007;30.0794;22.0548;-256.269;-256.684;-256.888;-256.966;-255.941;0;None;1000;None;13:20:58.571
1896;30.1772;30.0755;22.0548;-256.277;-256.692;-256.888;-256.958;-255.941;0;None;1000;None;13:20:59.072
1897;30.185;30.0755;22.0548;-256.269;-256.7;-256.888;-256.966;-255.941;0;None;1000;None;13:20:59.570
1898;30.1772;30.0755;22.0509;-256.269;-256.692;-256.88;-256.966;-255.941;0;None;1000;None;13:21:00.070
1899;30.1772;30.0716;22.0548;-256.269;-256.7;-256.888;-256.958;-255.949;0;None;1000;None;13:21:00.571
1900;30.1694;30.0716;22.0509;-256.269;-256.7;-256.888;-256.966;-255.949;0;None;1000;None;13:21:01.070
1901;30.1694;30.0637;22.047;-256.277;-256.692;-256.895;-256.966;-255.941;0;None;1000;None;13:21:01.571
1902;30.1615;30.0637;22.0548;-256.269;-256.692;-256.888;-256.974;-255.941;0;None;1000;None;13:21:02.070
1903;30.1537;30.0481;22.0509;-256.269;-256.692;-256.888;-256.974;-255.949;0;None;1000;None;13:21:02.572
1904;30.1537;30.0559;22.0548;-256.277;-256.692;-256.895;-256.974;-255.949;0;None;1000;None;13:21:03.072
1905;30.1537;30.0481;22.0509;-256.269;-256.692;-256.88;-256.974;-255.941;0;None;1000;None;13:21:03.572
1906;30.1459;30.0481;22.0548;-256.262;-256.7;-256.888;-256.966;-255.949;0;None;1000;None;13:21:04.072
1907;30.1459;30.0481;22.0509;-256.269;-256.7;-256.88;-256.966;-255.941;0;None;1000;None;13:21:04.572
1908;30.1381;30.0403;22.0548;-256.277;-256.684;-256.888;-256.966;-255.937;0;None;1000;None;13:21:05.071
1909;30.1381;30.0324;22.0548;-256.269;-256.692;-256.888;-256.966;-255.949;0;None;1000;None;13:21:05.572
1910;30.1381;30.0324;22.0509;-256.277;-256.692;-256.888;-256.974;-255.941;0;None;1000;None;13:21:06.071
1911;30.1224;30.0168;22.0548;-256.262;-256.684;-256.895;-256.981;-255.941;0;None;1000;None;13:21:06.572
1912;30.1146;30.0168;22.0509;-256.269;-256.684;-256.888;-256.974;-255.941;0;None;1000;None;13:21:07.072
1913;30.1146;30.0168;22.0548;-256.269;-256.692;-256.903;-256.981;-255.949;0;None;1000;None;13:21:07.572
1914;30.1068;30.0011;22.0509;-256.277;-256.692;-256.895;-256.974;-255.949;0;None;1000;None;13:21:08.071
1915;30.1068;29.9933;22.0509;-256.277;-256.684;-256.903;-256.974;-255.949;0;None;1000;None;13:21:08.572
1916;30.1068;30.0011;22.0548;-256.277;-256.692;-256.895;-256.966;-255.949;0;None;1000;None;13:21:09.072
1917;30.0911;30.0011;22.0509;-256.277;-256.692;-256.895;-256.966;-255.949;0;None;1000;None;13:21:09.572
1918;30.0833;29.9933;22.0509;-256.262;-256.692;-256.895;-256.966;-255.956;0;None;1000;None;13:21:10.071
1919;30.0833;29.9855;22.0548;-256.269;-256.692;-256.895;-256.966;-255.941;0;None;1000;None;13:21:10.572
1920;30.0833;29.9777;22.0509;-256.262;-256.684;-256.903;-256.974;-255.956;0;None;1000;None;13:21:11.071
1921;30.0676;29.9777;22.0548;-256.269;-256.692;-256.895;-256.966;-255.949;0;None;1000;None;13:21:11.572
1922;30.0676;29.9698;22.0509;-256.262;-256.692;-256.895;-256.966;-255.956;0;None;1000;None;13:21:12.070
1923;30.0598;29.9777;22.0509;-256.269;-256.692;-256.895;-256.966;-255.956;0;None;1000;None;13:21:12.572
1924;30.0598;29.9698;22.0548;-256.269;-256.692;-256.903;-256.974;-255.949;0;None;1000;None;13:21:13.070
1925;30.052;29.9698;22.0509;-256.262;-256.692;-256.895;-256.966;-255.949;0;None;1000;None;13:21:13.571
1926;30.052;29.9542;22.0548;-256.269;-256.684;-256.895;-256.974;-255.949;0;None;1000;None;13:21:14.070
1927;30.0442;29.9542;22.0509;-256.277;-256.692;-256.903;-256.974;-255.949;0;None;1000;None;13:21:14.570
1928;30.0442;29.9542;22.0509;-256.262;-256.692;-256.895;-256.966;-255.949;0;None;1000;None;13:21:15.070
1929;30.0403;29.9542;22.0548;-256.269;-256.684;-256.895;-256.974;-255.956;0;None;1000;None;13:21:15.572
1930;30.0324;29.9542;22.0509;-256.269;-256.684;-256.903;-256.966;-255.941;0;None;1000;None;13:21:16.072
1931;30.0363;29.9385;22.0509;-256.269;-256.692;-256.895;-256.974;-255.952;0;None;1000;None;13:21:16.572
1932;30.0285;29.9385;22.0548;-256.269;-256.684;-256.903;-256.966;-255.941;0;None;1000;None;13:21:17.072
1933;30.0246;29.9385;22.0509;-256.262;-256.692;-256.895;-256.966;-255.941;0;None;1000;None;13:21:17.572
1934;30.0246;29.9307;22.0509;-256.269;-256.684;-256.895;-256.958;-255.941;0;None;1000;None;13:21:18.072
1935;30.0168;29.9307;22.0548;-256.277;-256.692;-256.895;-256.966;-255.949;0;None;1000;None;13:21:18.572
1936;30.0246;29.9307;22.0548;-256.269;-256.684;-256.895;-256.966;-255.941;0;None;1000;None;13:21:19.072
1937;30.0246;29.9229;22.0548;-256.269;-256.692;-256.895;-256.974;-255.949;0;None;1000;None;13:21:19.571
1938;30.0168;29.9151;22.0548;-256.277;-256.684;-256.895;-256.966;-255.949;0;None;1000;None;13:21:20.071
1939;30.0168;29.9151;22.0548;-256.269;-256.684;-256.895;-256.958;-255.949;0;None;1000;None;13:21:20.572
1940;30.009;29.9072;22.0509;-256.269;-256.692;-256.888;-256.966;-255.949;0;None;1000;None;13:21:21.072
1941;30.0011;29.9072;22.0509;-256.277;-256.684;-256.888;-256.974;-255.941;0;None;1000;None;13:21:21.572
1942;29.9933;29.8994;22.0509;-256.269;-256.692;-256.895;-256.966;-255.949;0;None;1000;None;13:21:22.070
1943;29.9855;29.8916;22.0548;-256.269;-256.684;-256.895;-256.966;-255.949;0;None;1000;None;13:21:22.572
1944;29.9855;29.8838;22.047;-256.269;-256.692;-256.895;-256.974;-255.941;0;None;1000;None;13:21:23.072
1945;29.9855;29.8759;22.0548;-256.277;-256.684;-256.903;-256.966;-255.949;0;None;1000;None;13:21:23.571
1946;29.9855;29.8642;22.0509;-256.269;-256.692;-256.895;-256.974;-255.941;0;None;1000;None;13:21:24.071
1947;29.9777;29.8642;22.0509;-256.269;-256.692;-256.888;-256.974;-255.956;0;None;1000;None;13:21:24.571
1948;29.9698;29.8603;22.0548;-256.262;-256.684;-256.895;-256.966;-255.949;0;None;1000;None;13:21:25.072
1949;29.962;29.8603;22.0509;-256.269;-256.692;-256.903;-256.974;-255.949;0;None;1000;None;13:21:25.572
1950;29.9542;29.8564;22.0548;-256.262;-256.684;-256.888;-256.974;-255.949;0;None;1000;None;13:21:26.072
1951;29.9542;29.8564;22.0548;-256.277;-256.692;-256.895;-256.966;-255.941;0;None;1000;None;13:21:26.571
1952;29.9464;29.8525;22.0509;-256.269;-256.684;-256.888;-256.974;-255.949;0;None;1000;None;13:21:27.072
1953;29.9385;29.8564;22.0509;-256.269;-256.692;-256.895;-256.966;-255.941;0;None;1000;None;13:21:27.572
1954;29.9464;29.8485;22.0548;-256.269;-256.684;-256.903;-256.966;-255.949;0;None;1000;None;13:21:28.072
1955;29.9464;29.8525;22.0509;-256.269;-256.692;-256.895;-256.966;-255.949;0;None;1000;None;13:21:28.571
1956;29.9307;29.8485;22.0509;-256.269;-256.684;-256.895;-256.966;-255.941;0;None;1000;None;13:21:29.070
1957;29.9307;29.8407;22.0509;-256.269;-256.692;-256.895;-256.966;-255.949;0;None;1000;None;13:21:29.570
1958;29.9151;29.8407;22.0509;-256.269;-256.692;-256.895;-256.958;-255.941;0;None;1000;None;13:21:30.072
1959;29.9229;29.8329;22.047;-256.269;-256.692;-256.888;-256.966;-255.949;0;None;1000;None;13:21:30.572
1960;29.9229;29.8329;22.0509;-256.277;-256.692;-256.895;-256.966;-255.941;0;None;1000;None;13:21:31.072
1961;29.9151;29.8251;22.0509;-256.269;-256.684;-256.895;-256.958;-255.949;0;None;1000;None;13:21:31.572
1962;29.9072;29.8251;22.0509;-256.277;-256.692;-256.888;-256.966;-255.941;0;None;1000;None;13:21:32.072
1963;29.9072;29.8251;22.0548;-256.269;-256.692;-256.895;-256.95;-255.949;0;None;1000;None;13:21:32.572
1964;29.8994;29.8172;22.0509;-256.262;-256.684;-256.895;-256.958;-255.949;0;None;1000;None;13:21:33.071
1965;29.8916;29.8251;22.0509;-256.269;-256.684;-256.895;-256.958;-255.941;0;None;1000;None;13:21:33.572
1966;29.8838;29.8172;22.0548;-256.262;-256.692;-256.903;-256.958;-255.949;0;None;1000;None;13:21:34.071
1967;29.8838;29.8094;22.0509;-256.269;-256.684;-256.895;-256.958;-255.941;0;None;1000;None;13:21:34.572
1968;29.8759;29.8016;22.0509;-256.269;-256.692;-256.895;-256.958;-255.949;0;None;1000;None;13:21:35.071
1969;29.8681;29.8016;22.0509;-256.269;-256.684;-256.895;-256.958;-255.941;0;None;1000;None;13:21:35.570
1970;29.8681;29.8016;22.0509;-256.269;-256.692;-256.895;-256.966;-255.941;0;None;1000;None;13:21:36.071
1971;29.8681;29.7938;22.0509;-256.277;-256.684;-256.903;-256.958;-255.949;0;None;1000;None;13:21:36.571
1972;29.8642;29.7859;22.0509;-256.269;-256.684;-256.895;-256.966;-255.949;0;None;1000;None;13:21:37.071
1973;29.8642;29.7859;22.0509;-256.269;-256.692;-256.895;-256.958;-255.941;0;None;1000;None;13:21:37.571
1974;29.8603;29.7781;22.0509;-256.269;-256.684;-256.895;-256.966;-255.941;0;None;1000;None;13:21:38.071
1975;29.8603;29.7781;22.0509;-256.269;-256.692;-256.895;-256.974;-255.941;0;None;1000;None;13:21:38.570
1976;29.8564;29.7625;22.047;-256.262;-256.684;-256.888;-256.966;-255.949;0;None;1000;None;13:21:39.069
1977;29.8525;29.7625;22.0509;-256.262;-256.692;-256.895;-256.966;-255.941;0;None;1000;None;13:21:39.569
1978;29.8564;29.7625;22.0548;-256.277;-256.684;-256.888;-256.966;-255.941;0;None;1000;None;13:21:40.071
1979;29.8525;29.7546;22.0509;-256.269;-256.692;-256.895;-256.95;-255.941;0;None;1000;None;13:21:40.571
1980;29.8485;29.7625;22.0509;-256.262;-256.692;-256.888;-256.966;-255.941;0;None;1000;None;13:21:41.071
1981;29.8485;29.7546;22.0548;-256.262;-256.684;-256.895;-256.966;-255.949;0;None;1000;None;13:21:41.571
1982;29.8485;29.7468;22.0509;-256.269;-256.684;-256.895;-256.966;-255.941;0;None;1000;None;13:21:42.071
1983;29.8407;29.7468;22.0548;-256.262;-256.684;-256.895;-256.958;-255.949;0;None;1000;None;13:21:42.571
1984;29.8329;29.7468;22.0548;-256.262;-256.684;-256.888;-256.966;-255.941;0;None;1000;None;13:21:43.072
1985;29.8407;29.739;22.0548;-256.262;-256.692;-256.895;-256.958;-255.941;0;None;1000;None;13:21:43.572
1986;29.8251;29.7312;22.0509;-256.262;-256.692;-256.888;-256.966;-255.941;0;None;1000;None;13:21:44.071
1987;29.8251;29.7312;22.0509;-256.262;-256.692;-256.895;-256.958;-255.941;0;None;1000;None;13:21:44.571
1988;29.8251;29.7155;22.0548;-256.269;-256.692;-256.895;-256.966;-255.949;0;None;1000;None;13:21:45.072
1989;29.8094;29.7155;22.0509;-256.262;-256.684;-256.895;-256.966;-255.941;0;None;1000;None;13:21:45.572
1990;29.8172;29.7077;22.0548;-256.262;-256.692;-256.895;-256.974;-255.956;0;None;1000;None;13:21:46.072
1991;29.8094;29.7077;22.0509;-256.269;-256.692;-256.903;-256.966;-255.949;0;None;1000;None;13:21:46.573
1992;29.8094;29.7077;22.0509;-256.262;-256.684;-256.895;-256.966;-255.941;0;None;1000;None;13:21:47.072
1993;29.7938;29.6999;22.0509;-256.262;-256.692;-256.895;-256.966;-255.956;0;None;1000;None;13:21:47.572
1994;29.7938;29.6999;22.0509;-256.269;-256.692;-256.903;-256.966;-255.949;0;None;1000;None;13:21:48.072
1995;29.7938;29.6999;22.0548;-256.262;-256.684;-256.895;-256.966;-255.949;0;None;1000;None;13:21:48.572
1996;29.7859;29.692;22.0548;-256.269;-256.692;-256.888;-256.966;-255.949;0;None;1000;None;13:21:49.072
1997;29.7781;29.6764;22.0587;-256.269;-256.684;-256.903;-256.958;-255.949;0;None;1000;None;13:21:49.571
1998;29.7859;29.6842;22.0587;-256.269;-256.692;-256.895;-256.966;-255.941;0;None;1000;None;13:21:50.072
1999;29.7781;29.6686;22.0548;-256.269;-256.684;-256.895;-256.974;-255.949;0;None;1000;None;13:21:50.572
2000;29.7781;29.6607;22.0587;-256.269;-256.692;-256.895;-256.966;-255.949;0;None;1000;None;13:21:51.071
2001;29.7703;29.6607;22.0587;-256.269;-256.692;-256.895;-256.966;-255.949;0;None;1000;None;13:21:51.571
2002;29.7703;29.6607;22.0548;-256.277;-256.692;-256.895;-256.958;-255.949;0;None;1000;None;13:21:52.071
2003;29.7625;29.6607;22.0587;-256.269;-256.684;-256.895;-256.966;-255.952;0;None;1000;None;13:21:52.571
2004;29.7625;29.649;22.0587;-256.269;-256.684;-256.903;-256.966;-255.941;0;None;1000;None;13:21:53.071
2005;29.7546;29.649;22.0548;-256.277;-256.692;-256.903;-256.966;-255.949;0;None;1000;None;13:21:53.572
2006;29.7468;29.6529;22.0548;-256.269;-256.692;-256.895;-256.958;-255.949;0;None;1000;None;13:21:54.071
2007;29.7468;29.6451;22.0548;-256.262;-256.684;-256.895;-256.966;-255.941;0;None;1000;None;13:21:54.572
2008;29.739;29.6412;22.0587;-256.277;-256.692;-256.895;-256.958;-255.949;0;None;1000;None;13:21:55.071
2009;29.739;29.6451;22.0587;-256.269;-256.684;-256.895;-256.958;-255.949;0;None;1000;None;13:21:55.572
2010;29.7312;29.6412;22.0548;-256.269;-256.684;-256.895;-256.958;-255.949;0;None;1000;None;13:21:56.071
2011;29.7233;29.6373;22.0548;-256.269;-256.684;-256.895;-256.966;-255.949;0;None;1000;None;13:21:56.572
2012;29.7233;29.6373;22.0548;-256.269;-256.692;-256.903;-256.958;-255.941;0;None;1000;None;13:21:57.071
2013;29.7155;29.6255;22.0548;-256.269;-256.684;-256.895;-256.958;-255.949;0;None;1000;None;13:21:57.571
2014;29.7077;29.6334;22.0509;-256.269;-256.692;-256.895;-256.958;-255.949;0;None;1000;None;13:21:58.072
2015;29.7077;29.6255;22.0548;-256.269;-256.684;-256.895;-256.958;-255.949;0;None;1000;None;13:21:58.571
2016;29.692;29.6373;22.0548;-256.269;-256.684;-256.895;-256.95;-255.941;0;None;1000;None;13:21:59.071
2017;29.6999;29.6255;22.0548;-256.262;-256.676;-256.903;-256.958;-255.941;0;None;1000;None;13:21:59.571
2018;29.692;29.6255;22.0587;-256.269;-256.684;-256.895;-256.958;-255.949;0;None;1000;None;13:22:00.071
2019;29.6842;29.6177;22.0548;-256.269;-256.684;-256.895;-256.95;-255.937;0;None;1000;None;13:22:00.572
2020;29.692;29.6255;22.0587;-256.269;-256.684;-256.903;-256.958;-255.941;0;None;1000;None;13:22:01.072
2021;29.6842;29.6177;22.0548;-256.277;-256.684;-256.895;-256.966;-255.941;0;None;1000;None;13:22:01.571
2022;29.6842;29.6099;22.0509;-256.262;-256.684;-256.895;-256.958;-255.941;0;None;1000;None;13:22:02.071
2023;29.6686;29.6099;22.0548;-256.262;-256.684;-256.895;-256.966;-255.949;0;None;1000;None;13:22:02.571
2024;29.6764;29.6021;22.0509;-256.269;-256.676;-256.895;-256.966;-255.941;0;None;1000;None;13:22:03.072
2025;29.6607;29.5942;22.0509;-256.269;-256.684;-256.903;-256.958;-255.941;0;None;1000;None;13:22:03.571
2026;29.6607;29.5942;22.0548;-256.269;-256.692;-256.903;-256.958;-255.941;0;None;1000;None;13:22:04.071
2027;29.6607;29.5864;22.0509;-256.269;-256.684;-256.903;-256.958;-255.949;0;None;1000;None;13:22:04.570
2028;29.6607;29.5864;22.0509;-256.269;-256.684;-256.903;-256.958;-255.941;0;None;1000;None;13:22:05.071
2029;29.6529;29.5708;22.0548;-256.269;-256.684;-256.895;-256.95;-255.941;0;None;1000;None;13:22:05.571
2030;29.6529;29.5786;22.0509;-256.262;-256.684;-256.903;-256.95;-255.949;0;None;1000;None;13:22:06.071
2031;29.649;29.5629;22.0548;-256.269;-256.684;-256.903;-256.958;-255.952;0;None;1000;None;13:22:06.570
2032;29.6451;29.5708;22.0509;-256.269;-256.684;-256.895;-256.958;-255.945;0;None;1000;None;13:22:07.071
2033;29.6451;29.5629;22.0509;-256.269;-256.684;-256.895;-256.958;-255.949;0;None;1000;None;13:22:07.569
2034;29.6451;29.5629;22.0548;-256.262;-256.684;-256.903;-256.958;-255.949;0;None;1000;None;13:22:08.071
2035;29.6412;29.5629;22.0509;-256.269;-256.684;-256.895;-256.958;-255.941;0;None;1000;None;13:22:08.571
2036;29.6373;29.5473;22.0548;-256.269;-256.684;-256.903;-256.95;-255.949;0;None;1000;None;13:22:09.070
2037;29.6373;29.5473;22.0509;-256.277;-256.676;-256.895;-256.966;-255.949;0;None;1000;None;13:22:09.571
2038;29.6334;29.5473;22.0509;-256.277;-256.684;-256.903;-256.958;-255.949;0;None;1000;None;13:22:10.070
2039;29.6255;29.5473;22.0509;-256.277;-256.684;-256.903;-256.958;-255.941;0;None;1000;None;13:22:10.570
2040;29.6255;29.5395;22.0509;-256.277;-256.684;-256.895;-256.95;-255.941;0;None;1000;None;13:22:11.071
2041;29.6177;29.5316;22.0509;-256.277;-256.692;-256.903;-256.958;-255.949;0;None;1000;None;13:22:11.571
2042;29.6177;29.5316;22.0548;-256.277;-256.692;-256.895;-256.958;-255.945;0;None;1000;None;13:22:12.071
2043;29.6099;29.5316;22.0509;-256.277;-256.684;-256.903;-256.966;-255.941;0;None;1000;None;13:22:12.571
2044;29.6021;29.5316;22.0509;-256.269;-256.692;-256.895;-256.958;-255.945;0;None;1000;None;13:22:13.071
2045;29.6021;29.5238;22.0548;-256.277;-256.684;-256.903;-256.958;-255.941;0;None;1000;None;13:22:13.569
2046;29.6021;29.516;22.0548;-256.277;-256.692;-256.903;-256.958;-255.941;0;None;1000;None;13:22:14.071
2047;29.5942;29.516;22.0548;-256.277;-256.684;-256.903;-256.958;-255.941;0;None;1000;None;13:22:14.571
2048;29.5942;29.5082;22.0509;-256.269;-256.676;-256.911;-256.95;-255.949;0;None;1000;None;13:22:15.069
2049;29.5864;29.5003;22.0509;-256.277;-256.692;-256.903;-256.95;-255.949;0;None;1000;None;13:22:15.569
2050;29.5786;29.5082;22.0509;-256.269;-256.692;-256.895;-256.958;-255.941;0;None;1000;None;13:22:16.069
2051;29.5864;29.5003;22.0509;-256.277;-256.684;-256.903;-256.958;-255.949;0;None;1000;None;13:22:16.569
2052;29.5708;29.4925;22.0509;-256.277;-256.692;-256.903;-256.966;-255.949;0;None;1000;None;13:22:17.071
2053;29.5786;29.4925;22.0509;-256.277;-256.684;-256.903;-256.95;-255.949;0;None;1000;None;13:22:17.571
2054;29.5708;29.4925;22.0509;-256.277;-256.692;-256.895;-256.958;-255.941;0;None;1000;None;13:22:18.070
2055;29.5629;29.4847;22.0509;-256.269;-256.684;-256.903;-256.966;-255.949;0;None;1000;None;13:22:18.569
2056;29.5629;29.4769;22.0548;-256.277;-256.692;-256.895;-256.958;-255.941;0;None;1000;None;13:22:19.069
2057;29.5551;29.4769;22.0548;-256.277;-256.684;-256.895;-256.966;-255.941;0;None;1000;None;13:22:19.570
2058;29.5473;29.4769;22.0548;-256.277;-256.684;-256.903;-256.958;-255.949;0;None;1000;None;13:22:20.071
2059;29.5473;29.4729;22.0548;-256.277;-256.684;-256.895;-256.966;-255.941;0;None;1000;None;13:22:20.570
2060;29.5473;29.469;22.0548;-256.277;-256.684;-256.895;-256.966;-255.941;0;None;1000;None;13:22:21.070
2061;29.5395;29.469;22.0587;-256.269;-256.684;-256.895;-256.966;-255.941;0;None;1000;None;13:22:21.569
2062;29.5316;29.4651;22.0548;-256.277;-256.684;-256.895;-256.958;-255.941;0;None;1000;None;13:22:22.070
2063;29.5316;29.4651;22.0509;-256.277;-256.684;-256.895;-256.966;-255.941;0;None;1000;None;13:22:22.572
2064;29.5316;29.4573;22.0587;-256.277;-256.684;-256.903;-256.958;-255.941;0;None;1000;None;13:22:23.071
2065;29.5316;29.4612;22.0587;-256.269;-256.692;-256.895;-256.958;-255.941;0;None;1000;None;13:22:23.571
2066;29.516;29.4495;22.0587;-256.269;-256.684;-256.895;-256.966;-255.941;0;None;1000;None;13:22:24.070
2067;29.516;29.4416;22.0587;-256.277;-256.684;-256.895;-256.95;-255.945;0;None;1000;None;13:22:24.571
2068;29.516;29.4416;22.0548;-256.269;-256.684;-256.895;-256.966;-255.937;0;None;1000;None;13:22:25.072
2069;29.5082;29.4338;22.0548;-256.277;-256.684;-256.895;-256.966;-255.941;0;None;1000;None;13:22:25.571
2070;29.5003;29.4338;22.0548;-256.277;-256.684;-256.903;-256.958;-255.945;0;None;1000;None;13:22:26.071
2071;29.5003;29.426;22.0548;-256.277;-256.676;-256.895;-256.966;-255.941;0;None;1000;None;13:22:26.571
2072;29.5003;29.4182;22.0548;-256.277;-256.684;-256.903;-256.958;-255.937;0;None;1000;None;13:22:27.071
2073;29.4847;29.426;22.0548;-256.277;-256.676;-256.895;-256.966;-255.941;0;None;1000;None;13:22:27.572
2074;29.4847;29.4103;22.0587;-256.269;-256.684;-256.895;-256.958;-255.941;0;None;1000;None;13:22:28.069
2075;29.4847;29.4103;22.0548;-256.277;-256.692;-256.903;-256.958;-255.941;0;None;1000;None;13:22:28.574
2076;29.4847;29.4025;22.0548;-256.285;-256.692;-256.895;-256.966;-255.941;0;None;1000;None;13:22:29.071
2077;29.4769;29.4025;22.0548;-256.277;-256.684;-256.903;-256.966;-255.937;0;None;1000;None;13:22:29.570
2078;29.469;29.3947;22.0548;-256.277;-256.684;-256.903;-256.966;-255.941;0;None;1000;None;13:22:30.071
2079;29.469;29.3947;22.0548;-256.277;-256.692;-256.903;-256.966;-255.941;0;None;1000;None;13:22:30.571
2080;29.469;29.3947;22.0548;-256.269;-256.692;-256.895;-256.958;-255.937;0;None;1000;None;13:22:31.070
2081;29.4534;29.3869;22.0548;-256.277;-256.676;-256.903;-256.966;-255.941;0;None;1000;None;13:22:31.570
2082;29.4612;29.379;22.0548;-256.269;-256.684;-256.903;-256.966;-255.941;0;None;1000;None;13:22:32.071
2083;29.4456;29.379;22.0587;-256.277;-256.684;-256.895;-256.966;-255.941;0;None;1000;None;13:22:32.571
2084;29.4456;29.379;22.0548;-256.277;-256.692;-256.895;-256.966;-255.941;0;None;1000;None;13:22:33.071
2085;29.4377;29.3712;22.0548;-256.277;-256.684;-256.895;-256.966;-255.941;0;None;1000;None;13:22:33.571
2086;29.4338;29.3712;22.0548;-256.277;-256.692;-256.895;-256.966;-255.941;0;None;1000;None;13:22:34.070
2087;29.4299;29.3712;22.0548;-256.277;-256.684;-256.895;-256.958;-255.941;0;None;1000;None;13:22:34.571
2088;29.4338;29.3634;22.0548;-256.269;-256.684;-256.895;-256.958;-255.937;0;None;1000;None;13:22:35.071
2089;29.426;29.3712;22.0548;-256.269;-256.684;-256.895;-256.974;-255.941;0;None;1000;None;13:22:35.571
2090;29.4299;29.3634;22.0548;-256.269;-256.692;-256.903;-256.966;-255.945;0;None;1000;None;13:22:36.070
2091;29.4221;29.3634;22.0509;-256.285;-256.692;-256.903;-256.966;-255.941;0;None;1000;None;13:22:36.571
2092;29.4221;29.3634;22.0548;-256.285;-256.684;-256.903;-256.974;-255.941;0;None;1000;None;13:22:37.071
2093;29.4182;29.3556;22.0548;-256.277;-256.692;-256.895;-256.966;-255.941;0;None;1000;None;13:22:37.570
2094;29.4221;29.3477;22.0548;-256.277;-256.684;-256.895;-256.966;-255.937;0;None;1000;None;13:22:38.070
2095;29.4182;29.3556;22.0548;-256.277;-256.684;-256.903;-256.966;-255.941;0;None;1000;None;13:22:38.571
2096;29.4103;29.3477;22.0548;-256.277;-256.684;-256.903;-256.966;-255.937;0;None;1000;None;13:22:39.071
2097;29.4103;29.3399;22.0587;-256.269;-256.684;-256.911;-256.958;-255.941;0;None;1000;None;13:22:39.570
2098;29.4025;29.3399;22.0587;-256.277;-256.684;-256.903;-256.958;-255.941;0;None;1000;None;13:22:40.070
2099;29.4025;29.3243;22.0587;-256.277;-256.684;-256.895;-256.966;-255.941;0;None;1000;None;13:22:40.571
2100;29.4025;29.3321;22.0548;-256.277;-256.676;-256.903;-256.966;-255.937;0;None;1000;None;13:22:41.071
2101;29.3947;29.3243;22.0548;-256.277;-256.684;-256.903;-256.958;-255.937;0;None;1000;None;13:22:41.571
2102;29.3869;29.3164;22.0548;-256.277;-256.692;-256.903;-256.966;-255.941;0;None;1000;None;13:22:42.071
2103;29.3869;29.3164;22.0509;-256.277;-256.684;-256.903;-256.95;-255.941;0;None;1000;None;13:22:42.571
2104;29.379;29.3086;22.0548;-256.277;-256.684;-256.903;-256.958;-255.941;0;None;1000;None;13:22:43.071
2105;29.379;29.3086;22.0548;-256.277;-256.692;-256.903;-256.95;-255.941;0;None;1000;None;13:22:43.571
2106;29.3712;29.3008;22.0587;-256.277;-256.684;-256.903;-256.958;-255.949;0;None;1000;None;13:22:44.070
2107;29.3634;29.3008;22.0548;-256.277;-256.692;-256.903;-256.958;-255.941;0;None;1000;None;13:22:44.570
2108;29.3634;29.3008;22.0548;-256.277;-256.684;-256.903;-256.958;-255.945;0;None;1000;None;13:22:45.070
2109;29.3477;29.3008;22.0548;-256.277;-256.692;-256.895;-256.958;-255.941;0;None;1000;None;13:22:45.571
2110;29.3556;29.293;22.0587;-256.269;-256.692;-256.895;-256.958;-255.941;0;None;1000;None;13:22:46.070
2111;29.3477;29.293;22.0587;-256.277;-256.684;-256.895;-256.966;-255.941;0;None;1000;None;13:22:46.570
2112;29.3477;29.2851;22.0587;-256.269;-256.684;-256.895;-256.958;-255.941;0;None;1000;None;13:22:47.071
2113;29.3399;29.2773;22.0587;-256.269;-256.692;-256.895;-256.966;-255.941;0;None;1000;None;13:22:47.571
2114;29.3399;29.2695;22.0587;-256.277;-256.684;-256.903;-256.958;-255.941;0;None;1000;None;13:22:48.070
2115;29.3399;29.2695;22.0587;-256.277;-256.692;-256.895;-256.958;-255.941;0;None;1000;None;13:22:48.570
2116;29.3243;29.2617;22.0587;-256.277;-256.692;-256.903;-256.958;-255.941;0;None;1000;None;13:22:49.069
2117;29.3321;29.2617;22.0587;-256.269;-256.684;-256.903;-256.958;-255.941;0;None;1000;None;13:22:49.570
2118;29.3243;29.2577;22.0587;-256.277;-256.684;-256.903;-256.958;-255.949;0;None;1000;None;13:22:50.070
2119;29.3164;29.2538;22.0587;-256.277;-256.684;-256.895;-256.958;-255.949;0;None;1000;None;13:22:50.570
2120;29.3164;29.2538;22.0587;-256.277;-256.684;-256.895;-256.958;-255.949;0;None;1000;None;13:22:51.069
2121;29.3164;29.2538;22.0587;-256.269;-256.684;-256.903;-256.958;-255.949;0;None;1000;None;13:22:51.569
2122;29.3086;29.2499;22.0587;-256.269;-256.684;-256.903;-256.958;-255.949;0;None;1000;None;13:22:52.070
2123;29.3086;29.2499;22.0626;-256.277;-256.684;-256.903;-256.966;-255.949;0;None;1000;None;13:22:52.569
2124;29.3008;29.246;22.0626;-256.277;-256.692;-256.903;-256.958;-255.945;0;None;1000;None;13:22:53.069
2125;29.3008;29.246;22.0626;-256.277;-256.684;-256.895;-256.95;-255.941;0;None;1000;None;13:22:53.569
2126;29.293;29.2421;22.0587;-256.277;-256.692;-256.895;-256.958;-255.949;0;None;1000;None;13:22:54.070
2127;29.293;29.2382;22.0626;-256.269;-256.684;-256.895;-256.958;-255.937;0;None;1000;None;13:22:54.569
2128;29.293;29.2343;22.0587;-256.285;-256.692;-256.895;-256.966;-255.941;0;None;1000;None;13:22:55.070
2129;29.2851;29.2343;22.0587;-256.277;-256.692;-256.903;-256.958;-255.949;0;None;1000;None;13:22:55.570
2130;29.2851;29.2264;22.0587;-256.277;-256.684;-256.895;-256.958;-255.949;0;None;1000;None;13:22:56.070
2131;29.2773;29.2186;22.0626;-256.277;-256.684;-256.895;-256.966;-255.941;0;None;1000;None;13:22:56.570
2132;29.2695;29.2186;22.0587;-256.277;-256.692;-256.903;-256.958;-255.941;0;None;1000;None;13:22:57.070
2133;29.2695;29.2108;22.0587;-256.277;-256.684;-256.895;-256.966;-255.949;0;None;1000;None;13:22:57.570
2134;29.2617;29.2108;22.0548;-256.277;-256.684;-256.903;-256.958;-255.949;0;None;1000;None;13:22:58.070
2135;29.2538;29.203;22.0587;-256.277;-256.692;-256.895;-256.966;-255.941;0;None;1000;None;13:22:58.570
2136;29.2538;29.203;22.0587;-256.277;-256.692;-256.895;-256.966;-255.949;0;None;1000;None;13:22:59.069
2137;29.2538;29.1951;22.0548;-256.277;-256.692;-256.903;-256.958;-255.949;0;None;1000;None;13:22:59.570
2138;29.246;29.1951;22.0587;-256.277;-256.692;-256.903;-256.966;-255.956;0;None;1000;None;13:23:00.070
2139;29.246;29.1873;22.0548;-256.277;-256.692;-256.903;-256.958;-255.949;0;None;1000;None;13:23:00.568
2140;29.2382;29.1795;22.0548;-256.277;-256.684;-256.895;-256.958;-255.949;0;None;1000;None;13:23:01.070
2141;29.246;29.1873;22.0548;-256.277;-256.692;-256.903;-256.958;-255.941;0;None;1000;None;13:23:01.569
2142;29.2382;29.1795;22.0548;-256.277;-256.684;-256.903;-256.958;-255.949;0;None;1000;None;13:23:02.069
2143;29.2304;29.1795;22.0548;-256.277;-256.692;-256.911;-256.958;-255.949;0;None;1000;None;13:23:02.569
2144;29.2304;29.1795;22.0548;-256.285;-256.684;-256.903;-256.958;-255.949;0;None;1000;None;13:23:03.069
2145;29.2225;29.1638;22.0587;-256.277;-256.692;-256.903;-256.966;-255.949;0;None;1000;None;13:23:03.569
2146;29.2186;29.1638;22.0587;-256.277;-256.684;-256.903;-256.966;-255.949;0;None;1000;None;13:23:04.069
2147;29.2147;29.1638;22.0548;-256.277;-256.684;-256.903;-256.966;-255.941;0;None;1000;None;13:23:04.570
2148;29.2147;29.156;22.0548;-256.285;-256.684;-256.903;-256.966;-255.949;0;None;1000;None;13:23:05.071
2149;29.2108;29.1638;22.0548;-256.277;-256.692;-256.903;-256.966;-255.949;0;None;1000;None;13:23:05.570
2150;29.2108;29.1404;22.0548;-256.285;-256.692;-256.903;-256.966;-255.941;0;None;1000;None;13:23:06.070
2151;29.2069;29.1325;22.0509;-256.277;-256.684;-256.903;-256.966;-255.949;0;None;1000;None;13:23:06.571
2152;29.203;29.1325;22.0548;-256.285;-256.692;-256.895;-256.958;-255.941;0;None;1000;None;13:23:07.070
2153;29.203;29.1325;22.0509;-256.277;-256.684;-256.903;-256.966;-255.949;0;None;1000;None;13:23:07.570
2154;29.1951;29.1247;22.0548;-256.269;-256.684;-256.911;-256.966;-255.941;0;None;1000;None;13:23:08.071
2155;29.203;29.1247;22.0509;-256.277;-256.684;-256.895;-256.974;-255.945;0;None;1000;None;13:23:08.570
2156;29.1951;29.1247;22.0548;-256.277;-256.692;-256.895;-256.966;-255.949;0;None;1000;None;13:23:09.070
2157;29.1951;29.1169;22.0548;-256.277;-256.684;-256.895;-256.966;-255.941;0;None;1000;None;13:23:09.569
2158;29.1951;29.1091;22.0509;-256.277;-256.684;-256.895;-256.974;-255.941;0;None;1000;None;13:23:10.070
2159;29.1795;29.1169;22.0548;-256.277;-256.676;-256.895;-256.966;-255.949;0;None;1000;None;13:23:10.571
2160;29.1795;29.1091;22.0548;-256.277;-256.684;-256.895;-256.958;-255.941;0;None;1000;None;13:23:11.070
2161;29.1795;29.1012;22.0548;-256.269;-256.684;-256.895;-256.966;-255.941;0;None;1000;None;13:23:11.570
2162;29.1795;29.0934;22.0509;-256.277;-256.676;-256.895;-256.966;-255.949;0;None;1000;None;13:23:12.070
2163;29.1717;29.0934;22.0548;-256.269;-256.684;-256.895;-256.966;-255.941;0;None;1000;None;13:23:12.570
2164;29.1717;29.0856;22.0509;-256.269;-256.676;-256.895;-256.966;-255.941;0;None;1000;None;13:23:13.070
2165;29.1638;29.0778;22.0548;-256.277;-256.684;-256.903;-256.958;-255.949;0;None;1000;None;13:23:13.570
2166;29.156;29.0856;22.0587;-256.277;-256.684;-256.888;-256.966;-255.937;0;None;1000;None;13:23:14.070
2167;29.156;29.0856;22.0548;-256.269;-256.684;-256.895;-256.958;-255.949;0;None;1000;None;13:23:14.569
2168;29.1482;29.0778;22.0548;-256.277;-256.692;-256.895;-256.966;-255.949;0;None;1000;None;13:23:15.070
2169;29.1482;29.0699;22.0587;-256.277;-256.692;-256.903;-256.958;-255.941;0;None;1000;None;13:23:15.570
2170;29.1404;29.0778;22.0587;-256.277;-256.684;-256.895;-256.966;-255.949;0;None;1000;None;13:23:16.071
2171;29.1325;29.0699;22.0587;-256.269;-256.692;-256.911;-256.966;-255.941;0;None;1000;None;13:23:16.570
2172;29.1404;29.0621;22.0626;-256.277;-256.684;-256.895;-256.966;-255.941;0;None;1000;None;13:23:17.068
2173;29.1325;29.0543;22.0587;-256.277;-256.692;-256.903;-256.974;-255.949;0;None;1000;None;13:23:17.569
2174;29.1325;29.0543;22.0626;-256.277;-256.684;-256.903;-256.966;-255.941;0;None;1000;None;13:23:18.068
2175;29.1325;29.0465;22.0587;-256.277;-256.692;-256.903;-256.966;-255.941;0;None;1000;None;13:23:18.568
2176;29.1169;29.0465;22.0587;-256.269;-256.676;-256.903;-256.966;-255.941;0;None;1000;None;13:23:19.071
2177;29.1247;29.0426;22.0587;-256.277;-256.684;-256.903;-256.958;-255.941;0;None;1000;None;13:23:19.569
2178;29.1169;29.0426;22.0626;-256.277;-256.692;-256.895;-256.966;-255.949;0;None;1000;None;13:23:20.070
2179;29.1169;29.0426;22.0705;-256.277;-256.692;-256.903;-256.966;-255.941;0;None;1000;None;13:23:20.570
2180;29.1091;29.0347;22.0587;-256.269;-256.692;-256.903;-256.958;-255.941;0;None;1000;None;13:23:21.070
2181;29.1091;29.0347;22.0626;-256.285;-256.692;-256.903;-256.966;-255.949;0;None;1000;None;13:23:21.570
2182;29.0934;29.0386;22.0587;-256.277;-256.692;-256.895;-256.966;-255.941;0;None;1000;None;13:23:22.070
2183;29.0934;29.0347;22.0626;-256.269;-256.692;-256.903;-256.966;-255.949;0;None;1000;None;13:23:22.570
2184;29.0856;29.0308;22.0626;-256.277;-256.692;-256.903;-256.966;-255.949;0;None;1000;None;13:23:23.070
2185;29.0856;29.0308;22.0587;-256.277;-256.7;-256.895;-256.966;-255.941;0;None;1000;None;13:23:23.568
2186;29.0778;29.0269;22.0587;-256.277;-256.692;-256.895;-256.958;-255.949;0;None;1000;None;13:23:24.070
2187;29.0778;29.0269;22.0626;-256.277;-256.692;-256.895;-256.966;-255.949;0;None;1000;None;13:23:24.570
2188;29.0699;29.0269;22.0587;-256.277;-256.692;-256.903;-256.966;-255.949;0;None;1000;None;13:23:25.070
2189;29.0699;29.0191;22.0587;-256.277;-256.684;-256.895;-256.958;-255.949;0;None;1000;None;13:23:25.569
2190;29.0699;29.0034;22.0626;-256.277;-256.692;-256.895;-256.966;-255.949;0;None;1000;None;13:23:26.070
2191;29.0543;29.0034;22.0587;-256.277;-256.692;-256.895;-256.958;-255.949;0;None;1000;None;13:23:26.569
2192;29.0465;29.0034;22.0587;-256.277;-256.684;-256.895;-256.966;-255.949;0;None;1000;None;13:23:27.070
2193;29.0465;29.0034;22.0587;-256.277;-256.684;-256.895;-256.966;-255.949;0;None;1000;None;13:23:27.570
2194;29.0465;28.9956;22.0587;-256.285;-256.684;-256.895;-256.974;-255.941;0;None;1000;None;13:23:28.069
2195;29.0465;28.9878;22.0626;-256.277;-256.684;-256.895;-256.958;-255.949;0;None;1000;None;13:23:28.571
2196;29.0465;28.9878;22.0626;-256.277;-256.684;-256.903;-256.95;-255.949;0;None;1000;None;13:23:29.068
2197;29.0465;28.98;22.0626;-256.285;-256.684;-256.895;-256.958;-255.949;0;None;1000;None;13:23:29.570
2198;29.0465;28.9721;22.0587;-256.277;-256.684;-256.903;-256.958;-255.956;0;None;1000;None;13:23:30.070
2199;29.0386;28.9721;22.0666;-256.285;-256.684;-256.895;-256.958;-255.949;0;None;1000;None;13:23:30.571
2200;29.0308;28.9565;22.0587;-256.277;-256.692;-256.903;-256.966;-255.949;0;None;1000;None;13:23:31.069
2201;29.0308;28.9565;22.0587;-256.277;-256.684;-256.895;-256.958;-255.956;0;None;1000;None;13:23:31.569
2202;29.023;28.9565;22.0626;-256.285;-256.692;-256.903;-256.958;-255.949;0;None;1000;None;13:23:32.070
2203;29.0308;28.9643;22.0587;-256.285;-256.684;-256.903;-256.958;-255.949;0;None;1000;None;13:23:32.569
2204;29.023;28.9565;22.0587;-256.277;-256.684;-256.895;-256.958;-255.949;0;None;1000;None;13:23:33.069
2205;29.023;28.9565;22.0587;-256.285;-256.692;-256.895;-256.966;-255.956;0;None;1000;None;13:23:33.570
2206;29.0073;28.9565;22.0587;-256.285;-256.684;-256.903;-256.958;-255.949;0;None;1000;None;13:23:34.070
2207;29.0073;28.9487;22.0626;-256.277;-256.692;-256.895;-256.958;-255.949;0;None;1000;None;13:23:34.570
2208;29.0073;28.9408;22.0587;-256.285;-256.692;-256.903;-256.966;-255.949;0;None;1000;None;13:23:35.069
2209;29.0034;28.9408;22.0626;-256.277;-256.684;-256.895;-256.958;-255.949;0;None;1000;None;13:23:35.570
2210;29.0034;28.9408;22.0587;-256.277;-256.692;-256.903;-256.966;-255.949;0;None;1000;None;13:23:36.070
2211;28.9995;28.933;22.0587;-256.269;-256.684;-256.903;-256.958;-255.956;0;None;1000;None;13:23:36.569
2212;28.9995;28.9408;22.0548;-256.277;-256.692;-256.903;-256.966;-255.949;0;None;1000;None;13:23:37.070
2213;28.9956;28.9252;22.0587;-256.277;-256.684;-256.903;-256.966;-255.949;0;None;1000;None;13:23:37.570
2214;28.9956;28.9252;22.0587;-256.277;-256.692;-256.903;-256.966;-255.956;0;None;1000;None;13:23:38.069
2215;28.9917;28.9174;22.0587;-256.277;-256.692;-256.911;-256.958;-255.949;0;None;1000;None;13:23:38.568
2216;28.9878;28.9095;22.0587;-256.277;-256.684;-256.911;-256.966;-255.949;0;None;1000;None;13:23:39.069
2217;28.9878;28.9095;22.0587;-256.285;-256.7;-256.903;-256.958;-255.949;0;None;1000;None;13:23:39.570
2218;28.9878;28.9095;22.0626;-256.277;-256.684;-256.903;-256.966;-255.949;0;None;1000;None;13:23:40.068
2219;28.98;28.8939;22.0626;-256.285;-256.684;-256.903;-256.966;-255.949;0;None;1000;None;13:23:40.569
2220;28.9721;28.9017;22.0626;-256.277;-256.684;-256.903;-256.966;-255.949;0;None;1000;None;13:23:41.069
2221;28.9721;28.9017;22.0666;-256.285;-256.684;-256.903;-256.966;-255.949;0;None;1000;None;13:23:41.569
2222;28.9721;28.8939;22.0587;-256.277;-256.692;-256.903;-256.966;-255.949;0;None;1000;None;13:23:42.069
2223;28.9643;28.8861;22.0587;-256.277;-256.684;-256.903;-256.974;-255.949;0;None;1000;None;13:23:42.568
2224;28.9643;28.8861;22.0587;-256.277;-256.684;-256.903;-256.966;-255.949;0;None;1000;None;13:23:43.069
2225;28.9565;28.8861;22.0587;-256.277;-256.692;-256.903;-256.966;-255.956;0;None;1000;None;13:23:43.570
2226;28.9487;28.8782;22.0587;-256.277;-256.692;-256.903;-256.966;-255.949;0;None;1000;None;13:23:44.069
2227;28.9408;28.8782;22.0587;-256.285;-256.684;-256.911;-256.966;-255.949;0;None;1000;None;13:23:44.569
2228;28.933;28.8704;22.0587;-256.277;-256.684;-256.903;-256.966;-255.956;0;None;1000;None;13:23:45.069
2229;28.933;28.8704;22.0626;-256.277;-256.692;-256.903;-256.974;-255.949;0;None;1000;None;13:23:45.570
2230;28.933;28.8704;22.0587;-256.277;-256.684;-256.911;-256.966;-255.949;0;None;1000;None;13:23:46.069
2231;28.9252;28.8665;22.0587;-256.285;-256.684;-256.903;-256.966;-255.949;0;None;1000;None;13:23:46.570
2232;28.933;28.8665;22.0587;-256.277;-256.684;-256.903;-256.966;-255.956;0;None;1000;None;13:23:47.069
2233;28.9252;28.8665;22.0587;-256.285;-256.684;-256.903;-256.966;-255.949;0;None;1000;None;13:23:47.570
2234;28.9174;28.8626;22.0626;-256.277;-256.684;-256.903;-256.966;-255.949;0;None;1000;None;13:23:48.070
2235;28.9174;28.8626;22.0587;-256.285;-256.676;-256.903;-256.966;-255.956;0;None;1000;None;13:23:48.570
2236;28.9095;28.8587;22.0626;-256.285;-256.684;-256.903;-256.966;-255.949;0;None;1000;None;13:23:49.070
2237;28.9095;28.8548;22.0587;-256.285;-256.676;-256.895;-256.966;-255.949;0;None;1000;None;13:23:49.569
2238;28.9095;28.8548;22.0548;-256.285;-256.668;-256.903;-256.966;-255.956;0;None;1000;None;13:23:50.069
2239;28.9017;28.8548;22.0587;-256.285;-256.684;-256.903;-256.966;-255.956;0;None;1000;None;13:23:50.569
2240;28.8939;28.8548;22.0626;-256.285;-256.684;-256.903;-256.966;-255.949;0;None;1000;None;13:23:51.070
2241;28.8939;28.843;22.0626;-256.277;-256.676;-256.903;-256.974;-255.956;0;None;1000;None;13:23:51.569
2242;28.8939;28.8352;22.0587;-256.277;-256.692;-256.903;-256.966;-255.956;0;None;1000;None;13:23:52.070
2243;28.8861;28.843;22.0587;-256.277;-256.676;-256.903;-256.966;-255.949;0;None;1000;None;13:23:52.569
2244;28.8782;28.8274;22.0587;-256.285;-256.684;-256.903;-256.974;-255.956;0;None;1000;None;13:23:53.070
2245;28.8782;28.8352;22.0587;-256.269;-256.692;-256.911;-256.966;-255.949;0;None;1000;None;13:23:53.569
2246;28.8782;28.8195;22.0626;-256.277;-256.676;-256.895;-256.974;-255.956;0;None;1000;None;13:23:54.070
2247;28.8704;28.8195;22.0587;-256.277;-256.684;-256.911;-256.974;-255.949;0;None;1000;None;13:23:54.570
2248;28.8704;28.8195;22.0587;-256.277;-256.684;-256.903;-256.974;-255.956;0;None;1000;None;13:23:55.070
2249;28.8704;28.8117;22.0626;-256.277;-256.676;-256.903;-256.974;-255.956;0;None;1000;None;13:23:55.570
2250;28.8626;28.8117;22.0587;-256.277;-256.684;-256.903;-256.966;-255.956;0;None;1000;None;13:23:56.070
2251;28.8548;28.8117;22.0587;-256.269;-256.676;-256.903;-256.974;-255.949;0;None;1000;None;13:23:56.570
2252;28.8548;28.8039;22.0587;-256.269;-256.684;-256.903;-256.981;-255.949;0;None;1000;None;13:23:57.069
2253;28.8548;28.7961;22.0626;-256.269;-256.684;-256.903;-256.981;-255.949;0;None;1000;None;13:23:57.570
2254;28.8469;28.8039;22.0587;-256.269;-256.684;-256.911;-256.966;-255.956;0;None;1000;None;13:23:58.070
2255;28.8391;28.7961;22.0587;-256.269;-256.684;-256.903;-256.974;-255.956;0;None;1000;None;13:23:58.569
2256;28.8391;28.7961;22.0626;-256.277;-256.684;-256.903;-256.966;-255.949;0;None;1000;None;13:23:59.071
2257;28.8391;28.7882;22.0587;-256.269;-256.676;-256.911;-256.966;-255.949;0;None;1000;None;13:23:59.570
2258;28.8313;28.7804;22.0626;-256.277;-256.684;-256.903;-256.974;-255.949;0;None;1000;None;13:24:00.070
2259;28.8274;28.7804;22.0587;-256.277;-256.676;-256.911;-256.966;-255.949;0;None;1000;None;13:24:00.570
2260;28.8274;28.7804;22.0626;-256.277;-256.684;-256.903;-256.966;-255.949;0;None;1000;None;13:24:01.069
2261;28.8274;28.7648;22.0587;-256.285;-256.676;-256.903;-256.966;-255.941;0;None;1000;None;13:24:01.568
2262;28.8235;28.7726;22.0705;-256.277;-256.684;-256.903;-256.974;-255.941;0;None;1000;None;13:24:02.069
2263;28.8195;28.7648;22.0587;-256.277;-256.684;-256.903;-256.974;-255.949;0;None;1000;None;13:24:02.568
2264;28.8195;28.7648;22.0626;-256.285;-256.684;-256.903;-256.974;-255.949;0;None;1000;None;13:24:03.069
2265;28.8195;28.7569;22.0587;-256.277;-256.684;-256.903;-256.966;-255.941;0;None;1000;None;13:24:03.568
2266;28.8195;28.7491;22.0626;-256.277;-256.684;-256.911;-256.981;-255.956;0;None;1000;None;13:24:04.069
2267;28.8117;28.7569;22.0705;-256.277;-256.684;-256.895;-256.974;-255.949;0;None;1000;None;13:24:04.569
2268;28.8156;28.7413;22.0626;-256.277;-256.692;-256.903;-256.981;-255.949;0;None;1000;None;13:24:05.069
2269;28.8117;28.7491;22.0626;-256.277;-256.684;-256.903;-256.974;-255.949;0;None;1000;None;13:24:05.569
2270;28.8039;28.7413;22.0626;-256.277;-256.676;-256.903;-256.974;-255.941;0;None;1000;None;13:24:06.069
2271;28.8039;28.7413;22.0705;-256.277;-256.684;-256.903;-256.966;-255.949;0;None;1000;None;13:24:06.570
2272;28.7961;28.7413;22.0626;-256.277;-256.676;-256.903;-256.966;-255.941;0;None;1000;None;13:24:07.069
2273;28.7961;28.7413;22.0626;-256.285;-256.676;-256.903;-256.974;-255.949;0;None;1000;None;13:24:07.570
2274;28.7882;28.7256;22.0626;-256.277;-256.676;-256.903;-256.974;-255.941;0;None;1000;None;13:24:08.069
2275;28.7882;28.7256;22.0626;-256.277;-256.668;-256.903;-256.966;-255.952;0;None;1000;None;13:24:08.570
2276;28.7882;28.7178;22.0626;-256.285;-256.684;-256.903;-256.974;-255.941;0;None;1000;None;13:24:09.070
2277;28.7804;28.7178;22.0626;-256.277;-256.684;-256.911;-256.966;-255.949;0;None;1000;None;13:24:09.569
2278;28.7726;28.71;22.0705;-256.285;-256.684;-256.903;-256.958;-255.941;0;None;1000;None;13:24:10.070
2279;28.7648;28.7178;22.0626;-256.277;-256.684;-256.911;-256.966;-255.941;0;None;1000;None;13:24:10.570
2280;28.7726;28.71;22.0626;-256.277;-256.684;-256.903;-256.966;-255.949;0;None;1000;None;13:24:11.070
2281;28.7726;28.7022;22.0626;-256.277;-256.684;-256.903;-256.966;-255.941;0;None;1000;None;13:24:11.570
2282;28.7648;28.6943;22.0626;-256.285;-256.684;-256.903;-256.966;-255.949;0;None;1000;None;13:24:12.070
2283;28.7648;28.7022;22.0626;-256.285;-256.684;-256.903;-256.974;-255.949;0;None;1000;None;13:24:12.570
2284;28.7648;28.6943;22.0705;-256.277;-256.684;-256.903;-256.974;-255.949;0;None;1000;None;13:24:13.070
2285;28.7569;28.6865;22.0705;-256.285;-256.684;-256.911;-256.974;-255.941;0;None;1000;None;13:24:13.569
2286;28.7569;28.6787;22.0626;-256.277;-256.684;-256.903;-256.966;-255.949;0;None;1000;None;13:24:14.069
2287;28.7491;28.6709;22.0705;-256.277;-256.684;-256.903;-256.974;-255.949;0;None;1000;None;13:24:14.570
2288;28.7491;28.6709;22.0705;-256.277;-256.692;-256.903;-256.974;-255.941;0;None;1000;None;13:24:15.069
2289;28.7491;28.6709;22.0705;-256.277;-256.684;-256.911;-256.966;-255.941;0;None;1000;None;13:24:15.570
2290;28.7413;28.663;22.0705;-256.285;-256.676;-256.903;-256.966;-255.949;0;None;1000;None;13:24:16.070
2291;28.7335;28.663;22.0626;-256.277;-256.684;-256.903;-256.958;-255.937;0;None;1000;None;13:24:16.570
2292;28.7256;28.6552;22.0705;-256.285;-256.676;-256.903;-256.958;-255.941;0;None;1000;None;13:24:17.070
2293;28.7256;28.6552;22.0626;-256.277;-256.676;-256.903;-256.966;-255.949;0;None;1000;None;13:24:17.571
2294;28.7178;28.6552;22.0705;-256.285;-256.676;-256.903;-256.966;-255.941;0;None;1000;None;13:24:18.069
2295;28.7178;28.6552;22.0705;-256.277;-256.684;-256.895;-256.966;-255.949;0;None;1000;None;13:24:18.570
2296;28.71;28.6513;22.0705;-256.277;-256.684;-256.903;-256.966;-255.941;0;None;1000;None;13:24:19.069
2297;28.7178;28.6513;22.0705;-256.269;-256.676;-256.903;-256.958;-255.949;0;None;1000;None;13:24:19.570
2298;28.7178;28.6474;22.0705;-256.277;-256.676;-256.895;-256.974;-255.941;0;None;1000;None;13:24:20.069
2299;28.7022;28.6435;22.0705;-256.277;-256.684;-256.903;-256.974;-255.949;0;None;1000;None;13:24:20.569
2300;28.7022;28.6396;22.0666;-256.285;-256.684;-256.903;-256.974;-255.949;0;None;1000;None;13:24:21.070
2301;28.6943;28.6435;22.0626;-256.277;-256.684;-256.903;-256.966;-255.949;0;None;1000;None;13:24:21.569
2302;28.6865;28.6357;22.0705;-256.277;-256.676;-256.903;-256.974;-255.949;0;None;1000;None;13:24:22.068
2303;28.6943;28.6357;22.0626;-256.277;-256.684;-256.903;-256.966;-255.949;0;None;1000;None;13:24:22.569
2304;28.6865;28.6357;22.0626;-256.285;-256.684;-256.903;-256.974;-255.949;0;None;1000;None;13:24:23.069
2305;28.6865;28.6278;22.0587;-256.277;-256.676;-256.903;-256.966;-255.941;0;None;1000;None;13:24:23.570
2306;28.6787;28.6122;22.0626;-256.277;-256.668;-256.903;-256.966;-255.949;0;None;1000;None;13:24:24.068
2307;28.6787;28.62;22.0626;-256.285;-256.676;-256.903;-256.966;-255.949;0;None;1000;None;13:24:24.569
2308;28.6709;28.62;22.0626;-256.277;-256.676;-256.911;-256.966;-255.949;0;None;1000;None;13:24:25.068
2309;28.6709;28.6122;22.0626;-256.277;-256.684;-256.903;-256.966;-255.949;0;None;1000;None;13:24:25.569
2310;28.663;28.6122;22.0587;-256.277;-256.676;-256.903;-256.966;-255.941;0;None;1000;None;13:24:26.069
2311;28.663;28.6044;22.0548;-256.285;-256.676;-256.903;-256.966;-255.949;0;None;1000;None;13:24:26.569
2312;28.6552;28.6044;22.0587;-256.277;-256.684;-256.903;-256.958;-255.949;0;None;1000;None;13:24:27.075
2313;28.6552;28.6044;22.0587;-256.277;-256.684;-256.903;-256.974;-255.941;0;None;1000;None;13:24:27.569
2314;28.6552;28.6044;22.0626;-256.277;-256.668;-256.911;-256.966;-255.949;0;None;1000;None;13:24:28.068
2315;28.6396;28.5965;22.0626;-256.277;-256.684;-256.911;-256.966;-255.941;0;None;1000;None;13:24:28.568
2316;28.6474;28.5965;22.0626;-256.277;-256.676;-256.903;-256.966;-255.941;0;None;1000;None;13:24:29.069
2317;28.6474;28.5965;22.0587;-256.277;-256.684;-256.911;-256.966;-255.949;0;None;1000;None;13:24:29.568
2318;28.6396;28.5809;22.0626;-256.285;-256.676;-256.903;-256.966;-255.941;0;None;1000;None;13:24:30.068
2319;28.6396;28.5887;22.0626;-256.277;-256.676;-256.903;-256.974;-255.949;0;None;1000;None;13:24:30.569
2320;28.6317;28.5731;22.0626;-256.277;-256.684;-256.903;-256.966;-255.949;0;None;1000;None;13:24:31.067
2321;28.6317;28.5731;22.0705;-256.277;-256.676;-256.903;-256.966;-255.941;0;None;1000;None;13:24:31.569
2322;28.6317;28.5652;22.0626;-256.285;-256.676;-256.903;-256.966;-255.949;0;None;1000;None;13:24:32.068
2323;28.6317;28.5574;22.0626;-256.277;-256.676;-256.903;-256.966;-255.941;0;None;1000;None;13:24:32.567
2324;28.6161;28.5574;22.0587;-256.277;-256.676;-256.903;-256.966;-255.949;0;None;1000;None;13:24:33.068
2325;28.6161;28.5496;22.0626;-256.285;-256.668;-256.903;-256.966;-255.937;0;None;1000;None;13:24:33.569
2326;28.62;28.5496;22.0666;-256.277;-256.676;-256.903;-256.966;-255.949;0;None;1000;None;13:24:34.071
2327;28.6122;28.5418;22.0626;-256.277;-256.676;-256.903;-256.966;-255.949;0;None;1000;None;13:24:34.569
2328;28.6122;28.5418;22.0626;-256.277;-256.684;-256.903;-256.966;-255.949;0;None;1000;None;13:24:35.068
2329;28.6122;28.5339;22.0705;-256.277;-256.676;-256.903;-256.974;-255.941;0;None;1000;None;13:24:35.568
2330;28.6122;28.5261;22.0626;-256.277;-256.676;-256.903;-256.958;-255.949;0;None;1000;None;13:24:36.070
2331;28.6083;28.5183;22.0626;-256.277;-256.676;-256.903;-256.966;-255.956;0;None;1000;None;13:24:36.569
2332;28.6083;28.5261;22.0626;-256.277;-256.684;-256.903;-256.966;-255.941;0;None;1000;None;13:24:37.069
2333;28.6044;28.5183;22.0626;-256.285;-256.676;-256.903;-256.966;-255.949;0;None;1000;None;13:24:37.569
2334;28.6083;28.5026;22.0587;-256.277;-256.684;-256.903;-256.958;-255.941;0;None;1000;None;13:24:38.069
2335;28.6044;28.5026;22.0587;-256.285;-256.676;-256.903;-256.958;-255.949;0;None;1000;None;13:24:38.569
2336;28.6004;28.5026;22.0626;-256.277;-256.684;-256.903;-256.958;-255.949;0;None;1000;None;13:24:39.069
2337;28.6004;28.4948;22.0587;-256.277;-256.676;-256.911;-256.958;-255.949;0;None;1000;None;13:24:39.569
2338;28.5965;28.4948;22.0587;-256.277;-256.692;-256.903;-256.966;-255.949;0;None;1000;None;13:24:40.069
2339;28.5887;28.487;22.0587;-256.277;-256.684;-256.911;-256.966;-255.949;0;None;1000;None;13:24:40.570
2340;28.5965;28.487;22.0587;-256.277;-256.684;-256.895;-256.958;-255.949;0;None;1000;None;13:24:41.070
2341;28.5965;28.487;22.0587;-256.277;-256.684;-256.903;-256.958;-255.941;0;None;1000;None;13:24:41.570
2342;28.5887;28.4792;22.0548;-256.285;-256.684;-256.903;-256.966;-255.949;0;None;1000;None;13:24:42.069
2343;28.5809;28.487;22.0587;-256.277;-256.684;-256.903;-256.966;-255.949;0;None;1000;None;13:24:42.569
2344;28.5731;28.4792;22.0587;-256.277;-256.684;-256.903;-256.958;-255.949;0;None;1000;None;13:24:43.069
2345;28.5652;28.4792;22.0587;-256.277;-256.684;-256.911;-256.966;-255.949;0;None;1000;None;13:24:43.569
2346;28.5652;28.4713;22.0587;-256.285;-256.684;-256.903;-256.95;-255.949;0;None;1000;None;13:24:44.069
2347;28.5574;28.4713;22.0587;-256.285;-256.684;-256.895;-256.966;-255.941;0;None;1000;None;13:24:44.569
2348;28.5652;28.4713;22.0587;-256.277;-256.684;-256.903;-256.95;-255.949;0;None;1000;None;13:24:45.070
2349;28.5574;28.4635;22.0587;-256.285;-256.684;-256.903;-256.966;-255.949;0;None;1000;None;13:24:45.569
2350;28.5574;28.4635;22.0548;-256.285;-256.676;-256.903;-256.958;-255.949;0;None;1000;None;13:24:46.069
2351;28.5496;28.4635;22.0548;-256.285;-256.684;-256.903;-256.966;-255.941;0;None;1000;None;13:24:46.569
2352;28.5418;28.4557;22.047;-256.277;-256.676;-256.903;-256.966;-255.949;0;None;1000;None;13:24:47.069
2353;28.5339;28.4557;22.0509;-256.277;-256.684;-256.903;-256.958;-255.949;0;None;1000;None;13:24:47.575
2354;28.5418;28.4557;22.047;-256.285;-256.684;-256.903;-256.966;-255.949;0;None;1000;None;13:24:48.070
2355;28.5418;28.44;22.047;-256.277;-256.676;-256.903;-256.958;-255.941;0;None;1000;None;13:24:48.570
2356;28.5339;28.4479;22.0548;-256.285;-256.676;-256.903;-256.966;-255.949;0;None;1000;None;13:24:49.068
2357;28.5183;28.44;22.0509;-256.285;-256.676;-256.911;-256.958;-255.949;0;None;1000;None;13:24:49.571
2358;28.5183;28.44;22.0548;-256.277;-256.684;-256.895;-256.958;-255.941;0;None;1000;None;13:24:50.070
2359;28.5183;28.4361;22.0548;-256.277;-256.676;-256.903;-256.966;-255.949;0;None;1000;None;13:24:50.569
2360;28.5105;28.4361;22.0548;-256.277;-256.684;-256.903;-256.958;-255.941;0;None;1000;None;13:24:51.069
2361;28.5105;28.4322;22.0509;-256.277;-256.676;-256.903;-256.966;-255.941;0;None;1000;None;13:24:51.570
2362;28.5105;28.4361;22.0509;-256.277;-256.684;-256.903;-256.966;-255.949;0;None;1000;None;13:24:52.068
2363;28.5026;28.4322;22.0509;-256.277;-256.684;-256.903;-256.966;-255.949;0;None;1000;None;13:24:52.569
2364;28.5026;28.4244;22.0509;-256.269;-256.684;-256.903;-256.958;-255.949;0;None;1000;None;13:24:53.069
2365;28.4948;28.4283;22.0509;-256.285;-256.684;-256.903;-256.958;-255.949;0;None;1000;None;13:24:53.569
2366;28.4948;28.4244;22.0509;-256.269;-256.684;-256.903;-256.966;-255.949;0;None;1000;None;13:24:54.069
2367;28.487;28.4244;22.047;-256.277;-256.684;-256.903;-256.966;-255.941;0;None;1000;None;13:24:54.569
2368;28.4792;28.4205;22.047;-256.277;-256.676;-256.903;-256.966;-255.949;0;None;1000;None;13:24:55.069
2369;28.487;28.4166;22.0509;-256.277;-256.676;-256.903;-256.958;-255.949;0;None;1000;None;13:24:55.569
2370;28.4792;28.4126;22.047;-256.277;-256.684;-256.895;-256.966;-255.949;0;None;1000;None;13:24:56.069
2371;28.4792;28.4126;22.0509;-256.277;-256.676;-256.903;-256.958;-255.941;0;None;1000;None;13:24:56.569
2372;28.4635;28.4126;22.047;-256.277;-256.684;-256.903;-256.958;-255.949;0;None;1000;None;13:24:57.069
2373;28.4713;28.4126;22.047;-256.269;-256.692;-256.903;-256.966;-255.949;0;None;1000;None;13:24:57.568
2374;28.4713;28.4126;22.047;-256.277;-256.684;-256.895;-256.966;-255.949;0;None;1000;None;13:24:58.069
2375;28.4557;28.4048;22.0431;-256.277;-256.676;-256.903;-256.966;-255.949;0;None;1000;None;13:24:58.570
2376;28.4635;28.4048;22.047;-256.277;-256.692;-256.903;-256.958;-255.941;0;None;1000;None;13:24:59.068
2377;28.4557;28.4048;22.047;-256.277;-256.684;-256.895;-256.966;-255.949;0;None;1000;None;13:24:59.568
2378;28.4479;28.397;22.0509;-256.277;-256.684;-256.903;-256.958;-255.949;0;None;1000;None;13:25:00.069
2379;28.4479;28.397;22.047;-256.277;-256.684;-256.903;-256.958;-255.941;0;None;1000;None;13:25:00.569
2380;28.4479;28.397;22.047;-256.277;-256.684;-256.903;-256.958;-255.949;0;None;1000;None;13:25:01.069
2381;28.4479;28.3813;22.047;-256.285;-256.676;-256.895;-256.958;-255.949;0;None;1000;None;13:25:01.570
2382;28.4322;28.3892;22.0509;-256.285;-256.684;-256.903;-256.966;-255.949;0;None;1000;None;13:25:02.068
2383;28.44;28.3735;22.047;-256.285;-256.684;-256.903;-256.966;-255.949;0;None;1000;None;13:25:02.568
2384;28.4322;28.3735;22.047;-256.277;-256.684;-256.903;-256.966;-255.949;0;None;1000;None;13:25:03.069
2385;28.4322;28.3657;22.0509;-256.277;-256.684;-256.903;-256.958;-255.949;0;None;1000;None;13:25:03.569
2386;28.4322;28.3735;22.0509;-256.277;-256.684;-256.903;-256.958;-255.949;0;None;1000;None;13:25:04.069
2387;28.4244;28.3657;22.047;-256.277;-256.676;-256.903;-256.966;-255.941;0;None;1000;None;13:25:04.570
2388;28.4244;28.3579;22.0509;-256.277;-256.684;-256.903;-256.958;-255.949;0;None;1000;None;13:25:05.069
2389;28.4166;28.3657;22.047;-256.277;-256.684;-256.911;-256.958;-255.949;0;None;1000;None;13:25:05.569
2390;28.4166;28.3579;22.047;-256.277;-256.676;-256.903;-256.958;-255.949;0;None;1000;None;13:25:06.068
2391;28.4087;28.35;22.0548;-256.277;-256.684;-256.903;-256.958;-255.949;0;None;1000;None;13:25:06.569
2392;28.4244;28.35;22.0509;-256.285;-256.684;-256.895;-256.95;-255.949;0;None;1000;None;13:25:07.069
2393;28.4166;28.3579;22.0509;-256.277;-256.684;-256.903;-256.958;-255.949;0;None;1000;None;13:25:07.569
2394;28.4087;28.3422;22.0509;-256.277;-256.676;-256.903;-256.958;-255.949;0;None;1000;None;13:25:08.068
2395;28.4087;28.3422;22.0509;-256.277;-256.676;-256.895;-256.966;-255.949;0;None;1000;None;13:25:08.569
2396;28.4087;28.3422;22.0548;-256.277;-256.684;-256.895;-256.966;-255.949;0;None;1000;None;13:25:09.068
2397;28.4009;28.3344;22.0509;-256.277;-256.676;-256.903;-256.958;-255.949;0;None;1000;None;13:25:09.569
2398;28.397;28.3266;22.0548;-256.277;-256.684;-256.895;-256.958;-255.941;0;None;1000;None;13:25:10.068
2399;28.397;28.3266;22.0509;-256.277;-256.684;-256.895;-256.958;-255.949;0;None;1000;None;13:25:10.569
2400;28.3931;28.3109;22.0548;-256.277;-256.684;-256.903;-256.958;-255.949;0;None;1000;None;13:25:11.067
2401;28.4009;28.3187;22.0509;-256.277;-256.684;-256.895;-256.958;-255.949;0;None;1000;None;13:25:11.568
2402;28.3931;28.3109;22.0509;-256.277;-256.684;-256.895;-256.958;-255.956;0;None;1000;None;13:25:12.069
2403;28.3931;28.3109;22.0548;-256.285;-256.676;-256.895;-256.958;-255.956;0;None;1000;None;13:25:12.569
2404;28.3892;28.3109;22.0548;-256.269;-256.684;-256.895;-256.966;-255.949;0;None;1000;None;13:25:13.069
2405;28.3892;28.3109;22.0509;-256.277;-256.676;-256.895;-256.958;-255.956;0;None;1000;None;13:25:13.569
2406;28.3853;28.2953;22.0587;-256.277;-256.684;-256.895;-256.974;-255.949;0;None;1000;None;13:25:14.069
2407;28.3813;28.3031;22.0587;-256.277;-256.684;-256.895;-256.974;-255.956;0;None;1000;None;13:25:14.569
2408;28.3813;28.2953;22.0587;-256.277;-256.676;-256.895;-256.958;-255.956;0;None;1000;None;13:25:15.069
2409;28.3735;28.2953;22.0548;-256.277;-256.684;-256.903;-256.966;-255.949;0;None;1000;None;13:25:15.569
2410;28.3735;28.2874;22.0587;-256.277;-256.676;-256.895;-256.958;-255.949;0;None;1000;None;13:25:16.068
2411;28.3735;28.2874;22.0587;-256.269;-256.684;-256.895;-256.958;-255.956;0;None;1000;None;13:25:16.569
2412;28.3657;28.2718;22.0548;-256.277;-256.684;-256.903;-256.958;-255.956;0;None;1000;None;13:25:17.068
2413;28.3657;28.2796;22.0587;-256.277;-256.684;-256.895;-256.95;-255.949;0;None;1000;None;13:25:17.569
2414;28.3579;28.2796;22.0587;-256.269;-256.676;-256.888;-256.958;-255.956;0;None;1000;None;13:25:18.068
2415;28.3579;28.264;22.0587;-256.277;-256.676;-256.895;-256.95;-255.949;0;None;1000;None;13:25:18.568
2416;28.35;28.2718;22.0587;-256.277;-256.684;-256.888;-256.958;-255.956;0;None;1000;None;13:25:19.067
2417;28.3579;28.264;22.0587;-256.277;-256.684;-256.895;-256.958;-255.949;0;None;1000;None;13:25:19.567
2418;28.3422;28.264;22.0548;-256.277;-256.684;-256.895;-256.958;-255.956;0;None;1000;None;13:25:20.067
2419;28.3422;28.2601;22.0626;-256.269;-256.684;-256.903;-256.958;-255.949;0;None;1000;None;13:25:20.568
2420;28.3344;28.2601;22.0587;-256.277;-256.684;-256.895;-256.958;-255.956;0;None;1000;None;13:25:21.067
2421;28.3344;28.2601;22.0587;-256.277;-256.684;-256.895;-256.95;-255.956;0;None;1000;None;13:25:21.567
2422;28.3344;28.2561;22.0587;-256.277;-256.676;-256.895;-256.958;-255.949;0;None;1000;None;13:25:22.067
2423;28.3187;28.2522;22.0587;-256.277;-256.684;-256.888;-256.958;-255.956;0;None;1000;None;13:25:22.567
2424;28.3266;28.2561;22.0587;-256.269;-256.676;-256.888;-256.966;-255.949;0;None;1000;None;13:25:23.066
2425;28.3187;28.2483;22.0548;-256.277;-256.676;-256.895;-256.958;-255.956;0;None;1000;None;13:25:23.567
2426;28.3187;28.2522;22.0548;-256.269;-256.684;-256.895;-256.966;-255.956;0;None;1000;None;13:25:24.066
2427;28.3109;28.2522;22.0509;-256.269;-256.684;-256.895;-256.95;-255.949;0;None;1000;None;13:25:24.567
2428;28.3187;28.2483;22.047;-256.269;-256.684;-256.895;-256.966;-255.956;0;None;1000;None;13:25:25.066
2429;28.3109;28.2483;22.0509;-256.269;-256.676;-256.895;-256.958;-255.949;0;None;1000;None;13:25:25.567
2430;28.3031;28.2444;22.0509;-256.277;-256.676;-256.895;-256.966;-255.949;0;None;1000;None;13:25:26.068
2431;28.3031;28.2444;22.0509;-256.269;-256.676;-256.888;-256.966;-255.949;0;None;1000;None;13:25:26.568
2432;28.2953;28.2366;22.047;-256.277;-256.676;-256.895;-256.966;-255.956;0;None;1000;None;13:25:27.068
2433;28.2953;28.2209;22.0431;-256.277;-256.676;-256.903;-256.95;-255.949;0;None;1000;None;13:25:27.569
2434;28.2953;28.2209;22.0509;-256.277;-256.676;-256.888;-256.958;-255.949;0;None;1000;None;13:25:28.067
2435;28.2874;28.2288;22.0431;-256.269;-256.684;-256.895;-256.958;-255.956;0;None;1000;None;13:25:28.567
2436;28.2874;28.2209;22.047;-256.277;-256.684;-256.895;-256.958;-255.949;0;None;1000;None;13:25:29.069
2437;28.2796;28.2131;22.0431;-256.277;-256.684;-256.895;-256.95;-255.956;0;None;1000;None;13:25:29.569
2438;28.2796;28.2053;22.0431;-256.277;-256.684;-256.888;-256.958;-255.956;0;None;1000;None;13:25:30.069
2439;28.2718;28.1975;22.047;-256.285;-256.684;-256.895;-256.95;-255.949;0;None;1000;None;13:25:30.568
2440;28.2718;28.1975;22.0431;-256.277;-256.684;-256.895;-256.958;-255.949;0;None;1000;None;13:25:31.068
2441;28.264;28.1896;22.047;-256.277;-256.684;-256.895;-256.958;-255.956;0;None;1000;None;13:25:31.568
2442;28.2718;28.1896;22.0509;-256.269;-256.684;-256.895;-256.95;-255.949;0;None;1000;None;13:25:32.068
2443;28.264;28.1896;22.047;-256.277;-256.676;-256.895;-256.958;-255.949;0;None;1000;None;13:25:32.568
2444;28.264;28.1818;22.0509;-256.277;-256.692;-256.895;-256.958;-255.949;0;None;1000;None;13:25:33.067
2445;28.264;28.174;22.0509;-256.269;-256.676;-256.895;-256.95;-255.956;0;None;1000;None;13:25:33.567
2446;28.2561;28.1818;22.0509;-256.277;-256.692;-256.895;-256.958;-255.949;0;None;1000;None;13:25:34.067
2447;28.2561;28.1662;22.0509;-256.277;-256.684;-256.895;-256.966;-255.949;0;None;1000;None;13:25:34.567
2448;28.2561;28.174;22.0548;-256.285;-256.676;-256.895;-256.958;-255.949;0;None;1000;None;13:25:35.067
2449;28.2483;28.1583;22.0509;-256.277;-256.676;-256.895;-256.958;-255.956;0;None;1000;None;13:25:35.568
2450;28.2483;28.1505;22.0548;-256.277;-256.684;-256.903;-256.95;-255.949;0;None;1000;None;13:25:36.068
2451;28.2483;28.1505;22.0509;-256.277;-256.684;-256.895;-256.958;-255.949;0;None;1000;None;13:25:36.568
2452;28.2483;28.1427;22.0509;-256.277;-256.676;-256.895;-256.966;-255.956;0;None;1000;None;13:25:37.069
2453;28.2405;28.1349;22.0509;-256.277;-256.684;-256.895;-256.958;-255.956;0;None;1000;None;13:25:37.569
2454;28.2327;28.1349;22.047;-256.277;-256.684;-256.903;-256.958;-255.956;0;None;1000;None;13:25:38.068
2455;28.2327;28.127;22.047;-256.285;-256.684;-256.895;-256.958;-255.949;0;None;1000;None;13:25:38.569
2456;28.2327;28.1349;22.047;-256.269;-256.684;-256.895;-256.95;-255.956;0;None;1000;None;13:25:39.068
2457;28.2248;28.1349;22.047;-256.285;-256.684;-256.895;-256.958;-255.949;0;None;1000;None;13:25:39.569
2458;28.217;28.127;22.047;-256.277;-256.692;-256.903;-256.958;-255.949;0;None;1000;None;13:25:40.068
2459;28.217;28.1192;22.047;-256.277;-256.676;-256.895;-256.95;-255.956;0;None;1000;None;13:25:40.569
2460;28.2014;28.127;22.0509;-256.285;-256.684;-256.888;-256.958;-255.949;0;None;1000;None;13:25:41.070
2461;28.2014;28.127;22.0509;-256.277;-256.684;-256.895;-256.958;-255.949;0;None;1000;None;13:25:41.570
2462;28.2014;28.1192;22.047;-256.269;-256.684;-256.895;-256.95;-255.956;0;None;1000;None;13:25:42.069
2463;28.2014;28.1192;22.0509;-256.285;-256.684;-256.888;-256.966;-255.949;0;None;1000;None;13:25:42.569
2464;28.1935;28.1114;22.0509;-256.277;-256.676;-256.895;-256.95;-255.949;0;None;1000;None;13:25:43.068
2465;28.2014;28.1114;22.047;-256.277;-256.684;-256.888;-256.958;-255.949;0;None;1000;None;13:25:43.569
2466;28.1935;28.1114;22.0509;-256.285;-256.676;-256.895;-256.958;-255.949;0;None;1000;None;13:25:44.069
2467;28.1857;28.1036;22.0509;-256.277;-256.676;-256.895;-256.95;-255.956;0;None;1000;None;13:25:44.570
2468;28.1857;28.1114;22.047;-256.277;-256.684;-256.895;-256.958;-255.949;0;None;1000;None;13:25:45.069
2469;28.1779;28.1036;22.047;-256.277;-256.676;-256.895;-256.95;-255.949;0;None;1000;None;13:25:45.569
2470;28.1818;28.0957;22.047;-256.293;-256.684;-256.903;-256.95;-255.949;0;None;1000;None;13:25:46.068
2471;28.174;28.1036;22.0509;-256.277;-256.684;-256.888;-256.95;-255.949;0;None;1000;None;13:25:46.569
2472;28.1779;28.1036;22.0509;-256.285;-256.676;-256.903;-256.958;-255.956;0;None;1000;None;13:25:47.068
2473;28.174;28.1036;22.047;-256.285;-256.684;-256.895;-256.95;-255.949;0;None;1000;None;13:25:47.569
2474;28.174;28.0957;22.0509;-256.285;-256.684;-256.895;-256.958;-255.949;0;None;1000;None;13:25:48.069
2475;28.174;28.0879;22.0509;-256.277;-256.676;-256.895;-256.95;-255.949;0;None;1000;None;13:25:48.569
2476;28.1701;28.0957;22.0509;-256.277;-256.676;-256.895;-256.95;-255.941;0;None;1000;None;13:25:49.069
2477;28.1701;28.0801;22.0509;-256.277;-256.684;-256.903;-256.95;-255.952;0;None;1000;None;13:25:49.569
2478;28.1662;28.0801;22.0509;-256.277;-256.684;-256.895;-256.95;-255.949;0;None;1000;None;13:25:50.070
2479;28.1662;28.0723;22.047;-256.285;-256.676;-256.903;-256.958;-255.949;0;None;1000;None;13:25:50.569
2480;28.1662;28.0723;22.0509;-256.277;-256.676;-256.895;-256.958;-255.949;0;None;1000;None;13:25:51.070
2481;28.1583;28.0723;22.0509;-256.285;-256.684;-256.903;-256.958;-255.949;0;None;1000;None;13:25:51.571
2482;28.1505;28.0644;22.0509;-256.285;-256.676;-256.895;-256.95;-255.941;0;None;1000;None;13:25:52.070
2483;28.1583;28.0723;22.0509;-256.277;-256.676;-256.903;-256.95;-255.949;0;None;1000;None;13:25:52.569
2484;28.1427;28.0644;22.0509;-256.285;-256.684;-256.895;-256.958;-255.949;0;None;1000;None;13:25:53.070
2485;28.1505;28.0644;22.047;-256.285;-256.676;-256.903;-256.95;-255.949;0;None;1000;None;13:25:53.569
2486;28.1349;28.0566;22.0509;-256.277;-256.684;-256.895;-256.958;-255.941;0;None;1000;None;13:25:54.070
2487;28.1349;28.0644;22.047;-256.285;-256.676;-256.895;-256.958;-255.949;0;None;1000;None;13:25:54.570
2488;28.1349;28.0644;22.047;-256.277;-256.684;-256.895;-256.958;-255.949;0;None;1000;None;13:25:55.069
2489;28.1349;28.0566;22.047;-256.277;-256.684;-256.895;-256.95;-255.941;0;None;1000;None;13:25:55.570
2490;28.127;28.0566;22.047;-256.277;-256.676;-256.895;-256.958;-255.949;0;None;1000;None;13:25:56.070
2491;28.1192;28.0644;22.047;-256.277;-256.676;-256.903;-256.958;-255.941;0;None;1000;None;13:25:56.571
2492;28.1192;28.0566;22.0509;-256.269;-256.684;-256.895;-256.958;-255.949;0;None;1000;None;13:25:57.071
2493;28.1192;28.0488;22.047;-256.285;-256.684;-256.895;-256.958;-255.941;0;None;1000;None;13:25:57.570
2494;28.1036;28.0566;22.0509;-256.269;-256.684;-256.903;-256.966;-255.949;0;None;1000;None;13:25:58.070
2495;28.1114;28.0449;22.047;-256.277;-256.676;-256.895;-256.958;-255.941;0;None;1000;None;13:25:58.571
2496;28.1036;28.0449;22.0509;-256.277;-256.692;-256.895;-256.958;-255.941;0;None;1000;None;13:25:59.069
2497;28.1036;28.041;22.0509;-256.277;-256.676;-256.895;-256.958;-255.949;0;None;1000;None;13:25:59.569
2498;28.0957;28.041;22.0509;-256.277;-256.684;-256.895;-256.958;-255.937;0;None;1000;None;13:26:00.069
2499;28.0879;28.037;22.0548;-256.285;-256.684;-256.895;-256.958;-255.941;0;None;1000;None;13:26:00.570
2500;28.0879;28.037;22.0548;-256.277;-256.692;-256.895;-256.966;-255.941;0;None;1000;None;13:26:01.070
2501;28.0879;28.0331;22.0509;-256.285;-256.684;-256.895;-256.958;-255.941;0;None;1000;None;13:26:01.570
2502;28.0801;28.0331;22.0509;-256.277;-256.684;-256.903;-256.966;-255.941;0;None;1000;None;13:26:02.070
2503;28.0801;28.0253;22.0509;-256.285;-256.692;-256.895;-256.966;-255.941;0;None;1000;None;13:26:02.570
2504;28.0723;28.0214;22.0548;-256.277;-256.684;-256.895;-256.966;-255.941;0;None;1000;None;13:26:03.069
2505;28.0723;28.0292;22.0509;-256.277;-256.684;-256.903;-256.966;-255.941;0;None;1000;None;13:26:03.569
2506;28.0801;28.0214;22.0509;-256.277;-256.684;-256.895;-256.958;-255.949;0;None;1000;None;13:26:04.070
2507;28.0723;28.0136;22.047;-256.277;-256.684;-256.903;-256.958;-255.941;0;None;1000;None;13:26:04.570
2508;28.0644;28.0214;22.0548;-256.285;-256.676;-256.903;-256.958;-255.941;0;None;1000;None;13:26:05.070
2509;28.0723;28.0057;22.0509;-256.277;-256.684;-256.895;-256.958;-255.949;0;None;1000;None;13:26:05.569
2510;28.0644;28.0057;22.047;-256.277;-256.676;-256.903;-256.958;-255.941;0;None;1000;None;13:26:06.070
2511;28.0644;28.0057;22.047;-256.277;-256.684;-256.903;-256.974;-255.941;0;None;1000;None;13:26:06.569
2512;28.0644;27.9979;22.0509;-256.285;-256.684;-256.895;-256.958;-255.941;0;None;1000;None;13:26:07.071
2513;28.0644;27.9979;22.047;-256.277;-256.684;-256.903;-256.958;-255.949;0;None;1000;None;13:26:07.570
2514;28.0644;27.9823;22.0548;-256.277;-256.676;-256.895;-256.95;-255.941;0;None;1000;None;13:26:08.070
2515;28.0488;27.9901;22.047;-256.285;-256.676;-256.903;-256.958;-255.949;0;None;1000;None;13:26:08.569
2516;28.0488;27.9744;22.0509;-256.277;-256.692;-256.895;-256.958;-255.949;0;None;1000;None;13:26:09.070
2517;28.0488;27.9666;22.047;-256.277;-256.684;-256.903;-256.95;-255.949;0;None;1000;None;13:26:09.570
2518;28.041;27.9666;22.047;-256.285;-256.676;-256.895;-256.95;-255.949;0;None;1000;None;13:26:10.069
2519;28.041;27.9744;22.047;-256.277;-256.684;-256.895;-256.958;-255.949;0;None;1000;None;13:26:10.570
2520;28.0253;27.9666;22.0509;-256.277;-256.684;-256.903;-256.95;-255.941;0;None;1000;None;13:26:11.070
2521;28.0331;27.9666;22.047;-256.277;-256.676;-256.895;-256.958;-255.949;0;None;1000;None;13:26:11.569
2522;28.0253;27.9744;22.0509;-256.277;-256.684;-256.895;-256.966;-255.949;0;None;1000;None;13:26:12.071
2523;28.0253;27.9588;22.047;-256.269;-256.676;-256.895;-256.958;-255.956;0;None;1000;None;13:26:12.572
2524;28.0253;27.9666;22.0509;-256.277;-256.684;-256.903;-256.958;-255.949;0;None;1000;None;13:26:13.070
2525;28.0175;27.9666;22.047;-256.277;-256.684;-256.895;-256.958;-255.949;0;None;1000;None;13:26:13.571
2526;28.0097;27.951;22.0509;-256.277;-256.684;-256.903;-256.958;-255.949;0;None;1000;None;13:26:14.069
2527;28.0097;27.9588;22.047;-256.269;-256.684;-256.903;-256.958;-255.949;0;None;1000;None;13:26:14.569
2528;28.0097;27.951;22.047;-256.269;-256.676;-256.895;-256.958;-255.949;0;None;1000;None;13:26:15.070
2529;28.0018;27.9431;22.047;-256.277;-256.692;-256.903;-256.958;-255.956;0;None;1000;None;13:26:15.571
2530;28.0018;27.951;22.047;-256.269;-256.676;-256.895;-256.966;-255.949;0;None;1000;None;13:26:16.069
2531;27.994;27.9431;22.0509;-256.277;-256.684;-256.903;-256.958;-255.949;0;None;1000;None;13:26:16.570
2532;27.994;27.9431;22.047;-256.277;-256.684;-256.895;-256.966;-255.949;0;None;1000;None;13:26:17.070
2533;27.9862;27.9353;22.0509;-256.269;-256.684;-256.903;-256.958;-255.949;0;None;1000;None;13:26:17.570
2534;27.9862;27.9275;22.047;-256.277;-256.684;-256.895;-256.95;-255.949;0;None;1000;None;13:26:18.071
2535;27.9784;27.9275;22.0509;-256.277;-256.684;-256.903;-256.958;-255.949;0;None;1000;None;13:26:18.570
2536;27.9862;27.9275;22.0509;-256.269;-256.684;-256.895;-256.966;-255.949;0;None;1000;None;13:26:19.070
2537;27.9862;27.9275;22.0509;-256.277;-256.684;-256.895;-256.966;-255.949;0;None;1000;None;13:26:19.570
2538;27.9784;27.9197;22.047;-256.285;-256.684;-256.895;-256.966;-255.941;0;None;1000;None;13:26:20.070
2539;27.9784;27.9275;22.047;-256.277;-256.684;-256.895;-256.974;-255.941;0;None;1000;None;13:26:20.570
2540;27.9666;27.9197;22.047;-256.277;-256.684;-256.895;-256.974;-255.949;0;None;1000;None;13:26:21.070
2541;27.9666;27.9197;22.0548;-256.285;-256.684;-256.903;-256.974;-255.949;0;None;1000;None;13:26:21.570
2542;27.9705;27.9197;22.0431;-256.277;-256.684;-256.895;-256.974;-255.949;0;None;1000;None;13:26:22.070
2543;27.9627;27.9118;22.047;-256.277;-256.684;-256.888;-256.966;-255.956;0;None;1000;None;13:26:22.571
2544;27.9627;27.9118;22.0509;-256.277;-256.684;-256.895;-256.974;-255.949;0;None;1000;None;13:26:23.068
2545;27.9588;27.904;22.047;-256.285;-256.684;-256.895;-256.974;-255.949;0;None;1000;None;13:26:23.570
2546;27.9627;27.904;22.047;-256.285;-256.684;-256.895;-256.966;-255.949;0;None;1000;None;13:26:24.070
2547;27.9549;27.904;22.047;-256.277;-256.692;-256.895;-256.966;-255.949;0;None;1000;None;13:26:24.570
2548;27.9549;27.8962;22.047;-256.277;-256.692;-256.888;-256.974;-255.949;0;None;1000;None;13:26:25.069
2549;27.951;27.8962;22.0509;-256.285;-256.684;-256.895;-256.974;-255.956;0;None;1000;None;13:26:25.570
2550;27.9549;27.8962;22.047;-256.277;-256.692;-256.903;-256.974;-255.949;0;None;1000;None;13:26:26.071
2551;27.951;27.8884;22.0509;-256.277;-256.692;-256.895;-256.966;-255.941;0;None;1000;None;13:26:26.569
2552;27.951;27.8884;22.047;-256.285;-256.684;-256.895;-256.966;-255.956;0;None;1000;None;13:26:27.070
2553;27.9431;27.8884;22.0509;-256.277;-256.676;-256.888;-256.966;-255.941;0;None;1000;None;13:26:27.569
2554;27.9431;27.8805;22.0509;-256.285;-256.684;-256.895;-256.958;-255.956;0;None;1000;None;13:26:28.069
2555;27.9431;27.8805;22.0509;-256.277;-256.692;-256.888;-256.958;-255.949;0;None;1000;None;13:26:28.569
2556;27.9353;27.8805;22.0509;-256.277;-256.676;-256.895;-256.958;-255.941;0;None;1000;None;13:26:29.069
2557;27.9353;27.8805;22.047;-256.277;-256.684;-256.895;-256.966;-255.949;0;None;1000;None;13:26:29.569
2558;27.9275;27.8727;22.047;-256.277;-256.676;-256.903;-256.966;-255.949;0;None;1000;None;13:26:30.069
2559;27.9275;27.8727;22.0509;-256.285;-256.684;-256.895;-256.958;-255.941;0;None;1000;None;13:26:30.570
2560;27.9197;27.8727;22.047;-256.277;-256.676;-256.903;-256.958;-255.949;0;None;1000;None;13:26:31.068
2561;27.9197;27.8727;22.047;-256.277;-256.684;-256.903;-256.966;-255.956;0;None;1000;None;13:26:31.569
2562;27.9197;27.8649;22.0509;-256.277;-256.676;-256.895;-256.958;-255.949;0;None;1000;None;13:26:32.069
2563;27.9197;27.8571;22.047;-256.269;-256.684;-256.903;-256.958;-255.949;0;None;1000;None;13:26:32.569
2564;27.9118;27.8571;22.047;-256.277;-256.684;-256.903;-256.966;-255.949;0;None;1000;None;13:26:33.069
2565;27.9118;27.8571;22.0509;-256.277;-256.676;-256.895;-256.958;-255.941;0;None;1000;None;13:26:33.568
2566;27.9118;27.8649;22.0509;-256.277;-256.684;-256.903;-256.958;-255.949;0;None;1000;None;13:26:34.069
2567;27.9118;27.8571;22.0509;-256.285;-256.684;-256.903;-256.966;-255.949;0;None;1000;None;13:26:34.569
2568;27.904;27.8492;22.0509;-256.277;-256.676;-256.903;-256.958;-255.949;0;None;1000;None;13:26:35.069
2569;27.8962;27.8492;22.047;-256.277;-256.684;-256.903;-256.966;-255.941;0;None;1000;None;13:26:35.569
2570;27.904;27.8414;22.047;-256.277;-256.676;-256.895;-256.966;-255.949;0;None;1000;None;13:26:36.069
2571;27.8884;27.8492;22.047;-256.277;-256.684;-256.903;-256.966;-255.949;0;None;1000;None;13:26:36.569
2572;27.8884;27.8414;22.0431;-256.277;-256.668;-256.895;-256.966;-255.956;0;None;1000;None;13:26:37.069
2573;27.8962;27.8414;22.047;-256.277;-256.676;-256.903;-256.966;-255.941;0;None;1000;None;13:26:37.569
2574;27.8884;27.8336;22.047;-256.277;-256.676;-256.903;-256.966;-255.956;0;None;1000;None;13:26:38.070
2575;27.8805;27.8414;22.0509;-256.269;-256.676;-256.911;-256.958;-255.949;0;None;1000;None;13:26:38.569
2576;27.8884;27.8336;22.047;-256.277;-256.676;-256.895;-256.966;-255.949;0;None;1000;None;13:26:39.069
2577;27.8805;27.8297;22.047;-256.277;-256.668;-256.903;-256.958;-255.949;0;None;1000;None;13:26:39.569
2578;27.8805;27.8258;22.047;-256.269;-256.676;-256.903;-256.958;-255.949;0;None;1000;None;13:26:40.069
2579;27.8727;27.8219;22.0431;-256.277;-256.684;-256.895;-256.966;-255.941;0;None;1000;None;13:26:40.572
2580;27.8727;27.8219;22.047;-256.269;-256.684;-256.895;-256.958;-255.949;0;None;1000;None;13:26:41.071
2581;27.8649;27.8219;22.047;-256.269;-256.684;-256.895;-256.958;-255.941;0;None;1000;None;13:26:41.572
2582;27.8649;27.8179;22.0431;-256.277;-256.676;-256.895;-256.958;-255.941;0;None;1000;None;13:26:42.071
2583;27.8571;27.814;22.0431;-256.277;-256.684;-256.888;-256.966;-255.949;0;None;1000;None;13:26:42.571
2584;27.8571;27.8179;22.047;-256.269;-256.692;-256.895;-256.966;-255.941;0;None;1000;None;13:26:43.070
2585;27.8571;27.8062;22.0353;-256.277;-256.692;-256.895;-256.95;-255.941;0;None;1000;None;13:26:43.571
2586;27.8492;27.8062;22.0431;-256.277;-256.684;-256.895;-256.966;-255.941;0;None;1000;None;13:26:44.071
2587;27.8492;27.7984;22.0431;-256.277;-256.676;-256.895;-256.966;-255.949;0;None;1000;None;13:26:44.571
2588;27.8492;27.7984;22.0431;-256.285;-256.684;-256.895;-256.958;-255.941;0;None;1000;None;13:26:45.071
2589;27.8492;27.7906;22.047;-256.285;-256.684;-256.895;-256.958;-255.949;0;None;1000;None;13:26:45.571
2590;27.8492;27.7906;22.047;-256.277;-256.684;-256.895;-256.958;-255.941;0;None;1000;None;13:26:46.071
2591;27.8414;27.7827;22.047;-256.277;-256.684;-256.895;-256.966;-255.949;0;None;1000;None;13:26:46.571
2592;27.8414;27.7906;22.0431;-256.285;-256.684;-256.895;-256.958;-255.941;0;None;1000;None;13:26:47.071
2593;27.8414;27.7749;22.047;-256.277;-256.684;-256.895;-256.966;-255.949;0;None;1000;None;13:26:47.572
2594;27.8414;27.7827;22.0431;-256.277;-256.692;-256.888;-256.958;-255.945;0;None;1000;None;13:26:48.072
2595;27.8336;27.7671;22.047;-256.285;-256.692;-256.895;-256.966;-255.949;0;None;1000;None;13:26:48.572
2596;27.8414;27.7671;22.0509;-256.285;-256.684;-256.895;-256.966;-255.941;0;None;1000;None;13:26:49.071
2597;27.8336;27.7671;22.0431;-256.277;-256.692;-256.888;-256.958;-255.949;0;None;1000;None;13:26:49.572
2598;27.8258;27.7514;22.047;-256.285;-256.684;-256.895;-256.958;-255.945;0;None;1000;None;13:26:50.071
2599;27.8179;27.7514;22.047;-256.269;-256.684;-256.895;-256.958;-255.941;0;None;1000;None;13:26:50.571
2600;27.8258;27.7436;22.047;-256.277;-256.684;-256.895;-256.974;-255.941;0;None;1000;None;13:26:51.073
2601;27.8179;27.7436;22.0431;-256.277;-256.684;-256.888;-256.966;-255.949;0;None;1000;None;13:26:51.572
2602;27.8101;27.7358;22.047;-256.277;-256.684;-256.895;-256.966;-255.945;0;None;1000;None;13:26:52.071
2603;27.8179;27.728;22.047;-256.277;-256.692;-256.888;-256.958;-255.937;0;None;1000;None;13:26:52.572
2604;27.8101;27.728;22.0431;-256.285;-256.684;-256.895;-256.958;-255.949;0;None;1000;None;13:26:53.071
2605;27.8023;27.728;22.047;-256.269;-256.684;-256.895;-256.958;-255.941;0;None;1000;None;13:26:53.572
2606;27.8101;27.7201;22.047;-256.277;-256.692;-256.895;-256.958;-255.949;0;None;1000;None;13:26:54.071
2607;27.8023;27.7201;22.047;-256.277;-256.684;-256.895;-256.958;-255.949;0;None;1000;None;13:26:54.572
2608;27.7945;27.7123;22.047;-256.277;-256.684;-256.895;-256.966;-255.949;0;None;1000;None;13:26:55.071
2609;27.7906;27.7123;22.047;-256.277;-256.692;-256.903;-256.966;-255.949;0;None;1000;None;13:26:55.572
2610;27.7866;27.7045;22.047;-256.277;-256.684;-256.895;-256.966;-255.941;0;None;1000;None;13:26:56.071
2611;27.7866;27.7045;22.047;-256.277;-256.692;-256.895;-256.958;-255.956;0;None;1000;None;13:26:56.571
2612;27.7906;27.6967;22.0431;-256.277;-256.692;-256.895;-256.958;-255.949;0;None;1000;None;13:26:57.072
2613;27.7827;27.6967;22.047;-256.269;-256.684;-256.888;-256.95;-255.949;0;None;1000;None;13:26:57.573
2614;27.7866;27.6967;22.047;-256.277;-256.692;-256.903;-256.958;-255.941;0;None;1000;None;13:26:58.072
2615;27.7788;27.6888;22.0509;-256.277;-256.684;-256.895;-256.95;-255.956;0;None;1000;None;13:26:58.571
2616;27.7827;27.681;22.047;-256.269;-256.692;-256.895;-256.958;-255.949;0;None;1000;None;13:26:59.072
2617;27.7788;27.681;22.047;-256.277;-256.692;-256.895;-256.958;-255.941;0;None;1000;None;13:26:59.571
2618;27.7749;27.681;22.047;-256.269;-256.692;-256.895;-256.958;-255.956;0;None;1000;None;13:27:00.073
2619;27.7788;27.681;22.047;-256.277;-256.692;-256.895;-256.95;-255.949;0;None;1000;None;13:27:00.571
2620;27.7749;27.6732;22.0431;-256.269;-256.684;-256.895;-256.966;-255.949;0;None;1000;None;13:27:01.070
2621;27.7671;27.681;22.047;-256.277;-256.692;-256.895;-256.958;-255.949;0;None;1000;None;13:27:01.571
2622;27.7671;27.6732;22.047;-256.277;-256.692;-256.895;-256.958;-255.956;0;None;1000;None;13:27:02.072
2623;27.7671;27.6732;22.0431;-256.269;-256.692;-256.888;-256.958;-255.949;0;None;1000;None;13:27:02.571
2624;27.7514;27.6654;22.047;-256.277;-256.692;-256.895;-256.966;-255.949;0;None;1000;None;13:27:03.072
2625;27.7593;27.6575;22.047;-256.277;-256.684;-256.888;-256.966;-255.941;0;None;1000;None;13:27:03.573
2626;27.7514;27.6654;22.047;-256.285;-256.692;-256.895;-256.95;-255.949;0;None;1000;None;13:27:04.070
2627;27.7514;27.6614;22.047;-256.277;-256.684;-256.895;-256.966;-255.949;0;None;1000;None;13:27:04.573
2628;27.7436;27.6575;22.047;-256.285;-256.684;-256.895;-256.966;-255.949;0;None;1000;None;13:27:05.071
2629;27.7436;27.6575;22.047;-256.277;-256.692;-256.895;-256.966;-255.949;0;None;1000;None;13:27:05.572
2630;27.7436;27.6536;22.047;-256.277;-256.684;-256.895;-256.966;-255.941;0;None;1000;None;13:27:06.072
2631;27.7436;27.6536;22.047;-256.285;-256.692;-256.895;-256.958;-255.949;0;None;1000;None;13:27:06.573
2632;27.7358;27.6497;22.047;-256.277;-256.684;-256.895;-256.966;-255.949;0;None;1000;None;13:27:07.072
2633;27.7358;27.6458;22.0509;-256.285;-256.684;-256.895;-256.966;-255.941;0;None;1000;None;13:27:07.572
2634;27.7358;27.6458;22.0509;-256.277;-256.692;-256.895;-256.966;-255.949;0;None;1000;None;13:27:08.072
2635;27.728;27.6419;22.0509;-256.285;-256.684;-256.903;-256.958;-255.949;0;None;1000;None;13:27:08.572
2636;27.728;27.6458;22.047;-256.277;-256.692;-256.895;-256.958;-255.949;0;None;1000;None;13:27:09.072
2637;27.7201;27.6419;22.047;-256.277;-256.684;-256.895;-256.966;-255.949;0;None;1000;None;13:27:09.572
2638;27.728;27.6419;22.0509;-256.277;-256.676;-256.903;-256.958;-255.949;0;None;1000;None;13:27:10.073
2639;27.7123;27.638;22.047;-256.277;-256.684;-256.895;-256.958;-255.941;0;None;1000;None;13:27:10.572
2640;27.7201;27.638;22.0509;-256.269;-256.684;-256.903;-256.958;-255.941;0;None;1000;None;13:27:11.072
2641;27.7123;27.6301;22.0509;-256.277;-256.684;-256.895;-256.966;-255.949;0;None;1000;None;13:27:11.572
2642;27.7201;27.6301;22.0509;-256.277;-256.684;-256.895;-256.958;-255.949;0;None;1000;None;13:27:12.073
2643;27.7123;27.6301;22.0509;-256.269;-256.684;-256.895;-256.974;-255.949;0;None;1000;None;13:27:12.573
2644;27.7045;27.6223;22.0509;-256.269;-256.692;-256.903;-256.966;-255.949;0;None;1000;None;13:27:13.072
2645;27.7045;27.6145;22.0509;-256.269;-256.676;-256.911;-256.958;-255.949;0;None;1000;None;13:27:13.573
2646;27.6967;27.6145;22.0509;-256.269;-256.684;-256.903;-256.974;-255.949;0;None;1000;None;13:27:14.072
2647;27.6967;27.6145;22.0509;-256.269;-256.676;-256.903;-256.966;-255.949;0;None;1000;None;13:27:14.572
2648;27.6888;27.6145;22.0548;-256.269;-256.676;-256.903;-256.974;-255.949;0;None;1000;None;13:27:15.073
2649;27.6888;27.6145;22.0509;-256.277;-256.676;-256.911;-256.958;-255.949;0;None;1000;None;13:27:15.573
2650;27.6888;27.6223;22.0548;-256.269;-256.684;-256.903;-256.966;-255.949;0;None;1000;None;13:27:16.072
2651;27.681;27.6067;22.0509;-256.269;-256.684;-256.911;-256.958;-255.941;0;None;1000;None;13:27:16.573
2652;27.6732;27.6145;22.0509;-256.277;-256.684;-256.895;-256.966;-255.949;0;None;1000;None;13:27:17.072
2653;27.681;27.6067;22.0509;-256.269;-256.676;-256.903;-256.958;-255.956;0;None;1000;None;13:27:17.573
2654;27.6732;27.5988;22.0548;-256.277;-256.684;-256.903;-256.966;-255.949;0;None;1000;None;13:27:18.072
2655;27.6732;27.6067;22.0509;-256.277;-256.684;-256.895;-256.958;-255.949;0;None;1000;None;13:27:18.573
2656;27.6654;27.591;22.0548;-256.269;-256.684;-256.903;-256.958;-255.941;0;None;1000;None;13:27:19.072
2657;27.6654;27.5988;22.0548;-256.277;-256.692;-256.911;-256.966;-255.949;0;None;1000;None;13:27:19.573
2658;27.6654;27.591;22.0548;-256.277;-256.684;-256.911;-256.958;-255.949;0;None;1000;None;13:27:20.073
2659;27.6575;27.591;22.0548;-256.277;-256.684;-256.903;-256.958;-255.949;0;None;1000;None;13:27:20.572
2660;27.6575;27.591;22.0548;-256.277;-256.684;-256.903;-256.958;-255.949;0;None;1000;None;13:27:21.073
2661;27.6575;27.591;22.0509;-256.277;-256.692;-256.903;-256.966;-255.949;0;None;1000;None;13:27:21.572
2662;27.6497;27.5754;22.0548;-256.277;-256.676;-256.903;-256.958;-255.949;0;None;1000;None;13:27:22.073
2663;27.6575;27.5832;22.0587;-256.277;-256.676;-256.903;-256.958;-255.949;0;None;1000;None;13:27:22.573
2664;27.6497;27.5832;22.0587;-256.269;-256.676;-256.903;-256.95;-255.949;0;None;1000;None;13:27:23.073
2665;27.6497;27.5754;22.0587;-256.277;-256.684;-256.903;-256.966;-255.956;0;None;1000;None;13:27:23.574
2666;27.6341;27.5754;22.0587;-256.269;-256.676;-256.903;-256.966;-255.949;0;None;1000;None;13:27:24.072
2667;27.6341;27.5754;22.0587;-256.277;-256.676;-256.903;-256.966;-255.949;0;None;1000;None;13:27:24.573
2668;27.6262;27.5754;22.0626;-256.277;-256.676;-256.903;-256.966;-255.956;0;None;1000;None;13:27:25.072
2669;27.6341;27.5675;22.0587;-256.269;-256.676;-256.903;-256.974;-255.949;0;None;1000;None;13:27:25.573
2670;27.6262;27.5675;22.0587;-256.277;-256.676;-256.903;-256.966;-255.949;0;None;1000;None;13:27:26.073
2671;27.6184;27.5675;22.0587;-256.277;-256.676;-256.903;-256.966;-255.949;0;None;1000;None;13:27:26.571
2672;27.6184;27.5597;22.0626;-256.277;-256.668;-256.903;-256.958;-255.949;0;None;1000;None;13:27:27.072
2673;27.6106;27.5675;22.0587;-256.277;-256.676;-256.903;-256.966;-255.956;0;None;1000;None;13:27:27.573
2674;27.6184;27.5675;22.0626;-256.285;-256.676;-256.903;-256.966;-255.949;0;None;1000;None;13:27:28.071
2675;27.6028;27.5597;22.0626;-256.277;-256.668;-256.903;-256.958;-255.956;0;None;1000;None;13:27:28.570
2676;27.6106;27.5597;22.0587;-256.277;-256.676;-256.903;-256.958;-255.949;0;None;1000;None;13:27:29.072
2677;27.6106;27.5519;22.0587;-256.277;-256.676;-256.903;-256.966;-255.949;0;None;1000;None;13:27:29.572
2678;27.6028;27.5519;22.0548;-256.285;-256.676;-256.895;-256.966;-255.956;0;None;1000;None;13:27:30.072
2679;27.6028;27.5597;22.0548;-256.285;-256.676;-256.895;-256.958;-255.949;0;None;1000;None;13:27:30.573
2680;27.6106;27.5441;22.0548;-256.277;-256.676;-256.903;-256.958;-255.956;0;None;1000;None;13:27:31.072
2681;27.6106;27.5362;22.0548;-256.277;-256.676;-256.895;-256.95;-255.956;0;None;1000;None;13:27:31.572
2682;27.6028;27.5441;22.0548;-256.285;-256.684;-256.895;-256.958;-255.956;0;None;1000;None;13:27:32.072
2683;27.6028;27.5519;22.0587;-256.277;-256.676;-256.903;-256.958;-255.949;0;None;1000;None;13:27:32.573
2684;27.6028;27.5362;22.0548;-256.277;-256.684;-256.895;-256.958;-255.956;0;None;1000;None;13:27:33.074
2685;27.5949;27.5362;22.0509;-256.285;-256.684;-256.895;-256.966;-255.949;0;None;1000;None;13:27:33.572
2686;27.5949;27.5362;22.0509;-256.277;-256.676;-256.903;-256.958;-255.956;0;None;1000;None;13:27:34.073
2687;27.5949;27.5284;22.0509;-256.285;-256.676;-256.895;-256.966;-255.949;0;None;1000;None;13:27:34.573
2688;27.5949;27.5284;22.0509;-256.285;-256.676;-256.895;-256.958;-255.956;0;None;1000;None;13:27:35.072
2689;27.5871;27.5206;22.047;-256.285;-256.676;-256.895;-256.966;-255.956;0;None;1000;None;13:27:35.573
2690;27.5871;27.5284;22.0509;-256.269;-256.684;-256.895;-256.958;-255.949;0;None;1000;None;13:27:36.074
2691;27.5871;27.5206;22.0509;-256.277;-256.676;-256.888;-256.958;-255.956;0;None;1000;None;13:27:36.573
2692;27.5793;27.5128;22.047;-256.277;-256.684;-256.895;-256.966;-255.949;0;None;1000;None;13:27:37.073
2693;27.5793;27.5049;22.0509;-256.277;-256.684;-256.895;-256.958;-255.956;0;None;1000;None;13:27:37.574
2694;27.5754;27.5049;22.047;-256.285;-256.692;-256.895;-256.966;-255.949;0;None;1000;None;13:27:38.073
2695;27.5754;27.4971;22.047;-256.285;-256.684;-256.903;-256.966;-255.956;0;None;1000;None;13:27:38.573
2696;27.5754;27.4971;22.0509;-256.285;-256.684;-256.903;-256.958;-255.949;0;None;1000;None;13:27:39.074
2697;27.5715;27.4971;22.047;-256.285;-256.684;-256.903;-256.958;-255.949;0;None;1000;None;13:27:39.573
2698;27.5675;27.4893;22.0509;-256.277;-256.684;-256.903;-256.958;-255.956;0;None;1000;None;13:27:40.073
2699;27.5675;27.4971;22.047;-256.285;-256.692;-256.903;-256.958;-255.949;0;None;1000;None;13:27:40.574
2700;27.5675;27.4893;22.0548;-256.285;-256.684;-256.903;-256.958;-255.949;0;None;1000;None;13:27:41.073
2701;27.5636;27.4815;22.0548;-256.285;-256.692;-256.895;-256.95;-255.956;0;None;1000;None;13:27:41.572
2702;27.5636;27.4815;22.0509;-256.285;-256.684;-256.903;-256.942;-255.949;0;None;1000;None;13:27:42.073
2703;27.5636;27.4815;22.0587;-256.277;-256.692;-256.895;-256.95;-255.949;0;None;1000;None;13:27:42.573
2704;27.5597;27.4736;22.0587;-256.285;-256.684;-256.895;-256.958;-255.941;0;None;1000;None;13:27:43.073
2705;27.5519;27.4736;22.0548;-256.285;-256.684;-256.895;-256.95;-255.949;0;None;1000;None;13:27:43.574
2706;27.5441;27.4736;22.0587;-256.277;-256.684;-256.895;-256.95;-255.956;0;None;1000;None;13:27:44.074
2707;27.5519;27.458;22.0548;-256.285;-256.692;-256.903;-256.95;-255.949;0;None;1000;None;13:27:44.573
2708;27.5441;27.458;22.0548;-256.277;-256.676;-256.903;-256.958;-255.949;0;None;1000;None;13:27:45.073
2709;27.5519;27.458;22.0548;-256.269;-256.684;-256.903;-256.95;-255.949;0;None;1000;None;13:27:45.573
2710;27.5441;27.458;22.0509;-256.277;-256.684;-256.895;-256.958;-255.956;0;None;1000;None;13:27:46.073
2711;27.5441;27.4658;22.0509;-256.277;-256.676;-256.903;-256.966;-255.949;0;None;1000;None;13:27:46.573
2712;27.5362;27.458;22.0509;-256.277;-256.676;-256.903;-256.958;-255.949;0;None;1000;None;13:27:47.073
2713;27.5362;27.458;22.0509;-256.277;-256.684;-256.895;-256.958;-255.949;0;None;1000;None;13:27:47.573
2714;27.5284;27.458;22.0509;-256.277;-256.684;-256.888;-256.958;-255.949;0;None;1000;None;13:27:48.074
2715;27.5284;27.4502;22.0509;-256.277;-256.684;-256.895;-256.966;-255.949;0;None;1000;None;13:27:48.574
2716;27.5284;27.4502;22.0509;-256.269;-256.684;-256.895;-256.966;-255.949;0;None;1000;None;13:27:49.074
2717;27.5206;27.4423;22.0509;-256.277;-256.692;-256.903;-256.958;-255.949;0;None;1000;None;13:27:49.573
2718;27.5284;27.4502;22.047;-256.277;-256.692;-256.895;-256.958;-255.956;0;None;1000;None;13:27:50.073
2719;27.5128;27.4423;22.0509;-256.269;-256.684;-256.903;-256.958;-255.949;0;None;1000;None;13:27:50.572
2720;27.5206;27.4384;22.047;-256.277;-256.692;-256.903;-256.958;-255.941;0;None;1000;None;13:27:51.074
2721;27.5206;27.4384;22.0431;-256.269;-256.684;-256.895;-256.958;-255.949;0;None;1000;None;13:27:51.574
2722;27.5128;27.4345;22.047;-256.277;-256.692;-256.903;-256.958;-255.949;0;None;1000;None;13:27:52.074
2723;27.5128;27.4384;22.047;-256.269;-256.684;-256.895;-256.958;-255.949;0;None;1000;None;13:27:52.573
2724;27.5049;27.4345;22.047;-256.277;-256.692;-256.903;-256.958;-255.956;0;None;1000;None;13:27:53.074
2725;27.4971;27.4306;22.047;-256.285;-256.692;-256.903;-256.958;-255.949;0;None;1000;None;13:27:53.574
2726;27.4971;27.4345;22.0509;-256.277;-256.692;-256.895;-256.95;-255.949;0;None;1000;None;13:27:54.073
2727;27.4971;27.4345;22.0509;-256.277;-256.692;-256.903;-256.958;-255.956;0;None;1000;None;13:27:54.574
2728;27.4893;27.4345;22.047;-256.285;-256.684;-256.895;-256.95;-255.956;0;None;1000;None;13:27:55.074
2729;27.4893;27.4345;22.0509;-256.269;-256.692;-256.903;-256.95;-255.949;0;None;1000;None;13:27:55.574
2730;27.4815;27.4306;22.0548;-256.277;-256.684;-256.895;-256.958;-255.949;0;None;1000;None;13:27:56.074
2731;27.4736;27.4267;22.047;-256.269;-256.684;-256.903;-256.95;-255.949;0;None;1000;None;13:27:56.574
2732;27.4736;27.4267;22.0509;-256.277;-256.684;-256.903;-256.958;-255.949;0;None;1000;None;13:27:57.074
2733;27.4658;27.4189;22.0509;-256.277;-256.684;-256.895;-256.966;-255.949;0;None;1000;None;13:27:57.573
2734;27.4658;27.4267;22.0509;-256.269;-256.692;-256.903;-256.958;-255.949;0;None;1000;None;13:27:58.073
2735;27.4658;27.4228;22.0509;-256.277;-256.684;-256.895;-256.966;-255.949;0;None;1000;None;13:27:58.574
2736;27.4658;27.4228;22.0509;-256.269;-256.684;-256.903;-256.958;-255.941;0;None;1000;None;13:27:59.074
2737;27.4658;27.415;22.0509;-256.277;-256.684;-256.903;-256.966;-255.949;0;None;1000;None;13:27:59.572
2738;27.458;27.415;22.0548;-256.269;-256.676;-256.903;-256.958;-255.941;0;None;1000;None;13:28:00.072
2739;27.458;27.415;22.0509;-256.269;-256.692;-256.903;-256.958;-255.949;0;None;1000;None;13:28:00.573
2740;27.458;27.4071;22.0548;-256.269;-256.684;-256.903;-256.958;-255.941;0;None;1000;None;13:28:01.073
2741;27.4502;27.3993;22.0509;-256.277;-256.684;-256.903;-256.958;-255.941;0;None;1000;None;13:28:01.572
2742;27.4502;27.3993;22.0509;-256.269;-256.692;-256.895;-256.966;-255.941;0;None;1000;None;13:28:02.072
2743;27.4502;27.3993;22.0548;-256.277;-256.684;-256.903;-256.966;-255.941;0;None;1000;None;13:28:02.572
2744;27.4423;27.3993;22.0509;-256.277;-256.684;-256.895;-256.958;-255.949;0;None;1000;None;13:28:03.074
2745;27.4345;27.3993;22.0548;-256.269;-256.692;-256.903;-256.95;-255.941;0;None;1000;None;13:28:03.573
2746;27.4423;27.3915;22.0548;-256.277;-256.684;-256.903;-256.958;-255.941;0;None;1000;None;13:28:04.073
2747;27.4423;27.3837;22.0548;-256.269;-256.692;-256.903;-256.974;-255.949;0;None;1000;None;13:28:04.574
2748;27.4345;27.3915;22.0548;-256.277;-256.692;-256.903;-256.966;-255.949;0;None;1000;None;13:28:05.074
2749;27.4267;27.3837;22.0587;-256.277;-256.684;-256.903;-256.958;-255.956;0;None;1000;None;13:28:05.573
2750;27.4267;27.3837;22.0548;-256.269;-256.684;-256.903;-256.958;-255.949;0;None;1000;None;13:28:06.073
2751;27.4345;27.3758;22.0548;-256.269;-256.684;-256.903;-256.958;-255.949;0;None;1000;None;13:28:06.573
2752;27.4189;27.3837;22.0548;-256.277;-256.692;-256.895;-256.966;-255.949;0;None;1000;None;13:28:07.074
2753;27.4189;27.368;22.0548;-256.269;-256.692;-256.903;-256.966;-255.949;0;None;1000;None;13:28:07.575
2754;27.411;27.368;22.0509;-256.277;-256.692;-256.895;-256.966;-255.956;0;None;1000;None;13:28:08.074
2755;27.411;27.368;22.0509;-256.277;-256.684;-256.895;-256.958;-255.949;0;None;1000;None;13:28:08.574
2756;27.411;27.3602;22.0509;-256.277;-256.684;-256.903;-256.966;-255.949;0;None;1000;None;13:28:09.075
2757;27.4032;27.3524;22.0509;-256.285;-256.692;-256.895;-256.966;-255.949;0;None;1000;None;13:28:09.575
2758;27.4032;27.3524;22.047;-256.277;-256.684;-256.895;-256.966;-255.941;0;None;1000;None;13:28:10.074
2759;27.411;27.3524;22.0509;-256.285;-256.684;-256.895;-256.958;-255.949;0;None;1000;None;13:28:10.574
2760;27.4032;27.3445;22.0509;-256.285;-256.692;-256.895;-256.966;-255.949;0;None;1000;None;13:28:11.075
2761;27.4032;27.3524;22.047;-256.285;-256.684;-256.895;-256.958;-255.949;0;None;1000;None;13:28:11.574
2762;27.3954;27.3445;22.047;-256.285;-256.692;-256.903;-256.958;-255.949;0;None;1000;None;13:28:12.074
2763;27.3954;27.3445;22.0509;-256.277;-256.684;-256.895;-256.958;-255.949;0;None;1000;None;13:28:12.574
2764;27.3954;27.3367;22.047;-256.285;-256.692;-256.888;-256.958;-255.956;0;None;1000;None;13:28:13.074
2765;27.3876;27.3367;22.0509;-256.277;-256.684;-256.895;-256.966;-255.949;0;None;1000;None;13:28:13.575
2766;27.3876;27.3289;22.047;-256.285;-256.684;-256.895;-256.958;-255.949;0;None;1000;None;13:28:14.075
2767;27.3876;27.3367;22.047;-256.277;-256.684;-256.895;-256.95;-255.949;0;None;1000;None;13:28:14.575
2768;27.3876;27.3289;22.0509;-256.285;-256.692;-256.895;-256.95;-255.949;0;None;1000;None;13:28:15.074
2769;27.3797;27.3211;22.047;-256.277;-256.684;-256.895;-256.942;-255.949;0;None;1000;None;13:28:15.575
2770;27.3876;27.3211;22.0509;-256.277;-256.692;-256.903;-256.95;-255.956;0;None;1000;None;13:28:16.075
2771;27.3797;27.3132;22.047;-256.285;-256.684;-256.895;-256.958;-255.949;0;None;1000;None;13:28:16.574
2772;27.3719;27.3054;22.047;-256.285;-256.692;-256.895;-256.95;-255.956;0;None;1000;None;13:28:17.075
2773;27.3797;27.3132;22.047;-256.277;-256.692;-256.895;-256.95;-255.956;0;None;1000;None;13:28:17.575
2774;27.3719;27.3054;22.0509;-256.277;-256.684;-256.895;-256.958;-255.949;0;None;1000;None;13:28:18.075
2775;27.3719;27.2976;22.0509;-256.285;-256.684;-256.903;-256.958;-255.956;0;None;1000;None;13:28:18.575
2776;27.3719;27.2976;22.047;-256.285;-256.692;-256.895;-256.95;-255.956;0;None;1000;None;13:28:19.075
2777;27.3641;27.2898;22.0548;-256.285;-256.684;-256.895;-256.958;-255.949;0;None;1000;None;13:28:19.574
2778;27.3641;27.2976;22.047;-256.277;-256.684;-256.895;-256.958;-255.949;0;None;1000;None;13:28:20.075
2779;27.3563;27.2819;22.0509;-256.285;-256.684;-256.895;-256.958;-255.956;0;None;1000;None;13:28:20.576
2780;27.3602;27.2819;22.0509;-256.277;-256.676;-256.895;-256.958;-255.956;0;None;1000;None;13:28:21.074
2781;27.3563;27.2819;22.047;-256.285;-256.684;-256.895;-256.958;-255.949;0;None;1000;None;13:28:21.575
2782;27.3563;27.2819;22.0509;-256.285;-256.692;-256.903;-256.958;-255.949;0;None;1000;None;13:28:22.075
2783;27.3602;27.2819;22.0509;-256.277;-256.684;-256.903;-256.966;-255.956;0;None;1000;None;13:28:22.575
2784;27.3563;27.2819;22.0509;-256.285;-256.684;-256.895;-256.95;-255.956;0;None;1000;None;13:28:23.075
2785;27.3563;27.2741;22.047;-256.277;-256.692;-256.903;-256.95;-255.949;0;None;1000;None;13:28:23.574
2786;27.3524;27.2741;22.0509;-256.277;-256.684;-256.903;-256.958;-255.956;0;None;1000;None;13:28:24.075
2787;27.3563;27.2741;22.0509;-256.277;-256.684;-256.895;-256.958;-255.941;0;None;1000;None;13:28:24.575
2788;27.3484;27.2663;22.0509;-256.277;-256.684;-256.903;-256.958;-255.956;0;None;1000;None;13:28:25.076
2789;27.3484;27.2663;22.0587;-256.277;-256.692;-256.903;-256.95;-255.949;0;None;1000;None;13:28:25.576
2790;27.3484;27.2585;22.0587;-256.277;-256.692;-256.903;-256.958;-255.949;0;None;1000;None;13:28:26.074
2791;27.3445;27.2585;22.0587;-256.285;-256.684;-256.903;-256.966;-255.956;0;None;1000;None;13:28:26.575
2792;27.3484;27.2585;22.0587;-256.277;-256.692;-256.903;-256.95;-255.949;0;None;1000;None;13:28:27.075
2793;27.3367;27.235;22.0587;-256.277;-256.692;-256.903;-256.95;-255.949;0;None;1000;None;13:28:27.577
2794;27.3445;27.235;22.0587;-256.277;-256.692;-256.895;-256.958;-255.949;0;None;1000;None;13:28:28.074
2795;27.3367;27.2272;22.0587;-256.277;-256.684;-256.903;-256.95;-255.949;0;None;1000;None;13:28:28.574
2796;27.3367;27.235;22.0587;-256.285;-256.7;-256.903;-256.95;-255.956;0;None;1000;None;13:28:29.075
2797;27.3367;27.2232;22.0548;-256.277;-256.684;-256.903;-256.95;-255.949;0;None;1000;None;13:28:29.575
2798;27.3289;27.2232;22.0548;-256.285;-256.692;-256.903;-256.95;-255.949;0;None;1000;None;13:28:30.075
2799;27.3289;27.2232;22.0548;-256.277;-256.684;-256.903;-256.95;-255.956;0;None;1000;None;13:28:30.575
2800;27.3289;27.2232;22.0548;-256.285;-256.684;-256.903;-256.95;-255.949;0;None;1000;None;13:28:31.075
2801;27.3211;27.2193;22.0587;-256.277;-256.692;-256.903;-256.95;-255.949;0;None;1000;None;13:28:31.576
2802;27.3211;27.2193;22.0548;-256.285;-256.684;-256.895;-256.95;-255.949;0;None;1000;None;13:28:32.076
2803;27.3211;27.2154;22.0548;-256.277;-256.692;-256.903;-256.958;-255.956;0;None;1000;None;13:28:32.576
2804;27.3132;27.2193;22.0548;-256.285;-256.684;-256.903;-256.95;-255.949;0;None;1000;None;13:28:33.075
2805;27.3132;27.2154;22.0548;-256.285;-256.692;-256.895;-256.958;-255.956;0;None;1000;None;13:28:33.573
2806;27.3054;27.2193;22.0548;-256.277;-256.692;-256.911;-256.95;-255.949;0;None;1000;None;13:28:34.073
2807;27.3054;27.2154;22.0509;-256.277;-256.692;-256.903;-256.958;-255.949;0;None;1000;None;13:28:34.573
2808;27.3054;27.2154;22.0587;-256.285;-256.692;-256.903;-256.95;-255.949;0;None;1000;None;13:28:35.074
2809;27.2976;27.2154;22.0509;-256.285;-256.692;-256.903;-256.958;-255.941;0;None;1000;None;13:28:35.575
2810;27.2976;27.2193;22.0587;-256.277;-256.684;-256.903;-256.966;-255.949;0;None;1000;None;13:28:36.076
2811;27.2976;27.2154;22.0548;-256.285;-256.692;-256.903;-256.958;-255.949;0;None;1000;None;13:28:36.573
2812;27.2898;27.2154;22.0548;-256.277;-256.692;-256.903;-256.95;-255.949;0;None;1000;None;13:28:37.075
2813;27.2898;27.2154;22.0587;-256.285;-256.684;-256.895;-256.95;-255.941;0;None;1000;None;13:28:37.576
2814;27.2819;27.2115;22.0548;-256.277;-256.692;-256.895;-256.95;-255.949;0;None;1000;None;13:28:38.075
2815;27.2898;27.2076;22.0587;-256.277;-256.684;-256.903;-256.95;-255.949;0;None;1000;None;13:28:38.576
2816;27.2819;27.2115;22.0548;-256.285;-256.692;-256.903;-256.958;-255.949;0;None;1000;None;13:28:39.075
2817;27.2819;27.2076;22.0587;-256.277;-256.692;-256.903;-256.958;-255.949;0;None;1000;None;13:28:39.574
2818;27.2819;27.2076;22.0548;-256.277;-256.692;-256.903;-256.958;-255.956;0;None;1000;None;13:28:40.074
2819;27.2741;27.2076;22.0587;-256.277;-256.692;-256.903;-256.958;-255.941;0;None;1000;None;13:28:40.575
2820;27.2741;27.2076;22.0587;-256.277;-256.692;-256.895;-256.958;-255.941;0;None;1000;None;13:28:41.075
2821;27.2663;27.1998;22.0587;-256.285;-256.692;-256.903;-256.95;-255.949;0;None;1000;None;13:28:41.576
2822;27.2663;27.1998;22.0587;-256.277;-256.684;-256.903;-256.95;-255.941;0;None;1000;None;13:28:42.075
2823;27.2663;27.1919;22.0587;-256.277;-256.692;-256.903;-256.958;-255.949;0;None;1000;None;13:28:42.576
2824;27.2585;27.1919;22.0587;-256.277;-256.692;-256.895;-256.95;-255.949;0;None;1000;None;13:28:43.076
2825;27.2663;27.1919;22.0626;-256.285;-256.692;-256.895;-256.95;-255.949;0;None;1000;None;13:28:43.576
2826;27.2506;27.1841;22.0587;-256.285;-256.684;-256.903;-256.958;-255.949;0;None;1000;None;13:28:44.075
2827;27.2506;27.1919;22.0587;-256.277;-256.692;-256.895;-256.958;-255.949;0;None;1000;None;13:28:44.576
2828;27.2585;27.1919;22.0587;-256.285;-256.684;-256.903;-256.958;-255.941;0;None;1000;None;13:28:45.077
2829;27.2506;27.1763;22.0626;-256.277;-256.692;-256.903;-256.958;-255.949;0;None;1000;None;13:28:45.576
2830;27.2428;27.1685;22.0587;-256.277;-256.684;-256.903;-256.95;-255.949;0;None;1000;None;13:28:46.076
2831;27.2428;27.1685;22.0626;-256.285;-256.692;-256.895;-256.95;-255.949;0;None;1000;None;13:28:46.577
2832;27.235;27.1606;22.0587;-256.277;-256.684;-256.903;-256.95;-255.949;0;None;1000;None;13:28:47.076
2833;27.235;27.1606;22.0548;-256.285;-256.684;-256.903;-256.958;-255.949;0;None;1000;None;13:28:47.576
2834;27.235;27.1606;22.0587;-256.285;-256.692;-256.903;-256.95;-255.949;0;None;1000;None;13:28:48.076
2835;27.235;27.1685;22.0587;-256.285;-256.692;-256.895;-256.958;-255.949;0;None;1000;None;13:28:48.575
2836;27.235;27.1606;22.0587;-256.277;-256.692;-256.903;-256.958;-255.956;0;None;1000;None;13:28:49.075
2837;27.235;27.1606;22.0587;-256.277;-256.692;-256.903;-256.958;-255.949;0;None;1000;None;13:28:49.576
2838;27.235;27.1606;22.0587;-256.285;-256.692;-256.903;-256.95;-255.949;0;None;1000;None;13:28:50.075
2839;27.2272;27.1606;22.0626;-256.277;-256.692;-256.903;-256.958;-255.949;0;None;1000;None;13:28:50.576
2840;27.2272;27.1528;22.0587;-256.285;-256.684;-256.903;-256.966;-255.949;0;None;1000;None;13:28:51.076
2841;27.2193;27.1528;22.0626;-256.277;-256.692;-256.903;-256.958;-255.949;0;None;1000;None;13:28:51.575
2842;27.2193;27.1528;22.0548;-256.285;-256.684;-256.903;-256.958;-255.941;0;None;1000;None;13:28:52.075
2843;27.2115;27.1606;22.0626;-256.277;-256.692;-256.895;-256.958;-255.949;0;None;1000;None;13:28:52.576
2844;27.2193;27.1528;22.0587;-256.285;-256.684;-256.895;-256.95;-255.949;0;None;1000;None;13:28:53.075
2845;27.2193;27.1606;22.0587;-256.285;-256.692;-256.903;-256.958;-255.949;0;None;1000;None;13:28:53.574
2846;27.2193;27.1528;22.0626;-256.285;-256.684;-256.903;-256.958;-255.941;0;None;1000;None;13:28:54.075
2847;27.2115;27.145;22.0587;-256.277;-256.692;-256.895;-256.966;-255.949;0;None;1000;None;13:28:54.576
2848;27.2037;27.145;22.0587;-256.285;-256.684;-256.903;-256.958;-255.949;0;None;1000;None;13:28:55.075
2849;27.2115;27.145;22.0587;-256.285;-256.684;-256.903;-256.966;-255.949;0;None;1000;None;13:28:55.575
2850;27.1959;27.145;22.0587;-256.277;-256.692;-256.895;-256.966;-255.949;0;None;1000;None;13:28:56.074
2851;27.1959;27.145;22.0548;-256.285;-256.684;-256.895;-256.958;-255.949;0;None;1000;None;13:28:56.575
2852;27.1959;27.1293;22.0587;-256.285;-256.684;-256.903;-256.966;-255.949;0;None;1000;None;13:28:57.073
2853;27.188;27.1293;22.0548;-256.277;-256.684;-256.903;-256.958;-255.949;0;None;1000;None;13:28:57.575
2854;27.188;27.1293;22.0626;-256.285;-256.692;-256.903;-256.958;-255.949;0;None;1000;None;13:28:58.074
2855;27.188;27.1215;22.0587;-256.277;-256.692;-256.903;-256.966;-255.956;0;None;1000;None;13:28:58.574
2856;27.1802;27.1293;22.0548;-256.285;-256.684;-256.903;-256.958;-255.949;0;None;1000;None;13:28:59.074
2857;27.188;27.1293;22.0587;-256.277;-256.692;-256.903;-256.95;-255.949;0;None;1000;None;13:28:59.576
2858;27.1802;27.1293;22.0587;-256.285;-256.684;-256.895;-256.958;-255.949;0;None;1000;None;13:29:00.074
2859;27.1802;27.1137;22.0548;-256.285;-256.684;-256.903;-256.966;-255.949;0;None;1000;None;13:29:00.574
2860;27.1724;27.1215;22.0509;-256.285;-256.692;-256.903;-256.958;-255.949;0;None;1000;None;13:29:01.074
2861;27.1724;27.1215;22.0548;-256.269;-256.684;-256.903;-256.958;-255.949;0;None;1000;None;13:29:01.575
2862;27.1724;27.1215;22.0548;-256.277;-256.692;-256.903;-256.966;-255.949;0;None;1000;None;13:29:02.074
2863;27.1646;27.1137;22.0548;-256.277;-256.692;-256.903;-256.966;-255.949;0;None;1000;None;13:29:02.574
2864;27.1724;27.1137;22.0548;-256.285;-256.684;-256.895;-256.966;-255.949;0;None;1000;None;13:29:03.074
2865;27.1646;27.1059;22.0548;-256.277;-256.684;-256.903;-256.966;-255.949;0;None;1000;None;13:29:03.574
2866;27.1567;27.1059;22.0587;-256.277;-256.684;-256.903;-256.966;-255.949;0;None;1000;None;13:29:04.074
2867;27.1567;27.098;22.0587;-256.285;-256.692;-256.903;-256.966;-255.941;0;None;1000;None;13:29:04.575
2868;27.1489;27.1059;22.0587;-256.285;-256.692;-256.895;-256.966;-255.949;0;None;1000;None;13:29:05.076
2869;27.145;27.1059;22.0626;-256.285;-256.692;-256.903;-256.966;-255.941;0;None;1000;None;13:29:05.577
2870;27.1489;27.098;22.0587;-256.277;-256.684;-256.895;-256.966;-255.949;0;None;1000;None;13:29:06.076
2871;27.145;27.098;22.0587;-256.285;-256.684;-256.895;-256.966;-255.941;0;None;1000;None;13:29:06.576
2872;27.145;27.098;22.0626;-256.277;-256.692;-256.903;-256.958;-255.949;0;None;1000;None;13:29:07.076
2873;27.145;27.0902;22.0548;-256.285;-256.684;-256.895;-256.958;-255.949;0;None;1000;None;13:29:07.577
2874;27.145;27.0902;22.0587;-256.285;-256.684;-256.895;-256.958;-255.949;0;None;1000;None;13:29:08.077
2875;27.145;27.0902;22.0626;-256.285;-256.692;-256.895;-256.95;-255.949;0;None;1000;None;13:29:08.576
2876;27.145;27.0824;22.0587;-256.277;-256.692;-256.895;-256.958;-255.949;0;None;1000;None;13:29:09.076
2877;27.1372;27.0902;22.0587;-256.285;-256.684;-256.895;-256.95;-255.941;0;None;1000;None;13:29:09.576
2878;27.1411;27.0746;22.0626;-256.277;-256.684;-256.895;-256.958;-255.949;0;None;1000;None;13:29:10.076
2879;27.1372;27.0824;22.0626;-256.293;-256.684;-256.895;-256.95;-255.941;0;None;1000;None;13:29:10.577
2880;27.1372;27.0824;22.0587;-256.277;-256.684;-256.895;-256.95;-255.949;0;None;1000;None;13:29:11.077
2881;27.1333;27.0824;22.0626;-256.285;-256.684;-256.895;-256.95;-255.949;0;None;1000;None;13:29:11.577
2882;27.1333;27.0746;22.0587;-256.285;-256.684;-256.895;-256.958;-255.949;0;None;1000;None;13:29:12.077
2883;27.1333;27.0746;22.0626;-256.269;-256.684;-256.895;-256.958;-255.949;0;None;1000;None;13:29:12.577
2884;27.1293;27.0667;22.0626;-256.285;-256.692;-256.895;-256.95;-255.949;0;None;1000;None;13:29:13.077
2885;27.1333;27.0667;22.0626;-256.277;-256.684;-256.895;-256.95;-255.949;0;None;1000;None;13:29:13.577
2886;27.1293;27.0667;22.0626;-256.277;-256.692;-256.903;-256.958;-255.949;0;None;1000;None;13:29:14.076
2887;27.1293;27.0589;22.0666;-256.277;-256.684;-256.888;-256.95;-255.949;0;None;1000;None;13:29:14.577
2888;27.1215;27.0589;22.0626;-256.277;-256.684;-256.895;-256.958;-255.949;0;None;1000;None;13:29:15.077
2889;27.1215;27.0511;22.0626;-256.277;-256.684;-256.895;-256.95;-255.949;0;None;1000;None;13:29:15.577
2890;27.1137;27.0511;22.0705;-256.277;-256.676;-256.895;-256.966;-255.941;0;None;1000;None;13:29:16.077
2891;27.1215;27.055;22.0626;-256.277;-256.684;-256.895;-256.958;-255.949;0;None;1000;None;13:29:16.576
2892;27.1059;27.0511;22.0626;-256.277;-256.676;-256.903;-256.958;-255.949;0;None;1000;None;13:29:17.077
2893;27.1137;27.0433;22.0587;-256.277;-256.684;-256.895;-256.958;-255.949;0;None;1000;None;13:29:17.576
2894;27.1059;27.0472;22.0626;-256.277;-256.692;-256.895;-256.958;-255.949;0;None;1000;None;13:29:18.077
2895;27.1059;27.0472;22.0626;-256.285;-256.684;-256.895;-256.958;-255.949;0;None;1000;None;13:29:18.578
2896;27.098;27.0433;22.0626;-256.277;-256.684;-256.903;-256.95;-255.949;0;None;1000;None;13:29:19.076
2897;27.098;27.0394;22.0587;-256.277;-256.684;-256.895;-256.95;-255.949;0;None;1000;None;13:29:19.578
2898;27.098;27.0394;22.0548;-256.269;-256.692;-256.903;-256.958;-255.956;0;None;1000;None;13:29:20.077
2899;27.0902;27.0433;22.0587;-256.277;-256.684;-256.895;-256.958;-255.949;0;None;1000;None;13:29:20.577
2900;27.0902;27.0394;22.0587;-256.285;-256.692;-256.895;-256.958;-255.949;0;None;1000;None;13:29:21.076
2901;27.0902;27.0394;22.0587;-256.277;-256.684;-256.895;-256.958;-255.949;0;None;1000;None;13:29:21.577
2902;27.0824;27.0394;22.0626;-256.277;-256.684;-256.895;-256.958;-255.949;0;None;1000;None;13:29:22.077
2903;27.0746;27.0315;22.0587;-256.277;-256.676;-256.903;-256.966;-255.941;0;None;1000;None;13:29:22.578
2904;27.0824;27.0354;22.0587;-256.277;-256.692;-256.895;-256.958;-255.949;0;None;1000;None;13:29:23.076
2905;27.0746;27.0237;22.0626;-256.277;-256.692;-256.895;-256.958;-255.949;0;None;1000;None;13:29:23.576
2906;27.0667;27.0315;22.0587;-256.285;-256.692;-256.903;-256.966;-255.941;0;None;1000;None;13:29:24.076
2907;27.0667;27.0237;22.0548;-256.277;-256.684;-256.903;-256.95;-255.949;0;None;1000;None;13:29:24.577
2908;27.0667;27.0315;22.0509;-256.269;-256.692;-256.903;-256.95;-255.949;0;None;1000;None;13:29:25.076
2909;27.0667;27.0237;22.0548;-256.277;-256.684;-256.895;-256.958;-255.949;0;None;1000;None;13:29:25.577
2910;27.0667;27.0237;22.0548;-256.277;-256.684;-256.895;-256.958;-255.949;0;None;1000;None;13:29:26.076
2911;27.0667;27.0159;22.0548;-256.269;-256.684;-256.895;-256.95;-255.949;0;None;1000;None;13:29:26.578
2912;27.0511;27.0159;22.0509;-256.269;-256.692;-256.895;-256.95;-255.949;0;None;1000;None;13:29:27.077
2913;27.0589;27.0159;22.0548;-256.277;-256.684;-256.895;-256.958;-255.949;0;None;1000;None;13:29:27.577
2914;27.0667;27.0081;22.0548;-256.269;-256.684;-256.903;-256.966;-255.956;0;None;1000;None;13:29:28.077
2915;27.0511;27.0081;22.0548;-256.269;-256.692;-256.895;-256.958;-255.949;0;None;1000;None;13:29:28.577
2916;27.0511;27.0002;22.0548;-256.269;-256.684;-256.895;-256.95;-255.956;0;None;1000;None;13:29:29.077
2917;27.0511;27.0002;22.0548;-256.277;-256.692;-256.903;-256.958;-255.949;0;None;1000;None;13:29:29.577
2918;27.0433;27.0002;22.0548;-256.269;-256.684;-256.895;-256.958;-255.949;0;None;1000;None;13:29:30.077
2919;27.0433;26.9924;22.0548;-256.269;-256.684;-256.895;-256.958;-255.949;0;None;1000;None;13:29:30.575
2920;27.0354;26.9846;22.0509;-256.269;-256.684;-256.903;-256.95;-255.956;0;None;1000;None;13:29:31.078
2921;27.0354;26.9924;22.0548;-256.277;-256.676;-256.903;-256.958;-255.949;0;None;1000;None;13:29:31.576
2922;27.0276;26.9846;22.0509;-256.269;-256.684;-256.895;-256.958;-255.949;0;None;1000;None;13:29:32.077
2923;27.0276;26.9846;22.0548;-256.277;-256.676;-256.903;-256.966;-255.949;0;None;1000;None;13:29:32.577
2924;27.0276;26.9768;22.0548;-256.269;-256.684;-256.895;-256.958;-255.949;0;None;1000;None;13:29:33.075
2925;27.0276;26.9768;22.0587;-256.269;-256.684;-256.903;-256.958;-255.949;0;None;1000;None;13:29:33.576
2926;27.0198;26.9768;22.0587;-256.277;-256.676;-256.895;-256.958;-255.949;0;None;1000;None;13:29:34.076
2927;27.0198;26.9768;22.0587;-256.277;-256.692;-256.903;-256.966;-255.949;0;None;1000;None;13:29:34.575
2928;27.0276;26.9768;22.0626;-256.277;-256.676;-256.903;-256.958;-255.949;0;None;1000;None;13:29:35.077
2929;27.0198;26.9768;22.0626;-256.285;-256.676;-256.895;-256.958;-255.949;0;None;1000;None;13:29:35.577
2930;27.0198;26.9768;22.0587;-256.269;-256.684;-256.903;-256.958;-255.949;0;None;1000;None;13:29:36.077
2931;27.0198;26.9689;22.0626;-256.285;-256.684;-256.903;-256.958;-255.949;0;None;1000;None;13:29:36.576
2932;27.0198;26.9689;22.0587;-256.277;-256.684;-256.903;-256.958;-255.956;0;None;1000;None;13:29:37.077
2933;27.012;26.9689;22.0626;-256.269;-256.684;-256.903;-256.958;-255.949;0;None;1000;None;13:29:37.577
2934;27.012;26.9611;22.0587;-256.269;-256.676;-256.895;-256.95;-255.956;0;None;1000;None;13:29:38.077
2935;27.0041;26.9611;22.0626;-256.277;-256.684;-256.903;-256.942;-255.949;0;None;1000;None;13:29:38.577
2936;27.0041;26.9533;22.0626;-256.269;-256.676;-256.895;-256.958;-255.949;0;None;1000;None;13:29:39.075
2937;26.9963;26.9533;22.0587;-256.277;-256.684;-256.903;-256.95;-255.956;0;None;1000;None;13:29:39.575
2938;26.9963;26.9533;22.0626;-256.277;-256.684;-256.895;-256.958;-255.941;0;None;1000;None;13:29:40.076
2939;26.9963;26.9533;22.0587;-256.277;-256.684;-256.903;-256.95;-255.956;0;None;1000;None;13:29:40.577
2940;26.9885;26.9533;22.0587;-256.277;-256.684;-256.903;-256.958;-255.949;0;None;1000;None;13:29:41.075
2941;26.9885;26.9533;22.0587;-256.277;-256.684;-256.895;-256.958;-255.949;0;None;1000;None;13:29:41.577
2942;26.9885;26.9376;22.0587;-256.277;-256.684;-256.903;-256.958;-255.949;0;None;1000;None;13:29:42.077
2943;26.9885;26.9376;22.0587;-256.277;-256.684;-256.895;-256.95;-255.949;0;None;1000;None;13:29:42.576
2944;26.9807;26.9376;22.0587;-256.285;-256.684;-256.895;-256.958;-255.949;0;None;1000;None;13:29:43.076
2945;26.9807;26.9376;22.0626;-256.277;-256.684;-256.903;-256.958;-255.956;0;None;1000;None;13:29:43.576
2946;26.9807;26.9298;22.0587;-256.277;-256.684;-256.895;-256.958;-255.949;0;None;1000;None;13:29:44.077
2947;26.9728;26.9298;22.0587;-256.277;-256.692;-256.903;-256.966;-255.956;0;None;1000;None;13:29:44.577
2948;26.9728;26.9298;22.0587;-256.269;-256.684;-256.903;-256.966;-255.949;0;None;1000;None;13:29:45.077
2949;26.9728;26.9298;22.0626;-256.277;-256.684;-256.895;-256.958;-255.949;0;None;1000;None;13:29:45.578
2950;26.965;26.9142;22.0587;-256.277;-256.692;-256.895;-256.966;-255.949;0;None;1000;None;13:29:46.077
2951;26.965;26.922;22.0587;-256.277;-256.684;-256.903;-256.958;-255.949;0;None;1000;None;13:29:46.578
2952;26.9572;26.9142;22.0626;-256.269;-256.684;-256.895;-256.966;-255.956;0;None;1000;None;13:29:47.077
2953;26.965;26.9142;22.0587;-256.285;-256.684;-256.895;-256.966;-255.956;0;None;1000;None;13:29:47.578
2954;26.9572;26.9142;22.0626;-256.269;-256.684;-256.903;-256.958;-255.949;0;None;1000;None;13:29:48.078
2955;26.9494;26.9063;22.0587;-256.277;-256.684;-256.895;-256.958;-255.949;0;None;1000;None;13:29:48.578
2956;26.9572;26.8985;22.0548;-256.269;-256.684;-256.903;-256.958;-255.956;0;None;1000;None;13:29:49.078
2957;26.9494;26.8985;22.0587;-256.277;-256.676;-256.895;-256.958;-255.949;0;None;1000;None;13:29:49.578
2958;26.9494;26.8985;22.0587;-256.277;-256.684;-256.903;-256.958;-255.956;0;None;1000;None;13:29:50.078
2959;26.9494;26.8985;22.0587;-256.285;-256.684;-256.895;-256.958;-255.956;0;None;1000;None;13:29:50.577
2960;26.9415;26.8985;22.0587;-256.277;-256.676;-256.903;-256.958;-255.956;0;None;1000;None;13:29:51.078
2961;26.9415;26.8985;22.0626;-256.285;-256.684;-256.895;-256.95;-255.964;0;None;1000;None;13:29:51.578
2962;26.9415;26.8985;22.0587;-256.277;-256.676;-256.903;-256.958;-255.956;0;None;1000;None;13:29:52.078
2963;26.9415;26.8907;22.0626;-256.285;-256.684;-256.903;-256.95;-255.956;0;None;1000;None;13:29:52.578
2964;26.9337;26.8907;22.0548;-256.277;-256.684;-256.903;-256.95;-255.956;0;None;1000;None;13:29:53.077
2965;26.9298;26.8829;22.0509;-256.285;-256.676;-256.903;-256.958;-255.956;0;None;1000;None;13:29:53.578
2966;26.9298;26.8829;22.0548;-256.277;-256.684;-256.903;-256.958;-255.956;0;None;1000;None;13:29:54.078
2967;26.9298;26.8829;22.0548;-256.285;-256.684;-256.903;-256.95;-255.956;0;None;1000;None;13:29:54.577
2968;26.9298;26.8907;22.0548;-256.285;-256.684;-256.903;-256.958;-255.956;0;None;1000;None;13:29:55.078
2969;26.9259;26.8829;22.0548;-256.277;-256.676;-256.895;-256.958;-255.949;0;None;1000;None;13:29:55.578
2970;26.9259;26.8829;22.0548;-256.285;-256.676;-256.895;-256.958;-255.956;0;None;1000;None;13:29:56.078
2971;26.9259;26.8829;22.0509;-256.277;-256.692;-256.903;-256.95;-255.956;0;None;1000;None;13:29:56.578
2972;26.9259;26.875;22.0548;-256.269;-256.676;-256.903;-256.958;-255.956;0;None;1000;None;13:29:57.078
2973;26.9259;26.875;22.0548;-256.277;-256.684;-256.895;-256.958;-255.956;0;None;1000;None;13:29:57.578
2974;26.922;26.875;22.0548;-256.277;-256.684;-256.895;-256.958;-255.956;0;None;1000;None;13:29:58.077
2975;26.922;26.8594;22.0548;-256.269;-256.684;-256.895;-256.958;-255.956;0;None;1000;None;13:29:58.578
2976;26.922;26.8672;22.0548;-256.277;-256.676;-256.895;-256.95;-255.956;0;None;1000;None;13:29:59.078
2977;26.922;26.8594;22.0587;-256.277;-256.684;-256.895;-256.958;-255.956;0;None;1000;None;13:29:59.579
2978;26.9181;26.8594;22.0548;-256.269;-256.676;-256.903;-256.958;-255.956;0;None;1000;None;13:30:00.078
2979;26.922;26.8594;22.0548;-256.277;-256.676;-256.895;-256.958;-255.949;0;None;1000;None;13:30:00.578
2980;26.9181;26.8594;22.0587;-256.269;-256.676;-256.903;-256.958;-255.956;0;None;1000;None;13:30:01.078
2981;26.9142;26.8516;22.0587;-256.277;-256.684;-256.903;-256.958;-255.956;0;None;1000;None;13:30:01.579
2982;26.9181;26.8437;22.0587;-256.269;-256.684;-256.895;-256.95;-255.949;0;None;1000;None;13:30:02.078
2983;26.9142;26.8516;22.0587;-256.269;-256.676;-256.895;-256.958;-255.956;0;None;1000;None;13:30:02.579
2984;26.9142;26.8516;22.0587;-256.277;-256.684;-256.895;-256.958;-255.949;0;None;1000;None;13:30:03.077
2985;26.9142;26.8437;22.0626;-256.277;-256.676;-256.895;-256.958;-255.949;0;None;1000;None;13:30:03.578
2986;26.9063;26.8359;22.0587;-256.277;-256.684;-256.895;-256.974;-255.949;0;None;1000;None;13:30:04.079
2987;26.9063;26.8437;22.0587;-256.277;-256.676;-256.903;-256.966;-255.949;0;None;1000;None;13:30:04.578
2988;26.8985;26.8359;22.0587;-256.285;-256.684;-256.895;-256.974;-255.956;0;None;1000;None;13:30:05.079
2989;26.8985;26.8359;22.0548;-256.277;-256.676;-256.895;-256.966;-255.956;0;None;1000;None;13:30:05.578
2990;26.8907;26.832;22.0587;-256.285;-256.684;-256.888;-256.958;-255.956;0;None;1000;None;13:30:06.078
2991;26.8985;26.832;22.0587;-256.285;-256.684;-256.895;-256.966;-255.956;0;None;1000;None;13:30:06.578
2992;26.8907;26.832;22.0626;-256.277;-256.676;-256.895;-256.958;-255.956;0;None;1000;None;13:30:07.079
2993;26.8907;26.8281;22.0587;-256.285;-256.684;-256.895;-256.958;-255.949;0;None;1000;None;13:30:07.579
2994;26.8907;26.832;22.0626;-256.277;-256.684;-256.903;-256.95;-255.956;0;None;1000;None;13:30:08.078
2995;26.8829;26.8281;22.0587;-256.285;-256.684;-256.895;-256.958;-255.949;0;None;1000;None;13:30:08.579
2996;26.8829;26.8281;22.0587;-256.285;-256.684;-256.903;-256.966;-255.956;0;None;1000;None;13:30:09.078
2997;26.875;26.8281;22.0587;-256.285;-256.684;-256.903;-256.958;-255.956;0;None;1000;None;13:30:09.579
2998;26.8672;26.8242;22.0548;-256.277;-256.684;-256.903;-256.958;-255.956;0;None;1000;None;13:30:10.077
2999;26.875;26.8281;22.0587;-256.285;-256.684;-256.903;-256.966;-255.956;0;None;1000;None;13:30:10.578
3000;26.8672;26.8242;22.0587;-256.277;-256.684;-256.895;-256.958;-255.956;0;None;1000;None;13:30:11.078
3001;26.875;26.8242;22.0587;-256.285;-256.684;-256.903;-256.966;-255.956;0;None;1000;None;13:30:11.579
3002;26.8672;26.8203;22.0587;-256.277;-256.684;-256.903;-256.958;-255.956;0;None;1000;None;13:30:12.077
3003;26.8672;26.8242;22.0548;-256.285;-256.684;-256.903;-256.966;-255.956;0;None;1000;None;13:30:12.578
3004;26.8672;26.8085;22.0587;-256.285;-256.684;-256.895;-256.958;-255.956;0;None;1000;None;13:30:13.078
3005;26.8672;26.8007;22.0587;-256.285;-256.684;-256.903;-256.958;-255.956;0;None;1000;None;13:30:13.578
3006;26.8594;26.8007;22.0548;-256.285;-256.684;-256.903;-256.95;-255.949;0;None;1000;None;13:30:14.077
3007;26.8672;26.8007;22.0587;-256.285;-256.676;-256.903;-256.958;-255.956;0;None;1000;None;13:30:14.579
3008;26.8672;26.8007;22.0587;-256.285;-256.684;-256.903;-256.95;-255.956;0;None;1000;None;13:30:15.078
3009;26.8594;26.8085;22.0587;-256.285;-256.692;-256.903;-256.958;-255.949;0;None;1000;None;13:30:15.579
3010;26.8672;26.8007;22.0548;-256.285;-256.684;-256.895;-256.958;-255.949;0;None;1000;None;13:30:16.079
3011;26.8594;26.8007;22.0587;-256.285;-256.684;-256.903;-256.966;-255.956;0;None;1000;None;13:30:16.579
3012;26.8516;26.785;22.0548;-256.285;-256.684;-256.895;-256.966;-255.949;0;None;1000;None;13:30:17.078
3013;26.8594;26.8007;22.0587;-256.277;-256.692;-256.903;-256.966;-255.956;0;None;1000;None;13:30:17.579
3014;26.8437;26.785;22.0548;-256.285;-256.684;-256.903;-256.974;-255.956;0;None;1000;None;13:30:18.079
3015;26.8437;26.785;22.0626;-256.277;-256.692;-256.895;-256.966;-255.956;0;None;1000;None;13:30:18.579
3016;26.8516;26.785;22.0548;-256.277;-256.684;-256.903;-256.958;-255.949;0;None;1000;None;13:30:19.079
3017;26.8359;26.785;22.0548;-256.285;-256.692;-256.903;-256.966;-255.956;0;None;1000;None;13:30:19.579
3018;26.8437;26.7694;22.0587;-256.277;-256.684;-256.895;-256.958;-255.956;0;None;1000;None;13:30:20.078
3019;26.8281;26.7694;22.0587;-256.277;-256.684;-256.903;-256.974;-255.949;0;None;1000;None;13:30:20.579
3020;26.8359;26.7772;22.0587;-256.285;-256.692;-256.911;-256.966;-255.956;0;None;1000;None;13:30:21.079
3021;26.8281;26.7694;22.0548;-256.285;-256.684;-256.903;-256.974;-255.956;0;None;1000;None;13:30:21.579
3022;26.8359;26.7616;22.0587;-256.285;-256.676;-256.903;-256.974;-255.956;0;None;1000;None;13:30:22.078
3023;26.8281;26.7537;22.0626;-256.277;-256.684;-256.903;-256.974;-255.956;0;None;1000;None;13:30:22.577
3024;26.8281;26.7616;22.0626;-256.277;-256.684;-256.903;-256.974;-255.949;0;None;1000;None;13:30:23.078
3025;26.8203;26.7616;22.0626;-256.277;-256.692;-256.895;-256.958;-255.956;0;None;1000;None;13:30:23.578
3026;26.8359;26.7537;22.0626;-256.277;-256.684;-256.895;-256.966;-255.949;0;None;1000;None;13:30:24.079
3027;26.8203;26.7537;22.0626;-256.285;-256.676;-256.903;-256.974;-255.956;0;None;1000;None;13:30:24.579
3028;26.8203;26.7459;22.0626;-256.277;-256.684;-256.895;-256.966;-255.949;0;None;1000;None;13:30:25.079
3029;26.8203;26.7537;22.0666;-256.277;-256.684;-256.895;-256.966;-255.956;0;None;1000;None;13:30:25.578
3030;26.8203;26.7459;22.0666;-256.277;-256.684;-256.895;-256.974;-255.949;0;None;1000;None;13:30:26.078
3031;26.8203;26.7459;22.0587;-256.277;-256.692;-256.895;-256.958;-255.956;0;None;1000;None;13:30:26.579
3032;26.8046;26.7459;22.0705;-256.285;-256.684;-256.903;-256.966;-255.949;0;None;1000;None;13:30:27.078
3033;26.8046;26.7381;22.0626;-256.277;-256.684;-256.895;-256.974;-255.949;0;None;1000;None;13:30:27.578
3034;26.8046;26.7303;22.0705;-256.277;-256.692;-256.903;-256.966;-255.956;0;None;1000;None;13:30:28.079
3035;26.7968;26.7381;22.0626;-256.277;-256.692;-256.895;-256.966;-255.949;0;None;1000;None;13:30:28.578
3036;26.8046;26.7381;22.0626;-256.277;-256.684;-256.903;-256.966;-255.956;0;None;1000;None;13:30:29.079
3037;26.789;26.7459;22.0626;-256.277;-256.692;-256.895;-256.966;-255.949;0;None;1000;None;13:30:29.579
3038;26.7968;26.7381;22.0626;-256.277;-256.692;-256.903;-256.966;-255.956;0;None;1000;None;13:30:30.080
3039;26.789;26.7381;22.0626;-256.277;-256.692;-256.911;-256.974;-255.949;0;None;1000;None;13:30:30.578
3040;26.789;26.7303;22.0626;-256.277;-256.692;-256.903;-256.966;-255.956;0;None;1000;None;13:30:31.078
3041;26.789;26.7224;22.0626;-256.277;-256.684;-256.903;-256.974;-255.956;0;None;1000;None;13:30:31.577
3042;26.7733;26.7224;22.0626;-256.285;-256.692;-256.911;-256.958;-255.949;0;None;1000;None;13:30:32.079
3043;26.7733;26.7224;22.0626;-256.269;-256.684;-256.903;-256.966;-255.949;0;None;1000;None;13:30:32.579
3044;26.7811;26.7224;22.0587;-256.277;-256.692;-256.903;-256.958;-255.949;0;None;1000;None;13:30:33.079
3045;26.7811;26.7146;22.0626;-256.277;-256.692;-256.911;-256.958;-255.949;0;None;1000;None;13:30:33.578
3046;26.7733;26.7146;22.0587;-256.277;-256.684;-256.895;-256.966;-255.956;0;None;1000;None;13:30:34.079
3047;26.7733;26.7068;22.0626;-256.269;-256.692;-256.903;-256.958;-255.949;0;None;1000;None;13:30:34.578
3048;26.7811;26.7146;22.0587;-256.277;-256.684;-256.903;-256.966;-255.949;0;None;1000;None;13:30:35.078
3049;26.7733;26.7068;22.0626;-256.285;-256.684;-256.903;-256.966;-255.956;0;None;1000;None;13:30:35.579
3050;26.7655;26.7146;22.0626;-256.277;-256.684;-256.903;-256.966;-255.956;0;None;1000;None;13:30:36.080
3051;26.7811;26.699;22.0626;-256.277;-256.684;-256.903;-256.958;-255.949;0;None;1000;None;13:30:36.578
3052;26.7655;26.7146;22.0626;-256.277;-256.676;-256.903;-256.966;-255.949;0;None;1000;None;13:30:37.079
3053;26.7655;26.699;22.0626;-256.277;-256.684;-256.903;-256.974;-255.949;0;None;1000;None;13:30:37.579
3054;26.7577;26.699;22.0587;-256.277;-256.676;-256.895;-256.966;-255.941;0;None;1000;None;13:30:38.079
3055;26.7616;26.699;22.0626;-256.277;-256.684;-256.903;-256.974;-255.949;0;None;1000;None;13:30:38.579
3056;26.7577;26.6911;22.0666;-256.277;-256.676;-256.903;-256.966;-255.949;0;None;1000;None;13:30:39.079
3057;26.7537;26.6911;22.0587;-256.285;-256.684;-256.903;-256.958;-255.941;0;None;1000;None;13:30:39.578
3058;26.7577;26.6833;22.0626;-256.277;-256.676;-256.903;-256.966;-255.949;0;None;1000;None;13:30:40.079
3059;26.7577;26.6911;22.0626;-256.277;-256.684;-256.903;-256.966;-255.949;0;None;1000;None;13:30:40.579
3060;26.7537;26.6833;22.0626;-256.285;-256.684;-256.895;-256.966;-255.949;0;None;1000;None;13:30:41.079
3061;26.7537;26.6833;22.0626;-256.285;-256.676;-256.903;-256.974;-255.949;0;None;1000;None;13:30:41.579
3062;26.7537;26.6755;22.0626;-256.277;-256.684;-256.903;-256.966;-255.956;0;None;1000;None;13:30:42.078
3063;26.7459;26.6755;22.0626;-256.277;-256.684;-256.903;-256.974;-255.949;0;None;1000;None;13:30:42.579
3064;26.7498;26.6755;22.0705;-256.285;-256.684;-256.903;-256.974;-255.949;0;None;1000;None;13:30:43.079
3065;26.742;26.6755;22.0705;-256.277;-256.684;-256.903;-256.974;-255.949;0;None;1000;None;13:30:43.579
3066;26.7459;26.6755;22.0705;-256.285;-256.676;-256.895;-256.974;-255.956;0;None;1000;None;13:30:44.079
3067;26.742;26.6755;22.0705;-256.277;-256.684;-256.903;-256.966;-255.949;0;None;1000;None;13:30:44.578
3068;26.742;26.6677;22.0626;-256.285;-256.684;-256.903;-256.974;-255.949;0;None;1000;None;13:30:45.079
3069;26.7381;26.6598;22.0705;-256.277;-256.684;-256.895;-256.966;-255.949;0;None;1000;None;13:30:45.579
3070;26.7381;26.6677;22.0705;-256.285;-256.684;-256.903;-256.974;-255.956;0;None;1000;None;13:30:46.078
3071;26.7303;26.6598;22.0626;-256.277;-256.684;-256.895;-256.958;-255.949;0;None;1000;None;13:30:46.579
3072;26.7303;26.6598;22.0705;-256.285;-256.684;-256.895;-256.966;-255.941;0;None;1000;None;13:30:47.079
3073;26.7303;26.652;22.0783;-256.285;-256.684;-256.903;-256.966;-255.949;0;None;1000;None;13:30:47.578
3074;26.7303;26.652;22.0783;-256.277;-256.684;-256.895;-256.966;-255.949;0;None;1000;None;13:30:48.078
3075;26.7303;26.652;22.0705;-256.277;-256.684;-256.903;-256.958;-255.956;0;None;1000;None;13:30:48.578
3076;26.7303;26.6598;22.0626;-256.277;-256.684;-256.903;-256.966;-255.949;0;None;1000;None;13:30:49.077
3077;26.7224;26.6598;22.0705;-256.277;-256.676;-256.903;-256.966;-255.949;0;None;1000;None;13:30:49.577
3078;26.7224;26.652;22.0705;-256.285;-256.684;-256.903;-256.966;-255.949;0;None;1000;None;13:30:50.079
3079;26.7303;26.652;22.0705;-256.277;-256.684;-256.895;-256.966;-255.941;0;None;1000;None;13:30:50.577
3080;26.7224;26.6442;22.0626;-256.277;-256.684;-256.903;-256.966;-255.949;0;None;1000;None;13:30:51.079
3081;26.7224;26.652;22.0705;-256.277;-256.684;-256.895;-256.966;-255.949;0;None;1000;None;13:30:51.578
3082;26.7068;26.652;22.0626;-256.277;-256.684;-256.895;-256.958;-255.949;0;None;1000;None;13:30:52.079
3083;26.7224;26.6442;22.0626;-256.277;-256.684;-256.895;-256.966;-255.949;0;None;1000;None;13:30:52.577
3084;26.7068;26.6442;22.0705;-256.277;-256.684;-256.895;-256.966;-255.941;0;None;1000;None;13:30:53.079
3085;26.7146;26.6442;22.0626;-256.277;-256.684;-256.895;-256.974;-255.949;0;None;1000;None;13:30:53.578
3086;26.7146;26.6364;22.0705;-256.277;-256.684;-256.895;-256.958;-255.949;0;None;1000;None;13:30:54.079
3087;26.7068;26.6285;22.0626;-256.277;-256.684;-256.895;-256.958;-255.949;0;None;1000;None;13:30:54.579
3088;26.699;26.6285;22.0666;-256.285;-256.676;-256.903;-256.966;-255.941;0;None;1000;None;13:30:55.078
3089;26.7068;26.6285;22.0548;-256.277;-256.684;-256.903;-256.958;-255.949;0;None;1000;None;13:30:55.577
3090;26.699;26.6207;22.0587;-256.277;-256.692;-256.903;-256.966;-255.949;0;None;1000;None;13:30:56.080
3091;26.7068;26.6246;22.0548;-256.285;-256.684;-256.895;-256.966;-255.949;0;None;1000;None;13:30:56.580
3092;26.6911;26.6285;22.0587;-256.277;-256.684;-256.895;-256.966;-255.941;0;None;1000;None;13:30:57.079
3093;26.699;26.6168;22.0548;-256.285;-256.684;-256.903;-256.966;-255.949;0;None;1000;None;13:30:57.580
3094;26.6911;26.6207;22.0587;-256.277;-256.684;-256.895;-256.966;-255.941;0;None;1000;None;13:30:58.078
3095;26.6911;26.6168;22.0587;-256.277;-256.692;-256.903;-256.966;-255.956;0;None;1000;None;13:30:58.579
3096;26.6911;26.6168;22.0548;-256.277;-256.692;-256.895;-256.966;-255.949;0;None;1000;None;13:30:59.079
3097;26.6911;26.6168;22.0548;-256.285;-256.692;-256.903;-256.958;-255.949;0;None;1000;None;13:30:59.580
3098;26.6833;26.6129;22.0587;-256.277;-256.684;-256.895;-256.966;-255.949;0;None;1000;None;13:31:00.079
3099;26.6833;26.6168;22.0587;-256.277;-256.684;-256.903;-256.958;-255.949;0;None;1000;None;13:31:00.580
3100;26.6755;26.6129;22.0587;-256.277;-256.692;-256.895;-256.974;-255.956;0;None;1000;None;13:31:01.079
3101;26.6755;26.6129;22.0587;-256.277;-256.692;-256.888;-256.958;-255.956;0;None;1000;None;13:31:01.580
3102;26.6677;26.609;22.0587;-256.269;-256.684;-256.895;-256.974;-255.949;0;None;1000;None;13:31:02.080
3103;26.6755;26.609;22.0587;-256.277;-256.684;-256.895;-256.966;-255.956;0;None;1000;None;13:31:02.580
3104;26.6677;26.609;22.0548;-256.269;-256.692;-256.888;-256.966;-255.949;0;None;1000;None;13:31:03.079
3105;26.6677;26.609;22.0587;-256.277;-256.684;-256.895;-256.966;-255.956;0;None;1000;None;13:31:03.580
3106;26.6598;26.609;22.0548;-256.277;-256.692;-256.895;-256.966;-255.956;0;None;1000;None;13:31:04.080
3107;26.6598;26.6051;22.0587;-256.277;-256.684;-256.903;-256.958;-255.949;0;None;1000;None;13:31:04.580
3108;26.6598;26.6051;22.0587;-256.285;-256.684;-256.895;-256.966;-255.956;0;None;1000;None;13:31:05.080
3109;26.652;26.6051;22.0587;-256.277;-256.692;-256.903;-256.966;-255.956;0;None;1000;None;13:31:05.580
3110;26.6598;26.6012;22.0548;-256.285;-256.684;-256.895;-256.958;-255.949;0;None;1000;None;13:31:06.080
3111;26.652;26.5933;22.0587;-256.277;-256.684;-256.903;-256.958;-255.949;0;None;1000;None;13:31:06.579
3112;26.652;26.6012;22.0587;-256.277;-256.684;-256.895;-256.95;-255.956;0;None;1000;None;13:31:07.080
3113;26.6442;26.5933;22.0587;-256.277;-256.684;-256.903;-256.958;-255.949;0;None;1000;None;13:31:07.579
3114;26.6364;26.5855;22.0587;-256.277;-256.692;-256.903;-256.966;-255.949;0;None;1000;None;13:31:08.080
3115;26.6364;26.5933;22.0587;-256.277;-256.684;-256.895;-256.958;-255.949;0;None;1000;None;13:31:08.580
3116;26.6364;26.5855;22.0587;-256.277;-256.684;-256.903;-256.958;-255.956;0;None;1000;None;13:31:09.080
3117;26.6285;26.5777;22.0587;-256.277;-256.684;-256.903;-256.958;-255.949;0;None;1000;None;13:31:09.580
3118;26.6285;26.5777;22.0587;-256.277;-256.684;-256.895;-256.958;-255.956;0;None;1000;None;13:31:10.080
3119;26.6285;26.5855;22.0587;-256.285;-256.684;-256.903;-256.958;-255.949;0;None;1000;None;13:31:10.580
3120;26.6285;26.5777;22.0587;-256.277;-256.684;-256.895;-256.958;-255.949;0;None;1000;None;13:31:11.080
3121;26.6285;26.5777;22.0587;-256.277;-256.684;-256.903;-256.958;-255.956;0;None;1000;None;13:31:11.579
3122;26.6207;26.5699;22.0626;-256.285;-256.692;-256.903;-256.958;-255.949;0;None;1000;None;13:31:12.080
3123;26.6207;26.5699;22.0587;-256.277;-256.684;-256.895;-256.958;-255.949;0;None;1000;None;13:31:12.580
3124;26.6129;26.562;22.0587;-256.277;-256.684;-256.903;-256.95;-255.956;0;None;1000;None;13:31:13.081
3125;26.6129;26.562;22.0587;-256.285;-256.684;-256.895;-256.958;-255.949;0;None;1000;None;13:31:13.579
3126;26.6129;26.562;22.0548;-256.277;-256.684;-256.895;-256.966;-255.949;0;None;1000;None;13:31:14.080
3127;26.6051;26.5542;22.0626;-256.285;-256.684;-256.895;-256.95;-255.949;0;None;1000;None;13:31:14.580
3128;26.6129;26.562;22.0587;-256.277;-256.684;-256.895;-256.958;-255.949;0;None;1000;None;13:31:15.080
3129;26.6129;26.5464;22.0587;-256.285;-256.684;-256.895;-256.958;-255.949;0;None;1000;None;13:31:15.580
3130;26.6129;26.5542;22.0587;-256.277;-256.684;-256.895;-256.958;-255.941;0;None;1000;None;13:31:16.080
3131;26.6129;26.5464;22.0548;-256.285;-256.676;-256.895;-256.958;-255.949;0;None;1000;None;13:31:16.580
3132;26.6129;26.5464;22.0587;-256.277;-256.692;-256.903;-256.966;-255.949;0;None;1000;None;13:31:17.081
3133;26.6129;26.5464;22.0587;-256.285;-256.684;-256.895;-256.966;-255.941;0;None;1000;None;13:31:17.580
3134;26.5972;26.5542;22.0548;-256.277;-256.684;-256.903;-256.966;-255.949;0;None;1000;None;13:31:18.080
3135;26.6051;26.5464;22.0626;-256.277;-256.684;-256.903;-256.966;-255.949;0;None;1000;None;13:31:18.580
3136;26.6051;26.5464;22.0587;-256.285;-256.692;-256.903;-256.958;-255.949;0;None;1000;None;13:31:19.080
3137;26.5972;26.5386;22.0587;-256.277;-256.676;-256.903;-256.966;-255.949;0;None;1000;None;13:31:19.580
3138;26.5894;26.5307;22.0587;-256.277;-256.684;-256.903;-256.966;-255.956;0;None;1000;None;13:31:20.080
3139;26.5972;26.5307;22.0548;-256.269;-256.684;-256.903;-256.966;-255.949;0;None;1000;None;13:31:20.580
3140;26.5894;26.5307;22.0587;-256.277;-256.676;-256.903;-256.966;-255.941;0;None;1000;None;13:31:21.080
3141;26.5894;26.5307;22.0587;-256.277;-256.684;-256.903;-256.974;-255.949;0;None;1000;None;13:31:21.578
3142;26.5894;26.5229;22.0587;-256.285;-256.684;-256.903;-256.966;-255.949;0;None;1000;None;13:31:22.080
3143;26.5816;26.5229;22.0587;-256.277;-256.684;-256.903;-256.958;-255.949;0;None;1000;None;13:31:22.580
3144;26.5816;26.5229;22.0587;-256.277;-256.684;-256.903;-256.966;-255.949;0;None;1000;None;13:31:23.080
3145;26.5816;26.5229;22.0548;-256.277;-256.684;-256.903;-256.958;-255.941;0;None;1000;None;13:31:23.580
3146;26.5659;26.5229;22.0587;-256.269;-256.684;-256.895;-256.966;-255.949;0;None;1000;None;13:31:24.078
3147;26.5738;26.5151;22.0587;-256.277;-256.684;-256.895;-256.958;-255.949;0;None;1000;None;13:31:24.579
3148;26.5659;26.5229;22.0587;-256.269;-256.684;-256.895;-256.966;-255.941;0;None;1000;None;13:31:25.080
3149;26.5659;26.5151;22.0548;-256.277;-256.684;-256.903;-256.958;-255.949;0;None;1000;None;13:31:25.581
3150;26.5659;26.5151;22.0587;-256.285;-256.684;-256.903;-256.958;-255.941;0;None;1000;None;13:31:26.080
3151;26.5659;26.5151;22.0587;-256.277;-256.676;-256.903;-256.958;-255.949;0;None;1000;None;13:31:26.581
3152;26.5581;26.5151;22.0587;-256.285;-256.684;-256.911;-256.966;-255.949;0;None;1000;None;13:31:27.080
3153;26.5581;26.5073;22.0587;-256.277;-256.684;-256.903;-256.95;-255.941;0;None;1000;None;13:31:27.581
3154;26.5659;26.5073;22.0548;-256.285;-256.668;-256.903;-256.958;-255.941;0;None;1000;None;13:31:28.080
3155;26.5581;26.4994;22.0587;-256.285;-256.684;-256.903;-256.95;-255.949;0;None;1000;None;13:31:28.580
3156;26.5503;26.4916;22.0548;-256.293;-256.684;-256.911;-256.958;-255.949;0;None;1000;None;13:31:29.080
3157;26.5503;26.4916;22.0587;-256.285;-256.676;-256.903;-256.966;-255.941;0;None;1000;None;13:31:29.580
3158;26.5503;26.4916;22.0548;-256.277;-256.692;-256.903;-256.966;-255.941;0;None;1000;None;13:31:30.100
3159;26.5425;26.4916;22.0548;-256.285;-256.684;-256.903;-256.974;-255.941;0;None;1000;None;13:31:30.580
3160;26.5503;26.4838;22.0548;-256.277;-256.676;-256.903;-256.958;-255.949;0;None;1000;None;13:31:31.080
3161;26.5503;26.4838;22.0587;-256.285;-256.684;-256.903;-256.966;-255.941;0;None;1000;None;13:31:31.581
3162;26.5503;26.476;22.0587;-256.277;-256.684;-256.903;-256.958;-255.949;0;None;1000;None;13:31:32.080
3163;26.5503;26.476;22.0548;-256.277;-256.676;-256.911;-256.966;-255.941;0;None;1000;None;13:31:32.580
3164;26.5386;26.476;22.0509;-256.285;-256.684;-256.903;-256.966;-255.949;0;None;1000;None;13:31:33.080
3165;26.5425;26.4681;22.0548;-256.277;-256.684;-256.903;-256.958;-255.949;0;None;1000;None;13:31:33.580
3166;26.5346;26.476;22.0548;-256.285;-256.676;-256.903;-256.958;-255.949;0;None;1000;None;13:31:34.079
3167;26.5346;26.476;22.0548;-256.277;-256.676;-256.903;-256.958;-255.941;0;None;1000;None;13:31:34.579
3168;26.5346;26.4681;22.0548;-256.285;-256.684;-256.895;-256.966;-255.949;0;None;1000;None;13:31:35.080
3169;26.5346;26.4681;22.0548;-256.285;-256.676;-256.911;-256.966;-255.949;0;None;1000;None;13:31:35.581
3170;26.5346;26.4681;22.0509;-256.277;-256.684;-256.903;-256.95;-255.949;0;None;1000;None;13:31:36.079
3171;26.5346;26.476;22.0548;-256.285;-256.676;-256.903;-256.958;-255.941;0;None;1000;None;13:31:36.579
3172;26.5307;26.4681;22.0548;-256.285;-256.676;-256.903;-256.966;-255.941;0;None;1000;None;13:31:37.079
3173;26.5346;26.4603;22.0587;-256.277;-256.676;-256.903;-256.958;-255.949;0;None;1000;None;13:31:37.579
3174;26.5307;26.4603;22.0548;-256.285;-256.684;-256.903;-256.95;-255.949;0;None;1000;None;13:31:38.079
3175;26.5307;26.4525;22.0548;-256.277;-256.684;-256.895;-256.966;-255.941;0;None;1000;None;13:31:38.578
3176;26.5307;26.4447;22.0548;-256.285;-256.684;-256.895;-256.958;-255.941;0;None;1000;None;13:31:39.081
3177;26.519;26.4525;22.0587;-256.277;-256.684;-256.903;-256.95;-255.949;0;None;1000;None;13:31:39.580
3178;26.5268;26.4407;22.0548;-256.285;-256.684;-256.903;-256.966;-255.941;0;None;1000;None;13:31:40.081
3179;26.5229;26.4407;22.0548;-256.277;-256.684;-256.903;-256.958;-255.941;0;None;1000;None;13:31:40.579
3180;26.5151;26.4447;22.0548;-256.277;-256.684;-256.895;-256.966;-255.941;0;None;1000;None;13:31:41.081
3181;26.5229;26.4407;22.0587;-256.285;-256.684;-256.903;-256.958;-255.949;0;None;1000;None;13:31:41.580
3182;26.5229;26.4407;22.0548;-256.277;-256.676;-256.903;-256.966;-255.941;0;None;1000;None;13:31:42.081
3183;26.5229;26.4368;22.0548;-256.285;-256.684;-256.903;-256.966;-255.949;0;None;1000;None;13:31:42.581
3184;26.5151;26.4407;22.0548;-256.277;-256.684;-256.903;-256.966;-255.941;0;None;1000;None;13:31:43.081
3185;26.5229;26.4368;22.0587;-256.277;-256.684;-256.903;-256.966;-255.949;0;None;1000;None;13:31:43.580
3186;26.5151;26.4329;22.0587;-256.277;-256.676;-256.895;-256.966;-255.949;0;None;1000;None;13:31:44.080
3187;26.5229;26.4368;22.0548;-256.277;-256.684;-256.911;-256.966;-255.949;0;None;1000;None;13:31:44.581
3188;26.5151;26.4329;22.0587;-256.269;-256.684;-256.903;-256.958;-255.949;0;None;1000;None;13:31:45.081
3189;26.5073;26.4329;22.0548;-256.277;-256.668;-256.895;-256.958;-255.949;0;None;1000;None;13:31:45.581
3190;26.5151;26.4329;22.0509;-256.269;-256.676;-256.903;-256.966;-255.941;0;None;1000;None;13:31:46.080
3191;26.5151;26.4251;22.0548;-256.277;-256.684;-256.903;-256.958;-255.949;0;None;1000;None;13:31:46.581
3192;26.5073;26.429;22.0509;-256.269;-256.676;-256.903;-256.958;-255.956;0;None;1000;None;13:31:47.081
3193;26.5073;26.4173;22.0509;-256.277;-256.676;-256.903;-256.95;-255.949;0;None;1000;None;13:31:47.580
3194;26.5073;26.4251;22.0509;-256.277;-256.684;-256.903;-256.958;-255.949;0;None;1000;None;13:31:48.080
3195;26.4994;26.4173;22.0548;-256.269;-256.676;-256.895;-256.95;-255.956;0;None;1000;None;13:31:48.579
3196;26.5073;26.4173;22.0509;-256.277;-256.676;-256.903;-256.95;-255.949;0;None;1000;None;13:31:49.081
3197;26.4994;26.4173;22.0509;-256.277;-256.684;-256.903;-256.958;-255.956;0;None;1000;None;13:31:49.581
3198;26.4916;26.4094;22.0509;-256.277;-256.676;-256.903;-256.95;-255.949;0;None;1000;None;13:31:50.081
3199;26.4994;26.4173;22.0548;-256.277;-256.684;-256.903;-256.958;-255.956;0;None;1000;None;13:31:50.580
3200;26.4916;26.4094;22.0509;-256.285;-256.676;-256.903;-256.966;-255.949;0;None;1000;None;13:31:51.081
3201;26.4994;26.3938;22.0509;-256.269;-256.684;-256.895;-256.958;-255.956;0;None;1000;None;13:31:51.580
3202;26.4994;26.4016;22.0548;-256.285;-256.684;-256.895;-256.966;-255.949;0;None;1000;None;13:31:52.081
3203;26.4916;26.4094;22.0587;-256.277;-256.676;-256.903;-256.958;-255.949;0;None;1000;None;13:31:52.581
3204;26.4916;26.4016;22.0509;-256.277;-256.684;-256.903;-256.966;-255.949;0;None;1000;None;13:31:53.080
3205;26.4838;26.4016;22.0548;-256.277;-256.692;-256.903;-256.966;-255.949;0;None;1000;None;13:31:53.581
3206;26.4916;26.3938;22.0509;-256.277;-256.684;-256.903;-256.958;-255.949;0;None;1000;None;13:31:54.081
3207;26.4838;26.4016;22.0509;-256.277;-256.684;-256.903;-256.966;-255.949;0;None;1000;None;13:31:54.580
3208;26.4838;26.3938;22.0509;-256.277;-256.676;-256.903;-256.95;-255.949;0;None;1000;None;13:31:55.080
3209;26.476;26.3938;22.0509;-256.285;-256.684;-256.895;-256.958;-255.941;0;None;1000;None;13:31:55.581
3210;26.4838;26.4016;22.0548;-256.277;-256.684;-256.903;-256.958;-255.949;0;None;1000;None;13:31:56.080
3211;26.476;26.3938;22.0548;-256.277;-256.684;-256.895;-256.958;-255.949;0;None;1000;None;13:31:56.581
3212;26.4681;26.3938;22.0587;-256.285;-256.684;-256.903;-256.95;-255.949;0;None;1000;None;13:31:57.080
3213;26.4681;26.3938;22.0509;-256.277;-256.676;-256.903;-256.958;-255.941;0;None;1000;None;13:31:57.579
3214;26.4603;26.3938;22.0587;-256.277;-256.684;-256.895;-256.958;-255.949;0;None;1000;None;13:31:58.079
3215;26.4603;26.386;22.0509;-256.277;-256.676;-256.903;-256.958;-255.949;0;None;1000;None;13:31:58.581
3216;26.4603;26.3938;22.0548;-256.277;-256.684;-256.903;-256.95;-255.949;0;None;1000;None;13:31:59.080
3217;26.4603;26.386;22.0587;-256.277;-256.676;-256.903;-256.958;-255.949;0;None;1000;None;13:31:59.580
3218;26.4525;26.3781;22.0626;-256.277;-256.676;-256.903;-256.958;-255.949;0;None;1000;None;13:32:00.080
3219;26.4603;26.3781;22.0587;-256.285;-256.676;-256.895;-256.958;-255.949;0;None;1000;None;13:32:00.579
3220;26.4603;26.3781;22.0587;-256.277;-256.684;-256.895;-256.958;-255.949;0;None;1000;None;13:32:01.081
3221;26.4603;26.3781;22.0626;-256.285;-256.676;-256.903;-256.966;-255.949;0;None;1000;None;13:32:01.579
3222;26.4525;26.3625;22.0626;-256.277;-256.676;-256.903;-256.966;-255.949;0;None;1000;None;13:32:02.080
3223;26.4447;26.3781;22.0626;-256.277;-256.676;-256.903;-256.958;-255.949;0;None;1000;None;13:32:02.581
3224;26.4525;26.3703;22.0587;-256.277;-256.684;-256.895;-256.958;-255.949;0;None;1000;None;13:32:03.082
3225;26.4447;26.3703;22.0705;-256.277;-256.676;-256.903;-256.958;-255.949;0;None;1000;None;13:32:03.581
3226;26.4368;26.3703;22.0626;-256.277;-256.684;-256.903;-256.958;-255.949;0;None;1000;None;13:32:04.081
3227;26.4368;26.3703;22.0626;-256.277;-256.684;-256.903;-256.966;-255.949;0;None;1000;None;13:32:04.581
3228;26.4368;26.3703;22.0705;-256.277;-256.684;-256.895;-256.958;-255.949;0;None;1000;None;13:32:05.080
3229;26.4368;26.3703;22.0705;-256.277;-256.684;-256.903;-256.958;-255.956;0;None;1000;None;13:32:05.581
3230;26.429;26.3703;22.0783;-256.269;-256.684;-256.895;-256.95;-255.949;0;None;1000;None;13:32:06.081
3231;26.429;26.3625;22.0783;-256.277;-256.684;-256.903;-256.966;-255.949;0;None;1000;None;13:32:06.580
3232;26.429;26.3547;22.0783;-256.277;-256.676;-256.903;-256.958;-255.956;0;None;1000;None;13:32:07.081
3233;26.429;26.3625;22.0861;-256.277;-256.684;-256.903;-256.958;-255.949;0;None;1000;None;13:32:07.582
3234;26.429;26.3547;22.0783;-256.277;-256.676;-256.895;-256.966;-255.949;0;None;1000;None;13:32:08.081
3235;26.4212;26.3468;22.0861;-256.277;-256.684;-256.895;-256.958;-255.941;0;None;1000;None;13:32:08.581
3236;26.4212;26.3625;22.0783;-256.277;-256.692;-256.895;-256.958;-255.941;0;None;1000;None;13:32:09.082
3237;26.4212;26.3468;22.0861;-256.277;-256.684;-256.903;-256.958;-255.949;0;None;1000;None;13:32:09.580
3238;26.4212;26.3547;22.0861;-256.277;-256.676;-256.895;-256.958;-255.949;0;None;1000;None;13:32:10.081
3239;26.4134;26.3547;22.0861;-256.269;-256.684;-256.903;-256.958;-255.949;0;None;1000;None;13:32:10.580
3240;26.4212;26.3468;22.0783;-256.277;-256.684;-256.895;-256.966;-255.941;0;None;1000;None;13:32:11.081
3241;26.4055;26.3468;22.0939;-256.277;-256.684;-256.903;-256.958;-255.956;0;None;1000;None;13:32:11.580
3242;26.4134;26.3468;22.0861;-256.277;-256.676;-256.903;-256.958;-255.941;0;None;1000;None;13:32:12.081
3243;26.4055;26.339;22.0861;-256.277;-256.692;-256.895;-256.966;-255.949;0;None;1000;None;13:32:12.580
3244;26.4134;26.339;22.0861;-256.277;-256.684;-256.903;-256.958;-255.949;0;None;1000;None;13:32:13.081
3245;26.3977;26.3312;22.0861;-256.277;-256.684;-256.895;-256.958;-255.956;0;None;1000;None;13:32:13.581
3246;26.4055;26.3312;22.0861;-256.277;-256.684;-256.903;-256.958;-255.949;0;None;1000;None;13:32:14.080
3247;26.3977;26.339;22.0861;-256.277;-256.684;-256.903;-256.958;-255.941;0;None;1000;None;13:32:14.581
3248;26.3977;26.3312;22.0861;-256.277;-256.692;-256.903;-256.966;-255.949;0;None;1000;None;13:32:15.081
3249;26.3899;26.3312;22.0939;-256.285;-256.692;-256.895;-256.958;-255.949;0;None;1000;None;13:32:15.581
3250;26.3899;26.3234;22.0939;-256.277;-256.684;-256.903;-256.966;-255.949;0;None;1000;None;13:32:16.081
3251;26.3899;26.3234;22.0939;-256.277;-256.684;-256.903;-256.966;-255.949;0;None;1000;None;13:32:16.580
3252;26.3899;26.3234;22.0939;-256.285;-256.692;-256.903;-256.958;-255.949;0;None;1000;None;13:32:17.082
3253;26.3899;26.3155;22.0939;-256.277;-256.684;-256.903;-256.966;-255.949;0;None;1000;None;13:32:17.581
3254;26.3821;26.3234;22.0861;-256.269;-256.692;-256.895;-256.966;-255.941;0;None;1000;None;13:32:18.080
3255;26.3899;26.3155;22.0939;-256.277;-256.692;-256.911;-256.966;-255.941;0;None;1000;None;13:32:18.581
3256;26.3821;26.3155;22.0861;-256.285;-256.684;-256.903;-256.966;-255.949;0;None;1000;None;13:32:19.079
3257;26.3821;26.3077;22.0861;-256.277;-256.684;-256.903;-256.966;-255.941;0;None;1000;None;13:32:19.580
3258;26.3742;26.3077;22.0861;-256.269;-256.692;-256.903;-256.966;-255.949;0;None;1000;None;13:32:20.082
3259;26.3742;26.3077;22.0861;-256.277;-256.676;-256.895;-256.95;-255.941;0;None;1000;None;13:32:20.580
3260;26.3664;26.2999;22.0861;-256.285;-256.692;-256.895;-256.958;-255.949;0;None;1000;None;13:32:21.081
3261;26.3742;26.3077;22.0939;-256.277;-256.684;-256.903;-256.95;-255.956;0;None;1000;None;13:32:21.581
3262;26.3664;26.2999;22.0861;-256.285;-256.684;-256.895;-256.95;-255.949;0;None;1000;None;13:32:22.081
3263;26.3664;26.2999;22.0861;-256.277;-256.684;-256.903;-256.958;-255.949;0;None;1000;None;13:32:22.581
3264;26.3586;26.2999;22.0783;-256.277;-256.692;-256.895;-256.95;-255.941;0;None;1000;None;13:32:23.081
3265;26.3586;26.2999;22.0861;-256.277;-256.684;-256.903;-256.95;-255.949;0;None;1000;None;13:32:23.581
3266;26.3586;26.3077;22.0783;-256.277;-256.692;-256.903;-256.966;-255.949;0;None;1000;None;13:32:24.082
3267;26.3586;26.2999;22.0861;-256.277;-256.684;-256.895;-256.958;-255.949;0;None;1000;None;13:32:24.582
3268;26.3586;26.2921;22.0783;-256.277;-256.684;-256.895;-256.958;-255.949;0;None;1000;None;13:32:25.082
3269;26.3586;26.2999;22.0861;-256.277;-256.692;-256.903;-256.958;-255.949;0;None;1000;None;13:32:25.582
3270;26.3586;26.2842;22.0861;-256.269;-256.684;-256.895;-256.958;-255.956;0;None;1000;None;13:32:26.082
3271;26.3508;26.2842;22.0783;-256.277;-256.692;-256.895;-256.958;-255.949;0;None;1000;None;13:32:26.582
3272;26.3508;26.2842;22.0783;-256.277;-256.684;-256.903;-256.95;-255.949;0;None;1000;None;13:32:27.081
3273;26.3508;26.2842;22.0861;-256.277;-256.692;-256.903;-256.958;-255.949;0;None;1000;None;13:32:27.582
3274;26.3508;26.2842;22.0783;-256.277;-256.692;-256.895;-256.958;-255.949;0;None;1000;None;13:32:28.082
3275;26.3429;26.2764;22.0783;-256.277;-256.684;-256.903;-256.95;-255.949;0;None;1000;None;13:32:28.581
3276;26.3508;26.2764;22.0861;-256.277;-256.692;-256.903;-256.958;-255.956;0;None;1000;None;13:32:29.082
3277;26.3508;26.2686;22.0783;-256.277;-256.692;-256.895;-256.95;-255.941;0;None;1000;None;13:32:29.582
3278;26.3429;26.2686;22.0861;-256.269;-256.692;-256.903;-256.958;-255.956;0;None;1000;None;13:32:30.082
3279;26.3351;26.2529;22.0861;-256.269;-256.684;-256.903;-256.958;-255.949;0;None;1000;None;13:32:30.581
3280;26.3351;26.2608;22.0861;-256.277;-256.692;-256.903;-256.958;-255.956;0;None;1000;None;13:32:31.082
3281;26.3351;26.2608;22.0861;-256.277;-256.692;-256.903;-256.958;-255.956;0;None;1000;None;13:32:31.582
3282;26.3273;26.2608;22.0705;-256.269;-256.684;-256.911;-256.958;-255.949;0;None;1000;None;13:32:32.082
3283;26.3273;26.2529;22.0861;-256.277;-256.692;-256.903;-256.966;-255.949;0;None;1000;None;13:32:32.580
3284;26.3312;26.2529;22.0783;-256.277;-256.692;-256.895;-256.958;-255.956;0;None;1000;None;13:32:33.081
3285;26.3273;26.2608;22.0783;-256.277;-256.692;-256.903;-256.966;-255.949;0;None;1000;None;13:32:33.579
3286;26.3195;26.2529;22.0783;-256.277;-256.684;-256.903;-256.958;-255.964;0;None;1000;None;13:32:34.080
3287;26.3195;26.2529;22.0783;-256.277;-256.692;-256.903;-256.958;-255.964;0;None;1000;None;13:32:34.580
3288;26.3195;26.2529;22.0705;-256.277;-256.692;-256.903;-256.958;-255.972;0;None;1000;None;13:32:35.080
3289;26.3195;26.2529;22.0783;-256.277;-256.684;-256.903;-256.966;-255.964;0;None;1000;None;13:32:35.581
3290;26.3195;26.2529;22.0783;-256.277;-256.692;-256.903;-256.95;-255.964;0;None;1000;None;13:32:36.082
3291;26.3155;26.2529;22.0783;-256.285;-256.684;-256.911;-256.966;-255.964;0;None;1000;None;13:32:36.581
3292;26.3195;26.2529;22.0783;-256.269;-256.692;-256.903;-256.958;-255.964;0;None;1000;None;13:32:37.080
3293;26.3116;26.2529;22.0783;-256.277;-256.684;-256.911;-256.966;-255.964;0;None;1000;None;13:32:37.581
3294;26.3155;26.2529;22.0861;-256.277;-256.692;-256.903;-256.966;-255.972;0;None;1000;None;13:32:38.082
3295;26.3116;26.2451;22.0783;-256.277;-256.692;-256.903;-256.958;-255.956;0;None;1000;None;13:32:38.580
3296;26.3116;26.2451;22.0783;-256.277;-256.684;-256.895;-256.966;-255.964;0;None;1000;None;13:32:39.081
3297;26.3116;26.2451;22.0783;-256.277;-256.692;-256.903;-256.958;-255.964;0;None;1000;None;13:32:39.582
3298;26.3116;26.2451;22.0783;-256.285;-256.684;-256.903;-256.966;-255.956;0;None;1000;None;13:32:40.081
3299;26.3116;26.2373;22.0861;-256.277;-256.692;-256.903;-256.966;-255.964;0;None;1000;None;13:32:40.582
3300;26.3116;26.2373;22.0783;-256.277;-256.684;-256.903;-256.966;-255.964;0;None;1000;None;13:32:41.082
3301;26.3077;26.2451;22.0783;-256.285;-256.692;-256.903;-256.958;-255.964;0;None;1000;None;13:32:41.582
3302;26.3077;26.2295;22.0861;-256.277;-256.684;-256.903;-256.966;-255.964;0;None;1000;None;13:32:42.082
3303;26.3116;26.2373;22.0861;-256.277;-256.692;-256.903;-256.966;-255.956;0;None;1000;None;13:32:42.582
3304;26.2999;26.2373;22.0783;-256.277;-256.684;-256.903;-256.958;-255.964;0;None;1000;None;13:32:43.081
3305;26.2999;26.2295;22.0861;-256.277;-256.692;-256.903;-256.966;-255.964;0;None;1000;None;13:32:43.581
3306;26.3077;26.2256;22.0861;-256.277;-256.692;-256.903;-256.966;-255.956;0;None;1000;None;13:32:44.080
3307;26.2999;26.2256;22.0783;-256.285;-256.692;-256.903;-256.958;-255.964;0;None;1000;None;13:32:44.582
3308;26.2921;26.2216;22.0861;-256.277;-256.684;-256.903;-256.958;-255.964;0;None;1000;None;13:32:45.082
3309;26.2921;26.2256;22.0783;-256.277;-256.692;-256.903;-256.966;-255.956;0;None;1000;None;13:32:45.582
3310;26.2842;26.2256;22.0861;-256.277;-256.692;-256.903;-256.958;-255.964;0;None;1000;None;13:32:46.082
3311;26.2921;26.2216;22.0861;-256.277;-256.684;-256.895;-256.958;-255.956;0;None;1000;None;13:32:46.582
3312;26.2842;26.2177;22.0861;-256.285;-256.684;-256.903;-256.966;-255.964;0;None;1000;None;13:32:47.083
3313;26.2842;26.2216;22.0939;-256.277;-256.692;-256.903;-256.958;-255.964;0;None;1000;None;13:32:47.581
3314;26.2842;26.2138;22.0861;-256.277;-256.692;-256.895;-256.966;-255.964;0;None;1000;None;13:32:48.082
3315;26.2764;26.2138;22.0939;-256.277;-256.684;-256.903;-256.958;-255.956;0;None;1000;None;13:32:48.582
3316;26.2842;26.2138;22.0939;-256.277;-256.692;-256.911;-256.958;-255.964;0;None;1000;None;13:32:49.082
3317;26.2764;26.2138;22.0861;-256.277;-256.692;-256.895;-256.966;-255.964;0;None;1000;None;13:32:49.583
3318;26.2842;26.2138;22.0861;-256.277;-256.692;-256.903;-256.966;-255.956;0;None;1000;None;13:32:50.082
3319;26.2764;26.2099;22.0783;-256.277;-256.692;-256.903;-256.974;-255.964;0;None;1000;None;13:32:50.582
3320;26.2764;26.2099;22.0861;-256.269;-256.684;-256.903;-256.966;-255.956;0;None;1000;None;13:32:51.082
3321;26.2686;26.2099;22.0861;-256.269;-256.684;-256.895;-256.958;-255.964;0;None;1000;None;13:32:51.581
3322;26.2608;26.2099;22.0861;-256.277;-256.692;-256.903;-256.966;-255.964;0;None;1000;None;13:32:52.082
3323;26.2686;26.2021;22.0939;-256.277;-256.692;-256.903;-256.958;-255.964;0;None;1000;None;13:32:52.582
3324;26.2686;26.2099;22.0861;-256.277;-256.692;-256.903;-256.966;-255.956;0;None;1000;None;13:32:53.081
3325;26.2608;26.2021;22.0939;-256.277;-256.684;-256.903;-256.958;-255.956;0;None;1000;None;13:32:53.581
3326;26.2686;26.1943;22.0783;-256.277;-256.692;-256.903;-256.966;-255.956;0;None;1000;None;13:32:54.082
3327;26.2608;26.1943;22.0861;-256.277;-256.684;-256.903;-256.958;-255.964;0;None;1000;None;13:32:54.582
3328;26.2529;26.2021;22.0783;-256.285;-256.692;-256.903;-256.966;-255.964;0;None;1000;None;13:32:55.081
3329;26.2608;26.1943;22.0861;-256.277;-256.684;-256.903;-256.966;-255.964;0;None;1000;None;13:32:55.582
3330;26.2529;26.1943;22.0861;-256.285;-256.692;-256.903;-256.958;-255.964;0;None;1000;None;13:32:56.083
3331;26.2529;26.1864;22.0783;-256.277;-256.692;-256.895;-256.966;-255.964;0;None;1000;None;13:32:56.583
3332;26.2451;26.1943;22.0783;-256.277;-256.692;-256.903;-256.966;-255.964;0;None;1000;None;13:32:57.082
3333;26.2451;26.1864;22.0783;-256.277;-256.692;-256.895;-256.958;-255.964;0;None;1000;None;13:32:57.583
3334;26.2451;26.1864;22.0705;-256.285;-256.7;-256.903;-256.966;-255.964;0;None;1000;None;13:32:58.083
3335;26.2373;26.1864;22.0861;-256.277;-256.684;-256.903;-256.958;-255.964;0;None;1000;None;13:32:58.583
3336;26.2373;26.1786;22.0705;-256.277;-256.692;-256.895;-256.958;-255.956;0;None;1000;None;13:32:59.082
3337;26.2373;26.1786;22.0783;-256.277;-256.692;-256.895;-256.966;-255.964;0;None;1000;None;13:32:59.582
3338;26.2373;26.1708;22.0783;-256.277;-256.692;-256.903;-256.958;-255.972;0;None;1000;None;13:33:00.083
3339;26.2295;26.1708;22.0705;-256.285;-256.692;-256.903;-256.95;-255.964;0;None;1000;None;13:33:00.582
3340;26.2295;26.163;22.0705;-256.277;-256.692;-256.903;-256.966;-255.964;0;None;1000;None;13:33:01.082
3341;26.2295;26.163;22.0783;-256.277;-256.692;-256.903;-256.958;-255.964;0;None;1000;None;13:33:01.582
3342;26.2295;26.163;22.0783;-256.285;-256.692;-256.903;-256.966;-255.964;0;None;1000;None;13:33:02.082
3343;26.2295;26.163;22.0783;-256.285;-256.692;-256.903;-256.95;-255.964;0;None;1000;None;13:33:02.582
3344;26.2216;26.1551;22.0783;-256.277;-256.684;-256.903;-256.958;-255.964;0;None;1000;None;13:33:03.082
3345;26.2138;26.1551;22.0783;-256.285;-256.7;-256.903;-256.966;-255.972;0;None;1000;None;13:33:03.582
3346;26.2216;26.1551;22.0783;-256.285;-256.684;-256.911;-256.966;-255.964;0;None;1000;None;13:33:04.082
3347;26.2138;26.1551;22.0783;-256.285;-256.692;-256.903;-256.958;-255.964;0;None;1000;None;13:33:04.582
3348;26.2138;26.1551;22.0783;-256.285;-256.692;-256.911;-256.966;-255.964;0;None;1000;None;13:33:05.082
3349;26.2138;26.1473;22.0783;-256.277;-256.692;-256.903;-256.966;-255.964;0;None;1000;None;13:33:05.583
3350;26.206;26.1551;22.0783;-256.285;-256.692;-256.903;-256.958;-255.964;0;None;1000;None;13:33:06.082
3351;26.206;26.1473;22.0783;-256.277;-256.7;-256.903;-256.958;-255.964;0;None;1000;None;13:33:06.580
3352;26.206;26.1473;22.0783;-256.285;-256.684;-256.903;-256.966;-255.964;0;None;1000;None;13:33:07.081
3353;26.206;26.1473;22.0705;-256.277;-256.684;-256.911;-256.958;-255.956;0;None;1000;None;13:33:07.582
3354;26.1982;26.1395;22.0705;-256.285;-256.684;-256.903;-256.958;-255.964;0;None;1000;None;13:33:08.082
3355;26.206;26.1395;22.0783;-256.277;-256.684;-256.911;-256.966;-255.964;0;None;1000;None;13:33:08.582
3356;26.1982;26.1317;22.0705;-256.277;-256.684;-256.903;-256.966;-255.964;0;None;1000;None;13:33:09.080
3357;26.1903;26.1317;22.0705;-256.277;-256.684;-256.903;-256.958;-255.964;0;None;1000;None;13:33:09.581
3358;26.1903;26.1317;22.0861;-256.269;-256.676;-256.903;-256.966;-255.964;0;None;1000;None;13:33:10.081
3359;26.1903;26.1238;22.0939;-256.285;-256.684;-256.903;-256.958;-255.964;0;None;1000;None;13:33:10.582
3360;26.1903;26.1238;22.0861;-256.277;-256.684;-256.903;-256.958;-255.964;0;None;1000;None;13:33:11.081
3361;26.1747;26.116;22.0939;-256.277;-256.692;-256.903;-256.958;-255.956;0;None;1000;None;13:33:11.581
3362;26.1903;26.1082;22.0783;-256.277;-256.684;-256.911;-256.958;-255.972;0;None;1000;None;13:33:12.082
3363;26.1825;26.116;22.0861;-256.277;-256.684;-256.903;-256.958;-255.964;0;None;1000;None;13:33:12.581
3364;26.1825;26.1004;22.0861;-256.285;-256.692;-256.911;-256.958;-255.956;0;None;1000;None;13:33:13.081
3365;26.1825;26.1082;22.0783;-256.277;-256.684;-256.903;-256.966;-255.964;0;None;1000;None;13:33:13.581
3366;26.1825;26.1004;22.0783;-256.277;-256.692;-256.903;-256.966;-255.964;0;None;1000;None;13:33:14.082
3367;26.1825;26.1004;22.0861;-256.277;-256.692;-256.903;-256.966;-255.972;0;None;1000;None;13:33:14.582
3368;26.1825;26.0925;22.0783;-256.277;-256.692;-256.903;-256.966;-255.964;0;None;1000;None;13:33:15.083
3369;26.1747;26.0925;22.0783;-256.285;-256.684;-256.911;-256.966;-255.964;0;None;1000;None;13:33:15.581
3370;26.1669;26.0925;22.0705;-256.277;-256.692;-256.903;-256.966;-255.964;0;None;1000;None;13:33:16.083
3371;26.159;26.0925;22.0783;-256.285;-256.684;-256.911;-256.966;-255.964;0;None;1000;None;13:33:16.581
3372;26.159;26.0847;22.0783;-256.277;-256.7;-256.903;-256.966;-255.964;0;None;1000;None;13:33:17.083
3373;26.1669;26.0925;22.0783;-256.285;-256.692;-256.903;-256.974;-255.972;0;None;1000;None;13:33:17.583
3374;26.1512;26.0925;22.0783;-256.277;-256.692;-256.911;-256.958;-255.964;0;None;1000;None;13:33:18.082
3375;26.159;26.0769;22.0861;-256.277;-256.692;-256.903;-256.974;-255.972;0;None;1000;None;13:33:18.582
3376;26.1512;26.0847;22.0783;-256.285;-256.692;-256.911;-256.966;-255.964;0;None;1000;None;13:33:19.083
3377;26.1434;26.0925;22.0783;-256.277;-256.684;-256.903;-256.966;-255.964;0;None;1000;None;13:33:19.583
3378;26.1512;26.0925;22.0705;-256.277;-256.692;-256.903;-256.966;-255.972;0;None;1000;None;13:33:20.082
3379;26.1434;26.0925;22.0705;-256.277;-256.684;-256.903;-256.966;-255.964;0;None;1000;None;13:33:20.582
3380;26.1356;26.0847;22.0705;-256.285;-256.692;-256.911;-256.958;-255.972;0;None;1000;None;13:33:21.083
3381;26.1434;26.0847;22.0705;-256.277;-256.692;-256.903;-256.966;-255.972;0;None;1000;None;13:33:21.582
3382;26.1434;26.0847;22.0705;-256.285;-256.684;-256.911;-256.958;-255.964;0;None;1000;None;13:33:22.083
3383;26.1356;26.0847;22.0705;-256.285;-256.692;-256.903;-256.966;-255.972;0;None;1000;None;13:33:22.583
3384;26.1277;26.0847;22.0705;-256.277;-256.692;-256.911;-256.958;-255.972;0;None;1000;None;13:33:23.082
3385;26.1356;26.0769;22.0705;-256.277;-256.692;-256.911;-256.966;-255.964;0;None;1000;None;13:33:23.582
3386;26.1356;26.0769;22.0705;-256.285;-256.692;-256.903;-256.966;-255.972;0;None;1000;None;13:33:24.082
3387;26.1277;26.0691;22.0783;-256.277;-256.684;-256.911;-256.958;-255.972;0;None;1000;None;13:33:24.581
3388;26.1277;26.0691;22.0783;-256.277;-256.684;-256.903;-256.958;-255.964;0;None;1000;None;13:33:25.081
3389;26.1277;26.0612;22.0783;-256.277;-256.684;-256.911;-256.966;-255.972;0;None;1000;None;13:33:25.582
3390;26.1277;26.0612;22.0783;-256.277;-256.684;-256.895;-256.958;-255.972;0;None;1000;None;13:33:26.083
3391;26.1277;26.0691;22.0783;-256.285;-256.692;-256.903;-256.966;-255.964;0;None;1000;None;13:33:26.582
3392;26.1277;26.0612;22.0861;-256.277;-256.684;-256.911;-256.958;-255.972;0;None;1000;None;13:33:27.083
3393;26.1199;26.0612;22.0783;-256.285;-256.676;-256.903;-256.958;-255.964;0;None;1000;None;13:33:27.583
3394;26.1277;26.0534;22.0861;-256.277;-256.684;-256.903;-256.966;-255.964;0;None;1000;None;13:33:28.082
3395;26.1199;26.0534;22.0783;-256.285;-256.692;-256.903;-256.958;-255.972;0;None;1000;None;13:33:28.583
3396;26.1199;26.0534;22.0861;-256.277;-256.684;-256.903;-256.958;-255.964;0;None;1000;None;13:33:29.083
3397;26.1121;26.0456;22.0861;-256.269;-256.684;-256.903;-256.958;-255.964;0;None;1000;None;13:33:29.583
3398;26.1199;26.0456;22.0861;-256.277;-256.676;-256.911;-256.958;-255.956;0;None;1000;None;13:33:30.083
3399;26.1199;26.0456;22.0861;-256.277;-256.692;-256.903;-256.966;-255.964;0;None;1000;None;13:33:30.583
3400;26.1121;26.0456;22.0861;-256.277;-256.692;-256.911;-256.958;-255.964;0;None;1000;None;13:33:31.082
3401;26.1199;26.0378;22.0861;-256.285;-256.684;-256.903;-256.958;-255.956;0;None;1000;None;13:33:31.583
3402;26.1121;26.0378;22.0939;-256.277;-256.692;-256.911;-256.958;-255.964;0;None;1000;None;13:33:32.082
3403;26.1121;26.0378;22.0861;-256.285;-256.684;-256.895;-256.958;-255.956;0;None;1000;None;13:33:32.582
3404;26.1082;26.0378;22.0939;-256.277;-256.692;-256.911;-256.958;-255.956;0;None;1000;None;13:33:33.083
3405;26.1082;26.0378;22.0939;-256.277;-256.684;-256.911;-256.958;-255.964;0;None;1000;None;13:33:33.581
3406;26.1121;26.0378;22.1018;-256.277;-256.692;-256.903;-256.958;-255.964;0;None;1000;None;13:33:34.081
3407;26.1121;26.0378;22.1018;-256.269;-256.684;-256.911;-256.966;-255.964;0;None;1000;None;13:33:34.582
3408;26.1121;26.0378;22.1018;-256.277;-256.684;-256.903;-256.958;-255.964;0;None;1000;None;13:33:35.082
3409;26.1082;26.0299;22.0939;-256.277;-256.684;-256.911;-256.958;-255.964;0;None;1000;None;13:33:35.582
3410;26.1043;26.0221;22.1018;-256.277;-256.684;-256.911;-256.966;-255.964;0;None;1000;None;13:33:36.083
3411;26.1082;26.0299;22.0939;-256.277;-256.684;-256.911;-256.958;-255.964;0;None;1000;None;13:33:36.581
3412;26.1043;26.0143;22.0939;-256.269;-256.692;-256.903;-256.966;-255.972;0;None;1000;None;13:33:37.081
3413;26.1043;26.0104;22.1018;-256.277;-256.684;-256.903;-256.958;-255.964;0;None;1000;None;13:33:37.583
3414;26.1043;26.0221;22.0939;-256.277;-256.692;-256.903;-256.958;-255.972;0;None;1000;None;13:33:38.083
3415;26.1082;26.0143;22.0939;-256.277;-256.684;-256.911;-256.966;-255.964;0;None;1000;None;13:33:38.584
3416;26.1043;26.0104;22.1018;-256.277;-256.692;-256.903;-256.966;-255.964;0;None;1000;None;13:33:39.082
3417;26.1043;26.0182;22.0939;-256.277;-256.676;-256.903;-256.95;-255.972;0;None;1000;None;13:33:39.581
3418;26.1004;26.0104;22.1018;-256.277;-256.692;-256.911;-256.966;-255.964;0;None;1000;None;13:33:40.083
3419;26.1004;26.0104;22.0939;-256.269;-256.692;-256.911;-256.958;-255.972;0;None;1000;None;13:33:40.583
3420;26.1004;26.0104;22.1018;-256.277;-256.684;-256.903;-256.966;-255.964;0;None;1000;None;13:33:41.081
3421;26.1004;26.0065;22.0939;-256.269;-256.692;-256.911;-256.958;-255.972;0;None;1000;None;13:33:41.581
3422;26.1004;26.0065;22.1018;-256.277;-256.684;-256.903;-256.958;-255.964;0;None;1000;None;13:33:42.082
3423;26.1004;26.0025;22.0939;-256.269;-256.684;-256.911;-256.966;-255.972;0;None;1000;None;13:33:42.581
3424;26.0964;26.0065;22.1018;-256.277;-256.692;-256.903;-256.966;-255.972;0;None;1000;None;13:33:43.082
3425;26.0925;26.0025;22.1096;-256.269;-256.684;-256.911;-256.966;-255.972;0;None;1000;None;13:33:43.582
3426;26.0925;26.0025;22.1018;-256.277;-256.692;-256.911;-256.966;-255.972;0;None;1000;None;13:33:44.083
3427;26.0925;26.0025;22.1174;-256.277;-256.684;-256.911;-256.958;-255.972;0;None;1000;None;13:33:44.582
3428;26.0847;26.0065;22.1018;-256.277;-256.692;-256.903;-256.966;-255.972;0;None;1000;None;13:33:45.083
3429;26.0847;26.0065;22.1018;-256.277;-256.684;-256.911;-256.958;-255.972;0;None;1000;None;13:33:45.584
3430;26.0769;26.0025;22.1018;-256.277;-256.684;-256.903;-256.958;-255.98;0;None;1000;None;13:33:46.083
3431;26.0769;26.0065;22.1018;-256.277;-256.692;-256.911;-256.958;-255.972;0;None;1000;None;13:33:46.583
3432;26.0769;26.0025;22.1018;-256.277;-256.692;-256.911;-256.958;-255.972;0;None;1000;None;13:33:47.083
3433;26.0691;26.0065;22.0939;-256.277;-256.692;-256.911;-256.958;-255.972;0;None;1000;None;13:33:47.583
3434;26.0769;26.0065;22.0861;-256.277;-256.692;-256.911;-256.966;-255.972;0;None;1000;None;13:33:48.083
3435;26.0691;26.0104;22.0939;-256.277;-256.692;-256.903;-256.958;-255.98;0;None;1000;None;13:33:48.582
3436;26.0691;26.0025;22.0783;-256.277;-256.692;-256.911;-256.958;-255.972;0;None;1000;None;13:33:49.083
3437;26.0769;26.0065;22.0861;-256.285;-256.692;-256.911;-256.958;-255.98;0;None;1000;None;13:33:49.584
3438;26.0691;26.0025;22.0783;-256.277;-256.692;-256.903;-256.966;-255.972;0;None;1000;None;13:33:50.083
3439;26.0691;26.0025;22.0783;-256.277;-256.684;-256.903;-256.966;-255.98;0;None;1000;None;13:33:50.583
3440;26.0691;26.0025;22.0861;-256.285;-256.692;-256.911;-256.966;-255.98;0;None;1000;None;13:33:51.084
3441;26.0691;25.9986;22.0939;-256.277;-256.684;-256.903;-256.966;-255.972;0;None;1000;None;13:33:51.583
3442;26.0612;25.9947;22.0861;-256.277;-256.684;-256.903;-256.966;-255.98;0;None;1000;None;13:33:52.082
3443;26.0612;25.9947;22.0939;-256.285;-256.692;-256.911;-256.958;-255.972;0;None;1000;None;13:33:52.583
3444;26.0534;25.9986;22.0861;-256.277;-256.684;-256.903;-256.966;-255.98;0;None;1000;None;13:33:53.083
3445;26.0612;25.9947;22.0939;-256.285;-256.676;-256.903;-256.958;-255.98;0;None;1000;None;13:33:53.583
3446;26.0534;25.9947;22.0861;-256.285;-256.676;-256.903;-256.958;-255.98;0;None;1000;None;13:33:54.083
3447;26.0534;25.9986;22.0939;-256.285;-256.676;-256.903;-256.958;-255.972;0;None;1000;None;13:33:54.584
3448;26.0534;25.9869;22.0861;-256.277;-256.684;-256.903;-256.958;-255.98;0;None;1000;None;13:33:55.083
3449;26.0456;25.9947;22.0861;-256.285;-256.684;-256.911;-256.942;-255.98;0;None;1000;None;13:33:55.584
3450;26.0534;25.9869;22.0939;-256.277;-256.684;-256.903;-256.958;-255.98;0;None;1000;None;13:33:56.084
3451;26.0456;25.9791;22.0861;-256.277;-256.684;-256.903;-256.95;-255.98;0;None;1000;None;13:33:56.584
3452;26.0534;25.9869;22.0939;-256.277;-256.692;-256.903;-256.958;-255.98;0;None;1000;None;13:33:57.083
3453;26.0456;25.9791;22.0861;-256.277;-256.676;-256.903;-256.95;-255.972;0;None;1000;None;13:33:57.582
3454;26.0378;25.9791;22.0939;-256.277;-256.684;-256.895;-256.95;-255.98;0;None;1000;None;13:33:58.083
3455;26.0378;25.9791;22.0861;-256.277;-256.684;-256.895;-256.95;-255.972;0;None;1000;None;13:33:58.584
3456;26.0456;25.9791;22.0861;-256.277;-256.692;-256.895;-256.95;-255.98;0;None;1000;None;13:33:59.083
3457;26.0378;25.9712;22.0939;-256.277;-256.684;-256.895;-256.95;-255.98;0;None;1000;None;13:33:59.583
3458;26.0299;25.9712;22.0939;-256.269;-256.684;-256.903;-256.95;-255.98;0;None;1000;None;13:34:00.083
3459;26.0378;25.9712;22.0861;-256.277;-256.684;-256.903;-256.95;-255.98;0;None;1000;None;13:34:00.583
3460;26.0299;25.9634;22.0939;-256.269;-256.692;-256.903;-256.958;-255.988;0;None;1000;None;13:34:01.084
3461;26.0221;25.9712;22.0861;-256.269;-256.684;-256.903;-256.95;-255.964;0;None;1000;None;13:34:01.583
3462;26.0299;25.9712;22.0939;-256.277;-256.684;-256.895;-256.95;-255.972;0;None;1000;None;13:34:02.083
3463;26.0221;25.9634;22.0861;-256.277;-256.692;-256.895;-256.95;-255.964;0;None;1000;None;13:34:02.584
3464;26.0221;25.9712;22.0861;-256.277;-256.684;-256.903;-256.958;-255.956;0;None;1000;None;13:34:03.084
3465;26.0221;25.9556;22.0783;-256.277;-256.692;-256.903;-256.95;-255.972;0;None;1000;None;13:34:03.584
3466;26.0221;25.9556;22.0939;-256.277;-256.684;-256.895;-256.958;-255.964;0;None;1000;None;13:34:04.083
3467;26.0065;25.9634;22.0939;-256.277;-256.692;-256.895;-256.95;-255.956;0;None;1000;None;13:34:04.583
3468;26.0143;25.9556;22.0783;-256.285;-256.692;-256.903;-256.942;-255.964;0;None;1000;None;13:34:05.083
3469;26.0065;25.9556;22.0783;-256.277;-256.684;-256.903;-256.95;-255.964;0;None;1000;None;13:34:05.583
3470;26.0065;25.9556;22.0861;-256.277;-256.692;-256.903;-256.942;-255.956;0;None;1000;None;13:34:06.082
3471;26.0065;25.9634;22.0783;-256.285;-256.684;-256.903;-256.95;-255.964;0;None;1000;None;13:34:06.582
3472;26.0065;25.9478;22.0783;-256.277;-256.684;-256.895;-256.95;-255.956;0;None;1000;None;13:34:07.082
3473;26.0065;25.9556;22.0861;-256.285;-256.692;-256.903;-256.95;-255.964;0;None;1000;None;13:34:07.582
3474;26.0065;25.9478;22.0705;-256.277;-256.684;-256.903;-256.95;-255.964;0;None;1000;None;13:34:08.082
3475;25.9986;25.9478;22.0783;-256.285;-256.692;-256.895;-256.95;-255.956;0;None;1000;None;13:34:08.582
3476;25.9908;25.9556;22.0783;-256.285;-256.684;-256.895;-256.958;-255.956;0;None;1000;None;13:34:09.082
3477;25.9908;25.9478;22.0705;-256.277;-256.684;-256.895;-256.95;-255.964;0;None;1000;None;13:34:09.581
3478;25.9908;25.9478;22.0861;-256.277;-256.684;-256.903;-256.958;-255.964;0;None;1000;None;13:34:10.082
3479;25.9908;25.9478;22.0705;-256.285;-256.684;-256.895;-256.958;-255.964;0;None;1000;None;13:34:10.581
3480;25.9908;25.9399;22.0783;-256.285;-256.684;-256.903;-256.958;-255.956;0;None;1000;None;13:34:11.082
3481;25.9908;25.9399;22.0705;-256.277;-256.684;-256.888;-256.95;-255.956;0;None;1000;None;13:34:11.581
3482;25.983;25.9399;22.0783;-256.277;-256.684;-256.903;-256.95;-255.964;0;None;1000;None;13:34:12.083
3483;25.983;25.9399;22.0705;-256.285;-256.692;-256.903;-256.95;-255.964;0;None;1000;None;13:34:12.582
3484;25.983;25.9399;22.0783;-256.277;-256.684;-256.903;-256.942;-255.964;0;None;1000;None;13:34:13.081
3485;25.983;25.9321;22.0783;-256.277;-256.676;-256.903;-256.95;-255.964;0;None;1000;None;13:34:13.582
3486;25.983;25.9399;22.0861;-256.277;-256.684;-256.903;-256.958;-255.956;0;None;1000;None;13:34:14.082
3487;25.983;25.9321;22.0783;-256.277;-256.684;-256.895;-256.95;-255.964;0;None;1000;None;13:34:14.582
3488;25.983;25.9399;22.0705;-256.269;-256.692;-256.903;-256.95;-255.964;0;None;1000;None;13:34:15.082
3489;25.9752;25.9321;22.0705;-256.277;-256.684;-256.895;-256.95;-255.964;0;None;1000;None;13:34:15.582
3490;25.9752;25.9243;22.0705;-256.277;-256.684;-256.895;-256.958;-255.964;0;None;1000;None;13:34:16.082
3491;25.9752;25.9243;22.0705;-256.277;-256.684;-256.895;-256.942;-255.956;0;None;1000;None;13:34:16.583
3492;25.9673;25.9165;22.0705;-256.285;-256.684;-256.895;-256.95;-255.956;0;None;1000;None;13:34:17.082
3493;25.9673;25.9165;22.0626;-256.285;-256.692;-256.903;-256.942;-255.964;0;None;1000;None;13:34:17.582
3494;25.9595;25.9165;22.0705;-256.277;-256.676;-256.903;-256.95;-255.972;0;None;1000;None;13:34:18.082
3495;25.9673;25.9086;22.0626;-256.277;-256.684;-256.903;-256.958;-255.956;0;None;1000;None;13:34:18.582
3496;25.9673;25.9086;22.0626;-256.285;-256.684;-256.903;-256.95;-255.964;0;None;1000;None;13:34:19.081
3497;25.9595;25.9165;22.0705;-256.285;-256.692;-256.903;-256.95;-255.956;0;None;1000;None;13:34:19.582
3498;25.9595;25.9086;22.0705;-256.277;-256.684;-256.895;-256.958;-255.964;0;None;1000;None;13:34:20.082
3499;25.9595;25.9086;22.0626;-256.285;-256.684;-256.895;-256.95;-255.956;0;None;1000;None;13:34:20.582
3500;25.9595;25.9086;22.0626;-256.285;-256.684;-256.903;-256.95;-255.956;0;None;1000;None;13:34:21.083
3501;25.9595;25.9086;22.0626;-256.285;-256.684;-256.895;-256.942;-255.964;0;None;1000;None;13:34:21.583
3502;25.9517;25.9086;22.0626;-256.277;-256.684;-256.903;-256.95;-255.956;0;None;1000;None;13:34:22.083
3503;25.9517;25.9086;22.0783;-256.277;-256.692;-256.895;-256.942;-255.956;0;None;1000;None;13:34:22.582
3504;25.9517;25.9008;22.0626;-256.277;-256.684;-256.895;-256.95;-255.956;0;None;1000;None;13:34:23.084
3505;25.9517;25.9008;22.0783;-256.277;-256.692;-256.903;-256.958;-255.956;0;None;1000;None;13:34:23.583
3506;25.9439;25.9008;22.0705;-256.277;-256.684;-256.903;-256.95;-255.956;0;None;1000;None;13:34:24.082
3507;25.9517;25.893;22.0705;-256.285;-256.692;-256.903;-256.958;-255.956;0;None;1000;None;13:34:24.585
3508;25.9439;25.9008;22.0626;-256.277;-256.684;-256.895;-256.95;-255.964;0;None;1000;None;13:34:25.084
3509;25.936;25.893;22.0626;-256.285;-256.684;-256.903;-256.95;-255.964;0;None;1000;None;13:34:25.583
3510;25.936;25.9008;22.0626;-256.277;-256.684;-256.895;-256.958;-255.956;0;None;1000;None;13:34:26.083
3511;25.936;25.8852;22.0626;-256.285;-256.692;-256.895;-256.942;-255.964;0;None;1000;None;13:34:26.583
3512;25.936;25.893;22.0705;-256.277;-256.684;-256.895;-256.95;-255.956;0;None;1000;None;13:34:27.083
3513;25.9282;25.893;22.0783;-256.285;-256.684;-256.903;-256.95;-255.956;0;None;1000;None;13:34:27.584
3514;25.936;25.8773;22.0626;-256.277;-256.684;-256.895;-256.95;-255.964;0;None;1000;None;13:34:28.083
3515;25.9282;25.8852;22.0705;-256.277;-256.676;-256.895;-256.95;-255.956;0;None;1000;None;13:34:28.583
3516;25.9282;25.8852;22.0705;-256.277;-256.684;-256.903;-256.95;-255.956;0;None;1000;None;13:34:29.083
3517;25.9282;25.8773;22.0705;-256.277;-256.684;-256.895;-256.958;-255.956;0;None;1000;None;13:34:29.584
3518;25.9126;25.8773;22.0705;-256.277;-256.684;-256.903;-256.95;-255.964;0;None;1000;None;13:34:30.083
3519;25.9204;25.8773;22.0626;-256.277;-256.684;-256.903;-256.958;-255.956;0;None;1000;None;13:34:30.583
3520;25.9204;25.8773;22.0705;-256.277;-256.676;-256.895;-256.95;-255.949;0;None;1000;None;13:34:31.084
3521;25.9126;25.8695;22.0626;-256.277;-256.684;-256.895;-256.958;-255.964;0;None;1000;None;13:34:31.584
3522;25.9204;25.8695;22.0705;-256.277;-256.684;-256.895;-256.958;-255.956;0;None;1000;None;13:34:32.084
3523;25.9126;25.8773;22.0705;-256.269;-256.684;-256.895;-256.958;-255.956;0;None;1000;None;13:34:32.584
3524;25.9126;25.8695;22.0626;-256.277;-256.684;-256.888;-256.958;-255.956;0;None;1000;None;13:34:33.087
3525;25.9126;25.8695;22.0666;-256.285;-256.684;-256.903;-256.95;-255.956;0;None;1000;None;13:34:33.584
3526;25.9126;25.8695;22.0705;-256.277;-256.684;-256.895;-256.95;-255.956;0;None;1000;None;13:34:34.084
3527;25.9126;25.8695;22.0626;-256.277;-256.684;-256.903;-256.958;-255.964;0;None;1000;None;13:34:34.583
3528;25.9047;25.8617;22.0705;-256.277;-256.684;-256.895;-256.95;-255.949;0;None;1000;None;13:34:35.084
3529;25.9126;25.8695;22.0626;-256.285;-256.684;-256.903;-256.958;-255.956;0;None;1000;None;13:34:35.584
3530;25.9047;25.8539;22.0705;-256.277;-256.692;-256.911;-256.95;-255.964;0;None;1000;None;13:34:36.084
3531;25.9126;25.8539;22.0626;-256.277;-256.684;-256.903;-256.95;-255.956;0;None;1000;None;13:34:36.583
3532;25.9047;25.846;22.0705;-256.269;-256.684;-256.903;-256.958;-255.956;0;None;1000;None;13:34:37.084
3533;25.8969;25.8539;22.0626;-256.269;-256.684;-256.903;-256.95;-255.964;0;None;1000;None;13:34:37.583
3534;25.9047;25.846;22.0626;-256.269;-256.692;-256.911;-256.942;-255.956;0;None;1000;None;13:34:38.084
3535;25.8969;25.846;22.0626;-256.269;-256.684;-256.911;-256.95;-255.964;0;None;1000;None;13:34:38.584
3536;25.8969;25.846;22.0705;-256.269;-256.692;-256.911;-256.95;-255.956;0;None;1000;None;13:34:39.083
3537;25.8969;25.8382;22.0626;-256.269;-256.684;-256.903;-256.95;-255.956;0;None;1000;None;13:34:39.584
3538;25.893;25.8343;22.0626;-256.269;-256.692;-256.911;-256.95;-255.964;0;None;1000;None;13:34:40.084
3539;25.8969;25.8382;22.0626;-256.269;-256.684;-256.911;-256.958;-255.956;0;None;1000;None;13:34:40.586
3540;25.8969;25.8382;22.0626;-256.269;-256.692;-256.911;-256.95;-255.964;0;None;1000;None;13:34:41.084
3541;25.8891;25.8343;22.0705;-256.269;-256.684;-256.903;-256.95;-255.956;0;None;1000;None;13:34:41.584
3542;25.8891;25.8304;22.0783;-256.269;-256.684;-256.903;-256.966;-255.964;0;None;1000;None;13:34:42.083
3543;25.893;25.8343;22.0705;-256.269;-256.684;-256.911;-256.958;-255.956;0;None;1000;None;13:34:42.584
3544;25.8891;25.8343;22.0705;-256.269;-256.684;-256.903;-256.95;-255.956;0;None;1000;None;13:34:43.084
3545;25.8852;25.8304;22.0626;-256.277;-256.684;-256.903;-256.958;-255.964;0;None;1000;None;13:34:43.584
3546;25.8891;25.8304;22.0705;-256.269;-256.692;-256.903;-256.966;-255.956;0;None;1000;None;13:34:44.084
3547;25.8852;25.8304;22.0783;-256.269;-256.684;-256.911;-256.958;-255.964;0;None;1000;None;13:34:44.584
3548;25.8852;25.8304;22.0705;-256.269;-256.684;-256.903;-256.95;-255.956;0;None;1000;None;13:34:45.084
3549;25.8852;25.8304;22.0705;-256.277;-256.684;-256.911;-256.958;-255.956;0;None;1000;None;13:34:45.583
3550;25.8813;25.8265;22.0783;-256.269;-256.684;-256.903;-256.95;-255.964;0;None;1000;None;13:34:46.085
3551;25.8852;25.8304;22.0705;-256.277;-256.676;-256.911;-256.95;-255.964;0;None;1000;None;13:34:46.584
3552;25.8852;25.8265;22.0626;-256.277;-256.692;-256.903;-256.95;-255.956;0;None;1000;None;13:34:47.084
3553;25.8813;25.8304;22.0705;-256.269;-256.684;-256.911;-256.95;-255.964;0;None;1000;None;13:34:47.585
3554;25.8813;25.8226;22.0705;-256.269;-256.684;-256.903;-256.95;-255.964;0;None;1000;None;13:34:48.084
3555;25.8813;25.8265;22.0705;-256.277;-256.684;-256.911;-256.958;-255.964;0;None;1000;None;13:34:48.584
3556;25.8773;25.8226;22.0705;-256.277;-256.684;-256.903;-256.958;-255.964;0;None;1000;None;13:34:49.084
3557;25.8773;25.8226;22.0705;-256.269;-256.684;-256.903;-256.958;-255.964;0;None;1000;None;13:34:49.585
3558;25.8773;25.8187;22.0705;-256.269;-256.684;-256.911;-256.95;-255.956;0;None;1000;None;13:34:50.084
3559;25.8773;25.8226;22.0705;-256.269;-256.684;-256.911;-256.966;-255.964;0;None;1000;None;13:34:50.584
3560;25.8695;25.8226;22.0626;-256.277;-256.684;-256.903;-256.958;-255.956;0;None;1000;None;13:34:51.084
3561;25.8695;25.8187;22.0705;-256.269;-256.676;-256.903;-256.95;-255.956;0;None;1000;None;13:34:51.584
3562;25.8695;25.8226;22.0705;-256.269;-256.684;-256.911;-256.958;-255.956;0;None;1000;None;13:34:52.084
3563;25.8695;25.8187;22.0705;-256.277;-256.684;-256.903;-256.95;-255.956;0;None;1000;None;13:34:52.585
3564;25.8617;25.8187;22.0705;-256.269;-256.676;-256.903;-256.95;-255.956;0;None;1000;None;13:34:53.085
3565;25.8617;25.8187;22.0705;-256.269;-256.676;-256.903;-256.95;-255.956;0;None;1000;None;13:34:53.585
3566;25.8617;25.8187;22.0705;-256.262;-256.684;-256.911;-256.95;-255.956;0;None;1000;None;13:34:54.084
3567;25.8617;25.803;22.0705;-256.269;-256.676;-256.911;-256.958;-255.956;0;None;1000;None;13:34:54.583
3568;25.8617;25.8108;22.0705;-256.269;-256.684;-256.911;-256.958;-255.956;0;None;1000;None;13:34:55.084
3569;25.8539;25.8108;22.0705;-256.269;-256.684;-256.911;-256.958;-255.956;0;None;1000;None;13:34:55.584
3570;25.8539;25.8108;22.0626;-256.269;-256.684;-256.911;-256.958;-255.956;0;None;1000;None;13:34:56.084
3571;25.8539;25.8108;22.0705;-256.269;-256.676;-256.911;-256.966;-255.956;0;None;1000;None;13:34:56.585
3572;25.8539;25.803;22.0705;-256.269;-256.684;-256.911;-256.958;-255.964;0;None;1000;None;13:34:57.085
3573;25.846;25.8108;22.0705;-256.269;-256.684;-256.911;-256.966;-255.956;0;None;1000;None;13:34:57.583
3574;25.846;25.803;22.0705;-256.269;-256.684;-256.903;-256.966;-255.956;0;None;1000;None;13:34:58.084
3575;25.846;25.8108;22.0626;-256.262;-256.684;-256.895;-256.958;-255.956;0;None;1000;None;13:34:58.585
3576;25.8382;25.7952;22.0705;-256.269;-256.684;-256.911;-256.958;-255.964;0;None;1000;None;13:34:59.084
3577;25.8382;25.803;22.0705;-256.269;-256.684;-256.895;-256.958;-255.956;0;None;1000;None;13:34:59.583
3578;25.846;25.7952;22.0705;-256.269;-256.676;-256.903;-256.95;-255.956;0;None;1000;None;13:35:00.084
3579;25.8382;25.7952;22.0783;-256.269;-256.684;-256.911;-256.95;-255.956;0;None;1000;None;13:35:00.585
3580;25.8382;25.7952;22.0705;-256.277;-256.692;-256.903;-256.95;-255.964;0;None;1000;None;13:35:01.085
3581;25.8382;25.7874;22.0705;-256.269;-256.684;-256.911;-256.958;-255.956;0;None;1000;None;13:35:01.584
3582;25.8382;25.7874;22.0626;-256.269;-256.684;-256.903;-256.958;-255.964;0;None;1000;None;13:35:02.084
3583;25.8304;25.7795;22.0705;-256.262;-256.676;-256.903;-256.95;-255.956;0;None;1000;None;13:35:02.585
3584;25.8382;25.7874;22.0587;-256.269;-256.676;-256.911;-256.958;-255.964;0;None;1000;None;13:35:03.083
3585;25.8304;25.7874;22.0587;-256.269;-256.684;-256.903;-256.958;-255.956;0;None;1000;None;13:35:03.585
3586;25.8304;25.7874;22.0626;-256.262;-256.684;-256.903;-256.958;-255.964;0;None;1000;None;13:35:04.084
3587;25.8226;25.7874;22.0587;-256.269;-256.684;-256.911;-256.966;-255.956;0;None;1000;None;13:35:04.585
3588;25.8226;25.7874;22.0587;-256.269;-256.684;-256.903;-256.958;-255.956;0;None;1000;None;13:35:05.084
3589;25.8304;25.7795;22.0587;-256.269;-256.676;-256.903;-256.958;-255.956;0;None;1000;None;13:35:05.584
3590;25.8226;25.7874;22.0587;-256.269;-256.684;-256.903;-256.958;-255.956;0;None;1000;None;13:35:06.083
3591;25.8147;25.7795;22.0626;-256.277;-256.684;-256.903;-256.958;-255.956;0;None;1000;None;13:35:06.584
3592;25.8226;25.7795;22.0587;-256.269;-256.684;-256.911;-256.966;-255.956;0;None;1000;None;13:35:07.084
3593;25.8147;25.7795;22.0587;-256.269;-256.684;-256.911;-256.958;-255.956;0;None;1000;None;13:35:07.585
3594;25.8147;25.7639;22.0626;-256.277;-256.684;-256.903;-256.958;-255.964;0;None;1000;None;13:35:08.085
3595;25.8147;25.7717;22.0587;-256.269;-256.684;-256.903;-256.966;-255.956;0;None;1000;None;13:35:08.584
3596;25.8069;25.7717;22.0626;-256.269;-256.684;-256.903;-256.95;-255.956;0;None;1000;None;13:35:09.084
3597;25.8069;25.7639;22.0626;-256.269;-256.684;-256.903;-256.958;-255.956;0;None;1000;None;13:35:09.585
3598;25.8069;25.7717;22.0626;-256.269;-256.676;-256.895;-256.958;-255.949;0;None;1000;None;13:35:10.084
3599;25.8069;25.7639;22.0626;-256.269;-256.692;-256.903;-256.958;-255.956;0;None;1000;None;13:35:10.585
3600;25.7991;25.7561;22.0626;-256.269;-256.684;-256.903;-256.958;-255.956;0;None;1000;None;13:35:11.084
3601;25.8069;25.7717;22.0705;-256.269;-256.684;-256.911;-256.958;-255.956;0;None;1000;None;13:35:11.585
3602;25.7991;25.7561;22.0626;-256.269;-256.684;-256.903;-256.958;-255.956;0;None;1000;None;13:35:12.083
3603;25.7991;25.7639;22.0626;-256.269;-256.692;-256.903;-256.966;-255.956;0;None;1000;None;13:35:12.585
3604;25.7991;25.7639;22.0626;-256.269;-256.684;-256.903;-256.958;-255.956;0;None;1000;None;13:35:13.085
3605;25.7913;25.7561;22.0666;-256.269;-256.684;-256.895;-256.966;-255.949;0;None;1000;None;13:35:13.585
3606;25.7991;25.7561;22.0626;-256.269;-256.692;-256.903;-256.966;-255.956;0;None;1000;None;13:35:14.084
3607;25.7913;25.7561;22.0626;-256.269;-256.684;-256.895;-256.958;-255.956;0;None;1000;None;13:35:14.584
3608;25.7991;25.7561;22.0626;-256.269;-256.684;-256.895;-256.966;-255.964;0;None;1000;None;13:35:15.085
3609;25.7834;25.7482;22.0626;-256.277;-256.684;-256.895;-256.958;-255.949;0;None;1000;None;13:35:15.585
3610;25.7913;25.7482;22.0705;-256.277;-256.684;-256.903;-256.958;-255.956;0;None;1000;None;13:35:16.085
3611;25.7834;25.7404;22.0587;-256.269;-256.676;-256.903;-256.958;-255.956;0;None;1000;None;13:35:16.585
3612;25.7834;25.7482;22.0626;-256.277;-256.684;-256.903;-256.958;-255.956;0;None;1000;None;13:35:17.085
3613;25.7834;25.7404;22.0626;-256.277;-256.676;-256.911;-256.958;-255.949;0;None;1000;None;13:35:17.584
3614;25.7756;25.7326;22.0587;-256.277;-256.684;-256.903;-256.95;-255.956;0;None;1000;None;13:35:18.083
3615;25.7756;25.7482;22.0626;-256.277;-256.676;-256.903;-256.95;-255.949;0;None;1000;None;13:35:18.585
3616;25.7756;25.7404;22.0626;-256.277;-256.684;-256.903;-256.95;-255.956;0;None;1000;None;13:35:19.085
3617;25.7756;25.7326;22.0587;-256.277;-256.684;-256.911;-256.958;-255.949;0;None;1000;None;13:35:19.585
3618;25.7678;25.7326;22.0666;-256.285;-256.676;-256.903;-256.95;-255.956;0;None;1000;None;13:35:20.085
3619;25.7756;25.7326;22.0587;-256.285;-256.684;-256.911;-256.958;-255.949;0;None;1000;None;13:35:20.585
3620;25.7756;25.7326;22.0626;-256.277;-256.684;-256.903;-256.95;-255.956;0;None;1000;None;13:35:21.084
3621;25.7678;25.7326;22.0626;-256.277;-256.684;-256.903;-256.958;-255.956;0;None;1000;None;13:35:21.585
3622;25.7678;25.7248;22.0666;-256.277;-256.684;-256.903;-256.95;-255.956;0;None;1000;None;13:35:22.085
3623;25.7678;25.7248;22.0587;-256.269;-256.684;-256.895;-256.958;-255.956;0;None;1000;None;13:35:22.584
3624;25.7678;25.7248;22.0626;-256.269;-256.684;-256.911;-256.958;-255.949;0;None;1000;None;13:35:23.085
3625;25.7678;25.7326;22.0626;-256.269;-256.692;-256.903;-256.958;-255.956;0;None;1000;None;13:35:23.585
3626;25.76;25.7248;22.0783;-256.269;-256.684;-256.903;-256.958;-255.956;0;None;1000;None;13:35:24.085
3627;25.7678;25.7169;22.0626;-256.269;-256.692;-256.903;-256.958;-255.956;0;None;1000;None;13:35:24.585
3628;25.76;25.7248;22.0626;-256.262;-256.676;-256.903;-256.966;-255.949;0;None;1000;None;13:35:25.085
3629;25.7521;25.7169;22.0626;-256.269;-256.684;-256.911;-256.958;-255.956;0;None;1000;None;13:35:25.585
3630;25.7521;25.7169;22.0705;-256.269;-256.684;-256.903;-256.966;-255.956;0;None;1000;None;13:35:26.085
3631;25.7521;25.7091;22.0626;-256.269;-256.684;-256.903;-256.966;-255.949;0;None;1000;None;13:35:26.585
3632;25.7521;25.7091;22.0705;-256.269;-256.684;-256.895;-256.958;-255.949;0;None;1000;None;13:35:27.086
3633;25.7443;25.7013;22.0626;-256.269;-256.684;-256.903;-256.958;-255.949;0;None;1000;None;13:35:27.585
3634;25.7521;25.7091;22.0626;-256.269;-256.684;-256.903;-256.95;-255.949;0;None;1000;None;13:35:28.085
3635;25.7443;25.7013;22.0587;-256.269;-256.684;-256.903;-256.95;-255.949;0;None;1000;None;13:35:28.585
3636;25.7365;25.7091;22.0587;-256.277;-256.692;-256.911;-256.95;-255.949;0;None;1000;None;13:35:29.085
3637;25.7443;25.7013;22.0587;-256.269;-256.684;-256.903;-256.95;-255.949;0;None;1000;None;13:35:29.585
3638;25.7365;25.6935;22.0587;-256.269;-256.692;-256.903;-256.95;-255.956;0;None;1000;None;13:35:30.084
3639;25.7365;25.7013;22.0587;-256.269;-256.684;-256.903;-256.958;-255.956;0;None;1000;None;13:35:30.585
3640;25.7287;25.6935;22.0587;-256.269;-256.676;-256.903;-256.958;-255.949;0;None;1000;None;13:35:31.085
3641;25.7287;25.7013;22.0666;-256.277;-256.684;-256.903;-256.966;-255.956;0;None;1000;None;13:35:31.585
3642;25.7287;25.6856;22.0626;-256.269;-256.684;-256.903;-256.958;-255.949;0;None;1000;None;13:35:32.085
3643;25.7287;25.6935;22.0587;-256.269;-256.692;-256.903;-256.966;-255.956;0;None;1000;None;13:35:32.585
3644;25.7287;25.6935;22.0587;-256.277;-256.676;-256.903;-256.958;-255.956;0;None;1000;None;13:35:33.085
3645;25.7287;25.6935;22.0626;-256.269;-256.676;-256.903;-256.958;-255.956;0;None;1000;None;13:35:33.584
3646;25.7208;25.6856;22.0587;-256.277;-256.676;-256.903;-256.958;-255.949;0;None;1000;None;13:35:34.083
3647;25.7208;25.6935;22.0587;-256.277;-256.676;-256.911;-256.966;-255.956;0;None;1000;None;13:35:34.583
3648;25.7208;25.6856;22.0548;-256.269;-256.676;-256.911;-256.95;-255.949;0;None;1000;None;13:35:35.084
3649;25.7208;25.6778;22.0626;-256.277;-256.684;-256.903;-256.958;-255.956;0;None;1000;None;13:35:35.584
3650;25.713;25.6856;22.0587;-256.269;-256.684;-256.911;-256.966;-255.949;0;None;1000;None;13:35:36.083
3651;25.7169;25.6778;22.0587;-256.269;-256.692;-256.911;-256.958;-255.956;0;None;1000;None;13:35:36.583
3652;25.7169;25.6778;22.0626;-256.277;-256.692;-256.903;-256.958;-255.956;0;None;1000;None;13:35:37.083
3653;25.713;25.6856;22.0705;-256.269;-256.684;-256.911;-256.958;-255.956;0;None;1000;None;13:35:37.584
3654;25.713;25.6778;22.0705;-256.277;-256.684;-256.903;-256.958;-255.956;0;None;1000;None;13:35:38.083
3655;25.713;25.6778;22.0705;-256.277;-256.684;-256.903;-256.966;-255.956;0;None;1000;None;13:35:38.583
3656;25.713;25.67;22.0705;-256.277;-256.692;-256.903;-256.958;-255.949;0;None;1000;None;13:35:39.083
3657;25.713;25.67;22.0626;-256.277;-256.684;-256.903;-256.966;-255.956;0;None;1000;None;13:35:39.583
3658;25.713;25.67;22.0783;-256.277;-256.684;-256.903;-256.958;-255.956;0;None;1000;None;13:35:40.085
3659;25.7091;25.6622;22.0705;-256.277;-256.684;-256.903;-256.958;-255.956;0;None;1000;None;13:35:40.583
3660;25.7091;25.67;22.0783;-256.277;-256.684;-256.903;-256.958;-255.956;0;None;1000;None;13:35:41.084
3661;25.7091;25.6622;22.0705;-256.277;-256.684;-256.911;-256.958;-255.956;0;None;1000;None;13:35:41.586
3662;25.7091;25.6622;22.0783;-256.277;-256.676;-256.903;-256.966;-255.956;0;None;1000;None;13:35:42.085
3663;25.7091;25.6543;22.0861;-256.277;-256.676;-256.903;-256.966;-255.956;0;None;1000;None;13:35:42.585
3664;25.7052;25.6622;22.0705;-256.277;-256.676;-256.903;-256.966;-255.956;0;None;1000;None;13:35:43.085
3665;25.7091;25.6543;22.0783;-256.269;-256.684;-256.903;-256.966;-255.949;0;None;1000;None;13:35:43.585
3666;25.7052;25.6622;22.0783;-256.277;-256.676;-256.895;-256.958;-255.956;0;None;1000;None;13:35:44.084
3667;25.7091;25.6622;22.0783;-256.269;-256.684;-256.903;-256.966;-255.949;0;None;1000;None;13:35:44.585
3668;25.7052;25.6543;22.0705;-256.277;-256.676;-256.903;-256.966;-255.956;0;None;1000;None;13:35:45.085
3669;25.7013;25.6622;22.0705;-256.269;-256.692;-256.895;-256.966;-255.949;0;None;1000;None;13:35:45.586
3670;25.7052;25.6465;22.0783;-256.269;-256.684;-256.895;-256.966;-255.956;0;None;1000;None;13:35:46.085
3671;25.7013;25.6543;22.0705;-256.269;-256.692;-256.903;-256.974;-255.956;0;None;1000;None;13:35:46.585
3672;25.7013;25.6465;22.0783;-256.269;-256.684;-256.903;-256.958;-255.956;0;None;1000;None;13:35:47.084
3673;25.6935;25.6465;22.0783;-256.277;-256.684;-256.895;-256.966;-255.956;0;None;1000;None;13:35:47.583
3674;25.6935;25.6387;22.0783;-256.269;-256.692;-256.903;-256.966;-255.956;0;None;1000;None;13:35:48.084
3675;25.6935;25.6465;22.0939;-256.277;-256.692;-256.895;-256.966;-255.949;0;None;1000;None;13:35:48.583
3676;25.6856;25.6387;22.0861;-256.269;-256.692;-256.903;-256.958;-255.956;0;None;1000;None;13:35:49.083
3677;25.6778;25.6309;22.0939;-256.269;-256.684;-256.895;-256.966;-255.956;0;None;1000;None;13:35:49.583
3678;25.6778;25.6387;22.0861;-256.277;-256.692;-256.903;-256.958;-255.956;0;None;1000;None;13:35:50.084
3679;25.6856;25.6309;22.0939;-256.269;-256.684;-256.903;-256.958;-255.956;0;None;1000;None;13:35:50.585
3680;25.67;25.6309;22.0939;-256.277;-256.684;-256.903;-256.958;-255.949;0;None;1000;None;13:35:51.087
3681;25.6778;25.6387;22.0939;-256.277;-256.692;-256.895;-256.966;-255.964;0;None;1000;None;13:35:51.585
3682;25.67;25.6309;22.0939;-256.269;-256.684;-256.903;-256.958;-255.949;0;None;1000;None;13:35:52.084
3683;25.67;25.6309;22.0939;-256.277;-256.684;-256.895;-256.966;-255.956;0;None;1000;None;13:35:52.585
3684;25.67;25.6309;22.0939;-256.277;-256.692;-256.903;-256.958;-255.956;0;None;1000;None;13:35:53.085
3685;25.67;25.6309;22.1018;-256.277;-256.684;-256.903;-256.958;-255.949;0;None;1000;None;13:35:53.586
3686;25.6778;25.6309;22.0939;-256.277;-256.692;-256.895;-256.966;-255.956;0;None;1000;None;13:35:54.086
3687;25.6778;25.6191;22.0939;-256.277;-256.684;-256.895;-256.966;-255.949;0;None;1000;None;13:35:54.585
3688;25.67;25.623;22.1018;-256.277;-256.684;-256.895;-256.958;-255.949;0;None;1000;None;13:35:55.085
3689;25.67;25.623;22.0939;-256.277;-256.684;-256.903;-256.958;-255.949;0;None;1000;None;13:35:55.586
3690;25.6778;25.6191;22.0939;-256.285;-256.692;-256.895;-256.958;-255.949;0;None;1000;None;13:35:56.085
3691;25.6778;25.6152;22.0939;-256.277;-256.684;-256.895;-256.958;-255.949;0;None;1000;None;13:35:56.585
3692;25.6622;25.6191;22.1018;-256.277;-256.692;-256.895;-256.966;-255.956;0;None;1000;None;13:35:57.085
3693;25.67;25.6191;22.0939;-256.277;-256.684;-256.895;-256.95;-255.949;0;None;1000;None;13:35:57.584
3694;25.67;25.6191;22.0861;-256.277;-256.684;-256.903;-256.958;-255.956;0;None;1000;None;13:35:58.084
3695;25.6622;25.6152;22.0939;-256.277;-256.692;-256.903;-256.958;-255.949;0;None;1000;None;13:35:58.585
3696;25.6622;25.6152;22.0783;-256.277;-256.684;-256.895;-256.958;-255.956;0;None;1000;None;13:35:59.086
3697;25.6622;25.6152;22.0939;-256.277;-256.684;-256.903;-256.966;-255.956;0;None;1000;None;13:35:59.586
3698;25.6622;25.6113;22.0939;-256.277;-256.692;-256.895;-256.958;-255.949;0;None;1000;None;13:36:00.085
3699;25.6543;25.6152;22.0861;-256.277;-256.684;-256.903;-256.958;-255.956;0;None;1000;None;13:36:00.586
3700;25.6543;25.6113;22.0861;-256.269;-256.684;-256.895;-256.958;-255.949;0;None;1000;None;13:36:01.085
3701;25.6543;25.6113;22.0783;-256.277;-256.692;-256.903;-256.958;-255.956;0;None;1000;None;13:36:01.585
3702;25.6543;25.6152;22.0783;-256.277;-256.684;-256.895;-256.958;-255.949;0;None;1000;None;13:36:02.085
3703;25.6543;25.6113;22.0783;-256.277;-256.692;-256.903;-256.966;-255.949;0;None;1000;None;13:36:02.585
3704;25.6465;25.6113;22.0861;-256.277;-256.684;-256.903;-256.95;-255.956;0;None;1000;None;13:36:03.085
3705;25.6465;25.6074;22.0783;-256.277;-256.684;-256.895;-256.95;-255.949;0;None;1000;None;13:36:03.583
3706;25.6465;25.6113;22.0783;-256.277;-256.692;-256.903;-256.958;-255.949;0;None;1000;None;13:36:04.085
3707;25.6387;25.6074;22.0861;-256.269;-256.684;-256.895;-256.958;-255.956;0;None;1000;None;13:36:04.587
3708;25.6465;25.6035;22.0861;-256.269;-256.684;-256.895;-256.966;-255.949;0;None;1000;None;13:36:05.083
3709;25.6387;25.6074;22.0705;-256.277;-256.676;-256.895;-256.966;-255.941;0;None;1000;None;13:36:05.586
3710;25.6387;25.6074;22.0861;-256.269;-256.684;-256.895;-256.958;-255.949;0;None;1000;None;13:36:06.086
3711;25.6387;25.6035;22.0861;-256.277;-256.684;-256.895;-256.958;-255.956;0;None;1000;None;13:36:06.585
3712;25.6387;25.6074;22.0861;-256.277;-256.684;-256.895;-256.966;-255.949;0;None;1000;None;13:36:07.086
3713;25.6465;25.5996;22.0861;-256.269;-256.676;-256.895;-256.958;-255.949;0;None;1000;None;13:36:07.585
3714;25.6387;25.6074;22.0861;-256.277;-256.684;-256.895;-256.958;-255.949;0;None;1000;None;13:36:08.086
3715;25.6387;25.6035;22.0783;-256.277;-256.684;-256.895;-256.958;-255.949;0;None;1000;None;13:36:08.586
3716;25.6309;25.5956;22.0783;-256.269;-256.684;-256.903;-256.958;-255.949;0;None;1000;None;13:36:09.085
3717;25.6309;25.6035;22.0783;-256.277;-256.684;-256.895;-256.958;-255.949;0;None;1000;None;13:36:09.586
3718;25.6309;25.5956;22.0783;-256.269;-256.676;-256.903;-256.958;-255.949;0;None;1000;None;13:36:10.086
3719;25.6309;25.5956;22.0861;-256.277;-256.684;-256.895;-256.95;-255.949;0;None;1000;None;13:36:10.586
3720;25.6309;25.5878;22.0861;-256.277;-256.684;-256.895;-256.958;-255.941;0;None;1000;None;13:36:11.086
3721;25.623;25.5878;22.0705;-256.277;-256.684;-256.895;-256.958;-255.949;0;None;1000;None;13:36:11.585
3722;25.6309;25.58;22.0783;-256.277;-256.684;-256.903;-256.958;-255.949;0;None;1000;None;13:36:12.085
3723;25.6309;25.58;22.0783;-256.277;-256.684;-256.895;-256.958;-255.949;0;None;1000;None;13:36:12.586
3724;25.623;25.5878;22.0783;-256.277;-256.692;-256.895;-256.966;-255.949;0;None;1000;None;13:36:13.084
3725;25.623;25.5722;22.0783;-256.269;-256.692;-256.895;-256.958;-255.941;0;None;1000;None;13:36:13.586
3726;25.623;25.58;22.0783;-256.277;-256.684;-256.888;-256.958;-255.949;0;None;1000;None;13:36:14.085
3727;25.623;25.5643;22.0705;-256.277;-256.684;-256.895;-256.966;-255.949;0;None;1000;None;13:36:14.586
3728;25.623;25.5722;22.0783;-256.277;-256.684;-256.888;-256.966;-255.956;0;None;1000;None;13:36:15.085
3729;25.6152;25.5722;22.0783;-256.277;-256.684;-256.888;-256.966;-255.949;0;None;1000;None;13:36:15.586
3730;25.623;25.5643;22.0705;-256.269;-256.684;-256.895;-256.966;-255.941;0;None;1000;None;13:36:16.086
3731;25.6152;25.5643;22.0626;-256.277;-256.684;-256.895;-256.966;-255.949;0;None;1000;None;13:36:16.586
3732;25.6152;25.5643;22.0705;-256.277;-256.692;-256.895;-256.966;-255.949;0;None;1000;None;13:36:17.086
3733;25.6152;25.5565;22.0666;-256.277;-256.692;-256.903;-256.958;-255.949;0;None;1000;None;13:36:17.594
3734;25.5996;25.5643;22.0626;-256.277;-256.684;-256.895;-256.966;-255.949;0;None;1000;None;13:36:18.085
3735;25.6074;25.5565;22.0626;-256.285;-256.692;-256.895;-256.966;-255.949;0;None;1000;None;13:36:18.586
3736;25.5996;25.5565;22.0705;-256.277;-256.692;-256.895;-256.958;-255.949;0;None;1000;None;13:36:19.087
3737;25.5996;25.5643;22.0705;-256.277;-256.692;-256.895;-256.966;-255.949;0;None;1000;None;13:36:19.586
3738;25.5996;25.5565;22.0626;-256.277;-256.676;-256.895;-256.966;-255.949;0;None;1000;None;13:36:20.086
3739;25.5996;25.5565;22.0783;-256.277;-256.684;-256.903;-256.966;-255.949;0;None;1000;None;13:36:20.585
3740;25.5917;25.5409;22.0626;-256.277;-256.684;-256.895;-256.966;-255.941;0;None;1000;None;13:36:21.086
3741;25.5996;25.5487;22.0705;-256.277;-256.692;-256.895;-256.958;-255.941;0;None;1000;None;13:36:21.585
3742;25.6074;25.5487;22.0626;-256.277;-256.684;-256.895;-256.958;-255.949;0;None;1000;None;13:36:22.087
3743;25.5996;25.5409;22.0705;-256.277;-256.692;-256.895;-256.958;-255.949;0;None;1000;None;13:36:22.586
3744;25.5917;25.5409;22.0705;-256.277;-256.684;-256.895;-256.966;-255.941;0;None;1000;None;13:36:23.086
3745;25.5839;25.5409;22.0626;-256.277;-256.692;-256.895;-256.958;-255.949;0;None;1000;None;13:36:23.586
3746;25.5839;25.5409;22.0705;-256.285;-256.684;-256.903;-256.958;-255.949;0;None;1000;None;13:36:24.086
3747;25.5839;25.5409;22.0626;-256.277;-256.692;-256.895;-256.95;-255.956;0;None;1000;None;13:36:24.585
3748;25.5839;25.533;22.0626;-256.277;-256.692;-256.895;-256.966;-255.949;0;None;1000;None;13:36:25.085
3749;25.5839;25.533;22.0705;-256.277;-256.692;-256.903;-256.95;-255.956;0;None;1000;None;13:36:25.585
3750;25.5839;25.533;22.0626;-256.277;-256.7;-256.903;-256.958;-255.949;0;None;1000;None;13:36:26.085
3751;25.5761;25.5252;22.0626;-256.277;-256.692;-256.903;-256.966;-255.956;0;None;1000;None;13:36:26.586
3752;25.5761;25.533;22.0626;-256.285;-256.7;-256.903;-256.958;-255.956;0;None;1000;None;13:36:27.086
3753;25.5683;25.5252;22.0626;-256.277;-256.692;-256.895;-256.958;-255.949;0;None;1000;None;13:36:27.586
3754;25.5839;25.5174;22.0626;-256.285;-256.692;-256.903;-256.95;-255.949;0;None;1000;None;13:36:28.086
3755;25.5683;25.5174;22.0705;-256.285;-256.692;-256.895;-256.958;-255.956;0;None;1000;None;13:36:28.585
3756;25.5761;25.5174;22.0666;-256.277;-256.7;-256.903;-256.958;-255.949;0;None;1000;None;13:36:29.087
3757;25.5683;25.5174;22.0626;-256.277;-256.692;-256.903;-256.958;-255.949;0;None;1000;None;13:36:29.585
3758;25.5683;25.5174;22.0587;-256.285;-256.692;-256.903;-256.958;-255.956;0;None;1000;None;13:36:30.086
3759;25.5604;25.5096;22.0626;-256.285;-256.708;-256.903;-256.966;-255.949;0;None;1000;None;13:36:30.594
3760;25.5683;25.5174;22.0626;-256.277;-256.692;-256.903;-256.958;-255.956;0;None;1000;None;13:36:31.086
3761;25.5526;25.5096;22.0626;-256.277;-256.7;-256.895;-256.958;-255.949;0;None;1000;None;13:36:31.585
3762;25.5526;25.5017;22.0587;-256.277;-256.692;-256.903;-256.958;-255.949;0;None;1000;None;13:36:32.086
3763;25.5526;25.5017;22.0587;-256.277;-256.692;-256.895;-256.966;-255.949;0;None;1000;None;13:36:32.585
3764;25.5526;25.5096;22.0587;-256.269;-256.692;-256.903;-256.958;-255.949;0;None;1000;None;13:36:33.085
3765;25.5604;25.5017;22.0626;-256.277;-256.692;-256.903;-256.966;-255.941;0;None;1000;None;13:36:33.585
3766;25.5448;25.4939;22.0587;-256.277;-256.692;-256.895;-256.958;-255.956;0;None;1000;None;13:36:34.085
3767;25.5526;25.5017;22.0587;-256.277;-256.684;-256.903;-256.966;-255.949;0;None;1000;None;13:36:34.586
3768;25.5526;25.4939;22.0587;-256.277;-256.7;-256.895;-256.966;-255.956;0;None;1000;None;13:36:35.086
3769;25.5526;25.5096;22.0587;-256.269;-256.692;-256.903;-256.958;-255.949;0;None;1000;None;13:36:35.586
3770;25.5448;25.5017;22.0666;-256.277;-256.692;-256.903;-256.966;-255.949;0;None;1000;None;13:36:36.085
3771;25.5448;25.5017;22.0705;-256.277;-256.692;-256.903;-256.966;-255.949;0;None;1000;None;13:36:36.585
3772;25.5448;25.5017;22.0626;-256.277;-256.684;-256.903;-256.958;-255.949;0;None;1000;None;13:36:37.087
3773;25.5448;25.5017;22.0626;-256.269;-256.692;-256.911;-256.966;-255.949;0;None;1000;None;13:36:37.587
3774;25.5448;25.5017;22.0626;-256.277;-256.692;-256.903;-256.95;-255.949;0;None;1000;None;13:36:38.086
3775;25.5448;25.5017;22.0626;-256.269;-256.684;-256.903;-256.95;-255.949;0;None;1000;None;13:36:38.587
3776;25.537;25.5017;22.0587;-256.262;-256.684;-256.903;-256.958;-255.949;0;None;1000;None;13:36:39.087
3777;25.537;25.4939;22.0626;-256.277;-256.684;-256.903;-256.95;-255.949;0;None;1000;None;13:36:39.587
3778;25.537;25.5017;22.0587;-256.269;-256.676;-256.903;-256.958;-255.949;0;None;1000;None;13:36:40.086
3779;25.537;25.4939;22.0626;-256.277;-256.684;-256.895;-256.95;-255.949;0;None;1000;None;13:36:40.585
3780;25.5291;25.4861;22.0587;-256.269;-256.676;-256.903;-256.958;-255.956;0;None;1000;None;13:36:41.087
3781;25.5291;25.4939;22.0626;-256.277;-256.692;-256.903;-256.958;-255.949;0;None;1000;None;13:36:41.585
3782;25.5213;25.4861;22.0626;-256.269;-256.676;-256.903;-256.958;-255.956;0;None;1000;None;13:36:42.086
3783;25.5291;25.4861;22.0587;-256.277;-256.684;-256.895;-256.95;-255.956;0;None;1000;None;13:36:42.586
3784;25.5291;25.4939;22.0626;-256.277;-256.684;-256.895;-256.958;-255.956;0;None;1000;None;13:36:43.085
3785;25.5213;25.4783;22.0626;-256.277;-256.692;-256.903;-256.95;-255.956;0;None;1000;None;13:36:43.585
3786;25.5291;25.4783;22.0626;-256.277;-256.676;-256.903;-256.95;-255.949;0;None;1000;None;13:36:44.086
3787;25.5213;25.4783;22.0626;-256.277;-256.692;-256.903;-256.95;-255.956;0;None;1000;None;13:36:44.586
3788;25.5291;25.4783;22.0626;-256.277;-256.684;-256.895;-256.95;-255.949;0;None;1000;None;13:36:45.086
3789;25.5213;25.4704;22.0587;-256.277;-256.684;-256.903;-256.958;-255.956;0;None;1000;None;13:36:45.585
3790;25.5291;25.4783;22.0626;-256.277;-256.684;-256.903;-256.966;-255.956;0;None;1000;None;13:36:46.086
3791;25.5291;25.4704;22.0587;-256.277;-256.684;-256.895;-256.966;-255.956;0;None;1000;None;13:36:46.586
3792;25.5291;25.4704;22.0587;-256.269;-256.692;-256.903;-256.958;-255.956;0;None;1000;None;13:36:47.085
3793;25.5213;25.4783;22.0626;-256.277;-256.692;-256.903;-256.958;-255.956;0;None;1000;None;13:36:47.586
3794;25.5213;25.4783;22.0587;-256.269;-256.684;-256.903;-256.95;-255.949;0;None;1000;None;13:36:48.086
3795;25.5213;25.4783;22.0626;-256.277;-256.684;-256.895;-256.958;-255.956;0;None;1000;None;13:36:48.586
3796;25.5213;25.4704;22.0587;-256.277;-256.692;-256.903;-256.966;-255.949;0;None;1000;None;13:36:49.086
3797;25.5135;25.4626;22.0626;-256.285;-256.692;-256.903;-256.966;-255.956;0;None;1000;None;13:36:49.586
3798;25.5135;25.4704;22.0626;-256.277;-256.684;-256.895;-256.966;-255.956;0;None;1000;None;13:36:50.086
3799;25.5057;25.4626;22.0626;-256.277;-256.692;-256.895;-256.958;-255.949;0;None;1000;None;13:36:50.586
3800;25.5135;25.4626;22.0626;-256.277;-256.676;-256.903;-256.95;-255.956;0;None;1000;None;13:36:51.086
3801;25.5135;25.4626;22.0626;-256.277;-256.684;-256.903;-256.958;-255.956;0;None;1000;None;13:36:51.585
3802;25.5057;25.4626;22.0626;-256.277;-256.684;-256.903;-256.958;-255.956;0;None;1000;None;13:36:52.085
3803;25.5057;25.4548;22.0705;-256.277;-256.684;-256.903;-256.958;-255.956;0;None;1000;None;13:36:52.585
3804;25.5017;25.4626;22.0705;-256.285;-256.668;-256.903;-256.958;-255.956;0;None;1000;None;13:36:53.086
3805;25.5017;25.4626;22.0626;-256.277;-256.684;-256.895;-256.958;-255.956;0;None;1000;None;13:36:53.586
3806;25.5017;25.4548;22.0626;-256.277;-256.676;-256.895;-256.958;-255.956;0;None;1000;None;13:36:54.086
3807;25.5017;25.4626;22.0626;-256.277;-256.692;-256.895;-256.95;-255.956;0;None;1000;None;13:36:54.586
3808;25.5017;25.4548;22.0626;-256.285;-256.684;-256.895;-256.95;-255.956;0;None;1000;None;13:36:55.086
3809;25.5017;25.4626;22.0626;-256.277;-256.684;-256.895;-256.95;-255.956;0;None;1000;None;13:36:55.585
3810;25.4978;25.4548;22.0705;-256.277;-256.684;-256.895;-256.95;-255.956;0;None;1000;None;13:36:56.086
3811;25.4978;25.447;22.0626;-256.277;-256.684;-256.888;-256.958;-255.956;0;None;1000;None;13:36:56.586
3812;25.4939;25.4548;22.0626;-256.285;-256.684;-256.895;-256.966;-255.956;0;None;1000;None;13:36:57.086
3813;25.49;25.4548;22.0666;-256.277;-256.692;-256.895;-256.958;-255.956;0;None;1000;None;13:36:57.586
3814;25.49;25.447;22.0705;-256.269;-256.684;-256.903;-256.966;-255.956;0;None;1000;None;13:36:58.086
3815;25.49;25.447;22.0587;-256.277;-256.684;-256.903;-256.95;-255.956;0;None;1000;None;13:36:58.585
3816;25.49;25.447;22.0666;-256.277;-256.692;-256.895;-256.958;-255.956;0;None;1000;None;13:36:59.085
3817;25.4861;25.4391;22.0705;-256.277;-256.692;-256.903;-256.95;-255.956;0;None;1000;None;13:36:59.586
3818;25.49;25.4313;22.0705;-256.269;-256.692;-256.903;-256.95;-255.956;0;None;1000;None;13:37:00.087
3819;25.4861;25.4391;22.0705;-256.277;-256.692;-256.911;-256.958;-255.956;0;None;1000;None;13:37:00.586
3820;25.4861;25.4391;22.0705;-256.269;-256.692;-256.903;-256.958;-255.956;0;None;1000;None;13:37:01.087
3821;25.49;25.4313;22.0626;-256.277;-256.7;-256.903;-256.95;-255.956;0;None;1000;None;13:37:01.586
3822;25.49;25.4391;22.0783;-256.277;-256.692;-256.895;-256.958;-255.956;0;None;1000;None;13:37:02.086
3823;25.4861;25.4235;22.0861;-256.277;-256.692;-256.903;-256.958;-255.956;0;None;1000;None;13:37:02.586
3824;25.4783;25.4313;22.0783;-256.277;-256.692;-256.903;-256.958;-255.949;0;None;1000;None;13:37:03.086
3825;25.4783;25.4313;22.0783;-256.277;-256.692;-256.903;-256.958;-255.956;0;None;1000;None;13:37:03.587
3826;25.4783;25.4235;22.0861;-256.277;-256.684;-256.895;-256.958;-255.956;0;None;1000;None;13:37:04.086
3827;25.4783;25.4235;22.0783;-256.277;-256.692;-256.895;-256.958;-255.956;0;None;1000;None;13:37:04.586
3828;25.4783;25.4157;22.0861;-256.277;-256.684;-256.895;-256.958;-255.949;0;None;1000;None;13:37:05.086
3829;25.4704;25.4157;22.0861;-256.277;-256.692;-256.895;-256.958;-255.956;0;None;1000;None;13:37:05.585
3830;25.4704;25.4157;22.0861;-256.277;-256.684;-256.895;-256.966;-255.956;0;None;1000;None;13:37:06.086
3831;25.4704;25.4157;22.0783;-256.277;-256.684;-256.895;-256.95;-255.956;0;None;1000;None;13:37:06.586
3832;25.4704;25.4235;22.0861;-256.277;-256.684;-256.895;-256.958;-255.956;0;None;1000;None;13:37:07.087
3833;25.4626;25.4157;22.0783;-256.277;-256.684;-256.895;-256.95;-255.956;0;None;1000;None;13:37:07.585
3834;25.4626;25.4078;22.0861;-256.285;-256.684;-256.903;-256.958;-255.949;0;None;1000;None;13:37:08.087
3835;25.4704;25.4078;22.0783;-256.277;-256.684;-256.895;-256.95;-255.956;0;None;1000;None;13:37:08.586
3836;25.4626;25.4157;22.0861;-256.277;-256.684;-256.895;-256.95;-255.964;0;None;1000;None;13:37:09.087
3837;25.4548;25.4078;22.0783;-256.277;-256.684;-256.895;-256.95;-255.956;0;None;1000;None;13:37:09.586
3838;25.4548;25.4078;22.0861;-256.277;-256.676;-256.895;-256.95;-255.956;0;None;1000;None;13:37:10.087
3839;25.4626;25.4078;22.0783;-256.269;-256.684;-256.895;-256.958;-255.956;0;None;1000;None;13:37:10.585
3840;25.4548;25.4078;22.0705;-256.269;-256.684;-256.895;-256.958;-255.956;0;None;1000;None;13:37:11.086
3841;25.4548;25.4039;22.0783;-256.277;-256.684;-256.895;-256.95;-255.956;0;None;1000;None;13:37:11.587
3842;25.4548;25.4039;22.0783;-256.277;-256.692;-256.895;-256.958;-255.956;0;None;1000;None;13:37:12.086
3843;25.4548;25.4078;22.0705;-256.269;-256.676;-256.888;-256.95;-255.956;0;None;1000;None;13:37:12.587
3844;25.447;25.4;22.0783;-256.277;-256.684;-256.895;-256.95;-255.964;0;None;1000;None;13:37:13.085
3845;25.447;25.4039;22.0783;-256.269;-256.684;-256.895;-256.958;-255.956;0;None;1000;None;13:37:13.587
3846;25.447;25.4039;22.0861;-256.277;-256.684;-256.903;-256.958;-255.956;0;None;1000;None;13:37:14.086
3847;25.4548;25.4;22.0705;-256.277;-256.684;-256.895;-256.95;-255.956;0;None;1000;None;13:37:14.586
3848;25.447;25.4;22.0783;-256.269;-256.676;-256.895;-256.95;-255.964;0;None;1000;None;13:37:15.086
3849;25.447;25.4039;22.0783;-256.285;-256.684;-256.903;-256.95;-255.956;0;None;1000;None;13:37:15.587
3850;25.4391;25.4;22.0783;-256.269;-256.684;-256.903;-256.95;-255.956;0;None;1000;None;13:37:16.087
3851;25.447;25.4;22.0705;-256.277;-256.692;-256.903;-256.95;-255.956;0;None;1000;None;13:37:16.586
3852;25.447;25.4;22.0783;-256.277;-256.684;-256.903;-256.95;-255.964;0;None;1000;None;13:37:17.087
3853;25.447;25.3922;22.0705;-256.277;-256.692;-256.903;-256.958;-255.964;0;None;1000;None;13:37:17.586
3854;25.4313;25.3961;22.0783;-256.277;-256.676;-256.903;-256.966;-255.964;0;None;1000;None;13:37:18.086
3855;25.4391;25.3922;22.0783;-256.285;-256.684;-256.903;-256.966;-255.964;0;None;1000;None;13:37:18.585
3856;25.4235;25.3961;22.0705;-256.269;-256.684;-256.903;-256.958;-255.956;0;None;1000;None;13:37:19.085
3857;25.4313;25.3922;22.0705;-256.269;-256.684;-256.903;-256.95;-255.964;0;None;1000;None;13:37:19.585
3858;25.4313;25.3922;22.0705;-256.277;-256.684;-256.895;-256.958;-255.956;0;None;1000;None;13:37:20.087
3859;25.4313;25.3883;22.0705;-256.269;-256.692;-256.911;-256.958;-255.964;0;None;1000;None;13:37:20.585
3860;25.4313;25.3883;22.0705;-256.277;-256.684;-256.903;-256.958;-255.956;0;None;1000;None;13:37:21.087
3861;25.4313;25.3883;22.0705;-256.277;-256.692;-256.895;-256.958;-255.949;0;None;1000;None;13:37:21.585
3862;25.4235;25.3883;22.0705;-256.277;-256.684;-256.903;-256.95;-255.956;0;None;1000;None;13:37:22.087
3863;25.4157;25.3883;22.0626;-256.269;-256.684;-256.903;-256.958;-255.956;0;None;1000;None;13:37:22.587
3864;25.4313;25.3883;22.0626;-256.277;-256.684;-256.903;-256.958;-255.949;0;None;1000;None;13:37:23.086
3865;25.4235;25.3883;22.0626;-256.277;-256.692;-256.903;-256.95;-255.956;0;None;1000;None;13:37:23.586
3866;25.4313;25.3883;22.0705;-256.277;-256.692;-256.903;-256.958;-255.949;0;None;1000;None;13:37:24.086
3867;25.4235;25.3883;22.0705;-256.277;-256.684;-256.903;-256.958;-255.949;0;None;1000;None;13:37:24.586
3868;25.4235;25.3922;22.0705;-256.277;-256.684;-256.895;-256.958;-255.949;0;None;1000;None;13:37:25.086
3869;25.4235;25.3883;22.0626;-256.269;-256.684;-256.903;-256.966;-255.949;0;None;1000;None;13:37:25.587
3870;25.4235;25.3883;22.0705;-256.277;-256.684;-256.895;-256.958;-255.956;0;None;1000;None;13:37:26.087
3871;25.4157;25.3922;22.0626;-256.269;-256.684;-256.903;-256.958;-255.949;0;None;1000;None;13:37:26.588
3872;25.4078;25.3883;22.0626;-256.277;-256.684;-256.903;-256.958;-255.956;0;None;1000;None;13:37:27.086
3873;25.4157;25.3805;22.0705;-256.262;-256.692;-256.895;-256.958;-255.949;0;None;1000;None;13:37:27.587
3874;25.4078;25.3805;22.0705;-256.277;-256.684;-256.903;-256.966;-255.949;0;None;1000;None;13:37:28.086
3875;25.4;25.3805;22.0626;-256.277;-256.684;-256.903;-256.95;-255.949;0;None;1000;None;13:37:28.587
3876;25.4078;25.3805;22.0783;-256.269;-256.684;-256.895;-256.958;-255.956;0;None;1000;None;13:37:29.086
3877;25.4;25.3726;22.0626;-256.277;-256.684;-256.903;-256.958;-255.956;0;None;1000;None;13:37:29.587
3878;25.4;25.3805;22.0705;-256.277;-256.684;-256.903;-256.958;-255.956;0;None;1000;None;13:37:30.085
3879;25.3922;25.3805;22.0705;-256.277;-256.692;-256.903;-256.958;-255.956;0;None;1000;None;13:37:30.586
3880;25.4;25.3726;22.0705;-256.277;-256.684;-256.903;-256.95;-255.964;0;None;1000;None;13:37:31.087
3881;25.3922;25.3805;22.0705;-256.277;-256.692;-256.903;-256.958;-255.956;0;None;1000;None;13:37:31.587
3882;25.3922;25.3726;22.0705;-256.277;-256.684;-256.895;-256.958;-255.964;0;None;1000;None;13:37:32.086
3883;25.3922;25.3805;22.0626;-256.269;-256.684;-256.903;-256.958;-255.956;0;None;1000;None;13:37:32.587
3884;25.3922;25.3726;22.0705;-256.277;-256.684;-256.903;-256.958;-255.956;0;None;1000;None;13:37:33.086
3885;25.3922;25.3726;22.0705;-256.269;-256.684;-256.903;-256.95;-255.956;0;None;1000;None;13:37:33.584
3886;25.3844;25.3648;22.0705;-256.277;-256.684;-256.903;-256.958;-255.956;0;None;1000;None;13:37:34.085
3887;25.3844;25.3648;22.0705;-256.269;-256.692;-256.903;-256.958;-255.956;0;None;1000;None;13:37:34.585
3888;25.3922;25.3648;22.0626;-256.277;-256.684;-256.903;-256.958;-255.956;0;None;1000;None;13:37:35.085
3889;25.3922;25.3648;22.0705;-256.277;-256.692;-256.903;-256.95;-255.949;0;None;1000;None;13:37:35.586
3890;25.3844;25.357;22.0705;-256.269;-256.684;-256.903;-256.958;-255.956;0;None;1000;None;13:37:36.086
3891;25.3844;25.357;22.0705;-256.277;-256.692;-256.895;-256.958;-255.949;0;None;1000;None;13:37:36.584
3892;25.3765;25.3492;22.0626;-256.277;-256.676;-256.903;-256.958;-255.956;0;None;1000;None;13:37:37.085
3893;25.3765;25.357;22.0705;-256.277;-256.684;-256.903;-256.958;-255.956;0;None;1000;None;13:37:37.586
3894;25.3765;25.3492;22.0705;-256.269;-256.684;-256.903;-256.966;-255.956;0;None;1000;None;13:37:38.087
3895;25.3687;25.3492;22.0705;-256.277;-256.684;-256.911;-256.966;-255.956;0;None;1000;None;13:37:38.587
3896;25.3687;25.357;22.0705;-256.277;-256.684;-256.895;-256.958;-255.956;0;None;1000;None;13:37:39.087
3897;25.3609;25.357;22.0705;-256.277;-256.684;-256.903;-256.966;-255.956;0;None;1000;None;13:37:39.587
3898;25.3609;25.3492;22.0705;-256.277;-256.684;-256.903;-256.966;-255.956;0;None;1000;None;13:37:40.087
3899;25.3609;25.3413;22.0705;-256.277;-256.684;-256.903;-256.958;-255.964;0;None;1000;None;13:37:40.586
3900;25.3531;25.3413;22.0705;-256.277;-256.676;-256.911;-256.966;-255.956;0;None;1000;None;13:37:41.087
3901;25.3687;25.3335;22.0705;-256.285;-256.684;-256.911;-256.974;-255.964;0;None;1000;None;13:37:41.587
3902;25.3687;25.3413;22.0626;-256.277;-256.684;-256.903;-256.966;-255.956;0;None;1000;None;13:37:42.087
3903;25.3765;25.3413;22.0705;-256.285;-256.684;-256.911;-256.958;-255.956;0;None;1000;None;13:37:42.587
3904;25.3687;25.3335;22.0705;-256.277;-256.684;-256.903;-256.966;-255.956;0;None;1000;None;13:37:43.087
3905;25.3609;25.3335;22.0626;-256.269;-256.684;-256.903;-256.958;-255.956;0;None;1000;None;13:37:43.587
3906;25.3687;25.3335;22.0626;-256.277;-256.676;-256.911;-256.958;-255.956;0;None;1000;None;13:37:44.087
3907;25.3609;25.3335;22.0666;-256.277;-256.684;-256.903;-256.966;-255.956;0;None;1000;None;13:37:44.585
3908;25.3531;25.3335;22.0705;-256.277;-256.684;-256.903;-256.966;-255.964;0;None;1000;None;13:37:45.087
3909;25.3687;25.3335;22.0626;-256.269;-256.676;-256.903;-256.966;-255.956;0;None;1000;None;13:37:45.587
3910;25.3531;25.3335;22.0705;-256.277;-256.684;-256.903;-256.958;-255.956;0;None;1000;None;13:37:46.087
3911;25.3609;25.3335;22.0705;-256.269;-256.676;-256.911;-256.966;-255.956;0;None;1000;None;13:37:46.587
3912;25.3531;25.3335;22.0626;-256.269;-256.684;-256.903;-256.958;-255.956;0;None;1000;None;13:37:47.086
3913;25.3609;25.3335;22.0705;-256.277;-256.676;-256.903;-256.966;-255.956;0;None;1000;None;13:37:47.586
3914;25.3531;25.3257;22.0626;-256.269;-256.684;-256.911;-256.966;-255.956;0;None;1000;None;13:37:48.086
3915;25.3531;25.3257;22.0626;-256.269;-256.684;-256.903;-256.958;-255.956;0;None;1000;None;13:37:48.587
3916;25.3452;25.3179;22.0705;-256.269;-256.684;-256.903;-256.966;-255.956;0;None;1000;None;13:37:49.088
3917;25.3531;25.3179;22.0705;-256.269;-256.692;-256.903;-256.958;-255.964;0;None;1000;None;13:37:49.587
3918;25.3374;25.3257;22.0626;-256.262;-256.684;-256.903;-256.958;-255.956;0;None;1000;None;13:37:50.087
3919;25.3452;25.3179;22.0705;-256.269;-256.692;-256.911;-256.966;-255.956;0;None;1000;None;13:37:50.585
3920;25.3452;25.3179;22.0705;-256.269;-256.684;-256.903;-256.958;-255.956;0;None;1000;None;13:37:51.087
3921;25.3452;25.31;22.0705;-256.262;-256.684;-256.911;-256.958;-255.956;0;None;1000;None;13:37:51.587
3922;25.3374;25.31;22.0705;-256.262;-256.684;-256.903;-256.95;-255.956;0;None;1000;None;13:37:52.086
3923;25.3452;25.31;22.0626;-256.269;-256.676;-256.911;-256.958;-255.956;0;None;1000;None;13:37:52.586
3924;25.3374;25.3022;22.0705;-256.269;-256.684;-256.903;-256.958;-255.956;0;None;1000;None;13:37:53.087
3925;25.3374;25.3022;22.0626;-256.269;-256.684;-256.903;-256.958;-255.956;0;None;1000;None;13:37:53.586
3926;25.3452;25.2944;22.0626;-256.269;-256.684;-256.903;-256.958;-255.956;0;None;1000;None;13:37:54.085
3927;25.3374;25.3022;22.0705;-256.269;-256.684;-256.903;-256.958;-255.956;0;None;1000;None;13:37:54.584
3928;25.3374;25.3022;22.0705;-256.269;-256.684;-256.911;-256.958;-255.956;0;None;1000;None;13:37:55.086
3929;25.3374;25.2944;22.0705;-256.269;-256.692;-256.903;-256.95;-255.956;0;None;1000;None;13:37:55.586
3930;25.3296;25.3022;22.0705;-256.269;-256.684;-256.911;-256.95;-255.949;0;None;1000;None;13:37:56.085
3931;25.3296;25.2944;22.0626;-256.269;-256.692;-256.911;-256.958;-255.956;0;None;1000;None;13:37:56.587
3932;25.3218;25.2944;22.0705;-256.262;-256.676;-256.903;-256.958;-255.956;0;None;1000;None;13:37:57.087
3933;25.3218;25.2944;22.0626;-256.269;-256.684;-256.911;-256.958;-255.949;0;None;1000;None;13:37:57.586
3934;25.3218;25.3022;22.0705;-256.262;-256.676;-256.903;-256.942;-255.956;0;None;1000;None;13:37:58.086
3935;25.3139;25.2866;22.0705;-256.262;-256.684;-256.903;-256.958;-255.956;0;None;1000;None;13:37:58.585
3936;25.3218;25.2866;22.0626;-256.262;-256.684;-256.911;-256.95;-255.949;0;None;1000;None;13:37:59.084
3937;25.3218;25.2866;22.0626;-256.269;-256.684;-256.911;-256.95;-255.956;0;None;1000;None;13:37:59.585
3938;25.3139;25.2866;22.0626;-256.269;-256.676;-256.903;-256.958;-255.956;0;None;1000;None;13:38:00.084
3939;25.3139;25.2944;22.0626;-256.262;-256.676;-256.903;-256.966;-255.949;0;None;1000;None;13:38:00.586
3940;25.3139;25.2866;22.0705;-256.269;-256.676;-256.895;-256.958;-255.956;0;None;1000;None;13:38:01.084
3941;25.3218;25.2787;22.0626;-256.269;-256.684;-256.903;-256.958;-255.956;0;None;1000;None;13:38:01.586
3942;25.3139;25.2866;22.0626;-256.277;-256.676;-256.903;-256.958;-255.956;0;None;1000;None;13:38:02.087
3943;25.3061;25.2787;22.0705;-256.269;-256.684;-256.903;-256.958;-255.949;0;None;1000;None;13:38:02.588
3944;25.3139;25.2787;22.0705;-256.277;-256.692;-256.895;-256.95;-255.956;0;None;1000;None;13:38:03.087
3945;25.3061;25.2709;22.0783;-256.269;-256.684;-256.903;-256.966;-255.949;0;None;1000;None;13:38:03.585
3946;25.3139;25.2709;22.0705;-256.277;-256.684;-256.911;-256.95;-255.949;0;None;1000;None;13:38:04.086
3947;25.3061;25.2709;22.0626;-256.269;-256.684;-256.903;-256.958;-255.956;0;None;1000;None;13:38:04.586
3948;25.3061;25.2709;22.0626;-256.269;-256.684;-256.903;-256.958;-255.949;0;None;1000;None;13:38:05.087
3949;25.3061;25.2709;22.0705;-256.269;-256.676;-256.911;-256.958;-255.956;0;None;1000;None;13:38:05.586
3950;25.2983;25.2631;22.0626;-256.277;-256.684;-256.903;-256.958;-255.956;0;None;1000;None;13:38:06.086
3951;25.2983;25.2709;22.0783;-256.269;-256.684;-256.911;-256.958;-255.956;0;None;1000;None;13:38:06.587
3952;25.2983;25.2631;22.0626;-256.269;-256.692;-256.903;-256.958;-255.949;0;None;1000;None;13:38:07.087
3953;25.2905;25.2631;22.0626;-256.269;-256.684;-256.911;-256.958;-255.956;0;None;1000;None;13:38:07.586
3954;25.2983;25.2553;22.0705;-256.269;-256.684;-256.895;-256.95;-255.956;0;None;1000;None;13:38:08.085
3955;25.2983;25.2631;22.0783;-256.269;-256.676;-256.903;-256.966;-255.956;0;None;1000;None;13:38:08.587
3956;25.2983;25.2631;22.0705;-256.269;-256.692;-256.903;-256.958;-255.956;0;None;1000;None;13:38:09.087
3957;25.2983;25.2553;22.0705;-256.269;-256.684;-256.895;-256.95;-255.949;0;None;1000;None;13:38:09.586
3958;25.2905;25.2631;22.0783;-256.269;-256.684;-256.903;-256.958;-255.949;0;None;1000;None;13:38:10.087
3959;25.2983;25.2553;22.0705;-256.269;-256.676;-256.903;-256.958;-255.956;0;None;1000;None;13:38:10.601
3960;25.2905;25.2553;22.0705;-256.277;-256.684;-256.903;-256.958;-255.949;0;None;1000;None;13:38:11.087
3961;25.2983;25.2631;22.0626;-256.269;-256.684;-256.895;-256.95;-255.941;0;None;1000;None;13:38:11.586
3962;25.2983;25.2553;22.0783;-256.269;-256.684;-256.903;-256.958;-255.949;0;None;1000;None;13:38:12.086
3963;25.2905;25.2474;22.0626;-256.269;-256.684;-256.895;-256.95;-255.949;0;None;1000;None;13:38:12.586
3964;25.2905;25.2474;22.0705;-256.285;-256.684;-256.903;-256.95;-255.949;0;None;1000;None;13:38:13.087
3965;25.2905;25.2474;22.0626;-256.269;-256.692;-256.903;-256.958;-255.941;0;None;1000;None;13:38:13.586
3966;25.2905;25.2474;22.0705;-256.277;-256.684;-256.903;-256.966;-255.956;0;None;1000;None;13:38:14.087
3967;25.2866;25.2474;22.0626;-256.277;-256.692;-256.903;-256.95;-255.949;0;None;1000;None;13:38:14.587
3968;25.2905;25.2396;22.0705;-256.277;-256.684;-256.895;-256.958;-255.949;0;None;1000;None;13:38:15.087
3969;25.2866;25.2474;22.0705;-256.277;-256.684;-256.903;-256.958;-255.949;0;None;1000;None;13:38:15.586
3970;25.2826;25.2474;22.0705;-256.277;-256.684;-256.903;-256.958;-255.949;0;None;1000;None;13:38:16.087
3971;25.2866;25.2396;22.0705;-256.277;-256.684;-256.903;-256.958;-255.949;0;None;1000;None;13:38:16.587
3972;25.2866;25.2474;22.0783;-256.269;-256.684;-256.903;-256.958;-255.941;0;None;1000;None;13:38:17.087
3973;25.2826;25.2396;22.0705;-256.277;-256.684;-256.911;-256.95;-255.945;0;None;1000;None;13:38:17.586
3974;25.2826;25.2474;22.0705;-256.277;-256.684;-256.903;-256.95;-255.941;0;None;1000;None;13:38:18.088
3975;25.2826;25.2396;22.0783;-256.269;-256.692;-256.911;-256.958;-255.949;0;None;1000;None;13:38:18.586
3976;25.2826;25.2396;22.0705;-256.277;-256.684;-256.903;-256.958;-255.956;0;None;1000;None;13:38:19.088
3977;25.2826;25.2396;22.0705;-256.269;-256.684;-256.903;-256.958;-255.949;0;None;1000;None;13:38:19.587
3978;25.2787;25.2396;22.0705;-256.277;-256.684;-256.903;-256.95;-255.941;0;None;1000;None;13:38:20.088
3979;25.2787;25.2279;22.0705;-256.269;-256.684;-256.903;-256.95;-255.949;0;None;1000;None;13:38:20.586
3980;25.2787;25.2318;22.0626;-256.277;-256.684;-256.903;-256.958;-255.956;0;None;1000;None;13:38:21.086
3981;25.2787;25.2279;22.0626;-256.277;-256.684;-256.911;-256.95;-255.949;0;None;1000;None;13:38:21.587
3982;25.2787;25.2279;22.0626;-256.269;-256.676;-256.903;-256.95;-255.956;0;None;1000;None;13:38:22.087
3983;25.2748;25.2279;22.0587;-256.269;-256.684;-256.895;-256.95;-255.949;0;None;1000;None;13:38:22.586
3984;25.2748;25.224;22.0626;-256.269;-256.684;-256.903;-256.958;-255.949;0;None;1000;None;13:38:23.088
3985;25.2748;25.2279;22.0587;-256.269;-256.684;-256.911;-256.958;-255.949;0;None;1000;None;13:38:23.587
3986;25.2709;25.224;22.0626;-256.277;-256.692;-256.903;-256.958;-255.956;0;None;1000;None;13:38:24.086
3987;25.2748;25.2279;22.0626;-256.269;-256.676;-256.903;-256.958;-255.941;0;None;1000;None;13:38:24.586
3988;25.2709;25.224;22.0626;-256.269;-256.684;-256.903;-256.95;-255.949;0;None;1000;None;13:38:25.087
3989;25.2748;25.224;22.0587;-256.269;-256.684;-256.903;-256.958;-255.949;0;None;1000;None;13:38:25.585
3990;25.2709;25.224;22.0666;-256.269;-256.676;-256.903;-256.958;-255.949;0;None;1000;None;13:38:26.086
3991;25.2709;25.224;22.0626;-256.269;-256.684;-256.911;-256.958;-255.956;0;None;1000;None;13:38:26.587
3992;25.2709;25.224;22.0587;-256.269;-256.684;-256.903;-256.95;-255.949;0;None;1000;None;13:38:27.087
3993;25.2709;25.224;22.0587;-256.269;-256.684;-256.903;-256.95;-255.949;0;None;1000;None;13:38:27.587
3994;25.2709;25.224;22.0587;-256.269;-256.676;-256.903;-256.958;-255.949;0;None;1000;None;13:38:28.086
3995;25.2631;25.22;22.0587;-256.269;-256.684;-256.903;-256.958;-255.956;0;None;1000;None;13:38:28.588
3996;25.2631;25.2279;22.0587;-256.269;-256.676;-256.903;-256.966;-255.949;0;None;1000;None;13:38:29.088
3997;25.2631;25.22;22.0587;-256.269;-256.684;-256.903;-256.966;-255.949;0;None;1000;None;13:38:29.587
3998;25.2631;25.22;22.0587;-256.277;-256.684;-256.903;-256.958;-255.949;0;None;1000;None;13:38:30.088
3999;25.2553;25.224;22.0587;-256.277;-256.676;-256.895;-256.966;-255.949;0;None;1000;None;13:38:30.587
4000;25.2631;25.2161;22.0587;-256.269;-256.684;-256.903;-256.958;-255.949;0;None;1000;None;13:38:31.086
4001;25.2553;25.22;22.0626;-256.269;-256.676;-256.903;-256.966;-255.956;0;None;1000;None;13:38:31.587
4002;25.2553;25.2161;22.0744;-256.277;-256.684;-256.911;-256.966;-255.949;0;None;1000;None;13:38:32.087
4003;25.2553;25.2161;22.0705;-256.269;-256.684;-256.903;-256.958;-255.956;0;None;1000;None;13:38:32.587
4004;25.2553;25.2161;22.0705;-256.277;-256.684;-256.903;-256.966;-255.949;0;None;1000;None;13:38:33.086
4005;25.2553;25.2161;22.0666;-256.269;-256.676;-256.903;-256.95;-255.949;0;None;1000;None;13:38:33.585
4006;25.2553;25.22;22.0626;-256.277;-256.684;-256.903;-256.958;-255.956;0;None;1000;None;13:38:34.085
4007;25.2474;25.2122;22.0626;-256.269;-256.684;-256.911;-256.958;-255.956;0;None;1000;None;13:38:34.586
4008;25.2396;25.2122;22.0587;-256.277;-256.684;-256.903;-256.966;-255.956;0;None;1000;None;13:38:35.087
4009;25.2396;25.2161;22.0626;-256.269;-256.684;-256.911;-256.958;-255.949;0;None;1000;None;13:38:35.587
4010;25.2396;25.2122;22.0626;-256.277;-256.684;-256.903;-256.958;-255.956;0;None;1000;None;13:38:36.085
4011;25.2396;25.2044;22.0626;-256.277;-256.676;-256.911;-256.966;-255.956;0;None;1000;None;13:38:36.585
4012;25.2396;25.2122;22.0626;-256.269;-256.684;-256.911;-256.966;-255.949;0;None;1000;None;13:38:37.085
4013;25.2396;25.2044;22.0626;-256.277;-256.684;-256.903;-256.958;-255.956;0;None;1000;None;13:38:37.585
4014;25.2396;25.2044;22.0705;-256.269;-256.676;-256.903;-256.966;-255.956;0;None;1000;None;13:38:38.085
4015;25.2318;25.2044;22.0626;-256.269;-256.676;-256.895;-256.958;-255.949;0;None;1000;None;13:38:38.587
4016;25.2318;25.2044;22.0626;-256.269;-256.684;-256.903;-256.958;-255.949;0;None;1000;None;13:38:39.087
4017;25.2318;25.2044;22.0705;-256.269;-256.684;-256.895;-256.958;-255.949;0;None;1000;None;13:38:39.586
4018;25.2318;25.1966;22.0705;-256.277;-256.684;-256.895;-256.958;-255.949;0;None;1000;None;13:38:40.085
4019;25.224;25.1966;22.0705;-256.269;-256.676;-256.903;-256.966;-255.949;0;None;1000;None;13:38:40.586
4020;25.224;25.1966;22.0705;-256.269;-256.684;-256.895;-256.966;-255.949;0;None;1000;None;13:38:41.085
4021;25.224;25.1966;22.0705;-256.269;-256.684;-256.903;-256.958;-255.956;0;None;1000;None;13:38:41.586
4022;25.2161;25.2044;22.0626;-256.269;-256.692;-256.895;-256.966;-255.949;0;None;1000;None;13:38:42.087
4023;25.224;25.1887;22.0666;-256.269;-256.684;-256.903;-256.958;-255.949;0;None;1000;None;13:38:42.587
4024;25.224;25.1887;22.0626;-256.277;-256.692;-256.895;-256.958;-255.949;0;None;1000;None;13:38:43.086
4025;25.224;25.1887;22.0626;-256.269;-256.684;-256.895;-256.958;-255.941;0;None;1000;None;13:38:43.587
4026;25.2318;25.1887;22.0626;-256.269;-256.684;-256.895;-256.958;-255.949;0;None;1000;None;13:38:44.087
4027;25.2318;25.1887;22.0626;-256.269;-256.692;-256.903;-256.958;-255.941;0;None;1000;None;13:38:44.587
4028;25.2161;25.1887;22.0626;-256.262;-256.684;-256.895;-256.966;-255.949;0;None;1000;None;13:38:45.086
4029;25.224;25.1887;22.0587;-256.262;-256.684;-256.895;-256.966;-255.949;0;None;1000;None;13:38:45.586
4030;25.224;25.1887;22.0626;-256.269;-256.692;-256.895;-256.958;-255.956;0;None;1000;None;13:38:46.086
4031;25.2161;25.1731;22.0626;-256.269;-256.676;-256.903;-256.966;-255.956;0;None;1000;None;13:38:46.587
4032;25.2083;25.1809;22.0626;-256.269;-256.692;-256.895;-256.958;-255.956;0;None;1000;None;13:38:47.087
4033;25.2083;25.1731;22.0626;-256.262;-256.684;-256.903;-256.958;-255.949;0;None;1000;None;13:38:47.586
4034;25.2083;25.1809;22.0626;-256.269;-256.684;-256.895;-256.958;-255.949;0;None;1000;None;13:38:48.087
4035;25.2005;25.1731;22.0626;-256.269;-256.684;-256.903;-256.958;-255.956;0;None;1000;None;13:38:48.588
4036;25.2083;25.1731;22.0626;-256.262;-256.692;-256.903;-256.958;-255.949;0;None;1000;None;13:38:49.087
4037;25.2083;25.1809;22.0626;-256.269;-256.684;-256.895;-256.95;-255.949;0;None;1000;None;13:38:49.587
4038;25.2083;25.1653;22.0666;-256.269;-256.684;-256.903;-256.95;-255.956;0;None;1000;None;13:38:50.086
4039;25.2083;25.1731;22.0626;-256.262;-256.676;-256.895;-256.958;-255.949;0;None;1000;None;13:38:50.587
4040;25.2083;25.1653;22.0587;-256.269;-256.684;-256.895;-256.958;-255.949;0;None;1000;None;13:38:51.085
4041;25.2083;25.1653;22.0626;-256.269;-256.676;-256.895;-256.95;-255.956;0;None;1000;None;13:38:51.587
4042;25.2005;25.1653;22.0705;-256.269;-256.684;-256.888;-256.958;-255.949;0;None;1000;None;13:38:52.086
4043;25.2005;25.1574;22.0587;-256.269;-256.684;-256.895;-256.958;-255.956;0;None;1000;None;13:38:52.586
4044;25.2083;25.1653;22.0587;-256.269;-256.684;-256.895;-256.95;-255.949;0;None;1000;None;13:38:53.088
4045;25.2005;25.1731;22.0626;-256.269;-256.684;-256.895;-256.95;-255.956;0;None;1000;None;13:38:53.587
4046;25.2005;25.1574;22.0666;-256.269;-256.684;-256.895;-256.958;-255.949;0;None;1000;None;13:38:54.088
4047;25.1927;25.1653;22.0587;-256.269;-256.676;-256.903;-256.95;-255.949;0;None;1000;None;13:38:54.587
4048;25.2005;25.1574;22.0626;-256.269;-256.684;-256.895;-256.958;-255.941;0;None;1000;None;13:38:55.088
4049;25.1927;25.1574;22.0587;-256.269;-256.684;-256.895;-256.95;-255.949;0;None;1000;None;13:38:55.587
4050;25.1927;25.1496;22.0587;-256.269;-256.676;-256.903;-256.958;-255.949;0;None;1000;None;13:38:56.087
4051;25.1927;25.1574;22.0587;-256.269;-256.684;-256.895;-256.958;-255.956;0;None;1000;None;13:38:56.587
4052;25.1927;25.1574;22.0587;-256.269;-256.692;-256.903;-256.95;-255.941;0;None;1000;None;13:38:57.088
4053;25.1848;25.1496;22.0587;-256.269;-256.684;-256.895;-256.958;-255.956;0;None;1000;None;13:38:57.587
4054;25.1927;25.1496;22.0587;-256.269;-256.684;-256.903;-256.966;-255.949;0;None;1000;None;13:38:58.086
4055;25.1848;25.1496;22.0548;-256.269;-256.692;-256.903;-256.958;-255.949;0;None;1000;None;13:38:58.588
4056;25.1848;25.1418;22.0587;-256.269;-256.692;-256.911;-256.958;-255.956;0;None;1000;None;13:38:59.087
4057;25.1848;25.1418;22.0626;-256.262;-256.684;-256.903;-256.95;-255.941;0;None;1000;None;13:38:59.587
4058;25.1848;25.1418;22.0587;-256.269;-256.684;-256.903;-256.958;-255.949;0;None;1000;None;13:39:00.088
4059;25.1848;25.1418;22.0587;-256.269;-256.692;-256.903;-256.95;-255.956;0;None;1000;None;13:39:00.587
4060;25.1848;25.1496;22.0626;-256.269;-256.684;-256.903;-256.958;-255.949;0;None;1000;None;13:39:01.087
4061;25.177;25.1418;22.0587;-256.269;-256.692;-256.903;-256.958;-255.949;0;None;1000;None;13:39:01.587
4062;25.1848;25.134;22.0587;-256.269;-256.684;-256.895;-256.958;-255.956;0;None;1000;None;13:39:02.088
4063;25.1848;25.134;22.0626;-256.269;-256.692;-256.903;-256.958;-255.949;0;None;1000;None;13:39:02.588
4064;25.1692;25.134;22.0626;-256.277;-256.692;-256.895;-256.966;-255.956;0;None;1000;None;13:39:03.088
4065;25.177;25.1261;22.0626;-256.269;-256.692;-256.895;-256.958;-255.949;0;None;1000;None;13:39:03.587
4066;25.1692;25.134;22.0626;-256.269;-256.684;-256.903;-256.966;-255.956;0;None;1000;None;13:39:04.086
4067;25.177;25.134;22.0587;-256.277;-256.692;-256.895;-256.958;-255.949;0;None;1000;None;13:39:04.585
4068;25.177;25.134;22.0626;-256.269;-256.692;-256.895;-256.958;-255.956;0;None;1000;None;13:39:05.087
4069;25.1692;25.134;22.0587;-256.277;-256.684;-256.903;-256.958;-255.949;0;None;1000;None;13:39:05.585
4070;25.1614;25.1261;22.0587;-256.269;-256.692;-256.903;-256.966;-255.949;0;None;1000;None;13:39:06.086
4071;25.1692;25.134;22.0587;-256.269;-256.684;-256.903;-256.958;-255.956;0;None;1000;None;13:39:06.585
4072;25.1614;25.1261;22.0548;-256.269;-256.692;-256.895;-256.958;-255.949;0;None;1000;None;13:39:07.085
4073;25.1614;25.134;22.0587;-256.269;-256.692;-256.903;-256.958;-255.956;0;None;1000;None;13:39:07.585
4074;25.1614;25.134;22.0587;-256.277;-256.692;-256.895;-256.966;-255.949;0;None;1000;None;13:39:08.085
4075;25.1535;25.134;22.0587;-256.269;-256.692;-256.903;-256.95;-255.956;0;None;1000;None;13:39:08.587
4076;25.1535;25.1261;22.0587;-256.277;-256.692;-256.903;-256.958;-255.949;0;None;1000;None;13:39:09.087
4077;25.1535;25.1261;22.0587;-256.269;-256.692;-256.903;-256.966;-255.956;0;None;1000;None;13:39:09.587
4078;25.1535;25.1261;22.0626;-256.277;-256.684;-256.903;-256.974;-255.949;0;None;1000;None;13:39:10.087
4079;25.1535;25.1183;22.0587;-256.269;-256.692;-256.903;-256.966;-255.949;0;None;1000;None;13:39:10.587
4080;25.1457;25.1261;22.0705;-256.262;-256.684;-256.895;-256.958;-255.956;0;None;1000;None;13:39:11.088
4081;25.1457;25.1261;22.0626;-256.269;-256.692;-256.903;-256.958;-255.949;0;None;1000;None;13:39:11.585
4082;25.1457;25.1183;22.0587;-256.269;-256.684;-256.911;-256.966;-255.956;0;None;1000;None;13:39:12.085
4083;25.1535;25.1261;22.0587;-256.262;-256.676;-256.895;-256.958;-255.949;0;None;1000;None;13:39:12.585
4084;25.1535;25.1183;22.0587;-256.262;-256.684;-256.895;-256.966;-255.956;0;None;1000;None;13:39:13.085
4085;25.1379;25.1183;22.0587;-256.262;-256.684;-256.903;-256.966;-255.956;0;None;1000;None;13:39:13.588
4086;25.1457;25.1183;22.0587;-256.254;-256.684;-256.903;-256.966;-255.956;0;None;1000;None;13:39:14.087
4087;25.1457;25.1183;22.0587;-256.262;-256.684;-256.895;-256.958;-255.956;0;None;1000;None;13:39:14.587
4088;25.1379;25.1105;22.0587;-256.262;-256.692;-256.903;-256.958;-255.956;0;None;1000;None;13:39:15.087
4089;25.1379;25.1183;22.0587;-256.262;-256.684;-256.903;-256.95;-255.949;0;None;1000;None;13:39:15.587
4090;25.1379;25.1027;22.0626;-256.269;-256.684;-256.903;-256.966;-255.956;0;None;1000;None;13:39:16.087
4091;25.1379;25.1105;22.0626;-256.262;-256.684;-256.903;-256.966;-255.956;0;None;1000;None;13:39:16.586
4092;25.1301;25.1105;22.0548;-256.262;-256.684;-256.895;-256.958;-255.956;0;None;1000;None;13:39:17.087
4093;25.1301;25.1027;22.0587;-256.269;-256.676;-256.903;-256.966;-255.956;0;None;1000;None;13:39:17.586
4094;25.1301;25.1105;22.0587;-256.262;-256.684;-256.895;-256.966;-255.956;0;None;1000;None;13:39:18.088
4095;25.1379;25.0948;22.0587;-256.269;-256.684;-256.903;-256.966;-255.956;0;None;1000;None;13:39:18.586
4096;25.1301;25.0948;22.0626;-256.262;-256.684;-256.903;-256.958;-255.956;0;None;1000;None;13:39:19.088
4097;25.1379;25.1027;22.0587;-256.269;-256.684;-256.888;-256.958;-255.949;0;None;1000;None;13:39:19.587
4098;25.1301;25.087;22.0626;-256.269;-256.684;-256.903;-256.958;-255.956;0;None;1000;None;13:39:20.088
4099;25.1301;25.0792;22.0626;-256.269;-256.684;-256.895;-256.958;-255.956;0;None;1000;None;13:39:20.588
4100;25.1379;25.087;22.0626;-256.269;-256.684;-256.895;-256.958;-255.956;0;None;1000;None;13:39:21.088
4101;25.1301;25.0792;22.0626;-256.262;-256.684;-256.895;-256.966;-255.956;0;None;1000;None;13:39:21.588
4102;25.1301;25.0792;22.0626;-256.269;-256.676;-256.895;-256.958;-255.956;0;None;1000;None;13:39:22.088
4103;25.1301;25.0714;22.0626;-256.269;-256.684;-256.903;-256.958;-255.956;0;None;1000;None;13:39:22.588
4104;25.1222;25.0792;22.0626;-256.269;-256.684;-256.895;-256.95;-255.949;0;None;1000;None;13:39:23.088
4105;25.1222;25.0714;22.0626;-256.269;-256.684;-256.895;-256.958;-255.956;0;None;1000;None;13:39:23.588
4106;25.1222;25.0714;22.0587;-256.262;-256.684;-256.895;-256.958;-255.956;0;None;1000;None;13:39:24.088
4107;25.1144;25.0792;22.0626;-256.269;-256.676;-256.903;-256.958;-255.949;0;None;1000;None;13:39:24.586
4108;25.1144;25.0635;22.0705;-256.262;-256.684;-256.895;-256.958;-255.956;0;None;1000;None;13:39:25.088
4109;25.1144;25.0635;22.0705;-256.269;-256.676;-256.911;-256.95;-255.949;0;None;1000;None;13:39:25.587
4110;25.1144;25.0714;22.0705;-256.262;-256.684;-256.903;-256.958;-255.956;0;None;1000;None;13:39:26.088
4111;25.1144;25.0635;22.0705;-256.262;-256.676;-256.903;-256.95;-255.949;0;None;1000;None;13:39:26.588
4112;25.1144;25.0635;22.0705;-256.262;-256.684;-256.903;-256.966;-255.956;0;None;1000;None;13:39:27.088
4113;25.1066;25.0714;22.0705;-256.269;-256.684;-256.895;-256.958;-255.956;0;None;1000;None;13:39:27.587
4114;25.1144;25.0635;22.0705;-256.262;-256.676;-256.903;-256.95;-255.956;0;None;1000;None;13:39:28.087
4115;25.1144;25.0557;22.0705;-256.269;-256.684;-256.895;-256.958;-255.956;0;None;1000;None;13:39:28.587
4116;25.1066;25.0635;22.0783;-256.269;-256.684;-256.895;-256.95;-255.956;0;None;1000;None;13:39:29.086
4117;25.0988;25.0557;22.0626;-256.269;-256.684;-256.895;-256.958;-255.956;0;None;1000;None;13:39:29.588
4118;25.1066;25.0635;22.0705;-256.269;-256.684;-256.895;-256.95;-255.949;0;None;1000;None;13:39:30.088
4119;25.1066;25.0635;22.0861;-256.269;-256.676;-256.895;-256.95;-255.956;0;None;1000;None;13:39:30.586
4120;25.0988;25.0557;22.0705;-256.269;-256.684;-256.903;-256.95;-255.949;0;None;1000;None;13:39:31.087
4121;25.0988;25.0635;22.0705;-256.262;-256.684;-256.895;-256.958;-255.956;0;None;1000;None;13:39:31.586
4122;25.0909;25.0557;22.0626;-256.269;-256.676;-256.895;-256.958;-255.956;0;None;1000;None;13:39:32.086
4123;25.0909;25.0557;22.0626;-256.277;-256.684;-256.903;-256.95;-255.956;0;None;1000;None;13:39:32.585
4124;25.0909;25.0479;22.0626;-256.277;-256.676;-256.895;-256.95;-255.956;0;None;1000;None;13:39:33.086
4125;25.0909;25.0479;22.0626;-256.269;-256.684;-256.895;-256.95;-255.956;0;None;1000;None;13:39:33.588
4126;25.0909;25.0557;22.0626;-256.269;-256.676;-256.903;-256.95;-255.949;0;None;1000;None;13:39:34.087
4127;25.0988;25.0479;22.0626;-256.277;-256.684;-256.895;-256.95;-255.956;0;None;1000;None;13:39:34.587
4128;25.0909;25.0479;22.0626;-256.269;-256.676;-256.903;-256.95;-255.949;0;None;1000;None;13:39:35.086
4129;25.0831;25.0479;22.0626;-256.269;-256.684;-256.903;-256.958;-255.949;0;None;1000;None;13:39:35.588
4130;25.0909;25.0479;22.0626;-256.277;-256.684;-256.903;-256.958;-255.956;0;None;1000;None;13:39:36.088
4131;25.0831;25.0479;22.0626;-256.277;-256.676;-256.903;-256.95;-255.956;0;None;1000;None;13:39:36.588
4132;25.0831;25.0479;22.0626;-256.269;-256.684;-256.903;-256.958;-255.949;0;None;1000;None;13:39:37.088
4133;25.0831;25.0401;22.0705;-256.269;-256.684;-256.903;-256.958;-255.956;0;None;1000;None;13:39:37.586
4134;25.0831;25.0479;22.0587;-256.269;-256.684;-256.903;-256.95;-255.949;0;None;1000;None;13:39:38.088
4135;25.0714;25.0401;22.0626;-256.262;-256.684;-256.903;-256.95;-255.949;0;None;1000;None;13:39:38.588
4136;25.0831;25.0479;22.0626;-256.269;-256.676;-256.903;-256.95;-255.941;0;None;1000;None;13:39:39.087
4137;25.0753;25.0479;22.0626;-256.262;-256.684;-256.895;-256.95;-255.949;0;None;1000;None;13:39:39.587
4138;25.0753;25.0401;22.0626;-256.269;-256.676;-256.903;-256.958;-255.956;0;None;1000;None;13:39:40.088
4139;25.0753;25.0401;22.0626;-256.269;-256.676;-256.903;-256.958;-255.949;0;None;1000;None;13:39:40.587
4140;25.0753;25.0322;22.0626;-256.269;-256.684;-256.903;-256.966;-255.949;0;None;1000;None;13:39:41.088
4141;25.0753;25.0401;22.0705;-256.269;-256.676;-256.895;-256.958;-255.949;0;None;1000;None;13:39:41.586
4142;25.0753;25.0401;22.0783;-256.269;-256.684;-256.903;-256.958;-255.949;0;None;1000;None;13:39:42.087
4143;25.0753;25.0322;22.0783;-256.277;-256.684;-256.903;-256.966;-255.949;0;None;1000;None;13:39:42.588
4144;25.0792;25.0401;22.0705;-256.277;-256.684;-256.903;-256.958;-255.956;0;None;1000;None;13:39:43.087
4145;25.0753;25.0244;22.0705;-256.269;-256.684;-256.895;-256.958;-255.949;0;None;1000;None;13:39:43.588
4146;25.0714;25.0401;22.0705;-256.277;-256.684;-256.895;-256.958;-255.949;0;None;1000;None;13:39:44.088
4147;25.0714;25.0244;22.0705;-256.269;-256.684;-256.895;-256.958;-255.949;0;None;1000;None;13:39:44.588
4148;25.0714;25.0322;22.0783;-256.277;-256.684;-256.895;-256.966;-255.949;0;None;1000;None;13:39:45.088
4149;25.0714;25.0322;22.0705;-256.277;-256.684;-256.903;-256.958;-255.949;0;None;1000;None;13:39:45.588
4150;25.0714;25.0401;22.0783;-256.269;-256.684;-256.903;-256.958;-255.949;0;None;1000;None;13:39:46.088
4151;25.0714;25.0244;22.0783;-256.277;-256.684;-256.903;-256.966;-255.949;0;None;1000;None;13:39:46.588
4152;25.0675;25.0244;22.0783;-256.269;-256.684;-256.895;-256.958;-255.949;0;None;1000;None;13:39:47.088
4153;25.0675;25.0205;22.0861;-256.277;-256.684;-256.903;-256.966;-255.941;0;None;1000;None;13:39:47.588
4154;25.0635;25.0205;22.0783;-256.269;-256.692;-256.903;-256.958;-255.949;0;None;1000;None;13:39:48.088
4155;25.0675;25.0166;22.0861;-256.269;-256.684;-256.888;-256.966;-255.941;0;None;1000;None;13:39:48.588
4156;25.0635;25.0166;22.0783;-256.269;-256.684;-256.895;-256.974;-255.949;0;None;1000;None;13:39:49.088
4157;25.0635;25.0127;22.0783;-256.269;-256.684;-256.888;-256.958;-255.941;0;None;1000;None;13:39:49.588
4158;25.0635;25.0166;22.0861;-256.269;-256.692;-256.895;-256.958;-255.949;0;None;1000;None;13:39:50.088
4159;25.0596;25.0166;22.0783;-256.269;-256.692;-256.895;-256.958;-255.949;0;None;1000;None;13:39:50.587
4160;25.0635;25.0166;22.0861;-256.262;-256.692;-256.888;-256.966;-255.949;0;None;1000;None;13:39:51.088
4161;25.0635;25.0127;22.0861;-256.269;-256.684;-256.895;-256.95;-255.949;0;None;1000;None;13:39:51.587
4162;25.0596;25.0166;22.0861;-256.269;-256.692;-256.895;-256.958;-255.949;0;None;1000;None;13:39:52.087
4163;25.0596;25.0127;22.0861;-256.269;-256.684;-256.895;-256.958;-255.941;0;None;1000;None;13:39:52.588
4164;25.0635;25.0127;22.0861;-256.277;-256.684;-256.895;-256.95;-255.949;0;None;1000;None;13:39:53.088
4165;25.0596;25.0166;22.0939;-256.277;-256.692;-256.888;-256.966;-255.949;0;None;1000;None;13:39:53.589
4166;25.0596;25.0127;22.0861;-256.277;-256.684;-256.895;-256.958;-255.941;0;None;1000;None;13:39:54.088
4167;25.0557;25.0127;22.0861;-256.277;-256.692;-256.895;-256.95;-255.956;0;None;1000;None;13:39:54.588
4168;25.0557;25.0127;22.0783;-256.277;-256.684;-256.895;-256.95;-255.949;0;None;1000;None;13:39:55.087
4169;25.0596;25.0127;22.0861;-256.277;-256.684;-256.895;-256.958;-255.949;0;None;1000;None;13:39:55.588
4170;25.0557;25.0088;22.0861;-256.277;-256.684;-256.895;-256.958;-255.949;0;None;1000;None;13:39:56.088
4171;25.0557;25.0127;22.0783;-256.277;-256.684;-256.895;-256.95;-255.949;0;None;1000;None;13:39:56.588
4172;25.0596;25.0088;22.0861;-256.277;-256.692;-256.895;-256.958;-255.941;0;None;1000;None;13:39:57.088
4173;25.0557;25.0127;22.0783;-256.277;-256.684;-256.895;-256.95;-255.941;0;None;1000;None;13:39:57.586
4174;25.0557;25.0088;22.0861;-256.277;-256.692;-256.895;-256.958;-255.941;0;None;1000;None;13:39:58.086
4175;25.0557;25.0088;22.0783;-256.277;-256.692;-256.895;-256.95;-255.941;0;None;1000;None;13:39:58.588
4176;25.0479;25.0088;22.0861;-256.277;-256.684;-256.895;-256.95;-255.949;0;None;1000;None;13:39:59.088
4177;25.0479;25.0088;22.0783;-256.277;-256.692;-256.895;-256.958;-255.949;0;None;1000;None;13:39:59.586
4178;25.0479;25.0049;22.0783;-256.277;-256.684;-256.903;-256.95;-255.949;0;None;1000;None;13:40:00.086
4179;25.0479;25.0049;22.0783;-256.277;-256.692;-256.895;-256.95;-255.949;0;None;1000;None;13:40:00.588
4180;25.0479;25.0009;22.0861;-256.277;-256.684;-256.895;-256.95;-255.941;0;None;1000;None;13:40:01.086
4181;25.0479;24.997;22.0783;-256.277;-256.684;-256.903;-256.958;-255.949;0;None;1000;None;13:40:01.587
4182;25.0401;25.0009;22.0783;-256.285;-256.684;-256.888;-256.958;-255.949;0;None;1000;None;13:40:02.088
4183;25.0479;25.0009;22.0783;-256.277;-256.684;-256.903;-256.958;-255.941;0;None;1000;None;13:40:02.588
4184;25.0401;25.0009;22.0861;-256.277;-256.684;-256.895;-256.958;-255.949;0;None;1000;None;13:40:03.088
4185;25.0401;25.0009;22.0861;-256.277;-256.692;-256.903;-256.966;-255.941;0;None;1000;None;13:40:03.586
4186;25.0401;25.0009;22.0861;-256.277;-256.684;-256.895;-256.958;-255.949;0;None;1000;None;13:40:04.087
4187;25.0322;25.0009;22.0861;-256.277;-256.684;-256.895;-256.958;-255.941;0;None;1000;None;13:40:04.587
4188;25.0401;25.0009;22.0861;-256.269;-256.692;-256.895;-256.966;-255.949;0;None;1000;None;13:40:05.088
4189;25.0322;24.997;22.0939;-256.277;-256.684;-256.895;-256.95;-255.941;0;None;1000;None;13:40:05.587
4190;25.0322;24.997;22.0939;-256.277;-256.684;-256.895;-256.966;-255.949;0;None;1000;None;13:40:06.088
4191;25.0401;24.9892;22.0939;-256.277;-256.684;-256.888;-256.958;-255.949;0;None;1000;None;13:40:06.588
4192;25.0401;24.9892;22.0939;-256.285;-256.684;-256.895;-256.942;-255.941;0;None;1000;None;13:40:07.088
4193;25.0401;24.997;22.0939;-256.277;-256.684;-256.903;-256.95;-255.949;0;None;1000;None;13:40:07.588
4194;25.0322;24.9814;22.0861;-256.285;-256.676;-256.888;-256.95;-255.949;0;None;1000;None;13:40:08.087
4195;25.0322;24.9892;22.0939;-256.277;-256.684;-256.895;-256.958;-255.949;0;None;1000;None;13:40:08.586
4196;25.0322;24.997;22.0861;-256.277;-256.684;-256.903;-256.95;-255.941;0;None;1000;None;13:40:09.086
4197;25.0322;24.9892;22.0861;-256.277;-256.684;-256.895;-256.95;-255.949;0;None;1000;None;13:40:09.587
4198;25.0322;24.9892;22.0783;-256.269;-256.684;-256.888;-256.958;-255.941;0;None;1000;None;13:40:10.086
4199;25.0244;24.9814;22.0861;-256.285;-256.684;-256.895;-256.958;-255.956;0;None;1000;None;13:40:10.587
4200;25.0244;24.9892;22.0861;-256.277;-256.684;-256.895;-256.958;-255.941;0;None;1000;None;13:40:11.085
4201;25.0244;24.9736;22.0783;-256.277;-256.676;-256.903;-256.958;-255.949;0;None;1000;None;13:40:11.588
4202;25.0322;24.9736;22.0939;-256.285;-256.684;-256.895;-256.95;-255.949;0;None;1000;None;13:40:12.087
4203;25.0244;24.9814;22.0861;-256.269;-256.676;-256.903;-256.958;-255.941;0;None;1000;None;13:40:12.588
4204;25.0244;24.9814;22.0861;-256.277;-256.684;-256.895;-256.958;-255.949;0;None;1000;None;13:40:13.086
4205;25.0244;24.9814;22.0861;-256.285;-256.684;-256.895;-256.966;-255.949;0;None;1000;None;13:40:13.588
4206;25.0166;24.9814;22.0861;-256.277;-256.684;-256.903;-256.958;-255.949;0;None;1000;None;13:40:14.087
4207;25.0244;24.9736;22.0861;-256.277;-256.684;-256.895;-256.966;-255.949;0;None;1000;None;13:40:14.586
4208;25.0244;24.9736;22.0861;-256.285;-256.676;-256.895;-256.958;-255.949;0;None;1000;None;13:40:15.086
4209;25.0166;24.9657;22.0861;-256.277;-256.684;-256.903;-256.966;-255.956;0;None;1000;None;13:40:15.586
4210;25.0088;24.9736;22.0783;-256.285;-256.676;-256.903;-256.95;-255.949;0;None;1000;None;13:40:16.086
4211;25.0166;24.9736;22.0939;-256.277;-256.684;-256.895;-256.95;-255.956;0;None;1000;None;13:40:16.586
4212;25.0009;24.9736;22.0861;-256.269;-256.676;-256.888;-256.95;-255.949;0;None;1000;None;13:40:17.087
4213;25.0088;24.9736;22.0939;-256.277;-256.684;-256.903;-256.95;-255.949;0;None;1000;None;13:40:17.586
4214;25.0009;24.9736;22.0861;-256.269;-256.684;-256.903;-256.958;-255.956;0;None;1000;None;13:40:18.088
4215;25.0009;24.9657;22.0783;-256.277;-256.676;-256.903;-256.95;-255.949;0;None;1000;None;13:40:18.588
4216;25.0009;24.9736;22.0861;-256.277;-256.684;-256.903;-256.966;-255.956;0;None;1000;None;13:40:19.088
4217;25.0009;24.9657;22.0783;-256.277;-256.684;-256.895;-256.958;-255.956;0;None;1000;None;13:40:19.587
4218;25.0009;24.9736;22.0861;-256.269;-256.684;-256.903;-256.95;-255.949;0;None;1000;None;13:40:20.088
4219;25.0009;24.9814;22.0783;-256.277;-256.684;-256.903;-256.958;-255.949;0;None;1000;None;13:40:20.588
4220;24.9931;24.9657;22.0783;-256.269;-256.684;-256.903;-256.95;-255.956;0;None;1000;None;13:40:21.088
4221;25.0009;24.9657;22.0861;-256.277;-256.676;-256.903;-256.95;-255.956;0;None;1000;None;13:40:21.587
4222;24.9931;24.9736;22.0705;-256.277;-256.684;-256.903;-256.958;-255.956;0;None;1000;None;13:40:22.088
4223;24.9931;24.9657;22.0861;-256.285;-256.684;-256.903;-256.966;-255.956;0;None;1000;None;13:40:22.589
4224;24.9931;24.9657;22.0783;-256.277;-256.684;-256.895;-256.958;-255.949;0;None;1000;None;13:40:23.088
4225;24.9931;24.9736;22.0783;-256.277;-256.684;-256.895;-256.958;-255.956;0;None;1000;None;13:40:23.588
4226;24.9931;24.9579;22.0783;-256.277;-256.684;-256.903;-256.958;-255.949;0;None;1000;None;13:40:24.086
4227;24.9931;24.9657;22.0861;-256.277;-256.692;-256.895;-256.958;-255.956;0;None;1000;None;13:40:24.588
4228;24.9931;24.9579;22.0861;-256.277;-256.684;-256.903;-256.958;-255.949;0;None;1000;None;13:40:25.087
4229;24.9853;24.9579;22.0783;-256.277;-256.684;-256.903;-256.958;-255.956;0;None;1000;None;13:40:25.587
4230;24.9931;24.9501;22.0783;-256.277;-256.684;-256.903;-256.958;-255.949;0;None;1000;None;13:40:26.088
4231;24.9931;24.9579;22.0861;-256.277;-256.684;-256.903;-256.966;-255.949;0;None;1000;None;13:40:26.589
4232;24.9853;24.9579;22.0861;-256.269;-256.684;-256.903;-256.966;-255.949;0;None;1000;None;13:40:27.087
4233;24.9853;24.9501;22.0861;-256.269;-256.692;-256.911;-256.958;-255.949;0;None;1000;None;13:40:27.588
4234;24.9931;24.9579;22.0861;-256.277;-256.684;-256.895;-256.958;-255.956;0;None;1000;None;13:40:28.087
4235;24.9931;24.9579;22.0861;-256.277;-256.692;-256.903;-256.958;-255.956;0;None;1000;None;13:40:28.587
4236;24.9853;24.9423;22.0861;-256.269;-256.684;-256.903;-256.958;-255.949;0;None;1000;None;13:40:29.089
4237;24.9853;24.9501;22.0861;-256.277;-256.684;-256.903;-256.958;-255.949;0;None;1000;None;13:40:29.589
4238;24.9931;24.9501;22.0861;-256.269;-256.692;-256.895;-256.958;-255.949;0;None;1000;None;13:40:30.088
4239;24.9853;24.9423;22.0861;-256.277;-256.692;-256.903;-256.966;-255.956;0;None;1000;None;13:40:30.587
4240;24.9775;24.9501;22.0939;-256.277;-256.684;-256.903;-256.966;-255.956;0;None;1000;None;13:40:31.088
4241;24.9853;24.9501;22.0783;-256.269;-256.684;-256.903;-256.958;-255.956;0;None;1000;None;13:40:31.589
4242;24.9775;24.9423;22.0783;-256.269;-256.684;-256.903;-256.958;-255.956;0;None;1000;None;13:40:32.088
4243;24.9775;24.9423;22.0861;-256.277;-256.684;-256.903;-256.966;-255.956;0;None;1000;None;13:40:32.589
4244;24.9775;24.9344;22.0783;-256.277;-256.684;-256.903;-256.958;-255.956;0;None;1000;None;13:40:33.089
4245;24.9696;24.9344;22.0861;-256.277;-256.676;-256.903;-256.966;-255.949;0;None;1000;None;13:40:33.587
4246;24.9775;24.9344;22.0783;-256.277;-256.684;-256.895;-256.958;-255.949;0;None;1000;None;13:40:34.088
4247;24.9696;24.9344;22.0783;-256.277;-256.684;-256.911;-256.958;-255.956;0;None;1000;None;13:40:34.586
4248;24.9775;24.9344;22.0783;-256.277;-256.692;-256.903;-256.95;-255.956;0;None;1000;None;13:40:35.089
4249;24.9696;24.9344;22.0861;-256.277;-256.684;-256.903;-256.958;-255.949;0;None;1000;None;13:40:35.587
4250;24.9696;24.9344;22.0861;-256.277;-256.684;-256.903;-256.95;-255.956;0;None;1000;None;13:40:36.088
4251;24.9696;24.9344;22.0861;-256.277;-256.684;-256.903;-256.95;-255.949;0;None;1000;None;13:40:36.588
4252;24.9618;24.9266;22.0861;-256.277;-256.684;-256.903;-256.95;-255.949;0;None;1000;None;13:40:37.087
4253;24.9696;24.9266;22.0783;-256.277;-256.684;-256.895;-256.958;-255.949;0;None;1000;None;13:40:37.588
4254;24.9696;24.9266;22.0939;-256.277;-256.684;-256.903;-256.958;-255.956;0;None;1000;None;13:40:38.088
4255;24.9618;24.9344;22.0861;-256.277;-256.684;-256.895;-256.958;-255.949;0;None;1000;None;13:40:38.589
4256;24.9618;24.9266;22.0861;-256.277;-256.684;-256.895;-256.958;-255.964;0;None;1000;None;13:40:39.087
4257;24.9618;24.9266;22.0939;-256.277;-256.684;-256.895;-256.95;-255.956;0;None;1000;None;13:40:39.588
4258;24.9618;24.9188;22.0861;-256.277;-256.676;-256.895;-256.958;-255.956;0;None;1000;None;13:40:40.088
4259;24.9618;24.9266;22.0939;-256.277;-256.684;-256.895;-256.958;-255.956;0;None;1000;None;13:40:40.588
4260;24.954;24.9188;22.0861;-256.285;-256.684;-256.895;-256.95;-255.956;0;None;1000;None;13:40:41.088
4261;24.954;24.911;22.0861;-256.277;-256.684;-256.888;-256.958;-255.964;0;None;1000;None;13:40:41.588
4262;24.954;24.911;22.0939;-256.277;-256.684;-256.895;-256.95;-255.956;0;None;1000;None;13:40:42.087
4263;24.9618;24.9188;22.0861;-256.277;-256.684;-256.895;-256.958;-255.956;0;None;1000;None;13:40:42.587
4264;24.954;24.911;22.0939;-256.277;-256.692;-256.895;-256.958;-255.956;0;None;1000;None;13:40:43.086
4265;24.954;24.911;22.0861;-256.277;-256.684;-256.895;-256.958;-255.964;0;None;1000;None;13:40:43.587
4266;24.954;24.911;22.0861;-256.269;-256.684;-256.903;-256.958;-255.956;0;None;1000;None;13:40:44.088
4267;24.9462;24.911;22.0861;-256.277;-256.692;-256.895;-256.958;-255.956;0;None;1000;None;13:40:44.587
4268;24.954;24.9031;22.0861;-256.277;-256.692;-256.903;-256.966;-255.956;0;None;1000;None;13:40:45.088
4269;24.9462;24.9031;22.0783;-256.277;-256.684;-256.895;-256.958;-255.956;0;None;1000;None;13:40:45.586
4270;24.954;24.911;22.0939;-256.269;-256.684;-256.903;-256.966;-255.949;0;None;1000;None;13:40:46.087
4271;24.9462;24.9031;22.0783;-256.277;-256.684;-256.903;-256.974;-255.956;0;None;1000;None;13:40:46.589
4272;24.9462;24.9031;22.0705;-256.277;-256.684;-256.903;-256.966;-255.956;0;None;1000;None;13:40:47.088
4273;24.9383;24.8953;22.0783;-256.277;-256.692;-256.903;-256.966;-255.964;0;None;1000;None;13:40:47.588
4274;24.9462;24.8953;22.0861;-256.277;-256.684;-256.895;-256.958;-255.956;0;None;1000;None;13:40:48.088
4275;24.9383;24.8953;22.0861;-256.277;-256.692;-256.903;-256.958;-255.956;0;None;1000;None;13:40:48.586
4276;24.9462;24.8875;22.0783;-256.277;-256.684;-256.903;-256.966;-255.949;0;None;1000;None;13:40:49.087
4277;24.9462;24.8953;22.0861;-256.269;-256.692;-256.911;-256.958;-255.956;0;None;1000;None;13:40:49.587
4278;24.9383;24.8875;22.0783;-256.277;-256.684;-256.903;-256.966;-255.964;0;None;1000;None;13:40:50.086
4279;24.9462;24.8875;22.0783;-256.277;-256.692;-256.895;-256.966;-255.949;0;None;1000;None;13:40:50.586
4280;24.9462;24.8797;22.0861;-256.277;-256.684;-256.903;-256.95;-255.956;0;None;1000;None;13:40:51.087
4281;24.9383;24.8797;22.0783;-256.277;-256.692;-256.903;-256.966;-255.956;0;None;1000;None;13:40:51.586
4282;24.9305;24.8797;22.0861;-256.269;-256.684;-256.903;-256.958;-255.956;0;None;1000;None;13:40:52.087
4283;24.9383;24.8797;22.0861;-256.277;-256.684;-256.903;-256.958;-255.956;0;None;1000;None;13:40:52.586
4284;24.9383;24.8875;22.0861;-256.269;-256.692;-256.903;-256.966;-255.949;0;None;1000;None;13:40:53.088
4285;24.9383;24.8718;22.0861;-256.277;-256.684;-256.895;-256.966;-255.956;0;None;1000;None;13:40:53.586
4286;24.9383;24.8797;22.0939;-256.277;-256.676;-256.903;-256.966;-255.956;0;None;1000;None;13:40:54.087
4287;24.9383;24.8718;22.0939;-256.277;-256.692;-256.903;-256.974;-255.956;0;None;1000;None;13:40:54.587
4288;24.9383;24.8797;22.0939;-256.277;-256.684;-256.903;-256.966;-255.964;0;None;1000;None;13:40:55.087
4289;24.9305;24.8718;22.0939;-256.277;-256.684;-256.895;-256.966;-255.949;0;None;1000;None;13:40:55.588
4290;24.9305;24.8797;22.1018;-256.277;-256.684;-256.903;-256.966;-255.949;0;None;1000;None;13:40:56.087
4291;24.9305;24.8797;22.0939;-256.277;-256.684;-256.903;-256.966;-255.949;0;None;1000;None;13:40:56.587
4292;24.9305;24.8797;22.1018;-256.277;-256.684;-256.903;-256.958;-255.956;0;None;1000;None;13:40:57.088
4293;24.9305;24.8797;22.0939;-256.277;-256.684;-256.895;-256.958;-255.949;0;None;1000;None;13:40:57.587
4294;24.9305;24.8718;22.0939;-256.285;-256.692;-256.903;-256.958;-255.956;0;None;1000;None;13:40:58.087
4295;24.9227;24.8718;22.0939;-256.277;-256.684;-256.911;-256.95;-255.949;0;None;1000;None;13:40:58.588
4296;24.9227;24.8797;22.1018;-256.285;-256.684;-256.903;-256.958;-255.956;0;None;1000;None;13:40:59.088
4297;24.9227;24.8797;22.0939;-256.277;-256.684;-256.903;-256.958;-255.949;0;None;1000;None;13:40:59.589
4298;24.9149;24.864;22.1018;-256.285;-256.684;-256.903;-256.95;-255.956;0;None;1000;None;13:41:00.087
4299;24.9149;24.8797;22.0939;-256.277;-256.692;-256.903;-256.95;-255.949;0;None;1000;None;13:41:00.589
4300;24.9227;24.8718;22.1018;-256.277;-256.684;-256.903;-256.958;-255.949;0;None;1000;None;13:41:01.089
4301;24.9149;24.864;22.0939;-256.277;-256.692;-256.895;-256.95;-255.949;0;None;1000;None;13:41:01.589
4302;24.9227;24.864;22.0939;-256.285;-256.684;-256.911;-256.958;-255.956;0;None;1000;None;13:41:02.088
4303;24.9149;24.864;22.1018;-256.277;-256.684;-256.903;-256.966;-255.949;0;None;1000;None;13:41:02.589
4304;24.907;24.864;22.0939;-256.285;-256.684;-256.911;-256.958;-255.956;0;None;1000;None;13:41:03.088
4305;24.9149;24.864;22.1018;-256.285;-256.684;-256.903;-256.966;-255.941;0;None;1000;None;13:41:03.589
4306;24.9149;24.8562;22.0861;-256.277;-256.676;-256.903;-256.966;-255.956;0;None;1000;None;13:41:04.089
4307;24.907;24.8562;22.1018;-256.285;-256.684;-256.903;-256.966;-255.941;0;None;1000;None;13:41:04.588
4308;24.907;24.8484;22.0939;-256.285;-256.676;-256.903;-256.966;-255.949;0;None;1000;None;13:41:05.089
4309;24.907;24.8562;22.1018;-256.277;-256.684;-256.903;-256.958;-255.949;0;None;1000;None;13:41:05.589
4310;24.8914;24.8484;22.0939;-256.277;-256.684;-256.903;-256.966;-255.949;0;None;1000;None;13:41:06.088
4311;24.8992;24.8484;22.1018;-256.277;-256.676;-256.903;-256.958;-255.949;0;None;1000;None;13:41:06.588
4312;24.8992;24.8484;22.1018;-256.285;-256.684;-256.903;-256.958;-255.941;0;None;1000;None;13:41:07.089
4313;24.8914;24.8484;22.0939;-256.277;-256.684;-256.903;-256.958;-255.949;0;None;1000;None;13:41:07.587
4314;24.8914;24.8327;22.1018;-256.285;-256.676;-256.911;-256.95;-255.949;0;None;1000;None;13:41:08.089
4315;24.8836;24.8405;22.0939;-256.269;-256.684;-256.903;-256.958;-255.949;0;None;1000;None;13:41:08.588
4316;24.8836;24.8405;22.1018;-256.285;-256.684;-256.903;-256.958;-255.941;0;None;1000;None;13:41:09.088
4317;24.8836;24.8405;22.1018;-256.277;-256.684;-256.903;-256.966;-255.949;0;None;1000;None;13:41:09.586
4318;24.8914;24.8405;22.0939;-256.277;-256.676;-256.895;-256.966;-255.949;0;None;1000;None;13:41:10.089
4319;24.8914;24.8327;22.1018;-256.277;-256.684;-256.895;-256.966;-255.956;0;None;1000;None;13:41:10.588
4320;24.8914;24.8327;22.1018;-256.277;-256.676;-256.895;-256.958;-255.949;0;None;1000;None;13:41:11.088
4321;24.8992;24.8327;22.1096;-256.277;-256.684;-256.903;-256.966;-255.949;0;None;1000;None;13:41:11.588
4322;24.8836;24.8327;22.1018;-256.269;-256.684;-256.903;-256.974;-255.956;0;None;1000;None;13:41:12.089
4323;24.8757;24.8327;22.1096;-256.277;-256.684;-256.903;-256.958;-255.949;0;None;1000;None;13:41:12.588
4324;24.8836;24.8327;22.1018;-256.277;-256.684;-256.903;-256.966;-255.949;0;None;1000;None;13:41:13.088
4325;24.8914;24.8249;22.1174;-256.277;-256.684;-256.903;-256.958;-255.956;0;None;1000;None;13:41:13.589
4326;24.8836;24.8249;22.1252;-256.285;-256.676;-256.895;-256.958;-255.949;0;None;1000;None;13:41:14.088
4327;24.8757;24.8249;22.1174;-256.277;-256.684;-256.903;-256.958;-255.949;0;None;1000;None;13:41:14.588
4328;24.8757;24.8171;22.1331;-256.285;-256.684;-256.895;-256.958;-255.949;0;None;1000;None;13:41:15.089
4329;24.8757;24.8171;22.1252;-256.285;-256.684;-256.903;-256.966;-255.956;0;None;1000;None;13:41:15.590
4330;24.8679;24.8249;22.1252;-256.277;-256.692;-256.903;-256.958;-255.949;0;None;1000;None;13:41:16.090
4331;24.8757;24.8171;22.1174;-256.285;-256.684;-256.903;-256.958;-255.956;0;None;1000;None;13:41:16.589
4332;24.8679;24.8171;22.1252;-256.285;-256.684;-256.903;-256.95;-255.956;0;None;1000;None;13:41:17.088
4333;24.8757;24.8171;22.1409;-256.277;-256.684;-256.903;-256.966;-255.956;0;None;1000;None;13:41:17.588
4334;24.8679;24.8092;22.1331;-256.285;-256.676;-256.903;-256.958;-255.949;0;None;1000;None;13:41:18.088
4335;24.8757;24.8171;22.1331;-256.277;-256.684;-256.895;-256.966;-255.956;0;None;1000;None;13:41:18.589
4336;24.8679;24.8249;22.1331;-256.277;-256.684;-256.903;-256.958;-255.949;0;None;1000;None;13:41:19.089
4337;24.8757;24.8171;22.1331;-256.277;-256.684;-256.895;-256.958;-255.956;0;None;1000;None;13:41:19.587
4338;24.8679;24.8171;22.1409;-256.277;-256.692;-256.903;-256.958;-255.956;0;None;1000;None;13:41:20.089
4339;24.8679;24.8092;22.1331;-256.277;-256.684;-256.903;-256.958;-255.956;0;None;1000;None;13:41:20.587
4340;24.8679;24.8171;22.1409;-256.285;-256.684;-256.903;-256.958;-255.956;0;None;1000;None;13:41:21.088
4341;24.8679;24.8092;22.1409;-256.277;-256.684;-256.903;-256.958;-255.956;0;None;1000;None;13:41:21.588
4342;24.8679;24.8171;22.1409;-256.277;-256.684;-256.911;-256.958;-255.964;0;None;1000;None;13:41:22.089
4343;24.8679;24.8171;22.1331;-256.277;-256.692;-256.903;-256.958;-255.956;0;None;1000;None;13:41:22.589
4344;24.8679;24.8092;22.1331;-256.277;-256.684;-256.895;-256.966;-255.964;0;None;1000;None;13:41:23.088
4345;24.8601;24.8092;22.1331;-256.285;-256.684;-256.895;-256.958;-255.956;0;None;1000;None;13:41:23.586
4346;24.8679;24.8092;22.1331;-256.269;-256.684;-256.903;-256.958;-255.956;0;None;1000;None;13:41:24.086
4347;24.8757;24.8092;22.1409;-256.269;-256.684;-256.903;-256.966;-255.964;0;None;1000;None;13:41:24.588
4348;24.8679;24.8092;22.1331;-256.277;-256.692;-256.903;-256.966;-255.956;0;None;1000;None;13:41:25.087
4349;24.8601;24.8092;22.1252;-256.277;-256.676;-256.895;-256.966;-255.964;0;None;1000;None;13:41:25.588
4350;24.8601;24.8014;22.1331;-256.277;-256.684;-256.903;-256.966;-255.964;0;None;1000;None;13:41:26.088
4351;24.8601;24.8014;22.1252;-256.277;-256.684;-256.903;-256.958;-255.964;0;None;1000;None;13:41:26.587
4352;24.8601;24.8014;22.1331;-256.277;-256.684;-256.903;-256.958;-255.956;0;None;1000;None;13:41:27.088
4353;24.8601;24.8014;22.1252;-256.277;-256.684;-256.903;-256.958;-255.956;0;None;1000;None;13:41:27.586
4354;24.8562;24.8014;22.1331;-256.277;-256.676;-256.911;-256.966;-255.964;0;None;1000;None;13:41:28.088
4355;24.8562;24.8092;22.1331;-256.277;-256.684;-256.903;-256.958;-255.956;0;None;1000;None;13:41:28.586
4356;24.8562;24.8014;22.1252;-256.277;-256.676;-256.903;-256.95;-255.949;0;None;1000;None;13:41:29.088
4357;24.8562;24.8014;22.1252;-256.277;-256.684;-256.895;-256.958;-255.956;0;None;1000;None;13:41:29.586
4358;24.8523;24.7975;22.1252;-256.277;-256.684;-256.903;-256.958;-255.949;0;None;1000;None;13:41:30.087
4359;24.8562;24.7975;22.1252;-256.269;-256.684;-256.903;-256.966;-255.949;0;None;1000;None;13:41:30.587
4360;24.8562;24.7975;22.1331;-256.277;-256.676;-256.895;-256.958;-255.956;0;None;1000;None;13:41:31.087
4361;24.8562;24.7975;22.1252;-256.277;-256.684;-256.903;-256.974;-255.949;0;None;1000;None;13:41:31.588
4362;24.8562;24.7975;22.1252;-256.285;-256.684;-256.903;-256.966;-255.956;0;None;1000;None;13:41:32.088
4363;24.8523;24.7975;22.1252;-256.277;-256.692;-256.903;-256.966;-255.949;0;None;1000;None;13:41:32.588
4364;24.8523;24.8014;22.1252;-256.277;-256.684;-256.903;-256.966;-255.949;0;None;1000;None;13:41:33.087
4365;24.8484;24.7975;22.1252;-256.277;-256.684;-256.903;-256.966;-255.956;0;None;1000;None;13:41:33.587
4366;24.8484;24.7975;22.1174;-256.269;-256.692;-256.895;-256.958;-255.949;0;None;1000;None;13:41:34.087
4367;24.8484;24.8014;22.1252;-256.277;-256.692;-256.895;-256.958;-255.949;0;None;1000;None;13:41:34.587
4368;24.8484;24.7936;22.1252;-256.269;-256.684;-256.903;-256.958;-255.949;0;None;1000;None;13:41:35.087
4369;24.8444;24.7975;22.1174;-256.277;-256.684;-256.903;-256.966;-255.949;0;None;1000;None;13:41:35.586
4370;24.8484;24.7936;22.1174;-256.269;-256.692;-256.895;-256.958;-255.949;0;None;1000;None;13:41:36.089
4371;24.8484;24.8014;22.1096;-256.277;-256.684;-256.903;-256.958;-255.956;0;None;1000;None;13:41:36.587
4372;24.8444;24.7936;22.1096;-256.269;-256.692;-256.903;-256.95;-255.949;0;None;1000;None;13:41:37.086
4373;24.8405;24.7936;22.1096;-256.269;-256.684;-256.903;-256.95;-255.949;0;None;1000;None;13:41:37.587
4374;24.8405;24.7936;22.1018;-256.269;-256.684;-256.903;-256.95;-255.956;0;None;1000;None;13:41:38.088
4375;24.8444;24.7936;22.1018;-256.269;-256.692;-256.895;-256.95;-255.949;0;None;1000;None;13:41:38.588
4376;24.8327;24.7975;22.1018;-256.269;-256.684;-256.903;-256.95;-255.949;0;None;1000;None;13:41:39.088
4377;24.8405;24.7936;22.1096;-256.277;-256.692;-256.903;-256.942;-255.956;0;None;1000;None;13:41:39.589
4378;24.8327;24.7936;22.1174;-256.277;-256.692;-256.903;-256.95;-255.949;0;None;1000;None;13:41:40.088
4379;24.8405;24.7936;22.1174;-256.269;-256.684;-256.903;-256.958;-255.956;0;None;1000;None;13:41:40.588
4380;24.8405;24.7936;22.1096;-256.277;-256.692;-256.911;-256.958;-255.956;0;None;1000;None;13:41:41.089
4381;24.8327;24.7936;22.1252;-256.269;-256.684;-256.903;-256.958;-255.956;0;None;1000;None;13:41:41.588
4382;24.8405;24.7936;22.1174;-256.277;-256.676;-256.903;-256.95;-255.949;0;None;1000;None;13:41:42.089
4383;24.8327;24.7936;22.1174;-256.277;-256.684;-256.895;-256.95;-255.949;0;None;1000;None;13:41:42.588
4384;24.8327;24.7897;22.1174;-256.277;-256.676;-256.903;-256.958;-255.949;0;None;1000;None;13:41:43.089
4385;24.8249;24.7897;22.1174;-256.269;-256.676;-256.903;-256.966;-255.956;0;None;1000;None;13:41:43.589
4386;24.8327;24.7858;22.1174;-256.277;-256.676;-256.903;-256.966;-255.949;0;None;1000;None;13:41:44.086
4387;24.8327;24.7897;22.1174;-256.277;-256.684;-256.903;-256.958;-255.956;0;None;1000;None;13:41:44.588
4388;24.8405;24.7897;22.1174;-256.285;-256.676;-256.903;-256.966;-255.956;0;None;1000;None;13:41:45.089
4389;24.8327;24.7858;22.1096;-256.277;-256.684;-256.903;-256.958;-255.956;0;None;1000;None;13:41:45.589
4390;24.8327;24.7818;22.1174;-256.277;-256.692;-256.903;-256.966;-255.956;0;None;1000;None;13:41:46.088
4391;24.8327;24.7818;22.1174;-256.277;-256.684;-256.903;-256.95;-255.956;0;None;1000;None;13:41:46.588
4392;24.8327;24.7818;22.1174;-256.285;-256.676;-256.903;-256.958;-255.964;0;None;1000;None;13:41:47.089
4393;24.8249;24.7818;22.1252;-256.277;-256.692;-256.911;-256.958;-255.956;0;None;1000;None;13:41:47.588
4394;24.8327;24.774;22.1252;-256.269;-256.684;-256.895;-256.958;-255.949;0;None;1000;None;13:41:48.089
4395;24.8249;24.7818;22.1252;-256.277;-256.692;-256.903;-256.95;-255.956;0;None;1000;None;13:41:48.588
4396;24.8171;24.774;22.1174;-256.277;-256.684;-256.911;-256.958;-255.956;0;None;1000;None;13:41:49.088
4397;24.8249;24.7818;22.1174;-256.277;-256.684;-256.895;-256.958;-255.956;0;None;1000;None;13:41:49.589
4398;24.8171;24.7818;22.1174;-256.277;-256.676;-256.903;-256.958;-255.949;0;None;1000;None;13:41:50.088
4399;24.8171;24.7818;22.1174;-256.269;-256.676;-256.895;-256.958;-255.956;0;None;1000;None;13:41:50.587
4400;24.8171;24.774;22.1174;-256.277;-256.676;-256.903;-256.958;-255.956;0;None;1000;None;13:41:51.088
4401;24.8171;24.774;22.1252;-256.285;-256.676;-256.903;-256.966;-255.949;0;None;1000;None;13:41:51.586
4402;24.8171;24.7818;22.1174;-256.277;-256.676;-256.903;-256.958;-255.956;0;None;1000;None;13:41:52.086
4403;24.8092;24.774;22.1252;-256.277;-256.668;-256.903;-256.958;-255.956;0;None;1000;None;13:41:52.588
4404;24.8249;24.774;22.1331;-256.277;-256.676;-256.903;-256.966;-255.949;0;None;1000;None;13:41:53.088
4405;24.8171;24.7662;22.1252;-256.277;-256.676;-256.903;-256.966;-255.956;0;None;1000;None;13:41:53.588
4406;24.8171;24.7662;22.1252;-256.269;-256.668;-256.911;-256.966;-255.949;0;None;1000;None;13:41:54.089
4407;24.8092;24.7662;22.1331;-256.277;-256.676;-256.903;-256.966;-255.949;0;None;1000;None;13:41:54.588
4408;24.8171;24.7662;22.1252;-256.277;-256.676;-256.903;-256.966;-255.949;0;None;1000;None;13:41:55.088
4409;24.8092;24.7662;22.1331;-256.277;-256.676;-256.911;-256.958;-255.949;0;None;1000;None;13:41:55.589
4410;24.8092;24.774;22.1252;-256.269;-256.676;-256.895;-256.966;-255.949;0;None;1000;None;13:41:56.088
4411;24.8092;24.7662;22.1331;-256.269;-256.684;-256.903;-256.966;-255.949;0;None;1000;None;13:41:56.589
4412;24.8014;24.7662;22.1409;-256.269;-256.676;-256.903;-256.966;-255.949;0;None;1000;None;13:41:57.089
4413;24.8014;24.7662;22.1252;-256.277;-256.676;-256.903;-256.966;-255.949;0;None;1000;None;13:41:57.588
4414;24.8014;24.7584;22.1331;-256.277;-256.676;-256.903;-256.966;-255.941;0;None;1000;None;13:41:58.087
4415;24.7936;24.7662;22.1331;-256.269;-256.676;-256.903;-256.966;-255.949;0;None;1000;None;13:41:58.589
4416;24.7936;24.7662;22.1331;-256.277;-256.676;-256.903;-256.966;-255.949;0;None;1000;None;13:41:59.089
4417;24.7936;24.7584;22.1331;-256.277;-256.676;-256.903;-256.958;-255.949;0;None;1000;None;13:41:59.588
4418;24.7936;24.7584;22.1331;-256.277;-256.668;-256.903;-256.958;-255.949;0;None;1000;None;13:42:00.089
4419;24.8014;24.7505;22.1331;-256.277;-256.676;-256.903;-256.958;-255.956;0;None;1000;None;13:42:00.586
4420;24.7936;24.7584;22.1331;-256.277;-256.676;-256.911;-256.958;-255.949;0;None;1000;None;13:42:01.088
4421;24.7936;24.7505;22.1252;-256.277;-256.676;-256.903;-256.966;-255.956;0;None;1000;None;13:42:01.587
4422;24.7936;24.7505;22.1331;-256.277;-256.684;-256.903;-256.966;-255.949;0;None;1000;None;13:42:02.087
4423;24.7936;24.7427;22.1252;-256.277;-256.676;-256.903;-256.958;-255.949;0;None;1000;None;13:42:02.586
