Number;Measure;Time
1;28.1857;11:39:11
3;27.9118;11:39:11
17;28.1857;11:39:11
19;27.9314;11:39:11
33;28.1857;11:39:11
35;27.9314;11:39:11
49;28.1857;11:39:11
51;27.951;11:39:11
65;28.2053;11:39:11
67;27.9314;11:39:11
1;28.2053;11:39:12
3;27.951;11:39:12
17;28.2053;11:39:12
19;27.951;11:39:12
33;28.2053;11:39:12
35;27.951;11:39:12
49;28.2248;11:39:12
51;27.951;11:39:12
1;28.2248;11:39:13
3;27.951;11:39:13
17;28.2248;11:39:13
19;27.951;11:39:13
33;28.2444;11:39:13
35;27.951;11:39:13
49;28.2444;11:39:13
51;27.951;11:39:13
1;28.2444;11:39:14
3;27.951;11:39:14
17;28.2248;11:39:14
19;27.9705;11:39:14
33;28.2444;11:39:14
35;27.9705;11:39:14
49;28.2444;11:39:14
51;27.9705;11:39:14
1;28.2444;11:39:15
3;27.9705;11:39:15
17;28.2444;11:39:15
19;27.9901;11:39:15
33;28.2444;11:39:15
35;27.9901;11:39:15
49;28.264;11:39:15
51;27.9901;11:39:15
1;28.264;11:39:16
3;27.9901;11:39:16
17;28.264;11:39:16
19;27.9901;11:39:16
33;28.264;11:39:16
35;27.9901;11:39:16
49;28.2835;11:39:16
51;27.9901;11:39:16
1;28.2835;11:39:17
3;27.9901;11:39:17
17;28.2835;11:39:17
19;28.0097;11:39:17
33;28.2835;11:39:17
35;28.0097;11:39:17
49;28.3031;11:39:17
51;28.0097;11:39:17
1;28.3031;11:39:18
3;28.0097;11:39:18
17;28.2835;11:39:18
19;28.0292;11:39:18
33;28.3031;11:39:18
35;28.0292;11:39:18
49;28.3031;11:39:18
51;28.0292;11:39:18
1;28.3031;11:39:19
3;28.0488;11:39:19
17;28.3031;11:39:19
19;28.0292;11:39:19
33;28.3031;11:39:19
35;28.0488;11:39:19
49;28.3031;11:39:19
51;28.0488;11:39:19
1;28.3031;11:39:20
3;28.0488;11:39:20
17;28.3031;11:39:20
19;28.0488;11:39:20
33;28.3227;11:39:20
35;28.0488;11:39:20
49;28.3227;11:39:20
51;28.0488;11:39:20
1;28.3227;11:39:21
3;28.0488;11:39:21
17;28.3422;11:39:21
19;28.0683;11:39:21
33;28.3422;11:39:21
35;28.0488;11:39:21
49;28.3422;11:39:21
51;28.0488;11:39:21
1;28.3422;11:39:22
3;28.0683;11:39:22
17;28.3618;11:39:22
19;28.0683;11:39:22
33;28.3618;11:39:22
35;28.0683;11:39:22
49;28.3618;11:39:22
51;28.0683;11:39:22
1;28.3618;11:39:23
3;28.0879;11:39:23
17;28.3813;11:39:23
19;28.0879;11:39:23
33;28.3813;11:39:23
35;28.0879;11:39:23
49;28.3813;11:39:23
51;28.0879;11:39:23
1;28.3813;11:39:24
3;28.0879;11:39:24
17;28.3813;11:39:24
19;28.1075;11:39:24
33;28.4009;11:39:24
35;28.0879;11:39:24
49;28.3813;11:39:24
51;28.1075;11:39:24
1;28.4009;11:39:25
3;28.1075;11:39:25
17;28.4009;11:39:25
19;28.0879;11:39:25
33;28.4009;11:39:25
35;28.1075;11:39:25
49;28.4009;11:39:25
51;28.1075;11:39:25
1;28.4009;11:39:26
3;28.1075;11:39:26
17;28.4009;11:39:26
19;28.1075;11:39:26
33;28.4009;11:39:26
35;28.127;11:39:26
49;28.4205;11:39:26
51;28.1075;11:39:26
1;28.4205;11:39:27
3;28.127;11:39:27
17;28.4205;11:39:27
19;28.127;11:39:27
33;28.44;11:39:27
35;28.127;11:39:27
49;28.44;11:39:27
51;28.127;11:39:27
65;28.44;11:39:27
67;28.127;11:39:27
1;28.44;11:39:28
3;28.1466;11:39:28
17;28.4596;11:39:28
19;28.1466;11:39:28
33;28.4596;11:39:28
35;28.1466;11:39:28
49;28.4596;11:39:28
51;28.1466;11:39:28
1;28.4596;11:39:29
3;28.1662;11:39:29
17;28.4596;11:39:29
19;28.1662;11:39:29
33;28.4596;11:39:29
35;28.1662;11:39:29
49;28.4596;11:39:29
51;28.1662;11:39:29
1;28.4596;11:39:30
3;28.1662;11:39:30
17;28.4596;11:39:30
19;28.1662;11:39:30
33;28.4596;11:39:30
35;28.1662;11:39:30
49;28.4792;11:39:30
51;28.1662;11:39:30
1;28.4792;11:39:31
3;28.1662;11:39:31
17;28.4987;11:39:31
19;28.1662;11:39:31
33;28.4792;11:39:31
35;28.1857;11:39:31
49;28.5183;11:39:31
51;28.1857;11:39:31
1;28.4987;11:39:32
3;28.1857;11:39:32
17;28.5183;11:39:32
19;28.1857;11:39:32
33;28.5183;11:39:32
35;28.2053;11:39:32
49;28.5183;11:39:32
51;28.1857;11:39:32
1;28.5183;11:39:33
3;28.2053;11:39:33
17;28.5183;11:39:33
19;28.2053;11:39:33
33;28.5183;11:39:33
35;28.2053;11:39:33
49;28.5183;11:39:33
51;28.2053;11:39:33
1;28.5183;11:39:34
3;28.2053;11:39:34
17;28.5378;11:39:34
19;28.2053;11:39:34
33;28.5378;11:39:34
35;28.2053;11:39:34
49;28.5378;11:39:34
51;28.2053;11:39:34
1;28.5378;11:39:35
3;28.2248;11:39:35
17;28.5574;11:39:35
19;28.2053;11:39:35
33;28.5378;11:39:35
35;28.2248;11:39:35
49;28.5574;11:39:35
51;28.2248;11:39:35
1;28.5574;11:39:36
3;28.2444;11:39:36
17;28.5574;11:39:36
19;28.2248;11:39:36
33;28.5574;11:39:36
35;28.2444;11:39:36
49;28.5574;11:39:36
51;28.264;11:39:36
1;28.5574;11:39:37
3;28.264;11:39:37
17;28.577;11:39:37
19;28.264;11:39:37
33;28.577;11:39:37
35;28.264;11:39:37
49;28.577;11:39:37
51;28.264;11:39:37
1;28.5965;11:39:38
3;28.264;11:39:38
17;28.5965;11:39:38
19;28.264;11:39:38
33;28.5965;11:39:38
35;28.264;11:39:38
49;28.5965;11:39:38
51;28.264;11:39:38
1;28.5965;11:39:39
3;28.2835;11:39:39
17;28.5965;11:39:39
19;28.2835;11:39:39
33;28.6161;11:39:39
35;28.264;11:39:39
49;28.6161;11:39:39
51;28.2835;11:39:39
1;28.6161;11:39:40
3;28.2835;11:39:40
17;28.6161;11:39:40
19;28.2835;11:39:40
33;28.6161;11:39:40
35;28.3031;11:39:40
49;28.6161;11:39:40
51;28.2835;11:39:40
1;28.6161;11:39:41
3;28.3031;11:39:41
17;28.6161;11:39:41
19;28.3031;11:39:41
33;28.6161;11:39:41
35;28.3031;11:39:41
49;28.6161;11:39:41
51;28.3031;11:39:41
1;28.6552;11:39:42
3;28.3031;11:39:42
17;28.6357;11:39:42
19;28.3227;11:39:42
33;28.6552;11:39:42
35;28.3227;11:39:42
49;28.6552;11:39:42
51;28.3227;11:39:42
1;28.6748;11:39:43
3;28.3227;11:39:43
17;28.6552;11:39:43
19;28.3227;11:39:43
33;28.6748;11:39:43
35;28.3227;11:39:43
49;28.6748;11:39:43
51;28.3227;11:39:43
65;28.6748;11:39:43
67;28.3227;11:39:43
1;28.6748;11:39:44
3;28.3227;11:39:44
17;28.6748;11:39:44
19;28.3422;11:39:44
33;28.6748;11:39:44
35;28.3227;11:39:44
49;28.6748;11:39:44
51;28.3422;11:39:44
1;28.6748;11:39:45
3;28.3422;11:39:45
17;28.6748;11:39:45
19;28.3422;11:39:45
33;28.6748;11:39:45
35;28.3422;11:39:45
49;28.6748;11:39:45
51;28.3618;11:39:45
1;28.6748;11:39:46
3;28.3422;11:39:46
17;28.6748;11:39:46
19;28.3618;11:39:46
33;28.6943;11:39:46
35;28.3618;11:39:46
49;28.7139;11:39:46
51;28.3618;11:39:46
1;28.7139;11:39:47
3;28.3618;11:39:47
17;28.7139;11:39:47
19;28.3618;11:39:47
33;28.7139;11:39:47
35;28.3618;11:39:47
49;28.7139;11:39:47
51;28.3813;11:39:47
1;28.7139;11:39:48
3;28.3618;11:39:48
17;28.7335;11:39:48
19;28.3813;11:39:48
33;28.7139;11:39:48
35;28.3813;11:39:48
49;28.7335;11:39:48
51;28.3813;11:39:48
1;28.7335;11:39:49
3;28.3813;11:39:49
17;28.7335;11:39:49
19;28.3813;11:39:49
33;28.7335;11:39:49
35;28.4009;11:39:49
49;28.7335;11:39:49
51;28.4009;11:39:49
1;28.753;11:39:50
3;28.4009;11:39:50
17;28.753;11:39:50
19;28.4009;11:39:50
33;28.753;11:39:50
35;28.4205;11:39:50
49;28.753;11:39:50
51;28.4205;11:39:50
1;28.7726;11:39:51
3;28.4009;11:39:51
17;28.753;11:39:51
19;28.4205;11:39:51
33;28.7726;11:39:51
35;28.4009;11:39:51
49;28.7726;11:39:51
51;28.4205;11:39:51
1;28.7726;11:39:52
3;28.4205;11:39:52
17;28.7726;11:39:52
19;28.4205;11:39:52
33;28.7726;11:39:52
35;28.4205;11:39:52
49;28.7922;11:39:52
51;28.4205;11:39:52
1;28.7726;11:39:53
3;28.44;11:39:53
17;28.7922;11:39:53
19;28.4205;11:39:53
33;28.7922;11:39:53
35;28.44;11:39:53
49;28.7922;11:39:53
51;28.44;11:39:53
1;28.7922;11:39:54
3;28.44;11:39:54
17;28.8117;11:39:54
19;28.44;11:39:54
33;28.8117;11:39:54
35;28.4596;11:39:54
49;28.8117;11:39:54
51;28.4596;11:39:54
1;28.8117;11:39:55
3;28.4596;11:39:55
17;28.8313;11:39:55
19;28.4596;11:39:55
33;28.8117;11:39:55
35;28.4792;11:39:55
49;28.8313;11:39:55
51;28.4792;11:39:55
1;28.8117;11:39:56
3;28.4596;11:39:56
17;28.8117;11:39:56
19;28.4792;11:39:56
33;28.8313;11:39:56
35;28.4792;11:39:56
49;28.8117;11:39:56
51;28.4792;11:39:56
1;28.8313;11:39:57
3;28.4792;11:39:57
17;28.8313;11:39:57
19;28.4792;11:39:57
33;28.8313;11:39:57
35;28.4792;11:39:57
49;28.8313;11:39:57
51;28.4987;11:39:57
1;28.8508;11:39:58
3;28.4792;11:39:58
17;28.8508;11:39:58
19;28.4987;11:39:58
33;28.8704;11:39:58
35;28.4792;11:39:58
49;28.8704;11:39:58
51;28.4987;11:39:58
65;28.8704;11:39:58
67;28.4987;11:39:58
1;28.8704;11:39:59
3;28.4987;11:39:59
17;28.8704;11:39:59
19;28.4987;11:39:59
33;28.89;11:39:59
35;28.5183;11:39:59
49;28.8704;11:39:59
51;28.4987;11:39:59
1;28.8704;11:40:00
3;28.5183;11:40:00
17;28.89;11:40:00
19;28.5183;11:40:00
33;28.89;11:40:00
35;28.5183;11:40:00
49;28.89;11:40:00
51;28.5183;11:40:00
1;28.89;11:40:01
3;28.5183;11:40:01
17;28.89;11:40:01
19;28.5183;11:40:01
33;28.89;11:40:01
35;28.5183;11:40:01
49;28.89;11:40:01
51;28.5183;11:40:01
1;28.89;11:40:03
3;28.5183;11:40:03
17;28.89;11:40:03
19;28.5183;11:40:03
33;28.9095;11:40:03
35;28.5378;11:40:03
49;28.9291;11:40:03
51;28.5183;11:40:03
1;28.9095;11:40:04
3;28.5378;11:40:04
17;28.9291;11:40:04
19;28.5574;11:40:04
33;28.9291;11:40:04
35;28.5378;11:40:04
49;28.9291;11:40:04
51;28.5574;11:40:04
1;28.9291;11:40:05
3;28.5574;11:40:05
17;28.9291;11:40:05
19;28.5574;11:40:05
33;28.9291;11:40:05
35;28.5574;11:40:05
49;28.9291;11:40:05
51;28.5574;11:40:05
1;28.9291;11:40:06
3;28.577;11:40:06
17;28.9291;11:40:06
19;28.5574;11:40:06
33;28.9487;11:40:06
35;28.577;11:40:06
49;28.9487;11:40:06
51;28.5574;11:40:06
1;28.9487;11:40:07
3;28.577;11:40:07
17;28.9487;11:40:07
19;28.577;11:40:07
33;28.9682;11:40:07
35;28.577;11:40:07
49;28.9487;11:40:07
51;28.577;11:40:07
1;28.9682;11:40:08
3;28.577;11:40:08
17;28.9682;11:40:08
19;28.577;11:40:08
33;28.9682;11:40:08
35;28.577;11:40:08
49;28.9878;11:40:08
51;28.577;11:40:08
1;28.9878;11:40:09
3;28.5965;11:40:09
17;28.9878;11:40:09
19;28.5965;11:40:09
33;28.9878;11:40:09
35;28.6161;11:40:09
49;28.9878;11:40:09
51;28.5965;11:40:09
1;28.9878;11:40:10
3;28.6161;11:40:10
17;29.0073;11:40:10
19;28.6161;11:40:10
33;29.0073;11:40:10
35;28.6161;11:40:10
49;29.0073;11:40:10
51;28.6357;11:40:10
1;29.0073;11:40:11
3;28.6161;11:40:11
17;29.0073;11:40:11
19;28.6357;11:40:11
33;29.0073;11:40:11
35;28.6357;11:40:11
49;29.0269;11:40:11
51;28.6357;11:40:11
1;29.0269;11:40:12
3;28.6357;11:40:12
17;29.0269;11:40:12
19;28.6357;11:40:12
33;29.0269;11:40:12
35;28.6357;11:40:12
49;29.0269;11:40:12
51;28.6357;11:40:12
1;29.0465;11:40:13
3;28.6357;11:40:13
17;29.0465;11:40:13
19;28.6552;11:40:13
33;29.0465;11:40:13
35;28.6357;11:40:13
49;29.0465;11:40:13
51;28.6552;11:40:13
1;29.0465;11:40:14
3;28.6552;11:40:14
17;29.0465;11:40:14
19;28.6552;11:40:14
33;29.0465;11:40:14
35;28.6748;11:40:14
49;29.066;11:40:14
51;28.6748;11:40:14
1;29.0465;11:40:15
3;28.6748;11:40:15
17;29.066;11:40:15
19;28.6748;11:40:15
33;29.0465;11:40:15
35;28.6748;11:40:15
49;29.066;11:40:15
51;28.6748;11:40:15
1;29.066;11:40:16
3;28.6748;11:40:16
17;29.0856;11:40:16
19;28.6748;11:40:16
33;29.0856;11:40:16
35;28.6748;11:40:16
49;29.0856;11:40:16
51;28.6748;11:40:16
65;29.0856;11:40:16
67;28.6748;11:40:16
1;29.0856;11:40:17
3;28.6943;11:40:17
17;29.0856;11:40:17
19;28.6748;11:40:17
33;29.0856;11:40:17
35;28.6943;11:40:17
49;29.0856;11:40:17
51;28.6943;11:40:17
1;29.0856;11:40:18
3;28.7139;11:40:18
17;29.0856;11:40:18
19;28.6943;11:40:18
33;29.0856;11:40:18
35;28.7139;11:40:18
49;29.1052;11:40:18
51;28.7139;11:40:18
1;29.1052;11:40:19
3;28.7139;11:40:19
17;29.1247;11:40:19
19;28.7335;11:40:19
33;29.1247;11:40:19
35;28.7335;11:40:19
49;29.1247;11:40:19
51;28.7335;11:40:19
1;29.1052;11:40:20
3;28.7335;11:40:20
17;29.1247;11:40:20
19;28.7335;11:40:20
33;29.1443;11:40:20
35;28.753;11:40:20
49;29.1247;11:40:20
51;28.7335;11:40:20
1;29.1443;11:40:21
3;28.7335;11:40:21
17;29.1443;11:40:21
19;28.7335;11:40:21
33;29.1443;11:40:21
35;28.753;11:40:21
49;29.1443;11:40:21
51;28.753;11:40:21
1;29.1443;11:40:22
3;28.753;11:40:22
17;29.1443;11:40:22
19;28.753;11:40:22
33;29.1443;11:40:22
35;28.753;11:40:22
49;29.1443;11:40:22
51;28.753;11:40:22
1;29.1443;11:40:23
3;28.753;11:40:23
17;29.1443;11:40:23
19;28.7726;11:40:23
33;29.1443;11:40:23
35;28.7726;11:40:23
49;29.1638;11:40:23
51;28.7726;11:40:23
1;29.1638;11:40:24
3;28.7726;11:40:24
17;29.1638;11:40:24
19;28.7922;11:40:24
33;29.1638;11:40:24
35;28.7922;11:40:24
49;29.1834;11:40:24
51;28.7922;11:40:24
1;29.1834;11:40:25
3;28.7922;11:40:25
17;29.203;11:40:25
19;28.7922;11:40:25
33;29.1834;11:40:25
35;28.7922;11:40:25
49;29.203;11:40:25
51;28.7922;11:40:25
1;29.1834;11:40:26
3;28.7922;11:40:26
17;29.203;11:40:26
19;28.7922;11:40:26
33;29.203;11:40:26
35;28.7922;11:40:26
49;29.203;11:40:26
51;28.8117;11:40:26
1;29.203;11:40:27
3;28.8117;11:40:27
17;29.203;11:40:27
19;28.8117;11:40:27
33;29.203;11:40:27
35;28.8117;11:40:27
49;29.203;11:40:27
51;28.8117;11:40:27
1;29.203;11:40:28
3;28.8117;11:40:28
17;29.203;11:40:28
19;28.8313;11:40:28
33;29.2225;11:40:28
35;28.8313;11:40:28
49;29.2225;11:40:28
51;28.8313;11:40:28
1;29.2225;11:40:29
3;28.8313;11:40:29
17;29.2225;11:40:29
19;28.8508;11:40:29
33;29.2421;11:40:29
35;28.8508;11:40:29
49;29.2421;11:40:29
51;28.8313;11:40:29
1;29.2617;11:40:30
3;28.8508;11:40:30
17;29.2421;11:40:30
19;28.8508;11:40:30
33;29.2617;11:40:30
35;28.8508;11:40:30
49;29.2617;11:40:30
51;28.8508;11:40:30
1;29.2617;11:40:31
3;28.8508;11:40:31
17;29.2617;11:40:31
19;28.8704;11:40:31
33;29.2617;11:40:31
35;28.8508;11:40:31
49;29.2617;11:40:31
51;28.8508;11:40:31
65;29.2617;11:40:31
67;28.8704;11:40:31
1;29.2617;11:40:32
3;28.8704;11:40:32
17;29.2617;11:40:32
19;28.8704;11:40:32
33;29.2617;11:40:32
35;28.8704;11:40:32
49;29.2617;11:40:32
51;28.8704;11:40:32
1;29.2617;11:40:33
3;28.89;11:40:33
17;29.2617;11:40:33
19;28.89;11:40:33
33;29.2812;11:40:33
35;28.89;11:40:33
49;29.2617;11:40:33
51;28.89;11:40:33
1;29.2812;11:40:34
3;28.89;11:40:34
17;29.3008;11:40:34
19;28.89;11:40:34
33;29.2812;11:40:34
35;28.89;11:40:34
49;29.3008;11:40:34
51;28.89;11:40:34
1;29.3008;11:40:35
3;28.89;11:40:35
17;29.3008;11:40:35
19;28.9095;11:40:35
33;29.3008;11:40:35
35;28.9095;11:40:35
49;29.3008;11:40:35
51;28.9095;11:40:35
1;29.3008;11:40:36
3;28.9095;11:40:36
17;29.3008;11:40:36
19;28.9095;11:40:36
33;29.3008;11:40:36
35;28.9291;11:40:36
49;29.3204;11:40:36
51;28.9291;11:40:36
1;29.3008;11:40:37
3;28.9291;11:40:37
17;29.3008;11:40:37
19;28.9095;11:40:37
33;29.3204;11:40:37
35;28.9291;11:40:37
49;29.3204;11:40:37
51;28.9291;11:40:37
1;29.3204;11:40:38
3;28.9291;11:40:38
17;29.3204;11:40:38
19;28.9487;11:40:38
33;29.3204;11:40:38
35;28.9487;11:40:38
49;29.3399;11:40:38
51;28.9487;11:40:38
1;29.3399;11:40:39
3;28.9487;11:40:39
17;29.3399;11:40:39
19;28.9487;11:40:39
33;29.3595;11:40:39
35;28.9487;11:40:39
49;29.3595;11:40:39
51;28.9682;11:40:39
1;29.3595;11:40:40
3;28.9487;11:40:40
17;29.3595;11:40:40
19;28.9682;11:40:40
33;29.3595;11:40:40
35;28.9878;11:40:40
49;29.3595;11:40:40
51;28.9682;11:40:40
1;29.3595;11:40:41
3;28.9878;11:40:41
17;29.379;11:40:41
19;28.9878;11:40:41
33;29.3595;11:40:41
35;28.9878;11:40:41
49;29.379;11:40:41
51;28.9878;11:40:41
1;29.379;11:40:42
3;28.9878;11:40:42
17;29.379;11:40:42
19;29.0073;11:40:42
33;29.379;11:40:42
35;28.9878;11:40:42
49;29.3986;11:40:42
51;29.0073;11:40:42
1;29.379;11:40:43
3;29.0073;11:40:43
17;29.3986;11:40:43
19;29.0073;11:40:43
33;29.3986;11:40:43
35;29.0073;11:40:43
49;29.3986;11:40:43
51;29.0073;11:40:43
1;29.3986;11:40:44
3;29.0073;11:40:44
17;29.3986;11:40:44
19;29.0073;11:40:44
33;29.4182;11:40:44
35;29.0269;11:40:44
49;29.4182;11:40:44
51;29.0073;11:40:44
1;29.4182;11:40:45
3;29.0465;11:40:45
17;29.4182;11:40:45
19;29.0269;11:40:45
33;29.4182;11:40:45
35;29.0465;11:40:45
49;29.4377;11:40:45
51;29.0465;11:40:45
1;29.4377;11:40:46
3;29.0465;11:40:46
17;29.4377;11:40:46
19;29.0465;11:40:46
33;29.4377;11:40:46
35;29.0465;11:40:46
49;29.4573;11:40:46
51;29.0465;11:40:46
65;29.4573;11:40:46
67;29.0465;11:40:46
1;29.4573;11:40:47
3;29.066;11:40:47
17;29.4573;11:40:47
19;29.0465;11:40:47
33;29.4377;11:40:47
35;29.066;11:40:47
49;29.4573;11:40:47
51;29.0465;11:40:47
1;29.4573;11:40:48
3;29.066;11:40:48
17;29.4573;11:40:48
19;29.0465;11:40:48
33;29.4573;11:40:48
35;29.066;11:40:48
49;29.4573;11:40:48
51;29.066;11:40:48
1;29.4769;11:40:49
3;29.066;11:40:49
17;29.4573;11:40:49
19;29.0856;11:40:49
33;29.4769;11:40:49
35;29.066;11:40:49
49;29.4573;11:40:49
51;29.1052;11:40:49
1;29.4769;11:40:50
3;29.0856;11:40:50
17;29.4769;11:40:50
19;29.0856;11:40:50
33;29.4769;11:40:50
35;29.1052;11:40:50
49;29.4769;11:40:50
51;29.1052;11:40:50
1;29.4964;11:40:51
3;29.0856;11:40:51
17;29.4769;11:40:51
19;29.1052;11:40:51
33;29.4964;11:40:51
35;29.1052;11:40:51
49;29.4964;11:40:51
51;29.1052;11:40:51
1;29.4964;11:40:52
3;29.1052;11:40:52
17;29.516;11:40:52
19;29.1052;11:40:52
33;29.4964;11:40:52
35;29.1247;11:40:52
49;29.516;11:40:52
51;29.1052;11:40:52
1;29.4964;11:40:53
3;29.1443;11:40:53
17;29.516;11:40:53
19;29.1052;11:40:53
33;29.516;11:40:53
35;29.1247;11:40:53
49;29.516;11:40:53
51;29.1247;11:40:53
1;29.516;11:40:54
3;29.1443;11:40:54
17;29.516;11:40:54
19;29.1247;11:40:54
33;29.5355;11:40:54
35;29.1443;11:40:54
49;29.516;11:40:54
51;29.1247;11:40:54
1;29.516;11:40:55
3;29.1443;11:40:55
17;29.5355;11:40:55
19;29.1638;11:40:55
33;29.5551;11:40:55
35;29.1443;11:40:55
49;29.5355;11:40:55
51;29.1638;11:40:55
1;29.5551;11:40:56
3;29.1638;11:40:56
17;29.5747;11:40:56
19;29.1638;11:40:56
33;29.5551;11:40:56
35;29.1638;11:40:56
49;29.5551;11:40:56
51;29.1638;11:40:56
1;29.5551;11:40:57
3;29.1638;11:40:57
17;29.5747;11:40:57
19;29.1638;11:40:57
33;29.5551;11:40:57
35;29.1638;11:40:57
49;29.5747;11:40:57
51;29.1638;11:40:57
1;29.5551;11:40:58
3;29.1638;11:40:58
17;29.5747;11:40:58
19;29.1834;11:40:58
33;29.5747;11:40:58
35;29.1638;11:40:58
49;29.5747;11:40:58
51;29.1638;11:40:58
1;29.5747;11:40:59
3;29.1834;11:40:59
17;29.5747;11:40:59
19;29.1834;11:40:59
33;29.5747;11:40:59
35;29.1834;11:40:59
49;29.5942;11:40:59
51;29.1834;11:40:59
1;29.5942;11:41:00
3;29.203;11:41:00
17;29.5942;11:41:00
19;29.203;11:41:00
33;29.5942;11:41:00
35;29.203;11:41:00
49;29.5942;11:41:00
51;29.203;11:41:00
1;29.5942;11:41:01
3;29.203;11:41:01
17;29.6138;11:41:01
19;29.203;11:41:01
33;29.5942;11:41:01
35;29.203;11:41:01
49;29.6138;11:41:01
51;29.203;11:41:01
1;29.6334;11:41:02
3;29.203;11:41:02
17;29.6138;11:41:02
19;29.203;11:41:02
33;29.6334;11:41:02
35;29.2225;11:41:02
49;29.6138;11:41:02
51;29.203;11:41:02
1;29.6334;11:41:03
3;29.2225;11:41:03
17;29.6334;11:41:03
19;29.2225;11:41:03
33;29.6334;11:41:03
35;29.2225;11:41:03
49;29.6334;11:41:03
51;29.2225;11:41:03
65;29.6334;11:41:03
67;29.2225;11:41:03
1;29.6334;11:41:04
3;29.2421;11:41:04
17;29.6334;11:41:04
19;29.2225;11:41:04
33;29.6334;11:41:04
35;29.2617;11:41:04
49;29.6334;11:41:04
51;29.2421;11:41:04
1;29.6334;11:41:05
3;29.2421;11:41:05
17;29.6334;11:41:05
19;29.2617;11:41:05
33;29.6529;11:41:05
35;29.2617;11:41:05
49;29.6529;11:41:05
51;29.2617;11:41:05
1;29.6725;11:41:07
3;29.2617;11:41:07
17;29.6529;11:41:07
19;29.2617;11:41:07
33;29.6529;11:41:07
35;29.2617;11:41:07
49;29.6725;11:41:07
51;29.2617;11:41:07
1;29.6725;11:41:08
3;29.2617;11:41:08
17;29.6725;11:41:08
19;29.2812;11:41:08
33;29.6529;11:41:08
35;29.2617;11:41:08
49;29.6725;11:41:08
51;29.2617;11:41:08
1;29.6725;11:41:09
3;29.2812;11:41:09
17;29.6725;11:41:09
19;29.2617;11:41:09
33;29.6725;11:41:09
35;29.2812;11:41:09
49;29.6725;11:41:09
51;29.2617;11:41:09
1;29.6725;11:41:10
3;29.2812;11:41:10
17;29.6725;11:41:10
19;29.2812;11:41:10
33;29.6725;11:41:10
35;29.2812;11:41:10
49;29.6725;11:41:10
51;29.3008;11:41:10
1;29.6725;11:41:11
3;29.3008;11:41:11
17;29.692;11:41:11
19;29.3008;11:41:11
33;29.692;11:41:11
35;29.3204;11:41:11
49;29.692;11:41:11
51;29.3204;11:41:11
1;29.7116;11:41:12
3;29.3204;11:41:12
17;29.7116;11:41:12
19;29.3204;11:41:12
33;29.7116;11:41:12
35;29.3204;11:41:12
49;29.7312;11:41:12
51;29.3204;11:41:12
1;29.7116;11:41:13
3;29.3204;11:41:13
17;29.7312;11:41:13
19;29.3204;11:41:13
33;29.7312;11:41:13
35;29.3399;11:41:13
49;29.7312;11:41:13
51;29.3204;11:41:13
1;29.7312;11:41:14
3;29.3204;11:41:14
17;29.7116;11:41:14
19;29.3204;11:41:14
33;29.7312;11:41:14
35;29.3204;11:41:14
49;29.7312;11:41:14
51;29.3399;11:41:14
1;29.7312;11:41:15
3;29.3399;11:41:15
17;29.7312;11:41:15
19;29.3204;11:41:15
33;29.7312;11:41:15
35;29.3595;11:41:15
49;29.7312;11:41:15
51;29.3399;11:41:15
1;29.7312;11:41:16
3;29.3595;11:41:16
17;29.7312;11:41:16
19;29.3595;11:41:16
33;29.7507;11:41:16
35;29.3595;11:41:16
49;29.7507;11:41:16
51;29.3595;11:41:16
1;29.7507;11:41:17
3;29.3595;11:41:17
17;29.7507;11:41:17
19;29.3595;11:41:17
33;29.7703;11:41:17
35;29.379;11:41:17
49;29.7703;11:41:17
51;29.379;11:41:17
1;29.7703;11:41:18
3;29.379;11:41:18
17;29.7703;11:41:18
19;29.379;11:41:18
33;29.7703;11:41:18
35;29.3986;11:41:18
49;29.7899;11:41:18
51;29.379;11:41:18
1;29.7899;11:41:19
3;29.3986;11:41:19
17;29.7899;11:41:19
19;29.3986;11:41:19
33;29.7899;11:41:19
35;29.3986;11:41:19
49;29.7899;11:41:19
51;29.3986;11:41:19
65;29.7899;11:41:19
67;29.3986;11:41:19
1;29.7899;11:41:20
3;29.3986;11:41:20
17;29.7899;11:41:20
19;29.3986;11:41:20
33;29.7899;11:41:20
35;29.3986;11:41:20
49;29.7899;11:41:20
51;29.4182;11:41:20
1;29.7899;11:41:21
3;29.4182;11:41:21
17;29.8094;11:41:21
19;29.4182;11:41:21
33;29.8094;11:41:21
35;29.4182;11:41:21
49;29.7899;11:41:21
51;29.4182;11:41:21
1;29.8094;11:41:22
3;29.4182;11:41:22
17;29.8094;11:41:22
19;29.4182;11:41:22
33;29.829;11:41:22
35;29.4377;11:41:22
49;29.829;11:41:22
51;29.4182;11:41:22
1;29.8094;11:41:23
3;29.4377;11:41:23
17;29.829;11:41:23
19;29.4377;11:41:23
33;29.829;11:41:23
35;29.4377;11:41:23
49;29.829;11:41:23
51;29.4377;11:41:23
1;29.8485;11:41:24
3;29.4377;11:41:24
17;29.829;11:41:24
19;29.4377;11:41:24
33;29.8485;11:41:24
35;29.4377;11:41:24
49;29.829;11:41:24
51;29.4377;11:41:24
1;29.8485;11:41:25
3;29.4573;11:41:25
17;29.8485;11:41:25
19;29.4377;11:41:25
33;29.8485;11:41:25
35;29.4573;11:41:25
49;29.8485;11:41:25
51;29.4573;11:41:25
1;29.8485;11:41:26
3;29.4573;11:41:26
17;29.8485;11:41:26
19;29.4573;11:41:26
33;29.8485;11:41:26
35;29.4769;11:41:26
49;29.8681;11:41:26
51;29.4769;11:41:26
1;29.8485;11:41:27
3;29.4769;11:41:27
17;29.8681;11:41:27
19;29.4769;11:41:27
33;29.8681;11:41:27
35;29.4769;11:41:27
49;29.8877;11:41:27
51;29.4769;11:41:27
1;29.8681;11:41:28
3;29.4769;11:41:28
17;29.8877;11:41:28
19;29.4964;11:41:28
33;29.8877;11:41:28
35;29.4964;11:41:28
49;29.8877;11:41:28
51;29.4769;11:41:28
1;29.8877;11:41:29
3;29.516;11:41:29
17;29.8877;11:41:29
19;29.4964;11:41:29
33;29.8877;11:41:29
35;29.4964;11:41:29
49;29.8877;11:41:29
51;29.516;11:41:29
1;29.8877;11:41:30
3;29.516;11:41:30
17;29.8877;11:41:30
19;29.516;11:41:30
33;29.8877;11:41:30
35;29.4964;11:41:30
49;29.8877;11:41:30
51;29.516;11:41:30
1;29.9072;11:41:31
3;29.516;11:41:31
17;29.8877;11:41:31
19;29.5355;11:41:31
33;29.9072;11:41:31
35;29.516;11:41:31
49;29.9072;11:41:31
51;29.5355;11:41:31
1;29.9268;11:41:32
3;29.5355;11:41:32
17;29.9268;11:41:32
19;29.5355;11:41:32
33;29.9268;11:41:32
35;29.5355;11:41:32
49;29.9268;11:41:32
51;29.5355;11:41:32
1;29.9464;11:41:33
3;29.5355;11:41:33
17;29.9464;11:41:33
19;29.5551;11:41:33
33;29.9464;11:41:33
35;29.5355;11:41:33
49;29.9464;11:41:33
51;29.5551;11:41:33
1;29.9464;11:41:34
3;29.5355;11:41:34
17;29.9464;11:41:34
19;29.5551;11:41:34
33;29.9464;11:41:34
35;29.5551;11:41:34
49;29.9464;11:41:34
51;29.5551;11:41:34
1;29.9464;11:41:35
3;29.5551;11:41:35
17;29.9464;11:41:35
19;29.5551;11:41:35
33;29.9464;11:41:35
35;29.5551;11:41:35
49;29.9464;11:41:35
51;29.5747;11:41:35
65;29.9659;11:41:35
67;29.5747;11:41:35
1;29.9659;11:41:36
3;29.5551;11:41:36
17;29.9855;11:41:36
19;29.5747;11:41:36
33;29.9659;11:41:36
35;29.5747;11:41:36
49;29.9855;11:41:36
51;29.5747;11:41:36
1;30.005;11:41:37
3;29.5747;11:41:37
17;29.9855;11:41:37
19;29.5747;11:41:37
33;30.005;11:41:37
35;29.5747;11:41:37
49;30.005;11:41:37
51;29.5747;11:41:37
1;30.005;11:41:38
3;29.5942;11:41:38
17;30.005;11:41:38
19;29.5747;11:41:38
33;30.005;11:41:38
35;29.5942;11:41:38
49;30.005;11:41:38
51;29.5942;11:41:38
1;30.005;11:41:39
3;29.5942;11:41:39
17;30.005;11:41:39
19;29.5942;11:41:39
33;30.005;11:41:39
35;29.6138;11:41:39
49;30.0246;11:41:39
51;29.5942;11:41:39
1;30.0246;11:41:40
3;29.6138;11:41:40
17;30.0246;11:41:40
19;29.6138;11:41:40
33;30.0246;11:41:40
35;29.6138;11:41:40
49;30.0246;11:41:40
51;29.6138;11:41:40
1;30.0246;11:41:41
3;29.6138;11:41:41
17;30.0246;11:41:41
19;29.6138;11:41:41
33;30.0246;11:41:41
35;29.6334;11:41:41
49;30.0246;11:41:41
51;29.6138;11:41:41
1;30.0442;11:41:42
3;29.6334;11:41:42
17;30.0442;11:41:42
19;29.6334;11:41:42
33;30.0442;11:41:42
35;29.6334;11:41:42
49;30.0442;11:41:42
51;29.6334;11:41:42
1;30.0442;11:41:43
3;29.6529;11:41:43
17;30.0442;11:41:43
19;29.6334;11:41:43
33;30.0442;11:41:43
35;29.6529;11:41:43
49;30.0442;11:41:43
51;29.6529;11:41:43
1;30.0442;11:41:44
3;29.6529;11:41:44
17;30.0637;11:41:44
19;29.6529;11:41:44
33;30.0637;11:41:44
35;29.6529;11:41:44
49;30.0833;11:41:44
51;29.6529;11:41:44
1;30.0637;11:41:45
3;29.6529;11:41:45
17;30.0637;11:41:45
19;29.6725;11:41:45
33;30.0833;11:41:45
35;29.6725;11:41:45
49;30.0833;11:41:45
51;29.6725;11:41:45
1;30.0833;11:41:46
3;29.6725;11:41:46
17;30.1029;11:41:46
19;29.692;11:41:46
33;30.0833;11:41:46
35;29.6725;11:41:46
49;30.1029;11:41:46
51;29.692;11:41:46
1;30.1029;11:41:47
3;29.692;11:41:47
17;30.1029;11:41:47
19;29.692;11:41:47
33;30.1029;11:41:47
35;29.692;11:41:47
49;30.1029;11:41:47
51;29.692;11:41:47
1;30.1029;11:41:48
3;29.692;11:41:48
17;30.1224;11:41:48
19;29.692;11:41:48
33;30.1224;11:41:48
35;29.692;11:41:48
49;30.1224;11:41:48
51;29.7116;11:41:48
1;30.1224;11:41:49
3;29.7116;11:41:49
17;30.142;11:41:49
19;29.692;11:41:49
33;30.1224;11:41:49
35;29.7116;11:41:49
49;30.142;11:41:49
51;29.7116;11:41:49
1;30.1224;11:41:50
3;29.7116;11:41:50
17;30.142;11:41:50
19;29.7116;11:41:50
33;30.142;11:41:50
35;29.7312;11:41:50
49;30.142;11:41:50
51;29.7116;11:41:50
1;30.1224;11:41:51
3;29.7312;11:41:51
17;30.142;11:41:51
19;29.7312;11:41:51
33;30.142;11:41:51
35;29.7312;11:41:51
49;30.142;11:41:51
51;29.7312;11:41:51
65;30.142;11:41:51
67;29.7312;11:41:51
1;30.1615;11:41:52
3;29.7312;11:41:52
17;30.142;11:41:52
19;29.7312;11:41:52
33;30.1615;11:41:52
35;29.7312;11:41:52
49;30.1615;11:41:52
51;29.7312;11:41:52
1;30.1615;11:41:53
3;29.7507;11:41:53
17;30.1615;11:41:53
19;29.7507;11:41:53
33;30.1615;11:41:53
35;29.7507;11:41:53
49;30.1615;11:41:53
51;29.7507;11:41:53
1;30.1615;11:41:54
3;29.7507;11:41:54
17;30.1615;11:41:54
19;29.7703;11:41:54
33;30.1811;11:41:54
35;29.7703;11:41:54
49;30.1615;11:41:54
51;29.7703;11:41:54
1;30.1811;11:41:55
3;29.7703;11:41:55
17;30.1615;11:41:55
19;29.7507;11:41:55
33;30.1811;11:41:55
35;29.7703;11:41:55
49;30.1811;11:41:55
51;29.7703;11:41:55
1;30.1615;11:41:56
3;29.7703;11:41:56
17;30.1811;11:41:56
19;29.7703;11:41:56
33;30.1615;11:41:56
35;29.7703;11:41:56
49;30.1615;11:41:56
51;29.7899;11:41:56
1;30.2007;11:41:57
3;29.7899;11:41:57
17;30.1811;11:41:57
19;29.7703;11:41:57
33;30.2007;11:41:57
35;29.7899;11:41:57
49;30.2202;11:41:57
51;29.7899;11:41:57
1;30.2007;11:41:58
3;29.7899;11:41:58
17;30.2007;11:41:58
19;29.7899;11:41:58
33;30.2202;11:41:58
35;29.7899;11:41:58
49;30.2007;11:41:58
51;29.8094;11:41:58
1;30.2202;11:41:59
3;29.7899;11:41:59
17;30.2202;11:41:59
19;29.8094;11:41:59
33;30.2202;11:41:59
35;29.8094;11:41:59
49;30.2202;11:41:59
51;29.8094;11:41:59
1;30.2202;11:42:00
3;29.8094;11:42:00
17;30.2202;11:42:00
19;29.829;11:42:00
33;30.2202;11:42:00
35;29.8094;11:42:00
49;30.2202;11:42:00
51;29.8094;11:42:00
1;30.2202;11:42:01
3;29.8094;11:42:01
17;30.2202;11:42:01
19;29.829;11:42:01
33;30.2202;11:42:01
35;29.829;11:42:01
49;30.2202;11:42:01
51;29.829;11:42:01
1;30.2202;11:42:02
3;29.829;11:42:02
17;30.2398;11:42:02
19;29.829;11:42:02
33;30.2202;11:42:02
35;29.8485;11:42:02
49;30.2398;11:42:02
51;29.8485;11:42:02
1;30.2594;11:42:03
3;29.8485;11:42:03
17;30.2594;11:42:03
19;29.8485;11:42:03
33;30.2594;11:42:03
35;29.8485;11:42:03
49;30.2594;11:42:03
51;29.8485;11:42:03
1;30.2594;11:42:04
3;29.8681;11:42:04
17;30.2594;11:42:04
19;29.8681;11:42:04
33;30.2594;11:42:04
35;29.8681;11:42:04
49;30.2594;11:42:04
51;29.8681;11:42:04
1;30.2594;11:42:05
3;29.8485;11:42:05
17;30.2594;11:42:05
19;29.8681;11:42:05
33;30.2594;11:42:05
35;29.8681;11:42:05
49;30.2789;11:42:05
51;29.8877;11:42:05
1;30.2594;11:42:06
3;29.8681;11:42:06
17;30.2789;11:42:06
19;29.8681;11:42:06
33;30.2594;11:42:06
35;29.8877;11:42:06
49;30.2789;11:42:06
51;29.8681;11:42:06
1;30.2985;11:42:07
3;29.8877;11:42:07
17;30.2985;11:42:07
19;29.8877;11:42:07
33;30.2985;11:42:07
35;29.8877;11:42:07
49;30.2985;11:42:07
51;29.8877;11:42:07
65;30.318;11:42:07
67;29.8877;11:42:07
1;30.318;11:42:08
3;29.8877;11:42:08
17;30.318;11:42:08
19;29.8877;11:42:08
33;30.318;11:42:08
35;29.8877;11:42:08
49;30.318;11:42:08
51;29.9072;11:42:08
1;30.318;11:42:09
3;29.9072;11:42:09
17;30.318;11:42:09
19;29.9072;11:42:09
33;30.318;11:42:09
35;29.9268;11:42:09
49;30.318;11:42:09
51;29.9072;11:42:09
1;30.318;11:42:10
3;29.9268;11:42:10
17;30.318;11:42:10
19;29.9072;11:42:10
33;30.318;11:42:10
35;29.9268;11:42:10
49;30.318;11:42:10
51;29.9268;11:42:10
1;30.3376;11:42:12
3;29.9072;11:42:12
17;30.318;11:42:12
19;29.9268;11:42:12
33;30.318;11:42:12
35;29.9072;11:42:12
49;30.3376;11:42:12
51;29.9268;11:42:12
1;30.318;11:42:13
3;29.9268;11:42:13
17;30.3376;11:42:13
19;29.9268;11:42:13
33;30.3376;11:42:13
35;29.9268;11:42:13
49;30.3572;11:42:13
51;29.9464;11:42:13
1;30.3376;11:42:14
3;29.9464;11:42:14
17;30.3572;11:42:14
19;29.9464;11:42:14
33;30.3572;11:42:14
35;29.9464;11:42:14
49;30.3767;11:42:14
51;29.9464;11:42:14
1;30.3572;11:42:15
3;29.9464;11:42:15
17;30.3767;11:42:15
19;29.9464;11:42:15
33;30.3767;11:42:15
35;29.9464;11:42:15
49;30.3767;11:42:15
51;29.9659;11:42:15
1;30.3767;11:42:16
3;29.9464;11:42:16
17;30.3767;11:42:16
19;29.9659;11:42:16
33;30.3767;11:42:16
35;29.9659;11:42:16
49;30.3767;11:42:16
51;29.9659;11:42:16
1;30.3572;11:42:17
3;29.9659;11:42:17
17;30.3767;11:42:17
19;29.9659;11:42:17
33;30.3767;11:42:17
35;29.9855;11:42:17
49;30.3767;11:42:17
51;29.9659;11:42:17
1;30.3767;11:42:18
3;29.9659;11:42:18
17;30.3767;11:42:18
19;29.9855;11:42:18
33;30.3767;11:42:18
35;29.9855;11:42:18
49;30.3767;11:42:18
51;29.9855;11:42:18
1;30.3767;11:42:19
3;30.005;11:42:19
17;30.3963;11:42:19
19;30.005;11:42:19
33;30.3767;11:42:19
35;30.005;11:42:19
49;30.3963;11:42:19
51;30.005;11:42:19
1;30.3767;11:42:20
3;30.0246;11:42:20
17;30.3963;11:42:20
19;30.005;11:42:20
33;30.3963;11:42:20
35;30.0246;11:42:20
49;30.3963;11:42:20
51;30.005;11:42:20
1;30.4159;11:42:21
3;30.0246;11:42:21
17;30.4159;11:42:21
19;30.005;11:42:21
33;30.4159;11:42:21
35;30.0246;11:42:21
49;30.4159;11:42:21
51;30.0246;11:42:21
65;30.4159;11:42:21
67;30.0246;11:42:21
1;30.4159;11:42:22
3;30.0442;11:42:22
17;30.4159;11:42:22
19;30.0246;11:42:22
33;30.4159;11:42:22
35;30.0246;11:42:22
49;30.4159;11:42:22
51;30.0637;11:42:22
1;30.4159;11:42:23
3;30.0246;11:42:23
17;30.4159;11:42:23
19;30.0637;11:42:23
33;30.4159;11:42:23
35;30.0442;11:42:23
49;30.4159;11:42:23
51;30.0637;11:42:23
1;30.4159;11:42:24
3;30.0637;11:42:24
17;30.4354;11:42:24
19;30.0637;11:42:24
33;30.4354;11:42:24
35;30.0637;11:42:24
49;30.4354;11:42:24
51;30.0637;11:42:24
1;30.4354;11:42:25
3;30.0637;11:42:25
17;30.4354;11:42:25
19;30.0833;11:42:25
33;30.455;11:42:25
35;30.0637;11:42:25
49;30.4354;11:42:25
51;30.0637;11:42:25
1;30.4745;11:42:26
3;30.0833;11:42:26
17;30.455;11:42:26
19;30.0637;11:42:26
33;30.455;11:42:26
35;30.0833;11:42:26
49;30.4745;11:42:26
51;30.0833;11:42:26
1;30.455;11:42:27
3;30.0833;11:42:27
17;30.455;11:42:27
19;30.0833;11:42:27
33;30.455;11:42:27
35;30.0833;11:42:27
49;30.455;11:42:27
51;30.1029;11:42:27
1;30.455;11:42:28
3;30.1029;11:42:28
17;30.4745;11:42:28
19;30.1029;11:42:28
33;30.4745;11:42:28
35;30.1029;11:42:28
49;30.4745;11:42:28
51;30.1029;11:42:28
1;30.4745;11:42:29
3;30.1029;11:42:29
17;30.4745;11:42:29
19;30.1029;11:42:29
33;30.4745;11:42:29
35;30.1029;11:42:29
49;30.4745;11:42:29
51;30.1029;11:42:29
1;30.4745;11:42:30
3;30.1029;11:42:30
17;30.4941;11:42:30
19;30.1029;11:42:30
33;30.4941;11:42:30
35;30.1029;11:42:30
49;30.4941;11:42:30
51;30.1029;11:42:30
1;30.4941;11:42:31
3;30.1224;11:42:31
17;30.5137;11:42:31
19;30.1029;11:42:31
33;30.5137;11:42:31
35;30.1029;11:42:31
49;30.5137;11:42:31
51;30.1029;11:42:31
1;30.5137;11:42:32
3;30.1224;11:42:32
17;30.5137;11:42:32
19;30.1029;11:42:32
33;30.5137;11:42:32
35;30.1224;11:42:32
49;30.5137;11:42:32
51;30.1029;11:42:32
1;30.5137;11:42:33
3;30.1224;11:42:33
17;30.5137;11:42:33
19;30.1029;11:42:33
33;30.5332;11:42:33
35;30.1224;11:42:33
49;30.5332;11:42:33
51;30.1224;11:42:33
1;30.5332;11:42:34
3;30.1224;11:42:34
17;30.5332;11:42:34
19;30.142;11:42:34
33;30.5332;11:42:34
35;30.142;11:42:34
49;30.5332;11:42:34
51;30.142;11:42:34
65;30.5332;11:42:34
67;30.142;11:42:34
1;30.5528;11:42:35
3;30.1615;11:42:35
17;30.5724;11:42:35
19;30.1615;11:42:35
33;30.5528;11:42:35
35;30.142;11:42:35
49;30.5724;11:42:35
51;30.1615;11:42:35
1;30.5919;11:42:36
3;30.1615;11:42:36
17;30.5724;11:42:36
19;30.1615;11:42:36
33;30.5919;11:42:36
35;30.1615;11:42:36
49;30.5724;11:42:36
51;30.1615;11:42:36
1;30.5919;11:42:37
3;30.1811;11:42:37
17;30.5724;11:42:37
19;30.1615;11:42:37
33;30.5724;11:42:37
35;30.1811;11:42:37
49;30.5919;11:42:37
51;30.1615;11:42:37
1;30.5724;11:42:38
3;30.1615;11:42:38
17;30.5919;11:42:38
19;30.1811;11:42:38
33;30.5724;11:42:38
35;30.1811;11:42:38
49;30.5919;11:42:38
51;30.2007;11:42:38
1;30.5919;11:42:39
3;30.2007;11:42:39
17;30.5919;11:42:39
19;30.2007;11:42:39
33;30.5919;11:42:39
35;30.2007;11:42:39
49;30.5919;11:42:39
51;30.2007;11:42:39
1;30.5919;11:42:40
3;30.2202;11:42:40
17;30.6115;11:42:40
19;30.2202;11:42:40
33;30.6115;11:42:40
35;30.2202;11:42:40
49;30.6115;11:42:40
51;30.2202;11:42:40
1;30.6115;11:42:41
3;30.2202;11:42:41
17;30.6115;11:42:41
19;30.2202;11:42:41
33;30.6115;11:42:41
35;30.2202;11:42:41
49;30.631;11:42:41
51;30.2202;11:42:41
1;30.631;11:42:42
3;30.2202;11:42:42
17;30.6115;11:42:42
19;30.2202;11:42:42
33;30.631;11:42:42
35;30.2202;11:42:42
49;30.6115;11:42:42
51;30.2202;11:42:42
1;30.631;11:42:43
3;30.2202;11:42:43
17;30.6115;11:42:43
19;30.2202;11:42:43
33;30.631;11:42:43
35;30.2398;11:42:43
49;30.631;11:42:43
51;30.2202;11:42:43
1;30.631;11:42:44
3;30.2398;11:42:44
17;30.631;11:42:44
19;30.2398;11:42:44
33;30.6506;11:42:44
35;30.2398;11:42:44
49;30.631;11:42:44
51;30.2594;11:42:44
1;30.631;11:42:45
3;30.2594;11:42:45
17;30.6506;11:42:45
19;30.2594;11:42:45
33;30.6506;11:42:45
35;30.2594;11:42:45
49;30.631;11:42:45
51;30.2594;11:42:45
1;30.6506;11:42:46
3;30.2594;11:42:46
17;30.6506;11:42:46
19;30.2594;11:42:46
33;30.6506;11:42:46
35;30.2594;11:42:46
49;30.6702;11:42:46
51;30.2594;11:42:46
1;30.6506;11:42:47
3;30.2789;11:42:47
17;30.6506;11:42:47
19;30.2594;11:42:47
33;30.6702;11:42:47
35;30.2594;11:42:47
49;30.6506;11:42:47
51;30.2789;11:42:47
1;30.6702;11:42:48
3;30.2985;11:42:48
17;30.6506;11:42:48
19;30.2789;11:42:48
33;30.6702;11:42:48
35;30.2789;11:42:48
49;30.6702;11:42:48
51;30.2789;11:42:48
65;30.6702;11:42:48
67;30.2985;11:42:48
1;30.6897;11:42:49
3;30.2789;11:42:49
17;30.6897;11:42:49
19;30.2985;11:42:49
33;30.6897;11:42:49
35;30.2985;11:42:49
49;30.6897;11:42:49
51;30.318;11:42:49
1;30.6897;11:42:50
3;30.2985;11:42:50
17;30.6897;11:42:50
19;30.318;11:42:50
33;30.6897;11:42:50
35;30.2985;11:42:50
49;30.6897;11:42:50
51;30.318;11:42:50
1;30.7093;11:42:51
3;30.318;11:42:51
17;30.6897;11:42:51
19;30.318;11:42:51
33;30.7093;11:42:51
35;30.318;11:42:51
49;30.6897;11:42:51
51;30.318;11:42:51
1;30.7093;11:42:52
3;30.318;11:42:52
17;30.7093;11:42:52
19;30.318;11:42:52
33;30.6897;11:42:52
35;30.318;11:42:52
49;30.7093;11:42:52
51;30.318;11:42:52
1;30.7093;11:42:53
3;30.318;11:42:53
17;30.7093;11:42:53
19;30.318;11:42:53
33;30.7093;11:42:53
35;30.3376;11:42:53
49;30.7093;11:42:53
51;30.318;11:42:53
1;30.7289;11:42:54
3;30.3376;11:42:54
17;30.7289;11:42:54
19;30.3376;11:42:54
33;30.7484;11:42:54
35;30.3572;11:42:54
49;30.7484;11:42:54
51;30.3376;11:42:54
1;30.7484;11:42:55
3;30.3572;11:42:55
17;30.7484;11:42:55
19;30.3767;11:42:55
33;30.7484;11:42:55
35;30.3572;11:42:55
49;30.7484;11:42:55
51;30.3767;11:42:55
1;30.7484;11:42:56
3;30.3572;11:42:56
17;30.7484;11:42:56
19;30.3767;11:42:56
33;30.7484;11:42:56
35;30.3767;11:42:56
49;30.7484;11:42:56
51;30.3767;11:42:56
1;30.7484;11:42:57
3;30.3767;11:42:57
17;30.768;11:42:57
19;30.3767;11:42:57
33;30.768;11:42:57
35;30.3767;11:42:57
49;30.7484;11:42:57
51;30.3767;11:42:57
1;30.768;11:42:58
3;30.3767;11:42:58
17;30.768;11:42:58
19;30.3767;11:42:58
33;30.7484;11:42:58
35;30.3767;11:42:58
49;30.768;11:42:58
51;30.3767;11:42:58
1;30.7875;11:42:59
3;30.3767;11:42:59
17;30.768;11:42:59
19;30.3767;11:42:59
33;30.7875;11:42:59
35;30.3963;11:42:59
49;30.768;11:42:59
51;30.3963;11:42:59
1;30.7875;11:43:00
3;30.3963;11:43:00
17;30.7875;11:43:00
19;30.3963;11:43:00
33;30.7875;11:43:00
35;30.3963;11:43:00
49;30.7875;11:43:00
51;30.3963;11:43:00
1;30.8071;11:43:01
3;30.4159;11:43:01
17;30.7875;11:43:01
19;30.4159;11:43:01
33;30.7875;11:43:01
35;30.4159;11:43:01
49;30.7875;11:43:01
51;30.4159;11:43:01
65;30.8071;11:43:01
67;30.4159;11:43:01
1;30.8071;11:43:02
3;30.4159;11:43:02
17;30.7875;11:43:02
19;30.4159;11:43:02
33;30.8071;11:43:02
35;30.4159;11:43:02
49;30.7875;11:43:02
51;30.4159;11:43:02
1;30.8071;11:43:03
3;30.4159;11:43:03
17;30.8071;11:43:03
19;30.4159;11:43:03
33;30.8071;11:43:03
35;30.4159;11:43:03
49;30.8267;11:43:03
51;30.4159;11:43:03
1;30.8267;11:43:05
3;30.4354;11:43:05
17;30.8071;11:43:05
19;30.4159;11:43:05
33;30.8267;11:43:05
35;30.4354;11:43:05
49;30.8267;11:43:05
51;30.4159;11:43:05
1;30.8462;11:43:06
3;30.4354;11:43:06
17;30.8462;11:43:06
19;30.455;11:43:06
33;30.8462;11:43:06
35;30.4354;11:43:06
49;30.8462;11:43:06
51;30.455;11:43:06
1;30.8462;11:43:07
3;30.4354;11:43:07
17;30.8462;11:43:07
19;30.4745;11:43:07
33;30.8462;11:43:07
35;30.455;11:43:07
49;30.8462;11:43:07
51;30.455;11:43:07
1;30.8462;11:43:08
3;30.455;11:43:08
17;30.8462;11:43:08
19;30.4745;11:43:08
33;30.8462;11:43:08
35;30.4745;11:43:08
49;30.8462;11:43:08
51;30.455;11:43:08
1;30.8462;11:43:09
3;30.4745;11:43:09
17;30.8462;11:43:09
19;30.4745;11:43:09
33;30.8462;11:43:09
35;30.4745;11:43:09
49;30.8462;11:43:09
51;30.4745;11:43:09
1;30.8462;11:43:10
3;30.4745;11:43:10
17;30.8462;11:43:10
19;30.4745;11:43:10
33;30.8658;11:43:10
35;30.4745;11:43:10
49;30.8658;11:43:10
51;30.4745;11:43:10
1;30.8854;11:43:11
3;30.4941;11:43:11
17;30.8854;11:43:11
19;30.4941;11:43:11
33;30.8854;11:43:11
35;30.4941;11:43:11
49;30.8854;11:43:11
51;30.4941;11:43:11
1;30.9049;11:43:12
3;30.5137;11:43:12
17;30.8854;11:43:12
19;30.4941;11:43:12
33;30.9049;11:43:12
35;30.5137;11:43:12
49;30.9049;11:43:12
51;30.5332;11:43:12
1;30.9049;11:43:13
3;30.5137;11:43:13
17;30.9049;11:43:13
19;30.5137;11:43:13
33;30.9049;11:43:13
35;30.5332;11:43:13
49;30.9049;11:43:13
51;30.5137;11:43:13
65;30.9049;11:43:13
67;30.5332;11:43:13
1;30.9049;11:43:14
3;30.5332;11:43:14
17;30.9049;11:43:14
19;30.5332;11:43:14
33;30.9049;11:43:14
35;30.5332;11:43:14
49;30.9049;11:43:14
51;30.5332;11:43:14
1;30.9049;11:43:15
3;30.5332;11:43:15
17;30.9049;11:43:15
19;30.5332;11:43:15
33;30.9049;11:43:15
35;30.5332;11:43:15
49;30.9245;11:43:15
51;30.5528;11:43:15
1;30.9245;11:43:16
3;30.5332;11:43:16
17;30.9245;11:43:16
19;30.5528;11:43:16
33;30.9049;11:43:16
35;30.5528;11:43:16
49;30.944;11:43:16
51;30.5724;11:43:16
1;30.944;11:43:17
3;30.5528;11:43:17
17;30.944;11:43:17
19;30.5724;11:43:17
33;30.944;11:43:17
35;30.5724;11:43:17
49;30.9636;11:43:17
51;30.5724;11:43:17
1;30.944;11:43:18
3;30.5724;11:43:18
17;30.944;11:43:18
19;30.5724;11:43:18
33;30.9636;11:43:18
35;30.5724;11:43:18
49;30.944;11:43:18
51;30.5724;11:43:18
1;30.9636;11:43:19
3;30.5724;11:43:19
17;30.9636;11:43:19
19;30.5724;11:43:19
33;30.9636;11:43:19
35;30.5724;11:43:19
49;30.9636;11:43:19
51;30.5724;11:43:19
1;30.9636;11:43:20
3;30.5724;11:43:20
17;30.9636;11:43:20
19;30.5724;11:43:20
33;30.9636;11:43:20
35;30.5724;11:43:20
49;30.9636;11:43:20
51;30.5724;11:43:20
1;30.9636;11:43:21
3;30.5724;11:43:21
17;30.9832;11:43:21
19;30.5919;11:43:21
33;30.9832;11:43:21
35;30.5919;11:43:21
49;30.9832;11:43:21
51;30.5919;11:43:21
1;31.0027;11:43:22
3;30.6115;11:43:22
17;31.0027;11:43:22
19;30.5919;11:43:22
33;31.0027;11:43:22
35;30.6115;11:43:22
49;31.0027;11:43:22
51;30.6115;11:43:22
1;31.0027;11:43:23
3;30.6115;11:43:23
17;31.0027;11:43:23
19;30.6115;11:43:23
33;31.0027;11:43:23
35;30.631;11:43:23
49;31.0027;11:43:23
51;30.6115;11:43:23
1;31.0027;11:43:24
3;30.6115;11:43:24
17;31.0027;11:43:24
19;30.631;11:43:24
33;31.0027;11:43:24
35;30.631;11:43:24
49;31.0223;11:43:24
51;30.6115;11:43:24
1;31.0027;11:43:25
3;30.631;11:43:25
17;31.0027;11:43:25
19;30.631;11:43:25
33;31.0027;11:43:25
35;30.631;11:43:25
49;31.0223;11:43:25
51;30.631;11:43:25
1;31.0027;11:43:26
3;30.631;11:43:26
17;31.0223;11:43:26
19;30.631;11:43:26
33;31.0223;11:43:26
35;30.6506;11:43:26
49;31.0223;11:43:26
51;30.631;11:43:26
65;31.0419;11:43:26
67;30.6506;11:43:26
1;31.0223;11:43:27
3;30.631;11:43:27
17;31.0419;11:43:27
19;30.6506;11:43:27
33;31.0419;11:43:27
35;30.6506;11:43:27
49;31.0614;11:43:27
51;30.6702;11:43:27
1;31.0419;11:43:28
3;30.6506;11:43:28
17;31.0614;11:43:28
19;30.6702;11:43:28
33;31.0614;11:43:28
35;30.6702;11:43:28
49;31.0614;11:43:28
51;30.6506;11:43:28
1;31.0614;11:43:29
3;30.6702;11:43:29
17;31.0614;11:43:29
19;30.6702;11:43:29
33;31.0614;11:43:29
35;30.6702;11:43:29
49;31.0614;11:43:29
51;30.6897;11:43:29
1;31.0614;11:43:30
3;30.6702;11:43:30
17;31.0614;11:43:30
19;30.6702;11:43:30
33;31.0614;11:43:30
35;30.6897;11:43:30
49;31.0614;11:43:30
51;30.6702;11:43:30
1;31.0614;11:43:31
3;30.6897;11:43:31
17;31.0614;11:43:31
19;30.6897;11:43:31
33;31.0614;11:43:31
35;30.6897;11:43:31
49;31.081;11:43:31
51;30.6897;11:43:31
1;31.081;11:43:32
3;30.6897;11:43:32
17;31.1005;11:43:32
19;30.6897;11:43:32
33;31.081;11:43:32
35;30.7093;11:43:32
49;31.1005;11:43:32
51;30.6897;11:43:32
1;31.081;11:43:33
3;30.7093;11:43:33
17;31.1201;11:43:33
19;30.6897;11:43:33
33;31.1005;11:43:33
35;30.7289;11:43:33
49;31.1005;11:43:33
51;30.7093;11:43:33
1;31.1201;11:43:34
3;30.6897;11:43:34
17;31.1005;11:43:34
19;30.7289;11:43:34
33;31.1201;11:43:34
35;30.7093;11:43:34
49;31.1201;11:43:34
51;30.7093;11:43:34
1;31.1201;11:43:35
3;30.7093;11:43:35
17;31.1201;11:43:35
19;30.7093;11:43:35
33;31.1201;11:43:35
35;30.7093;11:43:35
49;31.1201;11:43:35
51;30.7289;11:43:35
1;31.1201;11:43:36
3;30.7093;11:43:36
17;31.1201;11:43:36
19;30.7289;11:43:36
33;31.1201;11:43:36
35;30.7289;11:43:36
49;31.1201;11:43:36
51;30.7484;11:43:36
1;31.1397;11:43:37
3;30.7484;11:43:37
17;31.1397;11:43:37
19;30.7484;11:43:37
33;31.1397;11:43:37
35;30.7484;11:43:37
49;31.1397;11:43:37
51;30.7484;11:43:37
65;31.1397;11:43:37
67;30.7484;11:43:37
1;31.1397;11:43:38
3;30.7484;11:43:38
17;31.1592;11:43:38
19;30.7484;11:43:38
33;31.1397;11:43:38
35;30.768;11:43:38
49;31.1592;11:43:38
51;30.7484;11:43:38
1;31.1592;11:43:39
3;30.7484;11:43:39
17;31.1592;11:43:39
19;30.768;11:43:39
33;31.1592;11:43:39
35;30.7484;11:43:39
49;31.1592;11:43:39
51;30.768;11:43:39
1;31.1592;11:43:40
3;30.7484;11:43:40
17;31.1592;11:43:40
19;30.7484;11:43:40
33;31.1592;11:43:40
35;30.768;11:43:40
49;31.1592;11:43:40
51;30.768;11:43:40
1;31.1592;11:43:41
3;30.768;11:43:41
17;31.1592;11:43:41
19;30.7875;11:43:41
33;31.1788;11:43:41
35;30.768;11:43:41
49;31.1788;11:43:41
51;30.7875;11:43:41
1;31.1984;11:43:42
3;30.7875;11:43:42
17;31.1788;11:43:42
19;30.7875;11:43:42
33;31.1984;11:43:42
35;30.7875;11:43:42
49;31.1984;11:43:42
51;30.7875;11:43:42
1;31.1984;11:43:43
3;30.7875;11:43:43
17;31.2179;11:43:43
19;30.7875;11:43:43
33;31.1984;11:43:43
35;30.7875;11:43:43
49;31.2179;11:43:43
51;30.7875;11:43:43
1;31.2179;11:43:44
3;30.8071;11:43:44
17;31.2179;11:43:44
19;30.7875;11:43:44
33;31.2179;11:43:44
35;30.8071;11:43:44
49;31.2179;11:43:44
51;30.7875;11:43:44
1;31.2179;11:43:45
3;30.8071;11:43:45
17;31.2179;11:43:45
19;30.7875;11:43:45
33;31.2179;11:43:45
35;30.8071;11:43:45
49;31.2179;11:43:45
51;30.7875;11:43:45
1;31.2179;11:43:46
3;30.8071;11:43:46
17;31.2179;11:43:46
19;30.8071;11:43:46
33;31.2179;11:43:46
35;30.8071;11:43:46
49;31.2179;11:43:46
51;30.8267;11:43:46
1;31.2179;11:43:47
3;30.8071;11:43:47
17;31.2375;11:43:47
19;30.8267;11:43:47
33;31.2179;11:43:47
35;30.8267;11:43:47
49;31.2375;11:43:47
51;30.8462;11:43:47
65;31.2375;11:43:47
67;30.8462;11:43:47
1;31.2375;11:43:48
3;30.8462;11:43:48
17;31.2375;11:43:48
19;30.8462;11:43:48
33;31.2375;11:43:48
35;30.8462;11:43:48
49;31.2375;11:43:48
51;30.8462;11:43:48
1;31.2375;11:43:50
3;30.8462;11:43:50
17;31.2375;11:43:50
19;30.8462;11:43:50
33;31.2375;11:43:50
35;30.8462;11:43:50
49;31.2375;11:43:50
51;30.8462;11:43:50
1;31.257;11:43:51
3;30.8658;11:43:51
17;31.2375;11:43:51
19;30.8462;11:43:51
33;31.2375;11:43:51
35;30.8462;11:43:51
49;31.2375;11:43:51
51;30.8658;11:43:51
1;31.2375;11:43:52
3;30.8462;11:43:52
17;31.257;11:43:52
19;30.8658;11:43:52
33;31.257;11:43:52
35;30.8658;11:43:52
49;31.2766;11:43:52
51;30.8854;11:43:52
1;31.257;11:43:53
3;30.8854;11:43:53
17;31.2766;11:43:53
19;30.8854;11:43:53
33;31.2766;11:43:53
35;30.8854;11:43:53
49;31.2766;11:43:53
51;30.9049;11:43:53
1;31.2766;11:43:54
3;30.8854;11:43:54
17;31.2766;11:43:54
19;30.9049;11:43:54
33;31.2766;11:43:54
35;30.8854;11:43:54
49;31.2766;11:43:54
51;30.9049;11:43:54
1;31.2766;11:43:55
3;30.8854;11:43:55
17;31.2962;11:43:55
19;30.9049;11:43:55
33;31.2766;11:43:55
35;30.9049;11:43:55
49;31.2766;11:43:55
51;30.9049;11:43:55
1;31.2962;11:43:56
3;30.9049;11:43:56
17;31.2766;11:43:56
19;30.9049;11:43:56
33;31.2962;11:43:56
35;30.9049;11:43:56
49;31.2766;11:43:56
51;30.9049;11:43:56
1;31.2962;11:43:57
3;30.9049;11:43:57
17;31.2962;11:43:57
19;30.9049;11:43:57
33;31.3157;11:43:57
35;30.9049;11:43:57
49;31.2962;11:43:57
51;30.9049;11:43:57
1;31.3157;11:43:58
3;30.9049;11:43:58
17;31.3157;11:43:58
19;30.9049;11:43:58
33;31.3157;11:43:58
35;30.9245;11:43:58
49;31.3353;11:43:58
51;30.9245;11:43:58
1;31.3353;11:43:59
3;30.9049;11:43:59
17;31.3353;11:43:59
19;30.9245;11:43:59
33;31.3353;11:43:59
35;30.9245;11:43:59
49;31.3353;11:43:59
51;30.9245;11:43:59
65;31.3353;11:43:59
67;30.9245;11:43:59
1;31.3353;11:44:00
3;30.944;11:44:00
17;31.3353;11:44:00
19;30.9245;11:44:00
33;31.3353;11:44:00
35;30.944;11:44:00
49;31.3353;11:44:00
51;30.944;11:44:00
1;31.3549;11:44:01
3;30.944;11:44:01
17;31.3353;11:44:01
19;30.944;11:44:01
33;31.3353;11:44:01
35;30.9245;11:44:01
49;31.3353;11:44:01
51;30.944;11:44:01
1;31.3353;11:44:02
3;30.944;11:44:02
17;31.3353;11:44:02
19;30.944;11:44:02
33;31.3353;11:44:02
35;30.944;11:44:02
49;31.3353;11:44:02
51;30.944;11:44:02
1;31.3353;11:44:03
3;30.944;11:44:03
17;31.3353;11:44:03
19;30.944;11:44:03
33;31.3353;11:44:03
35;30.944;11:44:03
49;31.3353;11:44:03
51;30.944;11:44:03
1;31.3353;11:44:04
3;30.944;11:44:04
17;31.3353;11:44:04
19;30.944;11:44:04
33;31.3353;11:44:04
35;30.944;11:44:04
49;31.3353;11:44:04
51;30.944;11:44:04
1;31.3353;11:44:05
3;30.944;11:44:05
17;31.3353;11:44:05
19;30.944;11:44:05
33;31.3157;11:44:05
35;30.944;11:44:05
49;31.3157;11:44:05
51;30.944;11:44:05
1;31.3353;11:44:06
3;30.944;11:44:06
17;31.3157;11:44:06
19;30.944;11:44:06
33;31.3353;11:44:06
35;30.944;11:44:06
49;31.3157;11:44:06
51;30.944;11:44:06
1;31.3157;11:44:07
3;30.944;11:44:07
17;31.3157;11:44:07
19;30.944;11:44:07
33;31.3157;11:44:07
35;30.944;11:44:07
49;31.3157;11:44:07
51;30.944;11:44:07
1;31.2962;11:44:08
3;30.9245;11:44:08
17;31.3157;11:44:08
19;30.944;11:44:08
33;31.2962;11:44:08
35;30.944;11:44:08
49;31.2962;11:44:08
51;30.944;11:44:08
1;31.2962;11:44:09
3;30.9245;11:44:09
17;31.2962;11:44:09
19;30.944;11:44:09
33;31.2766;11:44:09
35;30.944;11:44:09
49;31.2962;11:44:09
51;30.944;11:44:09
65;31.2766;11:44:09
67;30.944;11:44:09
1;31.2766;11:44:10
3;30.944;11:44:10
17;31.2962;11:44:10
19;30.944;11:44:10
33;31.2766;11:44:10
35;30.9245;11:44:10
49;31.2766;11:44:10
51;30.944;11:44:10
1;31.2962;11:44:11
3;30.9245;11:44:11
17;31.2766;11:44:11
19;30.944;11:44:11
33;31.2766;11:44:11
35;30.9245;11:44:11
49;31.2766;11:44:11
51;30.944;11:44:11
1;31.2766;11:44:12
3;30.9245;11:44:12
17;31.2766;11:44:12
19;30.944;11:44:12
33;31.2766;11:44:12
35;30.9245;11:44:12
49;31.2766;11:44:12
51;30.944;11:44:12
1;31.2766;11:44:13
3;30.9245;11:44:13
17;31.2766;11:44:13
19;30.944;11:44:13
33;31.2766;11:44:13
35;30.9245;11:44:13
49;31.2766;11:44:13
51;30.9245;11:44:13
1;31.257;11:44:14
3;30.9245;11:44:14
17;31.2766;11:44:14
19;30.9245;11:44:14
33;31.2766;11:44:14
35;30.9245;11:44:14
49;31.257;11:44:14
51;30.9245;11:44:14
1;31.2766;11:44:15
3;30.9049;11:44:15
17;31.257;11:44:15
19;30.9245;11:44:15
33;31.257;11:44:15
35;30.9245;11:44:15
49;31.257;11:44:15
51;30.9049;11:44:15
1;31.257;11:44:16
3;30.9049;11:44:16
17;31.257;11:44:16
19;30.9245;11:44:16
33;31.2375;11:44:16
35;30.9049;11:44:16
49;31.2375;11:44:16
51;30.9049;11:44:16
1;31.2375;11:44:17
3;30.9049;11:44:17
17;31.2375;11:44:17
19;30.9049;11:44:17
33;31.2375;11:44:17
35;30.9049;11:44:17
49;31.2179;11:44:17
51;30.9049;11:44:17
1;31.2375;11:44:18
3;30.9049;11:44:18
17;31.2375;11:44:18
19;30.9049;11:44:18
33;31.2179;11:44:18
35;30.9049;11:44:18
49;31.2375;11:44:18
51;30.9049;11:44:18
1;31.2179;11:44:19
3;30.9049;11:44:19
17;31.2179;11:44:19
19;30.9049;11:44:19
33;31.2179;11:44:19
35;30.9049;11:44:19
49;31.2179;11:44:19
51;30.9049;11:44:19
1;31.2179;11:44:20
3;30.9049;11:44:20
17;31.2179;11:44:20
19;30.9049;11:44:20
33;31.2179;11:44:20
35;30.9049;11:44:20
49;31.1984;11:44:20
51;30.9049;11:44:20
1;31.2179;11:44:21
3;30.9049;11:44:21
17;31.1984;11:44:21
19;30.9049;11:44:21
33;31.1984;11:44:21
35;30.9049;11:44:21
49;31.1984;11:44:21
51;30.8854;11:44:21
65;31.1984;11:44:21
67;30.9049;11:44:21
1;31.1984;11:44:22
3;30.9049;11:44:22
17;31.1788;11:44:22
19;30.9049;11:44:22
33;31.1788;11:44:22
35;30.8854;11:44:22
49;31.1788;11:44:22
51;30.8854;11:44:22
1;31.1788;11:44:23
3;30.8854;11:44:23
17;31.1788;11:44:23
19;30.8658;11:44:23
33;31.1788;11:44:23
35;30.8854;11:44:23
49;31.1788;11:44:23
51;30.8658;11:44:23
1;31.1592;11:44:24
3;30.8658;11:44:24
17;31.1788;11:44:24
19;30.8658;11:44:24
33;31.1592;11:44:24
35;30.8854;11:44:24
49;31.1788;11:44:24
51;30.8658;11:44:24
1;31.1592;11:44:25
3;30.8658;11:44:25
17;31.1592;11:44:25
19;30.8658;11:44:25
33;31.1592;11:44:25
35;30.8462;11:44:25
49;31.1592;11:44:25
51;30.8658;11:44:25
1;31.1592;11:44:26
3;30.8658;11:44:26
17;31.1592;11:44:26
19;30.8658;11:44:26
33;31.1592;11:44:26
35;30.8462;11:44:26
49;31.1592;11:44:26
51;30.8658;11:44:26
1;31.1592;11:44:27
3;30.8462;11:44:27
17;31.1397;11:44:27
19;30.8462;11:44:27
33;31.1397;11:44:27
35;30.8462;11:44:27
49;31.1397;11:44:27
51;30.8462;11:44:27
1;31.1397;11:44:28
3;30.8462;11:44:28
17;31.1397;11:44:28
19;30.8462;11:44:28
33;31.1397;11:44:28
35;30.8462;11:44:28
49;31.1201;11:44:28
51;30.8462;11:44:28
1;31.1397;11:44:29
3;30.8462;11:44:29
17;31.1201;11:44:29
19;30.8462;11:44:29
33;31.1201;11:44:29
35;30.8462;11:44:29
49;31.1201;11:44:29
51;30.8462;11:44:29
1;31.1201;11:44:30
3;30.8462;11:44:30
17;31.1201;11:44:30
19;30.8462;11:44:30
33;31.1201;11:44:30
35;30.8462;11:44:30
49;31.1201;11:44:30
51;30.8462;11:44:30
1;31.1005;11:44:31
3;30.8462;11:44:31
17;31.1201;11:44:31
19;30.8462;11:44:31
33;31.1005;11:44:31
35;30.8462;11:44:31
49;31.1005;11:44:31
51;30.8462;11:44:31
1;31.1005;11:44:32
3;30.8267;11:44:32
17;31.1005;11:44:32
19;30.8462;11:44:32
33;31.081;11:44:32
35;30.8267;11:44:32
49;31.081;11:44:32
51;30.8267;11:44:32
65;31.081;11:44:32
67;30.8462;11:44:32
1;31.081;11:44:33
3;30.8267;11:44:33
17;31.081;11:44:33
19;30.8267;11:44:33
33;31.081;11:44:33
35;30.8267;11:44:33
49;31.081;11:44:33
51;30.8267;11:44:33
1;31.0614;11:44:34
3;30.8071;11:44:34
17;31.081;11:44:34
19;30.8267;11:44:34
33;31.0614;11:44:34
35;30.8071;11:44:34
49;31.0614;11:44:34
51;30.8071;11:44:34
1;31.081;11:44:35
3;30.8071;11:44:35
17;31.0614;11:44:35
19;30.8267;11:44:35
33;31.0614;11:44:35
35;30.7875;11:44:35
49;31.0614;11:44:35
51;30.8071;11:44:35
1;31.0614;11:44:37
3;30.8071;11:44:37
17;31.0614;11:44:37
19;30.7875;11:44:37
33;31.0614;11:44:37
35;30.8071;11:44:37
49;31.0614;11:44:37
51;30.8071;11:44:37
1;31.0614;11:44:38
3;30.7875;11:44:38
17;31.0419;11:44:38
19;30.7875;11:44:38
33;31.0614;11:44:38
35;30.7875;11:44:38
49;31.0419;11:44:38
51;30.7875;11:44:38
1;31.0419;11:44:39
3;30.7875;11:44:39
17;31.0419;11:44:39
19;30.7875;11:44:39
33;31.0419;11:44:39
35;30.7875;11:44:39
49;31.0419;11:44:39
51;30.7875;11:44:39
1;31.0223;11:44:40
3;30.7875;11:44:40
17;31.0419;11:44:40
19;30.7875;11:44:40
33;31.0419;11:44:40
35;30.7875;11:44:40
49;31.0223;11:44:40
51;30.7875;11:44:40
1;31.0419;11:44:41
3;30.768;11:44:41
17;31.0223;11:44:41
19;30.7875;11:44:41
33;31.0223;11:44:41
35;30.768;11:44:41
49;31.0027;11:44:41
51;30.768;11:44:41
1;31.0223;11:44:42
3;30.768;11:44:42
17;31.0027;11:44:42
19;30.768;11:44:42
33;31.0027;11:44:42
35;30.768;11:44:42
49;31.0223;11:44:42
51;30.768;11:44:42
1;31.0027;11:44:43
3;30.7484;11:44:43
17;31.0027;11:44:43
19;30.7484;11:44:43
33;31.0027;11:44:43
35;30.768;11:44:43
49;31.0027;11:44:43
51;30.7484;11:44:43
1;31.0027;11:44:44
3;30.7484;11:44:44
17;31.0027;11:44:44
19;30.7484;11:44:44
33;31.0027;11:44:44
35;30.7484;11:44:44
49;31.0027;11:44:44
51;30.7484;11:44:44
1;30.9832;11:44:45
3;30.7484;11:44:45
17;31.0027;11:44:45
19;30.7484;11:44:45
33;30.9832;11:44:45
35;30.7484;11:44:45
49;31.0027;11:44:45
51;30.7484;11:44:45
65;31.0027;11:44:45
67;30.7484;11:44:45
1;30.9832;11:44:46
3;30.7484;11:44:46
17;30.9832;11:44:46
19;30.7484;11:44:46
33;30.9832;11:44:46
35;30.7484;11:44:46
49;30.9636;11:44:46
51;30.7484;11:44:46
1;30.9832;11:44:47
3;30.7484;11:44:47
17;30.9636;11:44:47
19;30.7484;11:44:47
33;30.9832;11:44:47
35;30.7289;11:44:47
49;30.9636;11:44:47
51;30.7484;11:44:47
1;30.9636;11:44:48
3;30.7484;11:44:48
17;30.9636;11:44:48
19;30.7289;11:44:48
33;30.9636;11:44:48
35;30.7484;11:44:48
49;30.9636;11:44:48
51;30.7484;11:44:48
1;30.9636;11:44:49
3;30.7484;11:44:49
17;30.9636;11:44:49
19;30.7289;11:44:49
33;30.9636;11:44:49
35;30.7484;11:44:49
49;30.9636;11:44:49
51;30.7289;11:44:49
1;30.9636;11:44:50
3;30.7289;11:44:50
17;30.9636;11:44:50
19;30.7484;11:44:50
33;30.9636;11:44:50
35;30.7289;11:44:50
49;30.944;11:44:50
51;30.7093;11:44:50
1;30.944;11:44:51
3;30.7289;11:44:51
17;30.9245;11:44:51
19;30.7093;11:44:51
33;30.944;11:44:51
35;30.7289;11:44:51
49;30.944;11:44:51
51;30.7093;11:44:51
1;30.9245;11:44:52
3;30.7093;11:44:52
17;30.9245;11:44:52
19;30.7289;11:44:52
33;30.9245;11:44:52
35;30.7093;11:44:52
49;30.9049;11:44:52
51;30.7093;11:44:52
1;30.9245;11:44:53
3;30.7093;11:44:53
17;30.9049;11:44:53
19;30.7093;11:44:53
33;30.9049;11:44:53
35;30.7093;11:44:53
49;30.9049;11:44:53
51;30.6897;11:44:53
1;30.9049;11:44:54
3;30.7093;11:44:54
17;30.9049;11:44:54
19;30.6897;11:44:54
33;30.9049;11:44:54
35;30.7093;11:44:54
49;30.9049;11:44:54
51;30.6897;11:44:54
1;30.9049;11:44:55
3;30.6897;11:44:55
17;30.9049;11:44:55
19;30.6897;11:44:55
33;30.9049;11:44:55
35;30.7093;11:44:55
49;30.9049;11:44:55
51;30.6897;11:44:55
1;30.9049;11:44:56
3;30.6897;11:44:56
17;30.8854;11:44:56
19;30.6897;11:44:56
33;30.9049;11:44:56
35;30.6897;11:44:56
49;30.8854;11:44:56
51;30.6897;11:44:56
1;30.8854;11:44:57
3;30.6897;11:44:57
17;30.8854;11:44:57
19;30.6897;11:44:57
33;30.8854;11:44:57
35;30.6702;11:44:57
49;30.8854;11:44:57
51;30.6897;11:44:57
1;30.8658;11:44:58
3;30.6897;11:44:58
17;30.8658;11:44:58
19;30.6702;11:44:58
33;30.8658;11:44:58
35;30.6702;11:44:58
49;30.8658;11:44:58
51;30.6702;11:44:58
1;30.8658;11:44:59
3;30.6702;11:44:59
17;30.8658;11:44:59
19;30.6702;11:44:59
33;30.8462;11:44:59
35;30.6702;11:44:59
49;30.8658;11:44:59
51;30.6702;11:44:59
65;30.8462;11:44:59
67;30.6702;11:44:59
1;30.8462;11:45:00
3;30.6506;11:45:00
17;30.8462;11:45:00
19;30.6506;11:45:00
33;30.8462;11:45:00
35;30.6506;11:45:00
49;30.8462;11:45:00
51;30.6702;11:45:00
1;30.8462;11:45:01
3;30.6506;11:45:01
17;30.8462;11:45:01
19;30.6506;11:45:01
33;30.8462;11:45:01
35;30.6506;11:45:01
49;30.8462;11:45:01
51;30.631;11:45:01
1;30.8462;11:45:02
3;30.6506;11:45:02
17;30.8462;11:45:02
19;30.631;11:45:02
33;30.8462;11:45:02
35;30.6506;11:45:02
49;30.8462;11:45:02
51;30.631;11:45:02
1;30.8267;11:45:03
3;30.631;11:45:03
17;30.8462;11:45:03
19;30.6506;11:45:03
33;30.8267;11:45:03
35;30.631;11:45:03
49;30.8267;11:45:03
51;30.631;11:45:03
1;30.8267;11:45:04
3;30.631;11:45:04
17;30.8267;11:45:04
19;30.631;11:45:04
33;30.8267;11:45:04
35;30.631;11:45:04
49;30.8071;11:45:04
51;30.631;11:45:04
1;30.8267;11:45:05
3;30.631;11:45:05
17;30.8267;11:45:05
19;30.631;11:45:05
33;30.8071;11:45:05
35;30.631;11:45:05
49;30.8071;11:45:05
51;30.631;11:45:05
1;30.8071;11:45:06
3;30.631;11:45:06
17;30.8071;11:45:06
19;30.631;11:45:06
33;30.8071;11:45:06
35;30.631;11:45:06
49;30.7875;11:45:06
51;30.631;11:45:06
1;30.8071;11:45:07
3;30.631;11:45:07
17;30.7875;11:45:07
19;30.631;11:45:07
33;30.7875;11:45:07
35;30.6115;11:45:07
49;30.8071;11:45:07
51;30.631;11:45:07
1;30.7875;11:45:08
3;30.6115;11:45:08
17;30.7875;11:45:08
19;30.631;11:45:08
33;30.7875;11:45:08
35;30.6115;11:45:08
49;30.7875;11:45:08
51;30.6115;11:45:08
1;30.7875;11:45:09
3;30.6115;11:45:09
17;30.7875;11:45:09
19;30.6115;11:45:09
33;30.7875;11:45:09
35;30.6115;11:45:09
49;30.7875;11:45:09
51;30.6115;11:45:09
1;30.7875;11:45:10
3;30.5919;11:45:10
17;30.7875;11:45:10
19;30.6115;11:45:10
33;30.768;11:45:10
35;30.6115;11:45:10
49;30.7875;11:45:10
51;30.5919;11:45:10
65;30.768;11:45:10
67;30.6115;11:45:10
1;30.768;11:45:11
3;30.6115;11:45:11
17;30.768;11:45:11
19;30.5919;11:45:11
33;30.768;11:45:11
35;30.6115;11:45:11
49;30.768;11:45:11
51;30.6115;11:45:11
1;30.7484;11:45:12
3;30.5919;11:45:12
17;30.768;11:45:12
19;30.6115;11:45:12
33;30.768;11:45:12
35;30.5919;11:45:12
49;30.768;11:45:12
51;30.6115;11:45:12
1;30.7484;11:45:13
3;30.5919;11:45:13
17;30.7484;11:45:13
19;30.5919;11:45:13
33;30.7484;11:45:13
35;30.5919;11:45:13
49;30.768;11:45:13
51;30.5919;11:45:13
1;30.7484;11:45:14
3;30.5919;11:45:14
17;30.7484;11:45:14
19;30.5919;11:45:14
33;30.7484;11:45:14
35;30.5724;11:45:14
49;30.7484;11:45:14
51;30.5919;11:45:14
1;30.7484;11:45:15
3;30.5724;11:45:15
17;30.7484;11:45:15
19;30.5724;11:45:15
33;30.7484;11:45:15
35;30.5919;11:45:15
49;30.7484;11:45:15
51;30.5724;11:45:15
1;30.7484;11:45:16
3;30.5724;11:45:16
17;30.7484;11:45:16
19;30.5724;11:45:16
33;30.7484;11:45:16
35;30.5724;11:45:16
49;30.7484;11:45:16
51;30.5724;11:45:16
1;30.7484;11:45:17
3;30.5724;11:45:17
17;30.7484;11:45:17
19;30.5724;11:45:17
33;30.7484;11:45:17
35;30.5724;11:45:17
49;30.7289;11:45:17
51;30.5724;11:45:17
1;30.7289;11:45:18
3;30.5724;11:45:18
17;30.7484;11:45:18
19;30.5724;11:45:18
33;30.7093;11:45:18
35;30.5724;11:45:18
49;30.7289;11:45:18
51;30.5724;11:45:18
1;30.7484;11:45:19
3;30.5724;11:45:19
17;30.7289;11:45:19
19;30.5724;11:45:19
33;30.7289;11:45:19
35;30.5724;11:45:19
49;30.7093;11:45:19
51;30.5724;11:45:19
1;30.7093;11:45:20
3;30.5528;11:45:20
17;30.7289;11:45:20
19;30.5724;11:45:20
33;30.7093;11:45:20
35;30.5724;11:45:20
49;30.6897;11:45:20
51;30.5528;11:45:20
1;30.7093;11:45:21
3;30.5528;11:45:21
17;30.6897;11:45:21
19;30.5332;11:45:21
33;30.7093;11:45:21
35;30.5528;11:45:21
49;30.6897;11:45:21
51;30.5528;11:45:21
65;30.7093;11:45:21
67;30.5528;11:45:21
1;30.6897;11:45:22
3;30.5332;11:45:22
17;30.6897;11:45:22
19;30.5528;11:45:22
33;30.6897;11:45:22
35;30.5332;11:45:22
49;30.6897;11:45:22
51;30.5528;11:45:22
1;30.6897;11:45:23
3;30.5332;11:45:23
17;30.6897;11:45:23
19;30.5332;11:45:23
33;30.6897;11:45:23
35;30.5528;11:45:23
49;30.6897;11:45:23
51;30.5332;11:45:23
1;30.6702;11:45:25
3;30.5332;11:45:25
17;30.6897;11:45:25
19;30.5332;11:45:25
33;30.6702;11:45:25
35;30.5332;11:45:25
49;30.6897;11:45:25
51;30.5332;11:45:25
1;30.6702;11:45:26
3;30.5332;11:45:26
17;30.6702;11:45:26
19;30.5332;11:45:26
33;30.6702;11:45:26
35;30.5332;11:45:26
49;30.6702;11:45:26
51;30.5332;11:45:26
1;30.6702;11:45:27
3;30.5332;11:45:27
17;30.6702;11:45:27
19;30.5332;11:45:27
33;30.6702;11:45:27
35;30.5332;11:45:27
49;30.6702;11:45:27
51;30.5332;11:45:27
1;30.6506;11:45:28
3;30.5332;11:45:28
17;30.6506;11:45:28
19;30.5137;11:45:28
33;30.6702;11:45:28
35;30.5332;11:45:28
49;30.6506;11:45:28
51;30.5137;11:45:28
1;30.6506;11:45:29
3;30.5332;11:45:29
17;30.6506;11:45:29
19;30.5137;11:45:29
33;30.631;11:45:29
35;30.5137;11:45:29
49;30.6506;11:45:29
51;30.5137;11:45:29
1;30.631;11:45:30
3;30.5137;11:45:30
17;30.631;11:45:30
19;30.5137;11:45:30
33;30.631;11:45:30
35;30.4941;11:45:30
49;30.631;11:45:30
51;30.4941;11:45:30
1;30.631;11:45:31
3;30.5137;11:45:31
17;30.631;11:45:31
19;30.4941;11:45:31
33;30.631;11:45:31
35;30.4941;11:45:31
49;30.631;11:45:31
51;30.5137;11:45:31
1;30.631;11:45:32
3;30.4941;11:45:32
17;30.631;11:45:32
19;30.4941;11:45:32
33;30.631;11:45:32
35;30.4941;11:45:32
49;30.631;11:45:32
51;30.5137;11:45:32
1;30.631;11:45:33
3;30.4941;11:45:33
17;30.6115;11:45:33
19;30.4941;11:45:33
33;30.631;11:45:33
35;30.4941;11:45:33
49;30.6115;11:45:33
51;30.4941;11:45:33
1;30.631;11:45:34
3;30.4941;11:45:34
17;30.631;11:45:34
19;30.4745;11:45:34
33;30.6115;11:45:34
35;30.4745;11:45:34
49;30.631;11:45:34
51;30.4941;11:45:34
1;30.6115;11:45:35
3;30.4745;11:45:35
17;30.631;11:45:35
19;30.4745;11:45:35
33;30.6115;11:45:35
35;30.4745;11:45:35
49;30.6115;11:45:35
51;30.4745;11:45:35
1;30.6115;11:45:36
3;30.4745;11:45:36
17;30.6115;11:45:36
19;30.4745;11:45:36
33;30.5919;11:45:36
35;30.4745;11:45:36
49;30.6115;11:45:36
51;30.4745;11:45:36
1;30.6115;11:45:37
3;30.4745;11:45:37
17;30.5919;11:45:37
19;30.4745;11:45:37
33;30.6115;11:45:37
35;30.4745;11:45:37
49;30.6115;11:45:37
51;30.4745;11:45:37
65;30.5919;11:45:37
67;30.4745;11:45:37
1;30.5919;11:45:38
3;30.4745;11:45:38
17;30.5919;11:45:38
19;30.4745;11:45:38
33;30.5919;11:45:38
35;30.4745;11:45:38
49;30.5919;11:45:38
51;30.4745;11:45:38
1;30.5919;11:45:39
3;30.4745;11:45:39
17;30.5919;11:45:39
19;30.4745;11:45:39
33;30.5919;11:45:39
35;30.455;11:45:39
49;30.5919;11:45:39
51;30.455;11:45:39
1;30.5919;11:45:40
3;30.4745;11:45:40
17;30.5919;11:45:40
19;30.455;11:45:40
33;30.5919;11:45:40
35;30.455;11:45:40
49;30.5919;11:45:40
51;30.455;11:45:40
1;30.5919;11:45:41
3;30.455;11:45:41
17;30.5919;11:45:41
19;30.455;11:45:41
33;30.5724;11:45:41
35;30.455;11:45:41
49;30.5919;11:45:41
51;30.4354;11:45:41
1;30.5724;11:45:42
3;30.4354;11:45:42
17;30.5724;11:45:42
19;30.455;11:45:42
33;30.5724;11:45:42
35;30.4354;11:45:42
49;30.5724;11:45:42
51;30.4354;11:45:42
1;30.5528;11:45:43
3;30.4159;11:45:43
17;30.5724;11:45:43
19;30.4354;11:45:43
33;30.5724;11:45:43
35;30.4354;11:45:43
49;30.5724;11:45:43
51;30.4354;11:45:43
1;30.5528;11:45:44
3;30.4354;11:45:44
17;30.5724;11:45:44
19;30.4354;11:45:44
33;30.5528;11:45:44
35;30.4159;11:45:44
49;30.5528;11:45:44
51;30.4354;11:45:44
1;30.5724;11:45:45
3;30.4159;11:45:45
17;30.5528;11:45:45
19;30.4159;11:45:45
33;30.5528;11:45:45
35;30.4159;11:45:45
49;30.5528;11:45:45
51;30.4159;11:45:45
1;30.5528;11:45:46
3;30.4159;11:45:46
17;30.5528;11:45:46
19;30.4159;11:45:46
33;30.5528;11:45:46
35;30.4159;11:45:46
49;30.5332;11:45:46
51;30.4159;11:45:46
1;30.5528;11:45:47
3;30.3963;11:45:47
17;30.5332;11:45:47
19;30.3963;11:45:47
33;30.5332;11:45:47
35;30.4159;11:45:47
49;30.5528;11:45:47
51;30.4159;11:45:47
1;30.5332;11:45:48
3;30.3963;11:45:48
17;30.5332;11:45:48
19;30.4159;11:45:48
33;30.5332;11:45:48
35;30.3963;11:45:48
49;30.5332;11:45:48
51;30.4159;11:45:48
65;30.5332;11:45:48
67;30.3963;11:45:48
1;30.5332;11:45:49
3;30.3963;11:45:49
17;30.5332;11:45:49
19;30.3963;11:45:49
33;30.5332;11:45:49
35;30.3963;11:45:49
49;30.5332;11:45:49
51;30.3767;11:45:49
1;30.5332;11:45:50
3;30.3963;11:45:50
17;30.5137;11:45:50
19;30.3767;11:45:50
33;30.5137;11:45:50
35;30.3767;11:45:50
49;30.5332;11:45:50
51;30.3767;11:45:50
1;30.5137;11:45:51
3;30.3767;11:45:51
17;30.5137;11:45:51
19;30.3767;11:45:51
33;30.5137;11:45:51
35;30.3767;11:45:51
49;30.5332;11:45:51
51;30.3767;11:45:51
1;30.5137;11:45:52
3;30.3767;11:45:52
17;30.5137;11:45:52
19;30.3767;11:45:52
33;30.5137;11:45:52
35;30.3767;11:45:52
49;30.5137;11:45:52
51;30.3767;11:45:52
1;30.4941;11:45:53
3;30.3767;11:45:53
17;30.5137;11:45:53
19;30.3767;11:45:53
33;30.4941;11:45:53
35;30.3767;11:45:53
49;30.5137;11:45:53
51;30.3767;11:45:53
1;30.4941;11:45:54
3;30.3767;11:45:54
17;30.4941;11:45:54
19;30.3767;11:45:54
33;30.4941;11:45:54
35;30.3767;11:45:54
49;30.4941;11:45:54
51;30.3767;11:45:54
1;30.4941;11:45:55
3;30.3767;11:45:55
17;30.4745;11:45:55
19;30.3572;11:45:55
33;30.4941;11:45:55
35;30.3572;11:45:55
49;30.4745;11:45:55
51;30.3767;11:45:55
1;30.4745;11:45:56
3;30.3572;11:45:56
17;30.4941;11:45:56
19;30.3572;11:45:56
33;30.4745;11:45:56
35;30.3767;11:45:56
49;30.4941;11:45:56
51;30.3572;11:45:56
1;30.4745;11:45:57
3;30.3572;11:45:57
17;30.4745;11:45:57
19;30.3572;11:45:57
33;30.4745;11:45:57
35;30.3376;11:45:57
49;30.4941;11:45:57
51;30.3572;11:45:57
1;30.4745;11:45:58
3;30.3572;11:45:58
17;30.4745;11:45:58
19;30.3376;11:45:58
33;30.4941;11:45:58
35;30.3572;11:45:58
49;30.4745;11:45:58
51;30.3572;11:45:58
1;30.4745;11:45:59
3;30.3572;11:45:59
17;30.4745;11:45:59
19;30.3376;11:45:59
33;30.4745;11:45:59
35;30.3376;11:45:59
49;30.4745;11:45:59
51;30.3376;11:45:59
1;30.4745;11:46:00
3;30.3572;11:46:00
17;30.4745;11:46:00
19;30.3376;11:46:00
33;30.455;11:46:00
35;30.3376;11:46:00
49;30.4745;11:46:00
51;30.3376;11:46:00
1;30.4745;11:46:01
3;30.318;11:46:01
17;30.4745;11:46:01
19;30.3376;11:46:01
33;30.455;11:46:01
35;30.318;11:46:01
49;30.455;11:46:01
51;30.318;11:46:01
65;30.455;11:46:01
67;30.318;11:46:01
1;30.455;11:46:02
3;30.318;11:46:02
17;30.455;11:46:02
19;30.3376;11:46:02
33;30.455;11:46:02
35;30.318;11:46:02
49;30.455;11:46:02
51;30.318;11:46:02
1;30.455;11:46:03
3;30.318;11:46:03
17;30.4354;11:46:03
19;30.318;11:46:03
33;30.4354;11:46:03
35;30.318;11:46:03
49;30.4354;11:46:03
51;30.318;11:46:03
1;30.4354;11:46:04
3;30.318;11:46:04
17;30.4354;11:46:04
19;30.318;11:46:04
33;30.4159;11:46:04
35;30.318;11:46:04
49;30.4354;11:46:04
51;30.318;11:46:04
1;30.4159;11:46:05
3;30.318;11:46:05
17;30.4159;11:46:05
19;30.318;11:46:05
33;30.4159;11:46:05
35;30.2985;11:46:05
49;30.4159;11:46:05
51;30.318;11:46:05
1;30.4159;11:46:06
3;30.2985;11:46:06
17;30.4159;11:46:06
19;30.2985;11:46:06
33;30.4159;11:46:06
35;30.318;11:46:06
49;30.4159;11:46:06
51;30.2985;11:46:06
1;30.4159;11:46:07
3;30.2985;11:46:07
17;30.4159;11:46:07
19;30.318;11:46:07
33;30.4159;11:46:07
35;30.2985;11:46:07
49;30.4159;11:46:07
51;30.2789;11:46:07
1;30.3963;11:46:08
3;30.2985;11:46:08
17;30.4159;11:46:08
19;30.2985;11:46:08
33;30.4159;11:46:08
35;30.2985;11:46:08
49;30.3963;11:46:08
51;30.2789;11:46:08
1;30.4159;11:46:09
3;30.2985;11:46:09
17;30.3963;11:46:09
19;30.2789;11:46:09
33;30.3963;11:46:09
35;30.2985;11:46:09
49;30.4159;11:46:09
51;30.2789;11:46:09
1;30.3963;11:46:10
3;30.2594;11:46:10
17;30.3963;11:46:10
19;30.2789;11:46:10
33;30.3963;11:46:10
35;30.2789;11:46:10
49;30.3963;11:46:10
51;30.2789;11:46:10
1;30.3767;11:46:11
3;30.2594;11:46:11
17;30.3963;11:46:11
19;30.2594;11:46:11
33;30.3963;11:46:11
35;30.2594;11:46:11
49;30.3963;11:46:11
51;30.2594;11:46:11
1;30.3767;11:46:12
3;30.2594;11:46:12
17;30.3767;11:46:12
19;30.2594;11:46:12
33;30.3963;11:46:12
35;30.2594;11:46:12
49;30.3767;11:46:12
51;30.2789;11:46:12
65;30.3767;11:46:12
67;30.2594;11:46:12
1;30.3767;11:46:13
3;30.2594;11:46:13
17;30.3767;11:46:13
19;30.2789;11:46:13
33;30.3767;11:46:13
35;30.2594;11:46:13
49;30.3767;11:46:13
51;30.2594;11:46:13
1;30.3767;11:46:14
3;30.2594;11:46:14
17;30.3767;11:46:14
19;30.2594;11:46:14
33;30.3767;11:46:14
35;30.2594;11:46:14
49;30.3767;11:46:14
51;30.2594;11:46:14
1;30.3767;11:46:15
3;30.2594;11:46:15
17;30.3767;11:46:15
19;30.2594;11:46:15
33;30.3767;11:46:15
35;30.2594;11:46:15
49;30.3767;11:46:15
51;30.2594;11:46:15
1;30.3767;11:46:17
3;30.2398;11:46:17
17;30.3767;11:46:17
19;30.2594;11:46:17
33;30.3767;11:46:17
35;30.2398;11:46:17
49;30.3572;11:46:17
51;30.2398;11:46:17
1;30.3767;11:46:18
3;30.2398;11:46:18
17;30.3572;11:46:18
19;30.2202;11:46:18
33;30.3572;11:46:18
35;30.2398;11:46:18
49;30.3572;11:46:18
51;30.2202;11:46:18
1;30.3572;11:46:19
3;30.2202;11:46:19
17;30.3572;11:46:19
19;30.2398;11:46:19
33;30.3572;11:46:19
35;30.2202;11:46:19
49;30.3572;11:46:19
51;30.2202;11:46:19
1;30.3572;11:46:20
3;30.2202;11:46:20
17;30.3572;11:46:20
19;30.2202;11:46:20
33;30.3376;11:46:20
35;30.2202;11:46:20
49;30.3572;11:46:20
51;30.2202;11:46:20
1;30.3376;11:46:21
3;30.2202;11:46:21
17;30.3376;11:46:21
19;30.2202;11:46:21
33;30.3376;11:46:21
35;30.2202;11:46:21
49;30.3376;11:46:21
51;30.2202;11:46:21
1;30.3376;11:46:22
3;30.2202;11:46:22
17;30.3376;11:46:22
19;30.2202;11:46:22
33;30.3376;11:46:22
35;30.2202;11:46:22
49;30.318;11:46:22
51;30.2202;11:46:22
1;30.3376;11:46:23
3;30.2202;11:46:23
17;30.318;11:46:23
19;30.2007;11:46:23
33;30.3376;11:46:23
35;30.2202;11:46:23
49;30.318;11:46:23
51;30.2202;11:46:23
1;30.318;11:46:24
3;30.2202;11:46:24
17;30.318;11:46:24
19;30.2007;11:46:24
33;30.318;11:46:24
35;30.2202;11:46:24
49;30.318;11:46:24
51;30.2007;11:46:24
1;30.318;11:46:25
3;30.2202;11:46:25
17;30.318;11:46:25
19;30.2007;11:46:25
33;30.318;11:46:25
35;30.2007;11:46:25
49;30.318;11:46:25
51;30.2007;11:46:25
1;30.318;11:46:26
3;30.2007;11:46:26
17;30.318;11:46:26
19;30.2007;11:46:26
33;30.318;11:46:26
35;30.2202;11:46:26
49;30.318;11:46:26
51;30.2007;11:46:26
65;30.318;11:46:26
67;30.1811;11:46:26
1;30.318;11:46:27
3;30.2007;11:46:27
17;30.318;11:46:27
19;30.1811;11:46:27
33;30.318;11:46:27
35;30.1811;11:46:27
49;30.318;11:46:27
51;30.2007;11:46:27
1;30.318;11:46:28
3;30.1811;11:46:28
17;30.318;11:46:28
19;30.1811;11:46:28
33;30.318;11:46:28
35;30.1811;11:46:28
49;30.318;11:46:28
51;30.1811;11:46:28
1;30.2985;11:46:29
3;30.1811;11:46:29
17;30.318;11:46:29
19;30.1615;11:46:29
33;30.318;11:46:29
35;30.1615;11:46:29
49;30.2985;11:46:29
51;30.1615;11:46:29
1;30.2985;11:46:30
3;30.1615;11:46:30
17;30.318;11:46:30
19;30.1615;11:46:30
33;30.2985;11:46:30
35;30.1615;11:46:30
49;30.2789;11:46:30
51;30.1615;11:46:30
1;30.2985;11:46:31
3;30.1615;11:46:31
17;30.2985;11:46:31
19;30.1615;11:46:31
33;30.2789;11:46:31
35;30.1615;11:46:31
49;30.2985;11:46:31
51;30.1615;11:46:31
1;30.2789;11:46:32
3;30.1615;11:46:32
17;30.2789;11:46:32
19;30.1615;11:46:32
33;30.2985;11:46:32
35;30.1615;11:46:32
49;30.2789;11:46:32
51;30.1615;11:46:32
1;30.2789;11:46:33
3;30.1615;11:46:33
17;30.2985;11:46:33
19;30.1615;11:46:33
33;30.2789;11:46:33
35;30.1615;11:46:33
49;30.2789;11:46:33
51;30.1615;11:46:33
1;30.2789;11:46:34
3;30.1615;11:46:34
17;30.2594;11:46:34
19;30.1615;11:46:34
33;30.2789;11:46:34
35;30.1615;11:46:34
49;30.2789;11:46:34
51;30.142;11:46:34
1;30.2594;11:46:35
3;30.1615;11:46:35
17;30.2789;11:46:35
19;30.142;11:46:35
33;30.2594;11:46:35
35;30.142;11:46:35
49;30.2789;11:46:35
51;30.1615;11:46:35
1;30.2594;11:46:36
3;30.142;11:46:36
17;30.2594;11:46:36
19;30.142;11:46:36
33;30.2594;11:46:36
35;30.1615;11:46:36
49;30.2594;11:46:36
51;30.142;11:46:36
1;30.2594;11:46:37
3;30.142;11:46:37
17;30.2594;11:46:37
19;30.1615;11:46:37
33;30.2398;11:46:37
35;30.142;11:46:37
49;30.2594;11:46:37
51;30.142;11:46:37
65;30.2594;11:46:37
67;30.142;11:46:37
1;30.2594;11:46:38
3;30.1224;11:46:38
17;30.2594;11:46:38
19;30.142;11:46:38
33;30.2594;11:46:38
35;30.142;11:46:38
49;30.2398;11:46:38
51;30.1224;11:46:38
1;30.2594;11:46:39
3;30.142;11:46:39
17;30.2398;11:46:39
19;30.142;11:46:39
33;30.2202;11:46:39
35;30.1224;11:46:39
49;30.2398;11:46:39
51;30.142;11:46:39
1;30.2398;11:46:40
3;30.1224;11:46:40
17;30.2202;11:46:40
19;30.1224;11:46:40
33;30.2202;11:46:40
35;30.1224;11:46:40
49;30.2202;11:46:40
51;30.1224;11:46:40
1;30.2202;11:46:41
3;30.1029;11:46:41
17;30.2202;11:46:41
19;30.1224;11:46:41
33;30.2202;11:46:41
35;30.1029;11:46:41
49;30.2202;11:46:41
51;30.1029;11:46:41
1;30.2202;11:46:42
3;30.1029;11:46:42
17;30.2202;11:46:42
19;30.1029;11:46:42
33;30.2202;11:46:42
35;30.1029;11:46:42
49;30.2202;11:46:42
51;30.1029;11:46:42
1;30.2202;11:46:43
3;30.1029;11:46:43
17;30.2202;11:46:43
19;30.1029;11:46:43
33;30.2202;11:46:43
35;30.1029;11:46:43
49;30.2007;11:46:43
51;30.1029;11:46:43
1;30.2202;11:46:44
3;30.1029;11:46:44
17;30.2202;11:46:44
19;30.1029;11:46:44
33;30.2007;11:46:44
35;30.1029;11:46:44
49;30.2202;11:46:44
51;30.1029;11:46:44
1;30.2007;11:46:45
3;30.1029;11:46:45
17;30.2007;11:46:45
19;30.0833;11:46:45
33;30.2202;11:46:45
35;30.1029;11:46:45
49;30.2007;11:46:45
51;30.0833;11:46:45
1;30.2202;11:46:46
3;30.1029;11:46:46
17;30.2007;11:46:46
19;30.1029;11:46:46
33;30.1811;11:46:46
35;30.1029;11:46:46
49;30.2007;11:46:46
51;30.0833;11:46:46
1;30.2007;11:46:47
3;30.1029;11:46:47
17;30.2007;11:46:47
19;30.0833;11:46:47
33;30.1811;11:46:47
35;30.0833;11:46:47
49;30.2007;11:46:47
51;30.0833;11:46:47
1;30.1811;11:46:48
3;30.0833;11:46:48
17;30.1811;11:46:48
19;30.0637;11:46:48
33;30.1811;11:46:48
35;30.0833;11:46:48
49;30.1811;11:46:48
51;30.0833;11:46:48
1;30.1811;11:46:49
3;30.0637;11:46:49
17;30.1811;11:46:49
19;30.0637;11:46:49
33;30.1811;11:46:49
35;30.0637;11:46:49
49;30.1615;11:46:49
51;30.0637;11:46:49
1;30.1811;11:46:50
3;30.0637;11:46:50
17;30.1615;11:46:50
19;30.0833;11:46:50
33;30.1811;11:46:50
35;30.0637;11:46:50
49;30.1615;11:46:50
51;30.0637;11:46:50
65;30.1615;11:46:50
67;30.0833;11:46:50
1;30.1615;11:46:51
3;30.0637;11:46:51
17;30.1615;11:46:51
19;30.0637;11:46:51
33;30.1615;11:46:51
35;30.0833;11:46:51
49;30.1615;11:46:51
51;30.0637;11:46:51
1;30.1615;11:46:52
3;30.0637;11:46:52
17;30.1615;11:46:52
19;30.0637;11:46:52
33;30.1615;11:46:52
35;30.0637;11:46:52
49;30.1615;11:46:52
51;30.0637;11:46:52
1;30.1615;11:46:53
3;30.0637;11:46:53
17;30.1615;11:46:53
19;30.0637;11:46:53
33;30.1615;11:46:53
35;30.0637;11:46:53
49;30.1615;11:46:53
51;30.0637;11:46:53
1;30.1615;11:46:54
3;30.0637;11:46:54
17;30.1615;11:46:54
19;30.0637;11:46:54
33;30.1615;11:46:54
35;30.0637;11:46:54
49;30.1615;11:46:54
51;30.0637;11:46:54
1;30.1615;11:46:55
3;30.0637;11:46:55
17;30.1615;11:46:55
19;30.0442;11:46:55
33;30.142;11:46:55
35;30.0637;11:46:55
49;30.142;11:46:55
51;30.0637;11:46:55
1;30.142;11:46:56
3;30.0442;11:46:56
17;30.142;11:46:56
19;30.0637;11:46:56
33;30.142;11:46:56
35;30.0246;11:46:56
49;30.1224;11:46:56
51;30.0442;11:46:56
1;30.142;11:46:57
3;30.0442;11:46:57
17;30.1224;11:46:57
19;30.0442;11:46:57
33;30.1224;11:46:57
35;30.0442;11:46:57
49;30.1224;11:46:57
51;30.0442;11:46:57
1;30.1224;11:46:58
3;30.0442;11:46:58
17;30.142;11:46:58
19;30.0442;11:46:58
33;30.1224;11:46:58
35;30.0246;11:46:58
49;30.1224;11:46:58
51;30.0442;11:46:58
1;30.1224;11:46:59
3;30.0442;11:46:59
17;30.1224;11:46:59
19;30.0442;11:46:59
33;30.1029;11:46:59
35;30.0246;11:46:59
49;30.1029;11:46:59
51;30.0442;11:46:59
1;30.1029;11:47:00
3;30.0246;11:47:00
17;30.1029;11:47:00
19;30.0246;11:47:00
33;30.1029;11:47:00
35;30.0246;11:47:00
49;30.1224;11:47:00
51;30.0246;11:47:00
1;30.1029;11:47:01
3;30.0246;11:47:01
17;30.1029;11:47:01
19;30.005;11:47:01
33;30.1029;11:47:01
35;30.0246;11:47:01
49;30.1029;11:47:01
51;30.005;11:47:01
1;30.1029;11:47:02
3;30.005;11:47:02
17;30.1029;11:47:02
19;30.005;11:47:02
33;30.1029;11:47:02
35;30.005;11:47:02
49;30.1029;11:47:02
51;30.0246;11:47:02
1;30.1029;11:47:03
3;30.005;11:47:03
17;30.1029;11:47:03
19;30.0246;11:47:03
33;30.1029;11:47:03
35;30.005;11:47:03
49;30.1029;11:47:03
51;30.0246;11:47:03
1;30.1029;11:47:04
3;30.005;11:47:04
17;30.0833;11:47:04
19;30.005;11:47:04
33;30.1029;11:47:04
35;30.005;11:47:04
49;30.1029;11:47:04
51;30.005;11:47:04
65;30.1029;11:47:04
67;30.005;11:47:04
1;30.1029;11:47:05
3;30.005;11:47:05
17;30.0833;11:47:05
19;30.005;11:47:05
33;30.1029;11:47:05
35;30.005;11:47:05
49;30.0833;11:47:05
51;30.005;11:47:05
1;30.0833;11:47:06
3;30.005;11:47:06
17;30.0833;11:47:06
19;30.005;11:47:06
33;30.1029;11:47:06
35;30.005;11:47:06
49;30.0833;11:47:06
51;30.005;11:47:06
1;30.0637;11:47:07
3;30.005;11:47:07
17;30.0833;11:47:07
19;30.005;11:47:07
33;30.0637;11:47:07
35;30.005;11:47:07
49;30.0833;11:47:07
51;30.005;11:47:07
1;30.0637;11:47:09
3;29.9855;11:47:09
17;30.0833;11:47:09
19;30.005;11:47:09
33;30.0833;11:47:09
35;30.005;11:47:09
49;30.0637;11:47:09
51;29.9855;11:47:09
1;30.0833;11:47:10
3;30.005;11:47:10
17;30.0637;11:47:10
19;29.9855;11:47:10
33;30.0637;11:47:10
35;29.9855;11:47:10
49;30.0637;11:47:10
51;30.005;11:47:10
1;30.0637;11:47:11
3;29.9855;11:47:11
17;30.0637;11:47:11
19;29.9855;11:47:11
33;30.0442;11:47:11
35;29.9855;11:47:11
49;30.0637;11:47:11
51;29.9659;11:47:11
1;30.0637;11:47:12
3;29.9855;11:47:12
17;30.0637;11:47:12
19;29.9659;11:47:12
33;30.0637;11:47:12
35;29.9855;11:47:12
49;30.0637;11:47:12
51;29.9659;11:47:12
1;30.0442;11:47:13
3;29.9659;11:47:13
17;30.0442;11:47:13
19;29.9659;11:47:13
33;30.0637;11:47:13
35;29.9659;11:47:13
49;30.0442;11:47:13
51;29.9659;11:47:13
1;30.0637;11:47:14
3;29.9464;11:47:14
17;30.0442;11:47:14
19;29.9659;11:47:14
33;30.0442;11:47:14
35;29.9464;11:47:14
49;30.0442;11:47:14
51;29.9659;11:47:14
1;30.0442;11:47:15
3;29.9464;11:47:15
17;30.0442;11:47:15
19;29.9659;11:47:15
33;30.0442;11:47:15
35;29.9464;11:47:15
49;30.0442;11:47:15
51;29.9464;11:47:15
1;30.0246;11:47:16
3;29.9464;11:47:16
17;30.0442;11:47:16
19;29.9464;11:47:16
33;30.0442;11:47:16
35;29.9464;11:47:16
49;30.0442;11:47:16
51;29.9464;11:47:16
1;30.0442;11:47:17
3;29.9464;11:47:17
17;30.0246;11:47:17
19;29.9464;11:47:17
33;30.0442;11:47:17
35;29.9464;11:47:17
49;30.0442;11:47:17
51;29.9268;11:47:17
1;30.0442;11:47:18
3;29.9464;11:47:18
17;30.0246;11:47:18
19;29.9268;11:47:18
33;30.0442;11:47:18
35;29.9464;11:47:18
49;30.0442;11:47:18
51;29.9268;11:47:18
1;30.0246;11:47:19
3;29.9268;11:47:19
17;30.0246;11:47:19
19;29.9268;11:47:19
33;30.0442;11:47:19
35;29.9268;11:47:19
49;30.0246;11:47:19
51;29.9464;11:47:19
1;30.0246;11:47:20
3;29.9268;11:47:20
17;30.005;11:47:20
19;29.9268;11:47:20
33;30.0246;11:47:20
35;29.9268;11:47:20
49;30.0246;11:47:20
51;29.9268;11:47:20
65;30.005;11:47:20
67;29.9268;11:47:20
1;30.0246;11:47:21
3;29.9268;11:47:21
17;30.005;11:47:21
19;29.9072;11:47:21
33;30.0246;11:47:21
35;29.9268;11:47:21
49;30.0246;11:47:21
51;29.9072;11:47:21
1;30.005;11:47:22
3;29.9072;11:47:22
17;30.0246;11:47:22
19;29.9268;11:47:22
33;30.005;11:47:22
35;29.9072;11:47:22
49;30.005;11:47:22
51;29.9072;11:47:22
1;30.005;11:47:23
3;29.8877;11:47:23
17;30.005;11:47:23
19;29.9072;11:47:23
33;30.005;11:47:23
35;29.9072;11:47:23
49;30.005;11:47:23
51;29.9072;11:47:23
1;30.005;11:47:24
3;29.8877;11:47:24
17;30.005;11:47:24
19;29.8877;11:47:24
33;30.005;11:47:24
35;29.8877;11:47:24
49;30.005;11:47:24
51;29.9072;11:47:24
1;30.005;11:47:25
3;29.8877;11:47:25
17;30.005;11:47:25
19;29.8877;11:47:25
33;30.005;11:47:25
35;29.9072;11:47:25
49;30.005;11:47:25
51;29.8877;11:47:25
1;30.005;11:47:26
3;29.8877;11:47:26
17;30.005;11:47:26
19;29.8877;11:47:26
33;30.005;11:47:26
35;29.8877;11:47:26
49;30.005;11:47:26
51;29.8877;11:47:26
1;29.9855;11:47:27
3;29.8877;11:47:27
17;30.005;11:47:27
19;29.8877;11:47:27
33;29.9855;11:47:27
35;29.8877;11:47:27
49;29.9855;11:47:27
51;29.8877;11:47:27
1;29.9855;11:47:28
3;29.8877;11:47:28
17;29.9855;11:47:28
19;29.8877;11:47:28
33;29.9855;11:47:28
35;29.8877;11:47:28
49;29.9855;11:47:28
51;29.8681;11:47:28
1;29.9659;11:47:29
3;29.8877;11:47:29
17;29.9855;11:47:29
19;29.8877;11:47:29
33;29.9855;11:47:29
35;29.8877;11:47:29
49;29.9855;11:47:29
51;29.8877;11:47:29
1;29.9659;11:47:30
3;29.8681;11:47:30
17;29.9855;11:47:30
19;29.8877;11:47:30
33;29.9855;11:47:30
35;29.8877;11:47:30
49;29.9659;11:47:30
51;29.8877;11:47:30
1;29.9659;11:47:31
3;29.8681;11:47:31
17;29.9659;11:47:31
19;29.8681;11:47:31
33;29.9659;11:47:31
35;29.8681;11:47:31
49;29.9659;11:47:31
51;29.8877;11:47:31
65;29.9659;11:47:31
67;29.8681;11:47:31
1;29.9659;11:47:32
3;29.8681;11:47:32
17;29.9659;11:47:32
19;29.8681;11:47:32
33;29.9464;11:47:32
35;29.8681;11:47:32
49;29.9659;11:47:32
51;29.8681;11:47:32
1;29.9659;11:47:33
3;29.8681;11:47:33
17;29.9464;11:47:33
19;29.8681;11:47:33
33;29.9464;11:47:33
35;29.8485;11:47:33
49;29.9659;11:47:33
51;29.8485;11:47:33
1;29.9464;11:47:34
3;29.8485;11:47:34
17;29.9659;11:47:34
19;29.8485;11:47:34
33;29.9464;11:47:34
35;29.8485;11:47:34
49;29.9464;11:47:34
51;29.8485;11:47:34
1;29.9659;11:47:35
3;29.8485;11:47:35
17;29.9464;11:47:35
19;29.8485;11:47:35
33;29.9464;11:47:35
35;29.8485;11:47:35
49;29.9464;11:47:35
51;29.8485;11:47:35
1;29.9464;11:47:36
3;29.8485;11:47:36
17;29.9464;11:47:36
19;29.8485;11:47:36
33;29.9464;11:47:36
35;29.8485;11:47:36
49;29.9464;11:47:36
51;29.8485;11:47:36
1;29.9464;11:47:37
3;29.829;11:47:37
17;29.9464;11:47:37
19;29.8485;11:47:37
33;29.9464;11:47:37
35;29.829;11:47:37
49;29.9464;11:47:37
51;29.8485;11:47:37
1;29.9464;11:47:38
3;29.829;11:47:38
17;29.9464;11:47:38
19;29.829;11:47:38
33;29.9464;11:47:38
35;29.829;11:47:38
49;29.9464;11:47:38
51;29.829;11:47:38
1;29.9464;11:47:39
3;29.829;11:47:39
17;29.9464;11:47:39
19;29.8485;11:47:39
33;29.9464;11:47:39
35;29.829;11:47:39
49;29.9268;11:47:39
51;29.8094;11:47:39
1;29.9464;11:47:40
3;29.8485;11:47:40
17;29.9268;11:47:40
19;29.829;11:47:40
33;29.9464;11:47:40
35;29.829;11:47:40
49;29.9268;11:47:40
51;29.8094;11:47:40
1;29.9268;11:47:41
3;29.829;11:47:41
17;29.9268;11:47:41
19;29.829;11:47:41
33;29.9268;11:47:41
35;29.8094;11:47:41
49;29.9072;11:47:41
51;29.8094;11:47:41
1;29.9268;11:47:42
3;29.7899;11:47:42
17;29.9268;11:47:42
19;29.8094;11:47:42
33;29.9072;11:47:42
35;29.7899;11:47:42
49;29.9268;11:47:42
51;29.8094;11:47:42
1;29.9072;11:47:43
3;29.8094;11:47:43
17;29.9268;11:47:43
19;29.8094;11:47:43
33;29.8877;11:47:43
35;29.8094;11:47:43
49;29.9072;11:47:43
51;29.7899;11:47:43
1;29.9072;11:47:44
3;29.8094;11:47:44
17;29.8877;11:47:44
19;29.7899;11:47:44
33;29.8877;11:47:44
35;29.8094;11:47:44
49;29.8877;11:47:44
51;29.7899;11:47:44
65;29.9072;11:47:44
67;29.7899;11:47:44
1;29.9072;11:47:45
3;29.7899;11:47:45
17;29.8877;11:47:45
19;29.7899;11:47:45
33;29.9072;11:47:45
35;29.7899;11:47:45
49;29.8877;11:47:45
51;29.7899;11:47:45
1;29.8877;11:47:46
3;29.7899;11:47:46
17;29.8877;11:47:46
19;29.7899;11:47:46
33;29.8877;11:47:46
35;29.7899;11:47:46
49;29.8877;11:47:46
51;29.7899;11:47:46
1;29.8877;11:47:47
3;29.7899;11:47:47
17;29.8877;11:47:47
19;29.7899;11:47:47
33;29.8877;11:47:47
35;29.7899;11:47:47
49;29.8877;11:47:47
51;29.7899;11:47:47
1;29.8877;11:47:48
3;29.7899;11:47:48
17;29.8681;11:47:48
19;29.7899;11:47:48
33;29.8877;11:47:48
35;29.7899;11:47:48
49;29.8681;11:47:48
51;29.7899;11:47:48
1;29.8681;11:47:49
3;29.7899;11:47:49
17;29.8681;11:47:49
19;29.7703;11:47:49
33;29.8877;11:47:49
35;29.7899;11:47:49
49;29.8877;11:47:49
51;29.7899;11:47:49
1;29.8681;11:47:50
3;29.7703;11:47:50
17;29.8681;11:47:50
19;29.7703;11:47:50
33;29.8877;11:47:50
35;29.7703;11:47:50
49;29.8681;11:47:50
51;29.7703;11:47:50
1;29.8681;11:47:51
3;29.7703;11:47:51
17;29.8681;11:47:51
19;29.7703;11:47:51
33;29.8681;11:47:51
35;29.7703;11:47:51
49;29.8681;11:47:51
51;29.7703;11:47:51
1;29.8681;11:47:52
3;29.7507;11:47:52
17;29.8681;11:47:52
19;29.7703;11:47:52
33;29.8681;11:47:52
35;29.7507;11:47:52
49;29.8681;11:47:52
51;29.7703;11:47:52
1;29.8485;11:47:53
3;29.7507;11:47:53
17;29.8681;11:47:53
19;29.7507;11:47:53
33;29.8681;11:47:53
35;29.7507;11:47:53
49;29.8681;11:47:53
51;29.7507;11:47:53
1;29.8485;11:47:54
3;29.7507;11:47:54
17;29.8681;11:47:54
19;29.7507;11:47:54
33;29.8681;11:47:54
35;29.7507;11:47:54
49;29.8681;11:47:54
51;29.7507;11:47:54
1;29.8485;11:47:55
3;29.7507;11:47:55
17;29.8681;11:47:55
19;29.7312;11:47:55
33;29.8485;11:47:55
35;29.7312;11:47:55
49;29.8485;11:47:55
51;29.7507;11:47:55
1;29.8681;11:47:56
3;29.7312;11:47:56
17;29.8485;11:47:56
19;29.7312;11:47:56
33;29.8485;11:47:56
35;29.7312;11:47:56
49;29.8485;11:47:56
51;29.7312;11:47:56
1;29.8485;11:47:57
3;29.7312;11:47:57
17;29.8485;11:47:57
19;29.7312;11:47:57
33;29.8485;11:47:57
35;29.7312;11:47:57
49;29.8485;11:47:57
51;29.7312;11:47:57
1;29.8485;11:47:58
3;29.7312;11:47:58
17;29.8485;11:47:58
19;29.7312;11:47:58
33;29.8485;11:47:58
35;29.7312;11:47:58
49;29.8485;11:47:58
51;29.7312;11:47:58
65;29.8485;11:47:58
67;29.7312;11:47:58
1;29.8485;11:47:59
3;29.7312;11:47:59
17;29.8485;11:47:59
19;29.7312;11:47:59
33;29.8485;11:47:59
35;29.7312;11:47:59
49;29.829;11:47:59
51;29.7312;11:47:59
1;29.8485;11:48:01
3;29.7312;11:48:01
17;29.8485;11:48:01
19;29.7312;11:48:01
33;29.8485;11:48:01
35;29.7116;11:48:01
49;29.829;11:48:01
51;29.7312;11:48:01
1;29.8485;11:48:02
3;29.7116;11:48:02
17;29.829;11:48:02
19;29.7312;11:48:02
33;29.829;11:48:02
35;29.7116;11:48:02
49;29.8485;11:48:02
51;29.7116;11:48:02
1;29.829;11:48:03
3;29.7116;11:48:03
17;29.8094;11:48:03
19;29.7116;11:48:03
33;29.829;11:48:03
35;29.7116;11:48:03
49;29.8094;11:48:03
51;29.7116;11:48:03
1;29.829;11:48:04
3;29.7116;11:48:04
17;29.829;11:48:04
19;29.7312;11:48:04
33;29.8094;11:48:04
35;29.7116;11:48:04
49;29.829;11:48:04
51;29.7116;11:48:04
1;29.8094;11:48:05
3;29.7116;11:48:05
17;29.8094;11:48:05
19;29.692;11:48:05
33;29.829;11:48:05
35;29.7116;11:48:05
49;29.8094;11:48:05
51;29.7116;11:48:05
1;29.8094;11:48:06
3;29.692;11:48:06
17;29.829;11:48:06
19;29.7116;11:48:06
33;29.8094;11:48:06
35;29.7116;11:48:06
49;29.8094;11:48:06
51;29.692;11:48:06
1;29.7899;11:48:07
3;29.692;11:48:07
17;29.8094;11:48:07
19;29.7116;11:48:07
33;29.7899;11:48:07
35;29.692;11:48:07
49;29.8094;11:48:07
51;29.692;11:48:07
1;29.7899;11:48:08
3;29.692;11:48:08
17;29.7899;11:48:08
19;29.692;11:48:08
33;29.7899;11:48:08
35;29.692;11:48:08
49;29.7899;11:48:08
51;29.692;11:48:08
1;29.7899;11:48:09
3;29.692;11:48:09
17;29.7899;11:48:09
19;29.692;11:48:09
33;29.7899;11:48:09
35;29.692;11:48:09
49;29.7899;11:48:09
51;29.692;11:48:09
1;29.7899;11:48:10
3;29.692;11:48:10
17;29.7899;11:48:10
19;29.692;11:48:10
33;29.7899;11:48:10
35;29.692;11:48:10
49;29.7899;11:48:10
51;29.692;11:48:10
1;29.8094;11:48:11
3;29.692;11:48:11
17;29.7899;11:48:11
19;29.692;11:48:11
33;29.7899;11:48:11
35;29.692;11:48:11
49;29.7899;11:48:11
51;29.692;11:48:11
1;29.7899;11:48:12
3;29.692;11:48:12
17;29.7899;11:48:12
19;29.692;11:48:12
33;29.7899;11:48:12
35;29.692;11:48:12
49;29.7899;11:48:12
51;29.6725;11:48:12
65;29.7899;11:48:12
67;29.6725;11:48:12
1;29.7899;11:48:13
3;29.692;11:48:13
17;29.7899;11:48:13
19;29.6725;11:48:13
33;29.7899;11:48:13
35;29.692;11:48:13
49;29.7899;11:48:13
51;29.6725;11:48:13
1;29.7703;11:48:14
3;29.6725;11:48:14
17;29.7899;11:48:14
19;29.6725;11:48:14
33;29.7703;11:48:14
35;29.6529;11:48:14
49;29.7703;11:48:14
51;29.6725;11:48:14
1;29.7703;11:48:15
3;29.6529;11:48:15
17;29.7703;11:48:15
19;29.6529;11:48:15
33;29.7703;11:48:15
35;29.6725;11:48:15
49;29.7703;11:48:15
51;29.6725;11:48:15
1;29.7507;11:48:16
3;29.6529;11:48:16
17;29.7703;11:48:16
19;29.6725;11:48:16
33;29.7507;11:48:16
35;29.6529;11:48:16
49;29.7507;11:48:16
51;29.6529;11:48:16
1;29.7507;11:48:17
3;29.6529;11:48:17
17;29.7507;11:48:17
19;29.6334;11:48:17
33;29.7312;11:48:17
35;29.6529;11:48:17
49;29.7312;11:48:17
51;29.6529;11:48:17
1;29.7507;11:48:18
3;29.6529;11:48:18
17;29.7312;11:48:18
19;29.6334;11:48:18
33;29.7312;11:48:18
35;29.6529;11:48:18
49;29.7312;11:48:18
51;29.6334;11:48:18
1;29.7312;11:48:19
3;29.6334;11:48:19
17;29.7312;11:48:19
19;29.6334;11:48:19
33;29.7312;11:48:19
35;29.6334;11:48:19
49;29.7312;11:48:19
51;29.6334;11:48:19
1;29.7312;11:48:20
3;29.6334;11:48:20
17;29.7312;11:48:20
19;29.6334;11:48:20
33;29.7312;11:48:20
35;29.6334;11:48:20
49;29.7312;11:48:20
51;29.6334;11:48:20
1;29.7312;11:48:21
3;29.6334;11:48:21
17;29.7312;11:48:21
19;29.6334;11:48:21
33;29.7312;11:48:21
35;29.6334;11:48:21
49;29.7312;11:48:21
51;29.6334;11:48:21
1;29.7312;11:48:22
3;29.6334;11:48:22
17;29.7312;11:48:22
19;29.6334;11:48:22
33;29.7312;11:48:22
35;29.6334;11:48:22
49;29.7312;11:48:22
51;29.6334;11:48:22
1;29.7312;11:48:23
3;29.6334;11:48:23
17;29.7312;11:48:23
19;29.6138;11:48:23
33;29.7312;11:48:23
35;29.6334;11:48:23
49;29.7312;11:48:23
51;29.6138;11:48:23
1;29.7116;11:48:24
3;29.6334;11:48:24
17;29.7312;11:48:24
19;29.6138;11:48:24
33;29.7116;11:48:24
35;29.6138;11:48:24
49;29.7116;11:48:24
51;29.6138;11:48:24
1;29.7312;11:48:25
3;29.6334;11:48:25
17;29.692;11:48:25
19;29.6138;11:48:25
33;29.7116;11:48:25
35;29.6138;11:48:25
49;29.7116;11:48:25
51;29.6138;11:48:25
65;29.7116;11:48:25
67;29.6138;11:48:25
1;29.7116;11:48:26
3;29.6138;11:48:26
17;29.692;11:48:26
19;29.6138;11:48:26
33;29.692;11:48:26
35;29.6138;11:48:26
49;29.7116;11:48:26
51;29.6138;11:48:26
1;29.692;11:48:27
3;29.5942;11:48:27
17;29.692;11:48:27
19;29.6138;11:48:27
33;29.692;11:48:27
35;29.5942;11:48:27
49;29.692;11:48:27
51;29.5942;11:48:27
1;29.692;11:48:28
3;29.6138;11:48:28
17;29.692;11:48:28
19;29.5942;11:48:28
33;29.692;11:48:28
35;29.5942;11:48:28
49;29.692;11:48:28
51;29.5942;11:48:28
1;29.692;11:48:29
3;29.5942;11:48:29
17;29.692;11:48:29
19;29.5942;11:48:29
33;29.7116;11:48:29
35;29.5942;11:48:29
49;29.692;11:48:29
51;29.5942;11:48:29
1;29.692;11:48:30
3;29.5942;11:48:30
17;29.692;11:48:30
19;29.5942;11:48:30
33;29.692;11:48:30
35;29.5942;11:48:30
49;29.692;11:48:30
51;29.5747;11:48:30
1;29.692;11:48:31
3;29.5942;11:48:31
17;29.692;11:48:31
19;29.5747;11:48:31
33;29.692;11:48:31
35;29.5747;11:48:31
49;29.692;11:48:31
51;29.5942;11:48:31
1;29.6725;11:48:32
3;29.5747;11:48:32
17;29.692;11:48:32
19;29.5747;11:48:32
33;29.6725;11:48:32
35;29.5747;11:48:32
49;29.6725;11:48:32
51;29.5747;11:48:32
1;29.6725;11:48:33
3;29.5747;11:48:33
17;29.692;11:48:33
19;29.5747;11:48:33
33;29.6725;11:48:33
35;29.5747;11:48:33
49;29.6725;11:48:33
51;29.5747;11:48:33
1;29.6725;11:48:34
3;29.5747;11:48:34
17;29.6725;11:48:34
19;29.5747;11:48:34
33;29.6725;11:48:34
35;29.5747;11:48:34
49;29.6725;11:48:34
51;29.5747;11:48:34
1;29.6725;11:48:35
3;29.5747;11:48:35
17;29.6725;11:48:35
19;29.5747;11:48:35
33;29.6725;11:48:35
35;29.5747;11:48:35
49;29.6725;11:48:35
51;29.5747;11:48:35
1;29.6725;11:48:36
3;29.5747;11:48:36
17;29.6725;11:48:36
19;29.5747;11:48:36
33;29.6725;11:48:36
35;29.5747;11:48:36
49;29.6725;11:48:36
51;29.5747;11:48:36
1;29.6529;11:48:37
3;29.5747;11:48:37
17;29.6725;11:48:37
19;29.5747;11:48:37
33;29.6529;11:48:37
35;29.5551;11:48:37
49;29.6725;11:48:37
51;29.5747;11:48:37
1;29.6529;11:48:38
3;29.5551;11:48:38
17;29.6529;11:48:38
19;29.5747;11:48:38
33;29.6334;11:48:38
35;29.5551;11:48:38
49;29.6529;11:48:38
51;29.5551;11:48:38
1;29.6529;11:48:39
3;29.5551;11:48:39
17;29.6334;11:48:39
19;29.5551;11:48:39
33;29.6529;11:48:39
35;29.5355;11:48:39
49;29.6334;11:48:39
51;29.5551;11:48:39
65;29.6529;11:48:39
67;29.5551;11:48:39
1;29.6334;11:48:40
3;29.5355;11:48:40
17;29.6529;11:48:40
19;29.5551;11:48:40
33;29.6334;11:48:40
35;29.5355;11:48:40
49;29.6529;11:48:40
51;29.5551;11:48:40
1;29.6529;11:48:41
3;29.5355;11:48:41
17;29.6529;11:48:41
19;29.5355;11:48:41
33;29.6334;11:48:41
35;29.5355;11:48:41
49;29.6334;11:48:41
51;29.5355;11:48:41
1;29.6529;11:48:42
3;29.5355;11:48:42
17;29.6334;11:48:42
19;29.5355;11:48:42
33;29.6529;11:48:42
35;29.5355;11:48:42
49;29.6334;11:48:42
51;29.5355;11:48:42
1;29.6334;11:48:43
3;29.5355;11:48:43
17;29.6334;11:48:43
19;29.5355;11:48:43
33;29.6529;11:48:43
35;29.5355;11:48:43
49;29.6334;11:48:43
51;29.5355;11:48:43
1;29.6334;11:48:44
3;29.5355;11:48:44
17;29.6334;11:48:44
19;29.5355;11:48:44
33;29.6334;11:48:44
35;29.5355;11:48:44
49;29.6334;11:48:44
51;29.5355;11:48:44
1;29.6334;11:48:45
3;29.5355;11:48:45
17;29.6334;11:48:45
19;29.5355;11:48:45
33;29.6334;11:48:45
35;29.516;11:48:45
49;29.6334;11:48:45
51;29.5355;11:48:45
1;29.6334;11:48:46
3;29.516;11:48:46
17;29.6334;11:48:46
19;29.5355;11:48:46
33;29.6334;11:48:46
35;29.516;11:48:46
49;29.6334;11:48:46
51;29.516;11:48:46
1;29.6334;11:48:47
3;29.4964;11:48:47
17;29.6334;11:48:47
19;29.516;11:48:47
33;29.6334;11:48:47
35;29.516;11:48:47
49;29.6138;11:48:47
51;29.4964;11:48:47
1;29.6334;11:48:48
3;29.516;11:48:48
17;29.6334;11:48:48
19;29.4964;11:48:48
33;29.6138;11:48:48
35;29.516;11:48:48
49;29.6334;11:48:48
51;29.4964;11:48:48
1;29.6138;11:48:49
3;29.4964;11:48:49
17;29.6334;11:48:49
19;29.4964;11:48:49
33;29.6138;11:48:49
35;29.4964;11:48:49
49;29.6138;11:48:49
51;29.4964;11:48:49
1;29.6138;11:48:50
3;29.4964;11:48:50
17;29.6138;11:48:50
19;29.4964;11:48:50
33;29.5942;11:48:50
35;29.4964;11:48:50
49;29.5942;11:48:50
51;29.4769;11:48:50
1;29.6138;11:48:51
3;29.4964;11:48:51
17;29.5942;11:48:51
19;29.4964;11:48:51
33;29.6138;11:48:51
35;29.4964;11:48:51
49;29.5942;11:48:51
51;29.4769;11:48:51
65;29.6138;11:48:51
67;29.4964;11:48:51
1;29.5942;11:48:52
3;29.4964;11:48:52
17;29.6138;11:48:52
19;29.4964;11:48:52
33;29.5942;11:48:52
35;29.4964;11:48:52
49;29.5942;11:48:52
51;29.4769;11:48:52
1;29.5942;11:48:53
3;29.4964;11:48:53
17;29.5942;11:48:53
19;29.4964;11:48:53
33;29.5942;11:48:53
35;29.4769;11:48:53
49;29.5942;11:48:53
51;29.4964;11:48:53
1;29.5942;11:48:55
3;29.4769;11:48:55
17;29.5942;11:48:55
19;29.4769;11:48:55
33;29.5747;11:48:55
35;29.4769;11:48:55
49;29.5942;11:48:55
51;29.4769;11:48:55
1;29.5747;11:48:56
3;29.4769;11:48:56
17;29.5747;11:48:56
19;29.4769;11:48:56
33;29.5942;11:48:56
35;29.4769;11:48:56
49;29.5747;11:48:56
51;29.4769;11:48:56
1;29.5747;11:48:57
3;29.4769;11:48:57
17;29.5747;11:48:57
19;29.4769;11:48:57
33;29.5747;11:48:57
35;29.4769;11:48:57
49;29.5747;11:48:57
51;29.4769;11:48:57
1;29.5747;11:48:58
3;29.4573;11:48:58
17;29.5747;11:48:58
19;29.4769;11:48:58
33;29.5747;11:48:58
35;29.4769;11:48:58
49;29.5747;11:48:58
51;29.4769;11:48:58
1;29.5747;11:48:59
3;29.4769;11:48:59
17;29.5747;11:48:59
19;29.4573;11:48:59
33;29.5747;11:48:59
35;29.4769;11:48:59
49;29.5747;11:48:59
51;29.4769;11:48:59
1;29.5747;11:49:00
3;29.4769;11:49:00
17;29.5747;11:49:00
19;29.4573;11:49:00
33;29.5551;11:49:00
35;29.4769;11:49:00
49;29.5747;11:49:00
51;29.4573;11:49:00
1;29.5551;11:49:01
3;29.4573;11:49:01
17;29.5551;11:49:01
19;29.4573;11:49:01
33;29.5747;11:49:01
35;29.4573;11:49:01
49;29.5747;11:49:01
51;29.4769;11:49:01
1;29.5551;11:49:02
3;29.4573;11:49:02
17;29.5747;11:49:02
19;29.4573;11:49:02
33;29.5551;11:49:02
35;29.4377;11:49:02
49;29.5551;11:49:02
51;29.4573;11:49:02
1;29.5551;11:49:03
3;29.4573;11:49:03
17;29.5551;11:49:03
19;29.4377;11:49:03
33;29.5551;11:49:03
35;29.4377;11:49:03
49;29.5551;11:49:03
51;29.4573;11:49:03
1;29.5551;11:49:04
3;29.4377;11:49:04
17;29.5551;11:49:04
19;29.4573;11:49:04
33;29.5551;11:49:04
35;29.4377;11:49:04
49;29.5355;11:49:04
51;29.4573;11:49:04
1;29.5551;11:49:05
3;29.4377;11:49:05
17;29.5355;11:49:05
19;29.4573;11:49:05
33;29.5551;11:49:05
35;29.4573;11:49:05
49;29.5355;11:49:05
51;29.4377;11:49:05
1;29.5551;11:49:06
3;29.4377;11:49:06
17;29.5355;11:49:06
19;29.4377;11:49:06
33;29.5355;11:49:06
35;29.4377;11:49:06
49;29.5355;11:49:06
51;29.4377;11:49:06
65;29.5355;11:49:06
67;29.4377;11:49:06
1;29.516;11:49:07
3;29.4182;11:49:07
17;29.5355;11:49:07
19;29.4377;11:49:07
33;29.5355;11:49:07
35;29.4377;11:49:07
49;29.5355;11:49:07
51;29.4377;11:49:07
1;29.516;11:49:08
3;29.4377;11:49:08
17;29.5355;11:49:08
19;29.4182;11:49:08
33;29.5355;11:49:08
35;29.4377;11:49:08
49;29.516;11:49:08
51;29.4182;11:49:08
1;29.5355;11:49:09
3;29.4377;11:49:09
17;29.516;11:49:09
19;29.4182;11:49:09
33;29.516;11:49:09
35;29.4182;11:49:09
49;29.5355;11:49:09
51;29.4182;11:49:09
1;29.516;11:49:10
3;29.4182;11:49:10
17;29.5355;11:49:10
19;29.4182;11:49:10
33;29.516;11:49:10
35;29.4182;11:49:10
49;29.516;11:49:10
51;29.4182;11:49:10
1;29.5355;11:49:11
3;29.4182;11:49:11
17;29.516;11:49:11
19;29.4182;11:49:11
33;29.516;11:49:11
35;29.4182;11:49:11
49;29.5355;11:49:11
51;29.4182;11:49:11
1;29.516;11:49:12
3;29.4182;11:49:12
17;29.516;11:49:12
19;29.4182;11:49:12
33;29.516;11:49:12
35;29.4182;11:49:12
49;29.516;11:49:12
51;29.4182;11:49:12
1;29.516;11:49:13
3;29.4182;11:49:13
17;29.516;11:49:13
19;29.4182;11:49:13
33;29.516;11:49:13
35;29.4182;11:49:13
49;29.516;11:49:13
51;29.4182;11:49:13
1;29.516;11:49:14
3;29.4182;11:49:14
17;29.516;11:49:14
19;29.4182;11:49:14
33;29.516;11:49:14
35;29.4182;11:49:14
49;29.516;11:49:14
51;29.4182;11:49:14
1;29.516;11:49:15
3;29.4182;11:49:15
17;29.516;11:49:15
19;29.4182;11:49:15
33;29.516;11:49:15
35;29.3986;11:49:15
49;29.516;11:49:15
51;29.3986;11:49:15
1;29.4964;11:49:16
3;29.4182;11:49:16
17;29.516;11:49:16
19;29.3986;11:49:16
33;29.516;11:49:16
35;29.4182;11:49:16
49;29.4964;11:49:16
51;29.4182;11:49:16
1;29.4964;11:49:17
3;29.3986;11:49:17
17;29.516;11:49:17
19;29.3986;11:49:17
33;29.4964;11:49:17
35;29.3986;11:49:17
49;29.4964;11:49:17
51;29.3986;11:49:17
1;29.4964;11:49:18
3;29.3986;11:49:18
17;29.4964;11:49:18
19;29.3986;11:49:18
33;29.4964;11:49:18
35;29.379;11:49:18
49;29.4964;11:49:18
51;29.3986;11:49:18
1;29.4964;11:49:19
3;29.379;11:49:19
17;29.4964;11:49:19
19;29.3986;11:49:19
33;29.4964;11:49:19
35;29.379;11:49:19
49;29.4964;11:49:19
51;29.379;11:49:19
1;29.4769;11:49:20
3;29.3986;11:49:20
17;29.4964;11:49:20
19;29.379;11:49:20
33;29.4769;11:49:20
35;29.379;11:49:20
49;29.4964;11:49:20
51;29.379;11:49:20
1;29.4769;11:49:21
3;29.379;11:49:21
17;29.4769;11:49:21
19;29.379;11:49:21
33;29.4769;11:49:21
35;29.3595;11:49:21
49;29.4769;11:49:21
51;29.379;11:49:21
65;29.4769;11:49:21
67;29.3595;11:49:21
1;29.4964;11:49:22
3;29.379;11:49:22
17;29.4769;11:49:22
19;29.3595;11:49:22
33;29.4769;11:49:22
35;29.379;11:49:22
49;29.4769;11:49:22
51;29.379;11:49:22
1;29.4769;11:49:23
3;29.3595;11:49:23
17;29.4769;11:49:23
19;29.3595;11:49:23
33;29.4769;11:49:23
35;29.3595;11:49:23
49;29.4769;11:49:23
51;29.3595;11:49:23
1;29.4769;11:49:24
3;29.3595;11:49:24
17;29.4769;11:49:24
19;29.3595;11:49:24
33;29.4769;11:49:24
35;29.3595;11:49:24
49;29.4769;11:49:24
51;29.3595;11:49:24
1;29.4769;11:49:25
3;29.3595;11:49:25
17;29.4769;11:49:25
19;29.3595;11:49:25
33;29.4769;11:49:25
35;29.3595;11:49:25
49;29.4769;11:49:25
51;29.3595;11:49:25
1;29.4769;11:49:26
3;29.3595;11:49:26
17;29.4769;11:49:26
19;29.3595;11:49:26
33;29.4769;11:49:26
35;29.3595;11:49:26
49;29.4573;11:49:26
51;29.3595;11:49:26
1;29.4769;11:49:27
3;29.3595;11:49:27
17;29.4769;11:49:27
19;29.3595;11:49:27
33;29.4573;11:49:27
35;29.3399;11:49:27
49;29.4769;11:49:27
51;29.3595;11:49:27
1;29.4573;11:49:28
3;29.3399;11:49:28
17;29.4769;11:49:28
19;29.3399;11:49:28
33;29.4573;11:49:28
35;29.3595;11:49:28
49;29.4769;11:49:28
51;29.3399;11:49:28
1;29.4573;11:49:29
3;29.3399;11:49:29
17;29.4573;11:49:29
19;29.3399;11:49:29
33;29.4573;11:49:29
35;29.3399;11:49:29
49;29.4573;11:49:29
51;29.3399;11:49:29
1;29.4573;11:49:30
3;29.3595;11:49:30
17;29.4573;11:49:30
19;29.3399;11:49:30
33;29.4573;11:49:30
35;29.3399;11:49:30
49;29.4377;11:49:30
51;29.3399;11:49:30
1;29.4573;11:49:31
3;29.3399;11:49:31
17;29.4573;11:49:31
19;29.3399;11:49:31
33;29.4377;11:49:31
35;29.3204;11:49:31
49;29.4377;11:49:31
51;29.3399;11:49:31
1;29.4377;11:49:32
3;29.3204;11:49:32
17;29.4377;11:49:32
19;29.3399;11:49:32
33;29.4377;11:49:32
35;29.3204;11:49:32
49;29.4377;11:49:32
51;29.3204;11:49:32
1;29.4377;11:49:33
3;29.3204;11:49:33
17;29.4377;11:49:33
19;29.3399;11:49:33
33;29.4182;11:49:33
35;29.3204;11:49:33
49;29.4377;11:49:33
51;29.3204;11:49:33
1;29.4377;11:49:34
3;29.3204;11:49:34
17;29.4377;11:49:34
19;29.3204;11:49:34
33;29.4182;11:49:34
35;29.3204;11:49:34
49;29.4377;11:49:34
51;29.3204;11:49:34
1;29.4182;11:49:35
3;29.3204;11:49:35
17;29.4182;11:49:35
19;29.3204;11:49:35
33;29.4377;11:49:35
35;29.3204;11:49:35
49;29.4182;11:49:35
51;29.3204;11:49:35
1;29.4182;11:49:36
3;29.3204;11:49:36
17;29.4182;11:49:36
19;29.3204;11:49:36
33;29.4182;11:49:36
35;29.3204;11:49:36
49;29.4182;11:49:36
51;29.3204;11:49:36
65;29.4182;11:49:36
67;29.3204;11:49:36
1;29.4182;11:49:37
3;29.3204;11:49:37
17;29.4182;11:49:37
19;29.3204;11:49:37
33;29.4182;11:49:37
35;29.3204;11:49:37
49;29.4182;11:49:37
51;29.3204;11:49:37
1;29.4182;11:49:38
3;29.3204;11:49:38
17;29.4182;11:49:38
19;29.3204;11:49:38
33;29.4182;11:49:38
35;29.3204;11:49:38
49;29.4182;11:49:38
51;29.3204;11:49:38
1;29.4182;11:49:39
3;29.3204;11:49:39
17;29.4182;11:49:39
19;29.3204;11:49:39
33;29.4182;11:49:39
35;29.3008;11:49:39
49;29.4182;11:49:39
51;29.3204;11:49:39
1;29.4182;11:49:40
3;29.3204;11:49:40
17;29.4182;11:49:40
19;29.3008;11:49:40
33;29.4182;11:49:40
35;29.3204;11:49:40
49;29.4182;11:49:40
51;29.3008;11:49:40
1;29.4182;11:49:41
3;29.3204;11:49:41
17;29.3986;11:49:41
19;29.3008;11:49:41
33;29.3986;11:49:41
35;29.3204;11:49:41
49;29.4182;11:49:41
51;29.3008;11:49:41
1;29.3986;11:49:42
3;29.3204;11:49:42
17;29.3986;11:49:42
19;29.3008;11:49:42
33;29.4182;11:49:42
35;29.3008;11:49:42
49;29.3986;11:49:42
51;29.3008;11:49:42
1;29.3986;11:49:43
3;29.3204;11:49:43
17;29.3986;11:49:43
19;29.3008;11:49:43
33;29.379;11:49:43
35;29.3008;11:49:43
49;29.3986;11:49:43
51;29.3008;11:49:43
1;29.3986;11:49:44
3;29.3008;11:49:44
17;29.3986;11:49:44
19;29.2812;11:49:44
33;29.3986;11:49:44
35;29.3008;11:49:44
49;29.379;11:49:44
51;29.3008;11:49:44
1;29.3986;11:49:45
3;29.2812;11:49:45
17;29.3986;11:49:45
19;29.3008;11:49:45
33;29.379;11:49:45
35;29.3008;11:49:45
49;29.3986;11:49:45
51;29.3008;11:49:45
1;29.379;11:49:46
3;29.2812;11:49:46
17;29.3986;11:49:46
19;29.2812;11:49:46
33;29.3986;11:49:46
35;29.2812;11:49:46
49;29.379;11:49:46
51;29.2812;11:49:46
1;29.3986;11:49:47
3;29.2812;11:49:47
17;29.379;11:49:47
19;29.2812;11:49:47
33;29.379;11:49:47
35;29.2617;11:49:47
49;29.379;11:49:47
51;29.2812;11:49:47
1;29.379;11:49:48
3;29.2617;11:49:48
17;29.379;11:49:48
19;29.2812;11:49:48
33;29.379;11:49:48
35;29.2617;11:49:48
49;29.3595;11:49:48
51;29.2617;11:49:48
1;29.379;11:49:49
3;29.2617;11:49:49
17;29.3595;11:49:49
19;29.2617;11:49:49
33;29.379;11:49:49
35;29.2617;11:49:49
49;29.3595;11:49:49
51;29.2617;11:49:49
1;29.379;11:49:50
3;29.2812;11:49:50
17;29.3595;11:49:50
19;29.2617;11:49:50
33;29.3595;11:49:50
35;29.2617;11:49:50
49;29.3595;11:49:50
51;29.2617;11:49:50
1;29.3595;11:49:51
3;29.2812;11:49:51
17;29.3595;11:49:51
19;29.2617;11:49:51
33;29.3595;11:49:51
35;29.2617;11:49:51
49;29.3595;11:49:51
51;29.2617;11:49:51
1;29.3595;11:49:52
3;29.2617;11:49:52
17;29.3595;11:49:52
19;29.2617;11:49:52
33;29.3595;11:49:52
35;29.2617;11:49:52
49;29.3595;11:49:52
51;29.2617;11:49:52
65;29.3595;11:49:52
67;29.2617;11:49:52
1;29.3595;11:49:53
3;29.2617;11:49:53
17;29.3399;11:49:53
19;29.2617;11:49:53
33;29.3595;11:49:53
35;29.2617;11:49:53
49;29.3595;11:49:53
51;29.2617;11:49:53
1;29.3399;11:49:54
3;29.2617;11:49:54
17;29.3595;11:49:54
19;29.2617;11:49:54
33;29.3399;11:49:54
35;29.2617;11:49:54
49;29.3595;11:49:54
51;29.2421;11:49:54
1;29.3399;11:49:56
3;29.2421;11:49:56
17;29.3399;11:49:56
19;29.2617;11:49:56
33;29.3399;11:49:56
35;29.2421;11:49:56
49;29.3399;11:49:56
51;29.2617;11:49:56
1;29.3399;11:49:57
3;29.2421;11:49:57
17;29.3399;11:49:57
19;29.2421;11:49:57
33;29.3399;11:49:57
35;29.2421;11:49:57
49;29.3399;11:49:57
51;29.2421;11:49:57
1;29.3399;11:49:58
3;29.2421;11:49:58
17;29.3399;11:49:58
19;29.2421;11:49:58
33;29.3399;11:49:58
35;29.2421;11:49:58
49;29.3399;11:49:58
51;29.2421;11:49:58
1;29.3204;11:49:59
3;29.2421;11:49:59
17;29.3399;11:49:59
19;29.2421;11:49:59
33;29.3204;11:49:59
35;29.2421;11:49:59
49;29.3399;11:49:59
51;29.2225;11:49:59
1;29.3204;11:50:00
3;29.2225;11:50:00
17;29.3399;11:50:00
19;29.2225;11:50:00
33;29.3204;11:50:00
35;29.2225;11:50:00
49;29.3399;11:50:00
51;29.2225;11:50:00
1;29.3204;11:50:01
3;29.2225;11:50:01
17;29.3204;11:50:01
19;29.2225;11:50:01
33;29.3008;11:50:01
35;29.2225;11:50:01
49;29.3204;11:50:01
51;29.2225;11:50:01
1;29.3204;11:50:02
3;29.203;11:50:02
17;29.3008;11:50:02
19;29.2225;11:50:02
33;29.3008;11:50:02
35;29.203;11:50:02
49;29.3008;11:50:02
51;29.203;11:50:02
1;29.3008;11:50:03
3;29.203;11:50:03
17;29.3008;11:50:03
19;29.2225;11:50:03
33;29.3204;11:50:03
35;29.203;11:50:03
49;29.3008;11:50:03
51;29.203;11:50:03
1;29.3008;11:50:04
3;29.203;11:50:04
17;29.3204;11:50:04
19;29.203;11:50:04
33;29.3008;11:50:04
35;29.203;11:50:04
49;29.3008;11:50:04
51;29.203;11:50:04
1;29.3008;11:50:05
3;29.203;11:50:05
17;29.3008;11:50:05
19;29.203;11:50:05
33;29.3008;11:50:05
35;29.203;11:50:05
49;29.3008;11:50:05
51;29.203;11:50:05
1;29.3008;11:50:06
3;29.203;11:50:06
17;29.3008;11:50:06
19;29.203;11:50:06
33;29.3008;11:50:06
35;29.203;11:50:06
49;29.3008;11:50:06
51;29.203;11:50:06
1;29.2812;11:50:07
3;29.203;11:50:07
17;29.3008;11:50:07
19;29.1834;11:50:07
33;29.3008;11:50:07
35;29.203;11:50:07
49;29.3008;11:50:07
51;29.203;11:50:07
1;29.3008;11:50:08
3;29.203;11:50:08
17;29.3008;11:50:08
19;29.1834;11:50:08
33;29.3008;11:50:08
35;29.203;11:50:08
49;29.3008;11:50:08
51;29.1834;11:50:08
1;29.3008;11:50:09
3;29.203;11:50:09
17;29.2812;11:50:09
19;29.1834;11:50:09
33;29.3008;11:50:09
35;29.1834;11:50:09
49;29.3008;11:50:09
51;29.203;11:50:09
65;29.2812;11:50:09
67;29.1834;11:50:09
1;29.3008;11:50:10
3;29.1834;11:50:10
17;29.2812;11:50:10
19;29.1834;11:50:10
33;29.3008;11:50:10
35;29.1834;11:50:10
49;29.2812;11:50:10
51;29.1834;11:50:10
1;29.2812;11:50:11
3;29.1834;11:50:11
17;29.2812;11:50:11
19;29.1834;11:50:11
33;29.2812;11:50:11
35;29.1638;11:50:11
49;29.2812;11:50:11
51;29.1834;11:50:11
1;29.2812;11:50:12
3;29.1834;11:50:12
17;29.2617;11:50:12
19;29.1638;11:50:12
33;29.2812;11:50:12
35;29.1834;11:50:12
49;29.2812;11:50:12
51;29.1638;11:50:12
1;29.2617;11:50:13
3;29.1638;11:50:13
17;29.2812;11:50:13
19;29.1638;11:50:13
33;29.2617;11:50:13
35;29.1638;11:50:13
49;29.2617;11:50:13
51;29.1638;11:50:13
1;29.2617;11:50:14
3;29.1638;11:50:14
17;29.2617;11:50:14
19;29.1638;11:50:14
33;29.2812;11:50:14
35;29.1638;11:50:14
49;29.2617;11:50:14
51;29.1638;11:50:14
1;29.2617;11:50:15
3;29.1638;11:50:15
17;29.2617;11:50:15
19;29.1638;11:50:15
33;29.2617;11:50:15
35;29.1638;11:50:15
49;29.2617;11:50:15
51;29.1638;11:50:15
1;29.2617;11:50:16
3;29.1638;11:50:16
17;29.2617;11:50:16
19;29.1638;11:50:16
33;29.2617;11:50:16
35;29.1638;11:50:16
49;29.2617;11:50:16
51;29.1638;11:50:16
1;29.2617;11:50:17
3;29.1638;11:50:17
17;29.2617;11:50:17
19;29.1638;11:50:17
33;29.2617;11:50:17
35;29.1638;11:50:17
49;29.2617;11:50:17
51;29.1638;11:50:17
1;29.2617;11:50:18
3;29.1638;11:50:18
17;29.2617;11:50:18
19;29.1638;11:50:18
33;29.2617;11:50:18
35;29.1638;11:50:18
49;29.2617;11:50:18
51;29.1638;11:50:18
1;29.2617;11:50:19
3;29.1443;11:50:19
17;29.2617;11:50:19
19;29.1638;11:50:19
33;29.2617;11:50:19
35;29.1638;11:50:19
49;29.2617;11:50:19
51;29.1638;11:50:19
1;29.2617;11:50:20
3;29.1443;11:50:20
17;29.2421;11:50:20
19;29.1638;11:50:20
33;29.2617;11:50:20
35;29.1443;11:50:20
49;29.2617;11:50:20
51;29.1443;11:50:20
1;29.2421;11:50:21
3;29.1638;11:50:21
17;29.2617;11:50:21
19;29.1443;11:50:21
33;29.2421;11:50:21
35;29.1638;11:50:21
49;29.2617;11:50:21
51;29.1443;11:50:21
1;29.2421;11:50:22
3;29.1443;11:50:22
17;29.2421;11:50:22
19;29.1638;11:50:22
33;29.2421;11:50:22
35;29.1247;11:50:22
49;29.2421;11:50:22
51;29.1443;11:50:22
1;29.2421;11:50:23
3;29.1443;11:50:23
17;29.2225;11:50:23
19;29.1443;11:50:23
33;29.2421;11:50:23
35;29.1443;11:50:23
49;29.2225;11:50:23
51;29.1247;11:50:23
1;29.2225;11:50:24
3;29.1247;11:50:24
17;29.2421;11:50:24
19;29.1247;11:50:24
33;29.2225;11:50:24
35;29.1443;11:50:24
49;29.2225;11:50:24
51;29.1443;11:50:24
1;29.2225;11:50:25
3;29.1247;11:50:25
17;29.2225;11:50:25
19;29.1247;11:50:25
33;29.2421;11:50:25
35;29.1247;11:50:25
49;29.2225;11:50:25
51;29.1247;11:50:25
1;29.2225;11:50:26
3;29.1247;11:50:26
17;29.2225;11:50:26
19;29.1247;11:50:26
33;29.2225;11:50:26
35;29.1247;11:50:26
49;29.2225;11:50:26
51;29.1247;11:50:26
65;29.2225;11:50:26
67;29.1247;11:50:26
1;29.2225;11:50:27
3;29.1443;11:50:27
17;29.203;11:50:27
19;29.1247;11:50:27
33;29.2225;11:50:27
35;29.1052;11:50:27
49;29.2225;11:50:27
51;29.1247;11:50:27
1;29.2225;11:50:28
3;29.1052;11:50:28
17;29.203;11:50:28
19;29.1247;11:50:28
33;29.2225;11:50:28
35;29.1052;11:50:28
49;29.2225;11:50:28
51;29.1247;11:50:28
1;29.203;11:50:29
3;29.1052;11:50:29
17;29.203;11:50:29
19;29.1052;11:50:29
33;29.203;11:50:29
35;29.1052;11:50:29
49;29.2225;11:50:29
51;29.1052;11:50:29
1;29.203;11:50:30
3;29.1052;11:50:30
17;29.203;11:50:30
19;29.1052;11:50:30
33;29.203;11:50:30
35;29.1052;11:50:30
49;29.203;11:50:30
51;29.1052;11:50:30
1;29.203;11:50:31
3;29.1052;11:50:31
17;29.203;11:50:31
19;29.1052;11:50:31
33;29.203;11:50:31
35;29.1052;11:50:31
49;29.203;11:50:31
51;29.1052;11:50:31
1;29.203;11:50:32
3;29.1052;11:50:32
17;29.1834;11:50:32
19;29.1052;11:50:32
33;29.203;11:50:32
35;29.1052;11:50:32
49;29.203;11:50:32
51;29.1052;11:50:32
1;29.203;11:50:33
3;29.1052;11:50:33
17;29.203;11:50:33
19;29.1052;11:50:33
33;29.203;11:50:33
35;29.1052;11:50:33
49;29.203;11:50:33
51;29.1052;11:50:33
1;29.1834;11:50:34
3;29.1052;11:50:34
17;29.203;11:50:34
19;29.1052;11:50:34
33;29.1834;11:50:34
35;29.1052;11:50:34
49;29.203;11:50:34
51;29.1052;11:50:34
1;29.1834;11:50:35
3;29.1052;11:50:35
17;29.203;11:50:35
19;29.1052;11:50:35
33;29.1834;11:50:35
35;29.1052;11:50:35
49;29.203;11:50:35
51;29.1052;11:50:35
1;29.1834;11:50:36
3;29.0856;11:50:36
17;29.203;11:50:36
19;29.1052;11:50:36
33;29.1834;11:50:36
35;29.1052;11:50:36
49;29.1834;11:50:36
51;29.0856;11:50:36
1;29.1834;11:50:37
3;29.1052;11:50:37
17;29.1834;11:50:37
19;29.0856;11:50:37
33;29.1834;11:50:37
35;29.0856;11:50:37
49;29.1834;11:50:37
51;29.0856;11:50:37
1;29.1834;11:50:38
3;29.0856;11:50:38
17;29.1638;11:50:38
19;29.0856;11:50:38
33;29.1834;11:50:38
35;29.0856;11:50:38
49;29.1834;11:50:38
51;29.1052;11:50:38
1;29.1638;11:50:39
3;29.0856;11:50:39
17;29.1834;11:50:39
19;29.0856;11:50:39
33;29.1638;11:50:39
35;29.0856;11:50:39
49;29.1638;11:50:39
51;29.0856;11:50:39
1;29.1834;11:50:40
3;29.0856;11:50:40
17;29.1638;11:50:40
19;29.0856;11:50:40
33;29.1638;11:50:40
35;29.066;11:50:40
49;29.1638;11:50:40
51;29.0856;11:50:40
1;29.1638;11:50:41
3;29.066;11:50:41
17;29.1638;11:50:41
19;29.066;11:50:41
33;29.1638;11:50:41
35;29.0856;11:50:41
49;29.1638;11:50:41
51;29.066;11:50:41
1;29.1638;11:50:42
3;29.066;11:50:42
17;29.1638;11:50:42
19;29.066;11:50:42
33;29.1443;11:50:42
35;29.0856;11:50:42
49;29.1638;11:50:42
51;29.066;11:50:42
1;29.1443;11:50:43
3;29.066;11:50:43
17;29.1638;11:50:43
19;29.066;11:50:43
33;29.1638;11:50:43
35;29.066;11:50:43
49;29.1443;11:50:43
51;29.066;11:50:43
65;29.1443;11:50:43
67;29.066;11:50:43
1;29.1638;11:50:44
3;29.0465;11:50:44
17;29.1443;11:50:44
19;29.066;11:50:44
33;29.1638;11:50:44
35;29.0465;11:50:44
49;29.1443;11:50:44
51;29.066;11:50:44
1;29.1443;11:50:45
3;29.0465;11:50:45
17;29.1443;11:50:45
19;29.066;11:50:45
33;29.1638;11:50:45
35;29.0465;11:50:45
49;29.1443;11:50:45
51;29.066;11:50:45
1;29.1443;11:50:46
3;29.066;11:50:46
17;29.1443;11:50:46
19;29.0465;11:50:46
33;29.1443;11:50:46
35;29.066;11:50:46
49;29.1443;11:50:46
51;29.0465;11:50:46
1;29.1443;11:50:47
3;29.066;11:50:47
17;29.1443;11:50:47
19;29.0465;11:50:47
33;29.1443;11:50:47
35;29.0465;11:50:47
49;29.1443;11:50:47
51;29.0465;11:50:47
1;29.1443;11:50:48
3;29.0465;11:50:48
17;29.1443;11:50:48
19;29.0465;11:50:48
33;29.1443;11:50:48
35;29.0465;11:50:48
49;29.1443;11:50:48
51;29.0465;11:50:48
1;29.1443;11:50:49
3;29.0465;11:50:49
17;29.1443;11:50:49
19;29.0465;11:50:49
33;29.1443;11:50:49
35;29.0465;11:50:49
49;29.1443;11:50:49
51;29.0465;11:50:49
1;29.1443;11:50:50
3;29.0465;11:50:50
17;29.1443;11:50:50
19;29.0465;11:50:50
33;29.1443;11:50:50
35;29.0465;11:50:50
49;29.1443;11:50:50
51;29.0465;11:50:50
1;29.1443;11:50:51
3;29.0465;11:50:51
17;29.1443;11:50:51
19;29.0465;11:50:51
33;29.1443;11:50:51
35;29.0465;11:50:51
49;29.1247;11:50:51
51;29.0465;11:50:51
1;29.1443;11:50:52
3;29.0269;11:50:52
17;29.1443;11:50:52
19;29.0465;11:50:52
33;29.1247;11:50:52
35;29.0465;11:50:52
49;29.1443;11:50:52
51;29.0465;11:50:52
1;29.1247;11:50:53
3;29.0269;11:50:53
17;29.1247;11:50:53
19;29.0465;11:50:53
33;29.1247;11:50:53
35;29.0465;11:50:53
49;29.1443;11:50:53
51;29.0269;11:50:53
1;29.1052;11:50:54
3;29.0465;11:50:54
17;29.1247;11:50:54
19;29.0269;11:50:54
33;29.1247;11:50:54
35;29.0269;11:50:54
49;29.1247;11:50:54
51;29.0465;11:50:54
1;29.1052;11:50:55
3;29.0269;11:50:55
17;29.1247;11:50:55
19;29.0269;11:50:55
33;29.1247;11:50:55
35;29.0269;11:50:55
49;29.1247;11:50:55
51;29.0465;11:50:55
1;29.1052;11:50:56
3;29.0269;11:50:56
17;29.1247;11:50:56
19;29.0073;11:50:56
33;29.1052;11:50:56
35;29.0269;11:50:56
49;29.1052;11:50:56
51;29.0269;11:50:56
1;29.1247;11:50:57
3;29.0269;11:50:57
17;29.1052;11:50:57
19;29.0269;11:50:57
33;29.1247;11:50:57
35;29.0073;11:50:57
49;29.1247;11:50:57
51;29.0269;11:50:57
1;29.1052;11:50:58
3;29.0269;11:50:58
17;29.1052;11:50:58
19;29.0269;11:50:58
33;29.1052;11:50:58
35;29.0073;11:50:58
49;29.1052;11:50:58
51;29.0073;11:50:58
1;29.1052;11:50:59
3;29.0073;11:50:59
17;29.1052;11:50:59
19;29.0269;11:50:59
33;29.1052;11:50:59
35;29.0073;11:50:59
49;29.1052;11:50:59
51;29.0073;11:50:59
1;29.1052;11:51:00
3;29.0073;11:51:00
17;29.1052;11:51:00
19;29.0073;11:51:00
33;29.1052;11:51:00
35;29.0073;11:51:00
49;29.0856;11:51:00
51;29.0073;11:51:00
65;29.1052;11:51:00
67;29.0073;11:51:00
1;29.0856;11:51:01
3;29.0073;11:51:01
17;29.0856;11:51:01
19;29.0073;11:51:01
33;29.1052;11:51:01
35;29.0073;11:51:01
49;29.0856;11:51:01
51;29.0073;11:51:01
1;29.0856;11:51:02
3;29.0073;11:51:02
17;29.0856;11:51:02
19;29.0073;11:51:02
33;29.0856;11:51:02
35;29.0073;11:51:02
49;29.0856;11:51:02
51;29.0073;11:51:02
1;29.0856;11:51:04
3;29.0073;11:51:04
17;29.0856;11:51:04
19;29.0073;11:51:04
33;29.0856;11:51:04
35;29.0073;11:51:04
49;29.0856;11:51:04
51;29.0073;11:51:04
1;29.0856;11:51:05
3;29.0073;11:51:05
17;29.0856;11:51:05
19;29.0073;11:51:05
33;29.0856;11:51:05
35;29.0073;11:51:05
49;29.0856;11:51:05
51;28.9878;11:51:05
1;29.0856;11:51:06
3;29.0073;11:51:06
17;29.0856;11:51:06
19;29.0073;11:51:06
33;29.0856;11:51:06
35;28.9878;11:51:06
49;29.0856;11:51:06
51;29.0073;11:51:06
1;29.0856;11:51:07
3;28.9878;11:51:07
17;29.0856;11:51:07
19;28.9878;11:51:07
33;29.0856;11:51:07
35;29.0073;11:51:07
49;29.0856;11:51:07
51;28.9878;11:51:07
1;29.0856;11:51:08
3;28.9878;11:51:08
17;29.0856;11:51:08
19;28.9878;11:51:08
33;29.0856;11:51:08
35;28.9878;11:51:08
49;29.066;11:51:08
51;28.9878;11:51:08
1;29.066;11:51:09
3;28.9878;11:51:09
17;29.066;11:51:09
19;28.9878;11:51:09
33;29.066;11:51:09
35;28.9878;11:51:09
49;29.0856;11:51:09
51;28.9682;11:51:09
1;29.066;11:51:10
3;28.9878;11:51:10
17;29.066;11:51:10
19;28.9682;11:51:10
33;29.0465;11:51:10
35;28.9682;11:51:10
49;29.066;11:51:10
51;28.9682;11:51:10
1;29.0465;11:51:11
3;28.9878;11:51:11
17;29.0465;11:51:11
19;28.9487;11:51:11
33;29.066;11:51:11
35;28.9682;11:51:11
49;29.066;11:51:11
51;28.9682;11:51:11
1;29.066;11:51:12
3;28.9682;11:51:12
17;29.0465;11:51:12
19;28.9878;11:51:12
33;29.066;11:51:12
35;28.9682;11:51:12
49;29.0465;11:51:12
51;28.9682;11:51:12
1;29.066;11:51:13
3;28.9682;11:51:13
17;29.0465;11:51:13
19;28.9878;11:51:13
33;29.0465;11:51:13
35;28.9682;11:51:13
49;29.0465;11:51:13
51;28.9682;11:51:13
1;29.0465;11:51:14
3;28.9682;11:51:14
17;29.0465;11:51:14
19;28.9487;11:51:14
33;29.0465;11:51:14
35;28.9682;11:51:14
49;29.0465;11:51:14
51;28.9682;11:51:14
1;29.0465;11:51:15
3;28.9487;11:51:15
17;29.0465;11:51:15
19;28.9682;11:51:15
33;29.0465;11:51:15
35;28.9487;11:51:15
49;29.0465;11:51:15
51;28.9487;11:51:15
1;29.0465;11:51:16
3;28.9487;11:51:16
17;29.0465;11:51:16
19;28.9487;11:51:16
33;29.0465;11:51:16
35;28.9487;11:51:16
49;29.0465;11:51:16
51;28.9487;11:51:16
1;29.0465;11:51:17
3;28.9487;11:51:17
17;29.0465;11:51:17
19;28.9487;11:51:17
33;29.0465;11:51:17
35;28.9682;11:51:17
49;29.0465;11:51:17
51;28.9487;11:51:17
65;29.0465;11:51:17
67;28.9487;11:51:17
1;29.0465;11:51:18
3;28.9487;11:51:18
17;29.0465;11:51:18
19;28.9487;11:51:18
33;29.0465;11:51:18
35;28.9487;11:51:18
49;29.0465;11:51:18
51;28.9487;11:51:18
1;29.0465;11:51:19
3;28.9487;11:51:19
17;29.0465;11:51:19
19;28.9487;11:51:19
33;29.0269;11:51:19
35;28.9487;11:51:19
49;29.0465;11:51:19
51;28.9487;11:51:19
1;29.0269;11:51:20
3;28.9487;11:51:20
17;29.0465;11:51:20
19;28.9487;11:51:20
33;29.0269;11:51:20
35;28.9487;11:51:20
49;29.0269;11:51:20
51;28.9487;11:51:20
1;29.0465;11:51:21
3;28.9487;11:51:21
17;29.0269;11:51:21
19;28.9487;11:51:21
33;29.0465;11:51:21
35;28.9487;11:51:21
49;29.0269;11:51:21
51;28.9487;11:51:21
1;29.0269;11:51:22
3;28.9487;11:51:22
17;29.0269;11:51:22
19;28.9487;11:51:22
33;29.0269;11:51:22
35;28.9291;11:51:22
49;29.0269;11:51:22
51;28.9487;11:51:22
1;29.0269;11:51:23
3;28.9487;11:51:23
17;29.0269;11:51:23
19;28.9291;11:51:23
33;29.0073;11:51:23
35;28.9487;11:51:23
49;29.0269;11:51:23
51;28.9487;11:51:23
1;29.0269;11:51:24
3;28.9291;11:51:24
17;29.0073;11:51:24
19;28.9487;11:51:24
33;29.0269;11:51:24
35;28.9291;11:51:24
49;29.0073;11:51:24
51;28.9291;11:51:24
1;29.0073;11:51:25
3;28.9291;11:51:25
17;29.0269;11:51:25
19;28.9291;11:51:25
33;29.0073;11:51:25
35;28.9291;11:51:25
49;29.0269;11:51:25
51;28.9291;11:51:25
1;29.0269;11:51:26
3;28.9095;11:51:26
17;29.0073;11:51:26
19;28.9291;11:51:26
33;29.0269;11:51:26
35;28.9095;11:51:26
49;29.0269;11:51:26
51;28.9095;11:51:26
1;29.0269;11:51:27
3;28.9291;11:51:27
17;29.0073;11:51:27
19;28.9291;11:51:27
33;29.0269;11:51:27
35;28.9095;11:51:27
49;29.0269;11:51:27
51;28.9291;11:51:27
1;29.0073;11:51:28
3;28.9291;11:51:28
17;29.0269;11:51:28
19;28.9095;11:51:28
33;29.0073;11:51:28
35;28.9291;11:51:28
49;29.0269;11:51:28
51;28.9095;11:51:28
1;29.0073;11:51:29
3;28.9291;11:51:29
17;29.0269;11:51:29
19;28.9095;11:51:29
33;29.0269;11:51:29
35;28.9095;11:51:29
49;29.0073;11:51:29
51;28.9291;11:51:29
1;29.0073;11:51:30
3;28.9095;11:51:30
17;29.0269;11:51:30
19;28.9095;11:51:30
33;29.0073;11:51:30
35;28.9291;11:51:30
49;29.0073;11:51:30
51;28.9095;11:51:30
1;29.0073;11:51:31
3;28.9095;11:51:31
17;29.0073;11:51:31
19;28.9095;11:51:31
33;29.0073;11:51:31
35;28.9095;11:51:31
49;29.0073;11:51:31
51;28.9095;11:51:31
1;29.0073;11:51:32
3;28.9095;11:51:32
17;29.0073;11:51:32
19;28.9291;11:51:32
33;29.0073;11:51:32
35;28.9095;11:51:32
49;28.9878;11:51:32
51;28.89;11:51:32
65;29.0073;11:51:32
67;28.9095;11:51:32
1;28.9878;11:51:33
3;28.9095;11:51:33
17;29.0073;11:51:33
19;28.9291;11:51:33
33;28.9878;11:51:33
35;28.9095;11:51:33
49;28.9878;11:51:33
51;28.9095;11:51:33
1;29.0073;11:51:34
3;28.9095;11:51:34
17;28.9878;11:51:34
19;28.89;11:51:34
33;29.0073;11:51:34
35;28.9095;11:51:34
49;28.9878;11:51:34
51;28.9095;11:51:34
1;29.0073;11:51:35
3;28.89;11:51:35
17;28.9878;11:51:35
19;28.89;11:51:35
33;28.9878;11:51:35
35;28.89;11:51:35
49;28.9878;11:51:35
51;28.89;11:51:35
1;29.0073;11:51:36
3;28.89;11:51:36
17;28.9878;11:51:36
19;28.89;11:51:36
33;29.0073;11:51:36
35;28.89;11:51:36
49;29.0073;11:51:36
51;28.89;11:51:36
1;28.9878;11:51:37
3;28.89;11:51:37
17;28.9878;11:51:37
19;28.89;11:51:37
33;28.9878;11:51:37
35;28.89;11:51:37
49;28.9878;11:51:37
51;28.89;11:51:37
1;28.9878;11:51:38
3;28.89;11:51:38
17;28.9878;11:51:38
19;28.89;11:51:38
33;28.9878;11:51:38
35;28.89;11:51:38
49;28.9878;11:51:38
51;28.89;11:51:38
1;28.9878;11:51:39
3;28.89;11:51:39
17;28.9878;11:51:39
19;28.89;11:51:39
33;28.9878;11:51:39
35;28.89;11:51:39
49;28.9878;11:51:39
51;28.89;11:51:39
1;28.9878;11:51:40
3;28.89;11:51:40
17;28.9878;11:51:40
19;28.89;11:51:40
33;29.0073;11:51:40
35;28.8704;11:51:40
49;28.9878;11:51:40
51;28.89;11:51:40
1;28.9878;11:51:41
3;28.89;11:51:41
17;28.9878;11:51:41
19;28.89;11:51:41
33;28.9878;11:51:41
35;28.8704;11:51:41
49;28.9878;11:51:41
51;28.89;11:51:41
1;28.9878;11:51:42
3;28.8704;11:51:42
17;28.9878;11:51:42
19;28.89;11:51:42
33;28.9878;11:51:42
35;28.8704;11:51:42
49;28.9878;11:51:42
51;28.8704;11:51:42
1;28.9878;11:51:43
3;28.89;11:51:43
17;28.9878;11:51:43
19;28.8704;11:51:43
33;28.9878;11:51:43
35;28.8704;11:51:43
49;28.9878;11:51:43
51;28.89;11:51:43
1;28.9878;11:51:44
3;28.8704;11:51:44
17;28.9878;11:51:44
19;28.8704;11:51:44
33;28.9878;11:51:44
35;28.89;11:51:44
49;28.9878;11:51:44
51;28.8704;11:51:44
1;28.9878;11:51:45
3;28.8704;11:51:45
17;28.9878;11:51:45
19;28.8704;11:51:45
33;28.9682;11:51:45
35;28.8704;11:51:45
49;28.9878;11:51:45
51;28.8704;11:51:45
1;28.9878;11:51:46
3;28.8704;11:51:46
17;28.9878;11:51:46
19;28.8704;11:51:46
33;28.9682;11:51:46
35;28.8704;11:51:46
49;28.9878;11:51:46
51;28.8508;11:51:46
1;28.9878;11:51:47
3;28.8508;11:51:47
17;28.9682;11:51:47
19;28.8704;11:51:47
33;28.9878;11:51:47
35;28.8508;11:51:47
49;28.9682;11:51:47
51;28.8508;11:51:47
65;28.9878;11:51:47
67;28.8704;11:51:47
1;28.9682;11:51:48
3;28.8508;11:51:48
17;28.9682;11:51:48
19;28.8508;11:51:48
33;28.9682;11:51:48
35;28.8508;11:51:48
49;28.9682;11:51:48
51;28.8508;11:51:48
1;28.9682;11:51:49
3;28.8508;11:51:49
17;28.9682;11:51:49
19;28.8704;11:51:49
33;28.9682;11:51:49
35;28.8508;11:51:49
49;28.9682;11:51:49
51;28.8508;11:51:49
1;28.9682;11:51:50
3;28.8508;11:51:50
17;28.9682;11:51:50
19;28.8508;11:51:50
33;28.9682;11:51:50
35;28.8508;11:51:50
49;28.9487;11:51:50
51;28.8508;11:51:50
1;28.9682;11:51:51
3;28.8508;11:51:51
17;28.9487;11:51:51
19;28.8508;11:51:51
33;28.9682;11:51:51
35;28.8508;11:51:51
49;28.9487;11:51:51
51;28.8508;11:51:51
1;28.9487;11:51:52
3;28.8508;11:51:52
17;28.9487;11:51:52
19;28.8508;11:51:52
33;28.9487;11:51:52
35;28.8508;11:51:52
49;28.9682;11:51:52
51;28.8508;11:51:52
1;28.9487;11:51:53
3;28.8508;11:51:53
17;28.9487;11:51:53
19;28.8508;11:51:53
33;28.9487;11:51:53
35;28.8508;11:51:53
49;28.9487;11:51:53
51;28.8508;11:51:53
1;28.9487;11:51:54
3;28.8508;11:51:54
17;28.9487;11:51:54
19;28.8508;11:51:54
33;28.9487;11:51:54
35;28.8508;11:51:54
49;28.9487;11:51:54
51;28.8508;11:51:54
1;28.9487;11:51:55
3;28.8508;11:51:55
17;28.9487;11:51:55
19;28.8508;11:51:55
33;28.9487;11:51:55
35;28.8508;11:51:55
49;28.9487;11:51:55
51;28.8508;11:51:55
1;28.9682;11:51:56
3;28.8508;11:51:56
17;28.9682;11:51:56
19;28.8508;11:51:56
33;28.9878;11:51:56
35;28.8508;11:51:56
49;28.9878;11:51:56
51;28.8508;11:51:56
1;28.9682;11:51:57
3;28.8508;11:51:57
17;28.9878;11:51:57
19;28.8508;11:51:57
33;28.9878;11:51:57
35;28.8508;11:51:57
49;28.9878;11:51:57
51;28.8704;11:51:57
1;28.9878;11:51:58
3;28.8508;11:51:58
17;28.9878;11:51:58
19;28.8508;11:51:58
33;28.9878;11:51:58
35;28.8508;11:51:58
49;28.9878;11:51:58
51;28.8704;11:51:58
65;28.9878;11:51:58
67;28.8508;11:51:58
1;28.9878;11:52:00
3;28.8704;11:52:00
17;28.9878;11:52:00
19;28.8704;11:52:00
33;28.9878;11:52:00
35;28.8704;11:52:00
49;28.9878;11:52:00
51;28.8704;11:52:00
1;28.9878;11:52:01
3;28.8704;11:52:01
17;29.0073;11:52:01
19;28.8704;11:52:01
33;28.9878;11:52:01
35;28.89;11:52:01
49;29.0073;11:52:01
51;28.89;11:52:01
1;29.0073;11:52:02
3;28.8704;11:52:02
17;29.0073;11:52:02
19;28.89;11:52:02
33;29.0269;11:52:02
35;28.89;11:52:02
49;29.0269;11:52:02
51;28.89;11:52:02
1;29.0269;11:52:03
3;28.89;11:52:03
17;29.0465;11:52:03
19;28.89;11:52:03
33;29.0269;11:52:03
35;28.89;11:52:03
49;29.0465;11:52:03
51;28.89;11:52:03
1;29.0465;11:52:04
3;28.89;11:52:04
17;29.0465;11:52:04
19;28.89;11:52:04
33;29.0465;11:52:04
35;28.89;11:52:04
49;29.0465;11:52:04
51;28.89;11:52:04
1;29.0465;11:52:05
3;28.89;11:52:05
17;29.0465;11:52:05
19;28.89;11:52:05
33;29.0465;11:52:05
35;28.89;11:52:05
49;29.066;11:52:05
51;28.89;11:52:05
1;29.0465;11:52:06
3;28.9095;11:52:06
17;29.0465;11:52:06
19;28.89;11:52:06
33;29.066;11:52:06
35;28.89;11:52:06
49;29.0465;11:52:06
51;28.9095;11:52:06
1;29.0856;11:52:07
3;28.89;11:52:07
17;29.0856;11:52:07
19;28.9095;11:52:07
33;29.0856;11:52:07
35;28.9095;11:52:07
49;29.0856;11:52:07
51;28.9291;11:52:07
1;29.0856;11:52:08
3;28.9095;11:52:08
17;29.0856;11:52:08
19;28.9291;11:52:08
33;29.0856;11:52:08
35;28.9291;11:52:08
49;29.0856;11:52:08
51;28.9291;11:52:08
1;29.1052;11:52:09
3;28.9487;11:52:09
17;29.1052;11:52:09
19;28.9291;11:52:09
33;29.1052;11:52:09
35;28.9487;11:52:09
49;29.1052;11:52:09
51;28.9487;11:52:09
1;29.1247;11:52:10
3;28.9487;11:52:10
17;29.1247;11:52:10
19;28.9487;11:52:10
33;29.1247;11:52:10
35;28.9487;11:52:10
49;29.1247;11:52:10
51;28.9487;11:52:10
1;29.1247;11:52:11
3;28.9487;11:52:11
17;29.1247;11:52:11
19;28.9487;11:52:11
33;29.1247;11:52:11
35;28.9487;11:52:11
49;29.1443;11:52:11
51;28.9487;11:52:11
1;29.1443;11:52:12
3;28.9487;11:52:12
17;29.1247;11:52:12
19;28.9682;11:52:12
33;29.1443;11:52:12
35;28.9682;11:52:12
49;29.1443;11:52:12
51;28.9682;11:52:12
65;29.1443;11:52:12
67;28.9682;11:52:12
1;29.1638;11:52:13
3;28.9682;11:52:13
17;29.1638;11:52:13
19;28.9682;11:52:13
33;29.1638;11:52:13
35;28.9878;11:52:13
49;29.1834;11:52:13
51;29.0073;11:52:13
1;29.1638;11:52:14
3;28.9682;11:52:14
17;29.1834;11:52:14
19;29.0073;11:52:14
33;29.203;11:52:14
35;28.9878;11:52:14
49;29.1834;11:52:14
51;29.0073;11:52:14
1;29.203;11:52:15
3;28.9878;11:52:15
17;29.203;11:52:15
19;29.0073;11:52:15
33;29.203;11:52:15
35;29.0073;11:52:15
49;29.203;11:52:15
51;29.0073;11:52:15
1;29.203;11:52:16
3;29.0073;11:52:16
17;29.203;11:52:16
19;29.0073;11:52:16
33;29.203;11:52:16
35;29.0073;11:52:16
49;29.203;11:52:16
51;29.0073;11:52:16
1;29.2225;11:52:17
3;29.0073;11:52:17
17;29.203;11:52:17
19;29.0073;11:52:17
33;29.2225;11:52:17
35;29.0269;11:52:17
49;29.2225;11:52:17
51;29.0269;11:52:17
1;29.2421;11:52:18
3;29.0269;11:52:18
17;29.2421;11:52:18
19;29.0269;11:52:18
33;29.2617;11:52:18
35;29.0269;11:52:18
49;29.2421;11:52:18
51;29.0465;11:52:18
1;29.2617;11:52:19
3;29.0269;11:52:19
17;29.2617;11:52:19
19;29.0465;11:52:19
33;29.2617;11:52:19
35;29.0465;11:52:19
49;29.2617;11:52:19
51;29.0465;11:52:19
1;29.2617;11:52:20
3;29.0465;11:52:20
17;29.2617;11:52:20
19;29.0465;11:52:20
33;29.2617;11:52:20
35;29.0465;11:52:20
49;29.2617;11:52:20
51;29.0465;11:52:20
1;29.2812;11:52:21
3;29.0465;11:52:21
17;29.2617;11:52:21
19;29.0465;11:52:21
33;29.2617;11:52:21
35;29.0465;11:52:21
49;29.2812;11:52:21
51;29.0465;11:52:21
1;29.2812;11:52:22
3;29.0465;11:52:22
17;29.2812;11:52:22
19;29.066;11:52:22
33;29.3008;11:52:22
35;29.0465;11:52:22
49;29.3008;11:52:22
51;29.066;11:52:22
1;29.3008;11:52:23
3;29.066;11:52:23
17;29.3008;11:52:23
19;29.066;11:52:23
33;29.3204;11:52:23
35;29.0856;11:52:23
49;29.3204;11:52:23
51;29.066;11:52:23
1;29.3008;11:52:24
3;29.0856;11:52:24
17;29.3399;11:52:24
19;29.0856;11:52:24
33;29.3204;11:52:24
35;29.1052;11:52:24
49;29.3399;11:52:24
51;29.0856;11:52:24
1;29.3399;11:52:25
3;29.0856;11:52:25
17;29.3595;11:52:25
19;29.0856;11:52:25
33;29.3399;11:52:25
35;29.1052;11:52:25
49;29.3595;11:52:25
51;29.0856;11:52:25
1;29.3595;11:52:26
3;29.1052;11:52:26
17;29.3595;11:52:26
19;29.1052;11:52:26
33;29.3595;11:52:26
35;29.1052;11:52:26
49;29.3595;11:52:26
51;29.1052;11:52:26
1;29.3595;11:52:27
3;29.1052;11:52:27
17;29.3595;11:52:27
19;29.1052;11:52:27
33;29.3595;11:52:27
35;29.1052;11:52:27
49;29.379;11:52:27
51;29.1052;11:52:27
1;29.379;11:52:28
3;29.1247;11:52:28
17;29.3986;11:52:28
19;29.1247;11:52:28
33;29.379;11:52:28
35;29.1247;11:52:28
49;29.3986;11:52:28
51;29.1247;11:52:28
1;29.4182;11:52:29
3;29.1247;11:52:29
17;29.3986;11:52:29
19;29.1247;11:52:29
33;29.4182;11:52:29
35;29.1443;11:52:29
49;29.4182;11:52:29
51;29.1443;11:52:29
65;29.4182;11:52:29
67;29.1638;11:52:29
1;29.4182;11:52:30
3;29.1443;11:52:30
17;29.4182;11:52:30
19;29.1638;11:52:30
33;29.4182;11:52:30
35;29.1443;11:52:30
49;29.4182;11:52:30
51;29.1638;11:52:30
1;29.4182;11:52:31
3;29.1638;11:52:31
17;29.4182;11:52:31
19;29.1638;11:52:31
33;29.4377;11:52:31
35;29.1638;11:52:31
49;29.4182;11:52:31
51;29.1638;11:52:31
1;29.4182;11:52:32
3;29.1638;11:52:32
17;29.4377;11:52:32
19;29.1638;11:52:32
33;29.4377;11:52:32
35;29.1638;11:52:32
49;29.4377;11:52:32
51;29.1638;11:52:32
1;29.4377;11:52:33
3;29.1638;11:52:33
17;29.4769;11:52:33
19;29.1834;11:52:33
33;29.4573;11:52:33
35;29.1834;11:52:33
49;29.4769;11:52:33
51;29.1834;11:52:33
1;29.4769;11:52:34
3;29.203;11:52:34
17;29.4769;11:52:34
19;29.1834;11:52:34
33;29.4769;11:52:34
35;29.203;11:52:34
49;29.4769;11:52:34
51;29.203;11:52:34
1;29.4769;11:52:35
3;29.203;11:52:35
17;29.4769;11:52:35
19;29.203;11:52:35
33;29.4964;11:52:35
35;29.203;11:52:35
49;29.4769;11:52:35
51;29.203;11:52:35
1;29.4769;11:52:36
3;29.203;11:52:36
17;29.4964;11:52:36
19;29.203;11:52:36
33;29.4964;11:52:36
35;29.203;11:52:36
49;29.4964;11:52:36
51;29.203;11:52:36
1;29.4964;11:52:37
3;29.203;11:52:37
17;29.516;11:52:37
19;29.203;11:52:37
33;29.516;11:52:37
35;29.2225;11:52:37
49;29.516;11:52:37
51;29.2225;11:52:37
1;29.516;11:52:38
3;29.2225;11:52:38
17;29.516;11:52:38
19;29.2421;11:52:38
33;29.5355;11:52:38
35;29.2421;11:52:38
49;29.5355;11:52:38
51;29.2421;11:52:38
1;29.5355;11:52:39
3;29.2617;11:52:39
17;29.5355;11:52:39
19;29.2421;11:52:39
33;29.5355;11:52:39
35;29.2617;11:52:39
49;29.5551;11:52:39
51;29.2617;11:52:39
1;29.5551;11:52:40
3;29.2617;11:52:40
17;29.5551;11:52:40
19;29.2617;11:52:40
33;29.5551;11:52:40
35;29.2617;11:52:40
49;29.5551;11:52:40
51;29.2617;11:52:40
1;29.5747;11:52:41
3;29.2617;11:52:41
17;29.5551;11:52:41
19;29.2617;11:52:41
33;29.5551;11:52:41
35;29.2617;11:52:41
49;29.5747;11:52:41
51;29.2617;11:52:41
1;29.5747;11:52:42
3;29.2617;11:52:42
17;29.5747;11:52:42
19;29.2812;11:52:42
33;29.5747;11:52:42
35;29.2812;11:52:42
49;29.5747;11:52:42
51;29.2812;11:52:42
1;29.5747;11:52:43
3;29.2812;11:52:43
17;29.5942;11:52:43
19;29.2812;11:52:43
33;29.5747;11:52:43
35;29.3008;11:52:43
49;29.5942;11:52:43
51;29.3008;11:52:43
65;29.6138;11:52:43
67;29.3008;11:52:43
1;29.5942;11:52:44
3;29.3008;11:52:44
17;29.6138;11:52:44
19;29.3204;11:52:44
33;29.6334;11:52:44
35;29.3204;11:52:44
49;29.6334;11:52:44
51;29.3204;11:52:44
1;29.6334;11:52:45
3;29.3008;11:52:45
17;29.6334;11:52:45
19;29.3204;11:52:45
33;29.6334;11:52:45
35;29.3204;11:52:45
49;29.6334;11:52:45
51;29.3204;11:52:45
1;29.6334;11:52:46
3;29.3204;11:52:46
17;29.6334;11:52:46
19;29.3204;11:52:46
33;29.6334;11:52:46
35;29.3204;11:52:46
49;29.6334;11:52:46
51;29.3204;11:52:46
1;29.6334;11:52:47
3;29.3204;11:52:47
17;29.6334;11:52:47
19;29.3204;11:52:47
33;29.6334;11:52:47
35;29.3204;11:52:47
49;29.6334;11:52:47
51;29.3204;11:52:47
1;29.6334;11:52:48
3;29.3399;11:52:48
17;29.6334;11:52:48
19;29.3595;11:52:48
33;29.6725;11:52:48
35;29.3399;11:52:48
49;29.6725;11:52:48
51;29.3595;11:52:48
1;29.6725;11:52:49
3;29.3595;11:52:49
17;29.6725;11:52:49
19;29.3595;11:52:49
33;29.6725;11:52:49
35;29.3595;11:52:49
49;29.6725;11:52:49
51;29.3595;11:52:49
1;29.6725;11:52:50
3;29.3595;11:52:50
17;29.6725;11:52:50
19;29.3595;11:52:50
33;29.6725;11:52:50
35;29.379;11:52:50
49;29.692;11:52:50
51;29.3595;11:52:50
1;29.692;11:52:51
3;29.3595;11:52:51
17;29.692;11:52:51
19;29.3595;11:52:51
33;29.692;11:52:51
35;29.3595;11:52:51
49;29.7116;11:52:51
51;29.379;11:52:51
1;29.692;11:52:52
3;29.379;11:52:52
17;29.692;11:52:52
19;29.379;11:52:52
33;29.692;11:52:52
35;29.379;11:52:52
49;29.7116;11:52:52
51;29.379;11:52:52
1;29.7116;11:52:53
3;29.3986;11:52:53
17;29.7312;11:52:53
19;29.3986;11:52:53
33;29.7116;11:52:53
35;29.3986;11:52:53
49;29.7312;11:52:53
51;29.3986;11:52:53
1;29.7312;11:52:54
3;29.4182;11:52:54
17;29.7312;11:52:54
19;29.4182;11:52:54
33;29.7312;11:52:54
35;29.4182;11:52:54
49;29.7312;11:52:54
51;29.4182;11:52:54
1;29.7507;11:52:55
3;29.4182;11:52:55
17;29.7312;11:52:55
19;29.4182;11:52:55
33;29.7507;11:52:55
35;29.4182;11:52:55
49;29.7507;11:52:55
51;29.4182;11:52:55
1;29.7703;11:52:56
3;29.4182;11:52:56
17;29.7703;11:52:56
19;29.4377;11:52:56
33;29.7703;11:52:56
35;29.4182;11:52:56
49;29.7703;11:52:56
51;29.4377;11:52:56
1;29.7703;11:52:57
3;29.4182;11:52:57
17;29.7899;11:52:57
19;29.4377;11:52:57
33;29.7703;11:52:57
35;29.4377;11:52:57
49;29.7703;11:52:57
51;29.4377;11:52:57
1;29.7899;11:52:58
3;29.4573;11:52:58
17;29.7899;11:52:58
19;29.4377;11:52:58
33;29.7899;11:52:58
35;29.4769;11:52:58
49;29.7899;11:52:58
51;29.4573;11:52:58
1;29.7899;11:52:59
3;29.4573;11:52:59
17;29.8094;11:52:59
19;29.4769;11:52:59
33;29.7899;11:52:59
35;29.4769;11:52:59
49;29.8094;11:52:59
51;29.4769;11:52:59
65;29.829;11:52:59
67;29.4769;11:52:59
1;29.829;11:53:00
3;29.4769;11:53:00
17;29.829;11:53:00
19;29.4769;11:53:00
33;29.829;11:53:00
35;29.4769;11:53:00
49;29.8485;11:53:00
51;29.4769;11:53:00
1;29.829;11:53:02
3;29.4769;11:53:02
17;29.829;11:53:02
19;29.4964;11:53:02
33;29.8485;11:53:02
35;29.4964;11:53:02
49;29.829;11:53:02
51;29.4964;11:53:02
1;29.8485;11:53:03
3;29.4964;11:53:03
17;29.8485;11:53:03
19;29.4769;11:53:03
33;29.8485;11:53:03
35;29.4964;11:53:03
49;29.8485;11:53:03
51;29.4964;11:53:03
1;29.8485;11:53:04
3;29.4964;11:53:04
17;29.8485;11:53:04
19;29.516;11:53:04
33;29.8485;11:53:04
35;29.4964;11:53:04
49;29.8485;11:53:04
51;29.5355;11:53:04
1;29.8681;11:53:05
3;29.516;11:53:05
17;29.8877;11:53:05
19;29.5355;11:53:05
33;29.8681;11:53:05
35;29.5355;11:53:05
49;29.8877;11:53:05
51;29.516;11:53:05
1;29.8877;11:53:06
3;29.5355;11:53:06
17;29.8877;11:53:06
19;29.5355;11:53:06
33;29.8877;11:53:06
35;29.5355;11:53:06
49;29.8877;11:53:06
51;29.5355;11:53:06
1;29.8877;11:53:07
3;29.5355;11:53:07
17;29.8877;11:53:07
19;29.5355;11:53:07
33;29.8877;11:53:07
35;29.5355;11:53:07
49;29.9072;11:53:07
51;29.5355;11:53:07
1;29.8877;11:53:08
3;29.5355;11:53:08
17;29.8877;11:53:08
19;29.5355;11:53:08
33;29.8877;11:53:08
35;29.5355;11:53:08
49;29.8877;11:53:08
51;29.5355;11:53:08
1;29.9072;11:53:09
3;29.5355;11:53:09
17;29.9072;11:53:09
19;29.5551;11:53:09
33;29.9072;11:53:09
35;29.5551;11:53:09
49;29.9072;11:53:09
51;29.5551;11:53:09
1;29.9268;11:53:10
3;29.5551;11:53:10
17;29.9268;11:53:10
19;29.5747;11:53:10
33;29.9268;11:53:10
35;29.5747;11:53:10
49;29.9464;11:53:10
51;29.5747;11:53:10
1;29.9268;11:53:11
3;29.5747;11:53:11
17;29.9464;11:53:11
19;29.5747;11:53:11
33;29.9464;11:53:11
35;29.5942;11:53:11
49;29.9464;11:53:11
51;29.5747;11:53:11
1;29.9464;11:53:12
3;29.5747;11:53:12
17;29.9464;11:53:12
19;29.5942;11:53:12
33;29.9464;11:53:12
35;29.5942;11:53:12
49;29.9464;11:53:12
51;29.5747;11:53:12
1;29.9464;11:53:13
3;29.5942;11:53:13
17;29.9464;11:53:13
19;29.5942;11:53:13
33;29.9659;11:53:13
35;29.5942;11:53:13
49;29.9464;11:53:13
51;29.5942;11:53:13
1;29.9659;11:53:14
3;29.5942;11:53:14
17;29.9659;11:53:14
19;29.5942;11:53:14
33;29.9659;11:53:14
35;29.5942;11:53:14
49;29.9659;11:53:14
51;29.6138;11:53:14
65;29.9659;11:53:14
67;29.6138;11:53:14
1;29.9855;11:53:15
3;29.6138;11:53:15
17;29.9855;11:53:15
19;29.5942;11:53:15
33;30.005;11:53:15
35;29.6334;11:53:15
49;30.005;11:53:15
51;29.6138;11:53:15
1;30.005;11:53:16
3;29.6334;11:53:16
17;30.005;11:53:16
19;29.6138;11:53:16
33;30.005;11:53:16
35;29.6334;11:53:16
49;30.005;11:53:16
51;29.6334;11:53:16
1;30.005;11:53:17
3;29.6334;11:53:17
17;30.005;11:53:17
19;29.6334;11:53:17
33;30.0246;11:53:17
35;29.6334;11:53:17
49;30.005;11:53:17
51;29.6334;11:53:17
1;30.0246;11:53:18
3;29.6334;11:53:18
17;30.0246;11:53:18
19;29.6334;11:53:18
33;30.0246;11:53:18
35;29.6334;11:53:18
49;30.0246;11:53:18
51;29.6334;11:53:18
1;30.0442;11:53:19
3;29.6334;11:53:19
17;30.0246;11:53:19
19;29.6334;11:53:19
33;30.0442;11:53:19
35;29.6334;11:53:19
49;30.0442;11:53:19
51;29.6334;11:53:19
1;30.0442;11:53:20
3;29.6529;11:53:20
17;30.0442;11:53:20
19;29.6529;11:53:20
33;30.0442;11:53:20
35;29.6725;11:53:20
49;30.0442;11:53:20
51;29.6529;11:53:20
1;30.0637;11:53:21
3;29.6725;11:53:21
17;30.0442;11:53:21
19;29.6725;11:53:21
33;30.0833;11:53:21
35;29.692;11:53:21
49;30.0637;11:53:21
51;29.6725;11:53:21
1;30.0637;11:53:22
3;29.6725;11:53:22
17;30.0833;11:53:22
19;29.692;11:53:22
33;30.0833;11:53:22
35;29.692;11:53:22
49;30.0833;11:53:22
51;29.692;11:53:22
1;30.0833;11:53:23
3;29.692;11:53:23
17;30.0833;11:53:23
19;29.692;11:53:23
33;30.0833;11:53:23
35;29.692;11:53:23
49;30.1029;11:53:23
51;29.692;11:53:23
1;30.0833;11:53:24
3;29.692;11:53:24
17;30.1029;11:53:24
19;29.692;11:53:24
33;30.1029;11:53:24
35;29.692;11:53:24
49;30.1029;11:53:24
51;29.7116;11:53:24
1;30.1029;11:53:25
3;29.7116;11:53:25
17;30.1029;11:53:25
19;29.7116;11:53:25
33;30.1224;11:53:25
35;29.7312;11:53:25
49;30.1029;11:53:25
51;29.7116;11:53:25
1;30.1224;11:53:26
3;29.7312;11:53:26
17;30.1224;11:53:26
19;29.7312;11:53:26
33;30.1224;11:53:26
35;29.7312;11:53:26
49;30.142;11:53:26
51;29.7312;11:53:26
1;30.142;11:53:27
3;29.7312;11:53:27
17;30.142;11:53:27
19;29.7312;11:53:27
33;30.1615;11:53:27
35;29.7312;11:53:27
49;30.142;11:53:27
51;29.7507;11:53:27
1;30.1615;11:53:28
3;29.7312;11:53:28
17;30.1615;11:53:28
19;29.7507;11:53:28
33;30.142;11:53:28
35;29.7507;11:53:28
49;30.1615;11:53:28
51;29.7312;11:53:28
65;30.1615;11:53:28
67;29.7507;11:53:28
1;30.1615;11:53:29
3;29.7507;11:53:29
17;30.1615;11:53:29
19;29.7507;11:53:29
33;30.1615;11:53:29
35;29.7703;11:53:29
49;30.1615;11:53:29
51;29.7507;11:53:29
1;30.1811;11:53:30
3;29.7703;11:53:30
17;30.1615;11:53:30
19;29.7703;11:53:30
33;30.1811;11:53:30
35;29.7899;11:53:30
49;30.1811;11:53:30
51;29.7899;11:53:30
1;30.1811;11:53:31
3;29.7899;11:53:31
17;30.2007;11:53:31
19;29.7899;11:53:31
33;30.2007;11:53:31
35;29.7899;11:53:31
49;30.2007;11:53:31
51;29.7899;11:53:31
1;30.2007;11:53:32
3;29.7899;11:53:32
17;30.2007;11:53:32
19;29.7899;11:53:32
33;30.2202;11:53:32
35;29.8094;11:53:32
49;30.2202;11:53:32
51;29.7899;11:53:32
1;30.2202;11:53:33
3;29.8094;11:53:33
17;30.2202;11:53:33
19;29.8094;11:53:33
33;30.2202;11:53:33
35;29.8094;11:53:33
49;30.2202;11:53:33
51;29.8094;11:53:33
1;30.2202;11:53:34
3;29.8094;11:53:34
17;30.2202;11:53:34
19;29.8094;11:53:34
33;30.2202;11:53:34
35;29.8094;11:53:34
49;30.2202;11:53:34
51;29.829;11:53:34
1;30.2202;11:53:35
3;29.8094;11:53:35
17;30.2202;11:53:35
19;29.829;11:53:35
33;30.2202;11:53:35
35;29.829;11:53:35
49;30.2202;11:53:35
51;29.829;11:53:35
1;30.2398;11:53:36
3;29.829;11:53:36
17;30.2594;11:53:36
19;29.8485;11:53:36
33;30.2594;11:53:36
35;29.8485;11:53:36
49;30.2594;11:53:36
51;29.8485;11:53:36
1;30.2594;11:53:37
3;29.8485;11:53:37
17;30.2594;11:53:37
19;29.8485;11:53:37
33;30.2594;11:53:37
35;29.8485;11:53:37
49;30.2594;11:53:37
51;29.8485;11:53:37
1;30.2594;11:53:38
3;29.8485;11:53:38
17;30.2594;11:53:38
19;29.8681;11:53:38
33;30.2594;11:53:38
35;29.8485;11:53:38
49;30.2594;11:53:38
51;29.8681;11:53:38
1;30.2594;11:53:39
3;29.8485;11:53:39
17;30.2594;11:53:39
19;29.8877;11:53:39
33;30.2594;11:53:39
35;29.8681;11:53:39
49;30.2789;11:53:39
51;29.8681;11:53:39
1;30.2789;11:53:40
3;29.8681;11:53:40
17;30.2789;11:53:40
19;29.8681;11:53:40
33;30.2789;11:53:40
35;29.8877;11:53:40
49;30.2985;11:53:40
51;29.8877;11:53:40
1;30.2985;11:53:41
3;29.8877;11:53:41
17;30.2985;11:53:41
19;29.8877;11:53:41
33;30.318;11:53:41
35;29.8877;11:53:41
49;30.318;11:53:41
51;29.8877;11:53:41
65;30.318;11:53:41
67;29.8877;11:53:41
1;30.318;11:53:42
3;29.8877;11:53:42
17;30.318;11:53:42
19;29.8877;11:53:42
33;30.318;11:53:42
35;29.9072;11:53:42
49;30.318;11:53:42
51;29.9072;11:53:42
1;30.318;11:53:43
3;29.9072;11:53:43
17;30.318;11:53:43
19;29.9072;11:53:43
33;30.318;11:53:43
35;29.9072;11:53:43
49;30.318;11:53:43
51;29.9268;11:53:43
1;30.318;11:53:44
3;29.9072;11:53:44
17;30.318;11:53:44
19;29.9268;11:53:44
33;30.318;11:53:44
35;29.9072;11:53:44
49;30.3376;11:53:44
51;29.9464;11:53:44
1;30.318;11:53:45
3;29.9268;11:53:45
17;30.3376;11:53:45
19;29.9268;11:53:45
33;30.3572;11:53:45
35;29.9464;11:53:45
49;30.3572;11:53:45
51;29.9464;11:53:45
1;30.3572;11:53:46
3;29.9464;11:53:46
17;30.3572;11:53:46
19;29.9464;11:53:46
33;30.3572;11:53:46
35;29.9464;11:53:46
49;30.3767;11:53:46
51;29.9464;11:53:46
1;30.3767;11:53:47
3;29.9464;11:53:47
17;30.3767;11:53:47
19;29.9464;11:53:47
33;30.3767;11:53:47
35;29.9464;11:53:47
49;30.3767;11:53:47
51;29.9659;11:53:47
1;30.3767;11:53:48
3;29.9659;11:53:48
17;30.3767;11:53:48
19;29.9659;11:53:48
33;30.3767;11:53:48
35;29.9659;11:53:48
49;30.3767;11:53:48
51;29.9659;11:53:48
1;30.3767;11:53:49
3;29.9659;11:53:49
17;30.3767;11:53:49
19;29.9855;11:53:49
33;30.3767;11:53:49
35;29.9659;11:53:49
49;30.3767;11:53:49
51;29.9659;11:53:49
1;30.3767;11:53:50
3;29.9855;11:53:50
17;30.3963;11:53:50
19;29.9855;11:53:50
33;30.3767;11:53:50
35;29.9659;11:53:50
49;30.3963;11:53:50
51;29.9855;11:53:50
1;30.4159;11:53:51
3;29.9855;11:53:51
17;30.3963;11:53:51
19;30.005;11:53:51
33;30.4159;11:53:51
35;30.005;11:53:51
49;30.4159;11:53:51
51;30.005;11:53:51
1;30.4159;11:53:52
3;30.005;11:53:52
17;30.4159;11:53:52
19;30.005;11:53:52
33;30.4159;11:53:52
35;30.005;11:53:52
49;30.4159;11:53:52
51;30.005;11:53:52
1;30.4159;11:53:53
3;30.0246;11:53:53
17;30.4354;11:53:53
19;30.005;11:53:53
33;30.4159;11:53:53
35;30.005;11:53:53
49;30.4354;11:53:53
51;30.0246;11:53:53
1;30.4159;11:53:54
3;30.005;11:53:54
17;30.4159;11:53:54
19;30.0246;11:53:54
33;30.4354;11:53:54
35;30.0246;11:53:54
49;30.4354;11:53:54
51;30.0246;11:53:54
1;30.4354;11:53:55
3;30.005;11:53:55
17;30.4354;11:53:55
19;30.0442;11:53:55
33;30.4354;11:53:55
35;30.0246;11:53:55
49;30.455;11:53:55
51;30.0246;11:53:55
1;30.455;11:53:56
3;30.0442;11:53:56
17;30.455;11:53:56
19;30.0442;11:53:56
33;30.455;11:53:56
35;30.0442;11:53:56
49;30.4745;11:53:56
51;30.0442;11:53:56
65;30.455;11:53:56
67;30.0637;11:53:56
1;30.4745;11:53:57
3;30.0637;11:53:57
17;30.4745;11:53:57
19;30.0637;11:53:57
33;30.4745;11:53:57
35;30.0637;11:53:57
49;30.4745;11:53:57
51;30.0637;11:53:57
1;30.4745;11:53:59
3;30.0637;11:53:59
17;30.4745;11:53:59
19;30.0637;11:53:59
33;30.4941;11:53:59
35;30.0637;11:53:59
49;30.4745;11:53:59
51;30.0637;11:53:59
1;30.4941;11:54:00
3;30.0637;11:54:00
17;30.4745;11:54:00
19;30.0637;11:54:00
33;30.4941;11:54:00
35;30.0833;11:54:00
49;30.4941;11:54:00
51;30.0637;11:54:00
1;30.4941;11:54:01
3;30.0637;11:54:01
17;30.4941;11:54:01
19;30.1029;11:54:01
33;30.5137;11:54:01
35;30.0833;11:54:01
49;30.5137;11:54:01
51;30.0833;11:54:01
1;30.4941;11:54:02
3;30.1029;11:54:02
17;30.5332;11:54:02
19;30.1029;11:54:02
33;30.5137;11:54:02
35;30.1029;11:54:02
49;30.5332;11:54:02
51;30.1029;11:54:02
1;30.5332;11:54:03
3;30.1029;11:54:03
17;30.5332;11:54:03
19;30.1029;11:54:03
33;30.5137;11:54:03
35;30.1029;11:54:03
49;30.5332;11:54:03
51;30.1029;11:54:03
1;30.5332;11:54:04
3;30.1029;11:54:04
17;30.5332;11:54:04
19;30.1029;11:54:04
33;30.5332;11:54:04
35;30.1029;11:54:04
49;30.5332;11:54:04
51;30.1029;11:54:04
1;30.5332;11:54:05
3;30.1224;11:54:05
17;30.5332;11:54:05
19;30.1029;11:54:05
33;30.5332;11:54:05
35;30.1029;11:54:05
49;30.5332;11:54:05
51;30.1224;11:54:05
1;30.5332;11:54:06
3;30.1224;11:54:06
17;30.5332;11:54:06
19;30.1224;11:54:06
33;30.5332;11:54:06
35;30.1224;11:54:06
49;30.5332;11:54:06
51;30.1224;11:54:06
1;30.5332;11:54:07
3;30.1224;11:54:07
17;30.5332;11:54:07
19;30.1224;11:54:07
33;30.5332;11:54:07
35;30.1224;11:54:07
49;30.5332;11:54:07
51;30.1224;11:54:07
1;30.5332;11:54:08
3;30.1224;11:54:08
17;30.5332;11:54:08
19;30.1224;11:54:08
33;30.5332;11:54:08
35;30.1224;11:54:08
49;30.5332;11:54:08
51;30.1029;11:54:08
1;30.5332;11:54:09
3;30.1224;11:54:09
17;30.5332;11:54:09
19;30.1224;11:54:09
33;30.5332;11:54:09
35;30.142;11:54:09
49;30.5332;11:54:09
51;30.1224;11:54:09
1;30.5332;11:54:10
3;30.1224;11:54:10
17;30.5332;11:54:10
19;30.1224;11:54:10
33;30.5332;11:54:10
35;30.142;11:54:10
49;30.5332;11:54:10
51;30.1224;11:54:10
1;30.5332;11:54:11
3;30.142;11:54:11
17;30.5332;11:54:11
19;30.142;11:54:11
33;30.5332;11:54:11
35;30.1224;11:54:11
49;30.5332;11:54:11
51;30.1224;11:54:11
1;30.5332;11:54:12
3;30.142;11:54:12
17;30.5332;11:54:12
19;30.1224;11:54:12
33;30.5332;11:54:12
35;30.1224;11:54:12
49;30.5137;11:54:12
51;30.142;11:54:12
1;30.5332;11:54:13
3;30.1224;11:54:13
17;30.5332;11:54:13
19;30.1224;11:54:13
33;30.5332;11:54:13
35;30.1224;11:54:13
49;30.5332;11:54:13
51;30.1224;11:54:13
65;30.5137;11:54:13
67;30.1029;11:54:13
1;30.5332;11:54:14
3;30.1224;11:54:14
17;30.5137;11:54:14
19;30.1224;11:54:14
33;30.5332;11:54:14
35;30.1224;11:54:14
49;30.5137;11:54:14
51;30.1224;11:54:14
1;30.5137;11:54:15
3;30.1224;11:54:15
17;30.5332;11:54:15
19;30.1224;11:54:15
33;30.5137;11:54:15
35;30.1224;11:54:15
49;30.5137;11:54:15
51;30.142;11:54:15
1;30.5332;11:54:16
3;30.1224;11:54:16
17;30.5137;11:54:16
19;30.1224;11:54:16
33;30.4941;11:54:16
35;30.1224;11:54:16
49;30.5137;11:54:16
51;30.1224;11:54:16
1;30.5137;11:54:17
3;30.142;11:54:17
17;30.4941;11:54:17
19;30.1224;11:54:17
33;30.4941;11:54:17
35;30.1224;11:54:17
49;30.4941;11:54:17
51;30.142;11:54:17
1;30.4941;11:54:18
3;30.1029;11:54:18
17;30.4941;11:54:18
19;30.1224;11:54:18
33;30.4745;11:54:18
35;30.1224;11:54:18
49;30.4745;11:54:18
51;30.1224;11:54:18
1;30.4745;11:54:19
3;30.1029;11:54:19
17;30.4745;11:54:19
19;30.1029;11:54:19
33;30.4745;11:54:19
35;30.1224;11:54:19
49;30.4745;11:54:19
51;30.1029;11:54:19
1;30.4745;11:54:20
3;30.1029;11:54:20
17;30.4745;11:54:20
19;30.1029;11:54:20
33;30.4745;11:54:20
35;30.1029;11:54:20
49;30.4745;11:54:20
51;30.1029;11:54:20
1;30.4745;11:54:21
3;30.1224;11:54:21
17;30.4745;11:54:21
19;30.1224;11:54:21
33;30.4745;11:54:21
35;30.1029;11:54:21
49;30.4745;11:54:21
51;30.1224;11:54:21
1;30.4745;11:54:22
3;30.1029;11:54:22
17;30.4745;11:54:22
19;30.1224;11:54:22
33;30.455;11:54:22
35;30.1029;11:54:22
49;30.4745;11:54:22
51;30.1029;11:54:22
1;30.455;11:54:23
3;30.1029;11:54:23
17;30.455;11:54:23
19;30.1029;11:54:23
33;30.4354;11:54:23
35;30.1029;11:54:23
49;30.455;11:54:23
51;30.1029;11:54:23
1;30.4354;11:54:24
3;30.1029;11:54:24
17;30.455;11:54:24
19;30.1029;11:54:24
33;30.4354;11:54:24
35;30.1029;11:54:24
49;30.4354;11:54:24
51;30.1029;11:54:24
1;30.455;11:54:25
3;30.1029;11:54:25
17;30.4159;11:54:25
19;30.1029;11:54:25
33;30.4354;11:54:25
35;30.1029;11:54:25
49;30.4354;11:54:25
51;30.1029;11:54:25
1;30.4159;11:54:26
3;30.1029;11:54:26
17;30.4159;11:54:26
19;30.1029;11:54:26
33;30.4354;11:54:26
35;30.1029;11:54:26
49;30.4159;11:54:26
51;30.1029;11:54:26
1;30.4159;11:54:27
3;30.1029;11:54:27
17;30.4159;11:54:27
19;30.1029;11:54:27
33;30.4159;11:54:27
35;30.1029;11:54:27
49;30.4354;11:54:27
51;30.1029;11:54:27
1;30.4159;11:54:28
3;30.1029;11:54:28
17;30.4159;11:54:28
19;30.1029;11:54:28
33;30.4159;11:54:28
35;30.1029;11:54:28
49;30.4159;11:54:28
51;30.1029;11:54:28
1;30.4159;11:54:29
3;30.1029;11:54:29
17;30.4159;11:54:29
19;30.1029;11:54:29
33;30.3963;11:54:29
35;30.1029;11:54:29
49;30.4159;11:54:29
51;30.1029;11:54:29
65;30.4159;11:54:29
67;30.1029;11:54:29
1;30.3963;11:54:30
3;30.0833;11:54:30
17;30.3963;11:54:30
19;30.1029;11:54:30
33;30.3963;11:54:30
35;30.1029;11:54:30
49;30.3963;11:54:30
51;30.0833;11:54:30
1;30.3963;11:54:31
3;30.1029;11:54:31
17;30.3767;11:54:31
19;30.0833;11:54:31
33;30.3963;11:54:31
35;30.1029;11:54:31
49;30.3767;11:54:31
51;30.0833;11:54:31
1;30.3767;11:54:32
3;30.1029;11:54:32
17;30.3963;11:54:32
19;30.0833;11:54:32
33;30.3767;11:54:32
35;30.0833;11:54:32
49;30.3767;11:54:32
51;30.0833;11:54:32
1;30.3767;11:54:33
3;30.0833;11:54:33
17;30.3767;11:54:33
19;30.0637;11:54:33
33;30.3767;11:54:33
35;30.0637;11:54:33
49;30.3767;11:54:33
51;30.0833;11:54:33
1;30.3572;11:54:34
3;30.0637;11:54:34
17;30.3572;11:54:34
19;30.0637;11:54:34
33;30.3572;11:54:34
35;30.0833;11:54:34
49;30.3767;11:54:34
51;30.0637;11:54:34
1;30.3572;11:54:35
3;30.0833;11:54:35
17;30.3572;11:54:35
19;30.0637;11:54:35
33;30.3376;11:54:35
35;30.0833;11:54:35
49;30.3572;11:54:35
51;30.0637;11:54:35
1;30.3376;11:54:36
3;30.0637;11:54:36
17;30.3376;11:54:36
19;30.0833;11:54:36
33;30.3376;11:54:36
35;30.0637;11:54:36
49;30.3376;11:54:36
51;30.0637;11:54:36
1;30.3572;11:54:37
3;30.0637;11:54:37
17;30.3376;11:54:37
19;30.0637;11:54:37
33;30.3376;11:54:37
35;30.0637;11:54:37
49;30.3376;11:54:37
51;30.0637;11:54:37
1;30.3376;11:54:38
3;30.0637;11:54:38
17;30.318;11:54:38
19;30.0637;11:54:38
33;30.3376;11:54:38
35;30.0637;11:54:38
49;30.318;11:54:38
51;30.0637;11:54:38
1;30.318;11:54:39
3;30.0637;11:54:39
17;30.318;11:54:39
19;30.0637;11:54:39
33;30.318;11:54:39
35;30.0442;11:54:39
49;30.318;11:54:39
51;30.0637;11:54:39
1;30.318;11:54:40
3;30.0637;11:54:40
17;30.318;11:54:40
19;30.0637;11:54:40
33;30.318;11:54:40
35;30.0637;11:54:40
49;30.2985;11:54:40
51;30.0637;11:54:40
1;30.318;11:54:41
3;30.0637;11:54:41
17;30.2985;11:54:41
19;30.0637;11:54:41
33;30.2985;11:54:41
35;30.0637;11:54:41
49;30.2985;11:54:41
51;30.0442;11:54:41
1;30.2985;11:54:42
3;30.0637;11:54:42
17;30.2985;11:54:42
19;30.0442;11:54:42
33;30.2985;11:54:42
35;30.0637;11:54:42
49;30.2789;11:54:42
51;30.0442;11:54:42
1;30.2789;11:54:43
3;30.0637;11:54:43
17;30.2985;11:54:43
19;30.0442;11:54:43
33;30.2789;11:54:43
35;30.0442;11:54:43
49;30.2789;11:54:43
51;30.0442;11:54:43
1;30.2594;11:54:44
3;30.0442;11:54:44
17;30.2789;11:54:44
19;30.0442;11:54:44
33;30.2594;11:54:44
35;30.0246;11:54:44
49;30.2789;11:54:44
51;30.0442;11:54:44
65;30.2594;11:54:44
67;30.0246;11:54:44
1;30.2594;11:54:45
3;30.0442;11:54:45
17;30.2594;11:54:45
19;30.0246;11:54:45
33;30.2594;11:54:45
35;30.0442;11:54:45
49;30.2594;11:54:45
51;30.0246;11:54:45
1;30.2594;11:54:46
3;30.0246;11:54:46
17;30.2594;11:54:46
19;30.0246;11:54:46
33;30.2594;11:54:46
35;30.0246;11:54:46
49;30.2594;11:54:46
51;30.0246;11:54:46
1;30.2594;11:54:47
3;30.0246;11:54:47
17;30.2594;11:54:47
19;30.0246;11:54:47
33;30.2594;11:54:47
35;30.0246;11:54:47
49;30.2594;11:54:47
51;30.0246;11:54:47
1;30.2594;11:54:48
3;30.005;11:54:48
17;30.2398;11:54:48
19;30.0246;11:54:48
33;30.2594;11:54:48
35;30.005;11:54:48
49;30.2398;11:54:48
51;30.005;11:54:48
1;30.2594;11:54:49
3;30.0246;11:54:49
17;30.2398;11:54:49
19;30.005;11:54:49
33;30.2398;11:54:49
35;30.0246;11:54:49
49;30.2398;11:54:49
51;30.005;11:54:49
1;30.2398;11:54:50
3;30.005;11:54:50
17;30.2398;11:54:50
19;30.005;11:54:50
33;30.2398;11:54:50
35;30.005;11:54:50
49;30.2398;11:54:50
51;30.005;11:54:50
1;30.2398;11:54:51
3;30.005;11:54:51
17;30.2202;11:54:51
19;30.005;11:54:51
33;30.2202;11:54:51
35;30.005;11:54:51
49;30.2202;11:54:51
51;30.005;11:54:51
1;30.2202;11:54:52
3;30.005;11:54:52
17;30.2202;11:54:52
19;30.005;11:54:52
33;30.2202;11:54:52
35;30.005;11:54:52
49;30.2202;11:54:52
51;30.005;11:54:52
1;30.2202;11:54:53
3;30.005;11:54:53
17;30.2202;11:54:53
19;30.005;11:54:53
33;30.2202;11:54:53
35;29.9855;11:54:53
49;30.2202;11:54:53
51;30.005;11:54:53
1;30.2007;11:54:54
3;29.9855;11:54:54
17;30.2202;11:54:54
19;29.9855;11:54:54
33;30.2007;11:54:54
35;29.9855;11:54:54
49;30.2007;11:54:54
51;29.9855;11:54:54
1;30.1811;11:54:55
3;29.9855;11:54:55
17;30.2202;11:54:55
19;29.9855;11:54:55
33;30.2007;11:54:55
35;29.9855;11:54:55
49;30.2007;11:54:55
51;29.9855;11:54:55
1;30.1811;11:54:56
3;29.9659;11:54:56
17;30.2007;11:54:56
19;29.9855;11:54:56
33;30.1811;11:54:56
35;29.9855;11:54:56
49;30.1811;11:54:56
51;29.9659;11:54:56
1;30.1811;11:54:57
3;29.9659;11:54:57
17;30.1811;11:54:57
19;29.9659;11:54:57
33;30.1615;11:54:57
35;29.9659;11:54:57
49;30.1811;11:54:57
51;29.9659;11:54:57
1;30.1811;11:54:58
3;29.9659;11:54:58
17;30.1811;11:54:58
19;29.9659;11:54:58
33;30.1811;11:54:58
35;29.9464;11:54:58
49;30.1811;11:54:58
51;29.9659;11:54:58
1;30.1615;11:54:59
3;29.9464;11:54:59
17;30.1811;11:54:59
19;29.9659;11:54:59
33;30.1615;11:54:59
35;29.9464;11:54:59
49;30.1615;11:54:59
51;29.9464;11:54:59
1;30.1615;11:55:00
3;29.9659;11:55:00
17;30.1811;11:55:00
19;29.9464;11:55:00
33;30.1615;11:55:00
35;29.9464;11:55:00
49;30.1615;11:55:00
51;29.9464;11:55:00
65;30.1615;11:55:00
67;29.9464;11:55:00
1;30.1615;11:55:02
3;29.9464;11:55:02
17;30.1615;11:55:02
19;29.9464;11:55:02
33;30.1615;11:55:02
35;29.9464;11:55:02
49;30.1615;11:55:02
51;29.9464;11:55:02
1;30.1615;11:55:03
3;29.9464;11:55:03
17;30.142;11:55:03
19;29.9464;11:55:03
33;30.1615;11:55:03
35;29.9464;11:55:03
49;30.142;11:55:03
51;29.9464;11:55:03
1;30.1615;11:55:04
3;29.9464;11:55:04
17;30.142;11:55:04
19;29.9464;11:55:04
33;30.1615;11:55:04
35;29.9464;11:55:04
49;30.142;11:55:04
51;29.9464;11:55:04
1;30.1615;11:55:05
3;29.9464;11:55:05
17;30.142;11:55:05
19;29.9464;11:55:05
33;30.1224;11:55:05
35;29.9464;11:55:05
49;30.142;11:55:05
51;29.9464;11:55:05
1;30.142;11:55:06
3;29.9464;11:55:06
17;30.1224;11:55:06
19;29.9464;11:55:06
33;30.142;11:55:06
35;29.9464;11:55:06
49;30.1224;11:55:06
51;29.9268;11:55:06
1;30.1029;11:55:07
3;29.9464;11:55:07
17;30.1224;11:55:07
19;29.9464;11:55:07
33;30.1029;11:55:07
35;29.9464;11:55:07
49;30.1029;11:55:07
51;29.9464;11:55:07
1;30.1029;11:55:08
3;29.9464;11:55:08
17;30.1029;11:55:08
19;29.9464;11:55:08
33;30.1029;11:55:08
35;29.9464;11:55:08
49;30.1029;11:55:08
51;29.9268;11:55:08
1;30.1029;11:55:09
3;29.9464;11:55:09
17;30.1029;11:55:09
19;29.9464;11:55:09
33;30.1029;11:55:09
35;29.9268;11:55:09
49;30.1029;11:55:09
51;29.9464;11:55:09
1;30.1029;11:55:10
3;29.9268;11:55:10
17;30.1029;11:55:10
19;29.9464;11:55:10
33;30.0833;11:55:10
35;29.9268;11:55:10
49;30.1029;11:55:10
51;29.9268;11:55:10
1;30.1029;11:55:11
3;29.9268;11:55:11
17;30.1029;11:55:11
19;29.9268;11:55:11
33;30.1029;11:55:11
35;29.9268;11:55:11
49;30.0833;11:55:11
51;29.9268;11:55:11
1;30.1029;11:55:12
3;29.9268;11:55:12
17;30.1029;11:55:12
19;29.9072;11:55:12
33;30.0833;11:55:12
35;29.9268;11:55:12
49;30.0833;11:55:12
51;29.9072;11:55:12
1;30.0833;11:55:13
3;29.9072;11:55:13
17;30.1029;11:55:13
19;29.9072;11:55:13
33;30.0637;11:55:13
35;29.9072;11:55:13
49;30.0833;11:55:13
51;29.9072;11:55:13
1;30.0833;11:55:14
3;29.9072;11:55:14
17;30.0637;11:55:14
19;29.8877;11:55:14
33;30.0833;11:55:14
35;29.9072;11:55:14
49;30.0637;11:55:14
51;29.9072;11:55:14
1;30.0442;11:55:15
3;29.8877;11:55:15
17;30.0637;11:55:15
19;29.9072;11:55:15
33;30.0442;11:55:15
35;29.8877;11:55:15
49;30.0637;11:55:15
51;29.9072;11:55:15
1;30.0442;11:55:16
3;29.8877;11:55:16
17;30.0442;11:55:16
19;29.8877;11:55:16
33;30.0442;11:55:16
35;29.8877;11:55:16
49;30.0442;11:55:16
51;29.8877;11:55:16
1;30.0442;11:55:17
3;29.8877;11:55:17
17;30.0442;11:55:17
19;29.8877;11:55:17
33;30.0442;11:55:17
35;29.8877;11:55:17
49;30.0442;11:55:17
51;29.8877;11:55:17
65;30.0442;11:55:17
67;29.8877;11:55:17
1;30.0442;11:55:18
3;29.8877;11:55:18
17;30.0442;11:55:18
19;29.8877;11:55:18
33;30.0246;11:55:18
35;29.8877;11:55:18
49;30.0442;11:55:18
51;29.8877;11:55:18
1;30.0246;11:55:19
3;29.8877;11:55:19
17;30.0442;11:55:19
19;29.8877;11:55:19
33;30.0442;11:55:19
35;29.8877;11:55:19
49;30.0442;11:55:19
51;29.8877;11:55:19
1;30.0442;11:55:20
3;29.8877;11:55:20
17;30.0246;11:55:20
19;29.8681;11:55:20
33;30.0442;11:55:20
35;29.8877;11:55:20
49;30.0246;11:55:20
51;29.8681;11:55:20
1;30.0246;11:55:21
3;29.8877;11:55:21
17;30.0442;11:55:21
19;29.8681;11:55:21
33;30.0246;11:55:21
35;29.8877;11:55:21
49;30.0246;11:55:21
51;29.8877;11:55:21
1;30.0442;11:55:22
3;29.8681;11:55:22
17;30.0246;11:55:22
19;29.8681;11:55:22
33;30.0246;11:55:22
35;29.8681;11:55:22
49;30.0246;11:55:22
51;29.8681;11:55:22
1;30.005;11:55:23
3;29.8877;11:55:23
17;30.0246;11:55:23
19;29.8681;11:55:23
33;30.005;11:55:23
35;29.8681;11:55:23
49;30.0246;11:55:23
51;29.8877;11:55:23
1;30.005;11:55:24
3;29.8681;11:55:24
17;30.0246;11:55:24
19;29.8681;11:55:24
33;30.005;11:55:24
35;29.8681;11:55:24
49;30.005;11:55:24
51;29.8681;11:55:24
1;30.0246;11:55:25
3;29.8681;11:55:25
17;30.005;11:55:25
19;29.8681;11:55:25
33;30.005;11:55:25
35;29.8485;11:55:25
49;30.005;11:55:25
51;29.8681;11:55:25
1;30.005;11:55:26
3;29.8485;11:55:26
17;30.005;11:55:26
19;29.8485;11:55:26
33;30.005;11:55:26
35;29.8485;11:55:26
49;30.005;11:55:26
51;29.8485;11:55:26
1;30.005;11:55:27
3;29.8485;11:55:27
17;30.005;11:55:27
19;29.8485;11:55:27
33;30.005;11:55:27
35;29.8485;11:55:27
49;30.005;11:55:27
51;29.8485;11:55:27
1;30.005;11:55:28
3;29.8485;11:55:28
17;30.005;11:55:28
19;29.8485;11:55:28
33;30.005;11:55:28
35;29.8485;11:55:28
49;30.005;11:55:28
51;29.8485;11:55:28
1;30.005;11:55:29
3;29.8485;11:55:29
17;30.005;11:55:29
19;29.8485;11:55:29
33;29.9855;11:55:29
35;29.8485;11:55:29
49;30.005;11:55:29
51;29.8485;11:55:29
1;29.9855;11:55:30
3;29.8485;11:55:30
17;29.9855;11:55:30
19;29.8485;11:55:30
33;29.9855;11:55:30
35;29.829;11:55:30
49;30.005;11:55:30
51;29.8485;11:55:30
1;29.9855;11:55:31
3;29.8485;11:55:31
17;29.9855;11:55:31
19;29.829;11:55:31
33;29.9659;11:55:31
35;29.8485;11:55:31
49;29.9855;11:55:31
51;29.829;11:55:31
1;29.9659;11:55:32
3;29.8485;11:55:32
17;29.9659;11:55:32
19;29.8485;11:55:32
33;29.9659;11:55:32
35;29.829;11:55:32
49;29.9855;11:55:32
51;29.829;11:55:32
1;29.9659;11:55:33
3;29.829;11:55:33
17;29.9855;11:55:33
19;29.829;11:55:33
33;29.9855;11:55:33
35;29.829;11:55:33
49;29.9659;11:55:33
51;29.8485;11:55:33
65;29.9855;11:55:33
67;29.8485;11:55:33
1;30.005;11:55:34
3;29.829;11:55:34
17;29.9855;11:55:34
19;29.8485;11:55:34
33;30.005;11:55:34
35;29.8485;11:55:34
49;30.005;11:55:34
51;29.8485;11:55:34
1;30.005;11:55:35
3;29.8485;11:55:35
17;30.005;11:55:35
19;29.8485;11:55:35
33;30.005;11:55:35
35;29.8485;11:55:35
49;30.005;11:55:35
51;29.8485;11:55:35
1;30.005;11:55:36
3;29.8485;11:55:36
17;30.005;11:55:36
19;29.8485;11:55:36
33;30.005;11:55:36
35;29.8485;11:55:36
49;30.005;11:55:36
51;29.8485;11:55:36
1;30.005;11:55:37
3;29.8485;11:55:37
17;30.005;11:55:37
19;29.8485;11:55:37
33;30.005;11:55:37
35;29.8485;11:55:37
49;30.005;11:55:37
51;29.8485;11:55:37
1;30.005;11:55:38
3;29.8485;11:55:38
17;30.005;11:55:38
19;29.8485;11:55:38
33;30.0246;11:55:38
35;29.8485;11:55:38
49;30.0246;11:55:38
51;29.8485;11:55:38
1;30.0246;11:55:39
3;29.8681;11:55:39
17;30.0442;11:55:39
19;29.8485;11:55:39
33;30.0442;11:55:39
35;29.8681;11:55:39
49;30.0442;11:55:39
51;29.8485;11:55:39
1;30.0442;11:55:40
3;29.8681;11:55:40
17;30.0442;11:55:40
19;29.8681;11:55:40
33;30.0442;11:55:40
35;29.8681;11:55:40
49;30.0442;11:55:40
51;29.8681;11:55:40
1;30.0442;11:55:41
3;29.8681;11:55:41
17;30.0442;11:55:41
19;29.8681;11:55:41
33;30.0442;11:55:41
35;29.8681;11:55:41
49;30.0442;11:55:41
51;29.8681;11:55:41
1;30.0442;11:55:42
3;29.8877;11:55:42
17;30.0637;11:55:42
19;29.8681;11:55:42
33;30.0442;11:55:42
35;29.8681;11:55:42
49;30.0637;11:55:42
51;29.8877;11:55:42
1;30.0442;11:55:43
3;29.8877;11:55:43
17;30.0637;11:55:43
19;29.8681;11:55:43
33;30.0637;11:55:43
35;29.8877;11:55:43
49;30.0637;11:55:43
51;29.8877;11:55:43
1;30.0833;11:55:44
3;29.8877;11:55:44
17;30.0833;11:55:44
19;29.8877;11:55:44
33;30.0833;11:55:44
35;29.8877;11:55:44
49;30.1029;11:55:44
51;29.8877;11:55:44
1;30.1029;11:55:45
3;29.8877;11:55:45
17;30.1029;11:55:45
19;29.8877;11:55:45
33;30.1029;11:55:45
35;29.8877;11:55:45
49;30.1029;11:55:45
51;29.8877;11:55:45
1;30.1224;11:55:46
3;29.8877;11:55:46
17;30.1029;11:55:46
19;29.8877;11:55:46
33;30.1029;11:55:46
35;29.8877;11:55:46
49;30.1224;11:55:46
51;29.9072;11:55:46
1;30.1224;11:55:47
3;29.8877;11:55:47
17;30.1224;11:55:47
19;29.9072;11:55:47
33;30.1029;11:55:47
35;29.9072;11:55:47
49;30.1224;11:55:47
51;29.9072;11:55:47
1;30.1224;11:55:48
3;29.9072;11:55:48
17;30.1224;11:55:48
19;29.8877;11:55:48
33;30.142;11:55:48
35;29.9072;11:55:48
49;30.1224;11:55:48
51;29.9072;11:55:48
1;30.142;11:55:49
3;29.9072;11:55:49
17;30.1615;11:55:49
19;29.9268;11:55:49
33;30.1615;11:55:49
35;29.9072;11:55:49
49;30.1615;11:55:49
51;29.9268;11:55:49
65;30.1615;11:55:49
67;29.9268;11:55:49
1;30.1615;11:55:50
3;29.9268;11:55:50
17;30.1615;11:55:50
19;29.9268;11:55:50
33;30.1811;11:55:50
35;29.9464;11:55:50
49;30.1615;11:55:50
51;29.9268;11:55:50
1;30.1811;11:55:51
3;29.9464;11:55:51
17;30.1811;11:55:51
19;29.9464;11:55:51
33;30.1811;11:55:51
35;29.9464;11:55:51
49;30.1811;11:55:51
51;29.9464;11:55:51
1;30.1811;11:55:52
3;29.9464;11:55:52
17;30.2007;11:55:52
19;29.9464;11:55:52
33;30.1811;11:55:52
35;29.9464;11:55:52
49;30.2007;11:55:52
51;29.9464;11:55:52
1;30.2007;11:55:53
3;29.9464;11:55:53
17;30.2007;11:55:53
19;29.9464;11:55:53
33;30.2007;11:55:53
35;29.9464;11:55:53
49;30.2007;11:55:53
51;29.9659;11:55:53
1;30.2202;11:55:54
3;29.9464;11:55:54
17;30.2202;11:55:54
19;29.9659;11:55:54
33;30.2202;11:55:54
35;29.9659;11:55:54
49;30.2202;11:55:54
51;29.9855;11:55:54
1;30.2202;11:55:55
3;29.9855;11:55:55
17;30.2398;11:55:55
19;29.9659;11:55:55
33;30.2398;11:55:55
35;29.9855;11:55:55
49;30.2398;11:55:55
51;30.005;11:55:55
1;30.2398;11:55:56
3;29.9855;11:55:56
17;30.2594;11:55:56
19;29.9855;11:55:56
33;30.2398;11:55:56
35;30.005;11:55:56
49;30.2398;11:55:56
51;30.005;11:55:56
1;30.2594;11:55:57
3;30.005;11:55:57
17;30.2398;11:55:57
19;30.005;11:55:57
33;30.2594;11:55:57
35;30.005;11:55:57
49;30.2594;11:55:57
51;30.005;11:55:57
1;30.2594;11:55:58
3;30.005;11:55:58
17;30.2594;11:55:58
19;30.005;11:55:58
33;30.2594;11:55:58
35;30.005;11:55:58
49;30.2594;11:55:58
51;30.005;11:55:58
1;30.2594;11:55:59
3;30.005;11:55:59
17;30.2789;11:55:59
19;30.005;11:55:59
33;30.2594;11:55:59
35;30.0246;11:55:59
49;30.2985;11:55:59
51;30.0246;11:55:59
1;30.2789;11:56:00
3;30.0246;11:56:00
17;30.2985;11:56:00
19;30.0442;11:56:00
33;30.2985;11:56:00
35;30.0246;11:56:00
49;30.2985;11:56:00
51;30.0637;11:56:00
1;30.2985;11:56:01
3;30.0442;11:56:01
17;30.318;11:56:01
19;30.0637;11:56:01
33;30.318;11:56:01
35;30.0442;11:56:01
49;30.2985;11:56:01
51;30.0637;11:56:01
1;30.318;11:56:02
3;30.0637;11:56:02
17;30.318;11:56:02
19;30.0637;11:56:02
33;30.318;11:56:02
35;30.0637;11:56:02
49;30.318;11:56:02
51;30.0637;11:56:02
1;30.318;11:56:03
3;30.0637;11:56:03
17;30.318;11:56:03
19;30.0637;11:56:03
33;30.318;11:56:03
35;30.0637;11:56:03
49;30.318;11:56:03
51;30.0637;11:56:03
1;30.318;11:56:04
3;30.0637;11:56:04
17;30.318;11:56:04
19;30.0637;11:56:04
33;30.3376;11:56:04
35;30.0833;11:56:04
49;30.3376;11:56:04
51;30.0637;11:56:04
1;30.3572;11:56:05
3;30.0833;11:56:05
17;30.3572;11:56:05
19;30.0833;11:56:05
33;30.3572;11:56:05
35;30.0833;11:56:05
49;30.3767;11:56:05
51;30.1029;11:56:05
65;30.3767;11:56:05
67;30.1029;11:56:05
1;30.3767;11:56:06
3;30.1029;11:56:06
17;30.3767;11:56:06
19;30.1029;11:56:06
33;30.3767;11:56:06
35;30.1029;11:56:06
49;30.3767;11:56:06
51;30.1029;11:56:06
1;30.3767;11:56:08
3;30.1029;11:56:08
17;30.3767;11:56:08
19;30.1029;11:56:08
33;30.3767;11:56:08
35;30.1029;11:56:08
49;30.3767;11:56:08
51;30.1029;11:56:08
1;30.3767;11:56:09
3;30.1029;11:56:09
17;30.3767;11:56:09
19;30.1029;11:56:09
33;30.3963;11:56:09
35;30.1029;11:56:09
49;30.3963;11:56:09
51;30.1029;11:56:09
1;30.3963;11:56:10
3;30.1029;11:56:10
17;30.4159;11:56:10
19;30.1029;11:56:10
33;30.3963;11:56:10
35;30.1029;11:56:10
49;30.4159;11:56:10
51;30.1224;11:56:10
1;30.4159;11:56:11
3;30.1224;11:56:11
17;30.4159;11:56:11
19;30.1224;11:56:11
33;30.4159;11:56:11
35;30.142;11:56:11
49;30.4159;11:56:11
51;30.1224;11:56:11
1;30.4354;11:56:12
3;30.142;11:56:12
17;30.4354;11:56:12
19;30.142;11:56:12
33;30.4354;11:56:12
35;30.1615;11:56:12
49;30.4354;11:56:12
51;30.142;11:56:12
1;30.4354;11:56:13
3;30.1615;11:56:13
17;30.455;11:56:13
19;30.1615;11:56:13
33;30.455;11:56:13
35;30.142;11:56:13
49;30.4354;11:56:13
51;30.1615;11:56:13
1;30.4745;11:56:14
3;30.1615;11:56:14
17;30.455;11:56:14
19;30.1615;11:56:14
33;30.4354;11:56:14
35;30.1615;11:56:14
49;30.455;11:56:14
51;30.1615;11:56:14
1;30.455;11:56:15
3;30.1615;11:56:15
17;30.4745;11:56:15
19;30.1615;11:56:15
33;30.4745;11:56:15
35;30.1615;11:56:15
49;30.4745;11:56:15
51;30.1615;11:56:15
1;30.4745;11:56:16
3;30.1615;11:56:16
17;30.4745;11:56:16
19;30.1615;11:56:16
33;30.4745;11:56:16
35;30.1811;11:56:16
49;30.4745;11:56:16
51;30.1811;11:56:16
1;30.4941;11:56:17
3;30.1615;11:56:17
17;30.4941;11:56:17
19;30.1811;11:56:17
33;30.5137;11:56:17
35;30.2007;11:56:17
49;30.5137;11:56:17
51;30.1811;11:56:17
1;30.4941;11:56:18
3;30.1811;11:56:18
17;30.5137;11:56:18
19;30.2007;11:56:18
33;30.5332;11:56:18
35;30.2007;11:56:18
49;30.5137;11:56:18
51;30.2007;11:56:18
1;30.5332;11:56:19
3;30.2007;11:56:19
17;30.5137;11:56:19
19;30.2007;11:56:19
33;30.5332;11:56:19
35;30.2007;11:56:19
49;30.5332;11:56:19
51;30.2007;11:56:19
1;30.5332;11:56:20
3;30.2202;11:56:20
17;30.5332;11:56:20
19;30.2007;11:56:20
33;30.5332;11:56:20
35;30.2007;11:56:20
49;30.5332;11:56:20
51;30.2202;11:56:20
1;30.5137;11:56:21
3;30.2007;11:56:21
17;30.5332;11:56:21
19;30.2202;11:56:21
33;30.5332;11:56:21
35;30.2202;11:56:21
49;30.5332;11:56:21
51;30.2202;11:56:21
1;30.5137;11:56:22
3;30.2202;11:56:22
17;30.5332;11:56:22
19;30.2007;11:56:22
33;30.5332;11:56:22
35;30.2202;11:56:22
49;30.5137;11:56:22
51;30.2007;11:56:22
1;30.5332;11:56:23
3;30.2007;11:56:23
17;30.5332;11:56:23
19;30.2202;11:56:23
33;30.5137;11:56:23
35;30.2007;11:56:23
49;30.5332;11:56:23
51;30.2202;11:56:23
65;30.5137;11:56:23
67;30.2007;11:56:23
1;30.5137;11:56:24
3;30.2007;11:56:24
17;30.5137;11:56:24
19;30.1811;11:56:24
33;30.5137;11:56:24
35;30.2007;11:56:24
49;30.5137;11:56:24
51;30.2007;11:56:24
1;30.5137;11:56:25
3;30.2007;11:56:25
17;30.5137;11:56:25
19;30.1811;11:56:25
33;30.5137;11:56:25
35;30.2007;11:56:25
49;30.5137;11:56:25
51;30.2007;11:56:25
1;30.5137;11:56:26
3;30.2007;11:56:26
17;30.4941;11:56:26
19;30.2007;11:56:26
33;30.5137;11:56:26
35;30.2007;11:56:26
49;30.4941;11:56:26
51;30.1811;11:56:26
1;30.4941;11:56:27
3;30.2007;11:56:27
17;30.4941;11:56:27
19;30.2007;11:56:27
33;30.4941;11:56:27
35;30.2007;11:56:27
49;30.4941;11:56:27
51;30.1811;11:56:27
1;30.4941;11:56:28
3;30.2007;11:56:28
17;30.4941;11:56:28
19;30.2007;11:56:28
33;30.4745;11:56:28
35;30.1811;11:56:28
49;30.4941;11:56:28
51;30.2007;11:56:28
1;30.4941;11:56:29
3;30.2007;11:56:29
17;30.4745;11:56:29
19;30.1811;11:56:29
33;30.4941;11:56:29
35;30.2007;11:56:29
49;30.4745;11:56:29
51;30.1811;11:56:29
1;30.4745;11:56:30
3;30.2007;11:56:30
17;30.4941;11:56:30
19;30.1811;11:56:30
33;30.4745;11:56:30
35;30.2007;11:56:30
49;30.4745;11:56:30
51;30.1811;11:56:30
1;30.4745;11:56:31
3;30.2007;11:56:31
17;30.4745;11:56:31
19;30.1615;11:56:31
33;30.4745;11:56:31
35;30.1811;11:56:31
49;30.4745;11:56:31
51;30.1811;11:56:31
1;30.4745;11:56:32
3;30.1811;11:56:32
17;30.4745;11:56:32
19;30.1811;11:56:32
33;30.4745;11:56:32
35;30.1811;11:56:32
49;30.4745;11:56:32
51;30.1811;11:56:32
1;30.4745;11:56:33
3;30.1811;11:56:33
17;30.4745;11:56:33
19;30.1811;11:56:33
33;30.4745;11:56:33
35;30.1811;11:56:33
49;30.4745;11:56:33
51;30.1615;11:56:33
1;30.4745;11:56:34
3;30.1811;11:56:34
17;30.4745;11:56:34
19;30.1811;11:56:34
33;30.4745;11:56:34
35;30.1811;11:56:34
49;30.4745;11:56:34
51;30.1811;11:56:34
1;30.455;11:56:35
3;30.1811;11:56:35
17;30.4745;11:56:35
19;30.1811;11:56:35
33;30.455;11:56:35
35;30.1615;11:56:35
49;30.455;11:56:35
51;30.1811;11:56:35
1;30.455;11:56:36
3;30.1811;11:56:36
17;30.455;11:56:36
19;30.1615;11:56:36
33;30.455;11:56:36
35;30.1811;11:56:36
49;30.455;11:56:36
51;30.1615;11:56:36
1;30.455;11:56:37
3;30.1615;11:56:37
17;30.4354;11:56:37
19;30.1615;11:56:37
33;30.4354;11:56:37
35;30.1811;11:56:37
49;30.455;11:56:37
51;30.1615;11:56:37
1;30.4354;11:56:38
3;30.1615;11:56:38
17;30.4354;11:56:38
19;30.1615;11:56:38
33;30.4354;11:56:38
35;30.1615;11:56:38
49;30.4159;11:56:38
51;30.1615;11:56:38
1;30.4354;11:56:39
3;30.1615;11:56:39
17;30.4159;11:56:39
19;30.1615;11:56:39
33;30.4354;11:56:39
35;30.1615;11:56:39
49;30.4159;11:56:39
51;30.1615;11:56:39
1;30.4159;11:56:40
3;30.1615;11:56:40
17;30.4354;11:56:40
19;30.1615;11:56:40
33;30.4159;11:56:40
35;30.1615;11:56:40
49;30.4159;11:56:40
51;30.1615;11:56:40
65;30.4159;11:56:40
67;30.1615;11:56:40
1;30.4159;11:56:41
3;30.1615;11:56:41
17;30.4159;11:56:41
19;30.1615;11:56:41
33;30.4159;11:56:41
35;30.1615;11:56:41
49;30.4159;11:56:41
51;30.1615;11:56:41
1;30.4159;11:56:42
3;30.1615;11:56:42
17;30.4159;11:56:42
19;30.1615;11:56:42
33;30.4159;11:56:42
35;30.142;11:56:42
49;30.4159;11:56:42
51;30.1615;11:56:42
1;30.4159;11:56:43
3;30.1615;11:56:43
17;30.4159;11:56:43
19;30.1615;11:56:43
33;30.4159;11:56:43
35;30.1615;11:56:43
49;30.4159;11:56:43
51;30.1615;11:56:43
1;30.4159;11:56:44
3;30.142;11:56:44
17;30.3963;11:56:44
19;30.1615;11:56:44
33;30.4159;11:56:44
35;30.142;11:56:44
49;30.3963;11:56:44
51;30.1615;11:56:44
1;30.3963;11:56:45
3;30.142;11:56:45
17;30.3963;11:56:45
19;30.1615;11:56:45
33;30.3963;11:56:45
35;30.142;11:56:45
49;30.3963;11:56:45
51;30.1615;11:56:45
1;30.3963;11:56:46
3;30.1224;11:56:46
17;30.3963;11:56:46
19;30.142;11:56:46
33;30.3963;11:56:46
35;30.142;11:56:46
49;30.3767;11:56:46
51;30.142;11:56:46
1;30.3767;11:56:47
3;30.1224;11:56:47
17;30.3963;11:56:47
19;30.1224;11:56:47
33;30.3767;11:56:47
35;30.142;11:56:47
49;30.3767;11:56:47
51;30.1224;11:56:47
1;30.3767;11:56:48
3;30.1224;11:56:48
17;30.3767;11:56:48
19;30.1224;11:56:48
33;30.3767;11:56:48
35;30.142;11:56:48
49;30.3767;11:56:48
51;30.1224;11:56:48
1;30.3767;11:56:49
3;30.142;11:56:49
17;30.3767;11:56:49
19;30.1224;11:56:49
33;30.3767;11:56:49
35;30.1224;11:56:49
49;30.3572;11:56:49
51;30.142;11:56:49
1;30.3572;11:56:50
3;30.1224;11:56:50
17;30.3572;11:56:50
19;30.1224;11:56:50
33;30.3572;11:56:50
35;30.1224;11:56:50
49;30.3376;11:56:50
51;30.1224;11:56:50
1;30.3572;11:56:51
3;30.1029;11:56:51
17;30.3376;11:56:51
19;30.1224;11:56:51
33;30.3572;11:56:51
35;30.1224;11:56:51
49;30.3376;11:56:51
51;30.1029;11:56:51
1;30.3376;11:56:52
3;30.1029;11:56:52
17;30.3376;11:56:52
19;30.1029;11:56:52
33;30.3376;11:56:52
35;30.1029;11:56:52
49;30.3376;11:56:52
51;30.1029;11:56:52
1;30.318;11:56:53
3;30.1029;11:56:53
17;30.3376;11:56:53
19;30.1029;11:56:53
33;30.318;11:56:53
35;30.1029;11:56:53
49;30.3376;11:56:53
51;30.1029;11:56:53
1;30.318;11:56:54
3;30.1029;11:56:54
17;30.318;11:56:54
19;30.1029;11:56:54
33;30.3376;11:56:54
35;30.1029;11:56:54
49;30.318;11:56:54
51;30.1029;11:56:54
1;30.318;11:56:55
3;30.1029;11:56:55
17;30.318;11:56:55
19;30.0833;11:56:55
33;30.318;11:56:55
35;30.1029;11:56:55
49;30.318;11:56:55
51;30.1029;11:56:55
1;30.318;11:56:56
3;30.1029;11:56:56
17;30.318;11:56:56
19;30.1029;11:56:56
33;30.318;11:56:56
35;30.0833;11:56:56
49;30.2985;11:56:56
51;30.1029;11:56:56
1;30.318;11:56:57
3;30.0833;11:56:57
17;30.2985;11:56:57
19;30.1029;11:56:57
33;30.318;11:56:57
35;30.0833;11:56:57
49;30.2985;11:56:57
51;30.0833;11:56:57
65;30.2985;11:56:57
67;30.0833;11:56:57
1;30.2985;11:56:58
3;30.0833;11:56:58
17;30.2789;11:56:58
19;30.0637;11:56:58
33;30.2985;11:56:58
35;30.0833;11:56:58
49;30.2985;11:56:58
51;30.0833;11:56:58
1;30.2789;11:56:59
3;30.0637;11:56:59
17;30.2985;11:56:59
19;30.0833;11:56:59
33;30.2789;11:56:59
35;30.0637;11:56:59
49;30.2789;11:56:59
51;30.0637;11:56:59
1;30.2985;11:57:00
3;30.0637;11:57:00
17;30.2789;11:57:00
19;30.0833;11:57:00
33;30.2789;11:57:00
35;30.0637;11:57:00
49;30.2594;11:57:00
51;30.0637;11:57:00
1;30.2594;11:57:01
3;30.0637;11:57:01
17;30.2789;11:57:01
19;30.0637;11:57:01
33;30.2594;11:57:01
35;30.0637;11:57:01
49;30.2789;11:57:01
51;30.0637;11:57:01
1;30.2789;11:57:02
3;30.0637;11:57:02
17;30.2789;11:57:02
19;30.0637;11:57:02
33;30.2594;11:57:02
35;30.0637;11:57:02
49;30.2594;11:57:02
51;30.0637;11:57:02
1;30.2594;11:57:03
3;30.0637;11:57:03
17;30.2594;11:57:03
19;30.0637;11:57:03
33;30.2594;11:57:03
35;30.0637;11:57:03
49;30.2594;11:57:03
51;30.0637;11:57:03
1;30.2594;11:57:04
3;30.0637;11:57:04
17;30.2594;11:57:04
19;30.0637;11:57:04
33;30.2594;11:57:04
35;30.0637;11:57:04
49;30.2594;11:57:04
51;30.0637;11:57:04
1;30.2594;11:57:05
3;30.0637;11:57:05
17;30.2594;11:57:05
19;30.0637;11:57:05
33;30.2594;11:57:05
35;30.0637;11:57:05
49;30.2594;11:57:05
51;30.0637;11:57:05
1;30.2398;11:57:06
3;30.0637;11:57:06
17;30.2594;11:57:06
19;30.0442;11:57:06
33;30.2594;11:57:06
35;30.0637;11:57:06
49;30.2398;11:57:06
51;30.0442;11:57:06
1;30.2594;11:57:07
3;30.0442;11:57:07
17;30.2398;11:57:07
19;30.0442;11:57:07
33;30.2398;11:57:07
35;30.0442;11:57:07
49;30.2202;11:57:07
51;30.0442;11:57:07
1;30.2398;11:57:08
3;30.0442;11:57:08
17;30.2398;11:57:08
19;30.0442;11:57:08
33;30.2202;11:57:08
35;30.0442;11:57:08
49;30.2398;11:57:08
51;30.0246;11:57:08
1;30.2398;11:57:09
3;30.0246;11:57:09
17;30.2202;11:57:09
19;30.0442;11:57:09
33;30.2202;11:57:09
35;30.0442;11:57:09
49;30.2202;11:57:09
51;30.0246;11:57:09
1;30.2202;11:57:10
3;30.0246;11:57:10
17;30.2202;11:57:10
19;30.0442;11:57:10
33;30.2202;11:57:10
35;30.0246;11:57:10
49;30.2202;11:57:10
51;30.0246;11:57:10
1;30.2202;11:57:11
3;30.0246;11:57:11
17;30.2202;11:57:11
19;30.0246;11:57:11
33;30.2202;11:57:11
35;30.0246;11:57:11
49;30.2202;11:57:11
51;30.0246;11:57:11
1;30.2202;11:57:12
3;30.0246;11:57:12
17;30.2202;11:57:12
19;30.0246;11:57:12
33;30.2202;11:57:12
35;30.0246;11:57:12
49;30.2202;11:57:12
51;30.0246;11:57:12
1;30.2202;11:57:13
3;30.0246;11:57:13
17;30.2202;11:57:13
19;30.0246;11:57:13
33;30.2202;11:57:13
35;30.005;11:57:13
49;30.2007;11:57:13
51;30.005;11:57:13
1;30.2007;11:57:14
3;30.0246;11:57:14
17;30.2007;11:57:14
19;30.005;11:57:14
33;30.2007;11:57:14
35;30.005;11:57:14
49;30.2007;11:57:14
51;30.005;11:57:14
65;30.2007;11:57:14
67;30.005;11:57:14
1;30.1811;11:57:15
3;30.005;11:57:15
17;30.2007;11:57:15
19;30.005;11:57:15
33;30.1811;11:57:15
35;30.005;11:57:15
49;30.1811;11:57:15
51;30.005;11:57:15
1;30.1615;11:57:17
3;30.005;11:57:17
17;30.1811;11:57:17
19;30.005;11:57:17
33;30.1811;11:57:17
35;30.005;11:57:17
49;30.1615;11:57:17
51;30.005;11:57:17
1;30.1811;11:57:18
3;30.005;11:57:18
17;30.1615;11:57:18
19;30.005;11:57:18
33;30.1811;11:57:18
35;30.005;11:57:18
49;30.1615;11:57:18
51;30.005;11:57:18
1;30.1615;11:57:19
3;30.005;11:57:19
17;30.1615;11:57:19
19;30.005;11:57:19
33;30.1615;11:57:19
35;30.005;11:57:19
49;30.1615;11:57:19
51;30.005;11:57:19
1;30.1615;11:57:20
3;30.005;11:57:20
17;30.1615;11:57:20
19;29.9855;11:57:20
33;30.1615;11:57:20
35;29.9855;11:57:20
49;30.1615;11:57:20
51;30.005;11:57:20
1;30.1615;11:57:21
3;29.9855;11:57:21
17;30.1615;11:57:21
19;29.9855;11:57:21
33;30.1615;11:57:21
35;29.9855;11:57:21
49;30.1615;11:57:21
51;29.9855;11:57:21
1;30.1615;11:57:22
3;30.005;11:57:22
17;30.142;11:57:22
19;29.9855;11:57:22
33;30.142;11:57:22
35;29.9855;11:57:22
49;30.1615;11:57:22
51;29.9855;11:57:22
1;30.142;11:57:23
3;29.9855;11:57:23
17;30.142;11:57:23
19;29.9855;11:57:23
33;30.1615;11:57:23
35;29.9855;11:57:23
49;30.142;11:57:23
51;29.9855;11:57:23
1;30.142;11:57:24
3;29.9855;11:57:24
17;30.142;11:57:24
19;29.9855;11:57:24
33;30.142;11:57:24
35;29.9659;11:57:24
49;30.142;11:57:24
51;29.9855;11:57:24
1;30.1224;11:57:25
3;29.9659;11:57:25
17;30.142;11:57:25
19;29.9659;11:57:25
33;30.1224;11:57:25
35;29.9855;11:57:25
49;30.1224;11:57:25
51;29.9659;11:57:25
1;30.1224;11:57:26
3;29.9659;11:57:26
17;30.1224;11:57:26
19;29.9855;11:57:26
33;30.1224;11:57:26
35;29.9659;11:57:26
49;30.1029;11:57:26
51;29.9659;11:57:26
1;30.1224;11:57:27
3;29.9659;11:57:27
17;30.1029;11:57:27
19;29.9659;11:57:27
33;30.1029;11:57:27
35;29.9659;11:57:27
49;30.1224;11:57:27
51;29.9464;11:57:27
1;30.1029;11:57:28
3;29.9464;11:57:28
17;30.1224;11:57:28
19;29.9659;11:57:28
33;30.1029;11:57:28
35;29.9464;11:57:28
49;30.1029;11:57:28
51;29.9464;11:57:28
1;30.1029;11:57:29
3;29.9659;11:57:29
17;30.1029;11:57:29
19;29.9464;11:57:29
33;30.1029;11:57:29
35;29.9464;11:57:29
49;30.1029;11:57:29
51;29.9464;11:57:29
1;30.1029;11:57:30
3;29.9464;11:57:30
17;30.0833;11:57:30
19;29.9464;11:57:30
33;30.1029;11:57:30
35;29.9464;11:57:30
49;30.1029;11:57:30
51;29.9464;11:57:30
1;30.1029;11:57:31
3;29.9464;11:57:31
17;30.1029;11:57:31
19;29.9464;11:57:31
33;30.1029;11:57:31
35;29.9464;11:57:31
49;30.0833;11:57:31
51;29.9464;11:57:31
1;30.1029;11:57:32
3;29.9464;11:57:32
17;30.0833;11:57:32
19;29.9464;11:57:32
33;30.0833;11:57:32
35;29.9464;11:57:32
49;30.1029;11:57:32
51;29.9464;11:57:32
65;30.0833;11:57:32
67;29.9464;11:57:32
1;30.0833;11:57:33
3;29.9464;11:57:33
17;30.0637;11:57:33
19;29.9464;11:57:33
33;30.0833;11:57:33
35;29.9268;11:57:33
49;30.0833;11:57:33
51;29.9464;11:57:33
1;30.0637;11:57:34
3;29.9268;11:57:34
17;30.0833;11:57:34
19;29.9268;11:57:34
33;30.0833;11:57:34
35;29.9268;11:57:34
49;30.0637;11:57:34
51;29.9268;11:57:34
1;30.0637;11:57:35
3;29.9268;11:57:35
17;30.0637;11:57:35
19;29.9072;11:57:35
33;30.0833;11:57:35
35;29.9268;11:57:35
49;30.0637;11:57:35
51;29.9268;11:57:35
1;30.0442;11:57:36
3;29.9072;11:57:36
17;30.0637;11:57:36
19;29.9268;11:57:36
33;30.0637;11:57:36
35;29.9072;11:57:36
49;30.0442;11:57:36
51;29.9072;11:57:36
1;30.0637;11:57:37
3;29.9268;11:57:37
17;30.0637;11:57:37
19;29.9072;11:57:37
33;30.0442;11:57:37
35;29.9072;11:57:37
49;30.0637;11:57:37
51;29.9072;11:57:37
1;30.0442;11:57:38
3;29.9268;11:57:38
17;30.0442;11:57:38
19;29.9072;11:57:38
33;30.0442;11:57:38
35;29.9072;11:57:38
49;30.0442;11:57:38
51;29.9072;11:57:38
1;30.0442;11:57:39
3;29.9072;11:57:39
17;30.0442;11:57:39
19;29.8877;11:57:39
33;30.0442;11:57:39
35;29.9072;11:57:39
49;30.0442;11:57:39
51;29.9072;11:57:39
1;30.0442;11:57:40
3;29.8877;11:57:40
17;30.0442;11:57:40
19;29.8877;11:57:40
33;30.0442;11:57:40
35;29.9072;11:57:40
49;30.0442;11:57:40
51;29.8877;11:57:40
1;30.0442;11:57:41
3;29.8877;11:57:41
17;30.0442;11:57:41
19;29.8877;11:57:41
33;30.0442;11:57:41
35;29.8877;11:57:41
49;30.0442;11:57:41
51;29.8877;11:57:41
1;30.0442;11:57:42
3;29.8877;11:57:42
17;30.0442;11:57:42
19;29.8877;11:57:42
33;30.0246;11:57:42
35;29.8877;11:57:42
49;30.0442;11:57:42
51;29.8877;11:57:42
1;30.0442;11:57:43
3;29.8877;11:57:43
17;30.0246;11:57:43
19;29.8877;11:57:43
33;30.0246;11:57:43
35;29.8877;11:57:43
49;30.0442;11:57:43
51;29.8877;11:57:43
1;30.0246;11:57:44
3;29.8877;11:57:44
17;30.0246;11:57:44
19;29.8877;11:57:44
33;30.005;11:57:44
35;29.8877;11:57:44
49;30.0246;11:57:44
51;29.8877;11:57:44
1;30.0246;11:57:45
3;29.8877;11:57:45
17;30.0246;11:57:45
19;29.8877;11:57:45
33;30.005;11:57:45
35;29.8877;11:57:45
49;30.0246;11:57:45
51;29.8877;11:57:45
1;30.0246;11:57:46
3;29.8877;11:57:46
17;30.0246;11:57:46
19;29.8877;11:57:46
33;30.0246;11:57:46
35;29.8681;11:57:46
49;30.0246;11:57:46
51;29.8877;11:57:46
1;30.005;11:57:47
3;29.8877;11:57:47
17;30.0246;11:57:47
19;29.8877;11:57:47
33;30.005;11:57:47
35;29.8681;11:57:47
49;30.005;11:57:47
51;29.8681;11:57:47
1;30.005;11:57:48
3;29.8877;11:57:48
17;30.005;11:57:48
19;29.8681;11:57:48
33;30.005;11:57:48
35;29.8681;11:57:48
49;30.005;11:57:48
51;29.8681;11:57:48
1;30.005;11:57:49
3;29.8485;11:57:49
17;30.005;11:57:49
19;29.8681;11:57:49
33;30.005;11:57:49
35;29.8681;11:57:49
49;30.005;11:57:49
51;29.8681;11:57:49
65;30.005;11:57:49
67;29.8485;11:57:49
1;29.9855;11:57:50
3;29.8485;11:57:50
17;30.005;11:57:50
19;29.8485;11:57:50
33;29.9855;11:57:50
35;29.8485;11:57:50
49;30.005;11:57:50
51;29.8485;11:57:50
1;30.005;11:57:51
3;29.8485;11:57:51
17;29.9855;11:57:51
19;29.8485;11:57:51
33;29.9855;11:57:51
35;29.8485;11:57:51
49;29.9855;11:57:51
51;29.8485;11:57:51
1;29.9855;11:57:52
3;29.8485;11:57:52
17;29.9855;11:57:52
19;29.8485;11:57:52
33;29.9855;11:57:52
35;29.8485;11:57:52
49;29.9659;11:57:52
51;29.8485;11:57:52
1;29.9855;11:57:53
3;29.8485;11:57:53
17;29.9855;11:57:53
19;29.8485;11:57:53
33;29.9659;11:57:53
35;29.8485;11:57:53
49;29.9659;11:57:53
51;29.8485;11:57:53
1;29.9659;11:57:54
3;29.8485;11:57:54
17;29.9659;11:57:54
19;29.8485;11:57:54
33;29.9855;11:57:54
35;29.8485;11:57:54
49;29.9659;11:57:54
51;29.8485;11:57:54
1;29.9855;11:57:55
3;29.8485;11:57:55
17;29.9659;11:57:55
19;29.8485;11:57:55
33;30.005;11:57:55
35;29.8485;11:57:55
49;29.9855;11:57:55
51;29.8485;11:57:55
1;29.9855;11:57:56
3;29.8485;11:57:56
17;30.005;11:57:56
19;29.8681;11:57:56
33;29.9855;11:57:56
35;29.8485;11:57:56
49;30.005;11:57:56
51;29.8485;11:57:56
1;30.005;11:57:57
3;29.8485;11:57:57
17;30.005;11:57:57
19;29.8485;11:57:57
33;30.005;11:57:57
35;29.8485;11:57:57
49;30.005;11:57:57
51;29.8681;11:57:57
1;30.005;11:57:58
3;29.8681;11:57:58
17;30.005;11:57:58
19;29.8485;11:57:58
33;30.005;11:57:58
35;29.8681;11:57:58
49;30.005;11:57:58
51;29.8485;11:57:58
1;30.005;11:57:59
3;29.8485;11:57:59
17;30.005;11:57:59
19;29.8681;11:57:59
33;30.005;11:57:59
35;29.8485;11:57:59
49;30.005;11:57:59
51;29.8681;11:57:59
1;30.0246;11:58:00
3;29.8485;11:58:00
17;30.005;11:58:00
19;29.8681;11:58:00
33;30.0246;11:58:00
35;29.8681;11:58:00
49;30.0246;11:58:00
51;29.8877;11:58:00
1;30.0442;11:58:01
3;29.8681;11:58:01
17;30.0246;11:58:01
19;29.8877;11:58:01
33;30.0442;11:58:01
35;29.8681;11:58:01
49;30.0442;11:58:01
51;29.8877;11:58:01
1;30.0442;11:58:02
3;29.8877;11:58:02
17;30.0442;11:58:02
19;29.8877;11:58:02
33;30.0442;11:58:02
35;29.8877;11:58:02
49;30.0637;11:58:02
51;29.8877;11:58:02
1;30.0442;11:58:03
3;29.8877;11:58:03
17;30.0442;11:58:03
19;29.8877;11:58:03
33;30.0442;11:58:03
35;29.8877;11:58:03
49;30.0442;11:58:03
51;29.8877;11:58:03
1;30.0637;11:58:04
3;29.8877;11:58:04
17;30.0442;11:58:04
19;29.8877;11:58:04
33;30.0637;11:58:04
35;29.8877;11:58:04
49;30.0442;11:58:04
51;29.8877;11:58:04
1;30.0637;11:58:05
3;29.8877;11:58:05
17;30.0833;11:58:05
19;29.8877;11:58:05
33;30.0637;11:58:05
35;29.9072;11:58:05
49;30.0833;11:58:05
51;29.8877;11:58:05
65;30.0833;11:58:05
67;29.9072;11:58:05
1;30.0833;11:58:06
3;29.9072;11:58:06
17;30.1029;11:58:06
19;29.8877;11:58:06
33;30.1029;11:58:06
35;29.9268;11:58:06
49;30.1029;11:58:06
51;29.9072;11:58:06
1;30.1029;11:58:07
3;29.9072;11:58:07
17;30.1029;11:58:07
19;29.9268;11:58:07
33;30.1224;11:58:07
35;29.9072;11:58:07
49;30.1029;11:58:07
51;29.9072;11:58:07
1;30.1224;11:58:08
3;29.9268;11:58:08
17;30.1029;11:58:08
19;29.9268;11:58:08
33;30.1029;11:58:08
35;29.9268;11:58:08
49;30.1224;11:58:08
51;29.9464;11:58:08
1;30.1224;11:58:09
3;29.9268;11:58:09
17;30.1224;11:58:09
19;29.9072;11:58:09
33;30.1224;11:58:09
35;29.9268;11:58:09
49;30.1224;11:58:09
51;29.9464;11:58:09
1;30.142;11:58:10
3;29.9268;11:58:10
17;30.142;11:58:10
19;29.9464;11:58:10
33;30.142;11:58:10
35;29.9268;11:58:10
49;30.142;11:58:10
51;29.9464;11:58:10
1;30.142;11:58:11
3;29.9464;11:58:11
17;30.1615;11:58:11
19;29.9464;11:58:11
33;30.1615;11:58:11
35;29.9464;11:58:11
49;30.1615;11:58:11
51;29.9464;11:58:11
1;30.1615;11:58:12
3;29.9464;11:58:12
17;30.1615;11:58:12
19;29.9464;11:58:12
33;30.1615;11:58:12
35;29.9464;11:58:12
49;30.1615;11:58:12
51;29.9464;11:58:12
1;30.1811;11:58:13
3;29.9464;11:58:13
17;30.1615;11:58:13
19;29.9464;11:58:13
33;30.1811;11:58:13
35;29.9464;11:58:13
49;30.1811;11:58:13
51;29.9659;11:58:13
1;30.2007;11:58:14
3;29.9659;11:58:14
17;30.1811;11:58:14
19;29.9659;11:58:14
33;30.1811;11:58:14
35;29.9659;11:58:14
49;30.2007;11:58:14
51;29.9659;11:58:14
1;30.1811;11:58:15
3;29.9659;11:58:15
17;30.2007;11:58:15
19;29.9855;11:58:15
33;30.2007;11:58:15
35;29.9855;11:58:15
49;30.2007;11:58:15
51;29.9855;11:58:15
1;30.2202;11:58:16
3;29.9855;11:58:16
17;30.2202;11:58:16
19;29.9855;11:58:16
33;30.2202;11:58:16
35;30.005;11:58:16
49;30.2202;11:58:16
51;29.9855;11:58:16
1;30.2202;11:58:17
3;30.005;11:58:17
17;30.2202;11:58:17
19;30.005;11:58:17
33;30.2398;11:58:17
35;30.005;11:58:17
49;30.2202;11:58:17
51;30.005;11:58:17
1;30.2398;11:58:18
3;30.005;11:58:18
17;30.2202;11:58:18
19;30.005;11:58:18
33;30.2398;11:58:18
35;30.005;11:58:18
49;30.2398;11:58:18
51;30.005;11:58:18
1;30.2398;11:58:19
3;30.005;11:58:19
17;30.2398;11:58:19
19;30.005;11:58:19
33;30.2398;11:58:19
35;30.005;11:58:19
49;30.2398;11:58:19
51;30.0246;11:58:19
1;30.2398;11:58:20
3;30.005;11:58:20
17;30.2594;11:58:20
19;30.005;11:58:20
33;30.2594;11:58:20
35;30.005;11:58:20
49;30.2594;11:58:20
51;30.0246;11:58:20
65;30.2594;11:58:20
67;30.0246;11:58:20
1;30.2594;11:58:21
3;30.0442;11:58:21
17;30.2594;11:58:21
19;30.0442;11:58:21
33;30.2789;11:58:21
35;30.0246;11:58:21
49;30.2789;11:58:21
51;30.0442;11:58:21
1;30.2789;11:58:23
3;30.0637;11:58:23
17;30.2985;11:58:23
19;30.0442;11:58:23
33;30.2985;11:58:23
35;30.0637;11:58:23
49;30.2985;11:58:23
51;30.0637;11:58:23
1;30.2985;11:58:24
3;30.0637;11:58:24
17;30.318;11:58:24
19;30.0442;11:58:24
33;30.2985;11:58:24
35;30.0637;11:58:24
49;30.318;11:58:24
51;30.0637;11:58:24
1;30.318;11:58:25
3;30.0637;11:58:25
17;30.318;11:58:25
19;30.0637;11:58:25
33;30.2985;11:58:25
35;30.0637;11:58:25
49;30.318;11:58:25
51;30.0637;11:58:25
1;30.318;11:58:26
3;30.0637;11:58:26
17;30.318;11:58:26
19;30.0637;11:58:26
33;30.318;11:58:26
35;30.0637;11:58:26
49;30.318;11:58:26
51;30.0637;11:58:26
1;30.3376;11:58:27
3;30.0833;11:58:27
17;30.3376;11:58:27
19;30.0833;11:58:27
33;30.3572;11:58:27
35;30.0637;11:58:27
49;30.3376;11:58:27
51;30.1029;11:58:27
1;30.3572;11:58:28
3;30.0833;11:58:28
17;30.3572;11:58:28
19;30.1029;11:58:28
33;30.3572;11:58:28
35;30.1029;11:58:28
49;30.3572;11:58:28
51;30.1029;11:58:28
1;30.3572;11:58:29
3;30.1029;11:58:29
17;30.3767;11:58:29
19;30.1029;11:58:29
33;30.3572;11:58:29
35;30.1029;11:58:29
49;30.3767;11:58:29
51;30.1029;11:58:29
1;30.3767;11:58:30
3;30.1029;11:58:30
17;30.3767;11:58:30
19;30.1029;11:58:30
33;30.3767;11:58:30
35;30.1029;11:58:30
49;30.3767;11:58:30
51;30.1029;11:58:30
1;30.3767;11:58:31
3;30.1029;11:58:31
17;30.3767;11:58:31
19;30.1224;11:58:31
33;30.3767;11:58:31
35;30.1029;11:58:31
49;30.3767;11:58:31
51;30.1224;11:58:31
1;30.3767;11:58:32
3;30.1224;11:58:32
17;30.3963;11:58:32
19;30.142;11:58:32
33;30.3963;11:58:32
35;30.142;11:58:32
49;30.3963;11:58:32
51;30.142;11:58:32
1;30.3963;11:58:33
3;30.142;11:58:33
17;30.4159;11:58:33
19;30.142;11:58:33
33;30.4159;11:58:33
35;30.1615;11:58:33
49;30.4159;11:58:33
51;30.1615;11:58:33
1;30.4159;11:58:34
3;30.1615;11:58:34
17;30.4159;11:58:34
19;30.142;11:58:34
33;30.4354;11:58:34
35;30.1615;11:58:34
49;30.4159;11:58:34
51;30.1615;11:58:34
1;30.4354;11:58:35
3;30.1615;11:58:35
17;30.4354;11:58:35
19;30.1615;11:58:35
33;30.4354;11:58:35
35;30.1615;11:58:35
49;30.4354;11:58:35
51;30.1615;11:58:35
1;30.4354;11:58:36
3;30.1615;11:58:36
17;30.455;11:58:36
19;30.1615;11:58:36
33;30.455;11:58:36
35;30.1615;11:58:36
49;30.455;11:58:36
51;30.1615;11:58:36
1;30.455;11:58:37
3;30.1615;11:58:37
17;30.455;11:58:37
19;30.1811;11:58:37
33;30.4745;11:58:37
35;30.1615;11:58:37
49;30.4745;11:58:37
51;30.1811;11:58:37
1;30.4745;11:58:38
3;30.1811;11:58:38
17;30.4745;11:58:38
19;30.1811;11:58:38
33;30.4745;11:58:38
35;30.1811;11:58:38
49;30.4941;11:58:38
51;30.1811;11:58:38
65;30.4941;11:58:38
67;30.2007;11:58:38
1;30.4941;11:58:39
3;30.2007;11:58:39
17;30.5137;11:58:39
19;30.2007;11:58:39
33;30.4941;11:58:39
35;30.2007;11:58:39
49;30.5137;11:58:39
51;30.2202;11:58:39
1;30.5137;11:58:40
3;30.2202;11:58:40
17;30.5137;11:58:40
19;30.2007;11:58:40
33;30.5137;11:58:40
35;30.2202;11:58:40
49;30.5137;11:58:40
51;30.2202;11:58:40
1;30.5137;11:58:41
3;30.2007;11:58:41
17;30.5332;11:58:41
19;30.2202;11:58:41
33;30.5332;11:58:41
35;30.2202;11:58:41
49;30.5332;11:58:41
51;30.2202;11:58:41
1;30.5332;11:58:42
3;30.2202;11:58:42
17;30.5332;11:58:42
19;30.2202;11:58:42
33;30.5332;11:58:42
35;30.2202;11:58:42
49;30.5332;11:58:42
51;30.2398;11:58:42
1;30.5528;11:58:43
3;30.2202;11:58:43
17;30.5528;11:58:43
19;30.2202;11:58:43
33;30.5332;11:58:43
35;30.2398;11:58:43
49;30.5528;11:58:43
51;30.2202;11:58:43
1;30.5528;11:58:44
3;30.2398;11:58:44
17;30.5724;11:58:44
19;30.2398;11:58:44
33;30.5528;11:58:44
35;30.2398;11:58:44
49;30.5528;11:58:44
51;30.2398;11:58:44
1;30.5724;11:58:45
3;30.2398;11:58:45
17;30.5724;11:58:45
19;30.2398;11:58:45
33;30.5528;11:58:45
35;30.2398;11:58:45
49;30.5724;11:58:45
51;30.2398;11:58:45
1;30.5724;11:58:46
3;30.2398;11:58:46
17;30.5724;11:58:46
19;30.2398;11:58:46
33;30.5724;11:58:46
35;30.2594;11:58:46
49;30.5528;11:58:46
51;30.2398;11:58:46
1;30.5724;11:58:47
3;30.2594;11:58:47
17;30.5724;11:58:47
19;30.2594;11:58:47
33;30.5724;11:58:47
35;30.2398;11:58:47
49;30.5724;11:58:47
51;30.2594;11:58:47
1;30.5724;11:58:48
3;30.2594;11:58:48
17;30.5724;11:58:48
19;30.2594;11:58:48
33;30.5919;11:58:48
35;30.2594;11:58:48
49;30.5724;11:58:48
51;30.2594;11:58:48
1;30.5724;11:58:49
3;30.2594;11:58:49
17;30.5919;11:58:49
19;30.2594;11:58:49
33;30.5724;11:58:49
35;30.2594;11:58:49
49;30.5724;11:58:49
51;30.2594;11:58:49
1;30.5919;11:58:50
3;30.2594;11:58:50
17;30.5919;11:58:50
19;30.2594;11:58:50
33;30.5724;11:58:50
35;30.2594;11:58:50
49;30.5919;11:58:50
51;30.2594;11:58:50
1;30.5724;11:58:51
3;30.2594;11:58:51
17;30.5724;11:58:51
19;30.2594;11:58:51
33;30.5724;11:58:51
35;30.2594;11:58:51
49;30.5724;11:58:51
51;30.2594;11:58:51
1;30.5919;11:58:52
3;30.2594;11:58:52
17;30.5919;11:58:52
19;30.2594;11:58:52
33;30.5724;11:58:52
35;30.2594;11:58:52
49;30.5724;11:58:52
51;30.2398;11:58:52
1;30.5724;11:58:53
3;30.2594;11:58:53
17;30.5919;11:58:53
19;30.2594;11:58:53
33;30.5724;11:58:53
35;30.2594;11:58:53
49;30.5724;11:58:53
51;30.2594;11:58:53
1;30.5724;11:58:54
3;30.2594;11:58:54
17;30.5724;11:58:54
19;30.2594;11:58:54
33;30.5724;11:58:54
35;30.2594;11:58:54
49;30.5528;11:58:54
51;30.2594;11:58:54
65;30.5724;11:58:54
67;30.2594;11:58:54
1;30.5724;11:58:55
3;30.2594;11:58:55
17;30.5724;11:58:55
19;30.2398;11:58:55
33;30.5528;11:58:55
35;30.2594;11:58:55
49;30.5528;11:58:55
51;30.2398;11:58:55
1;30.5724;11:58:56
3;30.2594;11:58:56
17;30.5528;11:58:56
19;30.2594;11:58:56
33;30.5528;11:58:56
35;30.2398;11:58:56
49;30.5528;11:58:56
51;30.2398;11:58:56
1;30.5332;11:58:57
3;30.2398;11:58:57
17;30.5528;11:58:57
19;30.2398;11:58:57
33;30.5528;11:58:57
35;30.2398;11:58:57
49;30.5528;11:58:57
51;30.2594;11:58:57
1;30.5332;11:58:58
3;30.2398;11:58:58
17;30.5332;11:58:58
19;30.2202;11:58:58
33;30.5332;11:58:58
35;30.2594;11:58:58
49;30.5332;11:58:58
51;30.2398;11:58:58
1;30.5332;11:58:59
3;30.2202;11:58:59
17;30.5332;11:58:59
19;30.2594;11:58:59
33;30.5332;11:58:59
35;30.2398;11:58:59
49;30.5332;11:58:59
51;30.2398;11:58:59
1;30.5332;11:59:00
3;30.2398;11:59:00
17;30.5332;11:59:00
19;30.2398;11:59:00
33;30.5332;11:59:00
35;30.2398;11:59:00
49;30.5332;11:59:00
51;30.2398;11:59:00
1;30.5332;11:59:01
3;30.2398;11:59:01
17;30.5332;11:59:01
19;30.2202;11:59:01
33;30.5332;11:59:01
35;30.2398;11:59:01
49;30.5137;11:59:01
51;30.2202;11:59:01
1;30.5137;11:59:02
3;30.2398;11:59:02
17;30.5332;11:59:02
19;30.2202;11:59:02
33;30.4941;11:59:02
35;30.2202;11:59:02
49;30.5137;11:59:02
51;30.2202;11:59:02
1;30.5137;11:59:03
3;30.2202;11:59:03
17;30.4941;11:59:03
19;30.2202;11:59:03
33;30.4941;11:59:03
35;30.2202;11:59:03
49;30.4941;11:59:03
51;30.2202;11:59:03
1;30.4941;11:59:04
3;30.2202;11:59:04
17;30.5137;11:59:04
19;30.2202;11:59:04
33;30.4941;11:59:04
35;30.2202;11:59:04
49;30.4941;11:59:04
51;30.2202;11:59:04
1;30.4745;11:59:05
3;30.2202;11:59:05
17;30.4941;11:59:05
19;30.2202;11:59:05
33;30.4941;11:59:05
35;30.2202;11:59:05
49;30.4941;11:59:05
51;30.2202;11:59:05
1;30.4745;11:59:06
3;30.2202;11:59:06
17;30.4745;11:59:06
19;30.2202;11:59:06
33;30.4745;11:59:06
35;30.2202;11:59:06
49;30.4745;11:59:06
51;30.2202;11:59:06
1;30.4745;11:59:07
3;30.2202;11:59:07
17;30.4745;11:59:07
19;30.2202;11:59:07
33;30.4745;11:59:07
35;30.2202;11:59:07
49;30.4745;11:59:07
51;30.2202;11:59:07
1;30.4745;11:59:08
3;30.2202;11:59:08
17;30.4745;11:59:08
19;30.2202;11:59:08
33;30.4745;11:59:08
35;30.2007;11:59:08
49;30.4745;11:59:08
51;30.2202;11:59:08
1;30.4745;11:59:09
3;30.2202;11:59:09
17;30.4745;11:59:09
19;30.2007;11:59:09
33;30.455;11:59:09
35;30.2202;11:59:09
49;30.455;11:59:09
51;30.2007;11:59:09
1;30.4745;11:59:10
3;30.2202;11:59:10
17;30.455;11:59:10
19;30.2007;11:59:10
33;30.455;11:59:10
35;30.2202;11:59:10
49;30.4354;11:59:10
51;30.2007;11:59:10
1;30.4354;11:59:11
3;30.2007;11:59:11
17;30.4354;11:59:11
19;30.2007;11:59:11
33;30.455;11:59:11
35;30.2007;11:59:11
49;30.4354;11:59:11
51;30.2007;11:59:11
65;30.4354;11:59:11
67;30.2007;11:59:11
1;30.4354;11:59:12
3;30.2007;11:59:12
17;30.4159;11:59:12
19;30.1811;11:59:12
33;30.4354;11:59:12
35;30.1811;11:59:12
49;30.4354;11:59:12
51;30.1811;11:59:12
1;30.4159;11:59:13
3;30.2007;11:59:13
17;30.4354;11:59:13
19;30.1811;11:59:13
33;30.4354;11:59:13
35;30.1811;11:59:13
49;30.4159;11:59:13
51;30.1811;11:59:13
1;30.4354;11:59:14
3;30.1811;11:59:14
17;30.4354;11:59:14
19;30.1615;11:59:14
33;30.4159;11:59:14
35;30.1811;11:59:14
49;30.4354;11:59:14
51;30.1811;11:59:14
1;30.4159;11:59:15
3;30.1811;11:59:15
17;30.4159;11:59:15
19;30.1615;11:59:15
33;30.4159;11:59:15
35;30.1811;11:59:15
49;30.4159;11:59:15
51;30.1615;11:59:15
1;30.4159;11:59:16
3;30.1811;11:59:16
17;30.4159;11:59:16
19;30.1615;11:59:16
33;30.4159;11:59:16
35;30.1615;11:59:16
49;30.4159;11:59:16
51;30.1615;11:59:16
