Number;Measure;Time
1;30.1224;12:00:02
3;29.9855;12:00:02
17;30.1224;12:00:02
19;29.9855;12:00:02
33;30.1224;12:00:02
35;29.9855;12:00:02
49;30.1029;12:00:02
51;29.9659;12:00:02
65;30.1224;12:00:02
67;29.9659;12:00:02
1;30.1224;12:00:03
3;29.9855;12:00:03
17;30.1029;12:00:03
19;29.9659;12:00:03
33;30.1029;12:00:03
35;29.9659;12:00:03
49;30.1029;12:00:03
51;29.9855;12:00:03
1;30.1029;12:00:04
3;29.9659;12:00:04
17;30.1029;12:00:04
19;29.9855;12:00:04
33;30.1029;12:00:04
35;29.9659;12:00:04
49;30.1029;12:00:04
51;29.9659;12:00:04
1;30.1029;12:00:05
3;29.9659;12:00:05
17;30.1029;12:00:05
19;29.9659;12:00:05
33;30.1029;12:00:05
35;29.9659;12:00:05
49;30.1029;12:00:05
51;29.9464;12:00:05
1;30.1029;12:00:06
3;29.9659;12:00:06
17;30.1029;12:00:06
19;29.9464;12:00:06
33;30.1029;12:00:06
35;29.9659;12:00:06
49;30.1029;12:00:06
51;29.9464;12:00:06
1;30.1029;12:00:07
3;29.9464;12:00:07
17;30.1029;12:00:07
19;29.9659;12:00:07
33;30.0833;12:00:07
35;29.9464;12:00:07
49;30.1029;12:00:07
51;29.9464;12:00:07
1;30.0833;12:00:08
3;29.9464;12:00:08
17;30.0833;12:00:08
19;29.9464;12:00:08
33;30.0833;12:00:08
35;29.9659;12:00:08
49;30.0833;12:00:08
51;29.9464;12:00:08
1;30.0833;12:00:09
3;29.9464;12:00:09
17;30.0833;12:00:09
19;29.9464;12:00:09
33;30.0637;12:00:09
35;29.9464;12:00:09
49;30.0833;12:00:09
51;29.9464;12:00:09
1;30.0833;12:00:10
3;29.9464;12:00:10
17;30.0637;12:00:10
19;29.9464;12:00:10
33;30.0833;12:00:10
35;29.9464;12:00:10
49;30.0637;12:00:10
51;29.9464;12:00:10
1;30.0637;12:00:11
3;29.9464;12:00:11
17;30.0637;12:00:11
19;29.9464;12:00:11
33;30.0442;12:00:11
35;29.9464;12:00:11
49;30.0637;12:00:11
51;29.9464;12:00:11
1;30.0637;12:00:12
3;29.9464;12:00:12
17;30.0442;12:00:12
19;29.9464;12:00:12
33;30.0442;12:00:12
35;29.9268;12:00:12
49;30.0442;12:00:12
51;29.9268;12:00:12
1;30.0442;12:00:13
3;29.9464;12:00:13
17;30.0442;12:00:13
19;29.9268;12:00:13
33;30.0442;12:00:13
35;29.9268;12:00:13
49;30.0442;12:00:13
51;29.9268;12:00:13
1;30.0442;12:00:15
3;29.9268;12:00:15
17;30.0442;12:00:15
19;29.9464;12:00:15
33;30.0442;12:00:15
35;29.9268;12:00:15
49;30.0442;12:00:15
51;29.9268;12:00:15
1;30.0442;12:00:16
3;29.9072;12:00:16
17;30.0442;12:00:16
19;29.9268;12:00:16
33;30.0442;12:00:16
35;29.9072;12:00:16
49;30.0442;12:00:16
51;29.9072;12:00:16
1;30.0442;12:00:17
3;29.9268;12:00:17
17;30.0442;12:00:17
19;29.9072;12:00:17
33;30.0442;12:00:17
35;29.9072;12:00:17
49;30.0442;12:00:17
51;29.9072;12:00:17
1;30.0442;12:00:18
3;29.9072;12:00:18
17;30.0442;12:00:18
19;29.9072;12:00:18
33;30.0442;12:00:18
35;29.8877;12:00:18
49;30.0442;12:00:18
51;29.9072;12:00:18
1;30.0442;12:00:19
3;29.8877;12:00:19
17;30.0442;12:00:19
19;29.8877;12:00:19
33;30.0442;12:00:19
35;29.8877;12:00:19
49;30.0246;12:00:19
51;29.8877;12:00:19
1;30.0442;12:00:20
3;29.8877;12:00:20
17;30.0246;12:00:20
19;29.8877;12:00:20
33;30.0246;12:00:20
35;29.8877;12:00:20
49;30.0246;12:00:20
51;29.8877;12:00:20
65;30.0246;12:00:20
67;29.8877;12:00:20
1;30.005;12:00:21
3;29.8877;12:00:21
17;30.0246;12:00:21
19;29.8877;12:00:21
33;30.005;12:00:21
35;29.8877;12:00:21
49;30.0246;12:00:21
51;29.8877;12:00:21
1;30.005;12:00:22
3;29.8877;12:00:22
17;30.005;12:00:22
19;29.8877;12:00:22
33;30.005;12:00:22
35;29.8877;12:00:22
49;30.005;12:00:22
51;29.8877;12:00:22
1;30.005;12:00:23
3;29.8877;12:00:23
17;30.005;12:00:23
19;29.8877;12:00:23
33;30.005;12:00:23
35;29.8877;12:00:23
49;30.005;12:00:23
51;29.8877;12:00:23
1;30.005;12:00:24
3;29.8877;12:00:24
17;30.005;12:00:24
19;29.8681;12:00:24
33;30.005;12:00:24
35;29.8877;12:00:24
49;30.005;12:00:24
51;29.8681;12:00:24
1;30.005;12:00:25
3;29.8877;12:00:25
17;30.005;12:00:25
19;29.8681;12:00:25
33;29.9855;12:00:25
35;29.8681;12:00:25
49;30.005;12:00:25
51;29.8681;12:00:25
1;30.005;12:00:26
3;29.8681;12:00:26
17;30.005;12:00:26
19;29.8681;12:00:26
33;29.9855;12:00:26
35;29.8681;12:00:26
49;30.005;12:00:26
51;29.8681;12:00:26
1;29.9855;12:00:27
3;29.8681;12:00:27
17;29.9855;12:00:27
19;29.8681;12:00:27
33;29.9855;12:00:27
35;29.8485;12:00:27
49;30.005;12:00:27
51;29.8681;12:00:27
1;29.9855;12:00:28
3;29.8485;12:00:28
17;29.9855;12:00:28
19;29.8681;12:00:28
33;30.005;12:00:28
35;29.8681;12:00:28
49;29.9855;12:00:28
51;29.8485;12:00:28
1;29.9855;12:00:29
3;29.8485;12:00:29
17;29.9855;12:00:29
19;29.8681;12:00:29
33;29.9855;12:00:29
35;29.8485;12:00:29
49;29.9659;12:00:29
51;29.8485;12:00:29
1;29.9855;12:00:30
3;29.8485;12:00:30
17;29.9855;12:00:30
19;29.8485;12:00:30
33;29.9659;12:00:30
35;29.8485;12:00:30
49;29.9855;12:00:30
51;29.8485;12:00:30
1;29.9659;12:00:31
3;29.8485;12:00:31
17;29.9659;12:00:31
19;29.8485;12:00:31
33;29.9659;12:00:31
35;29.8485;12:00:31
49;29.9659;12:00:31
51;29.8485;12:00:31
1;29.9855;12:00:32
3;29.8485;12:00:32
17;29.9659;12:00:32
19;29.8485;12:00:32
33;29.9659;12:00:32
35;29.8485;12:00:32
49;29.9855;12:00:32
51;29.8485;12:00:32
1;29.9659;12:00:33
3;29.8485;12:00:33
17;29.9659;12:00:33
19;29.8485;12:00:33
33;29.9855;12:00:33
35;29.8485;12:00:33
49;29.9855;12:00:33
51;29.8681;12:00:33
1;30.005;12:00:34
3;29.8485;12:00:34
17;29.9855;12:00:34
19;29.8485;12:00:34
33;29.9855;12:00:34
35;29.8485;12:00:34
49;30.005;12:00:34
51;29.8681;12:00:34
1;30.005;12:00:35
3;29.8485;12:00:35
17;29.9855;12:00:35
19;29.8681;12:00:35
33;30.005;12:00:35
35;29.8485;12:00:35
49;30.005;12:00:35
51;29.8681;12:00:35
1;30.005;12:00:36
3;29.8485;12:00:36
17;30.005;12:00:36
19;29.8681;12:00:36
33;30.005;12:00:36
35;29.8485;12:00:36
49;30.005;12:00:36
51;29.8485;12:00:36
1;30.005;12:00:37
3;29.8681;12:00:37
17;30.005;12:00:37
19;29.8485;12:00:37
33;30.005;12:00:37
35;29.8681;12:00:37
49;30.005;12:00:37
51;29.8877;12:00:37
65;30.005;12:00:37
67;29.8681;12:00:37
1;30.0246;12:00:38
3;29.8681;12:00:38
17;30.0246;12:00:38
19;29.8681;12:00:38
33;30.0246;12:00:38
35;29.8681;12:00:38
49;30.0246;12:00:38
51;29.8877;12:00:38
1;30.0246;12:00:39
3;29.8877;12:00:39
17;30.0442;12:00:39
19;29.8681;12:00:39
33;30.0442;12:00:39
35;29.8877;12:00:39
49;30.0442;12:00:39
51;29.8877;12:00:39
1;30.0442;12:00:40
3;29.8877;12:00:40
17;30.0442;12:00:40
19;29.8877;12:00:40
33;30.0442;12:00:40
35;29.8877;12:00:40
49;30.0442;12:00:40
51;29.8877;12:00:40
1;30.0442;12:00:41
3;29.8877;12:00:41
17;30.0442;12:00:41
19;29.8877;12:00:41
33;30.0442;12:00:41
35;29.8877;12:00:41
49;30.0637;12:00:41
51;29.8877;12:00:41
1;30.0442;12:00:42
3;29.8877;12:00:42
17;30.0637;12:00:42
19;29.8877;12:00:42
33;30.0637;12:00:42
35;29.8877;12:00:42
49;30.0637;12:00:42
51;29.8877;12:00:42
1;30.0637;12:00:43
3;29.8877;12:00:43
17;30.0833;12:00:43
19;29.9072;12:00:43
33;30.0833;12:00:43
35;29.9072;12:00:43
49;30.0833;12:00:43
51;29.9072;12:00:43
1;30.1029;12:00:44
3;29.9072;12:00:44
17;30.1029;12:00:44
19;29.9268;12:00:44
33;30.1029;12:00:44
35;29.8877;12:00:44
49;30.1029;12:00:44
51;29.9268;12:00:44
1;30.1029;12:00:45
3;29.9072;12:00:45
17;30.1029;12:00:45
19;29.9268;12:00:45
33;30.1029;12:00:45
35;29.9072;12:00:45
49;30.1029;12:00:45
51;29.9268;12:00:45
1;30.1029;12:00:46
3;29.9268;12:00:46
17;30.1029;12:00:46
19;29.9268;12:00:46
33;30.1029;12:00:46
35;29.9268;12:00:46
49;30.1029;12:00:46
51;29.9268;12:00:46
1;30.1029;12:00:47
3;29.9268;12:00:47
17;30.1224;12:00:47
19;29.9464;12:00:47
33;30.1224;12:00:47
35;29.9268;12:00:47
49;30.1224;12:00:47
51;29.9464;12:00:47
1;30.142;12:00:48
3;29.9464;12:00:48
17;30.142;12:00:48
19;29.9464;12:00:48
33;30.142;12:00:48
35;29.9464;12:00:48
49;30.142;12:00:48
51;29.9464;12:00:48
1;30.1615;12:00:49
3;29.9464;12:00:49
17;30.1615;12:00:49
19;29.9464;12:00:49
33;30.1615;12:00:49
35;29.9659;12:00:49
49;30.1615;12:00:49
51;29.9464;12:00:49
1;30.1615;12:00:50
3;29.9659;12:00:50
17;30.1615;12:00:50
19;29.9464;12:00:50
33;30.1615;12:00:50
35;29.9659;12:00:50
49;30.1615;12:00:50
51;29.9659;12:00:50
1;30.1811;12:00:51
3;29.9659;12:00:51
17;30.1811;12:00:51
19;29.9659;12:00:51
33;30.1811;12:00:51
35;29.9659;12:00:51
49;30.1811;12:00:51
51;29.9855;12:00:51
1;30.1811;12:00:52
3;29.9659;12:00:52
17;30.1811;12:00:52
19;29.9855;12:00:52
33;30.1811;12:00:52
35;29.9855;12:00:52
49;30.2007;12:00:52
51;29.9855;12:00:52
1;30.2007;12:00:53
3;29.9855;12:00:53
17;30.2007;12:00:53
19;29.9855;12:00:53
33;30.2202;12:00:53
35;29.9855;12:00:53
49;30.2202;12:00:53
51;30.005;12:00:53
1;30.2202;12:00:54
3;30.005;12:00:54
17;30.2202;12:00:54
19;30.005;12:00:54
33;30.2202;12:00:54
35;30.005;12:00:54
49;30.2202;12:00:54
51;30.005;12:00:54
65;30.2202;12:00:54
67;30.005;12:00:54
1;30.2398;12:00:55
3;30.005;12:00:55
17;30.2398;12:00:55
19;30.005;12:00:55
33;30.2398;12:00:55
35;30.005;12:00:55
49;30.2398;12:00:55
51;30.005;12:00:55
1;30.2398;12:00:56
3;30.005;12:00:56
17;30.2594;12:00:56
19;30.005;12:00:56
33;30.2398;12:00:56
35;30.0246;12:00:56
49;30.2594;12:00:56
51;30.005;12:00:56
1;30.2398;12:00:57
3;30.0246;12:00:57
17;30.2594;12:00:57
19;30.0246;12:00:57
33;30.2594;12:00:57
35;30.0246;12:00:57
49;30.2594;12:00:57
51;30.0246;12:00:57
1;30.2594;12:00:58
3;30.0442;12:00:58
17;30.2594;12:00:58
19;30.0246;12:00:58
33;30.2789;12:00:58
35;30.0442;12:00:58
49;30.2594;12:00:58
51;30.0442;12:00:58
1;30.2789;12:00:59
3;30.0637;12:00:59
17;30.2985;12:00:59
19;30.0442;12:00:59
33;30.2789;12:00:59
35;30.0637;12:00:59
49;30.2985;12:00:59
51;30.0442;12:00:59
1;30.2985;12:01:00
3;30.0637;12:01:00
17;30.2985;12:01:00
19;30.0637;12:01:00
33;30.318;12:01:00
35;30.0637;12:01:00
49;30.318;12:01:00
51;30.0637;12:01:00
1;30.318;12:01:01
3;30.0637;12:01:01
17;30.318;12:01:01
19;30.0637;12:01:01
33;30.318;12:01:01
35;30.0637;12:01:01
49;30.318;12:01:01
51;30.0637;12:01:01
1;30.318;12:01:02
3;30.0637;12:01:02
17;30.318;12:01:02
19;30.0637;12:01:02
33;30.318;12:01:02
35;30.0833;12:01:02
49;30.318;12:01:02
51;30.0637;12:01:02
1;30.318;12:01:03
3;30.0833;12:01:03
17;30.3376;12:01:03
19;30.0833;12:01:03
33;30.3376;12:01:03
35;30.1029;12:01:03
49;30.3376;12:01:03
51;30.0833;12:01:03
1;30.3376;12:01:04
3;30.1029;12:01:04
17;30.3572;12:01:04
19;30.1029;12:01:04
33;30.3572;12:01:04
35;30.1029;12:01:04
49;30.3767;12:01:04
51;30.1029;12:01:04
1;30.3767;12:01:05
3;30.1029;12:01:05
17;30.3767;12:01:05
19;30.1029;12:01:05
33;30.3767;12:01:05
35;30.1029;12:01:05
49;30.3767;12:01:05
51;30.1029;12:01:05
1;30.3767;12:01:06
3;30.1029;12:01:06
17;30.3767;12:01:06
19;30.1029;12:01:06
33;30.3767;12:01:06
35;30.1224;12:01:06
49;30.3767;12:01:06
51;30.1029;12:01:06
1;30.3767;12:01:07
3;30.1029;12:01:07
17;30.3767;12:01:07
19;30.1224;12:01:07
33;30.3767;12:01:07
35;30.1029;12:01:07
49;30.3767;12:01:07
51;30.1029;12:01:07
1;30.3767;12:01:08
3;30.1224;12:01:08
17;30.3963;12:01:08
19;30.1224;12:01:08
33;30.3963;12:01:08
35;30.1224;12:01:08
49;30.4159;12:01:08
51;30.142;12:01:08
1;30.3963;12:01:09
3;30.1224;12:01:09
17;30.4159;12:01:09
19;30.142;12:01:09
33;30.4159;12:01:09
35;30.1224;12:01:09
49;30.4159;12:01:09
51;30.1615;12:01:09
1;30.4159;12:01:10
3;30.142;12:01:10
17;30.4159;12:01:10
19;30.1615;12:01:10
33;30.4159;12:01:10
35;30.1615;12:01:10
49;30.4159;12:01:10
51;30.1615;12:01:10
65;30.4354;12:01:10
67;30.1615;12:01:10
1;30.4159;12:01:11
3;30.1615;12:01:11
17;30.4354;12:01:11
19;30.1615;12:01:11
33;30.4354;12:01:11
35;30.1615;12:01:11
49;30.4354;12:01:11
51;30.1615;12:01:11
1;30.4354;12:01:12
3;30.1615;12:01:12
17;30.455;12:01:12
19;30.1615;12:01:12
33;30.455;12:01:12
35;30.1615;12:01:12
49;30.455;12:01:12
51;30.1615;12:01:12
1;30.455;12:01:13
3;30.1615;12:01:13
17;30.4745;12:01:13
19;30.1615;12:01:13
33;30.4745;12:01:13
35;30.1615;12:01:13
49;30.4745;12:01:13
51;30.1811;12:01:13
1;30.4745;12:01:14
3;30.1811;12:01:14
17;30.4745;12:01:14
19;30.1811;12:01:14
33;30.4745;12:01:14
35;30.1811;12:01:14
49;30.4941;12:01:14
51;30.1811;12:01:14
1;30.4745;12:01:15
3;30.2007;12:01:15
17;30.4941;12:01:15
19;30.2007;12:01:15
33;30.4941;12:01:15
35;30.2007;12:01:15
49;30.5137;12:01:15
51;30.2007;12:01:15
1;30.4941;12:01:16
3;30.2202;12:01:16
17;30.4941;12:01:16
19;30.2007;12:01:16
33;30.5137;12:01:16
35;30.2202;12:01:16
49;30.5137;12:01:16
51;30.2007;12:01:16
1;30.5137;12:01:17
3;30.2202;12:01:17
17;30.4941;12:01:17
19;30.2202;12:01:17
33;30.5332;12:01:17
35;30.2202;12:01:17
49;30.5137;12:01:17
51;30.2202;12:01:17
1;30.5332;12:01:18
3;30.2202;12:01:18
17;30.5332;12:01:18
19;30.2202;12:01:18
33;30.5332;12:01:18
35;30.2202;12:01:18
49;30.5137;12:01:18
51;30.2202;12:01:18
1;30.5332;12:01:19
3;30.2202;12:01:19
17;30.5332;12:01:19
19;30.2202;12:01:19
33;30.5332;12:01:19
35;30.2202;12:01:19
49;30.5332;12:01:19
51;30.2202;12:01:19
1;30.5332;12:01:20
3;30.2202;12:01:20
17;30.5137;12:01:20
19;30.2202;12:01:20
33;30.5137;12:01:20
35;30.2202;12:01:20
49;30.5137;12:01:20
51;30.2202;12:01:20
1;30.5137;12:01:21
3;30.2202;12:01:21
17;30.5137;12:01:21
19;30.2202;12:01:21
33;30.5332;12:01:21
35;30.2202;12:01:21
49;30.5137;12:01:21
51;30.2202;12:01:21
1;30.5137;12:01:23
3;30.2202;12:01:23
17;30.5137;12:01:23
19;30.2202;12:01:23
33;30.4941;12:01:23
35;30.2202;12:01:23
49;30.5137;12:01:23
51;30.2202;12:01:23
1;30.5137;12:01:24
3;30.2202;12:01:24
17;30.5137;12:01:24
19;30.2202;12:01:24
33;30.5137;12:01:24
35;30.2202;12:01:24
49;30.5137;12:01:24
51;30.2202;12:01:24
1;30.5137;12:01:25
3;30.2202;12:01:25
17;30.5137;12:01:25
19;30.2202;12:01:25
33;30.5137;12:01:25
35;30.2202;12:01:25
49;30.5137;12:01:25
51;30.2202;12:01:25
1;30.5137;12:01:26
3;30.2202;12:01:26
17;30.5137;12:01:26
19;30.2202;12:01:26
33;30.4941;12:01:26
35;30.2202;12:01:26
49;30.5137;12:01:26
51;30.2202;12:01:26
1;30.5137;12:01:27
3;30.2202;12:01:27
17;30.4941;12:01:27
19;30.2202;12:01:27
33;30.5137;12:01:27
35;30.2202;12:01:27
49;30.4941;12:01:27
51;30.2202;12:01:27
1;30.5137;12:01:28
3;30.2202;12:01:28
17;30.5137;12:01:28
19;30.2202;12:01:28
33;30.4941;12:01:28
35;30.2202;12:01:28
49;30.4941;12:01:28
51;30.2202;12:01:28
65;30.4941;12:01:28
67;30.2202;12:01:28
1;30.4941;12:01:29
3;30.2202;12:01:29
17;30.4941;12:01:29
19;30.2202;12:01:29
33;30.4941;12:01:29
35;30.2202;12:01:29
49;30.4745;12:01:29
51;30.2202;12:01:29
1;30.4941;12:01:30
3;30.2007;12:01:30
17;30.4941;12:01:30
19;30.2202;12:01:30
33;30.4941;12:01:30
35;30.2202;12:01:30
49;30.4941;12:01:30
51;30.2202;12:01:30
1;30.4745;12:01:31
3;30.2202;12:01:31
17;30.4941;12:01:31
19;30.2202;12:01:31
33;30.4745;12:01:31
35;30.2202;12:01:31
49;30.4941;12:01:31
51;30.2202;12:01:31
1;30.4745;12:01:32
3;30.2202;12:01:32
17;30.4941;12:01:32
19;30.2202;12:01:32
33;30.4745;12:01:32
35;30.2202;12:01:32
49;30.4745;12:01:32
51;30.2202;12:01:32
1;30.4745;12:01:33
3;30.2202;12:01:33
17;30.4745;12:01:33
19;30.2202;12:01:33
33;30.4745;12:01:33
35;30.2202;12:01:33
49;30.4745;12:01:33
51;30.2007;12:01:33
1;30.4745;12:01:34
3;30.2202;12:01:34
17;30.4745;12:01:34
19;30.2007;12:01:34
33;30.4745;12:01:34
35;30.2007;12:01:34
49;30.4745;12:01:34
51;30.2202;12:01:34
1;30.4745;12:01:35
3;30.2007;12:01:35
17;30.4745;12:01:35
19;30.2202;12:01:35
33;30.455;12:01:35
35;30.2007;12:01:35
49;30.4745;12:01:35
51;30.2007;12:01:35
1;30.455;12:01:36
3;30.2007;12:01:36
17;30.455;12:01:36
19;30.2007;12:01:36
33;30.4745;12:01:36
35;30.1811;12:01:36
49;30.4745;12:01:36
51;30.2007;12:01:36
1;30.455;12:01:37
3;30.1811;12:01:37
17;30.455;12:01:37
19;30.1811;12:01:37
33;30.455;12:01:37
35;30.1811;12:01:37
49;30.455;12:01:37
51;30.2007;12:01:37
1;30.455;12:01:38
3;30.1811;12:01:38
17;30.455;12:01:38
19;30.1811;12:01:38
33;30.455;12:01:38
35;30.1811;12:01:38
49;30.4354;12:01:38
51;30.1811;12:01:38
1;30.4354;12:01:39
3;30.1811;12:01:39
17;30.4354;12:01:39
19;30.1811;12:01:39
33;30.4354;12:01:39
35;30.1615;12:01:39
49;30.4159;12:01:39
51;30.1615;12:01:39
1;30.4354;12:01:40
3;30.1615;12:01:40
17;30.4159;12:01:40
19;30.1811;12:01:40
33;30.4159;12:01:40
35;30.1615;12:01:40
49;30.4159;12:01:40
51;30.1615;12:01:40
1;30.4159;12:01:41
3;30.1615;12:01:41
17;30.4159;12:01:41
19;30.1615;12:01:41
33;30.4159;12:01:41
35;30.1615;12:01:41
49;30.4159;12:01:41
51;30.1615;12:01:41
1;30.4159;12:01:42
3;30.1615;12:01:42
17;30.4159;12:01:42
19;30.1615;12:01:42
33;30.4159;12:01:42
35;30.1615;12:01:42
49;30.4159;12:01:42
51;30.1615;12:01:42
1;30.3963;12:01:43
3;30.1615;12:01:43
17;30.3963;12:01:43
19;30.1615;12:01:43
33;30.3963;12:01:43
35;30.1615;12:01:43
49;30.3963;12:01:43
51;30.1615;12:01:43
1;30.3963;12:01:44
3;30.1615;12:01:44
17;30.3767;12:01:44
19;30.1615;12:01:44
33;30.3767;12:01:44
35;30.1615;12:01:44
49;30.3767;12:01:44
51;30.1615;12:01:44
1;30.3767;12:01:45
3;30.1615;12:01:45
17;30.3767;12:01:45
19;30.1615;12:01:45
33;30.3767;12:01:45
35;30.1615;12:01:45
49;30.3767;12:01:45
51;30.1615;12:01:45
65;30.3767;12:01:45
67;30.1615;12:01:45
1;30.3767;12:01:46
3;30.1615;12:01:46
17;30.3767;12:01:46
19;30.1615;12:01:46
33;30.3767;12:01:46
35;30.142;12:01:46
49;30.3572;12:01:46
51;30.1615;12:01:46
1;30.3767;12:01:47
3;30.1615;12:01:47
17;30.3767;12:01:47
19;30.142;12:01:47
33;30.3572;12:01:47
35;30.1615;12:01:47
49;30.3767;12:01:47
51;30.142;12:01:47
1;30.3572;12:01:48
3;30.142;12:01:48
17;30.3572;12:01:48
19;30.142;12:01:48
33;30.3767;12:01:48
35;30.1224;12:01:48
49;30.3572;12:01:48
51;30.1615;12:01:48
1;30.3572;12:01:49
3;30.1224;12:01:49
17;30.3572;12:01:49
19;30.142;12:01:49
33;30.3572;12:01:49
35;30.142;12:01:49
49;30.3376;12:01:49
51;30.142;12:01:49
1;30.3376;12:01:50
3;30.142;12:01:50
17;30.3572;12:01:50
19;30.1224;12:01:50
33;30.3376;12:01:50
35;30.142;12:01:50
49;30.3376;12:01:50
51;30.1224;12:01:50
1;30.3572;12:01:51
3;30.142;12:01:51
17;30.3376;12:01:51
19;30.1224;12:01:51
33;30.3376;12:01:51
35;30.142;12:01:51
49;30.3376;12:01:51
51;30.1224;12:01:51
1;30.3376;12:01:52
3;30.1224;12:01:52
17;30.3376;12:01:52
19;30.1224;12:01:52
33;30.318;12:01:52
35;30.1224;12:01:52
49;30.3376;12:01:52
51;30.142;12:01:52
1;30.318;12:01:53
3;30.1224;12:01:53
17;30.3376;12:01:53
19;30.1029;12:01:53
33;30.318;12:01:53
35;30.1224;12:01:53
49;30.318;12:01:53
51;30.1224;12:01:53
1;30.318;12:01:54
3;30.1029;12:01:54
17;30.318;12:01:54
19;30.1224;12:01:54
33;30.318;12:01:54
35;30.1029;12:01:54
49;30.318;12:01:54
51;30.1029;12:01:54
1;30.318;12:01:55
3;30.1029;12:01:55
17;30.318;12:01:55
19;30.1029;12:01:55
33;30.318;12:01:55
35;30.1029;12:01:55
49;30.318;12:01:55
51;30.1029;12:01:55
1;30.318;12:01:56
3;30.1029;12:01:56
17;30.318;12:01:56
19;30.1029;12:01:56
33;30.318;12:01:56
35;30.1029;12:01:56
49;30.318;12:01:56
51;30.1029;12:01:56
1;30.318;12:01:57
3;30.1029;12:01:57
17;30.318;12:01:57
19;30.1029;12:01:57
33;30.2985;12:01:57
35;30.1029;12:01:57
49;30.318;12:01:57
51;30.1029;12:01:57
1;30.2985;12:01:58
3;30.1029;12:01:58
17;30.318;12:01:58
19;30.1029;12:01:58
33;30.2985;12:01:58
35;30.1029;12:01:58
49;30.2985;12:01:58
51;30.0833;12:01:58
1;30.2789;12:01:59
3;30.1029;12:01:59
17;30.2985;12:01:59
19;30.0833;12:01:59
33;30.2789;12:01:59
35;30.0833;12:01:59
49;30.2985;12:01:59
51;30.1029;12:01:59
1;30.2789;12:02:00
3;30.0833;12:02:00
17;30.2789;12:02:00
19;30.0833;12:02:00
33;30.2789;12:02:00
35;30.0637;12:02:00
49;30.2789;12:02:00
51;30.0833;12:02:00
1;30.2985;12:02:01
3;30.0637;12:02:01
17;30.2594;12:02:01
19;30.0833;12:02:01
33;30.2789;12:02:01
35;30.0637;12:02:01
49;30.2789;12:02:01
51;30.0637;12:02:01
65;30.2594;12:02:01
67;30.0637;12:02:01
1;30.2789;12:02:02
3;30.0637;12:02:02
17;30.2789;12:02:02
19;30.0637;12:02:02
33;30.2594;12:02:02
35;30.0637;12:02:02
49;30.2789;12:02:02
51;30.0637;12:02:02
1;30.2594;12:02:03
3;30.0637;12:02:03
17;30.2594;12:02:03
19;30.0637;12:02:03
33;30.2594;12:02:03
35;30.0637;12:02:03
49;30.2594;12:02:03
51;30.0637;12:02:03
1;30.2594;12:02:04
3;30.0637;12:02:04
17;30.2594;12:02:04
19;30.0442;12:02:04
33;30.2594;12:02:04
35;30.0637;12:02:04
49;30.2594;12:02:04
51;30.0637;12:02:04
1;30.2594;12:02:05
3;30.0637;12:02:05
17;30.2594;12:02:05
19;30.0637;12:02:05
33;30.2594;12:02:05
35;30.0637;12:02:05
49;30.2594;12:02:05
51;30.0637;12:02:05
1;30.2594;12:02:06
3;30.0442;12:02:06
17;30.2398;12:02:06
19;30.0442;12:02:06
33;30.2594;12:02:06
35;30.0637;12:02:06
49;30.2398;12:02:06
51;30.0442;12:02:06
1;30.2594;12:02:07
3;30.0637;12:02:07
17;30.2398;12:02:07
19;30.0442;12:02:07
33;30.2202;12:02:07
35;30.0637;12:02:07
49;30.2398;12:02:07
51;30.0442;12:02:07
1;30.2202;12:02:08
3;30.0442;12:02:08
17;30.2202;12:02:08
19;30.0442;12:02:08
33;30.2202;12:02:08
35;30.0246;12:02:08
49;30.2202;12:02:08
51;30.0442;12:02:08
1;30.2202;12:02:09
3;30.0246;12:02:09
17;30.2202;12:02:09
19;30.0442;12:02:09
33;30.2202;12:02:09
35;30.0246;12:02:09
49;30.2202;12:02:09
51;30.0442;12:02:09
1;30.2202;12:02:10
3;30.0246;12:02:10
17;30.2202;12:02:10
19;30.0246;12:02:10
33;30.2202;12:02:10
35;30.0246;12:02:10
49;30.2007;12:02:10
51;30.0246;12:02:10
1;30.2202;12:02:11
3;30.005;12:02:11
17;30.2007;12:02:11
19;30.0246;12:02:11
33;30.2202;12:02:11
35;30.0246;12:02:11
49;30.2007;12:02:11
51;30.0246;12:02:11
1;30.2007;12:02:12
3;30.005;12:02:12
17;30.2202;12:02:12
19;30.0246;12:02:12
33;30.1811;12:02:12
35;30.0246;12:02:12
49;30.2007;12:02:12
51;30.005;12:02:12
1;30.2007;12:02:13
3;30.005;12:02:13
17;30.1811;12:02:13
19;30.0246;12:02:13
33;30.2007;12:02:13
35;30.0246;12:02:13
49;30.2007;12:02:13
51;30.0246;12:02:13
1;30.2007;12:02:14
3;30.005;12:02:14
17;30.1811;12:02:14
19;30.0246;12:02:14
33;30.2007;12:02:14
35;30.0246;12:02:14
49;30.1811;12:02:14
51;30.0246;12:02:14
1;30.1615;12:02:15
3;30.005;12:02:15
17;30.1811;12:02:15
19;30.0246;12:02:15
33;30.1615;12:02:15
35;30.0246;12:02:15
49;30.1811;12:02:15
51;30.005;12:02:15
1;30.1615;12:02:16
3;30.005;12:02:16
17;30.1811;12:02:16
19;30.005;12:02:16
33;30.1615;12:02:16
35;30.005;12:02:16
49;30.1615;12:02:16
51;30.005;12:02:16
65;30.1811;12:02:16
67;30.005;12:02:16
1;30.1615;12:02:17
3;30.005;12:02:17
17;30.1615;12:02:17
19;30.005;12:02:17
33;30.1811;12:02:17
35;30.005;12:02:17
49;30.1615;12:02:17
51;30.005;12:02:17
1;30.1615;12:02:18
3;30.005;12:02:18
17;30.1615;12:02:18
19;30.005;12:02:18
33;30.1615;12:02:18
35;30.005;12:02:18
49;30.1615;12:02:18
51;30.005;12:02:18
1;30.1615;12:02:19
3;30.005;12:02:19
17;30.1615;12:02:19
19;29.9855;12:02:19
33;30.1615;12:02:19
35;30.005;12:02:19
49;30.1615;12:02:19
51;29.9855;12:02:19
1;30.1615;12:02:20
3;30.005;12:02:20
17;30.1615;12:02:20
19;29.9855;12:02:20
33;30.1615;12:02:20
35;29.9855;12:02:20
49;30.1615;12:02:20
51;30.005;12:02:20
1;30.142;12:02:21
3;29.9855;12:02:21
17;30.1615;12:02:21
19;29.9855;12:02:21
33;30.1615;12:02:21
35;29.9855;12:02:21
49;30.142;12:02:21
51;29.9855;12:02:21
1;30.1615;12:02:22
3;29.9855;12:02:22
17;30.142;12:02:22
19;29.9855;12:02:22
33;30.1615;12:02:22
35;29.9659;12:02:22
49;30.142;12:02:22
51;29.9855;12:02:22
1;30.142;12:02:23
3;29.9855;12:02:23
17;30.142;12:02:23
19;29.9855;12:02:23
33;30.142;12:02:23
35;29.9855;12:02:23
49;30.142;12:02:23
51;29.9659;12:02:23
1;30.142;12:02:24
3;29.9855;12:02:24
17;30.142;12:02:24
19;29.9659;12:02:24
33;30.142;12:02:24
35;29.9659;12:02:24
49;30.1224;12:02:24
51;29.9659;12:02:24
1;30.142;12:02:25
3;29.9855;12:02:25
17;30.1224;12:02:25
19;29.9464;12:02:25
33;30.142;12:02:25
35;29.9855;12:02:25
49;30.1224;12:02:25
51;29.9464;12:02:25
1;30.1224;12:02:26
3;29.9659;12:02:26
17;30.1224;12:02:26
19;29.9659;12:02:26
33;30.1224;12:02:26
35;29.9659;12:02:26
49;30.1029;12:02:26
51;29.9659;12:02:26
1;30.1224;12:02:28
3;29.9659;12:02:28
17;30.1029;12:02:28
19;29.9659;12:02:28
33;30.1224;12:02:28
35;29.9464;12:02:28
49;30.1029;12:02:28
51;29.9659;12:02:28
1;30.1224;12:02:29
3;29.9659;12:02:29
17;30.1029;12:02:29
19;29.9464;12:02:29
33;30.1029;12:02:29
35;29.9659;12:02:29
49;30.1029;12:02:29
51;29.9464;12:02:29
1;30.1224;12:02:30
3;29.9464;12:02:30
17;30.1029;12:02:30
19;29.9464;12:02:30
33;30.1029;12:02:30
35;29.9464;12:02:30
49;30.1029;12:02:30
51;29.9464;12:02:30
1;30.1029;12:02:31
3;29.9464;12:02:31
17;30.1029;12:02:31
19;29.9464;12:02:31
33;30.1029;12:02:31
35;29.9464;12:02:31
49;30.1029;12:02:31
51;29.9464;12:02:31
65;30.1029;12:02:31
67;29.9464;12:02:31
1;30.1029;12:02:32
3;29.9464;12:02:32
17;30.0833;12:02:32
19;29.9464;12:02:32
33;30.0833;12:02:32
35;29.9464;12:02:32
49;30.0833;12:02:32
51;29.9268;12:02:32
1;30.0833;12:02:33
3;29.9464;12:02:33
17;30.0833;12:02:33
19;29.9464;12:02:33
33;30.0637;12:02:33
35;29.9464;12:02:33
49;30.0833;12:02:33
51;29.9464;12:02:33
1;30.0637;12:02:34
3;29.9464;12:02:34
17;30.0833;12:02:34
19;29.9464;12:02:34
33;30.0637;12:02:34
35;29.9464;12:02:34
49;30.0833;12:02:34
51;29.9268;12:02:34
1;30.0637;12:02:35
3;29.9268;12:02:35
17;30.0637;12:02:35
19;29.9464;12:02:35
33;30.0637;12:02:35
35;29.9268;12:02:35
49;30.0833;12:02:35
51;29.9268;12:02:35
1;30.0637;12:02:36
3;29.9268;12:02:36
17;30.0637;12:02:36
19;29.9268;12:02:36
33;30.0833;12:02:36
35;29.9072;12:02:36
49;30.0442;12:02:36
51;29.9072;12:02:36
1;30.0833;12:02:37
3;29.9072;12:02:37
17;30.0442;12:02:37
19;29.9072;12:02:37
33;30.0442;12:02:37
35;29.9072;12:02:37
49;30.0637;12:02:37
51;29.9072;12:02:37
1;30.0442;12:02:38
3;29.9072;12:02:38
17;30.0442;12:02:38
19;29.9072;12:02:38
33;30.0442;12:02:38
35;29.9072;12:02:38
49;30.0442;12:02:38
51;29.9072;12:02:38
1;30.0442;12:02:39
3;29.9268;12:02:39
17;30.0442;12:02:39
19;29.9072;12:02:39
33;30.0442;12:02:39
35;29.9072;12:02:39
49;30.0637;12:02:39
51;29.9072;12:02:39
1;30.0442;12:02:40
3;29.9072;12:02:40
17;30.0442;12:02:40
19;29.9072;12:02:40
33;30.0442;12:02:40
35;29.8877;12:02:40
49;30.0442;12:02:40
51;29.9072;12:02:40
1;30.0442;12:02:41
3;29.8877;12:02:41
17;30.0442;12:02:41
19;29.9072;12:02:41
33;30.0442;12:02:41
35;29.9072;12:02:41
49;30.0442;12:02:41
51;29.9072;12:02:41
1;30.0246;12:02:42
3;29.8877;12:02:42
17;30.0442;12:02:42
19;29.8877;12:02:42
33;30.0442;12:02:42
35;29.8877;12:02:42
49;30.0442;12:02:42
51;29.8877;12:02:42
1;30.0442;12:02:43
3;29.9072;12:02:43
17;30.0246;12:02:43
19;29.8877;12:02:43
33;30.0246;12:02:43
35;29.8877;12:02:43
49;30.0246;12:02:43
51;29.8877;12:02:43
1;30.0442;12:02:44
3;29.8877;12:02:44
17;30.0246;12:02:44
19;29.8877;12:02:44
33;30.0246;12:02:44
35;29.8877;12:02:44
49;30.005;12:02:44
51;29.8877;12:02:44
1;30.0246;12:02:45
3;29.8877;12:02:45
17;30.0246;12:02:45
19;29.8877;12:02:45
33;30.005;12:02:45
35;29.8877;12:02:45
49;30.0246;12:02:45
51;29.8877;12:02:45
1;30.005;12:02:46
3;29.8877;12:02:46
17;30.005;12:02:46
19;29.8877;12:02:46
33;30.005;12:02:46
35;29.8877;12:02:46
49;30.005;12:02:46
51;29.8877;12:02:46
65;30.005;12:02:46
67;29.8877;12:02:46
1;30.005;12:02:47
3;29.8681;12:02:47
17;30.005;12:02:47
19;29.8877;12:02:47
33;30.005;12:02:47
35;29.8681;12:02:47
49;30.005;12:02:47
51;29.8681;12:02:47
1;30.005;12:02:48
3;29.8877;12:02:48
17;30.005;12:02:48
19;29.8681;12:02:48
33;30.005;12:02:48
35;29.8485;12:02:48
49;30.005;12:02:48
51;29.8681;12:02:48
1;30.005;12:02:49
3;29.8681;12:02:49
17;30.005;12:02:49
19;29.8485;12:02:49
33;30.005;12:02:49
35;29.8681;12:02:49
49;30.005;12:02:49
51;29.8681;12:02:49
1;29.9855;12:02:50
3;29.8681;12:02:50
17;30.005;12:02:50
19;29.8681;12:02:50
33;29.9855;12:02:50
35;29.8485;12:02:50
49;30.005;12:02:50
51;29.8681;12:02:50
1;29.9855;12:02:51
3;29.8681;12:02:51
17;29.9855;12:02:51
19;29.8485;12:02:51
33;30.005;12:02:51
35;29.8485;12:02:51
49;29.9855;12:02:51
51;29.8681;12:02:51
1;29.9855;12:02:52
3;29.8485;12:02:52
17;29.9855;12:02:52
19;29.8485;12:02:52
33;29.9855;12:02:52
35;29.8485;12:02:52
49;29.9855;12:02:52
51;29.8485;12:02:52
1;29.9659;12:02:53
3;29.8485;12:02:53
17;29.9855;12:02:53
19;29.8485;12:02:53
33;29.9659;12:02:53
35;29.8485;12:02:53
49;29.9855;12:02:53
51;29.8485;12:02:53
1;29.9659;12:02:54
3;29.8485;12:02:54
17;29.9659;12:02:54
19;29.8485;12:02:54
33;29.9855;12:02:54
35;29.8485;12:02:54
49;29.9659;12:02:54
51;29.8485;12:02:54
1;29.9659;12:02:55
3;29.8485;12:02:55
17;29.9659;12:02:55
19;29.8485;12:02:55
33;29.9659;12:02:55
35;29.8485;12:02:55
49;29.9659;12:02:55
51;29.8485;12:02:55
1;29.9659;12:02:56
3;29.8485;12:02:56
17;29.9659;12:02:56
19;29.8485;12:02:56
33;29.9659;12:02:56
35;29.8485;12:02:56
49;29.9464;12:02:56
51;29.8485;12:02:56
1;29.9855;12:02:57
3;29.829;12:02:57
17;29.9659;12:02:57
19;29.8485;12:02:57
33;29.9855;12:02:57
35;29.8485;12:02:57
49;29.9855;12:02:57
51;29.8485;12:02:57
1;29.9855;12:02:58
3;29.8485;12:02:58
17;29.9855;12:02:58
19;29.8485;12:02:58
33;29.9855;12:02:58
35;29.8485;12:02:58
49;29.9855;12:02:58
51;29.8485;12:02:58
1;29.9855;12:02:59
3;29.8485;12:02:59
17;29.9855;12:02:59
19;29.8485;12:02:59
33;29.9855;12:02:59
35;29.8485;12:02:59
49;29.9855;12:02:59
51;29.8485;12:02:59
1;30.005;12:03:00
3;29.8485;12:03:00
17;30.005;12:03:00
19;29.8485;12:03:00
33;29.9855;12:03:00
35;29.8681;12:03:00
49;29.9855;12:03:00
51;29.8485;12:03:00
1;29.9855;12:03:01
3;29.8485;12:03:01
17;29.9659;12:03:01
19;29.8681;12:03:01
33;29.9855;12:03:01
35;29.8485;12:03:01
49;29.9855;12:03:01
51;29.8681;12:03:01
65;29.9855;12:03:01
67;29.8681;12:03:01
1;30.005;12:03:02
3;29.8681;12:03:02
17;29.9855;12:03:02
19;29.8681;12:03:02
33;30.005;12:03:02
35;29.8681;12:03:02
49;30.005;12:03:02
51;29.8877;12:03:02
1;30.005;12:03:03
3;29.8681;12:03:03
17;30.005;12:03:03
19;29.8877;12:03:03
33;30.005;12:03:03
35;29.8877;12:03:03
49;30.005;12:03:03
51;29.8877;12:03:03
1;30.005;12:03:04
3;29.8877;12:03:04
17;30.0246;12:03:04
19;29.8877;12:03:04
33;30.005;12:03:04
35;29.8877;12:03:04
49;30.005;12:03:04
51;29.8877;12:03:04
1;30.005;12:03:05
3;29.8877;12:03:05
17;30.0246;12:03:05
19;29.8877;12:03:05
33;30.005;12:03:05
35;29.8877;12:03:05
49;30.005;12:03:05
51;29.8877;12:03:05
1;30.0246;12:03:06
3;29.8877;12:03:06
17;30.0246;12:03:06
19;29.8877;12:03:06
33;30.005;12:03:06
35;29.9072;12:03:06
49;30.0246;12:03:06
51;29.8877;12:03:06
1;30.0246;12:03:07
3;29.9072;12:03:07
17;30.0246;12:03:07
19;29.8877;12:03:07
33;30.0442;12:03:07
35;29.9072;12:03:07
49;30.0442;12:03:07
51;29.9268;12:03:07
1;30.0442;12:03:08
3;29.9268;12:03:08
17;30.0442;12:03:08
19;29.9072;12:03:08
33;30.0442;12:03:08
35;29.9268;12:03:08
49;30.0637;12:03:08
51;29.9268;12:03:08
1;30.0637;12:03:09
3;29.9072;12:03:09
17;30.0637;12:03:09
19;29.9268;12:03:09
33;30.0833;12:03:09
35;29.9464;12:03:09
49;30.0833;12:03:09
51;29.9072;12:03:09
1;30.0833;12:03:10
3;29.9464;12:03:10
17;30.1029;12:03:10
19;29.9268;12:03:10
33;30.0833;12:03:10
35;29.9268;12:03:10
49;30.1029;12:03:10
51;29.9464;12:03:10
1;30.0833;12:03:11
3;29.9464;12:03:11
17;30.1029;12:03:11
19;29.9464;12:03:11
33;30.1029;12:03:11
35;29.9464;12:03:11
49;30.1029;12:03:11
51;29.9464;12:03:11
1;30.1029;12:03:12
3;29.9268;12:03:12
17;30.1029;12:03:12
19;29.9464;12:03:12
33;30.1029;12:03:12
35;29.9464;12:03:12
49;30.1029;12:03:12
51;29.9464;12:03:12
1;30.1224;12:03:13
3;29.9464;12:03:13
17;30.1224;12:03:13
19;29.9464;12:03:13
33;30.142;12:03:13
35;29.9464;12:03:13
49;30.142;12:03:13
51;29.9464;12:03:13
1;30.1615;12:03:14
3;29.9464;12:03:14
17;30.1615;12:03:14
19;29.9659;12:03:14
33;30.142;12:03:14
35;29.9464;12:03:14
49;30.1615;12:03:14
51;29.9659;12:03:14
1;30.1615;12:03:15
3;29.9659;12:03:15
17;30.1615;12:03:15
19;29.9659;12:03:15
33;30.1615;12:03:15
35;29.9464;12:03:15
49;30.1615;12:03:15
51;29.9659;12:03:15
65;30.1615;12:03:15
67;29.9659;12:03:15
1;30.1811;12:03:16
3;29.9659;12:03:16
17;30.1615;12:03:16
19;29.9659;12:03:16
33;30.1615;12:03:16
35;29.9659;12:03:16
49;30.1811;12:03:16
51;29.9659;12:03:16
1;30.1615;12:03:17
3;29.9659;12:03:17
17;30.1811;12:03:17
19;29.9659;12:03:17
33;30.1811;12:03:17
35;29.9855;12:03:17
49;30.1811;12:03:17
51;29.9659;12:03:17
1;30.2007;12:03:18
3;29.9855;12:03:18
17;30.2007;12:03:18
19;29.9855;12:03:18
33;30.2007;12:03:18
35;30.005;12:03:18
49;30.2202;12:03:18
51;29.9855;12:03:18
1;30.2202;12:03:19
3;30.005;12:03:19
17;30.2202;12:03:19
19;30.005;12:03:19
33;30.2202;12:03:19
35;30.005;12:03:19
49;30.2202;12:03:19
51;30.005;12:03:19
1;30.2202;12:03:20
3;30.005;12:03:20
17;30.2202;12:03:20
19;30.005;12:03:20
33;30.2202;12:03:20
35;30.005;12:03:20
49;30.2202;12:03:20
51;30.005;12:03:20
1;30.2202;12:03:21
3;30.005;12:03:21
17;30.2202;12:03:21
19;30.005;12:03:21
33;30.2398;12:03:21
35;30.005;12:03:21
49;30.2398;12:03:21
51;30.005;12:03:21
1;30.2398;12:03:22
3;30.005;12:03:22
17;30.2202;12:03:22
19;30.0246;12:03:22
33;30.2594;12:03:22
35;30.005;12:03:22
49;30.2398;12:03:22
51;30.0246;12:03:22
1;30.2594;12:03:23
3;30.0246;12:03:23
17;30.2594;12:03:23
19;30.0246;12:03:23
33;30.2594;12:03:23
35;30.0246;12:03:23
49;30.2594;12:03:23
51;30.0246;12:03:23
1;30.2789;12:03:24
3;30.0442;12:03:24
17;30.2789;12:03:24
19;30.0442;12:03:24
33;30.2594;12:03:24
35;30.0442;12:03:24
49;30.2789;12:03:24
51;30.0442;12:03:24
1;30.2789;12:03:25
3;30.0637;12:03:25
17;30.2985;12:03:25
19;30.0637;12:03:25
33;30.2789;12:03:25
35;30.0637;12:03:25
49;30.318;12:03:25
51;30.0442;12:03:25
1;30.2789;12:03:27
3;30.0637;12:03:27
17;30.2985;12:03:27
19;30.0637;12:03:27
33;30.318;12:03:27
35;30.0637;12:03:27
49;30.2985;12:03:27
51;30.0637;12:03:27
1;30.2985;12:03:28
3;30.0637;12:03:28
17;30.318;12:03:28
19;30.0637;12:03:28
33;30.318;12:03:28
35;30.0637;12:03:28
49;30.2985;12:03:28
51;30.0637;12:03:28
1;30.318;12:03:29
3;30.0637;12:03:29
17;30.318;12:03:29
19;30.0637;12:03:29
33;30.318;12:03:29
35;30.0637;12:03:29
49;30.318;12:03:29
51;30.0637;12:03:29
1;30.318;12:03:30
3;30.0833;12:03:30
17;30.3376;12:03:30
19;30.0833;12:03:30
33;30.318;12:03:30
35;30.0833;12:03:30
49;30.3376;12:03:30
51;30.0833;12:03:30
1;30.3572;12:03:31
3;30.1029;12:03:31
17;30.3376;12:03:31
19;30.0833;12:03:31
33;30.3572;12:03:31
35;30.1029;12:03:31
49;30.3376;12:03:31
51;30.1029;12:03:31
65;30.3572;12:03:31
67;30.1029;12:03:31
1;30.3572;12:03:32
3;30.1029;12:03:32
17;30.3572;12:03:32
19;30.1029;12:03:32
33;30.3572;12:03:32
35;30.1029;12:03:32
49;30.3572;12:03:32
51;30.1029;12:03:32
1;30.3767;12:03:33
3;30.1029;12:03:33
17;30.3572;12:03:33
19;30.1029;12:03:33
33;30.3767;12:03:33
35;30.1029;12:03:33
49;30.3767;12:03:33
51;30.1029;12:03:33
1;30.3767;12:03:34
3;30.1029;12:03:34
17;30.3767;12:03:34
19;30.1224;12:03:34
33;30.3963;12:03:34
35;30.1029;12:03:34
49;30.3963;12:03:34
51;30.1224;12:03:34
1;30.3963;12:03:35
3;30.142;12:03:35
17;30.3963;12:03:35
19;30.1224;12:03:35
33;30.3963;12:03:35
35;30.1224;12:03:35
49;30.3963;12:03:35
51;30.142;12:03:35
1;30.4159;12:03:36
3;30.1224;12:03:36
17;30.4159;12:03:36
19;30.1615;12:03:36
33;30.4159;12:03:36
35;30.142;12:03:36
49;30.4159;12:03:36
51;30.142;12:03:36
1;30.4159;12:03:37
3;30.1224;12:03:37
17;30.4159;12:03:37
19;30.1615;12:03:37
33;30.4159;12:03:37
35;30.1224;12:03:37
49;30.4159;12:03:37
51;30.142;12:03:37
1;30.4354;12:03:38
3;30.142;12:03:38
17;30.4159;12:03:38
19;30.1615;12:03:38
33;30.4354;12:03:38
35;30.142;12:03:38
49;30.4354;12:03:38
51;30.1615;12:03:38
1;30.4354;12:03:39
3;30.142;12:03:39
17;30.455;12:03:39
19;30.1615;12:03:39
33;30.455;12:03:39
35;30.1615;12:03:39
49;30.455;12:03:39
51;30.1615;12:03:39
1;30.4745;12:03:40
3;30.1615;12:03:40
17;30.4745;12:03:40
19;30.1615;12:03:40
33;30.4745;12:03:40
35;30.1615;12:03:40
49;30.4745;12:03:40
51;30.1615;12:03:40
1;30.4745;12:03:41
3;30.1811;12:03:41
17;30.4745;12:03:41
19;30.1615;12:03:41
33;30.4745;12:03:41
35;30.1615;12:03:41
49;30.4941;12:03:41
51;30.1811;12:03:41
1;30.4745;12:03:42
3;30.1811;12:03:42
17;30.4745;12:03:42
19;30.1615;12:03:42
33;30.4941;12:03:42
35;30.1811;12:03:42
49;30.4745;12:03:42
51;30.1811;12:03:42
1;30.4941;12:03:43
3;30.1811;12:03:43
17;30.4941;12:03:43
19;30.1811;12:03:43
33;30.4941;12:03:43
35;30.1811;12:03:43
49;30.4941;12:03:43
51;30.2007;12:03:43
1;30.4941;12:03:44
3;30.1811;12:03:44
17;30.5137;12:03:44
19;30.2007;12:03:44
33;30.5137;12:03:44
35;30.2007;12:03:44
49;30.5332;12:03:44
51;30.2007;12:03:44
1;30.5332;12:03:45
3;30.2202;12:03:45
17;30.5332;12:03:45
19;30.2202;12:03:45
33;30.5332;12:03:45
35;30.2202;12:03:45
49;30.5332;12:03:45
51;30.2202;12:03:45
65;30.5332;12:03:45
67;30.2202;12:03:45
1;30.5332;12:03:46
3;30.2202;12:03:46
17;30.5332;12:03:46
19;30.2202;12:03:46
33;30.5528;12:03:46
35;30.2202;12:03:46
49;30.5528;12:03:46
51;30.2202;12:03:46
1;30.5528;12:03:47
3;30.2202;12:03:47
17;30.5528;12:03:47
19;30.2398;12:03:47
33;30.5724;12:03:47
35;30.2202;12:03:47
49;30.5528;12:03:47
51;30.2398;12:03:47
1;30.5724;12:03:48
3;30.2202;12:03:48
17;30.5724;12:03:48
19;30.2398;12:03:48
33;30.5724;12:03:48
35;30.2398;12:03:48
49;30.5528;12:03:48
51;30.2594;12:03:48
1;30.5724;12:03:49
3;30.2398;12:03:49
17;30.5528;12:03:49
19;30.2594;12:03:49
33;30.5724;12:03:49
35;30.2398;12:03:49
49;30.5528;12:03:49
51;30.2398;12:03:49
1;30.5724;12:03:50
3;30.2594;12:03:50
17;30.5724;12:03:50
19;30.2398;12:03:50
33;30.5724;12:03:50
35;30.2594;12:03:50
49;30.5724;12:03:50
51;30.2398;12:03:50
1;30.5724;12:03:51
3;30.2594;12:03:51
17;30.5919;12:03:51
19;30.2398;12:03:51
33;30.5724;12:03:51
35;30.2594;12:03:51
49;30.5724;12:03:51
51;30.2398;12:03:51
1;30.5919;12:03:52
3;30.2398;12:03:52
17;30.5919;12:03:52
19;30.2398;12:03:52
33;30.5724;12:03:52
35;30.2594;12:03:52
49;30.5724;12:03:52
51;30.2398;12:03:52
1;30.5724;12:03:53
3;30.2594;12:03:53
17;30.5724;12:03:53
19;30.2594;12:03:53
33;30.5724;12:03:53
35;30.2594;12:03:53
49;30.5724;12:03:53
51;30.2594;12:03:53
1;30.5919;12:03:54
3;30.2398;12:03:54
17;30.5724;12:03:54
19;30.2594;12:03:54
33;30.5724;12:03:54
35;30.2398;12:03:54
49;30.5724;12:03:54
51;30.2398;12:03:54
1;30.5528;12:03:55
3;30.2594;12:03:55
17;30.5724;12:03:55
19;30.2594;12:03:55
33;30.5724;12:03:55
35;30.2594;12:03:55
49;30.5724;12:03:55
51;30.2594;12:03:55
1;30.5724;12:03:56
3;30.2398;12:03:56
17;30.5528;12:03:56
19;30.2398;12:03:56
33;30.5724;12:03:56
35;30.2594;12:03:56
49;30.5528;12:03:56
51;30.2594;12:03:56
1;30.5724;12:03:57
3;30.2398;12:03:57
17;30.5528;12:03:57
19;30.2594;12:03:57
33;30.5528;12:03:57
35;30.2594;12:03:57
49;30.5528;12:03:57
51;30.2398;12:03:57
1;30.5724;12:03:58
3;30.2398;12:03:58
17;30.5528;12:03:58
19;30.2594;12:03:58
33;30.5528;12:03:58
35;30.2398;12:03:58
49;30.5332;12:03:58
51;30.2594;12:03:58
65;30.5528;12:03:58
67;30.2594;12:03:58
1;30.5528;12:03:59
3;30.2398;12:03:59
17;30.5332;12:03:59
19;30.2594;12:03:59
33;30.5528;12:03:59
35;30.2398;12:03:59
49;30.5528;12:03:59
51;30.2594;12:03:59
1;30.5332;12:04:00
3;30.2398;12:04:00
17;30.5332;12:04:00
19;30.2398;12:04:00
33;30.5332;12:04:00
35;30.2594;12:04:00
49;30.5332;12:04:00
51;30.2398;12:04:00
1;30.5332;12:04:01
3;30.2594;12:04:01
17;30.5332;12:04:01
19;30.2594;12:04:01
33;30.5332;12:04:01
35;30.2594;12:04:01
49;30.5332;12:04:01
51;30.2398;12:04:01
1;30.5332;12:04:02
3;30.2594;12:04:02
17;30.5332;12:04:02
19;30.2594;12:04:02
33;30.5332;12:04:02
35;30.2398;12:04:02
49;30.5332;12:04:02
51;30.2398;12:04:02
1;30.5332;12:04:03
3;30.2594;12:04:03
17;30.5332;12:04:03
19;30.2398;12:04:03
33;30.5332;12:04:03
35;30.2202;12:04:03
49;30.5332;12:04:03
51;30.2398;12:04:03
1;30.5137;12:04:04
3;30.2398;12:04:04
17;30.5137;12:04:04
19;30.2202;12:04:04
33;30.5137;12:04:04
35;30.2398;12:04:04
49;30.5137;12:04:04
51;30.2202;12:04:04
1;30.5137;12:04:05
3;30.2202;12:04:05
17;30.5137;12:04:05
19;30.2202;12:04:05
33;30.5137;12:04:05
35;30.2398;12:04:05
49;30.5137;12:04:05
51;30.2202;12:04:05
1;30.5137;12:04:06
3;30.2398;12:04:06
17;30.4941;12:04:06
19;30.2202;12:04:06
33;30.4941;12:04:06
35;30.2202;12:04:06
49;30.4941;12:04:06
51;30.2398;12:04:06
1;30.4941;12:04:07
3;30.2202;12:04:07
17;30.4941;12:04:07
19;30.2202;12:04:07
33;30.4941;12:04:07
35;30.2202;12:04:07
49;30.4745;12:04:07
51;30.2202;12:04:07
1;30.4941;12:04:08
3;30.2202;12:04:08
17;30.4745;12:04:08
19;30.2202;12:04:08
33;30.4745;12:04:08
35;30.2202;12:04:08
49;30.4941;12:04:08
51;30.2202;12:04:08
1;30.4745;12:04:09
3;30.2202;12:04:09
17;30.4745;12:04:09
19;30.2202;12:04:09
33;30.4745;12:04:09
35;30.2202;12:04:09
49;30.4745;12:04:09
51;30.2202;12:04:09
1;30.4745;12:04:10
3;30.2202;12:04:10
17;30.4745;12:04:10
19;30.2202;12:04:10
33;30.4745;12:04:10
35;30.2202;12:04:10
49;30.4745;12:04:10
51;30.2202;12:04:10
1;30.4745;12:04:11
3;30.2202;12:04:11
17;30.4745;12:04:11
19;30.2202;12:04:11
33;30.4745;12:04:11
35;30.2202;12:04:11
49;30.4745;12:04:11
51;30.2202;12:04:11
65;30.4745;12:04:11
67;30.2202;12:04:11
1;30.4745;12:04:12
3;30.2202;12:04:12
17;30.4745;12:04:12
19;30.2202;12:04:12
33;30.4745;12:04:12
35;30.2202;12:04:12
49;30.455;12:04:12
51;30.2202;12:04:12
1;30.455;12:04:13
3;30.2202;12:04:13
17;30.4745;12:04:13
19;30.2202;12:04:13
33;30.455;12:04:13
35;30.2007;12:04:13
49;30.4745;12:04:13
51;30.2202;12:04:13
1;30.455;12:04:14
3;30.2202;12:04:14
17;30.455;12:04:14
19;30.2007;12:04:14
33;30.455;12:04:14
35;30.2007;12:04:14
49;30.4354;12:04:14
51;30.2202;12:04:14
1;30.4354;12:04:15
3;30.2007;12:04:15
17;30.455;12:04:15
19;30.2007;12:04:15
33;30.4354;12:04:15
35;30.2007;12:04:15
49;30.4354;12:04:15
51;30.1811;12:04:15
1;30.455;12:04:16
3;30.2007;12:04:16
17;30.4354;12:04:16
19;30.2007;12:04:16
33;30.4159;12:04:16
35;30.2007;12:04:16
49;30.4354;12:04:16
51;30.2007;12:04:16
1;30.4354;12:04:17
3;30.1811;12:04:17
17;30.4159;12:04:17
19;30.1811;12:04:17
33;30.4159;12:04:17
35;30.2007;12:04:17
49;30.4354;12:04:17
51;30.1811;12:04:17
1;30.4159;12:04:18
3;30.1811;12:04:18
17;30.4159;12:04:18
19;30.1811;12:04:18
33;30.4354;12:04:18
35;30.1811;12:04:18
49;30.4159;12:04:18
51;30.1811;12:04:18
1;30.4159;12:04:20
3;30.1811;12:04:20
17;30.4159;12:04:20
19;30.1811;12:04:20
33;30.4159;12:04:20
35;30.1615;12:04:20
49;30.4159;12:04:20
51;30.1811;12:04:20
1;30.4159;12:04:21
3;30.1811;12:04:21
17;30.4159;12:04:21
19;30.1615;12:04:21
33;30.4159;12:04:21
35;30.1811;12:04:21
49;30.3963;12:04:21
51;30.1615;12:04:21
1;30.4159;12:04:22
3;30.1615;12:04:22
17;30.4159;12:04:22
19;30.1615;12:04:22
33;30.3963;12:04:22
35;30.1811;12:04:22
49;30.3963;12:04:22
51;30.1615;12:04:22
1;30.3963;12:04:23
3;30.1615;12:04:23
17;30.3963;12:04:23
19;30.1615;12:04:23
33;30.3963;12:04:23
35;30.1615;12:04:23
49;30.3963;12:04:23
51;30.1615;12:04:23
1;30.3767;12:04:24
3;30.1615;12:04:24
17;30.3963;12:04:24
19;30.1615;12:04:24
33;30.3767;12:04:24
35;30.1615;12:04:24
49;30.3767;12:04:24
51;30.1615;12:04:24
65;30.3767;12:04:24
67;30.1615;12:04:24
1;30.3767;12:04:25
3;30.1615;12:04:25
17;30.3767;12:04:25
19;30.142;12:04:25
33;30.3767;12:04:25
35;30.1615;12:04:25
49;30.3767;12:04:25
51;30.1615;12:04:25
1;30.3767;12:04:26
3;30.1615;12:04:26
17;30.3767;12:04:26
19;30.1615;12:04:26
33;30.3767;12:04:26
35;30.142;12:04:26
49;30.3767;12:04:26
51;30.1615;12:04:26
1;30.3572;12:04:27
3;30.142;12:04:27
17;30.3767;12:04:27
19;30.142;12:04:27
33;30.3767;12:04:27
35;30.1615;12:04:27
49;30.3767;12:04:27
51;30.142;12:04:27
1;30.3767;12:04:28
3;30.142;12:04:28
17;30.3572;12:04:28
19;30.142;12:04:28
33;30.3767;12:04:28
35;30.142;12:04:28
49;30.3572;12:04:28
51;30.1224;12:04:28
1;30.3572;12:04:29
3;30.142;12:04:29
17;30.3572;12:04:29
19;30.142;12:04:29
33;30.3572;12:04:29
35;30.1615;12:04:29
49;30.3376;12:04:29
51;30.1224;12:04:29
1;30.3572;12:04:30
3;30.1224;12:04:30
17;30.3572;12:04:30
19;30.1224;12:04:30
33;30.318;12:04:30
35;30.142;12:04:30
49;30.3572;12:04:30
51;30.1224;12:04:30
1;30.318;12:04:31
3;30.1224;12:04:31
17;30.3376;12:04:31
19;30.142;12:04:31
33;30.318;12:04:31
35;30.1224;12:04:31
49;30.318;12:04:31
51;30.142;12:04:31
1;30.318;12:04:32
3;30.1224;12:04:32
17;30.318;12:04:32
19;30.1224;12:04:32
33;30.318;12:04:32
35;30.1224;12:04:32
49;30.318;12:04:32
51;30.1224;12:04:32
1;30.318;12:04:33
3;30.1224;12:04:33
17;30.318;12:04:33
19;30.1224;12:04:33
33;30.318;12:04:33
35;30.1224;12:04:33
49;30.318;12:04:33
51;30.1029;12:04:33
1;30.318;12:04:34
3;30.1224;12:04:34
17;30.2985;12:04:34
19;30.1224;12:04:34
33;30.318;12:04:34
35;30.1029;12:04:34
49;30.2985;12:04:34
51;30.1029;12:04:34
1;30.318;12:04:35
3;30.1224;12:04:35
17;30.2985;12:04:35
19;30.1029;12:04:35
33;30.2985;12:04:35
35;30.1224;12:04:35
49;30.2985;12:04:35
51;30.1029;12:04:35
1;30.2789;12:04:36
3;30.1029;12:04:36
17;30.2985;12:04:36
19;30.1029;12:04:36
33;30.2789;12:04:36
35;30.1029;12:04:36
49;30.2985;12:04:36
51;30.1224;12:04:36
1;30.2789;12:04:37
3;30.1029;12:04:37
17;30.2789;12:04:37
19;30.1029;12:04:37
33;30.2985;12:04:37
35;30.1029;12:04:37
49;30.2789;12:04:37
51;30.1029;12:04:37
65;30.2789;12:04:37
67;30.1029;12:04:37
1;30.2789;12:04:38
3;30.1029;12:04:38
17;30.2789;12:04:38
19;30.0833;12:04:38
33;30.2789;12:04:38
35;30.1029;12:04:38
49;30.2789;12:04:38
51;30.1029;12:04:38
1;30.2789;12:04:39
3;30.1029;12:04:39
17;30.2789;12:04:39
19;30.1029;12:04:39
33;30.2594;12:04:39
35;30.1029;12:04:39
49;30.2789;12:04:39
51;30.0833;12:04:39
1;30.2594;12:04:40
3;30.1029;12:04:40
17;30.2594;12:04:40
19;30.0833;12:04:40
33;30.2789;12:04:40
35;30.0833;12:04:40
49;30.2594;12:04:40
51;30.1029;12:04:40
1;30.2594;12:04:41
3;30.0833;12:04:41
17;30.2594;12:04:41
19;30.0833;12:04:41
33;30.2594;12:04:41
35;30.0833;12:04:41
49;30.2594;12:04:41
51;30.0833;12:04:41
1;30.2594;12:04:42
3;30.0833;12:04:42
17;30.2594;12:04:42
19;30.0833;12:04:42
33;30.2594;12:04:42
35;30.0637;12:04:42
49;30.2594;12:04:42
51;30.0833;12:04:42
1;30.2594;12:04:43
3;30.0833;12:04:43
17;30.2594;12:04:43
19;30.0833;12:04:43
33;30.2594;12:04:43
35;30.0637;12:04:43
49;30.2594;12:04:43
51;30.0833;12:04:43
1;30.2398;12:04:44
3;30.0637;12:04:44
17;30.2594;12:04:44
19;30.0833;12:04:44
33;30.2594;12:04:44
35;30.0637;12:04:44
49;30.2594;12:04:44
51;30.0637;12:04:44
1;30.2594;12:04:45
3;30.0637;12:04:45
17;30.2398;12:04:45
19;30.0637;12:04:45
33;30.2594;12:04:45
35;30.0637;12:04:45
49;30.2398;12:04:45
51;30.0637;12:04:45
1;30.2594;12:04:46
3;30.0637;12:04:46
17;30.2398;12:04:46
19;30.0637;12:04:46
33;30.2398;12:04:46
35;30.0637;12:04:46
49;30.2594;12:04:46
51;30.0637;12:04:46
1;30.2398;12:04:47
3;30.0637;12:04:47
17;30.2594;12:04:47
19;30.0637;12:04:47
33;30.2398;12:04:47
35;30.0637;12:04:47
49;30.2398;12:04:47
51;30.0637;12:04:47
1;30.2398;12:04:48
3;30.0637;12:04:48
17;30.2202;12:04:48
19;30.0442;12:04:48
33;30.2398;12:04:48
35;30.0637;12:04:48
49;30.2202;12:04:48
51;30.0637;12:04:48
65;30.2398;12:04:48
67;30.0637;12:04:48
1;30.2202;12:04:49
3;30.0637;12:04:49
17;30.2202;12:04:49
19;30.0637;12:04:49
33;30.2202;12:04:49
35;30.0637;12:04:49
49;30.2202;12:04:49
51;30.0637;12:04:49
1;30.2202;12:04:50
3;30.0442;12:04:50
17;30.2202;12:04:50
19;30.0442;12:04:50
33;30.2202;12:04:50
35;30.0637;12:04:50
49;30.2202;12:04:50
51;30.0442;12:04:50
1;30.2202;12:04:51
3;30.0442;12:04:51
17;30.2202;12:04:51
19;30.0637;12:04:51
33;30.2202;12:04:51
35;30.0442;12:04:51
49;30.2202;12:04:51
51;30.0442;12:04:51
1;30.2202;12:04:52
3;30.0442;12:04:52
17;30.2202;12:04:52
19;30.0442;12:04:52
33;30.2007;12:04:52
35;30.0442;12:04:52
49;30.2007;12:04:52
51;30.0246;12:04:52
1;30.2007;12:04:53
3;30.0442;12:04:53
17;30.2007;12:04:53
19;30.0246;12:04:53
33;30.2007;12:04:53
35;30.0442;12:04:53
49;30.2007;12:04:53
51;30.0246;12:04:53
1;30.2007;12:04:54
3;30.0246;12:04:54
17;30.2007;12:04:54
19;30.0246;12:04:54
33;30.1811;12:04:54
35;30.0246;12:04:54
49;30.2007;12:04:54
51;30.0246;12:04:54
1;30.2007;12:04:55
3;30.0246;12:04:55
17;30.1811;12:04:55
19;30.0246;12:04:55
33;30.2007;12:04:55
35;30.005;12:04:55
49;30.1811;12:04:55
51;30.0246;12:04:55
1;30.1811;12:04:56
3;30.005;12:04:56
17;30.1811;12:04:56
19;30.005;12:04:56
33;30.1811;12:04:56
35;30.005;12:04:56
49;30.2007;12:04:56
51;30.005;12:04:56
1;30.1811;12:04:57
3;30.0246;12:04:57
17;30.1811;12:04:57
19;30.005;12:04:57
33;30.1811;12:04:57
35;30.005;12:04:57
49;30.1811;12:04:57
51;30.005;12:04:57
1;30.1615;12:04:58
3;30.005;12:04:58
17;30.1615;12:04:58
19;30.005;12:04:58
33;30.1615;12:04:58
35;30.005;12:04:58
49;30.1811;12:04:58
51;30.005;12:04:58
65;30.1615;12:04:58
67;30.005;12:04:58
1;30.1615;12:04:59
3;30.005;12:04:59
17;30.1615;12:04:59
19;30.005;12:04:59
33;30.1615;12:04:59
35;30.005;12:04:59
49;30.1615;12:04:59
51;30.005;12:04:59
1;30.1615;12:05:00
3;30.005;12:05:00
17;30.1615;12:05:00
19;30.005;12:05:00
33;30.1615;12:05:00
35;29.9855;12:05:00
49;30.1615;12:05:00
51;30.005;12:05:00
1;30.1615;12:05:01
3;30.005;12:05:01
17;30.142;12:05:01
19;29.9855;12:05:01
33;30.1615;12:05:01
35;30.005;12:05:01
49;30.1224;12:05:01
51;29.9855;12:05:01
1;30.142;12:05:02
3;29.9855;12:05:02
17;30.1224;12:05:02
19;30.005;12:05:02
33;30.142;12:05:02
35;29.9855;12:05:02
49;30.1224;12:05:02
51;30.005;12:05:02
1;30.1224;12:05:03
3;29.9855;12:05:03
17;30.1224;12:05:03
19;30.005;12:05:03
33;30.1224;12:05:03
35;29.9659;12:05:03
49;30.1224;12:05:03
51;29.9855;12:05:03
1;30.1224;12:05:04
3;29.9855;12:05:04
17;30.1224;12:05:04
19;29.9855;12:05:04
33;30.1224;12:05:04
35;29.9659;12:05:04
49;30.1224;12:05:04
51;29.9855;12:05:04
1;30.1029;12:05:05
3;29.9855;12:05:05
17;30.1224;12:05:05
19;29.9659;12:05:05
33;30.1224;12:05:05
35;29.9855;12:05:05
49;30.1029;12:05:05
51;29.9855;12:05:05
1;30.1224;12:05:06
3;29.9659;12:05:06
17;30.1029;12:05:06
19;29.9855;12:05:06
33;30.1224;12:05:06
35;29.9659;12:05:06
49;30.1029;12:05:06
51;29.9659;12:05:06
1;30.1029;12:05:07
3;29.9659;12:05:07
17;30.1029;12:05:07
19;29.9659;12:05:07
33;30.1029;12:05:07
35;29.9659;12:05:07
49;30.1029;12:05:07
51;29.9464;12:05:07
1;30.1029;12:05:09
3;29.9464;12:05:09
17;30.1029;12:05:09
19;29.9659;12:05:09
33;30.1029;12:05:09
35;29.9464;12:05:09
49;30.1029;12:05:09
51;29.9464;12:05:09
1;30.1029;12:05:10
3;29.9464;12:05:10
17;30.1029;12:05:10
19;29.9464;12:05:10
33;30.1029;12:05:10
35;29.9464;12:05:10
49;30.1029;12:05:10
51;29.9464;12:05:10
1;30.0833;12:05:11
3;29.9464;12:05:11
17;30.1029;12:05:11
19;29.9464;12:05:11
33;30.1029;12:05:11
35;29.9464;12:05:11
49;30.0833;12:05:11
51;29.9268;12:05:11
1;30.1029;12:05:12
3;29.9464;12:05:12
17;30.0833;12:05:12
19;29.9464;12:05:12
33;30.1029;12:05:12
35;29.9268;12:05:12
49;30.0833;12:05:12
51;29.9268;12:05:12
1;30.0833;12:05:13
3;29.9464;12:05:13
17;30.0833;12:05:13
19;29.9268;12:05:13
33;30.0833;12:05:13
35;29.9464;12:05:13
49;30.0833;12:05:13
51;29.9268;12:05:13
65;30.0833;12:05:13
67;29.9464;12:05:13
1;30.0833;12:05:14
3;29.9268;12:05:14
17;30.0637;12:05:14
19;29.9268;12:05:14
33;30.0833;12:05:14
35;29.9268;12:05:14
49;30.0637;12:05:14
51;29.9268;12:05:14
1;30.0833;12:05:15
3;29.9268;12:05:15
17;30.0637;12:05:15
19;29.9268;12:05:15
33;30.0637;12:05:15
35;29.9268;12:05:15
49;30.0442;12:05:15
51;29.9072;12:05:15
1;30.0637;12:05:16
3;29.9268;12:05:16
17;30.0442;12:05:16
19;29.9268;12:05:16
33;30.0637;12:05:16
35;29.9268;12:05:16
49;30.0637;12:05:16
51;29.9268;12:05:16
1;30.0442;12:05:17
3;29.9072;12:05:17
17;30.0442;12:05:17
19;29.9072;12:05:17
33;30.0442;12:05:17
35;29.9072;12:05:17
49;30.0442;12:05:17
51;29.9072;12:05:17
1;30.0442;12:05:18
3;29.9072;12:05:18
17;30.0442;12:05:18
19;29.9072;12:05:18
33;30.0442;12:05:18
35;29.9072;12:05:18
49;30.0442;12:05:18
51;29.9072;12:05:18
1;30.0442;12:05:19
3;29.9072;12:05:19
17;30.0442;12:05:19
19;29.9072;12:05:19
33;30.0442;12:05:19
35;29.8877;12:05:19
49;30.0442;12:05:19
51;29.9072;12:05:19
1;30.0442;12:05:20
3;29.8877;12:05:20
17;30.0442;12:05:20
19;29.8877;12:05:20
33;30.0442;12:05:20
35;29.8877;12:05:20
49;30.0442;12:05:20
51;29.8877;12:05:20
1;30.0442;12:05:21
3;29.9072;12:05:21
17;30.0442;12:05:21
19;29.8877;12:05:21
33;30.0442;12:05:21
35;29.9072;12:05:21
49;30.0442;12:05:21
51;29.8877;12:05:21
1;30.0442;12:05:22
3;29.8877;12:05:22
17;30.0442;12:05:22
19;29.8877;12:05:22
33;30.0442;12:05:22
35;29.8877;12:05:22
49;30.0442;12:05:22
51;29.8877;12:05:22
1;30.0246;12:05:23
3;29.8877;12:05:23
17;30.0246;12:05:23
19;29.8877;12:05:23
33;30.0246;12:05:23
35;29.8877;12:05:23
49;30.0246;12:05:23
51;29.8877;12:05:23
65;30.0246;12:05:23
67;29.8877;12:05:23
1;30.0246;12:05:24
3;29.8877;12:05:24
17;30.005;12:05:24
19;29.8877;12:05:24
33;30.0246;12:05:24
35;29.8877;12:05:24
49;30.005;12:05:24
51;29.8877;12:05:24
1;30.005;12:05:25
3;29.8877;12:05:25
17;30.005;12:05:25
19;29.8681;12:05:25
33;30.005;12:05:25
35;29.8877;12:05:25
49;30.005;12:05:25
51;29.8877;12:05:25
1;30.005;12:05:26
3;29.8877;12:05:26
17;30.005;12:05:26
19;29.8681;12:05:26
33;30.005;12:05:26
35;29.8877;12:05:26
49;30.005;12:05:26
51;29.8877;12:05:26
1;30.005;12:05:27
3;29.8681;12:05:27
17;30.005;12:05:27
19;29.8681;12:05:27
33;30.005;12:05:27
35;29.8877;12:05:27
49;30.005;12:05:27
51;29.8681;12:05:27
1;30.005;12:05:28
3;29.8681;12:05:28
17;29.9855;12:05:28
19;29.8681;12:05:28
33;30.005;12:05:28
35;29.8681;12:05:28
49;30.005;12:05:28
51;29.8877;12:05:28
1;30.005;12:05:29
3;29.8681;12:05:29
17;29.9855;12:05:29
19;29.8485;12:05:29
33;29.9855;12:05:29
35;29.8681;12:05:29
49;30.005;12:05:29
51;29.8681;12:05:29
1;29.9855;12:05:30
3;29.8681;12:05:30
17;29.9855;12:05:30
19;29.8485;12:05:30
33;29.9855;12:05:30
35;29.8681;12:05:30
49;30.005;12:05:30
51;29.8485;12:05:30
1;29.9855;12:05:31
3;29.8485;12:05:31
17;29.9855;12:05:31
19;29.8681;12:05:31
33;29.9855;12:05:31
35;29.8485;12:05:31
49;29.9855;12:05:31
51;29.8485;12:05:31
1;29.9855;12:05:32
3;29.8485;12:05:32
17;29.9659;12:05:32
19;29.8485;12:05:32
33;29.9855;12:05:32
35;29.8485;12:05:32
49;29.9659;12:05:32
51;29.8485;12:05:32
1;29.9855;12:05:33
3;29.8485;12:05:33
17;29.9659;12:05:33
19;29.8485;12:05:33
33;29.9659;12:05:33
35;29.829;12:05:33
49;29.9855;12:05:33
51;29.8485;12:05:33
1;29.9464;12:05:34
3;29.8485;12:05:34
17;29.9659;12:05:34
19;29.8485;12:05:34
33;29.9855;12:05:34
35;29.829;12:05:34
49;29.9659;12:05:34
51;29.8485;12:05:34
1;29.9855;12:05:35
3;29.8485;12:05:35
17;29.9855;12:05:35
19;29.8485;12:05:35
33;30.005;12:05:35
35;29.8485;12:05:35
49;29.9855;12:05:35
51;29.8485;12:05:35
1;30.005;12:05:36
3;29.8485;12:05:36
17;29.9855;12:05:36
19;29.8485;12:05:36
33;30.005;12:05:36
35;29.8485;12:05:36
49;30.005;12:05:36
51;29.8485;12:05:36
1;30.005;12:05:37
3;29.8485;12:05:37
17;30.005;12:05:37
19;29.8485;12:05:37
33;30.005;12:05:37
35;29.8485;12:05:37
49;30.005;12:05:37
51;29.8485;12:05:37
65;30.005;12:05:37
67;29.8485;12:05:37
1;30.005;12:05:38
3;29.8485;12:05:38
17;30.005;12:05:38
19;29.8485;12:05:38
33;30.005;12:05:38
35;29.8485;12:05:38
49;30.005;12:05:38
51;29.8681;12:05:38
1;30.005;12:05:39
3;29.8485;12:05:39
17;30.005;12:05:39
19;29.8485;12:05:39
33;30.005;12:05:39
35;29.8485;12:05:39
49;30.005;12:05:39
51;29.8681;12:05:39
1;30.0246;12:05:40
3;29.8681;12:05:40
17;30.005;12:05:40
19;29.8485;12:05:40
33;30.0246;12:05:40
35;29.8681;12:05:40
49;30.0442;12:05:40
51;29.8877;12:05:40
1;30.0442;12:05:41
3;29.8681;12:05:41
17;30.0442;12:05:41
19;29.8877;12:05:41
33;30.0442;12:05:41
35;29.8681;12:05:41
49;30.0442;12:05:41
51;29.8877;12:05:41
1;30.0442;12:05:42
3;29.8877;12:05:42
17;30.0442;12:05:42
19;29.8877;12:05:42
33;30.0442;12:05:42
35;29.8681;12:05:42
49;30.0442;12:05:42
51;29.8877;12:05:42
1;30.0442;12:05:43
3;29.8877;12:05:43
17;30.0442;12:05:43
19;29.8681;12:05:43
33;30.0442;12:05:43
35;29.8877;12:05:43
49;30.0442;12:05:43
51;29.8877;12:05:43
1;30.0637;12:05:44
3;29.8877;12:05:44
17;30.0442;12:05:44
19;29.8877;12:05:44
33;30.0442;12:05:44
35;29.8877;12:05:44
49;30.0442;12:05:44
51;29.8877;12:05:44
1;30.0637;12:05:45
3;29.8877;12:05:45
17;30.0637;12:05:45
19;29.8877;12:05:45
33;30.0833;12:05:45
35;29.8877;12:05:45
49;30.0637;12:05:45
51;29.8877;12:05:45
1;30.0833;12:05:46
3;29.9072;12:05:46
17;30.1029;12:05:46
19;29.8877;12:05:46
33;30.1029;12:05:46
35;29.9072;12:05:46
49;30.1029;12:05:46
51;29.9072;12:05:46
1;30.1029;12:05:47
3;29.9072;12:05:47
17;30.1029;12:05:47
19;29.9072;12:05:47
33;30.1029;12:05:47
35;29.9072;12:05:47
49;30.1029;12:05:47
51;29.9268;12:05:47
1;30.1029;12:05:48
3;29.8877;12:05:48
17;30.1029;12:05:48
19;29.9268;12:05:48
33;30.1224;12:05:48
35;29.9072;12:05:48
49;30.1224;12:05:48
51;29.9268;12:05:48
1;30.1224;12:05:49
3;29.9268;12:05:49
17;30.1029;12:05:49
19;29.9268;12:05:49
33;30.1224;12:05:49
35;29.9268;12:05:49
49;30.142;12:05:49
51;29.9268;12:05:49
1;30.1224;12:05:50
3;29.9268;12:05:50
17;30.1224;12:05:50
19;29.9268;12:05:50
33;30.1224;12:05:50
35;29.9464;12:05:50
49;30.142;12:05:50
51;29.9464;12:05:50
65;30.1615;12:05:50
67;29.9464;12:05:50
1;30.142;12:05:51
3;29.9464;12:05:51
17;30.1615;12:05:51
19;29.9464;12:05:51
33;30.1615;12:05:51
35;29.9464;12:05:51
49;30.1615;12:05:51
51;29.9464;12:05:51
1;30.1615;12:05:52
3;29.9464;12:05:52
17;30.1615;12:05:52
19;29.9464;12:05:52
33;30.1615;12:05:52
35;29.9464;12:05:52
49;30.1811;12:05:52
51;29.9464;12:05:52
1;30.1615;12:05:53
3;29.9659;12:05:53
17;30.1811;12:05:53
19;29.9659;12:05:53
33;30.1615;12:05:53
35;29.9464;12:05:53
49;30.1811;12:05:53
51;29.9659;12:05:53
1;30.1811;12:05:54
3;29.9659;12:05:54
17;30.1811;12:05:54
19;29.9464;12:05:54
33;30.1811;12:05:54
35;29.9659;12:05:54
49;30.1811;12:05:54
51;29.9659;12:05:54
1;30.1811;12:05:55
3;29.9659;12:05:55
17;30.2007;12:05:55
19;29.9855;12:05:55
33;30.2007;12:05:55
35;29.9659;12:05:55
49;30.2202;12:05:55
51;30.005;12:05:55
1;30.2202;12:05:56
3;29.9855;12:05:56
17;30.2202;12:05:56
19;30.005;12:05:56
33;30.2202;12:05:56
35;30.005;12:05:56
49;30.2398;12:05:56
51;29.9855;12:05:56
1;30.2202;12:05:57
3;30.005;12:05:57
17;30.2398;12:05:57
19;30.005;12:05:57
33;30.2594;12:05:57
35;30.005;12:05:57
49;30.2398;12:05:57
51;30.005;12:05:57
1;30.2594;12:05:58
3;30.005;12:05:58
17;30.2398;12:05:58
19;30.005;12:05:58
33;30.2594;12:05:58
35;30.005;12:05:58
49;30.2398;12:05:58
51;30.005;12:05:58
1;30.2594;12:05:59
3;30.005;12:05:59
17;30.2594;12:05:59
19;30.0246;12:05:59
33;30.2398;12:05:59
35;30.005;12:05:59
49;30.2594;12:05:59
51;30.005;12:05:59
1;30.2594;12:06:00
3;30.005;12:06:00
17;30.2594;12:06:00
19;30.0246;12:06:00
33;30.2594;12:06:00
35;30.0246;12:06:00
49;30.2789;12:06:00
51;30.0246;12:06:00
1;30.2789;12:06:02
3;30.0246;12:06:02
17;30.2789;12:06:02
19;30.0246;12:06:02
33;30.2789;12:06:02
35;30.0246;12:06:02
49;30.2985;12:06:02
51;30.0442;12:06:02
1;30.2985;12:06:03
3;30.0246;12:06:03
17;30.318;12:06:03
19;30.0442;12:06:03
33;30.2985;12:06:03
35;30.0637;12:06:03
49;30.318;12:06:03
51;30.0442;12:06:03
1;30.318;12:06:04
3;30.0442;12:06:04
17;30.318;12:06:04
19;30.0637;12:06:04
33;30.318;12:06:04
35;30.0637;12:06:04
49;30.318;12:06:04
51;30.0637;12:06:04
1;30.318;12:06:05
3;30.0637;12:06:05
17;30.318;12:06:05
19;30.0637;12:06:05
33;30.318;12:06:05
35;30.0637;12:06:05
49;30.318;12:06:05
51;30.0637;12:06:05
65;30.318;12:06:05
67;30.0637;12:06:05
1;30.3376;12:06:06
3;30.0637;12:06:06
17;30.3376;12:06:06
19;30.0637;12:06:06
33;30.3376;12:06:06
35;30.0637;12:06:06
49;30.3376;12:06:06
51;30.0637;12:06:06
1;30.3572;12:06:07
3;30.0833;12:06:07
17;30.3376;12:06:07
19;30.0833;12:06:07
33;30.3767;12:06:07
35;30.0833;12:06:07
49;30.3572;12:06:07
51;30.0833;12:06:07
1;30.3572;12:06:08
3;30.1029;12:06:08
17;30.3767;12:06:08
19;30.1029;12:06:08
33;30.3767;12:06:08
35;30.0833;12:06:08
49;30.3767;12:06:08
51;30.1029;12:06:08
1;30.3767;12:06:09
3;30.1029;12:06:09
17;30.3963;12:06:09
19;30.1029;12:06:09
33;30.3767;12:06:09
35;30.1029;12:06:09
49;30.3767;12:06:09
51;30.1029;12:06:09
1;30.3963;12:06:10
3;30.1029;12:06:10
17;30.3767;12:06:10
19;30.1029;12:06:10
33;30.3767;12:06:10
35;30.1029;12:06:10
49;30.3767;12:06:10
51;30.1029;12:06:10
1;30.3767;12:06:11
3;30.1029;12:06:11
17;30.3963;12:06:11
19;30.1029;12:06:11
33;30.3767;12:06:11
35;30.1029;12:06:11
49;30.4159;12:06:11
51;30.1224;12:06:11
1;30.3963;12:06:12
3;30.1029;12:06:12
17;30.4159;12:06:12
19;30.1224;12:06:12
33;30.4159;12:06:12
35;30.1029;12:06:12
49;30.4159;12:06:12
51;30.142;12:06:12
1;30.4159;12:06:13
3;30.1224;12:06:13
17;30.4159;12:06:13
19;30.1224;12:06:13
33;30.4354;12:06:13
35;30.142;12:06:13
49;30.4159;12:06:13
51;30.1224;12:06:13
1;30.4354;12:06:14
3;30.142;12:06:14
17;30.4354;12:06:14
19;30.1615;12:06:14
33;30.4354;12:06:14
35;30.142;12:06:14
49;30.4354;12:06:14
51;30.142;12:06:14
1;30.455;12:06:15
3;30.1615;12:06:15
17;30.4354;12:06:15
19;30.142;12:06:15
33;30.455;12:06:15
35;30.1615;12:06:15
49;30.455;12:06:15
51;30.1615;12:06:15
1;30.4354;12:06:16
3;30.1615;12:06:16
17;30.455;12:06:16
19;30.1615;12:06:16
33;30.4745;12:06:16
35;30.1615;12:06:16
49;30.4745;12:06:16
51;30.1615;12:06:16
65;30.4745;12:06:16
67;30.1615;12:06:16
1;30.4745;12:06:17
3;30.1615;12:06:17
17;30.4745;12:06:17
19;30.1615;12:06:17
33;30.4745;12:06:17
35;30.1811;12:06:17
49;30.4941;12:06:17
51;30.1615;12:06:17
1;30.4941;12:06:18
3;30.1811;12:06:18
17;30.4941;12:06:18
19;30.1811;12:06:18
33;30.4941;12:06:18
35;30.2007;12:06:18
49;30.4941;12:06:18
51;30.1811;12:06:18
1;30.5137;12:06:19
3;30.1811;12:06:19
17;30.5137;12:06:19
19;30.2007;12:06:19
33;30.4941;12:06:19
35;30.1811;12:06:19
49;30.5137;12:06:19
51;30.1811;12:06:19
1;30.5137;12:06:20
3;30.2007;12:06:20
17;30.5137;12:06:20
19;30.2007;12:06:20
33;30.5137;12:06:20
35;30.1811;12:06:20
49;30.5137;12:06:20
51;30.2202;12:06:20
1;30.5137;12:06:21
3;30.2007;12:06:21
17;30.5137;12:06:21
19;30.2007;12:06:21
33;30.5332;12:06:21
35;30.2202;12:06:21
49;30.5137;12:06:21
51;30.2007;12:06:21
1;30.5332;12:06:22
3;30.2202;12:06:22
17;30.5332;12:06:22
19;30.2202;12:06:22
33;30.5332;12:06:22
35;30.2202;12:06:22
49;30.5332;12:06:22
51;30.2202;12:06:22
1;30.5332;12:06:23
3;30.2202;12:06:23
17;30.5332;12:06:23
19;30.2202;12:06:23
33;30.5332;12:06:23
35;30.2202;12:06:23
49;30.5528;12:06:23
51;30.2202;12:06:23
1;30.5528;12:06:24
3;30.2202;12:06:24
17;30.5528;12:06:24
19;30.2202;12:06:24
33;30.5528;12:06:24
35;30.2398;12:06:24
49;30.5724;12:06:24
51;30.2202;12:06:24
1;30.5528;12:06:25
3;30.2398;12:06:25
17;30.5528;12:06:25
19;30.2202;12:06:25
33;30.5724;12:06:25
35;30.2398;12:06:25
49;30.5528;12:06:25
51;30.2202;12:06:25
1;30.5724;12:06:26
3;30.2202;12:06:26
17;30.5528;12:06:26
19;30.2398;12:06:26
33;30.5724;12:06:26
35;30.2398;12:06:26
49;30.5724;12:06:26
51;30.2398;12:06:26
1;30.5724;12:06:27
3;30.2202;12:06:27
17;30.5528;12:06:27
19;30.2398;12:06:27
33;30.5528;12:06:27
35;30.2202;12:06:27
49;30.5724;12:06:27
51;30.2398;12:06:27
1;30.5528;12:06:28
3;30.2398;12:06:28
17;30.5724;12:06:28
19;30.2202;12:06:28
33;30.5724;12:06:28
35;30.2398;12:06:28
49;30.5528;12:06:28
51;30.2398;12:06:28
1;30.5724;12:06:29
3;30.2398;12:06:29
17;30.5724;12:06:29
19;30.2398;12:06:29
33;30.5528;12:06:29
35;30.2398;12:06:29
49;30.5724;12:06:29
51;30.2398;12:06:29
65;30.5724;12:06:29
67;30.2398;12:06:29
1;30.5724;12:06:30
3;30.2398;12:06:30
17;30.5724;12:06:30
19;30.2398;12:06:30
33;30.5724;12:06:30
35;30.2398;12:06:30
49;30.5724;12:06:30
51;30.2398;12:06:30
1;30.5528;12:06:31
3;30.2398;12:06:31
17;30.5724;12:06:31
19;30.2202;12:06:31
33;30.5528;12:06:31
35;30.2398;12:06:31
49;30.5724;12:06:31
51;30.2398;12:06:31
1;30.5724;12:06:32
3;30.2398;12:06:32
17;30.5724;12:06:32
19;30.2398;12:06:32
33;30.5724;12:06:32
35;30.2398;12:06:32
49;30.5724;12:06:32
51;30.2398;12:06:32
1;30.5528;12:06:33
3;30.2202;12:06:33
17;30.5724;12:06:33
19;30.2398;12:06:33
33;30.5528;12:06:33
35;30.2202;12:06:33
49;30.5528;12:06:33
51;30.2202;12:06:33
1;30.5724;12:06:34
3;30.2398;12:06:34
17;30.5528;12:06:34
19;30.2202;12:06:34
33;30.5332;12:06:34
35;30.2202;12:06:34
49;30.5528;12:06:34
51;30.2202;12:06:34
1;30.5332;12:06:35
3;30.2202;12:06:35
17;30.5332;12:06:35
19;30.2202;12:06:35
33;30.5332;12:06:35
35;30.2202;12:06:35
49;30.5528;12:06:35
51;30.2202;12:06:35
1;30.5332;12:06:36
3;30.2202;12:06:36
17;30.5332;12:06:36
19;30.2202;12:06:36
33;30.5332;12:06:36
35;30.2202;12:06:36
49;30.5332;12:06:36
51;30.2202;12:06:36
1;30.5332;12:06:37
3;30.2202;12:06:37
17;30.5332;12:06:37
19;30.2202;12:06:37
33;30.5332;12:06:37
35;30.2202;12:06:37
49;30.5332;12:06:37
51;30.2202;12:06:37
1;30.5332;12:06:38
3;30.2202;12:06:38
17;30.5332;12:06:38
19;30.2202;12:06:38
33;30.5137;12:06:38
35;30.2202;12:06:38
49;30.5332;12:06:38
51;30.2202;12:06:38
1;30.5137;12:06:39
3;30.2202;12:06:39
17;30.5137;12:06:39
19;30.2202;12:06:39
33;30.5137;12:06:39
35;30.2202;12:06:39
49;30.5332;12:06:39
51;30.2202;12:06:39
1;30.5332;12:06:40
3;30.2202;12:06:40
17;30.5137;12:06:40
19;30.2202;12:06:40
33;30.5332;12:06:40
35;30.2202;12:06:40
49;30.5137;12:06:40
51;30.2202;12:06:40
1;30.5137;12:06:41
3;30.2202;12:06:41
17;30.5137;12:06:41
19;30.2202;12:06:41
33;30.5137;12:06:41
35;30.2202;12:06:41
49;30.5137;12:06:41
51;30.2202;12:06:41
65;30.5137;12:06:41
67;30.2202;12:06:41
1;30.4941;12:06:42
3;30.2202;12:06:42
17;30.5137;12:06:42
19;30.2202;12:06:42
33;30.4941;12:06:42
35;30.2202;12:06:42
49;30.4941;12:06:42
51;30.2202;12:06:42
1;30.4941;12:06:43
3;30.2202;12:06:43
17;30.4745;12:06:43
19;30.2202;12:06:43
33;30.4941;12:06:43
35;30.2202;12:06:43
49;30.4941;12:06:43
51;30.2202;12:06:43
1;30.4745;12:06:44
3;30.2202;12:06:44
17;30.4941;12:06:44
19;30.2202;12:06:44
33;30.4745;12:06:44
35;30.2202;12:06:44
49;30.4745;12:06:44
51;30.2202;12:06:44
1;30.4745;12:06:45
3;30.2202;12:06:45
17;30.4745;12:06:45
19;30.2202;12:06:45
33;30.4745;12:06:45
35;30.2007;12:06:45
49;30.4745;12:06:45
51;30.2202;12:06:45
1;30.4745;12:06:46
3;30.2007;12:06:46
17;30.4745;12:06:46
19;30.2202;12:06:46
33;30.4745;12:06:46
35;30.2202;12:06:46
49;30.4745;12:06:46
51;30.2007;12:06:46
1;30.4745;12:06:47
3;30.2202;12:06:47
17;30.4745;12:06:47
19;30.2007;12:06:47
33;30.4745;12:06:47
35;30.2202;12:06:47
49;30.455;12:06:47
51;30.2007;12:06:47
1;30.4745;12:06:49
3;30.2007;12:06:49
17;30.4745;12:06:49
19;30.2007;12:06:49
33;30.455;12:06:49
35;30.2007;12:06:49
49;30.4745;12:06:49
51;30.2007;12:06:49
1;30.4745;12:06:50
3;30.2007;12:06:50
17;30.455;12:06:50
19;30.2007;12:06:50
33;30.455;12:06:50
35;30.2007;12:06:50
49;30.4745;12:06:50
51;30.1811;12:06:50
1;30.455;12:06:51
3;30.2007;12:06:51
17;30.455;12:06:51
19;30.2007;12:06:51
33;30.455;12:06:51
35;30.1811;12:06:51
49;30.455;12:06:51
51;30.2007;12:06:51
1;30.455;12:06:52
3;30.2007;12:06:52
17;30.4354;12:06:52
19;30.1811;12:06:52
33;30.455;12:06:52
35;30.1811;12:06:52
49;30.4354;12:06:52
51;30.2007;12:06:52
1;30.4354;12:06:53
3;30.1811;12:06:53
17;30.4159;12:06:53
19;30.1811;12:06:53
33;30.4354;12:06:53
35;30.1811;12:06:53
49;30.4159;12:06:53
51;30.1811;12:06:53
65;30.4354;12:06:53
67;30.1811;12:06:53
1;30.4159;12:06:54
3;30.1615;12:06:54
17;30.4159;12:06:54
19;30.1811;12:06:54
33;30.4159;12:06:54
35;30.1811;12:06:54
49;30.4159;12:06:54
51;30.1811;12:06:54
1;30.4159;12:06:55
3;30.1811;12:06:55
17;30.4159;12:06:55
19;30.1811;12:06:55
33;30.4159;12:06:55
35;30.1811;12:06:55
49;30.4159;12:06:55
51;30.1811;12:06:55
1;30.4159;12:06:56
3;30.1811;12:06:56
17;30.4159;12:06:56
19;30.1811;12:06:56
33;30.4159;12:06:56
35;30.1615;12:06:56
49;30.4159;12:06:56
51;30.1811;12:06:56
1;30.3963;12:06:57
3;30.1811;12:06:57
17;30.4159;12:06:57
19;30.1811;12:06:57
33;30.4159;12:06:57
35;30.1615;12:06:57
49;30.3963;12:06:57
51;30.1615;12:06:57
1;30.3963;12:06:58
3;30.1615;12:06:58
17;30.3963;12:06:58
19;30.1615;12:06:58
33;30.3963;12:06:58
35;30.1615;12:06:58
49;30.3963;12:06:58
51;30.1615;12:06:58
1;30.3767;12:06:59
3;30.1811;12:06:59
17;30.3963;12:06:59
19;30.1615;12:06:59
33;30.3963;12:06:59
35;30.1615;12:06:59
49;30.3767;12:06:59
51;30.1615;12:06:59
1;30.3963;12:07:00
3;30.1615;12:07:00
17;30.3767;12:07:00
19;30.1615;12:07:00
33;30.3767;12:07:00
35;30.1615;12:07:00
49;30.3767;12:07:00
51;30.1615;12:07:00
1;30.3767;12:07:01
3;30.1615;12:07:01
17;30.3767;12:07:01
19;30.1615;12:07:01
33;30.3767;12:07:01
35;30.142;12:07:01
49;30.3767;12:07:01
51;30.1615;12:07:01
1;30.3767;12:07:02
3;30.1615;12:07:02
17;30.3767;12:07:02
19;30.142;12:07:02
33;30.3767;12:07:02
35;30.1615;12:07:02
49;30.3767;12:07:02
51;30.142;12:07:02
1;30.3767;12:07:03
3;30.142;12:07:03
17;30.3767;12:07:03
19;30.142;12:07:03
33;30.3767;12:07:03
35;30.142;12:07:03
49;30.3572;12:07:03
51;30.1615;12:07:03
1;30.3572;12:07:04
3;30.142;12:07:04
17;30.3767;12:07:04
19;30.142;12:07:04
33;30.3572;12:07:04
35;30.142;12:07:04
49;30.3376;12:07:04
51;30.1224;12:07:04
1;30.3572;12:07:05
3;30.142;12:07:05
17;30.3572;12:07:05
19;30.1224;12:07:05
33;30.3572;12:07:05
35;30.142;12:07:05
49;30.3376;12:07:05
51;30.1224;12:07:05
1;30.3376;12:07:06
3;30.1224;12:07:06
17;30.3376;12:07:06
19;30.1224;12:07:06
33;30.3572;12:07:06
35;30.1224;12:07:06
49;30.3376;12:07:06
51;30.1224;12:07:06
65;30.3376;12:07:06
67;30.142;12:07:06
1;30.3376;12:07:07
3;30.142;12:07:07
17;30.3376;12:07:07
19;30.1224;12:07:07
33;30.318;12:07:07
35;30.1224;12:07:07
49;30.3376;12:07:07
51;30.1224;12:07:07
1;30.3376;12:07:08
3;30.1224;12:07:08
17;30.3376;12:07:08
19;30.1224;12:07:08
33;30.318;12:07:08
35;30.142;12:07:08
49;30.318;12:07:08
51;30.1224;12:07:08
1;30.318;12:07:09
3;30.1224;12:07:09
17;30.318;12:07:09
19;30.1224;12:07:09
33;30.318;12:07:09
35;30.142;12:07:09
49;30.318;12:07:09
51;30.1224;12:07:09
1;30.318;12:07:10
3;30.1029;12:07:10
17;30.318;12:07:10
19;30.1224;12:07:10
33;30.318;12:07:10
35;30.1224;12:07:10
49;30.318;12:07:10
51;30.1224;12:07:10
1;30.318;12:07:11
3;30.1029;12:07:11
17;30.318;12:07:11
19;30.1224;12:07:11
33;30.318;12:07:11
35;30.1029;12:07:11
49;30.318;12:07:11
51;30.1224;12:07:11
1;30.318;12:07:12
3;30.1224;12:07:12
17;30.318;12:07:12
19;30.1029;12:07:12
33;30.318;12:07:12
35;30.1029;12:07:12
49;30.318;12:07:12
51;30.1029;12:07:12
1;30.2985;12:07:13
3;30.1029;12:07:13
17;30.2985;12:07:13
19;30.1029;12:07:13
33;30.2985;12:07:13
35;30.1029;12:07:13
49;30.2789;12:07:13
51;30.1029;12:07:13
1;30.2985;12:07:14
3;30.1029;12:07:14
17;30.2985;12:07:14
19;30.1029;12:07:14
33;30.2985;12:07:14
35;30.1029;12:07:14
49;30.2789;12:07:14
51;30.1029;12:07:14
1;30.2985;12:07:15
3;30.1029;12:07:15
17;30.2789;12:07:15
19;30.1029;12:07:15
33;30.2789;12:07:15
35;30.1029;12:07:15
49;30.2789;12:07:15
51;30.0833;12:07:15
1;30.2789;12:07:16
3;30.1029;12:07:16
17;30.2789;12:07:16
19;30.1029;12:07:16
33;30.2789;12:07:16
35;30.1029;12:07:16
49;30.2789;12:07:16
51;30.0833;12:07:16
1;30.2594;12:07:17
3;30.1029;12:07:17
17;30.2594;12:07:17
19;30.0833;12:07:17
33;30.2789;12:07:17
35;30.0833;12:07:17
49;30.2594;12:07:17
51;30.0833;12:07:17
1;30.2594;12:07:18
3;30.0833;12:07:18
17;30.2594;12:07:18
19;30.0833;12:07:18
33;30.2594;12:07:18
35;30.0637;12:07:18
49;30.2594;12:07:18
51;30.0833;12:07:18
1;30.2594;12:07:19
3;30.0833;12:07:19
17;30.2594;12:07:19
19;30.0637;12:07:19
33;30.2594;12:07:19
35;30.0833;12:07:19
49;30.2594;12:07:19
51;30.0637;12:07:19
1;30.2594;12:07:20
3;30.0833;12:07:20
17;30.2594;12:07:20
19;30.0637;12:07:20
33;30.2594;12:07:20
35;30.0637;12:07:20
49;30.2594;12:07:20
51;30.0637;12:07:20
1;30.2594;12:07:21
3;30.0833;12:07:21
17;30.2594;12:07:21
19;30.0637;12:07:21
33;30.2594;12:07:21
35;30.0637;12:07:21
49;30.2594;12:07:21
51;30.0637;12:07:21
65;30.2594;12:07:21
67;30.0637;12:07:21
1;30.2594;12:07:22
3;30.0637;12:07:22
17;30.2594;12:07:22
19;30.0637;12:07:22
33;30.2398;12:07:22
35;30.0637;12:07:22
49;30.2398;12:07:22
51;30.0637;12:07:22
1;30.2594;12:07:23
3;30.0637;12:07:23
17;30.2398;12:07:23
19;30.0637;12:07:23
33;30.2398;12:07:23
35;30.0637;12:07:23
49;30.2398;12:07:23
51;30.0637;12:07:23
1;30.2398;12:07:24
3;30.0637;12:07:24
17;30.2398;12:07:24
19;30.0637;12:07:24
33;30.2202;12:07:24
35;30.0442;12:07:24
49;30.2398;12:07:24
51;30.0637;12:07:24
1;30.2202;12:07:25
3;30.0442;12:07:25
17;30.2202;12:07:25
19;30.0637;12:07:25
33;30.2202;12:07:25
35;30.0442;12:07:25
49;30.2202;12:07:25
51;30.0442;12:07:25
1;30.2202;12:07:26
3;30.0637;12:07:26
17;30.2202;12:07:26
19;30.0442;12:07:26
33;30.2202;12:07:26
35;30.0246;12:07:26
49;30.2202;12:07:26
51;30.0442;12:07:26
1;30.2202;12:07:27
3;30.0442;12:07:27
17;30.2202;12:07:27
19;30.0246;12:07:27
33;30.2202;12:07:27
35;30.0246;12:07:27
49;30.2202;12:07:27
51;30.0442;12:07:27
1;30.2202;12:07:28
3;30.0246;12:07:28
17;30.2007;12:07:28
19;30.0246;12:07:28
33;30.2202;12:07:28
35;30.0246;12:07:28
49;30.2007;12:07:28
51;30.0442;12:07:28
1;30.2202;12:07:29
3;30.0246;12:07:29
17;30.2007;12:07:29
19;30.005;12:07:29
33;30.1811;12:07:29
35;30.005;12:07:29
49;30.2007;12:07:29
51;30.0246;12:07:29
1;30.1811;12:07:30
3;30.005;12:07:30
17;30.2007;12:07:30
19;30.005;12:07:30
33;30.1811;12:07:30
35;30.005;12:07:30
49;30.1811;12:07:30
51;30.0246;12:07:30
1;30.2007;12:07:31
3;30.005;12:07:31
17;30.1811;12:07:31
19;30.005;12:07:31
33;30.1811;12:07:31
35;30.005;12:07:31
49;30.1811;12:07:31
51;30.005;12:07:31
1;30.1615;12:07:32
3;30.005;12:07:32
17;30.1811;12:07:32
19;30.005;12:07:32
33;30.1811;12:07:32
35;30.005;12:07:32
49;30.1811;12:07:32
51;30.005;12:07:32
1;30.1615;12:07:33
3;30.005;12:07:33
17;30.1615;12:07:33
19;30.005;12:07:33
33;30.1615;12:07:33
35;30.005;12:07:33
49;30.1615;12:07:33
51;30.005;12:07:33
65;30.1615;12:07:33
67;30.005;12:07:33
1;30.1615;12:07:34
3;30.005;12:07:34
17;30.1615;12:07:34
19;30.005;12:07:34
33;30.1615;12:07:34
35;30.005;12:07:34
49;30.1615;12:07:34
51;30.005;12:07:34
1;30.1615;12:07:35
3;30.005;12:07:35
17;30.1615;12:07:35
19;30.005;12:07:35
33;30.1615;12:07:35
35;29.9855;12:07:35
49;30.1615;12:07:35
51;30.005;12:07:35
1;30.1615;12:07:36
3;29.9855;12:07:36
17;30.1615;12:07:36
19;30.005;12:07:36
33;30.1615;12:07:36
35;29.9855;12:07:36
49;30.1615;12:07:36
51;29.9855;12:07:36
1;30.1615;12:07:37
3;29.9855;12:07:37
17;30.1615;12:07:37
19;29.9855;12:07:37
33;30.1615;12:07:37
35;29.9659;12:07:37
49;30.1615;12:07:37
51;29.9855;12:07:37
1;30.1615;12:07:38
3;29.9855;12:07:38
17;30.142;12:07:38
19;29.9855;12:07:38
33;30.142;12:07:38
35;29.9855;12:07:38
49;30.1615;12:07:38
51;29.9855;12:07:38
1;30.1224;12:07:39
3;29.9659;12:07:39
17;30.1615;12:07:39
19;29.9855;12:07:39
33;30.142;12:07:39
35;29.9659;12:07:39
49;30.142;12:07:39
51;29.9855;12:07:39
1;30.142;12:07:40
3;29.9659;12:07:40
17;30.1224;12:07:40
19;29.9855;12:07:40
33;30.142;12:07:40
35;29.9659;12:07:40
49;30.1224;12:07:40
51;29.9659;12:07:40
1;30.142;12:07:41
3;29.9659;12:07:41
17;30.1224;12:07:41
19;29.9464;12:07:41
33;30.1224;12:07:41
35;29.9659;12:07:41
49;30.1224;12:07:41
51;29.9464;12:07:41
1;30.1224;12:07:43
3;29.9659;12:07:43
17;30.1224;12:07:43
19;29.9464;12:07:43
33;30.1224;12:07:43
35;29.9464;12:07:43
49;30.1224;12:07:43
51;29.9464;12:07:43
1;30.1224;12:07:44
3;29.9659;12:07:44
17;30.1029;12:07:44
19;29.9464;12:07:44
33;30.1224;12:07:44
35;29.9464;12:07:44
49;30.1029;12:07:44
51;29.9464;12:07:44
1;30.1029;12:07:45
3;29.9464;12:07:45
17;30.1029;12:07:45
19;29.9464;12:07:45
33;30.1029;12:07:45
35;29.9464;12:07:45
49;30.1029;12:07:45
51;29.9464;12:07:45
1;30.1029;12:07:46
3;29.9464;12:07:46
17;30.1029;12:07:46
19;29.9464;12:07:46
33;30.1029;12:07:46
35;29.9464;12:07:46
49;30.1029;12:07:46
51;29.9464;12:07:46
1;30.1029;12:07:47
3;29.9464;12:07:47
17;30.1029;12:07:47
19;29.9464;12:07:47
33;30.1029;12:07:47
35;29.9268;12:07:47
49;30.1029;12:07:47
51;29.9464;12:07:47
1;30.1029;12:07:48
3;29.9464;12:07:48
17;30.1029;12:07:48
19;29.9268;12:07:48
33;30.1029;12:07:48
35;29.9464;12:07:48
49;30.0833;12:07:48
51;29.9268;12:07:48
65;30.1029;12:07:48
67;29.9464;12:07:48
1;30.0833;12:07:49
3;29.9268;12:07:49
17;30.0833;12:07:49
19;29.9268;12:07:49
33;30.0833;12:07:49
35;29.9268;12:07:49
49;30.0833;12:07:49
51;29.9268;12:07:49
1;30.0833;12:07:50
3;29.9268;12:07:50
17;30.0833;12:07:50
19;29.9072;12:07:50
33;30.0833;12:07:50
35;29.9268;12:07:50
49;30.0833;12:07:50
51;29.9268;12:07:50
1;30.0637;12:07:51
3;29.9268;12:07:51
17;30.0833;12:07:51
19;29.9268;12:07:51
33;30.0833;12:07:51
35;29.9268;12:07:51
49;30.0637;12:07:51
51;29.9464;12:07:51
1;30.0833;12:07:52
3;29.9268;12:07:52
17;30.0637;12:07:52
19;29.9268;12:07:52
33;30.0833;12:07:52
35;29.9072;12:07:52
49;30.0637;12:07:52
51;29.9268;12:07:52
1;30.0637;12:07:53
3;29.9072;12:07:53
17;30.0637;12:07:53
19;29.9072;12:07:53
33;30.0442;12:07:53
35;29.9072;12:07:53
49;30.0637;12:07:53
51;29.9072;12:07:53
1;30.0442;12:07:54
3;29.9072;12:07:54
17;30.0637;12:07:54
19;29.8877;12:07:54
33;30.0637;12:07:54
35;29.9072;12:07:54
49;30.0442;12:07:54
51;29.9072;12:07:54
1;30.0442;12:07:55
3;29.8877;12:07:55
17;30.0637;12:07:55
19;29.8877;12:07:55
33;30.0442;12:07:55
35;29.9072;12:07:55
49;30.0442;12:07:55
51;29.8877;12:07:55
1;30.0442;12:07:56
3;29.8877;12:07:56
17;30.0442;12:07:56
19;29.8877;12:07:56
33;30.0442;12:07:56
35;29.9072;12:07:56
49;30.0442;12:07:56
51;29.8877;12:07:56
1;30.0442;12:07:57
3;29.8877;12:07:57
17;30.0442;12:07:57
19;29.8877;12:07:57
33;30.0442;12:07:57
35;29.8877;12:07:57
49;30.0442;12:07:57
51;29.8877;12:07:57
1;30.0442;12:07:58
3;29.8877;12:07:58
17;30.0442;12:07:58
19;29.8877;12:07:58
33;30.0442;12:07:58
35;29.8877;12:07:58
49;30.0442;12:07:58
51;29.8877;12:07:58
1;30.0442;12:07:59
3;29.8877;12:07:59
17;30.0442;12:07:59
19;29.8877;12:07:59
33;30.0246;12:07:59
35;29.8877;12:07:59
49;30.0442;12:07:59
51;29.8877;12:07:59
65;30.0246;12:07:59
67;29.8681;12:07:59
1;30.0246;12:08:00
3;29.8877;12:08:00
17;30.0246;12:08:00
19;29.8877;12:08:00
33;30.0442;12:08:00
35;29.8681;12:08:00
49;30.0246;12:08:00
51;29.8877;12:08:00
1;30.0246;12:08:01
3;29.8681;12:08:01
17;30.0246;12:08:01
19;29.8681;12:08:01
33;30.0246;12:08:01
35;29.8681;12:08:01
49;30.005;12:08:01
51;29.8681;12:08:01
1;30.0246;12:08:02
3;29.8877;12:08:02
17;30.005;12:08:02
19;29.8681;12:08:02
33;30.0246;12:08:02
35;29.8681;12:08:02
49;30.005;12:08:02
51;29.8681;12:08:02
1;30.005;12:08:03
3;29.8681;12:08:03
17;30.0246;12:08:03
19;29.8681;12:08:03
33;30.005;12:08:03
35;29.8485;12:08:03
49;30.005;12:08:03
51;29.8681;12:08:03
1;30.005;12:08:04
3;29.8485;12:08:04
17;30.005;12:08:04
19;29.8681;12:08:04
33;30.005;12:08:04
35;29.8485;12:08:04
49;30.005;12:08:04
51;29.8485;12:08:04
1;30.005;12:08:05
3;29.8485;12:08:05
17;30.005;12:08:05
19;29.8485;12:08:05
33;30.005;12:08:05
35;29.8485;12:08:05
49;30.005;12:08:05
51;29.8485;12:08:05
1;30.005;12:08:06
3;29.8485;12:08:06
17;30.005;12:08:06
19;29.8485;12:08:06
33;30.005;12:08:06
35;29.8485;12:08:06
49;30.005;12:08:06
51;29.8485;12:08:06
1;29.9855;12:08:07
3;29.8485;12:08:07
17;30.005;12:08:07
19;29.8485;12:08:07
33;30.005;12:08:07
35;29.8485;12:08:07
49;30.005;12:08:07
51;29.8485;12:08:07
1;29.9855;12:08:08
3;29.8485;12:08:08
17;30.005;12:08:08
19;29.8485;12:08:08
33;29.9855;12:08:08
35;29.8485;12:08:08
49;30.005;12:08:08
51;29.8485;12:08:08
1;30.005;12:08:09
3;29.8485;12:08:09
17;29.9855;12:08:09
19;29.8485;12:08:09
33;29.9855;12:08:09
35;29.8485;12:08:09
49;29.9855;12:08:09
51;29.8485;12:08:09
1;29.9855;12:08:10
3;29.8485;12:08:10
17;29.9855;12:08:10
19;29.8485;12:08:10
33;29.9855;12:08:10
35;29.8485;12:08:10
49;29.9855;12:08:10
51;29.829;12:08:10
1;29.9659;12:08:11
3;29.8485;12:08:11
17;29.9855;12:08:11
19;29.8485;12:08:11
33;29.9855;12:08:11
35;29.829;12:08:11
49;29.9855;12:08:11
51;29.8485;12:08:11
1;29.9659;12:08:12
3;29.8485;12:08:12
17;29.9855;12:08:12
19;29.829;12:08:12
33;29.9855;12:08:12
35;29.8485;12:08:12
49;29.9855;12:08:12
51;29.8485;12:08:12
65;29.9855;12:08:12
67;29.829;12:08:12
1;29.9659;12:08:13
3;29.8485;12:08:13
17;29.9855;12:08:13
19;29.8485;12:08:13
33;29.9659;12:08:13
35;29.829;12:08:13
49;29.9855;12:08:13
51;29.8485;12:08:13
1;29.9659;12:08:14
3;29.829;12:08:14
17;29.9855;12:08:14
19;29.829;12:08:14
33;29.9659;12:08:14
35;29.8485;12:08:14
49;29.9855;12:08:14
51;29.829;12:08:14
1;29.9659;12:08:15
3;29.829;12:08:15
17;29.9659;12:08:15
19;29.829;12:08:15
33;29.9659;12:08:15
35;29.8094;12:08:15
49;29.9659;12:08:15
51;29.829;12:08:15
1;29.9659;12:08:16
3;29.829;12:08:16
17;29.9855;12:08:16
19;29.829;12:08:16
33;29.9659;12:08:16
35;29.829;12:08:16
49;29.9855;12:08:16
51;29.829;12:08:16
1;30.005;12:08:17
3;29.829;12:08:17
17;29.9855;12:08:17
19;29.8485;12:08:17
33;30.005;12:08:17
35;29.8485;12:08:17
49;29.9855;12:08:17
51;29.8485;12:08:17
1;30.005;12:08:18
3;29.8485;12:08:18
17;30.005;12:08:18
19;29.8485;12:08:18
33;30.005;12:08:18
35;29.8485;12:08:18
49;30.005;12:08:18
51;29.8485;12:08:18
1;30.005;12:08:19
3;29.8485;12:08:19
17;30.005;12:08:19
19;29.8485;12:08:19
33;30.005;12:08:19
35;29.8485;12:08:19
49;30.005;12:08:19
51;29.8485;12:08:19
1;30.005;12:08:20
3;29.8485;12:08:20
17;30.005;12:08:20
19;29.8485;12:08:20
33;30.005;12:08:20
35;29.8485;12:08:20
49;30.005;12:08:20
51;29.8485;12:08:20
1;30.005;12:08:21
3;29.8485;12:08:21
17;30.005;12:08:21
19;29.8485;12:08:21
33;30.005;12:08:21
35;29.8485;12:08:21
49;30.005;12:08:21
51;29.8485;12:08:21
1;30.0246;12:08:22
3;29.8485;12:08:22
17;30.0442;12:08:22
19;29.8485;12:08:22
33;30.0246;12:08:22
35;29.8485;12:08:22
49;30.0442;12:08:22
51;29.8485;12:08:22
1;30.0246;12:08:23
3;29.8485;12:08:23
17;30.0442;12:08:23
19;29.8485;12:08:23
33;30.0442;12:08:23
35;29.8681;12:08:23
49;30.0442;12:08:23
51;29.8485;12:08:23
1;30.0442;12:08:24
3;29.8681;12:08:24
17;30.0442;12:08:24
19;29.8485;12:08:24
33;30.0442;12:08:24
35;29.8681;12:08:24
49;30.0442;12:08:24
51;29.8681;12:08:24
1;30.0442;12:08:25
3;29.8681;12:08:25
17;30.0442;12:08:25
19;29.8681;12:08:25
33;30.0442;12:08:25
35;29.8681;12:08:25
49;30.0442;12:08:25
51;29.8681;12:08:25
65;30.0637;12:08:25
67;29.8681;12:08:25
1;30.0637;12:08:26
3;29.8681;12:08:26
17;30.0637;12:08:26
19;29.8681;12:08:26
33;30.0637;12:08:26
35;29.8877;12:08:26
49;30.0833;12:08:26
51;29.8877;12:08:26
1;30.0833;12:08:27
3;29.8877;12:08:27
17;30.1029;12:08:27
19;29.8877;12:08:27
33;30.1029;12:08:27
35;29.8877;12:08:27
49;30.1029;12:08:27
51;29.8877;12:08:27
1;30.1029;12:08:28
3;29.8877;12:08:28
17;30.1029;12:08:28
19;29.8877;12:08:28
33;30.1029;12:08:28
35;29.8877;12:08:28
49;30.1029;12:08:28
51;29.8877;12:08:28
1;30.1029;12:08:29
3;29.8877;12:08:29
17;30.1029;12:08:29
19;29.8877;12:08:29
33;30.1224;12:08:29
35;29.8877;12:08:29
49;30.1029;12:08:29
51;29.8877;12:08:29
1;30.1029;12:08:30
3;29.8877;12:08:30
17;30.1029;12:08:30
19;29.9072;12:08:30
33;30.1224;12:08:30
35;29.8877;12:08:30
49;30.1224;12:08:30
51;29.9072;12:08:30
1;30.1224;12:08:31
3;29.9072;12:08:31
17;30.1224;12:08:31
19;29.9072;12:08:31
33;30.142;12:08:31
35;29.9072;12:08:31
49;30.142;12:08:31
51;29.9072;12:08:31
1;30.142;12:08:32
3;29.9268;12:08:32
17;30.1615;12:08:32
19;29.9268;12:08:32
33;30.1615;12:08:32
35;29.9268;12:08:32
49;30.1615;12:08:32
51;29.9464;12:08:32
1;30.1615;12:08:33
3;29.9268;12:08:33
17;30.1615;12:08:33
19;29.9464;12:08:33
33;30.1615;12:08:33
35;29.9268;12:08:33
49;30.1615;12:08:33
51;29.9464;12:08:33
1;30.1811;12:08:34
3;29.9464;12:08:34
17;30.1811;12:08:34
19;29.9464;12:08:34
33;30.1811;12:08:34
35;29.9464;12:08:34
49;30.1811;12:08:34
51;29.9464;12:08:34
1;30.1811;12:08:36
3;29.9464;12:08:36
17;30.2007;12:08:36
19;29.9464;12:08:36
33;30.2007;12:08:36
35;29.9464;12:08:36
49;30.1811;12:08:36
51;29.9464;12:08:36
1;30.2007;12:08:37
3;29.9464;12:08:37
17;30.2007;12:08:37
19;29.9659;12:08:37
33;30.2202;12:08:37
35;29.9464;12:08:37
49;30.2007;12:08:37
51;29.9464;12:08:37
1;30.2202;12:08:38
3;29.9659;12:08:38
17;30.2202;12:08:38
19;29.9659;12:08:38
33;30.2202;12:08:38
35;29.9659;12:08:38
49;30.2398;12:08:38
51;29.9855;12:08:38
1;30.2202;12:08:39
3;29.9659;12:08:39
17;30.2398;12:08:39
19;29.9855;12:08:39
33;30.2398;12:08:39
35;29.9659;12:08:39
49;30.2594;12:08:39
51;29.9855;12:08:39
65;30.2594;12:08:39
67;29.9855;12:08:39
1;30.2398;12:08:40
3;29.9855;12:08:40
17;30.2594;12:08:40
19;29.9659;12:08:40
33;30.2594;12:08:40
35;29.9855;12:08:40
49;30.2594;12:08:40
51;29.9855;12:08:40
1;30.2594;12:08:41
3;29.9855;12:08:41
17;30.2594;12:08:41
19;30.005;12:08:41
33;30.2594;12:08:41
35;29.9855;12:08:41
49;30.2594;12:08:41
51;30.005;12:08:41
1;30.2594;12:08:42
3;30.005;12:08:42
17;30.2594;12:08:42
19;30.005;12:08:42
33;30.2789;12:08:42
35;30.005;12:08:42
49;30.2594;12:08:42
51;30.005;12:08:42
1;30.2789;12:08:43
3;30.005;12:08:43
17;30.2789;12:08:43
19;30.005;12:08:43
33;30.2985;12:08:43
35;30.005;12:08:43
49;30.2789;12:08:43
51;30.005;12:08:43
1;30.2985;12:08:44
3;30.005;12:08:44
17;30.2985;12:08:44
19;30.0246;12:08:44
33;30.2985;12:08:44
35;30.0246;12:08:44
49;30.318;12:08:44
51;30.0246;12:08:44
1;30.318;12:08:45
3;30.0246;12:08:45
17;30.318;12:08:45
19;30.0246;12:08:45
33;30.318;12:08:45
35;30.0442;12:08:45
49;30.318;12:08:45
51;30.0246;12:08:45
1;30.318;12:08:46
3;30.0442;12:08:46
17;30.318;12:08:46
19;30.0246;12:08:46
33;30.318;12:08:46
35;30.0442;12:08:46
49;30.318;12:08:46
51;30.0246;12:08:46
1;30.318;12:08:47
3;30.0442;12:08:47
17;30.3376;12:08:47
19;30.0442;12:08:47
33;30.318;12:08:47
35;30.0442;12:08:47
49;30.3376;12:08:47
51;30.0637;12:08:47
1;30.3376;12:08:48
3;30.0442;12:08:48
17;30.3376;12:08:48
19;30.0637;12:08:48
33;30.3572;12:08:48
35;30.0637;12:08:48
49;30.3572;12:08:48
51;30.0637;12:08:48
1;30.3572;12:08:49
3;30.0637;12:08:49
17;30.3767;12:08:49
19;30.0637;12:08:49
33;30.3767;12:08:49
35;30.0637;12:08:49
49;30.3767;12:08:49
51;30.0637;12:08:49
1;30.3767;12:08:50
3;30.0637;12:08:50
17;30.3767;12:08:50
19;30.0833;12:08:50
33;30.3767;12:08:50
35;30.0637;12:08:50
49;30.3767;12:08:50
51;30.0637;12:08:50
1;30.3767;12:08:51
3;30.0637;12:08:51
17;30.3767;12:08:51
19;30.0637;12:08:51
33;30.3767;12:08:51
35;30.0637;12:08:51
49;30.3767;12:08:51
51;30.0833;12:08:51
65;30.3767;12:08:51
67;30.0833;12:08:51
1;30.3963;12:08:52
3;30.0833;12:08:52
17;30.3767;12:08:52
19;30.0833;12:08:52
33;30.3963;12:08:52
35;30.0833;12:08:52
49;30.3963;12:08:52
51;30.0833;12:08:52
1;30.4159;12:08:53
3;30.0833;12:08:53
17;30.4159;12:08:53
19;30.1029;12:08:53
33;30.4159;12:08:53
35;30.1029;12:08:53
49;30.4159;12:08:53
51;30.1029;12:08:53
1;30.4159;12:08:54
3;30.1029;12:08:54
17;30.4354;12:08:54
19;30.1029;12:08:54
33;30.4159;12:08:54
35;30.1029;12:08:54
49;30.4159;12:08:54
51;30.1224;12:08:54
1;30.4354;12:08:55
3;30.1029;12:08:55
17;30.4354;12:08:55
19;30.1224;12:08:55
33;30.4354;12:08:55
35;30.1224;12:08:55
49;30.455;12:08:55
51;30.1224;12:08:55
1;30.4354;12:08:56
3;30.1029;12:08:56
17;30.455;12:08:56
19;30.1224;12:08:56
33;30.455;12:08:56
35;30.1224;12:08:56
49;30.455;12:08:56
51;30.1224;12:08:56
1;30.455;12:08:57
3;30.1224;12:08:57
17;30.4354;12:08:57
19;30.142;12:08:57
33;30.4745;12:08:57
35;30.1224;12:08:57
49;30.455;12:08:57
51;30.142;12:08:57
1;30.4745;12:08:58
3;30.142;12:08:58
17;30.4745;12:08:58
19;30.142;12:08:58
33;30.4941;12:08:58
35;30.1615;12:08:58
49;30.4745;12:08:58
51;30.1615;12:08:58
1;30.4941;12:08:59
3;30.1615;12:08:59
17;30.4941;12:08:59
19;30.1615;12:08:59
33;30.5137;12:08:59
35;30.1615;12:08:59
49;30.4941;12:08:59
51;30.1615;12:08:59
1;30.5137;12:09:00
3;30.1615;12:09:00
17;30.4941;12:09:00
19;30.1615;12:09:00
33;30.5137;12:09:00
35;30.1615;12:09:00
49;30.5332;12:09:00
51;30.1811;12:09:00
1;30.5137;12:09:01
3;30.1615;12:09:01
17;30.5332;12:09:01
19;30.1811;12:09:01
33;30.5137;12:09:01
35;30.1615;12:09:01
49;30.5137;12:09:01
51;30.1811;12:09:01
1;30.5332;12:09:02
3;30.1811;12:09:02
17;30.5137;12:09:02
19;30.1811;12:09:02
33;30.5332;12:09:02
35;30.1811;12:09:02
49;30.5332;12:09:02
51;30.1615;12:09:02
1;30.5137;12:09:03
3;30.1811;12:09:03
17;30.5137;12:09:03
19;30.1811;12:09:03
33;30.5332;12:09:03
35;30.1811;12:09:03
49;30.5137;12:09:03
51;30.2007;12:09:03
1;30.5137;12:09:04
3;30.1811;12:09:04
17;30.5332;12:09:04
19;30.1811;12:09:04
33;30.5137;12:09:04
35;30.1811;12:09:04
49;30.5332;12:09:04
51;30.2007;12:09:04
1;30.5332;12:09:05
3;30.1811;12:09:05
17;30.5137;12:09:05
19;30.2007;12:09:05
33;30.5332;12:09:05
35;30.1811;12:09:05
49;30.5332;12:09:05
51;30.2007;12:09:05
65;30.5137;12:09:05
67;30.1811;12:09:05
1;30.5137;12:09:06
3;30.2007;12:09:06
17;30.5332;12:09:06
19;30.1811;12:09:06
33;30.5332;12:09:06
35;30.2007;12:09:06
49;30.5137;12:09:06
51;30.2007;12:09:06
1;30.5137;12:09:07
3;30.1811;12:09:07
17;30.5332;12:09:07
19;30.2007;12:09:07
33;30.5137;12:09:07
35;30.2007;12:09:07
49;30.5137;12:09:07
51;30.1811;12:09:07
1;30.5137;12:09:08
3;30.2007;12:09:08
17;30.5332;12:09:08
19;30.2007;12:09:08
33;30.5332;12:09:08
35;30.1811;12:09:08
49;30.5137;12:09:08
51;30.2007;12:09:08
1;30.5137;12:09:09
3;30.1811;12:09:09
17;30.5137;12:09:09
19;30.2007;12:09:09
33;30.5137;12:09:09
35;30.2007;12:09:09
49;30.5137;12:09:09
51;30.1811;12:09:09
1;30.5332;12:09:10
3;30.2007;12:09:10
17;30.5137;12:09:10
19;30.1811;12:09:10
33;30.5137;12:09:10
35;30.2007;12:09:10
49;30.5137;12:09:10
51;30.1811;12:09:10
1;30.4941;12:09:11
3;30.2007;12:09:11
17;30.5137;12:09:11
19;30.1811;12:09:11
33;30.4941;12:09:11
35;30.1811;12:09:11
49;30.4941;12:09:11
51;30.1811;12:09:11
1;30.4941;12:09:12
3;30.1811;12:09:12
17;30.4941;12:09:12
19;30.1811;12:09:12
33;30.4941;12:09:12
35;30.2007;12:09:12
49;30.4941;12:09:12
51;30.1811;12:09:12
1;30.4745;12:09:13
3;30.1811;12:09:13
17;30.4941;12:09:13
19;30.1811;12:09:13
33;30.4941;12:09:13
35;30.1615;12:09:13
49;30.4941;12:09:13
51;30.1811;12:09:13
1;30.4941;12:09:14
3;30.1811;12:09:14
17;30.4941;12:09:14
19;30.1615;12:09:14
33;30.4745;12:09:14
35;30.1811;12:09:14
49;30.4941;12:09:14
51;30.1615;12:09:14
1;30.4745;12:09:15
3;30.1811;12:09:15
17;30.4745;12:09:15
19;30.1811;12:09:15
33;30.4745;12:09:15
35;30.1811;12:09:15
49;30.4745;12:09:15
51;30.1811;12:09:15
1;30.4745;12:09:16
3;30.1811;12:09:16
17;30.4745;12:09:16
19;30.1615;12:09:16
33;30.4745;12:09:16
35;30.1811;12:09:16
49;30.4745;12:09:16
51;30.1811;12:09:16
1;30.4745;12:09:17
3;30.1615;12:09:17
17;30.4745;12:09:17
19;30.1811;12:09:17
33;30.4745;12:09:17
35;30.1811;12:09:17
49;30.4745;12:09:17
51;30.1615;12:09:17
1;30.455;12:09:18
3;30.1811;12:09:18
17;30.4745;12:09:18
19;30.1615;12:09:18
33;30.455;12:09:18
35;30.1615;12:09:18
49;30.455;12:09:18
51;30.1811;12:09:18
1;30.4745;12:09:19
3;30.1615;12:09:19
17;30.455;12:09:19
19;30.1615;12:09:19
33;30.455;12:09:19
35;30.1615;12:09:19
49;30.455;12:09:19
51;30.1811;12:09:19
65;30.4745;12:09:19
67;30.1615;12:09:19
1;30.455;12:09:20
3;30.1811;12:09:20
17;30.455;12:09:20
19;30.1615;12:09:20
33;30.455;12:09:20
35;30.1615;12:09:20
49;30.455;12:09:20
51;30.1615;12:09:20
1;30.4354;12:09:21
3;30.1615;12:09:21
17;30.455;12:09:21
19;30.1615;12:09:21
33;30.4354;12:09:21
35;30.1615;12:09:21
49;30.4354;12:09:21
51;30.1615;12:09:21
1;30.4159;12:09:22
3;30.1615;12:09:22
17;30.4159;12:09:22
19;30.1615;12:09:22
33;30.4354;12:09:22
35;30.1615;12:09:22
49;30.4159;12:09:22
51;30.1615;12:09:22
1;30.4159;12:09:23
3;30.1615;12:09:23
17;30.4159;12:09:23
19;30.1615;12:09:23
33;30.4159;12:09:23
35;30.1615;12:09:23
49;30.4159;12:09:23
51;30.1615;12:09:23
1;30.4159;12:09:24
3;30.1615;12:09:24
17;30.4159;12:09:24
19;30.1615;12:09:24
33;30.4159;12:09:24
35;30.1615;12:09:24
49;30.4159;12:09:24
51;30.1615;12:09:24
1;30.4159;12:09:25
3;30.142;12:09:25
17;30.4159;12:09:25
19;30.1615;12:09:25
33;30.3963;12:09:25
35;30.142;12:09:25
49;30.4159;12:09:25
51;30.1615;12:09:25
1;30.3963;12:09:26
3;30.1615;12:09:26
17;30.4159;12:09:26
19;30.1615;12:09:26
33;30.3963;12:09:26
35;30.1615;12:09:26
49;30.3963;12:09:26
51;30.142;12:09:26
1;30.3767;12:09:28
3;30.1615;12:09:28
17;30.3963;12:09:28
19;30.142;12:09:28
33;30.3963;12:09:28
35;30.142;12:09:28
49;30.3767;12:09:28
51;30.142;12:09:28
1;30.3767;12:09:29
3;30.142;12:09:29
17;30.3767;12:09:29
19;30.142;12:09:29
33;30.3767;12:09:29
35;30.142;12:09:29
49;30.3767;12:09:29
51;30.142;12:09:29
1;30.3767;12:09:30
3;30.1224;12:09:30
17;30.3767;12:09:30
19;30.142;12:09:30
33;30.3767;12:09:30
35;30.142;12:09:30
49;30.3767;12:09:30
51;30.1224;12:09:30
1;30.3767;12:09:31
3;30.142;12:09:31
17;30.3767;12:09:31
19;30.1224;12:09:31
33;30.3767;12:09:31
35;30.142;12:09:31
49;30.3572;12:09:31
51;30.1224;12:09:31
1;30.3572;12:09:32
3;30.1224;12:09:32
17;30.3767;12:09:32
19;30.1224;12:09:32
33;30.3572;12:09:32
35;30.1224;12:09:32
49;30.3572;12:09:32
51;30.1224;12:09:32
65;30.3572;12:09:32
67;30.1224;12:09:32
1;30.3572;12:09:33
3;30.1029;12:09:33
17;30.3376;12:09:33
19;30.1224;12:09:33
33;30.3572;12:09:33
35;30.1029;12:09:33
49;30.3572;12:09:33
51;30.1224;12:09:33
1;30.3376;12:09:34
3;30.1224;12:09:34
17;30.3572;12:09:34
19;30.1029;12:09:34
33;30.3376;12:09:34
35;30.1029;12:09:34
49;30.3572;12:09:34
51;30.1224;12:09:34
1;30.3376;12:09:35
3;30.1029;12:09:35
17;30.3376;12:09:35
19;30.1029;12:09:35
33;30.3376;12:09:35
35;30.1029;12:09:35
49;30.3572;12:09:35
51;30.1029;12:09:35
1;30.3376;12:09:36
3;30.1029;12:09:36
17;30.3376;12:09:36
19;30.1029;12:09:36
33;30.318;12:09:36
35;30.1029;12:09:36
49;30.3376;12:09:36
51;30.1029;12:09:36
1;30.3376;12:09:37
3;30.1029;12:09:37
17;30.318;12:09:37
19;30.1029;12:09:37
33;30.3376;12:09:37
35;30.1029;12:09:37
49;30.318;12:09:37
51;30.1029;12:09:37
1;30.3376;12:09:38
3;30.1029;12:09:38
17;30.318;12:09:38
19;30.1029;12:09:38
33;30.318;12:09:38
35;30.1029;12:09:38
49;30.318;12:09:38
51;30.1029;12:09:38
1;30.318;12:09:39
3;30.1029;12:09:39
17;30.318;12:09:39
19;30.1029;12:09:39
33;30.318;12:09:39
35;30.1029;12:09:39
49;30.318;12:09:39
51;30.1029;12:09:39
1;30.318;12:09:40
3;30.1029;12:09:40
17;30.318;12:09:40
19;30.0833;12:09:40
33;30.318;12:09:40
35;30.0833;12:09:40
49;30.318;12:09:40
51;30.0833;12:09:40
1;30.318;12:09:41
3;30.1029;12:09:41
17;30.318;12:09:41
19;30.0833;12:09:41
33;30.2985;12:09:41
35;30.0833;12:09:41
49;30.318;12:09:41
51;30.0833;12:09:41
1;30.2985;12:09:42
3;30.0833;12:09:42
17;30.318;12:09:42
19;30.0833;12:09:42
33;30.2985;12:09:42
35;30.0833;12:09:42
49;30.2985;12:09:42
51;30.0637;12:09:42
1;30.2985;12:09:43
3;30.0833;12:09:43
17;30.2985;12:09:43
19;30.0833;12:09:43
33;30.2985;12:09:43
35;30.0833;12:09:43
49;30.2985;12:09:43
51;30.0833;12:09:43
1;30.2789;12:09:44
3;30.0833;12:09:44
17;30.2985;12:09:44
19;30.0833;12:09:44
33;30.2789;12:09:44
35;30.0833;12:09:44
49;30.2789;12:09:44
51;30.0833;12:09:44
1;30.2789;12:09:45
3;30.0637;12:09:45
17;30.2789;12:09:45
19;30.0833;12:09:45
33;30.2789;12:09:45
35;30.0637;12:09:45
49;30.2594;12:09:45
51;30.0637;12:09:45
1;30.2789;12:09:46
3;30.0637;12:09:46
17;30.2594;12:09:46
19;30.0833;12:09:46
33;30.2594;12:09:46
35;30.0637;12:09:46
49;30.2594;12:09:46
51;30.0637;12:09:46
1;30.2594;12:09:47
3;30.0637;12:09:47
17;30.2594;12:09:47
19;30.0637;12:09:47
33;30.2594;12:09:47
35;30.0637;12:09:47
49;30.2594;12:09:47
51;30.0637;12:09:47
1;30.2594;12:09:48
3;30.0637;12:09:48
17;30.2594;12:09:48
19;30.0637;12:09:48
33;30.2594;12:09:48
35;30.0637;12:09:48
49;30.2594;12:09:48
51;30.0637;12:09:48
65;30.2594;12:09:48
67;30.0637;12:09:48
1;30.2398;12:09:49
3;30.0637;12:09:49
17;30.2594;12:09:49
19;30.0637;12:09:49
33;30.2398;12:09:49
35;30.0637;12:09:49
49;30.2398;12:09:49
51;30.0637;12:09:49
1;30.2398;12:09:50
3;30.0637;12:09:50
17;30.2594;12:09:50
19;30.0637;12:09:50
33;30.2398;12:09:50
35;30.0637;12:09:50
49;30.2398;12:09:50
51;30.0442;12:09:50
1;30.2398;12:09:51
3;30.0637;12:09:51
17;30.2594;12:09:51
19;30.0442;12:09:51
33;30.2202;12:09:51
35;30.0637;12:09:51
49;30.2398;12:09:51
51;30.0442;12:09:51
1;30.2398;12:09:52
3;30.0637;12:09:52
17;30.2398;12:09:52
19;30.0442;12:09:52
33;30.2202;12:09:52
35;30.0442;12:09:52
49;30.2398;12:09:52
51;30.0637;12:09:52
1;30.2398;12:09:53
3;30.0442;12:09:53
17;30.2398;12:09:53
19;30.0442;12:09:53
33;30.2202;12:09:53
35;30.0637;12:09:53
49;30.2398;12:09:53
51;30.0442;12:09:53
1;30.2202;12:09:54
3;30.0442;12:09:54
17;30.2398;12:09:54
19;30.0442;12:09:54
33;30.2202;12:09:54
35;30.0246;12:09:54
49;30.2202;12:09:54
51;30.0442;12:09:54
1;30.2202;12:09:55
3;30.0246;12:09:55
17;30.2202;12:09:55
19;30.0246;12:09:55
33;30.2202;12:09:55
35;30.0442;12:09:55
49;30.2202;12:09:55
51;30.0246;12:09:55
1;30.2202;12:09:56
3;30.0246;12:09:56
17;30.2202;12:09:56
19;30.0246;12:09:56
33;30.2202;12:09:56
35;30.005;12:09:56
49;30.2007;12:09:56
51;30.0246;12:09:56
1;30.2202;12:09:57
3;30.0246;12:09:57
17;30.2007;12:09:57
19;30.0246;12:09:57
33;30.2202;12:09:57
35;30.005;12:09:57
49;30.2007;12:09:57
51;30.0246;12:09:57
1;30.2007;12:09:58
3;30.005;12:09:58
17;30.2007;12:09:58
19;30.0246;12:09:58
33;30.2007;12:09:58
35;30.005;12:09:58
49;30.1811;12:09:58
51;30.0246;12:09:58
1;30.2007;12:09:59
3;30.005;12:09:59
17;30.2007;12:09:59
19;30.005;12:09:59
33;30.2007;12:09:59
35;30.005;12:09:59
49;30.1811;12:09:59
51;30.005;12:09:59
1;30.2007;12:10:00
3;30.005;12:10:00
17;30.1811;12:10:00
19;30.005;12:10:00
33;30.2007;12:10:00
35;30.005;12:10:00
49;30.1811;12:10:00
51;30.005;12:10:00
1;30.1811;12:10:01
3;30.005;12:10:01
17;30.1811;12:10:01
19;30.005;12:10:01
33;30.1615;12:10:01
35;30.005;12:10:01
49;30.1811;12:10:01
51;30.005;12:10:01
1;30.1811;12:10:02
3;30.005;12:10:02
17;30.1615;12:10:02
19;30.005;12:10:02
33;30.1811;12:10:02
35;29.9855;12:10:02
49;30.1615;12:10:02
51;30.005;12:10:02
1;30.1615;12:10:03
3;30.005;12:10:03
17;30.1615;12:10:03
19;30.005;12:10:03
33;30.1615;12:10:03
35;29.9855;12:10:03
49;30.1615;12:10:03
51;30.005;12:10:03
1;30.1615;12:10:04
3;29.9855;12:10:04
17;30.1615;12:10:04
19;30.005;12:10:04
33;30.1615;12:10:04
35;29.9855;12:10:04
49;30.1615;12:10:04
51;30.005;12:10:04
65;30.142;12:10:04
67;29.9855;12:10:04
1;30.1615;12:10:05
3;29.9855;12:10:05
17;30.1615;12:10:05
19;29.9855;12:10:05
33;30.142;12:10:05
35;29.9855;12:10:05
49;30.142;12:10:05
51;29.9855;12:10:05
1;30.142;12:10:06
3;29.9659;12:10:06
17;30.142;12:10:06
19;29.9855;12:10:06
33;30.1615;12:10:06
35;29.9855;12:10:06
49;30.142;12:10:06
51;29.9659;12:10:06
1;30.142;12:10:07
3;29.9659;12:10:07
17;30.142;12:10:07
19;29.9659;12:10:07
33;30.142;12:10:07
35;29.9855;12:10:07
49;30.142;12:10:07
51;29.9659;12:10:07
1;30.1224;12:10:08
3;29.9464;12:10:08
17;30.142;12:10:08
19;29.9659;12:10:08
33;30.1224;12:10:08
35;29.9659;12:10:08
49;30.1224;12:10:08
51;29.9464;12:10:08
1;30.142;12:10:09
3;29.9659;12:10:09
17;30.1224;12:10:09
19;29.9659;12:10:09
33;30.1224;12:10:09
35;29.9464;12:10:09
49;30.1224;12:10:09
51;29.9659;12:10:09
1;30.1224;12:10:10
3;29.9464;12:10:10
17;30.1224;12:10:10
19;29.9464;12:10:10
33;30.1029;12:10:10
35;29.9464;12:10:10
49;30.1224;12:10:10
51;29.9464;12:10:10
1;30.1224;12:10:11
3;29.9464;12:10:11
17;30.1029;12:10:11
19;29.9659;12:10:11
33;30.1224;12:10:11
35;29.9464;12:10:11
49;30.1224;12:10:11
51;29.9464;12:10:11
1;30.1029;12:10:12
3;29.9464;12:10:12
17;30.1029;12:10:12
19;29.9464;12:10:12
33;30.1224;12:10:12
35;29.9464;12:10:12
49;30.1029;12:10:12
51;29.9464;12:10:12
1;30.1029;12:10:13
3;29.9464;12:10:13
17;30.1029;12:10:13
19;29.9464;12:10:13
33;30.1029;12:10:13
35;29.9464;12:10:13
49;30.1029;12:10:13
51;29.9464;12:10:13
1;30.1029;12:10:14
3;29.9464;12:10:14
17;30.1029;12:10:14
19;29.9464;12:10:14
33;30.1029;12:10:14
35;29.9464;12:10:14
49;30.1029;12:10:14
51;29.9464;12:10:14
1;30.1029;12:10:15
3;29.9268;12:10:15
17;30.1029;12:10:15
19;29.9464;12:10:15
33;30.1029;12:10:15
35;29.9268;12:10:15
49;30.1029;12:10:15
51;29.9464;12:10:15
1;30.1029;12:10:16
3;29.9268;12:10:16
17;30.1029;12:10:16
19;29.9464;12:10:16
33;30.1029;12:10:16
35;29.9268;12:10:16
49;30.1029;12:10:16
51;29.9268;12:10:16
1;30.1029;12:10:17
3;29.9268;12:10:17
17;30.1029;12:10:17
19;29.9268;12:10:17
33;30.0833;12:10:17
35;29.9268;12:10:17
49;30.1029;12:10:17
51;29.9268;12:10:17
65;30.0833;12:10:17
67;29.9268;12:10:17
1;30.0833;12:10:18
3;29.9464;12:10:18
17;30.0833;12:10:18
19;29.9072;12:10:18
33;30.0833;12:10:18
35;29.9268;12:10:18
49;30.0833;12:10:18
51;29.9268;12:10:18
1;30.0833;12:10:19
3;29.9268;12:10:19
17;30.0833;12:10:19
19;29.9072;12:10:19
33;30.0833;12:10:19
35;29.9072;12:10:19
49;30.0637;12:10:19
51;29.9072;12:10:19
1;30.0833;12:10:20
3;29.9268;12:10:20
17;30.0637;12:10:20
19;29.9072;12:10:20
33;30.0637;12:10:20
35;29.9072;12:10:20
49;30.0637;12:10:20
51;29.9072;12:10:20
1;30.0833;12:10:21
3;29.9072;12:10:21
17;30.0637;12:10:21
19;29.9072;12:10:21
33;30.0637;12:10:21
35;29.8877;12:10:21
49;30.0637;12:10:21
51;29.9072;12:10:21
1;30.0637;12:10:22
3;29.8877;12:10:22
17;30.0637;12:10:22
19;29.9072;12:10:22
33;30.0442;12:10:22
35;29.8877;12:10:22
49;30.0637;12:10:22
51;29.8877;12:10:22
1;30.0442;12:10:23
3;29.8877;12:10:23
17;30.0442;12:10:23
19;29.8877;12:10:23
33;30.0637;12:10:23
35;29.8877;12:10:23
49;30.0442;12:10:23
51;29.8877;12:10:23
1;30.0442;12:10:24
3;29.8877;12:10:24
17;30.0442;12:10:24
19;29.8877;12:10:24
33;30.0637;12:10:24
35;29.8877;12:10:24
49;30.0442;12:10:24
51;29.8877;12:10:24
1;30.0442;12:10:25
3;29.8877;12:10:25
17;30.0442;12:10:25
19;29.8877;12:10:25
33;30.0442;12:10:25
35;29.8877;12:10:25
49;30.0442;12:10:25
51;29.8877;12:10:25
1;30.0442;12:10:26
3;29.8877;12:10:26
17;30.0442;12:10:26
19;29.8877;12:10:26
33;30.0442;12:10:26
35;29.8681;12:10:26
49;30.0442;12:10:26
51;29.8877;12:10:26
1;30.0442;12:10:28
3;29.8877;12:10:28
17;30.0442;12:10:28
19;29.8681;12:10:28
33;30.0442;12:10:28
35;29.8877;12:10:28
49;30.0442;12:10:28
51;29.8877;12:10:28
1;30.0246;12:10:29
3;29.8681;12:10:29
17;30.0442;12:10:29
19;29.8877;12:10:29
33;30.0442;12:10:29
35;29.8681;12:10:29
49;30.0246;12:10:29
51;29.8681;12:10:29
1;30.0442;12:10:30
3;29.8681;12:10:30
17;30.0246;12:10:30
19;29.8877;12:10:30
33;30.0246;12:10:30
35;29.8681;12:10:30
49;30.0442;12:10:30
51;29.8681;12:10:30
1;30.005;12:10:31
3;29.8877;12:10:31
17;30.0246;12:10:31
19;29.8681;12:10:31
33;30.0246;12:10:31
35;29.8681;12:10:31
49;30.005;12:10:31
51;29.8681;12:10:31
1;30.0246;12:10:32
3;29.8681;12:10:32
17;30.0246;12:10:32
19;29.8681;12:10:32
33;30.0246;12:10:32
35;29.8681;12:10:32
49;30.005;12:10:32
51;29.8681;12:10:32
1;30.0246;12:10:33
3;29.8681;12:10:33
17;30.005;12:10:33
19;29.8485;12:10:33
33;30.005;12:10:33
35;29.8485;12:10:33
49;30.005;12:10:33
51;29.8681;12:10:33
65;30.005;12:10:33
67;29.8485;12:10:33
1;30.005;12:10:34
3;29.8681;12:10:34
17;30.005;12:10:34
19;29.8485;12:10:34
33;30.005;12:10:34
35;29.8485;12:10:34
49;30.005;12:10:34
51;29.8485;12:10:34
1;30.005;12:10:35
3;29.8485;12:10:35
17;30.005;12:10:35
19;29.8485;12:10:35
33;30.005;12:10:35
35;29.8485;12:10:35
49;30.005;12:10:35
51;29.8485;12:10:35
1;30.005;12:10:36
3;29.8485;12:10:36
17;29.9855;12:10:36
19;29.8485;12:10:36
33;30.005;12:10:36
35;29.8485;12:10:36
49;30.005;12:10:36
51;29.8485;12:10:36
1;30.005;12:10:37
3;29.8485;12:10:37
17;29.9855;12:10:37
19;29.8485;12:10:37
33;30.005;12:10:37
35;29.829;12:10:37
49;29.9855;12:10:37
51;29.8485;12:10:37
1;29.9855;12:10:38
3;29.829;12:10:38
17;29.9855;12:10:38
19;29.8485;12:10:38
33;29.9855;12:10:38
35;29.8485;12:10:38
49;30.005;12:10:38
51;29.829;12:10:38
1;29.9659;12:10:39
3;29.829;12:10:39
17;29.9855;12:10:39
19;29.829;12:10:39
33;29.9855;12:10:39
35;29.8485;12:10:39
49;29.9659;12:10:39
51;29.829;12:10:39
1;29.9659;12:10:40
3;29.829;12:10:40
17;29.9855;12:10:40
19;29.829;12:10:40
33;29.9659;12:10:40
35;29.8485;12:10:40
49;29.9855;12:10:40
51;29.8485;12:10:40
1;29.9659;12:10:41
3;29.8485;12:10:41
17;30.005;12:10:41
19;29.8485;12:10:41
33;29.9855;12:10:41
35;29.829;12:10:41
49;29.9855;12:10:41
51;29.8485;12:10:41
1;30.005;12:10:42
3;29.8485;12:10:42
17;30.005;12:10:42
19;29.8485;12:10:42
33;30.005;12:10:42
35;29.8485;12:10:42
49;30.005;12:10:42
51;29.8485;12:10:42
1;30.005;12:10:43
3;29.8485;12:10:43
17;30.005;12:10:43
19;29.8485;12:10:43
33;30.005;12:10:43
35;29.8485;12:10:43
49;30.005;12:10:43
51;29.8485;12:10:43
1;30.005;12:10:44
3;29.8485;12:10:44
17;30.005;12:10:44
19;29.8485;12:10:44
33;30.005;12:10:44
35;29.8485;12:10:44
49;30.005;12:10:44
51;29.8681;12:10:44
1;30.005;12:10:45
3;29.8485;12:10:45
17;30.005;12:10:45
19;29.8681;12:10:45
33;30.005;12:10:45
35;29.8485;12:10:45
49;30.005;12:10:45
51;29.8681;12:10:45
1;30.005;12:10:46
3;29.8485;12:10:46
17;30.005;12:10:46
19;29.8485;12:10:46
33;30.005;12:10:46
35;29.8681;12:10:46
49;30.005;12:10:46
51;29.8485;12:10:46
1;30.0246;12:10:47
3;29.8681;12:10:47
17;30.0246;12:10:47
19;29.8681;12:10:47
33;30.0246;12:10:47
35;29.8681;12:10:47
49;30.0246;12:10:47
51;29.8877;12:10:47
65;30.0246;12:10:47
67;29.8681;12:10:47
1;30.0442;12:10:48
3;29.8681;12:10:48
17;30.0442;12:10:48
19;29.8877;12:10:48
33;30.0442;12:10:48
35;29.8681;12:10:48
49;30.0442;12:10:48
51;29.8877;12:10:48
1;30.0442;12:10:49
3;29.8877;12:10:49
17;30.0442;12:10:49
19;29.8681;12:10:49
33;30.0442;12:10:49
35;29.8877;12:10:49
49;30.0442;12:10:49
51;29.8877;12:10:49
1;30.0442;12:10:50
3;29.8877;12:10:50
17;30.0637;12:10:50
19;29.8877;12:10:50
33;30.0442;12:10:50
35;29.8877;12:10:50
49;30.0637;12:10:50
51;29.8877;12:10:50
1;30.0637;12:10:51
3;29.8877;12:10:51
17;30.0637;12:10:51
19;29.8877;12:10:51
33;30.0833;12:10:51
35;29.8877;12:10:51
49;30.0833;12:10:51
51;29.8877;12:10:51
1;30.1029;12:10:52
3;29.8877;12:10:52
17;30.1029;12:10:52
19;29.9072;12:10:52
33;30.1029;12:10:52
35;29.9072;12:10:52
49;30.1029;12:10:52
51;29.9072;12:10:52
1;30.1029;12:10:53
3;29.9268;12:10:53
17;30.1029;12:10:53
19;29.9072;12:10:53
33;30.1224;12:10:53
35;29.9072;12:10:53
49;30.1029;12:10:53
51;29.9268;12:10:53
1;30.1029;12:10:54
3;29.9072;12:10:54
17;30.1224;12:10:54
19;29.9268;12:10:54
33;30.1029;12:10:54
35;29.9268;12:10:54
49;30.1029;12:10:54
51;29.9268;12:10:54
1;30.1224;12:10:55
3;29.9072;12:10:55
17;30.1029;12:10:55
19;29.9268;12:10:55
33;30.1224;12:10:55
35;29.9268;12:10:55
49;30.1029;12:10:55
51;29.9268;12:10:55
1;30.1224;12:10:56
3;29.9464;12:10:56
17;30.1224;12:10:56
19;29.9464;12:10:56
33;30.142;12:10:56
35;29.9464;12:10:56
49;30.142;12:10:56
51;29.9464;12:10:56
1;30.142;12:10:57
3;29.9464;12:10:57
17;30.1615;12:10:57
19;29.9464;12:10:57
33;30.142;12:10:57
35;29.9464;12:10:57
49;30.1615;12:10:57
51;29.9464;12:10:57
1;30.1615;12:10:58
3;29.9659;12:10:58
17;30.1615;12:10:58
19;29.9464;12:10:58
33;30.1615;12:10:58
35;29.9659;12:10:58
49;30.1615;12:10:58
51;29.9464;12:10:58
1;30.1615;12:10:59
3;29.9659;12:10:59
17;30.1811;12:10:59
19;29.9659;12:10:59
33;30.1615;12:10:59
35;29.9464;12:10:59
49;30.1811;12:10:59
51;29.9659;12:10:59
1;30.1811;12:11:00
3;29.9659;12:11:00
17;30.1811;12:11:00
19;29.9659;12:11:00
33;30.1811;12:11:00
35;29.9855;12:11:00
49;30.1811;12:11:00
51;29.9659;12:11:00
1;30.2007;12:11:01
3;29.9855;12:11:01
17;30.2007;12:11:01
19;29.9855;12:11:01
33;30.2007;12:11:01
35;29.9855;12:11:01
49;30.2202;12:11:01
51;29.9855;12:11:01
1;30.2202;12:11:02
3;29.9855;12:11:02
17;30.2202;12:11:02
19;30.005;12:11:02
33;30.2398;12:11:02
35;30.005;12:11:02
49;30.2398;12:11:02
51;30.005;12:11:02
65;30.2202;12:11:02
67;30.005;12:11:02
1;30.2398;12:11:03
3;30.005;12:11:03
17;30.2398;12:11:03
19;30.005;12:11:03
33;30.2398;12:11:03
35;30.005;12:11:03
49;30.2594;12:11:03
51;30.005;12:11:03
1;30.2398;12:11:04
3;30.005;12:11:04
17;30.2594;12:11:04
19;30.005;12:11:04
33;30.2594;12:11:04
35;30.005;12:11:04
49;30.2594;12:11:04
51;30.005;12:11:04
1;30.2594;12:11:05
3;30.005;12:11:05
17;30.2594;12:11:05
19;30.0246;12:11:05
33;30.2594;12:11:05
35;30.005;12:11:05
49;30.2594;12:11:05
51;30.0246;12:11:05
1;30.2594;12:11:06
3;30.0246;12:11:06
17;30.2594;12:11:06
19;30.0442;12:11:06
33;30.2789;12:11:06
35;30.0442;12:11:06
49;30.2594;12:11:06
51;30.0246;12:11:06
1;30.2789;12:11:07
3;30.0637;12:11:07
17;30.2594;12:11:07
19;30.0246;12:11:07
33;30.2789;12:11:07
35;30.0442;12:11:07
49;30.2789;12:11:07
51;30.0442;12:11:07
1;30.2985;12:11:08
3;30.0442;12:11:08
17;30.2789;12:11:08
19;30.0637;12:11:08
33;30.2985;12:11:08
35;30.0637;12:11:08
49;30.2985;12:11:08
51;30.0637;12:11:08
1;30.2985;12:11:09
3;30.0637;12:11:09
17;30.2985;12:11:09
19;30.0637;12:11:09
33;30.2985;12:11:09
35;30.0637;12:11:09
49;30.318;12:11:09
51;30.0637;12:11:09
1;30.2985;12:11:10
3;30.0637;12:11:10
17;30.318;12:11:10
19;30.0637;12:11:10
33;30.2985;12:11:10
35;30.0833;12:11:10
49;30.318;12:11:10
51;30.0637;12:11:10
1;30.318;12:11:11
3;30.0637;12:11:11
17;30.318;12:11:11
19;30.0637;12:11:11
33;30.318;12:11:11
35;30.0833;12:11:11
49;30.318;12:11:11
51;30.0637;12:11:11
1;30.3376;12:11:12
3;30.0833;12:11:12
17;30.318;12:11:12
19;30.1029;12:11:12
33;30.3376;12:11:12
35;30.0833;12:11:12
49;30.3376;12:11:12
51;30.1029;12:11:12
1;30.3572;12:11:13
3;30.1029;12:11:13
17;30.3572;12:11:13
19;30.1029;12:11:13
33;30.3572;12:11:13
35;30.1029;12:11:13
49;30.3572;12:11:13
51;30.1029;12:11:13
1;30.3767;12:11:14
3;30.1029;12:11:14
17;30.3767;12:11:14
19;30.1029;12:11:14
33;30.3767;12:11:14
35;30.1029;12:11:14
49;30.3767;12:11:14
51;30.1029;12:11:14
1;30.3767;12:11:15
3;30.1029;12:11:15
17;30.3572;12:11:15
19;30.1029;12:11:15
33;30.3767;12:11:15
35;30.1029;12:11:15
49;30.3767;12:11:15
51;30.1029;12:11:15
1;30.3767;12:11:16
3;30.1029;12:11:16
17;30.3767;12:11:16
19;30.1224;12:11:16
33;30.3767;12:11:16
35;30.1224;12:11:16
49;30.3767;12:11:16
51;30.1224;12:11:16
1;30.3767;12:11:17
3;30.1224;12:11:17
17;30.3963;12:11:17
19;30.1224;12:11:17
33;30.3963;12:11:17
35;30.142;12:11:17
49;30.4159;12:11:17
51;30.1224;12:11:17
65;30.4159;12:11:17
67;30.142;12:11:17
1;30.4159;12:11:18
3;30.142;12:11:18
17;30.4159;12:11:18
19;30.142;12:11:18
33;30.4159;12:11:18
35;30.142;12:11:18
49;30.4159;12:11:18
51;30.1615;12:11:18
1;30.4159;12:11:19
3;30.1615;12:11:19
17;30.4159;12:11:19
19;30.142;12:11:19
33;30.4159;12:11:19
35;30.1615;12:11:19
49;30.4354;12:11:19
51;30.1615;12:11:19
1;30.4354;12:11:20
3;30.1615;12:11:20
17;30.4354;12:11:20
19;30.1615;12:11:20
33;30.4354;12:11:20
35;30.1615;12:11:20
49;30.455;12:11:20
51;30.1615;12:11:20
1;30.4354;12:11:21
3;30.1615;12:11:21
17;30.455;12:11:21
19;30.1615;12:11:21
33;30.455;12:11:21
35;30.1615;12:11:21
49;30.4745;12:11:21
51;30.1615;12:11:21
1;30.4745;12:11:22
3;30.1615;12:11:22
17;30.4745;12:11:22
19;30.1615;12:11:22
33;30.4745;12:11:22
35;30.1811;12:11:22
49;30.4745;12:11:22
51;30.1811;12:11:22
1;30.4941;12:11:23
3;30.1811;12:11:23
17;30.4745;12:11:23
19;30.1811;12:11:23
33;30.4745;12:11:23
35;30.2007;12:11:23
49;30.4941;12:11:23
51;30.1811;12:11:23
1;30.4941;12:11:24
3;30.2007;12:11:24
17;30.4941;12:11:24
19;30.1811;12:11:24
33;30.4941;12:11:24
35;30.2007;12:11:24
49;30.5137;12:11:24
51;30.2202;12:11:24
1;30.4941;12:11:26
3;30.2202;12:11:26
17;30.5137;12:11:26
19;30.2202;12:11:26
33;30.4941;12:11:26
35;30.2007;12:11:26
49;30.5137;12:11:26
51;30.2007;12:11:26
1;30.5137;12:11:27
3;30.2202;12:11:27
17;30.5137;12:11:27
19;30.2007;12:11:27
33;30.5332;12:11:27
35;30.2202;12:11:27
49;30.5137;12:11:27
51;30.2007;12:11:27
1;30.5332;12:11:28
3;30.2202;12:11:28
17;30.5332;12:11:28
19;30.2202;12:11:28
33;30.5332;12:11:28
35;30.2202;12:11:28
49;30.5332;12:11:28
51;30.2202;12:11:28
1;30.5332;12:11:29
3;30.2202;12:11:29
17;30.5332;12:11:29
19;30.2202;12:11:29
33;30.5332;12:11:29
35;30.2202;12:11:29
49;30.5332;12:11:29
51;30.2202;12:11:29
1;30.5332;12:11:30
3;30.2202;12:11:30
17;30.5332;12:11:30
19;30.2202;12:11:30
33;30.5528;12:11:30
35;30.2398;12:11:30
49;30.5332;12:11:30
51;30.2202;12:11:30
1;30.5332;12:11:31
3;30.2202;12:11:31
17;30.5332;12:11:31
19;30.2202;12:11:31
33;30.5332;12:11:31
35;30.2202;12:11:31
49;30.5332;12:11:31
51;30.2202;12:11:31
65;30.5332;12:11:31
67;30.2202;12:11:31
1;30.5332;12:11:32
3;30.2202;12:11:32
17;30.5332;12:11:32
19;30.2398;12:11:32
33;30.5528;12:11:32
35;30.2202;12:11:32
49;30.5332;12:11:32
51;30.2202;12:11:32
1;30.5528;12:11:33
3;30.2202;12:11:33
17;30.5528;12:11:33
19;30.2202;12:11:33
33;30.5528;12:11:33
35;30.2202;12:11:33
49;30.5332;12:11:33
51;30.2202;12:11:33
1;30.5332;12:11:34
3;30.2202;12:11:34
17;30.5528;12:11:34
19;30.2202;12:11:34
33;30.5332;12:11:34
35;30.2398;12:11:34
49;30.5332;12:11:34
51;30.2202;12:11:34
1;30.5528;12:11:35
3;30.2398;12:11:35
17;30.5332;12:11:35
19;30.2202;12:11:35
33;30.5332;12:11:35
35;30.2398;12:11:35
49;30.5332;12:11:35
51;30.2202;12:11:35
1;30.5332;12:11:36
3;30.2398;12:11:36
17;30.5332;12:11:36
19;30.2202;12:11:36
33;30.5332;12:11:36
35;30.2202;12:11:36
49;30.5332;12:11:36
51;30.2202;12:11:36
1;30.5332;12:11:37
3;30.2202;12:11:37
17;30.5332;12:11:37
19;30.2202;12:11:37
33;30.5332;12:11:37
35;30.2202;12:11:37
49;30.5332;12:11:37
51;30.2202;12:11:37
1;30.5332;12:11:38
3;30.2202;12:11:38
17;30.5137;12:11:38
19;30.2202;12:11:38
33;30.5332;12:11:38
35;30.2202;12:11:38
49;30.5332;12:11:38
51;30.2202;12:11:38
1;30.5137;12:11:39
3;30.2202;12:11:39
17;30.5332;12:11:39
19;30.2202;12:11:39
33;30.5137;12:11:39
35;30.2202;12:11:39
49;30.5332;12:11:39
51;30.2202;12:11:39
1;30.5137;12:11:40
3;30.2202;12:11:40
17;30.5137;12:11:40
19;30.2202;12:11:40
33;30.5137;12:11:40
35;30.2202;12:11:40
49;30.5137;12:11:40
51;30.2202;12:11:40
1;30.4941;12:11:41
3;30.2202;12:11:41
17;30.5137;12:11:41
19;30.2202;12:11:41
33;30.4941;12:11:41
35;30.2202;12:11:41
49;30.4941;12:11:41
51;30.2202;12:11:41
1;30.4941;12:11:42
3;30.2202;12:11:42
17;30.4941;12:11:42
19;30.2202;12:11:42
33;30.4941;12:11:42
35;30.2202;12:11:42
49;30.4941;12:11:42
51;30.2202;12:11:42
1;30.4941;12:11:43
3;30.2202;12:11:43
17;30.4941;12:11:43
19;30.2202;12:11:43
33;30.4745;12:11:43
35;30.2202;12:11:43
49;30.4745;12:11:43
51;30.2202;12:11:43
1;30.4745;12:11:44
3;30.2202;12:11:44
17;30.4941;12:11:44
19;30.2202;12:11:44
33;30.4745;12:11:44
35;30.2202;12:11:44
49;30.4745;12:11:44
51;30.2202;12:11:44
1;30.4941;12:11:45
3;30.2007;12:11:45
17;30.4745;12:11:45
19;30.2202;12:11:45
33;30.4745;12:11:45
35;30.2202;12:11:45
49;30.4745;12:11:45
51;30.2202;12:11:45
1;30.4745;12:11:46
3;30.2202;12:11:46
17;30.4745;12:11:46
19;30.2202;12:11:46
33;30.4745;12:11:46
35;30.2202;12:11:46
49;30.4745;12:11:46
51;30.2007;12:11:46
65;30.4745;12:11:46
67;30.2202;12:11:46
1;30.4745;12:11:47
3;30.2202;12:11:47
17;30.455;12:11:47
19;30.2007;12:11:47
33;30.4745;12:11:47
35;30.2007;12:11:47
49;30.455;12:11:47
51;30.2202;12:11:47
1;30.4745;12:11:48
3;30.2202;12:11:48
17;30.455;12:11:48
19;30.2202;12:11:48
33;30.455;12:11:48
35;30.2007;12:11:48
49;30.455;12:11:48
51;30.2007;12:11:48
1;30.455;12:11:49
3;30.2007;12:11:49
17;30.455;12:11:49
19;30.2007;12:11:49
33;30.455;12:11:49
35;30.2007;12:11:49
49;30.455;12:11:49
51;30.2007;12:11:49
1;30.4354;12:11:50
3;30.2007;12:11:50
17;30.455;12:11:50
19;30.1811;12:11:50
33;30.4354;12:11:50
35;30.2007;12:11:50
49;30.4354;12:11:50
51;30.2007;12:11:50
1;30.4354;12:11:51
3;30.1811;12:11:51
17;30.4354;12:11:51
19;30.1811;12:11:51
33;30.4354;12:11:51
35;30.2007;12:11:51
49;30.4354;12:11:51
51;30.2007;12:11:51
1;30.4159;12:11:52
3;30.1811;12:11:52
17;30.4159;12:11:52
19;30.1811;12:11:52
33;30.4159;12:11:52
35;30.2007;12:11:52
49;30.4159;12:11:52
51;30.1811;12:11:52
1;30.4159;12:11:53
3;30.1811;12:11:53
17;30.4159;12:11:53
19;30.2007;12:11:53
33;30.4159;12:11:53
35;30.1811;12:11:53
49;30.4159;12:11:53
51;30.1811;12:11:53
1;30.4159;12:11:54
3;30.1811;12:11:54
17;30.4159;12:11:54
19;30.1811;12:11:54
33;30.4159;12:11:54
35;30.1811;12:11:54
49;30.4159;12:11:54
51;30.1811;12:11:54
1;30.4159;12:11:55
3;30.1811;12:11:55
17;30.4159;12:11:55
19;30.1615;12:11:55
33;30.4159;12:11:55
35;30.1811;12:11:55
49;30.4159;12:11:55
51;30.1811;12:11:55
1;30.4159;12:11:56
3;30.1811;12:11:56
17;30.3963;12:11:56
19;30.1615;12:11:56
33;30.4159;12:11:56
35;30.1811;12:11:56
49;30.3963;12:11:56
51;30.1615;12:11:56
1;30.4159;12:11:57
3;30.1811;12:11:57
17;30.3767;12:11:57
19;30.1615;12:11:57
33;30.3963;12:11:57
35;30.1615;12:11:57
49;30.3963;12:11:57
51;30.1615;12:11:57
1;30.3963;12:11:58
3;30.1615;12:11:58
17;30.3767;12:11:58
19;30.1615;12:11:58
33;30.3767;12:11:58
35;30.1615;12:11:58
49;30.3767;12:11:58
51;30.1615;12:11:58
1;30.3767;12:11:59
3;30.1615;12:11:59
17;30.3767;12:11:59
19;30.1615;12:11:59
33;30.3767;12:11:59
35;30.1615;12:11:59
49;30.3767;12:11:59
51;30.1615;12:11:59
1;30.3767;12:12:00
3;30.1615;12:12:00
17;30.3767;12:12:00
19;30.1615;12:12:00
33;30.3767;12:12:00
35;30.1615;12:12:00
49;30.3572;12:12:00
51;30.1615;12:12:00
65;30.3767;12:12:00
67;30.142;12:12:00
1;30.3572;12:12:01
3;30.1615;12:12:01
17;30.3572;12:12:01
19;30.142;12:12:01
33;30.3572;12:12:01
35;30.1615;12:12:01
49;30.3572;12:12:01
51;30.1615;12:12:01
1;30.3572;12:12:02
3;30.142;12:12:02
17;30.3572;12:12:02
19;30.1615;12:12:02
33;30.3572;12:12:02
35;30.142;12:12:02
49;30.3572;12:12:02
51;30.142;12:12:02
1;30.3572;12:12:03
3;30.142;12:12:03
17;30.3572;12:12:03
19;30.142;12:12:03
33;30.3376;12:12:03
35;30.142;12:12:03
49;30.3376;12:12:03
51;30.142;12:12:03
1;30.3572;12:12:04
3;30.142;12:12:04
17;30.3376;12:12:04
19;30.142;12:12:04
33;30.3572;12:12:04
35;30.142;12:12:04
49;30.3572;12:12:04
51;30.142;12:12:04
1;30.3376;12:12:05
3;30.142;12:12:05
17;30.3376;12:12:05
19;30.142;12:12:05
33;30.3376;12:12:05
35;30.142;12:12:05
49;30.3376;12:12:05
51;30.142;12:12:05
1;30.3376;12:12:06
3;30.142;12:12:06
17;30.318;12:12:06
19;30.142;12:12:06
33;30.3376;12:12:06
35;30.142;12:12:06
49;30.318;12:12:06
51;30.1224;12:12:06
1;30.318;12:12:07
3;30.142;12:12:07
17;30.318;12:12:07
19;30.142;12:12:07
33;30.318;12:12:07
35;30.1224;12:12:07
49;30.318;12:12:07
51;30.142;12:12:07
1;30.318;12:12:08
3;30.1224;12:12:08
17;30.318;12:12:08
19;30.1224;12:12:08
33;30.318;12:12:08
35;30.142;12:12:08
49;30.318;12:12:08
51;30.1224;12:12:08
1;30.318;12:12:09
3;30.1029;12:12:09
17;30.2985;12:12:09
19;30.1224;12:12:09
33;30.318;12:12:09
35;30.1224;12:12:09
49;30.2985;12:12:09
51;30.1224;12:12:09
1;30.2985;12:12:10
3;30.1029;12:12:10
17;30.2789;12:12:10
19;30.1029;12:12:10
33;30.2985;12:12:10
35;30.1029;12:12:10
49;30.2789;12:12:10
51;30.1224;12:12:10
1;30.2789;12:12:11
3;30.1029;12:12:11
17;30.2789;12:12:11
19;30.1029;12:12:11
33;30.2789;12:12:11
35;30.1029;12:12:11
49;30.2789;12:12:11
51;30.1029;12:12:11
1;30.2985;12:12:12
3;30.1029;12:12:12
17;30.2789;12:12:12
19;30.1029;12:12:12
33;30.2985;12:12:12
35;30.1029;12:12:12
49;30.2789;12:12:12
51;30.1029;12:12:12
1;30.2789;12:12:13
3;30.1029;12:12:13
17;30.2789;12:12:13
19;30.1029;12:12:13
33;30.2789;12:12:13
35;30.1029;12:12:13
49;30.2789;12:12:13
51;30.1029;12:12:13
1;30.2594;12:12:14
3;30.1029;12:12:14
17;30.2789;12:12:14
19;30.1029;12:12:14
33;30.2594;12:12:14
35;30.1029;12:12:14
49;30.2594;12:12:14
51;30.1029;12:12:14
1;30.2594;12:12:15
3;30.1029;12:12:15
17;30.2594;12:12:15
19;30.0833;12:12:15
33;30.2594;12:12:15
35;30.1029;12:12:15
49;30.2594;12:12:15
51;30.1029;12:12:15
65;30.2594;12:12:15
67;30.1029;12:12:15
1;30.2594;12:12:16
3;30.1029;12:12:16
17;30.2594;12:12:16
19;30.0833;12:12:16
33;30.2594;12:12:16
35;30.1029;12:12:16
49;30.2594;12:12:16
51;30.1029;12:12:16
1;30.2594;12:12:17
3;30.0833;12:12:17
17;30.2594;12:12:17
19;30.0833;12:12:17
33;30.2594;12:12:17
35;30.1029;12:12:17
49;30.2594;12:12:17
51;30.0637;12:12:17
1;30.2594;12:12:18
3;30.0833;12:12:18
17;30.2594;12:12:18
19;30.0833;12:12:18
33;30.2594;12:12:18
35;30.0637;12:12:18
49;30.2398;12:12:18
51;30.0833;12:12:18
1;30.2398;12:12:19
3;30.0637;12:12:19
17;30.2398;12:12:19
19;30.0833;12:12:19
33;30.2202;12:12:19
35;30.0637;12:12:19
49;30.2398;12:12:19
51;30.0637;12:12:19
1;30.2202;12:12:20
3;30.0637;12:12:20
17;30.2398;12:12:20
19;30.0637;12:12:20
33;30.2202;12:12:20
35;30.0637;12:12:20
49;30.2202;12:12:20
51;30.0637;12:12:20
1;30.2398;12:12:21
3;30.0637;12:12:21
17;30.2202;12:12:21
19;30.0637;12:12:21
33;30.2202;12:12:21
35;30.0637;12:12:21
49;30.2202;12:12:21
51;30.0637;12:12:21
1;30.2202;12:12:22
3;30.0637;12:12:22
17;30.2202;12:12:22
19;30.0637;12:12:22
33;30.2202;12:12:22
35;30.0442;12:12:22
49;30.2202;12:12:22
51;30.0637;12:12:22
1;30.2202;12:12:23
3;30.0442;12:12:23
17;30.2202;12:12:23
19;30.0442;12:12:23
33;30.2202;12:12:23
35;30.0442;12:12:23
49;30.2202;12:12:23
51;30.0442;12:12:23
1;30.2202;12:12:25
3;30.0637;12:12:25
17;30.2202;12:12:25
19;30.0442;12:12:25
33;30.2202;12:12:25
35;30.0442;12:12:25
49;30.2202;12:12:25
51;30.0442;12:12:25
1;30.2202;12:12:26
3;30.0442;12:12:26
17;30.2202;12:12:26
19;30.0442;12:12:26
33;30.2202;12:12:26
35;30.0246;12:12:26
49;30.2202;12:12:26
51;30.0442;12:12:26
1;30.2202;12:12:27
3;30.0246;12:12:27
17;30.2202;12:12:27
19;30.0442;12:12:27
33;30.2007;12:12:27
35;30.0246;12:12:27
49;30.2202;12:12:27
51;30.0442;12:12:27
1;30.2007;12:12:28
3;30.0246;12:12:28
17;30.2007;12:12:28
19;30.0442;12:12:28
33;30.2007;12:12:28
35;30.0246;12:12:28
49;30.2007;12:12:28
51;30.0246;12:12:28
1;30.2007;12:12:29
3;30.0442;12:12:29
17;30.2007;12:12:29
19;30.0246;12:12:29
33;30.1811;12:12:29
35;30.0246;12:12:29
49;30.1811;12:12:29
51;30.005;12:12:29
1;30.1811;12:12:30
3;30.0246;12:12:30
17;30.1811;12:12:30
19;30.0246;12:12:30
33;30.1811;12:12:30
35;30.005;12:12:30
49;30.1615;12:12:30
51;30.005;12:12:30
65;30.1811;12:12:30
67;30.005;12:12:30
1;30.1615;12:12:31
3;30.0246;12:12:31
17;30.1615;12:12:31
19;30.005;12:12:31
33;30.1615;12:12:31
35;30.0246;12:12:31
49;30.1615;12:12:31
51;30.005;12:12:31
1;30.1615;12:12:32
3;30.005;12:12:32
17;30.1615;12:12:32
19;30.005;12:12:32
33;30.1615;12:12:32
35;30.005;12:12:32
49;30.1615;12:12:32
51;30.005;12:12:32
1;30.1615;12:12:33
3;30.005;12:12:33
17;30.1615;12:12:33
19;30.005;12:12:33
33;30.1615;12:12:33
35;30.005;12:12:33
49;30.1615;12:12:33
51;30.005;12:12:33
1;30.1615;12:12:34
3;30.005;12:12:34
17;30.1615;12:12:34
19;30.005;12:12:34
33;30.1615;12:12:34
35;30.005;12:12:34
49;30.1615;12:12:34
51;30.005;12:12:34
1;30.1615;12:12:35
3;29.9855;12:12:35
17;30.1615;12:12:35
19;30.005;12:12:35
33;30.1615;12:12:35
35;30.005;12:12:35
49;30.142;12:12:35
51;29.9855;12:12:35
1;30.142;12:12:36
3;30.005;12:12:36
17;30.1615;12:12:36
19;29.9855;12:12:36
33;30.1615;12:12:36
35;29.9855;12:12:36
49;30.142;12:12:36
51;30.005;12:12:36
1;30.1615;12:12:37
3;29.9855;12:12:37
17;30.142;12:12:37
19;29.9855;12:12:37
33;30.142;12:12:37
35;30.005;12:12:37
49;30.142;12:12:37
51;29.9855;12:12:37
1;30.142;12:12:38
3;29.9855;12:12:38
17;30.142;12:12:38
19;29.9855;12:12:38
33;30.142;12:12:38
35;29.9855;12:12:38
49;30.142;12:12:38
51;29.9659;12:12:38
1;30.142;12:12:39
3;29.9855;12:12:39
17;30.1224;12:12:39
19;29.9855;12:12:39
33;30.1224;12:12:39
35;29.9659;12:12:39
49;30.142;12:12:39
51;29.9855;12:12:39
1;30.1224;12:12:40
3;29.9855;12:12:40
17;30.1224;12:12:40
19;29.9659;12:12:40
33;30.1224;12:12:40
35;29.9659;12:12:40
49;30.1224;12:12:40
51;29.9659;12:12:40
1;30.1224;12:12:41
3;29.9855;12:12:41
17;30.1029;12:12:41
19;29.9659;12:12:41
33;30.1029;12:12:41
35;29.9659;12:12:41
49;30.1224;12:12:41
51;29.9659;12:12:41
1;30.1029;12:12:42
3;29.9659;12:12:42
17;30.1224;12:12:42
19;29.9464;12:12:42
33;30.1029;12:12:42
35;29.9659;12:12:42
49;30.1029;12:12:42
51;29.9659;12:12:42
1;30.1029;12:12:43
3;29.9464;12:12:43
17;30.1029;12:12:43
19;29.9659;12:12:43
33;30.1029;12:12:43
35;29.9464;12:12:43
49;30.1029;12:12:43
51;29.9464;12:12:43
1;30.1029;12:12:44
3;29.9659;12:12:44
17;30.1029;12:12:44
19;29.9464;12:12:44
33;30.1029;12:12:44
35;29.9464;12:12:44
49;30.1029;12:12:44
51;29.9464;12:12:44
1;30.1029;12:12:45
3;29.9464;12:12:45
17;30.1029;12:12:45
19;29.9464;12:12:45
33;30.1029;12:12:45
35;29.9464;12:12:45
49;30.1029;12:12:45
51;29.9464;12:12:45
1;30.1029;12:12:46
3;29.9464;12:12:46
17;30.0833;12:12:46
19;29.9464;12:12:46
33;30.1029;12:12:46
35;29.9464;12:12:46
49;30.1029;12:12:46
51;29.9464;12:12:46
65;30.0833;12:12:46
67;29.9464;12:12:46
1;30.1029;12:12:47
3;29.9464;12:12:47
17;30.1029;12:12:47
19;29.9464;12:12:47
33;30.0833;12:12:47
35;29.9464;12:12:47
49;30.0833;12:12:47
51;29.9464;12:12:47
1;30.1029;12:12:48
3;29.9464;12:12:48
17;30.0833;12:12:48
19;29.9464;12:12:48
33;30.0637;12:12:48
35;29.9268;12:12:48
49;30.0833;12:12:48
51;29.9464;12:12:48
1;30.0833;12:12:49
3;29.9464;12:12:49
17;30.0833;12:12:49
19;29.9268;12:12:49
33;30.0637;12:12:49
35;29.9464;12:12:49
49;30.0833;12:12:49
51;29.9268;12:12:49
1;30.0637;12:12:50
3;29.9268;12:12:50
17;30.0637;12:12:50
19;29.9268;12:12:50
33;30.0637;12:12:50
35;29.9268;12:12:50
49;30.0637;12:12:50
51;29.9072;12:12:50
1;30.0637;12:12:51
3;29.9268;12:12:51
17;30.0442;12:12:51
19;29.9072;12:12:51
33;30.0637;12:12:51
35;29.9072;12:12:51
49;30.0637;12:12:51
51;29.9268;12:12:51
1;30.0442;12:12:52
3;29.9072;12:12:52
17;30.0442;12:12:52
19;29.9072;12:12:52
33;30.0442;12:12:52
35;29.9072;12:12:52
49;30.0442;12:12:52
51;29.9072;12:12:52
1;30.0442;12:12:53
3;29.8877;12:12:53
17;30.0442;12:12:53
19;29.9072;12:12:53
33;30.0442;12:12:53
35;29.8877;12:12:53
49;30.0442;12:12:53
51;29.9072;12:12:53
1;30.0442;12:12:54
3;29.8877;12:12:54
17;30.0442;12:12:54
19;29.9072;12:12:54
33;30.0442;12:12:54
35;29.8877;12:12:54
49;30.0442;12:12:54
51;29.8877;12:12:54
1;30.0442;12:12:55
3;29.9072;12:12:55
17;30.0442;12:12:55
19;29.8877;12:12:55
33;30.0442;12:12:55
35;29.8877;12:12:55
49;30.0442;12:12:55
51;29.8877;12:12:55
1;30.0442;12:12:56
3;29.8877;12:12:56
17;30.0442;12:12:56
19;29.8877;12:12:56
33;30.0246;12:12:56
35;29.8877;12:12:56
49;30.0442;12:12:56
51;29.8877;12:12:56
1;30.0442;12:12:57
3;29.8877;12:12:57
17;30.0442;12:12:57
19;29.8877;12:12:57
33;30.0246;12:12:57
35;29.8877;12:12:57
49;30.0442;12:12:57
51;29.8877;12:12:57
1;30.0442;12:12:58
3;29.8877;12:12:58
17;30.0442;12:12:58
19;29.8877;12:12:58
33;30.0442;12:12:58
35;29.8877;12:12:58
49;30.0246;12:12:58
51;29.8877;12:12:58
1;30.0442;12:12:59
3;29.8681;12:12:59
17;30.0246;12:12:59
19;29.8877;12:12:59
33;30.0246;12:12:59
35;29.8877;12:12:59
49;30.0246;12:12:59
51;29.8877;12:12:59
65;30.0246;12:12:59
67;29.8877;12:12:59
1;30.0246;12:13:00
3;29.8877;12:13:00
17;30.0246;12:13:00
19;29.8877;12:13:00
33;30.0246;12:13:00
35;29.8877;12:13:00
49;30.005;12:13:00
51;29.8877;12:13:00
1;30.005;12:13:01
3;29.8681;12:13:01
17;30.005;12:13:01
19;29.8877;12:13:01
33;30.005;12:13:01
35;29.8877;12:13:01
49;30.005;12:13:01
51;29.8681;12:13:01
1;30.005;12:13:02
3;29.8681;12:13:02
17;30.005;12:13:02
19;29.8877;12:13:02
33;30.005;12:13:02
35;29.8681;12:13:02
49;30.005;12:13:02
51;29.8681;12:13:02
1;30.005;12:13:03
3;29.8681;12:13:03
17;30.005;12:13:03
19;29.8877;12:13:03
33;30.005;12:13:03
35;29.8485;12:13:03
49;30.005;12:13:03
51;29.8681;12:13:03
1;30.005;12:13:04
3;29.8681;12:13:04
17;30.005;12:13:04
19;29.8681;12:13:04
33;30.005;12:13:04
35;29.8485;12:13:04
49;30.005;12:13:04
51;29.8681;12:13:04
1;29.9855;12:13:05
3;29.8485;12:13:05
17;30.005;12:13:05
19;29.8681;12:13:05
33;30.005;12:13:05
35;29.8485;12:13:05
49;29.9855;12:13:05
51;29.8485;12:13:05
1;30.005;12:13:06
3;29.8485;12:13:06
17;30.005;12:13:06
19;29.8485;12:13:06
33;29.9855;12:13:06
35;29.8485;12:13:06
49;29.9855;12:13:06
51;29.8485;12:13:06
1;30.005;12:13:07
3;29.8485;12:13:07
17;29.9855;12:13:07
19;29.8485;12:13:07
33;30.005;12:13:07
35;29.8485;12:13:07
49;29.9855;12:13:07
51;29.8485;12:13:07
1;30.005;12:13:08
3;29.8485;12:13:08
17;29.9855;12:13:08
19;29.8485;12:13:08
33;29.9855;12:13:08
35;29.8485;12:13:08
49;29.9855;12:13:08
51;29.8485;12:13:08
1;29.9855;12:13:09
3;29.8485;12:13:09
17;29.9855;12:13:09
19;29.8485;12:13:09
33;29.9855;12:13:09
35;29.8485;12:13:09
49;29.9659;12:13:09
51;29.8485;12:13:09
1;29.9659;12:13:10
3;29.8485;12:13:10
17;29.9855;12:13:10
19;29.8485;12:13:10
33;29.9659;12:13:10
35;29.829;12:13:10
49;29.9659;12:13:10
51;29.8485;12:13:10
1;29.9659;12:13:11
3;29.829;12:13:11
17;29.9659;12:13:11
19;29.829;12:13:11
33;29.9659;12:13:11
35;29.829;12:13:11
49;29.9659;12:13:11
51;29.8485;12:13:11
1;29.9464;12:13:12
3;29.829;12:13:12
17;29.9659;12:13:12
19;29.829;12:13:12
33;29.9855;12:13:12
35;29.8485;12:13:12
49;29.9855;12:13:12
51;29.829;12:13:12
1;29.9855;12:13:13
3;29.8485;12:13:13
17;30.005;12:13:13
19;29.829;12:13:13
33;29.9855;12:13:13
35;29.8485;12:13:13
49;30.005;12:13:13
51;29.8485;12:13:13
65;29.9855;12:13:13
67;29.8485;12:13:13
1;30.005;12:13:14
3;29.8485;12:13:14
17;29.9855;12:13:14
19;29.8485;12:13:14
33;30.005;12:13:14
35;29.8485;12:13:14
49;30.005;12:13:14
51;29.8485;12:13:14
1;30.005;12:13:15
3;29.8485;12:13:15
17;30.005;12:13:15
19;29.8485;12:13:15
33;30.005;12:13:15
35;29.8485;12:13:15
49;30.005;12:13:15
51;29.8485;12:13:15
1;30.005;12:13:16
3;29.8485;12:13:16
17;30.005;12:13:16
19;29.8485;12:13:16
33;30.005;12:13:16
35;29.8485;12:13:16
49;30.005;12:13:16
51;29.8485;12:13:16
1;30.0246;12:13:17
3;29.8485;12:13:17
17;30.005;12:13:17
19;29.8485;12:13:17
33;30.0246;12:13:17
35;29.8681;12:13:17
49;30.0442;12:13:17
51;29.8485;12:13:17
1;30.0246;12:13:18
3;29.8681;12:13:18
17;30.0442;12:13:18
19;29.8681;12:13:18
33;30.0442;12:13:18
35;29.8681;12:13:18
49;30.0442;12:13:18
51;29.8485;12:13:18
1;30.0442;12:13:19
3;29.8681;12:13:19
17;30.0442;12:13:19
19;29.8681;12:13:19
33;30.0442;12:13:19
35;29.8877;12:13:19
49;30.0442;12:13:19
51;29.8681;12:13:19
1;30.0442;12:13:20
3;29.8681;12:13:20
17;30.0442;12:13:20
19;29.8877;12:13:20
33;30.0442;12:13:20
35;29.8681;12:13:20
49;30.0442;12:13:20
51;29.8681;12:13:20
1;30.0442;12:13:21
3;29.8877;12:13:21
17;30.0637;12:13:21
19;29.8877;12:13:21
33;30.0442;12:13:21
35;29.8681;12:13:21
49;30.0442;12:13:21
51;29.8681;12:13:21
1;30.0637;12:13:22
3;29.8877;12:13:22
17;30.0637;12:13:22
19;29.8877;12:13:22
33;30.0833;12:13:22
35;29.8877;12:13:22
49;30.0833;12:13:22
51;29.8877;12:13:22
1;30.0833;12:13:23
3;29.8877;12:13:23
17;30.1029;12:13:23
19;29.9072;12:13:23
33;30.0833;12:13:23
35;29.8877;12:13:23
49;30.1029;12:13:23
51;29.8877;12:13:23
1;30.1029;12:13:25
3;29.9072;12:13:25
17;30.1029;12:13:25
19;29.8877;12:13:25
33;30.1029;12:13:25
35;29.9072;12:13:25
49;30.1029;12:13:25
51;29.9072;12:13:25
1;30.1029;12:13:26
3;29.9072;12:13:26
17;30.1224;12:13:26
19;29.9072;12:13:26
33;30.1029;12:13:26
35;29.9072;12:13:26
49;30.1029;12:13:26
51;29.9072;12:13:26
1;30.1029;12:13:27
3;29.9072;12:13:27
17;30.1029;12:13:27
19;29.9268;12:13:27
33;30.1224;12:13:27
35;29.9268;12:13:27
49;30.1029;12:13:27
51;29.9268;12:13:27
1;30.1224;12:13:28
3;29.9268;12:13:28
17;30.142;12:13:28
19;29.9464;12:13:28
33;30.1224;12:13:28
35;29.9268;12:13:28
49;30.142;12:13:28
51;29.9464;12:13:28
65;30.142;12:13:28
67;29.9464;12:13:28
1;30.1615;12:13:29
3;29.9464;12:13:29
17;30.1615;12:13:29
19;29.9464;12:13:29
33;30.1615;12:13:29
35;29.9464;12:13:29
49;30.1615;12:13:29
51;29.9464;12:13:29
1;30.1615;12:13:30
3;29.9464;12:13:30
17;30.1615;12:13:30
19;29.9464;12:13:30
33;30.1615;12:13:30
35;29.9464;12:13:30
49;30.1615;12:13:30
51;29.9464;12:13:30
1;30.1811;12:13:31
3;29.9464;12:13:31
17;30.1811;12:13:31
19;29.9464;12:13:31
33;30.1615;12:13:31
35;29.9659;12:13:31
49;30.2007;12:13:31
51;29.9659;12:13:31
1;30.1811;12:13:32
3;29.9464;12:13:32
17;30.1811;12:13:32
19;29.9659;12:13:32
33;30.1811;12:13:32
35;29.9659;12:13:32
49;30.1811;12:13:32
51;29.9659;12:13:32
1;30.2007;12:13:33
3;29.9659;12:13:33
17;30.2007;12:13:33
19;29.9659;12:13:33
33;30.2202;12:13:33
35;29.9855;12:13:33
49;30.2202;12:13:33
51;29.9659;12:13:33
1;30.2202;12:13:34
3;29.9855;12:13:34
17;30.2202;12:13:34
19;29.9855;12:13:34
33;30.2202;12:13:34
35;30.005;12:13:34
49;30.2202;12:13:34
51;29.9855;12:13:34
1;30.2398;12:13:35
3;30.005;12:13:35
17;30.2202;12:13:35
19;30.005;12:13:35
33;30.2398;12:13:35
35;30.005;12:13:35
49;30.2398;12:13:35
51;30.005;12:13:35
1;30.2398;12:13:36
3;30.005;12:13:36
17;30.2398;12:13:36
19;30.005;12:13:36
33;30.2398;12:13:36
35;30.005;12:13:36
49;30.2594;12:13:36
51;30.005;12:13:36
1;30.2398;12:13:37
3;30.005;12:13:37
17;30.2398;12:13:37
19;30.005;12:13:37
33;30.2594;12:13:37
35;30.005;12:13:37
49;30.2398;12:13:37
51;30.005;12:13:37
1;30.2594;12:13:38
3;30.0246;12:13:38
17;30.2594;12:13:38
19;30.0246;12:13:38
33;30.2594;12:13:38
35;30.0246;12:13:38
49;30.2594;12:13:38
51;30.0246;12:13:38
1;30.2594;12:13:39
3;30.0442;12:13:39
17;30.2594;12:13:39
19;30.0442;12:13:39
33;30.2789;12:13:39
35;30.0442;12:13:39
49;30.2789;12:13:39
51;30.0442;12:13:39
1;30.2789;12:13:40
3;30.0442;12:13:40
17;30.2789;12:13:40
19;30.0637;12:13:40
33;30.2985;12:13:40
35;30.0442;12:13:40
49;30.2789;12:13:40
51;30.0637;12:13:40
1;30.2985;12:13:41
3;30.0637;12:13:41
17;30.318;12:13:41
19;30.0637;12:13:41
33;30.2985;12:13:41
35;30.0637;12:13:41
49;30.318;12:13:41
51;30.0637;12:13:41
1;30.2985;12:13:42
3;30.0442;12:13:42
17;30.318;12:13:42
19;30.0637;12:13:42
33;30.318;12:13:42
35;30.0637;12:13:42
49;30.318;12:13:42
51;30.0637;12:13:42
1;30.318;12:13:43
3;30.0637;12:13:43
17;30.318;12:13:43
19;30.0637;12:13:43
33;30.318;12:13:43
35;30.0637;12:13:43
49;30.3376;12:13:43
51;30.0637;12:13:43
65;30.3376;12:13:43
67;30.0637;12:13:43
1;30.3376;12:13:44
3;30.0833;12:13:44
17;30.3572;12:13:44
19;30.0637;12:13:44
33;30.3572;12:13:44
35;30.1029;12:13:44
49;30.3767;12:13:44
51;30.0833;12:13:44
1;30.3572;12:13:45
3;30.0833;12:13:45
17;30.3767;12:13:45
19;30.1029;12:13:45
33;30.3767;12:13:45
35;30.1029;12:13:45
49;30.3767;12:13:45
51;30.1029;12:13:45
1;30.3767;12:13:46
3;30.1029;12:13:46
17;30.3767;12:13:46
19;30.1029;12:13:46
33;30.3767;12:13:46
35;30.1029;12:13:46
49;30.3767;12:13:46
51;30.1029;12:13:46
1;30.3767;12:13:47
3;30.1029;12:13:47
17;30.3767;12:13:47
19;30.1029;12:13:47
33;30.3767;12:13:47
35;30.1029;12:13:47
49;30.3767;12:13:47
51;30.1029;12:13:47
1;30.3963;12:13:48
3;30.1029;12:13:48
17;30.3767;12:13:48
19;30.1029;12:13:48
33;30.3963;12:13:48
35;30.1029;12:13:48
49;30.3963;12:13:48
51;30.1224;12:13:48
1;30.4159;12:13:49
3;30.1029;12:13:49
17;30.3963;12:13:49
19;30.142;12:13:49
33;30.4159;12:13:49
35;30.1224;12:13:49
49;30.4159;12:13:49
51;30.1224;12:13:49
1;30.4159;12:13:50
3;30.142;12:13:50
17;30.4159;12:13:50
19;30.1224;12:13:50
33;30.4159;12:13:50
35;30.142;12:13:50
49;30.4159;12:13:50
51;30.142;12:13:50
1;30.4159;12:13:51
3;30.142;12:13:51
17;30.4354;12:13:51
19;30.142;12:13:51
33;30.4354;12:13:51
35;30.142;12:13:51
49;30.4354;12:13:51
51;30.142;12:13:51
1;30.4354;12:13:52
3;30.142;12:13:52
17;30.4354;12:13:52
19;30.142;12:13:52
33;30.455;12:13:52
35;30.1615;12:13:52
49;30.4354;12:13:52
51;30.1615;12:13:52
1;30.455;12:13:53
3;30.142;12:13:53
17;30.455;12:13:53
19;30.1615;12:13:53
33;30.455;12:13:53
35;30.1615;12:13:53
49;30.455;12:13:53
51;30.1615;12:13:53
1;30.4745;12:13:54
3;30.1615;12:13:54
17;30.4745;12:13:54
19;30.1615;12:13:54
33;30.4745;12:13:54
35;30.1615;12:13:54
49;30.4941;12:13:54
51;30.1811;12:13:54
1;30.4745;12:13:55
3;30.1615;12:13:55
17;30.4941;12:13:55
19;30.1811;12:13:55
33;30.4941;12:13:55
35;30.1811;12:13:55
49;30.4941;12:13:55
51;30.1811;12:13:55
1;30.4941;12:13:56
3;30.2007;12:13:56
17;30.5137;12:13:56
19;30.1811;12:13:56
33;30.4941;12:13:56
35;30.2007;12:13:56
49;30.5137;12:13:56
51;30.2007;12:13:56
1;30.5137;12:13:57
3;30.2007;12:13:57
17;30.5137;12:13:57
19;30.2007;12:13:57
33;30.5137;12:13:57
35;30.2007;12:13:57
49;30.5332;12:13:57
51;30.2202;12:13:57
1;30.5137;12:13:58
3;30.2202;12:13:58
17;30.5137;12:13:58
19;30.2202;12:13:58
33;30.5137;12:13:58
35;30.2007;12:13:58
49;30.5332;12:13:58
51;30.2202;12:13:58
65;30.5137;12:13:58
67;30.2202;12:13:58
1;30.5332;12:13:59
3;30.2202;12:13:59
17;30.5332;12:13:59
19;30.2202;12:13:59
33;30.5137;12:13:59
35;30.2202;12:13:59
49;30.5137;12:13:59
51;30.2202;12:13:59
1;30.5137;12:14:00
3;30.2202;12:14:00
17;30.5137;12:14:00
19;30.2202;12:14:00
33;30.5137;12:14:00
35;30.2202;12:14:00
49;30.5137;12:14:00
51;30.2202;12:14:00
1;30.5332;12:14:01
3;30.2202;12:14:01
17;30.5137;12:14:01
19;30.2202;12:14:01
33;30.5332;12:14:01
35;30.2202;12:14:01
49;30.5137;12:14:01
51;30.2202;12:14:01
1;30.5332;12:14:02
3;30.2202;12:14:02
17;30.5332;12:14:02
19;30.2202;12:14:02
33;30.5332;12:14:02
35;30.2202;12:14:02
49;30.5137;12:14:02
51;30.2202;12:14:02
1;30.5332;12:14:03
3;30.2202;12:14:03
17;30.5332;12:14:03
19;30.2202;12:14:03
33;30.5332;12:14:03
35;30.2202;12:14:03
49;30.5332;12:14:03
51;30.2202;12:14:03
1;30.5332;12:14:04
3;30.2202;12:14:04
17;30.5332;12:14:04
19;30.2202;12:14:04
33;30.5137;12:14:04
35;30.2202;12:14:04
49;30.5332;12:14:04
51;30.2202;12:14:04
1;30.5137;12:14:05
3;30.2202;12:14:05
17;30.5332;12:14:05
19;30.2202;12:14:05
33;30.5332;12:14:05
35;30.2202;12:14:05
49;30.5137;12:14:05
51;30.2202;12:14:05
1;30.5332;12:14:06
3;30.2202;12:14:06
17;30.5137;12:14:06
19;30.2202;12:14:06
33;30.5332;12:14:06
35;30.2202;12:14:06
49;30.5332;12:14:06
51;30.2202;12:14:06
1;30.5137;12:14:07
3;30.2202;12:14:07
17;30.5332;12:14:07
19;30.2202;12:14:07
33;30.5137;12:14:07
35;30.2202;12:14:07
49;30.5332;12:14:07
51;30.2202;12:14:07
1;30.5137;12:14:08
3;30.2202;12:14:08
17;30.5332;12:14:08
19;30.2202;12:14:08
33;30.5137;12:14:08
35;30.2202;12:14:08
49;30.5137;12:14:08
51;30.2202;12:14:08
1;30.5332;12:14:09
3;30.2202;12:14:09
17;30.5137;12:14:09
19;30.2202;12:14:09
33;30.4941;12:14:09
35;30.2202;12:14:09
49;30.5137;12:14:09
51;30.2202;12:14:09
1;30.5137;12:14:10
3;30.2202;12:14:10
17;30.5137;12:14:10
19;30.2202;12:14:10
33;30.5137;12:14:10
35;30.2202;12:14:10
49;30.5137;12:14:10
51;30.2202;12:14:10
1;30.4941;12:14:11
3;30.2202;12:14:11
17;30.5137;12:14:11
19;30.2202;12:14:11
33;30.5137;12:14:11
35;30.2202;12:14:11
49;30.4941;12:14:11
51;30.2202;12:14:11
1;30.5137;12:14:12
3;30.2202;12:14:12
17;30.4941;12:14:12
19;30.2202;12:14:12
33;30.4941;12:14:12
35;30.2202;12:14:12
49;30.4941;12:14:12
51;30.2202;12:14:12
1;30.4745;12:14:13
3;30.2202;12:14:13
17;30.4941;12:14:13
19;30.2202;12:14:13
33;30.4941;12:14:13
35;30.2202;12:14:13
49;30.4745;12:14:13
51;30.2202;12:14:13
1;30.4941;12:14:14
3;30.2202;12:14:14
17;30.4745;12:14:14
19;30.2007;12:14:14
33;30.4745;12:14:14
35;30.2202;12:14:14
49;30.4941;12:14:14
51;30.2007;12:14:14
65;30.4745;12:14:14
67;30.2202;12:14:14
1;30.4745;12:14:15
3;30.2007;12:14:15
17;30.4941;12:14:15
19;30.2202;12:14:15
33;30.4745;12:14:15
35;30.2202;12:14:15
49;30.4745;12:14:15
51;30.2007;12:14:15
1;30.4941;12:14:16
3;30.2007;12:14:16
17;30.4745;12:14:16
19;30.2202;12:14:16
33;30.4745;12:14:16
35;30.2007;12:14:16
49;30.4745;12:14:16
51;30.2202;12:14:16
1;30.4745;12:14:17
3;30.2007;12:14:17
17;30.4745;12:14:17
19;30.2007;12:14:17
33;30.4745;12:14:17
35;30.2007;12:14:17
49;30.4745;12:14:17
51;30.2007;12:14:17
1;30.4745;12:14:18
3;30.2007;12:14:18
17;30.4745;12:14:18
19;30.2007;12:14:18
33;30.4745;12:14:18
35;30.2007;12:14:18
49;30.455;12:14:18
51;30.2007;12:14:18
1;30.4745;12:14:19
3;30.2202;12:14:19
17;30.4745;12:14:19
19;30.2007;12:14:19
33;30.455;12:14:19
35;30.1811;12:14:19
49;30.4745;12:14:19
51;30.2007;12:14:19
1;30.4745;12:14:20
3;30.1811;12:14:20
17;30.4745;12:14:20
19;30.2007;12:14:20
33;30.4745;12:14:20
35;30.1811;12:14:20
49;30.455;12:14:20
51;30.2007;12:14:20
1;30.4745;12:14:21
3;30.1811;12:14:21
17;30.4745;12:14:21
19;30.2007;12:14:21
33;30.455;12:14:21
35;30.1811;12:14:21
49;30.4745;12:14:21
51;30.1811;12:14:21
1;30.455;12:14:22
3;30.1615;12:14:22
17;30.4745;12:14:22
19;30.1811;12:14:22
33;30.455;12:14:22
35;30.1811;12:14:22
49;30.455;12:14:22
51;30.1615;12:14:22
1;30.455;12:14:23
3;30.1811;12:14:23
17;30.455;12:14:23
19;30.1811;12:14:23
33;30.4354;12:14:23
35;30.1615;12:14:23
49;30.455;12:14:23
51;30.1811;12:14:23
1;30.4354;12:14:25
3;30.1811;12:14:25
17;30.455;12:14:25
19;30.1615;12:14:25
33;30.4354;12:14:25
35;30.1811;12:14:25
49;30.4354;12:14:25
51;30.1811;12:14:25
1;30.4354;12:14:26
3;30.1615;12:14:26
17;30.4354;12:14:26
19;30.1811;12:14:26
33;30.4354;12:14:26
35;30.1615;12:14:26
49;30.4354;12:14:26
51;30.1615;12:14:26
1;30.4354;12:14:27
3;30.1811;12:14:27
17;30.4159;12:14:27
19;30.1615;12:14:27
33;30.4354;12:14:27
35;30.1615;12:14:27
49;30.4159;12:14:27
51;30.1615;12:14:27
1;30.4159;12:14:28
3;30.1615;12:14:28
17;30.4159;12:14:28
19;30.1615;12:14:28
33;30.4159;12:14:28
35;30.1615;12:14:28
49;30.4159;12:14:28
51;30.1615;12:14:28
1;30.4159;12:14:29
3;30.1615;12:14:29
17;30.4159;12:14:29
19;30.1615;12:14:29
33;30.4159;12:14:29
35;30.1615;12:14:29
49;30.4159;12:14:29
51;30.1615;12:14:29
1;30.4159;12:14:30
3;30.1615;12:14:30
17;30.4159;12:14:30
19;30.1615;12:14:30
33;30.4159;12:14:30
35;30.1615;12:14:30
49;30.3963;12:14:30
51;30.1615;12:14:30
65;30.3963;12:14:30
67;30.1615;12:14:30
1;30.3963;12:14:31
3;30.1615;12:14:31
17;30.3963;12:14:31
19;30.1615;12:14:31
33;30.3963;12:14:31
35;30.1615;12:14:31
49;30.3963;12:14:31
51;30.1615;12:14:31
1;30.3767;12:14:32
3;30.1615;12:14:32
17;30.3963;12:14:32
19;30.1615;12:14:32
33;30.3767;12:14:32
35;30.1615;12:14:32
49;30.3767;12:14:32
51;30.1615;12:14:32
1;30.3767;12:14:33
3;30.1615;12:14:33
17;30.3767;12:14:33
19;30.142;12:14:33
33;30.3767;12:14:33
35;30.1615;12:14:33
49;30.3767;12:14:33
51;30.1615;12:14:33
1;30.3767;12:14:34
3;30.142;12:14:34
17;30.3767;12:14:34
19;30.1615;12:14:34
33;30.3572;12:14:34
35;30.142;12:14:34
49;30.3767;12:14:34
51;30.142;12:14:34
1;30.3767;12:14:35
3;30.142;12:14:35
17;30.3572;12:14:35
19;30.142;12:14:35
33;30.3572;12:14:35
35;30.142;12:14:35
49;30.3572;12:14:35
51;30.142;12:14:35
1;30.3572;12:14:36
3;30.142;12:14:36
17;30.3572;12:14:36
19;30.142;12:14:36
33;30.3376;12:14:36
35;30.142;12:14:36
49;30.3376;12:14:36
51;30.142;12:14:36
1;30.3376;12:14:37
3;30.142;12:14:37
17;30.3572;12:14:37
19;30.1224;12:14:37
33;30.3376;12:14:37
35;30.142;12:14:37
49;30.3376;12:14:37
51;30.1224;12:14:37
1;30.318;12:14:38
3;30.1224;12:14:38
17;30.3376;12:14:38
19;30.1224;12:14:38
33;30.318;12:14:38
35;30.142;12:14:38
49;30.3376;12:14:38
51;30.1224;12:14:38
1;30.318;12:14:39
3;30.1029;12:14:39
17;30.3376;12:14:39
19;30.1224;12:14:39
33;30.318;12:14:39
35;30.1224;12:14:39
49;30.318;12:14:39
51;30.1029;12:14:39
1;30.318;12:14:40
3;30.1224;12:14:40
17;30.318;12:14:40
19;30.1029;12:14:40
33;30.318;12:14:40
35;30.1029;12:14:40
49;30.318;12:14:40
51;30.1029;12:14:40
1;30.318;12:14:41
3;30.1224;12:14:41
17;30.2985;12:14:41
19;30.1029;12:14:41
33;30.2985;12:14:41
35;30.1029;12:14:41
49;30.318;12:14:41
51;30.1029;12:14:41
1;30.2985;12:14:42
3;30.1224;12:14:42
17;30.2985;12:14:42
19;30.1029;12:14:42
33;30.2985;12:14:42
35;30.1029;12:14:42
49;30.2985;12:14:42
51;30.1029;12:14:42
1;30.2985;12:14:43
3;30.1029;12:14:43
17;30.2985;12:14:43
19;30.1029;12:14:43
33;30.2985;12:14:43
35;30.1029;12:14:43
49;30.2985;12:14:43
51;30.1029;12:14:43
1;30.2985;12:14:44
3;30.1029;12:14:44
17;30.2985;12:14:44
19;30.1029;12:14:44
33;30.2789;12:14:44
35;30.1029;12:14:44
49;30.2789;12:14:44
51;30.1029;12:14:44
1;30.2985;12:14:45
3;30.1029;12:14:45
17;30.2789;12:14:45
19;30.1029;12:14:45
33;30.2789;12:14:45
35;30.1029;12:14:45
49;30.2789;12:14:45
51;30.1029;12:14:45
1;30.2789;12:14:46
3;30.1029;12:14:46
17;30.2594;12:14:46
19;30.0833;12:14:46
33;30.2789;12:14:46
35;30.1029;12:14:46
49;30.2594;12:14:46
51;30.1029;12:14:46
65;30.2789;12:14:46
67;30.1029;12:14:46
1;30.2594;12:14:47
3;30.0833;12:14:47
17;30.2594;12:14:47
19;30.1029;12:14:47
33;30.2594;12:14:47
35;30.0833;12:14:47
49;30.2594;12:14:47
51;30.0833;12:14:47
1;30.2594;12:14:48
3;30.0833;12:14:48
17;30.2594;12:14:48
19;30.0833;12:14:48
33;30.2594;12:14:48
35;30.0637;12:14:48
49;30.2594;12:14:48
51;30.0833;12:14:48
1;30.2594;12:14:49
3;30.0637;12:14:49
17;30.2594;12:14:49
19;30.0637;12:14:49
33;30.2594;12:14:49
35;30.0637;12:14:49
49;30.2594;12:14:49
51;30.0637;12:14:49
1;30.2398;12:14:50
3;30.0833;12:14:50
17;30.2398;12:14:50
19;30.0637;12:14:50
33;30.2398;12:14:50
35;30.0637;12:14:50
49;30.2398;12:14:50
51;30.0637;12:14:50
1;30.2594;12:14:51
3;30.0637;12:14:51
17;30.2398;12:14:51
19;30.0637;12:14:51
33;30.2398;12:14:51
35;30.0637;12:14:51
49;30.2398;12:14:51
51;30.0637;12:14:51
1;30.2398;12:14:52
3;30.0637;12:14:52
17;30.2398;12:14:52
19;30.0637;12:14:52
33;30.2398;12:14:52
35;30.0637;12:14:52
49;30.2202;12:14:52
51;30.0637;12:14:52
1;30.2398;12:14:53
3;30.0637;12:14:53
17;30.2398;12:14:53
19;30.0637;12:14:53
33;30.2202;12:14:53
35;30.0442;12:14:53
49;30.2202;12:14:53
51;30.0637;12:14:53
1;30.2202;12:14:54
3;30.0637;12:14:54
17;30.2202;12:14:54
19;30.0637;12:14:54
33;30.2202;12:14:54
35;30.0637;12:14:54
49;30.2202;12:14:54
51;30.0637;12:14:54
1;30.2202;12:14:55
3;30.0637;12:14:55
17;30.2202;12:14:55
19;30.0637;12:14:55
33;30.2202;12:14:55
35;30.0442;12:14:55
49;30.2202;12:14:55
51;30.0637;12:14:55
1;30.2202;12:14:56
3;30.0442;12:14:56
17;30.2202;12:14:56
19;30.0637;12:14:56
33;30.2202;12:14:56
35;30.0442;12:14:56
49;30.2202;12:14:56
51;30.0637;12:14:56
1;30.2202;12:14:57
3;30.0442;12:14:57
17;30.2202;12:14:57
19;30.0442;12:14:57
33;30.2202;12:14:57
35;30.0442;12:14:57
49;30.2202;12:14:57
51;30.0246;12:14:57
1;30.2202;12:14:58
3;30.0442;12:14:58
17;30.2202;12:14:58
19;30.0442;12:14:58
33;30.2007;12:14:58
35;30.0246;12:14:58
49;30.2202;12:14:58
51;30.0442;12:14:58
1;30.2202;12:14:59
3;30.0246;12:14:59
17;30.2007;12:14:59
19;30.0246;12:14:59
33;30.2007;12:14:59
35;30.0442;12:14:59
49;30.2202;12:14:59
51;30.0246;12:14:59
1;30.2007;12:15:00
3;30.0246;12:15:00
17;30.2202;12:15:00
19;30.0246;12:15:00
33;30.2007;12:15:00
35;30.0246;12:15:00
49;30.2202;12:15:00
51;30.0246;12:15:00
65;30.2007;12:15:00
67;30.0246;12:15:00
1;30.2007;12:15:01
3;30.0246;12:15:01
17;30.2007;12:15:01
19;30.0246;12:15:01
33;30.2007;12:15:01
35;30.005;12:15:01
49;30.1811;12:15:01
51;30.0246;12:15:01
1;30.2007;12:15:02
3;30.005;12:15:02
17;30.1811;12:15:02
19;30.0246;12:15:02
33;30.2007;12:15:02
35;30.005;12:15:02
49;30.1811;12:15:02
51;30.005;12:15:02
1;30.1811;12:15:03
3;30.0246;12:15:03
17;30.2007;12:15:03
19;30.005;12:15:03
33;30.1811;12:15:03
35;30.005;12:15:03
49;30.1811;12:15:03
51;30.005;12:15:03
1;30.1811;12:15:04
3;30.0246;12:15:04
17;30.1811;12:15:04
19;30.005;12:15:04
33;30.1811;12:15:04
35;30.005;12:15:04
49;30.1615;12:15:04
51;30.005;12:15:04
1;30.1811;12:15:05
3;30.005;12:15:05
17;30.1811;12:15:05
19;30.005;12:15:05
33;30.1615;12:15:05
35;30.005;12:15:05
49;30.1615;12:15:05
51;30.005;12:15:05
1;30.1615;12:15:06
3;30.005;12:15:06
17;30.1811;12:15:06
19;30.005;12:15:06
33;30.1615;12:15:06
35;30.005;12:15:06
49;30.1615;12:15:06
51;30.005;12:15:06
1;30.1615;12:15:07
3;30.005;12:15:07
17;30.1615;12:15:07
19;30.005;12:15:07
33;30.1615;12:15:07
35;29.9855;12:15:07
49;30.1811;12:15:07
51;30.005;12:15:07
1;30.1615;12:15:08
3;30.005;12:15:08
17;30.1615;12:15:08
19;30.005;12:15:08
33;30.1615;12:15:08
35;29.9855;12:15:08
49;30.1615;12:15:08
51;30.005;12:15:08
1;30.1615;12:15:09
3;29.9855;12:15:09
17;30.1615;12:15:09
19;30.005;12:15:09
33;30.1615;12:15:09
35;29.9659;12:15:09
49;30.1615;12:15:09
51;29.9855;12:15:09
1;30.142;12:15:10
3;29.9855;12:15:10
17;30.1615;12:15:10
19;29.9855;12:15:10
33;30.142;12:15:10
35;29.9855;12:15:10
49;30.142;12:15:10
51;29.9855;12:15:10
1;30.1615;12:15:11
3;29.9855;12:15:11
17;30.142;12:15:11
19;29.9659;12:15:11
33;30.142;12:15:11
35;29.9855;12:15:11
49;30.142;12:15:11
51;29.9659;12:15:11
1;30.142;12:15:12
3;29.9659;12:15:12
17;30.142;12:15:12
19;29.9659;12:15:12
33;30.142;12:15:12
35;29.9855;12:15:12
49;30.1224;12:15:12
51;29.9659;12:15:12
1;30.1224;12:15:13
3;29.9659;12:15:13
17;30.142;12:15:13
19;29.9464;12:15:13
33;30.1224;12:15:13
35;29.9659;12:15:13
49;30.1224;12:15:13
51;29.9659;12:15:13
1;30.1224;12:15:14
3;29.9464;12:15:14
17;30.1224;12:15:14
19;29.9659;12:15:14
33;30.1224;12:15:14
35;29.9464;12:15:14
49;30.1224;12:15:14
51;29.9659;12:15:14
1;30.1224;12:15:15
3;29.9464;12:15:15
17;30.1224;12:15:15
19;29.9464;12:15:15
33;30.1029;12:15:15
35;29.9659;12:15:15
49;30.1224;12:15:15
51;29.9464;12:15:15
1;30.1029;12:15:16
3;29.9464;12:15:16
17;30.1224;12:15:16
19;29.9464;12:15:16
33;30.1029;12:15:16
35;29.9464;12:15:16
49;30.1029;12:15:16
51;29.9464;12:15:16
65;30.1029;12:15:16
67;29.9464;12:15:16
1;30.1029;12:15:17
3;29.9464;12:15:17
17;30.1029;12:15:17
19;29.9464;12:15:17
33;30.1029;12:15:17
35;29.9464;12:15:17
49;30.1029;12:15:17
51;29.9464;12:15:17
1;30.1029;12:15:18
3;29.9464;12:15:18
17;30.1029;12:15:18
19;29.9464;12:15:18
33;30.1029;12:15:18
35;29.9464;12:15:18
49;30.1029;12:15:18
51;29.9464;12:15:18
1;30.0833;12:15:19
3;29.9464;12:15:19
17;30.1029;12:15:19
19;29.9464;12:15:19
33;30.0833;12:15:19
35;29.9464;12:15:19
49;30.0833;12:15:19
51;29.9464;12:15:19
1;30.0833;12:15:20
3;29.9268;12:15:20
17;30.0637;12:15:20
19;29.9464;12:15:20
33;30.0833;12:15:20
35;29.9268;12:15:20
49;30.0833;12:15:20
51;29.9464;12:15:20
1;30.0833;12:15:21
3;29.9268;12:15:21
17;30.0637;12:15:21
19;29.9464;12:15:21
33;30.0637;12:15:21
35;29.9268;12:15:21
49;30.0637;12:15:21
51;29.9464;12:15:21
1;30.0637;12:15:22
3;29.9268;12:15:22
17;30.0637;12:15:22
19;29.9268;12:15:22
33;30.0442;12:15:22
35;29.9268;12:15:22
49;30.0637;12:15:22
51;29.9268;12:15:22
1;30.0637;12:15:23
3;29.9268;12:15:23
17;30.0637;12:15:23
19;29.9268;12:15:23
33;30.0442;12:15:23
35;29.9072;12:15:23
49;30.0637;12:15:23
51;29.9268;12:15:23
1;30.0442;12:15:24
3;29.9072;12:15:24
17;30.0637;12:15:24
19;29.9268;12:15:24
33;30.0442;12:15:24
35;29.9268;12:15:24
49;30.0637;12:15:24
51;29.9072;12:15:24
1;30.0442;12:15:25
3;29.9268;12:15:25
17;30.0442;12:15:25
19;29.9072;12:15:25
33;30.0442;12:15:25
35;29.9072;12:15:25
49;30.0637;12:15:25
51;29.9072;12:15:25
1;30.0442;12:15:26
3;29.9072;12:15:26
17;30.0442;12:15:26
19;29.9072;12:15:26
33;30.0442;12:15:26
35;29.9072;12:15:26
49;30.0442;12:15:26
51;29.9268;12:15:26
1;30.0442;12:15:28
3;29.8877;12:15:28
17;30.0442;12:15:28
19;29.9072;12:15:28
33;30.0442;12:15:28
35;29.9072;12:15:28
49;30.0442;12:15:28
51;29.9072;12:15:28
1;30.0442;12:15:29
3;29.8877;12:15:29
17;30.0246;12:15:29
19;29.9072;12:15:29
33;30.0442;12:15:29
35;29.8877;12:15:29
49;30.0442;12:15:29
51;29.9072;12:15:29
1;30.0246;12:15:30
3;29.9072;12:15:30
17;30.0442;12:15:30
19;29.9072;12:15:30
33;30.0246;12:15:30
35;29.8877;12:15:30
49;30.0442;12:15:30
51;29.8877;12:15:30
1;30.0246;12:15:31
3;29.8877;12:15:31
17;30.0246;12:15:31
19;29.9072;12:15:31
33;30.0246;12:15:31
35;29.8877;12:15:31
49;30.0246;12:15:31
51;29.8877;12:15:31
1;30.0246;12:15:32
3;29.8877;12:15:32
17;30.0246;12:15:32
19;29.8877;12:15:32
33;30.005;12:15:32
35;29.8877;12:15:32
49;30.0246;12:15:32
51;29.8877;12:15:32
1;30.005;12:15:33
3;29.8877;12:15:33
17;30.005;12:15:33
19;29.8877;12:15:33
33;30.005;12:15:33
35;29.8877;12:15:33
49;30.005;12:15:33
51;29.8877;12:15:33
65;30.005;12:15:33
67;29.8877;12:15:33
1;30.005;12:15:34
3;29.8877;12:15:34
17;30.005;12:15:34
19;29.8877;12:15:34
33;30.005;12:15:34
35;29.8877;12:15:34
49;30.005;12:15:34
51;29.8877;12:15:34
1;30.005;12:15:35
3;29.8877;12:15:35
17;30.005;12:15:35
19;29.8877;12:15:35
33;30.005;12:15:35
35;29.8877;12:15:35
49;30.005;12:15:35
51;29.8877;12:15:35
1;30.005;12:15:36
3;29.8877;12:15:36
17;30.005;12:15:36
19;29.8681;12:15:36
33;30.005;12:15:36
35;29.8877;12:15:36
49;30.005;12:15:36
51;29.8681;12:15:36
1;30.005;12:15:37
3;29.8877;12:15:37
17;30.005;12:15:37
19;29.8681;12:15:37
33;30.005;12:15:37
35;29.8877;12:15:37
49;30.005;12:15:37
51;29.8681;12:15:37
1;30.005;12:15:38
3;29.8681;12:15:38
17;30.005;12:15:38
19;29.8681;12:15:38
33;29.9659;12:15:38
35;29.8681;12:15:38
49;29.9855;12:15:38
51;29.8485;12:15:38
1;29.9855;12:15:39
3;29.8485;12:15:39
17;29.9855;12:15:39
19;29.8485;12:15:39
33;29.9855;12:15:39
35;29.8485;12:15:39
49;29.9855;12:15:39
51;29.8485;12:15:39
1;29.9659;12:15:40
3;29.8485;12:15:40
17;29.9855;12:15:40
19;29.8485;12:15:40
33;29.9855;12:15:40
35;29.8485;12:15:40
49;29.9855;12:15:40
51;29.8485;12:15:40
1;29.9659;12:15:41
3;29.8485;12:15:41
17;29.9855;12:15:41
19;29.8485;12:15:41
33;29.9659;12:15:41
35;29.8485;12:15:41
49;29.9659;12:15:41
51;29.8485;12:15:41
1;29.9659;12:15:42
3;29.8485;12:15:42
17;29.9659;12:15:42
19;29.8485;12:15:42
33;29.9659;12:15:42
35;29.8485;12:15:42
49;29.9464;12:15:42
51;29.8485;12:15:42
1;29.9659;12:15:43
3;29.8485;12:15:43
17;29.9855;12:15:43
19;29.8485;12:15:43
33;29.9659;12:15:43
35;29.8485;12:15:43
49;29.9659;12:15:43
51;29.8485;12:15:43
1;29.9855;12:15:44
3;29.8485;12:15:44
17;29.9855;12:15:44
19;29.8485;12:15:44
33;30.005;12:15:44
35;29.8485;12:15:44
49;29.9855;12:15:44
51;29.8485;12:15:44
1;29.9855;12:15:45
3;29.8485;12:15:45
17;30.005;12:15:45
19;29.8485;12:15:45
33;30.005;12:15:45
35;29.8485;12:15:45
49;30.005;12:15:45
51;29.8485;12:15:45
1;30.005;12:15:46
3;29.8485;12:15:46
17;30.005;12:15:46
19;29.8485;12:15:46
33;30.005;12:15:46
35;29.8485;12:15:46
49;30.005;12:15:46
51;29.8485;12:15:46
1;30.005;12:15:47
3;29.8681;12:15:47
17;30.005;12:15:47
19;29.8485;12:15:47
33;30.005;12:15:47
35;29.8485;12:15:47
49;30.005;12:15:47
51;29.8681;12:15:47
1;30.005;12:15:48
3;29.8485;12:15:48
17;30.005;12:15:48
19;29.8681;12:15:48
33;30.005;12:15:48
35;29.8681;12:15:48
49;30.0246;12:15:48
51;29.8681;12:15:48
65;30.005;12:15:48
67;29.8681;12:15:48
1;30.0246;12:15:49
3;29.8681;12:15:49
17;30.0246;12:15:49
19;29.8877;12:15:49
33;30.0442;12:15:49
35;29.8877;12:15:49
49;30.0246;12:15:49
51;29.8877;12:15:49
1;30.0442;12:15:50
3;29.8877;12:15:50
17;30.0442;12:15:50
19;29.8877;12:15:50
33;30.0442;12:15:50
35;29.8877;12:15:50
49;30.0442;12:15:50
51;29.8877;12:15:50
1;30.0442;12:15:51
3;29.8877;12:15:51
17;30.0442;12:15:51
19;29.8877;12:15:51
33;30.0637;12:15:51
35;29.8877;12:15:51
49;30.0442;12:15:51
51;29.8877;12:15:51
1;30.0442;12:15:52
3;29.8877;12:15:52
17;30.0637;12:15:52
19;29.8877;12:15:52
33;30.0442;12:15:52
35;29.8877;12:15:52
49;30.0442;12:15:52
51;29.8877;12:15:52
1;30.0637;12:15:53
3;29.8877;12:15:53
17;30.0637;12:15:53
19;29.8877;12:15:53
33;30.0637;12:15:53
35;29.8877;12:15:53
49;30.0637;12:15:53
51;29.9072;12:15:53
1;30.0637;12:15:54
3;29.8877;12:15:54
17;30.0833;12:15:54
19;29.9268;12:15:54
33;30.1029;12:15:54
35;29.9072;12:15:54
49;30.0833;12:15:54
51;29.9072;12:15:54
1;30.1029;12:15:55
3;29.9268;12:15:55
17;30.1029;12:15:55
19;29.9268;12:15:55
33;30.1029;12:15:55
35;29.9072;12:15:55
49;30.1029;12:15:55
51;29.9268;12:15:55
1;30.1029;12:15:56
3;29.9268;12:15:56
17;30.1029;12:15:56
19;29.9268;12:15:56
33;30.1224;12:15:56
35;29.9268;12:15:56
49;30.1029;12:15:56
51;29.9268;12:15:56
1;30.1224;12:15:57
3;29.9268;12:15:57
17;30.1029;12:15:57
19;29.9464;12:15:57
33;30.1224;12:15:57
35;29.9268;12:15:57
49;30.1224;12:15:57
51;29.9268;12:15:57
1;30.1224;12:15:58
3;29.9464;12:15:58
17;30.142;12:15:58
19;29.9268;12:15:58
33;30.1224;12:15:58
35;29.9464;12:15:58
49;30.142;12:15:58
51;29.9464;12:15:58
1;30.142;12:15:59
3;29.9464;12:15:59
17;30.142;12:15:59
19;29.9464;12:15:59
33;30.1615;12:15:59
35;29.9464;12:15:59
49;30.1615;12:15:59
51;29.9464;12:15:59
1;30.1615;12:16:00
3;29.9464;12:16:00
17;30.1615;12:16:00
19;29.9659;12:16:00
33;30.1615;12:16:00
35;29.9464;12:16:00
49;30.1615;12:16:00
51;29.9464;12:16:00
1;30.1811;12:16:01
3;29.9464;12:16:01
17;30.1615;12:16:01
19;29.9855;12:16:01
33;30.1811;12:16:01
35;29.9659;12:16:01
49;30.1811;12:16:01
51;29.9659;12:16:01
1;30.1811;12:16:02
3;29.9659;12:16:02
17;30.1811;12:16:02
19;29.9659;12:16:02
33;30.1811;12:16:02
35;29.9659;12:16:02
49;30.1811;12:16:02
51;29.9659;12:16:02
1;30.2007;12:16:03
3;29.9659;12:16:03
17;30.1811;12:16:03
19;29.9659;12:16:03
33;30.2007;12:16:03
35;29.9659;12:16:03
49;30.2007;12:16:03
51;29.9855;12:16:03
1;30.2007;12:16:04
3;29.9659;12:16:04
17;30.2007;12:16:04
19;30.005;12:16:04
33;30.2202;12:16:04
35;29.9855;12:16:04
49;30.2202;12:16:04
51;30.005;12:16:04
65;30.2202;12:16:04
67;29.9855;12:16:04
1;30.2202;12:16:05
3;30.005;12:16:05
17;30.2202;12:16:05
19;30.005;12:16:05
33;30.2398;12:16:05
35;30.005;12:16:05
49;30.2202;12:16:05
51;30.005;12:16:05
1;30.2398;12:16:06
3;30.005;12:16:06
17;30.2398;12:16:06
19;30.005;12:16:06
33;30.2594;12:16:06
35;30.005;12:16:06
49;30.2594;12:16:06
51;30.005;12:16:06
1;30.2398;12:16:07
3;30.005;12:16:07
17;30.2594;12:16:07
19;30.005;12:16:07
33;30.2594;12:16:07
35;30.0246;12:16:07
49;30.2594;12:16:07
51;30.005;12:16:07
1;30.2594;12:16:08
3;30.0246;12:16:08
17;30.2594;12:16:08
19;30.0246;12:16:08
33;30.2594;12:16:08
35;30.005;12:16:08
49;30.2594;12:16:08
51;30.0246;12:16:08
1;30.2594;12:16:09
3;30.0442;12:16:09
17;30.2789;12:16:09
19;30.0246;12:16:09
33;30.2789;12:16:09
35;30.0442;12:16:09
49;30.2789;12:16:09
51;30.0246;12:16:09
1;30.2985;12:16:10
3;30.0442;12:16:10
17;30.2985;12:16:10
19;30.0442;12:16:10
33;30.2789;12:16:10
35;30.0442;12:16:10
49;30.2985;12:16:10
51;30.0637;12:16:10
1;30.318;12:16:11
3;30.0637;12:16:11
17;30.318;12:16:11
19;30.0637;12:16:11
33;30.318;12:16:11
35;30.0637;12:16:11
49;30.318;12:16:11
51;30.0637;12:16:11
1;30.318;12:16:12
3;30.0637;12:16:12
17;30.318;12:16:12
19;30.0637;12:16:12
33;30.318;12:16:12
35;30.0637;12:16:12
49;30.318;12:16:12
51;30.0637;12:16:12
1;30.318;12:16:13
3;30.0637;12:16:13
17;30.318;12:16:13
19;30.0637;12:16:13
33;30.318;12:16:13
35;30.0637;12:16:13
49;30.318;12:16:13
51;30.0637;12:16:13
1;30.318;12:16:14
3;30.0637;12:16:14
17;30.3376;12:16:14
19;30.0637;12:16:14
33;30.318;12:16:14
35;30.0833;12:16:14
49;30.3376;12:16:14
51;30.0833;12:16:14
1;30.3376;12:16:15
3;30.0833;12:16:15
17;30.3572;12:16:15
19;30.0833;12:16:15
33;30.3572;12:16:15
35;30.0833;12:16:15
49;30.3572;12:16:15
51;30.0833;12:16:15
1;30.3572;12:16:16
3;30.1029;12:16:16
17;30.3767;12:16:16
19;30.0833;12:16:16
33;30.3767;12:16:16
35;30.1029;12:16:16
49;30.3767;12:16:16
51;30.1029;12:16:16
1;30.3767;12:16:17
3;30.0833;12:16:17
17;30.3767;12:16:17
19;30.1029;12:16:17
33;30.3767;12:16:17
35;30.1029;12:16:17
49;30.3767;12:16:17
51;30.1029;12:16:17
1;30.3767;12:16:18
3;30.1029;12:16:18
17;30.3767;12:16:18
19;30.1029;12:16:18
33;30.3767;12:16:18
35;30.1029;12:16:18
49;30.3963;12:16:18
51;30.1029;12:16:18
1;30.3767;12:16:19
3;30.1029;12:16:19
17;30.3963;12:16:19
19;30.1029;12:16:19
33;30.3963;12:16:19
35;30.1224;12:16:19
49;30.4159;12:16:19
51;30.1224;12:16:19
65;30.4159;12:16:19
67;30.1224;12:16:19
1;30.4159;12:16:20
3;30.1224;12:16:20
17;30.4159;12:16:20
19;30.1224;12:16:20
33;30.4159;12:16:20
35;30.142;12:16:20
49;30.4159;12:16:20
51;30.142;12:16:20
1;30.4354;12:16:21
3;30.1615;12:16:21
17;30.4159;12:16:21
19;30.142;12:16:21
33;30.4354;12:16:21
35;30.142;12:16:21
49;30.455;12:16:21
51;30.1615;12:16:21
1;30.4354;12:16:22
3;30.1615;12:16:22
17;30.455;12:16:22
19;30.142;12:16:22
33;30.455;12:16:22
35;30.1615;12:16:22
49;30.4354;12:16:22
51;30.1615;12:16:22
1;30.455;12:16:23
3;30.1615;12:16:23
17;30.455;12:16:23
19;30.1615;12:16:23
33;30.455;12:16:23
35;30.1615;12:16:23
49;30.455;12:16:23
51;30.1615;12:16:23
1;30.4745;12:16:24
3;30.1615;12:16:24
17;30.455;12:16:24
19;30.1615;12:16:24
33;30.4745;12:16:24
35;30.1615;12:16:24
49;30.4745;12:16:24
51;30.1615;12:16:24
1;30.4745;12:16:25
3;30.1811;12:16:25
17;30.4745;12:16:25
19;30.1811;12:16:25
33;30.4745;12:16:25
35;30.1811;12:16:25
49;30.4941;12:16:25
51;30.1811;12:16:25
1;30.4745;12:16:26
3;30.2007;12:16:26
17;30.4941;12:16:26
19;30.1811;12:16:26
33;30.4941;12:16:26
35;30.2007;12:16:26
49;30.4941;12:16:26
51;30.1811;12:16:26
1;30.5137;12:16:27
3;30.2007;12:16:27
17;30.4941;12:16:27
19;30.2007;12:16:27
33;30.5137;12:16:27
35;30.1811;12:16:27
49;30.5137;12:16:27
51;30.2007;12:16:27
1;30.5137;12:16:28
3;30.2007;12:16:28
17;30.5137;12:16:28
19;30.2202;12:16:28
33;30.5137;12:16:28
35;30.2007;12:16:28
49;30.5137;12:16:28
51;30.2202;12:16:28
1;30.5137;12:16:29
3;30.2007;12:16:29
17;30.5137;12:16:29
19;30.2202;12:16:29
33;30.5137;12:16:29
35;30.2202;12:16:29
49;30.5332;12:16:29
51;30.2202;12:16:29
1;30.5332;12:16:31
3;30.2202;12:16:31
17;30.5137;12:16:31
19;30.2202;12:16:31
33;30.5332;12:16:31
35;30.2202;12:16:31
49;30.5332;12:16:31
51;30.2202;12:16:31
1;30.5137;12:16:32
3;30.2202;12:16:32
17;30.5332;12:16:32
19;30.2202;12:16:32
33;30.5332;12:16:32
35;30.2202;12:16:32
49;30.5332;12:16:32
51;30.2202;12:16:32
1;30.5332;12:16:33
3;30.2202;12:16:33
17;30.5332;12:16:33
19;30.2202;12:16:33
33;30.5332;12:16:33
35;30.2202;12:16:33
49;30.5332;12:16:33
51;30.2202;12:16:33
1;30.5332;12:16:34
3;30.2202;12:16:34
17;30.5332;12:16:34
19;30.2202;12:16:34
33;30.5332;12:16:34
35;30.2202;12:16:34
49;30.5332;12:16:34
51;30.2202;12:16:34
1;30.5332;12:16:35
3;30.2202;12:16:35
17;30.5332;12:16:35
19;30.2202;12:16:35
33;30.5137;12:16:35
35;30.2202;12:16:35
49;30.5332;12:16:35
51;30.2202;12:16:35
1;30.5137;12:16:36
3;30.2202;12:16:36
17;30.5332;12:16:36
19;30.2202;12:16:36
33;30.5332;12:16:36
35;30.2202;12:16:36
49;30.5137;12:16:36
51;30.2202;12:16:36
65;30.5332;12:16:36
67;30.2202;12:16:36
1;30.5137;12:16:37
3;30.2202;12:16:37
17;30.5137;12:16:37
19;30.2202;12:16:37
33;30.5332;12:16:37
35;30.2202;12:16:37
49;30.5137;12:16:37
51;30.2202;12:16:37
1;30.5332;12:16:38
3;30.2202;12:16:38
17;30.5137;12:16:38
19;30.2202;12:16:38
33;30.5137;12:16:38
35;30.2202;12:16:38
49;30.5137;12:16:38
51;30.2202;12:16:38
1;30.5137;12:16:39
3;30.2202;12:16:39
17;30.5137;12:16:39
19;30.2202;12:16:39
33;30.5137;12:16:39
35;30.2202;12:16:39
49;30.4941;12:16:39
51;30.2007;12:16:39
1;30.5137;12:16:40
3;30.2202;12:16:40
17;30.4941;12:16:40
19;30.2007;12:16:40
33;30.5137;12:16:40
35;30.2007;12:16:40
49;30.4941;12:16:40
51;30.2007;12:16:40
1;30.4941;12:16:41
3;30.2202;12:16:41
17;30.4941;12:16:41
19;30.2007;12:16:41
33;30.4941;12:16:41
35;30.2202;12:16:41
49;30.4941;12:16:41
51;30.2007;12:16:41
1;30.4941;12:16:42
3;30.2202;12:16:42
17;30.4745;12:16:42
19;30.2007;12:16:42
33;30.4745;12:16:42
35;30.2007;12:16:42
49;30.4745;12:16:42
51;30.2007;12:16:42
1;30.4941;12:16:43
3;30.2202;12:16:43
17;30.4745;12:16:43
19;30.2007;12:16:43
33;30.4745;12:16:43
35;30.2007;12:16:43
49;30.4745;12:16:43
51;30.2202;12:16:43
1;30.4745;12:16:44
3;30.2007;12:16:44
17;30.4745;12:16:44
19;30.2007;12:16:44
33;30.4745;12:16:44
35;30.2202;12:16:44
49;30.4745;12:16:44
51;30.2007;12:16:44
1;30.4745;12:16:45
3;30.2007;12:16:45
17;30.4745;12:16:45
19;30.2007;12:16:45
33;30.4745;12:16:45
35;30.2202;12:16:45
49;30.4745;12:16:45
51;30.1811;12:16:45
1;30.4745;12:16:46
3;30.2007;12:16:46
17;30.4745;12:16:46
19;30.1811;12:16:46
33;30.4745;12:16:46
35;30.2007;12:16:46
49;30.4745;12:16:46
51;30.2007;12:16:46
1;30.455;12:16:47
3;30.1811;12:16:47
17;30.4745;12:16:47
19;30.2007;12:16:47
33;30.455;12:16:47
35;30.2007;12:16:47
49;30.455;12:16:47
51;30.2007;12:16:47
1;30.455;12:16:48
3;30.2007;12:16:48
17;30.455;12:16:48
19;30.2007;12:16:48
33;30.455;12:16:48
35;30.2007;12:16:48
49;30.455;12:16:48
51;30.2007;12:16:48
1;30.455;12:16:49
3;30.1811;12:16:49
17;30.455;12:16:49
19;30.2007;12:16:49
33;30.4354;12:16:49
35;30.2007;12:16:49
49;30.4354;12:16:49
51;30.1811;12:16:49
1;30.4354;12:16:50
3;30.1811;12:16:50
17;30.4354;12:16:50
19;30.1811;12:16:50
33;30.455;12:16:50
35;30.1811;12:16:50
49;30.4354;12:16:50
51;30.1811;12:16:50
1;30.4354;12:16:51
3;30.1615;12:16:51
17;30.4354;12:16:51
19;30.2007;12:16:51
33;30.4354;12:16:51
35;30.1811;12:16:51
49;30.4159;12:16:51
51;30.1615;12:16:51
1;30.4354;12:16:52
3;30.1811;12:16:52
17;30.4354;12:16:52
19;30.1615;12:16:52
33;30.4159;12:16:52
35;30.1615;12:16:52
49;30.4354;12:16:52
51;30.1811;12:16:52
1;30.4159;12:16:53
3;30.1615;12:16:53
17;30.4159;12:16:53
19;30.1615;12:16:53
33;30.4159;12:16:53
35;30.1811;12:16:53
49;30.4159;12:16:53
51;30.1811;12:16:53
65;30.4159;12:16:53
67;30.1615;12:16:53
1;30.4159;12:16:54
3;30.1615;12:16:54
17;30.4159;12:16:54
19;30.1811;12:16:54
33;30.4159;12:16:54
35;30.1615;12:16:54
49;30.4159;12:16:54
51;30.1811;12:16:54
1;30.4159;12:16:55
3;30.1615;12:16:55
17;30.4159;12:16:55
19;30.1615;12:16:55
33;30.4159;12:16:55
35;30.1615;12:16:55
49;30.4159;12:16:55
51;30.1615;12:16:55
1;30.4159;12:16:56
3;30.1615;12:16:56
17;30.3963;12:16:56
19;30.1615;12:16:56
33;30.4159;12:16:56
35;30.1615;12:16:56
49;30.3963;12:16:56
51;30.1615;12:16:56
1;30.4159;12:16:57
3;30.1615;12:16:57
17;30.3963;12:16:57
19;30.1615;12:16:57
33;30.3963;12:16:57
35;30.1615;12:16:57
49;30.3963;12:16:57
51;30.1615;12:16:57
1;30.3963;12:16:58
3;30.1615;12:16:58
17;30.3963;12:16:58
19;30.1615;12:16:58
33;30.3767;12:16:58
35;30.1615;12:16:58
49;30.3963;12:16:58
51;30.1615;12:16:58
1;30.3767;12:16:59
3;30.142;12:16:59
17;30.3963;12:16:59
19;30.1615;12:16:59
33;30.3767;12:16:59
35;30.1615;12:16:59
49;30.3767;12:16:59
51;30.142;12:16:59
1;30.3767;12:17:00
3;30.1615;12:17:00
17;30.3767;12:17:00
19;30.142;12:17:00
33;30.3767;12:17:00
35;30.1615;12:17:00
49;30.3767;12:17:00
51;30.142;12:17:00
1;30.3767;12:17:01
3;30.142;12:17:01
17;30.3767;12:17:01
19;30.142;12:17:01
33;30.3767;12:17:01
35;30.1615;12:17:01
49;30.3767;12:17:01
51;30.1224;12:17:01
1;30.3767;12:17:02
3;30.142;12:17:02
17;30.3767;12:17:02
19;30.142;12:17:02
33;30.3767;12:17:02
35;30.142;12:17:02
49;30.3572;12:17:02
51;30.1224;12:17:02
1;30.3767;12:17:03
3;30.142;12:17:03
17;30.3767;12:17:03
19;30.1224;12:17:03
33;30.3572;12:17:03
35;30.1224;12:17:03
49;30.3767;12:17:03
51;30.142;12:17:03
1;30.3572;12:17:04
3;30.1224;12:17:04
17;30.3767;12:17:04
19;30.142;12:17:04
33;30.3572;12:17:04
35;30.1224;12:17:04
49;30.3572;12:17:04
51;30.142;12:17:04
1;30.3572;12:17:05
3;30.1224;12:17:05
17;30.3376;12:17:05
19;30.1224;12:17:05
33;30.3572;12:17:05
35;30.1224;12:17:05
49;30.3376;12:17:05
51;30.1224;12:17:05
1;30.3376;12:17:06
3;30.1224;12:17:06
17;30.3376;12:17:06
19;30.1224;12:17:06
33;30.3376;12:17:06
35;30.1224;12:17:06
49;30.318;12:17:06
51;30.1224;12:17:06
1;30.318;12:17:07
3;30.1224;12:17:07
17;30.3376;12:17:07
19;30.1224;12:17:07
33;30.318;12:17:07
35;30.1224;12:17:07
49;30.318;12:17:07
51;30.1224;12:17:07
1;30.318;12:17:08
3;30.1224;12:17:08
17;30.318;12:17:08
19;30.1224;12:17:08
33;30.318;12:17:08
35;30.1224;12:17:08
49;30.318;12:17:08
51;30.1224;12:17:08
1;30.318;12:17:09
3;30.1029;12:17:09
17;30.2985;12:17:09
19;30.1029;12:17:09
33;30.318;12:17:09
35;30.1224;12:17:09
49;30.318;12:17:09
51;30.1029;12:17:09
1;30.2985;12:17:10
3;30.1029;12:17:10
17;30.318;12:17:10
19;30.1029;12:17:10
33;30.2985;12:17:10
35;30.1029;12:17:10
49;30.2985;12:17:10
51;30.1029;12:17:10
65;30.318;12:17:10
67;30.1029;12:17:10
1;30.2985;12:17:11
3;30.1029;12:17:11
17;30.2985;12:17:11
19;30.1029;12:17:11
33;30.2985;12:17:11
35;30.1029;12:17:11
49;30.2985;12:17:11
51;30.1029;12:17:11
1;30.2985;12:17:12
3;30.1029;12:17:12
17;30.2985;12:17:12
19;30.1029;12:17:12
33;30.2985;12:17:12
35;30.0833;12:17:12
49;30.2985;12:17:12
51;30.1029;12:17:12
1;30.2789;12:17:13
3;30.1029;12:17:13
17;30.2789;12:17:13
19;30.0833;12:17:13
33;30.2789;12:17:13
35;30.1029;12:17:13
49;30.2985;12:17:13
51;30.0833;12:17:13
1;30.2789;12:17:14
3;30.1029;12:17:14
17;30.2594;12:17:14
19;30.0833;12:17:14
33;30.2789;12:17:14
35;30.0833;12:17:14
49;30.2594;12:17:14
51;30.0833;12:17:14
1;30.2789;12:17:15
3;30.0833;12:17:15
17;30.2789;12:17:15
19;30.0833;12:17:15
33;30.2594;12:17:15
35;30.0637;12:17:15
49;30.2594;12:17:15
51;30.0833;12:17:15
1;30.2594;12:17:16
3;30.0637;12:17:16
17;30.2594;12:17:16
19;30.0833;12:17:16
33;30.2594;12:17:16
35;30.0637;12:17:16
49;30.2594;12:17:16
51;30.0637;12:17:16
1;30.2594;12:17:17
3;30.0637;12:17:17
17;30.2594;12:17:17
19;30.0637;12:17:17
33;30.2594;12:17:17
35;30.0637;12:17:17
49;30.2398;12:17:17
51;30.0637;12:17:17
1;30.2594;12:17:18
3;30.0637;12:17:18
17;30.2594;12:17:18
19;30.0637;12:17:18
33;30.2594;12:17:18
35;30.0637;12:17:18
49;30.2398;12:17:18
51;30.0637;12:17:18
1;30.2594;12:17:19
3;30.0637;12:17:19
17;30.2594;12:17:19
19;30.0637;12:17:19
33;30.2594;12:17:19
35;30.0637;12:17:19
49;30.2398;12:17:19
51;30.0637;12:17:19
1;30.2398;12:17:20
3;30.0637;12:17:20
17;30.2398;12:17:20
19;30.0637;12:17:20
33;30.2398;12:17:20
35;30.0637;12:17:20
49;30.2398;12:17:20
51;30.0637;12:17:20
1;30.2398;12:17:21
3;30.0637;12:17:21
17;30.2202;12:17:21
19;30.0637;12:17:21
33;30.2398;12:17:21
35;30.0637;12:17:21
49;30.2202;12:17:21
51;30.0637;12:17:21
1;30.2398;12:17:22
3;30.0637;12:17:22
17;30.2202;12:17:22
19;30.0637;12:17:22
33;30.2202;12:17:22
35;30.0637;12:17:22
49;30.2202;12:17:22
51;30.0637;12:17:22
1;30.2202;12:17:23
3;30.0442;12:17:23
17;30.2202;12:17:23
19;30.0442;12:17:23
33;30.2202;12:17:23
35;30.0442;12:17:23
49;30.2202;12:17:23
51;30.0442;12:17:23
1;30.2202;12:17:24
3;30.0442;12:17:24
17;30.2202;12:17:24
19;30.0442;12:17:24
33;30.2202;12:17:24
35;30.0246;12:17:24
49;30.2202;12:17:24
51;30.0442;12:17:24
1;30.2202;12:17:25
3;30.0246;12:17:25
17;30.2007;12:17:25
19;30.0246;12:17:25
33;30.2007;12:17:25
35;30.0246;12:17:25
49;30.2007;12:17:25
51;30.0246;12:17:25
1;30.2202;12:17:26
3;30.0246;12:17:26
17;30.2007;12:17:26
19;30.005;12:17:26
33;30.2007;12:17:26
35;30.0246;12:17:26
49;30.1811;12:17:26
51;30.0442;12:17:26
65;30.2007;12:17:26
67;30.005;12:17:26
1;30.2007;12:17:27
3;30.0246;12:17:27
17;30.2007;12:17:27
19;30.0246;12:17:27
33;30.1811;12:17:27
35;30.0246;12:17:27
49;30.2007;12:17:27
51;30.0246;12:17:27
1;30.1811;12:17:28
3;30.005;12:17:28
17;30.1811;12:17:28
19;30.0246;12:17:28
33;30.1811;12:17:28
35;30.0246;12:17:28
49;30.1811;12:17:28
51;30.005;12:17:28
1;30.1615;12:17:29
3;30.0246;12:17:29
17;30.1811;12:17:29
19;30.005;12:17:29
33;30.1615;12:17:29
35;30.005;12:17:29
49;30.1615;12:17:29
51;30.005;12:17:29
1;30.1811;12:17:30
3;30.0246;12:17:30
17;30.1615;12:17:30
19;30.005;12:17:30
33;30.1615;12:17:30
35;30.005;12:17:30
49;30.1811;12:17:30
51;30.005;12:17:30
1;30.1615;12:17:31
3;30.005;12:17:31
17;30.1615;12:17:31
19;30.005;12:17:31
33;30.1615;12:17:31
35;30.005;12:17:31
49;30.1615;12:17:31
51;30.005;12:17:31
1;30.1615;12:17:32
3;30.005;12:17:32
17;30.1615;12:17:32
19;30.005;12:17:32
33;30.1615;12:17:32
35;30.005;12:17:32
49;30.1615;12:17:32
51;30.005;12:17:32
1;30.1615;12:17:33
3;30.005;12:17:33
17;30.1615;12:17:33
19;30.005;12:17:33
33;30.1615;12:17:33
35;30.005;12:17:33
49;30.1615;12:17:33
51;30.005;12:17:33
1;30.1615;12:17:34
3;30.005;12:17:34
17;30.1615;12:17:34
19;30.005;12:17:34
33;30.1615;12:17:34
35;29.9855;12:17:34
49;30.1615;12:17:34
51;30.005;12:17:34
1;30.142;12:17:35
3;29.9855;12:17:35
17;30.1615;12:17:35
19;30.005;12:17:35
33;30.142;12:17:35
35;29.9855;12:17:35
49;30.1615;12:17:35
51;30.005;12:17:35
1;30.142;12:17:36
3;29.9855;12:17:36
17;30.1224;12:17:36
19;30.005;12:17:36
33;30.142;12:17:36
35;29.9855;12:17:36
49;30.142;12:17:36
51;30.005;12:17:36
1;30.1224;12:17:37
3;29.9855;12:17:37
17;30.142;12:17:37
19;29.9659;12:17:37
33;30.1224;12:17:37
35;29.9855;12:17:37
49;30.142;12:17:37
51;29.9659;12:17:37
1;30.142;12:17:39
3;29.9855;12:17:39
17;30.1224;12:17:39
19;29.9659;12:17:39
33;30.1224;12:17:39
35;29.9659;12:17:39
49;30.1224;12:17:39
51;29.9659;12:17:39
1;30.1224;12:17:40
3;29.9855;12:17:40
17;30.1224;12:17:40
19;29.9659;12:17:40
33;30.1224;12:17:40
35;29.9855;12:17:40
49;30.1224;12:17:40
51;29.9659;12:17:40
1;30.1224;12:17:41
3;29.9855;12:17:41
17;30.1029;12:17:41
19;29.9659;12:17:41
33;30.1224;12:17:41
35;29.9855;12:17:41
49;30.1224;12:17:41
51;29.9659;12:17:41
1;30.1029;12:17:42
3;29.9659;12:17:42
17;30.1029;12:17:42
19;29.9659;12:17:42
33;30.1029;12:17:42
35;29.9659;12:17:42
49;30.1029;12:17:42
51;29.9659;12:17:42
1;30.1029;12:17:43
3;29.9659;12:17:43
17;30.1029;12:17:43
19;29.9855;12:17:43
33;30.1029;12:17:43
35;29.9464;12:17:43
49;30.1029;12:17:43
51;29.9659;12:17:43
1;30.1029;12:17:44
3;29.9659;12:17:44
17;30.1029;12:17:44
19;29.9464;12:17:44
33;30.1029;12:17:44
35;29.9464;12:17:44
49;30.1029;12:17:44
51;29.9659;12:17:44
65;30.1029;12:17:44
67;29.9464;12:17:44
1;30.0833;12:17:45
3;29.9659;12:17:45
17;30.1029;12:17:45
19;29.9464;12:17:45
33;30.0833;12:17:45
35;29.9464;12:17:45
49;30.1029;12:17:45
51;29.9464;12:17:45
1;30.0833;12:17:46
3;29.9464;12:17:46
17;30.1029;12:17:46
19;29.9464;12:17:46
33;30.0833;12:17:46
35;29.9464;12:17:46
49;30.0833;12:17:46
51;29.9464;12:17:46
1;30.0833;12:17:47
3;29.9464;12:17:47
17;30.0833;12:17:47
19;29.9464;12:17:47
33;30.0637;12:17:47
35;29.9464;12:17:47
49;30.0637;12:17:47
51;29.9464;12:17:47
1;30.0833;12:17:48
3;29.9464;12:17:48
17;30.0442;12:17:48
19;29.9464;12:17:48
33;30.0833;12:17:48
35;29.9268;12:17:48
49;30.0637;12:17:48
51;29.9464;12:17:48
1;30.0442;12:17:49
3;29.9268;12:17:49
17;30.0637;12:17:49
19;29.9268;12:17:49
33;30.0637;12:17:49
35;29.9268;12:17:49
49;30.0442;12:17:49
51;29.9464;12:17:49
1;30.0637;12:17:50
3;29.9268;12:17:50
17;30.0442;12:17:50
19;29.9268;12:17:50
33;30.0442;12:17:50
35;29.9268;12:17:50
49;30.0442;12:17:50
51;29.9268;12:17:50
1;30.0442;12:17:51
3;29.9072;12:17:51
17;30.0442;12:17:51
19;29.9268;12:17:51
33;30.0442;12:17:51
35;29.9268;12:17:51
49;30.0442;12:17:51
51;29.9072;12:17:51
1;30.0442;12:17:52
3;29.9268;12:17:52
17;30.0442;12:17:52
19;29.9072;12:17:52
33;30.0442;12:17:52
35;29.9268;12:17:52
49;30.0442;12:17:52
51;29.9268;12:17:52
1;30.0442;12:17:53
3;29.9072;12:17:53
17;30.0442;12:17:53
19;29.9268;12:17:53
33;30.0442;12:17:53
35;29.9072;12:17:53
49;30.0442;12:17:53
51;29.9268;12:17:53
1;30.0442;12:17:54
3;29.9072;12:17:54
17;30.0246;12:17:54
19;29.9072;12:17:54
33;30.0442;12:17:54
35;29.9072;12:17:54
49;30.0442;12:17:54
51;29.9072;12:17:54
1;30.0442;12:17:55
3;29.9072;12:17:55
17;30.0442;12:17:55
19;29.9072;12:17:55
33;30.0442;12:17:55
35;29.9072;12:17:55
49;30.0246;12:17:55
51;29.9072;12:17:55
1;30.0442;12:17:56
3;29.9072;12:17:56
17;30.0246;12:17:56
19;29.8877;12:17:56
33;30.0442;12:17:56
35;29.8877;12:17:56
49;30.0246;12:17:56
51;29.9072;12:17:56
1;30.0246;12:17:57
3;29.8877;12:17:57
17;30.0246;12:17:57
19;29.9072;12:17:57
33;30.0246;12:17:57
35;29.8877;12:17:57
49;30.0246;12:17:57
51;29.8877;12:17:57
1;30.0246;12:17:58
3;29.8877;12:17:58
17;30.0246;12:17:58
19;29.8877;12:17:58
33;30.0246;12:17:58
35;29.8877;12:17:58
49;30.005;12:17:58
51;29.8877;12:17:58
1;30.0246;12:17:59
3;29.8877;12:17:59
17;30.005;12:17:59
19;29.8877;12:17:59
33;30.0246;12:17:59
35;29.8877;12:17:59
49;30.005;12:17:59
51;29.8877;12:17:59
1;30.005;12:18:00
3;29.8877;12:18:00
17;30.005;12:18:00
19;29.8877;12:18:00
33;30.005;12:18:00
35;29.8877;12:18:00
49;30.005;12:18:00
51;29.8877;12:18:00
1;30.005;12:18:01
3;29.8877;12:18:01
17;30.005;12:18:01
19;29.8877;12:18:01
33;30.005;12:18:01
35;29.8877;12:18:01
49;30.005;12:18:01
51;29.8877;12:18:01
65;30.005;12:18:01
67;29.8877;12:18:01
1;30.005;12:18:02
3;29.8877;12:18:02
17;30.005;12:18:02
19;29.8877;12:18:02
33;30.005;12:18:02
35;29.8877;12:18:02
49;30.005;12:18:02
51;29.8681;12:18:02
1;30.005;12:18:03
3;29.8877;12:18:03
17;30.005;12:18:03
19;29.8877;12:18:03
33;30.005;12:18:03
35;29.8681;12:18:03
49;29.9855;12:18:03
51;29.8877;12:18:03
1;30.005;12:18:04
3;29.8877;12:18:04
17;29.9855;12:18:04
19;29.8681;12:18:04
33;30.005;12:18:04
35;29.8877;12:18:04
49;30.005;12:18:04
51;29.8681;12:18:04
1;29.9855;12:18:05
3;29.8681;12:18:05
17;30.005;12:18:05
19;29.8681;12:18:05
33;29.9855;12:18:05
35;29.8877;12:18:05
49;30.005;12:18:05
51;29.8485;12:18:05
1;29.9855;12:18:06
3;29.8681;12:18:06
17;30.005;12:18:06
19;29.8681;12:18:06
33;29.9855;12:18:06
35;29.8681;12:18:06
49;30.005;12:18:06
51;29.8681;12:18:06
1;29.9855;12:18:07
3;29.8485;12:18:07
17;29.9855;12:18:07
19;29.8681;12:18:07
33;29.9855;12:18:07
35;29.8681;12:18:07
49;29.9855;12:18:07
51;29.8681;12:18:07
1;30.005;12:18:08
3;29.8681;12:18:08
17;30.005;12:18:08
19;29.8877;12:18:08
33;30.005;12:18:08
35;29.8681;12:18:08
49;30.005;12:18:08
51;29.8877;12:18:08
1;30.005;12:18:09
3;29.8681;12:18:09
17;30.005;12:18:09
19;29.8877;12:18:09
33;30.005;12:18:09
35;29.8877;12:18:09
49;30.0246;12:18:09
51;29.8681;12:18:09
1;30.0246;12:18:10
3;29.8877;12:18:10
17;30.0246;12:18:10
19;29.8877;12:18:10
33;30.005;12:18:10
35;29.8877;12:18:10
49;30.0246;12:18:10
51;29.8681;12:18:10
1;30.0246;12:18:11
3;29.8877;12:18:11
17;30.0246;12:18:11
19;29.8681;12:18:11
33;30.0246;12:18:11
35;29.8877;12:18:11
49;30.0246;12:18:11
51;29.8681;12:18:11
1;30.005;12:18:12
3;29.8681;12:18:12
17;30.0246;12:18:12
19;29.8877;12:18:12
33;30.0442;12:18:12
35;29.8877;12:18:12
49;30.0246;12:18:12
51;29.8681;12:18:12
1;30.0442;12:18:13
3;29.8877;12:18:13
17;30.0442;12:18:13
19;29.8877;12:18:13
33;30.0442;12:18:13
35;29.8877;12:18:13
49;30.0442;12:18:13
51;29.8877;12:18:13
1;30.0442;12:18:14
3;29.8877;12:18:14
17;30.0442;12:18:14
19;29.8877;12:18:14
33;30.0442;12:18:14
35;29.9072;12:18:14
49;30.0442;12:18:14
51;29.8877;12:18:14
1;30.0637;12:18:15
3;29.8877;12:18:15
17;30.0637;12:18:15
19;29.8877;12:18:15
33;30.0637;12:18:15
35;29.8877;12:18:15
49;30.0637;12:18:15
51;29.9072;12:18:15
1;30.0637;12:18:16
3;29.8877;12:18:16
17;30.0833;12:18:16
19;29.9072;12:18:16
33;30.0833;12:18:16
35;29.8877;12:18:16
49;30.0637;12:18:16
51;29.9072;12:18:16
1;30.0833;12:18:17
3;29.8877;12:18:17
17;30.0833;12:18:17
19;29.9268;12:18:17
33;30.1029;12:18:17
35;29.9072;12:18:17
49;30.1029;12:18:17
51;29.9072;12:18:17
1;30.1029;12:18:18
3;29.9268;12:18:18
17;30.1029;12:18:18
19;29.9268;12:18:18
33;30.1029;12:18:18
35;29.9268;12:18:18
49;30.1029;12:18:18
51;29.9268;12:18:18
65;30.1224;12:18:18
67;29.9464;12:18:18
1;30.1029;12:18:19
3;29.9268;12:18:19
17;30.1224;12:18:19
19;29.9464;12:18:19
33;30.142;12:18:19
35;29.9268;12:18:19
49;30.1224;12:18:19
51;29.9464;12:18:19
1;30.142;12:18:20
3;29.9464;12:18:20
17;30.1224;12:18:20
19;29.9464;12:18:20
33;30.142;12:18:20
35;29.9464;12:18:20
49;30.1224;12:18:20
51;29.9464;12:18:20
1;30.142;12:18:21
3;29.9464;12:18:21
17;30.142;12:18:21
19;29.9464;12:18:21
33;30.142;12:18:21
35;29.9464;12:18:21
49;30.142;12:18:21
51;29.9464;12:18:21
1;30.142;12:18:22
3;29.9464;12:18:22
17;30.142;12:18:22
19;29.9464;12:18:22
33;30.1615;12:18:22
35;29.9464;12:18:22
49;30.1615;12:18:22
51;29.9464;12:18:22
1;30.1615;12:18:23
3;29.9659;12:18:23
17;30.1615;12:18:23
19;29.9659;12:18:23
33;30.1615;12:18:23
35;29.9659;12:18:23
49;30.1615;12:18:23
51;29.9659;12:18:23
1;30.1811;12:18:24
3;29.9659;12:18:24
17;30.2007;12:18:24
19;29.9855;12:18:24
33;30.2007;12:18:24
35;29.9855;12:18:24
49;30.2007;12:18:24
51;29.9659;12:18:24
1;30.2007;12:18:25
3;29.9855;12:18:25
17;30.2007;12:18:25
19;29.9855;12:18:25
33;30.2007;12:18:25
35;29.9855;12:18:25
49;30.2007;12:18:25
51;29.9855;12:18:25
1;30.2007;12:18:26
3;29.9855;12:18:26
17;30.2202;12:18:26
19;29.9855;12:18:26
33;30.2202;12:18:26
35;29.9855;12:18:26
49;30.2202;12:18:26
51;29.9855;12:18:26
1;30.2202;12:18:27
3;29.9855;12:18:27
17;30.2202;12:18:27
19;29.9855;12:18:27
33;30.2202;12:18:27
35;30.005;12:18:27
49;30.2202;12:18:27
51;30.005;12:18:27
1;30.2398;12:18:28
3;30.005;12:18:28
17;30.2202;12:18:28
19;30.005;12:18:28
33;30.2398;12:18:28
35;30.005;12:18:28
49;30.2594;12:18:28
51;30.005;12:18:28
1;30.2398;12:18:29
3;30.005;12:18:29
17;30.2594;12:18:29
19;30.005;12:18:29
33;30.2594;12:18:29
35;30.005;12:18:29
49;30.2594;12:18:29
51;30.005;12:18:29
1;30.2594;12:18:30
3;30.005;12:18:30
17;30.2594;12:18:30
19;30.005;12:18:30
33;30.2594;12:18:30
35;30.005;12:18:30
49;30.2594;12:18:30
51;30.0246;12:18:30
1;30.2594;12:18:31
3;30.005;12:18:31
17;30.2594;12:18:31
19;30.005;12:18:31
33;30.2594;12:18:31
35;30.0246;12:18:31
49;30.2594;12:18:31
51;30.0246;12:18:31
1;30.2594;12:18:32
3;30.0246;12:18:32
17;30.2594;12:18:32
19;30.0246;12:18:32
33;30.2594;12:18:32
35;30.0246;12:18:32
49;30.2594;12:18:32
51;30.0442;12:18:32
1;30.2789;12:18:33
3;30.0246;12:18:33
17;30.2594;12:18:33
19;30.0442;12:18:33
33;30.2789;12:18:33
35;30.0442;12:18:33
49;30.2789;12:18:33
51;30.0637;12:18:33
65;30.2985;12:18:33
67;30.0442;12:18:33
1;30.2985;12:18:34
3;30.0442;12:18:34
17;30.2985;12:18:34
19;30.0637;12:18:34
33;30.2985;12:18:34
35;30.0637;12:18:34
49;30.318;12:18:34
51;30.0637;12:18:34
1;30.318;12:18:35
3;30.0637;12:18:35
17;30.318;12:18:35
19;30.0637;12:18:35
33;30.318;12:18:35
35;30.0833;12:18:35
49;30.318;12:18:35
51;30.0637;12:18:35
1;30.318;12:18:36
3;30.0637;12:18:36
17;30.318;12:18:36
19;30.0637;12:18:36
33;30.318;12:18:36
35;30.0833;12:18:36
49;30.318;12:18:36
51;30.0637;12:18:36
1;30.318;12:18:37
3;30.0637;12:18:37
17;30.318;12:18:37
19;30.0833;12:18:37
33;30.318;12:18:37
35;30.0833;12:18:37
49;30.3376;12:18:37
51;30.0637;12:18:37
1;30.3376;12:18:38
3;30.0833;12:18:38
17;30.3572;12:18:38
19;30.1029;12:18:38
33;30.3376;12:18:38
35;30.0833;12:18:38
49;30.3572;12:18:38
51;30.1029;12:18:38
1;30.3572;12:18:39
3;30.1029;12:18:39
17;30.3767;12:18:39
19;30.1029;12:18:39
33;30.3767;12:18:39
35;30.1029;12:18:39
49;30.3767;12:18:39
51;30.1029;12:18:39
1;30.3767;12:18:40
3;30.1029;12:18:40
17;30.3767;12:18:40
19;30.1029;12:18:40
33;30.3767;12:18:40
35;30.1029;12:18:40
49;30.3767;12:18:40
51;30.1224;12:18:40
1;30.3767;12:18:41
3;30.1029;12:18:41
17;30.3963;12:18:41
19;30.1224;12:18:41
33;30.3963;12:18:41
35;30.1224;12:18:41
49;30.3767;12:18:41
51;30.1224;12:18:41
1;30.3963;12:18:42
3;30.1224;12:18:42
17;30.3963;12:18:42
19;30.1224;12:18:42
33;30.3963;12:18:42
35;30.1224;12:18:42
49;30.4159;12:18:42
51;30.142;12:18:42
1;30.3963;12:18:43
3;30.1224;12:18:43
17;30.4159;12:18:43
19;30.142;12:18:43
33;30.4159;12:18:43
35;30.142;12:18:43
49;30.4159;12:18:43
51;30.142;12:18:43
1;30.4159;12:18:45
3;30.142;12:18:45
17;30.4159;12:18:45
19;30.1615;12:18:45
33;30.4354;12:18:45
35;30.1615;12:18:45
49;30.4354;12:18:45
51;30.1615;12:18:45
1;30.4354;12:18:46
3;30.1615;12:18:46
17;30.455;12:18:46
19;30.1615;12:18:46
33;30.455;12:18:46
35;30.1615;12:18:46
49;30.4354;12:18:46
51;30.1615;12:18:46
1;30.455;12:18:47
3;30.1615;12:18:47
17;30.455;12:18:47
19;30.1615;12:18:47
33;30.4745;12:18:47
35;30.1615;12:18:47
49;30.455;12:18:47
51;30.1811;12:18:47
1;30.4745;12:18:48
3;30.1615;12:18:48
17;30.455;12:18:48
19;30.1615;12:18:48
33;30.4745;12:18:48
35;30.1811;12:18:48
49;30.455;12:18:48
51;30.1615;12:18:48
1;30.4745;12:18:49
3;30.1615;12:18:49
17;30.4745;12:18:49
19;30.1811;12:18:49
33;30.4745;12:18:49
35;30.1811;12:18:49
49;30.4941;12:18:49
51;30.1811;12:18:49
1;30.4745;12:18:50
3;30.2007;12:18:50
17;30.4941;12:18:50
19;30.2007;12:18:50
33;30.5137;12:18:50
35;30.2202;12:18:50
49;30.4941;12:18:50
51;30.2007;12:18:50
65;30.5137;12:18:50
67;30.2007;12:18:50
1;30.5137;12:18:51
3;30.2202;12:18:51
17;30.5137;12:18:51
19;30.2202;12:18:51
33;30.5137;12:18:51
35;30.2007;12:18:51
49;30.5332;12:18:51
51;30.2202;12:18:51
1;30.5332;12:18:52
3;30.2202;12:18:52
17;30.5137;12:18:52
19;30.2202;12:18:52
33;30.5332;12:18:52
35;30.2202;12:18:52
49;30.5332;12:18:52
51;30.2202;12:18:52
1;30.5332;12:18:53
3;30.2202;12:18:53
17;30.5332;12:18:53
19;30.2202;12:18:53
33;30.5332;12:18:53
35;30.2202;12:18:53
49;30.5332;12:18:53
51;30.2202;12:18:53
1;30.5332;12:18:54
3;30.2202;12:18:54
17;30.5332;12:18:54
19;30.2202;12:18:54
33;30.5332;12:18:54
35;30.2202;12:18:54
49;30.5332;12:18:54
51;30.2202;12:18:54
1;30.5332;12:18:55
3;30.2202;12:18:55
17;30.5332;12:18:55
19;30.2202;12:18:55
33;30.5332;12:18:55
35;30.2202;12:18:55
49;30.5332;12:18:55
51;30.2202;12:18:55
1;30.5332;12:18:56
3;30.2398;12:18:56
17;30.5332;12:18:56
19;30.2202;12:18:56
33;30.5332;12:18:56
35;30.2202;12:18:56
49;30.5332;12:18:56
51;30.2202;12:18:56
1;30.5332;12:18:57
3;30.2398;12:18:57
17;30.5332;12:18:57
19;30.2202;12:18:57
33;30.5332;12:18:57
35;30.2398;12:18:57
49;30.5332;12:18:57
51;30.2202;12:18:57
1;30.5332;12:18:58
3;30.2398;12:18:58
17;30.5332;12:18:58
19;30.2398;12:18:58
33;30.5332;12:18:58
35;30.2202;12:18:58
49;30.5137;12:18:58
51;30.2202;12:18:58
1;30.5332;12:18:59
3;30.2202;12:18:59
17;30.5332;12:18:59
19;30.2398;12:18:59
33;30.5137;12:18:59
35;30.2202;12:18:59
49;30.5332;12:18:59
51;30.2202;12:18:59
1;30.5137;12:19:00
3;30.2202;12:19:00
17;30.5137;12:19:00
19;30.2398;12:19:00
33;30.5332;12:19:00
35;30.2202;12:19:00
49;30.5332;12:19:00
51;30.2202;12:19:00
1;30.5137;12:19:01
3;30.2202;12:19:01
17;30.5332;12:19:01
19;30.2202;12:19:01
33;30.5332;12:19:01
35;30.2202;12:19:01
49;30.5137;12:19:01
51;30.2202;12:19:01
1;30.5332;12:19:02
3;30.2202;12:19:02
17;30.5137;12:19:02
19;30.2202;12:19:02
33;30.5137;12:19:02
35;30.2202;12:19:02
49;30.5137;12:19:02
51;30.2398;12:19:02
1;30.5137;12:19:03
3;30.2202;12:19:03
17;30.4941;12:19:03
19;30.2202;12:19:03
33;30.5137;12:19:03
35;30.2202;12:19:03
49;30.4941;12:19:03
51;30.2398;12:19:03
1;30.4745;12:19:04
3;30.2202;12:19:04
17;30.4941;12:19:04
19;30.2202;12:19:04
33;30.4941;12:19:04
35;30.2202;12:19:04
49;30.4745;12:19:04
51;30.2202;12:19:04
1;30.4941;12:19:05
3;30.2202;12:19:05
17;30.4941;12:19:05
19;30.2202;12:19:05
33;30.4745;12:19:05
35;30.2202;12:19:05
49;30.4941;12:19:05
51;30.2202;12:19:05
1;30.4745;12:19:06
3;30.2202;12:19:06
17;30.4745;12:19:06
19;30.2202;12:19:06
33;30.4745;12:19:06
35;30.2202;12:19:06
49;30.4745;12:19:06
51;30.2202;12:19:06
1;30.4745;12:19:07
3;30.2202;12:19:07
17;30.4745;12:19:07
19;30.2202;12:19:07
33;30.4745;12:19:07
35;30.2202;12:19:07
49;30.4745;12:19:07
51;30.2202;12:19:07
65;30.4745;12:19:07
67;30.2202;12:19:07
1;30.4745;12:19:08
3;30.2202;12:19:08
17;30.4745;12:19:08
19;30.2202;12:19:08
33;30.4745;12:19:08
35;30.2202;12:19:08
49;30.455;12:19:08
51;30.2202;12:19:08
1;30.4745;12:19:09
3;30.2202;12:19:09
17;30.4745;12:19:09
19;30.2202;12:19:09
33;30.4745;12:19:09
35;30.2202;12:19:09
49;30.455;12:19:09
51;30.2202;12:19:09
1;30.4745;12:19:10
3;30.2202;12:19:10
17;30.455;12:19:10
19;30.2202;12:19:10
33;30.455;12:19:10
35;30.2007;12:19:10
49;30.455;12:19:10
51;30.2202;12:19:10
1;30.455;12:19:11
3;30.2202;12:19:11
17;30.455;12:19:11
19;30.2007;12:19:11
33;30.455;12:19:11
35;30.2202;12:19:11
49;30.4354;12:19:11
51;30.2007;12:19:11
1;30.455;12:19:12
3;30.2202;12:19:12
17;30.4354;12:19:12
19;30.2007;12:19:12
33;30.4159;12:19:12
35;30.2007;12:19:12
49;30.4354;12:19:12
51;30.2202;12:19:12
1;30.4354;12:19:13
3;30.2007;12:19:13
17;30.4159;12:19:13
19;30.2202;12:19:13
33;30.4354;12:19:13
35;30.2007;12:19:13
49;30.4354;12:19:13
51;30.2007;12:19:13
1;30.4159;12:19:14
3;30.2007;12:19:14
17;30.4354;12:19:14
19;30.2007;12:19:14
33;30.4159;12:19:14
35;30.2007;12:19:14
49;30.4159;12:19:14
51;30.2007;12:19:14
1;30.4159;12:19:15
3;30.1811;12:19:15
17;30.4159;12:19:15
19;30.2202;12:19:15
33;30.4159;12:19:15
35;30.2007;12:19:15
49;30.4159;12:19:15
51;30.2007;12:19:15
1;30.4159;12:19:16
3;30.1811;12:19:16
17;30.4159;12:19:16
19;30.2007;12:19:16
33;30.4159;12:19:16
35;30.1811;12:19:16
49;30.4159;12:19:16
51;30.2007;12:19:16
1;30.4159;12:19:17
3;30.1811;12:19:17
17;30.4159;12:19:17
19;30.1811;12:19:17
33;30.4159;12:19:17
35;30.2007;12:19:17
49;30.4159;12:19:17
51;30.1811;12:19:17
1;30.4159;12:19:18
3;30.1811;12:19:18
17;30.3963;12:19:18
19;30.1811;12:19:18
33;30.4159;12:19:18
35;30.1811;12:19:18
49;30.3963;12:19:18
51;30.1811;12:19:18
1;30.3963;12:19:19
3;30.1811;12:19:19
17;30.3963;12:19:19
19;30.1615;12:19:19
33;30.3767;12:19:19
35;30.1811;12:19:19
49;30.3963;12:19:19
51;30.1811;12:19:19
1;30.3963;12:19:20
3;30.1615;12:19:20
17;30.3963;12:19:20
19;30.1615;12:19:20
33;30.3767;12:19:20
35;30.1615;12:19:20
49;30.3963;12:19:20
51;30.1615;12:19:20
1;30.3963;12:19:21
3;30.1615;12:19:21
17;30.3963;12:19:21
19;30.1615;12:19:21
33;30.3767;12:19:21
35;30.1615;12:19:21
49;30.3963;12:19:21
51;30.1615;12:19:21
1;30.3767;12:19:22
3;30.1615;12:19:22
17;30.3963;12:19:22
19;30.1615;12:19:22
33;30.3767;12:19:22
35;30.1615;12:19:22
49;30.3767;12:19:22
51;30.1615;12:19:22
65;30.3767;12:19:22
67;30.1615;12:19:22
1;30.3767;12:19:23
3;30.1615;12:19:23
17;30.3767;12:19:23
19;30.1615;12:19:23
33;30.3767;12:19:23
35;30.1615;12:19:23
49;30.3767;12:19:23
51;30.1615;12:19:23
1;30.3767;12:19:24
3;30.1615;12:19:24
17;30.3767;12:19:24
19;30.1615;12:19:24
33;30.3767;12:19:24
35;30.1615;12:19:24
49;30.3572;12:19:24
51;30.142;12:19:24
1;30.3767;12:19:25
3;30.1615;12:19:25
17;30.3572;12:19:25
19;30.1615;12:19:25
33;30.3572;12:19:25
35;30.1615;12:19:25
49;30.3767;12:19:25
51;30.142;12:19:25
1;30.3572;12:19:26
3;30.1615;12:19:26
17;30.3572;12:19:26
19;30.1615;12:19:26
33;30.3767;12:19:26
35;30.1615;12:19:26
49;30.3572;12:19:26
51;30.1615;12:19:26
1;30.3572;12:19:27
3;30.1615;12:19:27
17;30.3572;12:19:27
19;30.1615;12:19:27
33;30.3572;12:19:27
35;30.142;12:19:27
49;30.3376;12:19:27
51;30.1615;12:19:27
1;30.3572;12:19:28
3;30.1615;12:19:28
17;30.3376;12:19:28
19;30.142;12:19:28
33;30.3376;12:19:28
35;30.1615;12:19:28
49;30.3572;12:19:28
51;30.142;12:19:28
1;30.3376;12:19:29
3;30.142;12:19:29
17;30.3376;12:19:29
19;30.142;12:19:29
33;30.3376;12:19:29
35;30.142;12:19:29
49;30.318;12:19:29
51;30.142;12:19:29
1;30.3376;12:19:30
3;30.1224;12:19:30
17;30.3376;12:19:30
19;30.142;12:19:30
33;30.318;12:19:30
35;30.1615;12:19:30
49;30.3376;12:19:30
51;30.142;12:19:30
1;30.318;12:19:31
3;30.142;12:19:31
17;30.3376;12:19:31
19;30.142;12:19:31
33;30.318;12:19:31
35;30.142;12:19:31
49;30.318;12:19:31
51;30.1224;12:19:31
1;30.318;12:19:32
3;30.142;12:19:32
17;30.318;12:19:32
19;30.142;12:19:32
33;30.318;12:19:32
35;30.1224;12:19:32
49;30.318;12:19:32
51;30.1224;12:19:32
1;30.318;12:19:33
3;30.1224;12:19:33
17;30.318;12:19:33
19;30.1224;12:19:33
33;30.2985;12:19:33
35;30.1224;12:19:33
49;30.318;12:19:33
51;30.1224;12:19:33
1;30.2985;12:19:34
3;30.1029;12:19:34
17;30.318;12:19:34
19;30.1224;12:19:34
33;30.2985;12:19:34
35;30.1029;12:19:34
49;30.2985;12:19:34
51;30.1224;12:19:34
1;30.2985;12:19:35
3;30.1029;12:19:35
17;30.2985;12:19:35
19;30.1029;12:19:35
33;30.2985;12:19:35
35;30.1029;12:19:35
49;30.2985;12:19:35
51;30.1224;12:19:35
1;30.2985;12:19:36
3;30.1029;12:19:36
17;30.2789;12:19:36
19;30.1029;12:19:36
33;30.2985;12:19:36
35;30.1029;12:19:36
49;30.2789;12:19:36
51;30.1029;12:19:36
1;30.2985;12:19:37
3;30.1029;12:19:37
17;30.2789;12:19:37
19;30.1029;12:19:37
33;30.2594;12:19:37
35;30.1029;12:19:37
49;30.2789;12:19:37
51;30.1029;12:19:37
65;30.2789;12:19:37
67;30.1029;12:19:37
1;30.2594;12:19:38
3;30.1029;12:19:38
17;30.2789;12:19:38
19;30.1029;12:19:38
33;30.2594;12:19:38
35;30.1029;12:19:38
49;30.2789;12:19:38
51;30.1029;12:19:38
1;30.2594;12:19:39
3;30.1029;12:19:39
17;30.2594;12:19:39
19;30.1029;12:19:39
33;30.2789;12:19:39
35;30.1029;12:19:39
49;30.2594;12:19:39
51;30.1029;12:19:39
1;30.2594;12:19:40
3;30.1029;12:19:40
17;30.2594;12:19:40
19;30.1029;12:19:40
33;30.2594;12:19:40
35;30.0833;12:19:40
49;30.2594;12:19:40
51;30.1029;12:19:40
1;30.2594;12:19:41
3;30.1029;12:19:41
17;30.2594;12:19:41
19;30.0833;12:19:41
33;30.2594;12:19:41
35;30.1029;12:19:41
49;30.2594;12:19:41
51;30.1029;12:19:41
1;30.2594;12:19:42
3;30.0833;12:19:42
17;30.2594;12:19:42
19;30.0833;12:19:42
33;30.2594;12:19:42
35;30.0833;12:19:42
49;30.2398;12:19:42
51;30.1029;12:19:42
1;30.2594;12:19:43
3;30.0833;12:19:43
17;30.2594;12:19:43
19;30.0833;12:19:43
33;30.2398;12:19:43
35;30.0833;12:19:43
49;30.2594;12:19:43
51;30.0833;12:19:43
1;30.2594;12:19:44
3;30.0833;12:19:44
17;30.2594;12:19:44
19;30.0833;12:19:44
33;30.2398;12:19:44
35;30.0833;12:19:44
49;30.2594;12:19:44
51;30.0637;12:19:44
1;30.2594;12:19:45
3;30.0833;12:19:45
17;30.2398;12:19:45
19;30.0833;12:19:45
33;30.2398;12:19:45
35;30.0833;12:19:45
49;30.2398;12:19:45
51;30.0637;12:19:45
1;30.2594;12:19:46
3;30.0833;12:19:46
17;30.2202;12:19:46
19;30.0637;12:19:46
33;30.2398;12:19:46
35;30.0637;12:19:46
49;30.2398;12:19:46
51;30.0833;12:19:46
1;30.2202;12:19:47
3;30.0637;12:19:47
17;30.2398;12:19:47
19;30.0637;12:19:47
33;30.2202;12:19:47
35;30.0637;12:19:47
49;30.2202;12:19:47
51;30.0637;12:19:47
1;30.2202;12:19:49
3;30.0637;12:19:49
17;30.2202;12:19:49
19;30.0637;12:19:49
33;30.2202;12:19:49
35;30.0637;12:19:49
49;30.2202;12:19:49
51;30.0637;12:19:49
1;30.2202;12:19:50
3;30.0637;12:19:50
17;30.2202;12:19:50
19;30.0637;12:19:50
33;30.2202;12:19:50
35;30.0442;12:19:50
49;30.2202;12:19:50
51;30.0637;12:19:50
1;30.2202;12:19:51
3;30.0442;12:19:51
17;30.2202;12:19:51
19;30.0637;12:19:51
33;30.2202;12:19:51
35;30.0442;12:19:51
49;30.2202;12:19:51
51;30.0442;12:19:51
1;30.2007;12:19:52
3;30.0442;12:19:52
17;30.2007;12:19:52
19;30.0246;12:19:52
33;30.2202;12:19:52
35;30.0442;12:19:52
49;30.2007;12:19:52
51;30.0442;12:19:52
1;30.2007;12:19:53
3;30.0442;12:19:53
17;30.2007;12:19:53
19;30.0442;12:19:53
33;30.2007;12:19:53
35;30.0246;12:19:53
49;30.2007;12:19:53
51;30.0442;12:19:53
1;30.2202;12:19:54
3;30.0442;12:19:54
17;30.2007;12:19:54
19;30.0246;12:19:54
33;30.2007;12:19:54
35;30.0246;12:19:54
49;30.2007;12:19:54
51;30.0442;12:19:54
65;30.2007;12:19:54
67;30.0246;12:19:54
1;30.1811;12:19:55
3;30.0442;12:19:55
17;30.2007;12:19:55
19;30.0246;12:19:55
33;30.2007;12:19:55
35;30.0246;12:19:55
49;30.2007;12:19:55
51;30.0442;12:19:55
1;30.1811;12:19:56
3;30.0246;12:19:56
17;30.2007;12:19:56
19;30.0442;12:19:56
33;30.1811;12:19:56
35;30.0442;12:19:56
49;30.2007;12:19:56
51;30.0246;12:19:56
1;30.1811;12:19:57
3;30.0442;12:19:57
17;30.1811;12:19:57
19;30.0246;12:19:57
33;30.1811;12:19:57
35;30.0246;12:19:57
49;30.1615;12:19:57
51;30.0246;12:19:57
1;30.1811;12:19:58
3;30.0246;12:19:58
17;30.1615;12:19:58
19;30.005;12:19:58
33;30.1811;12:19:58
35;30.005;12:19:58
49;30.1615;12:19:58
51;30.005;12:19:58
1;30.1615;12:19:59
3;30.005;12:19:59
17;30.1615;12:19:59
19;30.0246;12:19:59
33;30.1615;12:19:59
35;30.005;12:19:59
49;30.1615;12:19:59
51;30.005;12:19:59
1;30.1615;12:20:00
3;30.005;12:20:00
17;30.1615;12:20:00
19;30.005;12:20:00
33;30.1615;12:20:00
35;30.005;12:20:00
49;30.1615;12:20:00
51;30.005;12:20:00
1;30.1615;12:20:01
3;30.005;12:20:01
17;30.1615;12:20:01
19;30.005;12:20:01
33;30.1615;12:20:01
35;30.005;12:20:01
49;30.1615;12:20:01
51;30.005;12:20:01
1;30.142;12:20:02
3;30.005;12:20:02
17;30.1615;12:20:02
19;30.005;12:20:02
33;30.142;12:20:02
35;30.005;12:20:02
49;30.1615;12:20:02
51;30.005;12:20:02
1;30.1615;12:20:03
3;30.005;12:20:03
17;30.142;12:20:03
19;29.9855;12:20:03
33;30.142;12:20:03
35;30.005;12:20:03
49;30.1615;12:20:03
51;30.005;12:20:03
1;30.142;12:20:04
3;29.9855;12:20:04
17;30.1615;12:20:04
19;30.005;12:20:04
33;30.1615;12:20:04
35;30.005;12:20:04
49;30.142;12:20:04
51;29.9855;12:20:04
1;30.142;12:20:05
3;29.9855;12:20:05
17;30.142;12:20:05
19;29.9855;12:20:05
33;30.1224;12:20:05
35;29.9855;12:20:05
49;30.142;12:20:05
51;29.9659;12:20:05
1;30.1224;12:20:06
3;29.9855;12:20:06
17;30.1224;12:20:06
19;29.9855;12:20:06
33;30.1224;12:20:06
35;29.9659;12:20:06
49;30.1224;12:20:06
51;29.9855;12:20:06
1;30.1224;12:20:07
3;29.9855;12:20:07
17;30.1224;12:20:07
19;29.9659;12:20:07
33;30.1029;12:20:07
35;29.9855;12:20:07
49;30.1224;12:20:07
51;29.9659;12:20:07
1;30.1224;12:20:08
3;29.9659;12:20:08
17;30.1029;12:20:08
19;29.9659;12:20:08
33;30.1029;12:20:08
35;29.9855;12:20:08
49;30.1029;12:20:08
51;29.9659;12:20:08
1;30.1029;12:20:09
3;29.9464;12:20:09
17;30.1029;12:20:09
19;29.9659;12:20:09
33;30.1029;12:20:09
35;29.9464;12:20:09
49;30.1029;12:20:09
51;29.9659;12:20:09
1;30.1029;12:20:10
3;29.9464;12:20:10
17;30.1029;12:20:10
19;29.9659;12:20:10
33;30.1029;12:20:10
35;29.9464;12:20:10
49;30.1029;12:20:10
51;29.9464;12:20:10
65;30.1029;12:20:10
67;29.9464;12:20:10
1;30.1029;12:20:11
3;29.9464;12:20:11
17;30.1029;12:20:11
19;29.9464;12:20:11
33;30.1029;12:20:11
35;29.9464;12:20:11
49;30.1029;12:20:11
51;29.9464;12:20:11
1;30.0833;12:20:12
3;29.9464;12:20:12
17;30.1029;12:20:12
19;29.9464;12:20:12
33;30.0833;12:20:12
35;29.9464;12:20:12
49;30.0833;12:20:12
51;29.9464;12:20:12
1;30.0833;12:20:13
3;29.9464;12:20:13
17;30.1029;12:20:13
19;29.9464;12:20:13
33;30.0833;12:20:13
35;29.9464;12:20:13
49;30.1029;12:20:13
51;29.9464;12:20:13
1;30.0833;12:20:14
3;29.9464;12:20:14
17;30.0833;12:20:14
19;29.9464;12:20:14
33;30.0833;12:20:14
35;29.9464;12:20:14
49;30.1029;12:20:14
51;29.9464;12:20:14
1;30.1029;12:20:15
3;29.9464;12:20:15
17;30.0833;12:20:15
19;29.9464;12:20:15
33;30.1029;12:20:15
35;29.9268;12:20:15
49;30.0833;12:20:15
51;29.9464;12:20:15
1;30.0637;12:20:16
3;29.9464;12:20:16
17;30.0833;12:20:16
19;29.9464;12:20:16
33;30.0637;12:20:16
35;29.9268;12:20:16
49;30.0833;12:20:16
51;29.9464;12:20:16
1;30.0637;12:20:17
3;29.9268;12:20:17
17;30.0637;12:20:17
19;29.9464;12:20:17
33;30.0637;12:20:17
35;29.9268;12:20:17
49;30.0637;12:20:17
51;29.9464;12:20:17
1;30.0637;12:20:18
3;29.9268;12:20:18
17;30.0637;12:20:18
19;29.9268;12:20:18
33;30.0442;12:20:18
35;29.9464;12:20:18
49;30.0637;12:20:18
51;29.9268;12:20:18
1;30.0442;12:20:19
3;29.9072;12:20:19
17;30.0637;12:20:19
19;29.9268;12:20:19
33;30.0442;12:20:19
35;29.9268;12:20:19
49;30.0442;12:20:19
51;29.9268;12:20:19
1;30.0442;12:20:20
3;29.9464;12:20:20
17;30.0442;12:20:20
19;29.9072;12:20:20
33;30.0442;12:20:20
35;29.9268;12:20:20
49;30.0442;12:20:20
51;29.9268;12:20:20
1;30.0442;12:20:21
3;29.9268;12:20:21
17;30.0442;12:20:21
19;29.9268;12:20:21
33;30.0442;12:20:21
35;29.9072;12:20:21
49;30.0442;12:20:21
51;29.9268;12:20:21
1;30.0442;12:20:22
3;29.9072;12:20:22
17;30.0442;12:20:22
19;29.9072;12:20:22
33;30.0442;12:20:22
35;29.9072;12:20:22
49;30.0442;12:20:22
51;29.8877;12:20:22
1;30.0442;12:20:23
3;29.9072;12:20:23
17;30.0442;12:20:23
19;29.9072;12:20:23
33;30.0246;12:20:23
35;29.9072;12:20:23
49;30.0442;12:20:23
51;29.8877;12:20:23
